timestamp_utc,spot_id,spot_label,status,status_since_utc,track_id,vehicle_type,confidence,dwell_seconds,bbox_x1,bbox_y1,bbox_x2,bbox_y2
2026-06-26T14:17:42.225465+00:00,spot_1,Spot 1,Occupied,2026-06-26T14:16:23.010020+00:00,1001,car,0.7196996212005615,8892,572.300537109375,321.29608154296875,616.2445068359375,371.06439208984375
2026-06-26T14:17:42.225465+00:00,spot_2,Spot 2,Empty,2026-06-26T14:11:28.431288+00:00,,,,,,,,
2026-06-26T14:17:42.225465+00:00,spot_3,Spot 3,Occupied,2026-06-26T14:13:48.434138+00:00,1046,car,0.6494205594062805,235,446.9510498046875,322.2408447265625,502.36962890625,364.3765869140625
2026-06-26T14:17:42.225465+00:00,spot_4,Spot 4,Empty,2026-06-26T00:41:42.739636+00:00,,,,,,,,
2026-06-26T14:17:42.225465+00:00,spot_5,Spot 5,Empty,2026-06-26T14:02:49.642184+00:00,,,,,,,,
2026-06-26T14:17:42.225465+00:00,spot_6,Spot 6,Occupied,2026-06-26T14:16:23.010020+00:00,1039,truck,0.569365918636322,832,277.04412841796875,324.44097900390625,349.92779541015625,364.25830078125
2026-06-26T14:17:42.225465+00:00,spot_7,Spot 7,Occupied,2026-06-26T12:58:23.374586+00:00,1017,car,0.8333439230918884,4977,247.3804931640625,329.96612548828125,294.82867431640625,358.84423828125
2026-06-26T14:17:42.225465+00:00,spot_8,Spot 8,Occupied,2026-06-26T13:48:45.543059+00:00,1034,car,0.8030887246131897,1736,206.48028564453125,324.976318359375,257.52490234375,356.1839599609375
2026-06-26T14:17:42.225465+00:00,spot_9,Spot 9,Occupied,2026-06-26T13:48:45.543059+00:00,1030,car,0.6298450827598572,2401,184.85910034179688,327.570556640625,214.81130981445312,351.5426025390625
2026-06-26T14:17:42.225465+00:00,spot_10,Spot 10,Empty,2026-06-26T13:41:21.710886+00:00,,,,,,,,
2026-06-26T14:17:42.225465+00:00,spot_11,Spot 11,Occupied,2026-06-26T13:09:15.301997+00:00,1021,truck,0.616950511932373,4107,114.14881134033203,317.8802490234375,171.28045654296875,346.9381103515625
2026-06-26T14:17:42.225465+00:00,spot_12,Spot 12,Empty,2026-06-26T14:17:42.225465+00:00,,,,,,,,
2026-06-26T14:17:42.225465+00:00,spot_13,Spot 13,Occupied,2026-06-26T14:17:42.225465+00:00,1028,truck,0.739543616771698,2401,73.54341125488281,313.63323974609375,125.78971862792969,341.82159423828125
2026-06-26T14:17:42.225465+00:00,spot_14,Spot 14,Empty,2026-06-26T00:56:58.922644+00:00,,,,,,,,
2026-06-26T14:17:42.225465+00:00,spot_15,Spot 15,Occupied,2026-06-26T14:08:48.825179+00:00,1033,car,0.6982181668281555,1736,39.695037841796875,313.61279296875,74.46771240234375,331.6236572265625
2026-06-26T14:17:42.225465+00:00,spot_16,Spot 16,Empty,2026-06-25T23:36:33.476018+00:00,,,,,,,,
2026-06-26T14:17:42.225465+00:00,spot_17,Spot 17,Empty,2026-06-25T18:08:23.061954+00:00,,,,,,,,
2026-06-26T14:19:15.941908+00:00,spot_1,Spot 1,Occupied,2026-06-26T14:16:23.010020+00:00,1001,car,0.7679955363273621,8985,572.109375,321.78485107421875,615.712646484375,371.18914794921875
2026-06-26T14:19:15.941908+00:00,spot_2,Spot 2,Empty,2026-06-26T14:11:28.431288+00:00,,,,,,,,
2026-06-26T14:19:15.941908+00:00,spot_3,Spot 3,Occupied,2026-06-26T14:13:48.434138+00:00,1046,car,0.7070496082305908,329,446.7972412109375,322.1157531738281,502.26617431640625,364.2038269042969
2026-06-26T14:19:15.941908+00:00,spot_4,Spot 4,Empty,2026-06-26T00:41:42.739636+00:00,,,,,,,,
2026-06-26T14:19:15.941908+00:00,spot_5,Spot 5,Empty,2026-06-26T14:02:49.642184+00:00,,,,,,,,
2026-06-26T14:19:15.941908+00:00,spot_6,Spot 6,Occupied,2026-06-26T14:16:23.010020+00:00,1039,truck,0.680256187915802,926,277.10870361328125,323.7250671386719,350.42242431640625,364.7566223144531
2026-06-26T14:19:15.941908+00:00,spot_7,Spot 7,Occupied,2026-06-26T12:58:23.374586+00:00,1017,car,0.7981646060943604,5071,247.08645629882812,329.57232666015625,293.5458679199219,359.11724853515625
2026-06-26T14:19:15.941908+00:00,spot_8,Spot 8,Occupied,2026-06-26T13:48:45.543059+00:00,1034,car,0.7172856330871582,1829,206.77609252929688,324.6844177246094,259.8110046386719,356.2474670410156
2026-06-26T14:19:15.941908+00:00,spot_9,Spot 9,Occupied,2026-06-26T13:48:45.543059+00:00,1030,car,0.6198704838752747,2495,184.91775512695312,327.5693359375,215.38906860351562,351.597900390625
2026-06-26T14:19:15.941908+00:00,spot_10,Spot 10,Empty,2026-06-26T13:41:21.710886+00:00,,,,,,,,
2026-06-26T14:19:15.941908+00:00,spot_11,Spot 11,Occupied,2026-06-26T13:09:15.301997+00:00,1021,truck,0.7358995676040649,4201,113.91920471191406,318.42608642578125,170.6412811279297,346.60504150390625
2026-06-26T14:19:15.941908+00:00,spot_12,Spot 12,Empty,2026-06-26T14:17:42.225465+00:00,,,,,,,,
2026-06-26T14:19:15.941908+00:00,spot_13,Spot 13,Occupied,2026-06-26T14:17:42.225465+00:00,1028,truck,0.7881935238838196,2495,73.65534973144531,313.7940673828125,125.63380432128906,341.7977294921875
2026-06-26T14:19:15.941908+00:00,spot_14,Spot 14,Empty,2026-06-26T00:56:58.922644+00:00,,,,,,,,
2026-06-26T14:19:15.941908+00:00,spot_15,Spot 15,Occupied,2026-06-26T14:08:48.825179+00:00,1033,car,0.44143760204315186,1829,40.132164001464844,313.29937744140625,76.06887817382812,331.9364013671875
2026-06-26T14:19:15.941908+00:00,spot_16,Spot 16,Empty,2026-06-25T23:36:33.476018+00:00,,,,,,,,
2026-06-26T14:19:15.941908+00:00,spot_17,Spot 17,Empty,2026-06-25T18:08:23.061954+00:00,,,,,,,,
2026-06-26T14:20:31.096704+00:00,spot_1,Spot 1,Occupied,2026-06-26T14:16:23.010020+00:00,1001,car,0.7029538154602051,9068,572.4049682617188,321.2038879394531,613.9818725585938,371.0707702636719
2026-06-26T14:20:31.096704+00:00,spot_2,Spot 2,Empty,2026-06-26T14:11:28.431288+00:00,,,,,,,,
2026-06-26T14:20:31.096704+00:00,spot_3,Spot 3,Occupied,2026-06-26T14:13:48.434138+00:00,1046,car,0.43379172682762146,412,446.7518310546875,322.2938232421875,502.8956298828125,364.1268310546875
2026-06-26T14:20:31.096704+00:00,spot_4,Spot 4,Empty,2026-06-26T00:41:42.739636+00:00,,,,,,,,
2026-06-26T14:20:31.096704+00:00,spot_5,Spot 5,Empty,2026-06-26T14:02:49.642184+00:00,,,,,,,,
2026-06-26T14:20:31.096704+00:00,spot_6,Spot 6,Occupied,2026-06-26T14:20:31.096704+00:00,1049,car,0.6095253229141235,0,276.649658203125,325.0732727050781,349.4644775390625,364.7203063964844
2026-06-26T14:20:31.096704+00:00,spot_7,Spot 7,Occupied,2026-06-26T12:58:23.374586+00:00,1017,car,0.8261197209358215,5154,247.30731201171875,329.80841064453125,294.880859375,359.16717529296875
2026-06-26T14:20:31.096704+00:00,spot_8,Spot 8,Occupied,2026-06-26T13:48:45.543059+00:00,1034,car,0.8244884014129639,1913,206.79623413085938,324.8048400878906,261.9638671875,356.6444396972656
2026-06-26T14:20:31.096704+00:00,spot_9,Spot 9,Occupied,2026-06-26T13:48:45.543059+00:00,1030,car,0.6731994152069092,2578,184.265625,326.4844970703125,215.74020385742188,351.50897216796875
2026-06-26T14:20:31.096704+00:00,spot_10,Spot 10,Empty,2026-06-26T13:41:21.710886+00:00,,,,,,,,
2026-06-26T14:20:31.096704+00:00,spot_11,Spot 11,Occupied,2026-06-26T13:09:15.301997+00:00,1021,truck,0.626852810382843,4284,113.76116943359375,318.37188720703125,171.83084106445312,346.61151123046875
2026-06-26T14:20:31.096704+00:00,spot_12,Spot 12,Empty,2026-06-26T14:17:42.225465+00:00,,,,,,,,
2026-06-26T14:20:31.096704+00:00,spot_13,Spot 13,Occupied,2026-06-26T14:17:42.225465+00:00,1028,truck,0.7728921175003052,2578,73.71028900146484,313.1367492675781,127.10089874267578,341.9241027832031
2026-06-26T14:20:31.096704+00:00,spot_14,Spot 14,Empty,2026-06-26T00:56:58.922644+00:00,,,,,,,,
2026-06-26T14:20:31.096704+00:00,spot_15,Spot 15,Occupied,2026-06-26T14:08:48.825179+00:00,1033,car,0.3896889388561249,1913,40.325157165527344,314.33538818359375,76.72412872314453,331.88604736328125
2026-06-26T14:20:31.096704+00:00,spot_16,Spot 16,Empty,2026-06-25T23:36:33.476018+00:00,,,,,,,,
2026-06-26T14:20:31.096704+00:00,spot_17,Spot 17,Empty,2026-06-25T18:08:23.061954+00:00,,,,,,,,
2026-06-26T14:21:39.636827+00:00,spot_1,Spot 1,Occupied,2026-06-26T14:16:23.010020+00:00,1001,car,0.8256714940071106,9128,572.21533203125,322.11785888671875,614.97705078125,371.28997802734375
2026-06-26T14:21:39.636827+00:00,spot_2,Spot 2,Empty,2026-06-26T14:11:28.431288+00:00,,,,,,,,
2026-06-26T14:21:39.636827+00:00,spot_3,Spot 3,Occupied,2026-06-26T14:21:39.636827+00:00,1050,truck,0.4261956512928009,59,446.7958984375,322.07269287109375,501.33203125,364.0684814453125
2026-06-26T14:21:39.636827+00:00,spot_4,Spot 4,Empty,2026-06-26T00:41:42.739636+00:00,,,,,,,,
2026-06-26T14:21:39.636827+00:00,spot_5,Spot 5,Empty,2026-06-26T14:02:49.642184+00:00,,,,,,,,
2026-06-26T14:21:39.636827+00:00,spot_6,Spot 6,Occupied,2026-06-26T14:21:39.636827+00:00,1039,truck,0.5785709619522095,1068,277.1087646484375,324.9171142578125,349.7957763671875,364.774658203125
2026-06-26T14:21:39.636827+00:00,spot_7,Spot 7,Occupied,2026-06-26T12:58:23.374586+00:00,1017,car,0.8281351327896118,5213,247.39187622070312,330.31195068359375,294.7171936035156,358.891845703125
2026-06-26T14:21:39.636827+00:00,spot_8,Spot 8,Occupied,2026-06-26T13:48:45.543059+00:00,1034,car,0.8105682134628296,1972,206.73922729492188,325.03472900390625,260.01422119140625,356.04473876953125
2026-06-26T14:21:39.636827+00:00,spot_9,Spot 9,Occupied,2026-06-26T13:48:45.543059+00:00,1030,car,0.5931400656700134,2637,184.52064514160156,326.60284423828125,217.90711975097656,351.46331787109375
2026-06-26T14:21:39.636827+00:00,spot_10,Spot 10,Empty,2026-06-26T13:41:21.710886+00:00,,,,,,,,
2026-06-26T14:21:39.636827+00:00,spot_11,Spot 11,Occupied,2026-06-26T13:09:15.301997+00:00,1021,truck,0.6872667074203491,4343,114.03607177734375,318.54803466796875,171.5457763671875,347.04498291015625
2026-06-26T14:21:39.636827+00:00,spot_12,Spot 12,Empty,2026-06-26T14:17:42.225465+00:00,,,,,,,,
2026-06-26T14:21:39.636827+00:00,spot_13,Spot 13,Occupied,2026-06-26T14:17:42.225465+00:00,1028,truck,0.7659604549407959,2637,73.65531921386719,313.677734375,127.15292358398438,341.7381591796875
2026-06-26T14:21:39.636827+00:00,spot_14,Spot 14,Empty,2026-06-26T00:56:58.922644+00:00,,,,,,,,
2026-06-26T14:21:39.636827+00:00,spot_15,Spot 15,Empty,2026-06-26T14:21:39.636827+00:00,,,,,,,,
2026-06-26T14:21:39.636827+00:00,spot_16,Spot 16,Empty,2026-06-25T23:36:33.476018+00:00,,,,,,,,
2026-06-26T14:21:39.636827+00:00,spot_17,Spot 17,Empty,2026-06-25T18:08:23.061954+00:00,,,,,,,,
2026-06-26T14:22:53.464199+00:00,spot_1,Spot 1,Occupied,2026-06-26T14:22:53.464199+00:00,1052,truck,0.4122230112552643,0,572.5511474609375,321.3572082519531,614.5731201171875,371.2428283691406
2026-06-26T14:22:53.464199+00:00,spot_2,Spot 2,Empty,2026-06-26T14:11:28.431288+00:00,,,,,,,,
2026-06-26T14:22:53.464199+00:00,spot_3,Spot 3,Occupied,2026-06-26T14:22:53.464199+00:00,1046,car,0.3556782603263855,554,447.0447998046875,321.736328125,502.1002197265625,364.4837646484375
2026-06-26T14:22:53.464199+00:00,spot_4,Spot 4,Empty,2026-06-26T00:41:42.739636+00:00,,,,,,,,
2026-06-26T14:22:53.464199+00:00,spot_5,Spot 5,Empty,2026-06-26T14:02:49.642184+00:00,,,,,,,,
2026-06-26T14:22:53.464199+00:00,spot_6,Spot 6,Occupied,2026-06-26T14:22:53.464199+00:00,1049,car,0.47206833958625793,142,276.8285217285156,324.8449401855469,350.1565246582031,364.6612854003906
2026-06-26T14:22:53.464199+00:00,spot_7,Spot 7,Occupied,2026-06-26T12:58:23.374586+00:00,1017,car,0.8538218140602112,5296,247.2469482421875,329.3982849121094,295.14862060546875,358.9861145019531
2026-06-26T14:22:53.464199+00:00,spot_8,Spot 8,Occupied,2026-06-26T13:48:45.543059+00:00,1034,car,0.8538473844528198,2055,206.72369384765625,324.8818664550781,256.8218688964844,355.9136657714844
2026-06-26T14:22:53.464199+00:00,spot_9,Spot 9,Occupied,2026-06-26T13:48:45.543059+00:00,1030,car,0.7347233295440674,2721,184.56036376953125,325.9189453125,218.90185546875,351.3582763671875
2026-06-26T14:22:53.464199+00:00,spot_10,Spot 10,Empty,2026-06-26T13:41:21.710886+00:00,,,,,,,,
2026-06-26T14:22:53.464199+00:00,spot_11,Spot 11,Occupied,2026-06-26T14:22:53.464199+00:00,1051,car,0.4205756187438965,0,113.83199310302734,318.1488037109375,170.80923461914062,346.9833984375
2026-06-26T14:22:53.464199+00:00,spot_12,Spot 12,Occupied,2026-06-26T14:22:53.464199+00:00,1028,truck,0.780941903591156,2721,73.53082275390625,313.36151123046875,126.24897766113281,341.65771484375
2026-06-26T14:22:53.464199+00:00,spot_13,Spot 13,Empty,2026-06-26T14:22:53.464199+00:00,,,,,,,,
2026-06-26T14:22:53.464199+00:00,spot_14,Spot 14,Empty,2026-06-26T00:56:58.922644+00:00,,,,,,,,
2026-06-26T14:22:53.464199+00:00,spot_15,Spot 15,Empty,2026-06-26T14:21:39.636827+00:00,,,,,,,,
2026-06-26T14:22:53.464199+00:00,spot_16,Spot 16,Empty,2026-06-25T23:36:33.476018+00:00,,,,,,,,
2026-06-26T14:22:53.464199+00:00,spot_17,Spot 17,Empty,2026-06-25T18:08:23.061954+00:00,,,,,,,,
2026-06-26T14:23:56.404725+00:00,spot_1,Spot 1,Occupied,2026-06-26T14:23:56.404725+00:00,1001,car,0.7160821557044983,9265,572.2593383789062,321.154541015625,614.7312622070312,371.318603515625
2026-06-26T14:23:56.404725+00:00,spot_2,Spot 2,Empty,2026-06-26T14:11:28.431288+00:00,,,,,,,,
2026-06-26T14:23:56.404725+00:00,spot_3,Spot 3,Occupied,2026-06-26T14:22:53.464199+00:00,1046,car,0.65400230884552,608,447.0906982421875,322.52691650390625,502.2545166015625,364.1031494140625
2026-06-26T14:23:56.404725+00:00,spot_4,Spot 4,Empty,2026-06-26T00:41:42.739636+00:00,,,,,,,,
2026-06-26T14:23:56.404725+00:00,spot_5,Spot 5,Empty,2026-06-26T14:02:49.642184+00:00,,,,,,,,
2026-06-26T14:23:56.404725+00:00,spot_6,Spot 6,Occupied,2026-06-26T14:23:56.404725+00:00,1039,truck,0.44712764024734497,1205,276.8360595703125,324.56890869140625,349.26519775390625,364.46270751953125
2026-06-26T14:23:56.404725+00:00,spot_7,Spot 7,Occupied,2026-06-26T12:58:23.374586+00:00,1017,car,0.8451003432273865,5350,247.31561279296875,329.59051513671875,295.0318603515625,358.93450927734375
2026-06-26T14:23:56.404725+00:00,spot_8,Spot 8,Occupied,2026-06-26T13:48:45.543059+00:00,1034,car,0.8011212348937988,2109,206.93280029296875,324.85650634765625,257.72271728515625,356.37603759765625
2026-06-26T14:23:56.404725+00:00,spot_9,Spot 9,Occupied,2026-06-26T13:48:45.543059+00:00,1030,car,0.6501961946487427,2774,184.61965942382812,326.4858093261719,219.11325073242188,351.4947204589844
2026-06-26T14:23:56.404725+00:00,spot_10,Spot 10,Empty,2026-06-26T13:41:21.710886+00:00,,,,,,,,
2026-06-26T14:23:56.404725+00:00,spot_11,Spot 11,Occupied,2026-06-26T14:23:56.404725+00:00,1021,truck,0.6549188494682312,4480,113.93278503417969,318.54498291015625,172.5631561279297,346.61822509765625
2026-06-26T14:23:56.404725+00:00,spot_12,Spot 12,Occupied,2026-06-26T14:22:53.464199+00:00,1028,truck,0.783823549747467,2774,73.65009307861328,313.6002197265625,126.90508270263672,341.42724609375
2026-06-26T14:23:56.404725+00:00,spot_13,Spot 13,Empty,2026-06-26T14:22:53.464199+00:00,,,,,,,,
2026-06-26T14:23:56.404725+00:00,spot_14,Spot 14,Empty,2026-06-26T00:56:58.922644+00:00,,,,,,,,
2026-06-26T14:23:56.404725+00:00,spot_15,Spot 15,Occupied,2026-06-26T14:23:56.404725+00:00,1053,car,0.38097259402275085,0,40.616676330566406,313.91607666015625,78.3514633178711,331.76739501953125
2026-06-26T14:23:56.404725+00:00,spot_16,Spot 16,Empty,2026-06-25T23:36:33.476018+00:00,,,,,,,,
2026-06-26T14:23:56.404725+00:00,spot_17,Spot 17,Empty,2026-06-25T18:08:23.061954+00:00,,,,,,,,
2026-06-26T14:25:18.773540+00:00,spot_1,Spot 1,Occupied,2026-06-26T14:23:56.404725+00:00,1001,car,0.6172386407852173,9348,572.3385009765625,321.7025146484375,614.0933837890625,371.2305908203125
2026-06-26T14:25:18.773540+00:00,spot_2,Spot 2,Empty,2026-06-26T14:11:28.431288+00:00,,,,,,,,
2026-06-26T14:25:18.773540+00:00,spot_3,Spot 3,Occupied,2026-06-26T14:25:18.773540+00:00,1050,truck,0.6113810539245605,279,446.8126220703125,321.54913330078125,502.6912841796875,363.97442626953125
2026-06-26T14:25:18.773540+00:00,spot_4,Spot 4,Empty,2026-06-26T00:41:42.739636+00:00,,,,,,,,
2026-06-26T14:25:18.773540+00:00,spot_5,Spot 5,Empty,2026-06-26T14:02:49.642184+00:00,,,,,,,,
2026-06-26T14:25:18.773540+00:00,spot_6,Spot 6,Occupied,2026-06-26T14:25:18.773540+00:00,1049,car,0.48901161551475525,279,276.48712158203125,324.85845947265625,349.96844482421875,364.79388427734375
2026-06-26T14:25:18.773540+00:00,spot_7,Spot 7,Occupied,2026-06-26T12:58:23.374586+00:00,1017,car,0.8347934484481812,5433,247.30718994140625,329.2919921875,295.5474853515625,359.188720703125
2026-06-26T14:25:18.773540+00:00,spot_8,Spot 8,Occupied,2026-06-26T13:48:45.543059+00:00,1034,car,0.7994436621665955,2192,206.99130249023438,324.791259765625,261.5772399902344,356.2117919921875
2026-06-26T14:25:18.773540+00:00,spot_9,Spot 9,Occupied,2026-06-26T13:48:45.543059+00:00,1030,car,0.726187527179718,2858,184.49649047851562,325.61712646484375,219.1392822265625,351.52069091796875
2026-06-26T14:25:18.773540+00:00,spot_10,Spot 10,Empty,2026-06-26T13:41:21.710886+00:00,,,,,,,,
2026-06-26T14:25:18.773540+00:00,spot_11,Spot 11,Occupied,2026-06-26T14:23:56.404725+00:00,1021,truck,0.6360213756561279,4564,113.6160888671875,318.35772705078125,171.15469360351562,346.82537841796875
2026-06-26T14:25:18.773540+00:00,spot_12,Spot 12,Occupied,2026-06-26T14:22:53.464199+00:00,1028,truck,0.7758269309997559,2858,73.59532165527344,313.3088073730469,127.14060974121094,341.5420227050781
2026-06-26T14:25:18.773540+00:00,spot_13,Spot 13,Empty,2026-06-26T14:22:53.464199+00:00,,,,,,,,
2026-06-26T14:25:18.773540+00:00,spot_14,Spot 14,Empty,2026-06-26T00:56:58.922644+00:00,,,,,,,,
2026-06-26T14:25:18.773540+00:00,spot_15,Spot 15,Empty,2026-06-26T14:25:18.773540+00:00,,,,,,,,
2026-06-26T14:25:18.773540+00:00,spot_16,Spot 16,Empty,2026-06-25T23:36:33.476018+00:00,,,,,,,,
2026-06-26T14:25:18.773540+00:00,spot_17,Spot 17,Empty,2026-06-25T18:08:23.061954+00:00,,,,,,,,
2026-06-26T14:26:48.941156+00:00,spot_1,Spot 1,Occupied,2026-06-26T14:23:56.404725+00:00,1001,car,0.3906134068965912,9440,572.01611328125,322.2236328125,616.928955078125,370.9476318359375
2026-06-26T14:26:48.941156+00:00,spot_2,Spot 2,Empty,2026-06-26T14:11:28.431288+00:00,,,,,,,,
2026-06-26T14:26:48.941156+00:00,spot_3,Spot 3,Occupied,2026-06-26T14:26:48.941156+00:00,1046,car,0.7568482756614685,784,446.94134521484375,321.763916015625,501.92510986328125,364.3670654296875
2026-06-26T14:26:48.941156+00:00,spot_4,Spot 4,Empty,2026-06-26T00:41:42.739636+00:00,,,,,,,,
2026-06-26T14:26:48.941156+00:00,spot_5,Spot 5,Empty,2026-06-26T14:02:49.642184+00:00,,,,,,,,
2026-06-26T14:26:48.941156+00:00,spot_6,Spot 6,Occupied,2026-06-26T14:25:18.773540+00:00,1049,car,0.39194127917289734,371,276.6630859375,324.2761535644531,349.737060546875,364.7146911621094
2026-06-26T14:26:48.941156+00:00,spot_7,Spot 7,Occupied,2026-06-26T12:58:23.374586+00:00,1017,car,0.8174136877059937,5525,247.32623291015625,330.4349670410156,294.9698486328125,359.1244201660156
2026-06-26T14:26:48.941156+00:00,spot_8,Spot 8,Occupied,2026-06-26T13:48:45.543059+00:00,1034,car,0.7813401222229004,2284,206.5574951171875,324.52471923828125,257.56707763671875,356.10284423828125
2026-06-26T14:26:48.941156+00:00,spot_9,Spot 9,Occupied,2026-06-26T13:48:45.543059+00:00,1030,car,0.6759099960327148,2950,184.2823486328125,324.798095703125,219.03451538085938,351.54571533203125
2026-06-26T14:26:48.941156+00:00,spot_10,Spot 10,Empty,2026-06-26T13:41:21.710886+00:00,,,,,,,,
2026-06-26T14:26:48.941156+00:00,spot_11,Spot 11,Occupied,2026-06-26T14:23:56.404725+00:00,1021,truck,0.4625939428806305,4656,113.82025909423828,318.17864990234375,170.78173828125,346.91131591796875
2026-06-26T14:26:48.941156+00:00,spot_12,Spot 12,Empty,2026-06-26T14:26:48.941156+00:00,,,,,,,,
2026-06-26T14:26:48.941156+00:00,spot_13,Spot 13,Occupied,2026-06-26T14:26:48.941156+00:00,1028,truck,0.7216048836708069,2950,73.69621276855469,313.62384033203125,127.20973205566406,341.72705078125
2026-06-26T14:26:48.941156+00:00,spot_14,Spot 14,Empty,2026-06-26T00:56:58.922644+00:00,,,,,,,,
2026-06-26T14:26:48.941156+00:00,spot_15,Spot 15,Empty,2026-06-26T14:25:18.773540+00:00,,,,,,,,
2026-06-26T14:26:48.941156+00:00,spot_16,Spot 16,Empty,2026-06-25T23:36:33.476018+00:00,,,,,,,,
2026-06-26T14:26:48.941156+00:00,spot_17,Spot 17,Empty,2026-06-25T18:08:23.061954+00:00,,,,,,,,
2026-06-26T14:27:45.986146+00:00,spot_1,Spot 1,Occupied,2026-06-26T14:27:45.986146+00:00,1055,truck,0.6437528133392334,53,571.798583984375,321.919677734375,613.7813720703125,371.39093017578125
2026-06-26T14:27:45.986146+00:00,spot_2,Spot 2,Empty,2026-06-26T14:11:28.431288+00:00,,,,,,,,
2026-06-26T14:27:45.986146+00:00,spot_3,Spot 3,Occupied,2026-06-26T14:26:48.941156+00:00,1046,car,0.6807787418365479,837,446.8877258300781,322.1322021484375,502.3896179199219,364.366943359375
2026-06-26T14:27:45.986146+00:00,spot_4,Spot 4,Empty,2026-06-26T00:41:42.739636+00:00,,,,,,,,
2026-06-26T14:27:45.986146+00:00,spot_5,Spot 5,Empty,2026-06-26T14:02:49.642184+00:00,,,,,,,,
2026-06-26T14:27:45.986146+00:00,spot_6,Spot 6,Occupied,2026-06-26T14:27:45.986146+00:00,1039,truck,0.6600037217140198,1434,276.7887268066406,324.59326171875,350.4221496582031,364.66424560546875
2026-06-26T14:27:45.986146+00:00,spot_7,Spot 7,Occupied,2026-06-26T12:58:23.374586+00:00,1017,car,0.8503130078315735,5579,247.21070861816406,329.43829345703125,295.5540771484375,359.30438232421875
2026-06-26T14:27:45.986146+00:00,spot_8,Spot 8,Occupied,2026-06-26T13:48:45.543059+00:00,1034,car,0.771656334400177,2337,206.61245727539062,324.5389404296875,257.7898254394531,355.728271484375
2026-06-26T14:27:45.986146+00:00,spot_9,Spot 9,Occupied,2026-06-26T13:48:45.543059+00:00,1030,car,0.7096350193023682,3003,184.48973083496094,324.5704040527344,219.9939422607422,351.3715515136719
2026-06-26T14:27:45.986146+00:00,spot_10,Spot 10,Empty,2026-06-26T13:41:21.710886+00:00,,,,,,,,
2026-06-26T14:27:45.986146+00:00,spot_11,Spot 11,Occupied,2026-06-26T14:23:56.404725+00:00,1021,truck,0.6383697986602783,4709,113.87019348144531,317.944580078125,171.3698272705078,346.93841552734375
2026-06-26T14:27:45.986146+00:00,spot_12,Spot 12,Occupied,2026-06-26T14:27:45.986146+00:00,1028,truck,0.7239406108856201,3003,73.52420043945312,313.5660400390625,126.50326538085938,341.5447998046875
2026-06-26T14:27:45.986146+00:00,spot_13,Spot 13,Empty,2026-06-26T14:27:45.986146+00:00,,,,,,,,
2026-06-26T14:27:45.986146+00:00,spot_14,Spot 14,Empty,2026-06-26T00:56:58.922644+00:00,,,,,,,,
2026-06-26T14:27:45.986146+00:00,spot_15,Spot 15,Occupied,2026-06-26T14:27:45.986146+00:00,1056,car,0.46741795539855957,0,39.263458251953125,313.1263427734375,78.54943084716797,331.72021484375
2026-06-26T14:27:45.986146+00:00,spot_16,Spot 16,Empty,2026-06-25T23:36:33.476018+00:00,,,,,,,,
2026-06-26T14:27:45.986146+00:00,spot_17,Spot 17,Empty,2026-06-25T18:08:23.061954+00:00,,,,,,,,
2026-06-26T14:29:07.349125+00:00,spot_1,Spot 1,Occupied,2026-06-26T14:29:07.349125+00:00,1001,car,0.7941061854362488,9576,572.13330078125,321.591552734375,615.42822265625,370.9615478515625
2026-06-26T14:29:07.349125+00:00,spot_2,Spot 2,Empty,2026-06-26T14:11:28.431288+00:00,,,,,,,,
2026-06-26T14:29:07.349125+00:00,spot_3,Spot 3,Occupied,2026-06-26T14:26:48.941156+00:00,1046,car,0.7096066474914551,920,447.0946350097656,322.0506286621094,502.3409729003906,364.3349304199219
2026-06-26T14:29:07.349125+00:00,spot_4,Spot 4,Occupied,2026-06-26T14:29:07.349125+00:00,1057,car,0.8047810792922974,0,388.37811279296875,326.41986083984375,448.7984619140625,362.48016357421875
2026-06-26T14:29:07.349125+00:00,spot_5,Spot 5,Empty,2026-06-26T14:02:49.642184+00:00,,,,,,,,
2026-06-26T14:29:07.349125+00:00,spot_6,Spot 6,Occupied,2026-06-26T14:27:45.986146+00:00,1039,truck,0.7162405252456665,1517,276.12396240234375,324.7684326171875,350.172607421875,364.8099365234375
2026-06-26T14:29:07.349125+00:00,spot_7,Spot 7,Occupied,2026-06-26T12:58:23.374586+00:00,1017,car,0.8528519868850708,5662,247.10519409179688,330.05218505859375,295.2827453613281,359.09649658203125
2026-06-26T14:29:07.349125+00:00,spot_8,Spot 8,Occupied,2026-06-26T13:48:45.543059+00:00,1034,car,0.8186438679695129,2421,206.6241455078125,324.474609375,257.2109375,355.96826171875
2026-06-26T14:29:07.349125+00:00,spot_9,Spot 9,Occupied,2026-06-26T13:48:45.543059+00:00,1030,car,0.6034739017486572,3086,184.63177490234375,326.9960021972656,217.34521484375,351.5190734863281
2026-06-26T14:29:07.349125+00:00,spot_10,Spot 10,Empty,2026-06-26T13:41:21.710886+00:00,,,,,,,,
2026-06-26T14:29:07.349125+00:00,spot_11,Spot 11,Occupied,2026-06-26T14:23:56.404725+00:00,1021,truck,0.6950832605361938,4792,113.72306823730469,317.92193603515625,170.9152069091797,346.74066162109375
2026-06-26T14:29:07.349125+00:00,spot_12,Spot 12,Occupied,2026-06-26T14:27:45.986146+00:00,1028,truck,0.7727842926979065,3086,73.6098861694336,313.62225341796875,126.7703628540039,341.4783935546875
2026-06-26T14:29:07.349125+00:00,spot_13,Spot 13,Empty,2026-06-26T14:27:45.986146+00:00,,,,,,,,
2026-06-26T14:29:07.349125+00:00,spot_14,Spot 14,Empty,2026-06-26T00:56:58.922644+00:00,,,,,,,,
2026-06-26T14:29:07.349125+00:00,spot_15,Spot 15,Empty,2026-06-26T14:29:07.349125+00:00,,,,,,,,
2026-06-26T14:29:07.349125+00:00,spot_16,Spot 16,Empty,2026-06-25T23:36:33.476018+00:00,,,,,,,,
2026-06-26T14:29:07.349125+00:00,spot_17,Spot 17,Empty,2026-06-25T18:08:23.061954+00:00,,,,,,,,
2026-06-26T14:30:00.220762+00:00,spot_1,Spot 1,Occupied,2026-06-26T14:29:07.349125+00:00,1001,car,0.5733912587165833,9634,571.6976318359375,321.798095703125,616.0767822265625,371.3040771484375
2026-06-26T14:30:00.220762+00:00,spot_2,Spot 2,Empty,2026-06-26T14:11:28.431288+00:00,,,,,,,,
2026-06-26T14:30:00.220762+00:00,spot_3,Spot 3,Occupied,2026-06-26T14:26:48.941156+00:00,1046,car,0.7015236020088196,977,446.8898620605469,321.821044921875,502.4641418457031,363.7127685546875
2026-06-26T14:30:00.220762+00:00,spot_4,Spot 4,Occupied,2026-06-26T14:29:07.349125+00:00,1057,car,0.7269803881645203,57,390.8021240234375,326.5002746582031,449.1317138671875,362.4657287597656
2026-06-26T14:30:00.220762+00:00,spot_5,Spot 5,Empty,2026-06-26T14:02:49.642184+00:00,,,,,,,,
2026-06-26T14:30:00.220762+00:00,spot_6,Spot 6,Occupied,2026-06-26T14:27:45.986146+00:00,1039,truck,0.5773950815200806,1574,276.77386474609375,324.6291198730469,349.96978759765625,364.3615417480469
2026-06-26T14:30:00.220762+00:00,spot_7,Spot 7,Occupied,2026-06-26T12:58:23.374586+00:00,1017,car,0.8303465247154236,5719,247.30078125,330.04833984375,294.9334716796875,358.9315185546875
2026-06-26T14:30:00.220762+00:00,spot_8,Spot 8,Occupied,2026-06-26T13:48:45.543059+00:00,1034,car,0.8473408222198486,2478,206.76828002929688,324.58441162109375,263.92974853515625,355.90289306640625
2026-06-26T14:30:00.220762+00:00,spot_9,Spot 9,Occupied,2026-06-26T13:48:45.543059+00:00,1030,car,0.6647979617118835,3143,184.75648498535156,326.54638671875,213.8400421142578,351.25750732421875
2026-06-26T14:30:00.220762+00:00,spot_10,Spot 10,Empty,2026-06-26T13:41:21.710886+00:00,,,,,,,,
2026-06-26T14:30:00.220762+00:00,spot_11,Spot 11,Occupied,2026-06-26T14:23:56.404725+00:00,1021,truck,0.6940975785255432,4849,113.72291564941406,318.2586669921875,170.6751251220703,346.540771484375
2026-06-26T14:30:00.220762+00:00,spot_12,Spot 12,Occupied,2026-06-26T14:27:45.986146+00:00,1028,truck,0.8072375655174255,3143,75.02796936035156,313.51776123046875,127.20512390136719,341.5428466796875
2026-06-26T14:30:00.220762+00:00,spot_13,Spot 13,Empty,2026-06-26T14:27:45.986146+00:00,,,,,,,,
2026-06-26T14:30:00.220762+00:00,spot_14,Spot 14,Occupied,2026-06-26T14:30:00.220762+00:00,1056,car,0.5833208560943604,140,53.036216735839844,314.6826477050781,90.4142074584961,335.0303649902344
2026-06-26T14:30:00.220762+00:00,spot_15,Spot 15,Empty,2026-06-26T14:29:07.349125+00:00,,,,,,,,
2026-06-26T14:30:00.220762+00:00,spot_16,Spot 16,Empty,2026-06-25T23:36:33.476018+00:00,,,,,,,,
2026-06-26T14:30:00.220762+00:00,spot_17,Spot 17,Empty,2026-06-25T18:08:23.061954+00:00,,,,,,,,
2026-06-26T14:31:24.224092+00:00,spot_1,Spot 1,Occupied,2026-06-26T14:29:07.349125+00:00,1001,car,0.7519860863685608,9714,572.1984252929688,321.93255615234375,615.8787231445312,371.42694091796875
2026-06-26T14:31:24.224092+00:00,spot_2,Spot 2,Empty,2026-06-26T14:11:28.431288+00:00,,,,,,,,
2026-06-26T14:31:24.224092+00:00,spot_3,Spot 3,Occupied,2026-06-26T14:26:48.941156+00:00,1046,car,0.654024064540863,1058,446.94927978515625,322.3511962890625,502.61810302734375,364.5260009765625
2026-06-26T14:31:24.224092+00:00,spot_4,Spot 4,Occupied,2026-06-26T14:29:07.349125+00:00,1057,car,0.8490283489227295,137,391.6457214355469,326.5240478515625,449.2044982910156,362.80511474609375
2026-06-26T14:31:24.224092+00:00,spot_5,Spot 5,Empty,2026-06-26T14:02:49.642184+00:00,,,,,,,,
2026-06-26T14:31:24.224092+00:00,spot_6,Spot 6,Occupied,2026-06-26T14:27:45.986146+00:00,1039,truck,0.6146027445793152,1655,277.0107727050781,324.5490417480469,349.7590637207031,364.5055847167969
2026-06-26T14:31:24.224092+00:00,spot_7,Spot 7,Occupied,2026-06-26T12:58:23.374586+00:00,1017,car,0.8161262273788452,5800,247.14027404785156,330.08795166015625,295.31396484375,359.37249755859375
2026-06-26T14:31:24.224092+00:00,spot_8,Spot 8,Occupied,2026-06-26T13:48:45.543059+00:00,1034,car,0.7438976764678955,2558,206.87347412109375,324.65869140625,257.69793701171875,356.177001953125
2026-06-26T14:31:24.224092+00:00,spot_9,Spot 9,Occupied,2026-06-26T13:48:45.543059+00:00,1030,car,0.7909757494926453,3224,184.6002197265625,324.9478759765625,219.5986328125,351.4595947265625
2026-06-26T14:31:24.224092+00:00,spot_10,Spot 10,Empty,2026-06-26T13:41:21.710886+00:00,,,,,,,,
2026-06-26T14:31:24.224092+00:00,spot_11,Spot 11,Occupied,2026-06-26T14:23:56.404725+00:00,1021,truck,0.7085364460945129,4930,113.853515625,318.2669982910156,170.60061645507812,346.8664855957031
2026-06-26T14:31:24.224092+00:00,spot_12,Spot 12,Empty,2026-06-26T14:31:24.224092+00:00,,,,,,,,
2026-06-26T14:31:24.224092+00:00,spot_13,Spot 13,Occupied,2026-06-26T14:31:24.224092+00:00,1028,truck,0.7797360420227051,3224,76.02947998046875,313.8130798339844,126.81063842773438,341.6939392089844
2026-06-26T14:31:24.224092+00:00,spot_14,Spot 14,Occupied,2026-06-26T14:31:24.224092+00:00,1058,truck,0.4323030412197113,0,53.1202392578125,314.60333251953125,94.26145935058594,335.11517333984375
2026-06-26T14:31:24.224092+00:00,spot_15,Spot 15,Empty,2026-06-26T14:29:07.349125+00:00,,,,,,,,
2026-06-26T14:31:24.224092+00:00,spot_16,Spot 16,Empty,2026-06-25T23:36:33.476018+00:00,,,,,,,,
2026-06-26T14:31:24.224092+00:00,spot_17,Spot 17,Empty,2026-06-25T18:08:23.061954+00:00,,,,,,,,
2026-06-26T14:32:52.939687+00:00,spot_1,Spot 1,Occupied,2026-06-26T14:29:07.349125+00:00,1001,car,0.8351765871047974,9811,572.14794921875,321.34698486328125,615.96533203125,371.31097412109375
2026-06-26T14:32:52.939687+00:00,spot_2,Spot 2,Empty,2026-06-26T14:11:28.431288+00:00,,,,,,,,
2026-06-26T14:32:52.939687+00:00,spot_3,Spot 3,Occupied,2026-06-26T14:26:48.941156+00:00,1046,car,0.5782177448272705,1154,447.017333984375,322.3809814453125,501.33868408203125,364.15576171875
2026-06-26T14:32:52.939687+00:00,spot_4,Spot 4,Occupied,2026-06-26T14:29:07.349125+00:00,1057,car,0.9032661318778992,234,391.6600646972656,326.486572265625,448.8810119628906,361.9117431640625
2026-06-26T14:32:52.939687+00:00,spot_5,Spot 5,Empty,2026-06-26T14:02:49.642184+00:00,,,,,,,,
2026-06-26T14:32:52.939687+00:00,spot_6,Spot 6,Occupied,2026-06-26T14:32:52.939687+00:00,1059,car,0.6569575071334839,0,274.5984802246094,324.32440185546875,349.5337829589844,364.77313232421875
2026-06-26T14:32:52.939687+00:00,spot_7,Spot 7,Occupied,2026-06-26T12:58:23.374586+00:00,1017,car,0.8499273061752319,5896,247.2860870361328,329.9480895996094,294.73944091796875,359.1763000488281
2026-06-26T14:32:52.939687+00:00,spot_8,Spot 8,Occupied,2026-06-26T13:48:45.543059+00:00,1034,car,0.7600712776184082,2655,206.79339599609375,324.8678894042969,260.79644775390625,356.2196350097656
2026-06-26T14:32:52.939687+00:00,spot_9,Spot 9,Occupied,2026-06-26T13:48:45.543059+00:00,1030,car,0.741749107837677,3321,184.66110229492188,324.7955627441406,221.46255493164062,351.2626647949219
2026-06-26T14:32:52.939687+00:00,spot_10,Spot 10,Empty,2026-06-26T13:41:21.710886+00:00,,,,,,,,
2026-06-26T14:32:52.939687+00:00,spot_11,Spot 11,Occupied,2026-06-26T14:23:56.404725+00:00,1021,truck,0.6568006277084351,5027,113.93437194824219,318.1391296386719,171.29029846191406,347.0768127441406
2026-06-26T14:32:52.939687+00:00,spot_12,Spot 12,Empty,2026-06-26T14:31:24.224092+00:00,,,,,,,,
2026-06-26T14:32:52.939687+00:00,spot_13,Spot 13,Occupied,2026-06-26T14:31:24.224092+00:00,1028,truck,0.74249267578125,3321,75.71595764160156,313.8560791015625,127.42884826660156,343.281494140625
2026-06-26T14:32:52.939687+00:00,spot_14,Spot 14,Occupied,2026-06-26T14:32:52.939687+00:00,1056,car,0.5033616423606873,317,54.695579528808594,314.83203125,90.5579605102539,334.976806640625
2026-06-26T14:32:52.939687+00:00,spot_15,Spot 15,Empty,2026-06-26T14:29:07.349125+00:00,,,,,,,,
2026-06-26T14:32:52.939687+00:00,spot_16,Spot 16,Empty,2026-06-25T23:36:33.476018+00:00,,,,,,,,
2026-06-26T14:32:52.939687+00:00,spot_17,Spot 17,Empty,2026-06-25T18:08:23.061954+00:00,,,,,,,,
2026-06-26T14:34:00.756381+00:00,spot_1,Spot 1,Occupied,2026-06-26T14:29:07.349125+00:00,1001,car,0.7257087826728821,9877,572.4219970703125,321.39501953125,615.71337890625,371.144775390625
2026-06-26T14:34:00.756381+00:00,spot_2,Spot 2,Empty,2026-06-26T14:11:28.431288+00:00,,,,,,,,
2026-06-26T14:34:00.756381+00:00,spot_3,Spot 3,Occupied,2026-06-26T14:34:00.756381+00:00,1060,truck,0.4718334972858429,0,447.05914306640625,322.0221252441406,501.25042724609375,363.8319396972656
2026-06-26T14:34:00.756381+00:00,spot_4,Spot 4,Occupied,2026-06-26T14:29:07.349125+00:00,1057,car,0.9098740816116333,300,391.76910400390625,326.3968200683594,448.90447998046875,362.2522277832031
2026-06-26T14:34:00.756381+00:00,spot_5,Spot 5,Empty,2026-06-26T14:02:49.642184+00:00,,,,,,,,
2026-06-26T14:34:00.756381+00:00,spot_6,Spot 6,Occupied,2026-06-26T14:32:52.939687+00:00,1059,car,0.5969483852386475,65,276.8556213378906,324.090576171875,349.9128723144531,364.482421875
2026-06-26T14:34:00.756381+00:00,spot_7,Spot 7,Occupied,2026-06-26T12:58:23.374586+00:00,1017,car,0.8568128943443298,5962,247.33865356445312,329.4153137207031,295.1809387207031,359.0485534667969
2026-06-26T14:34:00.756381+00:00,spot_8,Spot 8,Occupied,2026-06-26T13:48:45.543059+00:00,1034,car,0.8304967284202576,2721,206.73388671875,324.37640380859375,257.16925048828125,356.16143798828125
2026-06-26T14:34:00.756381+00:00,spot_9,Spot 9,Occupied,2026-06-26T13:48:45.543059+00:00,1030,car,0.6534327864646912,3386,184.8788299560547,327.1241760253906,214.77488708496094,351.1183166503906
2026-06-26T14:34:00.756381+00:00,spot_10,Spot 10,Empty,2026-06-26T13:41:21.710886+00:00,,,,,,,,
2026-06-26T14:34:00.756381+00:00,spot_11,Spot 11,Occupied,2026-06-26T14:23:56.404725+00:00,1021,truck,0.6654772162437439,5092,113.50884246826172,318.1854553222656,170.648193359375,346.7176818847656
2026-06-26T14:34:00.756381+00:00,spot_12,Spot 12,Occupied,2026-06-26T14:34:00.756381+00:00,1028,truck,0.7315529584884644,3386,75.68447875976562,313.6351623535156,126.95034790039062,341.4795837402344
2026-06-26T14:34:00.756381+00:00,spot_13,Spot 13,Empty,2026-06-26T14:34:00.756381+00:00,,,,,,,,
2026-06-26T14:34:00.756381+00:00,spot_14,Spot 14,Occupied,2026-06-26T14:32:52.939687+00:00,1056,car,0.5981854200363159,383,53.58552551269531,314.7055969238281,90.74169921875,334.9133605957031
2026-06-26T14:34:00.756381+00:00,spot_15,Spot 15,Empty,2026-06-26T14:29:07.349125+00:00,,,,,,,,
2026-06-26T14:34:00.756381+00:00,spot_16,Spot 16,Empty,2026-06-25T23:36:33.476018+00:00,,,,,,,,
2026-06-26T14:34:00.756381+00:00,spot_17,Spot 17,Empty,2026-06-25T18:08:23.061954+00:00,,,,,,,,
2026-06-26T14:35:21.699703+00:00,spot_1,Spot 1,Occupied,2026-06-26T14:35:21.699703+00:00,1062,truck,0.4402516186237335,0,572.043212890625,321.44873046875,614.854736328125,371.1448974609375
2026-06-26T14:35:21.699703+00:00,spot_2,Spot 2,Empty,2026-06-26T14:11:28.431288+00:00,,,,,,,,
2026-06-26T14:35:21.699703+00:00,spot_3,Spot 3,Occupied,2026-06-26T14:35:21.699703+00:00,1046,car,0.7931336164474487,1294,447.1573791503906,320.838134765625,502.3752746582031,363.7708740234375
2026-06-26T14:35:21.699703+00:00,spot_4,Spot 4,Occupied,2026-06-26T14:29:07.349125+00:00,1057,car,0.9084556698799133,373,391.746826171875,326.36163330078125,448.972900390625,362.0677490234375
2026-06-26T14:35:21.699703+00:00,spot_5,Spot 5,Empty,2026-06-26T14:02:49.642184+00:00,,,,,,,,
2026-06-26T14:35:21.699703+00:00,spot_6,Spot 6,Occupied,2026-06-26T14:32:52.939687+00:00,1059,car,0.5203182697296143,139,276.4688720703125,324.0023498535156,350.5496826171875,364.2582702636719
2026-06-26T14:35:21.699703+00:00,spot_7,Spot 7,Occupied,2026-06-26T12:58:23.374586+00:00,1017,car,0.8651442527770996,6036,247.503662109375,330.7602844238281,295.6617431640625,358.6795349121094
2026-06-26T14:35:21.699703+00:00,spot_8,Spot 8,Occupied,2026-06-26T13:48:45.543059+00:00,1034,car,0.8191928267478943,2795,206.7147216796875,324.45574951171875,262.06536865234375,356.29461669921875
2026-06-26T14:35:21.699703+00:00,spot_9,Spot 9,Occupied,2026-06-26T13:48:45.543059+00:00,1030,car,0.6815202832221985,3460,184.87612915039062,327.0798645019531,214.80465698242188,351.3362731933594
2026-06-26T14:35:21.699703+00:00,spot_10,Spot 10,Empty,2026-06-26T13:41:21.710886+00:00,,,,,,,,
2026-06-26T14:35:21.699703+00:00,spot_11,Spot 11,Occupied,2026-06-26T14:35:21.699703+00:00,1061,car,0.4756062626838684,0,113.6070556640625,318.58245849609375,170.83224487304688,346.64508056640625
2026-06-26T14:35:21.699703+00:00,spot_12,Spot 12,Occupied,2026-06-26T14:34:00.756381+00:00,1028,truck,0.6626455783843994,3460,75.91578674316406,313.6669006347656,128.1393585205078,341.1862487792969
2026-06-26T14:35:21.699703+00:00,spot_13,Spot 13,Empty,2026-06-26T14:34:00.756381+00:00,,,,,,,,
2026-06-26T14:35:21.699703+00:00,spot_14,Spot 14,Occupied,2026-06-26T14:32:52.939687+00:00,1056,car,0.55758136510849,457,53.21551513671875,314.64630126953125,92.06658935546875,335.10589599609375
2026-06-26T14:35:21.699703+00:00,spot_15,Spot 15,Empty,2026-06-26T14:29:07.349125+00:00,,,,,,,,
2026-06-26T14:35:21.699703+00:00,spot_16,Spot 16,Empty,2026-06-25T23:36:33.476018+00:00,,,,,,,,
2026-06-26T14:35:21.699703+00:00,spot_17,Spot 17,Empty,2026-06-25T18:08:23.061954+00:00,,,,,,,,
2026-06-26T14:36:22.822597+00:00,spot_1,Spot 1,Occupied,2026-06-26T14:36:22.822597+00:00,1001,car,0.7905802130699158,10019,572.3798828125,321.9445495605469,615.174072265625,371.3380432128906
2026-06-26T14:36:22.822597+00:00,spot_2,Spot 2,Empty,2026-06-26T14:11:28.431288+00:00,,,,,,,,
2026-06-26T14:36:22.822597+00:00,spot_3,Spot 3,Occupied,2026-06-26T14:35:21.699703+00:00,1046,car,0.733604371547699,1363,447.3135986328125,322.28887939453125,502.6279296875,364.47418212890625
2026-06-26T14:36:22.822597+00:00,spot_4,Spot 4,Occupied,2026-06-26T14:29:07.349125+00:00,1057,car,0.9086148738861084,443,391.6568603515625,326.3357238769531,448.98370361328125,362.4574890136719
2026-06-26T14:36:22.822597+00:00,spot_5,Spot 5,Empty,2026-06-26T14:02:49.642184+00:00,,,,,,,,
2026-06-26T14:36:22.822597+00:00,spot_6,Spot 6,Occupied,2026-06-26T14:32:52.939687+00:00,1059,car,0.7078957557678223,208,277.0610656738281,323.88909912109375,350.3851013183594,364.17144775390625
2026-06-26T14:36:22.822597+00:00,spot_7,Spot 7,Occupied,2026-06-26T12:58:23.374586+00:00,1017,car,0.8312941789627075,6105,247.26779174804688,329.3143310546875,295.6246032714844,358.8858642578125
2026-06-26T14:36:22.822597+00:00,spot_8,Spot 8,Occupied,2026-06-26T13:48:45.543059+00:00,1034,car,0.803041398525238,2864,206.8629150390625,324.1375732421875,262.28338623046875,356.50732421875
2026-06-26T14:36:22.822597+00:00,spot_9,Spot 9,Occupied,2026-06-26T13:48:45.543059+00:00,1030,car,0.73382568359375,3529,184.43780517578125,325.52081298828125,218.05331420898438,351.30230712890625
2026-06-26T14:36:22.822597+00:00,spot_10,Spot 10,Empty,2026-06-26T13:41:21.710886+00:00,,,,,,,,
2026-06-26T14:36:22.822597+00:00,spot_11,Spot 11,Occupied,2026-06-26T14:36:22.822597+00:00,1021,truck,0.6809078454971313,5235,113.54106140136719,317.8852233886719,171.87171936035156,346.7802429199219
2026-06-26T14:36:22.822597+00:00,spot_12,Spot 12,Occupied,2026-06-26T14:34:00.756381+00:00,1028,truck,0.7376415133476257,3529,75.2611083984375,313.78094482421875,127.67681884765625,341.37823486328125
2026-06-26T14:36:22.822597+00:00,spot_13,Spot 13,Empty,2026-06-26T14:34:00.756381+00:00,,,,,,,,
2026-06-26T14:36:22.822597+00:00,spot_14,Spot 14,Occupied,2026-06-26T14:32:52.939687+00:00,1056,car,0.4395471513271332,526,53.66516876220703,314.70086669921875,90.66741180419922,335.02545166015625
2026-06-26T14:36:22.822597+00:00,spot_15,Spot 15,Empty,2026-06-26T14:29:07.349125+00:00,,,,,,,,
2026-06-26T14:36:22.822597+00:00,spot_16,Spot 16,Empty,2026-06-25T23:36:33.476018+00:00,,,,,,,,
2026-06-26T14:36:22.822597+00:00,spot_17,Spot 17,Empty,2026-06-25T18:08:23.061954+00:00,,,,,,,,
2026-06-26T14:37:28.914843+00:00,spot_1,Spot 1,Occupied,2026-06-26T14:36:22.822597+00:00,1001,car,0.5621128678321838,10080,571.890869140625,321.49517822265625,615.942138671875,371.24713134765625
2026-06-26T14:37:28.914843+00:00,spot_2,Spot 2,Empty,2026-06-26T14:11:28.431288+00:00,,,,,,,,
2026-06-26T14:37:28.914843+00:00,spot_3,Spot 3,Occupied,2026-06-26T14:37:28.914843+00:00,1063,truck,0.625714898109436,0,446.864013671875,320.5535583496094,502.068115234375,363.5506896972656
2026-06-26T14:37:28.914843+00:00,spot_4,Spot 4,Occupied,2026-06-26T14:29:07.349125+00:00,1057,car,0.9020882844924927,503,391.7286376953125,326.5254821777344,449.0570068359375,362.0715637207031
2026-06-26T14:37:28.914843+00:00,spot_5,Spot 5,Empty,2026-06-26T14:02:49.642184+00:00,,,,,,,,
2026-06-26T14:37:28.914843+00:00,spot_6,Spot 6,Occupied,2026-06-26T14:32:52.939687+00:00,1059,car,0.6285138130187988,268,276.6239929199219,324.22216796875,350.4009094238281,364.203857421875
2026-06-26T14:37:28.914843+00:00,spot_7,Spot 7,Occupied,2026-06-26T12:58:23.374586+00:00,1017,car,0.8548641800880432,6165,247.3338623046875,329.5335693359375,295.882080078125,359.0860595703125
2026-06-26T14:37:28.914843+00:00,spot_8,Spot 8,Occupied,2026-06-26T13:48:45.543059+00:00,1034,car,0.8472459316253662,2924,206.5968017578125,324.5740966796875,257.81201171875,355.923095703125
2026-06-26T14:37:28.914843+00:00,spot_9,Spot 9,Occupied,2026-06-26T13:48:45.543059+00:00,1030,car,0.6784197688102722,3589,184.69281005859375,326.4156494140625,217.01287841796875,351.3499755859375
2026-06-26T14:37:28.914843+00:00,spot_10,Spot 10,Empty,2026-06-26T13:41:21.710886+00:00,,,,,,,,
2026-06-26T14:37:28.914843+00:00,spot_11,Spot 11,Occupied,2026-06-26T14:36:22.822597+00:00,1021,truck,0.6569516658782959,5295,113.87788391113281,318.235107421875,170.72132873535156,346.9420166015625
2026-06-26T14:37:28.914843+00:00,spot_12,Spot 12,Occupied,2026-06-26T14:34:00.756381+00:00,1028,truck,0.750572919845581,3589,75.30548095703125,313.84100341796875,127.64187622070312,341.59161376953125
2026-06-26T14:37:28.914843+00:00,spot_13,Spot 13,Empty,2026-06-26T14:34:00.756381+00:00,,,,,,,,
2026-06-26T14:37:28.914843+00:00,spot_14,Spot 14,Occupied,2026-06-26T14:32:52.939687+00:00,1056,car,0.5482046604156494,586,53.55259323120117,314.63330078125,90.07902526855469,334.9700927734375
2026-06-26T14:37:28.914843+00:00,spot_15,Spot 15,Empty,2026-06-26T14:29:07.349125+00:00,,,,,,,,
2026-06-26T14:37:28.914843+00:00,spot_16,Spot 16,Empty,2026-06-25T23:36:33.476018+00:00,,,,,,,,
2026-06-26T14:37:28.914843+00:00,spot_17,Spot 17,Empty,2026-06-25T18:08:23.061954+00:00,,,,,,,,
2026-06-26T14:38:49.413358+00:00,spot_1,Spot 1,Occupied,2026-06-26T14:36:22.822597+00:00,1001,car,0.7887953519821167,10160,572.0728759765625,320.9132080078125,615.4058837890625,371.431884765625
2026-06-26T14:38:49.413358+00:00,spot_2,Spot 2,Empty,2026-06-26T14:11:28.431288+00:00,,,,,,,,
2026-06-26T14:38:49.413358+00:00,spot_3,Spot 3,Occupied,2026-06-26T14:38:49.413358+00:00,1046,car,0.39669087529182434,1504,447.2119140625,321.6886291503906,502.40728759765625,364.1933288574219
2026-06-26T14:38:49.413358+00:00,spot_4,Spot 4,Occupied,2026-06-26T14:29:07.349125+00:00,1057,car,0.8943167328834534,583,391.6609191894531,326.3701171875,448.8702087402344,362.2825927734375
2026-06-26T14:38:49.413358+00:00,spot_5,Spot 5,Empty,2026-06-26T14:02:49.642184+00:00,,,,,,,,
2026-06-26T14:38:49.413358+00:00,spot_6,Spot 6,Occupied,2026-06-26T14:32:52.939687+00:00,1059,car,0.39944735169410706,349,276.0956726074219,324.54473876953125,349.4455871582031,364.32818603515625
2026-06-26T14:38:49.413358+00:00,spot_7,Spot 7,Occupied,2026-06-26T12:58:23.374586+00:00,1017,car,0.7960500717163086,6246,247.07424926757812,330.03375244140625,292.9090270996094,358.93377685546875
2026-06-26T14:38:49.413358+00:00,spot_8,Spot 8,Occupied,2026-06-26T13:48:45.543059+00:00,1034,car,0.8181214332580566,3004,206.67999267578125,324.77569580078125,260.0152893066406,356.25213623046875
2026-06-26T14:38:49.413358+00:00,spot_9,Spot 9,Occupied,2026-06-26T13:48:45.543059+00:00,1030,car,0.7536821961402893,3670,184.78970336914062,325.69659423828125,218.60751342773438,351.33209228515625
2026-06-26T14:38:49.413358+00:00,spot_10,Spot 10,Empty,2026-06-26T13:41:21.710886+00:00,,,,,,,,
2026-06-26T14:38:49.413358+00:00,spot_11,Spot 11,Occupied,2026-06-26T14:36:22.822597+00:00,1021,truck,0.6750244498252869,5376,113.61543273925781,318.343994140625,170.91029357910156,346.870849609375
2026-06-26T14:38:49.413358+00:00,spot_12,Spot 12,Occupied,2026-06-26T14:34:00.756381+00:00,1028,truck,0.6991193890571594,3670,76.39863586425781,313.74053955078125,127.91862487792969,341.26812744140625
2026-06-26T14:38:49.413358+00:00,spot_13,Spot 13,Empty,2026-06-26T14:34:00.756381+00:00,,,,,,,,
2026-06-26T14:38:49.413358+00:00,spot_14,Spot 14,Occupied,2026-06-26T14:32:52.939687+00:00,1056,car,0.5500354766845703,666,53.65016174316406,314.8194274902344,91.59567260742188,334.9392395019531
2026-06-26T14:38:49.413358+00:00,spot_15,Spot 15,Empty,2026-06-26T14:29:07.349125+00:00,,,,,,,,
2026-06-26T14:38:49.413358+00:00,spot_16,Spot 16,Empty,2026-06-25T23:36:33.476018+00:00,,,,,,,,
2026-06-26T14:38:49.413358+00:00,spot_17,Spot 17,Empty,2026-06-25T18:08:23.061954+00:00,,,,,,,,
2026-06-26T14:39:56.597703+00:00,spot_1,Spot 1,Occupied,2026-06-26T14:36:22.822597+00:00,1001,car,0.7789124846458435,10226,572.3922119140625,321.6170654296875,614.8441162109375,370.779296875
2026-06-26T14:39:56.597703+00:00,spot_2,Spot 2,Empty,2026-06-26T14:11:28.431288+00:00,,,,,,,,
2026-06-26T14:39:56.597703+00:00,spot_3,Spot 3,Occupied,2026-06-26T14:39:56.597703+00:00,1063,truck,0.37582793831825256,146,446.941162109375,321.47100830078125,501.742919921875,364.03741455078125
2026-06-26T14:39:56.597703+00:00,spot_4,Spot 4,Occupied,2026-06-26T14:29:07.349125+00:00,1057,car,0.9020006656646729,649,391.76580810546875,326.46917724609375,448.70379638671875,361.87701416015625
2026-06-26T14:39:56.597703+00:00,spot_5,Spot 5,Empty,2026-06-26T14:02:49.642184+00:00,,,,,,,,
2026-06-26T14:39:56.597703+00:00,spot_6,Spot 6,Occupied,2026-06-26T14:32:52.939687+00:00,1059,car,0.5577912330627441,415,274.6252136230469,324.93927001953125,350.2517395019531,363.87359619140625
2026-06-26T14:39:56.597703+00:00,spot_7,Spot 7,Occupied,2026-06-26T12:58:23.374586+00:00,1017,car,0.8286578059196472,6312,247.3080596923828,329.9302673339844,295.61358642578125,359.2666320800781
2026-06-26T14:39:56.597703+00:00,spot_8,Spot 8,Occupied,2026-06-26T13:48:45.543059+00:00,1034,car,0.8100462555885315,3071,206.8282470703125,324.7320556640625,261.79547119140625,356.19439697265625
2026-06-26T14:39:56.597703+00:00,spot_9,Spot 9,Occupied,2026-06-26T13:48:45.543059+00:00,1030,car,0.7227451205253601,3736,184.55792236328125,325.9495849609375,218.97952270507812,351.46417236328125
2026-06-26T14:39:56.597703+00:00,spot_10,Spot 10,Empty,2026-06-26T13:41:21.710886+00:00,,,,,,,,
2026-06-26T14:39:56.597703+00:00,spot_11,Spot 11,Occupied,2026-06-26T14:36:22.822597+00:00,1021,truck,0.475396990776062,5442,113.81759643554688,318.41754150390625,170.6082763671875,347.05303955078125
2026-06-26T14:39:56.597703+00:00,spot_12,Spot 12,Occupied,2026-06-26T14:34:00.756381+00:00,1028,truck,0.6850100159645081,3736,74.45753479003906,313.68402099609375,127.52165222167969,341.57611083984375
2026-06-26T14:39:56.597703+00:00,spot_13,Spot 13,Empty,2026-06-26T14:34:00.756381+00:00,,,,,,,,
2026-06-26T14:39:56.597703+00:00,spot_14,Spot 14,Occupied,2026-06-26T14:32:52.939687+00:00,1056,car,0.5602449178695679,733,53.46603012084961,314.73028564453125,91.16412353515625,335.17144775390625
2026-06-26T14:39:56.597703+00:00,spot_15,Spot 15,Empty,2026-06-26T14:29:07.349125+00:00,,,,,,,,
2026-06-26T14:39:56.597703+00:00,spot_16,Spot 16,Empty,2026-06-25T23:36:33.476018+00:00,,,,,,,,
2026-06-26T14:39:56.597703+00:00,spot_17,Spot 17,Empty,2026-06-25T18:08:23.061954+00:00,,,,,,,,
2026-06-26T14:41:20.503227+00:00,spot_1,Spot 1,Occupied,2026-06-26T14:36:22.822597+00:00,1001,car,0.8384785652160645,10309,572.0928955078125,321.753173828125,614.9132080078125,371.2767333984375
2026-06-26T14:41:20.503227+00:00,spot_2,Spot 2,Empty,2026-06-26T14:11:28.431288+00:00,,,,,,,,
2026-06-26T14:41:20.503227+00:00,spot_3,Spot 3,Occupied,2026-06-26T14:39:56.597703+00:00,1063,truck,0.41453006863594055,229,447.25201416015625,321.6589050292969,502.21502685546875,363.5908508300781
2026-06-26T14:41:20.503227+00:00,spot_4,Spot 4,Occupied,2026-06-26T14:29:07.349125+00:00,1057,car,0.8910315036773682,732,391.57318115234375,326.5222473144531,448.91455078125,362.5959777832031
2026-06-26T14:41:20.503227+00:00,spot_5,Spot 5,Empty,2026-06-26T14:02:49.642184+00:00,,,,,,,,
2026-06-26T14:41:20.503227+00:00,spot_6,Spot 6,Occupied,2026-06-26T14:32:52.939687+00:00,1059,car,0.4219537377357483,498,276.6900634765625,323.8896484375,349.860595703125,364.53875732421875
2026-06-26T14:41:20.503227+00:00,spot_7,Spot 7,Occupied,2026-06-26T12:58:23.374586+00:00,1017,car,0.8483985662460327,6395,247.19149780273438,329.87677001953125,295.4908752441406,359.22247314453125
2026-06-26T14:41:20.503227+00:00,spot_8,Spot 8,Occupied,2026-06-26T13:48:45.543059+00:00,1034,car,0.8109802603721619,3154,206.51199340820312,324.831298828125,264.8201599121094,356.2330322265625
2026-06-26T14:41:20.503227+00:00,spot_9,Spot 9,Occupied,2026-06-26T13:48:45.543059+00:00,1030,car,0.5913158059120178,3819,184.6771697998047,326.15863037109375,212.6626739501953,351.16949462890625
2026-06-26T14:41:20.503227+00:00,spot_10,Spot 10,Empty,2026-06-26T13:41:21.710886+00:00,,,,,,,,
2026-06-26T14:41:20.503227+00:00,spot_11,Spot 11,Occupied,2026-06-26T14:36:22.822597+00:00,1021,truck,0.6893413662910461,5525,113.56951904296875,317.766357421875,171.10610961914062,346.9881591796875
2026-06-26T14:41:20.503227+00:00,spot_12,Spot 12,Empty,2026-06-26T14:41:20.503227+00:00,,,,,,,,
2026-06-26T14:41:20.503227+00:00,spot_13,Spot 13,Occupied,2026-06-26T14:41:20.503227+00:00,1028,truck,0.7527630925178528,3819,75.43754577636719,313.60101318359375,127.55964660644531,341.7109375
2026-06-26T14:41:20.503227+00:00,spot_14,Spot 14,Occupied,2026-06-26T14:32:52.939687+00:00,1056,car,0.4725266098976135,816,53.58970642089844,314.61578369140625,93.05935668945312,335.01678466796875
2026-06-26T14:41:20.503227+00:00,spot_15,Spot 15,Empty,2026-06-26T14:29:07.349125+00:00,,,,,,,,
2026-06-26T14:41:20.503227+00:00,spot_16,Spot 16,Empty,2026-06-25T23:36:33.476018+00:00,,,,,,,,
2026-06-26T14:41:20.503227+00:00,spot_17,Spot 17,Empty,2026-06-25T18:08:23.061954+00:00,,,,,,,,
2026-06-26T14:42:49.701730+00:00,spot_1,Spot 1,Occupied,2026-06-26T14:36:22.822597+00:00,1001,car,0.4439212679862976,10403,572.3946533203125,321.73541259765625,616.3082275390625,371.20318603515625
2026-06-26T14:42:49.701730+00:00,spot_2,Spot 2,Occupied,2026-06-26T14:42:49.701730+00:00,1066,truck,0.7223379015922546,0,506.96380615234375,316.45086669921875,558.4048461914062,368.53729248046875
2026-06-26T14:42:49.701730+00:00,spot_3,Spot 3,Occupied,2026-06-26T14:39:56.597703+00:00,1063,truck,0.42063817381858826,323,446.7153015136719,321.030517578125,501.9438171386719,363.8927001953125
2026-06-26T14:42:49.701730+00:00,spot_4,Spot 4,Occupied,2026-06-26T14:29:07.349125+00:00,1057,car,0.8826056718826294,826,391.60760498046875,326.40985107421875,448.92718505859375,362.09197998046875
2026-06-26T14:42:49.701730+00:00,spot_5,Spot 5,Empty,2026-06-26T14:02:49.642184+00:00,,,,,,,,
2026-06-26T14:42:49.701730+00:00,spot_6,Spot 6,Occupied,2026-06-26T14:32:52.939687+00:00,1059,car,0.5434361696243286,592,276.78668212890625,323.7773132324219,349.58831787109375,364.6789245605469
2026-06-26T14:42:49.701730+00:00,spot_7,Spot 7,Occupied,2026-06-26T12:58:23.374586+00:00,1017,car,0.8251414895057678,6488,247.08319091796875,330.1013488769531,295.1414794921875,359.1307067871094
2026-06-26T14:42:49.701730+00:00,spot_8,Spot 8,Occupied,2026-06-26T13:48:45.543059+00:00,1034,car,0.7764781713485718,3247,206.5693359375,324.83795166015625,259.28204345703125,355.91827392578125
2026-06-26T14:42:49.701730+00:00,spot_9,Spot 9,Occupied,2026-06-26T13:48:45.543059+00:00,1030,car,0.7229663729667664,3913,184.5927276611328,325.9538879394531,218.0719757080078,351.2998352050781
2026-06-26T14:42:49.701730+00:00,spot_10,Spot 10,Empty,2026-06-26T13:41:21.710886+00:00,,,,,,,,
2026-06-26T14:42:49.701730+00:00,spot_11,Spot 11,Occupied,2026-06-26T14:36:22.822597+00:00,1021,truck,0.6597136855125427,5619,113.45474243164062,318.29351806640625,171.82015991210938,346.81915283203125
2026-06-26T14:42:49.701730+00:00,spot_12,Spot 12,Occupied,2026-06-26T14:42:49.701730+00:00,1028,truck,0.8046457171440125,3913,75.48257446289062,313.8737487792969,127.89645385742188,341.4695129394531
2026-06-26T14:42:49.701730+00:00,spot_13,Spot 13,Empty,2026-06-26T14:42:49.701730+00:00,,,,,,,,
2026-06-26T14:42:49.701730+00:00,spot_14,Spot 14,Empty,2026-06-26T14:42:49.701730+00:00,,,,,,,,
2026-06-26T14:42:49.701730+00:00,spot_15,Spot 15,Empty,2026-06-26T14:29:07.349125+00:00,,,,,,,,
2026-06-26T14:42:49.701730+00:00,spot_16,Spot 16,Empty,2026-06-25T23:36:33.476018+00:00,,,,,,,,
2026-06-26T14:42:49.701730+00:00,spot_17,Spot 17,Empty,2026-06-25T18:08:23.061954+00:00,,,,,,,,
2026-06-26T14:43:56.297999+00:00,spot_1,Spot 1,Occupied,2026-06-26T14:36:22.822597+00:00,1001,car,0.5589686632156372,10465,572.1461181640625,321.82843017578125,614.58740234375,371.19781494140625
2026-06-26T14:43:56.297999+00:00,spot_2,Spot 2,Occupied,2026-06-26T14:43:56.297999+00:00,1068,car,0.4209354519844055,0,504.50897216796875,317.14532470703125,558.7780151367188,368.1231689453125
2026-06-26T14:43:56.297999+00:00,spot_3,Spot 3,Occupied,2026-06-26T14:43:56.297999+00:00,1046,car,0.4710412621498108,1808,446.892333984375,321.5996398925781,502.66552734375,363.8041076660156
2026-06-26T14:43:56.297999+00:00,spot_4,Spot 4,Occupied,2026-06-26T14:29:07.349125+00:00,1057,car,0.8906202912330627,888,391.5836181640625,326.44451904296875,448.993896484375,362.38580322265625
2026-06-26T14:43:56.297999+00:00,spot_5,Spot 5,Empty,2026-06-26T14:02:49.642184+00:00,,,,,,,,
2026-06-26T14:43:56.297999+00:00,spot_6,Spot 6,Occupied,2026-06-26T14:32:52.939687+00:00,1059,car,0.4352947175502777,653,277.20025634765625,324.06146240234375,349.83251953125,364.383056640625
2026-06-26T14:43:56.297999+00:00,spot_7,Spot 7,Occupied,2026-06-26T12:58:23.374586+00:00,1017,car,0.7974047660827637,6550,247.2779541015625,329.1545104980469,294.06781005859375,359.3146667480469
2026-06-26T14:43:56.297999+00:00,spot_8,Spot 8,Occupied,2026-06-26T13:48:45.543059+00:00,1034,car,0.7967429161071777,3309,206.76840209960938,324.9141845703125,261.8193664550781,356.262451171875
2026-06-26T14:43:56.297999+00:00,spot_9,Spot 9,Occupied,2026-06-26T13:48:45.543059+00:00,1030,car,0.711922287940979,3975,184.53050231933594,325.0242919921875,218.56214904785156,351.378173828125
2026-06-26T14:43:56.297999+00:00,spot_10,Spot 10,Empty,2026-06-26T13:41:21.710886+00:00,,,,,,,,
2026-06-26T14:43:56.297999+00:00,spot_11,Spot 11,Occupied,2026-06-26T14:36:22.822597+00:00,1021,truck,0.570796549320221,5680,113.70460510253906,318.12481689453125,170.8528594970703,346.70697021484375
2026-06-26T14:43:56.297999+00:00,spot_12,Spot 12,Occupied,2026-06-26T14:42:49.701730+00:00,1028,truck,0.7076557874679565,3975,75.87310791015625,313.7175598144531,127.76431274414062,341.0285949707031
2026-06-26T14:43:56.297999+00:00,spot_13,Spot 13,Empty,2026-06-26T14:42:49.701730+00:00,,,,,,,,
2026-06-26T14:43:56.297999+00:00,spot_14,Spot 14,Occupied,2026-06-26T14:43:56.297999+00:00,1056,car,0.4366588592529297,971,52.51707458496094,314.6702575683594,93.81178283691406,335.1557312011719
2026-06-26T14:43:56.297999+00:00,spot_15,Spot 15,Empty,2026-06-26T14:29:07.349125+00:00,,,,,,,,
2026-06-26T14:43:56.297999+00:00,spot_16,Spot 16,Empty,2026-06-25T23:36:33.476018+00:00,,,,,,,,
2026-06-26T14:43:56.297999+00:00,spot_17,Spot 17,Empty,2026-06-25T18:08:23.061954+00:00,,,,,,,,
2026-06-26T14:45:18.257901+00:00,spot_1,Spot 1,Occupied,2026-06-26T14:36:22.822597+00:00,1001,car,0.4383183717727661,10548,571.9712524414062,321.6724853515625,614.0249633789062,370.943603515625
2026-06-26T14:45:18.257901+00:00,spot_2,Spot 2,Occupied,2026-06-26T14:45:18.257901+00:00,1066,truck,0.6123764514923096,144,504.67218017578125,316.3080139160156,559.4915161132812,368.5491638183594
2026-06-26T14:45:18.257901+00:00,spot_3,Spot 3,Occupied,2026-06-26T14:43:56.297999+00:00,1046,car,0.5005390644073486,1891,446.84698486328125,321.26763916015625,502.85418701171875,364.20965576171875
2026-06-26T14:45:18.257901+00:00,spot_4,Spot 4,Occupied,2026-06-26T14:29:07.349125+00:00,1057,car,0.8991132378578186,971,391.6766052246094,326.45880126953125,448.7539367675781,362.19598388671875
2026-06-26T14:45:18.257901+00:00,spot_5,Spot 5,Empty,2026-06-26T14:02:49.642184+00:00,,,,,,,,
2026-06-26T14:45:18.257901+00:00,spot_6,Spot 6,Occupied,2026-06-26T14:32:52.939687+00:00,1059,car,0.678256630897522,736,277.27825927734375,323.9505310058594,350.5679931640625,364.6662902832031
2026-06-26T14:45:18.257901+00:00,spot_7,Spot 7,Occupied,2026-06-26T12:58:23.374586+00:00,1017,car,0.8171849846839905,6633,246.9669647216797,330.066650390625,294.76531982421875,359.119384765625
2026-06-26T14:45:18.257901+00:00,spot_8,Spot 8,Occupied,2026-06-26T13:48:45.543059+00:00,1034,car,0.7989044785499573,3392,206.73397827148438,325.08056640625,260.8704528808594,356.1905517578125
2026-06-26T14:45:18.257901+00:00,spot_9,Spot 9,Occupied,2026-06-26T13:48:45.543059+00:00,1030,car,0.47327637672424316,4057,184.72886657714844,325.75146484375,216.61769104003906,351.3331298828125
2026-06-26T14:45:18.257901+00:00,spot_10,Spot 10,Empty,2026-06-26T13:41:21.710886+00:00,,,,,,,,
2026-06-26T14:45:18.257901+00:00,spot_11,Spot 11,Occupied,2026-06-26T14:36:22.822597+00:00,1021,truck,0.43243083357810974,5763,113.703125,318.052978515625,171.620361328125,346.736572265625
2026-06-26T14:45:18.257901+00:00,spot_12,Spot 12,Occupied,2026-06-26T14:42:49.701730+00:00,1028,truck,0.7509443163871765,4057,74.84326171875,313.683837890625,126.46241760253906,341.42138671875
2026-06-26T14:45:18.257901+00:00,spot_13,Spot 13,Empty,2026-06-26T14:42:49.701730+00:00,,,,,,,,
2026-06-26T14:45:18.257901+00:00,spot_14,Spot 14,Occupied,2026-06-26T14:43:56.297999+00:00,1056,car,0.483690083026886,1054,53.4336051940918,314.76336669921875,91.13133239746094,335.06683349609375
2026-06-26T14:45:18.257901+00:00,spot_15,Spot 15,Empty,2026-06-26T14:29:07.349125+00:00,,,,,,,,
2026-06-26T14:45:18.257901+00:00,spot_16,Spot 16,Empty,2026-06-25T23:36:33.476018+00:00,,,,,,,,
2026-06-26T14:45:18.257901+00:00,spot_17,Spot 17,Empty,2026-06-25T18:08:23.061954+00:00,,,,,,,,
2026-06-26T14:46:14.101459+00:00,spot_1,Spot 1,Occupied,2026-06-26T14:36:22.822597+00:00,1001,car,0.7048991918563843,10620,572.3350830078125,322.1317138671875,615.623779296875,370.9710693359375
2026-06-26T14:46:14.101459+00:00,spot_2,Spot 2,Occupied,2026-06-26T14:46:14.101459+00:00,1068,car,0.6296616196632385,155,504.3955078125,318.0561828613281,555.2896728515625,368.6131286621094
2026-06-26T14:46:14.101459+00:00,spot_3,Spot 3,Occupied,2026-06-26T14:43:56.297999+00:00,1046,car,0.6862478852272034,1964,447.23370361328125,321.14447021484375,502.56781005859375,364.06903076171875
2026-06-26T14:46:14.101459+00:00,spot_4,Spot 4,Occupied,2026-06-26T14:29:07.349125+00:00,1057,car,0.8958355188369751,1043,391.671875,326.5243225097656,448.7586669921875,362.3939514160156
2026-06-26T14:46:14.101459+00:00,spot_5,Spot 5,Empty,2026-06-26T14:02:49.642184+00:00,,,,,,,,
2026-06-26T14:46:14.101459+00:00,spot_6,Spot 6,Occupied,2026-06-26T14:32:52.939687+00:00,1059,car,0.6232866644859314,809,276.7412109375,323.8551025390625,349.824462890625,364.333984375
2026-06-26T14:46:14.101459+00:00,spot_7,Spot 7,Occupied,2026-06-26T12:58:23.374586+00:00,1017,car,0.7968117594718933,6706,247.38156127929688,329.5611572265625,295.1297302246094,359.22625732421875
2026-06-26T14:46:14.101459+00:00,spot_8,Spot 8,Occupied,2026-06-26T13:48:45.543059+00:00,1034,car,0.6209911704063416,3464,206.55889892578125,324.4983825683594,259.809326171875,356.0152893066406
2026-06-26T14:46:14.101459+00:00,spot_9,Spot 9,Occupied,2026-06-26T13:48:45.543059+00:00,1030,car,0.6220536231994629,4130,184.53515625,326.5138854980469,215.08990478515625,351.1921691894531
2026-06-26T14:46:14.101459+00:00,spot_10,Spot 10,Empty,2026-06-26T13:41:21.710886+00:00,,,,,,,,
2026-06-26T14:46:14.101459+00:00,spot_11,Spot 11,Occupied,2026-06-26T14:36:22.822597+00:00,1021,truck,0.5507164001464844,5836,113.63768005371094,317.9054260253906,171.1860809326172,346.5062561035156
2026-06-26T14:46:14.101459+00:00,spot_12,Spot 12,Occupied,2026-06-26T14:42:49.701730+00:00,1028,truck,0.6846473217010498,4130,75.68142700195312,313.65814208984375,127.48336791992188,341.43658447265625
2026-06-26T14:46:14.101459+00:00,spot_13,Spot 13,Empty,2026-06-26T14:42:49.701730+00:00,,,,,,,,
2026-06-26T14:46:14.101459+00:00,spot_14,Spot 14,Occupied,2026-06-26T14:43:56.297999+00:00,1056,car,0.49613460898399353,1126,53.450599670410156,314.85968017578125,90.52417755126953,334.5772705078125
2026-06-26T14:46:14.101459+00:00,spot_15,Spot 15,Empty,2026-06-26T14:29:07.349125+00:00,,,,,,,,
2026-06-26T14:46:14.101459+00:00,spot_16,Spot 16,Empty,2026-06-25T23:36:33.476018+00:00,,,,,,,,
2026-06-26T14:46:14.101459+00:00,spot_17,Spot 17,Empty,2026-06-25T18:08:23.061954+00:00,,,,,,,,
2026-06-26T14:47:30.008447+00:00,spot_1,Spot 1,Occupied,2026-06-26T14:36:22.822597+00:00,1001,car,0.6550681591033936,10682,572.488037109375,320.3151550292969,615.925048828125,370.8105163574219
2026-06-26T14:47:30.008447+00:00,spot_2,Spot 2,Occupied,2026-06-26T14:46:14.101459+00:00,1068,car,0.42743733525276184,217,504.77813720703125,316.88421630859375,558.7998657226562,368.18560791015625
2026-06-26T14:47:30.008447+00:00,spot_3,Spot 3,Occupied,2026-06-26T14:43:56.297999+00:00,1046,car,0.4975771903991699,2026,447.0347900390625,321.808837890625,502.678955078125,363.7427978515625
2026-06-26T14:47:30.008447+00:00,spot_4,Spot 4,Occupied,2026-06-26T14:29:07.349125+00:00,1057,car,0.8886014223098755,1105,391.84857177734375,326.4056396484375,449.25555419921875,362.493896484375
2026-06-26T14:47:30.008447+00:00,spot_5,Spot 5,Empty,2026-06-26T14:02:49.642184+00:00,,,,,,,,
2026-06-26T14:47:30.008447+00:00,spot_6,Spot 6,Occupied,2026-06-26T14:47:30.008447+00:00,1073,truck,0.4375303387641907,0,278.50457763671875,324.5503234863281,349.97039794921875,364.3493957519531
2026-06-26T14:47:30.008447+00:00,spot_7,Spot 7,Occupied,2026-06-26T12:58:23.374586+00:00,1017,car,0.8163056373596191,6768,247.14453125,329.68310546875,294.37847900390625,359.12744140625
2026-06-26T14:47:30.008447+00:00,spot_8,Spot 8,Occupied,2026-06-26T13:48:45.543059+00:00,1034,car,0.7846974730491638,3527,206.72384643554688,324.5926208496094,262.6269836425781,355.9816589355469
2026-06-26T14:47:30.008447+00:00,spot_9,Spot 9,Occupied,2026-06-26T13:48:45.543059+00:00,1030,car,0.6434168219566345,4192,184.9409942626953,328.1014404296875,214.01585388183594,351.1834716796875
2026-06-26T14:47:30.008447+00:00,spot_10,Spot 10,Occupied,2026-06-26T14:47:30.008447+00:00,1070,car,0.7670831680297852,0,140.523681640625,320.88232421875,187.90606689453125,350.14794921875
2026-06-26T14:47:30.008447+00:00,spot_11,Spot 11,Occupied,2026-06-26T14:47:30.008447+00:00,1069,car,0.5949978232383728,134,113.97531127929688,318.1126708984375,156.31649780273438,346.61773681640625
2026-06-26T14:47:30.008447+00:00,spot_12,Spot 12,Occupied,2026-06-26T14:42:49.701730+00:00,1028,truck,0.4414595067501068,4192,73.33233642578125,313.2984313964844,127.96560668945312,341.3600158691406
2026-06-26T14:47:30.008447+00:00,spot_13,Spot 13,Empty,2026-06-26T14:42:49.701730+00:00,,,,,,,,
2026-06-26T14:47:30.008447+00:00,spot_14,Spot 14,Occupied,2026-06-26T14:43:56.297999+00:00,1056,car,0.7635334730148315,1189,53.66140365600586,314.78759765625,86.60739135742188,334.89794921875
2026-06-26T14:47:30.008447+00:00,spot_15,Spot 15,Occupied,2026-06-26T14:47:30.008447+00:00,1071,car,0.5260331630706787,0,40.30455017089844,314.37786865234375,65.69064331054688,332.02618408203125
2026-06-26T14:47:30.008447+00:00,spot_16,Spot 16,Empty,2026-06-25T23:36:33.476018+00:00,,,,,,,,
2026-06-26T14:47:30.008447+00:00,spot_17,Spot 17,Empty,2026-06-25T18:08:23.061954+00:00,,,,,,,,
2026-06-26T14:48:56.077768+00:00,spot_1,Spot 1,Occupied,2026-06-26T14:36:22.822597+00:00,1001,car,0.5939046740531921,10772,572.37646484375,321.92218017578125,615.3316650390625,370.71575927734375
2026-06-26T14:48:56.077768+00:00,spot_2,Spot 2,Occupied,2026-06-26T14:48:56.077768+00:00,1066,truck,0.47423097491264343,369,505.223876953125,284.7232971191406,560.580322265625,368.4012145996094
2026-06-26T14:48:56.077768+00:00,spot_3,Spot 3,Occupied,2026-06-26T14:48:56.077768+00:00,1063,truck,0.5003452301025391,692,446.90643310546875,321.6106872558594,503.00531005859375,364.0429382324219
2026-06-26T14:48:56.077768+00:00,spot_4,Spot 4,Occupied,2026-06-26T14:29:07.349125+00:00,1057,car,0.8969601392745972,1195,391.70135498046875,326.43182373046875,449.06927490234375,361.98309326171875
2026-06-26T14:48:56.077768+00:00,spot_5,Spot 5,Empty,2026-06-26T14:02:49.642184+00:00,,,,,,,,
2026-06-26T14:48:56.077768+00:00,spot_6,Spot 6,Occupied,2026-06-26T14:47:30.008447+00:00,1073,truck,0.666778028011322,89,278.4119873046875,324.76177978515625,351.0723876953125,364.3758544921875
2026-06-26T14:48:56.077768+00:00,spot_7,Spot 7,Occupied,2026-06-26T12:58:23.374586+00:00,1017,car,0.8176414370536804,6857,247.50717163085938,329.60626220703125,296.0605163574219,359.24163818359375
2026-06-26T14:48:56.077768+00:00,spot_8,Spot 8,Occupied,2026-06-26T13:48:45.543059+00:00,1034,car,0.8138517737388611,3616,206.88876342773438,324.4342041015625,261.6042175292969,355.8106689453125
2026-06-26T14:48:56.077768+00:00,spot_9,Spot 9,Occupied,2026-06-26T13:48:45.543059+00:00,1030,car,0.771914005279541,4282,184.89981079101562,328.6376037597656,214.44119262695312,351.2118225097656
2026-06-26T14:48:56.077768+00:00,spot_10,Spot 10,Occupied,2026-06-26T14:47:30.008447+00:00,1070,car,0.6837256550788879,89,141.07952880859375,321.1771240234375,189.84808349609375,351.04541015625
2026-06-26T14:48:56.077768+00:00,spot_11,Spot 11,Occupied,2026-06-26T14:47:30.008447+00:00,1069,car,0.6149817109107971,224,114.0809326171875,318.3721008300781,156.6446533203125,346.6278381347656
2026-06-26T14:48:56.077768+00:00,spot_12,Spot 12,Occupied,2026-06-26T14:42:49.701730+00:00,1028,truck,0.5744302272796631,4282,73.49095153808594,313.72174072265625,127.02854919433594,341.51934814453125
2026-06-26T14:48:56.077768+00:00,spot_13,Spot 13,Empty,2026-06-26T14:42:49.701730+00:00,,,,,,,,
2026-06-26T14:48:56.077768+00:00,spot_14,Spot 14,Occupied,2026-06-26T14:43:56.297999+00:00,1056,car,0.4776079058647156,1278,53.39044189453125,314.703857421875,87.19961547851562,335.0042724609375
2026-06-26T14:48:56.077768+00:00,spot_15,Spot 15,Empty,2026-06-26T14:48:56.077768+00:00,,,,,,,,
2026-06-26T14:48:56.077768+00:00,spot_16,Spot 16,Empty,2026-06-25T23:36:33.476018+00:00,,,,,,,,
2026-06-26T14:48:56.077768+00:00,spot_17,Spot 17,Empty,2026-06-25T18:08:23.061954+00:00,,,,,,,,
2026-06-26T14:50:01.024835+00:00,spot_1,Spot 1,Occupied,2026-06-26T14:36:22.822597+00:00,1001,car,0.534534215927124,10835,572.410888671875,321.3188171386719,614.884033203125,370.8992614746094
2026-06-26T14:50:01.024835+00:00,spot_2,Spot 2,Occupied,2026-06-26T14:48:56.077768+00:00,1066,truck,0.45587605237960815,431,504.8626403808594,317.6628112792969,553.7498779296875,368.0052795410156
2026-06-26T14:50:01.024835+00:00,spot_3,Spot 3,Occupied,2026-06-26T14:48:56.077768+00:00,1063,truck,0.7341607809066772,755,447.08648681640625,320.97100830078125,502.53204345703125,363.86663818359375
2026-06-26T14:50:01.024835+00:00,spot_4,Spot 4,Occupied,2026-06-26T14:29:07.349125+00:00,1057,car,0.8999842405319214,1258,391.5877685546875,326.42529296875,448.85986328125,362.4188232421875
2026-06-26T14:50:01.024835+00:00,spot_5,Spot 5,Empty,2026-06-26T14:02:49.642184+00:00,,,,,,,,
2026-06-26T14:50:01.024835+00:00,spot_6,Spot 6,Occupied,2026-06-26T14:50:01.024835+00:00,1059,car,0.3988493084907532,1024,277.1728515625,324.882080078125,350.33984375,364.0833740234375
2026-06-26T14:50:01.024835+00:00,spot_7,Spot 7,Occupied,2026-06-26T12:58:23.374586+00:00,1017,car,0.8126280307769775,6920,247.26315307617188,329.90899658203125,294.6895446777344,358.65765380859375
2026-06-26T14:50:01.024835+00:00,spot_8,Spot 8,Occupied,2026-06-26T13:48:45.543059+00:00,1034,car,0.8102192282676697,3679,207.16030883789062,324.77655029296875,260.5862121582031,356.09429931640625
2026-06-26T14:50:01.024835+00:00,spot_9,Spot 9,Occupied,2026-06-26T13:48:45.543059+00:00,1030,car,0.6109470725059509,4345,184.03648376464844,327.24603271484375,214.24037170410156,351.08599853515625
2026-06-26T14:50:01.024835+00:00,spot_10,Spot 10,Occupied,2026-06-26T14:47:30.008447+00:00,1070,car,0.7920272946357727,152,141.16790771484375,321.07501220703125,186.92889404296875,349.31756591796875
2026-06-26T14:50:01.024835+00:00,spot_11,Spot 11,Occupied,2026-06-26T14:47:30.008447+00:00,1069,car,0.6342279314994812,287,114.06415557861328,317.9735107421875,158.2283935546875,346.47119140625
2026-06-26T14:50:01.024835+00:00,spot_12,Spot 12,Occupied,2026-06-26T14:42:49.701730+00:00,1028,truck,0.4671485126018524,4345,73.524658203125,313.9009094238281,127.59835815429688,341.2549133300781
2026-06-26T14:50:01.024835+00:00,spot_13,Spot 13,Empty,2026-06-26T14:42:49.701730+00:00,,,,,,,,
2026-06-26T14:50:01.024835+00:00,spot_14,Spot 14,Occupied,2026-06-26T14:43:56.297999+00:00,1056,car,0.5303626656532288,1341,53.842041015625,314.72686767578125,87.97706604003906,334.72637939453125
2026-06-26T14:50:01.024835+00:00,spot_15,Spot 15,Empty,2026-06-26T14:48:56.077768+00:00,,,,,,,,
2026-06-26T14:50:01.024835+00:00,spot_16,Spot 16,Empty,2026-06-25T23:36:33.476018+00:00,,,,,,,,
2026-06-26T14:50:01.024835+00:00,spot_17,Spot 17,Empty,2026-06-25T18:08:23.061954+00:00,,,,,,,,
2026-06-26T14:51:22.529604+00:00,spot_1,Spot 1,Occupied,2026-06-26T14:51:22.529604+00:00,1074,truck,0.5673580169677734,0,572.5120849609375,320.82427978515625,615.06982421875,370.84881591796875
2026-06-26T14:51:22.529604+00:00,spot_2,Spot 2,Occupied,2026-06-26T14:48:56.077768+00:00,1066,truck,0.5854636430740356,509,505.05816650390625,316.1669921875,559.3502807617188,367.8692626953125
2026-06-26T14:51:22.529604+00:00,spot_3,Spot 3,Occupied,2026-06-26T14:48:56.077768+00:00,1063,truck,0.6613022089004517,832,446.6226806640625,320.7528991699219,502.9378662109375,364.7056579589844
2026-06-26T14:51:22.529604+00:00,spot_4,Spot 4,Occupied,2026-06-26T14:29:07.349125+00:00,1057,car,0.9036805629730225,1336,391.9578857421875,326.4651184082031,448.920166015625,362.4267883300781
2026-06-26T14:51:22.529604+00:00,spot_5,Spot 5,Empty,2026-06-26T14:02:49.642184+00:00,,,,,,,,
2026-06-26T14:51:22.529604+00:00,spot_6,Spot 6,Occupied,2026-06-26T14:50:01.024835+00:00,1059,car,0.5701296329498291,1101,276.52508544921875,324.58209228515625,349.8253173828125,363.93231201171875
2026-06-26T14:51:22.529604+00:00,spot_7,Spot 7,Occupied,2026-06-26T12:58:23.374586+00:00,1017,car,0.8313284516334534,6998,247.16091918945312,330.6283874511719,295.5118103027344,358.9540100097656
2026-06-26T14:51:22.529604+00:00,spot_8,Spot 8,Occupied,2026-06-26T13:48:45.543059+00:00,1034,car,0.7081187963485718,3757,206.830078125,324.4163818359375,259.51568603515625,355.88067626953125
2026-06-26T14:51:22.529604+00:00,spot_9,Spot 9,Occupied,2026-06-26T13:48:45.543059+00:00,1030,car,0.6762064099311829,4422,184.46115112304688,328.51531982421875,214.32888793945312,350.98602294921875
2026-06-26T14:51:22.529604+00:00,spot_10,Spot 10,Occupied,2026-06-26T14:47:30.008447+00:00,1070,car,0.458754301071167,230,141.4912109375,322.06964111328125,182.92108154296875,350.2166748046875
2026-06-26T14:51:22.529604+00:00,spot_11,Spot 11,Occupied,2026-06-26T14:47:30.008447+00:00,1069,car,0.44290095567703247,364,113.7742919921875,318.380615234375,159.0333251953125,346.46185302734375
2026-06-26T14:51:22.529604+00:00,spot_12,Spot 12,Occupied,2026-06-26T14:42:49.701730+00:00,1028,truck,0.5956340432167053,4422,72.86280822753906,313.5323486328125,126.93370056152344,341.4173583984375
2026-06-26T14:51:22.529604+00:00,spot_13,Spot 13,Empty,2026-06-26T14:42:49.701730+00:00,,,,,,,,
2026-06-26T14:51:22.529604+00:00,spot_14,Spot 14,Occupied,2026-06-26T14:43:56.297999+00:00,1056,car,0.5805589556694031,1419,53.112518310546875,314.80908203125,88.23471069335938,335.058837890625
2026-06-26T14:51:22.529604+00:00,spot_15,Spot 15,Empty,2026-06-26T14:48:56.077768+00:00,,,,,,,,
2026-06-26T14:51:22.529604+00:00,spot_16,Spot 16,Occupied,2026-06-26T14:51:22.529604+00:00,1076,car,0.36488890647888184,0,21.200515747070312,313.32598876953125,48.28856658935547,330.91131591796875
2026-06-26T14:51:22.529604+00:00,spot_17,Spot 17,Empty,2026-06-25T18:08:23.061954+00:00,,,,,,,,
2026-06-26T14:52:32.414802+00:00,spot_1,Spot 1,Occupied,2026-06-26T14:51:22.529604+00:00,1074,truck,0.5356343388557434,71,572.5013427734375,321.2447509765625,614.1524658203125,371.034423828125
2026-06-26T14:52:32.414802+00:00,spot_2,Spot 2,Occupied,2026-06-26T14:48:56.077768+00:00,1066,truck,0.575385332107544,580,505.0274353027344,316.35296630859375,556.6258544921875,367.87286376953125
2026-06-26T14:52:32.414802+00:00,spot_3,Spot 3,Occupied,2026-06-26T14:48:56.077768+00:00,1063,truck,0.5007102489471436,904,446.7637023925781,321.1062927246094,502.8459777832031,363.7016906738281
2026-06-26T14:52:32.414802+00:00,spot_4,Spot 4,Occupied,2026-06-26T14:29:07.349125+00:00,1057,car,0.8979746699333191,1407,391.9103088378906,326.36688232421875,449.0015563964844,361.98858642578125
2026-06-26T14:52:32.414802+00:00,spot_5,Spot 5,Empty,2026-06-26T14:02:49.642184+00:00,,,,,,,,
2026-06-26T14:52:32.414802+00:00,spot_6,Spot 6,Occupied,2026-06-26T14:52:32.414802+00:00,1073,truck,0.5600355863571167,301,277.97991943359375,324.49822998046875,350.60284423828125,364.43328857421875
2026-06-26T14:52:32.414802+00:00,spot_7,Spot 7,Occupied,2026-06-26T12:58:23.374586+00:00,1017,car,0.8312469124794006,7069,247.37664794921875,329.18035888671875,294.93292236328125,358.81951904296875
2026-06-26T14:52:32.414802+00:00,spot_8,Spot 8,Occupied,2026-06-26T13:48:45.543059+00:00,1034,car,0.7783891558647156,3828,206.77828979492188,324.835205078125,259.665283203125,356.1495361328125
2026-06-26T14:52:32.414802+00:00,spot_9,Spot 9,Occupied,2026-06-26T13:48:45.543059+00:00,1030,car,0.622687041759491,4494,184.34658813476562,328.6007080078125,214.88760375976562,351.20806884765625
2026-06-26T14:52:32.414802+00:00,spot_10,Spot 10,Occupied,2026-06-26T14:47:30.008447+00:00,1070,car,0.6083107590675354,301,141.2855987548828,321.21856689453125,184.91725158691406,350.40631103515625
2026-06-26T14:52:32.414802+00:00,spot_11,Spot 11,Occupied,2026-06-26T14:47:30.008447+00:00,1069,car,0.6124930381774902,436,113.95771789550781,318.24169921875,156.8437042236328,346.4503173828125
2026-06-26T14:52:32.414802+00:00,spot_12,Spot 12,Occupied,2026-06-26T14:52:32.414802+00:00,1077,car,0.4940345585346222,0,73.35647583007812,313.93096923828125,126.9892578125,341.42388916015625
2026-06-26T14:52:32.414802+00:00,spot_13,Spot 13,Empty,2026-06-26T14:42:49.701730+00:00,,,,,,,,
2026-06-26T14:52:32.414802+00:00,spot_14,Spot 14,Occupied,2026-06-26T14:43:56.297999+00:00,1056,car,0.6267775893211365,1490,53.40419006347656,314.6500244140625,87.0264892578125,335.051513671875
2026-06-26T14:52:32.414802+00:00,spot_15,Spot 15,Empty,2026-06-26T14:48:56.077768+00:00,,,,,,,,
2026-06-26T14:52:32.414802+00:00,spot_16,Spot 16,Empty,2026-06-26T14:52:32.414802+00:00,,,,,,,,
2026-06-26T14:52:32.414802+00:00,spot_17,Spot 17,Empty,2026-06-25T18:08:23.061954+00:00,,,,,,,,
2026-06-26T14:53:32.007639+00:00,spot_1,Spot 1,Occupied,2026-06-26T14:53:32.007639+00:00,1078,car,0.49225914478302,0,572.3875732421875,322.3037414550781,614.4154052734375,370.8966979980469
2026-06-26T14:53:32.007639+00:00,spot_2,Spot 2,Occupied,2026-06-26T14:48:56.077768+00:00,1066,truck,0.655053973197937,637,504.66741943359375,316.3454895019531,557.3573608398438,367.9374084472656
2026-06-26T14:53:32.007639+00:00,spot_3,Spot 3,Occupied,2026-06-26T14:53:32.007639+00:00,1079,car,0.4368303716182709,0,447.0267028808594,321.5166015625,502.7001037597656,363.6234130859375
2026-06-26T14:53:32.007639+00:00,spot_4,Spot 4,Occupied,2026-06-26T14:29:07.349125+00:00,1057,car,0.8945131301879883,1464,391.91595458984375,326.3868713378906,449.23065185546875,362.1197814941406
2026-06-26T14:53:32.007639+00:00,spot_5,Spot 5,Empty,2026-06-26T14:02:49.642184+00:00,,,,,,,,
2026-06-26T14:53:32.007639+00:00,spot_6,Spot 6,Occupied,2026-06-26T14:52:32.414802+00:00,1073,truck,0.5629321932792664,358,278.6439208984375,324.5487060546875,351.80908203125,364.4127197265625
2026-06-26T14:53:32.007639+00:00,spot_7,Spot 7,Occupied,2026-06-26T12:58:23.374586+00:00,1017,car,0.7934787273406982,7126,247.27186584472656,329.1282958984375,295.5040283203125,358.6151123046875
2026-06-26T14:53:32.007639+00:00,spot_8,Spot 8,Occupied,2026-06-26T13:48:45.543059+00:00,1034,car,0.7820133566856384,3885,206.70199584960938,324.4247131347656,258.5021057128906,356.0879821777344
2026-06-26T14:53:32.007639+00:00,spot_9,Spot 9,Occupied,2026-06-26T13:48:45.543059+00:00,1030,car,0.6416191458702087,4551,184.7476806640625,328.609375,215.09173583984375,351.10595703125
2026-06-26T14:53:32.007639+00:00,spot_10,Spot 10,Occupied,2026-06-26T14:47:30.008447+00:00,1070,car,0.7179341912269592,358,141.83641052246094,321.37176513671875,191.3969268798828,350.39935302734375
2026-06-26T14:53:32.007639+00:00,spot_11,Spot 11,Occupied,2026-06-26T14:47:30.008447+00:00,1069,car,0.5435261130332947,493,113.86334991455078,318.5981140136719,157.59942626953125,346.7342224121094
2026-06-26T14:53:32.007639+00:00,spot_12,Spot 12,Occupied,2026-06-26T14:52:32.414802+00:00,1077,car,0.41314762830734253,57,73.58279418945312,313.593017578125,126.64459228515625,341.2918701171875
2026-06-26T14:53:32.007639+00:00,spot_13,Spot 13,Empty,2026-06-26T14:42:49.701730+00:00,,,,,,,,
2026-06-26T14:53:32.007639+00:00,spot_14,Spot 14,Occupied,2026-06-26T14:43:56.297999+00:00,1056,car,0.5636383295059204,1547,53.70487976074219,314.83245849609375,87.04380798339844,334.94952392578125
2026-06-26T14:53:32.007639+00:00,spot_15,Spot 15,Empty,2026-06-26T14:48:56.077768+00:00,,,,,,,,
2026-06-26T14:53:32.007639+00:00,spot_16,Spot 16,Empty,2026-06-26T14:52:32.414802+00:00,,,,,,,,
2026-06-26T14:53:32.007639+00:00,spot_17,Spot 17,Empty,2026-06-25T18:08:23.061954+00:00,,,,,,,,
2026-06-26T14:54:50.652678+00:00,spot_1,Spot 1,Occupied,2026-06-26T14:54:50.652678+00:00,1074,truck,0.42796486616134644,212,572.404296875,321.7867736816406,615.92578125,371.0816345214844
2026-06-26T14:54:50.652678+00:00,spot_2,Spot 2,Occupied,2026-06-26T14:48:56.077768+00:00,1066,truck,0.642139732837677,721,505.1790771484375,316.498779296875,557.5494384765625,368.0118408203125
2026-06-26T14:54:50.652678+00:00,spot_3,Spot 3,Occupied,2026-06-26T14:54:50.652678+00:00,1063,truck,0.6333557963371277,1045,446.97760009765625,321.7178649902344,502.86944580078125,363.6925354003906
2026-06-26T14:54:50.652678+00:00,spot_4,Spot 4,Occupied,2026-06-26T14:29:07.349125+00:00,1057,car,0.9053924679756165,1548,391.9403076171875,326.35455322265625,449.1402587890625,361.84906005859375
2026-06-26T14:54:50.652678+00:00,spot_5,Spot 5,Empty,2026-06-26T14:02:49.642184+00:00,,,,,,,,
2026-06-26T14:54:50.652678+00:00,spot_6,Spot 6,Occupied,2026-06-26T14:54:50.652678+00:00,1080,car,0.6232925057411194,0,276.75201416015625,324.3944091796875,350.306884765625,364.427978515625
2026-06-26T14:54:50.652678+00:00,spot_7,Spot 7,Occupied,2026-06-26T12:58:23.374586+00:00,1017,car,0.7835909128189087,7210,247.13998413085938,330.10223388671875,294.9111022949219,359.03631591796875
2026-06-26T14:54:50.652678+00:00,spot_8,Spot 8,Occupied,2026-06-26T13:48:45.543059+00:00,1034,car,0.7827364206314087,3969,206.58901977539062,324.37420654296875,258.700439453125,356.00372314453125
2026-06-26T14:54:50.652678+00:00,spot_9,Spot 9,Occupied,2026-06-26T13:48:45.543059+00:00,1030,car,0.6855199337005615,4635,184.81817626953125,327.67578125,213.618408203125,351.236572265625
2026-06-26T14:54:50.652678+00:00,spot_10,Spot 10,Occupied,2026-06-26T14:47:30.008447+00:00,1070,car,0.8141011595726013,442,141.08273315429688,321.059326171875,189.45404052734375,350.55224609375
2026-06-26T14:54:50.652678+00:00,spot_11,Spot 11,Occupied,2026-06-26T14:47:30.008447+00:00,1069,car,0.5958045125007629,577,113.86903381347656,318.1217041015625,156.6393585205078,346.5179443359375
2026-06-26T14:54:50.652678+00:00,spot_12,Spot 12,Occupied,2026-06-26T14:54:50.652678+00:00,1028,truck,0.5632906556129456,4635,73.59591674804688,313.7821044921875,126.52230834960938,341.648681640625
2026-06-26T14:54:50.652678+00:00,spot_13,Spot 13,Empty,2026-06-26T14:42:49.701730+00:00,,,,,,,,
2026-06-26T14:54:50.652678+00:00,spot_14,Spot 14,Occupied,2026-06-26T14:43:56.297999+00:00,1056,car,0.6744989156723022,1631,53.51816940307617,314.75469970703125,87.13172912597656,334.91546630859375
2026-06-26T14:54:50.652678+00:00,spot_15,Spot 15,Empty,2026-06-26T14:48:56.077768+00:00,,,,,,,,
2026-06-26T14:54:50.652678+00:00,spot_16,Spot 16,Occupied,2026-06-26T14:54:50.652678+00:00,1081,car,0.36817118525505066,0,20.23841094970703,312.94830322265625,49.97254943847656,330.876708984375
2026-06-26T14:54:50.652678+00:00,spot_17,Spot 17,Empty,2026-06-25T18:08:23.061954+00:00,,,,,,,,
2026-06-26T14:55:57.835227+00:00,spot_1,Spot 1,Occupied,2026-06-26T14:55:57.835227+00:00,1078,car,0.4637141227722168,152,572.3319702148438,321.98004150390625,615.7955932617188,371.43438720703125
2026-06-26T14:55:57.835227+00:00,spot_2,Spot 2,Occupied,2026-06-26T14:48:56.077768+00:00,1066,truck,0.7219119071960449,790,504.98052978515625,315.83343505859375,558.8536987304688,368.59954833984375
2026-06-26T14:55:57.835227+00:00,spot_3,Spot 3,Occupied,2026-06-26T14:54:50.652678+00:00,1063,truck,0.7405047416687012,1113,447.02899169921875,321.0943603515625,502.75201416015625,363.8707275390625
2026-06-26T14:55:57.835227+00:00,spot_4,Spot 4,Occupied,2026-06-26T14:29:07.349125+00:00,1057,car,0.9084195494651794,1616,391.80511474609375,326.44415283203125,448.56109619140625,362.02288818359375
2026-06-26T14:55:57.835227+00:00,spot_5,Spot 5,Empty,2026-06-26T14:02:49.642184+00:00,,,,,,,,
2026-06-26T14:55:57.835227+00:00,spot_6,Spot 6,Occupied,2026-06-26T14:55:57.835227+00:00,1073,truck,0.4425675570964813,510,277.4799499511719,324.05706787109375,349.9958801269531,364.15203857421875
2026-06-26T14:55:57.835227+00:00,spot_7,Spot 7,Occupied,2026-06-26T12:58:23.374586+00:00,1017,car,0.8534161448478699,7279,247.15476989746094,328.9478759765625,295.8941650390625,359.17236328125
2026-06-26T14:55:57.835227+00:00,spot_8,Spot 8,Occupied,2026-06-26T13:48:45.543059+00:00,1034,car,0.6577466726303101,4038,206.79364013671875,324.57696533203125,261.38592529296875,356.21160888671875
2026-06-26T14:55:57.835227+00:00,spot_9,Spot 9,Occupied,2026-06-26T13:48:45.543059+00:00,1030,car,0.6773785352706909,4703,184.80279541015625,328.7076416015625,213.32171630859375,350.9710693359375
2026-06-26T14:55:57.835227+00:00,spot_10,Spot 10,Occupied,2026-06-26T14:47:30.008447+00:00,1070,car,0.7917591333389282,510,140.4725341796875,321.23370361328125,191.68692016601562,350.584716796875
2026-06-26T14:55:57.835227+00:00,spot_11,Spot 11,Occupied,2026-06-26T14:47:30.008447+00:00,1069,car,0.5547623634338379,645,113.935791015625,318.5509338378906,158.37783813476562,346.5696105957031
2026-06-26T14:55:57.835227+00:00,spot_12,Spot 12,Occupied,2026-06-26T14:54:50.652678+00:00,1028,truck,0.5761062502861023,4703,72.67001342773438,313.52618408203125,127.11129760742188,341.44873046875
2026-06-26T14:55:57.835227+00:00,spot_13,Spot 13,Empty,2026-06-26T14:42:49.701730+00:00,,,,,,,,
2026-06-26T14:55:57.835227+00:00,spot_14,Spot 14,Occupied,2026-06-26T14:43:56.297999+00:00,1056,car,0.5434058904647827,1700,53.984222412109375,314.6973876953125,87.53498840332031,334.891845703125
2026-06-26T14:55:57.835227+00:00,spot_15,Spot 15,Empty,2026-06-26T14:48:56.077768+00:00,,,,,,,,
2026-06-26T14:55:57.835227+00:00,spot_16,Spot 16,Empty,2026-06-26T14:55:57.835227+00:00,,,,,,,,
2026-06-26T14:55:57.835227+00:00,spot_17,Spot 17,Empty,2026-06-25T18:08:23.061954+00:00,,,,,,,,
2026-06-26T14:57:21.962959+00:00,spot_1,Spot 1,Occupied,2026-06-26T14:55:57.835227+00:00,1078,car,0.40776491165161133,230,572.42529296875,321.55633544921875,615.354736328125,371.18280029296875
2026-06-26T14:57:21.962959+00:00,spot_2,Spot 2,Occupied,2026-06-26T14:48:56.077768+00:00,1066,truck,0.6449751257896423,868,504.640380859375,316.6368408203125,557.8104248046875,368.46734619140625
2026-06-26T14:57:21.962959+00:00,spot_3,Spot 3,Occupied,2026-06-26T14:54:50.652678+00:00,1063,truck,0.6796180009841919,1191,446.76947021484375,321.6361083984375,502.95428466796875,364.0477294921875
2026-06-26T14:57:21.962959+00:00,spot_4,Spot 4,Occupied,2026-06-26T14:29:07.349125+00:00,1057,car,0.9019516110420227,1694,391.8587646484375,326.3642578125,448.8699951171875,362.26068115234375
2026-06-26T14:57:21.962959+00:00,spot_5,Spot 5,Empty,2026-06-26T14:02:49.642184+00:00,,,,,,,,
2026-06-26T14:57:21.962959+00:00,spot_6,Spot 6,Occupied,2026-06-26T14:55:57.835227+00:00,1073,truck,0.5825768709182739,589,279.77947998046875,324.37335205078125,351.3671875,364.46630859375
2026-06-26T14:57:21.962959+00:00,spot_7,Spot 7,Occupied,2026-06-26T12:58:23.374586+00:00,1017,car,0.8135169148445129,7357,247.3289337158203,329.4103088378906,295.70721435546875,359.0354309082031
2026-06-26T14:57:21.962959+00:00,spot_8,Spot 8,Occupied,2026-06-26T13:48:45.543059+00:00,1034,car,0.7810688018798828,4116,206.55178833007812,324.6123352050781,261.9434509277344,356.2565002441406
2026-06-26T14:57:21.962959+00:00,spot_9,Spot 9,Occupied,2026-06-26T13:48:45.543059+00:00,1030,car,0.4252602159976959,4781,184.19863891601562,326.1950988769531,219.8990478515625,351.0619812011719
2026-06-26T14:57:21.962959+00:00,spot_10,Spot 10,Occupied,2026-06-26T14:47:30.008447+00:00,1070,car,0.7265300154685974,589,141.63278198242188,321.0948791503906,193.47323608398438,350.4656066894531
2026-06-26T14:57:21.962959+00:00,spot_11,Spot 11,Occupied,2026-06-26T14:57:21.962959+00:00,1082,truck,0.4557042717933655,0,113.9542236328125,318.48858642578125,157.26589965820312,346.47869873046875
2026-06-26T14:57:21.962959+00:00,spot_12,Spot 12,Occupied,2026-06-26T14:54:50.652678+00:00,1028,truck,0.718498945236206,4781,73.08688354492188,313.4035949707031,127.43402099609375,341.4938049316406
2026-06-26T14:57:21.962959+00:00,spot_13,Spot 13,Empty,2026-06-26T14:42:49.701730+00:00,,,,,,,,
2026-06-26T14:57:21.962959+00:00,spot_14,Spot 14,Occupied,2026-06-26T14:43:56.297999+00:00,1056,car,0.5533949732780457,1778,53.84238815307617,314.79693603515625,87.06480407714844,335.0968017578125
2026-06-26T14:57:21.962959+00:00,spot_15,Spot 15,Empty,2026-06-26T14:48:56.077768+00:00,,,,,,,,
2026-06-26T14:57:21.962959+00:00,spot_16,Spot 16,Occupied,2026-06-26T14:57:21.962959+00:00,1083,truck,0.3875053822994232,0,21.185768127441406,313.2529296875,48.74504852294922,330.862548828125
2026-06-26T14:57:21.962959+00:00,spot_17,Spot 17,Empty,2026-06-25T18:08:23.061954+00:00,,,,,,,,
2026-06-26T14:58:51.444308+00:00,spot_1,Spot 1,Occupied,2026-06-26T14:55:57.835227+00:00,1078,car,0.7503620386123657,323,572.16064453125,321.57525634765625,615.8944091796875,371.27288818359375
2026-06-26T14:58:51.444308+00:00,spot_2,Spot 2,Occupied,2026-06-26T14:48:56.077768+00:00,1066,truck,0.4364062547683716,961,504.97552490234375,281.7825927734375,559.5459594726562,368.046142578125
2026-06-26T14:58:51.444308+00:00,spot_3,Spot 3,Occupied,2026-06-26T14:54:50.652678+00:00,1063,truck,0.7741419672966003,1284,446.9231872558594,320.85986328125,502.8723449707031,363.542236328125
2026-06-26T14:58:51.444308+00:00,spot_4,Spot 4,Occupied,2026-06-26T14:29:07.349125+00:00,1057,car,0.8981407880783081,1787,391.796142578125,326.412109375,449.1898193359375,362.36480712890625
2026-06-26T14:58:51.444308+00:00,spot_5,Spot 5,Empty,2026-06-26T14:02:49.642184+00:00,,,,,,,,
2026-06-26T14:58:51.444308+00:00,spot_6,Spot 6,Occupied,2026-06-26T14:58:51.444308+00:00,1080,car,0.45896390080451965,239,276.21978759765625,324.35009765625,349.78204345703125,364.1417236328125
2026-06-26T14:58:51.444308+00:00,spot_7,Spot 7,Occupied,2026-06-26T12:58:23.374586+00:00,1017,car,0.8222752809524536,7450,247.6439208984375,329.9198303222656,295.47296142578125,358.8318176269531
2026-06-26T14:58:51.444308+00:00,spot_8,Spot 8,Occupied,2026-06-26T13:48:45.543059+00:00,1034,car,0.7756436467170715,4208,206.67495727539062,324.8916931152344,266.87451171875,356.4031677246094
2026-06-26T14:58:51.444308+00:00,spot_9,Spot 9,Occupied,2026-06-26T13:48:45.543059+00:00,1030,car,0.42590880393981934,4874,184.61026000976562,325.7742919921875,225.26510620117188,351.0645751953125
2026-06-26T14:58:51.444308+00:00,spot_10,Spot 10,Occupied,2026-06-26T14:47:30.008447+00:00,1070,car,0.7618498802185059,681,141.67678833007812,321.0940246582031,198.07327270507812,350.4978332519531
2026-06-26T14:58:51.444308+00:00,spot_11,Spot 11,Occupied,2026-06-26T14:57:21.962959+00:00,1082,truck,0.45708179473876953,92,114.14134216308594,318.39556884765625,156.58372497558594,346.341796875
2026-06-26T14:58:51.444308+00:00,spot_12,Spot 12,Occupied,2026-06-26T14:54:50.652678+00:00,1028,truck,0.6254273653030396,4874,74.13227844238281,313.4449462890625,127.46731567382812,341.5003662109375
2026-06-26T14:58:51.444308+00:00,spot_13,Spot 13,Empty,2026-06-26T14:42:49.701730+00:00,,,,,,,,
2026-06-26T14:58:51.444308+00:00,spot_14,Spot 14,Occupied,2026-06-26T14:43:56.297999+00:00,1056,car,0.5387517213821411,1870,53.41880416870117,314.65472412109375,87.16557312011719,335.15216064453125
2026-06-26T14:58:51.444308+00:00,spot_15,Spot 15,Empty,2026-06-26T14:48:56.077768+00:00,,,,,,,,
2026-06-26T14:58:51.444308+00:00,spot_16,Spot 16,Empty,2026-06-26T14:58:51.444308+00:00,,,,,,,,
2026-06-26T14:58:51.444308+00:00,spot_17,Spot 17,Empty,2026-06-25T18:08:23.061954+00:00,,,,,,,,
2026-06-26T14:59:58.408963+00:00,spot_1,Spot 1,Occupied,2026-06-26T14:55:57.835227+00:00,1078,car,0.7357981204986572,392,572.3369140625,321.17041015625,615.7451171875,371.348876953125
2026-06-26T14:59:58.408963+00:00,spot_2,Spot 2,Occupied,2026-06-26T14:48:56.077768+00:00,1066,truck,0.8206431865692139,1030,505.2735595703125,316.5585632324219,559.2694091796875,368.4449768066406
2026-06-26T14:59:58.408963+00:00,spot_3,Spot 3,Occupied,2026-06-26T14:54:50.652678+00:00,1063,truck,0.6320566534996033,1354,446.9705810546875,321.4824523925781,502.8858642578125,364.7132263183594
2026-06-26T14:59:58.408963+00:00,spot_4,Spot 4,Occupied,2026-06-26T14:29:07.349125+00:00,1057,car,0.9011180400848389,1857,391.95074462890625,326.34759521484375,449.18438720703125,362.52886962890625
2026-06-26T14:59:58.408963+00:00,spot_5,Spot 5,Empty,2026-06-26T14:02:49.642184+00:00,,,,,,,,
2026-06-26T14:59:58.408963+00:00,spot_6,Spot 6,Occupied,2026-06-26T14:59:58.408963+00:00,1073,truck,0.4535853862762451,751,276.68157958984375,324.1260986328125,350.02764892578125,364.461669921875
2026-06-26T14:59:58.408963+00:00,spot_7,Spot 7,Occupied,2026-06-26T12:58:23.374586+00:00,1017,car,0.8404988646507263,7519,247.59564208984375,329.34228515625,295.53631591796875,358.93359375
2026-06-26T14:59:58.408963+00:00,spot_8,Spot 8,Occupied,2026-06-26T13:48:45.543059+00:00,1034,car,0.6884804964065552,4278,206.73480224609375,324.283935546875,262.9407958984375,356.416259765625
2026-06-26T14:59:58.408963+00:00,spot_9,Spot 9,Occupied,2026-06-26T13:48:45.543059+00:00,1030,car,0.45770975947380066,4944,184.7620086669922,326.23016357421875,218.54734802246094,351.10540771484375
2026-06-26T14:59:58.408963+00:00,spot_10,Spot 10,Occupied,2026-06-26T14:47:30.008447+00:00,1070,car,0.7241073250770569,751,140.99989318847656,321.1419677734375,192.6227569580078,350.2021484375
2026-06-26T14:59:58.408963+00:00,spot_11,Spot 11,Occupied,2026-06-26T14:59:58.408963+00:00,1069,car,0.6300603151321411,886,113.92082214355469,318.37530517578125,156.49632263183594,346.24285888671875
2026-06-26T14:59:58.408963+00:00,spot_12,Spot 12,Occupied,2026-06-26T14:54:50.652678+00:00,1028,truck,0.5105482339859009,4944,73.6168212890625,313.267333984375,128.31594848632812,341.642333984375
2026-06-26T14:59:58.408963+00:00,spot_13,Spot 13,Empty,2026-06-26T14:42:49.701730+00:00,,,,,,,,
2026-06-26T14:59:58.408963+00:00,spot_14,Spot 14,Occupied,2026-06-26T14:43:56.297999+00:00,1056,car,0.43116357922554016,1940,53.38863754272461,314.66912841796875,87.5616455078125,334.77398681640625
2026-06-26T14:59:58.408963+00:00,spot_15,Spot 15,Empty,2026-06-26T14:48:56.077768+00:00,,,,,,,,
2026-06-26T14:59:58.408963+00:00,spot_16,Spot 16,Empty,2026-06-26T14:58:51.444308+00:00,,,,,,,,
2026-06-26T14:59:58.408963+00:00,spot_17,Spot 17,Empty,2026-06-25T18:08:23.061954+00:00,,,,,,,,
2026-06-26T15:01:31.947670+00:00,spot_1,Spot 1,Occupied,2026-06-26T14:55:57.835227+00:00,1078,car,0.8005588054656982,481,572.318359375,321.2882080078125,615.17236328125,371.3951416015625
2026-06-26T15:01:31.947670+00:00,spot_2,Spot 2,Occupied,2026-06-26T14:48:56.077768+00:00,1066,truck,0.6411779522895813,1119,505.0697021484375,316.1911315917969,559.0531005859375,368.5632629394531
2026-06-26T15:01:31.947670+00:00,spot_3,Spot 3,Occupied,2026-06-26T15:01:31.947670+00:00,1085,car,0.5125432014465332,0,446.92645263671875,321.4894714355469,502.62188720703125,364.1141052246094
2026-06-26T15:01:31.947670+00:00,spot_4,Spot 4,Occupied,2026-06-26T14:29:07.349125+00:00,1057,car,0.9031438827514648,1946,391.98046875,326.13763427734375,449.27459716796875,362.99029541015625
2026-06-26T15:01:31.947670+00:00,spot_5,Spot 5,Empty,2026-06-26T14:02:49.642184+00:00,,,,,,,,
2026-06-26T15:01:31.947670+00:00,spot_6,Spot 6,Occupied,2026-06-26T14:59:58.408963+00:00,1073,truck,0.575073778629303,840,276.9979553222656,324.2101135253906,350.3379211425781,364.7262878417969
2026-06-26T15:01:31.947670+00:00,spot_7,Spot 7,Occupied,2026-06-26T12:58:23.374586+00:00,1017,car,0.8420193195343018,7608,247.4259033203125,330.129150390625,295.79827880859375,358.753662109375
2026-06-26T15:01:31.947670+00:00,spot_8,Spot 8,Occupied,2026-06-26T13:48:45.543059+00:00,1034,car,0.8061584830284119,4367,206.96249389648438,324.1468505859375,258.4507751464844,356.345947265625
2026-06-26T15:01:31.947670+00:00,spot_9,Spot 9,Occupied,2026-06-26T13:48:45.543059+00:00,1030,car,0.6927613019943237,5032,184.18731689453125,325.6923828125,218.08526611328125,351.26806640625
2026-06-26T15:01:31.947670+00:00,spot_10,Spot 10,Occupied,2026-06-26T14:47:30.008447+00:00,1070,car,0.693200409412384,840,141.3839111328125,321.1328430175781,193.08712768554688,350.5656433105469
2026-06-26T15:01:31.947670+00:00,spot_11,Spot 11,Occupied,2026-06-26T15:01:31.947670+00:00,1082,truck,0.3972262144088745,251,113.51941680908203,318.3357238769531,156.96966552734375,346.0038757324219
2026-06-26T15:01:31.947670+00:00,spot_12,Spot 12,Occupied,2026-06-26T14:54:50.652678+00:00,1028,truck,0.66493159532547,5032,72.39039611816406,313.366455078125,127.47254943847656,341.451416015625
2026-06-26T15:01:31.947670+00:00,spot_13,Spot 13,Empty,2026-06-26T14:42:49.701730+00:00,,,,,,,,
2026-06-26T15:01:31.947670+00:00,spot_14,Spot 14,Occupied,2026-06-26T14:43:56.297999+00:00,1056,car,0.35523712635040283,2029,53.12010955810547,314.33245849609375,88.6307144165039,334.63140869140625
2026-06-26T15:01:31.947670+00:00,spot_15,Spot 15,Empty,2026-06-26T14:48:56.077768+00:00,,,,,,,,
2026-06-26T15:01:31.947670+00:00,spot_16,Spot 16,Empty,2026-06-26T14:58:51.444308+00:00,,,,,,,,
2026-06-26T15:01:31.947670+00:00,spot_17,Spot 17,Empty,2026-06-25T18:08:23.061954+00:00,,,,,,,,
2026-06-26T15:03:02.901501+00:00,spot_1,Spot 1,Occupied,2026-06-26T14:55:57.835227+00:00,1078,car,0.7835129499435425,575,572.2048950195312,321.5902099609375,616.4301147460938,371.3779296875
2026-06-26T15:03:02.901501+00:00,spot_2,Spot 2,Occupied,2026-06-26T14:48:56.077768+00:00,1066,truck,0.6691226959228516,1213,505.11175537109375,316.3724060058594,559.7838745117188,368.6348571777344
2026-06-26T15:03:02.901501+00:00,spot_3,Spot 3,Occupied,2026-06-26T15:03:02.901501+00:00,1063,truck,0.48017993569374084,1536,446.8013916015625,321.30511474609375,502.819091796875,364.4561767578125
2026-06-26T15:03:02.901501+00:00,spot_4,Spot 4,Occupied,2026-06-26T14:29:07.349125+00:00,1057,car,0.8967140913009644,2039,391.85284423828125,326.25408935546875,448.88323974609375,362.57720947265625
2026-06-26T15:03:02.901501+00:00,spot_5,Spot 5,Occupied,2026-06-26T15:03:02.901501+00:00,1086,car,0.8021217584609985,0,336.13055419921875,325.139404296875,387.62359619140625,363.55828857421875
2026-06-26T15:03:02.901501+00:00,spot_6,Spot 6,Occupied,2026-06-26T15:03:02.901501+00:00,1087,car,0.6305482983589172,0,276.93804931640625,324.15185546875,344.1904296875,364.659423828125
2026-06-26T15:03:02.901501+00:00,spot_7,Spot 7,Occupied,2026-06-26T12:58:23.374586+00:00,1017,car,0.8557830452919006,7702,247.48165893554688,329.7816162109375,295.9311218261719,358.98486328125
2026-06-26T15:03:02.901501+00:00,spot_8,Spot 8,Occupied,2026-06-26T13:48:45.543059+00:00,1034,car,0.7333757877349854,4460,206.888671875,324.1861267089844,265.20587158203125,356.2950744628906
2026-06-26T15:03:02.901501+00:00,spot_9,Spot 9,Occupied,2026-06-26T13:48:45.543059+00:00,1030,car,0.6070390939712524,5126,184.32235717773438,324.94677734375,219.4766845703125,351.0833740234375
2026-06-26T15:03:02.901501+00:00,spot_10,Spot 10,Occupied,2026-06-26T14:47:30.008447+00:00,1070,car,0.8353523015975952,933,140.379638671875,321.1212158203125,188.61614990234375,350.6939697265625
2026-06-26T15:03:02.901501+00:00,spot_11,Spot 11,Occupied,2026-06-26T15:03:02.901501+00:00,1069,car,0.6392202973365784,1068,113.6259765625,318.50482177734375,156.97982788085938,346.71746826171875
2026-06-26T15:03:02.901501+00:00,spot_12,Spot 12,Occupied,2026-06-26T14:54:50.652678+00:00,1028,truck,0.6947142481803894,5126,73.22024536132812,313.38104248046875,127.56434631347656,341.42095947265625
2026-06-26T15:03:02.901501+00:00,spot_13,Spot 13,Empty,2026-06-26T14:42:49.701730+00:00,,,,,,,,
2026-06-26T15:03:02.901501+00:00,spot_14,Spot 14,Occupied,2026-06-26T14:43:56.297999+00:00,1056,car,0.37668469548225403,2122,53.18363952636719,314.60321044921875,87.71652221679688,334.71612548828125
2026-06-26T15:03:02.901501+00:00,spot_15,Spot 15,Empty,2026-06-26T14:48:56.077768+00:00,,,,,,,,
2026-06-26T15:03:02.901501+00:00,spot_16,Spot 16,Occupied,2026-06-26T15:03:02.901501+00:00,1088,car,0.36851486563682556,0,21.41614532470703,313.22503662109375,48.345306396484375,330.75201416015625
2026-06-26T15:03:02.901501+00:00,spot_17,Spot 17,Empty,2026-06-25T18:08:23.061954+00:00,,,,,,,,
2026-06-26T15:04:08.853442+00:00,spot_1,Spot 1,Occupied,2026-06-26T14:55:57.835227+00:00,1078,car,0.6778239607810974,655,572.0214233398438,320.934814453125,614.3214721679688,371.4437255859375
2026-06-26T15:04:08.853442+00:00,spot_2,Spot 2,Occupied,2026-06-26T14:48:56.077768+00:00,1066,truck,0.7615000009536743,1293,504.91986083984375,316.6635437011719,559.9231567382812,368.7788391113281
2026-06-26T15:04:08.853442+00:00,spot_3,Spot 3,Occupied,2026-06-26T15:04:08.853442+00:00,1085,car,0.4280872344970703,173,447.04388427734375,320.84454345703125,502.91302490234375,364.95037841796875
2026-06-26T15:04:08.853442+00:00,spot_4,Spot 4,Occupied,2026-06-26T14:29:07.349125+00:00,1057,car,0.8963617086410522,2119,391.94195556640625,326.2468566894531,449.203369140625,363.8388977050781
2026-06-26T15:04:08.853442+00:00,spot_5,Spot 5,Occupied,2026-06-26T15:03:02.901501+00:00,1086,car,0.8568911552429199,80,336.6728515625,325.10455322265625,385.4273681640625,363.36737060546875
2026-06-26T15:04:08.853442+00:00,spot_6,Spot 6,Occupied,2026-06-26T15:03:02.901501+00:00,1087,car,0.7289944291114807,80,277.5758056640625,323.9892883300781,344.4368896484375,364.9712829589844
2026-06-26T15:04:08.853442+00:00,spot_7,Spot 7,Occupied,2026-06-26T12:58:23.374586+00:00,1017,car,0.8284693360328674,7782,247.544677734375,329.37042236328125,295.7659912109375,359.11053466796875
2026-06-26T15:04:08.853442+00:00,spot_8,Spot 8,Occupied,2026-06-26T13:48:45.543059+00:00,1034,car,0.7704197764396667,4540,206.76943969726562,323.966064453125,259.9274597167969,356.290283203125
2026-06-26T15:04:08.853442+00:00,spot_9,Spot 9,Occupied,2026-06-26T13:48:45.543059+00:00,1030,car,0.6270932555198669,5206,184.47988891601562,325.528564453125,217.24655151367188,351.342041015625
2026-06-26T15:04:08.853442+00:00,spot_10,Spot 10,Occupied,2026-06-26T14:47:30.008447+00:00,1070,car,0.6531444191932678,1013,141.19354248046875,321.1224365234375,190.4642333984375,350.8621826171875
2026-06-26T15:04:08.853442+00:00,spot_11,Spot 11,Occupied,2026-06-26T15:04:08.853442+00:00,1082,truck,0.43930259346961975,424,113.70101928710938,318.08172607421875,156.31210327148438,346.72991943359375
2026-06-26T15:04:08.853442+00:00,spot_12,Spot 12,Occupied,2026-06-26T14:54:50.652678+00:00,1028,truck,0.6791340708732605,5206,75.89723205566406,313.2724609375,127.64930725097656,341.23291015625
2026-06-26T15:04:08.853442+00:00,spot_13,Spot 13,Empty,2026-06-26T14:42:49.701730+00:00,,,,,,,,
2026-06-26T15:04:08.853442+00:00,spot_14,Spot 14,Occupied,2026-06-26T14:43:56.297999+00:00,1056,car,0.4843088984489441,2202,53.658180236816406,314.6751708984375,87.96855926513672,334.7745361328125
2026-06-26T15:04:08.853442+00:00,spot_15,Spot 15,Empty,2026-06-26T14:48:56.077768+00:00,,,,,,,,
2026-06-26T15:04:08.853442+00:00,spot_16,Spot 16,Empty,2026-06-26T15:04:08.853442+00:00,,,,,,,,
2026-06-26T15:04:08.853442+00:00,spot_17,Spot 17,Empty,2026-06-25T18:08:23.061954+00:00,,,,,,,,
2026-06-26T15:05:30.272703+00:00,spot_1,Spot 1,Occupied,2026-06-26T14:55:57.835227+00:00,1078,car,0.800717294216156,720,572.044189453125,322.0845031738281,615.765869140625,371.6838684082031
2026-06-26T15:05:30.272703+00:00,spot_2,Spot 2,Occupied,2026-06-26T14:48:56.077768+00:00,1066,truck,0.7062007188796997,1358,504.727783203125,316.73358154296875,558.5941162109375,368.66864013671875
2026-06-26T15:05:30.272703+00:00,spot_3,Spot 3,Occupied,2026-06-26T15:05:30.272703+00:00,1063,truck,0.5749015212059021,1681,446.9425048828125,321.7740478515625,502.9658203125,364.97003173828125
2026-06-26T15:05:30.272703+00:00,spot_4,Spot 4,Occupied,2026-06-26T14:29:07.349125+00:00,1057,car,0.8828077912330627,2184,391.7828063964844,326.32708740234375,449.3420715332031,363.11468505859375
2026-06-26T15:05:30.272703+00:00,spot_5,Spot 5,Occupied,2026-06-26T15:03:02.901501+00:00,1086,car,0.8726598620414734,145,336.4462890625,325.1097412109375,393.6444091796875,363.39154052734375
2026-06-26T15:05:30.272703+00:00,spot_6,Spot 6,Occupied,2026-06-26T15:03:02.901501+00:00,1087,car,0.688048779964447,145,277.19287109375,324.39837646484375,345.443359375,364.53936767578125
2026-06-26T15:05:30.272703+00:00,spot_7,Spot 7,Occupied,2026-06-26T12:58:23.374586+00:00,1017,car,0.8332073092460632,7847,247.25473022460938,329.4801025390625,295.9209899902344,358.9345703125
2026-06-26T15:05:30.272703+00:00,spot_8,Spot 8,Occupied,2026-06-26T13:48:45.543059+00:00,1034,car,0.8024765253067017,4605,206.99972534179688,324.3939208984375,264.56396484375,356.593017578125
2026-06-26T15:05:30.272703+00:00,spot_9,Spot 9,Occupied,2026-06-26T13:48:45.543059+00:00,1030,car,0.628133237361908,5271,184.73117065429688,325.22027587890625,221.14065551757812,351.20086669921875
2026-06-26T15:05:30.272703+00:00,spot_10,Spot 10,Occupied,2026-06-26T14:47:30.008447+00:00,1070,car,0.6982913017272949,1078,141.55581665039062,320.8190612792969,195.08462524414062,350.4106140136719
2026-06-26T15:05:30.272703+00:00,spot_11,Spot 11,Occupied,2026-06-26T15:04:08.853442+00:00,1082,truck,0.44518062472343445,489,113.62044525146484,318.3858642578125,156.10928344726562,346.8115234375
2026-06-26T15:05:30.272703+00:00,spot_12,Spot 12,Occupied,2026-06-26T14:54:50.652678+00:00,1028,truck,0.6604637503623962,5271,73.67341613769531,313.3563232421875,127.34513854980469,341.5224609375
2026-06-26T15:05:30.272703+00:00,spot_13,Spot 13,Empty,2026-06-26T14:42:49.701730+00:00,,,,,,,,
2026-06-26T15:05:30.272703+00:00,spot_14,Spot 14,Occupied,2026-06-26T14:43:56.297999+00:00,1056,car,0.505650520324707,2268,53.175048828125,314.54534912109375,87.37580871582031,334.70306396484375
2026-06-26T15:05:30.272703+00:00,spot_15,Spot 15,Empty,2026-06-26T14:48:56.077768+00:00,,,,,,,,
2026-06-26T15:05:30.272703+00:00,spot_16,Spot 16,Occupied,2026-06-26T15:05:30.272703+00:00,1089,truck,0.3644048273563385,0,20.713167190551758,313.18878173828125,48.78746032714844,330.75140380859375
2026-06-26T15:05:30.272703+00:00,spot_17,Spot 17,Empty,2026-06-25T18:08:23.061954+00:00,,,,,,,,
2026-06-26T15:06:52.657953+00:00,spot_1,Spot 1,Occupied,2026-06-26T15:06:52.657953+00:00,1090,truck,0.3619409203529358,0,572.2868041992188,321.24200439453125,613.4981079101562,371.5965576171875
2026-06-26T15:06:52.657953+00:00,spot_2,Spot 2,Occupied,2026-06-26T14:48:56.077768+00:00,1066,truck,0.5851247906684875,1441,505.08782958984375,318.04095458984375,553.6605834960938,368.78179931640625
2026-06-26T15:06:52.657953+00:00,spot_3,Spot 3,Occupied,2026-06-26T15:06:52.657953+00:00,1085,car,0.7470840811729431,322,446.90509033203125,321.76104736328125,502.76837158203125,365.07147216796875
2026-06-26T15:06:52.657953+00:00,spot_4,Spot 4,Occupied,2026-06-26T14:29:07.349125+00:00,1057,car,0.8940288424491882,2268,391.65960693359375,326.26983642578125,449.19146728515625,363.93841552734375
2026-06-26T15:06:52.657953+00:00,spot_5,Spot 5,Occupied,2026-06-26T15:03:02.901501+00:00,1086,car,0.8860752582550049,228,336.44219970703125,324.77947998046875,393.31475830078125,363.23876953125
2026-06-26T15:06:52.657953+00:00,spot_6,Spot 6,Occupied,2026-06-26T15:03:02.901501+00:00,1087,car,0.7278251051902771,228,277.472900390625,324.66070556640625,344.089599609375,364.72137451171875
2026-06-26T15:06:52.657953+00:00,spot_7,Spot 7,Occupied,2026-06-26T12:58:23.374586+00:00,1017,car,0.8455194234848022,7930,247.3759307861328,329.7034912109375,295.65802001953125,359.0562744140625
2026-06-26T15:06:52.657953+00:00,spot_8,Spot 8,Occupied,2026-06-26T13:48:45.543059+00:00,1034,car,0.7999607920646667,4689,206.94277954101562,324.0182800292969,257.5804138183594,356.6942443847656
2026-06-26T15:06:52.657953+00:00,spot_9,Spot 9,Occupied,2026-06-26T13:48:45.543059+00:00,1030,car,0.7091763019561768,5354,184.40475463867188,323.96905517578125,220.97756958007812,351.1636962890625
2026-06-26T15:06:52.657953+00:00,spot_10,Spot 10,Occupied,2026-06-26T14:47:30.008447+00:00,1070,car,0.6448203325271606,1162,142.16513061523438,321.0224304199219,190.88916015625,351.1385192871094
2026-06-26T15:06:52.657953+00:00,spot_11,Spot 11,Occupied,2026-06-26T15:06:52.657953+00:00,1069,car,0.5558086633682251,1296,113.56080627441406,318.23675537109375,158.05552673339844,347.09967041015625
2026-06-26T15:06:52.657953+00:00,spot_12,Spot 12,Occupied,2026-06-26T14:54:50.652678+00:00,1028,truck,0.5479795336723328,5354,72.68478393554688,313.13409423828125,127.84927368164062,341.50238037109375
2026-06-26T15:06:52.657953+00:00,spot_13,Spot 13,Empty,2026-06-26T14:42:49.701730+00:00,,,,,,,,
2026-06-26T15:06:52.657953+00:00,spot_14,Spot 14,Occupied,2026-06-26T14:43:56.297999+00:00,1056,car,0.43435585498809814,2351,50.08476638793945,314.4329833984375,87.99464416503906,334.775146484375
2026-06-26T15:06:52.657953+00:00,spot_15,Spot 15,Empty,2026-06-26T14:48:56.077768+00:00,,,,,,,,
2026-06-26T15:06:52.657953+00:00,spot_16,Spot 16,Empty,2026-06-26T15:06:52.657953+00:00,,,,,,,,
2026-06-26T15:06:52.657953+00:00,spot_17,Spot 17,Empty,2026-06-25T18:08:23.061954+00:00,,,,,,,,
2026-06-26T15:07:58.298860+00:00,spot_1,Spot 1,Occupied,2026-06-26T15:07:58.298860+00:00,1078,car,0.6858652234077454,867,572.489013671875,321.95257568359375,615.399169921875,371.73187255859375
2026-06-26T15:07:58.298860+00:00,spot_2,Spot 2,Occupied,2026-06-26T14:48:56.077768+00:00,1066,truck,0.6554926633834839,1505,505.0077209472656,316.6048583984375,558.5701904296875,368.741455078125
2026-06-26T15:07:58.298860+00:00,spot_3,Spot 3,Occupied,2026-06-26T15:07:58.298860+00:00,1063,truck,0.6148259043693542,1828,446.70745849609375,321.33599853515625,503.1544189453125,364.41741943359375
2026-06-26T15:07:58.298860+00:00,spot_4,Spot 4,Occupied,2026-06-26T14:29:07.349125+00:00,1057,car,0.8897482752799988,2332,391.79766845703125,326.24896240234375,449.34088134765625,363.3734130859375
2026-06-26T15:07:58.298860+00:00,spot_5,Spot 5,Occupied,2026-06-26T15:03:02.901501+00:00,1086,car,0.7375718355178833,292,336.5606384277344,325.15570068359375,386.6253967285156,363.0733642578125
2026-06-26T15:07:58.298860+00:00,spot_6,Spot 6,Occupied,2026-06-26T15:07:58.298860+00:00,1091,truck,0.6860418915748596,0,277.2171325683594,323.50030517578125,344.0833435058594,364.89434814453125
2026-06-26T15:07:58.298860+00:00,spot_7,Spot 7,Occupied,2026-06-26T12:58:23.374586+00:00,1017,car,0.8426728248596191,7994,247.1322021484375,329.55657958984375,295.7440185546875,358.66375732421875
2026-06-26T15:07:58.298860+00:00,spot_8,Spot 8,Occupied,2026-06-26T13:48:45.543059+00:00,1034,car,0.8114176988601685,4753,207.03857421875,324.12835693359375,260.26654052734375,356.33160400390625
2026-06-26T15:07:58.298860+00:00,spot_9,Spot 9,Occupied,2026-06-26T13:48:45.543059+00:00,1030,car,0.6617611050605774,5418,184.0302734375,324.3445739746094,220.20278930664062,351.1553039550781
2026-06-26T15:07:58.298860+00:00,spot_10,Spot 10,Occupied,2026-06-26T14:47:30.008447+00:00,1070,car,0.7440890669822693,1226,141.5574951171875,320.9490966796875,193.77508544921875,350.3760986328125
2026-06-26T15:07:58.298860+00:00,spot_11,Spot 11,Occupied,2026-06-26T15:06:52.657953+00:00,1069,car,0.5377002358436584,1360,113.68025207519531,318.17962646484375,157.15248107910156,346.58270263671875
2026-06-26T15:07:58.298860+00:00,spot_12,Spot 12,Occupied,2026-06-26T14:54:50.652678+00:00,1028,truck,0.6549180150032043,5418,73.34423828125,313.07196044921875,127.64437866210938,341.02301025390625
2026-06-26T15:07:58.298860+00:00,spot_13,Spot 13,Empty,2026-06-26T14:42:49.701730+00:00,,,,,,,,
2026-06-26T15:07:58.298860+00:00,spot_14,Spot 14,Occupied,2026-06-26T14:43:56.297999+00:00,1056,car,0.5814741849899292,2415,53.1575813293457,314.38153076171875,87.76878356933594,334.88995361328125
2026-06-26T15:07:58.298860+00:00,spot_15,Spot 15,Empty,2026-06-26T14:48:56.077768+00:00,,,,,,,,
2026-06-26T15:07:58.298860+00:00,spot_16,Spot 16,Empty,2026-06-26T15:06:52.657953+00:00,,,,,,,,
2026-06-26T15:07:58.298860+00:00,spot_17,Spot 17,Empty,2026-06-25T18:08:23.061954+00:00,,,,,,,,
2026-06-26T15:09:21.118925+00:00,spot_1,Spot 1,Occupied,2026-06-26T15:07:58.298860+00:00,1078,car,0.7434555292129517,949,571.58740234375,321.99151611328125,615.92919921875,371.88739013671875
2026-06-26T15:09:21.118925+00:00,spot_2,Spot 2,Occupied,2026-06-26T14:48:56.077768+00:00,1066,truck,0.6156544089317322,1587,504.9333801269531,316.1953125,557.147705078125,368.9525146484375
2026-06-26T15:09:21.118925+00:00,spot_3,Spot 3,Occupied,2026-06-26T15:07:58.298860+00:00,1063,truck,0.6918384432792664,1910,446.78076171875,321.9598693847656,502.977783203125,364.3110656738281
2026-06-26T15:09:21.118925+00:00,spot_4,Spot 4,Occupied,2026-06-26T14:29:07.349125+00:00,1057,car,0.8849112391471863,2413,391.5461730957031,326.29107666015625,449.2535095214844,363.138916015625
2026-06-26T15:09:21.118925+00:00,spot_5,Spot 5,Occupied,2026-06-26T15:03:02.901501+00:00,1086,car,0.7792485356330872,374,336.91070556640625,324.81280517578125,389.49505615234375,363.36248779296875
2026-06-26T15:09:21.118925+00:00,spot_6,Spot 6,Occupied,2026-06-26T15:09:21.118925+00:00,1087,car,0.5610485076904297,374,275.746826171875,323.75836181640625,344.41021728515625,364.60333251953125
2026-06-26T15:09:21.118925+00:00,spot_7,Spot 7,Occupied,2026-06-26T12:58:23.374586+00:00,1017,car,0.8178489804267883,8076,247.40296936035156,329.28912353515625,295.8157958984375,358.95587158203125
2026-06-26T15:09:21.118925+00:00,spot_8,Spot 8,Occupied,2026-06-26T13:48:45.543059+00:00,1034,car,0.8026430606842041,4835,206.56976318359375,324.24285888671875,263.029541015625,356.53106689453125
2026-06-26T15:09:21.118925+00:00,spot_9,Spot 9,Occupied,2026-06-26T13:48:45.543059+00:00,1030,car,0.6349658370018005,5500,184.2552032470703,324.5514831542969,220.5142059326172,351.2358093261719
2026-06-26T15:09:21.118925+00:00,spot_10,Spot 10,Occupied,2026-06-26T14:47:30.008447+00:00,1070,car,0.6371747851371765,1307,140.74160766601562,320.5847473144531,194.69857788085938,350.4564514160156
2026-06-26T15:09:21.118925+00:00,spot_11,Spot 11,Occupied,2026-06-26T15:06:52.657953+00:00,1069,car,0.5793741345405579,1442,113.58839416503906,318.3807067871094,156.61570739746094,346.6347351074219
2026-06-26T15:09:21.118925+00:00,spot_12,Spot 12,Occupied,2026-06-26T15:09:21.118925+00:00,1093,car,0.420722097158432,0,73.57760620117188,313.2232971191406,127.75640869140625,340.5777282714844
2026-06-26T15:09:21.118925+00:00,spot_13,Spot 13,Empty,2026-06-26T14:42:49.701730+00:00,,,,,,,,
2026-06-26T15:09:21.118925+00:00,spot_14,Spot 14,Occupied,2026-06-26T14:43:56.297999+00:00,1056,car,0.6080430150032043,2497,52.8741340637207,314.47607421875,87.90269470214844,334.6688232421875
2026-06-26T15:09:21.118925+00:00,spot_15,Spot 15,Empty,2026-06-26T14:48:56.077768+00:00,,,,,,,,
2026-06-26T15:09:21.118925+00:00,spot_16,Spot 16,Occupied,2026-06-26T15:09:21.118925+00:00,1092,car,0.43312594294548035,0,20.697368621826172,313.2470703125,43.221073150634766,330.7083740234375
2026-06-26T15:09:21.118925+00:00,spot_17,Spot 17,Empty,2026-06-25T18:08:23.061954+00:00,,,,,,,,
2026-06-26T15:10:30.934835+00:00,spot_1,Spot 1,Occupied,2026-06-26T15:07:58.298860+00:00,1078,car,0.6904019713401794,1027,571.943603515625,321.8133544921875,616.3548583984375,371.65167236328125
2026-06-26T15:10:30.934835+00:00,spot_2,Spot 2,Occupied,2026-06-26T14:48:56.077768+00:00,1066,truck,0.7061296701431274,1665,505.1170654296875,316.3680114746094,558.9852294921875,368.3917541503906
2026-06-26T15:10:30.934835+00:00,spot_3,Spot 3,Occupied,2026-06-26T15:07:58.298860+00:00,1063,truck,0.44828611612319946,1989,446.90069580078125,321.3067321777344,502.89996337890625,365.0515441894531
2026-06-26T15:10:30.934835+00:00,spot_4,Spot 4,Occupied,2026-06-26T14:29:07.349125+00:00,1057,car,0.9009893536567688,2492,391.68505859375,326.07196044921875,449.2813720703125,363.38861083984375
2026-06-26T15:10:30.934835+00:00,spot_5,Spot 5,Occupied,2026-06-26T15:03:02.901501+00:00,1086,car,0.8960477113723755,452,336.43841552734375,324.8976135253906,393.63629150390625,362.8232727050781
2026-06-26T15:10:30.934835+00:00,spot_6,Spot 6,Occupied,2026-06-26T15:09:21.118925+00:00,1087,car,0.4102548062801361,452,277.62298583984375,323.5556640625,343.34381103515625,364.8414306640625
2026-06-26T15:10:30.934835+00:00,spot_7,Spot 7,Occupied,2026-06-26T12:58:23.374586+00:00,1017,car,0.8443125486373901,8154,248.07168579101562,329.6294860839844,295.4472351074219,358.9582824707031
2026-06-26T15:10:30.934835+00:00,spot_8,Spot 8,Occupied,2026-06-26T13:48:45.543059+00:00,1034,car,0.7907685041427612,4913,206.4591064453125,323.89398193359375,260.7423400878906,355.94256591796875
2026-06-26T15:10:30.934835+00:00,spot_9,Spot 9,Occupied,2026-06-26T13:48:45.543059+00:00,1030,car,0.658034086227417,5579,184.13674926757812,324.6362609863281,219.66854858398438,351.4192199707031
2026-06-26T15:10:30.934835+00:00,spot_10,Spot 10,Occupied,2026-06-26T14:47:30.008447+00:00,1070,car,0.554770827293396,1386,140.5823211669922,320.76177978515625,190.9111785888672,350.45880126953125
2026-06-26T15:10:30.934835+00:00,spot_11,Spot 11,Occupied,2026-06-26T15:06:52.657953+00:00,1069,car,0.5252254009246826,1521,113.7537841796875,317.83416748046875,156.86721801757812,346.49664306640625
2026-06-26T15:10:30.934835+00:00,spot_12,Spot 12,Occupied,2026-06-26T15:10:30.934835+00:00,1028,truck,0.5395206212997437,5579,73.33589172363281,313.2381591796875,127.51466369628906,341.0120849609375
2026-06-26T15:10:30.934835+00:00,spot_13,Spot 13,Empty,2026-06-26T14:42:49.701730+00:00,,,,,,,,
2026-06-26T15:10:30.934835+00:00,spot_14,Spot 14,Occupied,2026-06-26T14:43:56.297999+00:00,1056,car,0.5914718508720398,2575,51.60946273803711,313.99078369140625,87.7979736328125,334.5106201171875
2026-06-26T15:10:30.934835+00:00,spot_15,Spot 15,Empty,2026-06-26T14:48:56.077768+00:00,,,,,,,,
2026-06-26T15:10:30.934835+00:00,spot_16,Spot 16,Empty,2026-06-26T15:10:30.934835+00:00,,,,,,,,
2026-06-26T15:10:30.934835+00:00,spot_17,Spot 17,Empty,2026-06-25T18:08:23.061954+00:00,,,,,,,,
2026-06-26T15:11:51.261418+00:00,spot_1,Spot 1,Occupied,2026-06-26T15:07:58.298860+00:00,1078,car,0.7774670124053955,1098,571.1122436523438,321.3485107421875,616.0241088867188,371.7845458984375
2026-06-26T15:11:51.261418+00:00,spot_2,Spot 2,Occupied,2026-06-26T15:11:51.261418+00:00,1095,car,0.6637300252914429,0,505.3565673828125,317.91546630859375,553.3465576171875,368.80645751953125
2026-06-26T15:11:51.261418+00:00,spot_3,Spot 3,Occupied,2026-06-26T15:11:51.261418+00:00,1094,car,0.5754377245903015,70,447.08026123046875,321.726806640625,502.53594970703125,365.6468505859375
2026-06-26T15:11:51.261418+00:00,spot_4,Spot 4,Occupied,2026-06-26T14:29:07.349125+00:00,1057,car,0.8962836265563965,2562,391.6126708984375,326.01129150390625,449.03466796875,363.19268798828125
2026-06-26T15:11:51.261418+00:00,spot_5,Spot 5,Occupied,2026-06-26T15:03:02.901501+00:00,1086,car,0.8826096653938293,523,336.3096923828125,325.5185852050781,392.9764404296875,363.2257995605469
2026-06-26T15:11:51.261418+00:00,spot_6,Spot 6,Occupied,2026-06-26T15:09:21.118925+00:00,1087,car,0.5041376948356628,523,277.51806640625,323.796142578125,344.75640869140625,364.898681640625
2026-06-26T15:11:51.261418+00:00,spot_7,Spot 7,Occupied,2026-06-26T12:58:23.374586+00:00,1017,car,0.8175015449523926,8225,247.84983825683594,330.582275390625,295.5264892578125,358.62744140625
2026-06-26T15:11:51.261418+00:00,spot_8,Spot 8,Occupied,2026-06-26T13:48:45.543059+00:00,1034,car,0.7542652487754822,4984,206.83175659179688,323.8496398925781,258.9704284667969,356.4460144042969
2026-06-26T15:11:51.261418+00:00,spot_9,Spot 9,Occupied,2026-06-26T13:48:45.543059+00:00,1030,car,0.7573899626731873,5649,184.9767303466797,323.94927978515625,219.24595642089844,351.19610595703125
2026-06-26T15:11:51.261418+00:00,spot_10,Spot 10,Occupied,2026-06-26T14:47:30.008447+00:00,1070,car,0.7644330859184265,1457,140.09078979492188,320.88525390625,187.15322875976562,350.43505859375
2026-06-26T15:11:51.261418+00:00,spot_11,Spot 11,Occupied,2026-06-26T15:06:52.657953+00:00,1069,car,0.5279535055160522,1591,113.69229125976562,317.8509216308594,158.87094116210938,347.0547180175781
2026-06-26T15:11:51.261418+00:00,spot_12,Spot 12,Occupied,2026-06-26T15:10:30.934835+00:00,1028,truck,0.5509127378463745,5649,72.07634735107422,312.9433898925781,126.62555694580078,341.4977722167969
2026-06-26T15:11:51.261418+00:00,spot_13,Spot 13,Empty,2026-06-26T14:42:49.701730+00:00,,,,,,,,
2026-06-26T15:11:51.261418+00:00,spot_14,Spot 14,Occupied,2026-06-26T14:43:56.297999+00:00,1056,car,0.6989332437515259,2646,53.34131622314453,314.16876220703125,87.79039764404297,334.39593505859375
2026-06-26T15:11:51.261418+00:00,spot_15,Spot 15,Empty,2026-06-26T14:48:56.077768+00:00,,,,,,,,
2026-06-26T15:11:51.261418+00:00,spot_16,Spot 16,Empty,2026-06-26T15:10:30.934835+00:00,,,,,,,,
2026-06-26T15:11:51.261418+00:00,spot_17,Spot 17,Empty,2026-06-25T18:08:23.061954+00:00,,,,,,,,
2026-06-26T15:13:32.249808+00:00,spot_1,Spot 1,Occupied,2026-06-26T15:13:32.249808+00:00,1097,truck,0.4229356348514557,0,572.2440185546875,321.7027587890625,616.568603515625,371.7257080078125
2026-06-26T15:13:32.249808+00:00,spot_2,Spot 2,Occupied,2026-06-26T15:13:32.249808+00:00,1066,truck,0.682293713092804,1840,505.0735778808594,316.47601318359375,557.5635986328125,368.68231201171875
2026-06-26T15:13:32.249808+00:00,spot_3,Spot 3,Empty,2026-06-26T15:13:32.249808+00:00,,,,,,,,
2026-06-26T15:13:32.249808+00:00,spot_4,Spot 4,Occupied,2026-06-26T14:29:07.349125+00:00,1057,car,0.896166980266571,2666,391.64764404296875,326.09527587890625,448.57635498046875,363.46484375
2026-06-26T15:13:32.249808+00:00,spot_5,Spot 5,Occupied,2026-06-26T15:03:02.901501+00:00,1086,car,0.8908953070640564,626,336.70025634765625,324.970947265625,393.18768310546875,363.1502685546875
2026-06-26T15:13:32.249808+00:00,spot_6,Spot 6,Occupied,2026-06-26T15:09:21.118925+00:00,1087,car,0.5390007495880127,626,277.25970458984375,323.29400634765625,344.63446044921875,364.5733642578125
2026-06-26T15:13:32.249808+00:00,spot_7,Spot 7,Occupied,2026-06-26T12:58:23.374586+00:00,1017,car,0.8442667126655579,8329,247.33712768554688,329.291748046875,295.8078918457031,358.94586181640625
2026-06-26T15:13:32.249808+00:00,spot_8,Spot 8,Occupied,2026-06-26T13:48:45.543059+00:00,1034,car,0.7775493264198303,5087,206.96884155273438,323.48870849609375,257.5571594238281,356.26654052734375
2026-06-26T15:13:32.249808+00:00,spot_9,Spot 9,Occupied,2026-06-26T13:48:45.543059+00:00,1030,car,0.7331235408782959,5753,184.06298828125,324.25531005859375,219.64056396484375,351.20184326171875
2026-06-26T15:13:32.249808+00:00,spot_10,Spot 10,Occupied,2026-06-26T14:47:30.008447+00:00,1070,car,0.704022228717804,1560,141.97267150878906,320.8097229003906,190.16136169433594,350.6083068847656
2026-06-26T15:13:32.249808+00:00,spot_11,Spot 11,Occupied,2026-06-26T15:06:52.657953+00:00,1069,car,0.4412012994289398,1695,113.96134948730469,318.26641845703125,156.67164611816406,346.92559814453125
2026-06-26T15:13:32.249808+00:00,spot_12,Spot 12,Occupied,2026-06-26T15:10:30.934835+00:00,1028,truck,0.6738264560699463,5753,73.00064086914062,313.1865234375,127.29071044921875,341.4696044921875
2026-06-26T15:13:32.249808+00:00,spot_13,Spot 13,Empty,2026-06-26T14:42:49.701730+00:00,,,,,,,,
2026-06-26T15:13:32.249808+00:00,spot_14,Spot 14,Occupied,2026-06-26T14:43:56.297999+00:00,1056,car,0.5633308291435242,2749,53.30881118774414,314.14215087890625,88.09976196289062,334.94842529296875
2026-06-26T15:13:32.249808+00:00,spot_15,Spot 15,Empty,2026-06-26T14:48:56.077768+00:00,,,,,,,,
2026-06-26T15:13:32.249808+00:00,spot_16,Spot 16,Empty,2026-06-26T15:10:30.934835+00:00,,,,,,,,
2026-06-26T15:13:32.249808+00:00,spot_17,Spot 17,Empty,2026-06-25T18:08:23.061954+00:00,,,,,,,,
2026-06-26T15:14:58.100173+00:00,spot_1,Spot 1,Occupied,2026-06-26T15:14:58.100173+00:00,1078,car,0.5114032626152039,1287,571.7758178710938,321.05999755859375,615.5942993164062,371.78253173828125
2026-06-26T15:14:58.100173+00:00,spot_2,Spot 2,Occupied,2026-06-26T15:14:58.100173+00:00,1100,car,0.5913838148117065,0,505.2279357910156,320.236572265625,551.9202880859375,368.8515625
2026-06-26T15:14:58.100173+00:00,spot_3,Spot 3,Occupied,2026-06-26T15:14:58.100173+00:00,1099,car,0.6442181468009949,0,447.07562255859375,322.1078796386719,502.12420654296875,365.8891296386719
2026-06-26T15:14:58.100173+00:00,spot_4,Spot 4,Occupied,2026-06-26T14:29:07.349125+00:00,1057,car,0.8823888897895813,2751,391.68670654296875,326.10723876953125,448.74249267578125,363.03741455078125
2026-06-26T15:14:58.100173+00:00,spot_5,Spot 5,Occupied,2026-06-26T15:03:02.901501+00:00,1086,car,0.8526703119277954,712,336.4119873046875,325.3388977050781,393.201904296875,363.0627136230469
2026-06-26T15:14:58.100173+00:00,spot_6,Spot 6,Occupied,2026-06-26T15:14:58.100173+00:00,1098,truck,0.7260490655899048,0,277.4554443359375,323.15435791015625,344.619873046875,365.5906982421875
2026-06-26T15:14:58.100173+00:00,spot_7,Spot 7,Occupied,2026-06-26T12:58:23.374586+00:00,1017,car,0.7634202241897583,8414,247.86907958984375,330.621337890625,295.48736572265625,358.98779296875
2026-06-26T15:14:58.100173+00:00,spot_8,Spot 8,Occupied,2026-06-26T13:48:45.543059+00:00,1034,car,0.8025007247924805,5172,206.61444091796875,323.5049743652344,256.97314453125,356.2917785644531
2026-06-26T15:14:58.100173+00:00,spot_9,Spot 9,Occupied,2026-06-26T13:48:45.543059+00:00,1030,car,0.7380269765853882,5838,183.86575317382812,325.1949462890625,218.29470825195312,351.5216064453125
2026-06-26T15:14:58.100173+00:00,spot_10,Spot 10,Occupied,2026-06-26T14:47:30.008447+00:00,1070,car,0.7143930196762085,1645,140.39852905273438,321.0318603515625,187.99014282226562,350.725341796875
2026-06-26T15:14:58.100173+00:00,spot_11,Spot 11,Occupied,2026-06-26T15:14:58.100173+00:00,1096,truck,0.4446842074394226,85,113.91166687011719,317.9827880859375,158.24134826660156,346.29071044921875
2026-06-26T15:14:58.100173+00:00,spot_12,Spot 12,Occupied,2026-06-26T15:10:30.934835+00:00,1028,truck,0.6775915026664734,5838,74.18919372558594,312.95086669921875,127.04377746582031,341.53045654296875
2026-06-26T15:14:58.100173+00:00,spot_13,Spot 13,Empty,2026-06-26T14:42:49.701730+00:00,,,,,,,,
2026-06-26T15:14:58.100173+00:00,spot_14,Spot 14,Occupied,2026-06-26T14:43:56.297999+00:00,1056,car,0.505408763885498,2835,52.335323333740234,314.2554931640625,87.73455810546875,335.137939453125
2026-06-26T15:14:58.100173+00:00,spot_15,Spot 15,Empty,2026-06-26T14:48:56.077768+00:00,,,,,,,,
2026-06-26T15:14:58.100173+00:00,spot_16,Spot 16,Occupied,2026-06-26T15:14:58.100173+00:00,1101,car,0.3977072238922119,0,19.450532913208008,312.8282470703125,48.05375671386719,330.39727783203125
2026-06-26T15:14:58.100173+00:00,spot_17,Spot 17,Empty,2026-06-25T18:08:23.061954+00:00,,,,,,,,
2026-06-26T15:15:59.891230+00:00,spot_1,Spot 1,Occupied,2026-06-26T15:14:58.100173+00:00,1078,car,0.754905641078949,1352,571.2144165039062,320.7384338378906,615.5200805664062,371.6736755371094
2026-06-26T15:15:59.891230+00:00,spot_2,Spot 2,Occupied,2026-06-26T15:15:59.891230+00:00,1066,truck,0.39088740944862366,1990,505.6828918457031,317.0518798828125,557.120849609375,368.74462890625
2026-06-26T15:15:59.891230+00:00,spot_3,Spot 3,Occupied,2026-06-26T15:15:59.891230+00:00,1102,truck,0.4159296751022339,0,447.08935546875,322.1297607421875,502.1015625,366.1397705078125
2026-06-26T15:15:59.891230+00:00,spot_4,Spot 4,Occupied,2026-06-26T14:29:07.349125+00:00,1057,car,0.9026728868484497,2817,391.7442932128906,326.0321044921875,448.9817199707031,362.87548828125
2026-06-26T15:15:59.891230+00:00,spot_5,Spot 5,Occupied,2026-06-26T15:03:02.901501+00:00,1086,car,0.8341104388237,777,336.26861572265625,325.0276184082031,391.71826171875,363.2206726074219
2026-06-26T15:15:59.891230+00:00,spot_6,Spot 6,Occupied,2026-06-26T15:14:58.100173+00:00,1098,truck,0.5827662944793701,65,277.5783386230469,323.61236572265625,343.2507629394531,365.52801513671875
2026-06-26T15:15:59.891230+00:00,spot_7,Spot 7,Occupied,2026-06-26T12:58:23.374586+00:00,1017,car,0.8411378264427185,8479,247.8031005859375,330.22406005859375,295.94091796875,359.39080810546875
2026-06-26T15:15:59.891230+00:00,spot_8,Spot 8,Occupied,2026-06-26T13:48:45.543059+00:00,1034,car,0.7987861633300781,5238,206.718994140625,323.94268798828125,257.19622802734375,356.54150390625
2026-06-26T15:15:59.891230+00:00,spot_9,Spot 9,Occupied,2026-06-26T13:48:45.543059+00:00,1030,car,0.7796287536621094,5903,184.88662719726562,324.359619140625,218.62783813476562,351.357421875
2026-06-26T15:15:59.891230+00:00,spot_10,Spot 10,Occupied,2026-06-26T14:47:30.008447+00:00,1070,car,0.7331028580665588,1711,140.240966796875,320.7834167480469,187.16070556640625,350.9750061035156
2026-06-26T15:15:59.891230+00:00,spot_11,Spot 11,Occupied,2026-06-26T15:15:59.891230+00:00,1069,car,0.3937838077545166,1845,113.92416381835938,317.855224609375,156.47088623046875,346.2474365234375
2026-06-26T15:15:59.891230+00:00,spot_12,Spot 12,Empty,2026-06-26T15:15:59.891230+00:00,,,,,,,,
2026-06-26T15:15:59.891230+00:00,spot_13,Spot 13,Occupied,2026-06-26T15:15:59.891230+00:00,1028,truck,0.6727561354637146,5903,73.63200378417969,313.0824279785156,126.3900146484375,341.9054260253906
2026-06-26T15:15:59.891230+00:00,spot_14,Spot 14,Occupied,2026-06-26T14:43:56.297999+00:00,1056,car,0.6020147204399109,2900,52.80809020996094,314.18634033203125,87.8446044921875,334.62786865234375
2026-06-26T15:15:59.891230+00:00,spot_15,Spot 15,Empty,2026-06-26T14:48:56.077768+00:00,,,,,,,,
2026-06-26T15:15:59.891230+00:00,spot_16,Spot 16,Empty,2026-06-26T15:15:59.891230+00:00,,,,,,,,
2026-06-26T15:15:59.891230+00:00,spot_17,Spot 17,Empty,2026-06-25T18:08:23.061954+00:00,,,,,,,,
2026-06-26T15:17:22.842459+00:00,spot_1,Spot 1,Occupied,2026-06-26T15:14:58.100173+00:00,1078,car,0.8119122385978699,1431,571.62353515625,321.5841064453125,616.6806640625,371.65350341796875
2026-06-26T15:17:22.842459+00:00,spot_2,Spot 2,Occupied,2026-06-26T15:17:22.842459+00:00,1100,car,0.6784611940383911,144,505.2983703613281,326.2159423828125,551.6669921875,368.6864013671875
2026-06-26T15:17:22.842459+00:00,spot_3,Spot 3,Occupied,2026-06-26T15:17:22.842459+00:00,1099,car,0.43175432085990906,144,447.0547790527344,321.78131103515625,502.5367736816406,366.63946533203125
2026-06-26T15:17:22.842459+00:00,spot_4,Spot 4,Occupied,2026-06-26T14:29:07.349125+00:00,1057,car,0.8963417410850525,2896,391.5128173828125,326.0786437988281,448.9483642578125,362.9272155761719
2026-06-26T15:17:22.842459+00:00,spot_5,Spot 5,Occupied,2026-06-26T15:03:02.901501+00:00,1086,car,0.8421927690505981,856,336.63037109375,326.02685546875,391.8853759765625,363.0931396484375
2026-06-26T15:17:22.842459+00:00,spot_6,Spot 6,Occupied,2026-06-26T15:14:58.100173+00:00,1098,truck,0.461605429649353,144,277.2623596191406,324.387939453125,342.0458068847656,364.6837158203125
2026-06-26T15:17:22.842459+00:00,spot_7,Spot 7,Occupied,2026-06-26T12:58:23.374586+00:00,1017,car,0.8422728180885315,8558,247.59310913085938,329.9873962402344,295.9386291503906,359.0026550292969
2026-06-26T15:17:22.842459+00:00,spot_8,Spot 8,Occupied,2026-06-26T13:48:45.543059+00:00,1034,car,0.7767986059188843,5317,206.53082275390625,323.7999267578125,260.10491943359375,356.5008544921875
2026-06-26T15:17:22.842459+00:00,spot_9,Spot 9,Occupied,2026-06-26T13:48:45.543059+00:00,1030,car,0.8233824968338013,5982,184.403564453125,323.775390625,218.74700927734375,350.84814453125
2026-06-26T15:17:22.842459+00:00,spot_10,Spot 10,Occupied,2026-06-26T14:47:30.008447+00:00,1070,car,0.7634813785552979,1790,139.76708984375,320.67333984375,188.746826171875,349.8818359375
2026-06-26T15:17:22.842459+00:00,spot_11,Spot 11,Occupied,2026-06-26T15:15:59.891230+00:00,1069,car,0.5607448220252991,1924,113.6497573852539,317.66290283203125,155.46572875976562,346.29705810546875
2026-06-26T15:17:22.842459+00:00,spot_12,Spot 12,Empty,2026-06-26T15:15:59.891230+00:00,,,,,,,,
2026-06-26T15:17:22.842459+00:00,spot_13,Spot 13,Occupied,2026-06-26T15:15:59.891230+00:00,1028,truck,0.6723461747169495,5982,72.76800537109375,313.11517333984375,128.28390502929688,342.07208251953125
2026-06-26T15:17:22.842459+00:00,spot_14,Spot 14,Occupied,2026-06-26T14:43:56.297999+00:00,1056,car,0.6012541055679321,2979,53.35646438598633,314.1672058105469,88.07716369628906,334.8408508300781
2026-06-26T15:17:22.842459+00:00,spot_15,Spot 15,Occupied,2026-06-26T15:17:22.842459+00:00,1103,car,0.37568095326423645,0,43.046104431152344,313.59161376953125,69.41112518310547,331.78814697265625
2026-06-26T15:17:22.842459+00:00,spot_16,Spot 16,Occupied,2026-06-26T15:17:22.842459+00:00,1101,car,0.5039185881614685,144,20.985836029052734,313.10198974609375,46.548458099365234,330.33551025390625
2026-06-26T15:17:22.842459+00:00,spot_17,Spot 17,Empty,2026-06-25T18:08:23.061954+00:00,,,,,,,,
2026-06-26T15:18:46.648399+00:00,spot_1,Spot 1,Occupied,2026-06-26T15:14:58.100173+00:00,1078,car,0.6182568073272705,1514,571.6563110351562,321.12896728515625,617.2051391601562,371.77423095703125
2026-06-26T15:18:46.648399+00:00,spot_2,Spot 2,Occupied,2026-06-26T15:17:22.842459+00:00,1100,car,0.4618927538394928,227,506.07781982421875,316.5804138183594,558.4846801757812,368.6039123535156
2026-06-26T15:18:46.648399+00:00,spot_3,Spot 3,Occupied,2026-06-26T15:18:46.648399+00:00,1102,truck,0.4147742986679077,162,447.2295837402344,322.64239501953125,501.8811950683594,365.9844970703125
2026-06-26T15:18:46.648399+00:00,spot_4,Spot 4,Occupied,2026-06-26T14:29:07.349125+00:00,1057,car,0.8931105732917786,2979,391.81475830078125,326.028076171875,448.59979248046875,362.5955810546875
2026-06-26T15:18:46.648399+00:00,spot_5,Spot 5,Occupied,2026-06-26T15:03:02.901501+00:00,1086,car,0.8683478832244873,939,336.3705139160156,325.876708984375,392.9958190917969,363.67822265625
2026-06-26T15:18:46.648399+00:00,spot_6,Spot 6,Occupied,2026-06-26T15:14:58.100173+00:00,1098,truck,0.7266696691513062,227,277.46771240234375,323.42218017578125,343.56439208984375,365.02154541015625
2026-06-26T15:18:46.648399+00:00,spot_7,Spot 7,Occupied,2026-06-26T12:58:23.374586+00:00,1017,car,0.7887656688690186,8641,247.56475830078125,330.43670654296875,295.32208251953125,359.34625244140625
2026-06-26T15:18:46.648399+00:00,spot_8,Spot 8,Occupied,2026-06-26T13:48:45.543059+00:00,1034,car,0.7467941641807556,5400,206.87310791015625,323.31988525390625,257.1497497558594,356.20904541015625
2026-06-26T15:18:46.648399+00:00,spot_9,Spot 9,Occupied,2026-06-26T13:48:45.543059+00:00,1030,car,0.7695067524909973,6066,184.57272338867188,324.2076416015625,218.80032348632812,351.2425537109375
2026-06-26T15:18:46.648399+00:00,spot_10,Spot 10,Occupied,2026-06-26T14:47:30.008447+00:00,1070,car,0.7775599360466003,1873,140.27784729003906,320.9490966796875,187.14881896972656,350.88623046875
2026-06-26T15:18:46.648399+00:00,spot_11,Spot 11,Occupied,2026-06-26T15:15:59.891230+00:00,1069,car,0.40337517857551575,2008,113.99383544921875,318.0506591796875,156.88375854492188,346.88427734375
2026-06-26T15:18:46.648399+00:00,spot_12,Spot 12,Empty,2026-06-26T15:15:59.891230+00:00,,,,,,,,
2026-06-26T15:18:46.648399+00:00,spot_13,Spot 13,Occupied,2026-06-26T15:15:59.891230+00:00,1028,truck,0.6206159591674805,6066,72.75192260742188,312.8916931152344,126.86346435546875,341.7908630371094
2026-06-26T15:18:46.648399+00:00,spot_14,Spot 14,Occupied,2026-06-26T14:43:56.297999+00:00,1056,car,0.7123103141784668,3062,53.48274230957031,314.13482666015625,88.52459716796875,334.78680419921875
2026-06-26T15:18:46.648399+00:00,spot_15,Spot 15,Occupied,2026-06-26T15:17:22.842459+00:00,1103,car,0.39667168259620667,83,39.949554443359375,313.516845703125,70.30477905273438,331.3935546875
2026-06-26T15:18:46.648399+00:00,spot_16,Spot 16,Occupied,2026-06-26T15:17:22.842459+00:00,1101,car,0.505913496017456,227,20.534887313842773,312.967529296875,48.874229431152344,330.4866943359375
2026-06-26T15:18:46.648399+00:00,spot_17,Spot 17,Empty,2026-06-25T18:08:23.061954+00:00,,,,,,,,
2026-06-26T15:19:50.580307+00:00,spot_1,Spot 1,Occupied,2026-06-26T15:14:58.100173+00:00,1078,car,0.5733238458633423,1578,571.7021484375,321.1492614746094,616.120849609375,371.7005310058594
2026-06-26T15:19:50.580307+00:00,spot_2,Spot 2,Occupied,2026-06-26T15:19:50.580307+00:00,1066,truck,0.5098089575767517,2216,504.40802001953125,317.63519287109375,554.8383178710938,368.91644287109375
2026-06-26T15:19:50.580307+00:00,spot_3,Spot 3,Occupied,2026-06-26T15:19:50.580307+00:00,1099,car,0.6874052286148071,290,446.872314453125,321.81719970703125,502.33770751953125,365.80609130859375
2026-06-26T15:19:50.580307+00:00,spot_4,Spot 4,Occupied,2026-06-26T14:29:07.349125+00:00,1057,car,0.8890373706817627,3042,391.7042236328125,325.95947265625,448.8018798828125,362.8653564453125
2026-06-26T15:19:50.580307+00:00,spot_5,Spot 5,Occupied,2026-06-26T15:03:02.901501+00:00,1086,car,0.8547129034996033,1002,336.51055908203125,325.275146484375,391.82867431640625,362.990478515625
2026-06-26T15:19:50.580307+00:00,spot_6,Spot 6,Occupied,2026-06-26T15:14:58.100173+00:00,1098,truck,0.744340717792511,290,277.591796875,323.65106201171875,343.634521484375,364.47613525390625
2026-06-26T15:19:50.580307+00:00,spot_7,Spot 7,Occupied,2026-06-26T12:58:23.374586+00:00,1017,car,0.7456968426704407,8705,247.7578125,329.9459533691406,294.9302978515625,359.2650451660156
2026-06-26T15:19:50.580307+00:00,spot_8,Spot 8,Occupied,2026-06-26T13:48:45.543059+00:00,1034,car,0.6656646728515625,5463,206.692138671875,324.12847900390625,257.53302001953125,355.31732177734375
2026-06-26T15:19:50.580307+00:00,spot_9,Spot 9,Occupied,2026-06-26T13:48:45.543059+00:00,1030,car,0.7935680150985718,6129,184.4017333984375,324.4373779296875,218.823974609375,351.2254638671875
2026-06-26T15:19:50.580307+00:00,spot_10,Spot 10,Occupied,2026-06-26T14:47:30.008447+00:00,1070,car,0.6316244602203369,1936,139.10635375976562,321.2435302734375,186.93179321289062,350.1185302734375
2026-06-26T15:19:50.580307+00:00,spot_11,Spot 11,Occupied,2026-06-26T15:15:59.891230+00:00,1069,car,0.5558145642280579,2071,113.26791381835938,318.3968505859375,156.26593017578125,343.0572509765625
2026-06-26T15:19:50.580307+00:00,spot_12,Spot 12,Occupied,2026-06-26T15:19:50.580307+00:00,1028,truck,0.5957427024841309,6129,76.63395690917969,313.12432861328125,126.58030700683594,341.18670654296875
2026-06-26T15:19:50.580307+00:00,spot_13,Spot 13,Empty,2026-06-26T15:19:50.580307+00:00,,,,,,,,
2026-06-26T15:19:50.580307+00:00,spot_14,Spot 14,Occupied,2026-06-26T14:43:56.297999+00:00,1056,car,0.5630753040313721,3125,53.42362976074219,314.2938232421875,87.82160949707031,334.690673828125
2026-06-26T15:19:50.580307+00:00,spot_15,Spot 15,Empty,2026-06-26T15:19:50.580307+00:00,,,,,,,,
2026-06-26T15:19:50.580307+00:00,spot_16,Spot 16,Occupied,2026-06-26T15:17:22.842459+00:00,1101,car,0.5146620869636536,290,20.894216537475586,313.05078125,48.40186309814453,330.481201171875
2026-06-26T15:19:50.580307+00:00,spot_17,Spot 17,Empty,2026-06-25T18:08:23.061954+00:00,,,,,,,,
2026-06-26T15:21:12.205635+00:00,spot_1,Spot 1,Occupied,2026-06-26T15:14:58.100173+00:00,1078,car,0.5710970163345337,1660,570.9660034179688,320.7708740234375,616.1450805664062,371.658203125
2026-06-26T15:21:12.205635+00:00,spot_2,Spot 2,Occupied,2026-06-26T15:21:12.205635+00:00,1100,car,0.506041944026947,373,505.09344482421875,316.7697448730469,558.6132202148438,368.6934509277344
2026-06-26T15:21:12.205635+00:00,spot_3,Spot 3,Occupied,2026-06-26T15:19:50.580307+00:00,1099,car,0.7271506786346436,373,447.1075439453125,321.98065185546875,502.2308349609375,366.06634521484375
2026-06-26T15:21:12.205635+00:00,spot_4,Spot 4,Occupied,2026-06-26T14:29:07.349125+00:00,1057,car,0.8914153575897217,3125,391.55517578125,326.08917236328125,449.0577392578125,362.88580322265625
2026-06-26T15:21:12.205635+00:00,spot_5,Spot 5,Occupied,2026-06-26T15:03:02.901501+00:00,1086,car,0.8733097314834595,1085,336.166259765625,325.1072998046875,392.32275390625,363.019287109375
2026-06-26T15:21:12.205635+00:00,spot_6,Spot 6,Occupied,2026-06-26T15:21:12.205635+00:00,1104,car,0.4116570055484772,0,277.6842041015625,323.66351318359375,343.750732421875,365.18829345703125
2026-06-26T15:21:12.205635+00:00,spot_7,Spot 7,Occupied,2026-06-26T12:58:23.374586+00:00,1017,car,0.8451738953590393,8787,248.1177978515625,329.5860290527344,296.10260009765625,359.7090148925781
2026-06-26T15:21:12.205635+00:00,spot_8,Spot 8,Occupied,2026-06-26T13:48:45.543059+00:00,1034,car,0.7498733401298523,5546,206.48211669921875,324.0767822265625,264.98883056640625,356.003662109375
2026-06-26T15:21:12.205635+00:00,spot_9,Spot 9,Occupied,2026-06-26T13:48:45.543059+00:00,1030,car,0.7087174654006958,6212,184.31817626953125,324.22027587890625,218.2579345703125,351.60931396484375
2026-06-26T15:21:12.205635+00:00,spot_10,Spot 10,Occupied,2026-06-26T14:47:30.008447+00:00,1070,car,0.5866701602935791,2019,140.2290496826172,321.40399169921875,189.11595153808594,350.77691650390625
2026-06-26T15:21:12.205635+00:00,spot_11,Spot 11,Occupied,2026-06-26T15:15:59.891230+00:00,1069,car,0.5414770245552063,2154,114.21045684814453,318.2576599121094,156.5068359375,346.4884338378906
2026-06-26T15:21:12.205635+00:00,spot_12,Spot 12,Empty,2026-06-26T15:21:12.205635+00:00,,,,,,,,
2026-06-26T15:21:12.205635+00:00,spot_13,Spot 13,Occupied,2026-06-26T15:21:12.205635+00:00,1028,truck,0.48108693957328796,6212,79.71141052246094,312.9932861328125,126.46742248535156,341.810791015625
2026-06-26T15:21:12.205635+00:00,spot_14,Spot 14,Occupied,2026-06-26T14:43:56.297999+00:00,1056,car,0.7054023146629333,3208,53.29981994628906,314.28875732421875,88.29231262207031,334.89801025390625
2026-06-26T15:21:12.205635+00:00,spot_15,Spot 15,Occupied,2026-06-26T15:21:12.205635+00:00,1103,car,0.41178518533706665,229,39.455848693847656,313.23797607421875,67.2960205078125,331.54327392578125
2026-06-26T15:21:12.205635+00:00,spot_16,Spot 16,Empty,2026-06-26T15:21:12.205635+00:00,,,,,,,,
2026-06-26T15:21:12.205635+00:00,spot_17,Spot 17,Empty,2026-06-25T18:08:23.061954+00:00,,,,,,,,
2026-06-26T15:22:27.205369+00:00,spot_1,Spot 1,Occupied,2026-06-26T15:14:58.100173+00:00,1078,car,0.6844910383224487,1741,570.8447875976562,320.64019775390625,617.1671752929688,371.55377197265625
2026-06-26T15:22:27.205369+00:00,spot_2,Spot 2,Occupied,2026-06-26T15:22:27.205369+00:00,1066,truck,0.5323106646537781,2379,504.99761962890625,319.0415344238281,551.9445190429688,368.8307189941406
2026-06-26T15:22:27.205369+00:00,spot_3,Spot 3,Occupied,2026-06-26T15:22:27.205369+00:00,1105,truck,0.46602270007133484,0,446.87469482421875,321.79473876953125,502.50994873046875,366.43548583984375
2026-06-26T15:22:27.205369+00:00,spot_4,Spot 4,Occupied,2026-06-26T14:29:07.349125+00:00,1057,car,0.8980159759521484,3205,391.61773681640625,326.08331298828125,449.33013916015625,362.59332275390625
2026-06-26T15:22:27.205369+00:00,spot_5,Spot 5,Occupied,2026-06-26T15:03:02.901501+00:00,1086,car,0.8089485764503479,1166,336.0308532714844,324.965087890625,386.5445251464844,363.0621337890625
2026-06-26T15:22:27.205369+00:00,spot_6,Spot 6,Occupied,2026-06-26T15:22:27.205369+00:00,1098,truck,0.6659799814224243,454,277.46881103515625,323.4031982421875,343.07073974609375,365.11279296875
2026-06-26T15:22:27.205369+00:00,spot_7,Spot 7,Occupied,2026-06-26T12:58:23.374586+00:00,1017,car,0.8093366026878357,8868,247.54052734375,330.51708984375,295.93963623046875,359.0609130859375
2026-06-26T15:22:27.205369+00:00,spot_8,Spot 8,Occupied,2026-06-26T13:48:45.543059+00:00,1034,car,0.690869152545929,5627,206.56793212890625,323.98211669921875,263.3990173339844,355.29229736328125
2026-06-26T15:22:27.205369+00:00,spot_9,Spot 9,Occupied,2026-06-26T13:48:45.543059+00:00,1030,car,0.7609814405441284,6292,183.97918701171875,324.60321044921875,217.48367309570312,351.58782958984375
2026-06-26T15:22:27.205369+00:00,spot_10,Spot 10,Occupied,2026-06-26T14:47:30.008447+00:00,1070,car,0.7966523766517639,2099,140.60614013671875,321.41693115234375,186.27618408203125,349.49481201171875
2026-06-26T15:22:27.205369+00:00,spot_11,Spot 11,Occupied,2026-06-26T15:15:59.891230+00:00,1069,car,0.5163835287094116,2234,114.07857513427734,318.2923583984375,156.47335815429688,346.1566162109375
2026-06-26T15:22:27.205369+00:00,spot_12,Spot 12,Occupied,2026-06-26T15:22:27.205369+00:00,1028,truck,0.603265106678009,6292,73.45309448242188,313.053466796875,126.19989013671875,341.695068359375
2026-06-26T15:22:27.205369+00:00,spot_13,Spot 13,Empty,2026-06-26T15:22:27.205369+00:00,,,,,,,,
2026-06-26T15:22:27.205369+00:00,spot_14,Spot 14,Occupied,2026-06-26T14:43:56.297999+00:00,1056,car,0.5992634892463684,3289,53.45713806152344,314.3548889160156,88.30210876464844,334.7202453613281
2026-06-26T15:22:27.205369+00:00,spot_15,Spot 15,Empty,2026-06-26T15:22:27.205369+00:00,,,,,,,,
2026-06-26T15:22:27.205369+00:00,spot_16,Spot 16,Empty,2026-06-26T15:21:12.205635+00:00,,,,,,,,
2026-06-26T15:22:27.205369+00:00,spot_17,Spot 17,Empty,2026-06-25T18:08:23.061954+00:00,,,,,,,,
2026-06-26T15:23:33.712796+00:00,spot_1,Spot 1,Occupied,2026-06-26T15:14:58.100173+00:00,1078,car,0.41197463870048523,1803,572.4710083007812,321.32025146484375,614.6138305664062,371.2357177734375
2026-06-26T15:23:33.712796+00:00,spot_2,Spot 2,Occupied,2026-06-26T15:22:27.205369+00:00,1066,truck,0.570636510848999,2441,504.018798828125,316.0257568359375,558.6376953125,368.6993408203125
2026-06-26T15:23:33.712796+00:00,spot_3,Spot 3,Occupied,2026-06-26T15:23:33.712796+00:00,1099,car,0.6228359937667847,515,446.87957763671875,320.8592529296875,502.994873046875,363.9249267578125
2026-06-26T15:23:33.712796+00:00,spot_4,Spot 4,Occupied,2026-06-26T14:29:07.349125+00:00,1057,car,0.8996787071228027,3267,391.63751220703125,326.15386962890625,448.99114990234375,362.53729248046875
2026-06-26T15:23:33.712796+00:00,spot_5,Spot 5,Occupied,2026-06-26T15:03:02.901501+00:00,1086,car,0.8818985223770142,1228,336.71026611328125,324.81817626953125,393.39007568359375,362.52911376953125
2026-06-26T15:23:33.712796+00:00,spot_6,Spot 6,Occupied,2026-06-26T15:23:33.712796+00:00,1104,car,0.600699245929718,142,277.454345703125,324.85577392578125,342.5203857421875,364.39739990234375
2026-06-26T15:23:33.712796+00:00,spot_7,Spot 7,Occupied,2026-06-26T12:58:23.374586+00:00,1017,car,0.8445581793785095,8930,247.27435302734375,330.1118469238281,295.67816162109375,358.9771423339844
2026-06-26T15:23:33.712796+00:00,spot_8,Spot 8,Occupied,2026-06-26T13:48:45.543059+00:00,1034,car,0.7612815499305725,5688,206.67880249023438,324.329345703125,261.20355224609375,356.4927978515625
2026-06-26T15:23:33.712796+00:00,spot_9,Spot 9,Occupied,2026-06-26T13:48:45.543059+00:00,1030,car,0.7507316470146179,6354,184.55728149414062,324.5947265625,220.07675170898438,350.693603515625
2026-06-26T15:23:33.712796+00:00,spot_10,Spot 10,Occupied,2026-06-26T14:47:30.008447+00:00,1070,car,0.6826388239860535,2161,141.85784912109375,320.704345703125,189.1573486328125,350.167236328125
2026-06-26T15:23:33.712796+00:00,spot_11,Spot 11,Occupied,2026-06-26T15:15:59.891230+00:00,1069,car,0.6345866322517395,2296,113.47975158691406,318.1956787109375,155.61170959472656,346.1256103515625
2026-06-26T15:23:33.712796+00:00,spot_12,Spot 12,Occupied,2026-06-26T15:22:27.205369+00:00,1028,truck,0.6637681126594543,6354,73.28439331054688,313.395263671875,127.69346618652344,341.586669921875
2026-06-26T15:23:33.712796+00:00,spot_13,Spot 13,Empty,2026-06-26T15:22:27.205369+00:00,,,,,,,,
2026-06-26T15:23:33.712796+00:00,spot_14,Spot 14,Occupied,2026-06-26T14:43:56.297999+00:00,1056,car,0.5492812991142273,3350,53.65359878540039,314.5701904296875,88.32516479492188,335.003173828125
2026-06-26T15:23:33.712796+00:00,spot_15,Spot 15,Empty,2026-06-26T15:22:27.205369+00:00,,,,,,,,
2026-06-26T15:23:33.712796+00:00,spot_16,Spot 16,Empty,2026-06-26T15:21:12.205635+00:00,,,,,,,,
2026-06-26T15:23:33.712796+00:00,spot_17,Spot 17,Empty,2026-06-25T18:08:23.061954+00:00,,,,,,,,
2026-06-26T15:25:07.673382+00:00,spot_1,Spot 1,Occupied,2026-06-26T15:14:58.100173+00:00,1078,car,0.663334846496582,1897,571.9200439453125,320.6986083984375,616.62158203125,371.4716796875
2026-06-26T15:25:07.673382+00:00,spot_2,Spot 2,Occupied,2026-06-26T15:22:27.205369+00:00,1066,truck,0.4443860650062561,2535,504.74798583984375,316.32037353515625,558.1403198242188,368.5804443359375
2026-06-26T15:25:07.673382+00:00,spot_3,Spot 3,Occupied,2026-06-26T15:23:33.712796+00:00,1099,car,0.7673263549804688,610,447.05316162109375,321.95428466796875,503.12518310546875,363.82647705078125
2026-06-26T15:25:07.673382+00:00,spot_4,Spot 4,Occupied,2026-06-26T14:29:07.349125+00:00,1057,car,0.9089134931564331,3362,391.59375,326.11444091796875,449.0653076171875,363.18621826171875
2026-06-26T15:25:07.673382+00:00,spot_5,Spot 5,Occupied,2026-06-26T15:03:02.901501+00:00,1086,car,0.8782075047492981,1322,336.70733642578125,324.59588623046875,392.75018310546875,362.3907470703125
2026-06-26T15:25:07.673382+00:00,spot_6,Spot 6,Occupied,2026-06-26T15:23:33.712796+00:00,1104,car,0.6350244283676147,236,277.71685791015625,324.1730041503906,343.87152099609375,363.8445739746094
2026-06-26T15:25:07.673382+00:00,spot_7,Spot 7,Occupied,2026-06-26T12:58:23.374586+00:00,1017,car,0.8452483415603638,9024,247.479736328125,329.41802978515625,295.7176513671875,358.95648193359375
2026-06-26T15:25:07.673382+00:00,spot_8,Spot 8,Occupied,2026-06-26T13:48:45.543059+00:00,1034,car,0.8663533329963684,5783,206.86962890625,323.95849609375,257.057861328125,356.41290283203125
2026-06-26T15:25:07.673382+00:00,spot_9,Spot 9,Occupied,2026-06-26T13:48:45.543059+00:00,1030,car,0.7956267595291138,6448,184.32089233398438,324.08282470703125,219.35372924804688,351.13995361328125
2026-06-26T15:25:07.673382+00:00,spot_10,Spot 10,Occupied,2026-06-26T14:47:30.008447+00:00,1070,car,0.6640703082084656,2256,142.3572998046875,320.56048583984375,190.1656494140625,350.43658447265625
2026-06-26T15:25:07.673382+00:00,spot_11,Spot 11,Occupied,2026-06-26T15:25:07.673382+00:00,1107,truck,0.5800812244415283,0,113.2830581665039,317.9741516113281,154.54080200195312,346.4216613769531
2026-06-26T15:25:07.673382+00:00,spot_12,Spot 12,Occupied,2026-06-26T15:22:27.205369+00:00,1028,truck,0.6909842491149902,6448,74.13914489746094,313.08709716796875,127.53166198730469,341.26300048828125
2026-06-26T15:25:07.673382+00:00,spot_13,Spot 13,Empty,2026-06-26T15:22:27.205369+00:00,,,,,,,,
2026-06-26T15:25:07.673382+00:00,spot_14,Spot 14,Occupied,2026-06-26T14:43:56.297999+00:00,1056,car,0.6352792382240295,3445,53.421817779541016,314.197265625,88.76287841796875,334.5009765625
2026-06-26T15:25:07.673382+00:00,spot_15,Spot 15,Empty,2026-06-26T15:22:27.205369+00:00,,,,,,,,
2026-06-26T15:25:07.673382+00:00,spot_16,Spot 16,Empty,2026-06-26T15:21:12.205635+00:00,,,,,,,,
2026-06-26T15:25:07.673382+00:00,spot_17,Spot 17,Empty,2026-06-25T18:08:23.061954+00:00,,,,,,,,
2026-06-26T15:26:05.441697+00:00,spot_1,Spot 1,Occupied,2026-06-26T15:26:05.441697+00:00,1106,truck,0.583407998085022,165,571.7486572265625,320.7995910644531,615.0931396484375,371.5224304199219
2026-06-26T15:26:05.441697+00:00,spot_2,Spot 2,Occupied,2026-06-26T15:26:05.441697+00:00,1109,car,0.5821057558059692,0,505.15771484375,319.15216064453125,552.0274658203125,368.73516845703125
2026-06-26T15:26:05.441697+00:00,spot_3,Spot 3,Occupied,2026-06-26T15:23:33.712796+00:00,1099,car,0.6587828993797302,681,446.4805908203125,321.2781982421875,501.52716064453125,365.67431640625
2026-06-26T15:26:05.441697+00:00,spot_4,Spot 4,Occupied,2026-06-26T14:29:07.349125+00:00,1057,car,0.9013691544532776,3433,391.55364990234375,326.1616516113281,448.94305419921875,362.9384460449219
2026-06-26T15:26:05.441697+00:00,spot_5,Spot 5,Occupied,2026-06-26T15:03:02.901501+00:00,1086,car,0.857862651348114,1393,336.2920837402344,325.13232421875,391.5239562988281,362.6873779296875
2026-06-26T15:26:05.441697+00:00,spot_6,Spot 6,Occupied,2026-06-26T15:26:05.441697+00:00,1108,truck,0.6611912846565247,0,277.28118896484375,323.633056640625,340.95245361328125,364.77423095703125
2026-06-26T15:26:05.441697+00:00,spot_7,Spot 7,Occupied,2026-06-26T12:58:23.374586+00:00,1017,car,0.7494133114814758,9095,247.75143432617188,330.5602111816406,295.5514221191406,358.7909851074219
2026-06-26T15:26:05.441697+00:00,spot_8,Spot 8,Occupied,2026-06-26T13:48:45.543059+00:00,1034,car,0.7465475797653198,5854,206.54046630859375,323.3945007324219,258.550048828125,356.0935363769531
2026-06-26T15:26:05.441697+00:00,spot_9,Spot 9,Occupied,2026-06-26T13:48:45.543059+00:00,1030,car,0.7095400094985962,6520,184.32061767578125,324.1663818359375,218.96844482421875,351.4464111328125
2026-06-26T15:26:05.441697+00:00,spot_10,Spot 10,Occupied,2026-06-26T14:47:30.008447+00:00,1070,car,0.5602439641952515,2327,139.89962768554688,320.9300537109375,191.50631713867188,350.51995849609375
2026-06-26T15:26:05.441697+00:00,spot_11,Spot 11,Occupied,2026-06-26T15:26:05.441697+00:00,1069,car,0.5166985988616943,2462,113.7943115234375,318.271728515625,155.317626953125,346.1224365234375
2026-06-26T15:26:05.441697+00:00,spot_12,Spot 12,Empty,2026-06-26T15:26:05.441697+00:00,,,,,,,,
2026-06-26T15:26:05.441697+00:00,spot_13,Spot 13,Occupied,2026-06-26T15:26:05.441697+00:00,1028,truck,0.6695986390113831,6520,72.00294494628906,312.94586181640625,126.22590637207031,341.84747314453125
2026-06-26T15:26:05.441697+00:00,spot_14,Spot 14,Occupied,2026-06-26T14:43:56.297999+00:00,1056,car,0.5387969613075256,3516,53.58476257324219,314.0852355957031,89.55020141601562,334.9191589355469
2026-06-26T15:26:05.441697+00:00,spot_15,Spot 15,Empty,2026-06-26T15:22:27.205369+00:00,,,,,,,,
2026-06-26T15:26:05.441697+00:00,spot_16,Spot 16,Empty,2026-06-26T15:21:12.205635+00:00,,,,,,,,
2026-06-26T15:26:05.441697+00:00,spot_17,Spot 17,Empty,2026-06-25T18:08:23.061954+00:00,,,,,,,,
2026-06-26T15:27:33.522481+00:00,spot_1,Spot 1,Occupied,2026-06-26T15:27:33.522481+00:00,1078,car,0.5147039890289307,2042,571.5570068359375,321.27923583984375,616.5347900390625,371.30731201171875
2026-06-26T15:27:33.522481+00:00,spot_2,Spot 2,Occupied,2026-06-26T15:27:33.522481+00:00,1066,truck,0.4182053804397583,2680,505.1044921875,316.977783203125,553.7216796875,368.8494873046875
2026-06-26T15:27:33.522481+00:00,spot_3,Spot 3,Occupied,2026-06-26T15:27:33.522481+00:00,1110,truck,0.4913904070854187,0,446.8300476074219,321.7589416503906,502.0545959472656,364.4898986816406
2026-06-26T15:27:33.522481+00:00,spot_4,Spot 4,Occupied,2026-06-26T14:29:07.349125+00:00,1057,car,0.8944273591041565,3507,391.58380126953125,325.99114990234375,449.03289794921875,362.70220947265625
2026-06-26T15:27:33.522481+00:00,spot_5,Spot 5,Occupied,2026-06-26T15:03:02.901501+00:00,1086,car,0.8405467867851257,1467,336.76318359375,325.29852294921875,392.064697265625,362.80108642578125
2026-06-26T15:27:33.522481+00:00,spot_6,Spot 6,Occupied,2026-06-26T15:26:05.441697+00:00,1108,truck,0.4104107916355133,73,277.377197265625,323.87744140625,342.85711669921875,364.57415771484375
2026-06-26T15:27:33.522481+00:00,spot_7,Spot 7,Occupied,2026-06-26T12:58:23.374586+00:00,1017,car,0.7843821048736572,9169,247.383544921875,329.7835693359375,295.171630859375,358.6168212890625
2026-06-26T15:27:33.522481+00:00,spot_8,Spot 8,Occupied,2026-06-26T13:48:45.543059+00:00,1034,car,0.7345394492149353,5928,206.60968017578125,323.75726318359375,257.3674621582031,356.0860595703125
2026-06-26T15:27:33.522481+00:00,spot_9,Spot 9,Occupied,2026-06-26T13:48:45.543059+00:00,1030,car,0.7706376314163208,6594,183.77734375,324.5146789550781,219.28543090820312,351.0719909667969
2026-06-26T15:27:33.522481+00:00,spot_10,Spot 10,Occupied,2026-06-26T14:47:30.008447+00:00,1070,car,0.6682078242301941,2401,140.12582397460938,320.7398681640625,191.46881103515625,350.734619140625
2026-06-26T15:27:33.522481+00:00,spot_11,Spot 11,Occupied,2026-06-26T15:26:05.441697+00:00,1069,car,0.5678301453590393,2536,113.72541809082031,318.1715087890625,156.3289337158203,345.7833251953125
2026-06-26T15:27:33.522481+00:00,spot_12,Spot 12,Empty,2026-06-26T15:26:05.441697+00:00,,,,,,,,
2026-06-26T15:27:33.522481+00:00,spot_13,Spot 13,Occupied,2026-06-26T15:26:05.441697+00:00,1028,truck,0.6404801607131958,6594,73.34324645996094,312.96783447265625,127.66316223144531,342.09320068359375
2026-06-26T15:27:33.522481+00:00,spot_14,Spot 14,Occupied,2026-06-26T14:43:56.297999+00:00,1056,car,0.6007297039031982,3590,53.37200164794922,313.9741516113281,88.17676544189453,335.1045837402344
2026-06-26T15:27:33.522481+00:00,spot_15,Spot 15,Empty,2026-06-26T15:22:27.205369+00:00,,,,,,,,
2026-06-26T15:27:33.522481+00:00,spot_16,Spot 16,Empty,2026-06-26T15:21:12.205635+00:00,,,,,,,,
2026-06-26T15:27:33.522481+00:00,spot_17,Spot 17,Empty,2026-06-25T18:08:23.061954+00:00,,,,,,,,
2026-06-26T15:28:43.444909+00:00,spot_1,Spot 1,Occupied,2026-06-26T15:27:33.522481+00:00,1078,car,0.6150704622268677,2111,571.892822265625,321.4407653808594,616.282470703125,371.0008239746094
2026-06-26T15:28:43.444909+00:00,spot_2,Spot 2,Occupied,2026-06-26T15:27:33.522481+00:00,1066,truck,0.5774320960044861,2749,505.0841979980469,317.1132507324219,558.389892578125,368.5311584472656
2026-06-26T15:28:43.444909+00:00,spot_3,Spot 3,Occupied,2026-06-26T15:27:33.522481+00:00,1110,truck,0.6004274487495422,68,446.9379577636719,320.73138427734375,502.5672302246094,364.16131591796875
2026-06-26T15:28:43.444909+00:00,spot_4,Spot 4,Occupied,2026-06-26T14:29:07.349125+00:00,1057,car,0.8994799256324768,3575,391.5197448730469,326.0260925292969,449.2986755371094,362.7889099121094
2026-06-26T15:28:43.444909+00:00,spot_5,Spot 5,Occupied,2026-06-26T15:03:02.901501+00:00,1086,car,0.8577221035957336,1536,336.7058410644531,325.1826171875,392.6368713378906,362.3553466796875
2026-06-26T15:28:43.444909+00:00,spot_6,Spot 6,Occupied,2026-06-26T15:26:05.441697+00:00,1108,truck,0.6563329100608826,142,277.298583984375,323.7663879394531,342.7239990234375,364.2489318847656
2026-06-26T15:28:43.444909+00:00,spot_7,Spot 7,Occupied,2026-06-26T12:58:23.374586+00:00,1017,car,0.832629919052124,9238,247.345703125,329.0892333984375,295.4993896484375,358.771484375
2026-06-26T15:28:43.444909+00:00,spot_8,Spot 8,Occupied,2026-06-26T13:48:45.543059+00:00,1034,car,0.8315214514732361,5997,206.45523071289062,324.0811767578125,256.97625732421875,355.558837890625
2026-06-26T15:28:43.444909+00:00,spot_9,Spot 9,Occupied,2026-06-26T13:48:45.543059+00:00,1030,car,0.7029571533203125,6662,184.74020385742188,324.0434875488281,220.71826171875,351.2699279785156
2026-06-26T15:28:43.444909+00:00,spot_10,Spot 10,Occupied,2026-06-26T14:47:30.008447+00:00,1070,car,0.6599211692810059,2470,141.62750244140625,320.5093994140625,189.01300048828125,350.0511474609375
2026-06-26T15:28:43.444909+00:00,spot_11,Spot 11,Occupied,2026-06-26T15:26:05.441697+00:00,1069,car,0.4550709128379822,2604,113.58766174316406,318.18695068359375,155.9513397216797,346.09112548828125
2026-06-26T15:28:43.444909+00:00,spot_12,Spot 12,Occupied,2026-06-26T15:28:43.444909+00:00,1028,truck,0.6669328808784485,6662,74.9993896484375,312.886474609375,127.88385009765625,341.5330810546875
2026-06-26T15:28:43.444909+00:00,spot_13,Spot 13,Empty,2026-06-26T15:28:43.444909+00:00,,,,,,,,
2026-06-26T15:28:43.444909+00:00,spot_14,Spot 14,Occupied,2026-06-26T14:43:56.297999+00:00,1056,car,0.5973872542381287,3659,53.33232116699219,314.22900390625,87.56169128417969,334.40936279296875
2026-06-26T15:28:43.444909+00:00,spot_15,Spot 15,Empty,2026-06-26T15:22:27.205369+00:00,,,,,,,,
2026-06-26T15:28:43.444909+00:00,spot_16,Spot 16,Occupied,2026-06-26T15:28:43.444909+00:00,1112,car,0.3511085510253906,0,20.983884811401367,312.83660888671875,48.761505126953125,330.47894287109375
2026-06-26T15:28:43.444909+00:00,spot_17,Spot 17,Empty,2026-06-25T18:08:23.061954+00:00,,,,,,,,
2026-06-26T15:29:45.775309+00:00,spot_1,Spot 1,Occupied,2026-06-26T15:27:33.522481+00:00,1078,car,0.7511720061302185,2172,571.0098876953125,320.18719482421875,616.8697509765625,371.40985107421875
2026-06-26T15:29:45.775309+00:00,spot_2,Spot 2,Occupied,2026-06-26T15:29:45.775309+00:00,1113,car,0.7595821022987366,0,505.17120361328125,329.116943359375,550.1484985351562,366.4649658203125
2026-06-26T15:29:45.775309+00:00,spot_3,Spot 3,Occupied,2026-06-26T15:27:33.522481+00:00,1110,truck,0.5208247900009155,129,447.07257080078125,321.9190673828125,500.94415283203125,365.4532470703125
2026-06-26T15:29:45.775309+00:00,spot_4,Spot 4,Occupied,2026-06-26T14:29:07.349125+00:00,1057,car,0.8962835073471069,3637,391.54595947265625,325.95111083984375,448.9351806640625,362.17840576171875
2026-06-26T15:29:45.775309+00:00,spot_5,Spot 5,Occupied,2026-06-26T15:03:02.901501+00:00,1086,car,0.8405526876449585,1597,336.253662109375,325.39727783203125,390.79876708984375,362.54022216796875
2026-06-26T15:29:45.775309+00:00,spot_6,Spot 6,Occupied,2026-06-26T15:29:45.775309+00:00,1104,car,0.3871874213218689,511,277.5317687988281,325.095947265625,343.9806823730469,364.547119140625
2026-06-26T15:29:45.775309+00:00,spot_7,Spot 7,Occupied,2026-06-26T12:58:23.374586+00:00,1017,car,0.7800118923187256,9299,247.46713256835938,330.6698913574219,295.4319763183594,359.2701721191406
2026-06-26T15:29:45.775309+00:00,spot_8,Spot 8,Occupied,2026-06-26T13:48:45.543059+00:00,1034,car,0.7741954922676086,6058,206.70523071289062,323.64453125,256.9280700683594,355.281005859375
2026-06-26T15:29:45.775309+00:00,spot_9,Spot 9,Occupied,2026-06-26T13:48:45.543059+00:00,1030,car,0.7301130890846252,6723,184.25051879882812,324.97314453125,219.51510620117188,351.4813232421875
2026-06-26T15:29:45.775309+00:00,spot_10,Spot 10,Occupied,2026-06-26T14:47:30.008447+00:00,1070,car,0.758383572101593,2531,140.63180541992188,320.93280029296875,187.64321899414062,350.35504150390625
2026-06-26T15:29:45.775309+00:00,spot_11,Spot 11,Occupied,2026-06-26T15:26:05.441697+00:00,1069,car,0.49023184180259705,2665,113.84171295166016,317.5333251953125,157.27523803710938,346.383544921875
2026-06-26T15:29:45.775309+00:00,spot_12,Spot 12,Occupied,2026-06-26T15:28:43.444909+00:00,1028,truck,0.6391891837120056,6723,73.09383392333984,312.95050048828125,126.54012298583984,341.61102294921875
2026-06-26T15:29:45.775309+00:00,spot_13,Spot 13,Empty,2026-06-26T15:28:43.444909+00:00,,,,,,,,
2026-06-26T15:29:45.775309+00:00,spot_14,Spot 14,Occupied,2026-06-26T14:43:56.297999+00:00,1056,car,0.5753867030143738,3720,53.250511169433594,313.95928955078125,86.4343490600586,334.62811279296875
2026-06-26T15:29:45.775309+00:00,spot_15,Spot 15,Empty,2026-06-26T15:22:27.205369+00:00,,,,,,,,
2026-06-26T15:29:45.775309+00:00,spot_16,Spot 16,Occupied,2026-06-26T15:28:43.444909+00:00,1112,car,0.4080866873264313,61,20.81104278564453,312.8353576660156,48.436492919921875,330.1855773925781
2026-06-26T15:29:45.775309+00:00,spot_17,Spot 17,Empty,2026-06-25T18:08:23.061954+00:00,,,,,,,,
2026-06-26T15:31:11.438516+00:00,spot_1,Spot 1,Occupied,2026-06-26T15:31:11.438516+00:00,1114,truck,0.4028506278991699,0,571.1763916015625,320.91766357421875,615.8511962890625,371.46868896484375
2026-06-26T15:31:11.438516+00:00,spot_2,Spot 2,Occupied,2026-06-26T15:29:45.775309+00:00,1113,car,0.3822936713695526,87,504.912353515625,317.2392272949219,555.6986083984375,368.8550109863281
2026-06-26T15:31:11.438516+00:00,spot_3,Spot 3,Occupied,2026-06-26T15:27:33.522481+00:00,1110,truck,0.5580649971961975,217,446.90533447265625,322.1046447753906,502.19293212890625,364.2567443847656
2026-06-26T15:31:11.438516+00:00,spot_4,Spot 4,Occupied,2026-06-26T14:29:07.349125+00:00,1057,car,0.9029545187950134,3724,391.61456298828125,325.8874816894531,449.27960205078125,361.8960876464844
2026-06-26T15:31:11.438516+00:00,spot_5,Spot 5,Occupied,2026-06-26T15:03:02.901501+00:00,1086,car,0.8627284169197083,1684,336.13690185546875,325.0489501953125,392.45428466796875,363.0010986328125
2026-06-26T15:31:11.438516+00:00,spot_6,Spot 6,Occupied,2026-06-26T15:29:45.775309+00:00,1104,car,0.45787304639816284,598,277.27203369140625,323.442138671875,342.85137939453125,364.6556396484375
2026-06-26T15:31:11.438516+00:00,spot_7,Spot 7,Occupied,2026-06-26T12:58:23.374586+00:00,1017,car,0.7656095623970032,9386,247.3397674560547,330.4456787109375,295.39459228515625,359.1627197265625
2026-06-26T15:31:11.438516+00:00,spot_8,Spot 8,Occupied,2026-06-26T13:48:45.543059+00:00,1034,car,0.7715292572975159,6145,206.48388671875,323.8169250488281,259.6688537597656,355.2542419433594
2026-06-26T15:31:11.438516+00:00,spot_9,Spot 9,Occupied,2026-06-26T13:48:45.543059+00:00,1030,car,0.7562658190727234,6811,184.54434204101562,324.486083984375,217.44021606445312,351.71881103515625
2026-06-26T15:31:11.438516+00:00,spot_10,Spot 10,Occupied,2026-06-26T14:47:30.008447+00:00,1070,car,0.7250012755393982,2618,140.1563720703125,320.7156982421875,190.98306274414062,350.381103515625
2026-06-26T15:31:11.438516+00:00,spot_11,Spot 11,Occupied,2026-06-26T15:26:05.441697+00:00,1069,car,0.41636136174201965,2753,113.52359771728516,317.2684326171875,158.29476928710938,346.47021484375
2026-06-26T15:31:11.438516+00:00,spot_12,Spot 12,Occupied,2026-06-26T15:28:43.444909+00:00,1028,truck,0.629342257976532,6811,73.53469848632812,312.9139099121094,125.43931579589844,341.2959289550781
2026-06-26T15:31:11.438516+00:00,spot_13,Spot 13,Empty,2026-06-26T15:28:43.444909+00:00,,,,,,,,
2026-06-26T15:31:11.438516+00:00,spot_14,Spot 14,Occupied,2026-06-26T14:43:56.297999+00:00,1056,car,0.5523051023483276,3807,53.26716613769531,313.840087890625,86.66848754882812,335.08367919921875
2026-06-26T15:31:11.438516+00:00,spot_15,Spot 15,Empty,2026-06-26T15:22:27.205369+00:00,,,,,,,,
2026-06-26T15:31:11.438516+00:00,spot_16,Spot 16,Occupied,2026-06-26T15:28:43.444909+00:00,1112,car,0.5499672889709473,148,21.780410766601562,313.0426025390625,45.897621154785156,330.1683349609375
2026-06-26T15:31:11.438516+00:00,spot_17,Spot 17,Empty,2026-06-25T18:08:23.061954+00:00,,,,,,,,
2026-06-26T15:32:18.867698+00:00,spot_1,Spot 1,Occupied,2026-06-26T15:32:18.867698+00:00,1078,car,0.7740315794944763,2341,571.130615234375,320.42205810546875,617.723388671875,371.48095703125
2026-06-26T15:32:18.867698+00:00,spot_2,Spot 2,Occupied,2026-06-26T15:29:45.775309+00:00,1113,car,0.5564777255058289,168,504.39959716796875,325.841064453125,550.4684448242188,368.980224609375
2026-06-26T15:32:18.867698+00:00,spot_3,Spot 3,Occupied,2026-06-26T15:27:33.522481+00:00,1110,truck,0.6785861849784851,298,446.9124755859375,322.018798828125,502.264892578125,365.3525390625
2026-06-26T15:32:18.867698+00:00,spot_4,Spot 4,Occupied,2026-06-26T14:29:07.349125+00:00,1057,car,0.887730062007904,3805,391.47857666015625,326.09454345703125,448.66705322265625,362.70904541015625
2026-06-26T15:32:18.867698+00:00,spot_5,Spot 5,Occupied,2026-06-26T15:03:02.901501+00:00,1086,car,0.8658673763275146,1765,336.16314697265625,325.2813720703125,385.48907470703125,362.53369140625
2026-06-26T15:32:18.867698+00:00,spot_6,Spot 6,Occupied,2026-06-26T15:32:18.867698+00:00,1108,truck,0.7029991745948792,372,277.57421875,323.14837646484375,342.65667724609375,365.53411865234375
2026-06-26T15:32:18.867698+00:00,spot_7,Spot 7,Occupied,2026-06-26T12:58:23.374586+00:00,1017,car,0.8068393468856812,9467,247.9019775390625,330.43646240234375,295.58514404296875,358.82763671875
2026-06-26T15:32:18.867698+00:00,spot_8,Spot 8,Occupied,2026-06-26T13:48:45.543059+00:00,1034,car,0.7963050007820129,6226,206.60699462890625,324.6058349609375,256.8425598144531,355.13671875
2026-06-26T15:32:18.867698+00:00,spot_9,Spot 9,Occupied,2026-06-26T13:48:45.543059+00:00,1030,car,0.6537631154060364,6892,184.62899780273438,326.2962646484375,213.38409423828125,351.4228515625
2026-06-26T15:32:18.867698+00:00,spot_10,Spot 10,Occupied,2026-06-26T14:47:30.008447+00:00,1070,car,0.6844185590744019,2699,140.57510375976562,321.160400390625,187.95791625976562,350.5892333984375
2026-06-26T15:32:18.867698+00:00,spot_11,Spot 11,Occupied,2026-06-26T15:26:05.441697+00:00,1069,car,0.612480103969574,2834,112.77186584472656,317.6851806640625,155.4533233642578,346.1148681640625
2026-06-26T15:32:18.867698+00:00,spot_12,Spot 12,Empty,2026-06-26T15:32:18.867698+00:00,,,,,,,,
2026-06-26T15:32:18.867698+00:00,spot_13,Spot 13,Occupied,2026-06-26T15:32:18.867698+00:00,1028,truck,0.45704084634780884,6892,75.51033020019531,312.66229248046875,123.73869323730469,341.90753173828125
2026-06-26T15:32:18.867698+00:00,spot_14,Spot 14,Occupied,2026-06-26T14:43:56.297999+00:00,1056,car,0.5434035658836365,3888,53.07084274291992,314.20654296875,86.66157531738281,334.74951171875
2026-06-26T15:32:18.867698+00:00,spot_15,Spot 15,Occupied,2026-06-26T15:32:18.867698+00:00,1115,car,0.3577524423599243,0,39.710105895996094,313.20806884765625,65.97759246826172,331.36651611328125
2026-06-26T15:32:18.867698+00:00,spot_16,Spot 16,Occupied,2026-06-26T15:28:43.444909+00:00,1112,car,0.4706030786037445,229,21.70642852783203,312.9061279296875,46.626373291015625,330.02142333984375
2026-06-26T15:32:18.867698+00:00,spot_17,Spot 17,Empty,2026-06-25T18:08:23.061954+00:00,,,,,,,,
2026-06-26T15:33:40.489069+00:00,spot_1,Spot 1,Occupied,2026-06-26T15:32:18.867698+00:00,1078,car,0.7603862881660461,2408,571.81982421875,320.8192138671875,616.94091796875,371.97119140625
2026-06-26T15:33:40.489069+00:00,spot_2,Spot 2,Occupied,2026-06-26T15:29:45.775309+00:00,1113,car,0.4616529047489166,236,504.78155517578125,319.12823486328125,551.0040893554688,369.1396484375
2026-06-26T15:33:40.489069+00:00,spot_3,Spot 3,Occupied,2026-06-26T15:27:33.522481+00:00,1110,truck,0.42395520210266113,366,446.81768798828125,322.96417236328125,500.63690185546875,365.0980224609375
2026-06-26T15:33:40.489069+00:00,spot_4,Spot 4,Occupied,2026-06-26T14:29:07.349125+00:00,1057,car,0.8964335322380066,3873,391.54217529296875,326.29022216796875,448.91351318359375,363.4912109375
2026-06-26T15:33:40.489069+00:00,spot_5,Spot 5,Occupied,2026-06-26T15:03:02.901501+00:00,1086,car,0.8478787541389465,1833,336.1843566894531,324.9130554199219,392.8356018066406,363.0376281738281
2026-06-26T15:33:40.489069+00:00,spot_6,Spot 6,Occupied,2026-06-26T15:32:18.867698+00:00,1108,truck,0.5358888506889343,440,277.14215087890625,323.68145751953125,342.77313232421875,364.85986328125
2026-06-26T15:33:40.489069+00:00,spot_7,Spot 7,Occupied,2026-06-26T12:58:23.374586+00:00,1017,car,0.735696017742157,9535,247.6033935546875,330.36224365234375,295.59283447265625,358.480712890625
2026-06-26T15:33:40.489069+00:00,spot_8,Spot 8,Occupied,2026-06-26T13:48:45.543059+00:00,1034,car,0.7215445637702942,6294,206.53076171875,323.75518798828125,257.018798828125,356.5089111328125
2026-06-26T15:33:40.489069+00:00,spot_9,Spot 9,Occupied,2026-06-26T13:48:45.543059+00:00,1030,car,0.7882317304611206,6960,184.40957641601562,324.3380126953125,218.39251708984375,351.22808837890625
2026-06-26T15:33:40.489069+00:00,spot_10,Spot 10,Occupied,2026-06-26T14:47:30.008447+00:00,1070,car,0.6928825378417969,2767,138.43606567382812,321.405517578125,187.57833862304688,350.800048828125
2026-06-26T15:33:40.489069+00:00,spot_11,Spot 11,Occupied,2026-06-26T15:26:05.441697+00:00,1069,car,0.5712530612945557,2902,112.39370727539062,318.0149841308594,155.25732421875,347.1318664550781
2026-06-26T15:33:40.489069+00:00,spot_12,Spot 12,Occupied,2026-06-26T15:33:40.489069+00:00,1117,car,0.371114581823349,0,78.45758056640625,312.8079833984375,123.94039916992188,341.6549072265625
2026-06-26T15:33:40.489069+00:00,spot_13,Spot 13,Occupied,2026-06-26T15:32:18.867698+00:00,1028,truck,0.43379777669906616,6960,78.59461975097656,312.78704833984375,123.99510192871094,341.70208740234375
2026-06-26T15:33:40.489069+00:00,spot_14,Spot 14,Occupied,2026-06-26T14:43:56.297999+00:00,1056,car,0.49121424555778503,3956,52.85882568359375,314.05889892578125,86.99839782714844,334.65386962890625
2026-06-26T15:33:40.489069+00:00,spot_15,Spot 15,Empty,2026-06-26T15:33:40.489069+00:00,,,,,,,,
2026-06-26T15:33:40.489069+00:00,spot_16,Spot 16,Occupied,2026-06-26T15:28:43.444909+00:00,1112,car,0.6047379374504089,297,17.152301788330078,312.7953796386719,47.76742935180664,330.1316833496094
2026-06-26T15:33:40.489069+00:00,spot_17,Spot 17,Empty,2026-06-25T18:08:23.061954+00:00,,,,,,,,
2026-06-26T15:35:08.266452+00:00,spot_1,Spot 1,Occupied,2026-06-26T15:32:18.867698+00:00,1078,car,0.8018040060997009,2497,571.671630859375,321.10980224609375,616.798828125,371.83709716796875
2026-06-26T15:35:08.266452+00:00,spot_2,Spot 2,Occupied,2026-06-26T15:35:08.266452+00:00,1118,truck,0.47141239047050476,0,505.33270263671875,285.1383056640625,558.3554077148438,369.0364990234375
2026-06-26T15:35:08.266452+00:00,spot_3,Spot 3,Occupied,2026-06-26T15:35:08.266452+00:00,1116,car,0.6410732865333557,88,447.00640869140625,322.1750183105469,502.77813720703125,364.9328308105469
2026-06-26T15:35:08.266452+00:00,spot_4,Spot 4,Occupied,2026-06-26T14:29:07.349125+00:00,1057,car,0.9031296968460083,3961,391.51715087890625,326.0251159667969,448.76617431640625,362.6488342285156
2026-06-26T15:35:08.266452+00:00,spot_5,Spot 5,Occupied,2026-06-26T15:03:02.901501+00:00,1086,car,0.84996497631073,1922,335.86572265625,325.06109619140625,391.6337890625,363.56756591796875
2026-06-26T15:35:08.266452+00:00,spot_6,Spot 6,Occupied,2026-06-26T15:32:18.867698+00:00,1108,truck,0.5677533745765686,528,278.04339599609375,323.4157409667969,343.62261962890625,364.6512145996094
2026-06-26T15:35:08.266452+00:00,spot_7,Spot 7,Occupied,2026-06-26T12:58:23.374586+00:00,1017,car,0.8151412606239319,9624,247.58555603027344,330.36871337890625,295.542724609375,358.73638916015625
2026-06-26T15:35:08.266452+00:00,spot_8,Spot 8,Occupied,2026-06-26T13:48:45.543059+00:00,1034,car,0.7790820002555847,6382,206.482177734375,324.1904602050781,256.89190673828125,355.2892150878906
2026-06-26T15:35:08.266452+00:00,spot_9,Spot 9,Occupied,2026-06-26T13:48:45.543059+00:00,1030,car,0.48470088839530945,7048,184.59609985351562,325.7330017089844,211.11032104492188,351.4635314941406
2026-06-26T15:35:08.266452+00:00,spot_10,Spot 10,Occupied,2026-06-26T14:47:30.008447+00:00,1070,car,0.6409352421760559,2855,140.504638671875,320.8820495605469,187.61624145507812,350.0668029785156
2026-06-26T15:35:08.266452+00:00,spot_11,Spot 11,Occupied,2026-06-26T15:35:08.266452+00:00,1119,truck,0.35153692960739136,0,111.86827850341797,318.251708984375,154.09130859375,346.2015380859375
2026-06-26T15:35:08.266452+00:00,spot_12,Spot 12,Occupied,2026-06-26T15:35:08.266452+00:00,1028,truck,0.3931231200695038,7048,80.00827026367188,313.05072021484375,123.15362548828125,341.630859375
2026-06-26T15:35:08.266452+00:00,spot_13,Spot 13,Empty,2026-06-26T15:35:08.266452+00:00,,,,,,,,
2026-06-26T15:35:08.266452+00:00,spot_14,Spot 14,Occupied,2026-06-26T14:43:56.297999+00:00,1056,car,0.535315752029419,4044,53.58432388305664,313.88018798828125,86.8594970703125,335.24017333984375
2026-06-26T15:35:08.266452+00:00,spot_15,Spot 15,Occupied,2026-06-26T15:35:08.266452+00:00,1115,car,0.3669055998325348,156,39.49340057373047,312.91796875,63.575050354003906,331.7825927734375
2026-06-26T15:35:08.266452+00:00,spot_16,Spot 16,Occupied,2026-06-26T15:28:43.444909+00:00,1112,car,0.37438538670539856,385,21.029979705810547,313.052490234375,44.61953353881836,330.182373046875
2026-06-26T15:35:08.266452+00:00,spot_17,Spot 17,Empty,2026-06-25T18:08:23.061954+00:00,,,,,,,,
2026-06-26T15:36:02.251163+00:00,spot_1,Spot 1,Occupied,2026-06-26T15:32:18.867698+00:00,1078,car,0.7087646126747131,2557,571.3031005859375,321.428955078125,616.8431396484375,371.843505859375
2026-06-26T15:36:02.251163+00:00,spot_2,Spot 2,Occupied,2026-06-26T15:35:08.266452+00:00,1118,truck,0.6123929619789124,60,504.7848815917969,317.3958435058594,551.9462890625,368.8357849121094
2026-06-26T15:36:02.251163+00:00,spot_3,Spot 3,Occupied,2026-06-26T15:36:02.251163+00:00,1110,truck,0.5331112146377563,514,446.7686767578125,321.43798828125,501.929443359375,364.8763427734375
2026-06-26T15:36:02.251163+00:00,spot_4,Spot 4,Occupied,2026-06-26T14:29:07.349125+00:00,1057,car,0.8888676166534424,4022,391.70965576171875,326.14886474609375,448.58746337890625,363.41461181640625
2026-06-26T15:36:02.251163+00:00,spot_5,Spot 5,Occupied,2026-06-26T15:03:02.901501+00:00,1086,car,0.7953196167945862,1982,335.99444580078125,325.1910400390625,390.04193115234375,362.8133544921875
2026-06-26T15:36:02.251163+00:00,spot_6,Spot 6,Occupied,2026-06-26T15:32:18.867698+00:00,1108,truck,0.6175320148468018,588,277.3538818359375,323.3702087402344,343.7261962890625,365.4683532714844
2026-06-26T15:36:02.251163+00:00,spot_7,Spot 7,Occupied,2026-06-26T12:58:23.374586+00:00,1017,car,0.8027070164680481,9684,247.51153564453125,330.37261962890625,295.4671630859375,358.73345947265625
2026-06-26T15:36:02.251163+00:00,spot_8,Spot 8,Occupied,2026-06-26T13:48:45.543059+00:00,1034,car,0.7030020356178284,6443,206.41421508789062,323.631591796875,258.3347473144531,355.88916015625
2026-06-26T15:36:02.251163+00:00,spot_9,Spot 9,Occupied,2026-06-26T13:48:45.543059+00:00,1030,car,0.7164965271949768,7108,184.2646484375,324.1661376953125,221.48638916015625,351.287109375
2026-06-26T15:36:02.251163+00:00,spot_10,Spot 10,Occupied,2026-06-26T14:47:30.008447+00:00,1070,car,0.5514249205589294,2916,140.495849609375,320.81402587890625,187.51226806640625,350.14019775390625
2026-06-26T15:36:02.251163+00:00,spot_11,Spot 11,Occupied,2026-06-26T15:35:08.266452+00:00,1119,truck,0.42344939708709717,60,111.8973388671875,316.89080810546875,154.6416015625,345.84307861328125
2026-06-26T15:36:02.251163+00:00,spot_12,Spot 12,Occupied,2026-06-26T15:35:08.266452+00:00,1028,truck,0.5046271085739136,7108,73.48023986816406,312.68231201171875,122.43577575683594,341.33721923828125
2026-06-26T15:36:02.251163+00:00,spot_13,Spot 13,Empty,2026-06-26T15:35:08.266452+00:00,,,,,,,,
2026-06-26T15:36:02.251163+00:00,spot_14,Spot 14,Occupied,2026-06-26T14:43:56.297999+00:00,1056,car,0.5122706294059753,4105,53.54386901855469,313.9154968261719,88.19645690917969,334.9397277832031
2026-06-26T15:36:02.251163+00:00,spot_15,Spot 15,Empty,2026-06-26T15:36:02.251163+00:00,,,,,,,,
2026-06-26T15:36:02.251163+00:00,spot_16,Spot 16,Empty,2026-06-26T15:36:02.251163+00:00,,,,,,,,
2026-06-26T15:36:02.251163+00:00,spot_17,Spot 17,Empty,2026-06-25T18:08:23.061954+00:00,,,,,,,,
2026-06-26T15:37:23.517525+00:00,spot_1,Spot 1,Occupied,2026-06-26T15:32:18.867698+00:00,1078,car,0.7060534954071045,2631,571.4359130859375,320.81988525390625,617.7974853515625,371.79791259765625
2026-06-26T15:37:23.517525+00:00,spot_2,Spot 2,Occupied,2026-06-26T15:35:08.266452+00:00,1118,truck,0.36150476336479187,134,504.96337890625,317.5592041015625,553.5938720703125,369.080078125
2026-06-26T15:37:23.517525+00:00,spot_3,Spot 3,Occupied,2026-06-26T15:36:02.251163+00:00,1110,truck,0.6724663972854614,588,446.37359619140625,322.33624267578125,502.30377197265625,364.84051513671875
2026-06-26T15:37:23.517525+00:00,spot_4,Spot 4,Occupied,2026-06-26T14:29:07.349125+00:00,1057,car,0.8830854296684265,4096,391.5231018066406,325.978759765625,448.6819763183594,362.5572509765625
2026-06-26T15:37:23.517525+00:00,spot_5,Spot 5,Occupied,2026-06-26T15:03:02.901501+00:00,1086,car,0.8834019899368286,2056,336.264404296875,325.27435302734375,393.082275390625,362.46832275390625
2026-06-26T15:37:23.517525+00:00,spot_6,Spot 6,Occupied,2026-06-26T15:37:23.517525+00:00,1121,car,0.3866628110408783,0,277.41583251953125,323.4898376464844,342.60662841796875,364.1174621582031
2026-06-26T15:37:23.517525+00:00,spot_7,Spot 7,Occupied,2026-06-26T12:58:23.374586+00:00,1017,car,0.7778238654136658,9758,247.27047729492188,330.130859375,295.0824279785156,359.0142822265625
2026-06-26T15:37:23.517525+00:00,spot_8,Spot 8,Occupied,2026-06-26T13:48:45.543059+00:00,1034,car,0.7664104700088501,6517,206.72854614257812,323.5887451171875,257.8839416503906,355.55322265625
2026-06-26T15:37:23.517525+00:00,spot_9,Spot 9,Occupied,2026-06-26T13:48:45.543059+00:00,1030,car,0.7070597410202026,7182,184.28170776367188,323.41302490234375,221.47994995117188,351.33709716796875
2026-06-26T15:37:23.517525+00:00,spot_10,Spot 10,Occupied,2026-06-26T14:47:30.008447+00:00,1070,car,0.7148323655128479,2990,140.97012329101562,320.92083740234375,186.82351684570312,350.08648681640625
2026-06-26T15:37:23.517525+00:00,spot_11,Spot 11,Occupied,2026-06-26T15:35:08.266452+00:00,1119,truck,0.3934166729450226,134,112.79912567138672,317.41827392578125,155.20404052734375,346.60662841796875
2026-06-26T15:37:23.517525+00:00,spot_12,Spot 12,Empty,2026-06-26T15:37:23.517525+00:00,,,,,,,,
2026-06-26T15:37:23.517525+00:00,spot_13,Spot 13,Occupied,2026-06-26T15:37:23.517525+00:00,1028,truck,0.45869797468185425,7182,75.31993103027344,312.773193359375,122.45619201660156,342.19232177734375
2026-06-26T15:37:23.517525+00:00,spot_14,Spot 14,Occupied,2026-06-26T14:43:56.297999+00:00,1056,car,0.6397446393966675,4179,53.2071418762207,313.92572021484375,86.62641906738281,334.67364501953125
2026-06-26T15:37:23.517525+00:00,spot_15,Spot 15,Empty,2026-06-26T15:36:02.251163+00:00,,,,,,,,
2026-06-26T15:37:23.517525+00:00,spot_16,Spot 16,Occupied,2026-06-26T15:37:23.517525+00:00,1112,car,0.44527509808540344,520,21.163503646850586,313.16290283203125,48.26317596435547,330.31207275390625
2026-06-26T15:37:23.517525+00:00,spot_17,Spot 17,Empty,2026-06-25T18:08:23.061954+00:00,,,,,,,,
2026-06-26T15:38:30.584241+00:00,spot_1,Spot 1,Occupied,2026-06-26T15:32:18.867698+00:00,1078,car,0.7805421352386475,2707,572.1753540039062,321.65020751953125,616.3794555664062,371.308349609375
2026-06-26T15:38:30.584241+00:00,spot_2,Spot 2,Occupied,2026-06-26T15:35:08.266452+00:00,1118,truck,0.46466100215911865,209,504.86865234375,317.197265625,554.1593017578125,368.6033935546875
2026-06-26T15:38:30.584241+00:00,spot_3,Spot 3,Occupied,2026-06-26T15:38:30.584241+00:00,1122,car,0.7366639375686646,0,447.11834716796875,321.8078918457031,502.6256103515625,364.4956970214844
2026-06-26T15:38:30.584241+00:00,spot_4,Spot 4,Occupied,2026-06-26T14:29:07.349125+00:00,1057,car,0.8991139531135559,4171,391.383544921875,326.07867431640625,448.84881591796875,362.58660888671875
2026-06-26T15:38:30.584241+00:00,spot_5,Spot 5,Occupied,2026-06-26T15:03:02.901501+00:00,1086,car,0.8688461780548096,2131,336.6751708984375,325.1956787109375,393.06268310546875,362.4656982421875
2026-06-26T15:38:30.584241+00:00,spot_6,Spot 6,Occupied,2026-06-26T15:37:23.517525+00:00,1121,car,0.4716125428676605,75,277.1148986816406,323.8085632324219,343.3296813964844,363.9291687011719
2026-06-26T15:38:30.584241+00:00,spot_7,Spot 7,Occupied,2026-06-26T12:58:23.374586+00:00,1017,car,0.7791208624839783,9834,247.29217529296875,328.6551513671875,294.62176513671875,358.817138671875
2026-06-26T15:38:30.584241+00:00,spot_8,Spot 8,Occupied,2026-06-26T13:48:45.543059+00:00,1034,car,0.7851395010948181,6592,206.77713012695312,323.6739501953125,257.4513244628906,355.93304443359375
2026-06-26T15:38:30.584241+00:00,spot_9,Spot 9,Empty,2026-06-26T15:38:30.584241+00:00,,,,,,,,
2026-06-26T15:38:30.584241+00:00,spot_10,Spot 10,Occupied,2026-06-26T14:47:30.008447+00:00,1070,car,0.6737834811210632,3065,141.06686401367188,320.54833984375,205.30694580078125,350.086669921875
2026-06-26T15:38:30.584241+00:00,spot_11,Spot 11,Occupied,2026-06-26T15:38:30.584241+00:00,1069,car,0.39176085591316223,3200,113.12081146240234,317.86212158203125,155.20578002929688,345.99676513671875
2026-06-26T15:38:30.584241+00:00,spot_12,Spot 12,Occupied,2026-06-26T15:38:30.584241+00:00,1028,truck,0.6725035309791565,7258,72.89712524414062,312.6883239746094,123.89791870117188,341.1847839355469
2026-06-26T15:38:30.584241+00:00,spot_13,Spot 13,Empty,2026-06-26T15:38:30.584241+00:00,,,,,,,,
2026-06-26T15:38:30.584241+00:00,spot_14,Spot 14,Occupied,2026-06-26T14:43:56.297999+00:00,1056,car,0.4605635106563568,4254,53.64942932128906,313.9798583984375,88.32847595214844,334.42791748046875
2026-06-26T15:38:30.584241+00:00,spot_15,Spot 15,Empty,2026-06-26T15:36:02.251163+00:00,,,,,,,,
2026-06-26T15:38:30.584241+00:00,spot_16,Spot 16,Empty,2026-06-26T15:38:30.584241+00:00,,,,,,,,
2026-06-26T15:38:30.584241+00:00,spot_17,Spot 17,Empty,2026-06-25T18:08:23.061954+00:00,,,,,,,,
2026-06-26T15:39:41.909512+00:00,spot_1,Spot 1,Occupied,2026-06-26T15:32:18.867698+00:00,1078,car,0.7559763193130493,2769,572.2518920898438,320.36260986328125,616.9619750976562,371.26202392578125
2026-06-26T15:39:41.909512+00:00,spot_2,Spot 2,Occupied,2026-06-26T15:39:41.909512+00:00,1120,car,0.613215982913971,137,505.1412353515625,326.6230773925781,551.834716796875,368.5263366699219
2026-06-26T15:39:41.909512+00:00,spot_3,Spot 3,Occupied,2026-06-26T15:39:41.909512+00:00,1110,truck,0.520984947681427,726,446.75958251953125,321.299072265625,502.72674560546875,364.347900390625
2026-06-26T15:39:41.909512+00:00,spot_4,Spot 4,Occupied,2026-06-26T14:29:07.349125+00:00,1057,car,0.8931163549423218,4233,391.5584411621094,325.9435729980469,449.1972961425781,362.5462951660156
2026-06-26T15:39:41.909512+00:00,spot_5,Spot 5,Occupied,2026-06-26T15:03:02.901501+00:00,1086,car,0.8893564343452454,2194,336.77838134765625,324.7275085449219,393.35028076171875,362.6327819824219
2026-06-26T15:39:41.909512+00:00,spot_6,Spot 6,Occupied,2026-06-26T15:37:23.517525+00:00,1121,car,0.6265063285827637,137,277.0924072265625,323.404052734375,344.7025146484375,364.138916015625
2026-06-26T15:39:41.909512+00:00,spot_7,Spot 7,Occupied,2026-06-26T12:58:23.374586+00:00,1017,car,0.8249474167823792,9896,247.128662109375,328.6664733886719,295.1016845703125,358.7503356933594
2026-06-26T15:39:41.909512+00:00,spot_8,Spot 8,Occupied,2026-06-26T13:48:45.543059+00:00,1034,car,0.8026448488235474,6654,206.85421752929688,323.47509765625,262.282958984375,355.48486328125
2026-06-26T15:39:41.909512+00:00,spot_9,Spot 9,Empty,2026-06-26T15:38:30.584241+00:00,,,,,,,,
2026-06-26T15:39:41.909512+00:00,spot_10,Spot 10,Occupied,2026-06-26T14:47:30.008447+00:00,1070,car,0.46936774253845215,3127,141.07113647460938,320.64532470703125,202.36843872070312,350.2130126953125
2026-06-26T15:39:41.909512+00:00,spot_11,Spot 11,Occupied,2026-06-26T15:39:41.909512+00:00,1119,truck,0.495719313621521,272,112.7389907836914,318.31195068359375,155.66659545898438,346.67315673828125
2026-06-26T15:39:41.909512+00:00,spot_12,Spot 12,Occupied,2026-06-26T15:38:30.584241+00:00,1028,truck,0.6249896287918091,7320,72.60859680175781,312.78631591796875,126.55335998535156,341.12640380859375
2026-06-26T15:39:41.909512+00:00,spot_13,Spot 13,Empty,2026-06-26T15:38:30.584241+00:00,,,,,,,,
2026-06-26T15:39:41.909512+00:00,spot_14,Spot 14,Occupied,2026-06-26T14:43:56.297999+00:00,1056,car,0.5193344354629517,4316,53.677459716796875,313.9708251953125,87.97343444824219,334.3009033203125
2026-06-26T15:39:41.909512+00:00,spot_15,Spot 15,Empty,2026-06-26T15:36:02.251163+00:00,,,,,,,,
2026-06-26T15:39:41.909512+00:00,spot_16,Spot 16,Occupied,2026-06-26T15:39:41.909512+00:00,1112,car,0.508424699306488,657,21.113906860351562,313.23370361328125,48.172996520996094,330.30291748046875
2026-06-26T15:39:41.909512+00:00,spot_17,Spot 17,Empty,2026-06-25T18:08:23.061954+00:00,,,,,,,,
2026-06-26T15:41:02.276224+00:00,spot_1,Spot 1,Occupied,2026-06-26T15:32:18.867698+00:00,1078,car,0.7859257459640503,2853,571.8316650390625,320.293701171875,617.2327880859375,371.92620849609375
2026-06-26T15:41:02.276224+00:00,spot_2,Spot 2,Occupied,2026-06-26T15:39:41.909512+00:00,1120,car,0.5288209319114685,221,504.75372314453125,328.8284606933594,550.5446166992188,368.7790222167969
2026-06-26T15:41:02.276224+00:00,spot_3,Spot 3,Occupied,2026-06-26T15:41:02.276224+00:00,1122,car,0.6209092140197754,146,446.6881103515625,321.9217529296875,501.712890625,364.6510009765625
2026-06-26T15:41:02.276224+00:00,spot_4,Spot 4,Occupied,2026-06-26T14:29:07.349125+00:00,1057,car,0.8920184969902039,4318,391.46868896484375,325.6842041015625,448.58624267578125,363.6419677734375
2026-06-26T15:41:02.276224+00:00,spot_5,Spot 5,Occupied,2026-06-26T15:03:02.901501+00:00,1086,car,0.8617460131645203,2278,336.01934814453125,324.5470275878906,393.14117431640625,362.8604431152344
2026-06-26T15:41:02.276224+00:00,spot_6,Spot 6,Occupied,2026-06-26T15:41:02.276224+00:00,1108,truck,0.7235708832740784,884,277.33978271484375,323.40777587890625,343.16424560546875,364.1510009765625
2026-06-26T15:41:02.276224+00:00,spot_7,Spot 7,Occupied,2026-06-26T12:58:23.374586+00:00,1017,car,0.7510034441947937,9980,247.29647827148438,329.26580810546875,295.6872253417969,359.10089111328125
2026-06-26T15:41:02.276224+00:00,spot_8,Spot 8,Occupied,2026-06-26T13:48:45.543059+00:00,1034,car,0.8580734729766846,6739,206.650634765625,323.6004638671875,256.7786865234375,355.495361328125
2026-06-26T15:41:02.276224+00:00,spot_9,Spot 9,Occupied,2026-06-26T15:41:02.276224+00:00,1123,car,0.5951506495475769,0,184.21112060546875,324.7424621582031,221.6954345703125,350.9059143066406
2026-06-26T15:41:02.276224+00:00,spot_10,Spot 10,Occupied,2026-06-26T14:47:30.008447+00:00,1070,car,0.5680540800094604,3212,140.78799438476562,320.40679931640625,203.23312377929688,350.37969970703125
2026-06-26T15:41:02.276224+00:00,spot_11,Spot 11,Occupied,2026-06-26T15:41:02.276224+00:00,1069,car,0.5109778642654419,3346,113.41049194335938,318.1556701660156,155.40582275390625,346.3134460449219
2026-06-26T15:41:02.276224+00:00,spot_12,Spot 12,Empty,2026-06-26T15:41:02.276224+00:00,,,,,,,,
2026-06-26T15:41:02.276224+00:00,spot_13,Spot 13,Occupied,2026-06-26T15:41:02.276224+00:00,1124,car,0.4166450500488281,0,73.3421859741211,312.7124328613281,123.57831573486328,341.9521789550781
2026-06-26T15:41:02.276224+00:00,spot_14,Spot 14,Occupied,2026-06-26T14:43:56.297999+00:00,1056,car,0.6257427930831909,4401,53.54304885864258,313.6929931640625,89.81309509277344,334.086669921875
2026-06-26T15:41:02.276224+00:00,spot_15,Spot 15,Empty,2026-06-26T15:36:02.251163+00:00,,,,,,,,
2026-06-26T15:41:02.276224+00:00,spot_16,Spot 16,Occupied,2026-06-26T15:39:41.909512+00:00,1112,car,0.4616159200668335,742,21.665355682373047,313.1341552734375,47.86672592163086,330.0198974609375
2026-06-26T15:41:02.276224+00:00,spot_17,Spot 17,Empty,2026-06-25T18:08:23.061954+00:00,,,,,,,,
2026-06-26T15:42:06.801071+00:00,spot_1,Spot 1,Occupied,2026-06-26T15:42:06.801071+00:00,1125,truck,0.40019890666007996,0,571.2799682617188,320.3038024902344,617.1610717773438,371.6823425292969
2026-06-26T15:42:06.801071+00:00,spot_2,Spot 2,Occupied,2026-06-26T15:39:41.909512+00:00,1120,car,0.5416330695152283,293,505.1457214355469,332.31573486328125,549.471435546875,369.2308349609375
2026-06-26T15:42:06.801071+00:00,spot_3,Spot 3,Occupied,2026-06-26T15:41:02.276224+00:00,1122,car,0.4446250796318054,218,446.7004089355469,322.2371826171875,501.1051330566406,364.0958251953125
2026-06-26T15:42:06.801071+00:00,spot_4,Spot 4,Occupied,2026-06-26T14:29:07.349125+00:00,1057,car,0.8882618546485901,4389,391.714599609375,326.01568603515625,448.7117919921875,363.1011962890625
2026-06-26T15:42:06.801071+00:00,spot_5,Spot 5,Occupied,2026-06-26T15:03:02.901501+00:00,1086,car,0.8435091376304626,2350,336.33502197265625,324.9285888671875,393.31097412109375,362.66748046875
2026-06-26T15:42:06.801071+00:00,spot_6,Spot 6,Occupied,2026-06-26T15:41:02.276224+00:00,1108,truck,0.5766057372093201,956,277.1480712890625,323.1737060546875,341.9566650390625,364.2969970703125
2026-06-26T15:42:06.801071+00:00,spot_7,Spot 7,Occupied,2026-06-26T12:58:23.374586+00:00,1017,car,0.7904156446456909,10052,247.4705352783203,330.08172607421875,295.63336181640625,358.91583251953125
2026-06-26T15:42:06.801071+00:00,spot_8,Spot 8,Occupied,2026-06-26T13:48:45.543059+00:00,1034,car,0.610484778881073,6810,206.4105224609375,323.410400390625,256.76373291015625,355.35009765625
2026-06-26T15:42:06.801071+00:00,spot_9,Spot 9,Occupied,2026-06-26T15:41:02.276224+00:00,1123,car,0.653850793838501,71,185.04428100585938,324.0853271484375,221.712646484375,351.075927734375
2026-06-26T15:42:06.801071+00:00,spot_10,Spot 10,Occupied,2026-06-26T14:47:30.008447+00:00,1070,car,0.46535682678222656,3283,140.28933715820312,320.7056884765625,200.76181030273438,350.76031494140625
2026-06-26T15:42:06.801071+00:00,spot_11,Spot 11,Occupied,2026-06-26T15:42:06.801071+00:00,1119,truck,0.3764442205429077,427,111.76054382324219,317.34228515625,154.69529724121094,346.7806396484375
2026-06-26T15:42:06.801071+00:00,spot_12,Spot 12,Occupied,2026-06-26T15:42:06.801071+00:00,1124,car,0.45385798811912537,71,80.23237609863281,312.7822265625,122.37472534179688,341.006591796875
2026-06-26T15:42:06.801071+00:00,spot_13,Spot 13,Empty,2026-06-26T15:42:06.801071+00:00,,,,,,,,
2026-06-26T15:42:06.801071+00:00,spot_14,Spot 14,Occupied,2026-06-26T14:43:56.297999+00:00,1056,car,0.4823038578033447,4472,52.8089485168457,313.80560302734375,86.87882995605469,334.66925048828125
2026-06-26T15:42:06.801071+00:00,spot_15,Spot 15,Empty,2026-06-26T15:36:02.251163+00:00,,,,,,,,
2026-06-26T15:42:06.801071+00:00,spot_16,Spot 16,Empty,2026-06-26T15:42:06.801071+00:00,,,,,,,,
2026-06-26T15:42:06.801071+00:00,spot_17,Spot 17,Empty,2026-06-25T18:08:23.061954+00:00,,,,,,,,
2026-06-26T15:43:26.107942+00:00,spot_1,Spot 1,Occupied,2026-06-26T15:43:26.107942+00:00,1078,car,0.6618332266807556,2994,571.2877197265625,320.9791259765625,620.8382568359375,372.088134765625
2026-06-26T15:43:26.107942+00:00,spot_2,Spot 2,Occupied,2026-06-26T15:39:41.909512+00:00,1120,car,0.633782684803009,363,504.253662109375,319.7124328613281,550.8795166015625,369.5666809082031
2026-06-26T15:43:26.107942+00:00,spot_3,Spot 3,Occupied,2026-06-26T15:41:02.276224+00:00,1122,car,0.5226147770881653,287,446.90020751953125,320.662353515625,502.47662353515625,365.7091064453125
2026-06-26T15:43:26.107942+00:00,spot_4,Spot 4,Occupied,2026-06-26T14:29:07.349125+00:00,1057,car,0.9026792049407959,4459,391.5792541503906,325.99163818359375,448.7546081542969,363.64935302734375
2026-06-26T15:43:26.107942+00:00,spot_5,Spot 5,Occupied,2026-06-26T15:03:02.901501+00:00,1086,car,0.8541340231895447,2419,335.8236083984375,325.5648193359375,393.01617431640625,362.82568359375
2026-06-26T15:43:26.107942+00:00,spot_6,Spot 6,Empty,2026-06-26T15:43:26.107942+00:00,,,,,,,,
2026-06-26T15:43:26.107942+00:00,spot_7,Spot 7,Occupied,2026-06-26T12:58:23.374586+00:00,1017,car,0.7977844476699829,10121,247.46018981933594,329.03009033203125,295.5467529296875,358.85137939453125
2026-06-26T15:43:26.107942+00:00,spot_8,Spot 8,Occupied,2026-06-26T13:48:45.543059+00:00,1034,car,0.7495721578598022,6880,206.48394775390625,323.76922607421875,256.7894287109375,355.69952392578125
2026-06-26T15:43:26.107942+00:00,spot_9,Spot 9,Occupied,2026-06-26T15:41:02.276224+00:00,1123,car,0.7196107506752014,141,184.5162353515625,324.9947814941406,219.54293823242188,351.2070617675781
2026-06-26T15:43:26.107942+00:00,spot_10,Spot 10,Occupied,2026-06-26T14:47:30.008447+00:00,1070,car,0.7725690603256226,3353,140.50399780273438,320.757568359375,186.72824096679688,350.49896240234375
2026-06-26T15:43:26.107942+00:00,spot_11,Spot 11,Occupied,2026-06-26T15:43:26.107942+00:00,1069,car,0.5357660055160522,3488,112.9900894165039,317.70574951171875,155.87649536132812,346.62908935546875
2026-06-26T15:43:26.107942+00:00,spot_12,Spot 12,Occupied,2026-06-26T15:42:06.801071+00:00,1124,car,0.38816654682159424,141,74.49162292480469,312.69403076171875,123.72996520996094,341.38079833984375
2026-06-26T15:43:26.107942+00:00,spot_13,Spot 13,Occupied,2026-06-26T15:43:26.107942+00:00,1126,car,0.35837608575820923,0,72.43907165527344,316.69873046875,92.50999450683594,335.67218017578125
2026-06-26T15:43:26.107942+00:00,spot_14,Spot 14,Occupied,2026-06-26T14:43:56.297999+00:00,1056,car,0.5982450246810913,4542,53.192352294921875,313.7779235839844,85.76980590820312,334.2850646972656
2026-06-26T15:43:26.107942+00:00,spot_15,Spot 15,Empty,2026-06-26T15:36:02.251163+00:00,,,,,,,,
2026-06-26T15:43:26.107942+00:00,spot_16,Spot 16,Occupied,2026-06-26T15:43:26.107942+00:00,1112,car,0.37976694107055664,883,21.395456314086914,313.10284423828125,45.43901824951172,330.12042236328125
2026-06-26T15:43:26.107942+00:00,spot_17,Spot 17,Empty,2026-06-25T18:08:23.061954+00:00,,,,,,,,
2026-06-26T15:44:45.489718+00:00,spot_1,Spot 1,Occupied,2026-06-26T15:44:45.489718+00:00,1125,truck,0.36692461371421814,148,570.8267822265625,320.7550354003906,625.0325927734375,371.6713562011719
2026-06-26T15:44:45.489718+00:00,spot_2,Spot 2,Occupied,2026-06-26T15:39:41.909512+00:00,1120,car,0.5754030346870422,441,504.9676513671875,330.56683349609375,550.23291015625,368.02081298828125
2026-06-26T15:44:45.489718+00:00,spot_3,Spot 3,Occupied,2026-06-26T15:44:45.489718+00:00,1110,truck,0.5138843059539795,1030,446.8111572265625,321.94305419921875,500.4869384765625,364.61175537109375
2026-06-26T15:44:45.489718+00:00,spot_4,Spot 4,Occupied,2026-06-26T14:29:07.349125+00:00,1057,car,0.9007303714752197,4537,391.65283203125,325.8895568847656,448.639892578125,363.4891052246094
2026-06-26T15:44:45.489718+00:00,spot_5,Spot 5,Occupied,2026-06-26T15:03:02.901501+00:00,1086,car,0.8657394051551819,2498,335.81707763671875,325.5232849121094,393.56768798828125,362.8804016113281
2026-06-26T15:44:45.489718+00:00,spot_6,Spot 6,Occupied,2026-06-26T15:44:45.489718+00:00,1108,truck,0.4264717996120453,1104,277.3118896484375,323.3569030761719,342.924072265625,363.9849548339844
2026-06-26T15:44:45.489718+00:00,spot_7,Spot 7,Occupied,2026-06-26T12:58:23.374586+00:00,1017,car,0.4583318531513214,10200,247.564208984375,328.97674560546875,294.56829833984375,350.87677001953125
2026-06-26T15:44:45.489718+00:00,spot_8,Spot 8,Occupied,2026-06-26T13:48:45.543059+00:00,1034,car,0.48594510555267334,6958,207.50247192382812,323.90411376953125,256.7638244628906,342.62164306640625
2026-06-26T15:44:45.489718+00:00,spot_9,Spot 9,Occupied,2026-06-26T15:41:02.276224+00:00,1123,car,0.4625100791454315,219,184.14370727539062,325.0482482910156,219.11572265625,342.8521423339844
2026-06-26T15:44:45.489718+00:00,spot_10,Spot 10,Occupied,2026-06-26T14:47:30.008447+00:00,1070,car,0.5536181926727295,3431,140.32693481445312,320.9489440917969,189.7930908203125,350.1073913574219
2026-06-26T15:44:45.489718+00:00,spot_11,Spot 11,Occupied,2026-06-26T15:43:26.107942+00:00,1069,car,0.5749950408935547,3566,112.52729797363281,317.96270751953125,155.57630920410156,346.04254150390625
2026-06-26T15:44:45.489718+00:00,spot_12,Spot 12,Occupied,2026-06-26T15:44:45.489718+00:00,1128,truck,0.4877639412879944,0,79.88029479980469,312.57958984375,121.40921020507812,341.69683837890625
2026-06-26T15:44:45.489718+00:00,spot_13,Spot 13,Empty,2026-06-26T15:44:45.489718+00:00,,,,,,,,
2026-06-26T15:44:45.489718+00:00,spot_14,Spot 14,Occupied,2026-06-26T14:43:56.297999+00:00,1056,car,0.5760021805763245,4620,53.84465408325195,313.53912353515625,87.71034240722656,334.8465576171875
2026-06-26T15:44:45.489718+00:00,spot_15,Spot 15,Empty,2026-06-26T15:36:02.251163+00:00,,,,,,,,
2026-06-26T15:44:45.489718+00:00,spot_16,Spot 16,Occupied,2026-06-26T15:43:26.107942+00:00,1112,car,0.4687234163284302,961,22.221790313720703,313.42742919921875,43.7034797668457,329.88238525390625
2026-06-26T15:44:45.489718+00:00,spot_17,Spot 17,Empty,2026-06-25T18:08:23.061954+00:00,,,,,,,,
2026-06-26T15:45:45.600364+00:00,spot_1,Spot 1,Occupied,2026-06-26T15:45:45.600364+00:00,1078,car,0.6166695952415466,3132,570.5863037109375,319.5340576171875,619.3992919921875,371.78271484375
2026-06-26T15:45:45.600364+00:00,spot_2,Spot 2,Occupied,2026-06-26T15:39:41.909512+00:00,1120,car,0.4068847596645355,500,505.32659912109375,327.84967041015625,549.9815063476562,368.76153564453125
2026-06-26T15:45:45.600364+00:00,spot_3,Spot 3,Occupied,2026-06-26T15:45:45.600364+00:00,1122,car,0.6343024373054504,425,446.96929931640625,321.63385009765625,502.24346923828125,364.63262939453125
2026-06-26T15:45:45.600364+00:00,spot_4,Spot 4,Occupied,2026-06-26T14:29:07.349125+00:00,1057,car,0.8982024192810059,4597,391.5238037109375,325.88018798828125,448.943359375,362.90765380859375
2026-06-26T15:45:45.600364+00:00,spot_5,Spot 5,Occupied,2026-06-26T15:03:02.901501+00:00,1086,car,0.7981135249137878,2557,336.32672119140625,324.969970703125,390.32275390625,362.656005859375
2026-06-26T15:45:45.600364+00:00,spot_6,Spot 6,Occupied,2026-06-26T15:45:45.600364+00:00,1129,car,0.4272933304309845,0,277.644775390625,323.4725341796875,342.5206298828125,364.675537109375
2026-06-26T15:45:45.600364+00:00,spot_7,Spot 7,Occupied,2026-06-26T12:58:23.374586+00:00,1017,car,0.6116706132888794,10259,247.58934020996094,329.0371398925781,295.7528076171875,358.2668151855469
2026-06-26T15:45:45.600364+00:00,spot_8,Spot 8,Occupied,2026-06-26T13:48:45.543059+00:00,1034,car,0.5174058675765991,7018,206.66036987304688,323.40899658203125,257.2341613769531,355.25146484375
2026-06-26T15:45:45.600364+00:00,spot_9,Spot 9,Occupied,2026-06-26T15:41:02.276224+00:00,1123,car,0.6693570017814636,278,183.97027587890625,324.8201904296875,218.1107177734375,351.018310546875
2026-06-26T15:45:45.600364+00:00,spot_10,Spot 10,Occupied,2026-06-26T14:47:30.008447+00:00,1070,car,0.4622248411178589,3491,140.00186157226562,320.79388427734375,195.14492797851562,350.49725341796875
2026-06-26T15:45:45.600364+00:00,spot_11,Spot 11,Occupied,2026-06-26T15:43:26.107942+00:00,1069,car,0.494064599275589,3625,112.5103759765625,317.7640380859375,154.88760375976562,345.33837890625
2026-06-26T15:45:45.600364+00:00,spot_12,Spot 12,Empty,2026-06-26T15:45:45.600364+00:00,,,,,,,,
2026-06-26T15:45:45.600364+00:00,spot_13,Spot 13,Empty,2026-06-26T15:44:45.489718+00:00,,,,,,,,
2026-06-26T15:45:45.600364+00:00,spot_14,Spot 14,Occupied,2026-06-26T14:43:56.297999+00:00,1056,car,0.357649028301239,4680,53.79890060424805,313.494384765625,88.76841735839844,334.9940185546875
2026-06-26T15:45:45.600364+00:00,spot_15,Spot 15,Empty,2026-06-26T15:36:02.251163+00:00,,,,,,,,
2026-06-26T15:45:45.600364+00:00,spot_16,Spot 16,Occupied,2026-06-26T15:43:26.107942+00:00,1112,car,0.4765792191028595,1021,20.929454803466797,313.3911437988281,47.90597152709961,330.1385803222656
2026-06-26T15:45:45.600364+00:00,spot_17,Spot 17,Empty,2026-06-25T18:08:23.061954+00:00,,,,,,,,
2026-06-26T15:47:10.351313+00:00,spot_1,Spot 1,Occupied,2026-06-26T15:45:45.600364+00:00,1078,car,0.6427130699157715,3218,571.01318359375,320.648193359375,617.586669921875,371.5650634765625
2026-06-26T15:47:10.351313+00:00,spot_2,Spot 2,Occupied,2026-06-26T15:39:41.909512+00:00,1120,car,0.3860921263694763,587,504.58624267578125,326.1061706542969,550.1774291992188,369.2963562011719
2026-06-26T15:47:10.351313+00:00,spot_3,Spot 3,Occupied,2026-06-26T15:47:10.351313+00:00,1110,truck,0.6649694442749023,1175,446.9229736328125,321.8935546875,502.057861328125,364.4390869140625
2026-06-26T15:47:10.351313+00:00,spot_4,Spot 4,Occupied,2026-06-26T14:29:07.349125+00:00,1057,car,0.8934166431427002,4683,391.492431640625,325.92333984375,449.129638671875,363.656982421875
2026-06-26T15:47:10.351313+00:00,spot_5,Spot 5,Occupied,2026-06-26T15:03:02.901501+00:00,1086,car,0.8273890614509583,2643,336.18853759765625,324.63421630859375,391.24639892578125,362.42266845703125
2026-06-26T15:47:10.351313+00:00,spot_6,Spot 6,Occupied,2026-06-26T15:47:10.351313+00:00,1108,truck,0.5367217659950256,1249,277.130859375,323.02166748046875,341.90435791015625,363.86285400390625
2026-06-26T15:47:10.351313+00:00,spot_7,Spot 7,Occupied,2026-06-26T12:58:23.374586+00:00,1017,car,0.7460475564002991,10345,247.2578125,330.13336181640625,295.49365234375,358.27630615234375
2026-06-26T15:47:10.351313+00:00,spot_8,Spot 8,Occupied,2026-06-26T13:48:45.543059+00:00,1034,car,0.7301858067512512,7104,206.68267822265625,323.3382873535156,258.36767578125,355.4226989746094
2026-06-26T15:47:10.351313+00:00,spot_9,Spot 9,Occupied,2026-06-26T15:41:02.276224+00:00,1123,car,0.7259504199028015,365,184.23379516601562,325.21044921875,219.17556762695312,350.7508544921875
2026-06-26T15:47:10.351313+00:00,spot_10,Spot 10,Occupied,2026-06-26T14:47:30.008447+00:00,1070,car,0.6683638691902161,3577,140.83033752441406,320.8916931152344,188.1134490966797,349.7195129394531
2026-06-26T15:47:10.351313+00:00,spot_11,Spot 11,Occupied,2026-06-26T15:43:26.107942+00:00,1069,car,0.4640250504016876,3712,112.06121826171875,317.52593994140625,155.65447998046875,345.99725341796875
2026-06-26T15:47:10.351313+00:00,spot_12,Spot 12,Occupied,2026-06-26T15:47:10.351313+00:00,1128,truck,0.44425299763679504,145,79.34712219238281,312.44085693359375,124.68858337402344,342.17401123046875
2026-06-26T15:47:10.351313+00:00,spot_13,Spot 13,Occupied,2026-06-26T15:47:10.351313+00:00,1130,car,0.36515066027641296,0,79.35197448730469,312.40679931640625,124.54750061035156,342.116943359375
2026-06-26T15:47:10.351313+00:00,spot_14,Spot 14,Occupied,2026-06-26T14:43:56.297999+00:00,1056,car,0.4692390561103821,4766,53.469234466552734,313.590576171875,86.30389404296875,334.26251220703125
2026-06-26T15:47:10.351313+00:00,spot_15,Spot 15,Empty,2026-06-26T15:36:02.251163+00:00,,,,,,,,
2026-06-26T15:47:10.351313+00:00,spot_16,Spot 16,Empty,2026-06-26T15:47:10.351313+00:00,,,,,,,,
2026-06-26T15:47:10.351313+00:00,spot_17,Spot 17,Empty,2026-06-25T18:08:23.061954+00:00,,,,,,,,
2026-06-26T15:48:11.339889+00:00,spot_1,Spot 1,Occupied,2026-06-26T15:45:45.600364+00:00,1078,car,0.5729801654815674,3296,571.5633544921875,318.828857421875,617.8011474609375,371.7701416015625
2026-06-26T15:48:11.339889+00:00,spot_2,Spot 2,Occupied,2026-06-26T15:39:41.909512+00:00,1120,car,0.5044361352920532,664,505.2657775878906,319.3215026855469,550.2623291015625,368.7467346191406
2026-06-26T15:48:11.339889+00:00,spot_3,Spot 3,Occupied,2026-06-26T15:48:11.339889+00:00,1122,car,0.6300823092460632,588,446.9898376464844,321.67523193359375,501.7796325683594,365.59942626953125
2026-06-26T15:48:11.339889+00:00,spot_4,Spot 4,Occupied,2026-06-26T14:29:07.349125+00:00,1057,car,0.8948961496353149,4760,391.55780029296875,325.9271240234375,448.696533203125,362.4932861328125
2026-06-26T15:48:11.339889+00:00,spot_5,Spot 5,Occupied,2026-06-26T15:03:02.901501+00:00,1086,car,0.749902606010437,2720,336.58087158203125,324.9600830078125,390.20294189453125,362.3741455078125
2026-06-26T15:48:11.339889+00:00,spot_6,Spot 6,Occupied,2026-06-26T15:47:10.351313+00:00,1108,truck,0.4322461485862732,1327,277.4877014160156,323.48590087890625,340.9936828613281,364.19091796875
2026-06-26T15:48:11.339889+00:00,spot_7,Spot 7,Occupied,2026-06-26T12:58:23.374586+00:00,1017,car,0.8097663521766663,10423,247.62939453125,328.62042236328125,295.79766845703125,357.73431396484375
2026-06-26T15:48:11.339889+00:00,spot_8,Spot 8,Occupied,2026-06-26T13:48:45.543059+00:00,1034,car,0.7156869769096375,7181,206.86502075195312,323.81591796875,258.0217590332031,355.8095703125
2026-06-26T15:48:11.339889+00:00,spot_9,Spot 9,Empty,2026-06-26T15:48:11.339889+00:00,,,,,,,,
2026-06-26T15:48:11.339889+00:00,spot_10,Spot 10,Occupied,2026-06-26T14:47:30.008447+00:00,1070,car,0.6975600123405457,3654,140.542724609375,320.68951416015625,200.96075439453125,349.92413330078125
2026-06-26T15:48:11.339889+00:00,spot_11,Spot 11,Occupied,2026-06-26T15:43:26.107942+00:00,1069,car,0.6761471033096313,3789,112.76614379882812,317.22772216796875,155.695556640625,345.37213134765625
2026-06-26T15:48:11.339889+00:00,spot_12,Spot 12,Empty,2026-06-26T15:48:11.339889+00:00,,,,,,,,
2026-06-26T15:48:11.339889+00:00,spot_13,Spot 13,Occupied,2026-06-26T15:47:10.351313+00:00,1130,car,0.47571808099746704,77,77.05357360839844,312.2857666015625,123.10447692871094,341.959228515625
2026-06-26T15:48:11.339889+00:00,spot_14,Spot 14,Occupied,2026-06-26T14:43:56.297999+00:00,1056,car,0.42503228783607483,4843,53.32931137084961,313.6112060546875,85.92044067382812,334.303955078125
2026-06-26T15:48:11.339889+00:00,spot_15,Spot 15,Occupied,2026-06-26T15:48:11.339889+00:00,1131,car,0.5028418898582458,0,40.91181945800781,311.8349609375,64.75206756591797,331.28790283203125
2026-06-26T15:48:11.339889+00:00,spot_16,Spot 16,Occupied,2026-06-26T15:48:11.339889+00:00,1112,car,0.6106985807418823,1184,21.184125900268555,312.6929931640625,45.58387756347656,329.40472412109375
2026-06-26T15:48:11.339889+00:00,spot_17,Spot 17,Empty,2026-06-25T18:08:23.061954+00:00,,,,,,,,
2026-06-26T15:49:33.040977+00:00,spot_1,Spot 1,Occupied,2026-06-26T15:45:45.600364+00:00,1078,car,0.6615563631057739,3360,570.6368408203125,320.10552978515625,617.5145263671875,371.58892822265625
2026-06-26T15:49:33.040977+00:00,spot_2,Spot 2,Occupied,2026-06-26T15:39:41.909512+00:00,1120,car,0.7257629036903381,728,504.0790710449219,328.74407958984375,549.708740234375,369.04229736328125
2026-06-26T15:49:33.040977+00:00,spot_3,Spot 3,Occupied,2026-06-26T15:48:11.339889+00:00,1122,car,0.41136279702186584,653,446.90216064453125,320.9444580078125,501.98773193359375,364.86041259765625
2026-06-26T15:49:33.040977+00:00,spot_4,Spot 4,Occupied,2026-06-26T14:29:07.349125+00:00,1057,car,0.8904544711112976,4824,391.5732421875,325.689208984375,448.4403076171875,363.124267578125
2026-06-26T15:49:33.040977+00:00,spot_5,Spot 5,Occupied,2026-06-26T15:03:02.901501+00:00,1086,car,0.8510227799415588,2785,336.5541687011719,325.19415283203125,392.2939147949219,362.59051513671875
2026-06-26T15:49:33.040977+00:00,spot_6,Spot 6,Occupied,2026-06-26T15:47:10.351313+00:00,1108,truck,0.44275912642478943,1391,277.5499267578125,323.41925048828125,341.1685791015625,364.44171142578125
2026-06-26T15:49:33.040977+00:00,spot_7,Spot 7,Occupied,2026-06-26T12:58:23.374586+00:00,1017,car,0.8244104385375977,10487,247.41651916503906,329.25897216796875,295.8516845703125,357.88507080078125
2026-06-26T15:49:33.040977+00:00,spot_8,Spot 8,Occupied,2026-06-26T13:48:45.543059+00:00,1034,car,0.7473621368408203,7246,206.86532592773438,323.3465576171875,257.6864318847656,355.4295654296875
2026-06-26T15:49:33.040977+00:00,spot_9,Spot 9,Empty,2026-06-26T15:48:11.339889+00:00,,,,,,,,
2026-06-26T15:49:33.040977+00:00,spot_10,Spot 10,Occupied,2026-06-26T14:47:30.008447+00:00,1070,car,0.43487587571144104,3718,141.24566650390625,320.2548828125,200.60821533203125,349.799560546875
2026-06-26T15:49:33.040977+00:00,spot_11,Spot 11,Occupied,2026-06-26T15:43:26.107942+00:00,1069,car,0.5583034753799438,3853,113.1889419555664,317.2203063964844,154.85391235351562,345.3878479003906
2026-06-26T15:49:33.040977+00:00,spot_12,Spot 12,Occupied,2026-06-26T15:49:33.040977+00:00,1130,car,0.35041680932044983,141,73.82418823242188,311.9233703613281,124.66452026367188,341.8938903808594
2026-06-26T15:49:33.040977+00:00,spot_13,Spot 13,Occupied,2026-06-26T15:49:33.040977+00:00,1128,truck,0.44347190856933594,287,73.85623168945312,311.963134765625,124.74847412109375,341.826904296875
2026-06-26T15:49:33.040977+00:00,spot_14,Spot 14,Occupied,2026-06-26T14:43:56.297999+00:00,1056,car,0.43543562293052673,4908,52.68293762207031,313.46173095703125,86.63722229003906,334.26873779296875
2026-06-26T15:49:33.040977+00:00,spot_15,Spot 15,Empty,2026-06-26T15:49:33.040977+00:00,,,,,,,,
2026-06-26T15:49:33.040977+00:00,spot_16,Spot 16,Occupied,2026-06-26T15:48:11.339889+00:00,1112,car,0.5171962976455688,1248,20.675308227539062,312.26324462890625,47.592681884765625,329.22418212890625
2026-06-26T15:49:33.040977+00:00,spot_17,Spot 17,Empty,2026-06-25T18:08:23.061954+00:00,,,,,,,,
2026-06-26T15:50:45.852647+00:00,spot_1,Spot 1,Occupied,2026-06-26T15:45:45.600364+00:00,1078,car,0.7941175103187561,3433,571.1432495117188,320.49713134765625,616.6911010742188,371.71319580078125
2026-06-26T15:50:45.852647+00:00,spot_2,Spot 2,Occupied,2026-06-26T15:39:41.909512+00:00,1120,car,0.5536466836929321,802,505.92547607421875,319.0865783691406,549.8031616210938,368.6681213378906
2026-06-26T15:50:45.852647+00:00,spot_3,Spot 3,Occupied,2026-06-26T15:48:11.339889+00:00,1122,car,0.4242146909236908,726,447.02130126953125,321.43731689453125,502.0899658203125,364.77435302734375
2026-06-26T15:50:45.852647+00:00,spot_4,Spot 4,Occupied,2026-06-26T14:29:07.349125+00:00,1057,car,0.9058012366294861,4898,391.44744873046875,325.68145751953125,449.1044921875,362.37750244140625
2026-06-26T15:50:45.852647+00:00,spot_5,Spot 5,Occupied,2026-06-26T15:03:02.901501+00:00,1086,car,0.8407972455024719,2858,335.8148498535156,323.837890625,391.9584045410156,362.578369140625
2026-06-26T15:50:45.852647+00:00,spot_6,Spot 6,Occupied,2026-06-26T15:47:10.351313+00:00,1108,truck,0.6146301031112671,1465,277.459716796875,322.9365539550781,341.19775390625,364.0141296386719
2026-06-26T15:50:45.852647+00:00,spot_7,Spot 7,Occupied,2026-06-26T12:58:23.374586+00:00,1017,car,0.8079681396484375,10560,247.44630432128906,329.5867919921875,295.8851318359375,358.09149169921875
2026-06-26T15:50:45.852647+00:00,spot_8,Spot 8,Occupied,2026-06-26T13:48:45.543059+00:00,1034,car,0.6426648497581482,7319,206.88873291015625,323.194580078125,258.5319519042969,355.36962890625
2026-06-26T15:50:45.852647+00:00,spot_9,Spot 9,Empty,2026-06-26T15:48:11.339889+00:00,,,,,,,,
2026-06-26T15:50:45.852647+00:00,spot_10,Spot 10,Occupied,2026-06-26T14:47:30.008447+00:00,1070,car,0.6644656658172607,3792,139.8645477294922,320.373779296875,201.12269592285156,349.802978515625
2026-06-26T15:50:45.852647+00:00,spot_11,Spot 11,Occupied,2026-06-26T15:43:26.107942+00:00,1069,car,0.6174731850624084,3927,111.6238784790039,316.8604736328125,154.56100463867188,345.72802734375
2026-06-26T15:50:45.852647+00:00,spot_12,Spot 12,Occupied,2026-06-26T15:49:33.040977+00:00,1130,car,0.47750231623649597,215,76.26832580566406,311.9151611328125,124.17442321777344,340.143310546875
2026-06-26T15:50:45.852647+00:00,spot_13,Spot 13,Empty,2026-06-26T15:50:45.852647+00:00,,,,,,,,
2026-06-26T15:50:45.852647+00:00,spot_14,Spot 14,Occupied,2026-06-26T14:43:56.297999+00:00,1056,car,0.5781472325325012,4981,52.600318908691406,313.29742431640625,88.53234100341797,333.51837158203125
2026-06-26T15:50:45.852647+00:00,spot_15,Spot 15,Occupied,2026-06-26T15:50:45.852647+00:00,1131,car,0.38341987133026123,137,39.669307708740234,311.3916931152344,63.5155143737793,331.0050964355469
2026-06-26T15:50:45.852647+00:00,spot_16,Spot 16,Occupied,2026-06-26T15:48:11.339889+00:00,1112,car,0.49134939908981323,1322,20.788721084594727,312.26348876953125,48.14604949951172,329.45233154296875
2026-06-26T15:50:45.852647+00:00,spot_17,Spot 17,Empty,2026-06-25T18:08:23.061954+00:00,,,,,,,,
2026-06-26T15:51:40.143083+00:00,spot_1,Spot 1,Occupied,2026-06-26T15:45:45.600364+00:00,1078,car,0.7941175103187561,3486,571.1432495117188,320.49713134765625,616.6911010742188,371.71319580078125
2026-06-26T15:51:40.143083+00:00,spot_2,Spot 2,Occupied,2026-06-26T15:39:41.909512+00:00,1120,car,0.5536466836929321,854,505.92547607421875,319.0865783691406,549.8031616210938,368.6681213378906
2026-06-26T15:51:40.143083+00:00,spot_3,Spot 3,Occupied,2026-06-26T15:48:11.339889+00:00,1122,car,0.4242146909236908,779,447.02130126953125,321.43731689453125,502.0899658203125,364.77435302734375
2026-06-26T15:51:40.143083+00:00,spot_4,Spot 4,Occupied,2026-06-26T14:29:07.349125+00:00,1057,car,0.9058012366294861,4950,391.44744873046875,325.68145751953125,449.1044921875,362.37750244140625
2026-06-26T15:51:40.143083+00:00,spot_5,Spot 5,Occupied,2026-06-26T15:03:02.901501+00:00,1086,car,0.8407972455024719,2911,335.8148498535156,323.837890625,391.9584045410156,362.578369140625
2026-06-26T15:51:40.143083+00:00,spot_6,Spot 6,Occupied,2026-06-26T15:47:10.351313+00:00,1108,truck,0.6146301031112671,1517,277.459716796875,322.9365539550781,341.19775390625,364.0141296386719
2026-06-26T15:51:40.143083+00:00,spot_7,Spot 7,Occupied,2026-06-26T12:58:23.374586+00:00,1017,car,0.8079681396484375,10613,247.44630432128906,329.5867919921875,295.8851318359375,358.09149169921875
2026-06-26T15:51:40.143083+00:00,spot_8,Spot 8,Occupied,2026-06-26T13:48:45.543059+00:00,1034,car,0.6426648497581482,7371,206.88873291015625,323.194580078125,258.5319519042969,355.36962890625
2026-06-26T15:51:40.143083+00:00,spot_9,Spot 9,Empty,2026-06-26T15:48:11.339889+00:00,,,,,,,,
2026-06-26T15:51:40.143083+00:00,spot_10,Spot 10,Occupied,2026-06-26T14:47:30.008447+00:00,1070,car,0.6644656658172607,3844,139.8645477294922,320.373779296875,201.12269592285156,349.802978515625
2026-06-26T15:51:40.143083+00:00,spot_11,Spot 11,Occupied,2026-06-26T15:43:26.107942+00:00,1069,car,0.6174731850624084,3979,111.6238784790039,316.8604736328125,154.56100463867188,345.72802734375
2026-06-26T15:51:40.143083+00:00,spot_12,Spot 12,Occupied,2026-06-26T15:49:33.040977+00:00,1130,car,0.47750231623649597,267,76.26832580566406,311.9151611328125,124.17442321777344,340.143310546875
2026-06-26T15:51:40.143083+00:00,spot_13,Spot 13,Empty,2026-06-26T15:50:45.852647+00:00,,,,,,,,
2026-06-26T15:51:40.143083+00:00,spot_14,Spot 14,Occupied,2026-06-26T14:43:56.297999+00:00,1056,car,0.5781472325325012,5033,52.600318908691406,313.29742431640625,88.53234100341797,333.51837158203125
2026-06-26T15:51:40.143083+00:00,spot_15,Spot 15,Occupied,2026-06-26T15:50:45.852647+00:00,1131,car,0.38341987133026123,190,39.669307708740234,311.3916931152344,63.5155143737793,331.0050964355469
2026-06-26T15:51:40.143083+00:00,spot_16,Spot 16,Occupied,2026-06-26T15:48:11.339889+00:00,1112,car,0.49134939908981323,1374,20.788721084594727,312.26348876953125,48.14604949951172,329.45233154296875
2026-06-26T15:51:40.143083+00:00,spot_17,Spot 17,Empty,2026-06-25T18:08:23.061954+00:00,,,,,,,,
2026-06-26T15:52:48.640533+00:00,spot_1,Spot 1,Occupied,2026-06-26T15:45:45.600364+00:00,1078,car,0.5532472133636475,3556,571.3413696289062,321.14556884765625,622.3306274414062,371.57049560546875
2026-06-26T15:52:48.640533+00:00,spot_2,Spot 2,Occupied,2026-06-26T15:39:41.909512+00:00,1120,car,0.3970988094806671,924,503.6965026855469,321.25469970703125,550.213134765625,368.68939208984375
2026-06-26T15:52:48.640533+00:00,spot_3,Spot 3,Occupied,2026-06-26T15:48:11.339889+00:00,1122,car,0.7823671102523804,849,447.05267333984375,321.47662353515625,501.63372802734375,365.077392578125
2026-06-26T15:52:48.640533+00:00,spot_4,Spot 4,Occupied,2026-06-26T14:29:07.349125+00:00,1057,car,0.9006296992301941,5020,391.46746826171875,325.6060791015625,448.69293212890625,362.93463134765625
2026-06-26T15:52:48.640533+00:00,spot_5,Spot 5,Occupied,2026-06-26T15:03:02.901501+00:00,1086,car,0.8702321648597717,2981,335.97076416015625,323.7582702636719,392.98406982421875,362.5426330566406
2026-06-26T15:52:48.640533+00:00,spot_6,Spot 6,Occupied,2026-06-26T15:47:10.351313+00:00,1108,truck,0.6202306151390076,1587,276.8270263671875,322.9182434082031,343.494140625,363.9510192871094
2026-06-26T15:52:48.640533+00:00,spot_7,Spot 7,Occupied,2026-06-26T12:58:23.374586+00:00,1017,car,0.7607772350311279,10683,247.697021484375,329.5997314453125,295.23046875,357.7322998046875
2026-06-26T15:52:48.640533+00:00,spot_8,Spot 8,Occupied,2026-06-26T13:48:45.543059+00:00,1034,car,0.7494915723800659,7441,206.66128540039062,322.2322998046875,258.0696105957031,355.1412353515625
2026-06-26T15:52:48.640533+00:00,spot_9,Spot 9,Empty,2026-06-26T15:48:11.339889+00:00,,,,,,,,
2026-06-26T15:52:48.640533+00:00,spot_10,Spot 10,Occupied,2026-06-26T14:47:30.008447+00:00,1070,car,0.655558705329895,3914,140.03140258789062,319.90460205078125,201.20401000976562,349.39373779296875
2026-06-26T15:52:48.640533+00:00,spot_11,Spot 11,Occupied,2026-06-26T15:43:26.107942+00:00,1069,car,0.3735414743423462,4049,112.73495483398438,316.91961669921875,155.14288330078125,345.26824951171875
2026-06-26T15:52:48.640533+00:00,spot_12,Spot 12,Empty,2026-06-26T15:52:48.640533+00:00,,,,,,,,
2026-06-26T15:52:48.640533+00:00,spot_13,Spot 13,Empty,2026-06-26T15:50:45.852647+00:00,,,,,,,,
2026-06-26T15:52:48.640533+00:00,spot_14,Spot 14,Occupied,2026-06-26T14:43:56.297999+00:00,1056,car,0.5213226675987244,5103,52.785186767578125,312.9197998046875,87.46382141113281,333.3563232421875
2026-06-26T15:52:48.640533+00:00,spot_15,Spot 15,Empty,2026-06-26T15:52:48.640533+00:00,,,,,,,,
2026-06-26T15:52:48.640533+00:00,spot_16,Spot 16,Occupied,2026-06-26T15:48:11.339889+00:00,1112,car,0.39292722940444946,1444,21.18767738342285,312.1614990234375,49.187660217285156,329.1875
2026-06-26T15:52:48.640533+00:00,spot_17,Spot 17,Empty,2026-06-25T18:08:23.061954+00:00,,,,,,,,
2026-06-26T15:53:45.404062+00:00,spot_1,Spot 1,Occupied,2026-06-26T15:45:45.600364+00:00,1078,car,0.5532472133636475,3611,571.3413696289062,321.14556884765625,622.3306274414062,371.57049560546875
2026-06-26T15:53:45.404062+00:00,spot_2,Spot 2,Occupied,2026-06-26T15:39:41.909512+00:00,1120,car,0.3970988094806671,980,503.6965026855469,321.25469970703125,550.213134765625,368.68939208984375
2026-06-26T15:53:45.404062+00:00,spot_3,Spot 3,Occupied,2026-06-26T15:48:11.339889+00:00,1122,car,0.7823671102523804,904,447.05267333984375,321.47662353515625,501.63372802734375,365.077392578125
2026-06-26T15:53:45.404062+00:00,spot_4,Spot 4,Occupied,2026-06-26T14:29:07.349125+00:00,1057,car,0.9006296992301941,5076,391.46746826171875,325.6060791015625,448.69293212890625,362.93463134765625
2026-06-26T15:53:45.404062+00:00,spot_5,Spot 5,Occupied,2026-06-26T15:03:02.901501+00:00,1086,car,0.8702321648597717,3036,335.97076416015625,323.7582702636719,392.98406982421875,362.5426330566406
2026-06-26T15:53:45.404062+00:00,spot_6,Spot 6,Occupied,2026-06-26T15:47:10.351313+00:00,1108,truck,0.6202306151390076,1642,276.8270263671875,322.9182434082031,343.494140625,363.9510192871094
2026-06-26T15:53:45.404062+00:00,spot_7,Spot 7,Occupied,2026-06-26T12:58:23.374586+00:00,1017,car,0.7607772350311279,10738,247.697021484375,329.5997314453125,295.23046875,357.7322998046875
2026-06-26T15:53:45.404062+00:00,spot_8,Spot 8,Occupied,2026-06-26T13:48:45.543059+00:00,1034,car,0.7494915723800659,7497,206.66128540039062,322.2322998046875,258.0696105957031,355.1412353515625
2026-06-26T15:53:45.404062+00:00,spot_9,Spot 9,Empty,2026-06-26T15:48:11.339889+00:00,,,,,,,,
2026-06-26T15:53:45.404062+00:00,spot_10,Spot 10,Occupied,2026-06-26T14:47:30.008447+00:00,1070,car,0.655558705329895,3970,140.03140258789062,319.90460205078125,201.20401000976562,349.39373779296875
2026-06-26T15:53:45.404062+00:00,spot_11,Spot 11,Occupied,2026-06-26T15:43:26.107942+00:00,1069,car,0.3735414743423462,4105,112.73495483398438,316.91961669921875,155.14288330078125,345.26824951171875
2026-06-26T15:53:45.404062+00:00,spot_12,Spot 12,Empty,2026-06-26T15:52:48.640533+00:00,,,,,,,,
2026-06-26T15:53:45.404062+00:00,spot_13,Spot 13,Empty,2026-06-26T15:50:45.852647+00:00,,,,,,,,
2026-06-26T15:53:45.404062+00:00,spot_14,Spot 14,Occupied,2026-06-26T14:43:56.297999+00:00,1056,car,0.5213226675987244,5159,52.785186767578125,312.9197998046875,87.46382141113281,333.3563232421875
2026-06-26T15:53:45.404062+00:00,spot_15,Spot 15,Empty,2026-06-26T15:52:48.640533+00:00,,,,,,,,
2026-06-26T15:53:45.404062+00:00,spot_16,Spot 16,Occupied,2026-06-26T15:48:11.339889+00:00,1112,car,0.39292722940444946,1500,21.18767738342285,312.1614990234375,49.187660217285156,329.1875
2026-06-26T15:53:45.404062+00:00,spot_17,Spot 17,Empty,2026-06-25T18:08:23.061954+00:00,,,,,,,,
2026-06-26T15:55:00.581707+00:00,spot_1,Spot 1,Occupied,2026-06-26T15:45:45.600364+00:00,1078,car,0.6568756103515625,3689,571.01171875,320.6849365234375,617.709716796875,371.613525390625
2026-06-26T15:55:00.581707+00:00,spot_2,Spot 2,Occupied,2026-06-26T15:39:41.909512+00:00,1120,car,0.5909315943717957,1057,504.53778076171875,328.6524963378906,550.0652465820312,368.5997619628906
2026-06-26T15:55:00.581707+00:00,spot_3,Spot 3,Occupied,2026-06-26T15:48:11.339889+00:00,1122,car,0.7455247044563293,982,447.105712890625,321.40557861328125,501.396484375,364.2047119140625
2026-06-26T15:55:00.581707+00:00,spot_4,Spot 4,Occupied,2026-06-26T14:29:07.349125+00:00,1057,car,0.8896649479866028,5153,391.707275390625,325.6551513671875,448.6480712890625,363.669921875
2026-06-26T15:55:00.581707+00:00,spot_5,Spot 5,Occupied,2026-06-26T15:03:02.901501+00:00,1086,car,0.8681530952453613,3114,336.23779296875,323.524169921875,391.98291015625,362.90869140625
2026-06-26T15:55:00.581707+00:00,spot_6,Spot 6,Occupied,2026-06-26T15:47:10.351313+00:00,1108,truck,0.513545036315918,1720,276.26898193359375,323.1399230957031,342.64569091796875,364.1994934082031
2026-06-26T15:55:00.581707+00:00,spot_7,Spot 7,Occupied,2026-06-26T12:58:23.374586+00:00,1017,car,0.7392578125,10816,247.5170135498047,328.66070556640625,295.81402587890625,358.013671875
2026-06-26T15:55:00.581707+00:00,spot_8,Spot 8,Occupied,2026-06-26T13:48:45.543059+00:00,1034,car,0.6579036116600037,7574,206.73880004882812,322.23345947265625,263.1685791015625,355.19293212890625
2026-06-26T15:55:00.581707+00:00,spot_9,Spot 9,Empty,2026-06-26T15:48:11.339889+00:00,,,,,,,,
2026-06-26T15:55:00.581707+00:00,spot_10,Spot 10,Occupied,2026-06-26T14:47:30.008447+00:00,1070,car,0.6934306025505066,4047,140.25942993164062,319.88299560546875,200.63919067382812,349.25628662109375
2026-06-26T15:55:00.581707+00:00,spot_11,Spot 11,Occupied,2026-06-26T15:43:26.107942+00:00,1069,car,0.53741055727005,4182,113.35856628417969,317.201416015625,155.5615692138672,345.34124755859375
2026-06-26T15:55:00.581707+00:00,spot_12,Spot 12,Empty,2026-06-26T15:52:48.640533+00:00,,,,,,,,
2026-06-26T15:55:00.581707+00:00,spot_13,Spot 13,Empty,2026-06-26T15:50:45.852647+00:00,,,,,,,,
2026-06-26T15:55:00.581707+00:00,spot_14,Spot 14,Occupied,2026-06-26T14:43:56.297999+00:00,1056,car,0.42993485927581787,5236,53.43874740600586,312.70147705078125,88.46121215820312,333.36553955078125
2026-06-26T15:55:00.581707+00:00,spot_15,Spot 15,Empty,2026-06-26T15:52:48.640533+00:00,,,,,,,,
2026-06-26T15:55:00.581707+00:00,spot_16,Spot 16,Occupied,2026-06-26T15:48:11.339889+00:00,1112,car,0.5153343081474304,1577,21.655166625976562,312.6165771484375,48.038917541503906,329.32666015625
2026-06-26T15:55:00.581707+00:00,spot_17,Spot 17,Empty,2026-06-25T18:08:23.061954+00:00,,,,,,,,
2026-06-26T15:55:58.941620+00:00,spot_1,Spot 1,Occupied,2026-06-26T15:45:45.600364+00:00,1078,car,0.7581728100776672,3746,572.0093994140625,321.3126220703125,616.4176025390625,371.424072265625
2026-06-26T15:55:58.941620+00:00,spot_2,Spot 2,Occupied,2026-06-26T15:55:58.941620+00:00,1133,truck,0.6656966805458069,0,504.260009765625,315.91925048828125,559.1607666015625,368.15301513671875
2026-06-26T15:55:58.941620+00:00,spot_3,Spot 3,Occupied,2026-06-26T15:55:58.941620+00:00,1134,truck,0.4308668076992035,0,446.7591552734375,321.7439270019531,502.10986328125,363.9952087402344
2026-06-26T15:55:58.941620+00:00,spot_4,Spot 4,Occupied,2026-06-26T14:29:07.349125+00:00,1057,car,0.8963596820831299,5210,391.3326416015625,325.83721923828125,448.7750244140625,362.31903076171875
2026-06-26T15:55:58.941620+00:00,spot_5,Spot 5,Occupied,2026-06-26T15:03:02.901501+00:00,1086,car,0.8854128122329712,3171,336.5110168457031,324.1435546875,392.7552795410156,361.9879150390625
2026-06-26T15:55:58.941620+00:00,spot_6,Spot 6,Occupied,2026-06-26T15:47:10.351313+00:00,1108,truck,0.6949374675750732,1777,276.33477783203125,322.6944580078125,341.10858154296875,363.3819580078125
2026-06-26T15:55:58.941620+00:00,spot_7,Spot 7,Occupied,2026-06-26T12:58:23.374586+00:00,1017,car,0.7945516109466553,10873,247.25949096679688,329.0333557128906,295.5367736816406,358.1481018066406
2026-06-26T15:55:58.941620+00:00,spot_8,Spot 8,Occupied,2026-06-26T13:48:45.543059+00:00,1034,car,0.7827968597412109,7631,206.90850830078125,322.5257263183594,257.1513671875,354.7780456542969
2026-06-26T15:55:58.941620+00:00,spot_9,Spot 9,Empty,2026-06-26T15:48:11.339889+00:00,,,,,,,,
2026-06-26T15:55:58.941620+00:00,spot_10,Spot 10,Occupied,2026-06-26T14:47:30.008447+00:00,1070,car,0.7878390550613403,4104,141.07244873046875,319.6793212890625,200.98367309570312,349.020751953125
2026-06-26T15:55:58.941620+00:00,spot_11,Spot 11,Occupied,2026-06-26T15:43:26.107942+00:00,1069,car,0.5208399891853333,4239,113.46490478515625,317.03997802734375,154.82156372070312,344.97625732421875
2026-06-26T15:55:58.941620+00:00,spot_12,Spot 12,Empty,2026-06-26T15:52:48.640533+00:00,,,,,,,,
2026-06-26T15:55:58.941620+00:00,spot_13,Spot 13,Empty,2026-06-26T15:50:45.852647+00:00,,,,,,,,
2026-06-26T15:55:58.941620+00:00,spot_14,Spot 14,Occupied,2026-06-26T14:43:56.297999+00:00,1056,car,0.480893611907959,5293,53.50602722167969,312.82855224609375,88.7586669921875,332.60687255859375
2026-06-26T15:55:58.941620+00:00,spot_15,Spot 15,Occupied,2026-06-26T15:55:58.941620+00:00,1135,car,0.4081210494041443,0,42.73951721191406,312.4615478515625,67.43380737304688,330.5760498046875
2026-06-26T15:55:58.941620+00:00,spot_16,Spot 16,Occupied,2026-06-26T15:48:11.339889+00:00,1112,car,0.6452176570892334,1634,20.966957092285156,312.0980224609375,48.647247314453125,329.0985107421875
2026-06-26T15:55:58.941620+00:00,spot_17,Spot 17,Empty,2026-06-25T18:08:23.061954+00:00,,,,,,,,
2026-06-26T15:57:10.835946+00:00,spot_1,Spot 1,Occupied,2026-06-26T15:45:45.600364+00:00,1078,car,0.7260501980781555,3817,571.2286376953125,320.77593994140625,621.5159912109375,371.4619140625
2026-06-26T15:57:10.835946+00:00,spot_2,Spot 2,Occupied,2026-06-26T15:57:10.835946+00:00,1120,car,0.71383136510849,1186,504.6334533691406,328.12493896484375,550.1634521484375,368.31585693359375
2026-06-26T15:57:10.835946+00:00,spot_3,Spot 3,Occupied,2026-06-26T15:57:10.835946+00:00,1122,car,0.6861727237701416,1110,446.98382568359375,321.6885986328125,502.275390625,363.940185546875
2026-06-26T15:57:10.835946+00:00,spot_4,Spot 4,Occupied,2026-06-26T14:29:07.349125+00:00,1057,car,0.9017757773399353,5282,391.54443359375,325.57342529296875,448.61944580078125,362.79388427734375
2026-06-26T15:57:10.835946+00:00,spot_5,Spot 5,Occupied,2026-06-26T15:03:02.901501+00:00,1086,car,0.8451639413833618,3242,336.1458740234375,324.4222412109375,391.863037109375,362.5015869140625
2026-06-26T15:57:10.835946+00:00,spot_6,Spot 6,Occupied,2026-06-26T15:47:10.351313+00:00,1108,truck,0.6861854791641235,1849,276.88922119140625,322.4945068359375,341.90057373046875,363.63812255859375
2026-06-26T15:57:10.835946+00:00,spot_7,Spot 7,Occupied,2026-06-26T12:58:23.374586+00:00,1017,car,0.6944617629051208,10944,247.375732421875,329.6300048828125,295.13360595703125,357.9490966796875
2026-06-26T15:57:10.835946+00:00,spot_8,Spot 8,Occupied,2026-06-26T13:48:45.543059+00:00,1034,car,0.6616111993789673,7703,206.77310180664062,322.640625,257.2115173339844,354.88140869140625
2026-06-26T15:57:10.835946+00:00,spot_9,Spot 9,Empty,2026-06-26T15:48:11.339889+00:00,,,,,,,,
2026-06-26T15:57:10.835946+00:00,spot_10,Spot 10,Occupied,2026-06-26T15:57:10.835946+00:00,1136,truck,0.42728888988494873,0,140.128173828125,319.81451416015625,200.95816040039062,349.22967529296875
2026-06-26T15:57:10.835946+00:00,spot_11,Spot 11,Empty,2026-06-26T15:57:10.835946+00:00,,,,,,,,
2026-06-26T15:57:10.835946+00:00,spot_12,Spot 12,Empty,2026-06-26T15:52:48.640533+00:00,,,,,,,,
2026-06-26T15:57:10.835946+00:00,spot_13,Spot 13,Empty,2026-06-26T15:50:45.852647+00:00,,,,,,,,
2026-06-26T15:57:10.835946+00:00,spot_14,Spot 14,Empty,2026-06-26T15:57:10.835946+00:00,,,,,,,,
2026-06-26T15:57:10.835946+00:00,spot_15,Spot 15,Empty,2026-06-26T15:57:10.835946+00:00,,,,,,,,
2026-06-26T15:57:10.835946+00:00,spot_16,Spot 16,Empty,2026-06-26T15:57:10.835946+00:00,,,,,,,,
2026-06-26T15:57:10.835946+00:00,spot_17,Spot 17,Empty,2026-06-25T18:08:23.061954+00:00,,,,,,,,
2026-06-26T15:58:04.168768+00:00,spot_1,Spot 1,Occupied,2026-06-26T15:45:45.600364+00:00,1078,car,0.6527701616287231,3887,571.2220458984375,320.90484619140625,615.864013671875,371.4884033203125
2026-06-26T15:58:04.168768+00:00,spot_2,Spot 2,Occupied,2026-06-26T15:57:10.835946+00:00,1120,car,0.5387782454490662,1255,503.99334716796875,322.7009582519531,550.5956420898438,368.5353698730469
2026-06-26T15:58:04.168768+00:00,spot_3,Spot 3,Occupied,2026-06-26T15:57:10.835946+00:00,1122,car,0.5884432196617126,1180,446.84686279296875,320.98883056640625,502.19097900390625,364.72772216796875
2026-06-26T15:58:04.168768+00:00,spot_4,Spot 4,Occupied,2026-06-26T14:29:07.349125+00:00,1057,car,0.9036148190498352,5351,391.3697204589844,325.58892822265625,448.7005310058594,362.97088623046875
2026-06-26T15:58:04.168768+00:00,spot_5,Spot 5,Occupied,2026-06-26T15:03:02.901501+00:00,1086,car,0.8421970009803772,3312,336.6192321777344,324.201171875,390.9166564941406,362.8990478515625
2026-06-26T15:58:04.168768+00:00,spot_6,Spot 6,Occupied,2026-06-26T15:58:04.168768+00:00,1137,car,0.4455280900001526,0,277.13201904296875,323.11865234375,339.61700439453125,363.1226806640625
2026-06-26T15:58:04.168768+00:00,spot_7,Spot 7,Occupied,2026-06-26T12:58:23.374586+00:00,1017,car,0.813357412815094,11014,247.5255126953125,329.21533203125,296.05517578125,357.36199951171875
2026-06-26T15:58:04.168768+00:00,spot_8,Spot 8,Occupied,2026-06-26T13:48:45.543059+00:00,1034,car,0.6907873153686523,7773,206.62191772460938,321.8359375,257.2929992675781,354.98529052734375
2026-06-26T15:58:04.168768+00:00,spot_9,Spot 9,Empty,2026-06-26T15:48:11.339889+00:00,,,,,,,,
2026-06-26T15:58:04.168768+00:00,spot_10,Spot 10,Occupied,2026-06-26T15:58:04.168768+00:00,1070,car,0.7954843640327454,4245,140.057373046875,319.839599609375,201.112548828125,348.91064453125
2026-06-26T15:58:04.168768+00:00,spot_11,Spot 11,Occupied,2026-06-26T15:58:04.168768+00:00,1069,car,0.5096051692962646,4380,111.82786560058594,317.09393310546875,156.2901153564453,345.5380859375
2026-06-26T15:58:04.168768+00:00,spot_12,Spot 12,Occupied,2026-06-26T15:58:04.168768+00:00,1138,truck,0.39052215218544006,0,82.38591003417969,311.92352294921875,124.46083068847656,339.92095947265625
2026-06-26T15:58:04.168768+00:00,spot_13,Spot 13,Empty,2026-06-26T15:50:45.852647+00:00,,,,,,,,
2026-06-26T15:58:04.168768+00:00,spot_14,Spot 14,Occupied,2026-06-26T15:58:04.168768+00:00,1056,car,0.43849635124206543,5435,53.61558151245117,312.8231506347656,88.79658508300781,333.3081970214844
2026-06-26T15:58:04.168768+00:00,spot_15,Spot 15,Empty,2026-06-26T15:57:10.835946+00:00,,,,,,,,
2026-06-26T15:58:04.168768+00:00,spot_16,Spot 16,Empty,2026-06-26T15:57:10.835946+00:00,,,,,,,,
2026-06-26T15:58:04.168768+00:00,spot_17,Spot 17,Empty,2026-06-25T18:08:23.061954+00:00,,,,,,,,
2026-06-26T15:59:21.664154+00:00,spot_1,Spot 1,Occupied,2026-06-26T15:45:45.600364+00:00,1078,car,0.6601755619049072,3948,571.24755859375,320.3158874511719,616.1715087890625,371.3584899902344
2026-06-26T15:59:21.664154+00:00,spot_2,Spot 2,Occupied,2026-06-26T15:57:10.835946+00:00,1120,car,0.503961980342865,1317,504.1168212890625,317.7257385253906,551.0892333984375,368.0608825683594
2026-06-26T15:59:21.664154+00:00,spot_3,Spot 3,Occupied,2026-06-26T15:57:10.835946+00:00,1122,car,0.6330640912055969,1241,446.9803161621094,321.296875,502.2940368652344,364.38720703125
2026-06-26T15:59:21.664154+00:00,spot_4,Spot 4,Occupied,2026-06-26T14:29:07.349125+00:00,1057,car,0.8937339186668396,5413,391.47552490234375,325.4869384765625,448.50665283203125,362.523681640625
2026-06-26T15:59:21.664154+00:00,spot_5,Spot 5,Occupied,2026-06-26T15:03:02.901501+00:00,1086,car,0.8602087497711182,3373,336.1875,323.86053466796875,392.1978759765625,362.38214111328125
2026-06-26T15:59:21.664154+00:00,spot_6,Spot 6,Occupied,2026-06-26T15:59:21.664154+00:00,1108,truck,0.6747798323631287,1979,277.47161865234375,322.81756591796875,339.58428955078125,363.47406005859375
2026-06-26T15:59:21.664154+00:00,spot_7,Spot 7,Occupied,2026-06-26T12:58:23.374586+00:00,1017,car,0.7347408533096313,11075,247.648681640625,329.25604248046875,295.692626953125,357.37628173828125
2026-06-26T15:59:21.664154+00:00,spot_8,Spot 8,Occupied,2026-06-26T13:48:45.543059+00:00,1034,car,0.6750231981277466,7834,206.79193115234375,321.87030029296875,257.6499938964844,354.18206787109375
2026-06-26T15:59:21.664154+00:00,spot_9,Spot 9,Empty,2026-06-26T15:48:11.339889+00:00,,,,,,,,
2026-06-26T15:59:21.664154+00:00,spot_10,Spot 10,Occupied,2026-06-26T15:58:04.168768+00:00,1070,car,0.7924440503120422,4307,140.04644775390625,319.72576904296875,200.92718505859375,348.59857177734375
2026-06-26T15:59:21.664154+00:00,spot_11,Spot 11,Occupied,2026-06-26T15:58:04.168768+00:00,1069,car,0.45720964670181274,4442,113.28154754638672,316.0865478515625,155.09344482421875,344.9603271484375
2026-06-26T15:59:21.664154+00:00,spot_12,Spot 12,Empty,2026-06-26T15:59:21.664154+00:00,,,,,,,,
2026-06-26T15:59:21.664154+00:00,spot_13,Spot 13,Empty,2026-06-26T15:50:45.852647+00:00,,,,,,,,
2026-06-26T15:59:21.664154+00:00,spot_14,Spot 14,Occupied,2026-06-26T15:58:04.168768+00:00,1056,car,0.7499684691429138,5496,53.283241271972656,312.63079833984375,86.99103546142578,332.94891357421875
2026-06-26T15:59:21.664154+00:00,spot_15,Spot 15,Occupied,2026-06-26T15:59:21.664154+00:00,1139,car,0.4376174211502075,0,40.508445739746094,310.43804931640625,61.88462829589844,329.77349853515625
2026-06-26T15:59:21.664154+00:00,spot_16,Spot 16,Empty,2026-06-26T15:57:10.835946+00:00,,,,,,,,
2026-06-26T15:59:21.664154+00:00,spot_17,Spot 17,Empty,2026-06-25T18:08:23.061954+00:00,,,,,,,,
2026-06-26T16:00:45.735428+00:00,spot_1,Spot 1,Occupied,2026-06-26T15:45:45.600364+00:00,1078,car,0.7723109126091003,4033,571.2396850585938,321.02685546875,615.0476684570312,371.538330078125
2026-06-26T16:00:45.735428+00:00,spot_2,Spot 2,Occupied,2026-06-26T15:57:10.835946+00:00,1120,car,0.7193566560745239,1401,503.3885803222656,328.3907775878906,549.7349853515625,368.3562927246094
2026-06-26T16:00:45.735428+00:00,spot_3,Spot 3,Occupied,2026-06-26T15:57:10.835946+00:00,1122,car,0.6391369104385376,1326,447.0819396972656,320.6261291503906,500.8262634277344,364.0771789550781
2026-06-26T16:00:45.735428+00:00,spot_4,Spot 4,Occupied,2026-06-26T14:29:07.349125+00:00,1057,car,0.8875807523727417,5497,391.5889892578125,325.55853271484375,448.428955078125,363.4769287109375
2026-06-26T16:00:45.735428+00:00,spot_5,Spot 5,Occupied,2026-06-26T15:03:02.901501+00:00,1086,car,0.7983624339103699,3458,336.01324462890625,323.89697265625,386.57452392578125,362.25872802734375
2026-06-26T16:00:45.735428+00:00,spot_6,Spot 6,Occupied,2026-06-26T15:59:21.664154+00:00,1108,truck,0.46077460050582886,2064,277.43359375,322.3062744140625,342.72265625,363.501708984375
2026-06-26T16:00:45.735428+00:00,spot_7,Spot 7,Occupied,2026-06-26T12:58:23.374586+00:00,1017,car,0.8174925446510315,11160,247.64111328125,328.1904296875,296.0723876953125,356.9154052734375
2026-06-26T16:00:45.735428+00:00,spot_8,Spot 8,Occupied,2026-06-26T13:48:45.543059+00:00,1034,car,0.7242088317871094,7919,206.42864990234375,320.8419494628906,257.147705078125,354.5214538574219
2026-06-26T16:00:45.735428+00:00,spot_9,Spot 9,Empty,2026-06-26T15:48:11.339889+00:00,,,,,,,,
2026-06-26T16:00:45.735428+00:00,spot_10,Spot 10,Occupied,2026-06-26T15:58:04.168768+00:00,1070,car,0.7734363675117493,4392,139.97412109375,319.67919921875,201.24871826171875,348.1783447265625
2026-06-26T16:00:45.735428+00:00,spot_11,Spot 11,Occupied,2026-06-26T15:58:04.168768+00:00,1069,car,0.5034224390983582,4526,112.0891342163086,316.18841552734375,156.05880737304688,345.03656005859375
2026-06-26T16:00:45.735428+00:00,spot_12,Spot 12,Occupied,2026-06-26T16:00:45.735428+00:00,1138,truck,0.4732024371623993,146,73.65040588378906,311.6163024902344,125.69845581054688,339.7514343261719
2026-06-26T16:00:45.735428+00:00,spot_13,Spot 13,Empty,2026-06-26T15:50:45.852647+00:00,,,,,,,,
2026-06-26T16:00:45.735428+00:00,spot_14,Spot 14,Occupied,2026-06-26T15:58:04.168768+00:00,1056,car,0.7132549285888672,5581,53.16471862792969,312.4974365234375,88.83232116699219,332.83880615234375
2026-06-26T16:00:45.735428+00:00,spot_15,Spot 15,Empty,2026-06-26T16:00:45.735428+00:00,,,,,,,,
2026-06-26T16:00:45.735428+00:00,spot_16,Spot 16,Empty,2026-06-26T15:57:10.835946+00:00,,,,,,,,
2026-06-26T16:00:45.735428+00:00,spot_17,Spot 17,Empty,2026-06-25T18:08:23.061954+00:00,,,,,,,,
2026-06-26T16:01:48.581715+00:00,spot_1,Spot 1,Occupied,2026-06-26T15:45:45.600364+00:00,1078,car,0.6136004328727722,4094,571.3151245117188,320.0200500488281,618.0934448242188,371.7022399902344
2026-06-26T16:01:48.581715+00:00,spot_2,Spot 2,Occupied,2026-06-26T15:57:10.835946+00:00,1120,car,0.5631484985351562,1463,504.44317626953125,319.769775390625,550.4976196289062,368.07159423828125
2026-06-26T16:01:48.581715+00:00,spot_3,Spot 3,Occupied,2026-06-26T15:57:10.835946+00:00,1122,car,0.7372782230377197,1387,446.9931640625,321.59466552734375,501.162353515625,364.49249267578125
2026-06-26T16:01:48.581715+00:00,spot_4,Spot 4,Occupied,2026-06-26T14:29:07.349125+00:00,1057,car,0.8983070850372314,5559,391.5658264160156,325.6236877441406,448.7251892089844,363.0072326660156
2026-06-26T16:01:48.581715+00:00,spot_5,Spot 5,Occupied,2026-06-26T15:03:02.901501+00:00,1086,car,0.8414435386657715,3519,336.06201171875,323.74163818359375,390.47509765625,362.52435302734375
2026-06-26T16:01:48.581715+00:00,spot_6,Spot 6,Occupied,2026-06-26T15:59:21.664154+00:00,1108,truck,0.4969789981842041,2125,277.333251953125,322.742919921875,341.795654296875,363.741943359375
2026-06-26T16:01:48.581715+00:00,spot_7,Spot 7,Occupied,2026-06-26T12:58:23.374586+00:00,1017,car,0.7128804922103882,11221,247.52847290039062,327.9951171875,296.4822082519531,358.0736083984375
2026-06-26T16:01:48.581715+00:00,spot_8,Spot 8,Occupied,2026-06-26T13:48:45.543059+00:00,1034,car,0.5614737868309021,7980,206.85772705078125,320.97088623046875,258.873779296875,354.4029541015625
2026-06-26T16:01:48.581715+00:00,spot_9,Spot 9,Empty,2026-06-26T15:48:11.339889+00:00,,,,,,,,
2026-06-26T16:01:48.581715+00:00,spot_10,Spot 10,Occupied,2026-06-26T15:58:04.168768+00:00,1070,car,0.5889256000518799,4453,141.375244140625,319.9869384765625,199.51715087890625,348.6064453125
2026-06-26T16:01:48.581715+00:00,spot_11,Spot 11,Occupied,2026-06-26T16:01:48.581715+00:00,1140,truck,0.49006447196006775,0,112.42050170898438,316.27044677734375,157.6695556640625,344.90167236328125
2026-06-26T16:01:48.581715+00:00,spot_12,Spot 12,Empty,2026-06-26T16:01:48.581715+00:00,,,,,,,,
2026-06-26T16:01:48.581715+00:00,spot_13,Spot 13,Empty,2026-06-26T15:50:45.852647+00:00,,,,,,,,
2026-06-26T16:01:48.581715+00:00,spot_14,Spot 14,Occupied,2026-06-26T15:58:04.168768+00:00,1056,car,0.56972736120224,5642,53.03712463378906,312.52740478515625,85.96113586425781,332.18853759765625
2026-06-26T16:01:48.581715+00:00,spot_15,Spot 15,Empty,2026-06-26T16:00:45.735428+00:00,,,,,,,,
2026-06-26T16:01:48.581715+00:00,spot_16,Spot 16,Empty,2026-06-26T15:57:10.835946+00:00,,,,,,,,
2026-06-26T16:01:48.581715+00:00,spot_17,Spot 17,Empty,2026-06-25T18:08:23.061954+00:00,,,,,,,,
2026-06-26T16:03:09.089294+00:00,spot_1,Spot 1,Occupied,2026-06-26T15:45:45.600364+00:00,1078,car,0.6537288427352905,4176,571.2378540039062,320.18157958984375,614.9977416992188,371.283203125
2026-06-26T16:03:09.089294+00:00,spot_2,Spot 2,Occupied,2026-06-26T15:57:10.835946+00:00,1120,car,0.5738428235054016,1545,503.3121032714844,319.15625,550.5413818359375,368.6417236328125
2026-06-26T16:03:09.089294+00:00,spot_3,Spot 3,Occupied,2026-06-26T16:03:09.089294+00:00,1141,truck,0.5488928556442261,0,446.9390869140625,320.69085693359375,501.31646728515625,363.80853271484375
2026-06-26T16:03:09.089294+00:00,spot_4,Spot 4,Occupied,2026-06-26T14:29:07.349125+00:00,1057,car,0.8909158706665039,5641,391.4216613769531,325.4931640625,448.5841369628906,362.40350341796875
2026-06-26T16:03:09.089294+00:00,spot_5,Spot 5,Occupied,2026-06-26T15:03:02.901501+00:00,1086,car,0.8194710612297058,3601,336.582275390625,324.2042541503906,386.5369873046875,362.8064880371094
2026-06-26T16:03:09.089294+00:00,spot_6,Spot 6,Occupied,2026-06-26T15:59:21.664154+00:00,1108,truck,0.48625147342681885,2207,277.6136474609375,322.57611083984375,342.28680419921875,363.11590576171875
2026-06-26T16:03:09.089294+00:00,spot_7,Spot 7,Occupied,2026-06-26T12:58:23.374586+00:00,1017,car,0.8111531138420105,11303,247.36181640625,328.28326416015625,295.84173583984375,357.35943603515625
2026-06-26T16:03:09.089294+00:00,spot_8,Spot 8,Occupied,2026-06-26T13:48:45.543059+00:00,1034,car,0.6320927739143372,8062,206.74395751953125,321.27685546875,257.35809326171875,354.74365234375
2026-06-26T16:03:09.089294+00:00,spot_9,Spot 9,Empty,2026-06-26T15:48:11.339889+00:00,,,,,,,,
2026-06-26T16:03:09.089294+00:00,spot_10,Spot 10,Occupied,2026-06-26T15:58:04.168768+00:00,1070,car,0.6643374562263489,4535,140.00784301757812,319.7415771484375,200.89883422851562,348.1068115234375
2026-06-26T16:03:09.089294+00:00,spot_11,Spot 11,Occupied,2026-06-26T16:03:09.089294+00:00,1069,car,0.4854608476161957,4669,111.93150329589844,316.21160888671875,154.8002166748047,344.92718505859375
2026-06-26T16:03:09.089294+00:00,spot_12,Spot 12,Occupied,2026-06-26T16:03:09.089294+00:00,1143,car,0.4933680593967438,0,73.08830261230469,311.52825927734375,122.81721496582031,339.13995361328125
2026-06-26T16:03:09.089294+00:00,spot_13,Spot 13,Empty,2026-06-26T15:50:45.852647+00:00,,,,,,,,
2026-06-26T16:03:09.089294+00:00,spot_14,Spot 14,Occupied,2026-06-26T15:58:04.168768+00:00,1056,car,0.5341638326644897,5724,51.534786224365234,312.32720947265625,88.7325439453125,332.82611083984375
2026-06-26T16:03:09.089294+00:00,spot_15,Spot 15,Empty,2026-06-26T16:00:45.735428+00:00,,,,,,,,
2026-06-26T16:03:09.089294+00:00,spot_16,Spot 16,Occupied,2026-06-26T16:03:09.089294+00:00,1142,car,0.49891185760498047,0,13.544792175292969,307.1310729980469,49.518821716308594,328.7846374511719
2026-06-26T16:03:09.089294+00:00,spot_17,Spot 17,Empty,2026-06-25T18:08:23.061954+00:00,,,,,,,,
2026-06-26T16:04:01.268910+00:00,spot_1,Spot 1,Occupied,2026-06-26T15:45:45.600364+00:00,1078,car,0.6537288427352905,4236,571.2378540039062,320.18157958984375,614.9977416992188,371.283203125
2026-06-26T16:04:01.268910+00:00,spot_2,Spot 2,Occupied,2026-06-26T15:57:10.835946+00:00,1120,car,0.5738428235054016,1604,503.3121032714844,319.15625,550.5413818359375,368.6417236328125
2026-06-26T16:04:01.268910+00:00,spot_3,Spot 3,Occupied,2026-06-26T16:03:09.089294+00:00,1141,truck,0.5488928556442261,59,446.9390869140625,320.69085693359375,501.31646728515625,363.80853271484375
2026-06-26T16:04:01.268910+00:00,spot_4,Spot 4,Occupied,2026-06-26T14:29:07.349125+00:00,1057,car,0.8909158706665039,5700,391.4216613769531,325.4931640625,448.5841369628906,362.40350341796875
2026-06-26T16:04:01.268910+00:00,spot_5,Spot 5,Occupied,2026-06-26T15:03:02.901501+00:00,1086,car,0.8194710612297058,3660,336.582275390625,324.2042541503906,386.5369873046875,362.8064880371094
2026-06-26T16:04:01.268910+00:00,spot_6,Spot 6,Occupied,2026-06-26T15:59:21.664154+00:00,1108,truck,0.48625147342681885,2267,277.6136474609375,322.57611083984375,342.28680419921875,363.11590576171875
2026-06-26T16:04:01.268910+00:00,spot_7,Spot 7,Occupied,2026-06-26T12:58:23.374586+00:00,1017,car,0.8111531138420105,11363,247.36181640625,328.28326416015625,295.84173583984375,357.35943603515625
2026-06-26T16:04:01.268910+00:00,spot_8,Spot 8,Occupied,2026-06-26T13:48:45.543059+00:00,1034,car,0.6320927739143372,8121,206.74395751953125,321.27685546875,257.35809326171875,354.74365234375
2026-06-26T16:04:01.268910+00:00,spot_9,Spot 9,Empty,2026-06-26T15:48:11.339889+00:00,,,,,,,,
2026-06-26T16:04:01.268910+00:00,spot_10,Spot 10,Occupied,2026-06-26T15:58:04.168768+00:00,1070,car,0.6643374562263489,4594,140.00784301757812,319.7415771484375,200.89883422851562,348.1068115234375
2026-06-26T16:04:01.268910+00:00,spot_11,Spot 11,Occupied,2026-06-26T16:03:09.089294+00:00,1069,car,0.4854608476161957,4729,111.93150329589844,316.21160888671875,154.8002166748047,344.92718505859375
2026-06-26T16:04:01.268910+00:00,spot_12,Spot 12,Occupied,2026-06-26T16:03:09.089294+00:00,1143,car,0.4933680593967438,59,73.08830261230469,311.52825927734375,122.81721496582031,339.13995361328125
2026-06-26T16:04:01.268910+00:00,spot_13,Spot 13,Empty,2026-06-26T15:50:45.852647+00:00,,,,,,,,
2026-06-26T16:04:01.268910+00:00,spot_14,Spot 14,Occupied,2026-06-26T15:58:04.168768+00:00,1056,car,0.5341638326644897,5783,51.534786224365234,312.32720947265625,88.7325439453125,332.82611083984375
2026-06-26T16:04:01.268910+00:00,spot_15,Spot 15,Empty,2026-06-26T16:00:45.735428+00:00,,,,,,,,
2026-06-26T16:04:01.268910+00:00,spot_16,Spot 16,Occupied,2026-06-26T16:03:09.089294+00:00,1142,car,0.49891185760498047,59,13.544792175292969,307.1310729980469,49.518821716308594,328.7846374511719
2026-06-26T16:04:01.268910+00:00,spot_17,Spot 17,Empty,2026-06-25T18:08:23.061954+00:00,,,,,,,,
2026-06-26T16:05:22.788784+00:00,spot_1,Spot 1,Occupied,2026-06-26T15:45:45.600364+00:00,1078,car,0.6099405884742737,4310,571.3710327148438,319.296630859375,620.6635131835938,371.7506103515625
2026-06-26T16:05:22.788784+00:00,spot_2,Spot 2,Occupied,2026-06-26T15:57:10.835946+00:00,1120,car,0.39070236682891846,1678,504.6305847167969,317.2676696777344,557.537109375,368.4358215332031
2026-06-26T16:05:22.788784+00:00,spot_3,Spot 3,Occupied,2026-06-26T16:05:22.788784+00:00,1144,car,0.6151826977729797,0,447.0108642578125,320.3428955078125,497.68798828125,363.702392578125
2026-06-26T16:05:22.788784+00:00,spot_4,Spot 4,Occupied,2026-06-26T14:29:07.349125+00:00,1057,car,0.8935563564300537,5774,391.5798645019531,325.463623046875,448.4553527832031,362.6248779296875
2026-06-26T16:05:22.788784+00:00,spot_5,Spot 5,Occupied,2026-06-26T15:03:02.901501+00:00,1086,car,0.8404739499092102,3735,336.2303466796875,324.28289794921875,390.75286865234375,362.2606201171875
2026-06-26T16:05:22.788784+00:00,spot_6,Spot 6,Occupied,2026-06-26T16:05:22.788784+00:00,1146,car,0.37176963686943054,0,277.5577392578125,322.0272216796875,339.71417236328125,362.9007568359375
2026-06-26T16:05:22.788784+00:00,spot_7,Spot 7,Occupied,2026-06-26T12:58:23.374586+00:00,1017,car,0.7422569990158081,11437,247.69680786132812,328.62237548828125,295.5079040527344,356.62225341796875
2026-06-26T16:05:22.788784+00:00,spot_8,Spot 8,Occupied,2026-06-26T13:48:45.543059+00:00,1034,car,0.6373447775840759,8195,206.928955078125,322.3011474609375,257.3759765625,354.1221923828125
2026-06-26T16:05:22.788784+00:00,spot_9,Spot 9,Empty,2026-06-26T15:48:11.339889+00:00,,,,,,,,
2026-06-26T16:05:22.788784+00:00,spot_10,Spot 10,Empty,2026-06-26T16:05:22.788784+00:00,,,,,,,,
2026-06-26T16:05:22.788784+00:00,spot_11,Spot 11,Occupied,2026-06-26T16:05:22.788784+00:00,1147,truck,0.37126749753952026,0,113.72110748291016,315.9022521972656,155.63955688476562,345.3825988769531
2026-06-26T16:05:22.788784+00:00,spot_12,Spot 12,Occupied,2026-06-26T16:05:22.788784+00:00,1145,truck,0.5965288281440735,0,72.525390625,311.5147705078125,125.74539184570312,340.7216796875
2026-06-26T16:05:22.788784+00:00,spot_13,Spot 13,Empty,2026-06-26T15:50:45.852647+00:00,,,,,,,,
2026-06-26T16:05:22.788784+00:00,spot_14,Spot 14,Occupied,2026-06-26T15:58:04.168768+00:00,1056,car,0.616089403629303,5857,52.02314758300781,312.2056884765625,85.75108337402344,332.678466796875
2026-06-26T16:05:22.788784+00:00,spot_15,Spot 15,Empty,2026-06-26T16:00:45.735428+00:00,,,,,,,,
2026-06-26T16:05:22.788784+00:00,spot_16,Spot 16,Occupied,2026-06-26T16:03:09.089294+00:00,1142,car,0.4370861053466797,133,13.946998596191406,307.05029296875,51.05345916748047,328.9014892578125
2026-06-26T16:05:22.788784+00:00,spot_17,Spot 17,Empty,2026-06-25T18:08:23.061954+00:00,,,,,,,,
2026-06-26T16:06:37.269477+00:00,spot_1,Spot 1,Occupied,2026-06-26T15:45:45.600364+00:00,1078,car,0.5669661164283752,4385,571.482666015625,319.99652099609375,617.81640625,371.61627197265625
2026-06-26T16:06:37.269477+00:00,spot_2,Spot 2,Occupied,2026-06-26T16:06:37.269477+00:00,1148,truck,0.4391574263572693,0,503.8952941894531,286.5859375,559.2373046875,368.4434814453125
2026-06-26T16:06:37.269477+00:00,spot_3,Spot 3,Occupied,2026-06-26T16:05:22.788784+00:00,1144,car,0.7755594849586487,75,447.094970703125,321.18994140625,499.19488525390625,363.317626953125
2026-06-26T16:06:37.269477+00:00,spot_4,Spot 4,Occupied,2026-06-26T14:29:07.349125+00:00,1057,car,0.8862468004226685,5850,391.6977844238281,325.36065673828125,448.5048522949219,362.652587890625
2026-06-26T16:06:37.269477+00:00,spot_5,Spot 5,Occupied,2026-06-26T15:03:02.901501+00:00,1086,car,0.8416904807090759,3810,336.30804443359375,324.06231689453125,386.05609130859375,362.99688720703125
2026-06-26T16:06:37.269477+00:00,spot_6,Spot 6,Occupied,2026-06-26T16:06:37.269477+00:00,1108,truck,0.6289926767349243,2417,277.4094543457031,322.67938232421875,343.6156311035156,363.58367919921875
2026-06-26T16:06:37.269477+00:00,spot_7,Spot 7,Occupied,2026-06-26T12:58:23.374586+00:00,1017,car,0.7437127828598022,11512,247.54776000976562,328.1229248046875,295.7377014160156,357.141357421875
2026-06-26T16:06:37.269477+00:00,spot_8,Spot 8,Occupied,2026-06-26T13:48:45.543059+00:00,1034,car,0.46500667929649353,8271,207.12942504882812,322.34771728515625,257.0806579589844,353.96942138671875
2026-06-26T16:06:37.269477+00:00,spot_9,Spot 9,Empty,2026-06-26T15:48:11.339889+00:00,,,,,,,,
2026-06-26T16:06:37.269477+00:00,spot_10,Spot 10,Empty,2026-06-26T16:05:22.788784+00:00,,,,,,,,
2026-06-26T16:06:37.269477+00:00,spot_11,Spot 11,Occupied,2026-06-26T16:05:22.788784+00:00,1147,truck,0.49914097785949707,75,113.8377685546875,315.7571105957031,153.97329711914062,345.3059997558594
2026-06-26T16:06:37.269477+00:00,spot_12,Spot 12,Occupied,2026-06-26T16:05:22.788784+00:00,1145,truck,0.43743953108787537,75,74.671875,311.7086181640625,127.13017272949219,339.293701171875
2026-06-26T16:06:37.269477+00:00,spot_13,Spot 13,Empty,2026-06-26T15:50:45.852647+00:00,,,,,,,,
2026-06-26T16:06:37.269477+00:00,spot_14,Spot 14,Occupied,2026-06-26T15:58:04.168768+00:00,1056,car,0.7073971629142761,5933,53.219566345214844,312.3677062988281,87.6328353881836,332.4740905761719
2026-06-26T16:06:37.269477+00:00,spot_15,Spot 15,Occupied,2026-06-26T16:06:37.269477+00:00,1149,car,0.40864938497543335,0,39.936805725097656,311.42803955078125,63.51275634765625,330.18243408203125
2026-06-26T16:06:37.269477+00:00,spot_16,Spot 16,Occupied,2026-06-26T16:03:09.089294+00:00,1142,car,0.4722064733505249,209,13.689176559448242,306.741943359375,50.507080078125,329.198974609375
2026-06-26T16:06:37.269477+00:00,spot_17,Spot 17,Empty,2026-06-25T18:08:23.061954+00:00,,,,,,,,
2026-06-26T16:07:41.972182+00:00,spot_1,Spot 1,Occupied,2026-06-26T15:45:45.600364+00:00,1078,car,0.36462509632110596,4448,571.2625122070312,319.25201416015625,617.6487426757812,371.49432373046875
2026-06-26T16:07:41.972182+00:00,spot_2,Spot 2,Occupied,2026-06-26T16:06:37.269477+00:00,1148,truck,0.5532662868499756,62,505.9479675292969,315.11505126953125,558.216796875,368.77960205078125
2026-06-26T16:07:41.972182+00:00,spot_3,Spot 3,Occupied,2026-06-26T16:05:22.788784+00:00,1144,car,0.7552178502082825,138,446.96160888671875,321.0330810546875,501.33282470703125,363.8304443359375
2026-06-26T16:07:41.972182+00:00,spot_4,Spot 4,Occupied,2026-06-26T14:29:07.349125+00:00,1057,car,0.8933843970298767,5912,391.576904296875,325.5539245605469,449.2152099609375,363.3201599121094
2026-06-26T16:07:41.972182+00:00,spot_5,Spot 5,Occupied,2026-06-26T15:03:02.901501+00:00,1086,car,0.8463367223739624,3873,336.380615234375,323.7382507324219,391.546630859375,363.0452575683594
2026-06-26T16:07:41.972182+00:00,spot_6,Spot 6,Occupied,2026-06-26T16:06:37.269477+00:00,1108,truck,0.41459235548973083,2479,277.57861328125,322.21160888671875,338.9320068359375,363.57427978515625
2026-06-26T16:07:41.972182+00:00,spot_7,Spot 7,Occupied,2026-06-26T12:58:23.374586+00:00,1017,car,0.8076310753822327,11575,247.4292755126953,328.03204345703125,296.23114013671875,356.59637451171875
2026-06-26T16:07:41.972182+00:00,spot_8,Spot 8,Occupied,2026-06-26T13:48:45.543059+00:00,1034,car,0.4336521029472351,8333,207.05264282226562,322.2957763671875,260.0318908691406,354.3218994140625
2026-06-26T16:07:41.972182+00:00,spot_9,Spot 9,Empty,2026-06-26T15:48:11.339889+00:00,,,,,,,,
2026-06-26T16:07:41.972182+00:00,spot_10,Spot 10,Empty,2026-06-26T16:05:22.788784+00:00,,,,,,,,
2026-06-26T16:07:41.972182+00:00,spot_11,Spot 11,Occupied,2026-06-26T16:07:41.972182+00:00,1151,bus,0.5454105734825134,0,113.20478820800781,315.8791809082031,155.56492614746094,345.2609558105469
2026-06-26T16:07:41.972182+00:00,spot_12,Spot 12,Empty,2026-06-26T16:07:41.972182+00:00,,,,,,,,
2026-06-26T16:07:41.972182+00:00,spot_13,Spot 13,Empty,2026-06-26T15:50:45.852647+00:00,,,,,,,,
2026-06-26T16:07:41.972182+00:00,spot_14,Spot 14,Occupied,2026-06-26T15:58:04.168768+00:00,1056,car,0.37525516748428345,5995,53.36334228515625,312.3828430175781,84.90034484863281,332.2046813964844
2026-06-26T16:07:41.972182+00:00,spot_15,Spot 15,Empty,2026-06-26T16:07:41.972182+00:00,,,,,,,,
2026-06-26T16:07:41.972182+00:00,spot_16,Spot 16,Occupied,2026-06-26T16:07:41.972182+00:00,1153,truck,0.42162206768989563,0,12.986696243286133,307.1788330078125,51.05419921875,329.127685546875
2026-06-26T16:07:41.972182+00:00,spot_17,Spot 17,Empty,2026-06-25T18:08:23.061954+00:00,,,,,,,,
2026-06-26T16:08:52.418277+00:00,spot_1,Spot 1,Occupied,2026-06-26T15:45:45.600364+00:00,1078,car,0.6468313336372375,4526,571.0103759765625,319.660400390625,624.20556640625,371.4747314453125
2026-06-26T16:08:52.418277+00:00,spot_2,Spot 2,Occupied,2026-06-26T16:08:52.418277+00:00,1154,car,0.555026650428772,0,504.6155700683594,327.7729797363281,549.6405029296875,369.0683898925781
2026-06-26T16:08:52.418277+00:00,spot_3,Spot 3,Occupied,2026-06-26T16:05:22.788784+00:00,1144,car,0.7106645703315735,216,446.9895935058594,321.7266540527344,496.0090637207031,364.0834655761719
2026-06-26T16:08:52.418277+00:00,spot_4,Spot 4,Occupied,2026-06-26T14:29:07.349125+00:00,1057,car,0.8886184692382812,5990,391.89312744140625,325.5727233886719,448.67730712890625,363.4408874511719
2026-06-26T16:08:52.418277+00:00,spot_5,Spot 5,Occupied,2026-06-26T15:03:02.901501+00:00,1086,car,0.8357874155044556,3951,336.4441833496094,324.483642578125,392.2289123535156,362.7218017578125
2026-06-26T16:08:52.418277+00:00,spot_6,Spot 6,Occupied,2026-06-26T16:06:37.269477+00:00,1108,truck,0.4035186469554901,2557,276.9681396484375,321.51611328125,343.740478515625,364.1505126953125
2026-06-26T16:08:52.418277+00:00,spot_7,Spot 7,Occupied,2026-06-26T12:58:23.374586+00:00,1017,car,0.6133164167404175,11653,247.62831115722656,329.16436767578125,295.526123046875,357.34832763671875
2026-06-26T16:08:52.418277+00:00,spot_8,Spot 8,Occupied,2026-06-26T16:08:52.418277+00:00,1157,truck,0.36931130290031433,0,206.69195556640625,321.1422119140625,256.6222839355469,354.38336181640625
2026-06-26T16:08:52.418277+00:00,spot_9,Spot 9,Occupied,2026-06-26T16:08:52.418277+00:00,1155,truck,0.5282173156738281,0,140.58877563476562,315.517578125,221.10946655273438,350.17041015625
2026-06-26T16:08:52.418277+00:00,spot_10,Spot 10,Empty,2026-06-26T16:05:22.788784+00:00,,,,,,,,
2026-06-26T16:08:52.418277+00:00,spot_11,Spot 11,Occupied,2026-06-26T16:08:52.418277+00:00,1156,car,0.43012183904647827,0,112.68324279785156,316.6646728515625,154.56175231933594,344.69073486328125
2026-06-26T16:08:52.418277+00:00,spot_12,Spot 12,Empty,2026-06-26T16:07:41.972182+00:00,,,,,,,,
2026-06-26T16:08:52.418277+00:00,spot_13,Spot 13,Empty,2026-06-26T15:50:45.852647+00:00,,,,,,,,
2026-06-26T16:08:52.418277+00:00,spot_14,Spot 14,Occupied,2026-06-26T15:58:04.168768+00:00,1056,car,0.6663867235183716,6074,53.178592681884766,312.48736572265625,84.78854370117188,332.515380859375
2026-06-26T16:08:52.418277+00:00,spot_15,Spot 15,Empty,2026-06-26T16:07:41.972182+00:00,,,,,,,,
2026-06-26T16:08:52.418277+00:00,spot_16,Spot 16,Occupied,2026-06-26T16:08:52.418277+00:00,1142,car,0.4042639434337616,349,13.776016235351562,307.1356201171875,51.15760040283203,329.026123046875
2026-06-26T16:08:52.418277+00:00,spot_17,Spot 17,Empty,2026-06-25T18:08:23.061954+00:00,,,,,,,,
2026-06-26T16:09:57.928513+00:00,spot_1,Spot 1,Occupied,2026-06-26T15:45:45.600364+00:00,1078,car,0.624549388885498,4585,571.4915771484375,319.7864990234375,624.1385498046875,371.26849365234375
2026-06-26T16:09:57.928513+00:00,spot_2,Spot 2,Occupied,2026-06-26T16:09:57.928513+00:00,1148,truck,0.6176232099533081,199,504.58087158203125,315.89208984375,558.0043334960938,368.4481201171875
2026-06-26T16:09:57.928513+00:00,spot_3,Spot 3,Occupied,2026-06-26T16:09:57.928513+00:00,1158,truck,0.6067501902580261,0,446.6166076660156,320.84130859375,502.0771179199219,363.582763671875
2026-06-26T16:09:57.928513+00:00,spot_4,Spot 4,Occupied,2026-06-26T14:29:07.349125+00:00,1057,car,0.9057824611663818,6049,391.74566650390625,325.6061096191406,449.26495361328125,363.2387390136719
2026-06-26T16:09:57.928513+00:00,spot_5,Spot 5,Occupied,2026-06-26T15:03:02.901501+00:00,1086,car,0.8618546724319458,4009,336.35400390625,324.01568603515625,392.27734375,362.0989990234375
2026-06-26T16:09:57.928513+00:00,spot_6,Spot 6,Occupied,2026-06-26T16:06:37.269477+00:00,1108,truck,0.5182254910469055,2616,278.0390625,321.9078369140625,343.59521484375,363.572021484375
2026-06-26T16:09:57.928513+00:00,spot_7,Spot 7,Occupied,2026-06-26T12:58:23.374586+00:00,1017,car,0.7482497096061707,11712,247.5657196044922,328.36248779296875,295.86883544921875,357.28741455078125
2026-06-26T16:09:57.928513+00:00,spot_8,Spot 8,Occupied,2026-06-26T16:09:57.928513+00:00,1034,car,0.5673058032989502,8470,206.63790893554688,321.90936279296875,257.4653015136719,354.83258056640625
2026-06-26T16:09:57.928513+00:00,spot_9,Spot 9,Occupied,2026-06-26T16:08:52.418277+00:00,1155,truck,0.4473433792591095,58,176.5818634033203,315.75469970703125,221.9337921142578,350.50128173828125
2026-06-26T16:09:57.928513+00:00,spot_10,Spot 10,Occupied,2026-06-26T16:09:57.928513+00:00,1159,truck,0.45018917322158813,0,141.01242065429688,319.86712646484375,178.839111328125,348.83172607421875
2026-06-26T16:09:57.928513+00:00,spot_11,Spot 11,Empty,2026-06-26T16:09:57.928513+00:00,,,,,,,,
2026-06-26T16:09:57.928513+00:00,spot_12,Spot 12,Occupied,2026-06-26T16:09:57.928513+00:00,1160,truck,0.4348810315132141,0,73.35931396484375,311.60382080078125,132.05615234375,339.74847412109375
2026-06-26T16:09:57.928513+00:00,spot_13,Spot 13,Empty,2026-06-26T15:50:45.852647+00:00,,,,,,,,
2026-06-26T16:09:57.928513+00:00,spot_14,Spot 14,Occupied,2026-06-26T15:58:04.168768+00:00,1056,car,0.5119582414627075,6132,52.825443267822266,312.439697265625,85.15237426757812,332.3397216796875
2026-06-26T16:09:57.928513+00:00,spot_15,Spot 15,Empty,2026-06-26T16:07:41.972182+00:00,,,,,,,,
2026-06-26T16:09:57.928513+00:00,spot_16,Spot 16,Occupied,2026-06-26T16:09:57.928513+00:00,1153,truck,0.3800596296787262,136,13.01962661743164,307.1488342285156,49.732975006103516,329.0218200683594
2026-06-26T16:09:57.928513+00:00,spot_17,Spot 17,Empty,2026-06-25T18:08:23.061954+00:00,,,,,,,,
2026-06-26T16:11:20.323698+00:00,spot_1,Spot 1,Occupied,2026-06-26T15:45:45.600364+00:00,1078,car,0.5779988169670105,4668,571.38720703125,318.9835205078125,623.793212890625,371.7276611328125
2026-06-26T16:11:20.323698+00:00,spot_2,Spot 2,Empty,2026-06-26T16:11:20.323698+00:00,,,,,,,,
2026-06-26T16:11:20.323698+00:00,spot_3,Spot 3,Occupied,2026-06-26T16:11:20.323698+00:00,1144,car,0.6632428765296936,358,446.8775939941406,321.30810546875,502.1258239746094,364.9974365234375
2026-06-26T16:11:20.323698+00:00,spot_4,Spot 4,Occupied,2026-06-26T14:29:07.349125+00:00,1057,car,0.8955681920051575,6132,391.68994140625,325.62945556640625,449.13623046875,362.88397216796875
2026-06-26T16:11:20.323698+00:00,spot_5,Spot 5,Occupied,2026-06-26T15:03:02.901501+00:00,1086,car,0.867595911026001,4093,336.22235107421875,323.6448974609375,392.80609130859375,362.1038818359375
2026-06-26T16:11:20.323698+00:00,spot_6,Spot 6,Empty,2026-06-26T16:11:20.323698+00:00,,,,,,,,
2026-06-26T16:11:20.323698+00:00,spot_7,Spot 7,Occupied,2026-06-26T12:58:23.374586+00:00,1017,car,0.8079192638397217,11795,247.93894958496094,329.58819580078125,295.6695556640625,358.15338134765625
2026-06-26T16:11:20.323698+00:00,spot_8,Spot 8,Occupied,2026-06-26T16:09:57.928513+00:00,1034,car,0.5457678437232971,8553,206.52560424804688,323.60418701171875,273.785400390625,354.50836181640625
2026-06-26T16:11:20.323698+00:00,spot_9,Spot 9,Occupied,2026-06-26T16:11:20.323698+00:00,1161,car,0.6057386994361877,0,176.14195251464844,317.3115234375,223.5473175048828,351.248779296875
2026-06-26T16:11:20.323698+00:00,spot_10,Spot 10,Occupied,2026-06-26T16:11:20.323698+00:00,1162,car,0.5600038170814514,0,140.27334594726562,319.90753173828125,180.44564819335938,348.24151611328125
2026-06-26T16:11:20.323698+00:00,spot_11,Spot 11,Occupied,2026-06-26T16:11:20.323698+00:00,1156,car,0.3848924934864044,141,113.0126953125,316.80462646484375,155.28936767578125,344.45819091796875
2026-06-26T16:11:20.323698+00:00,spot_12,Spot 12,Empty,2026-06-26T16:11:20.323698+00:00,,,,,,,,
2026-06-26T16:11:20.323698+00:00,spot_13,Spot 13,Empty,2026-06-26T15:50:45.852647+00:00,,,,,,,,
2026-06-26T16:11:20.323698+00:00,spot_14,Spot 14,Empty,2026-06-26T16:11:20.323698+00:00,,,,,,,,
2026-06-26T16:11:20.323698+00:00,spot_15,Spot 15,Empty,2026-06-26T16:07:41.972182+00:00,,,,,,,,
2026-06-26T16:11:20.323698+00:00,spot_16,Spot 16,Occupied,2026-06-26T16:09:57.928513+00:00,1153,truck,0.4256262481212616,220,13.0155029296875,307.7201843261719,50.91222381591797,329.1818542480469
2026-06-26T16:11:20.323698+00:00,spot_17,Spot 17,Empty,2026-06-25T18:08:23.061954+00:00,,,,,,,,
2026-06-26T16:12:21.448076+00:00,spot_1,Spot 1,Occupied,2026-06-26T15:45:45.600364+00:00,1078,car,0.704914927482605,4736,571.4302978515625,320.4938049316406,624.4854736328125,372.1225280761719
2026-06-26T16:12:21.448076+00:00,spot_2,Spot 2,Occupied,2026-06-26T16:12:21.448076+00:00,1163,car,0.49017295241355896,0,504.7012023925781,316.20281982421875,557.932373046875,369.08209228515625
2026-06-26T16:12:21.448076+00:00,spot_3,Spot 3,Occupied,2026-06-26T16:12:21.448076+00:00,1158,truck,0.4242505729198456,151,446.51947021484375,320.21917724609375,500.58221435546875,364.507080078125
2026-06-26T16:12:21.448076+00:00,spot_4,Spot 4,Occupied,2026-06-26T14:29:07.349125+00:00,1057,car,0.9029044508934021,6201,391.554931640625,325.62713623046875,448.730712890625,361.8045654296875
2026-06-26T16:12:21.448076+00:00,spot_5,Spot 5,Occupied,2026-06-26T15:03:02.901501+00:00,1086,car,0.8467499613761902,4161,336.42010498046875,324.804931640625,385.371826171875,363.40692138671875
2026-06-26T16:12:21.448076+00:00,spot_6,Spot 6,Occupied,2026-06-26T16:12:21.448076+00:00,1164,car,0.4246183931827545,0,278.3155517578125,332.0745849609375,327.6324462890625,363.6080322265625
2026-06-26T16:12:21.448076+00:00,spot_7,Spot 7,Occupied,2026-06-26T12:58:23.374586+00:00,1017,car,0.6233999133110046,11863,247.68817138671875,328.9134216308594,296.753173828125,357.7522888183594
2026-06-26T16:12:21.448076+00:00,spot_8,Spot 8,Occupied,2026-06-26T16:09:57.928513+00:00,1034,car,0.6103376150131226,8622,206.81216430664062,323.43463134765625,261.9604187011719,353.81121826171875
2026-06-26T16:12:21.448076+00:00,spot_9,Spot 9,Occupied,2026-06-26T16:11:20.323698+00:00,1161,car,0.5251785516738892,68,175.97430419921875,316.8971862792969,221.21240234375,349.4787902832031
2026-06-26T16:12:21.448076+00:00,spot_10,Spot 10,Occupied,2026-06-26T16:11:20.323698+00:00,1162,car,0.4769102931022644,68,140.6790771484375,319.951171875,178.5330810546875,348.2078857421875
2026-06-26T16:12:21.448076+00:00,spot_11,Spot 11,Occupied,2026-06-26T16:11:20.323698+00:00,1156,car,0.5005393028259277,210,113.05184173583984,316.76605224609375,155.26907348632812,345.40240478515625
2026-06-26T16:12:21.448076+00:00,spot_12,Spot 12,Empty,2026-06-26T16:11:20.323698+00:00,,,,,,,,
2026-06-26T16:12:21.448076+00:00,spot_13,Spot 13,Empty,2026-06-26T15:50:45.852647+00:00,,,,,,,,
2026-06-26T16:12:21.448076+00:00,spot_14,Spot 14,Occupied,2026-06-26T16:12:21.448076+00:00,1056,car,0.5752061009407043,6284,52.745819091796875,312.732666015625,85.66389465332031,333.1094970703125
2026-06-26T16:12:21.448076+00:00,spot_15,Spot 15,Empty,2026-06-26T16:07:41.972182+00:00,,,,,,,,
2026-06-26T16:12:21.448076+00:00,spot_16,Spot 16,Occupied,2026-06-26T16:12:21.448076+00:00,1142,car,0.35258328914642334,560,13.571880340576172,307.5935974121094,50.61808395385742,329.4235534667969
2026-06-26T16:12:21.448076+00:00,spot_17,Spot 17,Empty,2026-06-25T18:08:23.061954+00:00,,,,,,,,
2026-06-26T16:13:26.114832+00:00,spot_1,Spot 1,Occupied,2026-06-26T15:45:45.600364+00:00,1078,car,0.6979057788848877,4793,571.2423095703125,320.5914611816406,622.5538330078125,371.9422302246094
2026-06-26T16:13:26.114832+00:00,spot_2,Spot 2,Empty,2026-06-26T16:13:26.114832+00:00,,,,,,,,
2026-06-26T16:13:26.114832+00:00,spot_3,Spot 3,Occupied,2026-06-26T16:13:26.114832+00:00,1144,car,0.3986060321331024,482,447.06689453125,321.2467346191406,502.2733154296875,364.2081604003906
2026-06-26T16:13:26.114832+00:00,spot_4,Spot 4,Occupied,2026-06-26T14:29:07.349125+00:00,1057,car,0.907442569732666,6257,391.72149658203125,325.6439514160156,448.92059326171875,362.9396667480469
2026-06-26T16:13:26.114832+00:00,spot_5,Spot 5,Occupied,2026-06-26T15:03:02.901501+00:00,1086,car,0.8248535394668579,4217,336.27764892578125,324.53753662109375,392.81610107421875,362.14691162109375
2026-06-26T16:13:26.114832+00:00,spot_6,Spot 6,Occupied,2026-06-26T16:13:26.114832+00:00,1167,truck,0.36055389046669006,0,277.7274169921875,322.961669921875,341.802001953125,364.589599609375
2026-06-26T16:13:26.114832+00:00,spot_7,Spot 7,Occupied,2026-06-26T12:58:23.374586+00:00,1017,car,0.7714805603027344,11919,247.0634002685547,329.13397216796875,296.15728759765625,358.16815185546875
2026-06-26T16:13:26.114832+00:00,spot_8,Spot 8,Occupied,2026-06-26T16:09:57.928513+00:00,1034,car,0.6446811556816101,8678,206.75173950195312,324.1158752441406,266.5985412597656,352.7626647949219
2026-06-26T16:13:26.114832+00:00,spot_9,Spot 9,Empty,2026-06-26T16:13:26.114832+00:00,,,,,,,,
2026-06-26T16:13:26.114832+00:00,spot_10,Spot 10,Occupied,2026-06-26T16:13:26.114832+00:00,1166,truck,0.36626118421554565,0,140.61822509765625,319.85498046875,178.5518798828125,348.61279296875
2026-06-26T16:13:26.114832+00:00,spot_11,Spot 11,Occupied,2026-06-26T16:13:26.114832+00:00,1165,bus,0.49344125390052795,0,112.763916015625,316.6788024902344,154.369384765625,345.2160949707031
2026-06-26T16:13:26.114832+00:00,spot_12,Spot 12,Empty,2026-06-26T16:11:20.323698+00:00,,,,,,,,
2026-06-26T16:13:26.114832+00:00,spot_13,Spot 13,Empty,2026-06-26T15:50:45.852647+00:00,,,,,,,,
2026-06-26T16:13:26.114832+00:00,spot_14,Spot 14,Empty,2026-06-26T16:13:26.114832+00:00,,,,,,,,
2026-06-26T16:13:26.114832+00:00,spot_15,Spot 15,Empty,2026-06-26T16:07:41.972182+00:00,,,,,,,,
2026-06-26T16:13:26.114832+00:00,spot_16,Spot 16,Occupied,2026-06-26T16:13:26.114832+00:00,1153,truck,0.5735331177711487,344,13.901599884033203,307.6986083984375,49.60108184814453,329.150634765625
2026-06-26T16:13:26.114832+00:00,spot_17,Spot 17,Empty,2026-06-25T18:08:23.061954+00:00,,,,,,,,
2026-06-26T16:14:37.522875+00:00,spot_1,Spot 1,Occupied,2026-06-26T15:45:45.600364+00:00,1078,car,0.5950897932052612,4864,571.54296875,320.2461242675781,623.2470703125,371.9596252441406
2026-06-26T16:14:37.522875+00:00,spot_2,Spot 2,Occupied,2026-06-26T16:14:37.522875+00:00,1168,truck,0.4505884051322937,0,504.3497314453125,315.9331970214844,558.11279296875,368.8886413574219
2026-06-26T16:14:37.522875+00:00,spot_3,Spot 3,Occupied,2026-06-26T16:13:26.114832+00:00,1144,car,0.6085402369499207,554,446.8435363769531,321.7503356933594,501.1482238769531,364.0608215332031
2026-06-26T16:14:37.522875+00:00,spot_4,Spot 4,Occupied,2026-06-26T14:29:07.349125+00:00,1057,car,0.8987403512001038,6328,391.7131652832031,325.62548828125,448.7808532714844,363.7860107421875
2026-06-26T16:14:37.522875+00:00,spot_5,Spot 5,Occupied,2026-06-26T15:03:02.901501+00:00,1086,car,0.8663141131401062,4289,336.36065673828125,324.9473876953125,393.48040771484375,364.01702880859375
2026-06-26T16:14:37.522875+00:00,spot_6,Spot 6,Occupied,2026-06-26T16:14:37.522875+00:00,1164,car,0.3859354555606842,127,277.35760498046875,322.5308837890625,343.19171142578125,364.0660400390625
2026-06-26T16:14:37.522875+00:00,spot_7,Spot 7,Occupied,2026-06-26T12:58:23.374586+00:00,1017,car,0.6846990585327148,11991,247.4364013671875,329.30999755859375,295.9925537109375,357.96270751953125
2026-06-26T16:14:37.522875+00:00,spot_8,Spot 8,Occupied,2026-06-26T16:09:57.928513+00:00,1034,car,0.5620558261871338,8750,207.1024169921875,323.46246337890625,260.54339599609375,353.57135009765625
2026-06-26T16:14:37.522875+00:00,spot_9,Spot 9,Empty,2026-06-26T16:13:26.114832+00:00,,,,,,,,
2026-06-26T16:14:37.522875+00:00,spot_10,Spot 10,Empty,2026-06-26T16:14:37.522875+00:00,,,,,,,,
2026-06-26T16:14:37.522875+00:00,spot_11,Spot 11,Occupied,2026-06-26T16:13:26.114832+00:00,1165,bus,0.5303871035575867,71,112.45323181152344,316.92999267578125,153.8161163330078,345.055908203125
2026-06-26T16:14:37.522875+00:00,spot_12,Spot 12,Empty,2026-06-26T16:11:20.323698+00:00,,,,,,,,
2026-06-26T16:14:37.522875+00:00,spot_13,Spot 13,Empty,2026-06-26T15:50:45.852647+00:00,,,,,,,,
2026-06-26T16:14:37.522875+00:00,spot_14,Spot 14,Empty,2026-06-26T16:13:26.114832+00:00,,,,,,,,
2026-06-26T16:14:37.522875+00:00,spot_15,Spot 15,Empty,2026-06-26T16:07:41.972182+00:00,,,,,,,,
2026-06-26T16:14:37.522875+00:00,spot_16,Spot 16,Occupied,2026-06-26T16:14:37.522875+00:00,1142,car,0.3734336793422699,687,13.553226470947266,307.56903076171875,49.508548736572266,329.45770263671875
2026-06-26T16:14:37.522875+00:00,spot_17,Spot 17,Empty,2026-06-25T18:08:23.061954+00:00,,,,,,,,
2026-06-26T16:15:33.070873+00:00,spot_1,Spot 1,Occupied,2026-06-26T15:45:45.600364+00:00,1078,car,0.5251731276512146,4920,571.3900146484375,319.98699951171875,622.6646728515625,371.84124755859375
2026-06-26T16:15:33.070873+00:00,spot_2,Spot 2,Empty,2026-06-26T16:15:33.070873+00:00,,,,,,,,
2026-06-26T16:15:33.070873+00:00,spot_3,Spot 3,Occupied,2026-06-26T16:13:26.114832+00:00,1144,car,0.7181248068809509,610,446.87213134765625,320.68603515625,500.7979736328125,363.968017578125
2026-06-26T16:15:33.070873+00:00,spot_4,Spot 4,Occupied,2026-06-26T14:29:07.349125+00:00,1057,car,0.8968613743782043,6384,391.75799560546875,325.56622314453125,448.4903564453125,363.30523681640625
2026-06-26T16:15:33.070873+00:00,spot_5,Spot 5,Occupied,2026-06-26T15:03:02.901501+00:00,1086,car,0.8253434896469116,4345,336.176513671875,324.56207275390625,390.702392578125,363.47833251953125
2026-06-26T16:15:33.070873+00:00,spot_6,Spot 6,Occupied,2026-06-26T16:15:33.070873+00:00,1167,truck,0.38322827219963074,127,278.46063232421875,323.35369873046875,342.03363037109375,364.03350830078125
2026-06-26T16:15:33.070873+00:00,spot_7,Spot 7,Empty,2026-06-26T16:15:33.070873+00:00,,,,,,,,
2026-06-26T16:15:33.070873+00:00,spot_8,Spot 8,Occupied,2026-06-26T16:15:33.070873+00:00,1170,truck,0.3622059226036072,0,207.28564453125,322.0255126953125,257.6195373535156,354.47705078125
2026-06-26T16:15:33.070873+00:00,spot_9,Spot 9,Empty,2026-06-26T16:13:26.114832+00:00,,,,,,,,
2026-06-26T16:15:33.070873+00:00,spot_10,Spot 10,Empty,2026-06-26T16:14:37.522875+00:00,,,,,,,,
2026-06-26T16:15:33.070873+00:00,spot_11,Spot 11,Empty,2026-06-26T16:15:33.070873+00:00,,,,,,,,
2026-06-26T16:15:33.070873+00:00,spot_12,Spot 12,Empty,2026-06-26T16:11:20.323698+00:00,,,,,,,,
2026-06-26T16:15:33.070873+00:00,spot_13,Spot 13,Empty,2026-06-26T15:50:45.852647+00:00,,,,,,,,
2026-06-26T16:15:33.070873+00:00,spot_14,Spot 14,Occupied,2026-06-26T16:15:33.070873+00:00,1169,car,0.41600126028060913,0,51.94158935546875,312.605224609375,84.42506408691406,333.3369140625
2026-06-26T16:15:33.070873+00:00,spot_15,Spot 15,Empty,2026-06-26T16:07:41.972182+00:00,,,,,,,,
2026-06-26T16:15:33.070873+00:00,spot_16,Spot 16,Occupied,2026-06-26T16:14:37.522875+00:00,1142,car,0.4273007810115814,743,13.056915283203125,307.5379638671875,50.88525390625,328.93212890625
2026-06-26T16:15:33.070873+00:00,spot_17,Spot 17,Empty,2026-06-25T18:08:23.061954+00:00,,,,,,,,
2026-06-26T16:16:46.372301+00:00,spot_1,Spot 1,Occupied,2026-06-26T15:45:45.600364+00:00,1078,car,0.7701613903045654,4993,571.549072265625,319.6297607421875,623.5164794921875,371.81036376953125
2026-06-26T16:16:46.372301+00:00,spot_2,Spot 2,Occupied,2026-06-26T16:16:46.372301+00:00,1175,car,0.3787750005722046,0,504.289306640625,322.27215576171875,550.4652099609375,368.07867431640625
2026-06-26T16:16:46.372301+00:00,spot_3,Spot 3,Occupied,2026-06-26T16:13:26.114832+00:00,1144,car,0.3925446569919586,683,446.89208984375,321.47784423828125,500.296142578125,363.8094482421875
2026-06-26T16:16:46.372301+00:00,spot_4,Spot 4,Occupied,2026-06-26T14:29:07.349125+00:00,1057,car,0.9009431004524231,6458,391.5426025390625,325.56903076171875,448.816650390625,363.22491455078125
2026-06-26T16:16:46.372301+00:00,spot_5,Spot 5,Occupied,2026-06-26T15:03:02.901501+00:00,1086,car,0.8040792346000671,4418,336.5400390625,323.80352783203125,393.8419189453125,362.69964599609375
2026-06-26T16:16:46.372301+00:00,spot_6,Spot 6,Empty,2026-06-26T16:16:46.372301+00:00,,,,,,,,
2026-06-26T16:16:46.372301+00:00,spot_7,Spot 7,Occupied,2026-06-26T16:16:46.372301+00:00,1017,car,0.6905556321144104,12120,248.08554077148438,328.7626953125,296.1766052246094,357.205810546875
2026-06-26T16:16:46.372301+00:00,spot_8,Spot 8,Occupied,2026-06-26T16:16:46.372301+00:00,1034,car,0.6942808628082275,8879,206.92401123046875,322.89056396484375,256.5211181640625,354.31939697265625
2026-06-26T16:16:46.372301+00:00,spot_9,Spot 9,Occupied,2026-06-26T16:16:46.372301+00:00,1174,truck,0.38070204854011536,0,175.63125610351562,315.9224853515625,221.02810668945312,349.640625
2026-06-26T16:16:46.372301+00:00,spot_10,Spot 10,Occupied,2026-06-26T16:16:46.372301+00:00,1172,car,0.4537152051925659,0,140.6236572265625,319.8594055175781,179.21588134765625,348.6338195800781
2026-06-26T16:16:46.372301+00:00,spot_11,Spot 11,Occupied,2026-06-26T16:16:46.372301+00:00,1173,car,0.44332996010780334,0,114.38623809814453,317.29888916015625,154.8074951171875,345.46832275390625
2026-06-26T16:16:46.372301+00:00,spot_12,Spot 12,Empty,2026-06-26T16:11:20.323698+00:00,,,,,,,,
2026-06-26T16:16:46.372301+00:00,spot_13,Spot 13,Empty,2026-06-26T15:50:45.852647+00:00,,,,,,,,
2026-06-26T16:16:46.372301+00:00,spot_14,Spot 14,Empty,2026-06-26T16:16:46.372301+00:00,,,,,,,,
2026-06-26T16:16:46.372301+00:00,spot_15,Spot 15,Empty,2026-06-26T16:07:41.972182+00:00,,,,,,,,
2026-06-26T16:16:46.372301+00:00,spot_16,Spot 16,Occupied,2026-06-26T16:16:46.372301+00:00,1153,truck,0.48831936717033386,545,13.319095611572266,307.81201171875,50.563568115234375,328.96337890625
2026-06-26T16:16:46.372301+00:00,spot_17,Spot 17,Empty,2026-06-25T18:08:23.061954+00:00,,,,,,,,
2026-06-26T16:17:48.302455+00:00,spot_1,Spot 1,Occupied,2026-06-26T15:45:45.600364+00:00,1078,car,0.799812376499176,5055,571.2296142578125,320.84197998046875,623.9176025390625,371.89886474609375
2026-06-26T16:17:48.302455+00:00,spot_2,Spot 2,Occupied,2026-06-26T16:16:46.372301+00:00,1175,car,0.39348310232162476,61,504.68878173828125,327.38287353515625,550.1724243164062,368.71270751953125
2026-06-26T16:17:48.302455+00:00,spot_3,Spot 3,Occupied,2026-06-26T16:13:26.114832+00:00,1144,car,0.5780895948410034,744,446.6082763671875,321.18048095703125,501.7130126953125,364.397705078125
2026-06-26T16:17:48.302455+00:00,spot_4,Spot 4,Occupied,2026-06-26T14:29:07.349125+00:00,1057,car,0.9050891399383545,6519,391.593994140625,325.55010986328125,448.9150390625,362.34063720703125
2026-06-26T16:17:48.302455+00:00,spot_5,Spot 5,Occupied,2026-06-26T15:03:02.901501+00:00,1086,car,0.8418058753013611,4479,336.3275451660156,323.85357666015625,391.7697448730469,363.06805419921875
2026-06-26T16:17:48.302455+00:00,spot_6,Spot 6,Occupied,2026-06-26T16:17:48.302455+00:00,1177,car,0.36357495188713074,0,276.5258483886719,322.1947326660156,343.0323791503906,363.9819641113281
2026-06-26T16:17:48.302455+00:00,spot_7,Spot 7,Occupied,2026-06-26T16:16:46.372301+00:00,1017,car,0.7219111323356628,12182,247.45974731445312,328.8685302734375,295.6679382324219,356.931884765625
2026-06-26T16:17:48.302455+00:00,spot_8,Spot 8,Occupied,2026-06-26T16:16:46.372301+00:00,1034,car,0.7183096408843994,8940,206.95281982421875,322.7064208984375,257.2791748046875,353.7705078125
2026-06-26T16:17:48.302455+00:00,spot_9,Spot 9,Empty,2026-06-26T16:17:48.302455+00:00,,,,,,,,
2026-06-26T16:17:48.302455+00:00,spot_10,Spot 10,Occupied,2026-06-26T16:16:46.372301+00:00,1172,car,0.3939700424671173,61,140.7819366455078,319.9555358886719,178.30006408691406,347.4208679199219
2026-06-26T16:17:48.302455+00:00,spot_11,Spot 11,Occupied,2026-06-26T16:17:48.302455+00:00,1176,bus,0.41001439094543457,0,113.08253479003906,316.8116455078125,154.01832580566406,345.7584228515625
2026-06-26T16:17:48.302455+00:00,spot_12,Spot 12,Empty,2026-06-26T16:11:20.323698+00:00,,,,,,,,
2026-06-26T16:17:48.302455+00:00,spot_13,Spot 13,Empty,2026-06-26T15:50:45.852647+00:00,,,,,,,,
2026-06-26T16:17:48.302455+00:00,spot_14,Spot 14,Occupied,2026-06-26T16:17:48.302455+00:00,1169,car,0.43484631180763245,134,49.1300048828125,312.68505859375,87.30690002441406,333.1256103515625
2026-06-26T16:17:48.302455+00:00,spot_15,Spot 15,Empty,2026-06-26T16:07:41.972182+00:00,,,,,,,,
2026-06-26T16:17:48.302455+00:00,spot_16,Spot 16,Occupied,2026-06-26T16:17:48.302455+00:00,1142,car,0.3758563697338104,878,13.597763061523438,307.035400390625,52.237083435058594,328.8248291015625
2026-06-26T16:17:48.302455+00:00,spot_17,Spot 17,Empty,2026-06-25T18:08:23.061954+00:00,,,,,,,,
2026-06-26T16:19:17.183162+00:00,spot_1,Spot 1,Occupied,2026-06-26T15:45:45.600364+00:00,1078,car,0.7388404011726379,5145,571.0498046875,321.09820556640625,623.3043212890625,372.26177978515625
2026-06-26T16:19:17.183162+00:00,spot_2,Spot 2,Empty,2026-06-26T16:19:17.183162+00:00,,,,,,,,
2026-06-26T16:19:17.183162+00:00,spot_3,Spot 3,Occupied,2026-06-26T16:13:26.114832+00:00,1144,car,0.7572778463363647,834,446.62066650390625,320.92230224609375,501.00457763671875,364.0858154296875
2026-06-26T16:19:17.183162+00:00,spot_4,Spot 4,Occupied,2026-06-26T14:29:07.349125+00:00,1057,car,0.8843088150024414,6609,391.65533447265625,325.60711669921875,448.83734130859375,363.7657470703125
2026-06-26T16:19:17.183162+00:00,spot_5,Spot 5,Occupied,2026-06-26T15:03:02.901501+00:00,1086,car,0.8136665225028992,4569,336.2492370605469,324.9285888671875,387.5934143066406,362.208740234375
2026-06-26T16:19:17.183162+00:00,spot_6,Spot 6,Occupied,2026-06-26T16:19:17.183162+00:00,1167,truck,0.4017329514026642,352,277.85272216796875,323.0201721191406,342.50140380859375,364.7146911621094
2026-06-26T16:19:17.183162+00:00,spot_7,Spot 7,Occupied,2026-06-26T16:16:46.372301+00:00,1017,car,0.6137080788612366,12272,248.02183532714844,329.09222412109375,295.9609375,358.373046875
2026-06-26T16:19:17.183162+00:00,spot_8,Spot 8,Occupied,2026-06-26T16:16:46.372301+00:00,1034,car,0.5532419681549072,9030,206.71340942382812,322.2330322265625,256.7860412597656,354.1759033203125
2026-06-26T16:19:17.183162+00:00,spot_9,Spot 9,Empty,2026-06-26T16:17:48.302455+00:00,,,,,,,,
2026-06-26T16:19:17.183162+00:00,spot_10,Spot 10,Occupied,2026-06-26T16:19:17.183162+00:00,1178,truck,0.3621438145637512,0,140.3875274658203,319.92401123046875,178.66285705566406,348.37353515625
2026-06-26T16:19:17.183162+00:00,spot_11,Spot 11,Empty,2026-06-26T16:19:17.183162+00:00,,,,,,,,
2026-06-26T16:19:17.183162+00:00,spot_12,Spot 12,Empty,2026-06-26T16:11:20.323698+00:00,,,,,,,,
2026-06-26T16:19:17.183162+00:00,spot_13,Spot 13,Empty,2026-06-26T15:50:45.852647+00:00,,,,,,,,
2026-06-26T16:19:17.183162+00:00,spot_14,Spot 14,Occupied,2026-06-26T16:17:48.302455+00:00,1169,car,0.3771234452724457,224,52.27064514160156,312.67510986328125,86.9241943359375,333.23455810546875
2026-06-26T16:19:17.183162+00:00,spot_15,Spot 15,Empty,2026-06-26T16:07:41.972182+00:00,,,,,,,,
2026-06-26T16:19:17.183162+00:00,spot_16,Spot 16,Occupied,2026-06-26T16:19:17.183162+00:00,1153,truck,0.36922022700309753,696,13.95948600769043,307.2605895996094,50.946685791015625,328.7852478027344
2026-06-26T16:19:17.183162+00:00,spot_17,Spot 17,Empty,2026-06-25T18:08:23.061954+00:00,,,,,,,,
2026-06-26T16:20:33.856905+00:00,spot_1,Spot 1,Occupied,2026-06-26T15:45:45.600364+00:00,1078,car,0.745650053024292,5226,570.9103393554688,320.213623046875,623.8516235351562,372.02777099609375
2026-06-26T16:20:33.856905+00:00,spot_2,Spot 2,Occupied,2026-06-26T16:20:33.856905+00:00,1179,truck,0.7332263588905334,0,507.493896484375,313.2655334472656,552.4952392578125,363.7534484863281
2026-06-26T16:20:33.856905+00:00,spot_3,Spot 3,Occupied,2026-06-26T16:13:26.114832+00:00,1144,car,0.47146517038345337,916,447.01904296875,320.86737060546875,501.55426025390625,364.49261474609375
2026-06-26T16:20:33.856905+00:00,spot_4,Spot 4,Occupied,2026-06-26T14:29:07.349125+00:00,1057,car,0.8798555731773376,6691,391.63507080078125,325.65277099609375,448.71710205078125,362.9447021484375
2026-06-26T16:20:33.856905+00:00,spot_5,Spot 5,Occupied,2026-06-26T15:03:02.901501+00:00,1086,car,0.8135132193565369,4651,336.0919189453125,323.86968994140625,391.9412841796875,363.35284423828125
2026-06-26T16:20:33.856905+00:00,spot_6,Spot 6,Empty,2026-06-26T16:20:33.856905+00:00,,,,,,,,
2026-06-26T16:20:33.856905+00:00,spot_7,Spot 7,Occupied,2026-06-26T16:16:46.372301+00:00,1017,car,0.378610759973526,12353,247.14825439453125,329.1828308105469,296.407958984375,358.0169982910156
2026-06-26T16:20:33.856905+00:00,spot_8,Spot 8,Occupied,2026-06-26T16:20:33.856905+00:00,1182,truck,0.37436264753341675,0,207.07470703125,320.54071044921875,257.1348876953125,354.9674072265625
2026-06-26T16:20:33.856905+00:00,spot_9,Spot 9,Empty,2026-06-26T16:17:48.302455+00:00,,,,,,,,
2026-06-26T16:20:33.856905+00:00,spot_10,Spot 10,Empty,2026-06-26T16:20:33.856905+00:00,,,,,,,,
2026-06-26T16:20:33.856905+00:00,spot_11,Spot 11,Empty,2026-06-26T16:19:17.183162+00:00,,,,,,,,
2026-06-26T16:20:33.856905+00:00,spot_12,Spot 12,Occupied,2026-06-26T16:20:33.856905+00:00,1181,car,0.40426236391067505,0,75.76454162597656,311.80035400390625,127.40989685058594,339.0809326171875
2026-06-26T16:20:33.856905+00:00,spot_13,Spot 13,Empty,2026-06-26T15:50:45.852647+00:00,,,,,,,,
2026-06-26T16:20:33.856905+00:00,spot_14,Spot 14,Occupied,2026-06-26T16:17:48.302455+00:00,1169,car,0.4863072335720062,306,47.67930603027344,312.55474853515625,88.20303344726562,334.09478759765625
2026-06-26T16:20:33.856905+00:00,spot_15,Spot 15,Empty,2026-06-26T16:07:41.972182+00:00,,,,,,,,
2026-06-26T16:20:33.856905+00:00,spot_16,Spot 16,Occupied,2026-06-26T16:19:17.183162+00:00,1153,truck,0.49971917271614075,778,13.946826934814453,307.7314147949219,49.79511260986328,329.3907165527344
2026-06-26T16:20:33.856905+00:00,spot_17,Spot 17,Empty,2026-06-25T18:08:23.061954+00:00,,,,,,,,
2026-06-26T16:21:41.393689+00:00,spot_1,Spot 1,Occupied,2026-06-26T16:21:41.393689+00:00,1186,truck,0.41372811794281006,0,571.1471557617188,321.12677001953125,623.1784057617188,371.96112060546875
2026-06-26T16:21:41.393689+00:00,spot_2,Spot 2,Empty,2026-06-26T16:21:41.393689+00:00,,,,,,,,
2026-06-26T16:21:41.393689+00:00,spot_3,Spot 3,Occupied,2026-06-26T16:13:26.114832+00:00,1144,car,0.6307837963104248,978,446.6316223144531,321.1633605957031,501.1433410644531,363.8251647949219
2026-06-26T16:21:41.393689+00:00,spot_4,Spot 4,Occupied,2026-06-26T14:29:07.349125+00:00,1057,car,0.8918108344078064,6753,391.5326843261719,325.50274658203125,448.9692077636719,362.6756591796875
2026-06-26T16:21:41.393689+00:00,spot_5,Spot 5,Occupied,2026-06-26T15:03:02.901501+00:00,1086,car,0.8442261219024658,4713,335.85174560546875,323.58502197265625,392.45477294921875,362.8218994140625
2026-06-26T16:21:41.393689+00:00,spot_6,Spot 6,Occupied,2026-06-26T16:21:41.393689+00:00,1185,car,0.41638174653053284,0,278.0958251953125,322.8359375,341.0772705078125,363.557861328125
2026-06-26T16:21:41.393689+00:00,spot_7,Spot 7,Occupied,2026-06-26T16:16:46.372301+00:00,1017,car,0.8375832438468933,12415,247.32516479492188,328.88519287109375,295.6699523925781,358.02825927734375
2026-06-26T16:21:41.393689+00:00,spot_8,Spot 8,Occupied,2026-06-26T16:21:41.393689+00:00,1034,car,0.7227296233177185,9174,206.88690185546875,323.42718505859375,265.69366455078125,354.34454345703125
2026-06-26T16:21:41.393689+00:00,spot_9,Spot 9,Occupied,2026-06-26T16:21:41.393689+00:00,1184,truck,0.4554218351840973,0,176.65658569335938,316.4202880859375,221.09835815429688,350.2996826171875
2026-06-26T16:21:41.393689+00:00,spot_10,Spot 10,Occupied,2026-06-26T16:21:41.393689+00:00,1178,truck,0.36165687441825867,143,140.52264404296875,319.782470703125,178.96249389648438,348.2904052734375
2026-06-26T16:21:41.393689+00:00,spot_11,Spot 11,Occupied,2026-06-26T16:21:41.393689+00:00,1183,bus,0.4708884358406067,0,113.28712463378906,316.9871520996094,155.0653839111328,345.0337219238281
2026-06-26T16:21:41.393689+00:00,spot_12,Spot 12,Empty,2026-06-26T16:21:41.393689+00:00,,,,,,,,
2026-06-26T16:21:41.393689+00:00,spot_13,Spot 13,Empty,2026-06-26T15:50:45.852647+00:00,,,,,,,,
2026-06-26T16:21:41.393689+00:00,spot_14,Spot 14,Empty,2026-06-26T16:21:41.393689+00:00,,,,,,,,
2026-06-26T16:21:41.393689+00:00,spot_15,Spot 15,Empty,2026-06-26T16:07:41.972182+00:00,,,,,,,,
2026-06-26T16:21:41.393689+00:00,spot_16,Spot 16,Occupied,2026-06-26T16:19:17.183162+00:00,1153,truck,0.5477780699729919,840,13.793540954589844,307.2607421875,49.6962890625,329.09356689453125
2026-06-26T16:21:41.393689+00:00,spot_17,Spot 17,Empty,2026-06-25T18:08:23.061954+00:00,,,,,,,,
2026-06-26T16:23:06.005047+00:00,spot_1,Spot 1,Occupied,2026-06-26T16:23:06.005047+00:00,1078,car,0.596537172794342,5374,571.1455688476562,320.2226257324219,622.9968872070312,371.8260192871094
2026-06-26T16:23:06.005047+00:00,spot_2,Spot 2,Occupied,2026-06-26T16:23:06.005047+00:00,1179,truck,0.6320061087608337,148,507.8741149902344,310.9648742675781,551.6094970703125,364.2034606933594
2026-06-26T16:23:06.005047+00:00,spot_3,Spot 3,Occupied,2026-06-26T16:13:26.114832+00:00,1144,car,0.7742101550102234,1064,446.467529296875,321.0812683105469,502.5150146484375,364.4895324707031
2026-06-26T16:23:06.005047+00:00,spot_4,Spot 4,Occupied,2026-06-26T14:29:07.349125+00:00,1057,car,0.9048206806182861,6839,391.528076171875,325.4262390136719,449.3272705078125,362.4933166503906
2026-06-26T16:23:06.005047+00:00,spot_5,Spot 5,Occupied,2026-06-26T15:03:02.901501+00:00,1086,car,0.8600022196769714,4799,335.970703125,324.372314453125,392.209228515625,362.5948486328125
2026-06-26T16:23:06.005047+00:00,spot_6,Spot 6,Occupied,2026-06-26T16:21:41.393689+00:00,1185,car,0.6671637892723083,85,277.76239013671875,323.08343505859375,344.21282958984375,363.72418212890625
2026-06-26T16:23:06.005047+00:00,spot_7,Spot 7,Occupied,2026-06-26T16:16:46.372301+00:00,1017,car,0.7763221263885498,12501,247.8601531982422,328.88385009765625,295.38897705078125,357.97760009765625
2026-06-26T16:23:06.005047+00:00,spot_8,Spot 8,Occupied,2026-06-26T16:21:41.393689+00:00,1034,car,0.7256863713264465,9260,206.80441284179688,323.6431884765625,267.34820556640625,354.629638671875
2026-06-26T16:23:06.005047+00:00,spot_9,Spot 9,Occupied,2026-06-26T16:21:41.393689+00:00,1184,truck,0.36928173899650574,85,176.0509490966797,316.46673583984375,219.2124786376953,350.05072021484375
2026-06-26T16:23:06.005047+00:00,spot_10,Spot 10,Occupied,2026-06-26T16:21:41.393689+00:00,1178,truck,0.4342113137245178,229,140.62472534179688,319.92486572265625,177.76596069335938,347.96527099609375
2026-06-26T16:23:06.005047+00:00,spot_11,Spot 11,Occupied,2026-06-26T16:21:41.393689+00:00,1183,bus,0.6357154846191406,85,112.27984619140625,316.5887451171875,153.93991088867188,345.4638671875
2026-06-26T16:23:06.005047+00:00,spot_12,Spot 12,Empty,2026-06-26T16:21:41.393689+00:00,,,,,,,,
2026-06-26T16:23:06.005047+00:00,spot_13,Spot 13,Empty,2026-06-26T15:50:45.852647+00:00,,,,,,,,
2026-06-26T16:23:06.005047+00:00,spot_14,Spot 14,Occupied,2026-06-26T16:23:06.005047+00:00,1169,car,0.3592866361141205,454,52.52204132080078,312.44732666015625,86.5016098022461,332.63189697265625
2026-06-26T16:23:06.005047+00:00,spot_15,Spot 15,Empty,2026-06-26T16:07:41.972182+00:00,,,,,,,,
2026-06-26T16:23:06.005047+00:00,spot_16,Spot 16,Occupied,2026-06-26T16:19:17.183162+00:00,1153,truck,0.5100811123847961,926,14.458904266357422,307.19256591796875,52.07265090942383,329.16925048828125
2026-06-26T16:23:06.005047+00:00,spot_17,Spot 17,Empty,2026-06-25T18:08:23.061954+00:00,,,,,,,,
2026-06-26T16:24:06.817421+00:00,spot_1,Spot 1,Occupied,2026-06-26T16:23:06.005047+00:00,1078,car,0.7292670011520386,5441,571.0674438476562,321.119384765625,614.6680297851562,371.6949462890625
2026-06-26T16:24:06.817421+00:00,spot_2,Spot 2,Occupied,2026-06-26T16:23:06.005047+00:00,1179,truck,0.6236894130706787,215,507.9647216796875,313.67999267578125,551.72265625,364.0035400390625
2026-06-26T16:24:06.817421+00:00,spot_3,Spot 3,Occupied,2026-06-26T16:13:26.114832+00:00,1144,car,0.6398268342018127,1131,446.36181640625,321.3049011230469,502.05645751953125,363.7322692871094
2026-06-26T16:24:06.817421+00:00,spot_4,Spot 4,Occupied,2026-06-26T14:29:07.349125+00:00,1057,car,0.8950173854827881,6906,391.56207275390625,325.5198974609375,449.16107177734375,362.613037109375
2026-06-26T16:24:06.817421+00:00,spot_5,Spot 5,Occupied,2026-06-26T15:03:02.901501+00:00,1086,car,0.8284042477607727,4866,336.4959411621094,324.16925048828125,391.6046447753906,363.20880126953125
2026-06-26T16:24:06.817421+00:00,spot_6,Spot 6,Occupied,2026-06-26T16:24:06.817421+00:00,1187,truck,0.4413440227508545,0,277.6125183105469,322.5086364746094,342.1033020019531,363.4686584472656
2026-06-26T16:24:06.817421+00:00,spot_7,Spot 7,Occupied,2026-06-26T16:16:46.372301+00:00,1017,car,0.7476839423179626,12568,247.80459594726562,328.18389892578125,295.7510070800781,358.0645751953125
2026-06-26T16:24:06.817421+00:00,spot_8,Spot 8,Occupied,2026-06-26T16:21:41.393689+00:00,1034,car,0.5728327035903931,9327,206.7615966796875,323.16748046875,266.75067138671875,354.48223876953125
2026-06-26T16:24:06.817421+00:00,spot_9,Spot 9,Occupied,2026-06-26T16:21:41.393689+00:00,1184,truck,0.3678826093673706,153,175.9052734375,316.167236328125,219.9556884765625,350.38037109375
2026-06-26T16:24:06.817421+00:00,spot_10,Spot 10,Occupied,2026-06-26T16:21:41.393689+00:00,1178,truck,0.37580981850624084,296,140.50082397460938,319.83697509765625,179.38442993164062,348.42901611328125
2026-06-26T16:24:06.817421+00:00,spot_11,Spot 11,Occupied,2026-06-26T16:21:41.393689+00:00,1183,bus,0.3877720534801483,153,112.10343933105469,316.83331298828125,154.5478057861328,345.10455322265625
2026-06-26T16:24:06.817421+00:00,spot_12,Spot 12,Empty,2026-06-26T16:21:41.393689+00:00,,,,,,,,
2026-06-26T16:24:06.817421+00:00,spot_13,Spot 13,Empty,2026-06-26T15:50:45.852647+00:00,,,,,,,,
2026-06-26T16:24:06.817421+00:00,spot_14,Spot 14,Empty,2026-06-26T16:24:06.817421+00:00,,,,,,,,
2026-06-26T16:24:06.817421+00:00,spot_15,Spot 15,Empty,2026-06-26T16:07:41.972182+00:00,,,,,,,,
2026-06-26T16:24:06.817421+00:00,spot_16,Spot 16,Empty,2026-06-26T16:24:06.817421+00:00,,,,,,,,
2026-06-26T16:24:06.817421+00:00,spot_17,Spot 17,Empty,2026-06-25T18:08:23.061954+00:00,,,,,,,,
2026-06-26T16:25:26.157775+00:00,spot_1,Spot 1,Occupied,2026-06-26T16:23:06.005047+00:00,1078,car,0.7994967699050903,5515,571.1717529296875,320.8839111328125,623.6251220703125,371.960693359375
2026-06-26T16:25:26.157775+00:00,spot_2,Spot 2,Occupied,2026-06-26T16:23:06.005047+00:00,1179,truck,0.5935945510864258,288,507.99822998046875,312.97381591796875,551.5641479492188,364.35101318359375
2026-06-26T16:25:26.157775+00:00,spot_3,Spot 3,Occupied,2026-06-26T16:13:26.114832+00:00,1144,car,0.808035671710968,1204,446.3983154296875,321.18511962890625,502.0823974609375,363.25384521484375
2026-06-26T16:25:26.157775+00:00,spot_4,Spot 4,Occupied,2026-06-26T14:29:07.349125+00:00,1057,car,0.9039588570594788,6979,391.4042663574219,325.48956298828125,448.9828796386719,363.29815673828125
2026-06-26T16:25:26.157775+00:00,spot_5,Spot 5,Occupied,2026-06-26T15:03:02.901501+00:00,1086,car,0.8523111343383789,4939,336.07958984375,323.82305908203125,392.9251708984375,363.0513916015625
2026-06-26T16:25:26.157775+00:00,spot_6,Spot 6,Occupied,2026-06-26T16:25:26.157775+00:00,1185,car,0.44168850779533386,226,277.5224609375,322.51629638671875,343.19482421875,363.50372314453125
2026-06-26T16:25:26.157775+00:00,spot_7,Spot 7,Occupied,2026-06-26T16:16:46.372301+00:00,1017,car,0.7968810796737671,12642,247.71849060058594,328.21575927734375,296.292236328125,357.70465087890625
2026-06-26T16:25:26.157775+00:00,spot_8,Spot 8,Occupied,2026-06-26T16:21:41.393689+00:00,1034,car,0.5758789777755737,9400,207.06060791015625,320.10015869140625,265.76953125,354.54815673828125
2026-06-26T16:25:26.157775+00:00,spot_9,Spot 9,Occupied,2026-06-26T16:21:41.393689+00:00,1184,truck,0.48892441391944885,226,175.9898681640625,315.7347412109375,221.0816650390625,350.16912841796875
2026-06-26T16:25:26.157775+00:00,spot_10,Spot 10,Empty,2026-06-26T16:25:26.157775+00:00,,,,,,,,
2026-06-26T16:25:26.157775+00:00,spot_11,Spot 11,Occupied,2026-06-26T16:25:26.157775+00:00,1178,truck,0.633736789226532,370,112.39271545410156,316.5476379394531,170.12522888183594,345.3748474121094
2026-06-26T16:25:26.157775+00:00,spot_12,Spot 12,Occupied,2026-06-26T16:25:26.157775+00:00,1188,car,0.3885914981365204,0,76.79344177246094,311.60797119140625,128.82862854003906,339.77850341796875
2026-06-26T16:25:26.157775+00:00,spot_13,Spot 13,Empty,2026-06-26T15:50:45.852647+00:00,,,,,,,,
2026-06-26T16:25:26.157775+00:00,spot_14,Spot 14,Occupied,2026-06-26T16:25:26.157775+00:00,1169,car,0.5353133678436279,594,52.75479507446289,312.58453369140625,84.74240112304688,332.33575439453125
2026-06-26T16:25:26.157775+00:00,spot_15,Spot 15,Empty,2026-06-26T16:07:41.972182+00:00,,,,,,,,
2026-06-26T16:25:26.157775+00:00,spot_16,Spot 16,Occupied,2026-06-26T16:25:26.157775+00:00,1153,truck,0.45324835181236267,1066,13.608837127685547,307.1744689941406,51.00959396362305,329.1865539550781
2026-06-26T16:25:26.157775+00:00,spot_17,Spot 17,Empty,2026-06-25T18:08:23.061954+00:00,,,,,,,,
2026-06-26T16:26:47.587993+00:00,spot_1,Spot 1,Occupied,2026-06-26T16:23:06.005047+00:00,1078,car,0.8254152536392212,5596,571.3359375,319.9936828613281,622.630859375,372.2007751464844
2026-06-26T16:26:47.587993+00:00,spot_2,Spot 2,Occupied,2026-06-26T16:23:06.005047+00:00,1179,truck,0.6366341710090637,370,507.65093994140625,313.0955810546875,551.3490600585938,363.598876953125
2026-06-26T16:26:47.587993+00:00,spot_3,Spot 3,Occupied,2026-06-26T16:13:26.114832+00:00,1144,car,0.7279097437858582,1286,446.4719543457031,320.60955810546875,501.2597961425781,363.75225830078125
2026-06-26T16:26:47.587993+00:00,spot_4,Spot 4,Occupied,2026-06-26T14:29:07.349125+00:00,1057,car,0.9059126377105713,7061,391.5050048828125,325.66510009765625,449.155029296875,362.48175048828125
2026-06-26T16:26:47.587993+00:00,spot_5,Spot 5,Occupied,2026-06-26T15:03:02.901501+00:00,1086,car,0.8727306723594666,5021,335.811767578125,323.8885498046875,392.50341796875,363.58331298828125
2026-06-26T16:26:47.587993+00:00,spot_6,Spot 6,Occupied,2026-06-26T16:25:26.157775+00:00,1185,car,0.6902429461479187,307,276.92822265625,323.1014404296875,343.6123046875,363.8758544921875
2026-06-26T16:26:47.587993+00:00,spot_7,Spot 7,Occupied,2026-06-26T16:16:46.372301+00:00,1017,car,0.8001253604888916,12723,247.82431030273438,329.07965087890625,296.5945129394531,358.06011962890625
2026-06-26T16:26:47.587993+00:00,spot_8,Spot 8,Occupied,2026-06-26T16:21:41.393689+00:00,1034,car,0.7583081126213074,9482,206.43161010742188,323.3861389160156,257.8169860839844,354.4804992675781
2026-06-26T16:26:47.587993+00:00,spot_9,Spot 9,Occupied,2026-06-26T16:21:41.393689+00:00,1184,truck,0.4334411323070526,307,175.75814819335938,316.3019104003906,221.3499755859375,350.6774597167969
2026-06-26T16:26:47.587993+00:00,spot_10,Spot 10,Empty,2026-06-26T16:25:26.157775+00:00,,,,,,,,
2026-06-26T16:26:47.587993+00:00,spot_11,Spot 11,Occupied,2026-06-26T16:25:26.157775+00:00,1178,truck,0.5701822638511658,451,113.56977844238281,316.9263000488281,171.1040802001953,345.5152893066406
2026-06-26T16:26:47.587993+00:00,spot_12,Spot 12,Empty,2026-06-26T16:26:47.587993+00:00,,,,,,,,
2026-06-26T16:26:47.587993+00:00,spot_13,Spot 13,Empty,2026-06-26T15:50:45.852647+00:00,,,,,,,,
2026-06-26T16:26:47.587993+00:00,spot_14,Spot 14,Occupied,2026-06-26T16:25:26.157775+00:00,1169,car,0.39876285195350647,676,53.75019836425781,312.70184326171875,87.56806945800781,333.27056884765625
2026-06-26T16:26:47.587993+00:00,spot_15,Spot 15,Empty,2026-06-26T16:07:41.972182+00:00,,,,,,,,
2026-06-26T16:26:47.587993+00:00,spot_16,Spot 16,Occupied,2026-06-26T16:25:26.157775+00:00,1153,truck,0.5263805389404297,1148,14.069742202758789,307.5703430175781,51.49883270263672,328.9030456542969
2026-06-26T16:26:47.587993+00:00,spot_17,Spot 17,Empty,2026-06-25T18:08:23.061954+00:00,,,,,,,,
2026-06-26T16:27:46.098271+00:00,spot_1,Spot 1,Occupied,2026-06-26T16:23:06.005047+00:00,1078,car,0.798845648765564,5652,571.177978515625,320.2969970703125,622.4228515625,371.82940673828125
2026-06-26T16:27:46.098271+00:00,spot_2,Spot 2,Occupied,2026-06-26T16:23:06.005047+00:00,1179,truck,0.6752405762672424,425,507.5963134765625,313.4312744140625,551.6707763671875,363.0242919921875
2026-06-26T16:27:46.098271+00:00,spot_3,Spot 3,Occupied,2026-06-26T16:13:26.114832+00:00,1144,car,0.6842526793479919,1342,446.40618896484375,321.987548828125,501.30853271484375,363.6650390625
2026-06-26T16:27:46.098271+00:00,spot_4,Spot 4,Occupied,2026-06-26T14:29:07.349125+00:00,1057,car,0.8888772130012512,7116,391.5323181152344,325.6517333984375,448.8509826660156,363.33984375
2026-06-26T16:27:46.098271+00:00,spot_5,Spot 5,Occupied,2026-06-26T15:03:02.901501+00:00,1086,car,0.8357130885124207,5077,336.2021484375,324.16497802734375,389.4879150390625,363.27203369140625
2026-06-26T16:27:46.098271+00:00,spot_6,Spot 6,Occupied,2026-06-26T16:25:26.157775+00:00,1185,car,0.4452619254589081,363,277.4284973144531,323.09674072265625,339.4043273925781,363.74530029296875
2026-06-26T16:27:46.098271+00:00,spot_7,Spot 7,Occupied,2026-06-26T16:16:46.372301+00:00,1017,car,0.8187690377235413,12779,247.84080505371094,328.084716796875,296.4708251953125,357.39251708984375
2026-06-26T16:27:46.098271+00:00,spot_8,Spot 8,Occupied,2026-06-26T16:21:41.393689+00:00,1034,car,0.7669535875320435,9538,206.64031982421875,323.1268310546875,257.85052490234375,354.491943359375
2026-06-26T16:27:46.098271+00:00,spot_9,Spot 9,Occupied,2026-06-26T16:21:41.393689+00:00,1184,truck,0.5001065731048584,363,175.55044555664062,315.7735595703125,220.95626831054688,350.4537353515625
2026-06-26T16:27:46.098271+00:00,spot_10,Spot 10,Empty,2026-06-26T16:25:26.157775+00:00,,,,,,,,
2026-06-26T16:27:46.098271+00:00,spot_11,Spot 11,Occupied,2026-06-26T16:25:26.157775+00:00,1178,truck,0.6355770826339722,507,114.51411437988281,316.79815673828125,170.92173767089844,345.67376708984375
2026-06-26T16:27:46.098271+00:00,spot_12,Spot 12,Occupied,2026-06-26T16:27:46.098271+00:00,1188,car,0.35157084465026855,137,81.74881744384766,311.786865234375,126.6415786743164,340.22161865234375
2026-06-26T16:27:46.098271+00:00,spot_13,Spot 13,Empty,2026-06-26T15:50:45.852647+00:00,,,,,,,,
2026-06-26T16:27:46.098271+00:00,spot_14,Spot 14,Occupied,2026-06-26T16:25:26.157775+00:00,1169,car,0.5351005792617798,731,52.58766174316406,312.83984375,85.00944519042969,333.3731689453125
2026-06-26T16:27:46.098271+00:00,spot_15,Spot 15,Empty,2026-06-26T16:07:41.972182+00:00,,,,,,,,
2026-06-26T16:27:46.098271+00:00,spot_16,Spot 16,Occupied,2026-06-26T16:25:26.157775+00:00,1153,truck,0.44000864028930664,1204,13.610456466674805,307.5166320800781,51.34039306640625,329.6221618652344
2026-06-26T16:27:46.098271+00:00,spot_17,Spot 17,Empty,2026-06-25T18:08:23.061954+00:00,,,,,,,,
2026-06-26T16:29:03.230941+00:00,spot_1,Spot 1,Occupied,2026-06-26T16:23:06.005047+00:00,1078,car,0.6690988540649414,5739,571.0609130859375,320.95086669921875,622.7291259765625,371.94854736328125
2026-06-26T16:29:03.230941+00:00,spot_2,Spot 2,Occupied,2026-06-26T16:23:06.005047+00:00,1179,truck,0.5963270664215088,513,507.78021240234375,313.3476867675781,551.5912475585938,363.7146301269531
2026-06-26T16:29:03.230941+00:00,spot_3,Spot 3,Occupied,2026-06-26T16:13:26.114832+00:00,1144,car,0.7572152018547058,1429,446.2958984375,321.364501953125,501.5,364.082275390625
2026-06-26T16:29:03.230941+00:00,spot_4,Spot 4,Occupied,2026-06-26T14:29:07.349125+00:00,1057,car,0.8969061374664307,7204,391.4708251953125,325.4953918457031,448.861083984375,362.8326721191406
2026-06-26T16:29:03.230941+00:00,spot_5,Spot 5,Occupied,2026-06-26T15:03:02.901501+00:00,1086,car,0.7969033122062683,5164,336.23028564453125,323.691650390625,386.49163818359375,363.06695556640625
2026-06-26T16:29:03.230941+00:00,spot_6,Spot 6,Occupied,2026-06-26T16:25:26.157775+00:00,1185,car,0.69733726978302,451,277.32244873046875,322.277099609375,339.96661376953125,365.11358642578125
2026-06-26T16:29:03.230941+00:00,spot_7,Spot 7,Occupied,2026-06-26T16:16:46.372301+00:00,1017,car,0.8267626166343689,12866,247.819580078125,329.2899169921875,295.98284912109375,358.0831298828125
2026-06-26T16:29:03.230941+00:00,spot_8,Spot 8,Occupied,2026-06-26T16:21:41.393689+00:00,1034,car,0.5014233589172363,9625,206.64398193359375,323.4173278808594,259.54736328125,354.9255065917969
2026-06-26T16:29:03.230941+00:00,spot_9,Spot 9,Occupied,2026-06-26T16:21:41.393689+00:00,1184,truck,0.5627057552337646,451,175.50863647460938,316.1675109863281,220.45370483398438,349.6945495605469
2026-06-26T16:29:03.230941+00:00,spot_10,Spot 10,Empty,2026-06-26T16:25:26.157775+00:00,,,,,,,,
2026-06-26T16:29:03.230941+00:00,spot_11,Spot 11,Occupied,2026-06-26T16:25:26.157775+00:00,1178,truck,0.7244455814361572,594,112.49551391601562,316.8941650390625,170.20843505859375,345.2088623046875
2026-06-26T16:29:03.230941+00:00,spot_12,Spot 12,Empty,2026-06-26T16:29:03.230941+00:00,,,,,,,,
2026-06-26T16:29:03.230941+00:00,spot_13,Spot 13,Empty,2026-06-26T15:50:45.852647+00:00,,,,,,,,
2026-06-26T16:29:03.230941+00:00,spot_14,Spot 14,Empty,2026-06-26T16:29:03.230941+00:00,,,,,,,,
2026-06-26T16:29:03.230941+00:00,spot_15,Spot 15,Empty,2026-06-26T16:07:41.972182+00:00,,,,,,,,
2026-06-26T16:29:03.230941+00:00,spot_16,Spot 16,Occupied,2026-06-26T16:25:26.157775+00:00,1153,truck,0.4581218957901001,1291,13.153940200805664,307.41259765625,52.578468322753906,328.60552978515625
2026-06-26T16:29:03.230941+00:00,spot_17,Spot 17,Empty,2026-06-25T18:08:23.061954+00:00,,,,,,,,
2026-06-26T16:30:16.323219+00:00,spot_1,Spot 1,Occupied,2026-06-26T16:23:06.005047+00:00,1078,car,0.759987473487854,5819,570.8912353515625,320.3808898925781,622.6380615234375,371.6861877441406
2026-06-26T16:30:16.323219+00:00,spot_2,Spot 2,Occupied,2026-06-26T16:23:06.005047+00:00,1179,truck,0.638936460018158,592,507.7147521972656,312.93487548828125,552.0931396484375,363.9188232421875
2026-06-26T16:30:16.323219+00:00,spot_3,Spot 3,Occupied,2026-06-26T16:13:26.114832+00:00,1144,car,0.7384138703346252,1509,446.890869140625,321.2388916015625,501.0863037109375,364.106689453125
2026-06-26T16:30:16.323219+00:00,spot_4,Spot 4,Occupied,2026-06-26T14:29:07.349125+00:00,1057,car,0.8978598117828369,7283,391.39495849609375,325.5019836425781,449.44793701171875,362.1904602050781
2026-06-26T16:30:16.323219+00:00,spot_5,Spot 5,Occupied,2026-06-26T15:03:02.901501+00:00,1086,car,0.8254671096801758,5244,336.62152099609375,324.83123779296875,389.3526611328125,362.43316650390625
2026-06-26T16:30:16.323219+00:00,spot_6,Spot 6,Occupied,2026-06-26T16:30:16.323219+00:00,1187,truck,0.4507656991481781,377,277.75653076171875,323.0523681640625,341.1351318359375,365.570556640625
2026-06-26T16:30:16.323219+00:00,spot_7,Spot 7,Occupied,2026-06-26T16:16:46.372301+00:00,1017,car,0.8394741415977478,12946,247.75311279296875,328.954833984375,296.252685546875,357.802978515625
2026-06-26T16:30:16.323219+00:00,spot_8,Spot 8,Occupied,2026-06-26T16:21:41.393689+00:00,1034,car,0.6996371150016785,9705,207.02764892578125,322.7742614746094,256.7828369140625,354.7367248535156
2026-06-26T16:30:16.323219+00:00,spot_9,Spot 9,Occupied,2026-06-26T16:21:41.393689+00:00,1184,truck,0.4335300922393799,530,175.69338989257812,316.5300598144531,220.59695434570312,349.8755798339844
2026-06-26T16:30:16.323219+00:00,spot_10,Spot 10,Empty,2026-06-26T16:25:26.157775+00:00,,,,,,,,
2026-06-26T16:30:16.323219+00:00,spot_11,Spot 11,Occupied,2026-06-26T16:25:26.157775+00:00,1178,truck,0.6140324473381042,674,114.45228576660156,316.8099365234375,170.9941864013672,345.31298828125
2026-06-26T16:30:16.323219+00:00,spot_12,Spot 12,Empty,2026-06-26T16:29:03.230941+00:00,,,,,,,,
2026-06-26T16:30:16.323219+00:00,spot_13,Spot 13,Empty,2026-06-26T15:50:45.852647+00:00,,,,,,,,
2026-06-26T16:30:16.323219+00:00,spot_14,Spot 14,Empty,2026-06-26T16:29:03.230941+00:00,,,,,,,,
2026-06-26T16:30:16.323219+00:00,spot_15,Spot 15,Empty,2026-06-26T16:07:41.972182+00:00,,,,,,,,
2026-06-26T16:30:16.323219+00:00,spot_16,Spot 16,Occupied,2026-06-26T16:25:26.157775+00:00,1153,truck,0.35355982184410095,1371,13.738094329833984,307.45123291015625,51.100711822509766,329.12640380859375
2026-06-26T16:30:16.323219+00:00,spot_17,Spot 17,Empty,2026-06-25T18:08:23.061954+00:00,,,,,,,,
2026-06-26T16:31:35.705943+00:00,spot_1,Spot 1,Occupied,2026-06-26T16:23:06.005047+00:00,1078,car,0.7238214612007141,5884,571.06787109375,319.6392822265625,622.047119140625,371.800537109375
2026-06-26T16:31:35.705943+00:00,spot_2,Spot 2,Occupied,2026-06-26T16:23:06.005047+00:00,1179,truck,0.4092019200325012,657,507.801025390625,313.20880126953125,551.5133056640625,363.65618896484375
2026-06-26T16:31:35.705943+00:00,spot_3,Spot 3,Occupied,2026-06-26T16:13:26.114832+00:00,1144,car,0.6070939302444458,1574,446.7591552734375,320.77801513671875,501.422607421875,364.77288818359375
2026-06-26T16:31:35.705943+00:00,spot_4,Spot 4,Occupied,2026-06-26T14:29:07.349125+00:00,1057,car,0.8891196846961975,7348,391.5206298828125,325.52056884765625,448.9813232421875,363.59136962890625
2026-06-26T16:31:35.705943+00:00,spot_5,Spot 5,Occupied,2026-06-26T15:03:02.901501+00:00,1086,car,0.809342622756958,5309,336.30157470703125,324.4005126953125,386.1514892578125,363.8314208984375
2026-06-26T16:31:35.705943+00:00,spot_6,Spot 6,Occupied,2026-06-26T16:30:16.323219+00:00,1187,truck,0.5605533719062805,442,277.6112976074219,323.33795166015625,341.6333312988281,364.95538330078125
2026-06-26T16:31:35.705943+00:00,spot_7,Spot 7,Occupied,2026-06-26T16:16:46.372301+00:00,1017,car,0.8283945322036743,13011,247.43368530273438,328.7329406738281,296.6699523925781,357.9843444824219
2026-06-26T16:31:35.705943+00:00,spot_8,Spot 8,Occupied,2026-06-26T16:21:41.393689+00:00,1034,car,0.6847677826881409,9770,207.06268310546875,322.981201171875,256.91558837890625,354.746826171875
2026-06-26T16:31:35.705943+00:00,spot_9,Spot 9,Occupied,2026-06-26T16:21:41.393689+00:00,1184,truck,0.5306137204170227,595,175.60043334960938,316.0115966796875,222.00436401367188,351.29833984375
2026-06-26T16:31:35.705943+00:00,spot_10,Spot 10,Empty,2026-06-26T16:25:26.157775+00:00,,,,,,,,
2026-06-26T16:31:35.705943+00:00,spot_11,Spot 11,Occupied,2026-06-26T16:25:26.157775+00:00,1178,truck,0.6450393795967102,739,113.46784973144531,317.14239501953125,171.0685577392578,345.62420654296875
2026-06-26T16:31:35.705943+00:00,spot_12,Spot 12,Empty,2026-06-26T16:29:03.230941+00:00,,,,,,,,
2026-06-26T16:31:35.705943+00:00,spot_13,Spot 13,Empty,2026-06-26T15:50:45.852647+00:00,,,,,,,,
2026-06-26T16:31:35.705943+00:00,spot_14,Spot 14,Empty,2026-06-26T16:29:03.230941+00:00,,,,,,,,
2026-06-26T16:31:35.705943+00:00,spot_15,Spot 15,Empty,2026-06-26T16:07:41.972182+00:00,,,,,,,,
2026-06-26T16:31:35.705943+00:00,spot_16,Spot 16,Occupied,2026-06-26T16:25:26.157775+00:00,1153,truck,0.5005910396575928,1436,12.77911376953125,307.67633056640625,49.25255584716797,328.97784423828125
2026-06-26T16:31:35.705943+00:00,spot_17,Spot 17,Empty,2026-06-25T18:08:23.061954+00:00,,,,,,,,
2026-06-26T16:33:09.619626+00:00,spot_1,Spot 1,Occupied,2026-06-26T16:23:06.005047+00:00,1078,car,0.775460422039032,5978,571.105712890625,319.9914245605469,614.7135009765625,372.2309265136719
2026-06-26T16:33:09.619626+00:00,spot_2,Spot 2,Occupied,2026-06-26T16:23:06.005047+00:00,1179,truck,0.6287364959716797,751,507.47662353515625,313.25067138671875,551.7782592773438,363.66143798828125
2026-06-26T16:33:09.619626+00:00,spot_3,Spot 3,Occupied,2026-06-26T16:13:26.114832+00:00,1144,car,0.5279715657234192,1668,446.7139892578125,321.5865478515625,501.610595703125,364.04388427734375
2026-06-26T16:33:09.619626+00:00,spot_4,Spot 4,Occupied,2026-06-26T14:29:07.349125+00:00,1057,car,0.8936036825180054,7443,391.447021484375,325.5303955078125,448.5635986328125,363.58758544921875
2026-06-26T16:33:09.619626+00:00,spot_5,Spot 5,Occupied,2026-06-26T15:03:02.901501+00:00,1086,car,0.7852418422698975,5403,336.48626708984375,324.96661376953125,386.8123779296875,363.81060791015625
2026-06-26T16:33:09.619626+00:00,spot_6,Spot 6,Occupied,2026-06-26T16:33:09.619626+00:00,1185,car,0.7760106921195984,689,277.95751953125,322.0257568359375,337.550537109375,364.5185546875
2026-06-26T16:33:09.619626+00:00,spot_7,Spot 7,Occupied,2026-06-26T16:16:46.372301+00:00,1017,car,0.8167242407798767,13105,247.37184143066406,328.9796142578125,296.4229736328125,358.2464599609375
2026-06-26T16:33:09.619626+00:00,spot_8,Spot 8,Occupied,2026-06-26T16:21:41.393689+00:00,1034,car,0.6586900949478149,9864,206.56536865234375,322.45416259765625,260.5696105957031,354.90203857421875
2026-06-26T16:33:09.619626+00:00,spot_9,Spot 9,Occupied,2026-06-26T16:21:41.393689+00:00,1184,truck,0.5601205825805664,689,175.4979248046875,316.8367919921875,221.41748046875,351.087890625
2026-06-26T16:33:09.619626+00:00,spot_10,Spot 10,Empty,2026-06-26T16:25:26.157775+00:00,,,,,,,,
2026-06-26T16:33:09.619626+00:00,spot_11,Spot 11,Occupied,2026-06-26T16:25:26.157775+00:00,1178,truck,0.523919403553009,833,113.2431640625,316.7030029296875,157.66253662109375,345.0433349609375
2026-06-26T16:33:09.619626+00:00,spot_12,Spot 12,Empty,2026-06-26T16:29:03.230941+00:00,,,,,,,,
2026-06-26T16:33:09.619626+00:00,spot_13,Spot 13,Empty,2026-06-26T15:50:45.852647+00:00,,,,,,,,
2026-06-26T16:33:09.619626+00:00,spot_14,Spot 14,Empty,2026-06-26T16:29:03.230941+00:00,,,,,,,,
2026-06-26T16:33:09.619626+00:00,spot_15,Spot 15,Empty,2026-06-26T16:07:41.972182+00:00,,,,,,,,
2026-06-26T16:33:09.619626+00:00,spot_16,Spot 16,Occupied,2026-06-26T16:33:09.619626+00:00,1190,car,0.3682332932949066,159,13.725704193115234,307.681884765625,48.223392486572266,328.8399658203125
2026-06-26T16:33:09.619626+00:00,spot_17,Spot 17,Empty,2026-06-25T18:08:23.061954+00:00,,,,,,,,
2026-06-26T16:34:21.402483+00:00,spot_1,Spot 1,Occupied,2026-06-26T16:23:06.005047+00:00,1078,car,0.8537359833717346,6063,571.224853515625,320.6725769042969,621.3919677734375,372.0270690917969
2026-06-26T16:34:21.402483+00:00,spot_2,Spot 2,Occupied,2026-06-26T16:23:06.005047+00:00,1179,truck,0.5879564881324768,837,507.85760498046875,313.33856201171875,551.9723510742188,363.44439697265625
2026-06-26T16:34:21.402483+00:00,spot_3,Spot 3,Occupied,2026-06-26T16:13:26.114832+00:00,1144,car,0.6750901341438293,1753,446.8272705078125,321.259521484375,500.9404296875,363.927978515625
2026-06-26T16:34:21.402483+00:00,spot_4,Spot 4,Occupied,2026-06-26T14:29:07.349125+00:00,1057,car,0.8950473070144653,7528,391.4150390625,325.54583740234375,448.9293212890625,363.19940185546875
2026-06-26T16:34:21.402483+00:00,spot_5,Spot 5,Occupied,2026-06-26T15:03:02.901501+00:00,1086,car,0.870938777923584,5488,336.497314453125,324.150634765625,392.5775146484375,362.9300537109375
2026-06-26T16:34:21.402483+00:00,spot_6,Spot 6,Occupied,2026-06-26T16:33:09.619626+00:00,1185,car,0.6169894933700562,774,277.5378723144531,323.39666748046875,342.3064880371094,364.27032470703125
2026-06-26T16:34:21.402483+00:00,spot_7,Spot 7,Occupied,2026-06-26T16:16:46.372301+00:00,1017,car,0.8248251080513,13190,247.9488525390625,329.14306640625,296.21624755859375,357.374267578125
2026-06-26T16:34:21.402483+00:00,spot_8,Spot 8,Occupied,2026-06-26T16:21:41.393689+00:00,1034,car,0.7805777192115784,9949,206.8084716796875,322.7266540527344,257.6689453125,354.7016296386719
2026-06-26T16:34:21.402483+00:00,spot_9,Spot 9,Occupied,2026-06-26T16:21:41.393689+00:00,1184,truck,0.5455136895179749,774,175.87457275390625,315.9681701660156,221.91131591796875,350.4571838378906
2026-06-26T16:34:21.402483+00:00,spot_10,Spot 10,Occupied,2026-06-26T16:34:21.402483+00:00,1192,car,0.3901197612285614,0,158.94595336914062,323.357421875,178.32025146484375,345.33447265625
2026-06-26T16:34:21.402483+00:00,spot_11,Spot 11,Occupied,2026-06-26T16:34:21.402483+00:00,1193,car,0.35937926173210144,0,113.44847106933594,316.8680419921875,160.0513153076172,344.461181640625
2026-06-26T16:34:21.402483+00:00,spot_12,Spot 12,Empty,2026-06-26T16:29:03.230941+00:00,,,,,,,,
2026-06-26T16:34:21.402483+00:00,spot_13,Spot 13,Empty,2026-06-26T15:50:45.852647+00:00,,,,,,,,
2026-06-26T16:34:21.402483+00:00,spot_14,Spot 14,Empty,2026-06-26T16:29:03.230941+00:00,,,,,,,,
2026-06-26T16:34:21.402483+00:00,spot_15,Spot 15,Empty,2026-06-26T16:07:41.972182+00:00,,,,,,,,
2026-06-26T16:34:21.402483+00:00,spot_16,Spot 16,Occupied,2026-06-26T16:33:09.619626+00:00,1190,car,0.5610647201538086,244,13.858388900756836,307.65960693359375,50.14979553222656,328.28741455078125
2026-06-26T16:34:21.402483+00:00,spot_17,Spot 17,Empty,2026-06-25T18:08:23.061954+00:00,,,,,,,,
2026-06-26T16:35:51.232062+00:00,spot_1,Spot 1,Occupied,2026-06-26T16:23:06.005047+00:00,1078,car,0.8216838240623474,6138,571.0714721679688,320.10772705078125,618.6171264648438,372.049560546875
2026-06-26T16:35:51.232062+00:00,spot_2,Spot 2,Occupied,2026-06-26T16:23:06.005047+00:00,1179,truck,0.5663338303565979,911,507.76031494140625,312.8686828613281,551.7383422851562,363.5210266113281
2026-06-26T16:35:51.232062+00:00,spot_3,Spot 3,Occupied,2026-06-26T16:13:26.114832+00:00,1144,car,0.7653069496154785,1828,446.82177734375,321.09075927734375,501.812744140625,364.25177001953125
2026-06-26T16:35:51.232062+00:00,spot_4,Spot 4,Occupied,2026-06-26T14:29:07.349125+00:00,1057,car,0.8995108604431152,7603,391.3993835449219,325.4250183105469,449.1695251464844,363.2748107910156
2026-06-26T16:35:51.232062+00:00,spot_5,Spot 5,Occupied,2026-06-26T15:03:02.901501+00:00,1086,car,0.8478766083717346,5563,336.53546142578125,324.1568603515625,392.00482177734375,364.02978515625
2026-06-26T16:35:51.232062+00:00,spot_6,Spot 6,Occupied,2026-06-26T16:33:09.619626+00:00,1185,car,0.6803587079048157,849,277.593017578125,323.1197204589844,339.8990478515625,363.7509460449219
2026-06-26T16:35:51.232062+00:00,spot_7,Spot 7,Occupied,2026-06-26T16:16:46.372301+00:00,1017,car,0.8170806765556335,13265,247.5218048095703,328.46160888671875,295.58050537109375,357.79315185546875
2026-06-26T16:35:51.232062+00:00,spot_8,Spot 8,Occupied,2026-06-26T16:21:41.393689+00:00,1034,car,0.6865816712379456,10024,206.60003662109375,322.81036376953125,257.94512939453125,354.21575927734375
2026-06-26T16:35:51.232062+00:00,spot_9,Spot 9,Occupied,2026-06-26T16:21:41.393689+00:00,1184,truck,0.3845261037349701,849,175.38711547851562,315.70867919921875,220.24111938476562,349.95306396484375
2026-06-26T16:35:51.232062+00:00,spot_10,Spot 10,Empty,2026-06-26T16:35:51.232062+00:00,,,,,,,,
2026-06-26T16:35:51.232062+00:00,spot_11,Spot 11,Occupied,2026-06-26T16:35:51.232062+00:00,1194,bus,0.7422876954078674,0,115.1698226928711,316.24176025390625,161.32608032226562,345.02264404296875
2026-06-26T16:35:51.232062+00:00,spot_12,Spot 12,Empty,2026-06-26T16:29:03.230941+00:00,,,,,,,,
2026-06-26T16:35:51.232062+00:00,spot_13,Spot 13,Empty,2026-06-26T15:50:45.852647+00:00,,,,,,,,
2026-06-26T16:35:51.232062+00:00,spot_14,Spot 14,Empty,2026-06-26T16:29:03.230941+00:00,,,,,,,,
2026-06-26T16:35:51.232062+00:00,spot_15,Spot 15,Empty,2026-06-26T16:07:41.972182+00:00,,,,,,,,
2026-06-26T16:35:51.232062+00:00,spot_16,Spot 16,Occupied,2026-06-26T16:33:09.619626+00:00,1190,car,0.4436049163341522,319,13.515644073486328,307.73199462890625,49.973758697509766,329.12652587890625
2026-06-26T16:35:51.232062+00:00,spot_17,Spot 17,Empty,2026-06-25T18:08:23.061954+00:00,,,,,,,,
2026-06-26T16:37:20.029177+00:00,spot_1,Spot 1,Occupied,2026-06-26T16:23:06.005047+00:00,1078,car,0.8324047327041626,6228,571.2274780273438,320.75421142578125,617.2781372070312,371.86224365234375
2026-06-26T16:37:20.029177+00:00,spot_2,Spot 2,Occupied,2026-06-26T16:23:06.005047+00:00,1179,truck,0.7788006067276001,1001,508.20654296875,313.41363525390625,551.74609375,364.11114501953125
2026-06-26T16:37:20.029177+00:00,spot_3,Spot 3,Occupied,2026-06-26T16:13:26.114832+00:00,1144,car,0.825167179107666,1918,446.7989501953125,321.25299072265625,499.95458984375,363.84149169921875
2026-06-26T16:37:20.029177+00:00,spot_4,Spot 4,Occupied,2026-06-26T14:29:07.349125+00:00,1057,car,0.8977630138397217,7693,391.3302001953125,325.54620361328125,448.8851318359375,362.62335205078125
2026-06-26T16:37:20.029177+00:00,spot_5,Spot 5,Occupied,2026-06-26T15:03:02.901501+00:00,1086,car,0.8671798706054688,5653,336.60333251953125,323.5749816894531,392.12603759765625,364.0536193847656
2026-06-26T16:37:20.029177+00:00,spot_6,Spot 6,Occupied,2026-06-26T16:33:09.619626+00:00,1185,car,0.462628573179245,939,277.4397277832031,322.72784423828125,341.7773742675781,364.29193115234375
2026-06-26T16:37:20.029177+00:00,spot_7,Spot 7,Occupied,2026-06-26T16:16:46.372301+00:00,1017,car,0.8182029128074646,13355,247.00453186035156,328.80926513671875,296.6361083984375,357.32513427734375
2026-06-26T16:37:20.029177+00:00,spot_8,Spot 8,Occupied,2026-06-26T16:37:20.029177+00:00,1196,truck,0.4480762779712677,0,206.82742309570312,323.06427001953125,257.4428405761719,354.0108642578125
2026-06-26T16:37:20.029177+00:00,spot_9,Spot 9,Occupied,2026-06-26T16:21:41.393689+00:00,1184,truck,0.557479739189148,939,175.21441650390625,316.2614440917969,219.857421875,350.8645935058594
2026-06-26T16:37:20.029177+00:00,spot_10,Spot 10,Empty,2026-06-26T16:35:51.232062+00:00,,,,,,,,
2026-06-26T16:37:20.029177+00:00,spot_11,Spot 11,Occupied,2026-06-26T16:35:51.232062+00:00,1194,bus,0.6542471647262573,90,114.32238006591797,316.58782958984375,161.4732666015625,345.74212646484375
2026-06-26T16:37:20.029177+00:00,spot_12,Spot 12,Empty,2026-06-26T16:29:03.230941+00:00,,,,,,,,
2026-06-26T16:37:20.029177+00:00,spot_13,Spot 13,Empty,2026-06-26T15:50:45.852647+00:00,,,,,,,,
2026-06-26T16:37:20.029177+00:00,spot_14,Spot 14,Empty,2026-06-26T16:29:03.230941+00:00,,,,,,,,
2026-06-26T16:37:20.029177+00:00,spot_15,Spot 15,Empty,2026-06-26T16:07:41.972182+00:00,,,,,,,,
2026-06-26T16:37:20.029177+00:00,spot_16,Spot 16,Empty,2026-06-26T16:37:20.029177+00:00,,,,,,,,
2026-06-26T16:37:20.029177+00:00,spot_17,Spot 17,Empty,2026-06-25T18:08:23.061954+00:00,,,,,,,,
2026-06-26T16:38:49.227314+00:00,spot_1,Spot 1,Occupied,2026-06-26T16:23:06.005047+00:00,1078,car,0.6941748857498169,6322,571.0625,321.03839111328125,621.14453125,371.87481689453125
2026-06-26T16:38:49.227314+00:00,spot_2,Spot 2,Occupied,2026-06-26T16:23:06.005047+00:00,1179,truck,0.6902686357498169,1095,508.0498352050781,313.2962646484375,552.025146484375,364.1075439453125
2026-06-26T16:38:49.227314+00:00,spot_3,Spot 3,Occupied,2026-06-26T16:13:26.114832+00:00,1144,car,0.7418479323387146,2012,446.6488952636719,321.39923095703125,501.3178405761719,364.14495849609375
2026-06-26T16:38:49.227314+00:00,spot_4,Spot 4,Occupied,2026-06-26T14:29:07.349125+00:00,1057,car,0.9042618274688721,7787,391.410400390625,325.6002197265625,448.4744873046875,364.0181884765625
2026-06-26T16:38:49.227314+00:00,spot_5,Spot 5,Occupied,2026-06-26T15:03:02.901501+00:00,1086,car,0.8555811047554016,5747,336.2530517578125,324.34271240234375,392.784912109375,362.45233154296875
2026-06-26T16:38:49.227314+00:00,spot_6,Spot 6,Occupied,2026-06-26T16:33:09.619626+00:00,1185,car,0.6740961670875549,1033,277.7734375,322.86138916015625,344.2205810546875,364.71807861328125
2026-06-26T16:38:49.227314+00:00,spot_7,Spot 7,Occupied,2026-06-26T16:16:46.372301+00:00,1017,car,0.835266649723053,13449,247.63671875,329.52899169921875,295.99981689453125,357.5697021484375
2026-06-26T16:38:49.227314+00:00,spot_8,Spot 8,Occupied,2026-06-26T16:38:49.227314+00:00,1034,car,0.7016909122467041,10208,206.59539794921875,322.7961730957031,258.1183166503906,355.2450256347656
2026-06-26T16:38:49.227314+00:00,spot_9,Spot 9,Occupied,2026-06-26T16:21:41.393689+00:00,1184,truck,0.3947433531284332,1033,175.6171875,315.6592102050781,221.328125,350.4827575683594
2026-06-26T16:38:49.227314+00:00,spot_10,Spot 10,Empty,2026-06-26T16:35:51.232062+00:00,,,,,,,,
2026-06-26T16:38:49.227314+00:00,spot_11,Spot 11,Empty,2026-06-26T16:38:49.227314+00:00,,,,,,,,
2026-06-26T16:38:49.227314+00:00,spot_12,Spot 12,Empty,2026-06-26T16:29:03.230941+00:00,,,,,,,,
2026-06-26T16:38:49.227314+00:00,spot_13,Spot 13,Occupied,2026-06-26T16:38:49.227314+00:00,1197,car,0.5627003312110901,0,70.26898193359375,312.88116455078125,112.02490234375,335.64483642578125
2026-06-26T16:38:49.227314+00:00,spot_14,Spot 14,Empty,2026-06-26T16:29:03.230941+00:00,,,,,,,,
2026-06-26T16:38:49.227314+00:00,spot_15,Spot 15,Empty,2026-06-26T16:07:41.972182+00:00,,,,,,,,
2026-06-26T16:38:49.227314+00:00,spot_16,Spot 16,Occupied,2026-06-26T16:38:49.227314+00:00,1198,truck,0.5509421825408936,0,13.323738098144531,307.2853698730469,51.15313720703125,329.8264465332031
2026-06-26T16:38:49.227314+00:00,spot_17,Spot 17,Empty,2026-06-25T18:08:23.061954+00:00,,,,,,,,
2026-06-26T16:39:58.701017+00:00,spot_1,Spot 1,Occupied,2026-06-26T16:23:06.005047+00:00,1078,car,0.7699114680290222,6389,571.178466796875,321.31585693359375,615.685546875,371.357421875
2026-06-26T16:39:58.701017+00:00,spot_2,Spot 2,Occupied,2026-06-26T16:23:06.005047+00:00,1179,truck,0.7692233324050903,1162,507.77520751953125,312.86016845703125,551.7515258789062,362.28314208984375
2026-06-26T16:39:58.701017+00:00,spot_3,Spot 3,Occupied,2026-06-26T16:13:26.114832+00:00,1144,car,0.7922751903533936,2079,446.5983581542969,321.1640625,500.9852600097656,363.55712890625
2026-06-26T16:39:58.701017+00:00,spot_4,Spot 4,Occupied,2026-06-26T14:29:07.349125+00:00,1057,car,0.9052200317382812,7853,391.3149719238281,325.55743408203125,448.5402526855469,361.96942138671875
2026-06-26T16:39:58.701017+00:00,spot_5,Spot 5,Occupied,2026-06-26T15:03:02.901501+00:00,1086,car,0.7676277756690979,5814,335.96026611328125,323.9519348144531,385.45147705078125,362.7176208496094
2026-06-26T16:39:58.701017+00:00,spot_6,Spot 6,Occupied,2026-06-26T16:39:58.701017+00:00,1195,truck,0.5654053688049316,160,276.68316650390625,322.16839599609375,342.4736328125,363.20458984375
2026-06-26T16:39:58.701017+00:00,spot_7,Spot 7,Occupied,2026-06-26T16:16:46.372301+00:00,1017,car,0.8288070559501648,13516,246.886474609375,328.4581298828125,295.57818603515625,357.4796142578125
2026-06-26T16:39:58.701017+00:00,spot_8,Spot 8,Occupied,2026-06-26T16:38:49.227314+00:00,1034,car,0.7173561453819275,10275,206.63458251953125,322.16864013671875,257.82403564453125,355.15142822265625
2026-06-26T16:39:58.701017+00:00,spot_9,Spot 9,Occupied,2026-06-26T16:21:41.393689+00:00,1184,truck,0.520098090171814,1100,175.62579345703125,316.22711181640625,222.5535888671875,350.29437255859375
2026-06-26T16:39:58.701017+00:00,spot_10,Spot 10,Occupied,2026-06-26T16:39:58.701017+00:00,1200,car,0.5393121242523193,0,159.355712890625,323.19659423828125,177.17218017578125,347.22247314453125
2026-06-26T16:39:58.701017+00:00,spot_11,Spot 11,Occupied,2026-06-26T16:39:58.701017+00:00,1203,truck,0.3756501078605652,0,113.8426513671875,315.98486328125,161.701171875,345.462158203125
2026-06-26T16:39:58.701017+00:00,spot_12,Spot 12,Empty,2026-06-26T16:29:03.230941+00:00,,,,,,,,
2026-06-26T16:39:58.701017+00:00,spot_13,Spot 13,Occupied,2026-06-26T16:38:49.227314+00:00,1197,car,0.6624011993408203,66,70.5469741821289,313.6585388183594,110.22281646728516,335.6387023925781
2026-06-26T16:39:58.701017+00:00,spot_14,Spot 14,Occupied,2026-06-26T16:39:58.701017+00:00,1202,car,0.4850672781467438,0,62.788272857666016,311.36663818359375,87.03482055664062,332.68804931640625
2026-06-26T16:39:58.701017+00:00,spot_15,Spot 15,Occupied,2026-06-26T16:39:58.701017+00:00,1199,car,0.5535670518875122,0,44.402130126953125,309.5830078125,66.5915298461914,330.4969482421875
2026-06-26T16:39:58.701017+00:00,spot_16,Spot 16,Occupied,2026-06-26T16:39:58.701017+00:00,1201,car,0.5139021873474121,0,13.1478271484375,307.6260681152344,48.98664474487305,329.3367614746094
2026-06-26T16:39:58.701017+00:00,spot_17,Spot 17,Empty,2026-06-25T18:08:23.061954+00:00,,,,,,,,
2026-06-26T16:41:19.645808+00:00,spot_1,Spot 1,Occupied,2026-06-26T16:23:06.005047+00:00,1078,car,0.7730465531349182,6467,571.260009765625,320.2864990234375,618.375244140625,371.885009765625
2026-06-26T16:41:19.645808+00:00,spot_2,Spot 2,Occupied,2026-06-26T16:23:06.005047+00:00,1179,truck,0.6691750884056091,1241,507.87286376953125,313.2109680175781,552.8783569335938,363.0769958496094
2026-06-26T16:41:19.645808+00:00,spot_3,Spot 3,Occupied,2026-06-26T16:13:26.114832+00:00,1144,car,0.7726439833641052,2157,446.560546875,321.33074951171875,501.76025390625,364.6141357421875
2026-06-26T16:41:19.645808+00:00,spot_4,Spot 4,Occupied,2026-06-26T14:29:07.349125+00:00,1057,car,0.8906983733177185,7932,391.4991455078125,325.65191650390625,448.572998046875,363.65216064453125
2026-06-26T16:41:19.645808+00:00,spot_5,Spot 5,Occupied,2026-06-26T15:03:02.901501+00:00,1086,car,0.8247583508491516,5892,336.2483215332031,324.2750244140625,390.6761169433594,363.6806640625
2026-06-26T16:41:19.645808+00:00,spot_6,Spot 6,Occupied,2026-06-26T16:41:19.645808+00:00,1185,car,0.6748815774917603,1179,277.2893981933594,322.3612976074219,342.5596008300781,364.0222473144531
2026-06-26T16:41:19.645808+00:00,spot_7,Spot 7,Occupied,2026-06-26T16:16:46.372301+00:00,1017,car,0.7539356350898743,13594,247.27938842773438,328.75,295.9202575683594,357.5401611328125
2026-06-26T16:41:19.645808+00:00,spot_8,Spot 8,Occupied,2026-06-26T16:38:49.227314+00:00,1034,car,0.6326935887336731,10353,206.6849365234375,322.86993408203125,267.86138916015625,354.15045166015625
2026-06-26T16:41:19.645808+00:00,spot_9,Spot 9,Occupied,2026-06-26T16:21:41.393689+00:00,1184,truck,0.44268378615379333,1179,175.64459228515625,315.50543212890625,223.30929565429688,350.5771484375
2026-06-26T16:41:19.645808+00:00,spot_10,Spot 10,Occupied,2026-06-26T16:39:58.701017+00:00,1200,car,0.383360356092453,78,145.78396606445312,322.6383972167969,177.20339965820312,347.6399230957031
2026-06-26T16:41:19.645808+00:00,spot_11,Spot 11,Occupied,2026-06-26T16:39:58.701017+00:00,1203,truck,0.47103336453437805,78,108.78193664550781,317.1340026855469,159.33131408691406,344.2060852050781
2026-06-26T16:41:19.645808+00:00,spot_12,Spot 12,Empty,2026-06-26T16:29:03.230941+00:00,,,,,,,,
2026-06-26T16:41:19.645808+00:00,spot_13,Spot 13,Occupied,2026-06-26T16:38:49.227314+00:00,1197,car,0.45926111936569214,145,70.45360565185547,313.04095458984375,104.85157012939453,335.76104736328125
2026-06-26T16:41:19.645808+00:00,spot_14,Spot 14,Empty,2026-06-26T16:41:19.645808+00:00,,,,,,,,
2026-06-26T16:41:19.645808+00:00,spot_15,Spot 15,Empty,2026-06-26T16:41:19.645808+00:00,,,,,,,,
2026-06-26T16:41:19.645808+00:00,spot_16,Spot 16,Occupied,2026-06-26T16:41:19.645808+00:00,1198,truck,0.3961874544620514,145,12.827606201171875,307.7586975097656,50.89739990234375,328.9244079589844
2026-06-26T16:41:19.645808+00:00,spot_17,Spot 17,Empty,2026-06-25T18:08:23.061954+00:00,,,,,,,,
2026-06-26T16:42:47.594822+00:00,spot_1,Spot 1,Occupied,2026-06-26T16:23:06.005047+00:00,1078,car,0.8156993389129639,6558,571.268798828125,320.20281982421875,620.908447265625,371.80389404296875
2026-06-26T16:42:47.594822+00:00,spot_2,Spot 2,Occupied,2026-06-26T16:23:06.005047+00:00,1179,truck,0.6489564180374146,1331,507.8267822265625,312.7371826171875,551.4422607421875,362.97705078125
2026-06-26T16:42:47.594822+00:00,spot_3,Spot 3,Occupied,2026-06-26T16:13:26.114832+00:00,1144,car,0.723980188369751,2248,446.62872314453125,320.3988037109375,501.73858642578125,364.01849365234375
2026-06-26T16:42:47.594822+00:00,spot_4,Spot 4,Occupied,2026-06-26T14:29:07.349125+00:00,1057,car,0.8911483287811279,8023,391.55291748046875,325.452880859375,448.51031494140625,362.9068603515625
2026-06-26T16:42:47.594822+00:00,spot_5,Spot 5,Occupied,2026-06-26T15:03:02.901501+00:00,1086,car,0.8057302832603455,5983,336.616943359375,323.21502685546875,392.2012939453125,362.41229248046875
2026-06-26T16:42:47.594822+00:00,spot_6,Spot 6,Occupied,2026-06-26T16:41:19.645808+00:00,1185,car,0.6015265583992004,1269,278.2372741699219,322.2451171875,340.3628234863281,363.7252197265625
2026-06-26T16:42:47.594822+00:00,spot_7,Spot 7,Occupied,2026-06-26T16:16:46.372301+00:00,1017,car,0.7758176922798157,13685,247.32485961914062,328.7335205078125,295.8601989746094,357.62164306640625
2026-06-26T16:42:47.594822+00:00,spot_8,Spot 8,Occupied,2026-06-26T16:38:49.227314+00:00,1034,car,0.5829277038574219,10444,206.5784912109375,322.4114990234375,256.99493408203125,354.19635009765625
2026-06-26T16:42:47.594822+00:00,spot_9,Spot 9,Occupied,2026-06-26T16:21:41.393689+00:00,1184,truck,0.4709542691707611,1269,175.50013732910156,316.1458740234375,219.99241638183594,351.46405029296875
2026-06-26T16:42:47.594822+00:00,spot_10,Spot 10,Occupied,2026-06-26T16:39:58.701017+00:00,1200,car,0.621313214302063,169,149.8047332763672,323.02325439453125,177.7534637451172,347.30096435546875
2026-06-26T16:42:47.594822+00:00,spot_11,Spot 11,Occupied,2026-06-26T16:39:58.701017+00:00,1203,truck,0.45111986994743347,169,111.03741455078125,316.69830322265625,158.63424682617188,344.34906005859375
2026-06-26T16:42:47.594822+00:00,spot_12,Spot 12,Empty,2026-06-26T16:29:03.230941+00:00,,,,,,,,
2026-06-26T16:42:47.594822+00:00,spot_13,Spot 13,Occupied,2026-06-26T16:38:49.227314+00:00,1197,car,0.46393540501594543,235,70.69837188720703,311.5435791015625,109.2038345336914,335.7996826171875
2026-06-26T16:42:47.594822+00:00,spot_14,Spot 14,Empty,2026-06-26T16:41:19.645808+00:00,,,,,,,,
2026-06-26T16:42:47.594822+00:00,spot_15,Spot 15,Occupied,2026-06-26T16:42:47.594822+00:00,1199,car,0.6178995370864868,169,39.430328369140625,309.98406982421875,80.09313201904297,330.59332275390625
2026-06-26T16:42:47.594822+00:00,spot_16,Spot 16,Empty,2026-06-26T16:42:47.594822+00:00,,,,,,,,
2026-06-26T16:42:47.594822+00:00,spot_17,Spot 17,Empty,2026-06-25T18:08:23.061954+00:00,,,,,,,,
2026-06-26T16:43:48.410148+00:00,spot_1,Spot 1,Occupied,2026-06-26T16:23:06.005047+00:00,1078,car,0.8638597130775452,6615,570.968994140625,319.58349609375,620.831787109375,372.017822265625
2026-06-26T16:43:48.410148+00:00,spot_2,Spot 2,Occupied,2026-06-26T16:23:06.005047+00:00,1179,truck,0.6971850395202637,1388,507.50360107421875,313.09857177734375,552.8538208007812,362.80230712890625
2026-06-26T16:43:48.410148+00:00,spot_3,Spot 3,Occupied,2026-06-26T16:13:26.114832+00:00,1144,car,0.5366631746292114,2304,446.7225341796875,320.152587890625,501.9246826171875,363.5643310546875
2026-06-26T16:43:48.410148+00:00,spot_4,Spot 4,Occupied,2026-06-26T14:29:07.349125+00:00,1057,car,0.8913240432739258,8079,391.302734375,325.1985168457031,448.79412841796875,362.4442443847656
2026-06-26T16:43:48.410148+00:00,spot_5,Spot 5,Occupied,2026-06-26T15:03:02.901501+00:00,1086,car,0.8330823183059692,6039,336.535888671875,323.72589111328125,393.0408935546875,362.52557373046875
2026-06-26T16:43:48.410148+00:00,spot_6,Spot 6,Occupied,2026-06-26T16:41:19.645808+00:00,1185,car,0.7524107694625854,1326,277.1158447265625,322.59967041015625,341.299560546875,362.95440673828125
2026-06-26T16:43:48.410148+00:00,spot_7,Spot 7,Occupied,2026-06-26T16:16:46.372301+00:00,1017,car,0.8259258270263672,13742,247.34762573242188,328.30462646484375,296.0314636230469,358.01177978515625
2026-06-26T16:43:48.410148+00:00,spot_8,Spot 8,Occupied,2026-06-26T16:38:49.227314+00:00,1034,car,0.7804892063140869,10500,206.75970458984375,322.82916259765625,266.3484802246094,354.56036376953125
2026-06-26T16:43:48.410148+00:00,spot_9,Spot 9,Occupied,2026-06-26T16:43:48.410148+00:00,1205,car,0.370189368724823,0,175.55340576171875,315.9200744628906,221.253662109375,349.7020568847656
2026-06-26T16:43:48.410148+00:00,spot_10,Spot 10,Occupied,2026-06-26T16:39:58.701017+00:00,1200,car,0.4714544415473938,225,150.52444458007812,320.6978759765625,178.31137084960938,346.90069580078125
2026-06-26T16:43:48.410148+00:00,spot_11,Spot 11,Occupied,2026-06-26T16:43:48.410148+00:00,1204,car,0.44388288259506226,0,113.124755859375,316.45172119140625,159.86856079101562,345.15338134765625
2026-06-26T16:43:48.410148+00:00,spot_12,Spot 12,Empty,2026-06-26T16:29:03.230941+00:00,,,,,,,,
2026-06-26T16:43:48.410148+00:00,spot_13,Spot 13,Occupied,2026-06-26T16:38:49.227314+00:00,1197,car,0.5207774043083191,292,69.90177154541016,311.7298583984375,105.61316680908203,335.279296875
2026-06-26T16:43:48.410148+00:00,spot_14,Spot 14,Empty,2026-06-26T16:41:19.645808+00:00,,,,,,,,
2026-06-26T16:43:48.410148+00:00,spot_15,Spot 15,Occupied,2026-06-26T16:42:47.594822+00:00,1199,car,0.4434354305267334,225,39.445098876953125,309.9544677734375,79.44664001464844,330.5931396484375
2026-06-26T16:43:48.410148+00:00,spot_16,Spot 16,Empty,2026-06-26T16:42:47.594822+00:00,,,,,,,,
2026-06-26T16:43:48.410148+00:00,spot_17,Spot 17,Empty,2026-06-25T18:08:23.061954+00:00,,,,,,,,
2026-06-26T16:45:19.464859+00:00,spot_1,Spot 1,Occupied,2026-06-26T16:23:06.005047+00:00,1078,car,0.8320069909095764,6707,571.1520385742188,319.9749450683594,617.7861938476562,371.4767150878906
2026-06-26T16:45:19.464859+00:00,spot_2,Spot 2,Occupied,2026-06-26T16:23:06.005047+00:00,1179,truck,0.6187968254089355,1481,507.707763671875,312.9109191894531,552.38232421875,362.8445129394531
2026-06-26T16:45:19.464859+00:00,spot_3,Spot 3,Occupied,2026-06-26T16:13:26.114832+00:00,1144,car,0.641849935054779,2397,446.5814514160156,320.8931579589844,501.2788391113281,363.6614685058594
2026-06-26T16:45:19.464859+00:00,spot_4,Spot 4,Occupied,2026-06-26T14:29:07.349125+00:00,1057,car,0.9084116220474243,8172,391.45703125,325.18719482421875,448.86279296875,362.11126708984375
2026-06-26T16:45:19.464859+00:00,spot_5,Spot 5,Occupied,2026-06-26T15:03:02.901501+00:00,1086,car,0.8317464590072632,6132,336.29937744140625,323.8035583496094,387.95452880859375,362.1369934082031
2026-06-26T16:45:19.464859+00:00,spot_6,Spot 6,Occupied,2026-06-26T16:41:19.645808+00:00,1185,car,0.6148225665092468,1419,276.965087890625,322.5318603515625,340.119384765625,363.11138916015625
2026-06-26T16:45:19.464859+00:00,spot_7,Spot 7,Occupied,2026-06-26T16:16:46.372301+00:00,1017,car,0.8291175365447998,13834,247.45877075195312,328.3367614746094,296.3660583496094,357.4267883300781
2026-06-26T16:45:19.464859+00:00,spot_8,Spot 8,Occupied,2026-06-26T16:38:49.227314+00:00,1034,car,0.7465526461601257,10593,206.55245971679688,322.92132568359375,257.4181823730469,354.21307373046875
2026-06-26T16:45:19.464859+00:00,spot_9,Spot 9,Occupied,2026-06-26T16:45:19.464859+00:00,1184,truck,0.46669015288352966,1419,175.68899536132812,316.109619140625,222.33187866210938,349.3458251953125
2026-06-26T16:45:19.464859+00:00,spot_10,Spot 10,Empty,2026-06-26T16:45:19.464859+00:00,,,,,,,,
2026-06-26T16:45:19.464859+00:00,spot_11,Spot 11,Occupied,2026-06-26T16:45:19.464859+00:00,1203,truck,0.38896816968917847,318,111.95028686523438,315.24456787109375,158.39456176757812,344.74029541015625
2026-06-26T16:45:19.464859+00:00,spot_12,Spot 12,Empty,2026-06-26T16:29:03.230941+00:00,,,,,,,,
2026-06-26T16:45:19.464859+00:00,spot_13,Spot 13,Occupied,2026-06-26T16:38:49.227314+00:00,1197,car,0.5394765734672546,385,70.08079528808594,311.7347106933594,105.62129211425781,334.8647766113281
2026-06-26T16:45:19.464859+00:00,spot_14,Spot 14,Empty,2026-06-26T16:41:19.645808+00:00,,,,,,,,
2026-06-26T16:45:19.464859+00:00,spot_15,Spot 15,Occupied,2026-06-26T16:42:47.594822+00:00,1199,car,0.48698052763938904,318,39.940589904785156,309.96075439453125,73.75431823730469,329.85125732421875
2026-06-26T16:45:19.464859+00:00,spot_16,Spot 16,Empty,2026-06-26T16:42:47.594822+00:00,,,,,,,,
2026-06-26T16:45:19.464859+00:00,spot_17,Spot 17,Empty,2026-06-25T18:08:23.061954+00:00,,,,,,,,
2026-06-26T16:46:49.452161+00:00,spot_1,Spot 1,Occupied,2026-06-26T16:23:06.005047+00:00,1078,car,0.7903255820274353,6800,570.8951416015625,320.21868896484375,620.8221435546875,371.47735595703125
2026-06-26T16:46:49.452161+00:00,spot_2,Spot 2,Occupied,2026-06-26T16:23:06.005047+00:00,1179,truck,0.559032142162323,1573,507.727783203125,312.7496337890625,551.8157958984375,362.6910400390625
2026-06-26T16:46:49.452161+00:00,spot_3,Spot 3,Occupied,2026-06-26T16:13:26.114832+00:00,1144,car,0.7328654527664185,2490,446.72027587890625,319.9056701660156,501.91937255859375,363.2272644042969
2026-06-26T16:46:49.452161+00:00,spot_4,Spot 4,Occupied,2026-06-26T14:29:07.349125+00:00,1057,car,0.893937349319458,8264,391.4189453125,325.4201965332031,448.8485107421875,362.7572326660156
2026-06-26T16:46:49.452161+00:00,spot_5,Spot 5,Occupied,2026-06-26T15:03:02.901501+00:00,1086,car,0.8724697232246399,6225,336.3458251953125,323.78253173828125,392.0762939453125,362.56951904296875
2026-06-26T16:46:49.452161+00:00,spot_6,Spot 6,Occupied,2026-06-26T16:41:19.645808+00:00,1185,car,0.432489812374115,1511,277.53729248046875,322.1076965332031,343.55975341796875,363.6167297363281
2026-06-26T16:46:49.452161+00:00,spot_7,Spot 7,Occupied,2026-06-26T16:16:46.372301+00:00,1017,car,0.7907543182373047,13927,247.23399353027344,328.509033203125,296.937744140625,358.1029052734375
2026-06-26T16:46:49.452161+00:00,spot_8,Spot 8,Occupied,2026-06-26T16:38:49.227314+00:00,1034,car,0.725257158279419,10685,206.65835571289062,322.20849609375,274.75799560546875,354.016845703125
2026-06-26T16:46:49.452161+00:00,spot_9,Spot 9,Occupied,2026-06-26T16:45:19.464859+00:00,1184,truck,0.3761586546897888,1511,175.34017944335938,316.10784912109375,220.95852661132812,349.35845947265625
2026-06-26T16:46:49.452161+00:00,spot_10,Spot 10,Occupied,2026-06-26T16:46:49.452161+00:00,1206,car,0.6029066443443298,0,149.8331298828125,323.04656982421875,178.00396728515625,347.04193115234375
2026-06-26T16:46:49.452161+00:00,spot_11,Spot 11,Occupied,2026-06-26T16:45:19.464859+00:00,1203,truck,0.43862736225128174,410,113.15750122070312,316.4093933105469,160.95193481445312,345.2943420410156
2026-06-26T16:46:49.452161+00:00,spot_12,Spot 12,Empty,2026-06-26T16:29:03.230941+00:00,,,,,,,,
2026-06-26T16:46:49.452161+00:00,spot_13,Spot 13,Empty,2026-06-26T16:46:49.452161+00:00,,,,,,,,
2026-06-26T16:46:49.452161+00:00,spot_14,Spot 14,Empty,2026-06-26T16:41:19.645808+00:00,,,,,,,,
2026-06-26T16:46:49.452161+00:00,spot_15,Spot 15,Occupied,2026-06-26T16:42:47.594822+00:00,1199,car,0.43649911880493164,410,39.45524597167969,310.3599548339844,80.06707763671875,330.2204895019531
2026-06-26T16:46:49.452161+00:00,spot_16,Spot 16,Empty,2026-06-26T16:42:47.594822+00:00,,,,,,,,
2026-06-26T16:46:49.452161+00:00,spot_17,Spot 17,Empty,2026-06-25T18:08:23.061954+00:00,,,,,,,,
2026-06-26T16:47:49.247055+00:00,spot_1,Spot 1,Occupied,2026-06-26T16:23:06.005047+00:00,1078,car,0.8279238343238831,6856,570.8514404296875,319.5904541015625,620.479248046875,371.3724365234375
2026-06-26T16:47:49.247055+00:00,spot_2,Spot 2,Occupied,2026-06-26T16:23:06.005047+00:00,1179,truck,0.594536542892456,1630,507.5792236328125,312.7842102050781,551.8182373046875,362.5317687988281
2026-06-26T16:47:49.247055+00:00,spot_3,Spot 3,Occupied,2026-06-26T16:13:26.114832+00:00,1144,car,0.7221419811248779,2546,446.63690185546875,320.36737060546875,501.66510009765625,363.12432861328125
2026-06-26T16:47:49.247055+00:00,spot_4,Spot 4,Occupied,2026-06-26T14:29:07.349125+00:00,1057,car,0.8959057331085205,8321,391.3825988769531,325.30157470703125,448.4798889160156,362.36346435546875
2026-06-26T16:47:49.247055+00:00,spot_5,Spot 5,Occupied,2026-06-26T15:03:02.901501+00:00,1086,car,0.8539832830429077,6281,336.15277099609375,323.23150634765625,393.12652587890625,363.2850341796875
2026-06-26T16:47:49.247055+00:00,spot_6,Spot 6,Occupied,2026-06-26T16:41:19.645808+00:00,1185,car,0.7054597735404968,1568,277.0773010253906,322.4509582519531,341.9422912597656,363.0027160644531
2026-06-26T16:47:49.247055+00:00,spot_7,Spot 7,Occupied,2026-06-26T16:16:46.372301+00:00,1017,car,0.8604095578193665,13983,247.5335693359375,328.36907958984375,296.38018798828125,358.06182861328125
2026-06-26T16:47:49.247055+00:00,spot_8,Spot 8,Occupied,2026-06-26T16:38:49.227314+00:00,1034,car,0.6678770780563354,10742,206.34112548828125,323.1800842285156,258.4478454589844,354.5832214355469
2026-06-26T16:47:49.247055+00:00,spot_9,Spot 9,Occupied,2026-06-26T16:45:19.464859+00:00,1184,truck,0.41496554017066956,1568,175.35629272460938,316.002685546875,220.77792358398438,348.7637939453125
2026-06-26T16:47:49.247055+00:00,spot_10,Spot 10,Occupied,2026-06-26T16:46:49.452161+00:00,1206,car,0.4962817132472992,56,149.8408203125,322.19488525390625,177.8121337890625,346.8525390625
2026-06-26T16:47:49.247055+00:00,spot_11,Spot 11,Occupied,2026-06-26T16:45:19.464859+00:00,1203,truck,0.4576062858104706,467,112.83982849121094,315.4750671386719,159.0358428955078,344.7908630371094
2026-06-26T16:47:49.247055+00:00,spot_12,Spot 12,Empty,2026-06-26T16:29:03.230941+00:00,,,,,,,,
2026-06-26T16:47:49.247055+00:00,spot_13,Spot 13,Empty,2026-06-26T16:46:49.452161+00:00,,,,,,,,
2026-06-26T16:47:49.247055+00:00,spot_14,Spot 14,Empty,2026-06-26T16:41:19.645808+00:00,,,,,,,,
2026-06-26T16:47:49.247055+00:00,spot_15,Spot 15,Occupied,2026-06-26T16:42:47.594822+00:00,1199,car,0.6404358148574829,467,39.38844299316406,311.49273681640625,79.5641860961914,329.95733642578125
2026-06-26T16:47:49.247055+00:00,spot_16,Spot 16,Empty,2026-06-26T16:42:47.594822+00:00,,,,,,,,
2026-06-26T16:47:49.247055+00:00,spot_17,Spot 17,Empty,2026-06-25T18:08:23.061954+00:00,,,,,,,,
2026-06-26T16:49:24.215282+00:00,spot_1,Spot 1,Occupied,2026-06-26T16:23:06.005047+00:00,1078,car,0.7580918073654175,6954,571.06494140625,320.60150146484375,614.4075927734375,371.23541259765625
2026-06-26T16:49:24.215282+00:00,spot_2,Spot 2,Occupied,2026-06-26T16:23:06.005047+00:00,1179,truck,0.8074496984481812,1728,507.3526916503906,312.98046875,551.6746826171875,362.477294921875
2026-06-26T16:49:24.215282+00:00,spot_3,Spot 3,Occupied,2026-06-26T16:13:26.114832+00:00,1144,car,0.8188061118125916,2644,446.57275390625,320.8831787109375,501.961669921875,363.38671875
2026-06-26T16:49:24.215282+00:00,spot_4,Spot 4,Occupied,2026-06-26T14:29:07.349125+00:00,1057,car,0.9025492668151855,8419,391.3322448730469,325.4001159667969,448.3796081542969,362.9364318847656
2026-06-26T16:49:24.215282+00:00,spot_5,Spot 5,Occupied,2026-06-26T15:03:02.901501+00:00,1086,car,0.8542792797088623,6379,336.22088623046875,324.1988220214844,392.54669189453125,362.3084411621094
2026-06-26T16:49:24.215282+00:00,spot_6,Spot 6,Occupied,2026-06-26T16:41:19.645808+00:00,1185,car,0.5597739815711975,1666,276.7418518066406,322.39166259765625,343.0534973144531,363.79815673828125
2026-06-26T16:49:24.215282+00:00,spot_7,Spot 7,Occupied,2026-06-26T16:16:46.372301+00:00,1017,car,0.8311099410057068,14081,247.2122802734375,328.6888427734375,295.92315673828125,356.9500732421875
2026-06-26T16:49:24.215282+00:00,spot_8,Spot 8,Occupied,2026-06-26T16:38:49.227314+00:00,1034,car,0.6588630676269531,10840,206.54067993164062,321.08782958984375,256.9930725097656,355.03045654296875
2026-06-26T16:49:24.215282+00:00,spot_9,Spot 9,Occupied,2026-06-26T16:45:19.464859+00:00,1184,truck,0.4282207787036896,1666,175.81210327148438,316.2767028808594,220.45217895507812,349.6809387207031
2026-06-26T16:49:24.215282+00:00,spot_10,Spot 10,Occupied,2026-06-26T16:46:49.452161+00:00,1206,car,0.39226341247558594,154,150.151123046875,320.6987609863281,177.92327880859375,347.1212463378906
2026-06-26T16:49:24.215282+00:00,spot_11,Spot 11,Occupied,2026-06-26T16:45:19.464859+00:00,1203,truck,0.6008122563362122,565,111.80540466308594,316.82415771484375,160.07615661621094,344.91314697265625
2026-06-26T16:49:24.215282+00:00,spot_12,Spot 12,Empty,2026-06-26T16:29:03.230941+00:00,,,,,,,,
2026-06-26T16:49:24.215282+00:00,spot_13,Spot 13,Empty,2026-06-26T16:46:49.452161+00:00,,,,,,,,
2026-06-26T16:49:24.215282+00:00,spot_14,Spot 14,Empty,2026-06-26T16:41:19.645808+00:00,,,,,,,,
2026-06-26T16:49:24.215282+00:00,spot_15,Spot 15,Occupied,2026-06-26T16:42:47.594822+00:00,1199,car,0.3545454740524292,565,39.83467102050781,310.45294189453125,79.80547332763672,330.66082763671875
2026-06-26T16:49:24.215282+00:00,spot_16,Spot 16,Empty,2026-06-26T16:42:47.594822+00:00,,,,,,,,
2026-06-26T16:49:24.215282+00:00,spot_17,Spot 17,Empty,2026-06-25T18:08:23.061954+00:00,,,,,,,,
2026-06-26T16:50:58.687616+00:00,spot_1,Spot 1,Occupied,2026-06-26T16:23:06.005047+00:00,1078,car,0.7864937782287598,7053,570.980712890625,320.7994384765625,620.150146484375,371.29974365234375
2026-06-26T16:50:58.687616+00:00,spot_2,Spot 2,Occupied,2026-06-26T16:23:06.005047+00:00,1179,truck,0.6623963117599487,1827,507.13848876953125,313.18572998046875,563.8494262695312,363.18524169921875
2026-06-26T16:50:58.687616+00:00,spot_3,Spot 3,Occupied,2026-06-26T16:50:58.687616+00:00,1209,truck,0.47874969244003296,0,446.68084716796875,320.52423095703125,501.7835693359375,363.37249755859375
2026-06-26T16:50:58.687616+00:00,spot_4,Spot 4,Occupied,2026-06-26T14:29:07.349125+00:00,1057,car,0.8908228278160095,8518,391.526611328125,325.5583801269531,448.9296875,362.7082214355469
2026-06-26T16:50:58.687616+00:00,spot_5,Spot 5,Occupied,2026-06-26T15:03:02.901501+00:00,1086,car,0.8506620526313782,6478,335.9393310546875,324.07073974609375,392.8447265625,362.58453369140625
2026-06-26T16:50:58.687616+00:00,spot_6,Spot 6,Occupied,2026-06-26T16:50:58.687616+00:00,1208,truck,0.5145910978317261,0,276.05548095703125,322.59716796875,342.51092529296875,363.85736083984375
2026-06-26T16:50:58.687616+00:00,spot_7,Spot 7,Occupied,2026-06-26T16:16:46.372301+00:00,1017,car,0.8186256885528564,14180,247.74293518066406,328.649169921875,296.28271484375,357.720458984375
2026-06-26T16:50:58.687616+00:00,spot_8,Spot 8,Occupied,2026-06-26T16:38:49.227314+00:00,1034,car,0.698623538017273,10939,206.4095458984375,322.5950927734375,256.94598388671875,354.608642578125
2026-06-26T16:50:58.687616+00:00,spot_9,Spot 9,Occupied,2026-06-26T16:45:19.464859+00:00,1184,truck,0.5093210935592651,1764,175.50128173828125,316.1365661621094,221.8848876953125,349.8132019042969
2026-06-26T16:50:58.687616+00:00,spot_10,Spot 10,Empty,2026-06-26T16:50:58.687616+00:00,,,,,,,,
2026-06-26T16:50:58.687616+00:00,spot_11,Spot 11,Occupied,2026-06-26T16:45:19.464859+00:00,1203,truck,0.5855504274368286,664,113.90751647949219,316.8895263671875,160.3931427001953,345.61236572265625
2026-06-26T16:50:58.687616+00:00,spot_12,Spot 12,Empty,2026-06-26T16:29:03.230941+00:00,,,,,,,,
2026-06-26T16:50:58.687616+00:00,spot_13,Spot 13,Empty,2026-06-26T16:46:49.452161+00:00,,,,,,,,
2026-06-26T16:50:58.687616+00:00,spot_14,Spot 14,Empty,2026-06-26T16:41:19.645808+00:00,,,,,,,,
2026-06-26T16:50:58.687616+00:00,spot_15,Spot 15,Empty,2026-06-26T16:50:58.687616+00:00,,,,,,,,
2026-06-26T16:50:58.687616+00:00,spot_16,Spot 16,Empty,2026-06-26T16:42:47.594822+00:00,,,,,,,,
2026-06-26T16:50:58.687616+00:00,spot_17,Spot 17,Empty,2026-06-25T18:08:23.061954+00:00,,,,,,,,
2026-06-26T16:52:08.923502+00:00,spot_1,Spot 1,Occupied,2026-06-26T16:23:06.005047+00:00,1078,car,0.8312137126922607,7135,570.5758056640625,319.6053771972656,619.9005126953125,371.6300354003906
2026-06-26T16:52:08.923502+00:00,spot_2,Spot 2,Occupied,2026-06-26T16:52:08.923502+00:00,1214,car,0.3596474230289459,0,507.1188049316406,313.21630859375,552.9107666015625,362.47998046875
2026-06-26T16:52:08.923502+00:00,spot_3,Spot 3,Occupied,2026-06-26T16:52:08.923502+00:00,1212,car,0.4513614773750305,0,446.332763671875,319.6268310546875,502.097412109375,363.850830078125
2026-06-26T16:52:08.923502+00:00,spot_4,Spot 4,Occupied,2026-06-26T14:29:07.349125+00:00,1057,car,0.45997005701065063,8600,403.34771728515625,325.4362487792969,448.87591552734375,361.3003234863281
2026-06-26T16:52:08.923502+00:00,spot_5,Spot 5,Occupied,2026-06-26T15:03:02.901501+00:00,1086,car,0.8637284636497498,6560,336.15496826171875,324.1825256347656,392.15972900390625,362.6104431152344
2026-06-26T16:52:08.923502+00:00,spot_6,Spot 6,Occupied,2026-06-26T16:50:58.687616+00:00,1208,truck,0.4309902489185333,81,276.4805603027344,322.6741943359375,342.0576477050781,364.09661865234375
2026-06-26T16:52:08.923502+00:00,spot_7,Spot 7,Occupied,2026-06-26T16:16:46.372301+00:00,1017,car,0.828235387802124,14262,247.17970275878906,328.4796142578125,296.37353515625,357.6455078125
2026-06-26T16:52:08.923502+00:00,spot_8,Spot 8,Occupied,2026-06-26T16:38:49.227314+00:00,1034,car,0.49714186787605286,11021,206.58856201171875,322.5914306640625,259.0994873046875,354.8497314453125
2026-06-26T16:52:08.923502+00:00,spot_9,Spot 9,Occupied,2026-06-26T16:45:19.464859+00:00,1184,truck,0.5653887391090393,1846,175.4522705078125,315.6334533691406,221.84423828125,349.7525329589844
2026-06-26T16:52:08.923502+00:00,spot_10,Spot 10,Occupied,2026-06-26T16:52:08.923502+00:00,1211,car,0.5261213779449463,0,150.23226928710938,321.62420654296875,178.12542724609375,346.86041259765625
2026-06-26T16:52:08.923502+00:00,spot_11,Spot 11,Occupied,2026-06-26T16:45:19.464859+00:00,1203,truck,0.4402335584163666,746,106.33870697021484,316.207763671875,157.84530639648438,344.6356201171875
2026-06-26T16:52:08.923502+00:00,spot_12,Spot 12,Empty,2026-06-26T16:29:03.230941+00:00,,,,,,,,
2026-06-26T16:52:08.923502+00:00,spot_13,Spot 13,Empty,2026-06-26T16:46:49.452161+00:00,,,,,,,,
2026-06-26T16:52:08.923502+00:00,spot_14,Spot 14,Empty,2026-06-26T16:41:19.645808+00:00,,,,,,,,
2026-06-26T16:52:08.923502+00:00,spot_15,Spot 15,Occupied,2026-06-26T16:52:08.923502+00:00,1213,car,0.3703790605068207,0,39.71281433105469,310.995849609375,79.3358154296875,330.733154296875
2026-06-26T16:52:08.923502+00:00,spot_16,Spot 16,Empty,2026-06-26T16:42:47.594822+00:00,,,,,,,,
2026-06-26T16:52:08.923502+00:00,spot_17,Spot 17,Empty,2026-06-25T18:08:23.061954+00:00,,,,,,,,
2026-06-26T16:53:33.707368+00:00,spot_1,Spot 1,Occupied,2026-06-26T16:23:06.005047+00:00,1078,car,0.7744681239128113,7202,571.0654296875,320.648681640625,620.67041015625,371.79949951171875
2026-06-26T16:53:33.707368+00:00,spot_2,Spot 2,Occupied,2026-06-26T16:53:33.707368+00:00,1179,truck,0.7064458727836609,1976,506.83001708984375,312.86163330078125,552.0075073242188,363.1048583984375
2026-06-26T16:53:33.707368+00:00,spot_3,Spot 3,Occupied,2026-06-26T16:53:33.707368+00:00,1209,truck,0.5215691924095154,148,446.4423828125,319.92474365234375,501.94091796875,365.37896728515625
2026-06-26T16:53:33.707368+00:00,spot_4,Spot 4,Occupied,2026-06-26T14:29:07.349125+00:00,1057,car,0.8634359240531921,8667,399.3959045410156,325.5095520019531,448.2457580566406,361.4727478027344
2026-06-26T16:53:33.707368+00:00,spot_5,Spot 5,Occupied,2026-06-26T15:03:02.901501+00:00,1086,car,0.8570034503936768,6627,336.17596435546875,323.5419921875,393.4508056640625,363.2158203125
2026-06-26T16:53:33.707368+00:00,spot_6,Spot 6,Occupied,2026-06-26T16:53:33.707368+00:00,1210,car,0.6901230216026306,67,276.85003662109375,322.1814880371094,343.11041259765625,364.2055969238281
2026-06-26T16:53:33.707368+00:00,spot_7,Spot 7,Occupied,2026-06-26T16:16:46.372301+00:00,1017,car,0.8388511538505554,14329,247.1996612548828,329.16827392578125,296.24102783203125,357.9500732421875
2026-06-26T16:53:33.707368+00:00,spot_8,Spot 8,Occupied,2026-06-26T16:38:49.227314+00:00,1034,car,0.513930082321167,11088,206.3798828125,323.5367126464844,260.2587585449219,353.7982482910156
2026-06-26T16:53:33.707368+00:00,spot_9,Spot 9,Occupied,2026-06-26T16:45:19.464859+00:00,1184,truck,0.5512225031852722,1913,175.32223510742188,316.610595703125,222.98049926757812,349.6998291015625
2026-06-26T16:53:33.707368+00:00,spot_10,Spot 10,Empty,2026-06-26T16:53:33.707368+00:00,,,,,,,,
2026-06-26T16:53:33.707368+00:00,spot_11,Spot 11,Occupied,2026-06-26T16:45:19.464859+00:00,1203,truck,0.4064463973045349,813,114.76976776123047,316.564208984375,157.8377685546875,345.537353515625
2026-06-26T16:53:33.707368+00:00,spot_12,Spot 12,Empty,2026-06-26T16:29:03.230941+00:00,,,,,,,,
2026-06-26T16:53:33.707368+00:00,spot_13,Spot 13,Empty,2026-06-26T16:46:49.452161+00:00,,,,,,,,
2026-06-26T16:53:33.707368+00:00,spot_14,Spot 14,Empty,2026-06-26T16:41:19.645808+00:00,,,,,,,,
2026-06-26T16:53:33.707368+00:00,spot_15,Spot 15,Empty,2026-06-26T16:53:33.707368+00:00,,,,,,,,
2026-06-26T16:53:33.707368+00:00,spot_16,Spot 16,Empty,2026-06-26T16:42:47.594822+00:00,,,,,,,,
2026-06-26T16:53:33.707368+00:00,spot_17,Spot 17,Empty,2026-06-25T18:08:23.061954+00:00,,,,,,,,
2026-06-26T16:55:07.418328+00:00,spot_1,Spot 1,Occupied,2026-06-26T16:23:06.005047+00:00,1078,car,0.775396466255188,7296,570.9234619140625,320.24383544921875,619.8414306640625,371.10272216796875
2026-06-26T16:55:07.418328+00:00,spot_2,Spot 2,Occupied,2026-06-26T16:53:33.707368+00:00,1179,truck,0.6833367943763733,2069,507.0431213378906,312.87677001953125,552.2550048828125,363.10186767578125
2026-06-26T16:55:07.418328+00:00,spot_3,Spot 3,Occupied,2026-06-26T16:53:33.707368+00:00,1209,truck,0.5338044762611389,242,446.53741455078125,320.98468017578125,501.606201171875,363.72406005859375
2026-06-26T16:55:07.418328+00:00,spot_4,Spot 4,Occupied,2026-06-26T14:29:07.349125+00:00,1057,car,0.8566439747810364,8760,398.67669677734375,325.40789794921875,448.33551025390625,361.70135498046875
2026-06-26T16:55:07.418328+00:00,spot_5,Spot 5,Occupied,2026-06-26T15:03:02.901501+00:00,1086,car,0.8663825392723083,6721,336.00982666015625,324.1559143066406,392.86663818359375,362.7878112792969
2026-06-26T16:55:07.418328+00:00,spot_6,Spot 6,Occupied,2026-06-26T16:53:33.707368+00:00,1210,car,0.6612133383750916,160,277.06683349609375,322.6375732421875,341.99078369140625,364.166748046875
2026-06-26T16:55:07.418328+00:00,spot_7,Spot 7,Occupied,2026-06-26T16:16:46.372301+00:00,1017,car,0.8082972168922424,14423,247.42401123046875,328.4018249511719,295.73004150390625,357.7182922363281
2026-06-26T16:55:07.418328+00:00,spot_8,Spot 8,Occupied,2026-06-26T16:38:49.227314+00:00,1034,car,0.7079606652259827,11181,206.302001953125,322.70849609375,257.38970947265625,354.9720458984375
2026-06-26T16:55:07.418328+00:00,spot_9,Spot 9,Occupied,2026-06-26T16:45:19.464859+00:00,1184,truck,0.5879969596862793,2007,175.39703369140625,315.9317626953125,220.35086059570312,350.0821533203125
2026-06-26T16:55:07.418328+00:00,spot_10,Spot 10,Empty,2026-06-26T16:53:33.707368+00:00,,,,,,,,
2026-06-26T16:55:07.418328+00:00,spot_11,Spot 11,Occupied,2026-06-26T16:45:19.464859+00:00,1203,truck,0.5253303050994873,906,113.0260009765625,316.87799072265625,160.34848022460938,345.05712890625
2026-06-26T16:55:07.418328+00:00,spot_12,Spot 12,Empty,2026-06-26T16:29:03.230941+00:00,,,,,,,,
2026-06-26T16:55:07.418328+00:00,spot_13,Spot 13,Empty,2026-06-26T16:46:49.452161+00:00,,,,,,,,
2026-06-26T16:55:07.418328+00:00,spot_14,Spot 14,Empty,2026-06-26T16:41:19.645808+00:00,,,,,,,,
2026-06-26T16:55:07.418328+00:00,spot_15,Spot 15,Empty,2026-06-26T16:53:33.707368+00:00,,,,,,,,
2026-06-26T16:55:07.418328+00:00,spot_16,Spot 16,Empty,2026-06-26T16:42:47.594822+00:00,,,,,,,,
2026-06-26T16:55:07.418328+00:00,spot_17,Spot 17,Empty,2026-06-25T18:08:23.061954+00:00,,,,,,,,
2026-06-26T16:56:09.550557+00:00,spot_1,Spot 1,Occupied,2026-06-26T16:23:06.005047+00:00,1078,car,0.775396466255188,7374,570.9234619140625,320.24383544921875,619.8414306640625,371.10272216796875
2026-06-26T16:56:09.550557+00:00,spot_2,Spot 2,Occupied,2026-06-26T16:53:33.707368+00:00,1179,truck,0.6833367943763733,2147,507.0431213378906,312.87677001953125,552.2550048828125,363.10186767578125
2026-06-26T16:56:09.550557+00:00,spot_3,Spot 3,Occupied,2026-06-26T16:53:33.707368+00:00,1209,truck,0.5338044762611389,320,446.53741455078125,320.98468017578125,501.606201171875,363.72406005859375
2026-06-26T16:56:09.550557+00:00,spot_4,Spot 4,Occupied,2026-06-26T14:29:07.349125+00:00,1057,car,0.8566439747810364,8838,398.67669677734375,325.40789794921875,448.33551025390625,361.70135498046875
2026-06-26T16:56:09.550557+00:00,spot_5,Spot 5,Occupied,2026-06-26T15:03:02.901501+00:00,1086,car,0.8663825392723083,6799,336.00982666015625,324.1559143066406,392.86663818359375,362.7878112792969
2026-06-26T16:56:09.550557+00:00,spot_6,Spot 6,Occupied,2026-06-26T16:53:33.707368+00:00,1210,car,0.6612133383750916,238,277.06683349609375,322.6375732421875,341.99078369140625,364.166748046875
2026-06-26T16:56:09.550557+00:00,spot_7,Spot 7,Occupied,2026-06-26T16:16:46.372301+00:00,1017,car,0.8082972168922424,14501,247.42401123046875,328.4018249511719,295.73004150390625,357.7182922363281
2026-06-26T16:56:09.550557+00:00,spot_8,Spot 8,Occupied,2026-06-26T16:38:49.227314+00:00,1034,car,0.7079606652259827,11260,206.302001953125,322.70849609375,257.38970947265625,354.9720458984375
2026-06-26T16:56:09.550557+00:00,spot_9,Spot 9,Occupied,2026-06-26T16:45:19.464859+00:00,1184,truck,0.5879969596862793,2085,175.39703369140625,315.9317626953125,220.35086059570312,350.0821533203125
2026-06-26T16:56:09.550557+00:00,spot_10,Spot 10,Empty,2026-06-26T16:53:33.707368+00:00,,,,,,,,
2026-06-26T16:56:09.550557+00:00,spot_11,Spot 11,Occupied,2026-06-26T16:45:19.464859+00:00,1203,truck,0.5253303050994873,985,113.0260009765625,316.87799072265625,160.34848022460938,345.05712890625
2026-06-26T16:56:09.550557+00:00,spot_12,Spot 12,Empty,2026-06-26T16:29:03.230941+00:00,,,,,,,,
2026-06-26T16:56:09.550557+00:00,spot_13,Spot 13,Empty,2026-06-26T16:46:49.452161+00:00,,,,,,,,
2026-06-26T16:56:09.550557+00:00,spot_14,Spot 14,Empty,2026-06-26T16:41:19.645808+00:00,,,,,,,,
2026-06-26T16:56:09.550557+00:00,spot_15,Spot 15,Empty,2026-06-26T16:53:33.707368+00:00,,,,,,,,
2026-06-26T16:56:09.550557+00:00,spot_16,Spot 16,Empty,2026-06-26T16:42:47.594822+00:00,,,,,,,,
2026-06-26T16:56:09.550557+00:00,spot_17,Spot 17,Empty,2026-06-25T18:08:23.061954+00:00,,,,,,,,
2026-06-26T16:57:34.804814+00:00,spot_1,Spot 1,Occupied,2026-06-26T16:57:34.804814+00:00,1216,truck,0.5345138311386108,0,571.2478637695312,319.56048583984375,614.2903442382812,371.16363525390625
2026-06-26T16:57:34.804814+00:00,spot_2,Spot 2,Occupied,2026-06-26T16:53:33.707368+00:00,1179,truck,0.7607473134994507,2217,506.8921203613281,312.89093017578125,551.7841796875,362.96405029296875
2026-06-26T16:57:34.804814+00:00,spot_3,Spot 3,Occupied,2026-06-26T16:57:34.804814+00:00,1215,car,0.6833767294883728,0,446.88433837890625,320.2468566894531,501.52142333984375,363.6236267089844
2026-06-26T16:57:34.804814+00:00,spot_4,Spot 4,Occupied,2026-06-26T14:29:07.349125+00:00,1057,car,0.8965439200401306,8908,391.3942565917969,325.388427734375,448.3041687011719,362.6466064453125
2026-06-26T16:57:34.804814+00:00,spot_5,Spot 5,Occupied,2026-06-26T15:03:02.901501+00:00,1086,car,0.8041813373565674,6869,335.89581298828125,323.87158203125,385.21270751953125,362.3634033203125
2026-06-26T16:57:34.804814+00:00,spot_6,Spot 6,Occupied,2026-06-26T16:57:34.804814+00:00,1218,truck,0.4567412734031677,0,276.1981201171875,322.68408203125,342.0218505859375,363.0587158203125
2026-06-26T16:57:34.804814+00:00,spot_7,Spot 7,Occupied,2026-06-26T16:16:46.372301+00:00,1017,car,0.7843748331069946,14571,247.26809692382812,328.8409423828125,296.1700134277344,358.1185302734375
2026-06-26T16:57:34.804814+00:00,spot_8,Spot 8,Occupied,2026-06-26T16:38:49.227314+00:00,1034,car,0.7570692896842957,11329,206.29415893554688,322.500732421875,259.8045959472656,355.5181884765625
2026-06-26T16:57:34.804814+00:00,spot_9,Spot 9,Occupied,2026-06-26T16:57:34.804814+00:00,1219,car,0.4238506555557251,0,175.6654510498047,316.99859619140625,220.83009338378906,349.6761474609375
2026-06-26T16:57:34.804814+00:00,spot_10,Spot 10,Empty,2026-06-26T16:53:33.707368+00:00,,,,,,,,
2026-06-26T16:57:34.804814+00:00,spot_11,Spot 11,Occupied,2026-06-26T16:45:19.464859+00:00,1203,truck,0.4434846043586731,1054,114.449462890625,316.95098876953125,160.83999633789062,344.74346923828125
2026-06-26T16:57:34.804814+00:00,spot_12,Spot 12,Empty,2026-06-26T16:29:03.230941+00:00,,,,,,,,
2026-06-26T16:57:34.804814+00:00,spot_13,Spot 13,Empty,2026-06-26T16:46:49.452161+00:00,,,,,,,,
2026-06-26T16:57:34.804814+00:00,spot_14,Spot 14,Empty,2026-06-26T16:41:19.645808+00:00,,,,,,,,
2026-06-26T16:57:34.804814+00:00,spot_15,Spot 15,Occupied,2026-06-26T16:57:34.804814+00:00,1217,car,0.5282513499259949,0,39.26049041748047,311.133056640625,79.0477523803711,330.4063720703125
2026-06-26T16:57:34.804814+00:00,spot_16,Spot 16,Empty,2026-06-26T16:42:47.594822+00:00,,,,,,,,
2026-06-26T16:57:34.804814+00:00,spot_17,Spot 17,Empty,2026-06-25T18:08:23.061954+00:00,,,,,,,,
2026-06-26T16:59:04.363644+00:00,spot_1,Spot 1,Occupied,2026-06-26T16:59:04.363644+00:00,1078,car,0.78471839427948,7536,570.9788818359375,319.91021728515625,618.5906982421875,371.17498779296875
2026-06-26T16:59:04.363644+00:00,spot_2,Spot 2,Occupied,2026-06-26T16:53:33.707368+00:00,1179,truck,0.6368964910507202,2310,506.84075927734375,312.82861328125,561.4252319335938,363.43939208984375
2026-06-26T16:59:04.363644+00:00,spot_3,Spot 3,Occupied,2026-06-26T16:57:34.804814+00:00,1215,car,0.8461664915084839,92,446.55755615234375,320.22998046875,501.46197509765625,364.3597412109375
2026-06-26T16:59:04.363644+00:00,spot_4,Spot 4,Occupied,2026-06-26T14:29:07.349125+00:00,1057,car,0.8875667452812195,9001,391.43487548828125,325.6498107910156,448.65966796875,362.5647277832031
2026-06-26T16:59:04.363644+00:00,spot_5,Spot 5,Occupied,2026-06-26T15:03:02.901501+00:00,1086,car,0.8532902002334595,6961,335.9943542480469,323.66510009765625,386.9957580566406,363.86798095703125
2026-06-26T16:59:04.363644+00:00,spot_6,Spot 6,Occupied,2026-06-26T16:57:34.804814+00:00,1218,truck,0.6189426183700562,92,277.148681640625,323.33612060546875,341.4593505859375,363.98114013671875
2026-06-26T16:59:04.363644+00:00,spot_7,Spot 7,Occupied,2026-06-26T16:16:46.372301+00:00,1017,car,0.711593747138977,14663,246.79428100585938,329.2801513671875,296.2170104980469,358.1463623046875
2026-06-26T16:59:04.363644+00:00,spot_8,Spot 8,Occupied,2026-06-26T16:38:49.227314+00:00,1034,car,0.5102074146270752,11422,206.33108520507812,322.79888916015625,257.3160705566406,354.93023681640625
2026-06-26T16:59:04.363644+00:00,spot_9,Spot 9,Occupied,2026-06-26T16:59:04.363644+00:00,1184,truck,0.4877084195613861,2247,175.25790405273438,316.625732421875,220.81436157226562,349.9212646484375
2026-06-26T16:59:04.363644+00:00,spot_10,Spot 10,Occupied,2026-06-26T16:59:04.363644+00:00,1220,car,0.5262764096260071,0,150.399169921875,321.8182067871094,177.4273681640625,347.2352600097656
2026-06-26T16:59:04.363644+00:00,spot_11,Spot 11,Occupied,2026-06-26T16:59:04.363644+00:00,1221,car,0.42403554916381836,0,106.22023010253906,317.4981689453125,160.5146026611328,344.64599609375
2026-06-26T16:59:04.363644+00:00,spot_12,Spot 12,Empty,2026-06-26T16:29:03.230941+00:00,,,,,,,,
2026-06-26T16:59:04.363644+00:00,spot_13,Spot 13,Empty,2026-06-26T16:46:49.452161+00:00,,,,,,,,
2026-06-26T16:59:04.363644+00:00,spot_14,Spot 14,Empty,2026-06-26T16:41:19.645808+00:00,,,,,,,,
2026-06-26T16:59:04.363644+00:00,spot_15,Spot 15,Occupied,2026-06-26T16:57:34.804814+00:00,1217,car,0.4367857873439789,92,39.487083435058594,311.52130126953125,80.04197692871094,330.89910888671875
2026-06-26T16:59:04.363644+00:00,spot_16,Spot 16,Empty,2026-06-26T16:42:47.594822+00:00,,,,,,,,
2026-06-26T16:59:04.363644+00:00,spot_17,Spot 17,Empty,2026-06-25T18:08:23.061954+00:00,,,,,,,,
2026-06-26T17:00:14.729702+00:00,spot_1,Spot 1,Occupied,2026-06-26T16:59:04.363644+00:00,1078,car,0.7580178380012512,7623,571.0113525390625,319.8101806640625,615.8931884765625,371.67822265625
2026-06-26T17:00:14.729702+00:00,spot_2,Spot 2,Occupied,2026-06-26T16:53:33.707368+00:00,1179,truck,0.6086529493331909,2396,506.5725402832031,312.67779541015625,552.725341796875,363.32208251953125
2026-06-26T17:00:14.729702+00:00,spot_3,Spot 3,Occupied,2026-06-26T16:57:34.804814+00:00,1215,car,0.6236184239387512,178,446.38238525390625,319.5491943359375,501.67236328125,364.7347412109375
2026-06-26T17:00:14.729702+00:00,spot_4,Spot 4,Occupied,2026-06-26T14:29:07.349125+00:00,1057,car,0.8912698030471802,9087,391.4595642089844,325.5093994140625,448.1022033691406,362.5596923828125
2026-06-26T17:00:14.729702+00:00,spot_5,Spot 5,Occupied,2026-06-26T15:03:02.901501+00:00,1086,car,0.8713160753250122,7047,335.96124267578125,323.89642333984375,392.21185302734375,363.92816162109375
2026-06-26T17:00:14.729702+00:00,spot_6,Spot 6,Occupied,2026-06-26T16:57:34.804814+00:00,1218,truck,0.5272770524024963,178,277.5201721191406,323.08416748046875,342.5885925292969,363.77301025390625
2026-06-26T17:00:14.729702+00:00,spot_7,Spot 7,Occupied,2026-06-26T16:16:46.372301+00:00,1017,car,0.6939355731010437,14749,247.2082977294922,329.0283203125,295.77960205078125,357.531005859375
2026-06-26T17:00:14.729702+00:00,spot_8,Spot 8,Occupied,2026-06-26T16:38:49.227314+00:00,1034,car,0.6219663619995117,11508,206.51629638671875,322.75872802734375,256.4549560546875,354.86724853515625
2026-06-26T17:00:14.729702+00:00,spot_9,Spot 9,Occupied,2026-06-26T16:59:04.363644+00:00,1184,truck,0.5983266830444336,2334,175.32925415039062,316.4157409667969,221.16220092773438,351.0687561035156
2026-06-26T17:00:14.729702+00:00,spot_10,Spot 10,Occupied,2026-06-26T16:59:04.363644+00:00,1220,car,0.4884137511253357,86,150.38623046875,321.46728515625,177.9031982421875,347.54229736328125
2026-06-26T17:00:14.729702+00:00,spot_11,Spot 11,Occupied,2026-06-26T17:00:14.729702+00:00,1203,truck,0.46317675709724426,1233,110.75202178955078,316.91656494140625,158.44873046875,343.52508544921875
2026-06-26T17:00:14.729702+00:00,spot_12,Spot 12,Empty,2026-06-26T16:29:03.230941+00:00,,,,,,,,
2026-06-26T17:00:14.729702+00:00,spot_13,Spot 13,Empty,2026-06-26T16:46:49.452161+00:00,,,,,,,,
2026-06-26T17:00:14.729702+00:00,spot_14,Spot 14,Empty,2026-06-26T16:41:19.645808+00:00,,,,,,,,
2026-06-26T17:00:14.729702+00:00,spot_15,Spot 15,Occupied,2026-06-26T16:57:34.804814+00:00,1217,car,0.6423308253288269,178,39.319580078125,311.3621826171875,79.82208251953125,331.0830078125
2026-06-26T17:00:14.729702+00:00,spot_16,Spot 16,Empty,2026-06-26T16:42:47.594822+00:00,,,,,,,,
2026-06-26T17:00:14.729702+00:00,spot_17,Spot 17,Empty,2026-06-25T18:08:23.061954+00:00,,,,,,,,
2026-06-26T17:01:56.837485+00:00,spot_1,Spot 1,Occupied,2026-06-26T16:59:04.363644+00:00,1078,car,0.7731670141220093,7707,571.0216674804688,320.1123046875,616.3673706054688,370.5560302734375
2026-06-26T17:01:56.837485+00:00,spot_2,Spot 2,Occupied,2026-06-26T16:53:33.707368+00:00,1179,truck,0.5610501766204834,2481,507.32952880859375,311.40789794921875,551.8074340820312,362.30938720703125
2026-06-26T17:01:56.837485+00:00,spot_3,Spot 3,Occupied,2026-06-26T16:57:34.804814+00:00,1215,car,0.856232762336731,263,446.3416442871094,320.3512268066406,501.3805236816406,365.0759582519531
2026-06-26T17:01:56.837485+00:00,spot_4,Spot 4,Occupied,2026-06-26T14:29:07.349125+00:00,1057,car,0.904143750667572,9172,391.27447509765625,325.5202331542969,448.56268310546875,361.9846496582031
2026-06-26T17:01:56.837485+00:00,spot_5,Spot 5,Occupied,2026-06-26T15:03:02.901501+00:00,1086,car,0.8115190863609314,7132,336.3017578125,325.37872314453125,390.20654296875,362.490478515625
2026-06-26T17:01:56.837485+00:00,spot_6,Spot 6,Occupied,2026-06-26T16:57:34.804814+00:00,1218,truck,0.6589438319206238,263,276.8143310546875,322.79229736328125,342.4669189453125,364.73699951171875
2026-06-26T17:01:56.837485+00:00,spot_7,Spot 7,Occupied,2026-06-26T16:16:46.372301+00:00,1017,car,0.761233389377594,14834,247.59474182128906,328.6083679199219,295.532470703125,358.0503234863281
2026-06-26T17:01:56.837485+00:00,spot_8,Spot 8,Occupied,2026-06-26T16:38:49.227314+00:00,1034,car,0.6598490476608276,11593,206.40151977539062,323.0830078125,258.0082702636719,354.62908935546875
2026-06-26T17:01:56.837485+00:00,spot_9,Spot 9,Occupied,2026-06-26T17:01:56.837485+00:00,1222,car,0.4590822458267212,0,175.3297119140625,316.9859619140625,220.1600341796875,350.55712890625
2026-06-26T17:01:56.837485+00:00,spot_10,Spot 10,Occupied,2026-06-26T16:59:04.363644+00:00,1220,car,0.43707531690597534,171,151.98806762695312,321.1431884765625,177.9757080078125,347.23638916015625
2026-06-26T17:01:56.837485+00:00,spot_11,Spot 11,Occupied,2026-06-26T17:00:14.729702+00:00,1203,truck,0.5411320328712463,1318,106.06338500976562,317.0263671875,160.48779296875,345.0335693359375
2026-06-26T17:01:56.837485+00:00,spot_12,Spot 12,Empty,2026-06-26T16:29:03.230941+00:00,,,,,,,,
2026-06-26T17:01:56.837485+00:00,spot_13,Spot 13,Empty,2026-06-26T16:46:49.452161+00:00,,,,,,,,
2026-06-26T17:01:56.837485+00:00,spot_14,Spot 14,Empty,2026-06-26T16:41:19.645808+00:00,,,,,,,,
2026-06-26T17:01:56.837485+00:00,spot_15,Spot 15,Occupied,2026-06-26T16:57:34.804814+00:00,1217,car,0.36193588376045227,263,39.62628173828125,309.7952575683594,79.51762390136719,330.7530822753906
2026-06-26T17:01:56.837485+00:00,spot_16,Spot 16,Empty,2026-06-26T16:42:47.594822+00:00,,,,,,,,
2026-06-26T17:01:56.837485+00:00,spot_17,Spot 17,Empty,2026-06-25T18:08:23.061954+00:00,,,,,,,,
2026-06-26T17:03:17.488681+00:00,spot_1,Spot 1,Occupied,2026-06-26T16:59:04.363644+00:00,1078,car,0.7452012300491333,7786,570.924560546875,320.52044677734375,618.9271240234375,371.2327880859375
2026-06-26T17:03:17.488681+00:00,spot_2,Spot 2,Occupied,2026-06-26T16:53:33.707368+00:00,1179,truck,0.7214142680168152,2559,507.01995849609375,312.60418701171875,551.4496459960938,362.41412353515625
2026-06-26T17:03:17.488681+00:00,spot_3,Spot 3,Occupied,2026-06-26T16:57:34.804814+00:00,1215,car,0.5501540303230286,341,446.6407470703125,320.874267578125,500.349365234375,363.2415771484375
2026-06-26T17:03:17.488681+00:00,spot_4,Spot 4,Occupied,2026-06-26T14:29:07.349125+00:00,1057,car,0.906599760055542,9250,391.45928955078125,325.3739013671875,448.5240478515625,363.04931640625
2026-06-26T17:03:17.488681+00:00,spot_5,Spot 5,Occupied,2026-06-26T15:03:02.901501+00:00,1086,car,0.84589022397995,7210,336.62579345703125,323.8236083984375,392.247314453125,362.8878173828125
2026-06-26T17:03:17.488681+00:00,spot_6,Spot 6,Occupied,2026-06-26T17:03:17.488681+00:00,1223,car,0.5842223167419434,0,276.5633239746094,323.1929931640625,341.6425476074219,363.1829833984375
2026-06-26T17:03:17.488681+00:00,spot_7,Spot 7,Occupied,2026-06-26T16:16:46.372301+00:00,1017,car,0.8154394030570984,14913,247.21624755859375,328.60028076171875,295.93402099609375,357.37945556640625
2026-06-26T17:03:17.488681+00:00,spot_8,Spot 8,Occupied,2026-06-26T16:38:49.227314+00:00,1034,car,0.5601069927215576,11671,206.37646484375,322.0940856933594,259.63873291015625,355.3971862792969
2026-06-26T17:03:17.488681+00:00,spot_9,Spot 9,Occupied,2026-06-26T17:01:56.837485+00:00,1222,car,0.3699939548969269,78,175.40890502929688,315.8368225097656,221.76651000976562,350.0016174316406
2026-06-26T17:03:17.488681+00:00,spot_10,Spot 10,Empty,2026-06-26T17:03:17.488681+00:00,,,,,,,,
2026-06-26T17:03:17.488681+00:00,spot_11,Spot 11,Occupied,2026-06-26T17:00:14.729702+00:00,1203,truck,0.5325153470039368,1396,112.08802795410156,317.03759765625,160.4995574951172,345.52618408203125
2026-06-26T17:03:17.488681+00:00,spot_12,Spot 12,Empty,2026-06-26T16:29:03.230941+00:00,,,,,,,,
2026-06-26T17:03:17.488681+00:00,spot_13,Spot 13,Empty,2026-06-26T16:46:49.452161+00:00,,,,,,,,
2026-06-26T17:03:17.488681+00:00,spot_14,Spot 14,Empty,2026-06-26T16:41:19.645808+00:00,,,,,,,,
2026-06-26T17:03:17.488681+00:00,spot_15,Spot 15,Occupied,2026-06-26T16:57:34.804814+00:00,1217,car,0.530788004398346,341,40.49364471435547,310.61456298828125,79.401611328125,330.26324462890625
2026-06-26T17:03:17.488681+00:00,spot_16,Spot 16,Empty,2026-06-26T16:42:47.594822+00:00,,,,,,,,
2026-06-26T17:03:17.488681+00:00,spot_17,Spot 17,Empty,2026-06-25T18:08:23.061954+00:00,,,,,,,,
2026-06-26T17:04:45.962859+00:00,spot_1,Spot 1,Occupied,2026-06-26T16:59:04.363644+00:00,1078,car,0.7528549432754517,7874,570.99169921875,321.2851867675781,614.983154296875,370.8789978027344
2026-06-26T17:04:45.962859+00:00,spot_2,Spot 2,Occupied,2026-06-26T16:53:33.707368+00:00,1179,truck,0.7661193609237671,2647,507.8111572265625,313.27606201171875,550.9993896484375,362.481689453125
2026-06-26T17:04:45.962859+00:00,spot_3,Spot 3,Occupied,2026-06-26T16:57:34.804814+00:00,1215,car,0.81308913230896,430,446.8299560546875,320.15362548828125,501.0450439453125,363.64923095703125
2026-06-26T17:04:45.962859+00:00,spot_4,Spot 4,Occupied,2026-06-26T14:29:07.349125+00:00,1057,car,0.9013550877571106,9338,391.5714416503906,325.4591064453125,448.5288391113281,362.14471435546875
2026-06-26T17:04:45.962859+00:00,spot_5,Spot 5,Occupied,2026-06-26T15:03:02.901501+00:00,1086,car,0.8818529844284058,7299,336.2239990234375,323.5416564941406,392.7620849609375,362.1188659667969
2026-06-26T17:04:45.962859+00:00,spot_6,Spot 6,Occupied,2026-06-26T17:04:45.962859+00:00,1218,truck,0.5762413144111633,430,277.2496337890625,322.7021789550781,342.9427490234375,363.2616271972656
2026-06-26T17:04:45.962859+00:00,spot_7,Spot 7,Occupied,2026-06-26T16:16:46.372301+00:00,1017,car,0.8196371793746948,15001,247.01153564453125,328.1558837890625,296.3009033203125,357.14697265625
2026-06-26T17:04:45.962859+00:00,spot_8,Spot 8,Occupied,2026-06-26T16:38:49.227314+00:00,1034,car,0.6657488942146301,11759,206.54656982421875,322.3499755859375,258.697509765625,354.49395751953125
2026-06-26T17:04:45.962859+00:00,spot_9,Spot 9,Occupied,2026-06-26T17:01:56.837485+00:00,1222,car,0.5778222680091858,166,175.67840576171875,317.58050537109375,221.8826904296875,349.98406982421875
2026-06-26T17:04:45.962859+00:00,spot_10,Spot 10,Empty,2026-06-26T17:03:17.488681+00:00,,,,,,,,
2026-06-26T17:04:45.962859+00:00,spot_11,Spot 11,Occupied,2026-06-26T17:00:14.729702+00:00,1203,truck,0.5616128444671631,1484,112.59613037109375,316.847900390625,159.67437744140625,344.66497802734375
2026-06-26T17:04:45.962859+00:00,spot_12,Spot 12,Empty,2026-06-26T16:29:03.230941+00:00,,,,,,,,
2026-06-26T17:04:45.962859+00:00,spot_13,Spot 13,Empty,2026-06-26T16:46:49.452161+00:00,,,,,,,,
2026-06-26T17:04:45.962859+00:00,spot_14,Spot 14,Empty,2026-06-26T16:41:19.645808+00:00,,,,,,,,
2026-06-26T17:04:45.962859+00:00,spot_15,Spot 15,Occupied,2026-06-26T16:57:34.804814+00:00,1217,car,0.5175923109054565,430,39.189239501953125,311.87158203125,78.8416976928711,330.145751953125
2026-06-26T17:04:45.962859+00:00,spot_16,Spot 16,Empty,2026-06-26T16:42:47.594822+00:00,,,,,,,,
2026-06-26T17:04:45.962859+00:00,spot_17,Spot 17,Empty,2026-06-25T18:08:23.061954+00:00,,,,,,,,
2026-06-26T17:05:57.174201+00:00,spot_1,Spot 1,Occupied,2026-06-26T16:59:04.363644+00:00,1078,car,0.7031415700912476,7949,571.4881591796875,321.85711669921875,614.1634521484375,370.73504638671875
2026-06-26T17:05:57.174201+00:00,spot_2,Spot 2,Occupied,2026-06-26T16:53:33.707368+00:00,1179,truck,0.7269629836082458,2722,507.7231750488281,313.0660705566406,551.482666015625,362.1139221191406
2026-06-26T17:05:57.174201+00:00,spot_3,Spot 3,Occupied,2026-06-26T16:57:34.804814+00:00,1215,car,0.6279910802841187,505,446.66705322265625,320.61572265625,501.37176513671875,363.59033203125
2026-06-26T17:05:57.174201+00:00,spot_4,Spot 4,Occupied,2026-06-26T14:29:07.349125+00:00,1057,car,0.8958747386932373,9413,391.427001953125,325.42529296875,448.46063232421875,362.3076171875
2026-06-26T17:05:57.174201+00:00,spot_5,Spot 5,Occupied,2026-06-26T15:03:02.901501+00:00,1086,car,0.871906042098999,7374,336.0938720703125,323.3309020996094,392.681396484375,362.0724792480469
2026-06-26T17:05:57.174201+00:00,spot_6,Spot 6,Occupied,2026-06-26T17:05:57.174201+00:00,1223,car,0.582665205001831,163,277.08935546875,322.6134033203125,342.82916259765625,363.21533203125
2026-06-26T17:05:57.174201+00:00,spot_7,Spot 7,Occupied,2026-06-26T16:16:46.372301+00:00,1017,car,0.6932353377342224,15076,247.3690185546875,328.32684326171875,295.6309814453125,358.12225341796875
2026-06-26T17:05:57.174201+00:00,spot_8,Spot 8,Occupied,2026-06-26T16:38:49.227314+00:00,1034,car,0.7250855565071106,11834,206.2025146484375,322.32562255859375,259.8701171875,355.1805419921875
2026-06-26T17:05:57.174201+00:00,spot_9,Spot 9,Occupied,2026-06-26T17:05:57.174201+00:00,1224,truck,0.39745277166366577,0,175.51239013671875,316.3384094238281,220.92282104492188,350.1881408691406
2026-06-26T17:05:57.174201+00:00,spot_10,Spot 10,Occupied,2026-06-26T17:05:57.174201+00:00,1225,truck,0.3809698820114136,0,146.67172241210938,322.1082763671875,177.99093627929688,347.4486083984375
2026-06-26T17:05:57.174201+00:00,spot_11,Spot 11,Occupied,2026-06-26T17:00:14.729702+00:00,1203,truck,0.563328206539154,1559,108.70791625976562,315.907958984375,159.72793579101562,345.029296875
2026-06-26T17:05:57.174201+00:00,spot_12,Spot 12,Empty,2026-06-26T16:29:03.230941+00:00,,,,,,,,
2026-06-26T17:05:57.174201+00:00,spot_13,Spot 13,Empty,2026-06-26T16:46:49.452161+00:00,,,,,,,,
2026-06-26T17:05:57.174201+00:00,spot_14,Spot 14,Empty,2026-06-26T16:41:19.645808+00:00,,,,,,,,
2026-06-26T17:05:57.174201+00:00,spot_15,Spot 15,Empty,2026-06-26T17:05:57.174201+00:00,,,,,,,,
2026-06-26T17:05:57.174201+00:00,spot_16,Spot 16,Empty,2026-06-26T16:42:47.594822+00:00,,,,,,,,
2026-06-26T17:05:57.174201+00:00,spot_17,Spot 17,Empty,2026-06-25T18:08:23.061954+00:00,,,,,,,,
2026-06-26T17:07:29.290649+00:00,spot_1,Spot 1,Occupied,2026-06-26T16:59:04.363644+00:00,1078,car,0.5766407251358032,8040,571.36767578125,321.04534912109375,615.840576171875,370.8228759765625
2026-06-26T17:07:29.290649+00:00,spot_2,Spot 2,Occupied,2026-06-26T16:53:33.707368+00:00,1179,truck,0.6800529360771179,2814,507.783203125,313.0656433105469,551.3173828125,362.0852355957031
2026-06-26T17:07:29.290649+00:00,spot_3,Spot 3,Occupied,2026-06-26T16:57:34.804814+00:00,1215,car,0.7650547027587891,596,446.7402648925781,321.14208984375,496.3360900878906,363.118896484375
2026-06-26T17:07:29.290649+00:00,spot_4,Spot 4,Occupied,2026-06-26T14:29:07.349125+00:00,1057,car,0.8922448754310608,9505,391.60015869140625,325.4725341796875,448.4334716796875,362.3331298828125
2026-06-26T17:07:29.290649+00:00,spot_5,Spot 5,Occupied,2026-06-26T15:03:02.901501+00:00,1086,car,0.871218740940094,7465,335.8331298828125,323.6383972167969,392.289306640625,361.9057312011719
2026-06-26T17:07:29.290649+00:00,spot_6,Spot 6,Occupied,2026-06-26T17:05:57.174201+00:00,1223,car,0.44320690631866455,254,278.028564453125,322.3223876953125,342.58978271484375,362.63525390625
2026-06-26T17:07:29.290649+00:00,spot_7,Spot 7,Occupied,2026-06-26T16:16:46.372301+00:00,1017,car,0.785358726978302,15167,247.25852966308594,328.21527099609375,296.2454833984375,358.61334228515625
2026-06-26T17:07:29.290649+00:00,spot_8,Spot 8,Occupied,2026-06-26T16:38:49.227314+00:00,1034,car,0.8010830283164978,11926,206.78964233398438,322.16357421875,258.8591613769531,354.6527099609375
2026-06-26T17:07:29.290649+00:00,spot_9,Spot 9,Occupied,2026-06-26T17:07:29.290649+00:00,1222,car,0.6869783997535706,333,159.40585327148438,321.805419921875,202.1036376953125,347.05242919921875
2026-06-26T17:07:29.290649+00:00,spot_10,Spot 10,Empty,2026-06-26T17:07:29.290649+00:00,,,,,,,,
2026-06-26T17:07:29.290649+00:00,spot_11,Spot 11,Occupied,2026-06-26T17:07:29.290649+00:00,1226,truck,0.627138078212738,0,102.65545654296875,326.3767395019531,168.83218383789062,368.6211853027344
2026-06-26T17:07:29.290649+00:00,spot_12,Spot 12,Empty,2026-06-26T16:29:03.230941+00:00,,,,,,,,
2026-06-26T17:07:29.290649+00:00,spot_13,Spot 13,Empty,2026-06-26T16:46:49.452161+00:00,,,,,,,,
2026-06-26T17:07:29.290649+00:00,spot_14,Spot 14,Empty,2026-06-26T16:41:19.645808+00:00,,,,,,,,
2026-06-26T17:07:29.290649+00:00,spot_15,Spot 15,Empty,2026-06-26T17:05:57.174201+00:00,,,,,,,,
2026-06-26T17:07:29.290649+00:00,spot_16,Spot 16,Empty,2026-06-26T16:42:47.594822+00:00,,,,,,,,
2026-06-26T17:07:29.290649+00:00,spot_17,Spot 17,Empty,2026-06-25T18:08:23.061954+00:00,,,,,,,,
2026-06-26T17:08:55.296219+00:00,spot_1,Spot 1,Occupied,2026-06-26T16:59:04.363644+00:00,1078,car,0.8578885793685913,8130,571.0856323242188,321.7843017578125,615.1660766601562,370.58984375
2026-06-26T17:08:55.296219+00:00,spot_2,Spot 2,Occupied,2026-06-26T16:53:33.707368+00:00,1179,truck,0.7211366295814514,2904,507.5372314453125,312.53631591796875,551.9522705078125,362.45330810546875
2026-06-26T17:08:55.296219+00:00,spot_3,Spot 3,Occupied,2026-06-26T16:57:34.804814+00:00,1215,car,0.6432192325592041,686,446.6316833496094,320.854248046875,501.5824890136719,363.8240966796875
2026-06-26T17:08:55.296219+00:00,spot_4,Spot 4,Occupied,2026-06-26T14:29:07.349125+00:00,1057,car,0.8958665132522583,9595,391.303466796875,325.4361572265625,448.4700927734375,362.8560791015625
2026-06-26T17:08:55.296219+00:00,spot_5,Spot 5,Occupied,2026-06-26T15:03:02.901501+00:00,1086,car,0.8323157429695129,7555,336.44317626953125,323.62298583984375,392.16705322265625,362.05401611328125
2026-06-26T17:08:55.296219+00:00,spot_6,Spot 6,Occupied,2026-06-26T17:08:55.296219+00:00,1218,truck,0.7095251679420471,686,276.83892822265625,322.8868408203125,341.8741455078125,363.85302734375
2026-06-26T17:08:55.296219+00:00,spot_7,Spot 7,Occupied,2026-06-26T16:16:46.372301+00:00,1017,car,0.7726683616638184,15257,247.42636108398438,328.2839050292969,296.2253723144531,358.7549743652344
2026-06-26T17:08:55.296219+00:00,spot_8,Spot 8,Occupied,2026-06-26T16:38:49.227314+00:00,1034,car,0.8129487037658691,12016,206.22305297851562,322.52423095703125,258.7724914550781,354.9005126953125
2026-06-26T17:08:55.296219+00:00,spot_9,Spot 9,Empty,2026-06-26T17:08:55.296219+00:00,,,,,,,,
2026-06-26T17:08:55.296219+00:00,spot_10,Spot 10,Occupied,2026-06-26T17:08:55.296219+00:00,1222,car,0.8129765391349792,422,149.72262573242188,322.58587646484375,202.27938842773438,347.28973388671875
2026-06-26T17:08:55.296219+00:00,spot_11,Spot 11,Occupied,2026-06-26T17:08:55.296219+00:00,1228,car,0.3833080530166626,0,114.0676040649414,317.11334228515625,159.53823852539062,344.826416015625
2026-06-26T17:08:55.296219+00:00,spot_12,Spot 12,Empty,2026-06-26T16:29:03.230941+00:00,,,,,,,,
2026-06-26T17:08:55.296219+00:00,spot_13,Spot 13,Empty,2026-06-26T16:46:49.452161+00:00,,,,,,,,
2026-06-26T17:08:55.296219+00:00,spot_14,Spot 14,Empty,2026-06-26T16:41:19.645808+00:00,,,,,,,,
2026-06-26T17:08:55.296219+00:00,spot_15,Spot 15,Empty,2026-06-26T17:05:57.174201+00:00,,,,,,,,
2026-06-26T17:08:55.296219+00:00,spot_16,Spot 16,Empty,2026-06-26T16:42:47.594822+00:00,,,,,,,,
2026-06-26T17:08:55.296219+00:00,spot_17,Spot 17,Empty,2026-06-25T18:08:23.061954+00:00,,,,,,,,
2026-06-26T17:10:06.744998+00:00,spot_1,Spot 1,Occupied,2026-06-26T16:59:04.363644+00:00,1078,car,0.5798860788345337,8208,571.3236083984375,321.35223388671875,616.2930908203125,370.96368408203125
2026-06-26T17:10:06.744998+00:00,spot_2,Spot 2,Occupied,2026-06-26T16:53:33.707368+00:00,1179,truck,0.7564963698387146,2982,508.10308837890625,313.3586120605469,551.8202514648438,362.0223693847656
2026-06-26T17:10:06.744998+00:00,spot_3,Spot 3,Occupied,2026-06-26T16:57:34.804814+00:00,1215,car,0.705757737159729,764,446.5915832519531,321.65655517578125,501.8889465332031,363.447509765625
2026-06-26T17:10:06.744998+00:00,spot_4,Spot 4,Occupied,2026-06-26T14:29:07.349125+00:00,1057,car,0.8906678557395935,9673,391.55670166015625,325.624267578125,448.49945068359375,363.3450927734375
2026-06-26T17:10:06.744998+00:00,spot_5,Spot 5,Occupied,2026-06-26T15:03:02.901501+00:00,1086,car,0.8801830410957336,7633,336.3753662109375,323.9736328125,393.20703125,362.26702880859375
2026-06-26T17:10:06.744998+00:00,spot_6,Spot 6,Occupied,2026-06-26T17:08:55.296219+00:00,1218,truck,0.7040418982505798,764,276.27130126953125,322.7582092285156,342.10577392578125,363.7181091308594
2026-06-26T17:10:06.744998+00:00,spot_7,Spot 7,Occupied,2026-06-26T16:16:46.372301+00:00,1017,car,0.8063149452209473,15335,247.0789794921875,328.3704833984375,295.858642578125,357.5992431640625
2026-06-26T17:10:06.744998+00:00,spot_8,Spot 8,Occupied,2026-06-26T16:38:49.227314+00:00,1034,car,0.802614152431488,12094,206.71096801757812,322.2884521484375,257.8096008300781,354.7506103515625
2026-06-26T17:10:06.744998+00:00,spot_9,Spot 9,Empty,2026-06-26T17:08:55.296219+00:00,,,,,,,,
2026-06-26T17:10:06.744998+00:00,spot_10,Spot 10,Occupied,2026-06-26T17:08:55.296219+00:00,1222,car,0.7034444212913513,500,148.23342895507812,321.73236083984375,201.82455444335938,347.76861572265625
2026-06-26T17:10:06.744998+00:00,spot_11,Spot 11,Occupied,2026-06-26T17:08:55.296219+00:00,1228,car,0.49259573221206665,77,111.483154296875,317.08148193359375,160.32623291015625,344.89593505859375
2026-06-26T17:10:06.744998+00:00,spot_12,Spot 12,Empty,2026-06-26T16:29:03.230941+00:00,,,,,,,,
2026-06-26T17:10:06.744998+00:00,spot_13,Spot 13,Empty,2026-06-26T16:46:49.452161+00:00,,,,,,,,
2026-06-26T17:10:06.744998+00:00,spot_14,Spot 14,Empty,2026-06-26T16:41:19.645808+00:00,,,,,,,,
2026-06-26T17:10:06.744998+00:00,spot_15,Spot 15,Empty,2026-06-26T17:05:57.174201+00:00,,,,,,,,
2026-06-26T17:10:06.744998+00:00,spot_16,Spot 16,Empty,2026-06-26T16:42:47.594822+00:00,,,,,,,,
2026-06-26T17:10:06.744998+00:00,spot_17,Spot 17,Empty,2026-06-25T18:08:23.061954+00:00,,,,,,,,
2026-06-26T17:11:27.972974+00:00,spot_1,Spot 1,Occupied,2026-06-26T16:59:04.363644+00:00,1078,car,0.6380398869514465,8277,571.166259765625,328.8664855957031,612.93994140625,370.6292419433594
2026-06-26T17:11:27.972974+00:00,spot_2,Spot 2,Occupied,2026-06-26T16:53:33.707368+00:00,1179,truck,0.7539483308792114,3050,507.1763916015625,313.6124267578125,552.826904296875,362.5162353515625
2026-06-26T17:11:27.972974+00:00,spot_3,Spot 3,Occupied,2026-06-26T16:57:34.804814+00:00,1215,car,0.6575050950050354,833,446.5638427734375,325.08697509765625,492.001953125,363.9786376953125
2026-06-26T17:11:27.972974+00:00,spot_4,Spot 4,Occupied,2026-06-26T14:29:07.349125+00:00,1057,car,0.8943821787834167,9741,391.45269775390625,325.48443603515625,448.73419189453125,362.86566162109375
2026-06-26T17:11:27.972974+00:00,spot_5,Spot 5,Occupied,2026-06-26T15:03:02.901501+00:00,1086,car,0.7649068236351013,7702,336.27276611328125,324.2653503417969,390.92706298828125,362.7370300292969
2026-06-26T17:11:27.972974+00:00,spot_6,Spot 6,Occupied,2026-06-26T17:11:27.972974+00:00,1229,car,0.3728008568286896,0,276.33380126953125,322.7496337890625,340.97906494140625,363.830078125
2026-06-26T17:11:27.972974+00:00,spot_7,Spot 7,Occupied,2026-06-26T16:16:46.372301+00:00,1017,car,0.7472482919692993,15404,247.2022705078125,328.7525634765625,295.58062744140625,358.50244140625
2026-06-26T17:11:27.972974+00:00,spot_8,Spot 8,Occupied,2026-06-26T16:38:49.227314+00:00,1034,car,0.7917708158493042,12162,206.60543823242188,322.47430419921875,259.72308349609375,354.76300048828125
2026-06-26T17:11:27.972974+00:00,spot_9,Spot 9,Empty,2026-06-26T17:08:55.296219+00:00,,,,,,,,
2026-06-26T17:11:27.972974+00:00,spot_10,Spot 10,Occupied,2026-06-26T17:08:55.296219+00:00,1222,car,0.7095565795898438,569,149.7151641845703,321.6573181152344,201.97410583496094,347.7472839355469
2026-06-26T17:11:27.972974+00:00,spot_11,Spot 11,Occupied,2026-06-26T17:08:55.296219+00:00,1228,car,0.3676284849643707,146,113.61351776123047,317.1381530761719,161.09613037109375,344.4481506347656
2026-06-26T17:11:27.972974+00:00,spot_12,Spot 12,Empty,2026-06-26T16:29:03.230941+00:00,,,,,,,,
2026-06-26T17:11:27.972974+00:00,spot_13,Spot 13,Empty,2026-06-26T16:46:49.452161+00:00,,,,,,,,
2026-06-26T17:11:27.972974+00:00,spot_14,Spot 14,Empty,2026-06-26T16:41:19.645808+00:00,,,,,,,,
2026-06-26T17:11:27.972974+00:00,spot_15,Spot 15,Empty,2026-06-26T17:05:57.174201+00:00,,,,,,,,
2026-06-26T17:11:27.972974+00:00,spot_16,Spot 16,Empty,2026-06-26T16:42:47.594822+00:00,,,,,,,,
2026-06-26T17:11:27.972974+00:00,spot_17,Spot 17,Empty,2026-06-25T18:08:23.061954+00:00,,,,,,,,
2026-06-26T17:12:49.677929+00:00,spot_1,Spot 1,Occupied,2026-06-26T16:59:04.363644+00:00,1078,car,0.7121966481208801,8357,571.4656372070312,321.4050598144531,613.7406616210938,370.2961120605469
2026-06-26T17:12:49.677929+00:00,spot_2,Spot 2,Occupied,2026-06-26T17:12:49.677929+00:00,1230,car,0.37711474299430847,0,507.86163330078125,323.2960205078125,551.3064575195312,362.19244384765625
2026-06-26T17:12:49.677929+00:00,spot_3,Spot 3,Occupied,2026-06-26T16:57:34.804814+00:00,1215,car,0.7151004076004028,913,446.5652160644531,320.6048583984375,500.9991760253906,363.050537109375
2026-06-26T17:12:49.677929+00:00,spot_4,Spot 4,Occupied,2026-06-26T14:29:07.349125+00:00,1057,car,0.8988205790519714,9822,391.39398193359375,325.4303894042969,448.52886962890625,361.1957702636719
2026-06-26T17:12:49.677929+00:00,spot_5,Spot 5,Occupied,2026-06-26T15:03:02.901501+00:00,1086,car,0.7628903388977051,7782,336.17144775390625,323.91748046875,393.354736328125,362.05938720703125
2026-06-26T17:12:49.677929+00:00,spot_6,Spot 6,Occupied,2026-06-26T17:12:49.677929+00:00,1218,truck,0.7271671891212463,913,276.47430419921875,322.56719970703125,342.51812744140625,363.51055908203125
2026-06-26T17:12:49.677929+00:00,spot_7,Spot 7,Occupied,2026-06-26T16:16:46.372301+00:00,1017,car,0.828704833984375,15484,247.0763397216797,328.1219482421875,295.86151123046875,358.0347900390625
2026-06-26T17:12:49.677929+00:00,spot_8,Spot 8,Occupied,2026-06-26T16:38:49.227314+00:00,1034,car,0.8198441863059998,12243,205.91229248046875,322.69219970703125,259.13250732421875,355.07537841796875
2026-06-26T17:12:49.677929+00:00,spot_9,Spot 9,Empty,2026-06-26T17:08:55.296219+00:00,,,,,,,,
2026-06-26T17:12:49.677929+00:00,spot_10,Spot 10,Occupied,2026-06-26T17:08:55.296219+00:00,1222,car,0.7778660655021667,650,149.788330078125,321.787353515625,202.18756103515625,348.147216796875
2026-06-26T17:12:49.677929+00:00,spot_11,Spot 11,Occupied,2026-06-26T17:12:49.677929+00:00,1227,truck,0.41593456268310547,227,112.07266235351562,316.03466796875,160.354736328125,344.9610595703125
2026-06-26T17:12:49.677929+00:00,spot_12,Spot 12,Empty,2026-06-26T16:29:03.230941+00:00,,,,,,,,
2026-06-26T17:12:49.677929+00:00,spot_13,Spot 13,Empty,2026-06-26T16:46:49.452161+00:00,,,,,,,,
2026-06-26T17:12:49.677929+00:00,spot_14,Spot 14,Occupied,2026-06-26T17:12:49.677929+00:00,1231,car,0.3760107159614563,0,47.02165222167969,311.53955078125,92.97273254394531,332.98883056640625
2026-06-26T17:12:49.677929+00:00,spot_15,Spot 15,Empty,2026-06-26T17:05:57.174201+00:00,,,,,,,,
2026-06-26T17:12:49.677929+00:00,spot_16,Spot 16,Empty,2026-06-26T16:42:47.594822+00:00,,,,,,,,
2026-06-26T17:12:49.677929+00:00,spot_17,Spot 17,Empty,2026-06-25T18:08:23.061954+00:00,,,,,,,,
2026-06-26T17:13:57.845360+00:00,spot_1,Spot 1,Occupied,2026-06-26T16:59:04.363644+00:00,1078,car,0.6200214624404907,8430,571.2866821289062,329.1948547363281,614.1644897460938,371.1549987792969
2026-06-26T17:13:57.845360+00:00,spot_2,Spot 2,Occupied,2026-06-26T17:13:57.845360+00:00,1179,truck,0.6784207820892334,3204,507.60260009765625,313.01971435546875,551.5723266601562,362.19354248046875
2026-06-26T17:13:57.845360+00:00,spot_3,Spot 3,Occupied,2026-06-26T16:57:34.804814+00:00,1215,car,0.775790274143219,986,446.9163818359375,320.7499694824219,501.782470703125,362.8170471191406
2026-06-26T17:13:57.845360+00:00,spot_4,Spot 4,Occupied,2026-06-26T14:29:07.349125+00:00,1057,car,0.9058987498283386,9895,391.3686218261719,325.34002685546875,448.7839050292969,362.21209716796875
2026-06-26T17:13:57.845360+00:00,spot_5,Spot 5,Occupied,2026-06-26T15:03:02.901501+00:00,1086,car,0.7945760488510132,7855,336.46221923828125,323.618408203125,389.66998291015625,361.1346435546875
2026-06-26T17:13:57.845360+00:00,spot_6,Spot 6,Occupied,2026-06-26T17:12:49.677929+00:00,1218,truck,0.4489440619945526,986,277.97650146484375,322.6834716796875,341.88873291015625,362.68011474609375
2026-06-26T17:13:57.845360+00:00,spot_7,Spot 7,Occupied,2026-06-26T16:16:46.372301+00:00,1017,car,0.8679429888725281,15557,247.45944213867188,328.0127868652344,296.2022399902344,357.4728698730469
2026-06-26T17:13:57.845360+00:00,spot_8,Spot 8,Occupied,2026-06-26T16:38:49.227314+00:00,1034,car,0.8314314484596252,12316,206.58642578125,322.0779113769531,260.13934326171875,354.9412536621094
2026-06-26T17:13:57.845360+00:00,spot_9,Spot 9,Empty,2026-06-26T17:08:55.296219+00:00,,,,,,,,
2026-06-26T17:13:57.845360+00:00,spot_10,Spot 10,Occupied,2026-06-26T17:08:55.296219+00:00,1222,car,0.7593668103218079,723,148.94219970703125,320.42926025390625,202.01519775390625,347.53045654296875
2026-06-26T17:13:57.845360+00:00,spot_11,Spot 11,Occupied,2026-06-26T17:12:49.677929+00:00,1227,truck,0.47852617502212524,300,112.82797241210938,316.4112854003906,160.71969604492188,344.8214416503906
2026-06-26T17:13:57.845360+00:00,spot_12,Spot 12,Empty,2026-06-26T16:29:03.230941+00:00,,,,,,,,
2026-06-26T17:13:57.845360+00:00,spot_13,Spot 13,Empty,2026-06-26T16:46:49.452161+00:00,,,,,,,,
2026-06-26T17:13:57.845360+00:00,spot_14,Spot 14,Occupied,2026-06-26T17:13:57.845360+00:00,1232,truck,0.43932560086250305,0,43.66436004638672,311.88232421875,93.89595794677734,333.2354736328125
2026-06-26T17:13:57.845360+00:00,spot_15,Spot 15,Empty,2026-06-26T17:05:57.174201+00:00,,,,,,,,
2026-06-26T17:13:57.845360+00:00,spot_16,Spot 16,Empty,2026-06-26T16:42:47.594822+00:00,,,,,,,,
2026-06-26T17:13:57.845360+00:00,spot_17,Spot 17,Empty,2026-06-25T18:08:23.061954+00:00,,,,,,,,
2026-06-26T17:15:22.212075+00:00,spot_1,Spot 1,Occupied,2026-06-26T16:59:04.363644+00:00,1078,car,0.8377253413200378,8510,571.3197021484375,321.4122619628906,616.0447998046875,370.9260559082031
2026-06-26T17:15:22.212075+00:00,spot_2,Spot 2,Occupied,2026-06-26T17:13:57.845360+00:00,1179,truck,0.5418736338615417,3284,507.4935302734375,312.9259338378906,551.6922607421875,362.5556335449219
2026-06-26T17:15:22.212075+00:00,spot_3,Spot 3,Occupied,2026-06-26T16:57:34.804814+00:00,1215,car,0.868825376033783,1066,446.6078186035156,320.75189208984375,501.3597717285156,363.44781494140625
2026-06-26T17:15:22.212075+00:00,spot_4,Spot 4,Occupied,2026-06-26T14:29:07.349125+00:00,1057,car,0.8944305181503296,9975,391.4571228027344,325.42108154296875,448.5851135253906,362.18768310546875
2026-06-26T17:15:22.212075+00:00,spot_5,Spot 5,Occupied,2026-06-26T15:03:02.901501+00:00,1086,car,0.8831179141998291,7935,335.9049987792969,324.0509948730469,393.1732482910156,362.7505187988281
2026-06-26T17:15:22.212075+00:00,spot_6,Spot 6,Occupied,2026-06-26T17:15:22.212075+00:00,1229,car,0.4907630681991577,233,276.984619140625,322.6036376953125,342.61383056640625,363.0947265625
2026-06-26T17:15:22.212075+00:00,spot_7,Spot 7,Occupied,2026-06-26T16:16:46.372301+00:00,1017,car,0.7934499979019165,15637,247.41448974609375,327.9716491699219,295.87615966796875,357.4429016113281
2026-06-26T17:15:22.212075+00:00,spot_8,Spot 8,Occupied,2026-06-26T16:38:49.227314+00:00,1034,car,0.6453397274017334,12396,206.78289794921875,321.8807373046875,261.6571044921875,354.4415283203125
2026-06-26T17:15:22.212075+00:00,spot_9,Spot 9,Empty,2026-06-26T17:08:55.296219+00:00,,,,,,,,
2026-06-26T17:15:22.212075+00:00,spot_10,Spot 10,Occupied,2026-06-26T17:08:55.296219+00:00,1222,car,0.7567107677459717,802,150.05926513671875,320.26519775390625,202.30084228515625,347.86419677734375
2026-06-26T17:15:22.212075+00:00,spot_11,Spot 11,Occupied,2026-06-26T17:12:49.677929+00:00,1227,truck,0.4603966772556305,379,112.68827819824219,315.55047607421875,160.44346618652344,344.95013427734375
2026-06-26T17:15:22.212075+00:00,spot_12,Spot 12,Empty,2026-06-26T16:29:03.230941+00:00,,,,,,,,
2026-06-26T17:15:22.212075+00:00,spot_13,Spot 13,Empty,2026-06-26T16:46:49.452161+00:00,,,,,,,,
2026-06-26T17:15:22.212075+00:00,spot_14,Spot 14,Empty,2026-06-26T17:15:22.212075+00:00,,,,,,,,
2026-06-26T17:15:22.212075+00:00,spot_15,Spot 15,Empty,2026-06-26T17:05:57.174201+00:00,,,,,,,,
2026-06-26T17:15:22.212075+00:00,spot_16,Spot 16,Empty,2026-06-26T16:42:47.594822+00:00,,,,,,,,
2026-06-26T17:15:22.212075+00:00,spot_17,Spot 17,Empty,2026-06-25T18:08:23.061954+00:00,,,,,,,,
2026-06-26T17:16:51.278551+00:00,spot_1,Spot 1,Occupied,2026-06-26T16:59:04.363644+00:00,1078,car,0.8504458069801331,8606,571.3238525390625,320.7353515625,615.588134765625,370.8455810546875
2026-06-26T17:16:51.278551+00:00,spot_2,Spot 2,Occupied,2026-06-26T17:13:57.845360+00:00,1179,truck,0.625260055065155,3379,507.59808349609375,313.0711364746094,552.1260375976562,362.7093200683594
2026-06-26T17:16:51.278551+00:00,spot_3,Spot 3,Occupied,2026-06-26T16:57:34.804814+00:00,1215,car,0.8496095538139343,1162,446.482666015625,321.13543701171875,501.2474365234375,363.64910888671875
2026-06-26T17:16:51.278551+00:00,spot_4,Spot 4,Occupied,2026-06-26T14:29:07.349125+00:00,1057,car,0.8982422351837158,10070,391.320068359375,325.29010009765625,448.6788330078125,361.9454345703125
2026-06-26T17:16:51.278551+00:00,spot_5,Spot 5,Occupied,2026-06-26T15:03:02.901501+00:00,1086,car,0.6911532282829285,8031,336.20556640625,323.58172607421875,385.6064453125,363.02996826171875
2026-06-26T17:16:51.278551+00:00,spot_6,Spot 6,Occupied,2026-06-26T17:15:22.212075+00:00,1229,car,0.44933462142944336,329,276.8186340332031,322.7289733886719,342.6797790527344,363.0433654785156
2026-06-26T17:16:51.278551+00:00,spot_7,Spot 7,Occupied,2026-06-26T16:16:46.372301+00:00,1017,car,0.8400712609291077,15733,247.3773956298828,328.52618408203125,295.84832763671875,357.94573974609375
2026-06-26T17:16:51.278551+00:00,spot_8,Spot 8,Occupied,2026-06-26T16:38:49.227314+00:00,1034,car,0.7636170387268066,12492,206.91189575195312,322.4625244140625,259.2323913574219,354.6337890625
2026-06-26T17:16:51.278551+00:00,spot_9,Spot 9,Empty,2026-06-26T17:08:55.296219+00:00,,,,,,,,
2026-06-26T17:16:51.278551+00:00,spot_10,Spot 10,Occupied,2026-06-26T17:08:55.296219+00:00,1222,car,0.8006718158721924,898,148.0106201171875,320.56689453125,201.9156494140625,347.47509765625
2026-06-26T17:16:51.278551+00:00,spot_11,Spot 11,Occupied,2026-06-26T17:16:51.278551+00:00,1233,car,0.3720318377017975,0,113.51964569091797,316.0726318359375,158.42242431640625,344.5025634765625
2026-06-26T17:16:51.278551+00:00,spot_12,Spot 12,Empty,2026-06-26T16:29:03.230941+00:00,,,,,,,,
2026-06-26T17:16:51.278551+00:00,spot_13,Spot 13,Empty,2026-06-26T16:46:49.452161+00:00,,,,,,,,
2026-06-26T17:16:51.278551+00:00,spot_14,Spot 14,Empty,2026-06-26T17:15:22.212075+00:00,,,,,,,,
2026-06-26T17:16:51.278551+00:00,spot_15,Spot 15,Empty,2026-06-26T17:05:57.174201+00:00,,,,,,,,
2026-06-26T17:16:51.278551+00:00,spot_16,Spot 16,Empty,2026-06-26T16:42:47.594822+00:00,,,,,,,,
2026-06-26T17:16:51.278551+00:00,spot_17,Spot 17,Empty,2026-06-25T18:08:23.061954+00:00,,,,,,,,
2026-06-26T17:17:58.893390+00:00,spot_1,Spot 1,Occupied,2026-06-26T16:59:04.363644+00:00,1078,car,0.8095812201499939,8670,571.3217163085938,321.1312255859375,615.1764526367188,370.94287109375
2026-06-26T17:17:58.893390+00:00,spot_2,Spot 2,Occupied,2026-06-26T17:13:57.845360+00:00,1179,truck,0.7182656526565552,3443,507.928955078125,313.251220703125,552.880615234375,362.282470703125
2026-06-26T17:17:58.893390+00:00,spot_3,Spot 3,Occupied,2026-06-26T16:57:34.804814+00:00,1215,car,0.47849124670028687,1226,446.49395751953125,321.8360595703125,493.91729736328125,362.606689453125
2026-06-26T17:17:58.893390+00:00,spot_4,Spot 4,Occupied,2026-06-26T14:29:07.349125+00:00,1057,car,0.8964080214500427,10134,391.406005859375,325.48150634765625,448.747314453125,362.71478271484375
2026-06-26T17:17:58.893390+00:00,spot_5,Spot 5,Occupied,2026-06-26T15:03:02.901501+00:00,1086,car,0.8791191577911377,8095,336.44488525390625,323.78167724609375,392.8050537109375,362.46441650390625
2026-06-26T17:17:58.893390+00:00,spot_6,Spot 6,Occupied,2026-06-26T17:17:58.893390+00:00,1218,truck,0.360212504863739,1226,277.37493896484375,323.3831481933594,341.55499267578125,363.3628845214844
2026-06-26T17:17:58.893390+00:00,spot_7,Spot 7,Occupied,2026-06-26T16:16:46.372301+00:00,1017,car,0.8436738848686218,15797,247.1145477294922,327.9002685546875,296.06658935546875,357.4588623046875
2026-06-26T17:17:58.893390+00:00,spot_8,Spot 8,Occupied,2026-06-26T16:38:49.227314+00:00,1034,car,0.84511798620224,12555,206.59866333007812,322.19586181640625,258.3639831542969,354.59124755859375
2026-06-26T17:17:58.893390+00:00,spot_9,Spot 9,Empty,2026-06-26T17:08:55.296219+00:00,,,,,,,,
2026-06-26T17:17:58.893390+00:00,spot_10,Spot 10,Occupied,2026-06-26T17:08:55.296219+00:00,1222,car,0.6976751089096069,962,148.75408935546875,323.80401611328125,202.03875732421875,347.51336669921875
2026-06-26T17:17:58.893390+00:00,spot_11,Spot 11,Occupied,2026-06-26T17:16:51.278551+00:00,1233,car,0.352789044380188,63,113.95948791503906,316.6859130859375,160.83253479003906,344.5506591796875
2026-06-26T17:17:58.893390+00:00,spot_12,Spot 12,Empty,2026-06-26T16:29:03.230941+00:00,,,,,,,,
2026-06-26T17:17:58.893390+00:00,spot_13,Spot 13,Empty,2026-06-26T16:46:49.452161+00:00,,,,,,,,
2026-06-26T17:17:58.893390+00:00,spot_14,Spot 14,Empty,2026-06-26T17:15:22.212075+00:00,,,,,,,,
2026-06-26T17:17:58.893390+00:00,spot_15,Spot 15,Empty,2026-06-26T17:05:57.174201+00:00,,,,,,,,
2026-06-26T17:17:58.893390+00:00,spot_16,Spot 16,Empty,2026-06-26T16:42:47.594822+00:00,,,,,,,,
2026-06-26T17:17:58.893390+00:00,spot_17,Spot 17,Empty,2026-06-25T18:08:23.061954+00:00,,,,,,,,
2026-06-26T17:19:28.037757+00:00,spot_1,Spot 1,Occupied,2026-06-26T16:59:04.363644+00:00,1078,car,0.7892498970031738,8758,571.585693359375,321.0706787109375,616.5755615234375,371.08099365234375
2026-06-26T17:19:28.037757+00:00,spot_2,Spot 2,Occupied,2026-06-26T17:13:57.845360+00:00,1179,truck,0.6089454293251038,3532,507.50433349609375,313.34576416015625,552.2334594726562,362.5665283203125
2026-06-26T17:19:28.037757+00:00,spot_3,Spot 3,Occupied,2026-06-26T16:57:34.804814+00:00,1215,car,0.867642343044281,1314,446.5970153808594,321.1107177734375,499.6039123535156,363.03692626953125
2026-06-26T17:19:28.037757+00:00,spot_4,Spot 4,Occupied,2026-06-26T14:29:07.349125+00:00,1057,car,0.9057514667510986,10223,391.44622802734375,325.3699035644531,448.88800048828125,362.5802307128906
2026-06-26T17:19:28.037757+00:00,spot_5,Spot 5,Occupied,2026-06-26T15:03:02.901501+00:00,1086,car,0.7740901112556458,8183,336.2089538574219,323.75360107421875,389.6295471191406,362.25701904296875
2026-06-26T17:19:28.037757+00:00,spot_6,Spot 6,Occupied,2026-06-26T17:17:58.893390+00:00,1218,truck,0.47704264521598816,1314,277.9209899902344,322.2293701171875,342.7062072753906,362.2823486328125
2026-06-26T17:19:28.037757+00:00,spot_7,Spot 7,Occupied,2026-06-26T16:16:46.372301+00:00,1017,car,0.7908840179443359,15885,247.12173461914062,328.0703125,295.8584289550781,358.2213134765625
2026-06-26T17:19:28.037757+00:00,spot_8,Spot 8,Occupied,2026-06-26T16:38:49.227314+00:00,1034,car,0.7167689800262451,12644,206.72128295898438,321.61260986328125,259.2355041503906,354.44696044921875
2026-06-26T17:19:28.037757+00:00,spot_9,Spot 9,Empty,2026-06-26T17:08:55.296219+00:00,,,,,,,,
2026-06-26T17:19:28.037757+00:00,spot_10,Spot 10,Occupied,2026-06-26T17:08:55.296219+00:00,1222,car,0.7361471056938171,1050,150.38328552246094,321.48736572265625,202.5233612060547,347.46551513671875
2026-06-26T17:19:28.037757+00:00,spot_11,Spot 11,Occupied,2026-06-26T17:19:28.037757+00:00,1227,truck,0.5424782037734985,627,113.21810913085938,316.81170654296875,160.60845947265625,344.95941162109375
2026-06-26T17:19:28.037757+00:00,spot_12,Spot 12,Empty,2026-06-26T16:29:03.230941+00:00,,,,,,,,
2026-06-26T17:19:28.037757+00:00,spot_13,Spot 13,Empty,2026-06-26T16:46:49.452161+00:00,,,,,,,,
2026-06-26T17:19:28.037757+00:00,spot_14,Spot 14,Empty,2026-06-26T17:15:22.212075+00:00,,,,,,,,
2026-06-26T17:19:28.037757+00:00,spot_15,Spot 15,Empty,2026-06-26T17:05:57.174201+00:00,,,,,,,,
2026-06-26T17:19:28.037757+00:00,spot_16,Spot 16,Empty,2026-06-26T16:42:47.594822+00:00,,,,,,,,
2026-06-26T17:19:28.037757+00:00,spot_17,Spot 17,Empty,2026-06-25T18:08:23.061954+00:00,,,,,,,,
2026-06-26T17:20:58.339424+00:00,spot_1,Spot 1,Occupied,2026-06-26T16:59:04.363644+00:00,1078,car,0.6808767318725586,8852,571.135009765625,320.9722900390625,615.857177734375,371.137939453125
2026-06-26T17:20:58.339424+00:00,spot_2,Spot 2,Occupied,2026-06-26T17:13:57.845360+00:00,1179,truck,0.7643930315971375,3626,507.70281982421875,312.3511657714844,552.0516967773438,361.9944763183594
2026-06-26T17:20:58.339424+00:00,spot_3,Spot 3,Occupied,2026-06-26T17:20:58.339424+00:00,1235,truck,0.48537173867225647,0,446.4525146484375,315.5289306640625,502.7415771484375,363.0699462890625
2026-06-26T17:20:58.339424+00:00,spot_4,Spot 4,Occupied,2026-06-26T14:29:07.349125+00:00,1057,car,0.8857923150062561,10317,391.343017578125,325.15087890625,448.1656494140625,363.2177734375
2026-06-26T17:20:58.339424+00:00,spot_5,Spot 5,Occupied,2026-06-26T15:03:02.901501+00:00,1086,car,0.874062716960907,8277,336.08807373046875,323.4429931640625,392.95855712890625,361.979736328125
2026-06-26T17:20:58.339424+00:00,spot_6,Spot 6,Occupied,2026-06-26T17:17:58.893390+00:00,1218,truck,0.5319498181343079,1408,278.17822265625,321.964111328125,342.5042724609375,362.765869140625
2026-06-26T17:20:58.339424+00:00,spot_7,Spot 7,Occupied,2026-06-26T16:16:46.372301+00:00,1017,car,0.8180102705955505,15979,247.32867431640625,327.9315185546875,295.52740478515625,357.758544921875
2026-06-26T17:20:58.339424+00:00,spot_8,Spot 8,Occupied,2026-06-26T16:38:49.227314+00:00,1034,car,0.8094990253448486,12738,206.7430419921875,322.02520751953125,257.796142578125,354.04302978515625
2026-06-26T17:20:58.339424+00:00,spot_9,Spot 9,Empty,2026-06-26T17:08:55.296219+00:00,,,,,,,,
2026-06-26T17:20:58.339424+00:00,spot_10,Spot 10,Occupied,2026-06-26T17:08:55.296219+00:00,1222,car,0.7135766744613647,1144,146.57373046875,321.64239501953125,202.65988159179688,347.39788818359375
2026-06-26T17:20:58.339424+00:00,spot_11,Spot 11,Occupied,2026-06-26T17:19:28.037757+00:00,1227,truck,0.437875360250473,721,113.81671905517578,316.3131408691406,160.41119384765625,344.7482604980469
2026-06-26T17:20:58.339424+00:00,spot_12,Spot 12,Empty,2026-06-26T16:29:03.230941+00:00,,,,,,,,
2026-06-26T17:20:58.339424+00:00,spot_13,Spot 13,Empty,2026-06-26T16:46:49.452161+00:00,,,,,,,,
2026-06-26T17:20:58.339424+00:00,spot_14,Spot 14,Occupied,2026-06-26T17:20:58.339424+00:00,1234,truck,0.6036950349807739,0,39.76666259765625,311.18817138671875,86.66297912597656,332.82196044921875
2026-06-26T17:20:58.339424+00:00,spot_15,Spot 15,Empty,2026-06-26T17:05:57.174201+00:00,,,,,,,,
2026-06-26T17:20:58.339424+00:00,spot_16,Spot 16,Empty,2026-06-26T16:42:47.594822+00:00,,,,,,,,
2026-06-26T17:20:58.339424+00:00,spot_17,Spot 17,Empty,2026-06-25T18:08:23.061954+00:00,,,,,,,,
2026-06-26T17:22:10.199732+00:00,spot_1,Spot 1,Occupied,2026-06-26T16:59:04.363644+00:00,1078,car,0.6994308829307556,8935,571.2000732421875,320.216064453125,614.8680419921875,371.009033203125
2026-06-26T17:22:10.199732+00:00,spot_2,Spot 2,Occupied,2026-06-26T17:13:57.845360+00:00,1179,truck,0.6933395266532898,3708,507.8845520019531,312.83087158203125,552.15380859375,362.20648193359375
2026-06-26T17:22:10.199732+00:00,spot_3,Spot 3,Occupied,2026-06-26T17:20:58.339424+00:00,1235,truck,0.3985239267349243,82,446.44580078125,320.00408935546875,502.45880126953125,363.68035888671875
2026-06-26T17:22:10.199732+00:00,spot_4,Spot 4,Occupied,2026-06-26T14:29:07.349125+00:00,1057,car,0.8948614001274109,10400,391.46435546875,325.0967712402344,448.44818115234375,362.0219421386719
2026-06-26T17:22:10.199732+00:00,spot_5,Spot 5,Occupied,2026-06-26T15:03:02.901501+00:00,1086,car,0.8151300549507141,8360,336.423095703125,323.37054443359375,390.703125,362.38177490234375
2026-06-26T17:22:10.199732+00:00,spot_6,Spot 6,Occupied,2026-06-26T17:17:58.893390+00:00,1218,truck,0.6393218636512756,1491,277.20147705078125,321.61785888671875,341.94366455078125,362.74713134765625
2026-06-26T17:22:10.199732+00:00,spot_7,Spot 7,Occupied,2026-06-26T16:16:46.372301+00:00,1017,car,0.5328657627105713,16062,247.32086181640625,328.1506652832031,295.51947021484375,357.3772277832031
2026-06-26T17:22:10.199732+00:00,spot_8,Spot 8,Occupied,2026-06-26T16:38:49.227314+00:00,1034,car,0.7932078242301941,12821,207.031005859375,322.3956298828125,259.37481689453125,354.1719970703125
2026-06-26T17:22:10.199732+00:00,spot_9,Spot 9,Empty,2026-06-26T17:08:55.296219+00:00,,,,,,,,
2026-06-26T17:22:10.199732+00:00,spot_10,Spot 10,Occupied,2026-06-26T17:08:55.296219+00:00,1222,car,0.8445009589195251,1227,149.55111694335938,320.82269287109375,201.80325317382812,347.19085693359375
2026-06-26T17:22:10.199732+00:00,spot_11,Spot 11,Occupied,2026-06-26T17:22:10.199732+00:00,1236,car,0.6058484315872192,0,112.6606216430664,316.8732604980469,160.48715209960938,345.3548278808594
2026-06-26T17:22:10.199732+00:00,spot_12,Spot 12,Empty,2026-06-26T16:29:03.230941+00:00,,,,,,,,
2026-06-26T17:22:10.199732+00:00,spot_13,Spot 13,Empty,2026-06-26T16:46:49.452161+00:00,,,,,,,,
2026-06-26T17:22:10.199732+00:00,spot_14,Spot 14,Occupied,2026-06-26T17:20:58.339424+00:00,1234,truck,0.47083473205566406,82,40.84294509887695,310.9834289550781,92.51844787597656,332.8467102050781
2026-06-26T17:22:10.199732+00:00,spot_15,Spot 15,Empty,2026-06-26T17:05:57.174201+00:00,,,,,,,,
2026-06-26T17:22:10.199732+00:00,spot_16,Spot 16,Empty,2026-06-26T16:42:47.594822+00:00,,,,,,,,
2026-06-26T17:22:10.199732+00:00,spot_17,Spot 17,Empty,2026-06-25T18:08:23.061954+00:00,,,,,,,,
2026-06-26T17:23:34.886009+00:00,spot_1,Spot 1,Occupied,2026-06-26T16:59:04.363644+00:00,1078,car,0.8181737065315247,9004,571.3612060546875,320.721435546875,614.97900390625,371.1888427734375
2026-06-26T17:23:34.886009+00:00,spot_2,Spot 2,Occupied,2026-06-26T17:13:57.845360+00:00,1179,truck,0.696475088596344,3777,507.8827209472656,313.08636474609375,551.3468017578125,362.24468994140625
2026-06-26T17:23:34.886009+00:00,spot_3,Spot 3,Occupied,2026-06-26T17:20:58.339424+00:00,1235,truck,0.37017446756362915,151,446.1200866699219,320.03076171875,501.9650573730469,361.9315185546875
2026-06-26T17:23:34.886009+00:00,spot_4,Spot 4,Occupied,2026-06-26T14:29:07.349125+00:00,1057,car,0.9090947508811951,10468,391.43658447265625,325.2744445800781,448.379638671875,362.0666198730469
2026-06-26T17:23:34.886009+00:00,spot_5,Spot 5,Occupied,2026-06-26T15:03:02.901501+00:00,1086,car,0.7994553446769714,8429,336.22882080078125,323.64080810546875,392.40850830078125,361.90301513671875
2026-06-26T17:23:34.886009+00:00,spot_6,Spot 6,Occupied,2026-06-26T17:23:34.886009+00:00,1238,car,0.40930449962615967,0,277.55169677734375,322.385986328125,343.75555419921875,363.51300048828125
2026-06-26T17:23:34.886009+00:00,spot_7,Spot 7,Occupied,2026-06-26T16:16:46.372301+00:00,1017,car,0.838233470916748,16131,247.48829650878906,328.1074523925781,295.821044921875,357.6981506347656
2026-06-26T17:23:34.886009+00:00,spot_8,Spot 8,Occupied,2026-06-26T16:38:49.227314+00:00,1034,car,0.811461329460144,12889,206.73037719726562,321.87152099609375,258.1014099121094,354.53558349609375
2026-06-26T17:23:34.886009+00:00,spot_9,Spot 9,Empty,2026-06-26T17:08:55.296219+00:00,,,,,,,,
2026-06-26T17:23:34.886009+00:00,spot_10,Spot 10,Occupied,2026-06-26T17:08:55.296219+00:00,1222,car,0.8273515105247498,1296,147.77804565429688,321.373046875,202.76815795898438,347.62005615234375
2026-06-26T17:23:34.886009+00:00,spot_11,Spot 11,Empty,2026-06-26T17:23:34.886009+00:00,,,,,,,,
2026-06-26T17:23:34.886009+00:00,spot_12,Spot 12,Occupied,2026-06-26T17:23:34.886009+00:00,1227,truck,0.47497695684432983,873,96.69879150390625,314.494873046875,152.22409057617188,342.0030517578125
2026-06-26T17:23:34.886009+00:00,spot_13,Spot 13,Empty,2026-06-26T16:46:49.452161+00:00,,,,,,,,
2026-06-26T17:23:34.886009+00:00,spot_14,Spot 14,Empty,2026-06-26T17:23:34.886009+00:00,,,,,,,,
2026-06-26T17:23:34.886009+00:00,spot_15,Spot 15,Empty,2026-06-26T17:05:57.174201+00:00,,,,,,,,
2026-06-26T17:23:34.886009+00:00,spot_16,Spot 16,Empty,2026-06-26T16:42:47.594822+00:00,,,,,,,,
2026-06-26T17:23:34.886009+00:00,spot_17,Spot 17,Occupied,2026-06-26T17:23:34.886009+00:00,1237,car,0.6414552330970764,0,0.09771728515625,317.0218200683594,24.22020721435547,341.2602233886719
2026-06-26T17:25:09.410151+00:00,spot_1,Spot 1,Occupied,2026-06-26T17:25:09.410151+00:00,1239,truck,0.46723347902297974,0,571.291748046875,320.436767578125,616.039306640625,371.39776611328125
2026-06-26T17:25:09.410151+00:00,spot_2,Spot 2,Occupied,2026-06-26T17:13:57.845360+00:00,1179,truck,0.5668766498565674,3872,507.7807312011719,312.92803955078125,551.772705078125,362.44488525390625
2026-06-26T17:25:09.410151+00:00,spot_3,Spot 3,Occupied,2026-06-26T17:20:58.339424+00:00,1235,truck,0.643129289150238,246,446.32159423828125,309.3413391113281,503.74530029296875,364.7367248535156
2026-06-26T17:25:09.410151+00:00,spot_4,Spot 4,Occupied,2026-06-26T14:29:07.349125+00:00,1057,car,0.897382915019989,10563,391.412841796875,325.38629150390625,448.275146484375,361.70025634765625
2026-06-26T17:25:09.410151+00:00,spot_5,Spot 5,Occupied,2026-06-26T15:03:02.901501+00:00,1086,car,0.848493754863739,8524,336.0867004394531,323.0838623046875,392.5645446777344,362.3052978515625
2026-06-26T17:25:09.410151+00:00,spot_6,Spot 6,Occupied,2026-06-26T17:25:09.410151+00:00,1218,truck,0.5236077904701233,1655,278.76312255859375,321.77789306640625,341.1910400390625,362.54083251953125
2026-06-26T17:25:09.410151+00:00,spot_7,Spot 7,Occupied,2026-06-26T16:16:46.372301+00:00,1017,car,0.4481755197048187,16226,247.49026489257812,327.8957214355469,295.7287292480469,357.7571105957031
2026-06-26T17:25:09.410151+00:00,spot_8,Spot 8,Occupied,2026-06-26T16:38:49.227314+00:00,1034,car,0.7471072673797607,12984,206.45654296875,322.00250244140625,258.9330139160156,354.89727783203125
2026-06-26T17:25:09.410151+00:00,spot_9,Spot 9,Empty,2026-06-26T17:08:55.296219+00:00,,,,,,,,
2026-06-26T17:25:09.410151+00:00,spot_10,Spot 10,Occupied,2026-06-26T17:08:55.296219+00:00,1222,car,0.8336897492408752,1391,145.90625,320.5458984375,202.08258056640625,347.594482421875
2026-06-26T17:25:09.410151+00:00,spot_11,Spot 11,Empty,2026-06-26T17:23:34.886009+00:00,,,,,,,,
2026-06-26T17:25:09.410151+00:00,spot_12,Spot 12,Occupied,2026-06-26T17:23:34.886009+00:00,1227,truck,0.4931573271751404,968,94.12103271484375,313.8729248046875,152.22598266601562,341.6463623046875
2026-06-26T17:25:09.410151+00:00,spot_13,Spot 13,Empty,2026-06-26T16:46:49.452161+00:00,,,,,,,,
2026-06-26T17:25:09.410151+00:00,spot_14,Spot 14,Occupied,2026-06-26T17:25:09.410151+00:00,1234,truck,0.5619152784347534,246,39.45893859863281,311.6259460449219,94.90168762207031,332.9582214355469
2026-06-26T17:25:09.410151+00:00,spot_15,Spot 15,Empty,2026-06-26T17:05:57.174201+00:00,,,,,,,,
2026-06-26T17:25:09.410151+00:00,spot_16,Spot 16,Empty,2026-06-26T16:42:47.594822+00:00,,,,,,,,
2026-06-26T17:25:09.410151+00:00,spot_17,Spot 17,Empty,2026-06-26T17:25:09.410151+00:00,,,,,,,,
2026-06-26T17:26:07.863035+00:00,spot_1,Spot 1,Occupied,2026-06-26T17:25:09.410151+00:00,1239,truck,0.3542805314064026,75,571.5977783203125,320.8453369140625,615.2728271484375,370.3797607421875
2026-06-26T17:26:07.863035+00:00,spot_2,Spot 2,Occupied,2026-06-26T17:13:57.845360+00:00,1179,truck,0.5035783648490906,3948,507.7521667480469,313.34625244140625,551.792724609375,361.94256591796875
2026-06-26T17:26:07.863035+00:00,spot_3,Spot 3,Occupied,2026-06-26T17:26:07.863035+00:00,1240,car,0.8423535227775574,0,446.64398193359375,321.1111755371094,498.73687744140625,363.4424743652344
2026-06-26T17:26:07.863035+00:00,spot_4,Spot 4,Occupied,2026-06-26T14:29:07.349125+00:00,1057,car,0.90493243932724,10639,391.341552734375,325.28314208984375,449.377197265625,361.50384521484375
2026-06-26T17:26:07.863035+00:00,spot_5,Spot 5,Occupied,2026-06-26T15:03:02.901501+00:00,1086,car,0.8547661900520325,8599,336.08935546875,323.775634765625,393.3150634765625,363.3050537109375
2026-06-26T17:26:07.863035+00:00,spot_6,Spot 6,Occupied,2026-06-26T17:25:09.410151+00:00,1218,truck,0.625236988067627,1730,278.2705078125,322.0330810546875,343.2135009765625,363.03997802734375
2026-06-26T17:26:07.863035+00:00,spot_7,Spot 7,Occupied,2026-06-26T16:16:46.372301+00:00,1017,car,0.6362575888633728,16301,247.31121826171875,328.2296142578125,296.77081298828125,357.5008544921875
2026-06-26T17:26:07.863035+00:00,spot_8,Spot 8,Occupied,2026-06-26T16:38:49.227314+00:00,1034,car,0.7346320748329163,13060,207.00347900390625,322.0722351074219,258.03033447265625,354.0264587402344
2026-06-26T17:26:07.863035+00:00,spot_9,Spot 9,Empty,2026-06-26T17:08:55.296219+00:00,,,,,,,,
2026-06-26T17:26:07.863035+00:00,spot_10,Spot 10,Occupied,2026-06-26T17:08:55.296219+00:00,1222,car,0.811538815498352,1466,146.37835693359375,321.4955749511719,201.81597900390625,347.3515930175781
2026-06-26T17:26:07.863035+00:00,spot_11,Spot 11,Empty,2026-06-26T17:23:34.886009+00:00,,,,,,,,
2026-06-26T17:26:07.863035+00:00,spot_12,Spot 12,Occupied,2026-06-26T17:23:34.886009+00:00,1227,truck,0.4288032650947571,1043,90.69532775878906,313.894287109375,152.48663330078125,341.67578125
2026-06-26T17:26:07.863035+00:00,spot_13,Spot 13,Empty,2026-06-26T16:46:49.452161+00:00,,,,,,,,
2026-06-26T17:26:07.863035+00:00,spot_14,Spot 14,Occupied,2026-06-26T17:25:09.410151+00:00,1234,truck,0.4159375727176666,321,39.6682243347168,311.68060302734375,92.27998352050781,332.65704345703125
2026-06-26T17:26:07.863035+00:00,spot_15,Spot 15,Empty,2026-06-26T17:05:57.174201+00:00,,,,,,,,
2026-06-26T17:26:07.863035+00:00,spot_16,Spot 16,Empty,2026-06-26T16:42:47.594822+00:00,,,,,,,,
2026-06-26T17:26:07.863035+00:00,spot_17,Spot 17,Empty,2026-06-26T17:25:09.410151+00:00,,,,,,,,
2026-06-26T17:27:29.851446+00:00,spot_1,Spot 1,Occupied,2026-06-26T17:25:09.410151+00:00,1239,truck,0.4495019018650055,140,571.507080078125,320.6163330078125,616.619140625,370.9822998046875
2026-06-26T17:27:29.851446+00:00,spot_2,Spot 2,Occupied,2026-06-26T17:13:57.845360+00:00,1179,truck,0.7080596089363098,4012,507.64208984375,313.08917236328125,551.2440185546875,362.45416259765625
2026-06-26T17:27:29.851446+00:00,spot_3,Spot 3,Occupied,2026-06-26T17:26:07.863035+00:00,1240,car,0.7877724170684814,64,446.7232666015625,320.8370361328125,501.95849609375,363.65167236328125
2026-06-26T17:27:29.851446+00:00,spot_4,Spot 4,Occupied,2026-06-26T14:29:07.349125+00:00,1057,car,0.9059518575668335,10703,391.3309326171875,325.4679870605469,448.8841552734375,362.1098937988281
2026-06-26T17:27:29.851446+00:00,spot_5,Spot 5,Occupied,2026-06-26T15:03:02.901501+00:00,1086,car,0.862055778503418,8664,336.1384582519531,323.37457275390625,393.3955383300781,362.064453125
2026-06-26T17:27:29.851446+00:00,spot_6,Spot 6,Occupied,2026-06-26T17:27:29.851446+00:00,1241,car,0.4173974096775055,0,277.3332214355469,321.7775573730469,342.8115539550781,363.0697326660156
2026-06-26T17:27:29.851446+00:00,spot_7,Spot 7,Occupied,2026-06-26T16:16:46.372301+00:00,1017,car,0.8439119458198547,16366,246.93212890625,328.1865234375,296.24835205078125,356.676513671875
2026-06-26T17:27:29.851446+00:00,spot_8,Spot 8,Occupied,2026-06-26T16:38:49.227314+00:00,1034,car,0.5854921340942383,13125,206.46109008789062,322.8603820800781,264.16802978515625,354.8334045410156
2026-06-26T17:27:29.851446+00:00,spot_9,Spot 9,Empty,2026-06-26T17:08:55.296219+00:00,,,,,,,,
2026-06-26T17:27:29.851446+00:00,spot_10,Spot 10,Occupied,2026-06-26T17:08:55.296219+00:00,1222,car,0.8261426091194153,1531,146.95408630371094,321.7816162109375,202.36329650878906,347.550537109375
2026-06-26T17:27:29.851446+00:00,spot_11,Spot 11,Empty,2026-06-26T17:23:34.886009+00:00,,,,,,,,
2026-06-26T17:27:29.851446+00:00,spot_12,Spot 12,Occupied,2026-06-26T17:23:34.886009+00:00,1227,truck,0.5585746169090271,1108,93.7177734375,314.355712890625,152.46697998046875,341.57281494140625
2026-06-26T17:27:29.851446+00:00,spot_13,Spot 13,Empty,2026-06-26T16:46:49.452161+00:00,,,,,,,,
2026-06-26T17:27:29.851446+00:00,spot_14,Spot 14,Occupied,2026-06-26T17:25:09.410151+00:00,1234,truck,0.39248916506767273,386,41.55821990966797,311.162109375,91.3211898803711,332.469970703125
2026-06-26T17:27:29.851446+00:00,spot_15,Spot 15,Empty,2026-06-26T17:05:57.174201+00:00,,,,,,,,
2026-06-26T17:27:29.851446+00:00,spot_16,Spot 16,Empty,2026-06-26T16:42:47.594822+00:00,,,,,,,,
2026-06-26T17:27:29.851446+00:00,spot_17,Spot 17,Empty,2026-06-26T17:25:09.410151+00:00,,,,,,,,
2026-06-26T17:28:51.418727+00:00,spot_1,Spot 1,Occupied,2026-06-26T17:28:51.418727+00:00,1078,car,0.7949561476707458,9325,571.275634765625,320.87677001953125,614.6580810546875,370.68865966796875
2026-06-26T17:28:51.418727+00:00,spot_2,Spot 2,Occupied,2026-06-26T17:13:57.845360+00:00,1179,truck,0.45792585611343384,4099,507.7660827636719,313.25616455078125,551.494873046875,362.272705078125
2026-06-26T17:28:51.418727+00:00,spot_3,Spot 3,Empty,2026-06-26T17:28:51.418727+00:00,,,,,,,,
2026-06-26T17:28:51.418727+00:00,spot_4,Spot 4,Occupied,2026-06-26T14:29:07.349125+00:00,1057,car,0.900819718837738,10790,391.39154052734375,325.3013610839844,448.46197509765625,362.2086486816406
2026-06-26T17:28:51.418727+00:00,spot_5,Spot 5,Occupied,2026-06-26T15:03:02.901501+00:00,1086,car,0.854861319065094,8750,336.59271240234375,323.69927978515625,390.96234130859375,361.86859130859375
2026-06-26T17:28:51.418727+00:00,spot_6,Spot 6,Occupied,2026-06-26T17:27:29.851446+00:00,1241,car,0.399149090051651,86,277.8813781738281,322.22222900390625,342.6678771972656,363.09979248046875
2026-06-26T17:28:51.418727+00:00,spot_7,Spot 7,Occupied,2026-06-26T16:16:46.372301+00:00,1017,car,0.8173210620880127,16452,247.47348022460938,328.45257568359375,295.8128356933594,357.50555419921875
2026-06-26T17:28:51.418727+00:00,spot_8,Spot 8,Occupied,2026-06-26T16:38:49.227314+00:00,1034,car,0.6055362224578857,13211,206.79922485351562,321.8190612792969,261.0475158691406,354.9165344238281
2026-06-26T17:28:51.418727+00:00,spot_9,Spot 9,Empty,2026-06-26T17:08:55.296219+00:00,,,,,,,,
2026-06-26T17:28:51.418727+00:00,spot_10,Spot 10,Occupied,2026-06-26T17:08:55.296219+00:00,1222,car,0.7838542461395264,1618,124.57876586914062,321.5633850097656,209.27359008789062,360.9242858886719
2026-06-26T17:28:51.418727+00:00,spot_11,Spot 11,Occupied,2026-06-26T17:28:51.418727+00:00,1227,truck,0.41690072417259216,1195,102.91127014160156,314.1336669921875,152.72105407714844,341.4296875
2026-06-26T17:28:51.418727+00:00,spot_12,Spot 12,Occupied,2026-06-26T17:28:51.418727+00:00,1243,car,0.3938143253326416,0,102.7103271484375,314.18609619140625,152.54104614257812,341.40582275390625
2026-06-26T17:28:51.418727+00:00,spot_13,Spot 13,Empty,2026-06-26T16:46:49.452161+00:00,,,,,,,,
2026-06-26T17:28:51.418727+00:00,spot_14,Spot 14,Empty,2026-06-26T17:28:51.418727+00:00,,,,,,,,
2026-06-26T17:28:51.418727+00:00,spot_15,Spot 15,Empty,2026-06-26T17:05:57.174201+00:00,,,,,,,,
2026-06-26T17:28:51.418727+00:00,spot_16,Spot 16,Empty,2026-06-26T16:42:47.594822+00:00,,,,,,,,
2026-06-26T17:28:51.418727+00:00,spot_17,Spot 17,Empty,2026-06-26T17:25:09.410151+00:00,,,,,,,,
2026-06-26T17:29:59.104629+00:00,spot_1,Spot 1,Occupied,2026-06-26T17:28:51.418727+00:00,1078,car,0.8262237906455994,9395,571.4356689453125,320.5929870605469,614.0675048828125,370.9440612792969
2026-06-26T17:29:59.104629+00:00,spot_2,Spot 2,Occupied,2026-06-26T17:29:59.104629+00:00,1242,car,0.4420020282268524,69,507.82293701171875,312.95947265625,551.2158813476562,362.580810546875
2026-06-26T17:29:59.104629+00:00,spot_3,Spot 3,Empty,2026-06-26T17:28:51.418727+00:00,,,,,,,,
2026-06-26T17:29:59.104629+00:00,spot_4,Spot 4,Occupied,2026-06-26T14:29:07.349125+00:00,1057,car,0.9067453742027283,10859,391.31292724609375,325.2490539550781,448.42425537109375,362.2836608886719
2026-06-26T17:29:59.104629+00:00,spot_5,Spot 5,Occupied,2026-06-26T15:03:02.901501+00:00,1086,car,0.8434158563613892,8820,336.2967529296875,323.46337890625,393.3482666015625,362.41259765625
2026-06-26T17:29:59.104629+00:00,spot_6,Spot 6,Occupied,2026-06-26T17:29:59.104629+00:00,1218,truck,0.6278208494186401,1951,278.72314453125,321.79559326171875,343.25067138671875,362.97735595703125
2026-06-26T17:29:59.104629+00:00,spot_7,Spot 7,Occupied,2026-06-26T16:16:46.372301+00:00,1017,car,0.4479842782020569,16522,247.3834228515625,328.12139892578125,295.619384765625,357.3701171875
2026-06-26T17:29:59.104629+00:00,spot_8,Spot 8,Occupied,2026-06-26T16:38:49.227314+00:00,1034,car,0.5505717396736145,13281,206.40347290039062,322.10345458984375,259.5310363769531,354.13641357421875
2026-06-26T17:29:59.104629+00:00,spot_9,Spot 9,Occupied,2026-06-26T17:29:59.104629+00:00,1222,car,0.5840358138084412,1687,148.32028198242188,318.929443359375,223.69308471679688,353.2557373046875
2026-06-26T17:29:59.104629+00:00,spot_10,Spot 10,Empty,2026-06-26T17:29:59.104629+00:00,,,,,,,,
2026-06-26T17:29:59.104629+00:00,spot_11,Spot 11,Empty,2026-06-26T17:29:59.104629+00:00,,,,,,,,
2026-06-26T17:29:59.104629+00:00,spot_12,Spot 12,Occupied,2026-06-26T17:29:59.104629+00:00,1227,truck,0.5714884996414185,1264,92.64532470703125,313.6536865234375,152.9849853515625,341.45263671875
2026-06-26T17:29:59.104629+00:00,spot_13,Spot 13,Empty,2026-06-26T16:46:49.452161+00:00,,,,,,,,
2026-06-26T17:29:59.104629+00:00,spot_14,Spot 14,Occupied,2026-06-26T17:29:59.104629+00:00,1234,truck,0.3936358392238617,542,40.42822265625,311.72918701171875,91.18313598632812,332.84149169921875
2026-06-26T17:29:59.104629+00:00,spot_15,Spot 15,Empty,2026-06-26T17:05:57.174201+00:00,,,,,,,,
2026-06-26T17:29:59.104629+00:00,spot_16,Spot 16,Empty,2026-06-26T16:42:47.594822+00:00,,,,,,,,
2026-06-26T17:29:59.104629+00:00,spot_17,Spot 17,Empty,2026-06-26T17:25:09.410151+00:00,,,,,,,,
2026-06-26T17:31:32.532775+00:00,spot_1,Spot 1,Occupied,2026-06-26T17:28:51.418727+00:00,1078,car,0.6555535197257996,9482,571.3544921875,320.05474853515625,616.63134765625,371.33465576171875
2026-06-26T17:31:32.532775+00:00,spot_2,Spot 2,Occupied,2026-06-26T17:31:32.532775+00:00,1179,truck,0.6378264427185059,4256,507.92657470703125,313.47412109375,551.1445922851562,362.4420166015625
2026-06-26T17:31:32.532775+00:00,spot_3,Spot 3,Occupied,2026-06-26T17:31:32.532775+00:00,1245,car,0.9106633067131042,0,438.73992919921875,325.5034484863281,493.40948486328125,368.2259826660156
2026-06-26T17:31:32.532775+00:00,spot_4,Spot 4,Occupied,2026-06-26T14:29:07.349125+00:00,1057,car,0.8718569874763489,10947,391.47235107421875,325.3321533203125,446.57623291015625,361.56689453125
2026-06-26T17:31:32.532775+00:00,spot_5,Spot 5,Occupied,2026-06-26T15:03:02.901501+00:00,1086,car,0.8878062963485718,8907,336.137451171875,323.5791015625,393.59515380859375,362.618408203125
2026-06-26T17:31:32.532775+00:00,spot_6,Spot 6,Occupied,2026-06-26T17:31:32.532775+00:00,1241,car,0.5652488470077515,243,277.19281005859375,321.8053283691406,342.67694091796875,363.4485168457031
2026-06-26T17:31:32.532775+00:00,spot_7,Spot 7,Occupied,2026-06-26T16:16:46.372301+00:00,1017,car,0.8220974802970886,16609,247.3787078857422,328.4007568359375,295.85174560546875,357.4163818359375
2026-06-26T17:31:32.532775+00:00,spot_8,Spot 8,Occupied,2026-06-26T16:38:49.227314+00:00,1034,car,0.5018894672393799,13368,206.26873779296875,322.72503662109375,261.3807067871094,354.87396240234375
2026-06-26T17:31:32.532775+00:00,spot_9,Spot 9,Occupied,2026-06-26T17:29:59.104629+00:00,1222,car,0.6030998229980469,1775,152.79959106445312,318.32830810546875,223.69369506835938,352.8966064453125
2026-06-26T17:31:32.532775+00:00,spot_10,Spot 10,Occupied,2026-06-26T17:31:32.532775+00:00,1246,car,0.42329853773117065,0,146.83602905273438,320.6409606933594,179.93154907226562,346.9844665527344
2026-06-26T17:31:32.532775+00:00,spot_11,Spot 11,Empty,2026-06-26T17:29:59.104629+00:00,,,,,,,,
2026-06-26T17:31:32.532775+00:00,spot_12,Spot 12,Occupied,2026-06-26T17:29:59.104629+00:00,1227,truck,0.4291195869445801,1352,90.12530517578125,314.09112548828125,152.6934814453125,341.42877197265625
2026-06-26T17:31:32.532775+00:00,spot_13,Spot 13,Empty,2026-06-26T16:46:49.452161+00:00,,,,,,,,
2026-06-26T17:31:32.532775+00:00,spot_14,Spot 14,Occupied,2026-06-26T17:29:59.104629+00:00,1234,truck,0.37408167123794556,630,40.26560974121094,311.4974365234375,93.34590148925781,333.0645751953125
2026-06-26T17:31:32.532775+00:00,spot_15,Spot 15,Empty,2026-06-26T17:05:57.174201+00:00,,,,,,,,
2026-06-26T17:31:32.532775+00:00,spot_16,Spot 16,Empty,2026-06-26T16:42:47.594822+00:00,,,,,,,,
2026-06-26T17:31:32.532775+00:00,spot_17,Spot 17,Empty,2026-06-26T17:25:09.410151+00:00,,,,,,,,
2026-06-26T17:33:00.658642+00:00,spot_1,Spot 1,Occupied,2026-06-26T17:28:51.418727+00:00,1078,car,0.863676130771637,9575,571.2742919921875,320.614013671875,618.0599365234375,371.0777587890625
2026-06-26T17:33:00.658642+00:00,spot_2,Spot 2,Occupied,2026-06-26T17:31:32.532775+00:00,1179,truck,0.45545071363449097,4348,507.80938720703125,312.69744873046875,552.9176635742188,363.943359375
2026-06-26T17:33:00.658642+00:00,spot_3,Spot 3,Occupied,2026-06-26T17:31:32.532775+00:00,1245,car,0.9029057025909424,92,438.6294860839844,325.3943786621094,493.3924255371094,369.1936950683594
2026-06-26T17:33:00.658642+00:00,spot_4,Spot 4,Occupied,2026-06-26T14:29:07.349125+00:00,1057,car,0.9039462208747864,11039,391.4299011230469,325.2724304199219,447.8206481933594,362.2530822753906
2026-06-26T17:33:00.658642+00:00,spot_5,Spot 5,Occupied,2026-06-26T15:03:02.901501+00:00,1086,car,0.8858464360237122,9000,336.5172119140625,323.8782653808594,392.8343505859375,361.9350280761719
2026-06-26T17:33:00.658642+00:00,spot_6,Spot 6,Occupied,2026-06-26T17:31:32.532775+00:00,1241,car,0.5912245512008667,335,277.548828125,322.64154052734375,343.7752685546875,363.873291015625
2026-06-26T17:33:00.658642+00:00,spot_7,Spot 7,Occupied,2026-06-26T16:16:46.372301+00:00,1017,car,0.8307895064353943,16702,247.73020935058594,328.14208984375,296.0322265625,357.632080078125
2026-06-26T17:33:00.658642+00:00,spot_8,Spot 8,Occupied,2026-06-26T16:38:49.227314+00:00,1034,car,0.7306922078132629,13460,206.16397094726562,322.43682861328125,257.2920837402344,354.08624267578125
2026-06-26T17:33:00.658642+00:00,spot_9,Spot 9,Occupied,2026-06-26T17:29:59.104629+00:00,1222,car,0.694474458694458,1867,147.949951171875,318.59661865234375,222.94955444335938,352.78497314453125
2026-06-26T17:33:00.658642+00:00,spot_10,Spot 10,Empty,2026-06-26T17:33:00.658642+00:00,,,,,,,,
2026-06-26T17:33:00.658642+00:00,spot_11,Spot 11,Occupied,2026-06-26T17:33:00.658642+00:00,1227,truck,0.48548007011413574,1444,92.0042724609375,313.95526123046875,152.58738708496094,340.80267333984375
2026-06-26T17:33:00.658642+00:00,spot_12,Spot 12,Occupied,2026-06-26T17:33:00.658642+00:00,1247,car,0.40914493799209595,0,92.54753112792969,314.0086669921875,152.48757934570312,340.8321533203125
2026-06-26T17:33:00.658642+00:00,spot_13,Spot 13,Empty,2026-06-26T16:46:49.452161+00:00,,,,,,,,
2026-06-26T17:33:00.658642+00:00,spot_14,Spot 14,Empty,2026-06-26T17:33:00.658642+00:00,,,,,,,,
2026-06-26T17:33:00.658642+00:00,spot_15,Spot 15,Empty,2026-06-26T17:05:57.174201+00:00,,,,,,,,
2026-06-26T17:33:00.658642+00:00,spot_16,Spot 16,Empty,2026-06-26T16:42:47.594822+00:00,,,,,,,,
2026-06-26T17:33:00.658642+00:00,spot_17,Spot 17,Empty,2026-06-26T17:25:09.410151+00:00,,,,,,,,
2026-06-26T17:34:07.540565+00:00,spot_1,Spot 1,Occupied,2026-06-26T17:34:07.540565+00:00,1249,truck,0.4385066628456116,0,570.7227172851562,320.5088806152344,617.8121948242188,371.4726257324219
2026-06-26T17:34:07.540565+00:00,spot_2,Spot 2,Occupied,2026-06-26T17:31:32.532775+00:00,1179,truck,0.7678889632225037,4428,507.66815185546875,312.65411376953125,552.1516723632812,362.58978271484375
2026-06-26T17:34:07.540565+00:00,spot_3,Spot 3,Occupied,2026-06-26T17:31:32.532775+00:00,1245,car,0.9147752523422241,171,438.4344482421875,325.2574462890625,493.147705078125,369.126708984375
2026-06-26T17:34:07.540565+00:00,spot_4,Spot 4,Occupied,2026-06-26T14:29:07.349125+00:00,1057,car,0.9038628339767456,11119,391.2359619140625,325.02392578125,448.0018310546875,362.6251220703125
2026-06-26T17:34:07.540565+00:00,spot_5,Spot 5,Occupied,2026-06-26T15:03:02.901501+00:00,1086,car,0.8806399703025818,9079,336.2244873046875,323.3642272949219,394.244140625,362.1164855957031
2026-06-26T17:34:07.540565+00:00,spot_6,Spot 6,Occupied,2026-06-26T17:31:32.532775+00:00,1241,car,0.7167474627494812,415,275.8485107421875,321.5718688964844,342.0166015625,363.0361633300781
2026-06-26T17:34:07.540565+00:00,spot_7,Spot 7,Occupied,2026-06-26T16:16:46.372301+00:00,1017,car,0.8433688879013062,16781,247.05101013183594,328.39111328125,295.970703125,357.36328125
2026-06-26T17:34:07.540565+00:00,spot_8,Spot 8,Occupied,2026-06-26T16:38:49.227314+00:00,1034,car,0.7304420471191406,13540,206.451171875,322.36737060546875,257.7452697753906,354.31427001953125
2026-06-26T17:34:07.540565+00:00,spot_9,Spot 9,Occupied,2026-06-26T17:29:59.104629+00:00,1222,car,0.7509360909461975,1947,149.08248901367188,317.62152099609375,222.84518432617188,352.56158447265625
2026-06-26T17:34:07.540565+00:00,spot_10,Spot 10,Empty,2026-06-26T17:33:00.658642+00:00,,,,,,,,
2026-06-26T17:34:07.540565+00:00,spot_11,Spot 11,Occupied,2026-06-26T17:33:00.658642+00:00,1227,truck,0.44183504581451416,1524,91.48110961914062,313.774169921875,152.4121551513672,341.858154296875
2026-06-26T17:34:07.540565+00:00,spot_12,Spot 12,Occupied,2026-06-26T17:33:00.658642+00:00,1247,car,0.42738062143325806,79,92.01399230957031,313.73223876953125,152.33316040039062,341.9561767578125
2026-06-26T17:34:07.540565+00:00,spot_13,Spot 13,Empty,2026-06-26T16:46:49.452161+00:00,,,,,,,,
2026-06-26T17:34:07.540565+00:00,spot_14,Spot 14,Occupied,2026-06-26T17:34:07.540565+00:00,1234,truck,0.6120635867118835,802,39.60906219482422,310.741455078125,93.03563690185547,332.7330322265625
2026-06-26T17:34:07.540565+00:00,spot_15,Spot 15,Empty,2026-06-26T17:05:57.174201+00:00,,,,,,,,
2026-06-26T17:34:07.540565+00:00,spot_16,Spot 16,Empty,2026-06-26T16:42:47.594822+00:00,,,,,,,,
2026-06-26T17:34:07.540565+00:00,spot_17,Spot 17,Empty,2026-06-26T17:25:09.410151+00:00,,,,,,,,
2026-06-26T17:35:38.918749+00:00,spot_1,Spot 1,Occupied,2026-06-26T17:35:38.918749+00:00,1078,car,0.8063375949859619,9727,571.2288818359375,321.8089599609375,616.5086669921875,370.965576171875
2026-06-26T17:35:38.918749+00:00,spot_2,Spot 2,Occupied,2026-06-26T17:35:38.918749+00:00,1242,car,0.3907628059387207,401,507.8016052246094,322.78082275390625,550.8111572265625,361.88623046875
2026-06-26T17:35:38.918749+00:00,spot_3,Spot 3,Occupied,2026-06-26T17:31:32.532775+00:00,1245,car,0.7885116338729858,244,439.56982421875,323.64923095703125,493.332763671875,365.29486083984375
2026-06-26T17:35:38.918749+00:00,spot_4,Spot 4,Occupied,2026-06-26T14:29:07.349125+00:00,1057,car,0.8848697543144226,11191,391.63323974609375,325.05645751953125,442.43292236328125,362.611328125
2026-06-26T17:35:38.918749+00:00,spot_5,Spot 5,Occupied,2026-06-26T15:03:02.901501+00:00,1086,car,0.8896112442016602,9152,336.5343017578125,323.1810302734375,384.9541015625,361.553466796875
2026-06-26T17:35:38.918749+00:00,spot_6,Spot 6,Occupied,2026-06-26T17:35:38.918749+00:00,1250,truck,0.49403291940689087,0,278.25408935546875,322.32647705078125,343.10504150390625,363.03106689453125
2026-06-26T17:35:38.918749+00:00,spot_7,Spot 7,Occupied,2026-06-26T16:16:46.372301+00:00,1017,car,0.8374562859535217,16854,246.942138671875,327.7226257324219,296.22857666015625,357.6372375488281
2026-06-26T17:35:38.918749+00:00,spot_8,Spot 8,Occupied,2026-06-26T16:38:49.227314+00:00,1034,car,0.7907373309135437,13612,206.22463989257812,322.7211608886719,261.3832092285156,354.3649597167969
2026-06-26T17:35:38.918749+00:00,spot_9,Spot 9,Occupied,2026-06-26T17:29:59.104629+00:00,1222,car,0.6177836060523987,2019,153.673828125,318.43731689453125,223.67547607421875,352.26629638671875
2026-06-26T17:35:38.918749+00:00,spot_10,Spot 10,Empty,2026-06-26T17:33:00.658642+00:00,,,,,,,,
2026-06-26T17:35:38.918749+00:00,spot_11,Spot 11,Occupied,2026-06-26T17:35:38.918749+00:00,1247,car,0.7012988924980164,152,122.81558227539062,317.8271484375,167.74261474609375,343.514892578125
2026-06-26T17:35:38.918749+00:00,spot_12,Spot 12,Empty,2026-06-26T17:35:38.918749+00:00,,,,,,,,
2026-06-26T17:35:38.918749+00:00,spot_13,Spot 13,Empty,2026-06-26T16:46:49.452161+00:00,,,,,,,,
2026-06-26T17:35:38.918749+00:00,spot_14,Spot 14,Occupied,2026-06-26T17:34:07.540565+00:00,1234,truck,0.36715659499168396,874,53.46696472167969,311.0850830078125,93.61996459960938,333.19879150390625
2026-06-26T17:35:38.918749+00:00,spot_15,Spot 15,Empty,2026-06-26T17:05:57.174201+00:00,,,,,,,,
2026-06-26T17:35:38.918749+00:00,spot_16,Spot 16,Empty,2026-06-26T16:42:47.594822+00:00,,,,,,,,
2026-06-26T17:35:38.918749+00:00,spot_17,Spot 17,Empty,2026-06-26T17:25:09.410151+00:00,,,,,,,,
2026-06-26T17:37:06.837173+00:00,spot_1,Spot 1,Occupied,2026-06-26T17:35:38.918749+00:00,1078,car,0.8645837903022766,9816,570.8641357421875,321.2554931640625,616.311279296875,370.40478515625
2026-06-26T17:37:06.837173+00:00,spot_2,Spot 2,Occupied,2026-06-26T17:37:06.837173+00:00,1179,truck,0.6187563538551331,4589,507.9761962890625,313.10174560546875,551.4361572265625,362.0091552734375
2026-06-26T17:37:06.837173+00:00,spot_3,Spot 3,Occupied,2026-06-26T17:31:32.532775+00:00,1245,car,0.6099900603294373,333,439.6986083984375,323.87969970703125,493.123291015625,367.57354736328125
2026-06-26T17:37:06.837173+00:00,spot_4,Spot 4,Occupied,2026-06-26T14:29:07.349125+00:00,1057,car,0.9036110639572144,11280,391.33660888671875,325.28900146484375,446.61334228515625,361.3331298828125
2026-06-26T17:37:06.837173+00:00,spot_5,Spot 5,Occupied,2026-06-26T15:03:02.901501+00:00,1086,car,0.8524109721183777,9241,336.2113037109375,323.43695068359375,392.20068359375,361.13934326171875
2026-06-26T17:37:06.837173+00:00,spot_6,Spot 6,Occupied,2026-06-26T17:35:38.918749+00:00,1250,truck,0.6439618468284607,88,282.80889892578125,322.44293212890625,342.83355712890625,363.66607666015625
2026-06-26T17:37:06.837173+00:00,spot_7,Spot 7,Occupied,2026-06-26T16:16:46.372301+00:00,1017,car,0.6255499720573425,16943,247.35073852539062,327.8184814453125,295.1461486816406,357.6983642578125
2026-06-26T17:37:06.837173+00:00,spot_8,Spot 8,Occupied,2026-06-26T16:38:49.227314+00:00,1034,car,0.6621001958847046,13701,206.19229125976562,322.38153076171875,259.6551208496094,354.58984375
2026-06-26T17:37:06.837173+00:00,spot_9,Spot 9,Occupied,2026-06-26T17:29:59.104629+00:00,1222,car,0.5458945631980896,2108,158.3160858154297,318.10040283203125,223.5127716064453,352.60406494140625
2026-06-26T17:37:06.837173+00:00,spot_10,Spot 10,Occupied,2026-06-26T17:37:06.837173+00:00,1251,car,0.3503827452659607,0,144.1065673828125,321.6904296875,176.7135009765625,346.36358642578125
2026-06-26T17:37:06.837173+00:00,spot_11,Spot 11,Occupied,2026-06-26T17:35:38.918749+00:00,1247,car,0.6922668814659119,241,122.4353256225586,317.7940673828125,167.78689575195312,343.3441162109375
2026-06-26T17:37:06.837173+00:00,spot_12,Spot 12,Empty,2026-06-26T17:35:38.918749+00:00,,,,,,,,
2026-06-26T17:37:06.837173+00:00,spot_13,Spot 13,Empty,2026-06-26T16:46:49.452161+00:00,,,,,,,,
2026-06-26T17:37:06.837173+00:00,spot_14,Spot 14,Empty,2026-06-26T17:37:06.837173+00:00,,,,,,,,
2026-06-26T17:37:06.837173+00:00,spot_15,Spot 15,Empty,2026-06-26T17:05:57.174201+00:00,,,,,,,,
2026-06-26T17:37:06.837173+00:00,spot_16,Spot 16,Empty,2026-06-26T16:42:47.594822+00:00,,,,,,,,
2026-06-26T17:37:06.837173+00:00,spot_17,Spot 17,Empty,2026-06-26T17:25:09.410151+00:00,,,,,,,,
2026-06-26T17:38:08.921531+00:00,spot_1,Spot 1,Empty,2026-06-26T17:38:08.921531+00:00,,,,,,,,
2026-06-26T17:38:08.921531+00:00,spot_2,Spot 2,Occupied,2026-06-26T17:38:08.921531+00:00,1242,car,0.5678069591522217,569,507.6815185546875,313.3661193847656,551.3326416015625,362.3484802246094
2026-06-26T17:38:08.921531+00:00,spot_3,Spot 3,Occupied,2026-06-26T17:31:32.532775+00:00,1245,car,0.7787459492683411,412,438.6773376464844,323.66064453125,493.2690734863281,367.3638916015625
2026-06-26T17:38:08.921531+00:00,spot_4,Spot 4,Occupied,2026-06-26T14:29:07.349125+00:00,1057,car,0.8970910906791687,11360,391.47882080078125,325.27069091796875,442.30755615234375,361.52093505859375
2026-06-26T17:38:08.921531+00:00,spot_5,Spot 5,Occupied,2026-06-26T15:03:02.901501+00:00,1086,car,0.8624074459075928,9320,335.99737548828125,323.72064208984375,393.2786865234375,361.15167236328125
2026-06-26T17:38:08.921531+00:00,spot_6,Spot 6,Occupied,2026-06-26T17:38:08.921531+00:00,1252,car,0.5810152292251587,0,276.96331787109375,322.46240234375,343.599853515625,363.4007568359375
2026-06-26T17:38:08.921531+00:00,spot_7,Spot 7,Occupied,2026-06-26T16:16:46.372301+00:00,1017,car,0.8620204329490662,17022,247.41693115234375,328.3575439453125,296.472900390625,357.0791015625
2026-06-26T17:38:08.921531+00:00,spot_8,Spot 8,Occupied,2026-06-26T16:38:49.227314+00:00,1034,car,0.7848271131515503,13781,206.33999633789062,322.3936767578125,267.3903503417969,353.9036865234375
2026-06-26T17:38:08.921531+00:00,spot_9,Spot 9,Occupied,2026-06-26T17:29:59.104629+00:00,1222,car,0.6495072245597839,2187,156.48898315429688,317.8767395019531,224.19039916992188,352.6701965332031
2026-06-26T17:38:08.921531+00:00,spot_10,Spot 10,Empty,2026-06-26T17:38:08.921531+00:00,,,,,,,,
2026-06-26T17:38:08.921531+00:00,spot_11,Spot 11,Occupied,2026-06-26T17:35:38.918749+00:00,1247,car,0.7004519701004028,320,122.71273803710938,317.7642822265625,167.30181884765625,343.7237548828125
2026-06-26T17:38:08.921531+00:00,spot_12,Spot 12,Empty,2026-06-26T17:35:38.918749+00:00,,,,,,,,
2026-06-26T17:38:08.921531+00:00,spot_13,Spot 13,Occupied,2026-06-26T17:38:08.921531+00:00,1253,car,0.49076712131500244,0,62.53542709350586,314.0625915527344,104.77685546875,335.2256774902344
2026-06-26T17:38:08.921531+00:00,spot_14,Spot 14,Empty,2026-06-26T17:37:06.837173+00:00,,,,,,,,
2026-06-26T17:38:08.921531+00:00,spot_15,Spot 15,Empty,2026-06-26T17:05:57.174201+00:00,,,,,,,,
2026-06-26T17:38:08.921531+00:00,spot_16,Spot 16,Empty,2026-06-26T16:42:47.594822+00:00,,,,,,,,
2026-06-26T17:38:08.921531+00:00,spot_17,Spot 17,Empty,2026-06-26T17:25:09.410151+00:00,,,,,,,,
2026-06-26T17:39:31.106308+00:00,spot_1,Spot 1,Empty,2026-06-26T17:38:08.921531+00:00,,,,,,,,
2026-06-26T17:39:31.106308+00:00,spot_2,Spot 2,Occupied,2026-06-26T17:39:31.106308+00:00,1179,truck,0.703969419002533,4734,508.37213134765625,313.04302978515625,551.4713745117188,362.396484375
2026-06-26T17:39:31.106308+00:00,spot_3,Spot 3,Occupied,2026-06-26T17:31:32.532775+00:00,1245,car,0.8111923336982727,477,440.552001953125,323.6143798828125,493.311767578125,365.90435791015625
2026-06-26T17:39:31.106308+00:00,spot_4,Spot 4,Occupied,2026-06-26T14:29:07.349125+00:00,1057,car,0.8982340693473816,11425,391.30645751953125,325.0086975097656,445.029052734375,361.6763610839844
2026-06-26T17:39:31.106308+00:00,spot_5,Spot 5,Occupied,2026-06-26T15:03:02.901501+00:00,1086,car,0.8773789405822754,9385,335.95208740234375,323.4478759765625,392.44696044921875,361.72265625
2026-06-26T17:39:31.106308+00:00,spot_6,Spot 6,Occupied,2026-06-26T17:39:31.106308+00:00,1250,truck,0.5712069869041443,233,275.0259094238281,321.610107421875,342.4172668457031,362.8590087890625
2026-06-26T17:39:31.106308+00:00,spot_7,Spot 7,Occupied,2026-06-26T16:16:46.372301+00:00,1017,car,0.8548818826675415,17087,247.16598510742188,328.0858154296875,296.5669250488281,357.35693359375
2026-06-26T17:39:31.106308+00:00,spot_8,Spot 8,Occupied,2026-06-26T16:38:49.227314+00:00,1034,car,0.7168502807617188,13846,206.40087890625,323.05133056640625,265.81915283203125,355.2100830078125
2026-06-26T17:39:31.106308+00:00,spot_9,Spot 9,Occupied,2026-06-26T17:29:59.104629+00:00,1222,car,0.5561211109161377,2252,158.78582763671875,318.40716552734375,223.6209716796875,352.707275390625
2026-06-26T17:39:31.106308+00:00,spot_10,Spot 10,Empty,2026-06-26T17:38:08.921531+00:00,,,,,,,,
2026-06-26T17:39:31.106308+00:00,spot_11,Spot 11,Occupied,2026-06-26T17:35:38.918749+00:00,1247,car,0.6427794098854065,385,122.46340942382812,318.0098876953125,165.9608154296875,343.87890625
2026-06-26T17:39:31.106308+00:00,spot_12,Spot 12,Empty,2026-06-26T17:35:38.918749+00:00,,,,,,,,
2026-06-26T17:39:31.106308+00:00,spot_13,Spot 13,Occupied,2026-06-26T17:38:08.921531+00:00,1253,car,0.6794037222862244,65,63.78688049316406,314.3287048339844,103.44544982910156,334.2483825683594
2026-06-26T17:39:31.106308+00:00,spot_14,Spot 14,Empty,2026-06-26T17:37:06.837173+00:00,,,,,,,,
2026-06-26T17:39:31.106308+00:00,spot_15,Spot 15,Empty,2026-06-26T17:05:57.174201+00:00,,,,,,,,
2026-06-26T17:39:31.106308+00:00,spot_16,Spot 16,Empty,2026-06-26T16:42:47.594822+00:00,,,,,,,,
2026-06-26T17:39:31.106308+00:00,spot_17,Spot 17,Empty,2026-06-26T17:25:09.410151+00:00,,,,,,,,
2026-06-26T17:40:57.259821+00:00,spot_1,Spot 1,Empty,2026-06-26T17:38:08.921531+00:00,,,,,,,,
2026-06-26T17:40:57.259821+00:00,spot_2,Spot 2,Occupied,2026-06-26T17:39:31.106308+00:00,1179,truck,0.6411327719688416,4825,507.48614501953125,312.88726806640625,551.5531616210938,362.28057861328125
2026-06-26T17:40:57.259821+00:00,spot_3,Spot 3,Occupied,2026-06-26T17:31:32.532775+00:00,1245,car,0.7534381151199341,569,438.6845703125,324.27783203125,493.451904296875,368.2130126953125
2026-06-26T17:40:57.259821+00:00,spot_4,Spot 4,Occupied,2026-06-26T14:29:07.349125+00:00,1057,car,0.8897274732589722,11516,391.35302734375,324.9869079589844,444.89501953125,362.0881042480469
2026-06-26T17:40:57.259821+00:00,spot_5,Spot 5,Occupied,2026-06-26T15:03:02.901501+00:00,1086,car,0.8885040283203125,9477,335.95574951171875,323.2332458496094,392.96319580078125,361.7113952636719
2026-06-26T17:40:57.259821+00:00,spot_6,Spot 6,Occupied,2026-06-26T17:40:57.259821+00:00,1252,car,0.706476092338562,156,277.78790283203125,322.199462890625,343.0965576171875,362.4539794921875
2026-06-26T17:40:57.259821+00:00,spot_7,Spot 7,Occupied,2026-06-26T16:16:46.372301+00:00,1017,car,0.8376465439796448,17179,247.6564178466797,328.2814636230469,295.87042236328125,357.1509704589844
2026-06-26T17:40:57.259821+00:00,spot_8,Spot 8,Occupied,2026-06-26T16:38:49.227314+00:00,1034,car,0.558268666267395,13937,206.257568359375,321.8990478515625,274.38336181640625,354.600830078125
2026-06-26T17:40:57.259821+00:00,spot_9,Spot 9,Occupied,2026-06-26T17:29:59.104629+00:00,1222,car,0.6677727699279785,2344,158.58180236816406,318.18841552734375,224.0045623779297,352.25750732421875
2026-06-26T17:40:57.259821+00:00,spot_10,Spot 10,Empty,2026-06-26T17:38:08.921531+00:00,,,,,,,,
2026-06-26T17:40:57.259821+00:00,spot_11,Spot 11,Occupied,2026-06-26T17:35:38.918749+00:00,1247,car,0.6252012848854065,477,122.78508758544922,317.9201354980469,166.25921630859375,343.1773376464844
2026-06-26T17:40:57.259821+00:00,spot_12,Spot 12,Empty,2026-06-26T17:35:38.918749+00:00,,,,,,,,
2026-06-26T17:40:57.259821+00:00,spot_13,Spot 13,Empty,2026-06-26T17:40:57.259821+00:00,,,,,,,,
2026-06-26T17:40:57.259821+00:00,spot_14,Spot 14,Empty,2026-06-26T17:37:06.837173+00:00,,,,,,,,
2026-06-26T17:40:57.259821+00:00,spot_15,Spot 15,Empty,2026-06-26T17:05:57.174201+00:00,,,,,,,,
2026-06-26T17:40:57.259821+00:00,spot_16,Spot 16,Empty,2026-06-26T16:42:47.594822+00:00,,,,,,,,
2026-06-26T17:40:57.259821+00:00,spot_17,Spot 17,Empty,2026-06-26T17:25:09.410151+00:00,,,,,,,,
2026-06-26T17:42:09.034440+00:00,spot_1,Spot 1,Occupied,2026-06-26T17:42:09.034440+00:00,1255,car,0.8199623227119446,0,563.2676391601562,315.018310546875,612.1502075195312,370.0933837890625
2026-06-26T17:42:09.034440+00:00,spot_2,Spot 2,Occupied,2026-06-26T17:39:31.106308+00:00,1179,truck,0.3902053236961365,4910,507.2499084472656,313.18756103515625,556.2386474609375,363.89691162109375
2026-06-26T17:42:09.034440+00:00,spot_3,Spot 3,Occupied,2026-06-26T17:31:32.532775+00:00,1245,car,0.8477482795715332,654,438.681396484375,325.68212890625,491.2947998046875,368.516357421875
2026-06-26T17:42:09.034440+00:00,spot_4,Spot 4,Occupied,2026-06-26T14:29:07.349125+00:00,1057,car,0.8953590393066406,11601,391.45196533203125,325.0311584472656,444.64569091796875,362.2892150878906
2026-06-26T17:42:09.034440+00:00,spot_5,Spot 5,Occupied,2026-06-26T15:03:02.901501+00:00,1086,car,0.8693376183509827,9562,336.21905517578125,322.4673767089844,393.1053466796875,362.6574401855469
2026-06-26T17:42:09.034440+00:00,spot_6,Spot 6,Occupied,2026-06-26T17:40:57.259821+00:00,1252,car,0.6971417665481567,241,281.79949951171875,321.946533203125,345.28350830078125,363.0140380859375
2026-06-26T17:42:09.034440+00:00,spot_7,Spot 7,Occupied,2026-06-26T16:16:46.372301+00:00,1017,car,0.8130754232406616,17264,247.22865295410156,328.1972351074219,296.30419921875,356.9875793457031
2026-06-26T17:42:09.034440+00:00,spot_8,Spot 8,Occupied,2026-06-26T16:38:49.227314+00:00,1034,car,0.7036610245704651,14022,206.47955322265625,321.91680908203125,265.116943359375,353.99664306640625
2026-06-26T17:42:09.034440+00:00,spot_9,Spot 9,Occupied,2026-06-26T17:42:09.034440+00:00,1256,truck,0.5901510119438171,0,157.04420471191406,317.5673828125,222.8234100341797,353.14288330078125
2026-06-26T17:42:09.034440+00:00,spot_10,Spot 10,Empty,2026-06-26T17:38:08.921531+00:00,,,,,,,,
2026-06-26T17:42:09.034440+00:00,spot_11,Spot 11,Occupied,2026-06-26T17:35:38.918749+00:00,1247,car,0.6278061866760254,561,123.6110610961914,317.6186218261719,161.82516479492188,344.1027526855469
2026-06-26T17:42:09.034440+00:00,spot_12,Spot 12,Empty,2026-06-26T17:35:38.918749+00:00,,,,,,,,
2026-06-26T17:42:09.034440+00:00,spot_13,Spot 13,Empty,2026-06-26T17:40:57.259821+00:00,,,,,,,,
2026-06-26T17:42:09.034440+00:00,spot_14,Spot 14,Empty,2026-06-26T17:37:06.837173+00:00,,,,,,,,
2026-06-26T17:42:09.034440+00:00,spot_15,Spot 15,Empty,2026-06-26T17:05:57.174201+00:00,,,,,,,,
2026-06-26T17:42:09.034440+00:00,spot_16,Spot 16,Empty,2026-06-26T16:42:47.594822+00:00,,,,,,,,
2026-06-26T17:42:09.034440+00:00,spot_17,Spot 17,Empty,2026-06-26T17:25:09.410151+00:00,,,,,,,,
2026-06-26T17:43:32.270389+00:00,spot_1,Spot 1,Occupied,2026-06-26T17:42:09.034440+00:00,1255,car,0.8201364278793335,65,563.056640625,313.3409729003906,610.15234375,367.4059753417969
2026-06-26T17:43:32.270389+00:00,spot_2,Spot 2,Occupied,2026-06-26T17:39:31.106308+00:00,1179,truck,0.639966607093811,4975,507.8392028808594,312.20245361328125,557.2947998046875,364.03216552734375
2026-06-26T17:43:32.270389+00:00,spot_3,Spot 3,Occupied,2026-06-26T17:31:32.532775+00:00,1245,car,0.8330624103546143,719,439.16650390625,324.0478515625,493.6292724609375,369.72509765625
2026-06-26T17:43:32.270389+00:00,spot_4,Spot 4,Occupied,2026-06-26T14:29:07.349125+00:00,1057,car,0.8900460004806519,11666,391.50982666015625,324.91192626953125,443.98919677734375,361.88043212890625
2026-06-26T17:43:32.270389+00:00,spot_5,Spot 5,Occupied,2026-06-26T15:03:02.901501+00:00,1086,car,0.8937351703643799,9627,336.052734375,323.06744384765625,394.1326904296875,362.30731201171875
2026-06-26T17:43:32.270389+00:00,spot_6,Spot 6,Occupied,2026-06-26T17:43:32.270389+00:00,1259,truck,0.5828690528869629,0,278.93603515625,323.05096435546875,343.025146484375,363.00421142578125
2026-06-26T17:43:32.270389+00:00,spot_7,Spot 7,Occupied,2026-06-26T16:16:46.372301+00:00,1017,car,0.8327652812004089,17329,247.31932067871094,327.8287048339844,296.521728515625,357.2003479003906
2026-06-26T17:43:32.270389+00:00,spot_8,Spot 8,Occupied,2026-06-26T16:38:49.227314+00:00,1034,car,0.5741588473320007,14088,206.61920166015625,321.33837890625,258.0245666503906,354.0703125
2026-06-26T17:43:32.270389+00:00,spot_9,Spot 9,Occupied,2026-06-26T17:42:09.034440+00:00,1256,truck,0.5946092009544373,65,151.94439697265625,317.8646545410156,223.22039794921875,353.4014587402344
2026-06-26T17:43:32.270389+00:00,spot_10,Spot 10,Empty,2026-06-26T17:38:08.921531+00:00,,,,,,,,
2026-06-26T17:43:32.270389+00:00,spot_11,Spot 11,Occupied,2026-06-26T17:35:38.918749+00:00,1247,car,0.3882233798503876,627,122.04717254638672,317.72882080078125,161.9398193359375,344.13397216796875
2026-06-26T17:43:32.270389+00:00,spot_12,Spot 12,Empty,2026-06-26T17:35:38.918749+00:00,,,,,,,,
2026-06-26T17:43:32.270389+00:00,spot_13,Spot 13,Empty,2026-06-26T17:40:57.259821+00:00,,,,,,,,
2026-06-26T17:43:32.270389+00:00,spot_14,Spot 14,Empty,2026-06-26T17:37:06.837173+00:00,,,,,,,,
2026-06-26T17:43:32.270389+00:00,spot_15,Spot 15,Empty,2026-06-26T17:05:57.174201+00:00,,,,,,,,
2026-06-26T17:43:32.270389+00:00,spot_16,Spot 16,Empty,2026-06-26T16:42:47.594822+00:00,,,,,,,,
2026-06-26T17:43:32.270389+00:00,spot_17,Spot 17,Occupied,2026-06-26T17:43:32.270389+00:00,1258,car,0.5879195928573608,0,8.383148193359375,308.29107666015625,45.81024932861328,330.795166015625
2026-06-26T17:45:01.537267+00:00,spot_1,Spot 1,Occupied,2026-06-26T17:42:09.034440+00:00,1255,car,0.87764573097229,155,559.8693237304688,312.7000427246094,611.5136108398438,368.8824768066406
2026-06-26T17:45:01.537267+00:00,spot_2,Spot 2,Occupied,2026-06-26T17:45:01.537267+00:00,1257,car,0.5226407051086426,155,507.703369140625,311.5830383300781,558.7667236328125,363.3731384277344
2026-06-26T17:45:01.537267+00:00,spot_3,Spot 3,Occupied,2026-06-26T17:31:32.532775+00:00,1245,car,0.7923910021781921,809,438.72857666015625,322.8076477050781,493.41204833984375,371.0690612792969
2026-06-26T17:45:01.537267+00:00,spot_4,Spot 4,Occupied,2026-06-26T14:29:07.349125+00:00,1057,car,0.8840464353561401,11756,391.4520568847656,324.8647766113281,446.0629577636719,362.6736755371094
2026-06-26T17:45:01.537267+00:00,spot_5,Spot 5,Occupied,2026-06-26T15:03:02.901501+00:00,1086,car,0.7499072551727295,9717,336.3394775390625,324.15533447265625,393.6751708984375,360.998291015625
2026-06-26T17:45:01.537267+00:00,spot_6,Spot 6,Empty,2026-06-26T17:45:01.537267+00:00,,,,,,,,
2026-06-26T17:45:01.537267+00:00,spot_7,Spot 7,Occupied,2026-06-26T16:16:46.372301+00:00,1017,car,0.7909448742866516,17419,247.07797241210938,328.20294189453125,298.4364929199219,357.34246826171875
2026-06-26T17:45:01.537267+00:00,spot_8,Spot 8,Occupied,2026-06-26T16:38:49.227314+00:00,1034,car,0.7125532031059265,14177,206.33154296875,321.551025390625,263.13568115234375,354.31121826171875
2026-06-26T17:45:01.537267+00:00,spot_9,Spot 9,Occupied,2026-06-26T17:45:01.537267+00:00,1260,car,0.5965054631233215,0,157.77279663085938,317.8865051269531,223.57904052734375,353.2055969238281
2026-06-26T17:45:01.537267+00:00,spot_10,Spot 10,Empty,2026-06-26T17:38:08.921531+00:00,,,,,,,,
2026-06-26T17:45:01.537267+00:00,spot_11,Spot 11,Occupied,2026-06-26T17:35:38.918749+00:00,1247,car,0.6372750997543335,717,123.909912109375,317.5843505859375,162.58184814453125,343.3662109375
2026-06-26T17:45:01.537267+00:00,spot_12,Spot 12,Empty,2026-06-26T17:35:38.918749+00:00,,,,,,,,
2026-06-26T17:45:01.537267+00:00,spot_13,Spot 13,Empty,2026-06-26T17:40:57.259821+00:00,,,,,,,,
2026-06-26T17:45:01.537267+00:00,spot_14,Spot 14,Empty,2026-06-26T17:37:06.837173+00:00,,,,,,,,
2026-06-26T17:45:01.537267+00:00,spot_15,Spot 15,Empty,2026-06-26T17:05:57.174201+00:00,,,,,,,,
2026-06-26T17:45:01.537267+00:00,spot_16,Spot 16,Empty,2026-06-26T16:42:47.594822+00:00,,,,,,,,
2026-06-26T17:45:01.537267+00:00,spot_17,Spot 17,Occupied,2026-06-26T17:43:32.270389+00:00,1258,car,0.5497137904167175,89,8.787372589111328,308.21575927734375,43.67804718017578,330.49017333984375
2026-06-26T17:45:58.399448+00:00,spot_1,Spot 1,Occupied,2026-06-26T17:42:09.034440+00:00,1255,car,0.8300262689590454,212,563.31640625,314.31072998046875,611.5078125,367.8350830078125
2026-06-26T17:45:58.399448+00:00,spot_2,Spot 2,Occupied,2026-06-26T17:45:58.399448+00:00,1179,truck,0.46594059467315674,5122,508.0289001464844,312.756591796875,557.2352294921875,363.9735107421875
2026-06-26T17:45:58.399448+00:00,spot_3,Spot 3,Occupied,2026-06-26T17:31:32.532775+00:00,1245,car,0.7030073404312134,866,438.31634521484375,323.162353515625,493.63787841796875,373.5054931640625
2026-06-26T17:45:58.399448+00:00,spot_4,Spot 4,Occupied,2026-06-26T14:29:07.349125+00:00,1057,car,0.8934241533279419,11813,391.4284973144531,324.6756591796875,445.3511657714844,362.57257080078125
2026-06-26T17:45:58.399448+00:00,spot_5,Spot 5,Occupied,2026-06-26T15:03:02.901501+00:00,1086,car,0.8564783930778503,9774,336.25152587890625,323.1365661621094,393.15985107421875,363.5906066894531
2026-06-26T17:45:58.399448+00:00,spot_6,Spot 6,Occupied,2026-06-26T17:45:58.399448+00:00,1261,car,0.7413719892501831,0,277.46612548828125,321.3392333984375,344.24151611328125,362.68414306640625
2026-06-26T17:45:58.399448+00:00,spot_7,Spot 7,Occupied,2026-06-26T16:16:46.372301+00:00,1017,car,0.8398876190185547,17476,247.21505737304688,328.4069519042969,296.3628845214844,357.1354675292969
2026-06-26T17:45:58.399448+00:00,spot_8,Spot 8,Occupied,2026-06-26T16:38:49.227314+00:00,1034,car,0.8054683208465576,14234,206.60720825195312,321.895263671875,257.1230773925781,354.1669921875
2026-06-26T17:45:58.399448+00:00,spot_9,Spot 9,Occupied,2026-06-26T17:45:58.399448+00:00,1256,truck,0.40370848774909973,212,152.50875854492188,317.69049072265625,223.72879028320312,352.87237548828125
2026-06-26T17:45:58.399448+00:00,spot_10,Spot 10,Empty,2026-06-26T17:38:08.921531+00:00,,,,,,,,
2026-06-26T17:45:58.399448+00:00,spot_11,Spot 11,Occupied,2026-06-26T17:35:38.918749+00:00,1247,car,0.5964251160621643,774,123.84921264648438,316.6594543457031,160.62814331054688,343.9230041503906
2026-06-26T17:45:58.399448+00:00,spot_12,Spot 12,Empty,2026-06-26T17:35:38.918749+00:00,,,,,,,,
2026-06-26T17:45:58.399448+00:00,spot_13,Spot 13,Empty,2026-06-26T17:40:57.259821+00:00,,,,,,,,
2026-06-26T17:45:58.399448+00:00,spot_14,Spot 14,Empty,2026-06-26T17:37:06.837173+00:00,,,,,,,,
2026-06-26T17:45:58.399448+00:00,spot_15,Spot 15,Empty,2026-06-26T17:05:57.174201+00:00,,,,,,,,
2026-06-26T17:45:58.399448+00:00,spot_16,Spot 16,Empty,2026-06-26T16:42:47.594822+00:00,,,,,,,,
2026-06-26T17:45:58.399448+00:00,spot_17,Spot 17,Occupied,2026-06-26T17:43:32.270389+00:00,1258,car,0.5699272155761719,146,9.265567779541016,308.1785583496094,42.85694885253906,330.3182678222656
2026-06-26T17:47:30.196683+00:00,spot_1,Spot 1,Occupied,2026-06-26T17:42:09.034440+00:00,1255,car,0.7842348217964172,304,563.06103515625,314.02447509765625,609.302734375,368.04791259765625
2026-06-26T17:47:30.196683+00:00,spot_2,Spot 2,Occupied,2026-06-26T17:45:58.399448+00:00,1179,truck,0.6917961239814758,5214,507.76055908203125,312.8669738769531,551.4004516601562,362.5630187988281
2026-06-26T17:47:30.196683+00:00,spot_3,Spot 3,Occupied,2026-06-26T17:31:32.532775+00:00,1245,car,0.646837592124939,958,440.5338134765625,323.6556091308594,493.5986328125,368.1487121582031
2026-06-26T17:47:30.196683+00:00,spot_4,Spot 4,Occupied,2026-06-26T14:29:07.349125+00:00,1057,car,0.9012424349784851,11905,391.067138671875,324.917724609375,444.873291015625,361.532958984375
2026-06-26T17:47:30.196683+00:00,spot_5,Spot 5,Occupied,2026-06-26T15:03:02.901501+00:00,1086,car,0.8972848057746887,9866,336.3045654296875,323.59613037109375,393.08148193359375,361.08978271484375
2026-06-26T17:47:30.196683+00:00,spot_6,Spot 6,Occupied,2026-06-26T17:45:58.399448+00:00,1261,car,0.6909343004226685,91,276.3622131347656,321.55084228515625,344.5451354980469,362.41375732421875
2026-06-26T17:47:30.196683+00:00,spot_7,Spot 7,Occupied,2026-06-26T16:16:46.372301+00:00,1017,car,0.8646060824394226,17568,247.22164916992188,327.756591796875,296.4743957519531,356.6163330078125
2026-06-26T17:47:30.196683+00:00,spot_8,Spot 8,Occupied,2026-06-26T16:38:49.227314+00:00,1034,car,0.7561664581298828,14326,206.24185180664062,321.35089111328125,258.6581726074219,354.01617431640625
2026-06-26T17:47:30.196683+00:00,spot_9,Spot 9,Occupied,2026-06-26T17:47:30.196683+00:00,1260,car,0.5717619061470032,148,153.839111328125,318.0122985839844,223.50787353515625,352.4361877441406
2026-06-26T17:47:30.196683+00:00,spot_10,Spot 10,Empty,2026-06-26T17:38:08.921531+00:00,,,,,,,,
2026-06-26T17:47:30.196683+00:00,spot_11,Spot 11,Occupied,2026-06-26T17:35:38.918749+00:00,1247,car,0.6465146541595459,866,122.7463150024414,317.39154052734375,161.57736206054688,343.77008056640625
2026-06-26T17:47:30.196683+00:00,spot_12,Spot 12,Empty,2026-06-26T17:35:38.918749+00:00,,,,,,,,
2026-06-26T17:47:30.196683+00:00,spot_13,Spot 13,Empty,2026-06-26T17:40:57.259821+00:00,,,,,,,,
2026-06-26T17:47:30.196683+00:00,spot_14,Spot 14,Empty,2026-06-26T17:37:06.837173+00:00,,,,,,,,
2026-06-26T17:47:30.196683+00:00,spot_15,Spot 15,Empty,2026-06-26T17:05:57.174201+00:00,,,,,,,,
2026-06-26T17:47:30.196683+00:00,spot_16,Spot 16,Empty,2026-06-26T16:42:47.594822+00:00,,,,,,,,
2026-06-26T17:47:30.196683+00:00,spot_17,Spot 17,Occupied,2026-06-26T17:43:32.270389+00:00,1258,car,0.4636024534702301,238,9.210624694824219,307.62420654296875,42.199493408203125,330.291259765625
2026-06-26T17:48:58.368934+00:00,spot_1,Spot 1,Occupied,2026-06-26T17:42:09.034440+00:00,1255,car,0.661436140537262,400,562.6231689453125,315.985107421875,608.3585205078125,368.11187744140625
2026-06-26T17:48:58.368934+00:00,spot_2,Spot 2,Occupied,2026-06-26T17:48:58.368934+00:00,1262,car,0.5650622844696045,0,507.9114990234375,321.48602294921875,551.4630126953125,362.38128662109375
2026-06-26T17:48:58.368934+00:00,spot_3,Spot 3,Occupied,2026-06-26T17:31:32.532775+00:00,1245,car,0.7056794762611389,1054,438.64959716796875,323.1383972167969,493.28741455078125,363.6985168457031
2026-06-26T17:48:58.368934+00:00,spot_4,Spot 4,Occupied,2026-06-26T14:29:07.349125+00:00,1057,car,0.8662935495376587,12001,391.458740234375,324.63818359375,446.1739501953125,362.3262939453125
2026-06-26T17:48:58.368934+00:00,spot_5,Spot 5,Occupied,2026-06-26T15:03:02.901501+00:00,1086,car,0.8262781500816345,9962,336.26898193359375,324.93878173828125,392.81903076171875,361.43927001953125
2026-06-26T17:48:58.368934+00:00,spot_6,Spot 6,Occupied,2026-06-26T17:48:58.368934+00:00,1265,truck,0.4037252366542816,0,278.75750732421875,322.3621826171875,342.25567626953125,361.8201904296875
2026-06-26T17:48:58.368934+00:00,spot_7,Spot 7,Occupied,2026-06-26T16:16:46.372301+00:00,1017,car,0.8071916699409485,17664,246.99252319335938,327.896728515625,296.1710510253906,356.60650634765625
2026-06-26T17:48:58.368934+00:00,spot_8,Spot 8,Occupied,2026-06-26T16:38:49.227314+00:00,1034,car,0.7945261001586914,14422,206.33328247070312,321.4520263671875,260.2420349121094,353.25909423828125
2026-06-26T17:48:58.368934+00:00,spot_9,Spot 9,Occupied,2026-06-26T17:47:30.196683+00:00,1260,car,0.5532033443450928,244,162.9163818359375,317.8048095703125,223.8526611328125,351.6708984375
2026-06-26T17:48:58.368934+00:00,spot_10,Spot 10,Occupied,2026-06-26T17:48:58.368934+00:00,1264,car,0.4098397493362427,0,147.55691528320312,319.9486083984375,178.08792114257812,345.6793212890625
2026-06-26T17:48:58.368934+00:00,spot_11,Spot 11,Occupied,2026-06-26T17:35:38.918749+00:00,1247,car,0.6519650816917419,962,124.39984130859375,317.7278747558594,167.7681884765625,343.1825256347656
2026-06-26T17:48:58.368934+00:00,spot_12,Spot 12,Empty,2026-06-26T17:35:38.918749+00:00,,,,,,,,
2026-06-26T17:48:58.368934+00:00,spot_13,Spot 13,Empty,2026-06-26T17:40:57.259821+00:00,,,,,,,,
2026-06-26T17:48:58.368934+00:00,spot_14,Spot 14,Empty,2026-06-26T17:37:06.837173+00:00,,,,,,,,
2026-06-26T17:48:58.368934+00:00,spot_15,Spot 15,Empty,2026-06-26T17:05:57.174201+00:00,,,,,,,,
2026-06-26T17:48:58.368934+00:00,spot_16,Spot 16,Empty,2026-06-26T16:42:47.594822+00:00,,,,,,,,
2026-06-26T17:48:58.368934+00:00,spot_17,Spot 17,Empty,2026-06-26T17:48:58.368934+00:00,,,,,,,,
2026-06-26T17:50:07.792643+00:00,spot_1,Spot 1,Occupied,2026-06-26T17:42:09.034440+00:00,1255,car,0.8646330833435059,478,562.8279418945312,313.2506103515625,609.7974243164062,367.7435302734375
2026-06-26T17:50:07.792643+00:00,spot_2,Spot 2,Occupied,2026-06-26T17:50:07.792643+00:00,1179,truck,0.6765272617340088,5389,508.1878662109375,313.12213134765625,551.5089111328125,361.79205322265625
2026-06-26T17:50:07.792643+00:00,spot_3,Spot 3,Occupied,2026-06-26T17:31:32.532775+00:00,1245,car,0.718792200088501,1133,438.8280944824219,324.585693359375,482.8934631347656,366.38214111328125
2026-06-26T17:50:07.792643+00:00,spot_4,Spot 4,Occupied,2026-06-26T14:29:07.349125+00:00,1057,car,0.8873994946479797,12080,391.473876953125,325.1490173339844,442.6375732421875,360.9909362792969
2026-06-26T17:50:07.792643+00:00,spot_5,Spot 5,Occupied,2026-06-26T15:03:02.901501+00:00,1086,car,0.8489688038825989,10040,335.970458984375,324.57293701171875,392.81842041015625,360.86541748046875
2026-06-26T17:50:07.792643+00:00,spot_6,Spot 6,Occupied,2026-06-26T17:48:58.368934+00:00,1265,truck,0.6386805772781372,78,277.7447204589844,322.6844482421875,342.2218933105469,362.5677490234375
2026-06-26T17:50:07.792643+00:00,spot_7,Spot 7,Occupied,2026-06-26T16:16:46.372301+00:00,1017,car,0.8269227743148804,17742,247.44235229492188,327.5276184082031,296.6016540527344,356.7209777832031
2026-06-26T17:50:07.792643+00:00,spot_8,Spot 8,Occupied,2026-06-26T16:38:49.227314+00:00,1034,car,0.713622510433197,14501,205.84872436523438,322.8763427734375,257.3414001464844,354.03704833984375
2026-06-26T17:50:07.792643+00:00,spot_9,Spot 9,Occupied,2026-06-26T17:47:30.196683+00:00,1260,car,0.38300400972366333,323,151.9538116455078,318.515380859375,223.80885314941406,352.351806640625
2026-06-26T17:50:07.792643+00:00,spot_10,Spot 10,Empty,2026-06-26T17:50:07.792643+00:00,,,,,,,,
2026-06-26T17:50:07.792643+00:00,spot_11,Spot 11,Occupied,2026-06-26T17:35:38.918749+00:00,1247,car,0.622722864151001,1040,122.57040405273438,317.91326904296875,168.216064453125,343.6883544921875
2026-06-26T17:50:07.792643+00:00,spot_12,Spot 12,Empty,2026-06-26T17:35:38.918749+00:00,,,,,,,,
2026-06-26T17:50:07.792643+00:00,spot_13,Spot 13,Empty,2026-06-26T17:40:57.259821+00:00,,,,,,,,
2026-06-26T17:50:07.792643+00:00,spot_14,Spot 14,Empty,2026-06-26T17:37:06.837173+00:00,,,,,,,,
2026-06-26T17:50:07.792643+00:00,spot_15,Spot 15,Empty,2026-06-26T17:05:57.174201+00:00,,,,,,,,
2026-06-26T17:50:07.792643+00:00,spot_16,Spot 16,Empty,2026-06-26T16:42:47.594822+00:00,,,,,,,,
2026-06-26T17:50:07.792643+00:00,spot_17,Spot 17,Occupied,2026-06-26T17:50:07.792643+00:00,1258,car,0.690262496471405,413,15.544937133789062,308.6947021484375,44.153350830078125,330.083984375
2026-06-26T17:59:06.661948+00:00,spot_1,Spot 1,Occupied,2026-06-26T17:59:06.661948+00:00,1267,car,0.8162543773651123,0,562.6206665039062,313.27252197265625,609.7465209960938,367.33660888671875
2026-06-26T17:59:06.661948+00:00,spot_2,Spot 2,Occupied,2026-06-26T17:59:06.661948+00:00,1270,car,0.7145786285400391,0,508.0932312011719,313.80731201171875,550.719482421875,361.71636962890625
2026-06-26T17:59:06.661948+00:00,spot_3,Spot 3,Empty,2026-06-26T17:59:06.661948+00:00,,,,,,,,
2026-06-26T17:59:06.661948+00:00,spot_4,Spot 4,Empty,2026-06-26T17:59:06.661948+00:00,,,,,,,,
2026-06-26T17:59:06.661948+00:00,spot_5,Spot 5,Occupied,2026-06-26T17:59:06.661948+00:00,1274,truck,0.5499848127365112,0,334.994873046875,319.73028564453125,395.05859375,360.9339599609375
2026-06-26T17:59:06.661948+00:00,spot_6,Spot 6,Occupied,2026-06-26T17:59:06.661948+00:00,1272,truck,0.6859937906265259,0,277.1031494140625,321.6332092285156,336.23297119140625,362.5981140136719
2026-06-26T17:59:06.661948+00:00,spot_7,Spot 7,Occupied,2026-06-26T17:59:06.661948+00:00,1268,car,0.7814586758613586,0,247.35357666015625,327.9635314941406,295.51641845703125,357.1762390136719
2026-06-26T17:59:06.661948+00:00,spot_8,Spot 8,Occupied,2026-06-26T17:59:06.661948+00:00,1269,car,0.7586758136749268,0,206.27056884765625,322.5445556640625,263.13165283203125,353.91107177734375
2026-06-26T17:59:06.661948+00:00,spot_9,Spot 9,Occupied,2026-06-26T17:59:06.661948+00:00,1271,car,0.6903177499771118,0,158.1317138671875,318.8392333984375,223.60784912109375,352.4093017578125
2026-06-26T17:59:06.661948+00:00,spot_10,Spot 10,Empty,2026-06-26T17:50:07.792643+00:00,,,,,,,,
2026-06-26T17:59:06.661948+00:00,spot_11,Spot 11,Occupied,2026-06-26T17:59:06.661948+00:00,1273,car,0.6473115682601929,0,122.58885192871094,318.0979919433594,165.1299285888672,343.3619079589844
2026-06-26T17:59:06.661948+00:00,spot_12,Spot 12,Empty,2026-06-26T17:35:38.918749+00:00,,,,,,,,
2026-06-26T17:59:06.661948+00:00,spot_13,Spot 13,Occupied,2026-06-26T17:59:06.661948+00:00,1275,car,0.40643948316574097,0,63.9151611328125,314.80218505859375,103.35952758789062,335.08331298828125
2026-06-26T17:59:06.661948+00:00,spot_14,Spot 14,Empty,2026-06-26T17:37:06.837173+00:00,,,,,,,,
2026-06-26T17:59:06.661948+00:00,spot_15,Spot 15,Empty,2026-06-26T17:05:57.174201+00:00,,,,,,,,
2026-06-26T17:59:06.661948+00:00,spot_16,Spot 16,Empty,2026-06-26T16:42:47.594822+00:00,,,,,,,,
2026-06-26T17:59:06.661948+00:00,spot_17,Spot 17,Occupied,2026-06-26T17:59:06.661948+00:00,1276,car,0.35841071605682373,0,8.625495910644531,308.4482116699219,43.5576171875,330.5204162597656
2026-06-26T18:00:34.815010+00:00,spot_1,Spot 1,Occupied,2026-06-26T17:59:06.661948+00:00,1267,car,0.8093013167381287,66,560.4605712890625,317.230224609375,608.599609375,367.46875
2026-06-26T18:00:34.815010+00:00,spot_2,Spot 2,Occupied,2026-06-26T18:00:34.815010+00:00,1279,truck,0.3723888397216797,0,507.95440673828125,313.1726989746094,551.3811645507812,361.6513977050781
2026-06-26T18:00:34.815010+00:00,spot_3,Spot 3,Empty,2026-06-26T17:59:06.661948+00:00,,,,,,,,
2026-06-26T18:00:34.815010+00:00,spot_4,Spot 4,Empty,2026-06-26T17:59:06.661948+00:00,,,,,,,,
2026-06-26T18:00:34.815010+00:00,spot_5,Spot 5,Occupied,2026-06-26T18:00:34.815010+00:00,1277,car,0.5312651991844177,0,332.89373779296875,319.7678527832031,395.09393310546875,360.8227233886719
2026-06-26T18:00:34.815010+00:00,spot_6,Spot 6,Occupied,2026-06-26T17:59:06.661948+00:00,1272,truck,0.6489814519882202,66,276.9668884277344,322.7154541015625,335.8266906738281,362.7061767578125
2026-06-26T18:00:34.815010+00:00,spot_7,Spot 7,Occupied,2026-06-26T17:59:06.661948+00:00,1268,car,0.8542069792747498,66,247.40267944335938,327.98101806640625,295.5524597167969,356.89886474609375
2026-06-26T18:00:34.815010+00:00,spot_8,Spot 8,Occupied,2026-06-26T17:59:06.661948+00:00,1269,car,0.7941588759422302,66,207.33718872070312,322.970458984375,257.5970153808594,353.9498291015625
2026-06-26T18:00:34.815010+00:00,spot_9,Spot 9,Occupied,2026-06-26T18:00:34.815010+00:00,1280,truck,0.3667609393596649,0,150.9039306640625,318.526611328125,223.62969970703125,352.5552978515625
2026-06-26T18:00:34.815010+00:00,spot_10,Spot 10,Empty,2026-06-26T17:50:07.792643+00:00,,,,,,,,
2026-06-26T18:00:34.815010+00:00,spot_11,Spot 11,Occupied,2026-06-26T17:59:06.661948+00:00,1273,car,0.6755807399749756,66,123.06257629394531,317.761962890625,166.4929962158203,343.4083251953125
2026-06-26T18:00:34.815010+00:00,spot_12,Spot 12,Occupied,2026-06-26T18:00:34.815010+00:00,1278,car,0.4608575403690338,0,93.75975036621094,315.5810546875,132.24107360839844,340.65789794921875
2026-06-26T18:00:34.815010+00:00,spot_13,Spot 13,Occupied,2026-06-26T17:59:06.661948+00:00,1275,car,0.5158564448356628,66,69.20750427246094,314.9241943359375,102.29086303710938,335.123046875
2026-06-26T18:00:34.815010+00:00,spot_14,Spot 14,Empty,2026-06-26T17:37:06.837173+00:00,,,,,,,,
2026-06-26T18:00:34.815010+00:00,spot_15,Spot 15,Empty,2026-06-26T17:05:57.174201+00:00,,,,,,,,
2026-06-26T18:00:34.815010+00:00,spot_16,Spot 16,Empty,2026-06-26T16:42:47.594822+00:00,,,,,,,,
2026-06-26T18:00:34.815010+00:00,spot_17,Spot 17,Occupied,2026-06-26T17:59:06.661948+00:00,1276,car,0.4726003110408783,66,8.956295013427734,309.02703857421875,43.18933868408203,330.25689697265625
2026-06-26T18:01:39.272086+00:00,spot_1,Spot 1,Occupied,2026-06-26T17:59:06.661948+00:00,1267,car,0.8528053760528564,130,562.2659912109375,318.8020324707031,607.8526611328125,367.2854309082031
2026-06-26T18:01:39.272086+00:00,spot_2,Spot 2,Occupied,2026-06-26T18:01:39.272086+00:00,1270,car,0.7336829304695129,130,508.13909912109375,313.97821044921875,550.8123168945312,361.74853515625
2026-06-26T18:01:39.272086+00:00,spot_3,Spot 3,Empty,2026-06-26T17:59:06.661948+00:00,,,,,,,,
2026-06-26T18:01:39.272086+00:00,spot_4,Spot 4,Empty,2026-06-26T17:59:06.661948+00:00,,,,,,,,
2026-06-26T18:01:39.272086+00:00,spot_5,Spot 5,Occupied,2026-06-26T18:00:34.815010+00:00,1277,car,0.38959598541259766,64,334.7501220703125,319.65399169921875,396.1177978515625,361.19415283203125
2026-06-26T18:01:39.272086+00:00,spot_6,Spot 6,Occupied,2026-06-26T17:59:06.661948+00:00,1272,truck,0.717738926410675,130,277.3853759765625,322.2209777832031,336.1746826171875,362.6396789550781
2026-06-26T18:01:39.272086+00:00,spot_7,Spot 7,Occupied,2026-06-26T17:59:06.661948+00:00,1268,car,0.8228864073753357,130,246.91952514648438,328.2423400878906,296.2315368652344,357.4250183105469
2026-06-26T18:01:39.272086+00:00,spot_8,Spot 8,Occupied,2026-06-26T17:59:06.661948+00:00,1269,car,0.768706202507019,130,206.6541748046875,322.6624755859375,260.29473876953125,354.0701904296875
2026-06-26T18:01:39.272086+00:00,spot_9,Spot 9,Occupied,2026-06-26T18:00:34.815010+00:00,1280,truck,0.38724285364151,64,148.53887939453125,318.64324951171875,223.96856689453125,352.3067626953125
2026-06-26T18:01:39.272086+00:00,spot_10,Spot 10,Empty,2026-06-26T17:50:07.792643+00:00,,,,,,,,
2026-06-26T18:01:39.272086+00:00,spot_11,Spot 11,Occupied,2026-06-26T17:59:06.661948+00:00,1273,car,0.6975403428077698,130,122.58109283447266,318.1397705078125,166.98904418945312,343.0029296875
2026-06-26T18:01:39.272086+00:00,spot_12,Spot 12,Empty,2026-06-26T18:01:39.272086+00:00,,,,,,,,
2026-06-26T18:01:39.272086+00:00,spot_13,Spot 13,Occupied,2026-06-26T17:59:06.661948+00:00,1275,car,0.4286143183708191,130,69.17361450195312,314.79852294921875,107.26393127441406,335.05694580078125
2026-06-26T18:01:39.272086+00:00,spot_14,Spot 14,Empty,2026-06-26T17:37:06.837173+00:00,,,,,,,,
2026-06-26T18:01:39.272086+00:00,spot_15,Spot 15,Empty,2026-06-26T17:05:57.174201+00:00,,,,,,,,
2026-06-26T18:01:39.272086+00:00,spot_16,Spot 16,Empty,2026-06-26T16:42:47.594822+00:00,,,,,,,,
2026-06-26T18:01:39.272086+00:00,spot_17,Spot 17,Occupied,2026-06-26T17:59:06.661948+00:00,1276,car,0.6465251445770264,130,8.802249908447266,308.9775390625,43.082374572753906,330.370361328125
2026-06-26T18:02:42.599366+00:00,spot_1,Spot 1,Occupied,2026-06-26T17:59:06.661948+00:00,1267,car,0.847740650177002,192,562.5911865234375,317.662353515625,608.0780029296875,367.3609619140625
2026-06-26T18:02:42.599366+00:00,spot_2,Spot 2,Occupied,2026-06-26T18:01:39.272086+00:00,1270,car,0.7699427604675293,192,508.00543212890625,314.1816101074219,550.7417602539062,362.0810241699219
2026-06-26T18:02:42.599366+00:00,spot_3,Spot 3,Empty,2026-06-26T17:59:06.661948+00:00,,,,,,,,
2026-06-26T18:02:42.599366+00:00,spot_4,Spot 4,Empty,2026-06-26T17:59:06.661948+00:00,,,,,,,,
2026-06-26T18:02:42.599366+00:00,spot_5,Spot 5,Occupied,2026-06-26T18:02:42.599366+00:00,1274,truck,0.5436574220657349,192,333.34576416015625,319.980712890625,394.38238525390625,361.2054443359375
2026-06-26T18:02:42.599366+00:00,spot_6,Spot 6,Occupied,2026-06-26T17:59:06.661948+00:00,1272,truck,0.6327966451644897,192,277.49688720703125,322.69317626953125,336.26007080078125,362.86981201171875
2026-06-26T18:02:42.599366+00:00,spot_7,Spot 7,Occupied,2026-06-26T17:59:06.661948+00:00,1268,car,0.8197227120399475,192,247.28436279296875,327.72052001953125,295.711669921875,356.70758056640625
2026-06-26T18:02:42.599366+00:00,spot_8,Spot 8,Occupied,2026-06-26T18:02:42.599366+00:00,1281,car,0.8715417981147766,0,105.28817749023438,349.48828125,202.1561279296875,396.385498046875
2026-06-26T18:02:42.599366+00:00,spot_9,Spot 9,Occupied,2026-06-26T18:02:42.599366+00:00,1271,car,0.710722029209137,192,147.63925170898438,318.56976318359375,236.31405639648438,352.53863525390625
2026-06-26T18:02:42.599366+00:00,spot_10,Spot 10,Empty,2026-06-26T17:50:07.792643+00:00,,,,,,,,
2026-06-26T18:02:42.599366+00:00,spot_11,Spot 11,Occupied,2026-06-26T17:59:06.661948+00:00,1273,car,0.5109803080558777,192,122.63748168945312,318.06597900390625,166.5430908203125,343.66278076171875
2026-06-26T18:02:42.599366+00:00,spot_12,Spot 12,Empty,2026-06-26T18:01:39.272086+00:00,,,,,,,,
2026-06-26T18:02:42.599366+00:00,spot_13,Spot 13,Occupied,2026-06-26T17:59:06.661948+00:00,1275,car,0.47186514735221863,192,68.07378387451172,314.4332275390625,109.31011199951172,335.031005859375
2026-06-26T18:02:42.599366+00:00,spot_14,Spot 14,Empty,2026-06-26T17:37:06.837173+00:00,,,,,,,,
2026-06-26T18:02:42.599366+00:00,spot_15,Spot 15,Empty,2026-06-26T17:05:57.174201+00:00,,,,,,,,
2026-06-26T18:02:42.599366+00:00,spot_16,Spot 16,Empty,2026-06-26T16:42:47.594822+00:00,,,,,,,,
2026-06-26T18:02:42.599366+00:00,spot_17,Spot 17,Occupied,2026-06-26T17:59:06.661948+00:00,1276,car,0.6558713316917419,192,8.806343078613281,309.0414123535156,43.66364288330078,330.3471374511719
2026-06-26T18:03:45.133317+00:00,spot_1,Spot 1,Occupied,2026-06-26T17:59:06.661948+00:00,1267,car,0.8742045164108276,254,563.0122680664062,317.67010498046875,606.4024047851562,367.74847412109375
2026-06-26T18:03:45.133317+00:00,spot_2,Spot 2,Occupied,2026-06-26T18:01:39.272086+00:00,1270,car,0.6141786575317383,254,507.9273986816406,314.0390625,551.0120849609375,361.7701416015625
2026-06-26T18:03:45.133317+00:00,spot_3,Spot 3,Empty,2026-06-26T17:59:06.661948+00:00,,,,,,,,
2026-06-26T18:03:45.133317+00:00,spot_4,Spot 4,Empty,2026-06-26T17:59:06.661948+00:00,,,,,,,,
2026-06-26T18:03:45.133317+00:00,spot_5,Spot 5,Occupied,2026-06-26T18:02:42.599366+00:00,1274,truck,0.5144084095954895,254,334.636474609375,319.7104187011719,394.7713623046875,360.9987487792969
2026-06-26T18:03:45.133317+00:00,spot_6,Spot 6,Occupied,2026-06-26T17:59:06.661948+00:00,1272,truck,0.7088048458099365,254,276.9974060058594,322.06988525390625,336.2917785644531,362.8201904296875
2026-06-26T18:03:45.133317+00:00,spot_7,Spot 7,Occupied,2026-06-26T17:59:06.661948+00:00,1268,car,0.8733213543891907,254,247.3844757080078,328.15936279296875,295.68695068359375,357.2642822265625
2026-06-26T18:03:45.133317+00:00,spot_8,Spot 8,Empty,2026-06-26T18:03:45.133317+00:00,,,,,,,,
2026-06-26T18:03:45.133317+00:00,spot_9,Spot 9,Occupied,2026-06-26T18:03:45.133317+00:00,1280,truck,0.4800942540168762,188,150.91622924804688,318.6285705566406,235.669921875,352.2333068847656
2026-06-26T18:03:45.133317+00:00,spot_10,Spot 10,Empty,2026-06-26T17:50:07.792643+00:00,,,,,,,,
2026-06-26T18:03:45.133317+00:00,spot_11,Spot 11,Occupied,2026-06-26T17:59:06.661948+00:00,1273,car,0.5296984314918518,254,123.59724426269531,318.0325622558594,163.7624053955078,343.6073913574219
2026-06-26T18:03:45.133317+00:00,spot_12,Spot 12,Empty,2026-06-26T18:01:39.272086+00:00,,,,,,,,
2026-06-26T18:03:45.133317+00:00,spot_13,Spot 13,Occupied,2026-06-26T17:59:06.661948+00:00,1275,car,0.4479210376739502,254,71.82537841796875,314.934326171875,105.71206665039062,335.0059814453125
2026-06-26T18:03:45.133317+00:00,spot_14,Spot 14,Empty,2026-06-26T17:37:06.837173+00:00,,,,,,,,
2026-06-26T18:03:45.133317+00:00,spot_15,Spot 15,Empty,2026-06-26T17:05:57.174201+00:00,,,,,,,,
2026-06-26T18:03:45.133317+00:00,spot_16,Spot 16,Occupied,2026-06-26T18:03:45.133317+00:00,1276,car,0.6251431107521057,254,8.603538513183594,308.8687744140625,47.423919677734375,330.532958984375
2026-06-26T18:03:45.133317+00:00,spot_17,Spot 17,Empty,2026-06-26T18:03:45.133317+00:00,,,,,,,,
2026-06-26T18:04:48.793627+00:00,spot_1,Spot 1,Occupied,2026-06-26T17:59:06.661948+00:00,1267,car,0.8897852301597595,319,562.5654296875,314.739501953125,609.3634033203125,367.65106201171875
2026-06-26T18:04:48.793627+00:00,spot_2,Spot 2,Occupied,2026-06-26T18:01:39.272086+00:00,1270,car,0.7374376058578491,319,508.12030029296875,314.5051574707031,551.0670776367188,361.7900695800781
2026-06-26T18:04:48.793627+00:00,spot_3,Spot 3,Empty,2026-06-26T17:59:06.661948+00:00,,,,,,,,
2026-06-26T18:04:48.793627+00:00,spot_4,Spot 4,Empty,2026-06-26T17:59:06.661948+00:00,,,,,,,,
2026-06-26T18:04:48.793627+00:00,spot_5,Spot 5,Occupied,2026-06-26T18:02:42.599366+00:00,1274,truck,0.6154233813285828,319,333.97064208984375,319.8799133300781,394.5272216796875,361.2159118652344
2026-06-26T18:04:48.793627+00:00,spot_6,Spot 6,Occupied,2026-06-26T17:59:06.661948+00:00,1272,truck,0.7042878866195679,319,277.7723083496094,322.5470886230469,336.2905578613281,362.3689880371094
2026-06-26T18:04:48.793627+00:00,spot_7,Spot 7,Occupied,2026-06-26T17:59:06.661948+00:00,1268,car,0.8490764498710632,319,247.4346923828125,328.2253112792969,295.975830078125,356.8622131347656
2026-06-26T18:04:48.793627+00:00,spot_8,Spot 8,Empty,2026-06-26T18:03:45.133317+00:00,,,,,,,,
2026-06-26T18:04:48.793627+00:00,spot_9,Spot 9,Occupied,2026-06-26T18:04:48.793627+00:00,1271,car,0.7876790165901184,319,150.32989501953125,318.7313232421875,236.1270751953125,352.46307373046875
2026-06-26T18:04:48.793627+00:00,spot_10,Spot 10,Empty,2026-06-26T17:50:07.792643+00:00,,,,,,,,
2026-06-26T18:04:48.793627+00:00,spot_11,Spot 11,Occupied,2026-06-26T17:59:06.661948+00:00,1273,car,0.6521910429000854,319,122.59854888916016,318.1777648925781,164.88986206054688,343.4950866699219
2026-06-26T18:04:48.793627+00:00,spot_12,Spot 12,Empty,2026-06-26T18:01:39.272086+00:00,,,,,,,,
2026-06-26T18:04:48.793627+00:00,spot_13,Spot 13,Occupied,2026-06-26T17:59:06.661948+00:00,1275,car,0.5190982818603516,319,68.99295043945312,314.65509033203125,107.07669067382812,335.00091552734375
2026-06-26T18:04:48.793627+00:00,spot_14,Spot 14,Empty,2026-06-26T17:37:06.837173+00:00,,,,,,,,
2026-06-26T18:04:48.793627+00:00,spot_15,Spot 15,Empty,2026-06-26T17:05:57.174201+00:00,,,,,,,,
2026-06-26T18:04:48.793627+00:00,spot_16,Spot 16,Empty,2026-06-26T18:04:48.793627+00:00,,,,,,,,
2026-06-26T18:04:48.793627+00:00,spot_17,Spot 17,Occupied,2026-06-26T18:04:48.793627+00:00,1276,car,0.6460745334625244,319,8.814205169677734,308.92083740234375,43.23971176147461,330.42962646484375
2026-06-26T18:05:50.909517+00:00,spot_1,Spot 1,Occupied,2026-06-26T17:59:06.661948+00:00,1267,car,0.8251470923423767,380,562.0042724609375,314.3641357421875,609.5185546875,367.445556640625
2026-06-26T18:05:50.909517+00:00,spot_2,Spot 2,Occupied,2026-06-26T18:01:39.272086+00:00,1270,car,0.569430410861969,380,507.76904296875,314.0889892578125,551.0858154296875,361.66485595703125
2026-06-26T18:05:50.909517+00:00,spot_3,Spot 3,Empty,2026-06-26T17:59:06.661948+00:00,,,,,,,,
2026-06-26T18:05:50.909517+00:00,spot_4,Spot 4,Empty,2026-06-26T17:59:06.661948+00:00,,,,,,,,
2026-06-26T18:05:50.909517+00:00,spot_5,Spot 5,Occupied,2026-06-26T18:02:42.599366+00:00,1274,truck,0.5051653981208801,380,332.39459228515625,319.7253112792969,395.00860595703125,360.9869079589844
2026-06-26T18:05:50.909517+00:00,spot_6,Spot 6,Occupied,2026-06-26T17:59:06.661948+00:00,1272,truck,0.6720085144042969,380,277.88067626953125,322.7863464355469,336.30450439453125,362.6423034667969
2026-06-26T18:05:50.909517+00:00,spot_7,Spot 7,Occupied,2026-06-26T17:59:06.661948+00:00,1268,car,0.8335756063461304,380,247.26324462890625,327.8260803222656,296.28753662109375,356.7632141113281
2026-06-26T18:05:50.909517+00:00,spot_8,Spot 8,Empty,2026-06-26T18:03:45.133317+00:00,,,,,,,,
2026-06-26T18:05:50.909517+00:00,spot_9,Spot 9,Occupied,2026-06-26T18:04:48.793627+00:00,1271,car,0.7402448058128357,380,159.21435546875,318.8548583984375,236.00918579101562,352.63031005859375
2026-06-26T18:05:50.909517+00:00,spot_10,Spot 10,Empty,2026-06-26T17:50:07.792643+00:00,,,,,,,,
2026-06-26T18:05:50.909517+00:00,spot_11,Spot 11,Occupied,2026-06-26T17:59:06.661948+00:00,1273,car,0.7174878120422363,380,122.80472564697266,318.3306884765625,167.54428100585938,343.6064453125
2026-06-26T18:05:50.909517+00:00,spot_12,Spot 12,Empty,2026-06-26T18:01:39.272086+00:00,,,,,,,,
2026-06-26T18:05:50.909517+00:00,spot_13,Spot 13,Occupied,2026-06-26T17:59:06.661948+00:00,1275,car,0.692751407623291,380,70.2178955078125,314.42041015625,105.9652099609375,334.9193115234375
2026-06-26T18:05:50.909517+00:00,spot_14,Spot 14,Empty,2026-06-26T17:37:06.837173+00:00,,,,,,,,
2026-06-26T18:05:50.909517+00:00,spot_15,Spot 15,Empty,2026-06-26T17:05:57.174201+00:00,,,,,,,,
2026-06-26T18:05:50.909517+00:00,spot_16,Spot 16,Empty,2026-06-26T18:04:48.793627+00:00,,,,,,,,
2026-06-26T18:05:50.909517+00:00,spot_17,Spot 17,Occupied,2026-06-26T18:04:48.793627+00:00,1276,car,0.6378751397132874,380,8.943717956542969,309.01068115234375,42.4974365234375,330.48046875
2026-06-26T18:06:53.687605+00:00,spot_1,Spot 1,Occupied,2026-06-26T17:59:06.661948+00:00,1267,car,0.7896328568458557,442,562.1060180664062,313.93310546875,609.6945190429688,367.4493408203125
2026-06-26T18:06:53.687605+00:00,spot_2,Spot 2,Occupied,2026-06-26T18:01:39.272086+00:00,1270,car,0.8222904801368713,442,508.0259094238281,321.1815185546875,550.708251953125,361.587890625
2026-06-26T18:06:53.687605+00:00,spot_3,Spot 3,Empty,2026-06-26T17:59:06.661948+00:00,,,,,,,,
2026-06-26T18:06:53.687605+00:00,spot_4,Spot 4,Empty,2026-06-26T17:59:06.661948+00:00,,,,,,,,
2026-06-26T18:06:53.687605+00:00,spot_5,Spot 5,Occupied,2026-06-26T18:02:42.599366+00:00,1274,truck,0.6895034313201904,442,334.31915283203125,319.7923583984375,394.04229736328125,360.969482421875
2026-06-26T18:06:53.687605+00:00,spot_6,Spot 6,Occupied,2026-06-26T17:59:06.661948+00:00,1272,truck,0.7025151252746582,442,277.62115478515625,322.3251953125,336.03985595703125,362.71478271484375
2026-06-26T18:06:53.687605+00:00,spot_7,Spot 7,Occupied,2026-06-26T17:59:06.661948+00:00,1268,car,0.8512896299362183,442,247.3642578125,328.72845458984375,295.63092041015625,356.91888427734375
2026-06-26T18:06:53.687605+00:00,spot_8,Spot 8,Empty,2026-06-26T18:03:45.133317+00:00,,,,,,,,
2026-06-26T18:06:53.687605+00:00,spot_9,Spot 9,Occupied,2026-06-26T18:04:48.793627+00:00,1271,car,0.7809481024742126,442,150.366943359375,318.68865966796875,235.47784423828125,352.28656005859375
2026-06-26T18:06:53.687605+00:00,spot_10,Spot 10,Empty,2026-06-26T17:50:07.792643+00:00,,,,,,,,
2026-06-26T18:06:53.687605+00:00,spot_11,Spot 11,Occupied,2026-06-26T17:59:06.661948+00:00,1273,car,0.7166686654090881,442,122.5816650390625,318.2243957519531,168.45480346679688,343.5057067871094
2026-06-26T18:06:53.687605+00:00,spot_12,Spot 12,Empty,2026-06-26T18:01:39.272086+00:00,,,,,,,,
2026-06-26T18:06:53.687605+00:00,spot_13,Spot 13,Occupied,2026-06-26T17:59:06.661948+00:00,1275,car,0.5762162208557129,442,57.151145935058594,314.53607177734375,107.64362335205078,335.08013916015625
2026-06-26T18:06:53.687605+00:00,spot_14,Spot 14,Empty,2026-06-26T17:37:06.837173+00:00,,,,,,,,
2026-06-26T18:06:53.687605+00:00,spot_15,Spot 15,Occupied,2026-06-26T18:06:53.687605+00:00,1283,car,0.3567943572998047,0,40.463661193847656,312.33355712890625,76.56300354003906,329.85052490234375
2026-06-26T18:06:53.687605+00:00,spot_16,Spot 16,Empty,2026-06-26T18:04:48.793627+00:00,,,,,,,,
2026-06-26T18:06:53.687605+00:00,spot_17,Spot 17,Occupied,2026-06-26T18:04:48.793627+00:00,1276,car,0.7289298176765442,442,8.741458892822266,309.0225830078125,43.23310470581055,330.4036865234375
2026-06-26T18:07:55.437142+00:00,spot_1,Spot 1,Occupied,2026-06-26T17:59:06.661948+00:00,1267,car,0.8459141850471497,502,562.5128173828125,314.30718994140625,609.5413818359375,367.55340576171875
2026-06-26T18:07:55.437142+00:00,spot_2,Spot 2,Occupied,2026-06-26T18:01:39.272086+00:00,1270,car,0.7621644735336304,502,507.92498779296875,314.23944091796875,551.0003051757812,361.80670166015625
2026-06-26T18:07:55.437142+00:00,spot_3,Spot 3,Empty,2026-06-26T17:59:06.661948+00:00,,,,,,,,
2026-06-26T18:07:55.437142+00:00,spot_4,Spot 4,Empty,2026-06-26T17:59:06.661948+00:00,,,,,,,,
2026-06-26T18:07:55.437142+00:00,spot_5,Spot 5,Occupied,2026-06-26T18:02:42.599366+00:00,1274,truck,0.4837953448295593,502,335.24798583984375,319.4389953613281,387.68988037109375,361.2660827636719
2026-06-26T18:07:55.437142+00:00,spot_6,Spot 6,Occupied,2026-06-26T17:59:06.661948+00:00,1272,truck,0.7277432680130005,502,276.9888000488281,322.25994873046875,336.0258483886719,362.68170166015625
2026-06-26T18:07:55.437142+00:00,spot_7,Spot 7,Occupied,2026-06-26T17:59:06.661948+00:00,1268,car,0.7264605164527893,502,247.27279663085938,327.7059326171875,295.8536071777344,356.604248046875
2026-06-26T18:07:55.437142+00:00,spot_8,Spot 8,Occupied,2026-06-26T18:07:55.437142+00:00,1284,car,0.691157877445221,0,200.08712768554688,322.01422119140625,255.28585815429688,353.84808349609375
2026-06-26T18:07:55.437142+00:00,spot_9,Spot 9,Occupied,2026-06-26T18:04:48.793627+00:00,1271,car,0.7179228067398071,502,156.53680419921875,318.6403503417969,220.6748046875,352.1120910644531
2026-06-26T18:07:55.437142+00:00,spot_10,Spot 10,Occupied,2026-06-26T18:07:55.437142+00:00,1285,car,0.39308714866638184,0,144.13685607910156,320.3482666015625,179.4892120361328,346.03076171875
2026-06-26T18:07:55.437142+00:00,spot_11,Spot 11,Occupied,2026-06-26T17:59:06.661948+00:00,1273,car,0.6847224831581116,502,120.35147857666016,318.2613525390625,166.05361938476562,343.118896484375
2026-06-26T18:07:55.437142+00:00,spot_12,Spot 12,Empty,2026-06-26T18:01:39.272086+00:00,,,,,,,,
2026-06-26T18:07:55.437142+00:00,spot_13,Spot 13,Empty,2026-06-26T18:07:55.437142+00:00,,,,,,,,
2026-06-26T18:07:55.437142+00:00,spot_14,Spot 14,Empty,2026-06-26T17:37:06.837173+00:00,,,,,,,,
2026-06-26T18:07:55.437142+00:00,spot_15,Spot 15,Empty,2026-06-26T18:07:55.437142+00:00,,,,,,,,
2026-06-26T18:07:55.437142+00:00,spot_16,Spot 16,Empty,2026-06-26T18:04:48.793627+00:00,,,,,,,,
2026-06-26T18:07:55.437142+00:00,spot_17,Spot 17,Occupied,2026-06-26T18:04:48.793627+00:00,1276,car,0.415030837059021,502,9.17794418334961,308.9847412109375,43.338809967041016,330.3851318359375
2026-06-26T18:08:57.035961+00:00,spot_1,Spot 1,Occupied,2026-06-26T17:59:06.661948+00:00,1267,car,0.8701860904693604,567,562.9039306640625,317.254150390625,608.26708984375,367.8048095703125
2026-06-26T18:08:57.035961+00:00,spot_2,Spot 2,Occupied,2026-06-26T18:01:39.272086+00:00,1270,car,0.7485048770904541,567,508.10870361328125,313.81304931640625,551.4081420898438,362.23382568359375
2026-06-26T18:08:57.035961+00:00,spot_3,Spot 3,Empty,2026-06-26T17:59:06.661948+00:00,,,,,,,,
2026-06-26T18:08:57.035961+00:00,spot_4,Spot 4,Empty,2026-06-26T17:59:06.661948+00:00,,,,,,,,
2026-06-26T18:08:57.035961+00:00,spot_5,Spot 5,Occupied,2026-06-26T18:02:42.599366+00:00,1274,truck,0.4908452332019806,567,333.86822509765625,319.4798583984375,394.63238525390625,361.2691650390625
2026-06-26T18:08:57.035961+00:00,spot_6,Spot 6,Occupied,2026-06-26T17:59:06.661948+00:00,1272,truck,0.6126105189323425,567,277.10272216796875,322.54052734375,336.68609619140625,362.61871337890625
2026-06-26T18:08:57.035961+00:00,spot_7,Spot 7,Occupied,2026-06-26T17:59:06.661948+00:00,1268,car,0.7352312207221985,567,247.6419677734375,327.98876953125,295.712646484375,357.033447265625
2026-06-26T18:08:57.035961+00:00,spot_8,Spot 8,Empty,2026-06-26T18:08:57.035961+00:00,,,,,,,,
2026-06-26T18:08:57.035961+00:00,spot_9,Spot 9,Empty,2026-06-26T18:08:57.035961+00:00,,,,,,,,
2026-06-26T18:08:57.035961+00:00,spot_10,Spot 10,Empty,2026-06-26T18:08:57.035961+00:00,,,,,,,,
2026-06-26T18:08:57.035961+00:00,spot_11,Spot 11,Occupied,2026-06-26T17:59:06.661948+00:00,1273,car,0.5946339964866638,567,123.51581573486328,318.1036376953125,163.77423095703125,343.9346923828125
2026-06-26T18:08:57.035961+00:00,spot_12,Spot 12,Empty,2026-06-26T18:01:39.272086+00:00,,,,,,,,
2026-06-26T18:08:57.035961+00:00,spot_13,Spot 13,Occupied,2026-06-26T18:08:57.035961+00:00,1275,car,0.6223815679550171,567,65.9918212890625,314.76080322265625,105.80340576171875,335.00067138671875
2026-06-26T18:08:57.035961+00:00,spot_14,Spot 14,Empty,2026-06-26T17:37:06.837173+00:00,,,,,,,,
2026-06-26T18:08:57.035961+00:00,spot_15,Spot 15,Occupied,2026-06-26T18:08:57.035961+00:00,1283,car,0.38950684666633606,125,40.48833465576172,312.1593933105469,80.33412170410156,330.7150573730469
2026-06-26T18:08:57.035961+00:00,spot_16,Spot 16,Empty,2026-06-26T18:04:48.793627+00:00,,,,,,,,
2026-06-26T18:08:57.035961+00:00,spot_17,Spot 17,Occupied,2026-06-26T18:04:48.793627+00:00,1276,car,0.6295607089996338,567,8.218090057373047,308.7886047363281,44.2862434387207,330.2577819824219
2026-06-26T18:10:00.004860+00:00,spot_1,Spot 1,Occupied,2026-06-26T17:59:06.661948+00:00,1267,car,0.8597174882888794,628,562.82080078125,317.02191162109375,608.019775390625,367.62725830078125
2026-06-26T18:10:00.004860+00:00,spot_2,Spot 2,Occupied,2026-06-26T18:01:39.272086+00:00,1270,car,0.7095966935157776,628,508.11346435546875,322.67779541015625,550.3552856445312,361.82806396484375
2026-06-26T18:10:00.004860+00:00,spot_3,Spot 3,Empty,2026-06-26T17:59:06.661948+00:00,,,,,,,,
2026-06-26T18:10:00.004860+00:00,spot_4,Spot 4,Empty,2026-06-26T17:59:06.661948+00:00,,,,,,,,
2026-06-26T18:10:00.004860+00:00,spot_5,Spot 5,Occupied,2026-06-26T18:10:00.004860+00:00,1286,car,0.44460952281951904,0,332.75164794921875,319.6992492675781,394.91864013671875,361.2124938964844
2026-06-26T18:10:00.004860+00:00,spot_6,Spot 6,Occupied,2026-06-26T17:59:06.661948+00:00,1272,truck,0.6560516953468323,628,275.1217346191406,322.6170654296875,336.2104187011719,362.8653564453125
2026-06-26T18:10:00.004860+00:00,spot_7,Spot 7,Occupied,2026-06-26T17:59:06.661948+00:00,1268,car,0.7986661195755005,628,248.17034912109375,328.3056640625,295.541748046875,357.118896484375
2026-06-26T18:10:00.004860+00:00,spot_8,Spot 8,Empty,2026-06-26T18:08:57.035961+00:00,,,,,,,,
2026-06-26T18:10:00.004860+00:00,spot_9,Spot 9,Occupied,2026-06-26T18:10:00.004860+00:00,1287,truck,0.3870670199394226,0,157.89938354492188,319.30682373046875,218.43820190429688,351.6776123046875
2026-06-26T18:10:00.004860+00:00,spot_10,Spot 10,Occupied,2026-06-26T18:10:00.004860+00:00,1285,car,0.4316665530204773,125,144.3616943359375,320.07916259765625,177.4398193359375,346.27838134765625
2026-06-26T18:10:00.004860+00:00,spot_11,Spot 11,Occupied,2026-06-26T17:59:06.661948+00:00,1273,car,0.6463313698768616,628,122.41079711914062,317.9150695800781,163.87246704101562,343.0996398925781
2026-06-26T18:10:00.004860+00:00,spot_12,Spot 12,Occupied,2026-06-26T18:10:00.004860+00:00,1288,car,0.35577836632728577,0,95.31869506835938,314.70880126953125,137.01187133789062,338.26666259765625
2026-06-26T18:10:00.004860+00:00,spot_13,Spot 13,Occupied,2026-06-26T18:08:57.035961+00:00,1275,car,0.536481499671936,628,70.34146118164062,314.78363037109375,104.29995727539062,335.1318359375
2026-06-26T18:10:00.004860+00:00,spot_14,Spot 14,Empty,2026-06-26T17:37:06.837173+00:00,,,,,,,,
2026-06-26T18:10:00.004860+00:00,spot_15,Spot 15,Empty,2026-06-26T18:10:00.004860+00:00,,,,,,,,
2026-06-26T18:10:00.004860+00:00,spot_16,Spot 16,Empty,2026-06-26T18:04:48.793627+00:00,,,,,,,,
2026-06-26T18:10:00.004860+00:00,spot_17,Spot 17,Occupied,2026-06-26T18:04:48.793627+00:00,1276,car,0.6971286535263062,628,9.391002655029297,308.89312744140625,45.38934326171875,330.587646484375
2026-06-26T18:10:53.593891+00:00,spot_1,Spot 1,Occupied,2026-06-26T17:59:06.661948+00:00,1267,car,0.878562331199646,683,562.964111328125,314.51922607421875,609.308837890625,369.96978759765625
2026-06-26T18:10:53.593891+00:00,spot_2,Spot 2,Occupied,2026-06-26T18:10:53.593891+00:00,1289,truck,0.5101733803749084,0,507.9810791015625,313.2275390625,552.591064453125,363.87060546875
2026-06-26T18:10:53.593891+00:00,spot_3,Spot 3,Empty,2026-06-26T17:59:06.661948+00:00,,,,,,,,
2026-06-26T18:10:53.593891+00:00,spot_4,Spot 4,Empty,2026-06-26T17:59:06.661948+00:00,,,,,,,,
2026-06-26T18:10:53.593891+00:00,spot_5,Spot 5,Occupied,2026-06-26T18:10:53.593891+00:00,1274,truck,0.5558505654335022,683,331.42449951171875,319.9958801269531,395.10443115234375,361.4245910644531
2026-06-26T18:10:53.593891+00:00,spot_6,Spot 6,Occupied,2026-06-26T17:59:06.661948+00:00,1272,truck,0.6595987677574158,683,276.80865478515625,322.419677734375,335.9376220703125,362.90863037109375
2026-06-26T18:10:53.593891+00:00,spot_7,Spot 7,Occupied,2026-06-26T17:59:06.661948+00:00,1268,car,0.6839526295661926,683,247.77320861816406,328.061279296875,296.2177734375,356.6832275390625
2026-06-26T18:10:53.593891+00:00,spot_8,Spot 8,Empty,2026-06-26T18:08:57.035961+00:00,,,,,,,,
2026-06-26T18:10:53.593891+00:00,spot_9,Spot 9,Occupied,2026-06-26T18:10:00.004860+00:00,1287,truck,0.4054068922996521,55,157.045166015625,319.46441650390625,223.73110961914062,351.85137939453125
2026-06-26T18:10:53.593891+00:00,spot_10,Spot 10,Empty,2026-06-26T18:10:53.593891+00:00,,,,,,,,
2026-06-26T18:10:53.593891+00:00,spot_11,Spot 11,Occupied,2026-06-26T17:59:06.661948+00:00,1273,car,0.45886868238449097,683,122.78349304199219,318.2007141113281,161.85035705566406,343.1726989746094
2026-06-26T18:10:53.593891+00:00,spot_12,Spot 12,Empty,2026-06-26T18:10:53.593891+00:00,,,,,,,,
2026-06-26T18:10:53.593891+00:00,spot_13,Spot 13,Occupied,2026-06-26T18:10:53.593891+00:00,1290,truck,0.3564792573451996,0,70.504638671875,314.4244384765625,104.32698059082031,335.229736328125
2026-06-26T18:10:53.593891+00:00,spot_14,Spot 14,Empty,2026-06-26T17:37:06.837173+00:00,,,,,,,,
2026-06-26T18:10:53.593891+00:00,spot_15,Spot 15,Empty,2026-06-26T18:10:00.004860+00:00,,,,,,,,
2026-06-26T18:10:53.593891+00:00,spot_16,Spot 16,Empty,2026-06-26T18:04:48.793627+00:00,,,,,,,,
2026-06-26T18:10:53.593891+00:00,spot_17,Spot 17,Occupied,2026-06-26T18:04:48.793627+00:00,1276,car,0.5422511696815491,683,10.14849853515625,309.1742248535156,44.35443115234375,330.3990173339844
2026-06-26T18:11:56.594352+00:00,spot_1,Spot 1,Occupied,2026-06-26T17:59:06.661948+00:00,1267,car,0.8549207448959351,747,563.1201171875,313.8112487792969,609.693115234375,368.4604797363281
2026-06-26T18:11:56.594352+00:00,spot_2,Spot 2,Occupied,2026-06-26T18:11:56.594352+00:00,1270,car,0.5560401082038879,747,507.83953857421875,313.4622802734375,552.4526977539062,362.79266357421875
2026-06-26T18:11:56.594352+00:00,spot_3,Spot 3,Empty,2026-06-26T17:59:06.661948+00:00,,,,,,,,
2026-06-26T18:11:56.594352+00:00,spot_4,Spot 4,Empty,2026-06-26T17:59:06.661948+00:00,,,,,,,,
2026-06-26T18:11:56.594352+00:00,spot_5,Spot 5,Occupied,2026-06-26T18:10:53.593891+00:00,1274,truck,0.631658673286438,747,332.4287109375,319.975830078125,394.7181396484375,361.7684326171875
2026-06-26T18:11:56.594352+00:00,spot_6,Spot 6,Occupied,2026-06-26T17:59:06.661948+00:00,1272,truck,0.5121161937713623,747,276.977294921875,322.1472473144531,336.99432373046875,362.8344421386719
2026-06-26T18:11:56.594352+00:00,spot_7,Spot 7,Occupied,2026-06-26T17:59:06.661948+00:00,1268,car,0.46588248014450073,747,248.07546997070312,328.370849609375,295.9512634277344,356.701904296875
2026-06-26T18:11:56.594352+00:00,spot_8,Spot 8,Empty,2026-06-26T18:08:57.035961+00:00,,,,,,,,
2026-06-26T18:11:56.594352+00:00,spot_9,Spot 9,Occupied,2026-06-26T18:10:00.004860+00:00,1287,truck,0.4014934301376343,118,158.05520629882812,319.07794189453125,220.05331420898438,352.68621826171875
2026-06-26T18:11:56.594352+00:00,spot_10,Spot 10,Empty,2026-06-26T18:10:53.593891+00:00,,,,,,,,
2026-06-26T18:11:56.594352+00:00,spot_11,Spot 11,Occupied,2026-06-26T17:59:06.661948+00:00,1273,car,0.5036742091178894,747,123.03704071044922,318.12353515625,161.2548828125,343.300048828125
2026-06-26T18:11:56.594352+00:00,spot_12,Spot 12,Empty,2026-06-26T18:10:53.593891+00:00,,,,,,,,
2026-06-26T18:11:56.594352+00:00,spot_13,Spot 13,Empty,2026-06-26T18:11:56.594352+00:00,,,,,,,,
2026-06-26T18:11:56.594352+00:00,spot_14,Spot 14,Empty,2026-06-26T17:37:06.837173+00:00,,,,,,,,
2026-06-26T18:11:56.594352+00:00,spot_15,Spot 15,Empty,2026-06-26T18:10:00.004860+00:00,,,,,,,,
2026-06-26T18:11:56.594352+00:00,spot_16,Spot 16,Empty,2026-06-26T18:04:48.793627+00:00,,,,,,,,
2026-06-26T18:11:56.594352+00:00,spot_17,Spot 17,Occupied,2026-06-26T18:04:48.793627+00:00,1276,car,0.4786328375339508,747,11.199272155761719,308.71405029296875,42.84851837158203,330.95916748046875
2026-06-26T18:12:57.474457+00:00,spot_1,Spot 1,Occupied,2026-06-26T17:59:06.661948+00:00,1267,car,0.8687498569488525,806,563.3220825195312,313.5519714355469,609.8709106445312,368.5544738769531
2026-06-26T18:12:57.474457+00:00,spot_2,Spot 2,Occupied,2026-06-26T18:12:57.474457+00:00,1289,truck,0.5642471313476562,123,507.658935546875,313.97216796875,551.7149658203125,362.57763671875
2026-06-26T18:12:57.474457+00:00,spot_3,Spot 3,Empty,2026-06-26T17:59:06.661948+00:00,,,,,,,,
2026-06-26T18:12:57.474457+00:00,spot_4,Spot 4,Empty,2026-06-26T17:59:06.661948+00:00,,,,,,,,
2026-06-26T18:12:57.474457+00:00,spot_5,Spot 5,Occupied,2026-06-26T18:10:53.593891+00:00,1274,truck,0.5059189200401306,806,328.2227783203125,319.51776123046875,395.8553466796875,361.15008544921875
2026-06-26T18:12:57.474457+00:00,spot_6,Spot 6,Occupied,2026-06-26T17:59:06.661948+00:00,1272,truck,0.7302258610725403,806,276.96771240234375,322.00146484375,336.3880615234375,361.929443359375
2026-06-26T18:12:57.474457+00:00,spot_7,Spot 7,Occupied,2026-06-26T17:59:06.661948+00:00,1268,car,0.41244256496429443,806,247.3931884765625,327.7098083496094,296.39495849609375,356.7948913574219
2026-06-26T18:12:57.474457+00:00,spot_8,Spot 8,Empty,2026-06-26T18:08:57.035961+00:00,,,,,,,,
2026-06-26T18:12:57.474457+00:00,spot_9,Spot 9,Occupied,2026-06-26T18:10:00.004860+00:00,1287,truck,0.4305213987827301,178,156.9690704345703,318.95330810546875,224.01841735839844,352.45465087890625
2026-06-26T18:12:57.474457+00:00,spot_10,Spot 10,Empty,2026-06-26T18:10:53.593891+00:00,,,,,,,,
2026-06-26T18:12:57.474457+00:00,spot_11,Spot 11,Occupied,2026-06-26T17:59:06.661948+00:00,1273,car,0.620014488697052,806,123.22158813476562,318.02252197265625,163.71795654296875,343.10601806640625
2026-06-26T18:12:57.474457+00:00,spot_12,Spot 12,Occupied,2026-06-26T18:12:57.474457+00:00,1288,car,0.4423612654209137,178,95.77279663085938,314.24176025390625,137.8932342529297,340.0921630859375
2026-06-26T18:12:57.474457+00:00,spot_13,Spot 13,Occupied,2026-06-26T18:12:57.474457+00:00,1275,car,0.36964988708496094,806,70.70046997070312,314.002685546875,103.51104736328125,334.81439208984375
2026-06-26T18:12:57.474457+00:00,spot_14,Spot 14,Empty,2026-06-26T17:37:06.837173+00:00,,,,,,,,
2026-06-26T18:12:57.474457+00:00,spot_15,Spot 15,Occupied,2026-06-26T18:12:57.474457+00:00,1292,car,0.3712063133716583,0,39.87108612060547,312.26220703125,76.72930145263672,331.42669677734375
2026-06-26T18:12:57.474457+00:00,spot_16,Spot 16,Empty,2026-06-26T18:04:48.793627+00:00,,,,,,,,
2026-06-26T18:12:57.474457+00:00,spot_17,Spot 17,Occupied,2026-06-26T18:04:48.793627+00:00,1276,car,0.5119181871414185,806,8.847366333007812,308.677001953125,45.054718017578125,330.35546875
2026-06-26T18:13:53.681116+00:00,spot_1,Spot 1,Occupied,2026-06-26T18:13:53.681116+00:00,1293,truck,0.4898950457572937,0,562.8056030273438,313.7156677246094,609.3886108398438,368.3726501464844
2026-06-26T18:13:53.681116+00:00,spot_2,Spot 2,Occupied,2026-06-26T18:12:57.474457+00:00,1289,truck,0.6943209171295166,183,508.13226318359375,312.88214111328125,551.6011352539062,361.96148681640625
2026-06-26T18:13:53.681116+00:00,spot_3,Spot 3,Empty,2026-06-26T17:59:06.661948+00:00,,,,,,,,
2026-06-26T18:13:53.681116+00:00,spot_4,Spot 4,Empty,2026-06-26T17:59:06.661948+00:00,,,,,,,,
2026-06-26T18:13:53.681116+00:00,spot_5,Spot 5,Occupied,2026-06-26T18:10:53.593891+00:00,1274,truck,0.6671419143676758,866,333.101318359375,319.4171142578125,396.5716552734375,361.61285400390625
2026-06-26T18:13:53.681116+00:00,spot_6,Spot 6,Occupied,2026-06-26T17:59:06.661948+00:00,1272,truck,0.6901413798332214,866,276.3504333496094,322.04364013671875,336.2818908691406,363.14801025390625
2026-06-26T18:13:53.681116+00:00,spot_7,Spot 7,Occupied,2026-06-26T18:13:53.681116+00:00,1291,truck,0.3696298897266388,59,247.43374633789062,327.68902587890625,295.9709167480469,356.80804443359375
2026-06-26T18:13:53.681116+00:00,spot_8,Spot 8,Empty,2026-06-26T18:08:57.035961+00:00,,,,,,,,
2026-06-26T18:13:53.681116+00:00,spot_9,Spot 9,Empty,2026-06-26T18:13:53.681116+00:00,,,,,,,,
2026-06-26T18:13:53.681116+00:00,spot_10,Spot 10,Empty,2026-06-26T18:10:53.593891+00:00,,,,,,,,
2026-06-26T18:13:53.681116+00:00,spot_11,Spot 11,Occupied,2026-06-26T17:59:06.661948+00:00,1273,car,0.6471989750862122,866,124.41839599609375,317.6676330566406,161.46279907226562,343.7518615722656
2026-06-26T18:13:53.681116+00:00,spot_12,Spot 12,Occupied,2026-06-26T18:12:57.474457+00:00,1288,car,0.4534095525741577,238,95.14067077636719,314.291015625,136.69119262695312,340.656005859375
2026-06-26T18:13:53.681116+00:00,spot_13,Spot 13,Occupied,2026-06-26T18:12:57.474457+00:00,1275,car,0.5106893181800842,866,70.11491394042969,314.16064453125,104.45597839355469,334.6767578125
2026-06-26T18:13:53.681116+00:00,spot_14,Spot 14,Empty,2026-06-26T17:37:06.837173+00:00,,,,,,,,
2026-06-26T18:13:53.681116+00:00,spot_15,Spot 15,Occupied,2026-06-26T18:12:57.474457+00:00,1292,car,0.42074599862098694,59,40.07823944091797,311.9227294921875,60.065711975097656,329.5054931640625
2026-06-26T18:13:53.681116+00:00,spot_16,Spot 16,Empty,2026-06-26T18:04:48.793627+00:00,,,,,,,,
2026-06-26T18:13:53.681116+00:00,spot_17,Spot 17,Occupied,2026-06-26T18:04:48.793627+00:00,1276,car,0.40864846110343933,866,8.507255554199219,308.31036376953125,44.0855712890625,330.4942626953125
2026-06-26T18:14:54.241818+00:00,spot_1,Spot 1,Occupied,2026-06-26T18:14:54.241818+00:00,1267,car,0.8567674160003662,924,562.6640625,314.457275390625,609.6517333984375,368.83697509765625
2026-06-26T18:14:54.241818+00:00,spot_2,Spot 2,Occupied,2026-06-26T18:12:57.474457+00:00,1289,truck,0.4556170105934143,241,508.425048828125,312.8717346191406,553.734619140625,361.8618469238281
2026-06-26T18:14:54.241818+00:00,spot_3,Spot 3,Empty,2026-06-26T17:59:06.661948+00:00,,,,,,,,
2026-06-26T18:14:54.241818+00:00,spot_4,Spot 4,Empty,2026-06-26T17:59:06.661948+00:00,,,,,,,,
2026-06-26T18:14:54.241818+00:00,spot_5,Spot 5,Occupied,2026-06-26T18:10:53.593891+00:00,1274,truck,0.6613444685935974,924,326.452392578125,320.09869384765625,398.4422607421875,362.00640869140625
2026-06-26T18:14:54.241818+00:00,spot_6,Spot 6,Occupied,2026-06-26T17:59:06.661948+00:00,1272,truck,0.6607326865196228,924,277.68365478515625,322.94970703125,335.5595703125,362.513671875
2026-06-26T18:14:54.241818+00:00,spot_7,Spot 7,Occupied,2026-06-26T18:14:54.241818+00:00,1268,car,0.6645696759223938,924,247.73074340820312,328.4226379394531,296.7511291503906,357.1717224121094
2026-06-26T18:14:54.241818+00:00,spot_8,Spot 8,Empty,2026-06-26T18:08:57.035961+00:00,,,,,,,,
2026-06-26T18:14:54.241818+00:00,spot_9,Spot 9,Occupied,2026-06-26T18:14:54.241818+00:00,1287,truck,0.3670531213283539,296,159.15625,318.75079345703125,221.98492431640625,352.61907958984375
2026-06-26T18:14:54.241818+00:00,spot_10,Spot 10,Empty,2026-06-26T18:10:53.593891+00:00,,,,,,,,
2026-06-26T18:14:54.241818+00:00,spot_11,Spot 11,Occupied,2026-06-26T17:59:06.661948+00:00,1273,car,0.5189321041107178,924,123.6002426147461,317.02813720703125,161.78005981445312,344.01336669921875
2026-06-26T18:14:54.241818+00:00,spot_12,Spot 12,Occupied,2026-06-26T18:12:57.474457+00:00,1288,car,0.5521612167358398,296,95.23503112792969,314.6788635253906,137.1862335205078,340.8493347167969
2026-06-26T18:14:54.241818+00:00,spot_13,Spot 13,Occupied,2026-06-26T18:12:57.474457+00:00,1275,car,0.5491873025894165,924,70.46536254882812,314.474609375,104.2901611328125,334.6654052734375
2026-06-26T18:14:54.241818+00:00,spot_14,Spot 14,Empty,2026-06-26T17:37:06.837173+00:00,,,,,,,,
2026-06-26T18:14:54.241818+00:00,spot_15,Spot 15,Occupied,2026-06-26T18:14:54.241818+00:00,1294,car,0.3618515133857727,0,47.00755310058594,311.45721435546875,80.26924133300781,331.768798828125
2026-06-26T18:14:54.241818+00:00,spot_16,Spot 16,Empty,2026-06-26T18:04:48.793627+00:00,,,,,,,,
2026-06-26T18:14:54.241818+00:00,spot_17,Spot 17,Occupied,2026-06-26T18:04:48.793627+00:00,1276,car,0.4160580337047577,924,11.169029235839844,308.75677490234375,45.48108673095703,330.57806396484375
2026-06-26T18:15:56.960407+00:00,spot_1,Spot 1,Occupied,2026-06-26T18:14:54.241818+00:00,1267,car,0.8748593330383301,987,563.187255859375,314.7443542480469,609.530029296875,367.6125793457031
2026-06-26T18:15:56.960407+00:00,spot_2,Spot 2,Occupied,2026-06-26T18:12:57.474457+00:00,1289,truck,0.44716206192970276,303,507.75054931640625,312.85992431640625,553.7113647460938,362.43182373046875
2026-06-26T18:15:56.960407+00:00,spot_3,Spot 3,Empty,2026-06-26T17:59:06.661948+00:00,,,,,,,,
2026-06-26T18:15:56.960407+00:00,spot_4,Spot 4,Empty,2026-06-26T17:59:06.661948+00:00,,,,,,,,
2026-06-26T18:15:56.960407+00:00,spot_5,Spot 5,Occupied,2026-06-26T18:15:56.960407+00:00,1295,car,0.40869683027267456,0,329.20037841796875,319.88360595703125,392.44207763671875,361.35198974609375
2026-06-26T18:15:56.960407+00:00,spot_6,Spot 6,Occupied,2026-06-26T17:59:06.661948+00:00,1272,truck,0.6210716962814331,987,276.692138671875,322.30718994140625,336.2149658203125,363.67279052734375
2026-06-26T18:15:56.960407+00:00,spot_7,Spot 7,Occupied,2026-06-26T18:14:54.241818+00:00,1268,car,0.7555869817733765,987,248.01449584960938,328.0768127441406,296.3814392089844,357.8061828613281
2026-06-26T18:15:56.960407+00:00,spot_8,Spot 8,Empty,2026-06-26T18:08:57.035961+00:00,,,,,,,,
2026-06-26T18:15:56.960407+00:00,spot_9,Spot 9,Empty,2026-06-26T18:15:56.960407+00:00,,,,,,,,
2026-06-26T18:15:56.960407+00:00,spot_10,Spot 10,Empty,2026-06-26T18:10:53.593891+00:00,,,,,,,,
2026-06-26T18:15:56.960407+00:00,spot_11,Spot 11,Occupied,2026-06-26T17:59:06.661948+00:00,1273,car,0.5785428285598755,987,122.5224609375,317.63623046875,161.227783203125,343.6962890625
2026-06-26T18:15:56.960407+00:00,spot_12,Spot 12,Occupied,2026-06-26T18:12:57.474457+00:00,1288,car,0.5600360035896301,358,94.82194519042969,314.15850830078125,139.07379150390625,339.8709716796875
2026-06-26T18:15:56.960407+00:00,spot_13,Spot 13,Occupied,2026-06-26T18:12:57.474457+00:00,1275,car,0.44423604011535645,987,70.77745056152344,314.69000244140625,102.76019287109375,334.61785888671875
2026-06-26T18:15:56.960407+00:00,spot_14,Spot 14,Empty,2026-06-26T17:37:06.837173+00:00,,,,,,,,
2026-06-26T18:15:56.960407+00:00,spot_15,Spot 15,Empty,2026-06-26T18:15:56.960407+00:00,,,,,,,,
2026-06-26T18:15:56.960407+00:00,spot_16,Spot 16,Empty,2026-06-26T18:04:48.793627+00:00,,,,,,,,
2026-06-26T18:15:56.960407+00:00,spot_17,Spot 17,Occupied,2026-06-26T18:04:48.793627+00:00,1276,car,0.39534756541252136,987,9.143329620361328,308.8072509765625,46.297908782958984,330.607421875
2026-06-26T18:16:59.954780+00:00,spot_1,Spot 1,Occupied,2026-06-26T18:14:54.241818+00:00,1267,car,0.8827502727508545,1049,563.2830810546875,314.54290771484375,609.6207275390625,367.68316650390625
2026-06-26T18:16:59.954780+00:00,spot_2,Spot 2,Occupied,2026-06-26T18:12:57.474457+00:00,1289,truck,0.6065785884857178,366,507.70867919921875,312.8926696777344,552.9132690429688,362.6037292480469
2026-06-26T18:16:59.954780+00:00,spot_3,Spot 3,Empty,2026-06-26T17:59:06.661948+00:00,,,,,,,,
2026-06-26T18:16:59.954780+00:00,spot_4,Spot 4,Empty,2026-06-26T17:59:06.661948+00:00,,,,,,,,
2026-06-26T18:16:59.954780+00:00,spot_5,Spot 5,Occupied,2026-06-26T18:15:56.960407+00:00,1295,car,0.3994288444519043,62,331.370849609375,319.7161865234375,397.02337646484375,360.75439453125
2026-06-26T18:16:59.954780+00:00,spot_6,Spot 6,Occupied,2026-06-26T17:59:06.661948+00:00,1272,truck,0.654637336730957,1049,276.76678466796875,321.53900146484375,336.80474853515625,362.69464111328125
2026-06-26T18:16:59.954780+00:00,spot_7,Spot 7,Occupied,2026-06-26T18:14:54.241818+00:00,1268,car,0.826715350151062,1049,247.70921325683594,328.1973571777344,296.165283203125,356.6811218261719
2026-06-26T18:16:59.954780+00:00,spot_8,Spot 8,Occupied,2026-06-26T18:16:59.954780+00:00,1296,car,0.3510131537914276,0,223.37771606445312,321.0687255859375,265.11724853515625,352.640869140625
2026-06-26T18:16:59.954780+00:00,spot_9,Spot 9,Occupied,2026-06-26T18:16:59.954780+00:00,1287,truck,0.39110657572746277,421,158.51419067382812,318.0049133300781,225.34677124023438,353.3027648925781
2026-06-26T18:16:59.954780+00:00,spot_10,Spot 10,Empty,2026-06-26T18:10:53.593891+00:00,,,,,,,,
2026-06-26T18:16:59.954780+00:00,spot_11,Spot 11,Occupied,2026-06-26T17:59:06.661948+00:00,1273,car,0.3981902301311493,1049,125.95816040039062,317.48516845703125,161.0693359375,343.87091064453125
2026-06-26T18:16:59.954780+00:00,spot_12,Spot 12,Empty,2026-06-26T18:16:59.954780+00:00,,,,,,,,
2026-06-26T18:16:59.954780+00:00,spot_13,Spot 13,Empty,2026-06-26T18:16:59.954780+00:00,,,,,,,,
2026-06-26T18:16:59.954780+00:00,spot_14,Spot 14,Empty,2026-06-26T17:37:06.837173+00:00,,,,,,,,
2026-06-26T18:16:59.954780+00:00,spot_15,Spot 15,Empty,2026-06-26T18:15:56.960407+00:00,,,,,,,,
2026-06-26T18:16:59.954780+00:00,spot_16,Spot 16,Occupied,2026-06-26T18:16:59.954780+00:00,1276,car,0.3654617667198181,1049,9.357513427734375,307.2857360839844,49.176910400390625,330.5052185058594
2026-06-26T18:16:59.954780+00:00,spot_17,Spot 17,Empty,2026-06-26T18:16:59.954780+00:00,,,,,,,,
2026-06-26T18:18:01.736077+00:00,spot_1,Spot 1,Occupied,2026-06-26T18:14:54.241818+00:00,1267,car,0.8597833514213562,1111,563.1731567382812,313.58868408203125,609.3901977539062,368.3927001953125
2026-06-26T18:18:01.736077+00:00,spot_2,Spot 2,Occupied,2026-06-26T18:18:01.736077+00:00,1270,car,0.6141257882118225,1111,507.8951416015625,312.42022705078125,554.374267578125,362.81817626953125
2026-06-26T18:18:01.736077+00:00,spot_3,Spot 3,Empty,2026-06-26T17:59:06.661948+00:00,,,,,,,,
2026-06-26T18:18:01.736077+00:00,spot_4,Spot 4,Empty,2026-06-26T17:59:06.661948+00:00,,,,,,,,
2026-06-26T18:18:01.736077+00:00,spot_5,Spot 5,Occupied,2026-06-26T18:15:56.960407+00:00,1295,car,0.45378491282463074,124,320.66748046875,319.45721435546875,397.7471923828125,362.370849609375
2026-06-26T18:18:01.736077+00:00,spot_6,Spot 6,Occupied,2026-06-26T17:59:06.661948+00:00,1272,truck,0.404060035943985,1111,276.00274658203125,320.62249755859375,337.19158935546875,362.65557861328125
2026-06-26T18:18:01.736077+00:00,spot_7,Spot 7,Occupied,2026-06-26T18:14:54.241818+00:00,1268,car,0.6503083109855652,1111,248.03854370117188,327.7991943359375,296.1661071777344,357.76220703125
2026-06-26T18:18:01.736077+00:00,spot_8,Spot 8,Empty,2026-06-26T18:18:01.736077+00:00,,,,,,,,
2026-06-26T18:18:01.736077+00:00,spot_9,Spot 9,Occupied,2026-06-26T18:16:59.954780+00:00,1287,truck,0.3706486225128174,483,150.28872680664062,318.60626220703125,225.12008666992188,350.627197265625
2026-06-26T18:18:01.736077+00:00,spot_10,Spot 10,Empty,2026-06-26T18:10:53.593891+00:00,,,,,,,,
2026-06-26T18:18:01.736077+00:00,spot_11,Spot 11,Occupied,2026-06-26T18:18:01.736077+00:00,1298,truck,0.38633376359939575,0,123.00027465820312,317.41729736328125,161.30868530273438,343.76751708984375
2026-06-26T18:18:01.736077+00:00,spot_12,Spot 12,Empty,2026-06-26T18:16:59.954780+00:00,,,,,,,,
2026-06-26T18:18:01.736077+00:00,spot_13,Spot 13,Occupied,2026-06-26T18:18:01.736077+00:00,1275,car,0.5003061294555664,1111,69.9119644165039,313.2381591796875,107.72325897216797,334.64215087890625
2026-06-26T18:18:01.736077+00:00,spot_14,Spot 14,Empty,2026-06-26T17:37:06.837173+00:00,,,,,,,,
2026-06-26T18:18:01.736077+00:00,spot_15,Spot 15,Empty,2026-06-26T18:15:56.960407+00:00,,,,,,,,
2026-06-26T18:18:01.736077+00:00,spot_16,Spot 16,Empty,2026-06-26T18:18:01.736077+00:00,,,,,,,,
2026-06-26T18:18:01.736077+00:00,spot_17,Spot 17,Occupied,2026-06-26T18:18:01.736077+00:00,1276,car,0.47204574942588806,1111,9.968730926513672,308.19293212890625,45.713035583496094,330.22369384765625
2026-06-26T18:19:03.493512+00:00,spot_1,Spot 1,Occupied,2026-06-26T18:14:54.241818+00:00,1267,car,0.8740546703338623,1175,563.3578491210938,313.29058837890625,609.5870971679688,368.63909912109375
2026-06-26T18:19:03.493512+00:00,spot_2,Spot 2,Occupied,2026-06-26T18:19:03.493512+00:00,1289,truck,0.696664571762085,492,507.76947021484375,312.1568603515625,554.5097045898438,365.12371826171875
2026-06-26T18:19:03.493512+00:00,spot_3,Spot 3,Empty,2026-06-26T17:59:06.661948+00:00,,,,,,,,
2026-06-26T18:19:03.493512+00:00,spot_4,Spot 4,Empty,2026-06-26T17:59:06.661948+00:00,,,,,,,,
2026-06-26T18:19:03.493512+00:00,spot_5,Spot 5,Occupied,2026-06-26T18:15:56.960407+00:00,1295,car,0.5414012670516968,188,334.6361083984375,319.3323669433594,387.71588134765625,361.4258728027344
2026-06-26T18:19:03.493512+00:00,spot_6,Spot 6,Occupied,2026-06-26T18:19:03.493512+00:00,1297,car,0.6120449900627136,64,277.79705810546875,320.44677734375,336.40301513671875,361.5809326171875
2026-06-26T18:19:03.493512+00:00,spot_7,Spot 7,Occupied,2026-06-26T18:14:54.241818+00:00,1268,car,0.7318627834320068,1175,247.94464111328125,327.46002197265625,296.44873046875,357.85186767578125
2026-06-26T18:19:03.493512+00:00,spot_8,Spot 8,Occupied,2026-06-26T18:19:03.493512+00:00,1287,truck,0.3576694130897522,547,191.8170166015625,319.260986328125,243.43035888671875,359.2872314453125
2026-06-26T18:19:03.493512+00:00,spot_9,Spot 9,Empty,2026-06-26T18:19:03.493512+00:00,,,,,,,,
2026-06-26T18:19:03.493512+00:00,spot_10,Spot 10,Empty,2026-06-26T18:10:53.593891+00:00,,,,,,,,
2026-06-26T18:19:03.493512+00:00,spot_11,Spot 11,Occupied,2026-06-26T18:18:01.736077+00:00,1298,truck,0.41692742705345154,64,118.61820220947266,316.605712890625,165.89114379882812,343.4696044921875
2026-06-26T18:19:03.493512+00:00,spot_12,Spot 12,Empty,2026-06-26T18:16:59.954780+00:00,,,,,,,,
2026-06-26T18:19:03.493512+00:00,spot_13,Spot 13,Empty,2026-06-26T18:19:03.493512+00:00,,,,,,,,
2026-06-26T18:19:03.493512+00:00,spot_14,Spot 14,Empty,2026-06-26T17:37:06.837173+00:00,,,,,,,,
2026-06-26T18:19:03.493512+00:00,spot_15,Spot 15,Empty,2026-06-26T18:15:56.960407+00:00,,,,,,,,
2026-06-26T18:19:03.493512+00:00,spot_16,Spot 16,Empty,2026-06-26T18:18:01.736077+00:00,,,,,,,,
2026-06-26T18:19:03.493512+00:00,spot_17,Spot 17,Occupied,2026-06-26T18:18:01.736077+00:00,1276,car,0.5516430735588074,1175,9.316795349121094,307.6943359375,42.49701690673828,329.9940185546875
2026-06-26T18:20:07.710570+00:00,spot_1,Spot 1,Occupied,2026-06-26T18:14:54.241818+00:00,1267,car,0.8478344678878784,1237,563.3206787109375,313.33392333984375,609.1783447265625,367.97698974609375
2026-06-26T18:20:07.710570+00:00,spot_2,Spot 2,Occupied,2026-06-26T18:19:03.493512+00:00,1289,truck,0.4100441634654999,554,507.5752258300781,312.52801513671875,554.0458984375,363.88873291015625
2026-06-26T18:20:07.710570+00:00,spot_3,Spot 3,Empty,2026-06-26T17:59:06.661948+00:00,,,,,,,,
2026-06-26T18:20:07.710570+00:00,spot_4,Spot 4,Empty,2026-06-26T17:59:06.661948+00:00,,,,,,,,
2026-06-26T18:20:07.710570+00:00,spot_5,Spot 5,Empty,2026-06-26T18:20:07.710570+00:00,,,,,,,,
2026-06-26T18:20:07.710570+00:00,spot_6,Spot 6,Occupied,2026-06-26T18:19:03.493512+00:00,1297,car,0.4610663056373596,126,276.895263671875,322.2010498046875,336.343505859375,361.09259033203125
2026-06-26T18:20:07.710570+00:00,spot_7,Spot 7,Occupied,2026-06-26T18:14:54.241818+00:00,1268,car,0.6125061511993408,1237,247.632080078125,328.34637451171875,296.77703857421875,357.544189453125
2026-06-26T18:20:07.710570+00:00,spot_8,Spot 8,Empty,2026-06-26T18:20:07.710570+00:00,,,,,,,,
2026-06-26T18:20:07.710570+00:00,spot_9,Spot 9,Empty,2026-06-26T18:19:03.493512+00:00,,,,,,,,
2026-06-26T18:20:07.710570+00:00,spot_10,Spot 10,Empty,2026-06-26T18:10:53.593891+00:00,,,,,,,,
2026-06-26T18:20:07.710570+00:00,spot_11,Spot 11,Occupied,2026-06-26T18:20:07.710570+00:00,1299,car,0.7506480813026428,0,122.97879028320312,316.88555908203125,165.39828491210938,343.88677978515625
2026-06-26T18:20:07.710570+00:00,spot_12,Spot 12,Occupied,2026-06-26T18:20:07.710570+00:00,1300,car,0.3610522747039795,0,96.72245788574219,313.91180419921875,140.22817993164062,340.92523193359375
2026-06-26T18:20:07.710570+00:00,spot_13,Spot 13,Occupied,2026-06-26T18:20:07.710570+00:00,1275,car,0.4641370177268982,1237,68.36318969726562,312.68048095703125,107.21510314941406,333.82110595703125
2026-06-26T18:20:07.710570+00:00,spot_14,Spot 14,Empty,2026-06-26T17:37:06.837173+00:00,,,,,,,,
2026-06-26T18:20:07.710570+00:00,spot_15,Spot 15,Empty,2026-06-26T18:15:56.960407+00:00,,,,,,,,
2026-06-26T18:20:07.710570+00:00,spot_16,Spot 16,Empty,2026-06-26T18:18:01.736077+00:00,,,,,,,,
2026-06-26T18:20:07.710570+00:00,spot_17,Spot 17,Occupied,2026-06-26T18:18:01.736077+00:00,1276,car,0.604548990726471,1237,8.786930084228516,307.5040283203125,47.02922439575195,329.881591796875
2026-06-26T18:21:10.531673+00:00,spot_1,Spot 1,Occupied,2026-06-26T18:14:54.241818+00:00,1267,car,0.8648530840873718,1299,563.276611328125,314.94732666015625,608.81787109375,368.74951171875
2026-06-26T18:21:10.531673+00:00,spot_2,Spot 2,Occupied,2026-06-26T18:19:03.493512+00:00,1289,truck,0.6788396835327148,616,507.9111328125,312.0665283203125,553.996826171875,363.74169921875
2026-06-26T18:21:10.531673+00:00,spot_3,Spot 3,Empty,2026-06-26T17:59:06.661948+00:00,,,,,,,,
2026-06-26T18:21:10.531673+00:00,spot_4,Spot 4,Occupied,2026-06-26T18:21:10.531673+00:00,1301,car,0.8241139650344849,0,385.979248046875,323.333251953125,442.52557373046875,363.60986328125
2026-06-26T18:21:10.531673+00:00,spot_5,Spot 5,Occupied,2026-06-26T18:21:10.531673+00:00,1295,car,0.41334787011146545,312,333.69757080078125,319.018310546875,387.39190673828125,361.774169921875
2026-06-26T18:21:10.531673+00:00,spot_6,Spot 6,Occupied,2026-06-26T18:19:03.493512+00:00,1297,car,0.45851826667785645,188,276.84197998046875,321.7343444824219,336.7723388671875,361.0562438964844
2026-06-26T18:21:10.531673+00:00,spot_7,Spot 7,Occupied,2026-06-26T18:14:54.241818+00:00,1268,car,0.7230550050735474,1299,248.10891723632812,327.8157043457031,296.1382751464844,356.5026550292969
2026-06-26T18:21:10.531673+00:00,spot_8,Spot 8,Empty,2026-06-26T18:20:07.710570+00:00,,,,,,,,
2026-06-26T18:21:10.531673+00:00,spot_9,Spot 9,Empty,2026-06-26T18:19:03.493512+00:00,,,,,,,,
2026-06-26T18:21:10.531673+00:00,spot_10,Spot 10,Occupied,2026-06-26T18:21:10.531673+00:00,1302,car,0.5093339681625366,0,148.66949462890625,318.6162109375,201.28707885742188,346.8656005859375
2026-06-26T18:21:10.531673+00:00,spot_11,Spot 11,Occupied,2026-06-26T18:20:07.710570+00:00,1299,car,0.6098253130912781,62,122.62855529785156,316.72979736328125,164.79273986816406,343.53521728515625
2026-06-26T18:21:10.531673+00:00,spot_12,Spot 12,Empty,2026-06-26T18:21:10.531673+00:00,,,,,,,,
2026-06-26T18:21:10.531673+00:00,spot_13,Spot 13,Occupied,2026-06-26T18:20:07.710570+00:00,1275,car,0.418727308511734,1299,69.83869934082031,314.19989013671875,107.16163635253906,334.4547119140625
2026-06-26T18:21:10.531673+00:00,spot_14,Spot 14,Empty,2026-06-26T17:37:06.837173+00:00,,,,,,,,
2026-06-26T18:21:10.531673+00:00,spot_15,Spot 15,Empty,2026-06-26T18:15:56.960407+00:00,,,,,,,,
2026-06-26T18:21:10.531673+00:00,spot_16,Spot 16,Empty,2026-06-26T18:18:01.736077+00:00,,,,,,,,
2026-06-26T18:21:10.531673+00:00,spot_17,Spot 17,Occupied,2026-06-26T18:18:01.736077+00:00,1276,car,0.5634847283363342,1299,9.687744140625,307.8835754394531,44.55537414550781,329.7339172363281
2026-06-26T18:22:13.235892+00:00,spot_1,Spot 1,Occupied,2026-06-26T18:14:54.241818+00:00,1267,car,0.879186749458313,1362,563.2425537109375,312.7847900390625,608.8651123046875,367.3992919921875
2026-06-26T18:22:13.235892+00:00,spot_2,Spot 2,Occupied,2026-06-26T18:22:13.235892+00:00,1270,car,0.7174316048622131,1362,507.7272644042969,311.55767822265625,553.948974609375,362.42791748046875
2026-06-26T18:22:13.235892+00:00,spot_3,Spot 3,Empty,2026-06-26T17:59:06.661948+00:00,,,,,,,,
2026-06-26T18:22:13.235892+00:00,spot_4,Spot 4,Occupied,2026-06-26T18:21:10.531673+00:00,1301,car,0.8853257298469543,62,388.2433166503906,319.6746520996094,444.5658874511719,361.1878967285156
2026-06-26T18:22:13.235892+00:00,spot_5,Spot 5,Occupied,2026-06-26T18:21:10.531673+00:00,1295,car,0.6234453916549683,375,334.368408203125,319.34246826171875,392.4918212890625,361.05230712890625
2026-06-26T18:22:13.235892+00:00,spot_6,Spot 6,Occupied,2026-06-26T18:19:03.493512+00:00,1297,car,0.45233651995658875,251,278.080810546875,322.6390380859375,336.52392578125,361.583984375
2026-06-26T18:22:13.235892+00:00,spot_7,Spot 7,Occupied,2026-06-26T18:14:54.241818+00:00,1268,car,0.7171411514282227,1362,248.10508728027344,327.5796203613281,297.475830078125,356.1884460449219
2026-06-26T18:22:13.235892+00:00,spot_8,Spot 8,Occupied,2026-06-26T18:22:13.235892+00:00,1303,car,0.36677443981170654,0,227.89108276367188,328.0350036621094,267.3149108886719,349.9364318847656
2026-06-26T18:22:13.235892+00:00,spot_9,Spot 9,Empty,2026-06-26T18:19:03.493512+00:00,,,,,,,,
2026-06-26T18:22:13.235892+00:00,spot_10,Spot 10,Empty,2026-06-26T18:22:13.235892+00:00,,,,,,,,
2026-06-26T18:22:13.235892+00:00,spot_11,Spot 11,Occupied,2026-06-26T18:20:07.710570+00:00,1299,car,0.5678380727767944,124,122.936279296875,316.8944091796875,163.35549926757812,342.73883056640625
2026-06-26T18:22:13.235892+00:00,spot_12,Spot 12,Empty,2026-06-26T18:21:10.531673+00:00,,,,,,,,
2026-06-26T18:22:13.235892+00:00,spot_13,Spot 13,Empty,2026-06-26T18:22:13.235892+00:00,,,,,,,,
2026-06-26T18:22:13.235892+00:00,spot_14,Spot 14,Empty,2026-06-26T17:37:06.837173+00:00,,,,,,,,
2026-06-26T18:22:13.235892+00:00,spot_15,Spot 15,Empty,2026-06-26T18:15:56.960407+00:00,,,,,,,,
2026-06-26T18:22:13.235892+00:00,spot_16,Spot 16,Empty,2026-06-26T18:18:01.736077+00:00,,,,,,,,
2026-06-26T18:22:13.235892+00:00,spot_17,Spot 17,Empty,2026-06-26T18:22:13.235892+00:00,,,,,,,,
2026-06-26T18:23:14.662284+00:00,spot_1,Spot 1,Occupied,2026-06-26T18:14:54.241818+00:00,1267,car,0.8786806464195251,1423,563.180419921875,313.3450927734375,609.4716796875,368.7926025390625
2026-06-26T18:23:14.662284+00:00,spot_2,Spot 2,Occupied,2026-06-26T18:22:13.235892+00:00,1270,car,0.7522223591804504,1423,507.9417724609375,312.30181884765625,553.5516357421875,364.86212158203125
2026-06-26T18:23:14.662284+00:00,spot_3,Spot 3,Empty,2026-06-26T17:59:06.661948+00:00,,,,,,,,
2026-06-26T18:23:14.662284+00:00,spot_4,Spot 4,Occupied,2026-06-26T18:21:10.531673+00:00,1301,car,0.7525514364242554,123,389.64990234375,321.36309814453125,443.9095458984375,360.81365966796875
2026-06-26T18:23:14.662284+00:00,spot_5,Spot 5,Occupied,2026-06-26T18:21:10.531673+00:00,1295,car,0.3526109755039215,436,326.34539794921875,319.1307678222656,385.67791748046875,360.6606750488281
2026-06-26T18:23:14.662284+00:00,spot_6,Spot 6,Occupied,2026-06-26T18:23:14.662284+00:00,1272,truck,0.5875669121742249,1423,276.9764404296875,322.0213623046875,336.159912109375,362.527099609375
2026-06-26T18:23:14.662284+00:00,spot_7,Spot 7,Occupied,2026-06-26T18:14:54.241818+00:00,1268,car,0.7556726932525635,1423,248.44578552246094,327.3343200683594,296.0262451171875,355.7846374511719
2026-06-26T18:23:14.662284+00:00,spot_8,Spot 8,Occupied,2026-06-26T18:23:14.662284+00:00,1304,car,0.5437357425689697,0,200.96780395507812,320.41796875,256.8480529785156,355.562744140625
2026-06-26T18:23:14.662284+00:00,spot_9,Spot 9,Occupied,2026-06-26T18:23:14.662284+00:00,1302,car,0.4177638590335846,123,157.97198486328125,317.84429931640625,223.61810302734375,348.19427490234375
2026-06-26T18:23:14.662284+00:00,spot_10,Spot 10,Empty,2026-06-26T18:22:13.235892+00:00,,,,,,,,
2026-06-26T18:23:14.662284+00:00,spot_11,Spot 11,Occupied,2026-06-26T18:20:07.710570+00:00,1299,car,0.5420888066291809,185,124.40422058105469,316.99041748046875,162.81202697753906,342.658447265625
2026-06-26T18:23:14.662284+00:00,spot_12,Spot 12,Empty,2026-06-26T18:21:10.531673+00:00,,,,,,,,
2026-06-26T18:23:14.662284+00:00,spot_13,Spot 13,Empty,2026-06-26T18:22:13.235892+00:00,,,,,,,,
2026-06-26T18:23:14.662284+00:00,spot_14,Spot 14,Empty,2026-06-26T17:37:06.837173+00:00,,,,,,,,
2026-06-26T18:23:14.662284+00:00,spot_15,Spot 15,Empty,2026-06-26T18:15:56.960407+00:00,,,,,,,,
2026-06-26T18:23:14.662284+00:00,spot_16,Spot 16,Empty,2026-06-26T18:18:01.736077+00:00,,,,,,,,
2026-06-26T18:23:14.662284+00:00,spot_17,Spot 17,Occupied,2026-06-26T18:23:14.662284+00:00,1276,car,0.5855759382247925,1423,11.563640594482422,307.8326110839844,45.076725006103516,329.8849792480469
2026-06-26T18:24:07.585303+00:00,spot_1,Spot 1,Occupied,2026-06-26T18:14:54.241818+00:00,1267,car,0.8786806464195251,1475,563.180419921875,313.3450927734375,609.4716796875,368.7926025390625
2026-06-26T18:24:07.585303+00:00,spot_2,Spot 2,Occupied,2026-06-26T18:22:13.235892+00:00,1270,car,0.7522223591804504,1475,507.9417724609375,312.30181884765625,553.5516357421875,364.86212158203125
2026-06-26T18:24:07.585303+00:00,spot_3,Spot 3,Empty,2026-06-26T17:59:06.661948+00:00,,,,,,,,
2026-06-26T18:24:07.585303+00:00,spot_4,Spot 4,Occupied,2026-06-26T18:21:10.531673+00:00,1301,car,0.7525514364242554,176,389.64990234375,321.36309814453125,443.9095458984375,360.81365966796875
2026-06-26T18:24:07.585303+00:00,spot_5,Spot 5,Occupied,2026-06-26T18:21:10.531673+00:00,1295,car,0.3526109755039215,488,326.34539794921875,319.1307678222656,385.67791748046875,360.6606750488281
2026-06-26T18:24:07.585303+00:00,spot_6,Spot 6,Occupied,2026-06-26T18:23:14.662284+00:00,1272,truck,0.5875669121742249,1475,276.9764404296875,322.0213623046875,336.159912109375,362.527099609375
2026-06-26T18:24:07.585303+00:00,spot_7,Spot 7,Occupied,2026-06-26T18:14:54.241818+00:00,1268,car,0.7556726932525635,1475,248.44578552246094,327.3343200683594,296.0262451171875,355.7846374511719
2026-06-26T18:24:07.585303+00:00,spot_8,Spot 8,Occupied,2026-06-26T18:23:14.662284+00:00,1304,car,0.5437357425689697,52,200.96780395507812,320.41796875,256.8480529785156,355.562744140625
2026-06-26T18:24:07.585303+00:00,spot_9,Spot 9,Occupied,2026-06-26T18:23:14.662284+00:00,1302,car,0.4177638590335846,176,157.97198486328125,317.84429931640625,223.61810302734375,348.19427490234375
2026-06-26T18:24:07.585303+00:00,spot_10,Spot 10,Empty,2026-06-26T18:22:13.235892+00:00,,,,,,,,
2026-06-26T18:24:07.585303+00:00,spot_11,Spot 11,Occupied,2026-06-26T18:20:07.710570+00:00,1299,car,0.5420888066291809,238,124.40422058105469,316.99041748046875,162.81202697753906,342.658447265625
2026-06-26T18:24:07.585303+00:00,spot_12,Spot 12,Empty,2026-06-26T18:21:10.531673+00:00,,,,,,,,
2026-06-26T18:24:07.585303+00:00,spot_13,Spot 13,Empty,2026-06-26T18:22:13.235892+00:00,,,,,,,,
2026-06-26T18:24:07.585303+00:00,spot_14,Spot 14,Empty,2026-06-26T17:37:06.837173+00:00,,,,,,,,
2026-06-26T18:24:07.585303+00:00,spot_15,Spot 15,Empty,2026-06-26T18:15:56.960407+00:00,,,,,,,,
2026-06-26T18:24:07.585303+00:00,spot_16,Spot 16,Empty,2026-06-26T18:18:01.736077+00:00,,,,,,,,
2026-06-26T18:24:07.585303+00:00,spot_17,Spot 17,Occupied,2026-06-26T18:23:14.662284+00:00,1276,car,0.5855759382247925,1475,11.563640594482422,307.8326110839844,45.076725006103516,329.8849792480469
2026-06-26T18:25:09.332342+00:00,spot_1,Spot 1,Occupied,2026-06-26T18:14:54.241818+00:00,1267,car,0.883262038230896,1538,563.2003173828125,312.69024658203125,609.0018310546875,367.92169189453125
2026-06-26T18:25:09.332342+00:00,spot_2,Spot 2,Occupied,2026-06-26T18:22:13.235892+00:00,1270,car,0.6860605478286743,1538,507.95538330078125,312.26483154296875,553.6588745117188,362.38079833984375
2026-06-26T18:25:09.332342+00:00,spot_3,Spot 3,Empty,2026-06-26T17:59:06.661948+00:00,,,,,,,,
2026-06-26T18:25:09.332342+00:00,spot_4,Spot 4,Occupied,2026-06-26T18:21:10.531673+00:00,1301,car,0.8912598490715027,238,388.06243896484375,320.2342529296875,444.14215087890625,361.474853515625
2026-06-26T18:25:09.332342+00:00,spot_5,Spot 5,Occupied,2026-06-26T18:21:10.531673+00:00,1295,car,0.5667349696159363,551,333.8992919921875,318.89544677734375,388.1416015625,361.19085693359375
2026-06-26T18:25:09.332342+00:00,spot_6,Spot 6,Occupied,2026-06-26T18:25:09.332342+00:00,1297,car,0.7016721963882446,426,277.692626953125,321.1119689941406,336.902099609375,360.1628723144531
2026-06-26T18:25:09.332342+00:00,spot_7,Spot 7,Occupied,2026-06-26T18:14:54.241818+00:00,1268,car,0.795318603515625,1538,248.0192108154297,327.30523681640625,296.48541259765625,355.80487060546875
2026-06-26T18:25:09.332342+00:00,spot_8,Spot 8,Empty,2026-06-26T18:25:09.332342+00:00,,,,,,,,
2026-06-26T18:25:09.332342+00:00,spot_9,Spot 9,Empty,2026-06-26T18:25:09.332342+00:00,,,,,,,,
2026-06-26T18:25:09.332342+00:00,spot_10,Spot 10,Empty,2026-06-26T18:22:13.235892+00:00,,,,,,,,
2026-06-26T18:25:09.332342+00:00,spot_11,Spot 11,Occupied,2026-06-26T18:20:07.710570+00:00,1299,car,0.565362274646759,300,123.66841125488281,316.2808532714844,160.78321838378906,342.0422668457031
2026-06-26T18:25:09.332342+00:00,spot_12,Spot 12,Empty,2026-06-26T18:21:10.531673+00:00,,,,,,,,
2026-06-26T18:25:09.332342+00:00,spot_13,Spot 13,Occupied,2026-06-26T18:25:09.332342+00:00,1305,car,0.44908732175827026,0,62.32274627685547,312.30615234375,107.3106460571289,333.47686767578125
2026-06-26T18:25:09.332342+00:00,spot_14,Spot 14,Empty,2026-06-26T17:37:06.837173+00:00,,,,,,,,
2026-06-26T18:25:09.332342+00:00,spot_15,Spot 15,Empty,2026-06-26T18:15:56.960407+00:00,,,,,,,,
2026-06-26T18:25:09.332342+00:00,spot_16,Spot 16,Occupied,2026-06-26T18:25:09.332342+00:00,1276,car,0.6225794553756714,1538,9.816841125488281,307.25372314453125,49.731040954589844,329.77349853515625
2026-06-26T18:25:09.332342+00:00,spot_17,Spot 17,Empty,2026-06-26T18:25:09.332342+00:00,,,,,,,,
2026-06-26T18:26:11.356537+00:00,spot_1,Spot 1,Occupied,2026-06-26T18:14:54.241818+00:00,1267,car,0.8847966194152832,1599,563.28662109375,313.10174560546875,609.36865234375,370.36602783203125
2026-06-26T18:26:11.356537+00:00,spot_2,Spot 2,Occupied,2026-06-26T18:22:13.235892+00:00,1270,car,0.6778916716575623,1599,507.9585876464844,312.1700744628906,553.5101318359375,363.0648498535156
2026-06-26T18:26:11.356537+00:00,spot_3,Spot 3,Empty,2026-06-26T17:59:06.661948+00:00,,,,,,,,
2026-06-26T18:26:11.356537+00:00,spot_4,Spot 4,Occupied,2026-06-26T18:21:10.531673+00:00,1301,car,0.8742692470550537,300,388.3983459472656,320.10186767578125,444.5353088378906,361.47723388671875
2026-06-26T18:26:11.356537+00:00,spot_5,Spot 5,Occupied,2026-06-26T18:21:10.531673+00:00,1295,car,0.4273897111415863,612,334.139404296875,319.07904052734375,388.5142822265625,359.67779541015625
2026-06-26T18:26:11.356537+00:00,spot_6,Spot 6,Occupied,2026-06-26T18:25:09.332342+00:00,1297,car,0.7004271745681763,488,276.910400390625,321.546630859375,337.4617919921875,360.8096923828125
2026-06-26T18:26:11.356537+00:00,spot_7,Spot 7,Occupied,2026-06-26T18:14:54.241818+00:00,1268,car,0.8033552169799805,1599,247.95791625976562,327.1728210449219,296.1906433105469,354.7362976074219
2026-06-26T18:26:11.356537+00:00,spot_8,Spot 8,Empty,2026-06-26T18:25:09.332342+00:00,,,,,,,,
2026-06-26T18:26:11.356537+00:00,spot_9,Spot 9,Empty,2026-06-26T18:25:09.332342+00:00,,,,,,,,
2026-06-26T18:26:11.356537+00:00,spot_10,Spot 10,Empty,2026-06-26T18:22:13.235892+00:00,,,,,,,,
2026-06-26T18:26:11.356537+00:00,spot_11,Spot 11,Empty,2026-06-26T18:26:11.356537+00:00,,,,,,,,
2026-06-26T18:26:11.356537+00:00,spot_12,Spot 12,Empty,2026-06-26T18:21:10.531673+00:00,,,,,,,,
2026-06-26T18:26:11.356537+00:00,spot_13,Spot 13,Empty,2026-06-26T18:26:11.356537+00:00,,,,,,,,
2026-06-26T18:26:11.356537+00:00,spot_14,Spot 14,Empty,2026-06-26T17:37:06.837173+00:00,,,,,,,,
2026-06-26T18:26:11.356537+00:00,spot_15,Spot 15,Empty,2026-06-26T18:15:56.960407+00:00,,,,,,,,
2026-06-26T18:26:11.356537+00:00,spot_16,Spot 16,Occupied,2026-06-26T18:25:09.332342+00:00,1276,car,0.49800562858581543,1599,6.410560607910156,307.266845703125,48.21730041503906,329.594970703125
2026-06-26T18:26:11.356537+00:00,spot_17,Spot 17,Empty,2026-06-26T18:25:09.332342+00:00,,,,,,,,
2026-06-26T18:27:05.299379+00:00,spot_1,Spot 1,Occupied,2026-06-26T18:14:54.241818+00:00,1267,car,0.8824593424797058,1656,563.444580078125,313.00018310546875,609.680908203125,370.99176025390625
2026-06-26T18:27:05.299379+00:00,spot_2,Spot 2,Occupied,2026-06-26T18:27:05.299379+00:00,1306,truck,0.6807312965393066,0,507.7997131347656,312.23138427734375,553.5670166015625,363.11273193359375
2026-06-26T18:27:05.299379+00:00,spot_3,Spot 3,Empty,2026-06-26T17:59:06.661948+00:00,,,,,,,,
2026-06-26T18:27:05.299379+00:00,spot_4,Spot 4,Occupied,2026-06-26T18:21:10.531673+00:00,1301,car,0.8631612062454224,357,388.21636962890625,320.4590759277344,444.18402099609375,361.2422180175781
2026-06-26T18:27:05.299379+00:00,spot_5,Spot 5,Occupied,2026-06-26T18:27:05.299379+00:00,1307,truck,0.3783359229564667,0,334.46856689453125,318.91461181640625,388.71807861328125,360.00970458984375
2026-06-26T18:27:05.299379+00:00,spot_6,Spot 6,Occupied,2026-06-26T18:25:09.332342+00:00,1297,car,0.5093463659286499,545,277.9896545410156,321.0733642578125,336.7289733886719,361.133056640625
2026-06-26T18:27:05.299379+00:00,spot_7,Spot 7,Occupied,2026-06-26T18:14:54.241818+00:00,1268,car,0.6311006546020508,1656,248.39686584472656,327.26177978515625,296.3267822265625,355.90655517578125
2026-06-26T18:27:05.299379+00:00,spot_8,Spot 8,Empty,2026-06-26T18:25:09.332342+00:00,,,,,,,,
2026-06-26T18:27:05.299379+00:00,spot_9,Spot 9,Empty,2026-06-26T18:25:09.332342+00:00,,,,,,,,
2026-06-26T18:27:05.299379+00:00,spot_10,Spot 10,Empty,2026-06-26T18:22:13.235892+00:00,,,,,,,,
2026-06-26T18:27:05.299379+00:00,spot_11,Spot 11,Occupied,2026-06-26T18:27:05.299379+00:00,1299,car,0.42309460043907166,419,123.01805877685547,316.3232116699219,161.08929443359375,341.7532653808594
2026-06-26T18:27:05.299379+00:00,spot_12,Spot 12,Empty,2026-06-26T18:21:10.531673+00:00,,,,,,,,
2026-06-26T18:27:05.299379+00:00,spot_13,Spot 13,Empty,2026-06-26T18:26:11.356537+00:00,,,,,,,,
2026-06-26T18:27:05.299379+00:00,spot_14,Spot 14,Empty,2026-06-26T17:37:06.837173+00:00,,,,,,,,
2026-06-26T18:27:05.299379+00:00,spot_15,Spot 15,Empty,2026-06-26T18:15:56.960407+00:00,,,,,,,,
2026-06-26T18:27:05.299379+00:00,spot_16,Spot 16,Empty,2026-06-26T18:27:05.299379+00:00,,,,,,,,
2026-06-26T18:27:05.299379+00:00,spot_17,Spot 17,Occupied,2026-06-26T18:27:05.299379+00:00,1276,car,0.525066077709198,1656,6.458126068115234,307.273193359375,43.02875900268555,329.6552734375
2026-06-26T18:28:07.314306+00:00,spot_1,Spot 1,Occupied,2026-06-26T18:14:54.241818+00:00,1267,car,0.8855901956558228,1716,563.2588500976562,313.5672912597656,609.3812866210938,370.9877014160156
2026-06-26T18:28:07.314306+00:00,spot_2,Spot 2,Occupied,2026-06-26T18:28:07.314306+00:00,1270,car,0.4373076260089874,1716,508.1439208984375,312.55963134765625,554.0057373046875,363.61016845703125
2026-06-26T18:28:07.314306+00:00,spot_3,Spot 3,Empty,2026-06-26T17:59:06.661948+00:00,,,,,,,,
2026-06-26T18:28:07.314306+00:00,spot_4,Spot 4,Occupied,2026-06-26T18:21:10.531673+00:00,1301,car,0.8626157641410828,416,388.271728515625,319.6459045410156,444.1727294921875,362.8738708496094
2026-06-26T18:28:07.314306+00:00,spot_5,Spot 5,Occupied,2026-06-26T18:28:07.314306+00:00,1295,car,0.5177768468856812,729,333.59893798828125,319.3374938964844,388.99578857421875,361.8401794433594
2026-06-26T18:28:07.314306+00:00,spot_6,Spot 6,Occupied,2026-06-26T18:28:07.314306+00:00,1309,truck,0.45376577973365784,0,277.32684326171875,321.4147033691406,336.87689208984375,361.5899353027344
2026-06-26T18:28:07.314306+00:00,spot_7,Spot 7,Occupied,2026-06-26T18:14:54.241818+00:00,1268,car,0.8075728416442871,1716,247.61947631835938,327.51556396484375,296.7240905761719,355.75372314453125
2026-06-26T18:28:07.314306+00:00,spot_8,Spot 8,Occupied,2026-06-26T18:28:07.314306+00:00,1312,truck,0.35870134830474854,0,206.79067993164062,319.6972961425781,263.8747253417969,354.0722961425781
2026-06-26T18:28:07.314306+00:00,spot_9,Spot 9,Occupied,2026-06-26T18:28:07.314306+00:00,1310,car,0.43318936228752136,0,160.892578125,316.8144226074219,223.65203857421875,351.0612487792969
2026-06-26T18:28:07.314306+00:00,spot_10,Spot 10,Occupied,2026-06-26T18:28:07.314306+00:00,1308,car,0.49280527234077454,0,146.85824584960938,319.6983642578125,181.82980346679688,344.96826171875
2026-06-26T18:28:07.314306+00:00,spot_11,Spot 11,Occupied,2026-06-26T18:27:05.299379+00:00,1299,car,0.40864431858062744,478,123.87673950195312,316.7442626953125,160.43862915039062,342.69866943359375
2026-06-26T18:28:07.314306+00:00,spot_12,Spot 12,Empty,2026-06-26T18:21:10.531673+00:00,,,,,,,,
2026-06-26T18:28:07.314306+00:00,spot_13,Spot 13,Empty,2026-06-26T18:26:11.356537+00:00,,,,,,,,
2026-06-26T18:28:07.314306+00:00,spot_14,Spot 14,Empty,2026-06-26T17:37:06.837173+00:00,,,,,,,,
2026-06-26T18:28:07.314306+00:00,spot_15,Spot 15,Empty,2026-06-26T18:15:56.960407+00:00,,,,,,,,
2026-06-26T18:28:07.314306+00:00,spot_16,Spot 16,Occupied,2026-06-26T18:28:07.314306+00:00,1276,car,0.6270102858543396,1716,10.561771392822266,307.1063537597656,50.15597152709961,329.4388122558594
2026-06-26T18:28:07.314306+00:00,spot_17,Spot 17,Empty,2026-06-26T18:28:07.314306+00:00,,,,,,,,
2026-06-26T18:29:10.154116+00:00,spot_1,Spot 1,Occupied,2026-06-26T18:14:54.241818+00:00,1267,car,0.8862349390983582,1780,563.2837524414062,313.7691650390625,609.2543334960938,370.72930908203125
2026-06-26T18:29:10.154116+00:00,spot_2,Spot 2,Occupied,2026-06-26T18:28:07.314306+00:00,1270,car,0.4477592706680298,1780,507.9605712890625,312.51763916015625,553.3948974609375,364.20501708984375
2026-06-26T18:29:10.154116+00:00,spot_3,Spot 3,Empty,2026-06-26T17:59:06.661948+00:00,,,,,,,,
2026-06-26T18:29:10.154116+00:00,spot_4,Spot 4,Occupied,2026-06-26T18:21:10.531673+00:00,1301,car,0.8742598295211792,481,388.1915588378906,320.6016845703125,444.1541442871094,361.41546630859375
2026-06-26T18:29:10.154116+00:00,spot_5,Spot 5,Empty,2026-06-26T18:29:10.154116+00:00,,,,,,,,
2026-06-26T18:29:10.154116+00:00,spot_6,Spot 6,Occupied,2026-06-26T18:28:07.314306+00:00,1309,truck,0.35735461115837097,64,278.28680419921875,321.59979248046875,336.44757080078125,360.80084228515625
2026-06-26T18:29:10.154116+00:00,spot_7,Spot 7,Occupied,2026-06-26T18:14:54.241818+00:00,1268,car,0.613815188407898,1780,247.5750274658203,327.5743713378906,298.22357177734375,355.8327331542969
2026-06-26T18:29:10.154116+00:00,spot_8,Spot 8,Occupied,2026-06-26T18:29:10.154116+00:00,1311,car,0.633662223815918,64,205.61065673828125,320.0545654296875,257.30712890625,353.5361328125
2026-06-26T18:29:10.154116+00:00,spot_9,Spot 9,Occupied,2026-06-26T18:29:10.154116+00:00,1313,truck,0.44450587034225464,0,159.98089599609375,317.095458984375,221.28582763671875,351.25439453125
2026-06-26T18:29:10.154116+00:00,spot_10,Spot 10,Occupied,2026-06-26T18:28:07.314306+00:00,1308,car,0.4005345404148102,64,149.668212890625,320.1488952636719,177.35064697265625,343.7458190917969
2026-06-26T18:29:10.154116+00:00,spot_11,Spot 11,Occupied,2026-06-26T18:29:10.154116+00:00,1314,truck,0.38459092378616333,0,124.72122955322266,316.74859619140625,161.28970336914062,342.02264404296875
2026-06-26T18:29:10.154116+00:00,spot_12,Spot 12,Empty,2026-06-26T18:21:10.531673+00:00,,,,,,,,
2026-06-26T18:29:10.154116+00:00,spot_13,Spot 13,Empty,2026-06-26T18:26:11.356537+00:00,,,,,,,,
2026-06-26T18:29:10.154116+00:00,spot_14,Spot 14,Empty,2026-06-26T17:37:06.837173+00:00,,,,,,,,
2026-06-26T18:29:10.154116+00:00,spot_15,Spot 15,Empty,2026-06-26T18:15:56.960407+00:00,,,,,,,,
2026-06-26T18:29:10.154116+00:00,spot_16,Spot 16,Occupied,2026-06-26T18:29:10.154116+00:00,1315,truck,0.377093642950058,0,11.29593276977539,307.6197509765625,51.72328186035156,329.925048828125
2026-06-26T18:29:10.154116+00:00,spot_17,Spot 17,Empty,2026-06-26T18:28:07.314306+00:00,,,,,,,,
2026-06-26T18:30:12.525038+00:00,spot_1,Spot 1,Occupied,2026-06-26T18:14:54.241818+00:00,1267,car,0.8725287318229675,1841,563.3688354492188,313.1181640625,609.4337768554688,370.47613525390625
2026-06-26T18:30:12.525038+00:00,spot_2,Spot 2,Occupied,2026-06-26T18:30:12.525038+00:00,1306,truck,0.6149300336837769,184,507.9924011230469,311.818603515625,553.58349609375,364.6976318359375
2026-06-26T18:30:12.525038+00:00,spot_3,Spot 3,Empty,2026-06-26T17:59:06.661948+00:00,,,,,,,,
2026-06-26T18:30:12.525038+00:00,spot_4,Spot 4,Occupied,2026-06-26T18:21:10.531673+00:00,1301,car,0.9055991768836975,541,388.5611572265625,321.18585205078125,444.22113037109375,361.701171875
2026-06-26T18:30:12.525038+00:00,spot_5,Spot 5,Occupied,2026-06-26T18:30:12.525038+00:00,1316,truck,0.39776158332824707,0,324.9423522949219,319.0118713378906,388.5664367675781,360.7970275878906
2026-06-26T18:30:12.525038+00:00,spot_6,Spot 6,Occupied,2026-06-26T18:28:07.314306+00:00,1309,truck,0.5881757140159607,125,276.44891357421875,321.4833984375,335.68682861328125,362.2716064453125
2026-06-26T18:30:12.525038+00:00,spot_7,Spot 7,Occupied,2026-06-26T18:14:54.241818+00:00,1268,car,0.7585394382476807,1841,247.6377716064453,327.41375732421875,296.84588623046875,355.33782958984375
2026-06-26T18:30:12.525038+00:00,spot_8,Spot 8,Occupied,2026-06-26T18:29:10.154116+00:00,1311,car,0.6692229509353638,125,200.7681884765625,320.0543212890625,265.60626220703125,353.2303466796875
2026-06-26T18:30:12.525038+00:00,spot_9,Spot 9,Occupied,2026-06-26T18:29:10.154116+00:00,1313,truck,0.4169844388961792,60,159.1040802001953,316.22711181640625,221.9231414794922,350.70526123046875
2026-06-26T18:30:12.525038+00:00,spot_10,Spot 10,Occupied,2026-06-26T18:28:07.314306+00:00,1308,car,0.372395783662796,125,143.98617553710938,320.2170715332031,177.49566650390625,343.9253234863281
2026-06-26T18:30:12.525038+00:00,spot_11,Spot 11,Occupied,2026-06-26T18:30:12.525038+00:00,1299,car,0.44662198424339294,604,124.41849517822266,316.39947509765625,160.62857055664062,341.99908447265625
2026-06-26T18:30:12.525038+00:00,spot_12,Spot 12,Empty,2026-06-26T18:21:10.531673+00:00,,,,,,,,
2026-06-26T18:30:12.525038+00:00,spot_13,Spot 13,Empty,2026-06-26T18:26:11.356537+00:00,,,,,,,,
2026-06-26T18:30:12.525038+00:00,spot_14,Spot 14,Empty,2026-06-26T17:37:06.837173+00:00,,,,,,,,
2026-06-26T18:30:12.525038+00:00,spot_15,Spot 15,Empty,2026-06-26T18:15:56.960407+00:00,,,,,,,,
2026-06-26T18:30:12.525038+00:00,spot_16,Spot 16,Occupied,2026-06-26T18:30:12.525038+00:00,1276,car,0.4665851891040802,1841,10.226377487182617,307.34991455078125,53.99403381347656,329.57598876953125
2026-06-26T18:30:12.525038+00:00,spot_17,Spot 17,Empty,2026-06-26T18:28:07.314306+00:00,,,,,,,,
2026-06-26T18:31:05.642226+00:00,spot_1,Spot 1,Occupied,2026-06-26T18:14:54.241818+00:00,1267,car,0.8744178414344788,1894,563.230224609375,314.12066650390625,609.309814453125,371.53363037109375
2026-06-26T18:31:05.642226+00:00,spot_2,Spot 2,Occupied,2026-06-26T18:30:12.525038+00:00,1306,truck,0.5325013399124146,237,507.91815185546875,312.12713623046875,553.6314086914062,367.05865478515625
2026-06-26T18:31:05.642226+00:00,spot_3,Spot 3,Empty,2026-06-26T17:59:06.661948+00:00,,,,,,,,
2026-06-26T18:31:05.642226+00:00,spot_4,Spot 4,Occupied,2026-06-26T18:21:10.531673+00:00,1301,car,0.8558385968208313,594,388.66790771484375,320.517822265625,444.70782470703125,361.6536865234375
2026-06-26T18:31:05.642226+00:00,spot_5,Spot 5,Occupied,2026-06-26T18:31:05.642226+00:00,1295,car,0.6393029689788818,907,325.72503662109375,318.70599365234375,391.63714599609375,359.82232666015625
2026-06-26T18:31:05.642226+00:00,spot_6,Spot 6,Occupied,2026-06-26T18:31:05.642226+00:00,1297,car,0.596238911151886,783,276.01165771484375,320.7649230957031,336.62451171875,361.7895202636719
2026-06-26T18:31:05.642226+00:00,spot_7,Spot 7,Occupied,2026-06-26T18:14:54.241818+00:00,1268,car,0.8068591356277466,1894,247.62313842773438,327.2049560546875,297.0161437988281,355.29345703125
2026-06-26T18:31:05.642226+00:00,spot_8,Spot 8,Occupied,2026-06-26T18:29:10.154116+00:00,1311,car,0.3861515522003174,178,204.1268310546875,319.7217102050781,256.892578125,353.1072692871094
2026-06-26T18:31:05.642226+00:00,spot_9,Spot 9,Occupied,2026-06-26T18:29:10.154116+00:00,1313,truck,0.5095482468605042,113,159.15048217773438,316.6950378417969,221.48110961914062,351.3841857910156
2026-06-26T18:31:05.642226+00:00,spot_10,Spot 10,Empty,2026-06-26T18:31:05.642226+00:00,,,,,,,,
2026-06-26T18:31:05.642226+00:00,spot_11,Spot 11,Occupied,2026-06-26T18:30:12.525038+00:00,1299,car,0.35830703377723694,657,123.1247329711914,316.39794921875,160.67153930664062,342.53369140625
2026-06-26T18:31:05.642226+00:00,spot_12,Spot 12,Empty,2026-06-26T18:21:10.531673+00:00,,,,,,,,
2026-06-26T18:31:05.642226+00:00,spot_13,Spot 13,Empty,2026-06-26T18:26:11.356537+00:00,,,,,,,,
2026-06-26T18:31:05.642226+00:00,spot_14,Spot 14,Occupied,2026-06-26T18:31:05.642226+00:00,1317,car,0.4136427640914917,0,55.54261016845703,312.74127197265625,102.21663665771484,332.90020751953125
2026-06-26T18:31:05.642226+00:00,spot_15,Spot 15,Empty,2026-06-26T18:15:56.960407+00:00,,,,,,,,
2026-06-26T18:31:05.642226+00:00,spot_16,Spot 16,Occupied,2026-06-26T18:30:12.525038+00:00,1276,car,0.5179537534713745,1894,10.808769226074219,306.97216796875,57.0400390625,329.41357421875
2026-06-26T18:31:05.642226+00:00,spot_17,Spot 17,Empty,2026-06-26T18:28:07.314306+00:00,,,,,,,,
2026-06-26T18:32:06.161436+00:00,spot_1,Spot 1,Occupied,2026-06-26T18:14:54.241818+00:00,1267,car,0.8945441246032715,1954,563.3834228515625,313.5243835449219,609.3677978515625,370.9875183105469
2026-06-26T18:32:06.161436+00:00,spot_2,Spot 2,Occupied,2026-06-26T18:30:12.525038+00:00,1306,truck,0.4126166105270386,297,508.0673828125,312.21160888671875,553.356689453125,363.59039306640625
2026-06-26T18:32:06.161436+00:00,spot_3,Spot 3,Empty,2026-06-26T17:59:06.661948+00:00,,,,,,,,
2026-06-26T18:32:06.161436+00:00,spot_4,Spot 4,Occupied,2026-06-26T18:21:10.531673+00:00,1301,car,0.8680429458618164,655,388.53729248046875,319.4964599609375,443.43829345703125,361.6961669921875
2026-06-26T18:32:06.161436+00:00,spot_5,Spot 5,Occupied,2026-06-26T18:32:06.161436+00:00,1316,truck,0.3792811334133148,113,334.87335205078125,318.6795959472656,388.02410888671875,361.1681213378906
2026-06-26T18:32:06.161436+00:00,spot_6,Spot 6,Occupied,2026-06-26T18:32:06.161436+00:00,1309,truck,0.5319410562515259,238,276.7526550292969,322.3418273925781,336.5080261230469,362.2814025878906
2026-06-26T18:32:06.161436+00:00,spot_7,Spot 7,Occupied,2026-06-26T18:14:54.241818+00:00,1268,car,0.8048779964447021,1954,247.80783081054688,327.50433349609375,296.8431701660156,355.4415283203125
2026-06-26T18:32:06.161436+00:00,spot_8,Spot 8,Occupied,2026-06-26T18:29:10.154116+00:00,1311,car,0.580443799495697,238,207.04196166992188,319.93017578125,256.8374328613281,353.4970703125
2026-06-26T18:32:06.161436+00:00,spot_9,Spot 9,Occupied,2026-06-26T18:32:06.161436+00:00,1318,car,0.4146277606487274,0,160.70916748046875,317.2940368652344,221.80133056640625,351.4063415527344
2026-06-26T18:32:06.161436+00:00,spot_10,Spot 10,Occupied,2026-06-26T18:32:06.161436+00:00,1308,car,0.480339914560318,238,143.28060913085938,319.52801513671875,181.05874633789062,344.54351806640625
2026-06-26T18:32:06.161436+00:00,spot_11,Spot 11,Occupied,2026-06-26T18:30:12.525038+00:00,1299,car,0.5820686221122742,717,123.15068817138672,316.54632568359375,161.86309814453125,340.82781982421875
2026-06-26T18:32:06.161436+00:00,spot_12,Spot 12,Occupied,2026-06-26T18:32:06.161436+00:00,1319,car,0.3553721606731415,0,95.49217224121094,312.9035339355469,137.2659149169922,338.9750061035156
2026-06-26T18:32:06.161436+00:00,spot_13,Spot 13,Occupied,2026-06-26T18:32:06.161436+00:00,1317,car,0.3777686357498169,60,69.82049560546875,313.2267761230469,104.7806396484375,333.7284851074219
2026-06-26T18:32:06.161436+00:00,spot_14,Spot 14,Empty,2026-06-26T18:32:06.161436+00:00,,,,,,,,
2026-06-26T18:32:06.161436+00:00,spot_15,Spot 15,Empty,2026-06-26T18:15:56.960407+00:00,,,,,,,,
2026-06-26T18:32:06.161436+00:00,spot_16,Spot 16,Occupied,2026-06-26T18:30:12.525038+00:00,1276,car,0.5454817414283752,1954,9.62198257446289,307.29754638671875,50.798397064208984,329.57427978515625
2026-06-26T18:32:06.161436+00:00,spot_17,Spot 17,Empty,2026-06-26T18:28:07.314306+00:00,,,,,,,,
2026-06-26T18:33:00.803594+00:00,spot_1,Spot 1,Occupied,2026-06-26T18:14:54.241818+00:00,1267,car,0.8780491948127747,2009,563.2343139648438,312.6619567871094,608.9732055664062,371.5443420410156
2026-06-26T18:33:00.803594+00:00,spot_2,Spot 2,Occupied,2026-06-26T18:30:12.525038+00:00,1306,truck,0.6829236745834351,352,507.5447998046875,312.010009765625,553.308837890625,367.35791015625
2026-06-26T18:33:00.803594+00:00,spot_3,Spot 3,Empty,2026-06-26T17:59:06.661948+00:00,,,,,,,,
2026-06-26T18:33:00.803594+00:00,spot_4,Spot 4,Occupied,2026-06-26T18:21:10.531673+00:00,1301,car,0.8778216242790222,709,388.1622314453125,320.27093505859375,444.579345703125,361.6949462890625
2026-06-26T18:33:00.803594+00:00,spot_5,Spot 5,Empty,2026-06-26T18:33:00.803594+00:00,,,,,,,,
2026-06-26T18:33:00.803594+00:00,spot_6,Spot 6,Empty,2026-06-26T18:33:00.803594+00:00,,,,,,,,
2026-06-26T18:33:00.803594+00:00,spot_7,Spot 7,Occupied,2026-06-26T18:14:54.241818+00:00,1268,car,0.753433346748352,2009,247.6124267578125,327.376953125,296.70977783203125,354.7020263671875
2026-06-26T18:33:00.803594+00:00,spot_8,Spot 8,Occupied,2026-06-26T18:29:10.154116+00:00,1311,car,0.47644051909446716,293,207.2457275390625,320.68072509765625,253.39617919921875,353.25616455078125
2026-06-26T18:33:00.803594+00:00,spot_9,Spot 9,Occupied,2026-06-26T18:32:06.161436+00:00,1318,car,0.5687664747238159,54,159.31976318359375,317.00128173828125,222.89044189453125,350.96795654296875
2026-06-26T18:33:00.803594+00:00,spot_10,Spot 10,Occupied,2026-06-26T18:32:06.161436+00:00,1308,car,0.467373788356781,293,145.87942504882812,320.1582336425781,177.59951782226562,344.7668762207031
2026-06-26T18:33:00.803594+00:00,spot_11,Spot 11,Occupied,2026-06-26T18:30:12.525038+00:00,1299,car,0.6390383839607239,772,122.64170837402344,316.3442687988281,161.27992248535156,342.8785705566406
2026-06-26T18:33:00.803594+00:00,spot_12,Spot 12,Empty,2026-06-26T18:33:00.803594+00:00,,,,,,,,
2026-06-26T18:33:00.803594+00:00,spot_13,Spot 13,Empty,2026-06-26T18:33:00.803594+00:00,,,,,,,,
2026-06-26T18:33:00.803594+00:00,spot_14,Spot 14,Empty,2026-06-26T18:32:06.161436+00:00,,,,,,,,
2026-06-26T18:33:00.803594+00:00,spot_15,Spot 15,Empty,2026-06-26T18:15:56.960407+00:00,,,,,,,,
2026-06-26T18:33:00.803594+00:00,spot_16,Spot 16,Occupied,2026-06-26T18:30:12.525038+00:00,1276,car,0.5509082078933716,2009,9.835655212402344,307.33123779296875,50.974700927734375,329.47796630859375
2026-06-26T18:33:00.803594+00:00,spot_17,Spot 17,Empty,2026-06-26T18:28:07.314306+00:00,,,,,,,,
2026-06-26T18:34:02.488992+00:00,spot_1,Spot 1,Occupied,2026-06-26T18:14:54.241818+00:00,1267,car,0.8753752112388611,2072,563.131103515625,313.7481689453125,609.451416015625,371.384765625
2026-06-26T18:34:02.488992+00:00,spot_2,Spot 2,Occupied,2026-06-26T18:30:12.525038+00:00,1306,truck,0.4835769832134247,415,507.919921875,312.3884582519531,553.1636962890625,365.8180847167969
2026-06-26T18:34:02.488992+00:00,spot_3,Spot 3,Empty,2026-06-26T17:59:06.661948+00:00,,,,,,,,
2026-06-26T18:34:02.488992+00:00,spot_4,Spot 4,Occupied,2026-06-26T18:21:10.531673+00:00,1301,car,0.8797049522399902,772,388.07098388671875,321.05487060546875,444.20001220703125,362.21722412109375
2026-06-26T18:34:02.488992+00:00,spot_5,Spot 5,Occupied,2026-06-26T18:34:02.488992+00:00,1316,truck,0.48158788681030273,230,323.0756530761719,318.52703857421875,388.2283630371094,359.87322998046875
2026-06-26T18:34:02.488992+00:00,spot_6,Spot 6,Occupied,2026-06-26T18:34:02.488992+00:00,1309,truck,0.47136056423187256,355,276.382080078125,322.326416015625,336.6453857421875,361.6947021484375
2026-06-26T18:34:02.488992+00:00,spot_7,Spot 7,Occupied,2026-06-26T18:14:54.241818+00:00,1268,car,0.8457744717597961,2072,247.3204345703125,327.6003112792969,296.44464111328125,355.5033264160156
2026-06-26T18:34:02.488992+00:00,spot_8,Spot 8,Occupied,2026-06-26T18:29:10.154116+00:00,1311,car,0.8113553524017334,355,206.1302490234375,320.6188659667969,263.9128723144531,353.7254943847656
2026-06-26T18:34:02.488992+00:00,spot_9,Spot 9,Occupied,2026-06-26T18:32:06.161436+00:00,1318,car,0.480729341506958,117,158.76673889160156,317.189453125,220.6370391845703,351.61468505859375
2026-06-26T18:34:02.488992+00:00,spot_10,Spot 10,Occupied,2026-06-26T18:32:06.161436+00:00,1308,car,0.39964526891708374,355,146.33169555664062,319.85626220703125,182.04324340820312,344.79913330078125
2026-06-26T18:34:02.488992+00:00,spot_11,Spot 11,Occupied,2026-06-26T18:30:12.525038+00:00,1299,car,0.6540051102638245,834,124.00028991699219,316.5314025878906,161.21519470214844,342.2038269042969
2026-06-26T18:34:02.488992+00:00,spot_12,Spot 12,Empty,2026-06-26T18:33:00.803594+00:00,,,,,,,,
2026-06-26T18:34:02.488992+00:00,spot_13,Spot 13,Empty,2026-06-26T18:33:00.803594+00:00,,,,,,,,
2026-06-26T18:34:02.488992+00:00,spot_14,Spot 14,Empty,2026-06-26T18:32:06.161436+00:00,,,,,,,,
2026-06-26T18:34:02.488992+00:00,spot_15,Spot 15,Occupied,2026-06-26T18:34:02.488992+00:00,1320,car,0.3508439362049103,0,49.02474594116211,310.89825439453125,79.71401977539062,331.06256103515625
2026-06-26T18:34:02.488992+00:00,spot_16,Spot 16,Occupied,2026-06-26T18:30:12.525038+00:00,1276,car,0.5321649312973022,2072,9.819812774658203,307.338623046875,51.38739776611328,329.398193359375
2026-06-26T18:34:02.488992+00:00,spot_17,Spot 17,Empty,2026-06-26T18:28:07.314306+00:00,,,,,,,,
2026-06-26T18:35:04.931837+00:00,spot_1,Spot 1,Occupied,2026-06-26T18:14:54.241818+00:00,1267,car,0.8875237107276917,2136,563.2322998046875,312.6131896972656,608.6778564453125,371.6877136230469
2026-06-26T18:35:04.931837+00:00,spot_2,Spot 2,Occupied,2026-06-26T18:35:04.931837+00:00,1270,car,0.7006127834320068,2136,507.666748046875,312.3612060546875,553.212158203125,366.7861328125
2026-06-26T18:35:04.931837+00:00,spot_3,Spot 3,Empty,2026-06-26T17:59:06.661948+00:00,,,,,,,,
2026-06-26T18:35:04.931837+00:00,spot_4,Spot 4,Occupied,2026-06-26T18:21:10.531673+00:00,1301,car,0.8864149451255798,836,387.7518310546875,319.35546875,444.07635498046875,361.8560791015625
2026-06-26T18:35:04.931837+00:00,spot_5,Spot 5,Occupied,2026-06-26T18:35:04.931837+00:00,1322,car,0.395961195230484,0,325.59722900390625,319.0254821777344,388.52911376953125,361.2936706542969
2026-06-26T18:35:04.931837+00:00,spot_6,Spot 6,Occupied,2026-06-26T18:35:04.931837+00:00,1321,car,0.7307457327842712,0,277.11871337890625,322.67626953125,336.30780029296875,362.28070068359375
2026-06-26T18:35:04.931837+00:00,spot_7,Spot 7,Occupied,2026-06-26T18:14:54.241818+00:00,1268,car,0.6231000423431396,2136,245.34486389160156,327.29510498046875,296.6114501953125,356.03802490234375
2026-06-26T18:35:04.931837+00:00,spot_8,Spot 8,Empty,2026-06-26T18:35:04.931837+00:00,,,,,,,,
2026-06-26T18:35:04.931837+00:00,spot_9,Spot 9,Occupied,2026-06-26T18:32:06.161436+00:00,1318,car,0.48277273774147034,181,159.96624755859375,316.8816833496094,210.95001220703125,350.3907165527344
2026-06-26T18:35:04.931837+00:00,spot_10,Spot 10,Occupied,2026-06-26T18:32:06.161436+00:00,1308,car,0.4899236559867859,420,145.08242797851562,320.0475769042969,181.67691040039062,344.6645202636719
2026-06-26T18:35:04.931837+00:00,spot_11,Spot 11,Occupied,2026-06-26T18:30:12.525038+00:00,1299,car,0.5297350287437439,898,123.49230194091797,317.12152099609375,162.4915771484375,342.38916015625
2026-06-26T18:35:04.931837+00:00,spot_12,Spot 12,Empty,2026-06-26T18:33:00.803594+00:00,,,,,,,,
2026-06-26T18:35:04.931837+00:00,spot_13,Spot 13,Empty,2026-06-26T18:33:00.803594+00:00,,,,,,,,
2026-06-26T18:35:04.931837+00:00,spot_14,Spot 14,Empty,2026-06-26T18:32:06.161436+00:00,,,,,,,,
2026-06-26T18:35:04.931837+00:00,spot_15,Spot 15,Empty,2026-06-26T18:35:04.931837+00:00,,,,,,,,
2026-06-26T18:35:04.931837+00:00,spot_16,Spot 16,Occupied,2026-06-26T18:30:12.525038+00:00,1276,car,0.5649957060813904,2136,8.460590362548828,307.41656494140625,49.60840606689453,329.290283203125
2026-06-26T18:35:04.931837+00:00,spot_17,Spot 17,Empty,2026-06-26T18:28:07.314306+00:00,,,,,,,,
2026-06-26T18:36:08.989735+00:00,spot_1,Spot 1,Occupied,2026-06-26T18:14:54.241818+00:00,1267,car,0.8905642628669739,2197,563.302001953125,313.2860107421875,608.9111328125,371.1866455078125
2026-06-26T18:36:08.989735+00:00,spot_2,Spot 2,Occupied,2026-06-26T18:35:04.931837+00:00,1270,car,0.3979562520980835,2197,507.720947265625,312.651123046875,553.3953857421875,364.9705810546875
2026-06-26T18:36:08.989735+00:00,spot_3,Spot 3,Empty,2026-06-26T17:59:06.661948+00:00,,,,,,,,
2026-06-26T18:36:08.989735+00:00,spot_4,Spot 4,Occupied,2026-06-26T18:21:10.531673+00:00,1301,car,0.8835234642028809,897,388.7318420410156,320.41973876953125,443.9003601074219,362.91595458984375
2026-06-26T18:36:08.989735+00:00,spot_5,Spot 5,Occupied,2026-06-26T18:35:04.931837+00:00,1322,car,0.5760273337364197,61,334.0683288574219,319.1088562011719,388.9009704589844,360.1743469238281
2026-06-26T18:36:08.989735+00:00,spot_6,Spot 6,Occupied,2026-06-26T18:35:04.931837+00:00,1321,car,0.5561820268630981,61,277.39752197265625,320.55914306640625,336.90325927734375,362.00067138671875
2026-06-26T18:36:08.989735+00:00,spot_7,Spot 7,Occupied,2026-06-26T18:14:54.241818+00:00,1268,car,0.6816059350967407,2197,248.49594116210938,327.6488037109375,296.0628356933594,357.72711181640625
2026-06-26T18:36:08.989735+00:00,spot_8,Spot 8,Empty,2026-06-26T18:35:04.931837+00:00,,,,,,,,
2026-06-26T18:36:08.989735+00:00,spot_9,Spot 9,Empty,2026-06-26T18:36:08.989735+00:00,,,,,,,,
2026-06-26T18:36:08.989735+00:00,spot_10,Spot 10,Empty,2026-06-26T18:36:08.989735+00:00,,,,,,,,
2026-06-26T18:36:08.989735+00:00,spot_11,Spot 11,Occupied,2026-06-26T18:36:08.989735+00:00,1323,truck,0.48755261301994324,0,125.09626770019531,316.75189208984375,160.8619842529297,342.61199951171875
2026-06-26T18:36:08.989735+00:00,spot_12,Spot 12,Empty,2026-06-26T18:33:00.803594+00:00,,,,,,,,
2026-06-26T18:36:08.989735+00:00,spot_13,Spot 13,Empty,2026-06-26T18:33:00.803594+00:00,,,,,,,,
2026-06-26T18:36:08.989735+00:00,spot_14,Spot 14,Empty,2026-06-26T18:32:06.161436+00:00,,,,,,,,
2026-06-26T18:36:08.989735+00:00,spot_15,Spot 15,Empty,2026-06-26T18:35:04.931837+00:00,,,,,,,,
2026-06-26T18:36:08.989735+00:00,spot_16,Spot 16,Occupied,2026-06-26T18:30:12.525038+00:00,1276,car,0.5371008515357971,2197,9.386848449707031,307.2777099609375,51.867881774902344,329.2802734375
2026-06-26T18:36:08.989735+00:00,spot_17,Spot 17,Empty,2026-06-26T18:28:07.314306+00:00,,,,,,,,
2026-06-26T18:37:01.674588+00:00,spot_1,Spot 1,Occupied,2026-06-26T18:14:54.241818+00:00,1267,car,0.8571370840072632,2250,563.4273071289062,313.8477783203125,609.5397338867188,371.591552734375
2026-06-26T18:37:01.674588+00:00,spot_2,Spot 2,Occupied,2026-06-26T18:35:04.931837+00:00,1270,car,0.4749210774898529,2250,507.9267272949219,312.81939697265625,552.64111328125,365.35614013671875
2026-06-26T18:37:01.674588+00:00,spot_3,Spot 3,Empty,2026-06-26T17:59:06.661948+00:00,,,,,,,,
2026-06-26T18:37:01.674588+00:00,spot_4,Spot 4,Occupied,2026-06-26T18:21:10.531673+00:00,1301,car,0.8990694880485535,950,387.92791748046875,321.2358093261719,443.85321044921875,361.5353088378906
2026-06-26T18:37:01.674588+00:00,spot_5,Spot 5,Occupied,2026-06-26T18:37:01.674588+00:00,1316,truck,0.4954887628555298,409,329.25787353515625,318.895263671875,387.64935302734375,361.111328125
2026-06-26T18:37:01.674588+00:00,spot_6,Spot 6,Occupied,2026-06-26T18:35:04.931837+00:00,1321,car,0.4439276456832886,114,277.49395751953125,321.7218322753906,336.457763671875,361.2213439941406
2026-06-26T18:37:01.674588+00:00,spot_7,Spot 7,Occupied,2026-06-26T18:14:54.241818+00:00,1268,car,0.8144375085830688,2250,247.98916625976562,327.68389892578125,297.1001281738281,355.42181396484375
2026-06-26T18:37:01.674588+00:00,spot_8,Spot 8,Occupied,2026-06-26T18:37:01.674588+00:00,1311,car,0.6955632567405701,534,206.374755859375,320.86065673828125,264.3619384765625,353.64190673828125
2026-06-26T18:37:01.674588+00:00,spot_9,Spot 9,Occupied,2026-06-26T18:37:01.674588+00:00,1318,car,0.48427245020866394,295,158.38821411132812,317.40008544921875,223.14938354492188,351.82305908203125
2026-06-26T18:37:01.674588+00:00,spot_10,Spot 10,Empty,2026-06-26T18:36:08.989735+00:00,,,,,,,,
2026-06-26T18:37:01.674588+00:00,spot_11,Spot 11,Occupied,2026-06-26T18:37:01.674588+00:00,1299,car,0.453183114528656,1013,117.71881866455078,317.2056884765625,161.5576171875,342.3199462890625
2026-06-26T18:37:01.674588+00:00,spot_12,Spot 12,Empty,2026-06-26T18:33:00.803594+00:00,,,,,,,,
2026-06-26T18:37:01.674588+00:00,spot_13,Spot 13,Empty,2026-06-26T18:33:00.803594+00:00,,,,,,,,
2026-06-26T18:37:01.674588+00:00,spot_14,Spot 14,Empty,2026-06-26T18:32:06.161436+00:00,,,,,,,,
2026-06-26T18:37:01.674588+00:00,spot_15,Spot 15,Empty,2026-06-26T18:35:04.931837+00:00,,,,,,,,
2026-06-26T18:37:01.674588+00:00,spot_16,Spot 16,Occupied,2026-06-26T18:30:12.525038+00:00,1276,car,0.646098792552948,2250,8.69308853149414,307.3363952636719,50.1153564453125,329.9028015136719
2026-06-26T18:37:01.674588+00:00,spot_17,Spot 17,Empty,2026-06-26T18:28:07.314306+00:00,,,,,,,,
2026-06-26T18:38:04.309731+00:00,spot_1,Spot 1,Occupied,2026-06-26T18:14:54.241818+00:00,1267,car,0.8833063840866089,2312,563.191162109375,313.501953125,608.879638671875,371.1488037109375
2026-06-26T18:38:04.309731+00:00,spot_2,Spot 2,Empty,2026-06-26T18:38:04.309731+00:00,,,,,,,,
2026-06-26T18:38:04.309731+00:00,spot_3,Spot 3,Empty,2026-06-26T17:59:06.661948+00:00,,,,,,,,
2026-06-26T18:38:04.309731+00:00,spot_4,Spot 4,Occupied,2026-06-26T18:21:10.531673+00:00,1301,car,0.8682074546813965,1012,388.62371826171875,320.67242431640625,443.79254150390625,361.68341064453125
2026-06-26T18:38:04.309731+00:00,spot_5,Spot 5,Occupied,2026-06-26T18:38:04.309731+00:00,1322,car,0.5120897889137268,176,322.6763610839844,318.85205078125,388.0881042480469,361.3013916015625
2026-06-26T18:38:04.309731+00:00,spot_6,Spot 6,Occupied,2026-06-26T18:38:04.309731+00:00,1309,truck,0.4194270968437195,596,276.97967529296875,321.998046875,336.83892822265625,361.9425048828125
2026-06-26T18:38:04.309731+00:00,spot_7,Spot 7,Occupied,2026-06-26T18:14:54.241818+00:00,1268,car,0.8220841288566589,2312,247.7445068359375,327.62225341796875,296.1822509765625,354.79547119140625
2026-06-26T18:38:04.309731+00:00,spot_8,Spot 8,Occupied,2026-06-26T18:37:01.674588+00:00,1311,car,0.6600925326347351,596,205.77032470703125,320.2531433105469,266.2740783691406,353.1003723144531
2026-06-26T18:38:04.309731+00:00,spot_9,Spot 9,Occupied,2026-06-26T18:38:04.309731+00:00,1325,truck,0.5618764758110046,0,157.88815307617188,316.2626953125,220.82022094726562,352.1397705078125
2026-06-26T18:38:04.309731+00:00,spot_10,Spot 10,Empty,2026-06-26T18:36:08.989735+00:00,,,,,,,,
2026-06-26T18:38:04.309731+00:00,spot_11,Spot 11,Occupied,2026-06-26T18:38:04.309731+00:00,1324,truck,0.621436357498169,0,96.327392578125,332.6083984375,165.83395385742188,372.99169921875
2026-06-26T18:38:04.309731+00:00,spot_12,Spot 12,Empty,2026-06-26T18:33:00.803594+00:00,,,,,,,,
2026-06-26T18:38:04.309731+00:00,spot_13,Spot 13,Empty,2026-06-26T18:33:00.803594+00:00,,,,,,,,
2026-06-26T18:38:04.309731+00:00,spot_14,Spot 14,Empty,2026-06-26T18:32:06.161436+00:00,,,,,,,,
2026-06-26T18:38:04.309731+00:00,spot_15,Spot 15,Empty,2026-06-26T18:35:04.931837+00:00,,,,,,,,
2026-06-26T18:38:04.309731+00:00,spot_16,Spot 16,Occupied,2026-06-26T18:38:04.309731+00:00,1326,truck,0.37828952074050903,0,9.748271942138672,307.16107177734375,56.51872634887695,329.49530029296875
2026-06-26T18:38:04.309731+00:00,spot_17,Spot 17,Empty,2026-06-26T18:28:07.314306+00:00,,,,,,,,
2026-06-26T18:39:05.175426+00:00,spot_1,Spot 1,Occupied,2026-06-26T18:14:54.241818+00:00,1267,car,0.8632453083992004,2379,563.2589111328125,313.7364807128906,609.222412109375,371.8027648925781
2026-06-26T18:39:05.175426+00:00,spot_2,Spot 2,Empty,2026-06-26T18:38:04.309731+00:00,,,,,,,,
2026-06-26T18:39:05.175426+00:00,spot_3,Spot 3,Empty,2026-06-26T17:59:06.661948+00:00,,,,,,,,
2026-06-26T18:39:05.175426+00:00,spot_4,Spot 4,Occupied,2026-06-26T18:21:10.531673+00:00,1301,car,0.8018801212310791,1079,387.6983642578125,319.6556701660156,444.1463623046875,361.7273254394531
2026-06-26T18:39:05.175426+00:00,spot_5,Spot 5,Occupied,2026-06-26T18:38:04.309731+00:00,1322,car,0.5775784254074097,243,334.53216552734375,319.08734130859375,388.00811767578125,360.38311767578125
2026-06-26T18:39:05.175426+00:00,spot_6,Spot 6,Occupied,2026-06-26T18:38:04.309731+00:00,1309,truck,0.6443796157836914,663,276.35986328125,320.5050048828125,336.9281005859375,362.47308349609375
2026-06-26T18:39:05.175426+00:00,spot_7,Spot 7,Occupied,2026-06-26T18:14:54.241818+00:00,1268,car,0.8264713287353516,2379,247.79458618164062,327.759521484375,297.0109558105469,355.2396240234375
2026-06-26T18:39:05.175426+00:00,spot_8,Spot 8,Occupied,2026-06-26T18:37:01.674588+00:00,1311,car,0.7379746437072754,663,206.24652099609375,321.6655578613281,265.62158203125,353.6822204589844
2026-06-26T18:39:05.175426+00:00,spot_9,Spot 9,Occupied,2026-06-26T18:38:04.309731+00:00,1325,truck,0.5123387575149536,67,159.18893432617188,317.0151672363281,222.80728149414062,351.8357238769531
2026-06-26T18:39:05.175426+00:00,spot_10,Spot 10,Occupied,2026-06-26T18:39:05.175426+00:00,1327,car,0.35792073607444763,0,145.49539184570312,319.79791259765625,181.48812866210938,344.89422607421875
2026-06-26T18:39:05.175426+00:00,spot_11,Spot 11,Occupied,2026-06-26T18:39:05.175426+00:00,1299,car,0.45482397079467773,1142,119.86447143554688,316.55303955078125,161.00100708007812,342.1910400390625
2026-06-26T18:39:05.175426+00:00,spot_12,Spot 12,Empty,2026-06-26T18:33:00.803594+00:00,,,,,,,,
2026-06-26T18:39:05.175426+00:00,spot_13,Spot 13,Empty,2026-06-26T18:33:00.803594+00:00,,,,,,,,
2026-06-26T18:39:05.175426+00:00,spot_14,Spot 14,Empty,2026-06-26T18:32:06.161436+00:00,,,,,,,,
2026-06-26T18:39:05.175426+00:00,spot_15,Spot 15,Empty,2026-06-26T18:35:04.931837+00:00,,,,,,,,
2026-06-26T18:39:05.175426+00:00,spot_16,Spot 16,Occupied,2026-06-26T18:39:05.175426+00:00,1276,car,0.4506649076938629,2379,10.86370849609375,307.5152587890625,51.26548767089844,329.3465576171875
2026-06-26T18:39:05.175426+00:00,spot_17,Spot 17,Empty,2026-06-26T18:28:07.314306+00:00,,,,,,,,
2026-06-26T18:40:10.631777+00:00,spot_1,Spot 1,Occupied,2026-06-26T18:14:54.241818+00:00,1267,car,0.8730711340904236,2442,563.1312866210938,312.79168701171875,608.8949584960938,370.31805419921875
2026-06-26T18:40:10.631777+00:00,spot_2,Spot 2,Empty,2026-06-26T18:38:04.309731+00:00,,,,,,,,
2026-06-26T18:40:10.631777+00:00,spot_3,Spot 3,Empty,2026-06-26T17:59:06.661948+00:00,,,,,,,,
2026-06-26T18:40:10.631777+00:00,spot_4,Spot 4,Occupied,2026-06-26T18:21:10.531673+00:00,1301,car,0.8493189811706543,1142,388.6265869140625,320.1984558105469,443.610595703125,361.4947204589844
2026-06-26T18:40:10.631777+00:00,spot_5,Spot 5,Occupied,2026-06-26T18:40:10.631777+00:00,1328,truck,0.5723589062690735,0,334.45269775390625,318.69140625,388.1494140625,361.3690185546875
2026-06-26T18:40:10.631777+00:00,spot_6,Spot 6,Occupied,2026-06-26T18:38:04.309731+00:00,1309,truck,0.681049108505249,725,276.08880615234375,322.0845947265625,337.12420654296875,362.55426025390625
2026-06-26T18:40:10.631777+00:00,spot_7,Spot 7,Occupied,2026-06-26T18:14:54.241818+00:00,1268,car,0.8037977814674377,2442,247.99594116210938,327.53033447265625,296.9346618652344,355.08929443359375
2026-06-26T18:40:10.631777+00:00,spot_8,Spot 8,Empty,2026-06-26T18:40:10.631777+00:00,,,,,,,,
2026-06-26T18:40:10.631777+00:00,spot_9,Spot 9,Occupied,2026-06-26T18:38:04.309731+00:00,1325,truck,0.5775121450424194,129,159.128662109375,316.7000732421875,223.0689697265625,351.9989013671875
2026-06-26T18:40:10.631777+00:00,spot_10,Spot 10,Empty,2026-06-26T18:40:10.631777+00:00,,,,,,,,
2026-06-26T18:40:10.631777+00:00,spot_11,Spot 11,Occupied,2026-06-26T18:39:05.175426+00:00,1299,car,0.4820604622364044,1204,122.02491760253906,316.65838623046875,161.49681091308594,341.67071533203125
2026-06-26T18:40:10.631777+00:00,spot_12,Spot 12,Empty,2026-06-26T18:33:00.803594+00:00,,,,,,,,
2026-06-26T18:40:10.631777+00:00,spot_13,Spot 13,Empty,2026-06-26T18:33:00.803594+00:00,,,,,,,,
2026-06-26T18:40:10.631777+00:00,spot_14,Spot 14,Empty,2026-06-26T18:32:06.161436+00:00,,,,,,,,
2026-06-26T18:40:10.631777+00:00,spot_15,Spot 15,Empty,2026-06-26T18:35:04.931837+00:00,,,,,,,,
2026-06-26T18:40:10.631777+00:00,spot_16,Spot 16,Occupied,2026-06-26T18:39:05.175426+00:00,1276,car,0.5248382687568665,2442,8.619075775146484,307.3505859375,51.16572189331055,329.4332275390625
2026-06-26T18:40:10.631777+00:00,spot_17,Spot 17,Empty,2026-06-26T18:28:07.314306+00:00,,,,,,,,
2026-06-26T18:41:11.990428+00:00,spot_1,Spot 1,Occupied,2026-06-26T18:14:54.241818+00:00,1267,car,0.880229115486145,2500,563.0475463867188,312.85174560546875,609.0665893554688,371.76727294921875
2026-06-26T18:41:11.990428+00:00,spot_2,Spot 2,Empty,2026-06-26T18:38:04.309731+00:00,,,,,,,,
2026-06-26T18:41:11.990428+00:00,spot_3,Spot 3,Empty,2026-06-26T17:59:06.661948+00:00,,,,,,,,
2026-06-26T18:41:11.990428+00:00,spot_4,Spot 4,Occupied,2026-06-26T18:21:10.531673+00:00,1301,car,0.869221568107605,1200,388.06854248046875,320.6416320800781,443.92950439453125,362.1106262207031
2026-06-26T18:41:11.990428+00:00,spot_5,Spot 5,Occupied,2026-06-26T18:40:10.631777+00:00,1328,truck,0.40010228753089905,58,323.46343994140625,319.05975341796875,387.99847412109375,360.9281005859375
2026-06-26T18:41:11.990428+00:00,spot_6,Spot 6,Occupied,2026-06-26T18:38:04.309731+00:00,1309,truck,0.5830737352371216,784,276.7542419433594,322.3019714355469,336.9462585449219,361.8002014160156
2026-06-26T18:41:11.990428+00:00,spot_7,Spot 7,Occupied,2026-06-26T18:14:54.241818+00:00,1268,car,0.7575998902320862,2500,248.05125427246094,327.299072265625,296.2762451171875,355.8817138671875
2026-06-26T18:41:11.990428+00:00,spot_8,Spot 8,Empty,2026-06-26T18:40:10.631777+00:00,,,,,,,,
2026-06-26T18:41:11.990428+00:00,spot_9,Spot 9,Occupied,2026-06-26T18:38:04.309731+00:00,1325,truck,0.373391717672348,187,150.17843627929688,314.9435729980469,210.9774169921875,350.3418884277344
2026-06-26T18:41:11.990428+00:00,spot_10,Spot 10,Empty,2026-06-26T18:40:10.631777+00:00,,,,,,,,
2026-06-26T18:41:11.990428+00:00,spot_11,Spot 11,Empty,2026-06-26T18:41:11.990428+00:00,,,,,,,,
2026-06-26T18:41:11.990428+00:00,spot_12,Spot 12,Empty,2026-06-26T18:33:00.803594+00:00,,,,,,,,
2026-06-26T18:41:11.990428+00:00,spot_13,Spot 13,Empty,2026-06-26T18:33:00.803594+00:00,,,,,,,,
2026-06-26T18:41:11.990428+00:00,spot_14,Spot 14,Occupied,2026-06-26T18:41:11.990428+00:00,1329,car,0.3798156678676605,0,55.03395462036133,311.79412841796875,98.27839660644531,333.29840087890625
2026-06-26T18:41:11.990428+00:00,spot_15,Spot 15,Empty,2026-06-26T18:35:04.931837+00:00,,,,,,,,
2026-06-26T18:41:11.990428+00:00,spot_16,Spot 16,Occupied,2026-06-26T18:39:05.175426+00:00,1276,car,0.6773583889007568,2500,8.67437744140625,307.30450439453125,50.592926025390625,329.22991943359375
2026-06-26T18:41:11.990428+00:00,spot_17,Spot 17,Empty,2026-06-26T18:28:07.314306+00:00,,,,,,,,
2026-06-26T18:42:03.386867+00:00,spot_1,Spot 1,Occupied,2026-06-26T18:14:54.241818+00:00,1267,car,0.8484363555908203,2552,562.98681640625,313.1859130859375,609.0615234375,370.5711669921875
2026-06-26T18:42:03.386867+00:00,spot_2,Spot 2,Occupied,2026-06-26T18:42:03.386867+00:00,1330,car,0.841530442237854,0,496.58856201171875,319.10693359375,549.4049682617188,373.36993408203125
2026-06-26T18:42:03.386867+00:00,spot_3,Spot 3,Empty,2026-06-26T17:59:06.661948+00:00,,,,,,,,
2026-06-26T18:42:03.386867+00:00,spot_4,Spot 4,Occupied,2026-06-26T18:21:10.531673+00:00,1301,car,0.8596749901771545,1252,387.7937927246094,320.06884765625,444.0893249511719,363.4251708984375
2026-06-26T18:42:03.386867+00:00,spot_5,Spot 5,Occupied,2026-06-26T18:42:03.386867+00:00,1322,car,0.7562016248703003,415,334.86004638671875,319.35125732421875,389.96380615234375,361.19464111328125
2026-06-26T18:42:03.386867+00:00,spot_6,Spot 6,Occupied,2026-06-26T18:42:03.386867+00:00,1331,car,0.7554236650466919,0,276.82659912109375,320.97772216796875,336.42547607421875,361.81280517578125
2026-06-26T18:42:03.386867+00:00,spot_7,Spot 7,Occupied,2026-06-26T18:14:54.241818+00:00,1268,car,0.7491049766540527,2552,248.02481079101562,327.3494567871094,296.5362854003906,356.1360168457031
2026-06-26T18:42:03.386867+00:00,spot_8,Spot 8,Occupied,2026-06-26T18:42:03.386867+00:00,1311,car,0.6528345346450806,835,206.77447509765625,321.3237609863281,257.35546875,352.6923522949219
2026-06-26T18:42:03.386867+00:00,spot_9,Spot 9,Occupied,2026-06-26T18:42:03.386867+00:00,1332,car,0.5136074423789978,0,158.48834228515625,317.25689697265625,224.8243408203125,350.78607177734375
2026-06-26T18:42:03.386867+00:00,spot_10,Spot 10,Empty,2026-06-26T18:40:10.631777+00:00,,,,,,,,
2026-06-26T18:42:03.386867+00:00,spot_11,Spot 11,Occupied,2026-06-26T18:42:03.386867+00:00,1299,car,0.5459477305412292,1314,123.64064025878906,316.5782165527344,160.6896209716797,342.3974304199219
2026-06-26T18:42:03.386867+00:00,spot_12,Spot 12,Empty,2026-06-26T18:33:00.803594+00:00,,,,,,,,
2026-06-26T18:42:03.386867+00:00,spot_13,Spot 13,Empty,2026-06-26T18:33:00.803594+00:00,,,,,,,,
2026-06-26T18:42:03.386867+00:00,spot_14,Spot 14,Empty,2026-06-26T18:42:03.386867+00:00,,,,,,,,
2026-06-26T18:42:03.386867+00:00,spot_15,Spot 15,Empty,2026-06-26T18:35:04.931837+00:00,,,,,,,,
2026-06-26T18:42:03.386867+00:00,spot_16,Spot 16,Occupied,2026-06-26T18:39:05.175426+00:00,1276,car,0.6573683619499207,2552,9.617618560791016,307.65069580078125,50.93229293823242,329.42926025390625
2026-06-26T18:42:03.386867+00:00,spot_17,Spot 17,Empty,2026-06-26T18:28:07.314306+00:00,,,,,,,,
2026-06-26T18:43:06.747932+00:00,spot_1,Spot 1,Occupied,2026-06-26T18:14:54.241818+00:00,1267,car,0.8898074626922607,2617,563.3297729492188,312.4663391113281,608.6425170898438,370.7259216308594
2026-06-26T18:43:06.747932+00:00,spot_2,Spot 2,Empty,2026-06-26T18:43:06.747932+00:00,,,,,,,,
2026-06-26T18:43:06.747932+00:00,spot_3,Spot 3,Empty,2026-06-26T17:59:06.661948+00:00,,,,,,,,
2026-06-26T18:43:06.747932+00:00,spot_4,Spot 4,Occupied,2026-06-26T18:21:10.531673+00:00,1301,car,0.8675050139427185,1317,388.22222900390625,320.70697021484375,443.5518798828125,361.55023193359375
2026-06-26T18:43:06.747932+00:00,spot_5,Spot 5,Occupied,2026-06-26T18:43:06.747932+00:00,1328,truck,0.3679007887840271,175,335.01416015625,318.53668212890625,389.534912109375,360.79168701171875
2026-06-26T18:43:06.747932+00:00,spot_6,Spot 6,Occupied,2026-06-26T18:42:03.386867+00:00,1331,car,0.5244341492652893,65,276.32818603515625,321.4986572265625,336.26715087890625,362.1536865234375
2026-06-26T18:43:06.747932+00:00,spot_7,Spot 7,Occupied,2026-06-26T18:14:54.241818+00:00,1268,car,0.8415098786354065,2617,247.9853515625,327.5223083496094,296.69329833984375,354.6178283691406
2026-06-26T18:43:06.747932+00:00,spot_8,Spot 8,Occupied,2026-06-26T18:42:03.386867+00:00,1311,car,0.7914674282073975,900,204.86727905273438,321.472412109375,265.2292175292969,353.5140380859375
2026-06-26T18:43:06.747932+00:00,spot_9,Spot 9,Occupied,2026-06-26T18:42:03.386867+00:00,1332,car,0.4335155785083771,65,159.9198760986328,316.56488037109375,214.98805236816406,351.90423583984375
2026-06-26T18:43:06.747932+00:00,spot_10,Spot 10,Occupied,2026-06-26T18:43:06.747932+00:00,1333,car,0.5010702610015869,0,147.80877685546875,319.4969177246094,181.42254638671875,345.1559143066406
2026-06-26T18:43:06.747932+00:00,spot_11,Spot 11,Occupied,2026-06-26T18:42:03.386867+00:00,1299,car,0.6945938467979431,1379,122.31854248046875,316.7804870605469,163.0902099609375,342.2601013183594
2026-06-26T18:43:06.747932+00:00,spot_12,Spot 12,Empty,2026-06-26T18:33:00.803594+00:00,,,,,,,,
2026-06-26T18:43:06.747932+00:00,spot_13,Spot 13,Occupied,2026-06-26T18:43:06.747932+00:00,1329,car,0.3508743345737457,116,71.20663452148438,313.53900146484375,106.311767578125,333.13519287109375
2026-06-26T18:43:06.747932+00:00,spot_14,Spot 14,Empty,2026-06-26T18:42:03.386867+00:00,,,,,,,,
2026-06-26T18:43:06.747932+00:00,spot_15,Spot 15,Empty,2026-06-26T18:35:04.931837+00:00,,,,,,,,
2026-06-26T18:43:06.747932+00:00,spot_16,Spot 16,Occupied,2026-06-26T18:39:05.175426+00:00,1276,car,0.7177721261978149,2617,9.632389068603516,307.395263671875,51.68450927734375,329.346923828125
2026-06-26T18:43:06.747932+00:00,spot_17,Spot 17,Empty,2026-06-26T18:28:07.314306+00:00,,,,,,,,
2026-06-26T18:44:10.715827+00:00,spot_1,Spot 1,Occupied,2026-06-26T18:14:54.241818+00:00,1267,car,0.8834075331687927,2680,563.2186279296875,313.0312194824219,608.5618896484375,371.5407409667969
2026-06-26T18:44:10.715827+00:00,spot_2,Spot 2,Empty,2026-06-26T18:43:06.747932+00:00,,,,,,,,
2026-06-26T18:44:10.715827+00:00,spot_3,Spot 3,Empty,2026-06-26T17:59:06.661948+00:00,,,,,,,,
2026-06-26T18:44:10.715827+00:00,spot_4,Spot 4,Occupied,2026-06-26T18:21:10.531673+00:00,1301,car,0.7719407081604004,1380,388.32855224609375,320.068359375,442.55694580078125,361.103759765625
2026-06-26T18:44:10.715827+00:00,spot_5,Spot 5,Occupied,2026-06-26T18:44:10.715827+00:00,1322,car,0.5171948671340942,543,333.0708923339844,319.078369140625,388.0701599121094,359.326904296875
2026-06-26T18:44:10.715827+00:00,spot_6,Spot 6,Occupied,2026-06-26T18:42:03.386867+00:00,1331,car,0.5389891266822815,128,277.6253967285156,321.27325439453125,337.0516662597656,362.15875244140625
2026-06-26T18:44:10.715827+00:00,spot_7,Spot 7,Occupied,2026-06-26T18:14:54.241818+00:00,1268,car,0.7970356941223145,2680,247.75830078125,327.4651184082031,296.60028076171875,355.9370422363281
2026-06-26T18:44:10.715827+00:00,spot_8,Spot 8,Empty,2026-06-26T18:44:10.715827+00:00,,,,,,,,
2026-06-26T18:44:10.715827+00:00,spot_9,Spot 9,Occupied,2026-06-26T18:44:10.715827+00:00,1325,truck,0.3986949026584625,367,169.93612670898438,316.6063232421875,210.04278564453125,351.422119140625
2026-06-26T18:44:10.715827+00:00,spot_10,Spot 10,Occupied,2026-06-26T18:43:06.747932+00:00,1333,car,0.3525249660015106,63,151.51731872558594,320.1097412109375,178.21229553222656,345.68212890625
2026-06-26T18:44:10.715827+00:00,spot_11,Spot 11,Empty,2026-06-26T18:44:10.715827+00:00,,,,,,,,
2026-06-26T18:44:10.715827+00:00,spot_12,Spot 12,Empty,2026-06-26T18:33:00.803594+00:00,,,,,,,,
2026-06-26T18:44:10.715827+00:00,spot_13,Spot 13,Empty,2026-06-26T18:44:10.715827+00:00,,,,,,,,
2026-06-26T18:44:10.715827+00:00,spot_14,Spot 14,Empty,2026-06-26T18:42:03.386867+00:00,,,,,,,,
2026-06-26T18:44:10.715827+00:00,spot_15,Spot 15,Empty,2026-06-26T18:35:04.931837+00:00,,,,,,,,
2026-06-26T18:44:10.715827+00:00,spot_16,Spot 16,Occupied,2026-06-26T18:39:05.175426+00:00,1276,car,0.6925463080406189,2680,8.07943344116211,307.2555847167969,50.025108337402344,329.1770935058594
2026-06-26T18:44:10.715827+00:00,spot_17,Spot 17,Empty,2026-06-26T18:28:07.314306+00:00,,,,,,,,
2026-06-26T18:45:13.436978+00:00,spot_1,Spot 1,Occupied,2026-06-26T18:14:54.241818+00:00,1267,car,0.8673317432403564,2741,563.27001953125,312.6851806640625,608.333251953125,370.3382568359375
2026-06-26T18:45:13.436978+00:00,spot_2,Spot 2,Empty,2026-06-26T18:43:06.747932+00:00,,,,,,,,
2026-06-26T18:45:13.436978+00:00,spot_3,Spot 3,Empty,2026-06-26T17:59:06.661948+00:00,,,,,,,,
2026-06-26T18:45:13.436978+00:00,spot_4,Spot 4,Occupied,2026-06-26T18:21:10.531673+00:00,1301,car,0.8508163690567017,1442,388.43048095703125,320.6270751953125,443.59942626953125,361.41015625
2026-06-26T18:45:13.436978+00:00,spot_5,Spot 5,Occupied,2026-06-26T18:44:10.715827+00:00,1322,car,0.41463911533355713,605,331.34832763671875,318.9973449707031,387.53460693359375,360.1839294433594
2026-06-26T18:45:13.436978+00:00,spot_6,Spot 6,Occupied,2026-06-26T18:45:13.436978+00:00,1334,truck,0.39249804615974426,0,275.3961181640625,320.88525390625,339.8095703125,361.63671875
2026-06-26T18:45:13.436978+00:00,spot_7,Spot 7,Occupied,2026-06-26T18:14:54.241818+00:00,1268,car,0.7807833552360535,2741,247.84759521484375,327.56341552734375,297.3231201171875,355.56878662109375
2026-06-26T18:45:13.436978+00:00,spot_8,Spot 8,Occupied,2026-06-26T18:45:13.436978+00:00,1311,car,0.5524003505706787,1025,205.86990356445312,321.17523193359375,256.7559814453125,353.32080078125
2026-06-26T18:45:13.436978+00:00,spot_9,Spot 9,Occupied,2026-06-26T18:44:10.715827+00:00,1325,truck,0.3714974820613861,429,163.99127197265625,316.76300048828125,210.553955078125,351.2244873046875
2026-06-26T18:45:13.436978+00:00,spot_10,Spot 10,Occupied,2026-06-26T18:43:06.747932+00:00,1333,car,0.3714783489704132,124,149.45062255859375,320.4762878417969,177.01483154296875,345.6743469238281
2026-06-26T18:45:13.436978+00:00,spot_11,Spot 11,Occupied,2026-06-26T18:45:13.436978+00:00,1299,car,0.43875840306282043,1504,122.45452880859375,316.4574279785156,161.22061157226562,342.6698303222656
2026-06-26T18:45:13.436978+00:00,spot_12,Spot 12,Empty,2026-06-26T18:33:00.803594+00:00,,,,,,,,
2026-06-26T18:45:13.436978+00:00,spot_13,Spot 13,Empty,2026-06-26T18:44:10.715827+00:00,,,,,,,,
2026-06-26T18:45:13.436978+00:00,spot_14,Spot 14,Empty,2026-06-26T18:42:03.386867+00:00,,,,,,,,
2026-06-26T18:45:13.436978+00:00,spot_15,Spot 15,Empty,2026-06-26T18:35:04.931837+00:00,,,,,,,,
2026-06-26T18:45:13.436978+00:00,spot_16,Spot 16,Occupied,2026-06-26T18:39:05.175426+00:00,1276,car,0.7101572155952454,2741,10.206920623779297,307.02191162109375,51.39748764038086,329.22772216796875
2026-06-26T18:45:13.436978+00:00,spot_17,Spot 17,Empty,2026-06-26T18:28:07.314306+00:00,,,,,,,,
2026-06-26T18:46:14.756672+00:00,spot_1,Spot 1,Occupied,2026-06-26T18:14:54.241818+00:00,1267,car,0.8886398077011108,2802,563.2764892578125,312.948974609375,608.4664306640625,371.5755615234375
2026-06-26T18:46:14.756672+00:00,spot_2,Spot 2,Empty,2026-06-26T18:43:06.747932+00:00,,,,,,,,
2026-06-26T18:46:14.756672+00:00,spot_3,Spot 3,Empty,2026-06-26T17:59:06.661948+00:00,,,,,,,,
2026-06-26T18:46:14.756672+00:00,spot_4,Spot 4,Occupied,2026-06-26T18:21:10.531673+00:00,1301,car,0.8343712687492371,1503,388.0350341796875,321.06097412109375,443.491455078125,361.6849365234375
2026-06-26T18:46:14.756672+00:00,spot_5,Spot 5,Occupied,2026-06-26T18:44:10.715827+00:00,1322,car,0.390227347612381,666,328.9737854003906,318.89306640625,389.5243225097656,361.145751953125
2026-06-26T18:46:14.756672+00:00,spot_6,Spot 6,Occupied,2026-06-26T18:46:14.756672+00:00,1331,car,0.4584699273109436,250,276.36749267578125,320.1212158203125,336.89752197265625,361.39208984375
2026-06-26T18:46:14.756672+00:00,spot_7,Spot 7,Occupied,2026-06-26T18:14:54.241818+00:00,1268,car,0.8595771193504333,2802,247.84039306640625,327.51837158203125,297.1131591796875,355.54266357421875
2026-06-26T18:46:14.756672+00:00,spot_8,Spot 8,Occupied,2026-06-26T18:45:13.436978+00:00,1311,car,0.44974732398986816,1086,203.56488037109375,321.74432373046875,241.4605712890625,353.47735595703125
2026-06-26T18:46:14.756672+00:00,spot_9,Spot 9,Occupied,2026-06-26T18:46:14.756672+00:00,1335,car,0.46242302656173706,0,154.25460815429688,316.89788818359375,218.98739624023438,351.17279052734375
2026-06-26T18:46:14.756672+00:00,spot_10,Spot 10,Empty,2026-06-26T18:46:14.756672+00:00,,,,,,,,
2026-06-26T18:46:14.756672+00:00,spot_11,Spot 11,Occupied,2026-06-26T18:45:13.436978+00:00,1299,car,0.5905048251152039,1565,122.41954040527344,316.43609619140625,161.9014434814453,341.62884521484375
2026-06-26T18:46:14.756672+00:00,spot_12,Spot 12,Empty,2026-06-26T18:33:00.803594+00:00,,,,,,,,
2026-06-26T18:46:14.756672+00:00,spot_13,Spot 13,Empty,2026-06-26T18:44:10.715827+00:00,,,,,,,,
2026-06-26T18:46:14.756672+00:00,spot_14,Spot 14,Occupied,2026-06-26T18:46:14.756672+00:00,1336,car,0.3929688632488251,0,49.759178161621094,310.9788513183594,80.48029327392578,331.1596984863281
2026-06-26T18:46:14.756672+00:00,spot_15,Spot 15,Empty,2026-06-26T18:35:04.931837+00:00,,,,,,,,
2026-06-26T18:46:14.756672+00:00,spot_16,Spot 16,Occupied,2026-06-26T18:39:05.175426+00:00,1276,car,0.6381515264511108,2802,9.396308898925781,307.2242431640625,50.49824905395508,329.4805908203125
2026-06-26T18:46:14.756672+00:00,spot_17,Spot 17,Empty,2026-06-26T18:28:07.314306+00:00,,,,,,,,
2026-06-26T18:47:06.687444+00:00,spot_1,Spot 1,Occupied,2026-06-26T18:14:54.241818+00:00,1267,car,0.8499571681022644,2855,563.1254272460938,312.8079833984375,609.1953735351562,371.18572998046875
2026-06-26T18:47:06.687444+00:00,spot_2,Spot 2,Empty,2026-06-26T18:43:06.747932+00:00,,,,,,,,
2026-06-26T18:47:06.687444+00:00,spot_3,Spot 3,Empty,2026-06-26T17:59:06.661948+00:00,,,,,,,,
2026-06-26T18:47:06.687444+00:00,spot_4,Spot 4,Occupied,2026-06-26T18:21:10.531673+00:00,1301,car,0.9026115536689758,1555,388.58917236328125,320.7176818847656,443.91766357421875,361.5771179199219
2026-06-26T18:47:06.687444+00:00,spot_5,Spot 5,Occupied,2026-06-26T18:44:10.715827+00:00,1322,car,0.4642046093940735,718,334.51129150390625,319.19354248046875,388.40740966796875,360.1038818359375
2026-06-26T18:47:06.687444+00:00,spot_6,Spot 6,Occupied,2026-06-26T18:47:06.687444+00:00,1334,truck,0.43171426653862,113,276.85125732421875,320.92315673828125,337.27313232421875,361.28948974609375
2026-06-26T18:47:06.687444+00:00,spot_7,Spot 7,Occupied,2026-06-26T18:14:54.241818+00:00,1268,car,0.8573523759841919,2855,247.3004913330078,327.30194091796875,297.30755615234375,355.04766845703125
2026-06-26T18:47:06.687444+00:00,spot_8,Spot 8,Occupied,2026-06-26T18:45:13.436978+00:00,1311,car,0.5890862941741943,1139,205.55294799804688,321.1426086425781,257.0218811035156,353.6841125488281
2026-06-26T18:47:06.687444+00:00,spot_9,Spot 9,Occupied,2026-06-26T18:47:06.687444+00:00,1325,truck,0.36109232902526855,542,153.4813690185547,317.30322265625,220.5791473388672,351.5728759765625
2026-06-26T18:47:06.687444+00:00,spot_10,Spot 10,Empty,2026-06-26T18:46:14.756672+00:00,,,,,,,,
2026-06-26T18:47:06.687444+00:00,spot_11,Spot 11,Occupied,2026-06-26T18:45:13.436978+00:00,1299,car,0.7681894898414612,1617,121.22879028320312,316.6021728515625,162.40206909179688,342.0657958984375
2026-06-26T18:47:06.687444+00:00,spot_12,Spot 12,Occupied,2026-06-26T18:47:06.687444+00:00,1337,car,0.445800244808197,0,94.77525329589844,312.95343017578125,138.37521362304688,339.31695556640625
2026-06-26T18:47:06.687444+00:00,spot_13,Spot 13,Empty,2026-06-26T18:44:10.715827+00:00,,,,,,,,
2026-06-26T18:47:06.687444+00:00,spot_14,Spot 14,Empty,2026-06-26T18:47:06.687444+00:00,,,,,,,,
2026-06-26T18:47:06.687444+00:00,spot_15,Spot 15,Empty,2026-06-26T18:35:04.931837+00:00,,,,,,,,
2026-06-26T18:47:06.687444+00:00,spot_16,Spot 16,Occupied,2026-06-26T18:39:05.175426+00:00,1276,car,0.7062646150588989,2855,9.090717315673828,306.97784423828125,50.070003509521484,329.38433837890625
2026-06-26T18:47:06.687444+00:00,spot_17,Spot 17,Empty,2026-06-26T18:28:07.314306+00:00,,,,,,,,
2026-06-26T18:48:09.211581+00:00,spot_1,Spot 1,Occupied,2026-06-26T18:14:54.241818+00:00,1267,car,0.8550533056259155,2917,563.267822265625,312.8505859375,609.001953125,370.16278076171875
2026-06-26T18:48:09.211581+00:00,spot_2,Spot 2,Empty,2026-06-26T18:43:06.747932+00:00,,,,,,,,
2026-06-26T18:48:09.211581+00:00,spot_3,Spot 3,Empty,2026-06-26T17:59:06.661948+00:00,,,,,,,,
2026-06-26T18:48:09.211581+00:00,spot_4,Spot 4,Occupied,2026-06-26T18:21:10.531673+00:00,1301,car,0.8788459300994873,1618,388.79864501953125,320.568603515625,443.477294921875,361.6640625
2026-06-26T18:48:09.211581+00:00,spot_5,Spot 5,Occupied,2026-06-26T18:44:10.715827+00:00,1322,car,0.7156614065170288,781,333.2127990722656,318.9439697265625,387.7956237792969,360.8006591796875
2026-06-26T18:48:09.211581+00:00,spot_6,Spot 6,Occupied,2026-06-26T18:48:09.211581+00:00,1331,car,0.6088705062866211,365,276.41461181640625,322.10565185546875,336.6441650390625,362.17938232421875
2026-06-26T18:48:09.211581+00:00,spot_7,Spot 7,Occupied,2026-06-26T18:14:54.241818+00:00,1268,car,0.8309356570243835,2917,247.3653106689453,327.1636657714844,296.52313232421875,355.4645080566406
2026-06-26T18:48:09.211581+00:00,spot_8,Spot 8,Empty,2026-06-26T18:48:09.211581+00:00,,,,,,,,
2026-06-26T18:48:09.211581+00:00,spot_9,Spot 9,Occupied,2026-06-26T18:47:06.687444+00:00,1325,truck,0.44385015964508057,605,159.99493408203125,316.14337158203125,235.45147705078125,351.29412841796875
2026-06-26T18:48:09.211581+00:00,spot_10,Spot 10,Empty,2026-06-26T18:46:14.756672+00:00,,,,,,,,
2026-06-26T18:48:09.211581+00:00,spot_11,Spot 11,Occupied,2026-06-26T18:45:13.436978+00:00,1299,car,0.6600350141525269,1680,123.00224304199219,316.3030090332031,161.05662536621094,342.2013244628906
2026-06-26T18:48:09.211581+00:00,spot_12,Spot 12,Empty,2026-06-26T18:48:09.211581+00:00,,,,,,,,
2026-06-26T18:48:09.211581+00:00,spot_13,Spot 13,Occupied,2026-06-26T18:48:09.211581+00:00,1338,car,0.645712673664093,0,71.52751922607422,314.2687683105469,106.8937759399414,333.8995056152344
2026-06-26T18:48:09.211581+00:00,spot_14,Spot 14,Occupied,2026-06-26T18:48:09.211581+00:00,1336,car,0.5568276643753052,114,51.863121032714844,310.9939880371094,82.21321868896484,331.8395690917969
2026-06-26T18:48:09.211581+00:00,spot_15,Spot 15,Empty,2026-06-26T18:35:04.931837+00:00,,,,,,,,
2026-06-26T18:48:09.211581+00:00,spot_16,Spot 16,Occupied,2026-06-26T18:39:05.175426+00:00,1276,car,0.7307966947555542,2917,9.79079818725586,307.26141357421875,50.921112060546875,329.29058837890625
2026-06-26T18:48:09.211581+00:00,spot_17,Spot 17,Empty,2026-06-26T18:28:07.314306+00:00,,,,,,,,
2026-06-26T18:49:01.371095+00:00,spot_1,Spot 1,Occupied,2026-06-26T18:14:54.241818+00:00,1267,car,0.8550533056259155,2969,563.267822265625,312.8505859375,609.001953125,370.16278076171875
2026-06-26T18:49:01.371095+00:00,spot_2,Spot 2,Empty,2026-06-26T18:43:06.747932+00:00,,,,,,,,
2026-06-26T18:49:01.371095+00:00,spot_3,Spot 3,Empty,2026-06-26T17:59:06.661948+00:00,,,,,,,,
2026-06-26T18:49:01.371095+00:00,spot_4,Spot 4,Occupied,2026-06-26T18:21:10.531673+00:00,1301,car,0.8788459300994873,1669,388.79864501953125,320.568603515625,443.477294921875,361.6640625
2026-06-26T18:49:01.371095+00:00,spot_5,Spot 5,Occupied,2026-06-26T18:44:10.715827+00:00,1322,car,0.7156614065170288,833,333.2127990722656,318.9439697265625,387.7956237792969,360.8006591796875
2026-06-26T18:49:01.371095+00:00,spot_6,Spot 6,Occupied,2026-06-26T18:48:09.211581+00:00,1331,car,0.6088705062866211,417,276.41461181640625,322.10565185546875,336.6441650390625,362.17938232421875
2026-06-26T18:49:01.371095+00:00,spot_7,Spot 7,Occupied,2026-06-26T18:14:54.241818+00:00,1268,car,0.8309356570243835,2969,247.3653106689453,327.1636657714844,296.52313232421875,355.4645080566406
2026-06-26T18:49:01.371095+00:00,spot_8,Spot 8,Empty,2026-06-26T18:48:09.211581+00:00,,,,,,,,
2026-06-26T18:49:01.371095+00:00,spot_9,Spot 9,Occupied,2026-06-26T18:47:06.687444+00:00,1325,truck,0.44385015964508057,657,159.99493408203125,316.14337158203125,235.45147705078125,351.29412841796875
2026-06-26T18:49:01.371095+00:00,spot_10,Spot 10,Empty,2026-06-26T18:46:14.756672+00:00,,,,,,,,
2026-06-26T18:49:01.371095+00:00,spot_11,Spot 11,Occupied,2026-06-26T18:45:13.436978+00:00,1299,car,0.6600350141525269,1732,123.00224304199219,316.3030090332031,161.05662536621094,342.2013244628906
2026-06-26T18:49:01.371095+00:00,spot_12,Spot 12,Empty,2026-06-26T18:48:09.211581+00:00,,,,,,,,
2026-06-26T18:49:01.371095+00:00,spot_13,Spot 13,Occupied,2026-06-26T18:48:09.211581+00:00,1338,car,0.645712673664093,51,71.52751922607422,314.2687683105469,106.8937759399414,333.8995056152344
2026-06-26T18:49:01.371095+00:00,spot_14,Spot 14,Occupied,2026-06-26T18:48:09.211581+00:00,1336,car,0.5568276643753052,166,51.863121032714844,310.9939880371094,82.21321868896484,331.8395690917969
2026-06-26T18:49:01.371095+00:00,spot_15,Spot 15,Empty,2026-06-26T18:35:04.931837+00:00,,,,,,,,
2026-06-26T18:49:01.371095+00:00,spot_16,Spot 16,Occupied,2026-06-26T18:39:05.175426+00:00,1276,car,0.7307966947555542,2969,9.79079818725586,307.26141357421875,50.921112060546875,329.29058837890625
2026-06-26T18:49:01.371095+00:00,spot_17,Spot 17,Empty,2026-06-26T18:28:07.314306+00:00,,,,,,,,
2026-06-26T18:49:54.073967+00:00,spot_1,Spot 1,Occupied,2026-06-26T18:14:54.241818+00:00,1267,car,0.8593171238899231,3021,562.9556274414062,313.2227478027344,608.8637084960938,369.2961730957031
2026-06-26T18:49:54.073967+00:00,spot_2,Spot 2,Empty,2026-06-26T18:43:06.747932+00:00,,,,,,,,
2026-06-26T18:49:54.073967+00:00,spot_3,Spot 3,Empty,2026-06-26T17:59:06.661948+00:00,,,,,,,,
2026-06-26T18:49:54.073967+00:00,spot_4,Spot 4,Occupied,2026-06-26T18:21:10.531673+00:00,1301,car,0.8725599646568298,1722,388.501220703125,320.2615966796875,443.4661865234375,361.1021728515625
2026-06-26T18:49:54.073967+00:00,spot_5,Spot 5,Occupied,2026-06-26T18:44:10.715827+00:00,1322,car,0.5732830166816711,885,334.38421630859375,318.9598388671875,388.73309326171875,360.537109375
2026-06-26T18:49:54.073967+00:00,spot_6,Spot 6,Occupied,2026-06-26T18:48:09.211581+00:00,1331,car,0.5203360915184021,469,278.0644836425781,320.95892333984375,336.1709289550781,361.85906982421875
2026-06-26T18:49:54.073967+00:00,spot_7,Spot 7,Occupied,2026-06-26T18:49:54.073967+00:00,1340,motorcycle,0.453839510679245,0,246.721923828125,323.25103759765625,279.040771484375,362.63543701171875
2026-06-26T18:49:54.073967+00:00,spot_8,Spot 8,Empty,2026-06-26T18:48:09.211581+00:00,,,,,,,,
2026-06-26T18:49:54.073967+00:00,spot_9,Spot 9,Occupied,2026-06-26T18:49:54.073967+00:00,1335,car,0.7889462113380432,218,158.87643432617188,316.925048828125,235.06814575195312,351.27850341796875
2026-06-26T18:49:54.073967+00:00,spot_10,Spot 10,Occupied,2026-06-26T18:49:54.073967+00:00,1339,car,0.4552125632762909,0,150.1129608154297,319.92364501953125,180.8319854736328,345.10150146484375
2026-06-26T18:49:54.073967+00:00,spot_11,Spot 11,Occupied,2026-06-26T18:45:13.436978+00:00,1299,car,0.73600834608078,1784,123.05168151855469,316.80810546875,165.16798400878906,342.3658447265625
2026-06-26T18:49:54.073967+00:00,spot_12,Spot 12,Empty,2026-06-26T18:48:09.211581+00:00,,,,,,,,
2026-06-26T18:49:54.073967+00:00,spot_13,Spot 13,Occupied,2026-06-26T18:48:09.211581+00:00,1338,car,0.6303232312202454,103,71.16641235351562,312.97918701171875,105.38467407226562,333.61407470703125
2026-06-26T18:49:54.073967+00:00,spot_14,Spot 14,Occupied,2026-06-26T18:48:09.211581+00:00,1336,car,0.6229981780052185,218,53.07970428466797,311.16339111328125,80.04210662841797,331.62213134765625
2026-06-26T18:49:54.073967+00:00,spot_15,Spot 15,Empty,2026-06-26T18:35:04.931837+00:00,,,,,,,,
2026-06-26T18:49:54.073967+00:00,spot_16,Spot 16,Occupied,2026-06-26T18:39:05.175426+00:00,1276,car,0.7502213716506958,3021,10.672988891601562,307.2338562011719,49.86254119873047,329.4039611816406
2026-06-26T18:49:54.073967+00:00,spot_17,Spot 17,Empty,2026-06-26T18:28:07.314306+00:00,,,,,,,,
2026-06-26T18:50:47.101958+00:00,spot_1,Spot 1,Occupied,2026-06-26T18:14:54.241818+00:00,1267,car,0.8666033744812012,3074,562.810546875,312.8323974609375,608.900390625,367.814453125
2026-06-26T18:50:47.101958+00:00,spot_2,Spot 2,Empty,2026-06-26T18:43:06.747932+00:00,,,,,,,,
2026-06-26T18:50:47.101958+00:00,spot_3,Spot 3,Empty,2026-06-26T17:59:06.661948+00:00,,,,,,,,
2026-06-26T18:50:47.101958+00:00,spot_4,Spot 4,Occupied,2026-06-26T18:21:10.531673+00:00,1301,car,0.8309997916221619,1775,386.9568176269531,320.0563049316406,443.8399353027344,361.0281677246094
2026-06-26T18:50:47.101958+00:00,spot_5,Spot 5,Occupied,2026-06-26T18:50:47.101958+00:00,1342,truck,0.38149699568748474,0,332.19476318359375,319.39599609375,387.49993896484375,360.8729248046875
2026-06-26T18:50:47.101958+00:00,spot_6,Spot 6,Occupied,2026-06-26T18:50:47.101958+00:00,1341,truck,0.3920910656452179,0,247.4667205810547,321.01556396484375,336.93914794921875,361.92236328125
2026-06-26T18:50:47.101958+00:00,spot_7,Spot 7,Empty,2026-06-26T18:50:47.101958+00:00,,,,,,,,
2026-06-26T18:50:47.101958+00:00,spot_8,Spot 8,Empty,2026-06-26T18:48:09.211581+00:00,,,,,,,,
2026-06-26T18:50:47.101958+00:00,spot_9,Spot 9,Occupied,2026-06-26T18:49:54.073967+00:00,1335,car,0.6906206011772156,271,159.170654296875,317.0018310546875,236.14154052734375,351.61468505859375
2026-06-26T18:50:47.101958+00:00,spot_10,Spot 10,Occupied,2026-06-26T18:49:54.073967+00:00,1339,car,0.4651808440685272,53,149.91885375976562,320.07818603515625,177.13095092773438,346.14678955078125
2026-06-26T18:50:47.101958+00:00,spot_11,Spot 11,Occupied,2026-06-26T18:45:13.436978+00:00,1299,car,0.4983203411102295,1837,122.28317260742188,316.9023132324219,165.37197875976562,343.2138366699219
2026-06-26T18:50:47.101958+00:00,spot_12,Spot 12,Empty,2026-06-26T18:48:09.211581+00:00,,,,,,,,
2026-06-26T18:50:47.101958+00:00,spot_13,Spot 13,Occupied,2026-06-26T18:48:09.211581+00:00,1338,car,0.5200973749160767,156,68.82235717773438,313.764404296875,109.87921142578125,334.01666259765625
2026-06-26T18:50:47.101958+00:00,spot_14,Spot 14,Occupied,2026-06-26T18:48:09.211581+00:00,1336,car,0.47059595584869385,271,53.571624755859375,311.13427734375,81.77220153808594,332.09722900390625
2026-06-26T18:50:47.101958+00:00,spot_15,Spot 15,Empty,2026-06-26T18:35:04.931837+00:00,,,,,,,,
2026-06-26T18:50:47.101958+00:00,spot_16,Spot 16,Occupied,2026-06-26T18:39:05.175426+00:00,1276,car,0.767640233039856,3074,9.010791778564453,307.90435791015625,51.667076110839844,329.46209716796875
2026-06-26T18:50:47.101958+00:00,spot_17,Spot 17,Empty,2026-06-26T18:28:07.314306+00:00,,,,,,,,
2026-06-26T18:51:36.162981+00:00,spot_1,Spot 1,Occupied,2026-06-26T18:14:54.241818+00:00,1267,car,0.8331174254417419,3125,562.763427734375,313.6403503417969,608.694091796875,367.8061218261719
2026-06-26T18:51:36.162981+00:00,spot_2,Spot 2,Empty,2026-06-26T18:43:06.747932+00:00,,,,,,,,
2026-06-26T18:51:36.162981+00:00,spot_3,Spot 3,Empty,2026-06-26T17:59:06.661948+00:00,,,,,,,,
2026-06-26T18:51:36.162981+00:00,spot_4,Spot 4,Occupied,2026-06-26T18:21:10.531673+00:00,1301,car,0.9019179344177246,1825,388.1025390625,321.1217041015625,443.62542724609375,360.7825927734375
2026-06-26T18:51:36.162981+00:00,spot_5,Spot 5,Occupied,2026-06-26T18:50:47.101958+00:00,1342,truck,0.38719508051872253,50,331.177001953125,319.2248840332031,387.3125,360.3179016113281
2026-06-26T18:51:36.162981+00:00,spot_6,Spot 6,Occupied,2026-06-26T18:51:36.162981+00:00,1331,car,0.39100706577301025,573,276.9421691894531,321.5233154296875,336.4839172363281,362.445068359375
2026-06-26T18:51:36.162981+00:00,spot_7,Spot 7,Occupied,2026-06-26T18:51:36.162981+00:00,1268,car,0.5592926144599915,3125,245.3994903564453,323.9274597167969,290.45733642578125,357.5008239746094
2026-06-26T18:51:36.162981+00:00,spot_8,Spot 8,Empty,2026-06-26T18:48:09.211581+00:00,,,,,,,,
2026-06-26T18:51:36.162981+00:00,spot_9,Spot 9,Occupied,2026-06-26T18:49:54.073967+00:00,1335,car,0.7772990465164185,322,153.26806640625,317.86920166015625,236.58709716796875,352.33819580078125
2026-06-26T18:51:36.162981+00:00,spot_10,Spot 10,Empty,2026-06-26T18:51:36.162981+00:00,,,,,,,,
2026-06-26T18:51:36.162981+00:00,spot_11,Spot 11,Occupied,2026-06-26T18:45:13.436978+00:00,1299,car,0.6249938607215881,1887,123.2402114868164,317.3529052734375,166.08914184570312,343.02947998046875
2026-06-26T18:51:36.162981+00:00,spot_12,Spot 12,Empty,2026-06-26T18:48:09.211581+00:00,,,,,,,,
2026-06-26T18:51:36.162981+00:00,spot_13,Spot 13,Occupied,2026-06-26T18:48:09.211581+00:00,1338,car,0.6309518814086914,207,69.78421020507812,314.3960876464844,103.54949951171875,334.0370788574219
2026-06-26T18:51:36.162981+00:00,spot_14,Spot 14,Occupied,2026-06-26T18:48:09.211581+00:00,1336,car,0.4554765522480011,322,54.16896057128906,311.3561706542969,81.69642639160156,332.1623840332031
2026-06-26T18:51:36.162981+00:00,spot_15,Spot 15,Empty,2026-06-26T18:35:04.931837+00:00,,,,,,,,
2026-06-26T18:51:36.162981+00:00,spot_16,Spot 16,Occupied,2026-06-26T18:39:05.175426+00:00,1276,car,0.6233184337615967,3125,9.444995880126953,308.0315856933594,51.36528396606445,329.7342834472656
2026-06-26T18:51:36.162981+00:00,spot_17,Spot 17,Empty,2026-06-26T18:28:07.314306+00:00,,,,,,,,
2026-06-26T18:52:28.736257+00:00,spot_1,Spot 1,Occupied,2026-06-26T18:14:54.241818+00:00,1267,car,0.870505690574646,3176,563.1533203125,313.2869873046875,608.10791015625,369.7457275390625
2026-06-26T18:52:28.736257+00:00,spot_2,Spot 2,Empty,2026-06-26T18:43:06.747932+00:00,,,,,,,,
2026-06-26T18:52:28.736257+00:00,spot_3,Spot 3,Empty,2026-06-26T17:59:06.661948+00:00,,,,,,,,
2026-06-26T18:52:28.736257+00:00,spot_4,Spot 4,Occupied,2026-06-26T18:21:10.531673+00:00,1301,car,0.8173359036445618,1876,388.4180603027344,320.34747314453125,443.5604553222656,361.52777099609375
2026-06-26T18:52:28.736257+00:00,spot_5,Spot 5,Occupied,2026-06-26T18:52:28.736257+00:00,1322,car,0.5787765383720398,1040,334.1709289550781,319.0439453125,388.7593688964844,361.7437744140625
2026-06-26T18:52:28.736257+00:00,spot_6,Spot 6,Occupied,2026-06-26T18:52:28.736257+00:00,1341,truck,0.4672028124332428,101,278.38397216796875,322.1719970703125,339.18035888671875,362.478271484375
2026-06-26T18:52:28.736257+00:00,spot_7,Spot 7,Occupied,2026-06-26T18:51:36.162981+00:00,1268,car,0.7845442891120911,3176,247.2632598876953,327.05340576171875,296.19439697265625,356.70428466796875
2026-06-26T18:52:28.736257+00:00,spot_8,Spot 8,Empty,2026-06-26T18:48:09.211581+00:00,,,,,,,,
2026-06-26T18:52:28.736257+00:00,spot_9,Spot 9,Occupied,2026-06-26T18:49:54.073967+00:00,1335,car,0.7785327434539795,373,159.07589721679688,317.39642333984375,235.17868041992188,351.37017822265625
2026-06-26T18:52:28.736257+00:00,spot_10,Spot 10,Occupied,2026-06-26T18:52:28.736257+00:00,1339,car,0.3856694996356964,154,149.0576934814453,319.9062805175781,182.22789001464844,345.4528503417969
2026-06-26T18:52:28.736257+00:00,spot_11,Spot 11,Occupied,2026-06-26T18:45:13.436978+00:00,1299,car,0.7703865170478821,1939,122.99032592773438,316.9444885253906,163.90594482421875,342.3813781738281
2026-06-26T18:52:28.736257+00:00,spot_12,Spot 12,Occupied,2026-06-26T18:52:28.736257+00:00,1343,car,0.37661013007164,0,103.3751220703125,315.3070068359375,139.69064331054688,339.6241455078125
2026-06-26T18:52:28.736257+00:00,spot_13,Spot 13,Empty,2026-06-26T18:52:28.736257+00:00,,,,,,,,
2026-06-26T18:52:28.736257+00:00,spot_14,Spot 14,Empty,2026-06-26T18:52:28.736257+00:00,,,,,,,,
2026-06-26T18:52:28.736257+00:00,spot_15,Spot 15,Empty,2026-06-26T18:35:04.931837+00:00,,,,,,,,
2026-06-26T18:52:28.736257+00:00,spot_16,Spot 16,Occupied,2026-06-26T18:39:05.175426+00:00,1276,car,0.6972744464874268,3176,10.60403060913086,307.9136657714844,51.25788116455078,329.5485534667969
2026-06-26T18:52:28.736257+00:00,spot_17,Spot 17,Empty,2026-06-26T18:28:07.314306+00:00,,,,,,,,
2026-06-26T18:53:21.386017+00:00,spot_1,Spot 1,Occupied,2026-06-26T18:14:54.241818+00:00,1267,car,0.8738321661949158,3231,563.0758666992188,313.35223388671875,609.0499877929688,368.70440673828125
2026-06-26T18:53:21.386017+00:00,spot_2,Spot 2,Empty,2026-06-26T18:43:06.747932+00:00,,,,,,,,
2026-06-26T18:53:21.386017+00:00,spot_3,Spot 3,Empty,2026-06-26T17:59:06.661948+00:00,,,,,,,,
2026-06-26T18:53:21.386017+00:00,spot_4,Spot 4,Occupied,2026-06-26T18:21:10.531673+00:00,1301,car,0.9058806300163269,1931,388.40362548828125,321.0345458984375,443.69244384765625,361.3060302734375
2026-06-26T18:53:21.386017+00:00,spot_5,Spot 5,Occupied,2026-06-26T18:52:28.736257+00:00,1322,car,0.6330348253250122,1094,334.1614990234375,319.01513671875,389.6253662109375,360.6722412109375
2026-06-26T18:53:21.386017+00:00,spot_6,Spot 6,Occupied,2026-06-26T18:52:28.736257+00:00,1341,truck,0.47659891843795776,156,277.60211181640625,321.2459411621094,337.38031005859375,361.8259582519531
2026-06-26T18:53:21.386017+00:00,spot_7,Spot 7,Occupied,2026-06-26T18:51:36.162981+00:00,1268,car,0.8115192651748657,3231,247.25851440429688,326.18499755859375,296.1635437011719,355.853515625
2026-06-26T18:53:21.386017+00:00,spot_8,Spot 8,Empty,2026-06-26T18:48:09.211581+00:00,,,,,,,,
2026-06-26T18:53:21.386017+00:00,spot_9,Spot 9,Occupied,2026-06-26T18:49:54.073967+00:00,1335,car,0.8374386429786682,428,159.2147216796875,317.1851501464844,235.0435791015625,351.7594299316406
2026-06-26T18:53:21.386017+00:00,spot_10,Spot 10,Occupied,2026-06-26T18:52:28.736257+00:00,1339,car,0.4035978317260742,209,145.51187133789062,318.9813537597656,182.21762084960938,344.7224426269531
2026-06-26T18:53:21.386017+00:00,spot_11,Spot 11,Occupied,2026-06-26T18:45:13.436978+00:00,1299,car,0.7249028086662292,1993,122.9830322265625,316.863037109375,163.94424438476562,342.217529296875
2026-06-26T18:53:21.386017+00:00,spot_12,Spot 12,Empty,2026-06-26T18:53:21.386017+00:00,,,,,,,,
2026-06-26T18:53:21.386017+00:00,spot_13,Spot 13,Empty,2026-06-26T18:52:28.736257+00:00,,,,,,,,
2026-06-26T18:53:21.386017+00:00,spot_14,Spot 14,Occupied,2026-06-26T18:53:21.386017+00:00,1336,car,0.39579012989997864,428,53.18474197387695,311.0684509277344,79.47837829589844,331.4685363769531
2026-06-26T18:53:21.386017+00:00,spot_15,Spot 15,Empty,2026-06-26T18:35:04.931837+00:00,,,,,,,,
2026-06-26T18:53:21.386017+00:00,spot_16,Spot 16,Occupied,2026-06-26T18:39:05.175426+00:00,1276,car,0.7725732326507568,3231,10.841655731201172,307.72125244140625,51.439449310302734,329.64117431640625
2026-06-26T18:53:21.386017+00:00,spot_17,Spot 17,Empty,2026-06-26T18:28:07.314306+00:00,,,,,,,,
2026-06-26T18:54:14.750378+00:00,spot_1,Spot 1,Occupied,2026-06-26T18:14:54.241818+00:00,1267,car,0.8738321661949158,3283,563.0758666992188,313.35223388671875,609.0499877929688,368.70440673828125
2026-06-26T18:54:14.750378+00:00,spot_2,Spot 2,Empty,2026-06-26T18:43:06.747932+00:00,,,,,,,,
2026-06-26T18:54:14.750378+00:00,spot_3,Spot 3,Empty,2026-06-26T17:59:06.661948+00:00,,,,,,,,
2026-06-26T18:54:14.750378+00:00,spot_4,Spot 4,Occupied,2026-06-26T18:21:10.531673+00:00,1301,car,0.9058806300163269,1983,388.40362548828125,321.0345458984375,443.69244384765625,361.3060302734375
2026-06-26T18:54:14.750378+00:00,spot_5,Spot 5,Occupied,2026-06-26T18:52:28.736257+00:00,1322,car,0.6330348253250122,1146,334.1614990234375,319.01513671875,389.6253662109375,360.6722412109375
2026-06-26T18:54:14.750378+00:00,spot_6,Spot 6,Occupied,2026-06-26T18:52:28.736257+00:00,1341,truck,0.47659891843795776,208,277.60211181640625,321.2459411621094,337.38031005859375,361.8259582519531
2026-06-26T18:54:14.750378+00:00,spot_7,Spot 7,Occupied,2026-06-26T18:51:36.162981+00:00,1268,car,0.8115192651748657,3283,247.25851440429688,326.18499755859375,296.1635437011719,355.853515625
2026-06-26T18:54:14.750378+00:00,spot_8,Spot 8,Empty,2026-06-26T18:48:09.211581+00:00,,,,,,,,
2026-06-26T18:54:14.750378+00:00,spot_9,Spot 9,Occupied,2026-06-26T18:49:54.073967+00:00,1335,car,0.8374386429786682,480,159.2147216796875,317.1851501464844,235.0435791015625,351.7594299316406
2026-06-26T18:54:14.750378+00:00,spot_10,Spot 10,Occupied,2026-06-26T18:52:28.736257+00:00,1339,car,0.4035978317260742,261,145.51187133789062,318.9813537597656,182.21762084960938,344.7224426269531
2026-06-26T18:54:14.750378+00:00,spot_11,Spot 11,Occupied,2026-06-26T18:45:13.436978+00:00,1299,car,0.7249028086662292,2045,122.9830322265625,316.863037109375,163.94424438476562,342.217529296875
2026-06-26T18:54:14.750378+00:00,spot_12,Spot 12,Empty,2026-06-26T18:53:21.386017+00:00,,,,,,,,
2026-06-26T18:54:14.750378+00:00,spot_13,Spot 13,Empty,2026-06-26T18:52:28.736257+00:00,,,,,,,,
2026-06-26T18:54:14.750378+00:00,spot_14,Spot 14,Occupied,2026-06-26T18:53:21.386017+00:00,1336,car,0.39579012989997864,480,53.18474197387695,311.0684509277344,79.47837829589844,331.4685363769531
2026-06-26T18:54:14.750378+00:00,spot_15,Spot 15,Empty,2026-06-26T18:35:04.931837+00:00,,,,,,,,
2026-06-26T18:54:14.750378+00:00,spot_16,Spot 16,Occupied,2026-06-26T18:39:05.175426+00:00,1276,car,0.7725732326507568,3283,10.841655731201172,307.72125244140625,51.439449310302734,329.64117431640625
2026-06-26T18:54:14.750378+00:00,spot_17,Spot 17,Empty,2026-06-26T18:28:07.314306+00:00,,,,,,,,
2026-06-26T18:55:05.766852+00:00,spot_1,Spot 1,Occupied,2026-06-26T18:14:54.241818+00:00,1267,car,0.8727167248725891,3334,563.0243530273438,315.40447998046875,608.8997192382812,368.42193603515625
2026-06-26T18:55:05.766852+00:00,spot_2,Spot 2,Empty,2026-06-26T18:43:06.747932+00:00,,,,,,,,
2026-06-26T18:55:05.766852+00:00,spot_3,Spot 3,Empty,2026-06-26T17:59:06.661948+00:00,,,,,,,,
2026-06-26T18:55:05.766852+00:00,spot_4,Spot 4,Occupied,2026-06-26T18:21:10.531673+00:00,1301,car,0.8594251275062561,2034,388.1347961425781,320.37103271484375,443.7481384277344,361.41754150390625
2026-06-26T18:55:05.766852+00:00,spot_5,Spot 5,Occupied,2026-06-26T18:55:05.766852+00:00,1345,truck,0.35039013624191284,0,331.02435302734375,319.01727294921875,387.7041015625,360.31182861328125
2026-06-26T18:55:05.766852+00:00,spot_6,Spot 6,Occupied,2026-06-26T18:52:28.736257+00:00,1341,truck,0.6986502408981323,259,276.89154052734375,321.1792907714844,336.85546875,362.1855163574219
2026-06-26T18:55:05.766852+00:00,spot_7,Spot 7,Occupied,2026-06-26T18:51:36.162981+00:00,1268,car,0.8229328393936157,3334,247.33377075195312,326.72955322265625,296.2917785644531,356.07232666015625
2026-06-26T18:55:05.766852+00:00,spot_8,Spot 8,Empty,2026-06-26T18:48:09.211581+00:00,,,,,,,,
2026-06-26T18:55:05.766852+00:00,spot_9,Spot 9,Occupied,2026-06-26T18:49:54.073967+00:00,1335,car,0.7670849561691284,531,157.44947814941406,316.1658935546875,235.9995574951172,351.3394775390625
2026-06-26T18:55:05.766852+00:00,spot_10,Spot 10,Occupied,2026-06-26T18:52:28.736257+00:00,1339,car,0.3581555187702179,312,147.82017517089844,320.20025634765625,178.1530303955078,345.10723876953125
2026-06-26T18:55:05.766852+00:00,spot_11,Spot 11,Occupied,2026-06-26T18:45:13.436978+00:00,1299,car,0.5258736610412598,2096,122.9565658569336,316.9086608886719,165.92404174804688,342.7583312988281
2026-06-26T18:55:05.766852+00:00,spot_12,Spot 12,Empty,2026-06-26T18:53:21.386017+00:00,,,,,,,,
2026-06-26T18:55:05.766852+00:00,spot_13,Spot 13,Occupied,2026-06-26T18:55:05.766852+00:00,1344,car,0.48676034808158875,0,70.09628295898438,313.7197265625,104.08074951171875,333.9718017578125
2026-06-26T18:55:05.766852+00:00,spot_14,Spot 14,Empty,2026-06-26T18:55:05.766852+00:00,,,,,,,,
2026-06-26T18:55:05.766852+00:00,spot_15,Spot 15,Empty,2026-06-26T18:35:04.931837+00:00,,,,,,,,
2026-06-26T18:55:05.766852+00:00,spot_16,Spot 16,Occupied,2026-06-26T18:39:05.175426+00:00,1276,car,0.765195369720459,3334,9.723442077636719,306.6879577636719,51.555885314941406,329.3499450683594
2026-06-26T18:55:05.766852+00:00,spot_17,Spot 17,Empty,2026-06-26T18:28:07.314306+00:00,,,,,,,,
2026-06-26T18:55:58.512429+00:00,spot_1,Spot 1,Occupied,2026-06-26T18:14:54.241818+00:00,1267,car,0.8461559414863586,3386,562.8002319335938,314.0250244140625,609.2671508789062,369.38726806640625
2026-06-26T18:55:58.512429+00:00,spot_2,Spot 2,Empty,2026-06-26T18:43:06.747932+00:00,,,,,,,,
2026-06-26T18:55:58.512429+00:00,spot_3,Spot 3,Empty,2026-06-26T17:59:06.661948+00:00,,,,,,,,
2026-06-26T18:55:58.512429+00:00,spot_4,Spot 4,Occupied,2026-06-26T18:21:10.531673+00:00,1301,car,0.8995344042778015,2086,387.68646240234375,320.7488708496094,443.64630126953125,361.0386657714844
2026-06-26T18:55:58.512429+00:00,spot_5,Spot 5,Occupied,2026-06-26T18:55:58.512429+00:00,1322,car,0.7449339032173157,1250,331.60040283203125,318.99957275390625,389.43499755859375,360.58990478515625
2026-06-26T18:55:58.512429+00:00,spot_6,Spot 6,Occupied,2026-06-26T18:52:28.736257+00:00,1341,truck,0.6871368885040283,311,277.49822998046875,321.5231628417969,336.57647705078125,361.9579772949219
2026-06-26T18:55:58.512429+00:00,spot_7,Spot 7,Empty,2026-06-26T18:55:58.512429+00:00,,,,,,,,
2026-06-26T18:55:58.512429+00:00,spot_8,Spot 8,Occupied,2026-06-26T18:55:58.512429+00:00,1346,car,0.8889192938804626,0,165.1938018798828,359.023681640625,244.2897491455078,404.62396240234375
2026-06-26T18:55:58.512429+00:00,spot_9,Spot 9,Occupied,2026-06-26T18:49:54.073967+00:00,1335,car,0.7614158391952515,583,158.664794921875,316.76666259765625,235.9654541015625,352.0850830078125
2026-06-26T18:55:58.512429+00:00,spot_10,Spot 10,Occupied,2026-06-26T18:52:28.736257+00:00,1339,car,0.4671321213245392,364,148.99240112304688,320.1007080078125,176.54934692382812,345.176025390625
2026-06-26T18:55:58.512429+00:00,spot_11,Spot 11,Occupied,2026-06-26T18:45:13.436978+00:00,1299,car,0.6756559610366821,2149,123.75667572021484,316.81744384765625,165.00088500976562,342.90447998046875
2026-06-26T18:55:58.512429+00:00,spot_12,Spot 12,Empty,2026-06-26T18:53:21.386017+00:00,,,,,,,,
2026-06-26T18:55:58.512429+00:00,spot_13,Spot 13,Occupied,2026-06-26T18:55:05.766852+00:00,1344,car,0.47049856185913086,52,69.69364929199219,314.0539245605469,109.40315246582031,333.8406066894531
2026-06-26T18:55:58.512429+00:00,spot_14,Spot 14,Empty,2026-06-26T18:55:05.766852+00:00,,,,,,,,
2026-06-26T18:55:58.512429+00:00,spot_15,Spot 15,Empty,2026-06-26T18:35:04.931837+00:00,,,,,,,,
2026-06-26T18:55:58.512429+00:00,spot_16,Spot 16,Occupied,2026-06-26T18:39:05.175426+00:00,1276,car,0.76741623878479,3386,10.49200439453125,307.934814453125,51.84380340576172,329.7105712890625
2026-06-26T18:55:58.512429+00:00,spot_17,Spot 17,Empty,2026-06-26T18:28:07.314306+00:00,,,,,,,,
2026-06-26T18:56:50.849962+00:00,spot_1,Spot 1,Occupied,2026-06-26T18:14:54.241818+00:00,1267,car,0.8166248202323914,3438,563.27099609375,312.59979248046875,608.8505859375,370.43109130859375
2026-06-26T18:56:50.849962+00:00,spot_2,Spot 2,Empty,2026-06-26T18:43:06.747932+00:00,,,,,,,,
2026-06-26T18:56:50.849962+00:00,spot_3,Spot 3,Empty,2026-06-26T17:59:06.661948+00:00,,,,,,,,
2026-06-26T18:56:50.849962+00:00,spot_4,Spot 4,Occupied,2026-06-26T18:21:10.531673+00:00,1301,car,0.881138801574707,2138,387.97601318359375,320.4552001953125,443.54498291015625,361.2349853515625
2026-06-26T18:56:50.849962+00:00,spot_5,Spot 5,Occupied,2026-06-26T18:55:58.512429+00:00,1322,car,0.48070862889289856,1302,333.52239990234375,318.952880859375,389.38519287109375,361.1568603515625
2026-06-26T18:56:50.849962+00:00,spot_6,Spot 6,Occupied,2026-06-26T18:52:28.736257+00:00,1341,truck,0.5356466770172119,363,277.5413818359375,322.4200439453125,337.4366455078125,362.3282470703125
2026-06-26T18:56:50.849962+00:00,spot_7,Spot 7,Empty,2026-06-26T18:55:58.512429+00:00,,,,,,,,
2026-06-26T18:56:50.849962+00:00,spot_8,Spot 8,Empty,2026-06-26T18:56:50.849962+00:00,,,,,,,,
2026-06-26T18:56:50.849962+00:00,spot_9,Spot 9,Occupied,2026-06-26T18:49:54.073967+00:00,1335,car,0.8664954304695129,635,158.74313354492188,317.0462646484375,235.52865600585938,351.1014404296875
2026-06-26T18:56:50.849962+00:00,spot_10,Spot 10,Empty,2026-06-26T18:56:50.849962+00:00,,,,,,,,
2026-06-26T18:56:50.849962+00:00,spot_11,Spot 11,Occupied,2026-06-26T18:45:13.436978+00:00,1299,car,0.6632946133613586,2201,123.2725830078125,316.739013671875,165.69589233398438,343.05224609375
2026-06-26T18:56:50.849962+00:00,spot_12,Spot 12,Empty,2026-06-26T18:53:21.386017+00:00,,,,,,,,
2026-06-26T18:56:50.849962+00:00,spot_13,Spot 13,Empty,2026-06-26T18:56:50.849962+00:00,,,,,,,,
2026-06-26T18:56:50.849962+00:00,spot_14,Spot 14,Occupied,2026-06-26T18:56:50.849962+00:00,1336,car,0.4555772542953491,635,51.727996826171875,311.2652282714844,79.97607421875,331.8097229003906
2026-06-26T18:56:50.849962+00:00,spot_15,Spot 15,Empty,2026-06-26T18:35:04.931837+00:00,,,,,,,,
2026-06-26T18:56:50.849962+00:00,spot_16,Spot 16,Occupied,2026-06-26T18:39:05.175426+00:00,1276,car,0.7237339019775391,3438,8.59881591796875,308.1309814453125,51.4537467956543,329.52471923828125
2026-06-26T18:56:50.849962+00:00,spot_17,Spot 17,Empty,2026-06-26T18:28:07.314306+00:00,,,,,,,,
2026-06-26T18:57:42.395675+00:00,spot_1,Spot 1,Occupied,2026-06-26T18:14:54.241818+00:00,1267,car,0.8364489078521729,3490,562.6512451171875,312.72772216796875,609.2825927734375,369.01422119140625
2026-06-26T18:57:42.395675+00:00,spot_2,Spot 2,Empty,2026-06-26T18:43:06.747932+00:00,,,,,,,,
2026-06-26T18:57:42.395675+00:00,spot_3,Spot 3,Empty,2026-06-26T17:59:06.661948+00:00,,,,,,,,
2026-06-26T18:57:42.395675+00:00,spot_4,Spot 4,Occupied,2026-06-26T18:21:10.531673+00:00,1301,car,0.8786922097206116,2190,388.3998718261719,320.74945068359375,445.3438415527344,361.26470947265625
2026-06-26T18:57:42.395675+00:00,spot_5,Spot 5,Occupied,2026-06-26T18:55:58.512429+00:00,1322,car,0.6747141480445862,1354,333.9154968261719,319.3466796875,390.4006652832031,360.25439453125
2026-06-26T18:57:42.395675+00:00,spot_6,Spot 6,Occupied,2026-06-26T18:52:28.736257+00:00,1341,truck,0.6838975548744202,415,277.27105712890625,321.0533447265625,336.72760009765625,361.7244873046875
2026-06-26T18:57:42.395675+00:00,spot_7,Spot 7,Empty,2026-06-26T18:55:58.512429+00:00,,,,,,,,
2026-06-26T18:57:42.395675+00:00,spot_8,Spot 8,Empty,2026-06-26T18:56:50.849962+00:00,,,,,,,,
2026-06-26T18:57:42.395675+00:00,spot_9,Spot 9,Occupied,2026-06-26T18:49:54.073967+00:00,1335,car,0.781025767326355,687,158.53369140625,316.9781188964844,235.921142578125,351.2224426269531
2026-06-26T18:57:42.395675+00:00,spot_10,Spot 10,Empty,2026-06-26T18:56:50.849962+00:00,,,,,,,,
2026-06-26T18:57:42.395675+00:00,spot_11,Spot 11,Occupied,2026-06-26T18:45:13.436978+00:00,1299,car,0.7195870876312256,2253,123.8563232421875,317.067626953125,165.6844482421875,343.6048583984375
2026-06-26T18:57:42.395675+00:00,spot_12,Spot 12,Empty,2026-06-26T18:53:21.386017+00:00,,,,,,,,
2026-06-26T18:57:42.395675+00:00,spot_13,Spot 13,Occupied,2026-06-26T18:57:42.395675+00:00,1344,car,0.5104653239250183,156,70.45442199707031,314.0792541503906,102.72114562988281,334.0295715332031
2026-06-26T18:57:42.395675+00:00,spot_14,Spot 14,Empty,2026-06-26T18:57:42.395675+00:00,,,,,,,,
2026-06-26T18:57:42.395675+00:00,spot_15,Spot 15,Empty,2026-06-26T18:35:04.931837+00:00,,,,,,,,
2026-06-26T18:57:42.395675+00:00,spot_16,Spot 16,Occupied,2026-06-26T18:39:05.175426+00:00,1276,car,0.7956568598747253,3490,10.755971908569336,307.96124267578125,54.70435333251953,329.43048095703125
2026-06-26T18:57:42.395675+00:00,spot_17,Spot 17,Empty,2026-06-26T18:28:07.314306+00:00,,,,,,,,
2026-06-26T18:58:32.487442+00:00,spot_1,Spot 1,Occupied,2026-06-26T18:58:32.487442+00:00,1347,truck,0.5261449813842773,0,562.9807739257812,313.08404541015625,609.2855834960938,368.85272216796875
2026-06-26T18:58:32.487442+00:00,spot_2,Spot 2,Empty,2026-06-26T18:43:06.747932+00:00,,,,,,,,
2026-06-26T18:58:32.487442+00:00,spot_3,Spot 3,Empty,2026-06-26T17:59:06.661948+00:00,,,,,,,,
2026-06-26T18:58:32.487442+00:00,spot_4,Spot 4,Occupied,2026-06-26T18:21:10.531673+00:00,1301,car,0.9094918370246887,2242,389.0123291015625,320.82147216796875,443.6160888671875,361.53607177734375
2026-06-26T18:58:32.487442+00:00,spot_5,Spot 5,Empty,2026-06-26T18:58:32.487442+00:00,,,,,,,,
2026-06-26T18:58:32.487442+00:00,spot_6,Spot 6,Occupied,2026-06-26T18:52:28.736257+00:00,1341,truck,0.41405242681503296,467,277.27978515625,320.8130798339844,349.484619140625,361.2804260253906
2026-06-26T18:58:32.487442+00:00,spot_7,Spot 7,Empty,2026-06-26T18:55:58.512429+00:00,,,,,,,,
2026-06-26T18:58:32.487442+00:00,spot_8,Spot 8,Empty,2026-06-26T18:56:50.849962+00:00,,,,,,,,
2026-06-26T18:58:32.487442+00:00,spot_9,Spot 9,Occupied,2026-06-26T18:49:54.073967+00:00,1335,car,0.6765785813331604,739,151.77188110351562,316.61376953125,235.28195190429688,352.0438232421875
2026-06-26T18:58:32.487442+00:00,spot_10,Spot 10,Empty,2026-06-26T18:56:50.849962+00:00,,,,,,,,
2026-06-26T18:58:32.487442+00:00,spot_11,Spot 11,Occupied,2026-06-26T18:45:13.436978+00:00,1299,car,0.6767688393592834,2304,122.86605072021484,316.91046142578125,162.06228637695312,343.03387451171875
2026-06-26T18:58:32.487442+00:00,spot_12,Spot 12,Empty,2026-06-26T18:53:21.386017+00:00,,,,,,,,
2026-06-26T18:58:32.487442+00:00,spot_13,Spot 13,Occupied,2026-06-26T18:57:42.395675+00:00,1344,car,0.35249993205070496,207,72.89106750488281,313.59521484375,104.92158508300781,333.54345703125
2026-06-26T18:58:32.487442+00:00,spot_14,Spot 14,Empty,2026-06-26T18:57:42.395675+00:00,,,,,,,,
2026-06-26T18:58:32.487442+00:00,spot_15,Spot 15,Empty,2026-06-26T18:35:04.931837+00:00,,,,,,,,
2026-06-26T18:58:32.487442+00:00,spot_16,Spot 16,Occupied,2026-06-26T18:39:05.175426+00:00,1276,car,0.7330927848815918,3542,7.768390655517578,307.8568115234375,50.770240783691406,329.4091796875
2026-06-26T18:58:32.487442+00:00,spot_17,Spot 17,Empty,2026-06-26T18:28:07.314306+00:00,,,,,,,,
2026-06-26T18:59:25.861276+00:00,spot_1,Spot 1,Occupied,2026-06-26T18:58:32.487442+00:00,1347,truck,0.5261449813842773,51,562.9807739257812,313.08404541015625,609.2855834960938,368.85272216796875
2026-06-26T18:59:25.861276+00:00,spot_2,Spot 2,Empty,2026-06-26T18:43:06.747932+00:00,,,,,,,,
2026-06-26T18:59:25.861276+00:00,spot_3,Spot 3,Empty,2026-06-26T17:59:06.661948+00:00,,,,,,,,
2026-06-26T18:59:25.861276+00:00,spot_4,Spot 4,Occupied,2026-06-26T18:21:10.531673+00:00,1301,car,0.9094918370246887,2293,389.0123291015625,320.82147216796875,443.6160888671875,361.53607177734375
2026-06-26T18:59:25.861276+00:00,spot_5,Spot 5,Empty,2026-06-26T18:58:32.487442+00:00,,,,,,,,
2026-06-26T18:59:25.861276+00:00,spot_6,Spot 6,Occupied,2026-06-26T18:52:28.736257+00:00,1341,truck,0.41405242681503296,518,277.27978515625,320.8130798339844,349.484619140625,361.2804260253906
2026-06-26T18:59:25.861276+00:00,spot_7,Spot 7,Empty,2026-06-26T18:55:58.512429+00:00,,,,,,,,
2026-06-26T18:59:25.861276+00:00,spot_8,Spot 8,Empty,2026-06-26T18:56:50.849962+00:00,,,,,,,,
2026-06-26T18:59:25.861276+00:00,spot_9,Spot 9,Occupied,2026-06-26T18:49:54.073967+00:00,1335,car,0.6765785813331604,790,151.77188110351562,316.61376953125,235.28195190429688,352.0438232421875
2026-06-26T18:59:25.861276+00:00,spot_10,Spot 10,Empty,2026-06-26T18:56:50.849962+00:00,,,,,,,,
2026-06-26T18:59:25.861276+00:00,spot_11,Spot 11,Occupied,2026-06-26T18:45:13.436978+00:00,1299,car,0.6767688393592834,2356,122.86605072021484,316.91046142578125,162.06228637695312,343.03387451171875
2026-06-26T18:59:25.861276+00:00,spot_12,Spot 12,Empty,2026-06-26T18:53:21.386017+00:00,,,,,,,,
2026-06-26T18:59:25.861276+00:00,spot_13,Spot 13,Occupied,2026-06-26T18:57:42.395675+00:00,1344,car,0.35249993205070496,259,72.89106750488281,313.59521484375,104.92158508300781,333.54345703125
2026-06-26T18:59:25.861276+00:00,spot_14,Spot 14,Empty,2026-06-26T18:57:42.395675+00:00,,,,,,,,
2026-06-26T18:59:25.861276+00:00,spot_15,Spot 15,Empty,2026-06-26T18:35:04.931837+00:00,,,,,,,,
2026-06-26T18:59:25.861276+00:00,spot_16,Spot 16,Occupied,2026-06-26T18:39:05.175426+00:00,1276,car,0.7330927848815918,3593,7.768390655517578,307.8568115234375,50.770240783691406,329.4091796875
2026-06-26T18:59:25.861276+00:00,spot_17,Spot 17,Empty,2026-06-26T18:28:07.314306+00:00,,,,,,,,
2026-06-26T19:00:20.066200+00:00,spot_1,Spot 1,Occupied,2026-06-26T19:00:20.066200+00:00,1267,car,0.8869510889053345,3648,563.3343505859375,312.7477722167969,608.984619140625,368.9846496582031
2026-06-26T19:00:20.066200+00:00,spot_2,Spot 2,Empty,2026-06-26T18:43:06.747932+00:00,,,,,,,,
2026-06-26T19:00:20.066200+00:00,spot_3,Spot 3,Empty,2026-06-26T17:59:06.661948+00:00,,,,,,,,
2026-06-26T19:00:20.066200+00:00,spot_4,Spot 4,Occupied,2026-06-26T18:21:10.531673+00:00,1301,car,0.8868845105171204,2348,388.8091735839844,321.06048583984375,443.2729187011719,361.67877197265625
2026-06-26T19:00:20.066200+00:00,spot_5,Spot 5,Empty,2026-06-26T18:58:32.487442+00:00,,,,,,,,
2026-06-26T19:00:20.066200+00:00,spot_6,Spot 6,Occupied,2026-06-26T19:00:20.066200+00:00,1348,car,0.646120548248291,106,277.51446533203125,320.78143310546875,349.39337158203125,362.77496337890625
2026-06-26T19:00:20.066200+00:00,spot_7,Spot 7,Empty,2026-06-26T18:55:58.512429+00:00,,,,,,,,
2026-06-26T19:00:20.066200+00:00,spot_8,Spot 8,Empty,2026-06-26T18:56:50.849962+00:00,,,,,,,,
2026-06-26T19:00:20.066200+00:00,spot_9,Spot 9,Occupied,2026-06-26T18:49:54.073967+00:00,1335,car,0.7830948233604431,845,153.36056518554688,316.03369140625,235.31170654296875,351.82000732421875
2026-06-26T19:00:20.066200+00:00,spot_10,Spot 10,Empty,2026-06-26T18:56:50.849962+00:00,,,,,,,,
2026-06-26T19:00:20.066200+00:00,spot_11,Spot 11,Occupied,2026-06-26T18:45:13.436978+00:00,1299,car,0.7163281440734863,2410,120.95046997070312,316.72967529296875,161.9873046875,342.10638427734375
2026-06-26T19:00:20.066200+00:00,spot_12,Spot 12,Empty,2026-06-26T18:53:21.386017+00:00,,,,,,,,
2026-06-26T19:00:20.066200+00:00,spot_13,Spot 13,Occupied,2026-06-26T18:57:42.395675+00:00,1344,car,0.42146649956703186,314,71.11444854736328,312.80401611328125,106.94988250732422,333.61260986328125
2026-06-26T19:00:20.066200+00:00,spot_14,Spot 14,Occupied,2026-06-26T19:00:20.066200+00:00,1349,car,0.42053312063217163,0,52.5429801940918,310.26861572265625,81.22157287597656,331.55401611328125
2026-06-26T19:00:20.066200+00:00,spot_15,Spot 15,Empty,2026-06-26T18:35:04.931837+00:00,,,,,,,,
2026-06-26T19:00:20.066200+00:00,spot_16,Spot 16,Occupied,2026-06-26T18:39:05.175426+00:00,1276,car,0.6692147254943848,3648,9.72774887084961,307.12921142578125,50.37946701049805,329.49346923828125
2026-06-26T19:00:20.066200+00:00,spot_17,Spot 17,Empty,2026-06-26T18:28:07.314306+00:00,,,,,,,,
2026-06-26T19:01:25.100195+00:00,spot_1,Spot 1,Occupied,2026-06-26T19:00:20.066200+00:00,1267,car,0.8909311890602112,3714,563.00341796875,313.07098388671875,607.8773193359375,370.25830078125
2026-06-26T19:01:25.100195+00:00,spot_2,Spot 2,Empty,2026-06-26T18:43:06.747932+00:00,,,,,,,,
2026-06-26T19:01:25.100195+00:00,spot_3,Spot 3,Empty,2026-06-26T17:59:06.661948+00:00,,,,,,,,
2026-06-26T19:01:25.100195+00:00,spot_4,Spot 4,Occupied,2026-06-26T18:21:10.531673+00:00,1301,car,0.904089093208313,2414,388.4383239746094,320.124267578125,443.8598327636719,360.9290771484375
2026-06-26T19:01:25.100195+00:00,spot_5,Spot 5,Empty,2026-06-26T18:58:32.487442+00:00,,,,,,,,
2026-06-26T19:01:25.100195+00:00,spot_6,Spot 6,Occupied,2026-06-26T19:00:20.066200+00:00,1348,car,0.667426347732544,172,277.45147705078125,320.5914306640625,349.36175537109375,362.3897705078125
2026-06-26T19:01:25.100195+00:00,spot_7,Spot 7,Empty,2026-06-26T18:55:58.512429+00:00,,,,,,,,
2026-06-26T19:01:25.100195+00:00,spot_8,Spot 8,Empty,2026-06-26T18:56:50.849962+00:00,,,,,,,,
2026-06-26T19:01:25.100195+00:00,spot_9,Spot 9,Occupied,2026-06-26T18:49:54.073967+00:00,1335,car,0.7733107805252075,911,150.7991485595703,316.50653076171875,235.47740173339844,351.474853515625
2026-06-26T19:01:25.100195+00:00,spot_10,Spot 10,Empty,2026-06-26T18:56:50.849962+00:00,,,,,,,,
2026-06-26T19:01:25.100195+00:00,spot_11,Spot 11,Occupied,2026-06-26T18:45:13.436978+00:00,1299,car,0.6591060757637024,2476,123.32846069335938,316.4660949707031,161.06097412109375,343.2350769042969
2026-06-26T19:01:25.100195+00:00,spot_12,Spot 12,Empty,2026-06-26T18:53:21.386017+00:00,,,,,,,,
2026-06-26T19:01:25.100195+00:00,spot_13,Spot 13,Empty,2026-06-26T19:01:25.100195+00:00,,,,,,,,
2026-06-26T19:01:25.100195+00:00,spot_14,Spot 14,Empty,2026-06-26T19:01:25.100195+00:00,,,,,,,,
2026-06-26T19:01:25.100195+00:00,spot_15,Spot 15,Empty,2026-06-26T18:35:04.931837+00:00,,,,,,,,
2026-06-26T19:01:25.100195+00:00,spot_16,Spot 16,Occupied,2026-06-26T18:39:05.175426+00:00,1276,car,0.6311874985694885,3714,5.751461029052734,307.34759521484375,54.29524612426758,329.07196044921875
2026-06-26T19:01:25.100195+00:00,spot_17,Spot 17,Empty,2026-06-26T18:28:07.314306+00:00,,,,,,,,
2026-06-26T19:02:28.599138+00:00,spot_1,Spot 1,Occupied,2026-06-26T19:00:20.066200+00:00,1267,car,0.8429548740386963,3777,563.3035888671875,313.27874755859375,608.1134033203125,370.04632568359375
2026-06-26T19:02:28.599138+00:00,spot_2,Spot 2,Empty,2026-06-26T18:43:06.747932+00:00,,,,,,,,
2026-06-26T19:02:28.599138+00:00,spot_3,Spot 3,Empty,2026-06-26T17:59:06.661948+00:00,,,,,,,,
2026-06-26T19:02:28.599138+00:00,spot_4,Spot 4,Occupied,2026-06-26T18:21:10.531673+00:00,1301,car,0.9023499488830566,2477,388.3883972167969,319.664306640625,443.8850402832031,361.1680908203125
2026-06-26T19:02:28.599138+00:00,spot_5,Spot 5,Empty,2026-06-26T18:58:32.487442+00:00,,,,,,,,
2026-06-26T19:02:28.599138+00:00,spot_6,Spot 6,Occupied,2026-06-26T19:00:20.066200+00:00,1348,car,0.5987758040428162,235,276.9068603515625,320.37384033203125,350.0521240234375,362.647705078125
2026-06-26T19:02:28.599138+00:00,spot_7,Spot 7,Empty,2026-06-26T18:55:58.512429+00:00,,,,,,,,
2026-06-26T19:02:28.599138+00:00,spot_8,Spot 8,Empty,2026-06-26T18:56:50.849962+00:00,,,,,,,,
2026-06-26T19:02:28.599138+00:00,spot_9,Spot 9,Occupied,2026-06-26T19:02:28.599138+00:00,1350,truck,0.44453394412994385,0,158.41024780273438,315.8894958496094,234.919921875,350.7276916503906
2026-06-26T19:02:28.599138+00:00,spot_10,Spot 10,Empty,2026-06-26T18:56:50.849962+00:00,,,,,,,,
2026-06-26T19:02:28.599138+00:00,spot_11,Spot 11,Occupied,2026-06-26T18:45:13.436978+00:00,1299,car,0.6619250178337097,2540,122.78446960449219,316.0697021484375,162.23756408691406,342.4376220703125
2026-06-26T19:02:28.599138+00:00,spot_12,Spot 12,Empty,2026-06-26T18:53:21.386017+00:00,,,,,,,,
2026-06-26T19:02:28.599138+00:00,spot_13,Spot 13,Empty,2026-06-26T19:01:25.100195+00:00,,,,,,,,
2026-06-26T19:02:28.599138+00:00,spot_14,Spot 14,Occupied,2026-06-26T19:02:28.599138+00:00,1349,car,0.42867475748062134,129,53.05288314819336,311.13427734375,99.48635864257812,332.3758544921875
2026-06-26T19:02:28.599138+00:00,spot_15,Spot 15,Empty,2026-06-26T18:35:04.931837+00:00,,,,,,,,
2026-06-26T19:02:28.599138+00:00,spot_16,Spot 16,Occupied,2026-06-26T18:39:05.175426+00:00,1276,car,0.7533075213432312,3777,8.934844970703125,307.043701171875,50.61936950683594,329.0086669921875
2026-06-26T19:02:28.599138+00:00,spot_17,Spot 17,Empty,2026-06-26T18:28:07.314306+00:00,,,,,,,,
2026-06-26T19:03:25.906669+00:00,spot_1,Spot 1,Occupied,2026-06-26T19:00:20.066200+00:00,1267,car,0.88414067029953,3833,563.1611328125,313.20709228515625,608.436279296875,370.41375732421875
2026-06-26T19:03:25.906669+00:00,spot_2,Spot 2,Empty,2026-06-26T18:43:06.747932+00:00,,,,,,,,
2026-06-26T19:03:25.906669+00:00,spot_3,Spot 3,Empty,2026-06-26T17:59:06.661948+00:00,,,,,,,,
2026-06-26T19:03:25.906669+00:00,spot_4,Spot 4,Occupied,2026-06-26T18:21:10.531673+00:00,1301,car,0.8990690112113953,2533,388.56304931640625,320.4338073730469,443.66412353515625,362.3825378417969
2026-06-26T19:03:25.906669+00:00,spot_5,Spot 5,Empty,2026-06-26T18:58:32.487442+00:00,,,,,,,,
2026-06-26T19:03:25.906669+00:00,spot_6,Spot 6,Occupied,2026-06-26T19:00:20.066200+00:00,1348,car,0.4226214587688446,291,277.303955078125,321.01202392578125,350.558837890625,362.2548828125
2026-06-26T19:03:25.906669+00:00,spot_7,Spot 7,Empty,2026-06-26T18:55:58.512429+00:00,,,,,,,,
2026-06-26T19:03:25.906669+00:00,spot_8,Spot 8,Empty,2026-06-26T18:56:50.849962+00:00,,,,,,,,
2026-06-26T19:03:25.906669+00:00,spot_9,Spot 9,Occupied,2026-06-26T19:02:28.599138+00:00,1350,truck,0.3519050180912018,55,168.53305053710938,316.6141662597656,235.47555541992188,351.1492614746094
2026-06-26T19:03:25.906669+00:00,spot_10,Spot 10,Occupied,2026-06-26T19:03:25.906669+00:00,1353,car,0.41107624769210815,0,148.57901000976562,320.15521240234375,176.92330932617188,344.98150634765625
2026-06-26T19:03:25.906669+00:00,spot_11,Spot 11,Occupied,2026-06-26T18:45:13.436978+00:00,1299,car,0.683417797088623,2596,122.95802307128906,316.4293212890625,160.68324279785156,342.58831787109375
2026-06-26T19:03:25.906669+00:00,spot_12,Spot 12,Empty,2026-06-26T18:53:21.386017+00:00,,,,,,,,
2026-06-26T19:03:25.906669+00:00,spot_13,Spot 13,Occupied,2026-06-26T19:03:25.906669+00:00,1349,car,0.3865843415260315,185,63.716041564941406,311.7677307128906,109.77916717529297,332.5214538574219
2026-06-26T19:03:25.906669+00:00,spot_14,Spot 14,Empty,2026-06-26T19:03:25.906669+00:00,,,,,,,,
2026-06-26T19:03:25.906669+00:00,spot_15,Spot 15,Occupied,2026-06-26T19:03:25.906669+00:00,1351,car,0.6103554964065552,0,50.55610656738281,310.69537353515625,74.87652587890625,330.05096435546875
2026-06-26T19:03:25.906669+00:00,spot_16,Spot 16,Occupied,2026-06-26T18:39:05.175426+00:00,1276,car,0.7417598366737366,3833,8.788257598876953,307.1414794921875,50.689910888671875,328.95526123046875
2026-06-26T19:03:25.906669+00:00,spot_17,Spot 17,Empty,2026-06-26T18:28:07.314306+00:00,,,,,,,,
2026-06-26T19:04:19.816717+00:00,spot_1,Spot 1,Occupied,2026-06-26T19:00:20.066200+00:00,1267,car,0.8837000727653503,3887,563.01416015625,313.20867919921875,607.914794921875,370.35443115234375
2026-06-26T19:04:19.816717+00:00,spot_2,Spot 2,Empty,2026-06-26T18:43:06.747932+00:00,,,,,,,,
2026-06-26T19:04:19.816717+00:00,spot_3,Spot 3,Empty,2026-06-26T17:59:06.661948+00:00,,,,,,,,
2026-06-26T19:04:19.816717+00:00,spot_4,Spot 4,Occupied,2026-06-26T18:21:10.531673+00:00,1301,car,0.918308436870575,2587,388.5665283203125,320.0252685546875,443.5513916015625,360.9822998046875
2026-06-26T19:04:19.816717+00:00,spot_5,Spot 5,Empty,2026-06-26T18:58:32.487442+00:00,,,,,,,,
2026-06-26T19:04:19.816717+00:00,spot_6,Spot 6,Occupied,2026-06-26T19:00:20.066200+00:00,1348,car,0.7938702702522278,345,277.1491394042969,321.7674560546875,352.5612487792969,362.277099609375
2026-06-26T19:04:19.816717+00:00,spot_7,Spot 7,Empty,2026-06-26T18:55:58.512429+00:00,,,,,,,,
2026-06-26T19:04:19.816717+00:00,spot_8,Spot 8,Empty,2026-06-26T18:56:50.849962+00:00,,,,,,,,
2026-06-26T19:04:19.816717+00:00,spot_9,Spot 9,Occupied,2026-06-26T19:04:19.816717+00:00,1335,car,0.46168816089630127,1084,153.02102661132812,316.48944091796875,235.34317016601562,351.3223876953125
2026-06-26T19:04:19.816717+00:00,spot_10,Spot 10,Empty,2026-06-26T19:04:19.816717+00:00,,,,,,,,
2026-06-26T19:04:19.816717+00:00,spot_11,Spot 11,Occupied,2026-06-26T18:45:13.436978+00:00,1299,car,0.6295947432518005,2650,123.43949127197266,316.26318359375,163.36288452148438,342.519287109375
2026-06-26T19:04:19.816717+00:00,spot_12,Spot 12,Empty,2026-06-26T18:53:21.386017+00:00,,,,,,,,
2026-06-26T19:04:19.816717+00:00,spot_13,Spot 13,Occupied,2026-06-26T19:03:25.906669+00:00,1349,car,0.5615828037261963,239,61.55315017700195,313.02191162109375,107.30970764160156,333.64923095703125
2026-06-26T19:04:19.816717+00:00,spot_14,Spot 14,Occupied,2026-06-26T19:04:19.816717+00:00,1351,car,0.352550208568573,53,52.616432189941406,311.10040283203125,77.93755340576172,331.329345703125
2026-06-26T19:04:19.816717+00:00,spot_15,Spot 15,Empty,2026-06-26T19:04:19.816717+00:00,,,,,,,,
2026-06-26T19:04:19.816717+00:00,spot_16,Spot 16,Occupied,2026-06-26T18:39:05.175426+00:00,1276,car,0.6454505920410156,3887,9.672527313232422,307.166748046875,51.433650970458984,329.17877197265625
2026-06-26T19:04:19.816717+00:00,spot_17,Spot 17,Empty,2026-06-26T18:28:07.314306+00:00,,,,,,,,
2026-06-26T19:05:12.321983+00:00,spot_1,Spot 1,Occupied,2026-06-26T19:00:20.066200+00:00,1267,car,0.8664553165435791,3940,563.1881103515625,313.51123046875,608.7821044921875,370.8876953125
2026-06-26T19:05:12.321983+00:00,spot_2,Spot 2,Empty,2026-06-26T18:43:06.747932+00:00,,,,,,,,
2026-06-26T19:05:12.321983+00:00,spot_3,Spot 3,Empty,2026-06-26T17:59:06.661948+00:00,,,,,,,,
2026-06-26T19:05:12.321983+00:00,spot_4,Spot 4,Occupied,2026-06-26T18:21:10.531673+00:00,1301,car,0.9166855812072754,2640,388.593994140625,320.6343688964844,443.4295654296875,361.8498229980469
2026-06-26T19:05:12.321983+00:00,spot_5,Spot 5,Empty,2026-06-26T18:58:32.487442+00:00,,,,,,,,
2026-06-26T19:05:12.321983+00:00,spot_6,Spot 6,Occupied,2026-06-26T19:00:20.066200+00:00,1348,car,0.6380800008773804,398,277.0278015136719,320.94207763671875,349.2187194824219,361.84246826171875
2026-06-26T19:05:12.321983+00:00,spot_7,Spot 7,Empty,2026-06-26T18:55:58.512429+00:00,,,,,,,,
2026-06-26T19:05:12.321983+00:00,spot_8,Spot 8,Empty,2026-06-26T18:56:50.849962+00:00,,,,,,,,
2026-06-26T19:05:12.321983+00:00,spot_9,Spot 9,Occupied,2026-06-26T19:04:19.816717+00:00,1335,car,0.8465067148208618,1137,156.6435546875,316.1165771484375,235.23187255859375,351.034423828125
2026-06-26T19:05:12.321983+00:00,spot_10,Spot 10,Occupied,2026-06-26T19:05:12.321983+00:00,1353,car,0.49783703684806824,106,149.03323364257812,319.49700927734375,177.21286010742188,344.34356689453125
2026-06-26T19:05:12.321983+00:00,spot_11,Spot 11,Occupied,2026-06-26T18:45:13.436978+00:00,1299,car,0.722759485244751,2702,122.79046630859375,316.04412841796875,160.885498046875,342.42840576171875
2026-06-26T19:05:12.321983+00:00,spot_12,Spot 12,Occupied,2026-06-26T19:05:12.321983+00:00,1354,car,0.37404170632362366,0,94.73805236816406,312.8956298828125,138.41371154785156,338.5068359375
2026-06-26T19:05:12.321983+00:00,spot_13,Spot 13,Empty,2026-06-26T19:05:12.321983+00:00,,,,,,,,
2026-06-26T19:05:12.321983+00:00,spot_14,Spot 14,Occupied,2026-06-26T19:04:19.816717+00:00,1351,car,0.4652930200099945,106,53.49555206298828,310.037841796875,80.90654754638672,331.353271484375
2026-06-26T19:05:12.321983+00:00,spot_15,Spot 15,Empty,2026-06-26T19:04:19.816717+00:00,,,,,,,,
2026-06-26T19:05:12.321983+00:00,spot_16,Spot 16,Occupied,2026-06-26T18:39:05.175426+00:00,1276,car,0.692358672618866,3940,8.570674896240234,307.2003479003906,51.387569427490234,329.2363586425781
2026-06-26T19:05:12.321983+00:00,spot_17,Spot 17,Empty,2026-06-26T18:28:07.314306+00:00,,,,,,,,
2026-06-26T19:06:04.856100+00:00,spot_1,Spot 1,Occupied,2026-06-26T19:06:04.856100+00:00,1355,truck,0.47804123163223267,0,563.1824951171875,312.5935974121094,609.5435791015625,368.1878967285156
2026-06-26T19:06:04.856100+00:00,spot_2,Spot 2,Empty,2026-06-26T18:43:06.747932+00:00,,,,,,,,
2026-06-26T19:06:04.856100+00:00,spot_3,Spot 3,Empty,2026-06-26T17:59:06.661948+00:00,,,,,,,,
2026-06-26T19:06:04.856100+00:00,spot_4,Spot 4,Occupied,2026-06-26T18:21:10.531673+00:00,1301,car,0.9103977680206299,2693,388.72857666015625,320.6712951660156,443.97869873046875,360.9643859863281
2026-06-26T19:06:04.856100+00:00,spot_5,Spot 5,Empty,2026-06-26T18:58:32.487442+00:00,,,,,,,,
2026-06-26T19:06:04.856100+00:00,spot_6,Spot 6,Occupied,2026-06-26T19:00:20.066200+00:00,1348,car,0.5569020509719849,451,277.2901916503906,320.85064697265625,350.0014343261719,362.30224609375
2026-06-26T19:06:04.856100+00:00,spot_7,Spot 7,Empty,2026-06-26T18:55:58.512429+00:00,,,,,,,,
2026-06-26T19:06:04.856100+00:00,spot_8,Spot 8,Empty,2026-06-26T18:56:50.849962+00:00,,,,,,,,
2026-06-26T19:06:04.856100+00:00,spot_9,Spot 9,Occupied,2026-06-26T19:06:04.856100+00:00,1350,truck,0.5307082533836365,215,159.3216094970703,316.919677734375,235.75904846191406,351.294921875
2026-06-26T19:06:04.856100+00:00,spot_10,Spot 10,Occupied,2026-06-26T19:05:12.321983+00:00,1353,car,0.3849186599254608,159,148.6551513671875,319.69329833984375,179.33056640625,344.44732666015625
2026-06-26T19:06:04.856100+00:00,spot_11,Spot 11,Occupied,2026-06-26T18:45:13.436978+00:00,1299,car,0.5834887027740479,2755,122.03308868408203,316.12591552734375,163.96759033203125,342.21197509765625
2026-06-26T19:06:04.856100+00:00,spot_12,Spot 12,Empty,2026-06-26T19:06:04.856100+00:00,,,,,,,,
2026-06-26T19:06:04.856100+00:00,spot_13,Spot 13,Occupied,2026-06-26T19:06:04.856100+00:00,1349,car,0.4023036062717438,344,63.715476989746094,312.99456787109375,103.7291488647461,333.01629638671875
2026-06-26T19:06:04.856100+00:00,spot_14,Spot 14,Occupied,2026-06-26T19:04:19.816717+00:00,1351,car,0.4563986361026764,159,52.56025314331055,310.3264465332031,81.20729064941406,330.9337463378906
2026-06-26T19:06:04.856100+00:00,spot_15,Spot 15,Empty,2026-06-26T19:04:19.816717+00:00,,,,,,,,
2026-06-26T19:06:04.856100+00:00,spot_16,Spot 16,Occupied,2026-06-26T18:39:05.175426+00:00,1276,car,0.670673131942749,3993,9.313678741455078,307.208251953125,52.5982551574707,328.99468994140625
2026-06-26T19:06:04.856100+00:00,spot_17,Spot 17,Empty,2026-06-26T18:28:07.314306+00:00,,,,,,,,
2026-06-26T19:06:58.200264+00:00,spot_1,Spot 1,Occupied,2026-06-26T19:06:04.856100+00:00,1355,truck,0.47804123163223267,53,563.1824951171875,312.5935974121094,609.5435791015625,368.1878967285156
2026-06-26T19:06:58.200264+00:00,spot_2,Spot 2,Empty,2026-06-26T18:43:06.747932+00:00,,,,,,,,
2026-06-26T19:06:58.200264+00:00,spot_3,Spot 3,Empty,2026-06-26T17:59:06.661948+00:00,,,,,,,,
2026-06-26T19:06:58.200264+00:00,spot_4,Spot 4,Occupied,2026-06-26T18:21:10.531673+00:00,1301,car,0.9103977680206299,2747,388.72857666015625,320.6712951660156,443.97869873046875,360.9643859863281
2026-06-26T19:06:58.200264+00:00,spot_5,Spot 5,Empty,2026-06-26T18:58:32.487442+00:00,,,,,,,,
2026-06-26T19:06:58.200264+00:00,spot_6,Spot 6,Occupied,2026-06-26T19:00:20.066200+00:00,1348,car,0.5569020509719849,504,277.2901916503906,320.85064697265625,350.0014343261719,362.30224609375
2026-06-26T19:06:58.200264+00:00,spot_7,Spot 7,Empty,2026-06-26T18:55:58.512429+00:00,,,,,,,,
2026-06-26T19:06:58.200264+00:00,spot_8,Spot 8,Empty,2026-06-26T18:56:50.849962+00:00,,,,,,,,
2026-06-26T19:06:58.200264+00:00,spot_9,Spot 9,Occupied,2026-06-26T19:06:04.856100+00:00,1350,truck,0.5307082533836365,269,159.3216094970703,316.919677734375,235.75904846191406,351.294921875
2026-06-26T19:06:58.200264+00:00,spot_10,Spot 10,Occupied,2026-06-26T19:05:12.321983+00:00,1353,car,0.3849186599254608,213,148.6551513671875,319.69329833984375,179.33056640625,344.44732666015625
2026-06-26T19:06:58.200264+00:00,spot_11,Spot 11,Occupied,2026-06-26T18:45:13.436978+00:00,1299,car,0.5834887027740479,2809,122.03308868408203,316.12591552734375,163.96759033203125,342.21197509765625
2026-06-26T19:06:58.200264+00:00,spot_12,Spot 12,Empty,2026-06-26T19:06:04.856100+00:00,,,,,,,,
2026-06-26T19:06:58.200264+00:00,spot_13,Spot 13,Occupied,2026-06-26T19:06:04.856100+00:00,1349,car,0.4023036062717438,398,63.715476989746094,312.99456787109375,103.7291488647461,333.01629638671875
2026-06-26T19:06:58.200264+00:00,spot_14,Spot 14,Occupied,2026-06-26T19:04:19.816717+00:00,1351,car,0.4563986361026764,213,52.56025314331055,310.3264465332031,81.20729064941406,330.9337463378906
2026-06-26T19:06:58.200264+00:00,spot_15,Spot 15,Empty,2026-06-26T19:04:19.816717+00:00,,,,,,,,
2026-06-26T19:06:58.200264+00:00,spot_16,Spot 16,Occupied,2026-06-26T18:39:05.175426+00:00,1276,car,0.670673131942749,4046,9.313678741455078,307.208251953125,52.5982551574707,328.99468994140625
2026-06-26T19:06:58.200264+00:00,spot_17,Spot 17,Empty,2026-06-26T18:28:07.314306+00:00,,,,,,,,
2026-06-26T19:07:51.150966+00:00,spot_1,Spot 1,Occupied,2026-06-26T19:07:51.150966+00:00,1267,car,0.8173803687095642,4099,562.9423217773438,312.9613037109375,609.4235229492188,370.236328125
2026-06-26T19:07:51.150966+00:00,spot_2,Spot 2,Empty,2026-06-26T18:43:06.747932+00:00,,,,,,,,
2026-06-26T19:07:51.150966+00:00,spot_3,Spot 3,Empty,2026-06-26T17:59:06.661948+00:00,,,,,,,,
2026-06-26T19:07:51.150966+00:00,spot_4,Spot 4,Occupied,2026-06-26T18:21:10.531673+00:00,1301,car,0.9102975130081177,2799,388.84136962890625,320.038818359375,443.92938232421875,361.00714111328125
2026-06-26T19:07:51.150966+00:00,spot_5,Spot 5,Empty,2026-06-26T18:58:32.487442+00:00,,,,,,,,
2026-06-26T19:07:51.150966+00:00,spot_6,Spot 6,Occupied,2026-06-26T19:00:20.066200+00:00,1348,car,0.6670551300048828,557,277.29962158203125,320.6295166015625,351.4332275390625,361.93731689453125
2026-06-26T19:07:51.150966+00:00,spot_7,Spot 7,Empty,2026-06-26T18:55:58.512429+00:00,,,,,,,,
2026-06-26T19:07:51.150966+00:00,spot_8,Spot 8,Empty,2026-06-26T18:56:50.849962+00:00,,,,,,,,
2026-06-26T19:07:51.150966+00:00,spot_9,Spot 9,Occupied,2026-06-26T19:07:51.150966+00:00,1335,car,0.7923703193664551,1296,161.60580444335938,316.5608215332031,236.0284423828125,351.4577941894531
2026-06-26T19:07:51.150966+00:00,spot_10,Spot 10,Empty,2026-06-26T19:07:51.150966+00:00,,,,,,,,
2026-06-26T19:07:51.150966+00:00,spot_11,Spot 11,Occupied,2026-06-26T18:45:13.436978+00:00,1299,car,0.753014326095581,2862,122.81005096435547,316.5213928222656,167.07684326171875,342.2462463378906
2026-06-26T19:07:51.150966+00:00,spot_12,Spot 12,Occupied,2026-06-26T19:07:51.150966+00:00,1354,car,0.3509705662727356,159,102.13046264648438,312.9947204589844,139.0061492919922,339.4131774902344
2026-06-26T19:07:51.150966+00:00,spot_13,Spot 13,Occupied,2026-06-26T19:06:04.856100+00:00,1349,car,0.5929971933364868,451,70.2391357421875,313.5206298828125,106.88731384277344,333.20806884765625
2026-06-26T19:07:51.150966+00:00,spot_14,Spot 14,Empty,2026-06-26T19:07:51.150966+00:00,,,,,,,,
2026-06-26T19:07:51.150966+00:00,spot_15,Spot 15,Empty,2026-06-26T19:04:19.816717+00:00,,,,,,,,
2026-06-26T19:07:51.150966+00:00,spot_16,Spot 16,Occupied,2026-06-26T18:39:05.175426+00:00,1276,car,0.6916958689689636,4099,9.250814437866211,306.9736328125,55.693565368652344,329.1806640625
2026-06-26T19:07:51.150966+00:00,spot_17,Spot 17,Empty,2026-06-26T18:28:07.314306+00:00,,,,,,,,
2026-06-26T19:08:45.748479+00:00,spot_1,Spot 1,Occupied,2026-06-26T19:07:51.150966+00:00,1267,car,0.9052677154541016,4154,563.30126953125,313.4319152832031,608.8349609375,372.2217102050781
2026-06-26T19:08:45.748479+00:00,spot_2,Spot 2,Empty,2026-06-26T18:43:06.747932+00:00,,,,,,,,
2026-06-26T19:08:45.748479+00:00,spot_3,Spot 3,Occupied,2026-06-26T19:08:45.748479+00:00,1356,car,0.6028720140457153,0,439.21124267578125,317.4951171875,495.107177734375,361.7694091796875
2026-06-26T19:08:45.748479+00:00,spot_4,Spot 4,Occupied,2026-06-26T18:21:10.531673+00:00,1301,car,0.8875120878219604,2855,389.06390380859375,320.70367431640625,439.67791748046875,361.54461669921875
2026-06-26T19:08:45.748479+00:00,spot_5,Spot 5,Empty,2026-06-26T18:58:32.487442+00:00,,,,,,,,
2026-06-26T19:08:45.748479+00:00,spot_6,Spot 6,Occupied,2026-06-26T19:00:20.066200+00:00,1348,car,0.6124667525291443,612,277.02801513671875,320.77655029296875,348.6231689453125,361.91656494140625
2026-06-26T19:08:45.748479+00:00,spot_7,Spot 7,Empty,2026-06-26T18:55:58.512429+00:00,,,,,,,,
2026-06-26T19:08:45.748479+00:00,spot_8,Spot 8,Empty,2026-06-26T18:56:50.849962+00:00,,,,,,,,
2026-06-26T19:08:45.748479+00:00,spot_9,Spot 9,Occupied,2026-06-26T19:07:51.150966+00:00,1335,car,0.8063070178031921,1351,158.0970916748047,316.55828857421875,235.7843475341797,350.94158935546875
2026-06-26T19:08:45.748479+00:00,spot_10,Spot 10,Empty,2026-06-26T19:07:51.150966+00:00,,,,,,,,
2026-06-26T19:08:45.748479+00:00,spot_11,Spot 11,Occupied,2026-06-26T18:45:13.436978+00:00,1299,car,0.653164267539978,2917,121.13792419433594,316.26397705078125,164.59678649902344,343.12847900390625
2026-06-26T19:08:45.748479+00:00,spot_12,Spot 12,Occupied,2026-06-26T19:07:51.150966+00:00,1354,car,0.4535428583621979,214,100.11770629882812,312.85565185546875,140.12417602539062,339.20916748046875
2026-06-26T19:08:45.748479+00:00,spot_13,Spot 13,Occupied,2026-06-26T19:06:04.856100+00:00,1349,car,0.45862525701522827,506,71.2024917602539,313.22039794921875,102.21553802490234,333.73602294921875
2026-06-26T19:08:45.748479+00:00,spot_14,Spot 14,Occupied,2026-06-26T19:08:45.748479+00:00,1351,car,0.36437350511550903,321,52.60708236694336,310.7174072265625,81.11727905273438,331.28717041015625
2026-06-26T19:08:45.748479+00:00,spot_15,Spot 15,Empty,2026-06-26T19:04:19.816717+00:00,,,,,,,,
2026-06-26T19:08:45.748479+00:00,spot_16,Spot 16,Occupied,2026-06-26T18:39:05.175426+00:00,1276,car,0.7266588807106018,4154,10.92510986328125,307.40789794921875,54.43366241455078,329.34893798828125
2026-06-26T19:08:45.748479+00:00,spot_17,Spot 17,Empty,2026-06-26T18:28:07.314306+00:00,,,,,,,,
2026-06-26T19:09:47.700951+00:00,spot_1,Spot 1,Occupied,2026-06-26T19:07:51.150966+00:00,1267,car,0.859624445438385,4217,562.7911376953125,313.6641845703125,608.780517578125,367.9287109375
2026-06-26T19:09:47.700951+00:00,spot_2,Spot 2,Empty,2026-06-26T18:43:06.747932+00:00,,,,,,,,
2026-06-26T19:09:47.700951+00:00,spot_3,Spot 3,Occupied,2026-06-26T19:08:45.748479+00:00,1356,car,0.45664024353027344,62,439.50946044921875,316.94659423828125,493.693115234375,361.95220947265625
2026-06-26T19:09:47.700951+00:00,spot_4,Spot 4,Occupied,2026-06-26T18:21:10.531673+00:00,1301,car,0.9077571034431458,2918,388.6400146484375,319.9296875,442.49053955078125,360.772216796875
2026-06-26T19:09:47.700951+00:00,spot_5,Spot 5,Empty,2026-06-26T18:58:32.487442+00:00,,,,,,,,
2026-06-26T19:09:47.700951+00:00,spot_6,Spot 6,Occupied,2026-06-26T19:00:20.066200+00:00,1348,car,0.6516261696815491,675,275.36279296875,320.537109375,349.4222412109375,361.32989501953125
2026-06-26T19:09:47.700951+00:00,spot_7,Spot 7,Empty,2026-06-26T18:55:58.512429+00:00,,,,,,,,
2026-06-26T19:09:47.700951+00:00,spot_8,Spot 8,Empty,2026-06-26T18:56:50.849962+00:00,,,,,,,,
2026-06-26T19:09:47.700951+00:00,spot_9,Spot 9,Occupied,2026-06-26T19:07:51.150966+00:00,1335,car,0.7800989151000977,1414,166.71588134765625,316.32025146484375,236.2598876953125,351.02215576171875
2026-06-26T19:09:47.700951+00:00,spot_10,Spot 10,Occupied,2026-06-26T19:09:47.700951+00:00,1353,car,0.41189655661582947,384,150.07766723632812,319.56744384765625,181.53012084960938,345.52618408203125
2026-06-26T19:09:47.700951+00:00,spot_11,Spot 11,Occupied,2026-06-26T18:45:13.436978+00:00,1299,car,0.5623365640640259,2980,123.03134155273438,316.68218994140625,166.57156372070312,342.56292724609375
2026-06-26T19:09:47.700951+00:00,spot_12,Spot 12,Empty,2026-06-26T19:09:47.700951+00:00,,,,,,,,
2026-06-26T19:09:47.700951+00:00,spot_13,Spot 13,Occupied,2026-06-26T19:06:04.856100+00:00,1349,car,0.42149949073791504,569,71.0494155883789,313.480224609375,103.9899673461914,333.94866943359375
2026-06-26T19:09:47.700951+00:00,spot_14,Spot 14,Occupied,2026-06-26T19:08:45.748479+00:00,1351,car,0.4400979280471802,384,53.92900085449219,310.59710693359375,81.38783264160156,331.73687744140625
2026-06-26T19:09:47.700951+00:00,spot_15,Spot 15,Empty,2026-06-26T19:04:19.816717+00:00,,,,,,,,
2026-06-26T19:09:47.700951+00:00,spot_16,Spot 16,Occupied,2026-06-26T18:39:05.175426+00:00,1276,car,0.7114118933677673,4217,9.43865966796875,307.40771484375,54.61518096923828,329.408935546875
2026-06-26T19:09:47.700951+00:00,spot_17,Spot 17,Empty,2026-06-26T18:28:07.314306+00:00,,,,,,,,
2026-06-26T19:10:49.994051+00:00,spot_1,Spot 1,Occupied,2026-06-26T19:07:51.150966+00:00,1267,car,0.8423160910606384,4278,562.9847412109375,313.174072265625,608.6158447265625,368.2265625
2026-06-26T19:10:49.994051+00:00,spot_2,Spot 2,Empty,2026-06-26T18:43:06.747932+00:00,,,,,,,,
2026-06-26T19:10:49.994051+00:00,spot_3,Spot 3,Occupied,2026-06-26T19:08:45.748479+00:00,1356,car,0.7395464181900024,123,439.4705810546875,317.60638427734375,494.51025390625,361.95709228515625
2026-06-26T19:10:49.994051+00:00,spot_4,Spot 4,Occupied,2026-06-26T18:21:10.531673+00:00,1301,car,0.8746508955955505,2978,388.29541015625,320.77264404296875,440.69879150390625,361.32342529296875
2026-06-26T19:10:49.994051+00:00,spot_5,Spot 5,Empty,2026-06-26T18:58:32.487442+00:00,,,,,,,,
2026-06-26T19:10:49.994051+00:00,spot_6,Spot 6,Occupied,2026-06-26T19:10:49.994051+00:00,1358,truck,0.41515907645225525,0,277.2237548828125,320.7440185546875,349.51806640625,362.5489501953125
2026-06-26T19:10:49.994051+00:00,spot_7,Spot 7,Empty,2026-06-26T18:55:58.512429+00:00,,,,,,,,
2026-06-26T19:10:49.994051+00:00,spot_8,Spot 8,Empty,2026-06-26T18:56:50.849962+00:00,,,,,,,,
2026-06-26T19:10:49.994051+00:00,spot_9,Spot 9,Occupied,2026-06-26T19:07:51.150966+00:00,1335,car,0.8439459800720215,1475,157.85635375976562,316.8739318847656,235.80349731445312,351.4719543457031
2026-06-26T19:10:49.994051+00:00,spot_10,Spot 10,Empty,2026-06-26T19:10:49.994051+00:00,,,,,,,,
2026-06-26T19:10:49.994051+00:00,spot_11,Spot 11,Occupied,2026-06-26T18:45:13.436978+00:00,1299,car,0.6922103762626648,3040,122.75824737548828,316.9686584472656,166.586181640625,343.2958679199219
2026-06-26T19:10:49.994051+00:00,spot_12,Spot 12,Occupied,2026-06-26T19:10:49.994051+00:00,1354,car,0.35459741950035095,338,102.28977966308594,313.5956726074219,139.67933654785156,340.3101501464844
2026-06-26T19:10:49.994051+00:00,spot_13,Spot 13,Occupied,2026-06-26T19:06:04.856100+00:00,1349,car,0.6745538115501404,629,64.03352355957031,313.91448974609375,102.95326232910156,333.97076416015625
2026-06-26T19:10:49.994051+00:00,spot_14,Spot 14,Empty,2026-06-26T19:10:49.994051+00:00,,,,,,,,
2026-06-26T19:10:49.994051+00:00,spot_15,Spot 15,Empty,2026-06-26T19:04:19.816717+00:00,,,,,,,,
2026-06-26T19:10:49.994051+00:00,spot_16,Spot 16,Occupied,2026-06-26T18:39:05.175426+00:00,1276,car,0.7797322869300842,4278,9.069107055664062,307.5439453125,50.956024169921875,329.695068359375
2026-06-26T19:10:49.994051+00:00,spot_17,Spot 17,Empty,2026-06-26T18:28:07.314306+00:00,,,,,,,,
2026-06-26T19:11:52.644770+00:00,spot_1,Spot 1,Occupied,2026-06-26T19:07:51.150966+00:00,1267,car,0.8543950915336609,4340,562.9136962890625,313.7909851074219,607.7945556640625,368.4548645019531
2026-06-26T19:11:52.644770+00:00,spot_2,Spot 2,Empty,2026-06-26T18:43:06.747932+00:00,,,,,,,,
2026-06-26T19:11:52.644770+00:00,spot_3,Spot 3,Occupied,2026-06-26T19:08:45.748479+00:00,1356,car,0.6021587252616882,185,439.4805603027344,316.0050964355469,493.7831726074219,361.4785461425781
2026-06-26T19:11:52.644770+00:00,spot_4,Spot 4,Occupied,2026-06-26T18:21:10.531673+00:00,1301,car,0.833642303943634,3040,388.37469482421875,321.2333679199219,442.2349853515625,360.6157531738281
2026-06-26T19:11:52.644770+00:00,spot_5,Spot 5,Empty,2026-06-26T18:58:32.487442+00:00,,,,,,,,
2026-06-26T19:11:52.644770+00:00,spot_6,Spot 6,Occupied,2026-06-26T19:10:49.994051+00:00,1358,truck,0.48441776633262634,62,277.004150390625,320.9918212890625,349.3309326171875,362.313232421875
2026-06-26T19:11:52.644770+00:00,spot_7,Spot 7,Empty,2026-06-26T18:55:58.512429+00:00,,,,,,,,
2026-06-26T19:11:52.644770+00:00,spot_8,Spot 8,Empty,2026-06-26T18:56:50.849962+00:00,,,,,,,,
2026-06-26T19:11:52.644770+00:00,spot_9,Spot 9,Occupied,2026-06-26T19:07:51.150966+00:00,1335,car,0.775416374206543,1537,152.03988647460938,316.02587890625,235.43331909179688,351.4442138671875
2026-06-26T19:11:52.644770+00:00,spot_10,Spot 10,Empty,2026-06-26T19:10:49.994051+00:00,,,,,,,,
2026-06-26T19:11:52.644770+00:00,spot_11,Spot 11,Occupied,2026-06-26T18:45:13.436978+00:00,1299,car,0.6615275144577026,3103,123.41596221923828,317.4790954589844,167.52154541015625,343.2050476074219
2026-06-26T19:11:52.644770+00:00,spot_12,Spot 12,Empty,2026-06-26T19:11:52.644770+00:00,,,,,,,,
2026-06-26T19:11:52.644770+00:00,spot_13,Spot 13,Occupied,2026-06-26T19:06:04.856100+00:00,1349,car,0.63605135679245,692,62.17830276489258,313.9034729003906,102.95774841308594,334.0389709472656
2026-06-26T19:11:52.644770+00:00,spot_14,Spot 14,Empty,2026-06-26T19:10:49.994051+00:00,,,,,,,,
2026-06-26T19:11:52.644770+00:00,spot_15,Spot 15,Empty,2026-06-26T19:04:19.816717+00:00,,,,,,,,
2026-06-26T19:11:52.644770+00:00,spot_16,Spot 16,Occupied,2026-06-26T18:39:05.175426+00:00,1276,car,0.8009693622589111,4340,8.73504638671875,307.90289306640625,51.46485900878906,329.30072021484375
2026-06-26T19:11:52.644770+00:00,spot_17,Spot 17,Empty,2026-06-26T18:28:07.314306+00:00,,,,,,,,
2026-06-26T19:12:55.255775+00:00,spot_1,Spot 1,Occupied,2026-06-26T19:07:51.150966+00:00,1267,car,0.8435530662536621,4402,562.8954467773438,313.61566162109375,608.4028930664062,368.74139404296875
2026-06-26T19:12:55.255775+00:00,spot_2,Spot 2,Empty,2026-06-26T18:43:06.747932+00:00,,,,,,,,
2026-06-26T19:12:55.255775+00:00,spot_3,Spot 3,Occupied,2026-06-26T19:12:55.255775+00:00,1359,truck,0.48121216893196106,0,439.5679626464844,317.74810791015625,492.7384338378906,362.03436279296875
2026-06-26T19:12:55.255775+00:00,spot_4,Spot 4,Occupied,2026-06-26T18:21:10.531673+00:00,1301,car,0.8132263422012329,3102,388.406982421875,320.4765625,434.217529296875,361.151611328125
2026-06-26T19:12:55.255775+00:00,spot_5,Spot 5,Empty,2026-06-26T18:58:32.487442+00:00,,,,,,,,
2026-06-26T19:12:55.255775+00:00,spot_6,Spot 6,Occupied,2026-06-26T19:10:49.994051+00:00,1358,truck,0.4029802680015564,124,277.31634521484375,320.75738525390625,349.26324462890625,361.86932373046875
2026-06-26T19:12:55.255775+00:00,spot_7,Spot 7,Empty,2026-06-26T18:55:58.512429+00:00,,,,,,,,
2026-06-26T19:12:55.255775+00:00,spot_8,Spot 8,Empty,2026-06-26T18:56:50.849962+00:00,,,,,,,,
2026-06-26T19:12:55.255775+00:00,spot_9,Spot 9,Occupied,2026-06-26T19:07:51.150966+00:00,1335,car,0.6894254684448242,1599,157.85256958007812,316.4400634765625,235.80905151367188,351.9775390625
2026-06-26T19:12:55.255775+00:00,spot_10,Spot 10,Empty,2026-06-26T19:10:49.994051+00:00,,,,,,,,
2026-06-26T19:12:55.255775+00:00,spot_11,Spot 11,Occupied,2026-06-26T18:45:13.436978+00:00,1299,car,0.5479925274848938,3165,123.50741577148438,317.27374267578125,164.9656982421875,343.19781494140625
2026-06-26T19:12:55.255775+00:00,spot_12,Spot 12,Empty,2026-06-26T19:11:52.644770+00:00,,,,,,,,
2026-06-26T19:12:55.255775+00:00,spot_13,Spot 13,Occupied,2026-06-26T19:06:04.856100+00:00,1349,car,0.41508176922798157,754,70.17108917236328,313.76104736328125,103.32390594482422,334.18524169921875
2026-06-26T19:12:55.255775+00:00,spot_14,Spot 14,Empty,2026-06-26T19:10:49.994051+00:00,,,,,,,,
2026-06-26T19:12:55.255775+00:00,spot_15,Spot 15,Empty,2026-06-26T19:04:19.816717+00:00,,,,,,,,
2026-06-26T19:12:55.255775+00:00,spot_16,Spot 16,Occupied,2026-06-26T18:39:05.175426+00:00,1276,car,0.7955009937286377,4402,9.87353515625,307.98394775390625,53.99214172363281,329.35296630859375
2026-06-26T19:12:55.255775+00:00,spot_17,Spot 17,Empty,2026-06-26T18:28:07.314306+00:00,,,,,,,,
2026-06-26T19:13:56.824161+00:00,spot_1,Spot 1,Occupied,2026-06-26T19:07:51.150966+00:00,1267,car,0.8845223188400269,4465,562.829833984375,312.92694091796875,608.656494140625,370.92510986328125
2026-06-26T19:13:56.824161+00:00,spot_2,Spot 2,Empty,2026-06-26T18:43:06.747932+00:00,,,,,,,,
2026-06-26T19:13:56.824161+00:00,spot_3,Spot 3,Occupied,2026-06-26T19:13:56.824161+00:00,1356,car,0.8406067490577698,310,439.5101013183594,316.57281494140625,494.2720642089844,363.0244140625
2026-06-26T19:13:56.824161+00:00,spot_4,Spot 4,Occupied,2026-06-26T18:21:10.531673+00:00,1301,car,0.7922693490982056,3165,388.445556640625,321.2092590332031,441.46173095703125,361.6293029785156
2026-06-26T19:13:56.824161+00:00,spot_5,Spot 5,Empty,2026-06-26T18:58:32.487442+00:00,,,,,,,,
2026-06-26T19:13:56.824161+00:00,spot_6,Spot 6,Occupied,2026-06-26T19:10:49.994051+00:00,1358,truck,0.45283621549606323,186,277.36859130859375,321.44287109375,349.1036376953125,361.57086181640625
2026-06-26T19:13:56.824161+00:00,spot_7,Spot 7,Empty,2026-06-26T18:55:58.512429+00:00,,,,,,,,
2026-06-26T19:13:56.824161+00:00,spot_8,Spot 8,Empty,2026-06-26T18:56:50.849962+00:00,,,,,,,,
2026-06-26T19:13:56.824161+00:00,spot_9,Spot 9,Occupied,2026-06-26T19:07:51.150966+00:00,1335,car,0.7954419851303101,1662,152.4666748046875,316.53607177734375,235.19598388671875,351.90667724609375
2026-06-26T19:13:56.824161+00:00,spot_10,Spot 10,Empty,2026-06-26T19:10:49.994051+00:00,,,,,,,,
2026-06-26T19:13:56.824161+00:00,spot_11,Spot 11,Occupied,2026-06-26T18:45:13.436978+00:00,1299,car,0.7062957286834717,3227,122.75801086425781,316.763427734375,166.8919219970703,342.09649658203125
2026-06-26T19:13:56.824161+00:00,spot_12,Spot 12,Occupied,2026-06-26T19:13:56.824161+00:00,1360,car,0.49398359656333923,0,101.48945617675781,313.53167724609375,137.60597229003906,339.94879150390625
2026-06-26T19:13:56.824161+00:00,spot_13,Spot 13,Occupied,2026-06-26T19:06:04.856100+00:00,1349,car,0.7746921181678772,816,70.78253173828125,313.077392578125,105.00202941894531,333.80621337890625
2026-06-26T19:13:56.824161+00:00,spot_14,Spot 14,Occupied,2026-06-26T19:13:56.824161+00:00,1361,car,0.45889991521835327,0,52.86865234375,310.77850341796875,81.407470703125,331.55938720703125
2026-06-26T19:13:56.824161+00:00,spot_15,Spot 15,Empty,2026-06-26T19:04:19.816717+00:00,,,,,,,,
2026-06-26T19:13:56.824161+00:00,spot_16,Spot 16,Occupied,2026-06-26T18:39:05.175426+00:00,1276,car,0.761357307434082,4465,9.203872680664062,307.61761474609375,51.492069244384766,329.93157958984375
2026-06-26T19:13:56.824161+00:00,spot_17,Spot 17,Empty,2026-06-26T18:28:07.314306+00:00,,,,,,,,
2026-06-26T19:14:59.492681+00:00,spot_1,Spot 1,Occupied,2026-06-26T19:07:51.150966+00:00,1267,car,0.8837708234786987,4528,563.156982421875,313.62255859375,608.9677734375,371.06402587890625
2026-06-26T19:14:59.492681+00:00,spot_2,Spot 2,Empty,2026-06-26T18:43:06.747932+00:00,,,,,,,,
2026-06-26T19:14:59.492681+00:00,spot_3,Spot 3,Occupied,2026-06-26T19:13:56.824161+00:00,1356,car,0.7404453158378601,373,439.40789794921875,316.599609375,493.96588134765625,361.539794921875
2026-06-26T19:14:59.492681+00:00,spot_4,Spot 4,Occupied,2026-06-26T18:21:10.531673+00:00,1301,car,0.9074321985244751,3229,388.8510437011719,321.2171630859375,442.2262878417969,361.30810546875
2026-06-26T19:14:59.492681+00:00,spot_5,Spot 5,Empty,2026-06-26T18:58:32.487442+00:00,,,,,,,,
2026-06-26T19:14:59.492681+00:00,spot_6,Spot 6,Occupied,2026-06-26T19:14:59.492681+00:00,1348,car,0.5131257176399231,986,277.15106201171875,320.78094482421875,350.53948974609375,361.814208984375
2026-06-26T19:14:59.492681+00:00,spot_7,Spot 7,Empty,2026-06-26T18:55:58.512429+00:00,,,,,,,,
2026-06-26T19:14:59.492681+00:00,spot_8,Spot 8,Empty,2026-06-26T18:56:50.849962+00:00,,,,,,,,
2026-06-26T19:14:59.492681+00:00,spot_9,Spot 9,Occupied,2026-06-26T19:07:51.150966+00:00,1335,car,0.5505951046943665,1725,147.25479125976562,316.83544921875,234.90237426757812,351.2008056640625
2026-06-26T19:14:59.492681+00:00,spot_10,Spot 10,Empty,2026-06-26T19:10:49.994051+00:00,,,,,,,,
2026-06-26T19:14:59.492681+00:00,spot_11,Spot 11,Occupied,2026-06-26T18:45:13.436978+00:00,1299,car,0.7545942068099976,3291,123.5091552734375,316.74786376953125,165.52261352539062,343.62884521484375
2026-06-26T19:14:59.492681+00:00,spot_12,Spot 12,Occupied,2026-06-26T19:13:56.824161+00:00,1360,car,0.6128413677215576,63,101.09918212890625,313.2845458984375,137.850830078125,339.384521484375
2026-06-26T19:14:59.492681+00:00,spot_13,Spot 13,Occupied,2026-06-26T19:06:04.856100+00:00,1349,car,0.7189051508903503,880,70.99996185302734,312.81787109375,103.51630401611328,334.01025390625
2026-06-26T19:14:59.492681+00:00,spot_14,Spot 14,Occupied,2026-06-26T19:13:56.824161+00:00,1361,car,0.6068949103355408,63,53.355262756347656,310.9810791015625,80.47370147705078,332.01214599609375
2026-06-26T19:14:59.492681+00:00,spot_15,Spot 15,Empty,2026-06-26T19:04:19.816717+00:00,,,,,,,,
2026-06-26T19:14:59.492681+00:00,spot_16,Spot 16,Occupied,2026-06-26T18:39:05.175426+00:00,1276,car,0.7022902369499207,4528,9.67055892944336,307.1009216308594,51.87159729003906,329.5059509277344
2026-06-26T19:14:59.492681+00:00,spot_17,Spot 17,Empty,2026-06-26T18:28:07.314306+00:00,,,,,,,,
2026-06-26T19:15:53.391143+00:00,spot_1,Spot 1,Occupied,2026-06-26T19:07:51.150966+00:00,1267,car,0.83763188123703,4582,562.9591674804688,313.23675537109375,609.5870971679688,367.763916015625
2026-06-26T19:15:53.391143+00:00,spot_2,Spot 2,Empty,2026-06-26T18:43:06.747932+00:00,,,,,,,,
2026-06-26T19:15:53.391143+00:00,spot_3,Spot 3,Occupied,2026-06-26T19:13:56.824161+00:00,1356,car,0.7094855904579163,428,439.605712890625,315.43304443359375,494.23486328125,361.86639404296875
2026-06-26T19:15:53.391143+00:00,spot_4,Spot 4,Occupied,2026-06-26T18:21:10.531673+00:00,1301,car,0.9117939472198486,3283,389.03948974609375,320.67510986328125,442.52410888671875,361.19720458984375
2026-06-26T19:15:53.391143+00:00,spot_5,Spot 5,Empty,2026-06-26T18:58:32.487442+00:00,,,,,,,,
2026-06-26T19:15:53.391143+00:00,spot_6,Spot 6,Occupied,2026-06-26T19:14:59.492681+00:00,1348,car,0.6780034899711609,1040,277.36932373046875,321.21484375,351.63726806640625,362.08099365234375
2026-06-26T19:15:53.391143+00:00,spot_7,Spot 7,Empty,2026-06-26T18:55:58.512429+00:00,,,,,,,,
2026-06-26T19:15:53.391143+00:00,spot_8,Spot 8,Empty,2026-06-26T18:56:50.849962+00:00,,,,,,,,
2026-06-26T19:15:53.391143+00:00,spot_9,Spot 9,Occupied,2026-06-26T19:07:51.150966+00:00,1335,car,0.7873355150222778,1780,159.07159423828125,316.824951171875,235.15878295898438,351.929443359375
2026-06-26T19:15:53.391143+00:00,spot_10,Spot 10,Empty,2026-06-26T19:10:49.994051+00:00,,,,,,,,
2026-06-26T19:15:53.391143+00:00,spot_11,Spot 11,Occupied,2026-06-26T18:45:13.436978+00:00,1299,car,0.6421594619750977,3345,122.79150390625,317.49169921875,162.9591064453125,342.4910888671875
2026-06-26T19:15:53.391143+00:00,spot_12,Spot 12,Empty,2026-06-26T19:15:53.391143+00:00,,,,,,,,
2026-06-26T19:15:53.391143+00:00,spot_13,Spot 13,Empty,2026-06-26T19:15:53.391143+00:00,,,,,,,,
2026-06-26T19:15:53.391143+00:00,spot_14,Spot 14,Occupied,2026-06-26T19:13:56.824161+00:00,1361,car,0.3572891354560852,117,53.09233093261719,310.8977966308594,80.81021118164062,331.8070373535156
2026-06-26T19:15:53.391143+00:00,spot_15,Spot 15,Empty,2026-06-26T19:04:19.816717+00:00,,,,,,,,
2026-06-26T19:15:53.391143+00:00,spot_16,Spot 16,Occupied,2026-06-26T18:39:05.175426+00:00,1276,car,0.6198264360427856,4582,9.138580322265625,307.6632080078125,51.97910690307617,329.40655517578125
2026-06-26T19:15:53.391143+00:00,spot_17,Spot 17,Empty,2026-06-26T18:28:07.314306+00:00,,,,,,,,
2026-06-26T19:16:56.588028+00:00,spot_1,Spot 1,Occupied,2026-06-26T19:07:51.150966+00:00,1267,car,0.8620094656944275,4646,562.9503173828125,313.21209716796875,609.0174560546875,370.65899658203125
2026-06-26T19:16:56.588028+00:00,spot_2,Spot 2,Empty,2026-06-26T18:43:06.747932+00:00,,,,,,,,
2026-06-26T19:16:56.588028+00:00,spot_3,Spot 3,Occupied,2026-06-26T19:13:56.824161+00:00,1356,car,0.712636411190033,491,439.20086669921875,315.56768798828125,494.35357666015625,362.33099365234375
2026-06-26T19:16:56.588028+00:00,spot_4,Spot 4,Occupied,2026-06-26T18:21:10.531673+00:00,1301,car,0.8818234205245972,3346,388.53753662109375,320.5196533203125,441.98187255859375,361.07470703125
2026-06-26T19:16:56.588028+00:00,spot_5,Spot 5,Empty,2026-06-26T18:58:32.487442+00:00,,,,,,,,
2026-06-26T19:16:56.588028+00:00,spot_6,Spot 6,Occupied,2026-06-26T19:14:59.492681+00:00,1348,car,0.7733927369117737,1104,277.37457275390625,320.57525634765625,349.26617431640625,362.18731689453125
2026-06-26T19:16:56.588028+00:00,spot_7,Spot 7,Empty,2026-06-26T18:55:58.512429+00:00,,,,,,,,
2026-06-26T19:16:56.588028+00:00,spot_8,Spot 8,Empty,2026-06-26T18:56:50.849962+00:00,,,,,,,,
2026-06-26T19:16:56.588028+00:00,spot_9,Spot 9,Occupied,2026-06-26T19:07:51.150966+00:00,1335,car,0.7047748565673828,1843,157.83267211914062,317.31610107421875,234.303466796875,351.44085693359375
2026-06-26T19:16:56.588028+00:00,spot_10,Spot 10,Empty,2026-06-26T19:10:49.994051+00:00,,,,,,,,
2026-06-26T19:16:56.588028+00:00,spot_11,Spot 11,Occupied,2026-06-26T18:45:13.436978+00:00,1299,car,0.7087888717651367,3408,123.58683013916016,316.5198974609375,162.42764282226562,342.7774658203125
2026-06-26T19:16:56.588028+00:00,spot_12,Spot 12,Empty,2026-06-26T19:15:53.391143+00:00,,,,,,,,
2026-06-26T19:16:56.588028+00:00,spot_13,Spot 13,Occupied,2026-06-26T19:16:56.588028+00:00,1349,car,0.5984350442886353,997,87.19374084472656,313.23193359375,112.61294555664062,335.9273681640625
2026-06-26T19:16:56.588028+00:00,spot_14,Spot 14,Occupied,2026-06-26T19:13:56.824161+00:00,1361,car,0.6119752526283264,180,52.97911071777344,311.2831726074219,76.66996765136719,331.2151184082031
2026-06-26T19:16:56.588028+00:00,spot_15,Spot 15,Empty,2026-06-26T19:04:19.816717+00:00,,,,,,,,
2026-06-26T19:16:56.588028+00:00,spot_16,Spot 16,Occupied,2026-06-26T18:39:05.175426+00:00,1276,car,0.7133973240852356,4646,10.685264587402344,307.6370849609375,53.04077911376953,329.515625
2026-06-26T19:16:56.588028+00:00,spot_17,Spot 17,Empty,2026-06-26T18:28:07.314306+00:00,,,,,,,,
2026-06-26T19:17:57.369255+00:00,spot_1,Spot 1,Occupied,2026-06-26T19:07:51.150966+00:00,1267,car,0.8409186005592346,4705,562.9105224609375,313.1644287109375,608.9901123046875,370.4093017578125
2026-06-26T19:17:57.369255+00:00,spot_2,Spot 2,Empty,2026-06-26T18:43:06.747932+00:00,,,,,,,,
2026-06-26T19:17:57.369255+00:00,spot_3,Spot 3,Occupied,2026-06-26T19:13:56.824161+00:00,1356,car,0.7153395414352417,550,439.3944396972656,316.71441650390625,493.7801208496094,362.141845703125
2026-06-26T19:17:57.369255+00:00,spot_4,Spot 4,Occupied,2026-06-26T18:21:10.531673+00:00,1301,car,0.8696117401123047,3405,388.61572265625,320.85882568359375,442.7911376953125,361.30828857421875
2026-06-26T19:17:57.369255+00:00,spot_5,Spot 5,Empty,2026-06-26T18:58:32.487442+00:00,,,,,,,,
2026-06-26T19:17:57.369255+00:00,spot_6,Spot 6,Occupied,2026-06-26T19:14:59.492681+00:00,1348,car,0.6454220414161682,1163,277.38275146484375,320.08740234375,351.4423828125,361.9859619140625
2026-06-26T19:17:57.369255+00:00,spot_7,Spot 7,Empty,2026-06-26T18:55:58.512429+00:00,,,,,,,,
2026-06-26T19:17:57.369255+00:00,spot_8,Spot 8,Empty,2026-06-26T18:56:50.849962+00:00,,,,,,,,
2026-06-26T19:17:57.369255+00:00,spot_9,Spot 9,Occupied,2026-06-26T19:17:57.369255+00:00,1362,truck,0.5228384137153625,0,151.89572143554688,315.99114990234375,235.30813598632812,351.6986083984375
2026-06-26T19:17:57.369255+00:00,spot_10,Spot 10,Empty,2026-06-26T19:10:49.994051+00:00,,,,,,,,
2026-06-26T19:17:57.369255+00:00,spot_11,Spot 11,Occupied,2026-06-26T18:45:13.436978+00:00,1299,car,0.6465251445770264,3467,123.39149475097656,316.1619567871094,161.6380157470703,342.8227233886719
2026-06-26T19:17:57.369255+00:00,spot_12,Spot 12,Occupied,2026-06-26T19:17:57.369255+00:00,1360,car,0.4411752223968506,239,95.11174011230469,312.65875244140625,138.0542449951172,339.76141357421875
2026-06-26T19:17:57.369255+00:00,spot_13,Spot 13,Occupied,2026-06-26T19:16:56.588028+00:00,1349,car,0.3637408912181854,1056,87.08172607421875,313.1273193359375,112.17276000976562,336.3568115234375
2026-06-26T19:17:57.369255+00:00,spot_14,Spot 14,Occupied,2026-06-26T19:17:57.369255+00:00,1363,car,0.3774887025356293,0,62.96454620361328,310.84747314453125,89.90999603271484,333.17547607421875
2026-06-26T19:17:57.369255+00:00,spot_15,Spot 15,Empty,2026-06-26T19:04:19.816717+00:00,,,,,,,,
2026-06-26T19:17:57.369255+00:00,spot_16,Spot 16,Occupied,2026-06-26T18:39:05.175426+00:00,1276,car,0.6298742294311523,4705,10.235034942626953,307.3439025878906,55.945194244384766,329.4103088378906
2026-06-26T19:17:57.369255+00:00,spot_17,Spot 17,Empty,2026-06-26T18:28:07.314306+00:00,,,,,,,,
2026-06-26T19:18:48.914782+00:00,spot_1,Spot 1,Occupied,2026-06-26T19:07:51.150966+00:00,1267,car,0.8481898903846741,4756,562.89501953125,312.6693115234375,609.20654296875,371.9766845703125
2026-06-26T19:18:48.914782+00:00,spot_2,Spot 2,Empty,2026-06-26T18:43:06.747932+00:00,,,,,,,,
2026-06-26T19:18:48.914782+00:00,spot_3,Spot 3,Occupied,2026-06-26T19:13:56.824161+00:00,1356,car,0.8410693407058716,601,439.26556396484375,317.20263671875,494.12774658203125,362.97119140625
2026-06-26T19:18:48.914782+00:00,spot_4,Spot 4,Occupied,2026-06-26T18:21:10.531673+00:00,1301,car,0.7618301510810852,3457,388.338134765625,320.52215576171875,441.486328125,361.48284912109375
2026-06-26T19:18:48.914782+00:00,spot_5,Spot 5,Empty,2026-06-26T18:58:32.487442+00:00,,,,,,,,
2026-06-26T19:18:48.914782+00:00,spot_6,Spot 6,Occupied,2026-06-26T19:14:59.492681+00:00,1348,car,0.5208821296691895,1214,277.3428955078125,320.6166687011719,352.637451171875,362.8613586425781
2026-06-26T19:18:48.914782+00:00,spot_7,Spot 7,Empty,2026-06-26T18:55:58.512429+00:00,,,,,,,,
2026-06-26T19:18:48.914782+00:00,spot_8,Spot 8,Empty,2026-06-26T18:56:50.849962+00:00,,,,,,,,
2026-06-26T19:18:48.914782+00:00,spot_9,Spot 9,Occupied,2026-06-26T19:18:48.914782+00:00,1335,car,0.7123146653175354,1953,157.40603637695312,315.0381164550781,235.637939453125,350.8567199707031
2026-06-26T19:18:48.914782+00:00,spot_10,Spot 10,Occupied,2026-06-26T19:18:48.914782+00:00,1364,car,0.38102519512176514,0,148.80108642578125,319.9119873046875,176.56634521484375,345.147705078125
2026-06-26T19:18:48.914782+00:00,spot_11,Spot 11,Occupied,2026-06-26T18:45:13.436978+00:00,1299,car,0.6671980619430542,3519,118.2307357788086,316.0709533691406,161.25558471679688,342.6469421386719
2026-06-26T19:18:48.914782+00:00,spot_12,Spot 12,Empty,2026-06-26T19:18:48.914782+00:00,,,,,,,,
2026-06-26T19:18:48.914782+00:00,spot_13,Spot 13,Empty,2026-06-26T19:18:48.914782+00:00,,,,,,,,
2026-06-26T19:18:48.914782+00:00,spot_14,Spot 14,Occupied,2026-06-26T19:17:57.369255+00:00,1363,car,0.5199088454246521,51,52.645469665527344,310.07177734375,90.64575958251953,331.634521484375
2026-06-26T19:18:48.914782+00:00,spot_15,Spot 15,Empty,2026-06-26T19:04:19.816717+00:00,,,,,,,,
2026-06-26T19:18:48.914782+00:00,spot_16,Spot 16,Occupied,2026-06-26T18:39:05.175426+00:00,1276,car,0.6668218970298767,4756,9.488868713378906,307.3076171875,51.441558837890625,329.241943359375
2026-06-26T19:18:48.914782+00:00,spot_17,Spot 17,Empty,2026-06-26T18:28:07.314306+00:00,,,,,,,,
2026-06-26T19:19:42.222583+00:00,spot_1,Spot 1,Occupied,2026-06-26T19:07:51.150966+00:00,1267,car,0.8064334392547607,4811,563.1143188476562,313.30987548828125,608.9509887695312,371.06561279296875
2026-06-26T19:19:42.222583+00:00,spot_2,Spot 2,Empty,2026-06-26T18:43:06.747932+00:00,,,,,,,,
2026-06-26T19:19:42.222583+00:00,spot_3,Spot 3,Occupied,2026-06-26T19:13:56.824161+00:00,1356,car,0.8170216679573059,656,439.59197998046875,315.73382568359375,495.04339599609375,362.20489501953125
2026-06-26T19:19:42.222583+00:00,spot_4,Spot 4,Occupied,2026-06-26T18:21:10.531673+00:00,1301,car,0.9172374606132507,3511,388.67578125,320.5401611328125,442.2357177734375,361.2919921875
2026-06-26T19:19:42.222583+00:00,spot_5,Spot 5,Empty,2026-06-26T18:58:32.487442+00:00,,,,,,,,
2026-06-26T19:19:42.222583+00:00,spot_6,Spot 6,Occupied,2026-06-26T19:14:59.492681+00:00,1348,car,0.6590079069137573,1268,277.20123291015625,320.6925964355469,348.62664794921875,362.0968322753906
2026-06-26T19:19:42.222583+00:00,spot_7,Spot 7,Empty,2026-06-26T18:55:58.512429+00:00,,,,,,,,
2026-06-26T19:19:42.222583+00:00,spot_8,Spot 8,Empty,2026-06-26T18:56:50.849962+00:00,,,,,,,,
2026-06-26T19:19:42.222583+00:00,spot_9,Spot 9,Occupied,2026-06-26T19:18:48.914782+00:00,1335,car,0.43905341625213623,2008,151.31378173828125,316.34381103515625,235.25390625,351.159423828125
2026-06-26T19:19:42.222583+00:00,spot_10,Spot 10,Empty,2026-06-26T19:19:42.222583+00:00,,,,,,,,
2026-06-26T19:19:42.222583+00:00,spot_11,Spot 11,Occupied,2026-06-26T18:45:13.436978+00:00,1299,car,0.5432544946670532,3573,121.21505737304688,316.4713134765625,165.32058715820312,343.06158447265625
2026-06-26T19:19:42.222583+00:00,spot_12,Spot 12,Empty,2026-06-26T19:18:48.914782+00:00,,,,,,,,
2026-06-26T19:19:42.222583+00:00,spot_13,Spot 13,Empty,2026-06-26T19:18:48.914782+00:00,,,,,,,,
2026-06-26T19:19:42.222583+00:00,spot_14,Spot 14,Occupied,2026-06-26T19:17:57.369255+00:00,1363,car,0.4511314630508423,105,52.345787048339844,309.8316345214844,81.08472442626953,331.7723693847656
2026-06-26T19:19:42.222583+00:00,spot_15,Spot 15,Empty,2026-06-26T19:04:19.816717+00:00,,,,,,,,
2026-06-26T19:19:42.222583+00:00,spot_16,Spot 16,Occupied,2026-06-26T18:39:05.175426+00:00,1276,car,0.7660298347473145,4811,10.82038688659668,307.3027648925781,54.15809631347656,329.1678771972656
2026-06-26T19:19:42.222583+00:00,spot_17,Spot 17,Empty,2026-06-26T18:28:07.314306+00:00,,,,,,,,
2026-06-26T19:20:44.831134+00:00,spot_1,Spot 1,Occupied,2026-06-26T19:07:51.150966+00:00,1267,car,0.8035114407539368,4872,562.6502685546875,312.7465515136719,609.3863525390625,367.7693786621094
2026-06-26T19:20:44.831134+00:00,spot_2,Spot 2,Empty,2026-06-26T18:43:06.747932+00:00,,,,,,,,
2026-06-26T19:20:44.831134+00:00,spot_3,Spot 3,Occupied,2026-06-26T19:13:56.824161+00:00,1356,car,0.6750543713569641,717,439.65826416015625,317.23577880859375,494.90081787109375,361.3995361328125
2026-06-26T19:20:44.831134+00:00,spot_4,Spot 4,Occupied,2026-06-26T18:21:10.531673+00:00,1301,car,0.9192113876342773,3572,388.6474609375,320.4891357421875,442.34375,361.099853515625
2026-06-26T19:20:44.831134+00:00,spot_5,Spot 5,Empty,2026-06-26T18:58:32.487442+00:00,,,,,,,,
2026-06-26T19:20:44.831134+00:00,spot_6,Spot 6,Occupied,2026-06-26T19:20:44.831134+00:00,1365,truck,0.6325151324272156,0,277.24554443359375,320.2991027832031,351.35955810546875,362.0327453613281
2026-06-26T19:20:44.831134+00:00,spot_7,Spot 7,Empty,2026-06-26T18:55:58.512429+00:00,,,,,,,,
2026-06-26T19:20:44.831134+00:00,spot_8,Spot 8,Empty,2026-06-26T18:56:50.849962+00:00,,,,,,,,
2026-06-26T19:20:44.831134+00:00,spot_9,Spot 9,Occupied,2026-06-26T19:18:48.914782+00:00,1335,car,0.7787448167800903,2069,153.73492431640625,316.0762023925781,235.689697265625,351.1220397949219
2026-06-26T19:20:44.831134+00:00,spot_10,Spot 10,Occupied,2026-06-26T19:20:44.831134+00:00,1364,car,0.3894016146659851,115,147.22628784179688,319.8586730957031,178.84408569335938,343.3899230957031
2026-06-26T19:20:44.831134+00:00,spot_11,Spot 11,Occupied,2026-06-26T18:45:13.436978+00:00,1299,car,0.5492845773696899,3634,124.63327026367188,316.47845458984375,162.67572021484375,342.60784912109375
2026-06-26T19:20:44.831134+00:00,spot_12,Spot 12,Empty,2026-06-26T19:18:48.914782+00:00,,,,,,,,
2026-06-26T19:20:44.831134+00:00,spot_13,Spot 13,Occupied,2026-06-26T19:20:44.831134+00:00,1349,car,0.39985397458076477,1223,86.32926940917969,313.81768798828125,112.34092712402344,336.34722900390625
2026-06-26T19:20:44.831134+00:00,spot_14,Spot 14,Empty,2026-06-26T19:20:44.831134+00:00,,,,,,,,
2026-06-26T19:20:44.831134+00:00,spot_15,Spot 15,Empty,2026-06-26T19:04:19.816717+00:00,,,,,,,,
2026-06-26T19:20:44.831134+00:00,spot_16,Spot 16,Occupied,2026-06-26T18:39:05.175426+00:00,1276,car,0.6071107983589172,4872,7.669319152832031,307.2943115234375,52.03180694580078,329.28436279296875
2026-06-26T19:20:44.831134+00:00,spot_17,Spot 17,Empty,2026-06-26T18:28:07.314306+00:00,,,,,,,,
2026-06-26T19:21:36.640159+00:00,spot_1,Spot 1,Occupied,2026-06-26T19:07:51.150966+00:00,1267,car,0.8035114407539368,4926,562.6502685546875,312.7465515136719,609.3863525390625,367.7693786621094
2026-06-26T19:21:36.640159+00:00,spot_2,Spot 2,Empty,2026-06-26T18:43:06.747932+00:00,,,,,,,,
2026-06-26T19:21:36.640159+00:00,spot_3,Spot 3,Occupied,2026-06-26T19:13:56.824161+00:00,1356,car,0.6750543713569641,771,439.65826416015625,317.23577880859375,494.90081787109375,361.3995361328125
2026-06-26T19:21:36.640159+00:00,spot_4,Spot 4,Occupied,2026-06-26T18:21:10.531673+00:00,1301,car,0.9192113876342773,3626,388.6474609375,320.4891357421875,442.34375,361.099853515625
2026-06-26T19:21:36.640159+00:00,spot_5,Spot 5,Empty,2026-06-26T18:58:32.487442+00:00,,,,,,,,
2026-06-26T19:21:36.640159+00:00,spot_6,Spot 6,Occupied,2026-06-26T19:20:44.831134+00:00,1365,truck,0.6325151324272156,54,277.24554443359375,320.2991027832031,351.35955810546875,362.0327453613281
2026-06-26T19:21:36.640159+00:00,spot_7,Spot 7,Empty,2026-06-26T18:55:58.512429+00:00,,,,,,,,
2026-06-26T19:21:36.640159+00:00,spot_8,Spot 8,Empty,2026-06-26T18:56:50.849962+00:00,,,,,,,,
2026-06-26T19:21:36.640159+00:00,spot_9,Spot 9,Occupied,2026-06-26T19:18:48.914782+00:00,1335,car,0.7787448167800903,2123,153.73492431640625,316.0762023925781,235.689697265625,351.1220397949219
2026-06-26T19:21:36.640159+00:00,spot_10,Spot 10,Occupied,2026-06-26T19:20:44.831134+00:00,1364,car,0.3894016146659851,169,147.22628784179688,319.8586730957031,178.84408569335938,343.3899230957031
2026-06-26T19:21:36.640159+00:00,spot_11,Spot 11,Occupied,2026-06-26T18:45:13.436978+00:00,1299,car,0.5492845773696899,3688,124.63327026367188,316.47845458984375,162.67572021484375,342.60784912109375
2026-06-26T19:21:36.640159+00:00,spot_12,Spot 12,Empty,2026-06-26T19:18:48.914782+00:00,,,,,,,,
2026-06-26T19:21:36.640159+00:00,spot_13,Spot 13,Occupied,2026-06-26T19:20:44.831134+00:00,1349,car,0.39985397458076477,1278,86.32926940917969,313.81768798828125,112.34092712402344,336.34722900390625
2026-06-26T19:21:36.640159+00:00,spot_14,Spot 14,Empty,2026-06-26T19:20:44.831134+00:00,,,,,,,,
2026-06-26T19:21:36.640159+00:00,spot_15,Spot 15,Empty,2026-06-26T19:04:19.816717+00:00,,,,,,,,
2026-06-26T19:21:36.640159+00:00,spot_16,Spot 16,Occupied,2026-06-26T18:39:05.175426+00:00,1276,car,0.6071107983589172,4926,7.669319152832031,307.2943115234375,52.03180694580078,329.28436279296875
2026-06-26T19:21:36.640159+00:00,spot_17,Spot 17,Empty,2026-06-26T18:28:07.314306+00:00,,,,,,,,
2026-06-26T19:22:28.245848+00:00,spot_1,Spot 1,Occupied,2026-06-26T19:07:51.150966+00:00,1267,car,0.8722684979438782,4978,563.2538452148438,313.51904296875,607.8388061523438,370.9490966796875
2026-06-26T19:22:28.245848+00:00,spot_2,Spot 2,Empty,2026-06-26T18:43:06.747932+00:00,,,,,,,,
2026-06-26T19:22:28.245848+00:00,spot_3,Spot 3,Occupied,2026-06-26T19:13:56.824161+00:00,1356,car,0.7149511575698853,823,439.20989990234375,317.5657958984375,494.09149169921875,362.079345703125
2026-06-26T19:22:28.245848+00:00,spot_4,Spot 4,Occupied,2026-06-26T18:21:10.531673+00:00,1301,car,0.690216600894928,3679,388.90557861328125,320.09735107421875,441.5028076171875,362.05389404296875
2026-06-26T19:22:28.245848+00:00,spot_5,Spot 5,Empty,2026-06-26T18:58:32.487442+00:00,,,,,,,,
2026-06-26T19:22:28.245848+00:00,spot_6,Spot 6,Occupied,2026-06-26T19:22:28.245848+00:00,1348,car,0.6810992956161499,1436,277.37982177734375,322.1736145019531,352.02825927734375,362.6972961425781
2026-06-26T19:22:28.245848+00:00,spot_7,Spot 7,Empty,2026-06-26T18:55:58.512429+00:00,,,,,,,,
2026-06-26T19:22:28.245848+00:00,spot_8,Spot 8,Empty,2026-06-26T18:56:50.849962+00:00,,,,,,,,
2026-06-26T19:22:28.245848+00:00,spot_9,Spot 9,Occupied,2026-06-26T19:18:48.914782+00:00,1335,car,0.7981870770454407,2175,154.30398559570312,316.64019775390625,234.78823852539062,351.4656982421875
2026-06-26T19:22:28.245848+00:00,spot_10,Spot 10,Empty,2026-06-26T19:22:28.245848+00:00,,,,,,,,
2026-06-26T19:22:28.245848+00:00,spot_11,Spot 11,Occupied,2026-06-26T18:45:13.436978+00:00,1299,car,0.6337985396385193,3741,117.18465423583984,316.32086181640625,160.87667846679688,341.78765869140625
2026-06-26T19:22:28.245848+00:00,spot_12,Spot 12,Empty,2026-06-26T19:18:48.914782+00:00,,,,,,,,
2026-06-26T19:22:28.245848+00:00,spot_13,Spot 13,Occupied,2026-06-26T19:20:44.831134+00:00,1349,car,0.4116545021533966,1330,77.8565673828125,313.07464599609375,113.15127563476562,335.4322509765625
2026-06-26T19:22:28.245848+00:00,spot_14,Spot 14,Empty,2026-06-26T19:20:44.831134+00:00,,,,,,,,
2026-06-26T19:22:28.245848+00:00,spot_15,Spot 15,Empty,2026-06-26T19:04:19.816717+00:00,,,,,,,,
2026-06-26T19:22:28.245848+00:00,spot_16,Spot 16,Occupied,2026-06-26T18:39:05.175426+00:00,1276,car,0.6272441744804382,4978,9.294635772705078,307.40301513671875,52.306243896484375,329.26055908203125
2026-06-26T19:22:28.245848+00:00,spot_17,Spot 17,Empty,2026-06-26T18:28:07.314306+00:00,,,,,,,,
2026-06-26T19:23:22.771967+00:00,spot_1,Spot 1,Occupied,2026-06-26T19:07:51.150966+00:00,1267,car,0.8392564058303833,5030,562.303955078125,313.166748046875,609.560546875,371.610107421875
2026-06-26T19:23:22.771967+00:00,spot_2,Spot 2,Empty,2026-06-26T18:43:06.747932+00:00,,,,,,,,
2026-06-26T19:23:22.771967+00:00,spot_3,Spot 3,Occupied,2026-06-26T19:13:56.824161+00:00,1356,car,0.47471579909324646,876,439.3597106933594,315.46295166015625,494.2671203613281,362.23541259765625
2026-06-26T19:23:22.771967+00:00,spot_4,Spot 4,Occupied,2026-06-26T18:21:10.531673+00:00,1301,car,0.9050437808036804,3731,388.77410888671875,320.4351501464844,443.28948974609375,361.1653137207031
2026-06-26T19:23:22.771967+00:00,spot_5,Spot 5,Empty,2026-06-26T18:58:32.487442+00:00,,,,,,,,
2026-06-26T19:23:22.771967+00:00,spot_6,Spot 6,Occupied,2026-06-26T19:22:28.245848+00:00,1348,car,0.6019587516784668,1488,277.55462646484375,321.5706787109375,352.41790771484375,361.8955078125
2026-06-26T19:23:22.771967+00:00,spot_7,Spot 7,Empty,2026-06-26T18:55:58.512429+00:00,,,,,,,,
2026-06-26T19:23:22.771967+00:00,spot_8,Spot 8,Empty,2026-06-26T18:56:50.849962+00:00,,,,,,,,
2026-06-26T19:23:22.771967+00:00,spot_9,Spot 9,Occupied,2026-06-26T19:18:48.914782+00:00,1335,car,0.6337268352508545,2228,158.59637451171875,316.2206726074219,235.06082153320312,351.4018859863281
2026-06-26T19:23:22.771967+00:00,spot_10,Spot 10,Occupied,2026-06-26T19:23:22.771967+00:00,1364,car,0.43142443895339966,274,146.07574462890625,319.69775390625,181.2940673828125,345.037109375
2026-06-26T19:23:22.771967+00:00,spot_11,Spot 11,Occupied,2026-06-26T18:45:13.436978+00:00,1299,car,0.6961957812309265,3793,124.58226776123047,316.87347412109375,161.47576904296875,342.45391845703125
2026-06-26T19:23:22.771967+00:00,spot_12,Spot 12,Empty,2026-06-26T19:18:48.914782+00:00,,,,,,,,
2026-06-26T19:23:22.771967+00:00,spot_13,Spot 13,Empty,2026-06-26T19:23:22.771967+00:00,,,,,,,,
2026-06-26T19:23:22.771967+00:00,spot_14,Spot 14,Empty,2026-06-26T19:20:44.831134+00:00,,,,,,,,
2026-06-26T19:23:22.771967+00:00,spot_15,Spot 15,Empty,2026-06-26T19:04:19.816717+00:00,,,,,,,,
2026-06-26T19:23:22.771967+00:00,spot_16,Spot 16,Occupied,2026-06-26T18:39:05.175426+00:00,1276,car,0.6303350329399109,5030,8.772308349609375,306.94818115234375,53.303955078125,329.28326416015625
2026-06-26T19:23:22.771967+00:00,spot_17,Spot 17,Empty,2026-06-26T18:28:07.314306+00:00,,,,,,,,
2026-06-26T19:24:14.742893+00:00,spot_1,Spot 1,Occupied,2026-06-26T19:07:51.150966+00:00,1267,car,0.8140466809272766,5084,562.634765625,312.847412109375,610.133056640625,368.10284423828125
2026-06-26T19:24:14.742893+00:00,spot_2,Spot 2,Empty,2026-06-26T18:43:06.747932+00:00,,,,,,,,
2026-06-26T19:24:14.742893+00:00,spot_3,Spot 3,Occupied,2026-06-26T19:24:14.742893+00:00,1366,truck,0.5287919640541077,53,439.67913818359375,317.614501953125,494.68011474609375,361.66021728515625
2026-06-26T19:24:14.742893+00:00,spot_4,Spot 4,Occupied,2026-06-26T18:21:10.531673+00:00,1301,car,0.9055731892585754,3784,388.7940368652344,320.22186279296875,443.3371276855469,361.23468017578125
2026-06-26T19:24:14.742893+00:00,spot_5,Spot 5,Empty,2026-06-26T18:58:32.487442+00:00,,,,,,,,
2026-06-26T19:24:14.742893+00:00,spot_6,Spot 6,Occupied,2026-06-26T19:24:14.742893+00:00,1365,truck,0.45171716809272766,211,274.94818115234375,320.28460693359375,349.4698486328125,362.32659912109375
2026-06-26T19:24:14.742893+00:00,spot_7,Spot 7,Empty,2026-06-26T18:55:58.512429+00:00,,,,,,,,
2026-06-26T19:24:14.742893+00:00,spot_8,Spot 8,Empty,2026-06-26T18:56:50.849962+00:00,,,,,,,,
2026-06-26T19:24:14.742893+00:00,spot_9,Spot 9,Occupied,2026-06-26T19:18:48.914782+00:00,1335,car,0.6375519037246704,2281,165.05447387695312,316.57861328125,236.13833618164062,351.2198486328125
2026-06-26T19:24:14.742893+00:00,spot_10,Spot 10,Empty,2026-06-26T19:24:14.742893+00:00,,,,,,,,
2026-06-26T19:24:14.742893+00:00,spot_11,Spot 11,Occupied,2026-06-26T18:45:13.436978+00:00,1299,car,0.611819863319397,3846,123.46820068359375,317.07928466796875,167.665283203125,342.709228515625
2026-06-26T19:24:14.742893+00:00,spot_12,Spot 12,Empty,2026-06-26T19:18:48.914782+00:00,,,,,,,,
2026-06-26T19:24:14.742893+00:00,spot_13,Spot 13,Occupied,2026-06-26T19:24:14.742893+00:00,1349,car,0.4093577563762665,1435,79.55438232421875,313.2626953125,112.10714721679688,336.8677978515625
2026-06-26T19:24:14.742893+00:00,spot_14,Spot 14,Empty,2026-06-26T19:20:44.831134+00:00,,,,,,,,
2026-06-26T19:24:14.742893+00:00,spot_15,Spot 15,Empty,2026-06-26T19:04:19.816717+00:00,,,,,,,,
2026-06-26T19:24:14.742893+00:00,spot_16,Spot 16,Occupied,2026-06-26T18:39:05.175426+00:00,1276,car,0.665270209312439,5084,8.3358154296875,307.277099609375,52.06834411621094,329.2200927734375
2026-06-26T19:24:14.742893+00:00,spot_17,Spot 17,Empty,2026-06-26T18:28:07.314306+00:00,,,,,,,,
2026-06-26T19:25:07.689331+00:00,spot_1,Spot 1,Occupied,2026-06-26T19:07:51.150966+00:00,1267,car,0.8538620471954346,5141,562.94140625,313.29583740234375,610.117919921875,367.290771484375
2026-06-26T19:25:07.689331+00:00,spot_2,Spot 2,Empty,2026-06-26T18:43:06.747932+00:00,,,,,,,,
2026-06-26T19:25:07.689331+00:00,spot_3,Spot 3,Occupied,2026-06-26T19:25:07.689331+00:00,1356,car,0.8227185606956482,986,439.66943359375,317.82513427734375,494.26910400390625,361.65203857421875
2026-06-26T19:25:07.689331+00:00,spot_4,Spot 4,Occupied,2026-06-26T18:21:10.531673+00:00,1301,car,0.8900409936904907,3841,388.80560302734375,319.7341613769531,441.50555419921875,361.2479553222656
2026-06-26T19:25:07.689331+00:00,spot_5,Spot 5,Empty,2026-06-26T18:58:32.487442+00:00,,,,,,,,
2026-06-26T19:25:07.689331+00:00,spot_6,Spot 6,Empty,2026-06-26T19:25:07.689331+00:00,,,,,,,,
2026-06-26T19:25:07.689331+00:00,spot_7,Spot 7,Empty,2026-06-26T18:55:58.512429+00:00,,,,,,,,
2026-06-26T19:25:07.689331+00:00,spot_8,Spot 8,Empty,2026-06-26T18:56:50.849962+00:00,,,,,,,,
2026-06-26T19:25:07.689331+00:00,spot_9,Spot 9,Occupied,2026-06-26T19:18:48.914782+00:00,1335,car,0.683532178401947,2338,151.62452697753906,316.330078125,236.33836364746094,351.828369140625
2026-06-26T19:25:07.689331+00:00,spot_10,Spot 10,Empty,2026-06-26T19:24:14.742893+00:00,,,,,,,,
2026-06-26T19:25:07.689331+00:00,spot_11,Spot 11,Occupied,2026-06-26T18:45:13.436978+00:00,1299,car,0.42050546407699585,3903,123.70855712890625,317.272216796875,166.60891723632812,343.1090087890625
2026-06-26T19:25:07.689331+00:00,spot_12,Spot 12,Empty,2026-06-26T19:18:48.914782+00:00,,,,,,,,
2026-06-26T19:25:07.689331+00:00,spot_13,Spot 13,Empty,2026-06-26T19:25:07.689331+00:00,,,,,,,,
2026-06-26T19:25:07.689331+00:00,spot_14,Spot 14,Empty,2026-06-26T19:20:44.831134+00:00,,,,,,,,
2026-06-26T19:25:07.689331+00:00,spot_15,Spot 15,Empty,2026-06-26T19:04:19.816717+00:00,,,,,,,,
2026-06-26T19:25:07.689331+00:00,spot_16,Spot 16,Occupied,2026-06-26T18:39:05.175426+00:00,1276,car,0.5667020082473755,5141,10.069747924804688,307.7130126953125,50.470237731933594,329.41796875
2026-06-26T19:25:07.689331+00:00,spot_17,Spot 17,Empty,2026-06-26T18:28:07.314306+00:00,,,,,,,,
2026-06-26T19:26:10.751898+00:00,spot_1,Spot 1,Occupied,2026-06-26T19:07:51.150966+00:00,1267,car,0.8467040061950684,5201,562.2132568359375,313.29852294921875,607.3853759765625,367.99676513671875
2026-06-26T19:26:10.751898+00:00,spot_2,Spot 2,Empty,2026-06-26T18:43:06.747932+00:00,,,,,,,,
2026-06-26T19:26:10.751898+00:00,spot_3,Spot 3,Occupied,2026-06-26T19:25:07.689331+00:00,1356,car,0.5680460929870605,1047,439.44281005859375,317.4848327636719,492.99560546875,361.7100524902344
2026-06-26T19:26:10.751898+00:00,spot_4,Spot 4,Occupied,2026-06-26T18:21:10.531673+00:00,1301,car,0.6157674789428711,3902,388.6952209472656,320.38201904296875,437.0124816894531,360.98114013671875
2026-06-26T19:26:10.751898+00:00,spot_5,Spot 5,Occupied,2026-06-26T19:26:10.751898+00:00,1367,car,0.5287216305732727,0,335.78729248046875,328.89892578125,353.62860107421875,339.2249755859375
2026-06-26T19:26:10.751898+00:00,spot_6,Spot 6,Empty,2026-06-26T19:25:07.689331+00:00,,,,,,,,
2026-06-26T19:26:10.751898+00:00,spot_7,Spot 7,Empty,2026-06-26T18:55:58.512429+00:00,,,,,,,,
2026-06-26T19:26:10.751898+00:00,spot_8,Spot 8,Empty,2026-06-26T18:56:50.849962+00:00,,,,,,,,
2026-06-26T19:26:10.751898+00:00,spot_9,Spot 9,Occupied,2026-06-26T19:18:48.914782+00:00,1335,car,0.8397374153137207,2399,158.32424926757812,317.429931640625,235.00851440429688,351.6141357421875
2026-06-26T19:26:10.751898+00:00,spot_10,Spot 10,Occupied,2026-06-26T19:26:10.751898+00:00,1364,car,0.5207802653312683,445,143.26278686523438,319.8355407714844,177.70413208007812,344.6470642089844
2026-06-26T19:26:10.751898+00:00,spot_11,Spot 11,Occupied,2026-06-26T18:45:13.436978+00:00,1299,car,0.7165212631225586,3964,124.7711410522461,316.6479797363281,164.70169067382812,342.9347839355469
2026-06-26T19:26:10.751898+00:00,spot_12,Spot 12,Occupied,2026-06-26T19:26:10.751898+00:00,1368,car,0.3989519476890564,0,102.74906921386719,314.2762451171875,137.97805786132812,339.505615234375
2026-06-26T19:26:10.751898+00:00,spot_13,Spot 13,Empty,2026-06-26T19:25:07.689331+00:00,,,,,,,,
2026-06-26T19:26:10.751898+00:00,spot_14,Spot 14,Empty,2026-06-26T19:20:44.831134+00:00,,,,,,,,
2026-06-26T19:26:10.751898+00:00,spot_15,Spot 15,Empty,2026-06-26T19:04:19.816717+00:00,,,,,,,,
2026-06-26T19:26:10.751898+00:00,spot_16,Spot 16,Occupied,2026-06-26T18:39:05.175426+00:00,1276,car,0.4481278955936432,5201,10.46371841430664,307.98846435546875,52.83488845825195,329.28765869140625
2026-06-26T19:26:10.751898+00:00,spot_17,Spot 17,Empty,2026-06-26T18:28:07.314306+00:00,,,,,,,,
2026-06-26T19:27:12.691024+00:00,spot_1,Spot 1,Occupied,2026-06-26T19:07:51.150966+00:00,1267,car,0.7297934889793396,5262,562.7801513671875,313.80657958984375,608.7225341796875,367.7801513671875
2026-06-26T19:27:12.691024+00:00,spot_2,Spot 2,Empty,2026-06-26T18:43:06.747932+00:00,,,,,,,,
2026-06-26T19:27:12.691024+00:00,spot_3,Spot 3,Occupied,2026-06-26T19:27:12.691024+00:00,1366,truck,0.6014600396156311,231,439.56536865234375,318.1233215332031,495.2374267578125,361.6831970214844
2026-06-26T19:27:12.691024+00:00,spot_4,Spot 4,Occupied,2026-06-26T18:21:10.531673+00:00,1301,car,0.8949852585792542,3962,388.73382568359375,320.464111328125,442.28179931640625,361.560791015625
2026-06-26T19:27:12.691024+00:00,spot_5,Spot 5,Empty,2026-06-26T19:27:12.691024+00:00,,,,,,,,
2026-06-26T19:27:12.691024+00:00,spot_6,Spot 6,Empty,2026-06-26T19:25:07.689331+00:00,,,,,,,,
2026-06-26T19:27:12.691024+00:00,spot_7,Spot 7,Empty,2026-06-26T18:55:58.512429+00:00,,,,,,,,
2026-06-26T19:27:12.691024+00:00,spot_8,Spot 8,Empty,2026-06-26T18:56:50.849962+00:00,,,,,,,,
2026-06-26T19:27:12.691024+00:00,spot_9,Spot 9,Occupied,2026-06-26T19:18:48.914782+00:00,1335,car,0.7856999039649963,2459,159.5546875,316.10308837890625,235.8104248046875,351.44000244140625
2026-06-26T19:27:12.691024+00:00,spot_10,Spot 10,Empty,2026-06-26T19:27:12.691024+00:00,,,,,,,,
2026-06-26T19:27:12.691024+00:00,spot_11,Spot 11,Occupied,2026-06-26T18:45:13.436978+00:00,1299,car,0.576459527015686,4024,123.89173889160156,316.2052001953125,167.94419860839844,343.3167724609375
2026-06-26T19:27:12.691024+00:00,spot_12,Spot 12,Empty,2026-06-26T19:27:12.691024+00:00,,,,,,,,
2026-06-26T19:27:12.691024+00:00,spot_13,Spot 13,Empty,2026-06-26T19:25:07.689331+00:00,,,,,,,,
2026-06-26T19:27:12.691024+00:00,spot_14,Spot 14,Occupied,2026-06-26T19:27:12.691024+00:00,1369,car,0.49938201904296875,0,53.284542083740234,311.09417724609375,81.65408325195312,331.92144775390625
2026-06-26T19:27:12.691024+00:00,spot_15,Spot 15,Empty,2026-06-26T19:04:19.816717+00:00,,,,,,,,
2026-06-26T19:27:12.691024+00:00,spot_16,Spot 16,Occupied,2026-06-26T18:39:05.175426+00:00,1276,car,0.7032870054244995,5262,9.474113464355469,307.3292236328125,52.030426025390625,329.62890625
2026-06-26T19:27:12.691024+00:00,spot_17,Spot 17,Empty,2026-06-26T18:28:07.314306+00:00,,,,,,,,
2026-06-26T19:28:14.228473+00:00,spot_1,Spot 1,Occupied,2026-06-26T19:07:51.150966+00:00,1267,car,0.8656952977180481,5322,563.0197143554688,315.43603515625,608.2518920898438,367.8095703125
2026-06-26T19:28:14.228473+00:00,spot_2,Spot 2,Empty,2026-06-26T18:43:06.747932+00:00,,,,,,,,
2026-06-26T19:28:14.228473+00:00,spot_3,Spot 3,Occupied,2026-06-26T19:28:14.228473+00:00,1356,car,0.46701815724372864,1167,439.4936828613281,317.7691650390625,495.0050964355469,361.27294921875
2026-06-26T19:28:14.228473+00:00,spot_4,Spot 4,Occupied,2026-06-26T18:21:10.531673+00:00,1301,car,0.7104741334915161,4022,388.5301513671875,320.50091552734375,433.1458740234375,360.856201171875
2026-06-26T19:28:14.228473+00:00,spot_5,Spot 5,Empty,2026-06-26T19:27:12.691024+00:00,,,,,,,,
2026-06-26T19:28:14.228473+00:00,spot_6,Spot 6,Empty,2026-06-26T19:25:07.689331+00:00,,,,,,,,
2026-06-26T19:28:14.228473+00:00,spot_7,Spot 7,Empty,2026-06-26T18:55:58.512429+00:00,,,,,,,,
2026-06-26T19:28:14.228473+00:00,spot_8,Spot 8,Empty,2026-06-26T18:56:50.849962+00:00,,,,,,,,
2026-06-26T19:28:14.228473+00:00,spot_9,Spot 9,Occupied,2026-06-26T19:18:48.914782+00:00,1335,car,0.7314502596855164,2519,146.44741821289062,316.0425720214844,235.25082397460938,351.5797424316406
2026-06-26T19:28:14.228473+00:00,spot_10,Spot 10,Empty,2026-06-26T19:27:12.691024+00:00,,,,,,,,
2026-06-26T19:28:14.228473+00:00,spot_11,Spot 11,Occupied,2026-06-26T18:45:13.436978+00:00,1299,car,0.5578702688217163,4084,123.36405181884766,316.7049560546875,166.57376098632812,342.943115234375
2026-06-26T19:28:14.228473+00:00,spot_12,Spot 12,Empty,2026-06-26T19:27:12.691024+00:00,,,,,,,,
2026-06-26T19:28:14.228473+00:00,spot_13,Spot 13,Occupied,2026-06-26T19:28:14.228473+00:00,1370,car,0.3572162091732025,0,87.34333038330078,313.7454528808594,112.16571807861328,336.6438903808594
2026-06-26T19:28:14.228473+00:00,spot_14,Spot 14,Empty,2026-06-26T19:28:14.228473+00:00,,,,,,,,
2026-06-26T19:28:14.228473+00:00,spot_15,Spot 15,Empty,2026-06-26T19:04:19.816717+00:00,,,,,,,,
2026-06-26T19:28:14.228473+00:00,spot_16,Spot 16,Occupied,2026-06-26T18:39:05.175426+00:00,1276,car,0.5052350163459778,5322,8.947551727294922,307.5064697265625,51.96168518066406,329.6947021484375
2026-06-26T19:28:14.228473+00:00,spot_17,Spot 17,Empty,2026-06-26T18:28:07.314306+00:00,,,,,,,,
2026-06-26T19:29:06.254899+00:00,spot_1,Spot 1,Occupied,2026-06-26T19:07:51.150966+00:00,1267,car,0.8314695358276367,5375,562.5769653320312,313.75872802734375,609.1614379882812,367.5552978515625
2026-06-26T19:29:06.254899+00:00,spot_2,Spot 2,Empty,2026-06-26T18:43:06.747932+00:00,,,,,,,,
2026-06-26T19:29:06.254899+00:00,spot_3,Spot 3,Occupied,2026-06-26T19:29:06.254899+00:00,1366,truck,0.5376011729240417,344,439.73095703125,315.784912109375,494.9320068359375,361.3970947265625
2026-06-26T19:29:06.254899+00:00,spot_4,Spot 4,Occupied,2026-06-26T18:21:10.531673+00:00,1301,car,0.898327112197876,4075,388.7286376953125,321.08990478515625,441.586181640625,361.230712890625
2026-06-26T19:29:06.254899+00:00,spot_5,Spot 5,Empty,2026-06-26T19:27:12.691024+00:00,,,,,,,,
2026-06-26T19:29:06.254899+00:00,spot_6,Spot 6,Empty,2026-06-26T19:25:07.689331+00:00,,,,,,,,
2026-06-26T19:29:06.254899+00:00,spot_7,Spot 7,Empty,2026-06-26T18:55:58.512429+00:00,,,,,,,,
2026-06-26T19:29:06.254899+00:00,spot_8,Spot 8,Empty,2026-06-26T18:56:50.849962+00:00,,,,,,,,
2026-06-26T19:29:06.254899+00:00,spot_9,Spot 9,Occupied,2026-06-26T19:18:48.914782+00:00,1335,car,0.773306667804718,2572,160.905517578125,316.54937744140625,235.78948974609375,351.23260498046875
2026-06-26T19:29:06.254899+00:00,spot_10,Spot 10,Empty,2026-06-26T19:27:12.691024+00:00,,,,,,,,
2026-06-26T19:29:06.254899+00:00,spot_11,Spot 11,Occupied,2026-06-26T18:45:13.436978+00:00,1299,car,0.8516401648521423,4137,122.03657531738281,317.37908935546875,180.81825256347656,343.13323974609375
2026-06-26T19:29:06.254899+00:00,spot_12,Spot 12,Occupied,2026-06-26T19:29:06.254899+00:00,1368,car,0.45133811235427856,173,102.94673156738281,315.7099914550781,141.07225036621094,340.1809997558594
2026-06-26T19:29:06.254899+00:00,spot_13,Spot 13,Occupied,2026-06-26T19:28:14.228473+00:00,1370,car,0.5647814273834229,52,79.08468627929688,313.81768798828125,112.30291748046875,336.47198486328125
2026-06-26T19:29:06.254899+00:00,spot_14,Spot 14,Occupied,2026-06-26T19:29:06.254899+00:00,1369,car,0.45616698265075684,112,54.2288818359375,311.5560302734375,81.16201782226562,332.08251953125
2026-06-26T19:29:06.254899+00:00,spot_15,Spot 15,Empty,2026-06-26T19:04:19.816717+00:00,,,,,,,,
2026-06-26T19:29:06.254899+00:00,spot_16,Spot 16,Occupied,2026-06-26T18:39:05.175426+00:00,1276,car,0.7583914399147034,5375,10.34334945678711,307.8349914550781,52.06943893432617,329.8344421386719
2026-06-26T19:29:06.254899+00:00,spot_17,Spot 17,Empty,2026-06-26T18:28:07.314306+00:00,,,,,,,,
2026-06-26T19:29:59.214885+00:00,spot_1,Spot 1,Occupied,2026-06-26T19:07:51.150966+00:00,1267,car,0.8314695358276367,5427,562.5769653320312,313.75872802734375,609.1614379882812,367.5552978515625
2026-06-26T19:29:59.214885+00:00,spot_2,Spot 2,Empty,2026-06-26T18:43:06.747932+00:00,,,,,,,,
2026-06-26T19:29:59.214885+00:00,spot_3,Spot 3,Occupied,2026-06-26T19:29:06.254899+00:00,1366,truck,0.5376011729240417,396,439.73095703125,315.784912109375,494.9320068359375,361.3970947265625
2026-06-26T19:29:59.214885+00:00,spot_4,Spot 4,Occupied,2026-06-26T18:21:10.531673+00:00,1301,car,0.898327112197876,4128,388.7286376953125,321.08990478515625,441.586181640625,361.230712890625
2026-06-26T19:29:59.214885+00:00,spot_5,Spot 5,Empty,2026-06-26T19:27:12.691024+00:00,,,,,,,,
2026-06-26T19:29:59.214885+00:00,spot_6,Spot 6,Empty,2026-06-26T19:25:07.689331+00:00,,,,,,,,
2026-06-26T19:29:59.214885+00:00,spot_7,Spot 7,Empty,2026-06-26T18:55:58.512429+00:00,,,,,,,,
2026-06-26T19:29:59.214885+00:00,spot_8,Spot 8,Empty,2026-06-26T18:56:50.849962+00:00,,,,,,,,
2026-06-26T19:29:59.214885+00:00,spot_9,Spot 9,Occupied,2026-06-26T19:18:48.914782+00:00,1335,car,0.773306667804718,2624,160.905517578125,316.54937744140625,235.78948974609375,351.23260498046875
2026-06-26T19:29:59.214885+00:00,spot_10,Spot 10,Empty,2026-06-26T19:27:12.691024+00:00,,,,,,,,
2026-06-26T19:29:59.214885+00:00,spot_11,Spot 11,Occupied,2026-06-26T18:45:13.436978+00:00,1299,car,0.8516401648521423,4190,122.03657531738281,317.37908935546875,180.81825256347656,343.13323974609375
2026-06-26T19:29:59.214885+00:00,spot_12,Spot 12,Occupied,2026-06-26T19:29:06.254899+00:00,1368,car,0.45133811235427856,225,102.94673156738281,315.7099914550781,141.07225036621094,340.1809997558594
2026-06-26T19:29:59.214885+00:00,spot_13,Spot 13,Occupied,2026-06-26T19:28:14.228473+00:00,1370,car,0.5647814273834229,105,79.08468627929688,313.81768798828125,112.30291748046875,336.47198486328125
2026-06-26T19:29:59.214885+00:00,spot_14,Spot 14,Occupied,2026-06-26T19:29:06.254899+00:00,1369,car,0.45616698265075684,165,54.2288818359375,311.5560302734375,81.16201782226562,332.08251953125
2026-06-26T19:29:59.214885+00:00,spot_15,Spot 15,Empty,2026-06-26T19:04:19.816717+00:00,,,,,,,,
2026-06-26T19:29:59.214885+00:00,spot_16,Spot 16,Occupied,2026-06-26T18:39:05.175426+00:00,1276,car,0.7583914399147034,5427,10.34334945678711,307.8349914550781,52.06943893432617,329.8344421386719
2026-06-26T19:29:59.214885+00:00,spot_17,Spot 17,Empty,2026-06-26T18:28:07.314306+00:00,,,,,,,,
2026-06-26T19:30:52.241536+00:00,spot_1,Spot 1,Occupied,2026-06-26T19:07:51.150966+00:00,1267,car,0.8727555871009827,5482,562.7703857421875,314.201416015625,608.8814697265625,368.834716796875
2026-06-26T19:30:52.241536+00:00,spot_2,Spot 2,Empty,2026-06-26T18:43:06.747932+00:00,,,,,,,,
2026-06-26T19:30:52.241536+00:00,spot_3,Spot 3,Occupied,2026-06-26T19:29:06.254899+00:00,1366,truck,0.6672996878623962,451,439.6834716796875,316.58441162109375,494.7823486328125,361.63958740234375
2026-06-26T19:30:52.241536+00:00,spot_4,Spot 4,Occupied,2026-06-26T18:21:10.531673+00:00,1301,car,0.8616394400596619,4182,388.69927978515625,321.19512939453125,442.95843505859375,361.44134521484375
2026-06-26T19:30:52.241536+00:00,spot_5,Spot 5,Empty,2026-06-26T19:27:12.691024+00:00,,,,,,,,
2026-06-26T19:30:52.241536+00:00,spot_6,Spot 6,Empty,2026-06-26T19:25:07.689331+00:00,,,,,,,,
2026-06-26T19:30:52.241536+00:00,spot_7,Spot 7,Empty,2026-06-26T18:55:58.512429+00:00,,,,,,,,
2026-06-26T19:30:52.241536+00:00,spot_8,Spot 8,Empty,2026-06-26T18:56:50.849962+00:00,,,,,,,,
2026-06-26T19:30:52.241536+00:00,spot_9,Spot 9,Occupied,2026-06-26T19:18:48.914782+00:00,1335,car,0.5796973705291748,2679,160.58065795898438,316.9937744140625,235.3768310546875,352.104736328125
2026-06-26T19:30:52.241536+00:00,spot_10,Spot 10,Empty,2026-06-26T19:27:12.691024+00:00,,,,,,,,
2026-06-26T19:30:52.241536+00:00,spot_11,Spot 11,Occupied,2026-06-26T18:45:13.436978+00:00,1299,car,0.833937406539917,4244,124.51103973388672,317.46929931640625,177.72686767578125,343.27886962890625
2026-06-26T19:30:52.241536+00:00,spot_12,Spot 12,Empty,2026-06-26T19:30:52.241536+00:00,,,,,,,,
2026-06-26T19:30:52.241536+00:00,spot_13,Spot 13,Occupied,2026-06-26T19:28:14.228473+00:00,1370,car,0.38446542620658875,159,87.18264770507812,313.9580078125,112.19573974609375,336.5162353515625
2026-06-26T19:30:52.241536+00:00,spot_14,Spot 14,Empty,2026-06-26T19:30:52.241536+00:00,,,,,,,,
2026-06-26T19:30:52.241536+00:00,spot_15,Spot 15,Empty,2026-06-26T19:04:19.816717+00:00,,,,,,,,
2026-06-26T19:30:52.241536+00:00,spot_16,Spot 16,Occupied,2026-06-26T18:39:05.175426+00:00,1276,car,0.6748250722885132,5482,9.03902816772461,307.8435363769531,52.00370788574219,329.9922790527344
2026-06-26T19:30:52.241536+00:00,spot_17,Spot 17,Empty,2026-06-26T18:28:07.314306+00:00,,,,,,,,
2026-06-26T19:32:00.130156+00:00,spot_1,Spot 1,Occupied,2026-06-26T19:07:51.150966+00:00,1267,car,0.8616309762001038,5549,562.6873779296875,313.1513671875,608.9796142578125,368.50836181640625
2026-06-26T19:32:00.130156+00:00,spot_2,Spot 2,Empty,2026-06-26T18:43:06.747932+00:00,,,,,,,,
2026-06-26T19:32:00.130156+00:00,spot_3,Spot 3,Occupied,2026-06-26T19:32:00.130156+00:00,1356,car,0.752601683139801,1394,439.4288024902344,315.48431396484375,494.9947814941406,361.96600341796875
2026-06-26T19:32:00.130156+00:00,spot_4,Spot 4,Occupied,2026-06-26T18:21:10.531673+00:00,1301,car,0.883225679397583,4249,388.34295654296875,320.87286376953125,441.5052490234375,361.28778076171875
2026-06-26T19:32:00.130156+00:00,spot_5,Spot 5,Empty,2026-06-26T19:27:12.691024+00:00,,,,,,,,
2026-06-26T19:32:00.130156+00:00,spot_6,Spot 6,Empty,2026-06-26T19:25:07.689331+00:00,,,,,,,,
2026-06-26T19:32:00.130156+00:00,spot_7,Spot 7,Empty,2026-06-26T18:55:58.512429+00:00,,,,,,,,
2026-06-26T19:32:00.130156+00:00,spot_8,Spot 8,Empty,2026-06-26T18:56:50.849962+00:00,,,,,,,,
2026-06-26T19:32:00.130156+00:00,spot_9,Spot 9,Occupied,2026-06-26T19:18:48.914782+00:00,1335,car,0.6041382551193237,2746,161.76571655273438,316.461669921875,235.47866821289062,351.486083984375
2026-06-26T19:32:00.130156+00:00,spot_10,Spot 10,Empty,2026-06-26T19:27:12.691024+00:00,,,,,,,,
2026-06-26T19:32:00.130156+00:00,spot_11,Spot 11,Occupied,2026-06-26T18:45:13.436978+00:00,1299,car,0.8590055108070374,4311,122.69054412841797,317.530029296875,177.792724609375,343.0604248046875
2026-06-26T19:32:00.130156+00:00,spot_12,Spot 12,Occupied,2026-06-26T19:32:00.130156+00:00,1368,car,0.38018280267715454,347,103.58206176757812,316.41595458984375,136.99346923828125,340.29010009765625
2026-06-26T19:32:00.130156+00:00,spot_13,Spot 13,Empty,2026-06-26T19:32:00.130156+00:00,,,,,,,,
2026-06-26T19:32:00.130156+00:00,spot_14,Spot 14,Occupied,2026-06-26T19:32:00.130156+00:00,1369,car,0.3728996217250824,286,51.065433502197266,311.1605224609375,80.86480712890625,331.8402099609375
2026-06-26T19:32:00.130156+00:00,spot_15,Spot 15,Empty,2026-06-26T19:04:19.816717+00:00,,,,,,,,
2026-06-26T19:32:00.130156+00:00,spot_16,Spot 16,Occupied,2026-06-26T18:39:05.175426+00:00,1276,car,0.7514371275901794,5549,10.36606216430664,308.056396484375,51.58932876586914,329.65692138671875
2026-06-26T19:32:00.130156+00:00,spot_17,Spot 17,Empty,2026-06-26T18:28:07.314306+00:00,,,,,,,,
2026-06-26T19:32:59.676587+00:00,spot_1,Spot 1,Occupied,2026-06-26T19:07:51.150966+00:00,1267,car,0.8686054944992065,5608,562.6411743164062,313.0650634765625,609.4485473632812,370.10693359375
2026-06-26T19:32:59.676587+00:00,spot_2,Spot 2,Empty,2026-06-26T18:43:06.747932+00:00,,,,,,,,
2026-06-26T19:32:59.676587+00:00,spot_3,Spot 3,Occupied,2026-06-26T19:32:00.130156+00:00,1356,car,0.7604893445968628,1453,439.4974060058594,317.14349365234375,494.4509582519531,362.40887451171875
2026-06-26T19:32:59.676587+00:00,spot_4,Spot 4,Occupied,2026-06-26T18:21:10.531673+00:00,1301,car,0.8848241567611694,4308,388.8598327636719,321.035888671875,441.5587463378906,361.333984375
2026-06-26T19:32:59.676587+00:00,spot_5,Spot 5,Empty,2026-06-26T19:27:12.691024+00:00,,,,,,,,
2026-06-26T19:32:59.676587+00:00,spot_6,Spot 6,Empty,2026-06-26T19:25:07.689331+00:00,,,,,,,,
2026-06-26T19:32:59.676587+00:00,spot_7,Spot 7,Empty,2026-06-26T18:55:58.512429+00:00,,,,,,,,
2026-06-26T19:32:59.676587+00:00,spot_8,Spot 8,Empty,2026-06-26T18:56:50.849962+00:00,,,,,,,,
2026-06-26T19:32:59.676587+00:00,spot_9,Spot 9,Occupied,2026-06-26T19:18:48.914782+00:00,1335,car,0.6072520017623901,2805,160.6217041015625,317.2301025390625,235.21627807617188,351.7891845703125
2026-06-26T19:32:59.676587+00:00,spot_10,Spot 10,Empty,2026-06-26T19:27:12.691024+00:00,,,,,,,,
2026-06-26T19:32:59.676587+00:00,spot_11,Spot 11,Occupied,2026-06-26T18:45:13.436978+00:00,1299,car,0.8356487154960632,4371,122.11968231201172,317.02947998046875,177.898193359375,343.01458740234375
2026-06-26T19:32:59.676587+00:00,spot_12,Spot 12,Occupied,2026-06-26T19:32:00.130156+00:00,1368,car,0.390750527381897,406,101.49624633789062,314.08245849609375,139.60012817382812,339.96453857421875
2026-06-26T19:32:59.676587+00:00,spot_13,Spot 13,Occupied,2026-06-26T19:32:59.676587+00:00,1370,car,0.4867343604564667,286,79.17849731445312,314.06561279296875,112.46495056152344,336.82049560546875
2026-06-26T19:32:59.676587+00:00,spot_14,Spot 14,Occupied,2026-06-26T19:32:00.130156+00:00,1369,car,0.5938669443130493,346,53.50253677368164,310.64617919921875,80.79446411132812,332.13006591796875
2026-06-26T19:32:59.676587+00:00,spot_15,Spot 15,Empty,2026-06-26T19:04:19.816717+00:00,,,,,,,,
2026-06-26T19:32:59.676587+00:00,spot_16,Spot 16,Occupied,2026-06-26T18:39:05.175426+00:00,1276,car,0.7568259835243225,5608,10.9468994140625,308.01513671875,50.11362838745117,329.61224365234375
2026-06-26T19:32:59.676587+00:00,spot_17,Spot 17,Empty,2026-06-26T18:28:07.314306+00:00,,,,,,,,
2026-06-26T19:34:00.078604+00:00,spot_1,Spot 1,Occupied,2026-06-26T19:07:51.150966+00:00,1267,car,0.8237720131874084,5668,562.3702392578125,313.73284912109375,609.4561767578125,368.26177978515625
2026-06-26T19:34:00.078604+00:00,spot_2,Spot 2,Empty,2026-06-26T18:43:06.747932+00:00,,,,,,,,
2026-06-26T19:34:00.078604+00:00,spot_3,Spot 3,Occupied,2026-06-26T19:32:00.130156+00:00,1356,car,0.8423644304275513,1513,439.35467529296875,316.9708557128906,494.6895751953125,361.9888610839844
2026-06-26T19:34:00.078604+00:00,spot_4,Spot 4,Occupied,2026-06-26T18:21:10.531673+00:00,1301,car,0.8364754915237427,4368,388.66046142578125,320.6514892578125,433.43267822265625,361.189697265625
2026-06-26T19:34:00.078604+00:00,spot_5,Spot 5,Empty,2026-06-26T19:27:12.691024+00:00,,,,,,,,
2026-06-26T19:34:00.078604+00:00,spot_6,Spot 6,Empty,2026-06-26T19:25:07.689331+00:00,,,,,,,,
2026-06-26T19:34:00.078604+00:00,spot_7,Spot 7,Empty,2026-06-26T18:55:58.512429+00:00,,,,,,,,
2026-06-26T19:34:00.078604+00:00,spot_8,Spot 8,Empty,2026-06-26T18:56:50.849962+00:00,,,,,,,,
2026-06-26T19:34:00.078604+00:00,spot_9,Spot 9,Occupied,2026-06-26T19:34:00.078604+00:00,1371,truck,0.6438573598861694,0,160.72027587890625,316.9522705078125,235.9364013671875,352.3759765625
2026-06-26T19:34:00.078604+00:00,spot_10,Spot 10,Empty,2026-06-26T19:27:12.691024+00:00,,,,,,,,
2026-06-26T19:34:00.078604+00:00,spot_11,Spot 11,Occupied,2026-06-26T18:45:13.436978+00:00,1299,car,0.8361818194389343,4431,122.96401977539062,316.9932556152344,177.71209716796875,343.3520812988281
2026-06-26T19:34:00.078604+00:00,spot_12,Spot 12,Occupied,2026-06-26T19:32:00.130156+00:00,1368,car,0.3897334039211273,466,104.94358825683594,314.75152587890625,136.78260803222656,340.0823974609375
2026-06-26T19:34:00.078604+00:00,spot_13,Spot 13,Occupied,2026-06-26T19:32:59.676587+00:00,1370,car,0.4448511600494385,346,78.71989440917969,314.1622314453125,112.33897399902344,336.75372314453125
2026-06-26T19:34:00.078604+00:00,spot_14,Spot 14,Empty,2026-06-26T19:34:00.078604+00:00,,,,,,,,
2026-06-26T19:34:00.078604+00:00,spot_15,Spot 15,Empty,2026-06-26T19:04:19.816717+00:00,,,,,,,,
2026-06-26T19:34:00.078604+00:00,spot_16,Spot 16,Occupied,2026-06-26T18:39:05.175426+00:00,1276,car,0.43919458985328674,5668,9.336200714111328,307.9961242675781,51.00724792480469,329.8219909667969
2026-06-26T19:34:00.078604+00:00,spot_17,Spot 17,Empty,2026-06-26T18:28:07.314306+00:00,,,,,,,,
2026-06-26T19:35:02.560847+00:00,spot_1,Spot 1,Occupied,2026-06-26T19:07:51.150966+00:00,1267,car,0.8649776577949524,5730,561.9202270507812,312.86669921875,609.3695678710938,369.2108154296875
2026-06-26T19:35:02.560847+00:00,spot_2,Spot 2,Empty,2026-06-26T18:43:06.747932+00:00,,,,,,,,
2026-06-26T19:35:02.560847+00:00,spot_3,Spot 3,Occupied,2026-06-26T19:32:00.130156+00:00,1356,car,0.49666744470596313,1575,439.64385986328125,316.2882080078125,494.8524169921875,361.653564453125
2026-06-26T19:35:02.560847+00:00,spot_4,Spot 4,Occupied,2026-06-26T18:21:10.531673+00:00,1301,car,0.90986168384552,4430,388.8800048828125,320.44561767578125,443.3516845703125,361.49456787109375
2026-06-26T19:35:02.560847+00:00,spot_5,Spot 5,Empty,2026-06-26T19:27:12.691024+00:00,,,,,,,,
2026-06-26T19:35:02.560847+00:00,spot_6,Spot 6,Empty,2026-06-26T19:25:07.689331+00:00,,,,,,,,
2026-06-26T19:35:02.560847+00:00,spot_7,Spot 7,Empty,2026-06-26T18:55:58.512429+00:00,,,,,,,,
2026-06-26T19:35:02.560847+00:00,spot_8,Spot 8,Empty,2026-06-26T18:56:50.849962+00:00,,,,,,,,
2026-06-26T19:35:02.560847+00:00,spot_9,Spot 9,Occupied,2026-06-26T19:35:02.560847+00:00,1335,car,0.4563908576965332,2927,161.9694061279297,316.7209167480469,235.30467224121094,351.5789489746094
2026-06-26T19:35:02.560847+00:00,spot_10,Spot 10,Empty,2026-06-26T19:27:12.691024+00:00,,,,,,,,
2026-06-26T19:35:02.560847+00:00,spot_11,Spot 11,Occupied,2026-06-26T18:45:13.436978+00:00,1299,car,0.8534794449806213,4493,122.7893295288086,317.5116271972656,177.94747924804688,342.8541564941406
2026-06-26T19:35:02.560847+00:00,spot_12,Spot 12,Occupied,2026-06-26T19:32:00.130156+00:00,1368,car,0.473230242729187,528,103.19522094726562,315.2207946777344,136.5107879638672,340.2678527832031
2026-06-26T19:35:02.560847+00:00,spot_13,Spot 13,Empty,2026-06-26T19:35:02.560847+00:00,,,,,,,,
2026-06-26T19:35:02.560847+00:00,spot_14,Spot 14,Empty,2026-06-26T19:34:00.078604+00:00,,,,,,,,
2026-06-26T19:35:02.560847+00:00,spot_15,Spot 15,Empty,2026-06-26T19:04:19.816717+00:00,,,,,,,,
2026-06-26T19:35:02.560847+00:00,spot_16,Spot 16,Occupied,2026-06-26T18:39:05.175426+00:00,1276,car,0.7190675735473633,5730,8.724693298339844,307.9289245605469,51.40202331542969,329.8515930175781
2026-06-26T19:35:02.560847+00:00,spot_17,Spot 17,Empty,2026-06-26T18:28:07.314306+00:00,,,,,,,,
2026-06-26T19:35:55.419496+00:00,spot_1,Spot 1,Occupied,2026-06-26T19:07:51.150966+00:00,1267,car,0.8269652128219604,5784,562.9539794921875,313.33624267578125,610.8150634765625,368.42047119140625
2026-06-26T19:35:55.419496+00:00,spot_2,Spot 2,Empty,2026-06-26T18:43:06.747932+00:00,,,,,,,,
2026-06-26T19:35:55.419496+00:00,spot_3,Spot 3,Occupied,2026-06-26T19:32:00.130156+00:00,1356,car,0.7027922868728638,1629,439.6590576171875,315.86505126953125,494.869873046875,361.46661376953125
2026-06-26T19:35:55.419496+00:00,spot_4,Spot 4,Occupied,2026-06-26T18:21:10.531673+00:00,1301,car,0.910854160785675,4484,388.95635986328125,320.8273620605469,442.58221435546875,361.2961730957031
2026-06-26T19:35:55.419496+00:00,spot_5,Spot 5,Empty,2026-06-26T19:27:12.691024+00:00,,,,,,,,
2026-06-26T19:35:55.419496+00:00,spot_6,Spot 6,Empty,2026-06-26T19:25:07.689331+00:00,,,,,,,,
2026-06-26T19:35:55.419496+00:00,spot_7,Spot 7,Empty,2026-06-26T18:55:58.512429+00:00,,,,,,,,
2026-06-26T19:35:55.419496+00:00,spot_8,Spot 8,Empty,2026-06-26T18:56:50.849962+00:00,,,,,,,,
2026-06-26T19:35:55.419496+00:00,spot_9,Spot 9,Occupied,2026-06-26T19:35:02.560847+00:00,1335,car,0.4343019425868988,2981,160.50765991210938,316.6307373046875,235.70053100585938,351.7890625
2026-06-26T19:35:55.419496+00:00,spot_10,Spot 10,Empty,2026-06-26T19:27:12.691024+00:00,,,,,,,,
2026-06-26T19:35:55.419496+00:00,spot_11,Spot 11,Occupied,2026-06-26T18:45:13.436978+00:00,1299,car,0.8207678198814392,4547,123.37297821044922,317.2900085449219,177.43011474609375,342.9741516113281
2026-06-26T19:35:55.419496+00:00,spot_12,Spot 12,Empty,2026-06-26T19:35:55.419496+00:00,,,,,,,,
2026-06-26T19:35:55.419496+00:00,spot_13,Spot 13,Empty,2026-06-26T19:35:02.560847+00:00,,,,,,,,
2026-06-26T19:35:55.419496+00:00,spot_14,Spot 14,Occupied,2026-06-26T19:35:55.419496+00:00,1369,car,0.3587237298488617,522,53.71095275878906,310.8565673828125,81.56306457519531,331.93890380859375
2026-06-26T19:35:55.419496+00:00,spot_15,Spot 15,Empty,2026-06-26T19:04:19.816717+00:00,,,,,,,,
2026-06-26T19:35:55.419496+00:00,spot_16,Spot 16,Occupied,2026-06-26T18:39:05.175426+00:00,1276,car,0.7542407512664795,5784,10.81112289428711,307.8184509277344,51.712257385253906,329.5559997558594
2026-06-26T19:35:55.419496+00:00,spot_17,Spot 17,Empty,2026-06-26T18:28:07.314306+00:00,,,,,,,,
2026-06-26T19:36:47.078168+00:00,spot_1,Spot 1,Occupied,2026-06-26T19:07:51.150966+00:00,1267,car,0.761650025844574,5835,562.8480224609375,313.9105224609375,609.1097412109375,367.203369140625
2026-06-26T19:36:47.078168+00:00,spot_2,Spot 2,Empty,2026-06-26T18:43:06.747932+00:00,,,,,,,,
2026-06-26T19:36:47.078168+00:00,spot_3,Spot 3,Occupied,2026-06-26T19:32:00.130156+00:00,1356,car,0.7055084705352783,1680,439.6238098144531,317.8524475097656,494.7501525878906,362.0439147949219
2026-06-26T19:36:47.078168+00:00,spot_4,Spot 4,Occupied,2026-06-26T18:21:10.531673+00:00,1301,car,0.8180413842201233,4535,388.4123840332031,320.5653076171875,442.2349548339844,361.530029296875
2026-06-26T19:36:47.078168+00:00,spot_5,Spot 5,Empty,2026-06-26T19:27:12.691024+00:00,,,,,,,,
2026-06-26T19:36:47.078168+00:00,spot_6,Spot 6,Empty,2026-06-26T19:25:07.689331+00:00,,,,,,,,
2026-06-26T19:36:47.078168+00:00,spot_7,Spot 7,Empty,2026-06-26T18:55:58.512429+00:00,,,,,,,,
2026-06-26T19:36:47.078168+00:00,spot_8,Spot 8,Empty,2026-06-26T18:56:50.849962+00:00,,,,,,,,
2026-06-26T19:36:47.078168+00:00,spot_9,Spot 9,Occupied,2026-06-26T19:36:47.078168+00:00,1371,truck,0.5532481074333191,166,160.32537841796875,316.6038818359375,236.2147216796875,351.2838134765625
2026-06-26T19:36:47.078168+00:00,spot_10,Spot 10,Empty,2026-06-26T19:27:12.691024+00:00,,,,,,,,
2026-06-26T19:36:47.078168+00:00,spot_11,Spot 11,Occupied,2026-06-26T18:45:13.436978+00:00,1299,car,0.8377292156219482,4597,122.7034912109375,316.8983154296875,177.06527709960938,343.046142578125
2026-06-26T19:36:47.078168+00:00,spot_12,Spot 12,Empty,2026-06-26T19:35:55.419496+00:00,,,,,,,,
2026-06-26T19:36:47.078168+00:00,spot_13,Spot 13,Occupied,2026-06-26T19:36:47.078168+00:00,1370,car,0.5176194310188293,512,79.4771499633789,313.65264892578125,112.12982940673828,336.915283203125
2026-06-26T19:36:47.078168+00:00,spot_14,Spot 14,Empty,2026-06-26T19:36:47.078168+00:00,,,,,,,,
2026-06-26T19:36:47.078168+00:00,spot_15,Spot 15,Empty,2026-06-26T19:04:19.816717+00:00,,,,,,,,
2026-06-26T19:36:47.078168+00:00,spot_16,Spot 16,Occupied,2026-06-26T18:39:05.175426+00:00,1276,car,0.5976356267929077,5835,7.758186340332031,307.70611572265625,56.32379150390625,329.45745849609375
2026-06-26T19:36:47.078168+00:00,spot_17,Spot 17,Empty,2026-06-26T18:28:07.314306+00:00,,,,,,,,
2026-06-26T19:37:37.286365+00:00,spot_1,Spot 1,Occupied,2026-06-26T19:07:51.150966+00:00,1267,car,0.8503310084342957,5886,562.9073486328125,313.03564453125,608.9224853515625,367.948974609375
2026-06-26T19:37:37.286365+00:00,spot_2,Spot 2,Empty,2026-06-26T18:43:06.747932+00:00,,,,,,,,
2026-06-26T19:37:37.286365+00:00,spot_3,Spot 3,Occupied,2026-06-26T19:37:37.286365+00:00,1372,truck,0.704552173614502,156,439.4168701171875,317.90704345703125,494.68896484375,361.27716064453125
2026-06-26T19:37:37.286365+00:00,spot_4,Spot 4,Occupied,2026-06-26T18:21:10.531673+00:00,1301,car,0.7945632338523865,4587,388.41644287109375,320.3050537109375,440.21136474609375,361.4544677734375
2026-06-26T19:37:37.286365+00:00,spot_5,Spot 5,Empty,2026-06-26T19:27:12.691024+00:00,,,,,,,,
2026-06-26T19:37:37.286365+00:00,spot_6,Spot 6,Empty,2026-06-26T19:25:07.689331+00:00,,,,,,,,
2026-06-26T19:37:37.286365+00:00,spot_7,Spot 7,Empty,2026-06-26T18:55:58.512429+00:00,,,,,,,,
2026-06-26T19:37:37.286365+00:00,spot_8,Spot 8,Empty,2026-06-26T18:56:50.849962+00:00,,,,,,,,
2026-06-26T19:37:37.286365+00:00,spot_9,Spot 9,Occupied,2026-06-26T19:37:37.286365+00:00,1335,car,0.406353235244751,3083,160.96142578125,317.03802490234375,235.68814086914062,351.66339111328125
2026-06-26T19:37:37.286365+00:00,spot_10,Spot 10,Empty,2026-06-26T19:27:12.691024+00:00,,,,,,,,
2026-06-26T19:37:37.286365+00:00,spot_11,Spot 11,Occupied,2026-06-26T18:45:13.436978+00:00,1299,car,0.7938656210899353,4649,123.60076904296875,317.3162841796875,176.24139404296875,343.0240478515625
2026-06-26T19:37:37.286365+00:00,spot_12,Spot 12,Occupied,2026-06-26T19:37:37.286365+00:00,1368,car,0.3579893410205841,684,103.09225463867188,313.68585205078125,137.59060668945312,339.78350830078125
2026-06-26T19:37:37.286365+00:00,spot_13,Spot 13,Occupied,2026-06-26T19:37:37.286365+00:00,1373,car,0.5194680094718933,0,71.40178680419922,313.9757080078125,96.78746795654297,333.7281494140625
2026-06-26T19:37:37.286365+00:00,spot_14,Spot 14,Occupied,2026-06-26T19:37:37.286365+00:00,1370,car,0.6024131774902344,564,87.46054077148438,313.78656005859375,112.28860473632812,336.81549072265625
2026-06-26T19:37:37.286365+00:00,spot_15,Spot 15,Empty,2026-06-26T19:04:19.816717+00:00,,,,,,,,
2026-06-26T19:37:37.286365+00:00,spot_16,Spot 16,Occupied,2026-06-26T18:39:05.175426+00:00,1276,car,0.5792437791824341,5886,8.183792114257812,307.9172668457031,50.164703369140625,329.1324157714844
2026-06-26T19:37:37.286365+00:00,spot_17,Spot 17,Empty,2026-06-26T18:28:07.314306+00:00,,,,,,,,
2026-06-26T19:38:33.063698+00:00,spot_1,Spot 1,Occupied,2026-06-26T19:07:51.150966+00:00,1267,car,0.8908604979515076,5943,562.40966796875,313.3193359375,609.60546875,370.7030029296875
2026-06-26T19:38:33.063698+00:00,spot_2,Spot 2,Empty,2026-06-26T18:43:06.747932+00:00,,,,,,,,
2026-06-26T19:38:33.063698+00:00,spot_3,Spot 3,Occupied,2026-06-26T19:38:33.063698+00:00,1356,car,0.4364085793495178,1788,439.43292236328125,315.74432373046875,494.6158447265625,361.85003662109375
2026-06-26T19:38:33.063698+00:00,spot_4,Spot 4,Occupied,2026-06-26T18:21:10.531673+00:00,1301,car,0.8905056715011597,4643,388.3485412597656,320.8202209472656,441.5151672363281,361.4989318847656
2026-06-26T19:38:33.063698+00:00,spot_5,Spot 5,Empty,2026-06-26T19:27:12.691024+00:00,,,,,,,,
2026-06-26T19:38:33.063698+00:00,spot_6,Spot 6,Empty,2026-06-26T19:25:07.689331+00:00,,,,,,,,
2026-06-26T19:38:33.063698+00:00,spot_7,Spot 7,Empty,2026-06-26T18:55:58.512429+00:00,,,,,,,,
2026-06-26T19:38:33.063698+00:00,spot_8,Spot 8,Empty,2026-06-26T18:56:50.849962+00:00,,,,,,,,
2026-06-26T19:38:33.063698+00:00,spot_9,Spot 9,Occupied,2026-06-26T19:37:37.286365+00:00,1335,car,0.6903864145278931,3140,161.369384765625,316.8548889160156,234.461181640625,351.1546325683594
2026-06-26T19:38:33.063698+00:00,spot_10,Spot 10,Empty,2026-06-26T19:27:12.691024+00:00,,,,,,,,
2026-06-26T19:38:33.063698+00:00,spot_11,Spot 11,Occupied,2026-06-26T18:45:13.436978+00:00,1299,car,0.8237548470497131,4706,120.72593688964844,317.23291015625,177.45191955566406,343.30810546875
2026-06-26T19:38:33.063698+00:00,spot_12,Spot 12,Occupied,2026-06-26T19:37:37.286365+00:00,1368,car,0.4958428144454956,741,102.68060302734375,315.2021789550781,140.04437255859375,340.1893615722656
2026-06-26T19:38:33.063698+00:00,spot_13,Spot 13,Occupied,2026-06-26T19:38:33.063698+00:00,1370,car,0.42735400795936584,621,82.74270629882812,313.7056884765625,112.25689697265625,336.709716796875
2026-06-26T19:38:33.063698+00:00,spot_14,Spot 14,Empty,2026-06-26T19:38:33.063698+00:00,,,,,,,,
2026-06-26T19:38:33.063698+00:00,spot_15,Spot 15,Empty,2026-06-26T19:04:19.816717+00:00,,,,,,,,
2026-06-26T19:38:33.063698+00:00,spot_16,Spot 16,Occupied,2026-06-26T18:39:05.175426+00:00,1276,car,0.5744947791099548,5943,9.268669128417969,307.75543212890625,49.71637725830078,329.94952392578125
2026-06-26T19:38:33.063698+00:00,spot_17,Spot 17,Empty,2026-06-26T18:28:07.314306+00:00,,,,,,,,
2026-06-26T19:39:34.888671+00:00,spot_1,Spot 1,Occupied,2026-06-26T19:07:51.150966+00:00,1267,car,0.8448507785797119,6005,562.5624389648438,313.1212158203125,607.2665405273438,371.0345458984375
2026-06-26T19:39:34.888671+00:00,spot_2,Spot 2,Empty,2026-06-26T18:43:06.747932+00:00,,,,,,,,
2026-06-26T19:39:34.888671+00:00,spot_3,Spot 3,Occupied,2026-06-26T19:38:33.063698+00:00,1356,car,0.5006301403045654,1850,439.565673828125,315.72662353515625,494.691650390625,361.62200927734375
2026-06-26T19:39:34.888671+00:00,spot_4,Spot 4,Occupied,2026-06-26T18:21:10.531673+00:00,1301,car,0.9084246754646301,4705,388.33990478515625,320.6175231933594,441.18768310546875,360.7562561035156
2026-06-26T19:39:34.888671+00:00,spot_5,Spot 5,Empty,2026-06-26T19:27:12.691024+00:00,,,,,,,,
2026-06-26T19:39:34.888671+00:00,spot_6,Spot 6,Occupied,2026-06-26T19:39:34.888671+00:00,1374,car,0.7582036852836609,0,293.507080078125,315.71337890625,353.122802734375,357.099609375
2026-06-26T19:39:34.888671+00:00,spot_7,Spot 7,Empty,2026-06-26T18:55:58.512429+00:00,,,,,,,,
2026-06-26T19:39:34.888671+00:00,spot_8,Spot 8,Empty,2026-06-26T18:56:50.849962+00:00,,,,,,,,
2026-06-26T19:39:34.888671+00:00,spot_9,Spot 9,Occupied,2026-06-26T19:37:37.286365+00:00,1335,car,0.5231324434280396,3202,160.85848999023438,316.448486328125,232.92730712890625,351.330078125
2026-06-26T19:39:34.888671+00:00,spot_10,Spot 10,Empty,2026-06-26T19:27:12.691024+00:00,,,,,,,,
2026-06-26T19:39:34.888671+00:00,spot_11,Spot 11,Occupied,2026-06-26T18:45:13.436978+00:00,1299,car,0.8202326893806458,4767,122.37850952148438,316.569091796875,177.67822265625,343.08740234375
2026-06-26T19:39:34.888671+00:00,spot_12,Spot 12,Empty,2026-06-26T19:39:34.888671+00:00,,,,,,,,
2026-06-26T19:39:34.888671+00:00,spot_13,Spot 13,Empty,2026-06-26T19:39:34.888671+00:00,,,,,,,,
2026-06-26T19:39:34.888671+00:00,spot_14,Spot 14,Empty,2026-06-26T19:38:33.063698+00:00,,,,,,,,
2026-06-26T19:39:34.888671+00:00,spot_15,Spot 15,Empty,2026-06-26T19:04:19.816717+00:00,,,,,,,,
2026-06-26T19:39:34.888671+00:00,spot_16,Spot 16,Empty,2026-06-26T19:39:34.888671+00:00,,,,,,,,
2026-06-26T19:39:34.888671+00:00,spot_17,Spot 17,Empty,2026-06-26T18:28:07.314306+00:00,,,,,,,,
2026-06-26T19:40:37.229131+00:00,spot_1,Spot 1,Occupied,2026-06-26T19:07:51.150966+00:00,1267,car,0.8522706627845764,6066,563.6935424804688,312.5799560546875,608.9059448242188,368.517333984375
2026-06-26T19:40:37.229131+00:00,spot_2,Spot 2,Occupied,2026-06-26T19:40:37.229131+00:00,1375,car,0.7878110408782959,0,443.69769287109375,337.7769775390625,553.8427124023438,410.24884033203125
2026-06-26T19:40:37.229131+00:00,spot_3,Spot 3,Occupied,2026-06-26T19:38:33.063698+00:00,1356,car,0.4664885997772217,1911,439.42840576171875,314.9450988769531,494.51531982421875,360.8279113769531
2026-06-26T19:40:37.229131+00:00,spot_4,Spot 4,Occupied,2026-06-26T18:21:10.531673+00:00,1301,car,0.9031897783279419,4766,387.5776062011719,320.4671630859375,441.8521423339844,360.96612548828125
2026-06-26T19:40:37.229131+00:00,spot_5,Spot 5,Empty,2026-06-26T19:27:12.691024+00:00,,,,,,,,
2026-06-26T19:40:37.229131+00:00,spot_6,Spot 6,Occupied,2026-06-26T19:39:34.888671+00:00,1374,car,0.9043442010879517,61,293.55810546875,314.98992919921875,353.22076416015625,357.63848876953125
2026-06-26T19:40:37.229131+00:00,spot_7,Spot 7,Empty,2026-06-26T18:55:58.512429+00:00,,,,,,,,
2026-06-26T19:40:37.229131+00:00,spot_8,Spot 8,Empty,2026-06-26T18:56:50.849962+00:00,,,,,,,,
2026-06-26T19:40:37.229131+00:00,spot_9,Spot 9,Occupied,2026-06-26T19:37:37.286365+00:00,1335,car,0.8129253387451172,3263,160.34213256835938,315.87261962890625,235.12979125976562,350.73052978515625
2026-06-26T19:40:37.229131+00:00,spot_10,Spot 10,Empty,2026-06-26T19:27:12.691024+00:00,,,,,,,,
2026-06-26T19:40:37.229131+00:00,spot_11,Spot 11,Occupied,2026-06-26T18:45:13.436978+00:00,1299,car,0.8236210346221924,4829,121.22715759277344,316.49755859375,177.27528381347656,343.4578857421875
2026-06-26T19:40:37.229131+00:00,spot_12,Spot 12,Occupied,2026-06-26T19:40:37.229131+00:00,1368,car,0.3981744647026062,864,99.789794921875,313.11187744140625,140.11532592773438,338.81268310546875
2026-06-26T19:40:37.229131+00:00,spot_13,Spot 13,Occupied,2026-06-26T19:40:37.229131+00:00,1370,car,0.3626859188079834,744,71.86724853515625,312.8257751464844,111.81201171875,336.4346618652344
2026-06-26T19:40:37.229131+00:00,spot_14,Spot 14,Occupied,2026-06-26T19:40:37.229131+00:00,1376,car,0.5405759811401367,0,53.15705490112305,310.60784912109375,79.80500793457031,330.58026123046875
2026-06-26T19:40:37.229131+00:00,spot_15,Spot 15,Empty,2026-06-26T19:04:19.816717+00:00,,,,,,,,
2026-06-26T19:40:37.229131+00:00,spot_16,Spot 16,Occupied,2026-06-26T19:40:37.229131+00:00,1276,car,0.4887881278991699,6066,9.482830047607422,306.6409606933594,52.402889251708984,329.2130432128906
2026-06-26T19:40:37.229131+00:00,spot_17,Spot 17,Empty,2026-06-26T18:28:07.314306+00:00,,,,,,,,
2026-06-26T19:41:38.605990+00:00,spot_1,Spot 1,Occupied,2026-06-26T19:07:51.150966+00:00,1267,car,0.812570333480835,6127,563.2763061523438,313.08349609375,608.6817016601562,371.5260009765625
2026-06-26T19:41:38.605990+00:00,spot_2,Spot 2,Occupied,2026-06-26T19:41:38.605990+00:00,1377,car,0.40233340859413147,0,505.0838623046875,310.55816650390625,551.98828125,362.9923095703125
2026-06-26T19:41:38.605990+00:00,spot_3,Spot 3,Occupied,2026-06-26T19:41:38.605990+00:00,1372,truck,0.5822955369949341,397,439.33148193359375,313.9886474609375,494.80316162109375,362.001953125
2026-06-26T19:41:38.605990+00:00,spot_4,Spot 4,Occupied,2026-06-26T18:21:10.531673+00:00,1301,car,0.8894433379173279,4828,388.6451416015625,320.93499755859375,441.0018310546875,360.67889404296875
2026-06-26T19:41:38.605990+00:00,spot_5,Spot 5,Empty,2026-06-26T19:27:12.691024+00:00,,,,,,,,
2026-06-26T19:41:38.605990+00:00,spot_6,Spot 6,Occupied,2026-06-26T19:39:34.888671+00:00,1374,car,0.7371199131011963,122,293.397216796875,314.62060546875,353.6610107421875,357.29974365234375
2026-06-26T19:41:38.605990+00:00,spot_7,Spot 7,Empty,2026-06-26T18:55:58.512429+00:00,,,,,,,,
2026-06-26T19:41:38.605990+00:00,spot_8,Spot 8,Empty,2026-06-26T18:56:50.849962+00:00,,,,,,,,
2026-06-26T19:41:38.605990+00:00,spot_9,Spot 9,Occupied,2026-06-26T19:41:38.605990+00:00,1378,truck,0.3824315369129181,0,160.67947387695312,315.92510986328125,235.34255981445312,350.77337646484375
2026-06-26T19:41:38.605990+00:00,spot_10,Spot 10,Empty,2026-06-26T19:27:12.691024+00:00,,,,,,,,
2026-06-26T19:41:38.605990+00:00,spot_11,Spot 11,Occupied,2026-06-26T18:45:13.436978+00:00,1299,car,0.7644096612930298,4890,119.18672943115234,316.2758483886719,177.23361206054688,342.6225891113281
2026-06-26T19:41:38.605990+00:00,spot_12,Spot 12,Occupied,2026-06-26T19:41:38.605990+00:00,1370,car,0.46571874618530273,805,86.6588134765625,312.5318603515625,137.4240264892578,336.248046875
2026-06-26T19:41:38.605990+00:00,spot_13,Spot 13,Occupied,2026-06-26T19:41:38.605990+00:00,1368,car,0.39614367485046387,925,103.71646118164062,314.93487548828125,138.34658813476562,339.92303466796875
2026-06-26T19:41:38.605990+00:00,spot_14,Spot 14,Empty,2026-06-26T19:41:38.605990+00:00,,,,,,,,
2026-06-26T19:41:38.605990+00:00,spot_15,Spot 15,Empty,2026-06-26T19:04:19.816717+00:00,,,,,,,,
2026-06-26T19:41:38.605990+00:00,spot_16,Spot 16,Occupied,2026-06-26T19:40:37.229131+00:00,1276,car,0.6134495735168457,6127,9.228618621826172,306.66656494140625,49.518104553222656,329.18182373046875
2026-06-26T19:41:38.605990+00:00,spot_17,Spot 17,Empty,2026-06-26T18:28:07.314306+00:00,,,,,,,,
2026-06-26T19:42:42.196128+00:00,spot_1,Spot 1,Occupied,2026-06-26T19:07:51.150966+00:00,1267,car,0.8465477228164673,6189,562.8299560546875,312.8741455078125,608.7969970703125,367.76171875
2026-06-26T19:42:42.196128+00:00,spot_2,Spot 2,Empty,2026-06-26T19:42:42.196128+00:00,,,,,,,,
2026-06-26T19:42:42.196128+00:00,spot_3,Spot 3,Occupied,2026-06-26T19:41:38.605990+00:00,1372,truck,0.6219224333763123,459,439.3531494140625,315.8573913574219,494.5018310546875,361.5389709472656
2026-06-26T19:42:42.196128+00:00,spot_4,Spot 4,Occupied,2026-06-26T18:21:10.531673+00:00,1301,car,0.8835653066635132,4889,388.5684814453125,320.5507507324219,441.33837890625,360.6512756347656
2026-06-26T19:42:42.196128+00:00,spot_5,Spot 5,Empty,2026-06-26T19:27:12.691024+00:00,,,,,,,,
2026-06-26T19:42:42.196128+00:00,spot_6,Spot 6,Occupied,2026-06-26T19:42:42.196128+00:00,1380,truck,0.5661386847496033,0,294.06097412109375,314.62628173828125,353.1021728515625,356.64337158203125
2026-06-26T19:42:42.196128+00:00,spot_7,Spot 7,Occupied,2026-06-26T19:42:42.196128+00:00,1379,car,0.8017668724060059,0,247.28338623046875,320.9161071777344,301.84307861328125,353.8290710449219
2026-06-26T19:42:42.196128+00:00,spot_8,Spot 8,Empty,2026-06-26T18:56:50.849962+00:00,,,,,,,,
2026-06-26T19:42:42.196128+00:00,spot_9,Spot 9,Occupied,2026-06-26T19:42:42.196128+00:00,1335,car,0.5843446254730225,3386,160.63613891601562,316.13580322265625,234.29217529296875,350.74456787109375
2026-06-26T19:42:42.196128+00:00,spot_10,Spot 10,Empty,2026-06-26T19:27:12.691024+00:00,,,,,,,,
2026-06-26T19:42:42.196128+00:00,spot_11,Spot 11,Occupied,2026-06-26T18:45:13.436978+00:00,1299,car,0.738902747631073,4952,122.13697814941406,316.2374267578125,167.91883850097656,343.120361328125
2026-06-26T19:42:42.196128+00:00,spot_12,Spot 12,Occupied,2026-06-26T19:42:42.196128+00:00,1368,car,0.5211403965950012,987,102.62002563476562,314.51275634765625,140.41073608398438,340.21392822265625
2026-06-26T19:42:42.196128+00:00,spot_13,Spot 13,Occupied,2026-06-26T19:42:42.196128+00:00,1370,car,0.42786961793899536,867,77.25204467773438,312.58056640625,111.80694580078125,336.261474609375
2026-06-26T19:42:42.196128+00:00,spot_14,Spot 14,Occupied,2026-06-26T19:42:42.196128+00:00,1376,car,0.389736145734787,123,53.65333557128906,309.7940368652344,80.20735168457031,330.5859069824219
2026-06-26T19:42:42.196128+00:00,spot_15,Spot 15,Empty,2026-06-26T19:04:19.816717+00:00,,,,,,,,
2026-06-26T19:42:42.196128+00:00,spot_16,Spot 16,Occupied,2026-06-26T19:40:37.229131+00:00,1276,car,0.5501840114593506,6189,10.382328033447266,306.64898681640625,49.88629913330078,328.845458984375
2026-06-26T19:42:42.196128+00:00,spot_17,Spot 17,Empty,2026-06-26T18:28:07.314306+00:00,,,,,,,,
2026-06-26T19:43:32.061600+00:00,spot_1,Spot 1,Occupied,2026-06-26T19:07:51.150966+00:00,1267,car,0.8465477228164673,6240,562.8299560546875,312.8741455078125,608.7969970703125,367.76171875
2026-06-26T19:43:32.061600+00:00,spot_2,Spot 2,Empty,2026-06-26T19:42:42.196128+00:00,,,,,,,,
2026-06-26T19:43:32.061600+00:00,spot_3,Spot 3,Occupied,2026-06-26T19:41:38.605990+00:00,1372,truck,0.6219224333763123,510,439.3531494140625,315.8573913574219,494.5018310546875,361.5389709472656
2026-06-26T19:43:32.061600+00:00,spot_4,Spot 4,Occupied,2026-06-26T18:21:10.531673+00:00,1301,car,0.8835653066635132,4941,388.5684814453125,320.5507507324219,441.33837890625,360.6512756347656
2026-06-26T19:43:32.061600+00:00,spot_5,Spot 5,Empty,2026-06-26T19:27:12.691024+00:00,,,,,,,,
2026-06-26T19:43:32.061600+00:00,spot_6,Spot 6,Occupied,2026-06-26T19:42:42.196128+00:00,1380,truck,0.5661386847496033,51,294.06097412109375,314.62628173828125,353.1021728515625,356.64337158203125
2026-06-26T19:43:32.061600+00:00,spot_7,Spot 7,Occupied,2026-06-26T19:42:42.196128+00:00,1379,car,0.8017668724060059,51,247.28338623046875,320.9161071777344,301.84307861328125,353.8290710449219
2026-06-26T19:43:32.061600+00:00,spot_8,Spot 8,Empty,2026-06-26T18:56:50.849962+00:00,,,,,,,,
2026-06-26T19:43:32.061600+00:00,spot_9,Spot 9,Occupied,2026-06-26T19:42:42.196128+00:00,1335,car,0.5843446254730225,3437,160.63613891601562,316.13580322265625,234.29217529296875,350.74456787109375
2026-06-26T19:43:32.061600+00:00,spot_10,Spot 10,Empty,2026-06-26T19:27:12.691024+00:00,,,,,,,,
2026-06-26T19:43:32.061600+00:00,spot_11,Spot 11,Occupied,2026-06-26T18:45:13.436978+00:00,1299,car,0.738902747631073,5003,122.13697814941406,316.2374267578125,167.91883850097656,343.120361328125
2026-06-26T19:43:32.061600+00:00,spot_12,Spot 12,Occupied,2026-06-26T19:42:42.196128+00:00,1368,car,0.5211403965950012,1038,102.62002563476562,314.51275634765625,140.41073608398438,340.21392822265625
2026-06-26T19:43:32.061600+00:00,spot_13,Spot 13,Occupied,2026-06-26T19:42:42.196128+00:00,1370,car,0.42786961793899536,918,77.25204467773438,312.58056640625,111.80694580078125,336.261474609375
2026-06-26T19:43:32.061600+00:00,spot_14,Spot 14,Occupied,2026-06-26T19:42:42.196128+00:00,1376,car,0.389736145734787,174,53.65333557128906,309.7940368652344,80.20735168457031,330.5859069824219
2026-06-26T19:43:32.061600+00:00,spot_15,Spot 15,Empty,2026-06-26T19:04:19.816717+00:00,,,,,,,,
2026-06-26T19:43:32.061600+00:00,spot_16,Spot 16,Occupied,2026-06-26T19:40:37.229131+00:00,1276,car,0.5501840114593506,6240,10.382328033447266,306.64898681640625,49.88629913330078,328.845458984375
2026-06-26T19:43:32.061600+00:00,spot_17,Spot 17,Empty,2026-06-26T18:28:07.314306+00:00,,,,,,,,
2026-06-26T19:44:24.604944+00:00,spot_1,Spot 1,Occupied,2026-06-26T19:07:51.150966+00:00,1267,car,0.807794451713562,6292,562.5280151367188,312.75799560546875,608.9619750976562,367.4200439453125
2026-06-26T19:44:24.604944+00:00,spot_2,Spot 2,Empty,2026-06-26T19:42:42.196128+00:00,,,,,,,,
2026-06-26T19:44:24.604944+00:00,spot_3,Spot 3,Occupied,2026-06-26T19:41:38.605990+00:00,1372,truck,0.6307355761528015,561,439.367919921875,314.9351806640625,495.3868408203125,362.1300048828125
2026-06-26T19:44:24.604944+00:00,spot_4,Spot 4,Occupied,2026-06-26T18:21:10.531673+00:00,1301,car,0.8984784483909607,4992,388.473876953125,320.43304443359375,441.288330078125,361.14501953125
2026-06-26T19:44:24.604944+00:00,spot_5,Spot 5,Empty,2026-06-26T19:27:12.691024+00:00,,,,,,,,
2026-06-26T19:44:24.604944+00:00,spot_6,Spot 6,Occupied,2026-06-26T19:44:24.604944+00:00,1374,car,0.7517510652542114,287,293.34796142578125,314.718505859375,353.02239990234375,357.0040283203125
2026-06-26T19:44:24.604944+00:00,spot_7,Spot 7,Occupied,2026-06-26T19:42:42.196128+00:00,1379,car,0.849425196647644,102,249.41180419921875,320.732421875,302.8780517578125,353.939697265625
2026-06-26T19:44:24.604944+00:00,spot_8,Spot 8,Empty,2026-06-26T18:56:50.849962+00:00,,,,,,,,
2026-06-26T19:44:24.604944+00:00,spot_9,Spot 9,Occupied,2026-06-26T19:42:42.196128+00:00,1335,car,0.46924638748168945,3489,160.58883666992188,316.20989990234375,234.89328002929688,350.46588134765625
2026-06-26T19:44:24.604944+00:00,spot_10,Spot 10,Empty,2026-06-26T19:27:12.691024+00:00,,,,,,,,
2026-06-26T19:44:24.604944+00:00,spot_11,Spot 11,Occupied,2026-06-26T18:45:13.436978+00:00,1299,car,0.7913933396339417,5054,121.31863403320312,316.0275573730469,177.38497924804688,341.9956359863281
2026-06-26T19:44:24.604944+00:00,spot_12,Spot 12,Empty,2026-06-26T19:44:24.604944+00:00,,,,,,,,
2026-06-26T19:44:24.604944+00:00,spot_13,Spot 13,Empty,2026-06-26T19:44:24.604944+00:00,,,,,,,,
2026-06-26T19:44:24.604944+00:00,spot_14,Spot 14,Occupied,2026-06-26T19:42:42.196128+00:00,1376,car,0.439791738986969,225,54.23654556274414,310.35723876953125,81.07196044921875,330.51544189453125
2026-06-26T19:44:24.604944+00:00,spot_15,Spot 15,Empty,2026-06-26T19:04:19.816717+00:00,,,,,,,,
2026-06-26T19:44:24.604944+00:00,spot_16,Spot 16,Occupied,2026-06-26T19:40:37.229131+00:00,1276,car,0.43780261278152466,6292,10.580802917480469,307.1524963378906,51.625144958496094,328.0903015136719
2026-06-26T19:44:24.604944+00:00,spot_17,Spot 17,Empty,2026-06-26T18:28:07.314306+00:00,,,,,,,,
2026-06-26T19:45:25.174550+00:00,spot_1,Spot 1,Occupied,2026-06-26T19:07:51.150966+00:00,1267,car,0.8460027575492859,6353,561.75048828125,312.97247314453125,609.17431640625,371.69244384765625
2026-06-26T19:45:25.174550+00:00,spot_2,Spot 2,Empty,2026-06-26T19:42:42.196128+00:00,,,,,,,,
2026-06-26T19:45:25.174550+00:00,spot_3,Spot 3,Occupied,2026-06-26T19:45:25.174550+00:00,1381,car,0.6609979271888733,0,439.3320617675781,316.5501403808594,494.5571594238281,361.8198547363281
2026-06-26T19:45:25.174550+00:00,spot_4,Spot 4,Occupied,2026-06-26T18:21:10.531673+00:00,1301,car,0.8844888210296631,5054,387.85943603515625,320.6324462890625,441.35589599609375,361.3079833984375
2026-06-26T19:45:25.174550+00:00,spot_5,Spot 5,Empty,2026-06-26T19:27:12.691024+00:00,,,,,,,,
2026-06-26T19:45:25.174550+00:00,spot_6,Spot 6,Occupied,2026-06-26T19:45:25.174550+00:00,1380,truck,0.4194296598434448,164,293.61151123046875,314.55462646484375,352.87139892578125,357.01177978515625
2026-06-26T19:45:25.174550+00:00,spot_7,Spot 7,Occupied,2026-06-26T19:42:42.196128+00:00,1379,car,0.706714928150177,164,248.80380249023438,320.5731201171875,298.5207824707031,354.81353759765625
2026-06-26T19:45:25.174550+00:00,spot_8,Spot 8,Empty,2026-06-26T18:56:50.849962+00:00,,,,,,,,
2026-06-26T19:45:25.174550+00:00,spot_9,Spot 9,Occupied,2026-06-26T19:45:25.174550+00:00,1378,truck,0.6059862375259399,226,160.2957763671875,315.9942321777344,234.14541625976562,350.4120178222656
2026-06-26T19:45:25.174550+00:00,spot_10,Spot 10,Empty,2026-06-26T19:27:12.691024+00:00,,,,,,,,
2026-06-26T19:45:25.174550+00:00,spot_11,Spot 11,Occupied,2026-06-26T18:45:13.436978+00:00,1299,car,0.7622920870780945,5116,122.27232360839844,316.1297912597656,177.66737365722656,342.7411804199219
2026-06-26T19:45:25.174550+00:00,spot_12,Spot 12,Empty,2026-06-26T19:44:24.604944+00:00,,,,,,,,
2026-06-26T19:45:25.174550+00:00,spot_13,Spot 13,Empty,2026-06-26T19:44:24.604944+00:00,,,,,,,,
2026-06-26T19:45:25.174550+00:00,spot_14,Spot 14,Occupied,2026-06-26T19:42:42.196128+00:00,1376,car,0.3652401864528656,287,52.45675277709961,309.472900390625,79.79119873046875,330.547119140625
2026-06-26T19:45:25.174550+00:00,spot_15,Spot 15,Empty,2026-06-26T19:04:19.816717+00:00,,,,,,,,
2026-06-26T19:45:25.174550+00:00,spot_16,Spot 16,Empty,2026-06-26T19:45:25.174550+00:00,,,,,,,,
2026-06-26T19:45:25.174550+00:00,spot_17,Spot 17,Occupied,2026-06-26T19:45:25.174550+00:00,1276,car,0.6213520169258118,6353,7.7331695556640625,307.015869140625,47.106929779052734,328.66162109375
2026-06-26T19:46:23.535860+00:00,spot_1,Spot 1,Occupied,2026-06-26T19:07:51.150966+00:00,1267,car,0.8388398289680481,6412,562.328369140625,312.6440124511719,609.645263671875,371.4476013183594
2026-06-26T19:46:23.535860+00:00,spot_2,Spot 2,Empty,2026-06-26T19:42:42.196128+00:00,,,,,,,,
2026-06-26T19:46:23.535860+00:00,spot_3,Spot 3,Occupied,2026-06-26T19:46:23.535860+00:00,1372,truck,0.44764959812164307,681,439.41668701171875,316.3740234375,495.07440185546875,361.649169921875
2026-06-26T19:46:23.535860+00:00,spot_4,Spot 4,Occupied,2026-06-26T18:21:10.531673+00:00,1301,car,0.8866883516311646,5112,388.5704345703125,320.49200439453125,440.7821044921875,361.1544189453125
2026-06-26T19:46:23.535860+00:00,spot_5,Spot 5,Empty,2026-06-26T19:27:12.691024+00:00,,,,,,,,
2026-06-26T19:46:23.535860+00:00,spot_6,Spot 6,Occupied,2026-06-26T19:46:23.535860+00:00,1374,car,0.8464475274085999,407,295.761962890625,314.841552734375,353.205322265625,358.318359375
2026-06-26T19:46:23.535860+00:00,spot_7,Spot 7,Occupied,2026-06-26T19:42:42.196128+00:00,1379,car,0.778561532497406,222,249.0221710205078,320.515869140625,302.75518798828125,354.00439453125
2026-06-26T19:46:23.535860+00:00,spot_8,Spot 8,Empty,2026-06-26T18:56:50.849962+00:00,,,,,,,,
2026-06-26T19:46:23.535860+00:00,spot_9,Spot 9,Occupied,2026-06-26T19:45:25.174550+00:00,1378,truck,0.5995355248451233,284,160.49801635742188,316.6984558105469,234.34619140625,350.4638977050781
2026-06-26T19:46:23.535860+00:00,spot_10,Spot 10,Empty,2026-06-26T19:27:12.691024+00:00,,,,,,,,
2026-06-26T19:46:23.535860+00:00,spot_11,Spot 11,Occupied,2026-06-26T18:45:13.436978+00:00,1299,car,0.6226088404655457,5174,120.59830474853516,316.20745849609375,171.32174682617188,342.04595947265625
2026-06-26T19:46:23.535860+00:00,spot_12,Spot 12,Occupied,2026-06-26T19:46:23.535860+00:00,1368,car,0.4387572109699249,1210,101.67958068847656,312.85711669921875,140.63548278808594,339.24395751953125
2026-06-26T19:46:23.535860+00:00,spot_13,Spot 13,Empty,2026-06-26T19:44:24.604944+00:00,,,,,,,,
2026-06-26T19:46:23.535860+00:00,spot_14,Spot 14,Empty,2026-06-26T19:46:23.535860+00:00,,,,,,,,
2026-06-26T19:46:23.535860+00:00,spot_15,Spot 15,Empty,2026-06-26T19:04:19.816717+00:00,,,,,,,,
2026-06-26T19:46:23.535860+00:00,spot_16,Spot 16,Occupied,2026-06-26T19:46:23.535860+00:00,1276,car,0.5416316390037537,6412,7.840049743652344,306.9122619628906,48.937156677246094,328.9565734863281
2026-06-26T19:46:23.535860+00:00,spot_17,Spot 17,Empty,2026-06-26T19:46:23.535860+00:00,,,,,,,,
2026-06-26T19:47:23.652696+00:00,spot_1,Spot 1,Occupied,2026-06-26T19:07:51.150966+00:00,1267,car,0.8224426507949829,6471,562.5333251953125,312.736572265625,609.1749267578125,371.085205078125
2026-06-26T19:47:23.652696+00:00,spot_2,Spot 2,Empty,2026-06-26T19:42:42.196128+00:00,,,,,,,,
2026-06-26T19:47:23.652696+00:00,spot_3,Spot 3,Occupied,2026-06-26T19:47:23.652696+00:00,1381,car,0.6680608987808228,117,439.645751953125,314.620361328125,495.08642578125,361.306640625
2026-06-26T19:47:23.652696+00:00,spot_4,Spot 4,Occupied,2026-06-26T18:21:10.531673+00:00,1301,car,0.8787000775337219,5172,388.5772705078125,320.5122985839844,442.0882568359375,360.0177307128906
2026-06-26T19:47:23.652696+00:00,spot_5,Spot 5,Empty,2026-06-26T19:27:12.691024+00:00,,,,,,,,
2026-06-26T19:47:23.652696+00:00,spot_6,Spot 6,Occupied,2026-06-26T19:46:23.535860+00:00,1374,car,0.670441210269928,466,294.1983947753906,323.63629150390625,352.5450134277344,356.64361572265625
2026-06-26T19:47:23.652696+00:00,spot_7,Spot 7,Occupied,2026-06-26T19:42:42.196128+00:00,1379,car,0.8498347401618958,282,249.2681884765625,320.5018005371094,301.9959716796875,353.8799743652344
2026-06-26T19:47:23.652696+00:00,spot_8,Spot 8,Empty,2026-06-26T18:56:50.849962+00:00,,,,,,,,
2026-06-26T19:47:23.652696+00:00,spot_9,Spot 9,Occupied,2026-06-26T19:45:25.174550+00:00,1378,truck,0.6510156393051147,344,160.7378387451172,315.7606201171875,234.67311096191406,350.9178466796875
2026-06-26T19:47:23.652696+00:00,spot_10,Spot 10,Empty,2026-06-26T19:27:12.691024+00:00,,,,,,,,
2026-06-26T19:47:23.652696+00:00,spot_11,Spot 11,Occupied,2026-06-26T18:45:13.436978+00:00,1299,car,0.7220682501792908,5234,123.0428466796875,316.3771057128906,167.671142578125,342.4779357910156
2026-06-26T19:47:23.652696+00:00,spot_12,Spot 12,Occupied,2026-06-26T19:46:23.535860+00:00,1368,car,0.37281957268714905,1269,101.33903503417969,313.6915283203125,137.47467041015625,339.9091796875
2026-06-26T19:47:23.652696+00:00,spot_13,Spot 13,Occupied,2026-06-26T19:47:23.652696+00:00,1382,car,0.3712100684642792,0,78.26988220214844,312.6328125,112.37483215332031,335.803466796875
2026-06-26T19:47:23.652696+00:00,spot_14,Spot 14,Occupied,2026-06-26T19:47:23.652696+00:00,1376,car,0.5328279733657837,405,53.62322235107422,310.5927734375,81.1230697631836,330.658935546875
2026-06-26T19:47:23.652696+00:00,spot_15,Spot 15,Empty,2026-06-26T19:04:19.816717+00:00,,,,,,,,
2026-06-26T19:47:23.652696+00:00,spot_16,Spot 16,Occupied,2026-06-26T19:46:23.535860+00:00,1276,car,0.613239049911499,6471,9.54107666015625,306.9819030761719,52.294334411621094,329.1015930175781
2026-06-26T19:47:23.652696+00:00,spot_17,Spot 17,Empty,2026-06-26T19:46:23.535860+00:00,,,,,,,,
2026-06-26T19:48:23.292139+00:00,spot_1,Spot 1,Occupied,2026-06-26T19:07:51.150966+00:00,1267,car,0.8761431574821472,6532,561.9915771484375,313.02880859375,609.7069091796875,371.5533447265625
2026-06-26T19:48:23.292139+00:00,spot_2,Spot 2,Empty,2026-06-26T19:42:42.196128+00:00,,,,,,,,
2026-06-26T19:48:23.292139+00:00,spot_3,Spot 3,Occupied,2026-06-26T19:47:23.652696+00:00,1381,car,0.7736232876777649,178,439.3575439453125,315.3388671875,494.83941650390625,361.4324951171875
2026-06-26T19:48:23.292139+00:00,spot_4,Spot 4,Occupied,2026-06-26T18:21:10.531673+00:00,1301,car,0.8396058678627014,5232,388.1571044921875,320.41351318359375,436.87841796875,360.25775146484375
2026-06-26T19:48:23.292139+00:00,spot_5,Spot 5,Empty,2026-06-26T19:27:12.691024+00:00,,,,,,,,
2026-06-26T19:48:23.292139+00:00,spot_6,Spot 6,Occupied,2026-06-26T19:46:23.535860+00:00,1374,car,0.8308361768722534,527,294.177734375,314.4501037597656,352.83941650390625,357.0685729980469
2026-06-26T19:48:23.292139+00:00,spot_7,Spot 7,Occupied,2026-06-26T19:42:42.196128+00:00,1379,car,0.8627748489379883,342,249.37619018554688,320.6252136230469,302.1386413574219,353.8246154785156
2026-06-26T19:48:23.292139+00:00,spot_8,Spot 8,Empty,2026-06-26T18:56:50.849962+00:00,,,,,,,,
2026-06-26T19:48:23.292139+00:00,spot_9,Spot 9,Occupied,2026-06-26T19:45:25.174550+00:00,1378,truck,0.4810885787010193,404,159.75909423828125,315.7335205078125,234.54681396484375,351.1240234375
2026-06-26T19:48:23.292139+00:00,spot_10,Spot 10,Empty,2026-06-26T19:27:12.691024+00:00,,,,,,,,
2026-06-26T19:48:23.292139+00:00,spot_11,Spot 11,Occupied,2026-06-26T18:45:13.436978+00:00,1299,car,0.6677733659744263,5294,120.43815612792969,315.9805603027344,177.2733917236328,342.8699035644531
2026-06-26T19:48:23.292139+00:00,spot_12,Spot 12,Empty,2026-06-26T19:48:23.292139+00:00,,,,,,,,
2026-06-26T19:48:23.292139+00:00,spot_13,Spot 13,Empty,2026-06-26T19:48:23.292139+00:00,,,,,,,,
2026-06-26T19:48:23.292139+00:00,spot_14,Spot 14,Empty,2026-06-26T19:48:23.292139+00:00,,,,,,,,
2026-06-26T19:48:23.292139+00:00,spot_15,Spot 15,Occupied,2026-06-26T19:48:23.292139+00:00,1376,car,0.4846199154853821,465,53.150142669677734,310.329345703125,76.66604614257812,330.45269775390625
2026-06-26T19:48:23.292139+00:00,spot_16,Spot 16,Occupied,2026-06-26T19:46:23.535860+00:00,1276,car,0.49017053842544556,6532,10.110366821289062,306.92156982421875,49.6256217956543,328.75787353515625
2026-06-26T19:48:23.292139+00:00,spot_17,Spot 17,Empty,2026-06-26T19:46:23.535860+00:00,,,,,,,,
2026-06-26T19:49:23.030873+00:00,spot_1,Spot 1,Occupied,2026-06-26T19:07:51.150966+00:00,1267,car,0.7757169604301453,6590,562.052490234375,313.174560546875,608.697021484375,371.277587890625
2026-06-26T19:49:23.030873+00:00,spot_2,Spot 2,Empty,2026-06-26T19:42:42.196128+00:00,,,,,,,,
2026-06-26T19:49:23.030873+00:00,spot_3,Spot 3,Occupied,2026-06-26T19:47:23.652696+00:00,1381,car,0.7302836775779724,236,439.5977478027344,314.89453125,494.6672058105469,361.68389892578125
2026-06-26T19:49:23.030873+00:00,spot_4,Spot 4,Occupied,2026-06-26T18:21:10.531673+00:00,1301,car,0.8872262239456177,5291,388.556396484375,320.5562438964844,443.16748046875,361.1244812011719
2026-06-26T19:49:23.030873+00:00,spot_5,Spot 5,Empty,2026-06-26T19:27:12.691024+00:00,,,,,,,,
2026-06-26T19:49:23.030873+00:00,spot_6,Spot 6,Occupied,2026-06-26T19:46:23.535860+00:00,1374,car,0.87629234790802,585,294.158935546875,314.68695068359375,353.1590576171875,356.97821044921875
2026-06-26T19:49:23.030873+00:00,spot_7,Spot 7,Occupied,2026-06-26T19:42:42.196128+00:00,1379,car,0.8692750930786133,401,249.53182983398438,320.65728759765625,301.7593688964844,353.68499755859375
2026-06-26T19:49:23.030873+00:00,spot_8,Spot 8,Empty,2026-06-26T18:56:50.849962+00:00,,,,,,,,
2026-06-26T19:49:23.030873+00:00,spot_9,Spot 9,Occupied,2026-06-26T19:45:25.174550+00:00,1378,truck,0.7097377777099609,463,160.78536987304688,316.1585693359375,235.70651245117188,350.22528076171875
2026-06-26T19:49:23.030873+00:00,spot_10,Spot 10,Empty,2026-06-26T19:27:12.691024+00:00,,,,,,,,
2026-06-26T19:49:23.030873+00:00,spot_11,Spot 11,Occupied,2026-06-26T18:45:13.436978+00:00,1299,car,0.7300042510032654,5353,121.01007843017578,315.60369873046875,177.94140625,342.0831298828125
2026-06-26T19:49:23.030873+00:00,spot_12,Spot 12,Empty,2026-06-26T19:48:23.292139+00:00,,,,,,,,
2026-06-26T19:49:23.030873+00:00,spot_13,Spot 13,Empty,2026-06-26T19:48:23.292139+00:00,,,,,,,,
2026-06-26T19:49:23.030873+00:00,spot_14,Spot 14,Empty,2026-06-26T19:48:23.292139+00:00,,,,,,,,
2026-06-26T19:49:23.030873+00:00,spot_15,Spot 15,Empty,2026-06-26T19:49:23.030873+00:00,,,,,,,,
2026-06-26T19:49:23.030873+00:00,spot_16,Spot 16,Occupied,2026-06-26T19:46:23.535860+00:00,1276,car,0.49853137135505676,6590,11.289905548095703,307.12103271484375,49.01630783081055,328.48858642578125
2026-06-26T19:49:23.030873+00:00,spot_17,Spot 17,Empty,2026-06-26T19:46:23.535860+00:00,,,,,,,,
2026-06-26T19:50:23.622455+00:00,spot_1,Spot 1,Occupied,2026-06-26T19:07:51.150966+00:00,1267,car,0.7260452508926392,6651,562.175048828125,312.39862060546875,609.18798828125,370.68011474609375
2026-06-26T19:50:23.622455+00:00,spot_2,Spot 2,Empty,2026-06-26T19:42:42.196128+00:00,,,,,,,,
2026-06-26T19:50:23.622455+00:00,spot_3,Spot 3,Occupied,2026-06-26T19:47:23.652696+00:00,1381,car,0.7992061376571655,297,439.73260498046875,317.06793212890625,494.728271484375,360.90142822265625
2026-06-26T19:50:23.622455+00:00,spot_4,Spot 4,Occupied,2026-06-26T18:21:10.531673+00:00,1301,car,0.8761028051376343,5352,388.70745849609375,320.409423828125,440.36846923828125,360.65045166015625
2026-06-26T19:50:23.622455+00:00,spot_5,Spot 5,Empty,2026-06-26T19:27:12.691024+00:00,,,,,,,,
2026-06-26T19:50:23.622455+00:00,spot_6,Spot 6,Occupied,2026-06-26T19:46:23.535860+00:00,1374,car,0.7542537450790405,646,293.7098388671875,314.7642517089844,352.6478271484375,356.6766662597656
2026-06-26T19:50:23.622455+00:00,spot_7,Spot 7,Occupied,2026-06-26T19:42:42.196128+00:00,1379,car,0.7825894951820374,462,249.63632202148438,320.46136474609375,299.0682067871094,353.95806884765625
2026-06-26T19:50:23.622455+00:00,spot_8,Spot 8,Empty,2026-06-26T18:56:50.849962+00:00,,,,,,,,
2026-06-26T19:50:23.622455+00:00,spot_9,Spot 9,Occupied,2026-06-26T19:45:25.174550+00:00,1378,truck,0.5192694664001465,524,160.87579345703125,316.61370849609375,232.84317016601562,350.85955810546875
2026-06-26T19:50:23.622455+00:00,spot_10,Spot 10,Empty,2026-06-26T19:27:12.691024+00:00,,,,,,,,
2026-06-26T19:50:23.622455+00:00,spot_11,Spot 11,Occupied,2026-06-26T18:45:13.436978+00:00,1299,car,0.7564839124679565,5414,119.07426452636719,315.9810791015625,178.3192596435547,341.86962890625
2026-06-26T19:50:23.622455+00:00,spot_12,Spot 12,Occupied,2026-06-26T19:50:23.622455+00:00,1385,car,0.48147478699684143,0,102.15577697753906,312.8367919921875,136.6714324951172,339.306396484375
2026-06-26T19:50:23.622455+00:00,spot_13,Spot 13,Occupied,2026-06-26T19:50:23.622455+00:00,1386,car,0.40884873270988464,0,79.95462036132812,312.40478515625,112.92593383789062,335.681884765625
2026-06-26T19:50:23.622455+00:00,spot_14,Spot 14,Empty,2026-06-26T19:48:23.292139+00:00,,,,,,,,
2026-06-26T19:50:23.622455+00:00,spot_15,Spot 15,Empty,2026-06-26T19:49:23.030873+00:00,,,,,,,,
2026-06-26T19:50:23.622455+00:00,spot_16,Spot 16,Empty,2026-06-26T19:50:23.622455+00:00,,,,,,,,
2026-06-26T19:50:23.622455+00:00,spot_17,Spot 17,Occupied,2026-06-26T19:50:23.622455+00:00,1276,car,0.689028799533844,6651,6.661952972412109,307.07757568359375,45.94524383544922,328.57354736328125
2026-06-26T19:51:22.787544+00:00,spot_1,Spot 1,Occupied,2026-06-26T19:07:51.150966+00:00,1267,car,0.8506921529769897,6711,563.124755859375,313.3792724609375,608.322265625,370.8636474609375
2026-06-26T19:51:22.787544+00:00,spot_2,Spot 2,Empty,2026-06-26T19:42:42.196128+00:00,,,,,,,,
2026-06-26T19:51:22.787544+00:00,spot_3,Spot 3,Occupied,2026-06-26T19:47:23.652696+00:00,1381,car,0.4713442027568817,357,439.6126708984375,314.731689453125,494.8424072265625,361.3150634765625
2026-06-26T19:51:22.787544+00:00,spot_4,Spot 4,Occupied,2026-06-26T18:21:10.531673+00:00,1301,car,0.8561090230941772,5411,388.37445068359375,321.28851318359375,441.22662353515625,361.05548095703125
2026-06-26T19:51:22.787544+00:00,spot_5,Spot 5,Empty,2026-06-26T19:27:12.691024+00:00,,,,,,,,
2026-06-26T19:51:22.787544+00:00,spot_6,Spot 6,Occupied,2026-06-26T19:46:23.535860+00:00,1374,car,0.865304172039032,706,293.4710693359375,314.78643798828125,353.110595703125,358.25958251953125
2026-06-26T19:51:22.787544+00:00,spot_7,Spot 7,Occupied,2026-06-26T19:42:42.196128+00:00,1379,car,0.8545229434967041,521,249.46127319335938,320.07403564453125,299.2557067871094,354.44598388671875
2026-06-26T19:51:22.787544+00:00,spot_8,Spot 8,Empty,2026-06-26T18:56:50.849962+00:00,,,,,,,,
2026-06-26T19:51:22.787544+00:00,spot_9,Spot 9,Occupied,2026-06-26T19:51:22.787544+00:00,1383,car,0.8484674692153931,178,160.67465209960938,316.475341796875,235.16983032226562,350.68505859375
2026-06-26T19:51:22.787544+00:00,spot_10,Spot 10,Empty,2026-06-26T19:27:12.691024+00:00,,,,,,,,
2026-06-26T19:51:22.787544+00:00,spot_11,Spot 11,Occupied,2026-06-26T18:45:13.436978+00:00,1299,car,0.7685025334358215,5473,126.27131652832031,316.5368957519531,177.52064514160156,342.3362121582031
2026-06-26T19:51:22.787544+00:00,spot_12,Spot 12,Empty,2026-06-26T19:51:22.787544+00:00,,,,,,,,
2026-06-26T19:51:22.787544+00:00,spot_13,Spot 13,Empty,2026-06-26T19:51:22.787544+00:00,,,,,,,,
2026-06-26T19:51:22.787544+00:00,spot_14,Spot 14,Empty,2026-06-26T19:48:23.292139+00:00,,,,,,,,
2026-06-26T19:51:22.787544+00:00,spot_15,Spot 15,Occupied,2026-06-26T19:51:22.787544+00:00,1376,car,0.4002726376056671,644,51.90680694580078,310.812255859375,78.02715301513672,330.1256103515625
2026-06-26T19:51:22.787544+00:00,spot_16,Spot 16,Occupied,2026-06-26T19:51:22.787544+00:00,1276,car,0.5236810445785522,6711,12.613346099853516,307.3753967285156,50.0294075012207,329.0746154785156
2026-06-26T19:51:22.787544+00:00,spot_17,Spot 17,Empty,2026-06-26T19:51:22.787544+00:00,,,,,,,,
2026-06-26T19:52:22.672898+00:00,spot_1,Spot 1,Occupied,2026-06-26T19:07:51.150966+00:00,1267,car,0.8845569491386414,6771,563.147216796875,312.8550720214844,608.521484375,367.8775939941406
2026-06-26T19:52:22.672898+00:00,spot_2,Spot 2,Empty,2026-06-26T19:42:42.196128+00:00,,,,,,,,
2026-06-26T19:52:22.672898+00:00,spot_3,Spot 3,Occupied,2026-06-26T19:47:23.652696+00:00,1381,car,0.41124847531318665,417,439.3431396484375,316.5403137207031,493.9888916015625,361.2742614746094
2026-06-26T19:52:22.672898+00:00,spot_4,Spot 4,Occupied,2026-06-26T18:21:10.531673+00:00,1301,car,0.8450460433959961,5472,388.53448486328125,320.82757568359375,441.58319091796875,360.40545654296875
2026-06-26T19:52:22.672898+00:00,spot_5,Spot 5,Empty,2026-06-26T19:27:12.691024+00:00,,,,,,,,
2026-06-26T19:52:22.672898+00:00,spot_6,Spot 6,Occupied,2026-06-26T19:46:23.535860+00:00,1374,car,0.8413723707199097,766,293.22021484375,314.803955078125,352.701904296875,357.2740478515625
2026-06-26T19:52:22.672898+00:00,spot_7,Spot 7,Occupied,2026-06-26T19:42:42.196128+00:00,1379,car,0.8536251187324524,582,249.6951904296875,320.50616455078125,301.285400390625,354.492919921875
2026-06-26T19:52:22.672898+00:00,spot_8,Spot 8,Empty,2026-06-26T18:56:50.849962+00:00,,,,,,,,
2026-06-26T19:52:22.672898+00:00,spot_9,Spot 9,Occupied,2026-06-26T19:51:22.787544+00:00,1383,car,0.632352888584137,239,159.91635131835938,316.65692138671875,234.25271606445312,350.57135009765625
2026-06-26T19:52:22.672898+00:00,spot_10,Spot 10,Empty,2026-06-26T19:27:12.691024+00:00,,,,,,,,
2026-06-26T19:52:22.672898+00:00,spot_11,Spot 11,Occupied,2026-06-26T18:45:13.436978+00:00,1299,car,0.8237867951393127,5534,124.97412872314453,315.82293701171875,177.7899169921875,342.24945068359375
2026-06-26T19:52:22.672898+00:00,spot_12,Spot 12,Occupied,2026-06-26T19:52:22.672898+00:00,1385,car,0.4893702566623688,119,99.92108154296875,313.15789794921875,136.93177795410156,339.12298583984375
2026-06-26T19:52:22.672898+00:00,spot_13,Spot 13,Empty,2026-06-26T19:51:22.787544+00:00,,,,,,,,
2026-06-26T19:52:22.672898+00:00,spot_14,Spot 14,Occupied,2026-06-26T19:52:22.672898+00:00,1376,car,0.4666946232318878,705,53.23503494262695,310.73931884765625,77.20411682128906,330.52069091796875
2026-06-26T19:52:22.672898+00:00,spot_15,Spot 15,Empty,2026-06-26T19:52:22.672898+00:00,,,,,,,,
2026-06-26T19:52:22.672898+00:00,spot_16,Spot 16,Occupied,2026-06-26T19:51:22.787544+00:00,1276,car,0.5280390977859497,6771,11.51919937133789,307.2037353515625,50.177581787109375,328.7503662109375
2026-06-26T19:52:22.672898+00:00,spot_17,Spot 17,Empty,2026-06-26T19:51:22.787544+00:00,,,,,,,,
2026-06-26T19:53:23.358607+00:00,spot_1,Spot 1,Occupied,2026-06-26T19:07:51.150966+00:00,1267,car,0.8687289953231812,6832,562.4044799804688,313.2005615234375,608.8075561523438,369.58984375
2026-06-26T19:53:23.358607+00:00,spot_2,Spot 2,Empty,2026-06-26T19:42:42.196128+00:00,,,,,,,,
2026-06-26T19:53:23.358607+00:00,spot_3,Spot 3,Occupied,2026-06-26T19:47:23.652696+00:00,1381,car,0.7820519208908081,478,439.807861328125,315.42950439453125,494.302734375,361.39129638671875
2026-06-26T19:53:23.358607+00:00,spot_4,Spot 4,Occupied,2026-06-26T18:21:10.531673+00:00,1301,car,0.8583080172538757,5532,388.25933837890625,320.80548095703125,442.62835693359375,360.84722900390625
2026-06-26T19:53:23.358607+00:00,spot_5,Spot 5,Empty,2026-06-26T19:27:12.691024+00:00,,,,,,,,
2026-06-26T19:53:23.358607+00:00,spot_6,Spot 6,Occupied,2026-06-26T19:46:23.535860+00:00,1374,car,0.7619715332984924,827,293.96044921875,314.5565185546875,352.531005859375,356.45428466796875
2026-06-26T19:53:23.358607+00:00,spot_7,Spot 7,Occupied,2026-06-26T19:42:42.196128+00:00,1379,car,0.8575374484062195,642,249.22311401367188,320.64837646484375,302.3157043457031,353.6944580078125
2026-06-26T19:53:23.358607+00:00,spot_8,Spot 8,Empty,2026-06-26T18:56:50.849962+00:00,,,,,,,,
2026-06-26T19:53:23.358607+00:00,spot_9,Spot 9,Occupied,2026-06-26T19:53:23.358607+00:00,1388,truck,0.5677192211151123,0,160.7437744140625,316.38201904296875,235.62942504882812,350.65509033203125
2026-06-26T19:53:23.358607+00:00,spot_10,Spot 10,Empty,2026-06-26T19:27:12.691024+00:00,,,,,,,,
2026-06-26T19:53:23.358607+00:00,spot_11,Spot 11,Occupied,2026-06-26T18:45:13.436978+00:00,1299,car,0.816642701625824,5594,121.8580551147461,316.3645324707031,177.55520629882812,341.5580749511719
2026-06-26T19:53:23.358607+00:00,spot_12,Spot 12,Empty,2026-06-26T19:53:23.358607+00:00,,,,,,,,
2026-06-26T19:53:23.358607+00:00,spot_13,Spot 13,Occupied,2026-06-26T19:53:23.358607+00:00,1389,car,0.4526625871658325,0,87.39224243164062,312.895751953125,112.5885009765625,336.0224609375
2026-06-26T19:53:23.358607+00:00,spot_14,Spot 14,Empty,2026-06-26T19:53:23.358607+00:00,,,,,,,,
2026-06-26T19:53:23.358607+00:00,spot_15,Spot 15,Empty,2026-06-26T19:52:22.672898+00:00,,,,,,,,
2026-06-26T19:53:23.358607+00:00,spot_16,Spot 16,Occupied,2026-06-26T19:51:22.787544+00:00,1276,car,0.4631020426750183,6832,9.83709716796875,307.0116882324219,47.26457214355469,328.5237121582031
2026-06-26T19:53:23.358607+00:00,spot_17,Spot 17,Empty,2026-06-26T19:51:22.787544+00:00,,,,,,,,
2026-06-26T19:54:24.320348+00:00,spot_1,Spot 1,Occupied,2026-06-26T19:07:51.150966+00:00,1267,car,0.8553959727287292,6892,562.6866455078125,313.41448974609375,608.5338134765625,368.82354736328125
2026-06-26T19:54:24.320348+00:00,spot_2,Spot 2,Empty,2026-06-26T19:42:42.196128+00:00,,,,,,,,
2026-06-26T19:54:24.320348+00:00,spot_3,Spot 3,Occupied,2026-06-26T19:47:23.652696+00:00,1381,car,0.6731683611869812,538,439.3630065917969,315.70196533203125,494.8063659667969,361.28631591796875
2026-06-26T19:54:24.320348+00:00,spot_4,Spot 4,Occupied,2026-06-26T18:21:10.531673+00:00,1301,car,0.8902126550674438,5592,388.40771484375,320.723388671875,441.436279296875,360.78326416015625
2026-06-26T19:54:24.320348+00:00,spot_5,Spot 5,Empty,2026-06-26T19:27:12.691024+00:00,,,,,,,,
2026-06-26T19:54:24.320348+00:00,spot_6,Spot 6,Occupied,2026-06-26T19:46:23.535860+00:00,1374,car,0.7075793743133545,887,294.16015625,322.2345886230469,352.9964599609375,357.1677551269531
2026-06-26T19:54:24.320348+00:00,spot_7,Spot 7,Occupied,2026-06-26T19:42:42.196128+00:00,1379,car,0.8558342456817627,702,249.60125732421875,320.5853271484375,302.0924072265625,353.738525390625
2026-06-26T19:54:24.320348+00:00,spot_8,Spot 8,Empty,2026-06-26T18:56:50.849962+00:00,,,,,,,,
2026-06-26T19:54:24.320348+00:00,spot_9,Spot 9,Occupied,2026-06-26T19:54:24.320348+00:00,1383,car,0.5450608134269714,360,160.50994873046875,316.74761962890625,235.44680786132812,350.75634765625
2026-06-26T19:54:24.320348+00:00,spot_10,Spot 10,Empty,2026-06-26T19:27:12.691024+00:00,,,,,,,,
2026-06-26T19:54:24.320348+00:00,spot_11,Spot 11,Occupied,2026-06-26T18:45:13.436978+00:00,1299,car,0.7505327463150024,5654,123.61650085449219,316.2391357421875,177.9496307373047,341.8944091796875
2026-06-26T19:54:24.320348+00:00,spot_12,Spot 12,Occupied,2026-06-26T19:54:24.320348+00:00,1385,car,0.41064199805259705,240,102.23741149902344,312.9212646484375,137.3727264404297,339.2998046875
2026-06-26T19:54:24.320348+00:00,spot_13,Spot 13,Occupied,2026-06-26T19:53:23.358607+00:00,1389,car,0.3896141052246094,60,86.89607238769531,312.98236083984375,112.72203063964844,336.01763916015625
2026-06-26T19:54:24.320348+00:00,spot_14,Spot 14,Empty,2026-06-26T19:53:23.358607+00:00,,,,,,,,
2026-06-26T19:54:24.320348+00:00,spot_15,Spot 15,Empty,2026-06-26T19:52:22.672898+00:00,,,,,,,,
2026-06-26T19:54:24.320348+00:00,spot_16,Spot 16,Occupied,2026-06-26T19:51:22.787544+00:00,1276,car,0.588870644569397,6892,10.298831939697266,307.15679931640625,47.673431396484375,328.88922119140625
2026-06-26T19:54:24.320348+00:00,spot_17,Spot 17,Empty,2026-06-26T19:51:22.787544+00:00,,,,,,,,
2026-06-26T19:55:22.480631+00:00,spot_1,Spot 1,Occupied,2026-06-26T19:07:51.150966+00:00,1267,car,0.8710255026817322,6950,562.509765625,313.29290771484375,608.6650390625,369.42364501953125
2026-06-26T19:55:22.480631+00:00,spot_2,Spot 2,Empty,2026-06-26T19:42:42.196128+00:00,,,,,,,,
2026-06-26T19:55:22.480631+00:00,spot_3,Spot 3,Occupied,2026-06-26T19:47:23.652696+00:00,1381,car,0.6827043294906616,596,439.5957946777344,315.1434326171875,494.4923400878906,360.4024658203125
2026-06-26T19:55:22.480631+00:00,spot_4,Spot 4,Occupied,2026-06-26T18:21:10.531673+00:00,1301,car,0.8842570781707764,5650,388.60687255859375,320.49017333984375,442.44830322265625,361.07208251953125
2026-06-26T19:55:22.480631+00:00,spot_5,Spot 5,Empty,2026-06-26T19:27:12.691024+00:00,,,,,,,,
2026-06-26T19:55:22.480631+00:00,spot_6,Spot 6,Occupied,2026-06-26T19:46:23.535860+00:00,1374,car,0.8455249071121216,945,294.2034606933594,315.2573547363281,352.8202209472656,356.9048767089844
2026-06-26T19:55:22.480631+00:00,spot_7,Spot 7,Occupied,2026-06-26T19:42:42.196128+00:00,1379,car,0.8704879879951477,760,249.56283569335938,320.72772216796875,302.1360168457031,354.08038330078125
2026-06-26T19:55:22.480631+00:00,spot_8,Spot 8,Empty,2026-06-26T18:56:50.849962+00:00,,,,,,,,
2026-06-26T19:55:22.480631+00:00,spot_9,Spot 9,Occupied,2026-06-26T19:55:22.480631+00:00,1388,truck,0.6485963463783264,118,159.76388549804688,315.66998291015625,234.43325805664062,351.32647705078125
2026-06-26T19:55:22.480631+00:00,spot_10,Spot 10,Empty,2026-06-26T19:27:12.691024+00:00,,,,,,,,
2026-06-26T19:55:22.480631+00:00,spot_11,Spot 11,Occupied,2026-06-26T18:45:13.436978+00:00,1299,car,0.7463465332984924,5712,119.46810150146484,316.15179443359375,177.30813598632812,341.42047119140625
2026-06-26T19:55:22.480631+00:00,spot_12,Spot 12,Empty,2026-06-26T19:55:22.480631+00:00,,,,,,,,
2026-06-26T19:55:22.480631+00:00,spot_13,Spot 13,Empty,2026-06-26T19:55:22.480631+00:00,,,,,,,,
2026-06-26T19:55:22.480631+00:00,spot_14,Spot 14,Occupied,2026-06-26T19:55:22.480631+00:00,1376,car,0.43780285120010376,883,53.998451232910156,310.4639892578125,79.9218978881836,331.27685546875
2026-06-26T19:55:22.480631+00:00,spot_15,Spot 15,Empty,2026-06-26T19:52:22.672898+00:00,,,,,,,,
2026-06-26T19:55:22.480631+00:00,spot_16,Spot 16,Occupied,2026-06-26T19:51:22.787544+00:00,1276,car,0.4254695475101471,6950,9.718063354492188,307.52972412109375,47.25465393066406,328.68768310546875
2026-06-26T19:55:22.480631+00:00,spot_17,Spot 17,Empty,2026-06-26T19:51:22.787544+00:00,,,,,,,,
2026-06-26T19:56:23.044251+00:00,spot_1,Spot 1,Occupied,2026-06-26T19:07:51.150966+00:00,1267,car,0.7754459381103516,7010,562.7637939453125,313.34344482421875,608.357421875,368.19598388671875
2026-06-26T19:56:23.044251+00:00,spot_2,Spot 2,Empty,2026-06-26T19:42:42.196128+00:00,,,,,,,,
2026-06-26T19:56:23.044251+00:00,spot_3,Spot 3,Occupied,2026-06-26T19:47:23.652696+00:00,1381,car,0.49893641471862793,657,439.349365234375,316.81396484375,493.32763671875,361.0950927734375
2026-06-26T19:56:23.044251+00:00,spot_4,Spot 4,Occupied,2026-06-26T18:21:10.531673+00:00,1301,car,0.8812107443809509,5711,388.36639404296875,320.9821472167969,441.61138916015625,361.1878967285156
2026-06-26T19:56:23.044251+00:00,spot_5,Spot 5,Empty,2026-06-26T19:27:12.691024+00:00,,,,,,,,
2026-06-26T19:56:23.044251+00:00,spot_6,Spot 6,Occupied,2026-06-26T19:46:23.535860+00:00,1374,car,0.871052086353302,1005,293.3194274902344,314.75433349609375,352.5081481933594,356.45635986328125
2026-06-26T19:56:23.044251+00:00,spot_7,Spot 7,Occupied,2026-06-26T19:42:42.196128+00:00,1379,car,0.8504449725151062,821,249.14920043945312,320.13336181640625,302.2314758300781,354.216796875
2026-06-26T19:56:23.044251+00:00,spot_8,Spot 8,Empty,2026-06-26T18:56:50.849962+00:00,,,,,,,,
2026-06-26T19:56:23.044251+00:00,spot_9,Spot 9,Occupied,2026-06-26T19:56:23.044251+00:00,1383,car,0.7616400718688965,478,160.6568603515625,316.2674255371094,234.57061767578125,350.7314758300781
2026-06-26T19:56:23.044251+00:00,spot_10,Spot 10,Empty,2026-06-26T19:27:12.691024+00:00,,,,,,,,
2026-06-26T19:56:23.044251+00:00,spot_11,Spot 11,Occupied,2026-06-26T18:45:13.436978+00:00,1299,car,0.8547306656837463,5773,122.57389831542969,316.284912109375,178.1270294189453,341.8414306640625
2026-06-26T19:56:23.044251+00:00,spot_12,Spot 12,Empty,2026-06-26T19:55:22.480631+00:00,,,,,,,,
2026-06-26T19:56:23.044251+00:00,spot_13,Spot 13,Occupied,2026-06-26T19:56:23.044251+00:00,1389,car,0.5325148701667786,178,76.37187194824219,312.3335266113281,127.20072937011719,335.9642639160156
2026-06-26T19:56:23.044251+00:00,spot_14,Spot 14,Empty,2026-06-26T19:56:23.044251+00:00,,,,,,,,
2026-06-26T19:56:23.044251+00:00,spot_15,Spot 15,Empty,2026-06-26T19:52:22.672898+00:00,,,,,,,,
2026-06-26T19:56:23.044251+00:00,spot_16,Spot 16,Occupied,2026-06-26T19:51:22.787544+00:00,1276,car,0.6870864629745483,7010,12.199954986572266,307.3404541015625,47.5833740234375,328.50238037109375
2026-06-26T19:56:23.044251+00:00,spot_17,Spot 17,Empty,2026-06-26T19:51:22.787544+00:00,,,,,,,,
2026-06-26T19:57:23.680561+00:00,spot_1,Spot 1,Occupied,2026-06-26T19:07:51.150966+00:00,1267,car,0.7454716563224792,7071,563.02099609375,313.0462646484375,609.2073974609375,369.3507080078125
2026-06-26T19:57:23.680561+00:00,spot_2,Spot 2,Empty,2026-06-26T19:42:42.196128+00:00,,,,,,,,
2026-06-26T19:57:23.680561+00:00,spot_3,Spot 3,Occupied,2026-06-26T19:57:23.680561+00:00,1390,truck,0.6939706206321716,60,439.05584716796875,315.07159423828125,494.58612060546875,361.11541748046875
2026-06-26T19:57:23.680561+00:00,spot_4,Spot 4,Occupied,2026-06-26T18:21:10.531673+00:00,1301,car,0.8905360102653503,5771,388.39202880859375,320.662353515625,440.091552734375,360.3037109375
2026-06-26T19:57:23.680561+00:00,spot_5,Spot 5,Empty,2026-06-26T19:27:12.691024+00:00,,,,,,,,
2026-06-26T19:57:23.680561+00:00,spot_6,Spot 6,Occupied,2026-06-26T19:46:23.535860+00:00,1374,car,0.8631535768508911,1066,294.052978515625,314.95782470703125,352.848388671875,356.64202880859375
2026-06-26T19:57:23.680561+00:00,spot_7,Spot 7,Occupied,2026-06-26T19:42:42.196128+00:00,1379,car,0.879027783870697,881,248.83706665039062,320.3050537109375,302.2499084472656,354.138427734375
2026-06-26T19:57:23.680561+00:00,spot_8,Spot 8,Empty,2026-06-26T18:56:50.849962+00:00,,,,,,,,
2026-06-26T19:57:23.680561+00:00,spot_9,Spot 9,Occupied,2026-06-26T19:57:23.680561+00:00,1388,truck,0.4860682785511017,239,160.47900390625,316.330810546875,234.38555908203125,350.71875
2026-06-26T19:57:23.680561+00:00,spot_10,Spot 10,Empty,2026-06-26T19:27:12.691024+00:00,,,,,,,,
2026-06-26T19:57:23.680561+00:00,spot_11,Spot 11,Occupied,2026-06-26T18:45:13.436978+00:00,1299,car,0.8273269534111023,5833,121.89436340332031,315.71783447265625,177.4900665283203,341.93426513671875
2026-06-26T19:57:23.680561+00:00,spot_12,Spot 12,Occupied,2026-06-26T19:57:23.680561+00:00,1389,car,0.5968644022941589,239,77.01170349121094,312.212158203125,127.20106506347656,336.60888671875
2026-06-26T19:57:23.680561+00:00,spot_13,Spot 13,Empty,2026-06-26T19:57:23.680561+00:00,,,,,,,,
2026-06-26T19:57:23.680561+00:00,spot_14,Spot 14,Empty,2026-06-26T19:56:23.044251+00:00,,,,,,,,
2026-06-26T19:57:23.680561+00:00,spot_15,Spot 15,Empty,2026-06-26T19:52:22.672898+00:00,,,,,,,,
2026-06-26T19:57:23.680561+00:00,spot_16,Spot 16,Occupied,2026-06-26T19:51:22.787544+00:00,1276,car,0.6217228770256042,7071,10.01791763305664,307.0955810546875,49.42104721069336,328.52294921875
2026-06-26T19:57:23.680561+00:00,spot_17,Spot 17,Empty,2026-06-26T19:51:22.787544+00:00,,,,,,,,
2026-06-26T19:58:23.621248+00:00,spot_1,Spot 1,Occupied,2026-06-26T19:07:51.150966+00:00,1267,car,0.8784098029136658,7131,562.5240478515625,313.1484069824219,608.5582275390625,371.4324035644531
2026-06-26T19:58:23.621248+00:00,spot_2,Spot 2,Empty,2026-06-26T19:42:42.196128+00:00,,,,,,,,
2026-06-26T19:58:23.621248+00:00,spot_3,Spot 3,Occupied,2026-06-26T19:58:23.621248+00:00,1381,car,0.4013509154319763,777,439.3850402832031,315.33563232421875,494.3982238769531,361.28375244140625
2026-06-26T19:58:23.621248+00:00,spot_4,Spot 4,Occupied,2026-06-26T18:21:10.531673+00:00,1301,car,0.8855230808258057,5832,387.978515625,320.5523376464844,442.7763671875,360.5071716308594
2026-06-26T19:58:23.621248+00:00,spot_5,Spot 5,Empty,2026-06-26T19:27:12.691024+00:00,,,,,,,,
2026-06-26T19:58:23.621248+00:00,spot_6,Spot 6,Occupied,2026-06-26T19:46:23.535860+00:00,1374,car,0.8660992980003357,1126,293.4297180175781,314.67327880859375,353.2118835449219,356.31512451171875
2026-06-26T19:58:23.621248+00:00,spot_7,Spot 7,Occupied,2026-06-26T19:42:42.196128+00:00,1379,car,0.8862076997756958,942,249.59742736816406,320.55975341796875,301.8450927734375,354.05291748046875
2026-06-26T19:58:23.621248+00:00,spot_8,Spot 8,Empty,2026-06-26T18:56:50.849962+00:00,,,,,,,,
2026-06-26T19:58:23.621248+00:00,spot_9,Spot 9,Occupied,2026-06-26T19:58:23.621248+00:00,1383,car,0.6912761926651001,599,160.59112548828125,316.17230224609375,226.17987060546875,351.3341064453125
2026-06-26T19:58:23.621248+00:00,spot_10,Spot 10,Empty,2026-06-26T19:27:12.691024+00:00,,,,,,,,
2026-06-26T19:58:23.621248+00:00,spot_11,Spot 11,Occupied,2026-06-26T18:45:13.436978+00:00,1299,car,0.8426159024238586,5894,122.4027099609375,316.3386535644531,177.36074829101562,341.4265441894531
2026-06-26T19:58:23.621248+00:00,spot_12,Spot 12,Occupied,2026-06-26T19:57:23.680561+00:00,1389,car,0.43211930990219116,299,85.43402099609375,312.419921875,126.971435546875,336.340576171875
2026-06-26T19:58:23.621248+00:00,spot_13,Spot 13,Empty,2026-06-26T19:57:23.680561+00:00,,,,,,,,
2026-06-26T19:58:23.621248+00:00,spot_14,Spot 14,Empty,2026-06-26T19:56:23.044251+00:00,,,,,,,,
2026-06-26T19:58:23.621248+00:00,spot_15,Spot 15,Empty,2026-06-26T19:52:22.672898+00:00,,,,,,,,
2026-06-26T19:58:23.621248+00:00,spot_16,Spot 16,Occupied,2026-06-26T19:51:22.787544+00:00,1276,car,0.635936975479126,7131,9.434768676757812,306.94464111328125,48.31156921386719,328.492431640625
2026-06-26T19:58:23.621248+00:00,spot_17,Spot 17,Empty,2026-06-26T19:51:22.787544+00:00,,,,,,,,
2026-06-26T19:59:22.269646+00:00,spot_1,Spot 1,Occupied,2026-06-26T19:07:51.150966+00:00,1267,car,0.8784098029136658,7189,562.5240478515625,313.1484069824219,608.5582275390625,371.4324035644531
2026-06-26T19:59:22.269646+00:00,spot_2,Spot 2,Empty,2026-06-26T19:42:42.196128+00:00,,,,,,,,
2026-06-26T19:59:22.269646+00:00,spot_3,Spot 3,Occupied,2026-06-26T19:58:23.621248+00:00,1381,car,0.4013509154319763,835,439.3850402832031,315.33563232421875,494.3982238769531,361.28375244140625
2026-06-26T19:59:22.269646+00:00,spot_4,Spot 4,Occupied,2026-06-26T18:21:10.531673+00:00,1301,car,0.8855230808258057,5889,387.978515625,320.5523376464844,442.7763671875,360.5071716308594
2026-06-26T19:59:22.269646+00:00,spot_5,Spot 5,Empty,2026-06-26T19:27:12.691024+00:00,,,,,,,,
2026-06-26T19:59:22.269646+00:00,spot_6,Spot 6,Occupied,2026-06-26T19:46:23.535860+00:00,1374,car,0.8660992980003357,1184,293.4297180175781,314.67327880859375,353.2118835449219,356.31512451171875
2026-06-26T19:59:22.269646+00:00,spot_7,Spot 7,Occupied,2026-06-26T19:42:42.196128+00:00,1379,car,0.8862076997756958,999,249.59742736816406,320.55975341796875,301.8450927734375,354.05291748046875
2026-06-26T19:59:22.269646+00:00,spot_8,Spot 8,Empty,2026-06-26T18:56:50.849962+00:00,,,,,,,,
2026-06-26T19:59:22.269646+00:00,spot_9,Spot 9,Occupied,2026-06-26T19:58:23.621248+00:00,1383,car,0.6912761926651001,657,160.59112548828125,316.17230224609375,226.17987060546875,351.3341064453125
2026-06-26T19:59:22.269646+00:00,spot_10,Spot 10,Empty,2026-06-26T19:27:12.691024+00:00,,,,,,,,
2026-06-26T19:59:22.269646+00:00,spot_11,Spot 11,Occupied,2026-06-26T18:45:13.436978+00:00,1299,car,0.8426159024238586,5951,122.4027099609375,316.3386535644531,177.36074829101562,341.4265441894531
2026-06-26T19:59:22.269646+00:00,spot_12,Spot 12,Occupied,2026-06-26T19:57:23.680561+00:00,1389,car,0.43211930990219116,357,85.43402099609375,312.419921875,126.971435546875,336.340576171875
2026-06-26T19:59:22.269646+00:00,spot_13,Spot 13,Empty,2026-06-26T19:57:23.680561+00:00,,,,,,,,
2026-06-26T19:59:22.269646+00:00,spot_14,Spot 14,Empty,2026-06-26T19:56:23.044251+00:00,,,,,,,,
2026-06-26T19:59:22.269646+00:00,spot_15,Spot 15,Empty,2026-06-26T19:52:22.672898+00:00,,,,,,,,
2026-06-26T19:59:22.269646+00:00,spot_16,Spot 16,Occupied,2026-06-26T19:51:22.787544+00:00,1276,car,0.635936975479126,7189,9.434768676757812,306.94464111328125,48.31156921386719,328.492431640625
2026-06-26T19:59:22.269646+00:00,spot_17,Spot 17,Empty,2026-06-26T19:51:22.787544+00:00,,,,,,,,
2026-06-26T20:00:30.956220+00:00,spot_1,Spot 1,Occupied,2026-06-26T20:00:30.956220+00:00,1393,truck,0.3585813641548157,0,562.66357421875,313.0353698730469,608.3160400390625,371.3849182128906
2026-06-26T20:00:30.956220+00:00,spot_2,Spot 2,Empty,2026-06-26T19:42:42.196128+00:00,,,,,,,,
2026-06-26T20:00:30.956220+00:00,spot_3,Spot 3,Occupied,2026-06-26T19:58:23.621248+00:00,1381,car,0.7496512532234192,907,439.47540283203125,314.84820556640625,493.70123291015625,361.76129150390625
2026-06-26T20:00:30.956220+00:00,spot_4,Spot 4,Occupied,2026-06-26T18:21:10.531673+00:00,1301,car,0.774599552154541,5961,388.4862365722656,320.072265625,440.0514221191406,360.3953857421875
2026-06-26T20:00:30.956220+00:00,spot_5,Spot 5,Empty,2026-06-26T19:27:12.691024+00:00,,,,,,,,
2026-06-26T20:00:30.956220+00:00,spot_6,Spot 6,Occupied,2026-06-26T19:46:23.535860+00:00,1374,car,0.8372904658317566,1256,293.5677490234375,315.120849609375,352.72119140625,356.738525390625
2026-06-26T20:00:30.956220+00:00,spot_7,Spot 7,Occupied,2026-06-26T19:42:42.196128+00:00,1379,car,0.8608458638191223,1072,248.69854736328125,320.2686767578125,304.12054443359375,353.8289794921875
2026-06-26T20:00:30.956220+00:00,spot_8,Spot 8,Empty,2026-06-26T18:56:50.849962+00:00,,,,,,,,
2026-06-26T20:00:30.956220+00:00,spot_9,Spot 9,Occupied,2026-06-26T19:58:23.621248+00:00,1383,car,0.45827198028564453,729,160.1056671142578,316.32684326171875,227.7063751220703,350.50128173828125
2026-06-26T20:00:30.956220+00:00,spot_10,Spot 10,Empty,2026-06-26T19:27:12.691024+00:00,,,,,,,,
2026-06-26T20:00:30.956220+00:00,spot_11,Spot 11,Occupied,2026-06-26T18:45:13.436978+00:00,1299,car,0.6939641237258911,6024,122.46784973144531,316.02325439453125,167.82359313964844,341.90643310546875
2026-06-26T20:00:30.956220+00:00,spot_12,Spot 12,Occupied,2026-06-26T19:57:23.680561+00:00,1389,car,0.5250915288925171,429,78.8697738647461,312.2796325683594,127.43370819091797,336.1949157714844
2026-06-26T20:00:30.956220+00:00,spot_13,Spot 13,Empty,2026-06-26T19:57:23.680561+00:00,,,,,,,,
2026-06-26T20:00:30.956220+00:00,spot_14,Spot 14,Occupied,2026-06-26T20:00:30.956220+00:00,1392,car,0.41154220700263977,0,54.95832443237305,312.9028015136719,88.95246887207031,330.0687561035156
2026-06-26T20:00:30.956220+00:00,spot_15,Spot 15,Empty,2026-06-26T19:52:22.672898+00:00,,,,,,,,
2026-06-26T20:00:30.956220+00:00,spot_16,Spot 16,Occupied,2026-06-26T19:51:22.787544+00:00,1276,car,0.6108556985855103,7261,9.168773651123047,306.8527526855469,48.67523193359375,328.4450988769531
2026-06-26T20:00:30.956220+00:00,spot_17,Spot 17,Empty,2026-06-26T19:51:22.787544+00:00,,,,,,,,
2026-06-26T20:01:24.456219+00:00,spot_1,Spot 1,Occupied,2026-06-26T20:00:30.956220+00:00,1393,truck,0.3585813641548157,50,562.66357421875,313.0353698730469,608.3160400390625,371.3849182128906
2026-06-26T20:01:24.456219+00:00,spot_2,Spot 2,Empty,2026-06-26T19:42:42.196128+00:00,,,,,,,,
2026-06-26T20:01:24.456219+00:00,spot_3,Spot 3,Occupied,2026-06-26T19:58:23.621248+00:00,1381,car,0.7496512532234192,958,439.47540283203125,314.84820556640625,493.70123291015625,361.76129150390625
2026-06-26T20:01:24.456219+00:00,spot_4,Spot 4,Occupied,2026-06-26T18:21:10.531673+00:00,1301,car,0.774599552154541,6012,388.4862365722656,320.072265625,440.0514221191406,360.3953857421875
2026-06-26T20:01:24.456219+00:00,spot_5,Spot 5,Empty,2026-06-26T19:27:12.691024+00:00,,,,,,,,
2026-06-26T20:01:24.456219+00:00,spot_6,Spot 6,Occupied,2026-06-26T19:46:23.535860+00:00,1374,car,0.8372904658317566,1307,293.5677490234375,315.120849609375,352.72119140625,356.738525390625
2026-06-26T20:01:24.456219+00:00,spot_7,Spot 7,Occupied,2026-06-26T19:42:42.196128+00:00,1379,car,0.8608458638191223,1122,248.69854736328125,320.2686767578125,304.12054443359375,353.8289794921875
2026-06-26T20:01:24.456219+00:00,spot_8,Spot 8,Empty,2026-06-26T18:56:50.849962+00:00,,,,,,,,
2026-06-26T20:01:24.456219+00:00,spot_9,Spot 9,Occupied,2026-06-26T19:58:23.621248+00:00,1383,car,0.45827198028564453,780,160.1056671142578,316.32684326171875,227.7063751220703,350.50128173828125
2026-06-26T20:01:24.456219+00:00,spot_10,Spot 10,Empty,2026-06-26T19:27:12.691024+00:00,,,,,,,,
2026-06-26T20:01:24.456219+00:00,spot_11,Spot 11,Occupied,2026-06-26T18:45:13.436978+00:00,1299,car,0.6939641237258911,6075,122.46784973144531,316.02325439453125,167.82359313964844,341.90643310546875
2026-06-26T20:01:24.456219+00:00,spot_12,Spot 12,Occupied,2026-06-26T19:57:23.680561+00:00,1389,car,0.5250915288925171,480,78.8697738647461,312.2796325683594,127.43370819091797,336.1949157714844
2026-06-26T20:01:24.456219+00:00,spot_13,Spot 13,Empty,2026-06-26T19:57:23.680561+00:00,,,,,,,,
2026-06-26T20:01:24.456219+00:00,spot_14,Spot 14,Occupied,2026-06-26T20:00:30.956220+00:00,1392,car,0.41154220700263977,50,54.95832443237305,312.9028015136719,88.95246887207031,330.0687561035156
2026-06-26T20:01:24.456219+00:00,spot_15,Spot 15,Empty,2026-06-26T19:52:22.672898+00:00,,,,,,,,
2026-06-26T20:01:24.456219+00:00,spot_16,Spot 16,Occupied,2026-06-26T19:51:22.787544+00:00,1276,car,0.6108556985855103,7312,9.168773651123047,306.8527526855469,48.67523193359375,328.4450988769531
2026-06-26T20:01:24.456219+00:00,spot_17,Spot 17,Empty,2026-06-26T19:51:22.787544+00:00,,,,,,,,
