timestamp_utc,spot_id,spot_label,status,status_since_utc,track_id,vehicle_type,confidence,dwell_seconds,bbox_x1,bbox_y1,bbox_x2,bbox_y2
2026-07-07T22:43:18.988102+00:00,spot_1,Spot 1,Empty,2026-07-07T22:04:20.920678+00:00,,,,,,,,
2026-07-07T22:43:18.988102+00:00,spot_2,Spot 2,Empty,2026-07-07T21:10:22.475363+00:00,,,,,,,,
2026-07-07T22:43:18.988102+00:00,spot_3,Spot 3,Occupied,2026-07-07T22:36:26.254929+00:00,2201,car,0.6710517406463623,411,443.65313720703125,327.8133239746094,499.22711181640625,374.2494201660156
2026-07-07T22:43:18.988102+00:00,spot_4,Spot 4,Empty,2026-07-07T22:26:19.721152+00:00,,,,,,,,
2026-07-07T22:43:18.988102+00:00,spot_5,Spot 5,Empty,2026-07-07T22:22:18.635920+00:00,,,,,,,,
2026-07-07T22:43:18.988102+00:00,spot_6,Spot 6,Empty,2026-07-07T22:23:19.653522+00:00,,,,,,,,
2026-07-07T22:43:18.988102+00:00,spot_7,Spot 7,Empty,2026-07-07T20:41:19.840193+00:00,,,,,,,,
2026-07-07T22:43:18.988102+00:00,spot_8,Spot 8,Occupied,2026-07-07T21:42:20.430418+00:00,2181,car,0.7294182777404785,4199,184.11419677734375,322.3424072265625,246.97390747070312,354.08697509765625
2026-07-07T22:43:18.988102+00:00,spot_9,Spot 9,Empty,2026-07-07T20:32:27.678069+00:00,,,,,,,,
2026-07-07T22:43:18.988102+00:00,spot_10,Spot 10,Empty,2026-07-07T21:58:26.831614+00:00,,,,,,,,
2026-07-07T22:43:18.988102+00:00,spot_11,Spot 11,Empty,2026-07-07T22:01:20.711562+00:00,,,,,,,,
2026-07-07T22:43:18.988102+00:00,spot_12,Spot 12,Empty,2026-07-07T21:38:25.635528+00:00,,,,,,,,
2026-07-07T22:43:18.988102+00:00,spot_13,Spot 13,Empty,2026-07-07T22:01:20.711562+00:00,,,,,,,,
2026-07-07T22:43:18.988102+00:00,spot_14,Spot 14,Empty,2026-07-07T21:51:20.011139+00:00,,,,,,,,
2026-07-07T22:43:18.988102+00:00,spot_15,Spot 15,Empty,2026-07-07T22:43:18.988102+00:00,,,,,,,,
2026-07-07T22:43:18.988102+00:00,spot_16,Spot 16,Empty,2026-07-07T21:15:20.312493+00:00,,,,,,,,
2026-07-07T22:43:18.988102+00:00,spot_17,Spot 17,Empty,2026-07-07T16:50:19.879437+00:00,,,,,,,,
2026-07-07T22:44:28.175961+00:00,spot_1,Spot 1,Empty,2026-07-07T22:04:20.920678+00:00,,,,,,,,
2026-07-07T22:44:28.175961+00:00,spot_2,Spot 2,Empty,2026-07-07T21:10:22.475363+00:00,,,,,,,,
2026-07-07T22:44:28.175961+00:00,spot_3,Spot 3,Occupied,2026-07-07T22:36:26.254929+00:00,2201,car,0.6893946528434753,481,444.06939697265625,327.8103942871094,499.8836669921875,373.9167785644531
2026-07-07T22:44:28.175961+00:00,spot_4,Spot 4,Empty,2026-07-07T22:26:19.721152+00:00,,,,,,,,
2026-07-07T22:44:28.175961+00:00,spot_5,Spot 5,Empty,2026-07-07T22:22:18.635920+00:00,,,,,,,,
2026-07-07T22:44:28.175961+00:00,spot_6,Spot 6,Empty,2026-07-07T22:23:19.653522+00:00,,,,,,,,
2026-07-07T22:44:28.175961+00:00,spot_7,Spot 7,Empty,2026-07-07T20:41:19.840193+00:00,,,,,,,,
2026-07-07T22:44:28.175961+00:00,spot_8,Spot 8,Occupied,2026-07-07T21:42:20.430418+00:00,2181,car,0.6059119701385498,4269,184.15280151367188,321.47406005859375,246.04971313476562,354.1708984375
2026-07-07T22:44:28.175961+00:00,spot_9,Spot 9,Empty,2026-07-07T20:32:27.678069+00:00,,,,,,,,
2026-07-07T22:44:28.175961+00:00,spot_10,Spot 10,Empty,2026-07-07T21:58:26.831614+00:00,,,,,,,,
2026-07-07T22:44:28.175961+00:00,spot_11,Spot 11,Empty,2026-07-07T22:01:20.711562+00:00,,,,,,,,
2026-07-07T22:44:28.175961+00:00,spot_12,Spot 12,Empty,2026-07-07T21:38:25.635528+00:00,,,,,,,,
2026-07-07T22:44:28.175961+00:00,spot_13,Spot 13,Empty,2026-07-07T22:01:20.711562+00:00,,,,,,,,
2026-07-07T22:44:28.175961+00:00,spot_14,Spot 14,Empty,2026-07-07T21:51:20.011139+00:00,,,,,,,,
2026-07-07T22:44:28.175961+00:00,spot_15,Spot 15,Occupied,2026-07-07T22:44:28.175961+00:00,2202,car,0.4606464207172394,481,36.580711364746094,312.9029541015625,73.73018646240234,331.5841064453125
2026-07-07T22:44:28.175961+00:00,spot_16,Spot 16,Empty,2026-07-07T21:15:20.312493+00:00,,,,,,,,
2026-07-07T22:44:28.175961+00:00,spot_17,Spot 17,Empty,2026-07-07T16:50:19.879437+00:00,,,,,,,,
2026-07-07T22:45:18.438207+00:00,spot_1,Spot 1,Empty,2026-07-07T22:04:20.920678+00:00,,,,,,,,
2026-07-07T22:45:18.438207+00:00,spot_2,Spot 2,Empty,2026-07-07T21:10:22.475363+00:00,,,,,,,,
2026-07-07T22:45:18.438207+00:00,spot_3,Spot 3,Occupied,2026-07-07T22:36:26.254929+00:00,2201,car,0.7295209169387817,529,443.82073974609375,327.8875732421875,500.54388427734375,374.259521484375
2026-07-07T22:45:18.438207+00:00,spot_4,Spot 4,Empty,2026-07-07T22:26:19.721152+00:00,,,,,,,,
2026-07-07T22:45:18.438207+00:00,spot_5,Spot 5,Empty,2026-07-07T22:22:18.635920+00:00,,,,,,,,
2026-07-07T22:45:18.438207+00:00,spot_6,Spot 6,Empty,2026-07-07T22:23:19.653522+00:00,,,,,,,,
2026-07-07T22:45:18.438207+00:00,spot_7,Spot 7,Empty,2026-07-07T20:41:19.840193+00:00,,,,,,,,
2026-07-07T22:45:18.438207+00:00,spot_8,Spot 8,Occupied,2026-07-07T21:42:20.430418+00:00,2181,car,0.6309414505958557,4317,183.58302307128906,322.38018798828125,246.62110900878906,354.0567626953125
2026-07-07T22:45:18.438207+00:00,spot_9,Spot 9,Empty,2026-07-07T20:32:27.678069+00:00,,,,,,,,
2026-07-07T22:45:18.438207+00:00,spot_10,Spot 10,Empty,2026-07-07T21:58:26.831614+00:00,,,,,,,,
2026-07-07T22:45:18.438207+00:00,spot_11,Spot 11,Empty,2026-07-07T22:01:20.711562+00:00,,,,,,,,
2026-07-07T22:45:18.438207+00:00,spot_12,Spot 12,Empty,2026-07-07T21:38:25.635528+00:00,,,,,,,,
2026-07-07T22:45:18.438207+00:00,spot_13,Spot 13,Empty,2026-07-07T22:01:20.711562+00:00,,,,,,,,
2026-07-07T22:45:18.438207+00:00,spot_14,Spot 14,Empty,2026-07-07T21:51:20.011139+00:00,,,,,,,,
2026-07-07T22:45:18.438207+00:00,spot_15,Spot 15,Occupied,2026-07-07T22:44:28.175961+00:00,2202,car,0.6552024483680725,529,37.233245849609375,311.8841857910156,76.53431701660156,331.2893981933594
2026-07-07T22:45:18.438207+00:00,spot_16,Spot 16,Empty,2026-07-07T21:15:20.312493+00:00,,,,,,,,
2026-07-07T22:45:18.438207+00:00,spot_17,Spot 17,Empty,2026-07-07T16:50:19.879437+00:00,,,,,,,,
2026-07-07T22:46:18.500525+00:00,spot_1,Spot 1,Empty,2026-07-07T22:04:20.920678+00:00,,,,,,,,
2026-07-07T22:46:18.500525+00:00,spot_2,Spot 2,Empty,2026-07-07T21:10:22.475363+00:00,,,,,,,,
2026-07-07T22:46:18.500525+00:00,spot_3,Spot 3,Occupied,2026-07-07T22:36:26.254929+00:00,2201,car,0.5407801270484924,590,444.49127197265625,327.9356689453125,497.63946533203125,373.81982421875
2026-07-07T22:46:18.500525+00:00,spot_4,Spot 4,Empty,2026-07-07T22:26:19.721152+00:00,,,,,,,,
2026-07-07T22:46:18.500525+00:00,spot_5,Spot 5,Empty,2026-07-07T22:22:18.635920+00:00,,,,,,,,
2026-07-07T22:46:18.500525+00:00,spot_6,Spot 6,Empty,2026-07-07T22:23:19.653522+00:00,,,,,,,,
2026-07-07T22:46:18.500525+00:00,spot_7,Spot 7,Empty,2026-07-07T20:41:19.840193+00:00,,,,,,,,
2026-07-07T22:46:18.500525+00:00,spot_8,Spot 8,Occupied,2026-07-07T21:42:20.430418+00:00,2181,car,0.7309367060661316,4378,183.78494262695312,322.8409729003906,245.73260498046875,353.9151306152344
2026-07-07T22:46:18.500525+00:00,spot_9,Spot 9,Empty,2026-07-07T20:32:27.678069+00:00,,,,,,,,
2026-07-07T22:46:18.500525+00:00,spot_10,Spot 10,Empty,2026-07-07T21:58:26.831614+00:00,,,,,,,,
2026-07-07T22:46:18.500525+00:00,spot_11,Spot 11,Empty,2026-07-07T22:01:20.711562+00:00,,,,,,,,
2026-07-07T22:46:18.500525+00:00,spot_12,Spot 12,Empty,2026-07-07T21:38:25.635528+00:00,,,,,,,,
2026-07-07T22:46:18.500525+00:00,spot_13,Spot 13,Empty,2026-07-07T22:01:20.711562+00:00,,,,,,,,
2026-07-07T22:46:18.500525+00:00,spot_14,Spot 14,Empty,2026-07-07T21:51:20.011139+00:00,,,,,,,,
2026-07-07T22:46:18.500525+00:00,spot_15,Spot 15,Empty,2026-07-07T22:46:18.500525+00:00,,,,,,,,
2026-07-07T22:46:18.500525+00:00,spot_16,Spot 16,Empty,2026-07-07T21:15:20.312493+00:00,,,,,,,,
2026-07-07T22:46:18.500525+00:00,spot_17,Spot 17,Empty,2026-07-07T16:50:19.879437+00:00,,,,,,,,
2026-07-07T22:47:21.889358+00:00,spot_1,Spot 1,Empty,2026-07-07T22:04:20.920678+00:00,,,,,,,,
2026-07-07T22:47:21.889358+00:00,spot_2,Spot 2,Empty,2026-07-07T21:10:22.475363+00:00,,,,,,,,
2026-07-07T22:47:21.889358+00:00,spot_3,Spot 3,Occupied,2026-07-07T22:36:26.254929+00:00,2201,car,0.5684418082237244,652,443.97869873046875,330.0674133300781,488.53533935546875,373.8570251464844
2026-07-07T22:47:21.889358+00:00,spot_4,Spot 4,Empty,2026-07-07T22:26:19.721152+00:00,,,,,,,,
2026-07-07T22:47:21.889358+00:00,spot_5,Spot 5,Empty,2026-07-07T22:22:18.635920+00:00,,,,,,,,
2026-07-07T22:47:21.889358+00:00,spot_6,Spot 6,Empty,2026-07-07T22:23:19.653522+00:00,,,,,,,,
2026-07-07T22:47:21.889358+00:00,spot_7,Spot 7,Empty,2026-07-07T20:41:19.840193+00:00,,,,,,,,
2026-07-07T22:47:21.889358+00:00,spot_8,Spot 8,Occupied,2026-07-07T21:42:20.430418+00:00,2181,car,0.7805843949317932,4439,183.7349853515625,322.2929992675781,246.78594970703125,353.9707336425781
2026-07-07T22:47:21.889358+00:00,spot_9,Spot 9,Empty,2026-07-07T20:32:27.678069+00:00,,,,,,,,
2026-07-07T22:47:21.889358+00:00,spot_10,Spot 10,Empty,2026-07-07T21:58:26.831614+00:00,,,,,,,,
2026-07-07T22:47:21.889358+00:00,spot_11,Spot 11,Empty,2026-07-07T22:01:20.711562+00:00,,,,,,,,
2026-07-07T22:47:21.889358+00:00,spot_12,Spot 12,Empty,2026-07-07T21:38:25.635528+00:00,,,,,,,,
2026-07-07T22:47:21.889358+00:00,spot_13,Spot 13,Empty,2026-07-07T22:01:20.711562+00:00,,,,,,,,
2026-07-07T22:47:21.889358+00:00,spot_14,Spot 14,Empty,2026-07-07T21:51:20.011139+00:00,,,,,,,,
2026-07-07T22:47:21.889358+00:00,spot_15,Spot 15,Empty,2026-07-07T22:46:18.500525+00:00,,,,,,,,
2026-07-07T22:47:21.889358+00:00,spot_16,Spot 16,Empty,2026-07-07T21:15:20.312493+00:00,,,,,,,,
2026-07-07T22:47:21.889358+00:00,spot_17,Spot 17,Empty,2026-07-07T16:50:19.879437+00:00,,,,,,,,
2026-07-07T22:48:18.514465+00:00,spot_1,Spot 1,Empty,2026-07-07T22:04:20.920678+00:00,,,,,,,,
2026-07-07T22:48:18.514465+00:00,spot_2,Spot 2,Empty,2026-07-07T21:10:22.475363+00:00,,,,,,,,
2026-07-07T22:48:18.514465+00:00,spot_3,Spot 3,Occupied,2026-07-07T22:36:26.254929+00:00,2201,car,0.7997673749923706,711,444.42254638671875,327.7135009765625,498.593994140625,374.2186279296875
2026-07-07T22:48:18.514465+00:00,spot_4,Spot 4,Empty,2026-07-07T22:26:19.721152+00:00,,,,,,,,
2026-07-07T22:48:18.514465+00:00,spot_5,Spot 5,Empty,2026-07-07T22:22:18.635920+00:00,,,,,,,,
2026-07-07T22:48:18.514465+00:00,spot_6,Spot 6,Empty,2026-07-07T22:23:19.653522+00:00,,,,,,,,
2026-07-07T22:48:18.514465+00:00,spot_7,Spot 7,Empty,2026-07-07T20:41:19.840193+00:00,,,,,,,,
2026-07-07T22:48:18.514465+00:00,spot_8,Spot 8,Occupied,2026-07-07T21:42:20.430418+00:00,2181,car,0.8199775218963623,4499,183.55300903320312,322.36212158203125,245.22317504882812,354.16778564453125
2026-07-07T22:48:18.514465+00:00,spot_9,Spot 9,Empty,2026-07-07T20:32:27.678069+00:00,,,,,,,,
2026-07-07T22:48:18.514465+00:00,spot_10,Spot 10,Empty,2026-07-07T21:58:26.831614+00:00,,,,,,,,
2026-07-07T22:48:18.514465+00:00,spot_11,Spot 11,Empty,2026-07-07T22:01:20.711562+00:00,,,,,,,,
2026-07-07T22:48:18.514465+00:00,spot_12,Spot 12,Empty,2026-07-07T21:38:25.635528+00:00,,,,,,,,
2026-07-07T22:48:18.514465+00:00,spot_13,Spot 13,Empty,2026-07-07T22:01:20.711562+00:00,,,,,,,,
2026-07-07T22:48:18.514465+00:00,spot_14,Spot 14,Empty,2026-07-07T21:51:20.011139+00:00,,,,,,,,
2026-07-07T22:48:18.514465+00:00,spot_15,Spot 15,Empty,2026-07-07T22:46:18.500525+00:00,,,,,,,,
2026-07-07T22:48:18.514465+00:00,spot_16,Spot 16,Empty,2026-07-07T21:15:20.312493+00:00,,,,,,,,
2026-07-07T22:48:18.514465+00:00,spot_17,Spot 17,Empty,2026-07-07T16:50:19.879437+00:00,,,,,,,,
2026-07-07T22:49:19.202170+00:00,spot_1,Spot 1,Empty,2026-07-07T22:04:20.920678+00:00,,,,,,,,
2026-07-07T22:49:19.202170+00:00,spot_2,Spot 2,Empty,2026-07-07T21:10:22.475363+00:00,,,,,,,,
2026-07-07T22:49:19.202170+00:00,spot_3,Spot 3,Occupied,2026-07-07T22:36:26.254929+00:00,2201,car,0.8242169618606567,770,443.9971923828125,327.83282470703125,494.60687255859375,373.82989501953125
2026-07-07T22:49:19.202170+00:00,spot_4,Spot 4,Empty,2026-07-07T22:26:19.721152+00:00,,,,,,,,
2026-07-07T22:49:19.202170+00:00,spot_5,Spot 5,Empty,2026-07-07T22:22:18.635920+00:00,,,,,,,,
2026-07-07T22:49:19.202170+00:00,spot_6,Spot 6,Empty,2026-07-07T22:23:19.653522+00:00,,,,,,,,
2026-07-07T22:49:19.202170+00:00,spot_7,Spot 7,Empty,2026-07-07T20:41:19.840193+00:00,,,,,,,,
2026-07-07T22:49:19.202170+00:00,spot_8,Spot 8,Occupied,2026-07-07T21:42:20.430418+00:00,2181,car,0.8126195073127747,4558,183.89620971679688,321.00567626953125,245.95016479492188,354.1343994140625
2026-07-07T22:49:19.202170+00:00,spot_9,Spot 9,Empty,2026-07-07T20:32:27.678069+00:00,,,,,,,,
2026-07-07T22:49:19.202170+00:00,spot_10,Spot 10,Empty,2026-07-07T21:58:26.831614+00:00,,,,,,,,
2026-07-07T22:49:19.202170+00:00,spot_11,Spot 11,Empty,2026-07-07T22:01:20.711562+00:00,,,,,,,,
2026-07-07T22:49:19.202170+00:00,spot_12,Spot 12,Empty,2026-07-07T21:38:25.635528+00:00,,,,,,,,
2026-07-07T22:49:19.202170+00:00,spot_13,Spot 13,Empty,2026-07-07T22:01:20.711562+00:00,,,,,,,,
2026-07-07T22:49:19.202170+00:00,spot_14,Spot 14,Empty,2026-07-07T21:51:20.011139+00:00,,,,,,,,
2026-07-07T22:49:19.202170+00:00,spot_15,Spot 15,Empty,2026-07-07T22:46:18.500525+00:00,,,,,,,,
2026-07-07T22:49:19.202170+00:00,spot_16,Spot 16,Empty,2026-07-07T21:15:20.312493+00:00,,,,,,,,
2026-07-07T22:49:19.202170+00:00,spot_17,Spot 17,Empty,2026-07-07T16:50:19.879437+00:00,,,,,,,,
2026-07-07T22:50:20.410329+00:00,spot_1,Spot 1,Empty,2026-07-07T22:04:20.920678+00:00,,,,,,,,
2026-07-07T22:50:20.410329+00:00,spot_2,Spot 2,Empty,2026-07-07T21:10:22.475363+00:00,,,,,,,,
2026-07-07T22:50:20.410329+00:00,spot_3,Spot 3,Occupied,2026-07-07T22:36:26.254929+00:00,2201,car,0.7473544478416443,832,444.3132629394531,327.82861328125,498.3598327636719,374.1026611328125
2026-07-07T22:50:20.410329+00:00,spot_4,Spot 4,Empty,2026-07-07T22:26:19.721152+00:00,,,,,,,,
2026-07-07T22:50:20.410329+00:00,spot_5,Spot 5,Empty,2026-07-07T22:22:18.635920+00:00,,,,,,,,
2026-07-07T22:50:20.410329+00:00,spot_6,Spot 6,Empty,2026-07-07T22:23:19.653522+00:00,,,,,,,,
2026-07-07T22:50:20.410329+00:00,spot_7,Spot 7,Empty,2026-07-07T20:41:19.840193+00:00,,,,,,,,
2026-07-07T22:50:20.410329+00:00,spot_8,Spot 8,Occupied,2026-07-07T21:42:20.430418+00:00,2181,car,0.7645885944366455,4620,183.56201171875,322.2343444824219,245.85589599609375,353.9806823730469
2026-07-07T22:50:20.410329+00:00,spot_9,Spot 9,Empty,2026-07-07T20:32:27.678069+00:00,,,,,,,,
2026-07-07T22:50:20.410329+00:00,spot_10,Spot 10,Empty,2026-07-07T21:58:26.831614+00:00,,,,,,,,
2026-07-07T22:50:20.410329+00:00,spot_11,Spot 11,Empty,2026-07-07T22:01:20.711562+00:00,,,,,,,,
2026-07-07T22:50:20.410329+00:00,spot_12,Spot 12,Empty,2026-07-07T21:38:25.635528+00:00,,,,,,,,
2026-07-07T22:50:20.410329+00:00,spot_13,Spot 13,Empty,2026-07-07T22:01:20.711562+00:00,,,,,,,,
2026-07-07T22:50:20.410329+00:00,spot_14,Spot 14,Empty,2026-07-07T21:51:20.011139+00:00,,,,,,,,
2026-07-07T22:50:20.410329+00:00,spot_15,Spot 15,Empty,2026-07-07T22:46:18.500525+00:00,,,,,,,,
2026-07-07T22:50:20.410329+00:00,spot_16,Spot 16,Empty,2026-07-07T21:15:20.312493+00:00,,,,,,,,
2026-07-07T22:50:20.410329+00:00,spot_17,Spot 17,Empty,2026-07-07T16:50:19.879437+00:00,,,,,,,,
2026-07-07T22:51:19.320333+00:00,spot_1,Spot 1,Empty,2026-07-07T22:04:20.920678+00:00,,,,,,,,
2026-07-07T22:51:19.320333+00:00,spot_2,Spot 2,Empty,2026-07-07T21:10:22.475363+00:00,,,,,,,,
2026-07-07T22:51:19.320333+00:00,spot_3,Spot 3,Occupied,2026-07-07T22:36:26.254929+00:00,2201,car,0.8299530744552612,889,443.4490661621094,327.683837890625,496.5805358886719,374.05712890625
2026-07-07T22:51:19.320333+00:00,spot_4,Spot 4,Empty,2026-07-07T22:26:19.721152+00:00,,,,,,,,
2026-07-07T22:51:19.320333+00:00,spot_5,Spot 5,Empty,2026-07-07T22:22:18.635920+00:00,,,,,,,,
2026-07-07T22:51:19.320333+00:00,spot_6,Spot 6,Empty,2026-07-07T22:23:19.653522+00:00,,,,,,,,
2026-07-07T22:51:19.320333+00:00,spot_7,Spot 7,Empty,2026-07-07T20:41:19.840193+00:00,,,,,,,,
2026-07-07T22:51:19.320333+00:00,spot_8,Spot 8,Occupied,2026-07-07T21:42:20.430418+00:00,2181,car,0.825951099395752,4677,183.74981689453125,322.2140808105469,246.34759521484375,353.8027648925781
2026-07-07T22:51:19.320333+00:00,spot_9,Spot 9,Empty,2026-07-07T20:32:27.678069+00:00,,,,,,,,
2026-07-07T22:51:19.320333+00:00,spot_10,Spot 10,Empty,2026-07-07T21:58:26.831614+00:00,,,,,,,,
2026-07-07T22:51:19.320333+00:00,spot_11,Spot 11,Empty,2026-07-07T22:01:20.711562+00:00,,,,,,,,
2026-07-07T22:51:19.320333+00:00,spot_12,Spot 12,Empty,2026-07-07T21:38:25.635528+00:00,,,,,,,,
2026-07-07T22:51:19.320333+00:00,spot_13,Spot 13,Empty,2026-07-07T22:01:20.711562+00:00,,,,,,,,
2026-07-07T22:51:19.320333+00:00,spot_14,Spot 14,Empty,2026-07-07T21:51:20.011139+00:00,,,,,,,,
2026-07-07T22:51:19.320333+00:00,spot_15,Spot 15,Empty,2026-07-07T22:46:18.500525+00:00,,,,,,,,
2026-07-07T22:51:19.320333+00:00,spot_16,Spot 16,Empty,2026-07-07T21:15:20.312493+00:00,,,,,,,,
2026-07-07T22:51:19.320333+00:00,spot_17,Spot 17,Empty,2026-07-07T16:50:19.879437+00:00,,,,,,,,
2026-07-07T22:52:29.116819+00:00,spot_1,Spot 1,Empty,2026-07-07T22:04:20.920678+00:00,,,,,,,,
2026-07-07T22:52:29.116819+00:00,spot_2,Spot 2,Empty,2026-07-07T21:10:22.475363+00:00,,,,,,,,
2026-07-07T22:52:29.116819+00:00,spot_3,Spot 3,Occupied,2026-07-07T22:36:26.254929+00:00,2201,car,0.534648597240448,962,444.21795654296875,328.2734680175781,491.23480224609375,373.6863098144531
2026-07-07T22:52:29.116819+00:00,spot_4,Spot 4,Empty,2026-07-07T22:26:19.721152+00:00,,,,,,,,
2026-07-07T22:52:29.116819+00:00,spot_5,Spot 5,Empty,2026-07-07T22:22:18.635920+00:00,,,,,,,,
2026-07-07T22:52:29.116819+00:00,spot_6,Spot 6,Empty,2026-07-07T22:23:19.653522+00:00,,,,,,,,
2026-07-07T22:52:29.116819+00:00,spot_7,Spot 7,Empty,2026-07-07T20:41:19.840193+00:00,,,,,,,,
2026-07-07T22:52:29.116819+00:00,spot_8,Spot 8,Occupied,2026-07-07T21:42:20.430418+00:00,2181,car,0.796156644821167,4750,183.7061767578125,321.99395751953125,246.63653564453125,353.94622802734375
2026-07-07T22:52:29.116819+00:00,spot_9,Spot 9,Empty,2026-07-07T20:32:27.678069+00:00,,,,,,,,
2026-07-07T22:52:29.116819+00:00,spot_10,Spot 10,Empty,2026-07-07T21:58:26.831614+00:00,,,,,,,,
2026-07-07T22:52:29.116819+00:00,spot_11,Spot 11,Empty,2026-07-07T22:01:20.711562+00:00,,,,,,,,
2026-07-07T22:52:29.116819+00:00,spot_12,Spot 12,Empty,2026-07-07T21:38:25.635528+00:00,,,,,,,,
2026-07-07T22:52:29.116819+00:00,spot_13,Spot 13,Empty,2026-07-07T22:01:20.711562+00:00,,,,,,,,
2026-07-07T22:52:29.116819+00:00,spot_14,Spot 14,Empty,2026-07-07T21:51:20.011139+00:00,,,,,,,,
2026-07-07T22:52:29.116819+00:00,spot_15,Spot 15,Empty,2026-07-07T22:46:18.500525+00:00,,,,,,,,
2026-07-07T22:52:29.116819+00:00,spot_16,Spot 16,Empty,2026-07-07T21:15:20.312493+00:00,,,,,,,,
2026-07-07T22:52:29.116819+00:00,spot_17,Spot 17,Empty,2026-07-07T16:50:19.879437+00:00,,,,,,,,
2026-07-07T22:53:19.301778+00:00,spot_1,Spot 1,Empty,2026-07-07T22:04:20.920678+00:00,,,,,,,,
2026-07-07T22:53:19.301778+00:00,spot_2,Spot 2,Empty,2026-07-07T21:10:22.475363+00:00,,,,,,,,
2026-07-07T22:53:19.301778+00:00,spot_3,Spot 3,Occupied,2026-07-07T22:36:26.254929+00:00,2201,car,0.8068321347236633,1010,443.72100830078125,328.0716552734375,491.20953369140625,374.0975341796875
2026-07-07T22:53:19.301778+00:00,spot_4,Spot 4,Empty,2026-07-07T22:26:19.721152+00:00,,,,,,,,
2026-07-07T22:53:19.301778+00:00,spot_5,Spot 5,Empty,2026-07-07T22:22:18.635920+00:00,,,,,,,,
2026-07-07T22:53:19.301778+00:00,spot_6,Spot 6,Empty,2026-07-07T22:23:19.653522+00:00,,,,,,,,
2026-07-07T22:53:19.301778+00:00,spot_7,Spot 7,Empty,2026-07-07T20:41:19.840193+00:00,,,,,,,,
2026-07-07T22:53:19.301778+00:00,spot_8,Spot 8,Occupied,2026-07-07T21:42:20.430418+00:00,2181,car,0.7398918271064758,4798,183.77792358398438,322.22906494140625,246.02005004882812,353.94769287109375
2026-07-07T22:53:19.301778+00:00,spot_9,Spot 9,Empty,2026-07-07T20:32:27.678069+00:00,,,,,,,,
2026-07-07T22:53:19.301778+00:00,spot_10,Spot 10,Empty,2026-07-07T21:58:26.831614+00:00,,,,,,,,
2026-07-07T22:53:19.301778+00:00,spot_11,Spot 11,Empty,2026-07-07T22:01:20.711562+00:00,,,,,,,,
2026-07-07T22:53:19.301778+00:00,spot_12,Spot 12,Empty,2026-07-07T21:38:25.635528+00:00,,,,,,,,
2026-07-07T22:53:19.301778+00:00,spot_13,Spot 13,Empty,2026-07-07T22:01:20.711562+00:00,,,,,,,,
2026-07-07T22:53:19.301778+00:00,spot_14,Spot 14,Empty,2026-07-07T21:51:20.011139+00:00,,,,,,,,
2026-07-07T22:53:19.301778+00:00,spot_15,Spot 15,Empty,2026-07-07T22:46:18.500525+00:00,,,,,,,,
2026-07-07T22:53:19.301778+00:00,spot_16,Spot 16,Empty,2026-07-07T21:15:20.312493+00:00,,,,,,,,
2026-07-07T22:53:19.301778+00:00,spot_17,Spot 17,Empty,2026-07-07T16:50:19.879437+00:00,,,,,,,,
2026-07-07T22:54:20.207421+00:00,spot_1,Spot 1,Empty,2026-07-07T22:04:20.920678+00:00,,,,,,,,
2026-07-07T22:54:20.207421+00:00,spot_2,Spot 2,Empty,2026-07-07T21:10:22.475363+00:00,,,,,,,,
2026-07-07T22:54:20.207421+00:00,spot_3,Spot 3,Occupied,2026-07-07T22:36:26.254929+00:00,2201,car,0.7405782341957092,1071,445.0462646484375,327.63800048828125,495.0211181640625,374.07989501953125
2026-07-07T22:54:20.207421+00:00,spot_4,Spot 4,Empty,2026-07-07T22:26:19.721152+00:00,,,,,,,,
2026-07-07T22:54:20.207421+00:00,spot_5,Spot 5,Empty,2026-07-07T22:22:18.635920+00:00,,,,,,,,
2026-07-07T22:54:20.207421+00:00,spot_6,Spot 6,Empty,2026-07-07T22:23:19.653522+00:00,,,,,,,,
2026-07-07T22:54:20.207421+00:00,spot_7,Spot 7,Empty,2026-07-07T20:41:19.840193+00:00,,,,,,,,
2026-07-07T22:54:20.207421+00:00,spot_8,Spot 8,Occupied,2026-07-07T21:42:20.430418+00:00,2181,car,0.8318276405334473,4859,183.87265014648438,322.1875,246.46026611328125,354.0155029296875
2026-07-07T22:54:20.207421+00:00,spot_9,Spot 9,Empty,2026-07-07T20:32:27.678069+00:00,,,,,,,,
2026-07-07T22:54:20.207421+00:00,spot_10,Spot 10,Empty,2026-07-07T21:58:26.831614+00:00,,,,,,,,
2026-07-07T22:54:20.207421+00:00,spot_11,Spot 11,Empty,2026-07-07T22:01:20.711562+00:00,,,,,,,,
2026-07-07T22:54:20.207421+00:00,spot_12,Spot 12,Empty,2026-07-07T21:38:25.635528+00:00,,,,,,,,
2026-07-07T22:54:20.207421+00:00,spot_13,Spot 13,Empty,2026-07-07T22:01:20.711562+00:00,,,,,,,,
2026-07-07T22:54:20.207421+00:00,spot_14,Spot 14,Empty,2026-07-07T21:51:20.011139+00:00,,,,,,,,
2026-07-07T22:54:20.207421+00:00,spot_15,Spot 15,Empty,2026-07-07T22:46:18.500525+00:00,,,,,,,,
2026-07-07T22:54:20.207421+00:00,spot_16,Spot 16,Empty,2026-07-07T21:15:20.312493+00:00,,,,,,,,
2026-07-07T22:54:20.207421+00:00,spot_17,Spot 17,Empty,2026-07-07T16:50:19.879437+00:00,,,,,,,,
2026-07-07T22:55:19.085310+00:00,spot_1,Spot 1,Empty,2026-07-07T22:04:20.920678+00:00,,,,,,,,
2026-07-07T22:55:19.085310+00:00,spot_2,Spot 2,Empty,2026-07-07T21:10:22.475363+00:00,,,,,,,,
2026-07-07T22:55:19.085310+00:00,spot_3,Spot 3,Occupied,2026-07-07T22:36:26.254929+00:00,2201,car,0.6691235303878784,1130,443.785888671875,328.04559326171875,493.94921875,374.60943603515625
2026-07-07T22:55:19.085310+00:00,spot_4,Spot 4,Empty,2026-07-07T22:26:19.721152+00:00,,,,,,,,
2026-07-07T22:55:19.085310+00:00,spot_5,Spot 5,Empty,2026-07-07T22:22:18.635920+00:00,,,,,,,,
2026-07-07T22:55:19.085310+00:00,spot_6,Spot 6,Empty,2026-07-07T22:23:19.653522+00:00,,,,,,,,
2026-07-07T22:55:19.085310+00:00,spot_7,Spot 7,Empty,2026-07-07T20:41:19.840193+00:00,,,,,,,,
2026-07-07T22:55:19.085310+00:00,spot_8,Spot 8,Occupied,2026-07-07T21:42:20.430418+00:00,2181,car,0.8409073352813721,4917,183.59677124023438,322.49615478515625,245.9012451171875,354.05035400390625
2026-07-07T22:55:19.085310+00:00,spot_9,Spot 9,Empty,2026-07-07T20:32:27.678069+00:00,,,,,,,,
2026-07-07T22:55:19.085310+00:00,spot_10,Spot 10,Empty,2026-07-07T21:58:26.831614+00:00,,,,,,,,
2026-07-07T22:55:19.085310+00:00,spot_11,Spot 11,Empty,2026-07-07T22:01:20.711562+00:00,,,,,,,,
2026-07-07T22:55:19.085310+00:00,spot_12,Spot 12,Empty,2026-07-07T21:38:25.635528+00:00,,,,,,,,
2026-07-07T22:55:19.085310+00:00,spot_13,Spot 13,Empty,2026-07-07T22:01:20.711562+00:00,,,,,,,,
2026-07-07T22:55:19.085310+00:00,spot_14,Spot 14,Empty,2026-07-07T21:51:20.011139+00:00,,,,,,,,
2026-07-07T22:55:19.085310+00:00,spot_15,Spot 15,Occupied,2026-07-07T22:55:19.085310+00:00,2203,car,0.5779637098312378,0,37.59010314941406,312.3497314453125,73.58487701416016,332.0592041015625
2026-07-07T22:55:19.085310+00:00,spot_16,Spot 16,Empty,2026-07-07T21:15:20.312493+00:00,,,,,,,,
2026-07-07T22:55:19.085310+00:00,spot_17,Spot 17,Empty,2026-07-07T16:50:19.879437+00:00,,,,,,,,
2026-07-07T22:56:18.344460+00:00,spot_1,Spot 1,Empty,2026-07-07T22:04:20.920678+00:00,,,,,,,,
2026-07-07T22:56:18.344460+00:00,spot_2,Spot 2,Empty,2026-07-07T21:10:22.475363+00:00,,,,,,,,
2026-07-07T22:56:18.344460+00:00,spot_3,Spot 3,Occupied,2026-07-07T22:36:26.254929+00:00,2201,car,0.825036346912384,1190,444.12225341796875,327.94940185546875,496.06683349609375,373.92926025390625
2026-07-07T22:56:18.344460+00:00,spot_4,Spot 4,Empty,2026-07-07T22:26:19.721152+00:00,,,,,,,,
2026-07-07T22:56:18.344460+00:00,spot_5,Spot 5,Empty,2026-07-07T22:22:18.635920+00:00,,,,,,,,
2026-07-07T22:56:18.344460+00:00,spot_6,Spot 6,Empty,2026-07-07T22:23:19.653522+00:00,,,,,,,,
2026-07-07T22:56:18.344460+00:00,spot_7,Spot 7,Empty,2026-07-07T20:41:19.840193+00:00,,,,,,,,
2026-07-07T22:56:18.344460+00:00,spot_8,Spot 8,Occupied,2026-07-07T21:42:20.430418+00:00,2181,car,0.8194326162338257,4978,183.5108642578125,322.58856201171875,245.95108032226562,353.98883056640625
2026-07-07T22:56:18.344460+00:00,spot_9,Spot 9,Empty,2026-07-07T20:32:27.678069+00:00,,,,,,,,
2026-07-07T22:56:18.344460+00:00,spot_10,Spot 10,Empty,2026-07-07T21:58:26.831614+00:00,,,,,,,,
2026-07-07T22:56:18.344460+00:00,spot_11,Spot 11,Empty,2026-07-07T22:01:20.711562+00:00,,,,,,,,
2026-07-07T22:56:18.344460+00:00,spot_12,Spot 12,Empty,2026-07-07T21:38:25.635528+00:00,,,,,,,,
2026-07-07T22:56:18.344460+00:00,spot_13,Spot 13,Empty,2026-07-07T22:01:20.711562+00:00,,,,,,,,
2026-07-07T22:56:18.344460+00:00,spot_14,Spot 14,Empty,2026-07-07T21:51:20.011139+00:00,,,,,,,,
2026-07-07T22:56:18.344460+00:00,spot_15,Spot 15,Empty,2026-07-07T22:56:18.344460+00:00,,,,,,,,
2026-07-07T22:56:18.344460+00:00,spot_16,Spot 16,Empty,2026-07-07T21:15:20.312493+00:00,,,,,,,,
2026-07-07T22:56:18.344460+00:00,spot_17,Spot 17,Empty,2026-07-07T16:50:19.879437+00:00,,,,,,,,
2026-07-07T22:57:18.866360+00:00,spot_1,Spot 1,Empty,2026-07-07T22:04:20.920678+00:00,,,,,,,,
2026-07-07T22:57:18.866360+00:00,spot_2,Spot 2,Empty,2026-07-07T21:10:22.475363+00:00,,,,,,,,
2026-07-07T22:57:18.866360+00:00,spot_3,Spot 3,Occupied,2026-07-07T22:36:26.254929+00:00,2201,car,0.7472002506256104,1249,444.6744384765625,328.0580139160156,492.6915283203125,374.0933532714844
2026-07-07T22:57:18.866360+00:00,spot_4,Spot 4,Empty,2026-07-07T22:26:19.721152+00:00,,,,,,,,
2026-07-07T22:57:18.866360+00:00,spot_5,Spot 5,Empty,2026-07-07T22:22:18.635920+00:00,,,,,,,,
2026-07-07T22:57:18.866360+00:00,spot_6,Spot 6,Empty,2026-07-07T22:23:19.653522+00:00,,,,,,,,
2026-07-07T22:57:18.866360+00:00,spot_7,Spot 7,Empty,2026-07-07T20:41:19.840193+00:00,,,,,,,,
2026-07-07T22:57:18.866360+00:00,spot_8,Spot 8,Occupied,2026-07-07T21:42:20.430418+00:00,2181,car,0.864218533039093,5037,183.71438598632812,322.3814697265625,246.4844970703125,353.927001953125
2026-07-07T22:57:18.866360+00:00,spot_9,Spot 9,Empty,2026-07-07T20:32:27.678069+00:00,,,,,,,,
2026-07-07T22:57:18.866360+00:00,spot_10,Spot 10,Empty,2026-07-07T21:58:26.831614+00:00,,,,,,,,
2026-07-07T22:57:18.866360+00:00,spot_11,Spot 11,Empty,2026-07-07T22:01:20.711562+00:00,,,,,,,,
2026-07-07T22:57:18.866360+00:00,spot_12,Spot 12,Empty,2026-07-07T21:38:25.635528+00:00,,,,,,,,
2026-07-07T22:57:18.866360+00:00,spot_13,Spot 13,Empty,2026-07-07T22:01:20.711562+00:00,,,,,,,,
2026-07-07T22:57:18.866360+00:00,spot_14,Spot 14,Empty,2026-07-07T21:51:20.011139+00:00,,,,,,,,
2026-07-07T22:57:18.866360+00:00,spot_15,Spot 15,Empty,2026-07-07T22:56:18.344460+00:00,,,,,,,,
2026-07-07T22:57:18.866360+00:00,spot_16,Spot 16,Empty,2026-07-07T21:15:20.312493+00:00,,,,,,,,
2026-07-07T22:57:18.866360+00:00,spot_17,Spot 17,Empty,2026-07-07T16:50:19.879437+00:00,,,,,,,,
2026-07-07T22:58:19.173879+00:00,spot_1,Spot 1,Empty,2026-07-07T22:04:20.920678+00:00,,,,,,,,
2026-07-07T22:58:19.173879+00:00,spot_2,Spot 2,Empty,2026-07-07T21:10:22.475363+00:00,,,,,,,,
2026-07-07T22:58:19.173879+00:00,spot_3,Spot 3,Occupied,2026-07-07T22:36:26.254929+00:00,2201,car,0.7472002506256104,1310,444.6744384765625,328.0580139160156,492.6915283203125,374.0933532714844
2026-07-07T22:58:19.173879+00:00,spot_4,Spot 4,Empty,2026-07-07T22:26:19.721152+00:00,,,,,,,,
2026-07-07T22:58:19.173879+00:00,spot_5,Spot 5,Empty,2026-07-07T22:22:18.635920+00:00,,,,,,,,
2026-07-07T22:58:19.173879+00:00,spot_6,Spot 6,Empty,2026-07-07T22:23:19.653522+00:00,,,,,,,,
2026-07-07T22:58:19.173879+00:00,spot_7,Spot 7,Empty,2026-07-07T20:41:19.840193+00:00,,,,,,,,
2026-07-07T22:58:19.173879+00:00,spot_8,Spot 8,Occupied,2026-07-07T21:42:20.430418+00:00,2181,car,0.864218533039093,5098,183.71438598632812,322.3814697265625,246.4844970703125,353.927001953125
2026-07-07T22:58:19.173879+00:00,spot_9,Spot 9,Empty,2026-07-07T20:32:27.678069+00:00,,,,,,,,
2026-07-07T22:58:19.173879+00:00,spot_10,Spot 10,Empty,2026-07-07T21:58:26.831614+00:00,,,,,,,,
2026-07-07T22:58:19.173879+00:00,spot_11,Spot 11,Empty,2026-07-07T22:01:20.711562+00:00,,,,,,,,
2026-07-07T22:58:19.173879+00:00,spot_12,Spot 12,Empty,2026-07-07T21:38:25.635528+00:00,,,,,,,,
2026-07-07T22:58:19.173879+00:00,spot_13,Spot 13,Empty,2026-07-07T22:01:20.711562+00:00,,,,,,,,
2026-07-07T22:58:19.173879+00:00,spot_14,Spot 14,Empty,2026-07-07T21:51:20.011139+00:00,,,,,,,,
2026-07-07T22:58:19.173879+00:00,spot_15,Spot 15,Empty,2026-07-07T22:56:18.344460+00:00,,,,,,,,
2026-07-07T22:58:19.173879+00:00,spot_16,Spot 16,Empty,2026-07-07T21:15:20.312493+00:00,,,,,,,,
2026-07-07T22:58:19.173879+00:00,spot_17,Spot 17,Empty,2026-07-07T16:50:19.879437+00:00,,,,,,,,
2026-07-07T22:59:19.040268+00:00,spot_1,Spot 1,Empty,2026-07-07T22:04:20.920678+00:00,,,,,,,,
2026-07-07T22:59:19.040268+00:00,spot_2,Spot 2,Empty,2026-07-07T21:10:22.475363+00:00,,,,,,,,
2026-07-07T22:59:19.040268+00:00,spot_3,Spot 3,Occupied,2026-07-07T22:36:26.254929+00:00,2201,car,0.7537540793418884,1369,444.728515625,327.931884765625,495.0640869140625,373.8880615234375
2026-07-07T22:59:19.040268+00:00,spot_4,Spot 4,Empty,2026-07-07T22:26:19.721152+00:00,,,,,,,,
2026-07-07T22:59:19.040268+00:00,spot_5,Spot 5,Empty,2026-07-07T22:22:18.635920+00:00,,,,,,,,
2026-07-07T22:59:19.040268+00:00,spot_6,Spot 6,Empty,2026-07-07T22:23:19.653522+00:00,,,,,,,,
2026-07-07T22:59:19.040268+00:00,spot_7,Spot 7,Empty,2026-07-07T20:41:19.840193+00:00,,,,,,,,
2026-07-07T22:59:19.040268+00:00,spot_8,Spot 8,Occupied,2026-07-07T21:42:20.430418+00:00,2181,car,0.8440418839454651,5157,183.91622924804688,322.47308349609375,246.13027954101562,354.02630615234375
2026-07-07T22:59:19.040268+00:00,spot_9,Spot 9,Empty,2026-07-07T20:32:27.678069+00:00,,,,,,,,
2026-07-07T22:59:19.040268+00:00,spot_10,Spot 10,Empty,2026-07-07T21:58:26.831614+00:00,,,,,,,,
2026-07-07T22:59:19.040268+00:00,spot_11,Spot 11,Empty,2026-07-07T22:01:20.711562+00:00,,,,,,,,
2026-07-07T22:59:19.040268+00:00,spot_12,Spot 12,Empty,2026-07-07T21:38:25.635528+00:00,,,,,,,,
2026-07-07T22:59:19.040268+00:00,spot_13,Spot 13,Empty,2026-07-07T22:01:20.711562+00:00,,,,,,,,
2026-07-07T22:59:19.040268+00:00,spot_14,Spot 14,Empty,2026-07-07T21:51:20.011139+00:00,,,,,,,,
2026-07-07T22:59:19.040268+00:00,spot_15,Spot 15,Empty,2026-07-07T22:56:18.344460+00:00,,,,,,,,
2026-07-07T22:59:19.040268+00:00,spot_16,Spot 16,Empty,2026-07-07T21:15:20.312493+00:00,,,,,,,,
2026-07-07T22:59:19.040268+00:00,spot_17,Spot 17,Empty,2026-07-07T16:50:19.879437+00:00,,,,,,,,
2026-07-07T23:01:20.006145+00:00,spot_1,Spot 1,Empty,2026-07-07T22:04:20.920678+00:00,,,,,,,,
2026-07-07T23:01:20.006145+00:00,spot_2,Spot 2,Empty,2026-07-07T21:10:22.475363+00:00,,,,,,,,
2026-07-07T23:01:20.006145+00:00,spot_3,Spot 3,Occupied,2026-07-07T22:36:26.254929+00:00,2201,car,0.714993953704834,1491,444.7495422363281,334.35052490234375,488.2958068847656,374.17913818359375
2026-07-07T23:01:20.006145+00:00,spot_4,Spot 4,Empty,2026-07-07T22:26:19.721152+00:00,,,,,,,,
2026-07-07T23:01:20.006145+00:00,spot_5,Spot 5,Empty,2026-07-07T22:22:18.635920+00:00,,,,,,,,
2026-07-07T23:01:20.006145+00:00,spot_6,Spot 6,Empty,2026-07-07T22:23:19.653522+00:00,,,,,,,,
2026-07-07T23:01:20.006145+00:00,spot_7,Spot 7,Empty,2026-07-07T20:41:19.840193+00:00,,,,,,,,
2026-07-07T23:01:20.006145+00:00,spot_8,Spot 8,Occupied,2026-07-07T21:42:20.430418+00:00,2181,car,0.8223853707313538,5279,183.48114013671875,322.5172119140625,246.09027099609375,354.16796875
2026-07-07T23:01:20.006145+00:00,spot_9,Spot 9,Empty,2026-07-07T20:32:27.678069+00:00,,,,,,,,
2026-07-07T23:01:20.006145+00:00,spot_10,Spot 10,Empty,2026-07-07T21:58:26.831614+00:00,,,,,,,,
2026-07-07T23:01:20.006145+00:00,spot_11,Spot 11,Empty,2026-07-07T22:01:20.711562+00:00,,,,,,,,
2026-07-07T23:01:20.006145+00:00,spot_12,Spot 12,Empty,2026-07-07T21:38:25.635528+00:00,,,,,,,,
2026-07-07T23:01:20.006145+00:00,spot_13,Spot 13,Empty,2026-07-07T22:01:20.711562+00:00,,,,,,,,
2026-07-07T23:01:20.006145+00:00,spot_14,Spot 14,Empty,2026-07-07T21:51:20.011139+00:00,,,,,,,,
2026-07-07T23:01:20.006145+00:00,spot_15,Spot 15,Empty,2026-07-07T22:56:18.344460+00:00,,,,,,,,
2026-07-07T23:01:20.006145+00:00,spot_16,Spot 16,Empty,2026-07-07T21:15:20.312493+00:00,,,,,,,,
2026-07-07T23:01:20.006145+00:00,spot_17,Spot 17,Empty,2026-07-07T16:50:19.879437+00:00,,,,,,,,
2026-07-07T23:02:19.769498+00:00,spot_1,Spot 1,Empty,2026-07-07T22:04:20.920678+00:00,,,,,,,,
2026-07-07T23:02:19.769498+00:00,spot_2,Spot 2,Empty,2026-07-07T21:10:22.475363+00:00,,,,,,,,
2026-07-07T23:02:19.769498+00:00,spot_3,Spot 3,Occupied,2026-07-07T22:36:26.254929+00:00,2201,car,0.6650031805038452,1552,444.3431091308594,327.9092712402344,493.9617004394531,375.0154724121094
2026-07-07T23:02:19.769498+00:00,spot_4,Spot 4,Empty,2026-07-07T22:26:19.721152+00:00,,,,,,,,
2026-07-07T23:02:19.769498+00:00,spot_5,Spot 5,Empty,2026-07-07T22:22:18.635920+00:00,,,,,,,,
2026-07-07T23:02:19.769498+00:00,spot_6,Spot 6,Empty,2026-07-07T22:23:19.653522+00:00,,,,,,,,
2026-07-07T23:02:19.769498+00:00,spot_7,Spot 7,Empty,2026-07-07T20:41:19.840193+00:00,,,,,,,,
2026-07-07T23:02:19.769498+00:00,spot_8,Spot 8,Occupied,2026-07-07T21:42:20.430418+00:00,2181,car,0.7929835319519043,5339,183.37176513671875,322.2817687988281,245.66754150390625,354.1738586425781
2026-07-07T23:02:19.769498+00:00,spot_9,Spot 9,Empty,2026-07-07T20:32:27.678069+00:00,,,,,,,,
2026-07-07T23:02:19.769498+00:00,spot_10,Spot 10,Empty,2026-07-07T21:58:26.831614+00:00,,,,,,,,
2026-07-07T23:02:19.769498+00:00,spot_11,Spot 11,Empty,2026-07-07T22:01:20.711562+00:00,,,,,,,,
2026-07-07T23:02:19.769498+00:00,spot_12,Spot 12,Empty,2026-07-07T21:38:25.635528+00:00,,,,,,,,
2026-07-07T23:02:19.769498+00:00,spot_13,Spot 13,Empty,2026-07-07T22:01:20.711562+00:00,,,,,,,,
2026-07-07T23:02:19.769498+00:00,spot_14,Spot 14,Empty,2026-07-07T21:51:20.011139+00:00,,,,,,,,
2026-07-07T23:02:19.769498+00:00,spot_15,Spot 15,Empty,2026-07-07T22:56:18.344460+00:00,,,,,,,,
2026-07-07T23:02:19.769498+00:00,spot_16,Spot 16,Empty,2026-07-07T21:15:20.312493+00:00,,,,,,,,
2026-07-07T23:02:19.769498+00:00,spot_17,Spot 17,Empty,2026-07-07T16:50:19.879437+00:00,,,,,,,,
2026-07-07T23:03:19.549154+00:00,spot_1,Spot 1,Empty,2026-07-07T22:04:20.920678+00:00,,,,,,,,
2026-07-07T23:03:19.549154+00:00,spot_2,Spot 2,Empty,2026-07-07T21:10:22.475363+00:00,,,,,,,,
2026-07-07T23:03:19.549154+00:00,spot_3,Spot 3,Occupied,2026-07-07T22:36:26.254929+00:00,2201,car,0.7177269458770752,1610,444.01336669921875,328.0228271484375,493.02734375,374.543701171875
2026-07-07T23:03:19.549154+00:00,spot_4,Spot 4,Empty,2026-07-07T22:26:19.721152+00:00,,,,,,,,
2026-07-07T23:03:19.549154+00:00,spot_5,Spot 5,Occupied,2026-07-07T23:03:19.549154+00:00,2205,truck,0.46211037039756775,0,221.02377319335938,356.4707336425781,346.3851013183594,410.5184020996094
2026-07-07T23:03:19.549154+00:00,spot_6,Spot 6,Occupied,2026-07-07T23:03:19.549154+00:00,2204,car,0.5924184322357178,0,221.113525390625,356.27447509765625,346.2540283203125,410.37103271484375
2026-07-07T23:03:19.549154+00:00,spot_7,Spot 7,Empty,2026-07-07T20:41:19.840193+00:00,,,,,,,,
2026-07-07T23:03:19.549154+00:00,spot_8,Spot 8,Occupied,2026-07-07T21:42:20.430418+00:00,2181,car,0.6835659742355347,5398,183.529052734375,322.5926513671875,246.17843627929688,353.7908935546875
2026-07-07T23:03:19.549154+00:00,spot_9,Spot 9,Empty,2026-07-07T20:32:27.678069+00:00,,,,,,,,
2026-07-07T23:03:19.549154+00:00,spot_10,Spot 10,Empty,2026-07-07T21:58:26.831614+00:00,,,,,,,,
2026-07-07T23:03:19.549154+00:00,spot_11,Spot 11,Empty,2026-07-07T22:01:20.711562+00:00,,,,,,,,
2026-07-07T23:03:19.549154+00:00,spot_12,Spot 12,Empty,2026-07-07T21:38:25.635528+00:00,,,,,,,,
2026-07-07T23:03:19.549154+00:00,spot_13,Spot 13,Empty,2026-07-07T22:01:20.711562+00:00,,,,,,,,
2026-07-07T23:03:19.549154+00:00,spot_14,Spot 14,Empty,2026-07-07T21:51:20.011139+00:00,,,,,,,,
2026-07-07T23:03:19.549154+00:00,spot_15,Spot 15,Occupied,2026-07-07T23:03:19.549154+00:00,2206,car,0.43401122093200684,0,36.560523986816406,311.7904052734375,75.07015228271484,332.1256103515625
2026-07-07T23:03:19.549154+00:00,spot_16,Spot 16,Empty,2026-07-07T21:15:20.312493+00:00,,,,,,,,
2026-07-07T23:03:19.549154+00:00,spot_17,Spot 17,Empty,2026-07-07T16:50:19.879437+00:00,,,,,,,,
2026-07-07T23:04:19.919089+00:00,spot_1,Spot 1,Empty,2026-07-07T22:04:20.920678+00:00,,,,,,,,
2026-07-07T23:04:19.919089+00:00,spot_2,Spot 2,Empty,2026-07-07T21:10:22.475363+00:00,,,,,,,,
2026-07-07T23:04:19.919089+00:00,spot_3,Spot 3,Occupied,2026-07-07T22:36:26.254929+00:00,2201,car,0.8165952563285828,1672,444.02886962890625,329.38427734375,490.40411376953125,373.98883056640625
2026-07-07T23:04:19.919089+00:00,spot_4,Spot 4,Empty,2026-07-07T22:26:19.721152+00:00,,,,,,,,
2026-07-07T23:04:19.919089+00:00,spot_5,Spot 5,Empty,2026-07-07T23:04:19.919089+00:00,,,,,,,,
2026-07-07T23:04:19.919089+00:00,spot_6,Spot 6,Empty,2026-07-07T23:04:19.919089+00:00,,,,,,,,
2026-07-07T23:04:19.919089+00:00,spot_7,Spot 7,Empty,2026-07-07T20:41:19.840193+00:00,,,,,,,,
2026-07-07T23:04:19.919089+00:00,spot_8,Spot 8,Occupied,2026-07-07T21:42:20.430418+00:00,2181,car,0.8420921564102173,5460,183.4720458984375,322.79632568359375,246.41546630859375,353.93341064453125
2026-07-07T23:04:19.919089+00:00,spot_9,Spot 9,Empty,2026-07-07T20:32:27.678069+00:00,,,,,,,,
2026-07-07T23:04:19.919089+00:00,spot_10,Spot 10,Empty,2026-07-07T21:58:26.831614+00:00,,,,,,,,
2026-07-07T23:04:19.919089+00:00,spot_11,Spot 11,Empty,2026-07-07T22:01:20.711562+00:00,,,,,,,,
2026-07-07T23:04:19.919089+00:00,spot_12,Spot 12,Empty,2026-07-07T21:38:25.635528+00:00,,,,,,,,
2026-07-07T23:04:19.919089+00:00,spot_13,Spot 13,Empty,2026-07-07T22:01:20.711562+00:00,,,,,,,,
2026-07-07T23:04:19.919089+00:00,spot_14,Spot 14,Empty,2026-07-07T21:51:20.011139+00:00,,,,,,,,
2026-07-07T23:04:19.919089+00:00,spot_15,Spot 15,Empty,2026-07-07T23:04:19.919089+00:00,,,,,,,,
2026-07-07T23:04:19.919089+00:00,spot_16,Spot 16,Empty,2026-07-07T21:15:20.312493+00:00,,,,,,,,
2026-07-07T23:04:19.919089+00:00,spot_17,Spot 17,Empty,2026-07-07T16:50:19.879437+00:00,,,,,,,,
2026-07-07T23:05:19.797906+00:00,spot_1,Spot 1,Empty,2026-07-07T22:04:20.920678+00:00,,,,,,,,
2026-07-07T23:05:19.797906+00:00,spot_2,Spot 2,Empty,2026-07-07T21:10:22.475363+00:00,,,,,,,,
2026-07-07T23:05:19.797906+00:00,spot_3,Spot 3,Occupied,2026-07-07T22:36:26.254929+00:00,2201,car,0.6195611953735352,1730,443.54815673828125,328.2932434082031,490.94976806640625,373.7464294433594
2026-07-07T23:05:19.797906+00:00,spot_4,Spot 4,Empty,2026-07-07T22:26:19.721152+00:00,,,,,,,,
2026-07-07T23:05:19.797906+00:00,spot_5,Spot 5,Empty,2026-07-07T23:04:19.919089+00:00,,,,,,,,
2026-07-07T23:05:19.797906+00:00,spot_6,Spot 6,Empty,2026-07-07T23:04:19.919089+00:00,,,,,,,,
2026-07-07T23:05:19.797906+00:00,spot_7,Spot 7,Empty,2026-07-07T20:41:19.840193+00:00,,,,,,,,
2026-07-07T23:05:19.797906+00:00,spot_8,Spot 8,Occupied,2026-07-07T21:42:20.430418+00:00,2181,car,0.8666037321090698,5518,183.458740234375,322.86370849609375,246.06561279296875,353.91815185546875
2026-07-07T23:05:19.797906+00:00,spot_9,Spot 9,Empty,2026-07-07T20:32:27.678069+00:00,,,,,,,,
2026-07-07T23:05:19.797906+00:00,spot_10,Spot 10,Empty,2026-07-07T21:58:26.831614+00:00,,,,,,,,
2026-07-07T23:05:19.797906+00:00,spot_11,Spot 11,Empty,2026-07-07T22:01:20.711562+00:00,,,,,,,,
2026-07-07T23:05:19.797906+00:00,spot_12,Spot 12,Empty,2026-07-07T21:38:25.635528+00:00,,,,,,,,
2026-07-07T23:05:19.797906+00:00,spot_13,Spot 13,Empty,2026-07-07T22:01:20.711562+00:00,,,,,,,,
2026-07-07T23:05:19.797906+00:00,spot_14,Spot 14,Empty,2026-07-07T21:51:20.011139+00:00,,,,,,,,
2026-07-07T23:05:19.797906+00:00,spot_15,Spot 15,Empty,2026-07-07T23:04:19.919089+00:00,,,,,,,,
2026-07-07T23:05:19.797906+00:00,spot_16,Spot 16,Empty,2026-07-07T21:15:20.312493+00:00,,,,,,,,
2026-07-07T23:05:19.797906+00:00,spot_17,Spot 17,Empty,2026-07-07T16:50:19.879437+00:00,,,,,,,,
2026-07-07T23:06:21.130066+00:00,spot_1,Spot 1,Empty,2026-07-07T22:04:20.920678+00:00,,,,,,,,
2026-07-07T23:06:21.130066+00:00,spot_2,Spot 2,Empty,2026-07-07T21:10:22.475363+00:00,,,,,,,,
2026-07-07T23:06:21.130066+00:00,spot_3,Spot 3,Occupied,2026-07-07T23:06:21.130066+00:00,2207,truck,0.3601885437965393,0,443.69586181640625,327.84967041015625,490.44744873046875,374.38629150390625
2026-07-07T23:06:21.130066+00:00,spot_4,Spot 4,Empty,2026-07-07T22:26:19.721152+00:00,,,,,,,,
2026-07-07T23:06:21.130066+00:00,spot_5,Spot 5,Empty,2026-07-07T23:04:19.919089+00:00,,,,,,,,
2026-07-07T23:06:21.130066+00:00,spot_6,Spot 6,Empty,2026-07-07T23:04:19.919089+00:00,,,,,,,,
2026-07-07T23:06:21.130066+00:00,spot_7,Spot 7,Empty,2026-07-07T20:41:19.840193+00:00,,,,,,,,
2026-07-07T23:06:21.130066+00:00,spot_8,Spot 8,Occupied,2026-07-07T21:42:20.430418+00:00,2181,car,0.8333957195281982,5581,183.38595581054688,322.671875,245.94583129882812,354.06884765625
2026-07-07T23:06:21.130066+00:00,spot_9,Spot 9,Empty,2026-07-07T20:32:27.678069+00:00,,,,,,,,
2026-07-07T23:06:21.130066+00:00,spot_10,Spot 10,Empty,2026-07-07T21:58:26.831614+00:00,,,,,,,,
2026-07-07T23:06:21.130066+00:00,spot_11,Spot 11,Empty,2026-07-07T22:01:20.711562+00:00,,,,,,,,
2026-07-07T23:06:21.130066+00:00,spot_12,Spot 12,Empty,2026-07-07T21:38:25.635528+00:00,,,,,,,,
2026-07-07T23:06:21.130066+00:00,spot_13,Spot 13,Empty,2026-07-07T22:01:20.711562+00:00,,,,,,,,
2026-07-07T23:06:21.130066+00:00,spot_14,Spot 14,Empty,2026-07-07T21:51:20.011139+00:00,,,,,,,,
2026-07-07T23:06:21.130066+00:00,spot_15,Spot 15,Empty,2026-07-07T23:04:19.919089+00:00,,,,,,,,
2026-07-07T23:06:21.130066+00:00,spot_16,Spot 16,Empty,2026-07-07T21:15:20.312493+00:00,,,,,,,,
2026-07-07T23:06:21.130066+00:00,spot_17,Spot 17,Empty,2026-07-07T16:50:19.879437+00:00,,,,,,,,
2026-07-07T23:07:19.237902+00:00,spot_1,Spot 1,Empty,2026-07-07T22:04:20.920678+00:00,,,,,,,,
2026-07-07T23:07:19.237902+00:00,spot_2,Spot 2,Empty,2026-07-07T21:10:22.475363+00:00,,,,,,,,
2026-07-07T23:07:19.237902+00:00,spot_3,Spot 3,Occupied,2026-07-07T23:07:19.237902+00:00,2201,car,0.8265039324760437,1849,443.50604248046875,328.0679931640625,491.12237548828125,373.74462890625
2026-07-07T23:07:19.237902+00:00,spot_4,Spot 4,Empty,2026-07-07T22:26:19.721152+00:00,,,,,,,,
2026-07-07T23:07:19.237902+00:00,spot_5,Spot 5,Empty,2026-07-07T23:04:19.919089+00:00,,,,,,,,
2026-07-07T23:07:19.237902+00:00,spot_6,Spot 6,Empty,2026-07-07T23:04:19.919089+00:00,,,,,,,,
2026-07-07T23:07:19.237902+00:00,spot_7,Spot 7,Occupied,2026-07-07T23:07:19.237902+00:00,2208,car,0.8266931772232056,0,240.171630859375,319.26373291015625,319.91278076171875,361.51324462890625
2026-07-07T23:07:19.237902+00:00,spot_8,Spot 8,Occupied,2026-07-07T21:42:20.430418+00:00,2181,car,0.8230217695236206,5637,183.39749145507812,322.77166748046875,242.70736694335938,354.162109375
2026-07-07T23:07:19.237902+00:00,spot_9,Spot 9,Empty,2026-07-07T20:32:27.678069+00:00,,,,,,,,
2026-07-07T23:07:19.237902+00:00,spot_10,Spot 10,Empty,2026-07-07T21:58:26.831614+00:00,,,,,,,,
2026-07-07T23:07:19.237902+00:00,spot_11,Spot 11,Empty,2026-07-07T22:01:20.711562+00:00,,,,,,,,
2026-07-07T23:07:19.237902+00:00,spot_12,Spot 12,Empty,2026-07-07T21:38:25.635528+00:00,,,,,,,,
2026-07-07T23:07:19.237902+00:00,spot_13,Spot 13,Empty,2026-07-07T22:01:20.711562+00:00,,,,,,,,
2026-07-07T23:07:19.237902+00:00,spot_14,Spot 14,Empty,2026-07-07T21:51:20.011139+00:00,,,,,,,,
2026-07-07T23:07:19.237902+00:00,spot_15,Spot 15,Empty,2026-07-07T23:04:19.919089+00:00,,,,,,,,
2026-07-07T23:07:19.237902+00:00,spot_16,Spot 16,Empty,2026-07-07T21:15:20.312493+00:00,,,,,,,,
2026-07-07T23:07:19.237902+00:00,spot_17,Spot 17,Empty,2026-07-07T16:50:19.879437+00:00,,,,,,,,
2026-07-07T23:08:30.110908+00:00,spot_1,Spot 1,Empty,2026-07-07T22:04:20.920678+00:00,,,,,,,,
2026-07-07T23:08:30.110908+00:00,spot_2,Spot 2,Empty,2026-07-07T21:10:22.475363+00:00,,,,,,,,
2026-07-07T23:08:30.110908+00:00,spot_3,Spot 3,Occupied,2026-07-07T23:07:19.237902+00:00,2201,car,0.6532999873161316,1923,443.06390380859375,328.18585205078125,496.6639404296875,374.26300048828125
2026-07-07T23:08:30.110908+00:00,spot_4,Spot 4,Empty,2026-07-07T22:26:19.721152+00:00,,,,,,,,
2026-07-07T23:08:30.110908+00:00,spot_5,Spot 5,Empty,2026-07-07T23:04:19.919089+00:00,,,,,,,,
2026-07-07T23:08:30.110908+00:00,spot_6,Spot 6,Empty,2026-07-07T23:04:19.919089+00:00,,,,,,,,
2026-07-07T23:08:30.110908+00:00,spot_7,Spot 7,Occupied,2026-07-07T23:07:19.237902+00:00,2208,car,0.8529450297355652,73,240.50888061523438,319.23504638671875,320.0777893066406,361.46270751953125
2026-07-07T23:08:30.110908+00:00,spot_8,Spot 8,Occupied,2026-07-07T21:42:20.430418+00:00,2181,car,0.8422155976295471,5711,183.725341796875,322.77886962890625,244.4481201171875,354.35675048828125
2026-07-07T23:08:30.110908+00:00,spot_9,Spot 9,Empty,2026-07-07T20:32:27.678069+00:00,,,,,,,,
2026-07-07T23:08:30.110908+00:00,spot_10,Spot 10,Empty,2026-07-07T21:58:26.831614+00:00,,,,,,,,
2026-07-07T23:08:30.110908+00:00,spot_11,Spot 11,Empty,2026-07-07T22:01:20.711562+00:00,,,,,,,,
2026-07-07T23:08:30.110908+00:00,spot_12,Spot 12,Empty,2026-07-07T21:38:25.635528+00:00,,,,,,,,
2026-07-07T23:08:30.110908+00:00,spot_13,Spot 13,Empty,2026-07-07T22:01:20.711562+00:00,,,,,,,,
2026-07-07T23:08:30.110908+00:00,spot_14,Spot 14,Empty,2026-07-07T21:51:20.011139+00:00,,,,,,,,
2026-07-07T23:08:30.110908+00:00,spot_15,Spot 15,Occupied,2026-07-07T23:08:30.110908+00:00,2209,car,0.36837485432624817,0,36.486480712890625,312.1540832519531,76.19577026367188,332.2330017089844
2026-07-07T23:08:30.110908+00:00,spot_16,Spot 16,Empty,2026-07-07T21:15:20.312493+00:00,,,,,,,,
2026-07-07T23:08:30.110908+00:00,spot_17,Spot 17,Empty,2026-07-07T16:50:19.879437+00:00,,,,,,,,
2026-07-07T23:09:19.393327+00:00,spot_1,Spot 1,Empty,2026-07-07T22:04:20.920678+00:00,,,,,,,,
2026-07-07T23:09:19.393327+00:00,spot_2,Spot 2,Empty,2026-07-07T21:10:22.475363+00:00,,,,,,,,
2026-07-07T23:09:19.393327+00:00,spot_3,Spot 3,Occupied,2026-07-07T23:07:19.237902+00:00,2201,car,0.7693556547164917,1970,442.32012939453125,327.80364990234375,499.95550537109375,374.78375244140625
2026-07-07T23:09:19.393327+00:00,spot_4,Spot 4,Empty,2026-07-07T22:26:19.721152+00:00,,,,,,,,
2026-07-07T23:09:19.393327+00:00,spot_5,Spot 5,Empty,2026-07-07T23:04:19.919089+00:00,,,,,,,,
2026-07-07T23:09:19.393327+00:00,spot_6,Spot 6,Empty,2026-07-07T23:04:19.919089+00:00,,,,,,,,
2026-07-07T23:09:19.393327+00:00,spot_7,Spot 7,Occupied,2026-07-07T23:07:19.237902+00:00,2208,car,0.8564137816429138,120,232.97119140625,319.23944091796875,309.49261474609375,363.30364990234375
2026-07-07T23:09:19.393327+00:00,spot_8,Spot 8,Occupied,2026-07-07T21:42:20.430418+00:00,2181,car,0.796005368232727,5758,183.93038940429688,323.022216796875,241.40768432617188,354.53082275390625
2026-07-07T23:09:19.393327+00:00,spot_9,Spot 9,Empty,2026-07-07T20:32:27.678069+00:00,,,,,,,,
2026-07-07T23:09:19.393327+00:00,spot_10,Spot 10,Empty,2026-07-07T21:58:26.831614+00:00,,,,,,,,
2026-07-07T23:09:19.393327+00:00,spot_11,Spot 11,Empty,2026-07-07T22:01:20.711562+00:00,,,,,,,,
2026-07-07T23:09:19.393327+00:00,spot_12,Spot 12,Empty,2026-07-07T21:38:25.635528+00:00,,,,,,,,
2026-07-07T23:09:19.393327+00:00,spot_13,Spot 13,Empty,2026-07-07T22:01:20.711562+00:00,,,,,,,,
2026-07-07T23:09:19.393327+00:00,spot_14,Spot 14,Empty,2026-07-07T21:51:20.011139+00:00,,,,,,,,
2026-07-07T23:09:19.393327+00:00,spot_15,Spot 15,Occupied,2026-07-07T23:08:30.110908+00:00,2209,car,0.39274731278419495,46,35.310333251953125,311.85174560546875,76.59991455078125,332.29583740234375
2026-07-07T23:09:19.393327+00:00,spot_16,Spot 16,Empty,2026-07-07T21:15:20.312493+00:00,,,,,,,,
2026-07-07T23:09:19.393327+00:00,spot_17,Spot 17,Empty,2026-07-07T16:50:19.879437+00:00,,,,,,,,
2026-07-07T23:10:21.918673+00:00,spot_1,Spot 1,Empty,2026-07-07T22:04:20.920678+00:00,,,,,,,,
2026-07-07T23:10:21.918673+00:00,spot_2,Spot 2,Empty,2026-07-07T21:10:22.475363+00:00,,,,,,,,
2026-07-07T23:10:21.918673+00:00,spot_3,Spot 3,Occupied,2026-07-07T23:07:19.237902+00:00,2201,car,0.7646390199661255,2033,441.98089599609375,327.47711181640625,499.90472412109375,374.37982177734375
2026-07-07T23:10:21.918673+00:00,spot_4,Spot 4,Empty,2026-07-07T22:26:19.721152+00:00,,,,,,,,
2026-07-07T23:10:21.918673+00:00,spot_5,Spot 5,Empty,2026-07-07T23:04:19.919089+00:00,,,,,,,,
2026-07-07T23:10:21.918673+00:00,spot_6,Spot 6,Empty,2026-07-07T23:04:19.919089+00:00,,,,,,,,
2026-07-07T23:10:21.918673+00:00,spot_7,Spot 7,Empty,2026-07-07T23:10:21.918673+00:00,,,,,,,,
2026-07-07T23:10:21.918673+00:00,spot_8,Spot 8,Occupied,2026-07-07T21:42:20.430418+00:00,2181,car,0.865825355052948,5821,183.98147583007812,322.7149963378906,247.22207641601562,354.3700866699219
2026-07-07T23:10:21.918673+00:00,spot_9,Spot 9,Empty,2026-07-07T20:32:27.678069+00:00,,,,,,,,
2026-07-07T23:10:21.918673+00:00,spot_10,Spot 10,Empty,2026-07-07T21:58:26.831614+00:00,,,,,,,,
2026-07-07T23:10:21.918673+00:00,spot_11,Spot 11,Empty,2026-07-07T22:01:20.711562+00:00,,,,,,,,
2026-07-07T23:10:21.918673+00:00,spot_12,Spot 12,Empty,2026-07-07T21:38:25.635528+00:00,,,,,,,,
2026-07-07T23:10:21.918673+00:00,spot_13,Spot 13,Empty,2026-07-07T22:01:20.711562+00:00,,,,,,,,
2026-07-07T23:10:21.918673+00:00,spot_14,Spot 14,Empty,2026-07-07T21:51:20.011139+00:00,,,,,,,,
2026-07-07T23:10:21.918673+00:00,spot_15,Spot 15,Empty,2026-07-07T23:10:21.918673+00:00,,,,,,,,
2026-07-07T23:10:21.918673+00:00,spot_16,Spot 16,Empty,2026-07-07T21:15:20.312493+00:00,,,,,,,,
2026-07-07T23:10:21.918673+00:00,spot_17,Spot 17,Empty,2026-07-07T16:50:19.879437+00:00,,,,,,,,
2026-07-07T23:11:19.088154+00:00,spot_1,Spot 1,Empty,2026-07-07T22:04:20.920678+00:00,,,,,,,,
2026-07-07T23:11:19.088154+00:00,spot_2,Spot 2,Empty,2026-07-07T21:10:22.475363+00:00,,,,,,,,
2026-07-07T23:11:19.088154+00:00,spot_3,Spot 3,Occupied,2026-07-07T23:07:19.237902+00:00,2201,car,0.6001444458961487,2090,444.314208984375,328.18011474609375,494.3001708984375,374.33917236328125
2026-07-07T23:11:19.088154+00:00,spot_4,Spot 4,Empty,2026-07-07T22:26:19.721152+00:00,,,,,,,,
2026-07-07T23:11:19.088154+00:00,spot_5,Spot 5,Empty,2026-07-07T23:04:19.919089+00:00,,,,,,,,
2026-07-07T23:11:19.088154+00:00,spot_6,Spot 6,Empty,2026-07-07T23:04:19.919089+00:00,,,,,,,,
2026-07-07T23:11:19.088154+00:00,spot_7,Spot 7,Empty,2026-07-07T23:10:21.918673+00:00,,,,,,,,
2026-07-07T23:11:19.088154+00:00,spot_8,Spot 8,Occupied,2026-07-07T21:42:20.430418+00:00,2181,car,0.8550325632095337,5878,183.9091796875,322.61273193359375,245.72393798828125,354.05755615234375
2026-07-07T23:11:19.088154+00:00,spot_9,Spot 9,Empty,2026-07-07T20:32:27.678069+00:00,,,,,,,,
2026-07-07T23:11:19.088154+00:00,spot_10,Spot 10,Empty,2026-07-07T21:58:26.831614+00:00,,,,,,,,
2026-07-07T23:11:19.088154+00:00,spot_11,Spot 11,Empty,2026-07-07T22:01:20.711562+00:00,,,,,,,,
2026-07-07T23:11:19.088154+00:00,spot_12,Spot 12,Empty,2026-07-07T21:38:25.635528+00:00,,,,,,,,
2026-07-07T23:11:19.088154+00:00,spot_13,Spot 13,Empty,2026-07-07T22:01:20.711562+00:00,,,,,,,,
2026-07-07T23:11:19.088154+00:00,spot_14,Spot 14,Empty,2026-07-07T21:51:20.011139+00:00,,,,,,,,
2026-07-07T23:11:19.088154+00:00,spot_15,Spot 15,Empty,2026-07-07T23:10:21.918673+00:00,,,,,,,,
2026-07-07T23:11:19.088154+00:00,spot_16,Spot 16,Empty,2026-07-07T21:15:20.312493+00:00,,,,,,,,
2026-07-07T23:11:19.088154+00:00,spot_17,Spot 17,Empty,2026-07-07T16:50:19.879437+00:00,,,,,,,,
2026-07-07T23:12:20.705963+00:00,spot_1,Spot 1,Empty,2026-07-07T22:04:20.920678+00:00,,,,,,,,
2026-07-07T23:12:20.705963+00:00,spot_2,Spot 2,Empty,2026-07-07T21:10:22.475363+00:00,,,,,,,,
2026-07-07T23:12:20.705963+00:00,spot_3,Spot 3,Occupied,2026-07-07T23:07:19.237902+00:00,2201,car,0.8195732831954956,2152,442.21673583984375,328.1136169433594,500.05889892578125,374.5396423339844
2026-07-07T23:12:20.705963+00:00,spot_4,Spot 4,Empty,2026-07-07T22:26:19.721152+00:00,,,,,,,,
2026-07-07T23:12:20.705963+00:00,spot_5,Spot 5,Empty,2026-07-07T23:04:19.919089+00:00,,,,,,,,
2026-07-07T23:12:20.705963+00:00,spot_6,Spot 6,Empty,2026-07-07T23:04:19.919089+00:00,,,,,,,,
2026-07-07T23:12:20.705963+00:00,spot_7,Spot 7,Empty,2026-07-07T23:10:21.918673+00:00,,,,,,,,
2026-07-07T23:12:20.705963+00:00,spot_8,Spot 8,Occupied,2026-07-07T21:42:20.430418+00:00,2181,car,0.8471441864967346,5940,183.71505737304688,323.2178955078125,246.297119140625,354.235107421875
2026-07-07T23:12:20.705963+00:00,spot_9,Spot 9,Empty,2026-07-07T20:32:27.678069+00:00,,,,,,,,
2026-07-07T23:12:20.705963+00:00,spot_10,Spot 10,Empty,2026-07-07T21:58:26.831614+00:00,,,,,,,,
2026-07-07T23:12:20.705963+00:00,spot_11,Spot 11,Empty,2026-07-07T22:01:20.711562+00:00,,,,,,,,
2026-07-07T23:12:20.705963+00:00,spot_12,Spot 12,Empty,2026-07-07T21:38:25.635528+00:00,,,,,,,,
2026-07-07T23:12:20.705963+00:00,spot_13,Spot 13,Empty,2026-07-07T22:01:20.711562+00:00,,,,,,,,
2026-07-07T23:12:20.705963+00:00,spot_14,Spot 14,Empty,2026-07-07T21:51:20.011139+00:00,,,,,,,,
2026-07-07T23:12:20.705963+00:00,spot_15,Spot 15,Empty,2026-07-07T23:10:21.918673+00:00,,,,,,,,
2026-07-07T23:12:20.705963+00:00,spot_16,Spot 16,Empty,2026-07-07T21:15:20.312493+00:00,,,,,,,,
2026-07-07T23:12:20.705963+00:00,spot_17,Spot 17,Empty,2026-07-07T16:50:19.879437+00:00,,,,,,,,
2026-07-07T23:13:27.285553+00:00,spot_1,Spot 1,Empty,2026-07-07T22:04:20.920678+00:00,,,,,,,,
2026-07-07T23:13:27.285553+00:00,spot_2,Spot 2,Empty,2026-07-07T21:10:22.475363+00:00,,,,,,,,
2026-07-07T23:13:27.285553+00:00,spot_3,Spot 3,Occupied,2026-07-07T23:07:19.237902+00:00,2201,car,0.7834782600402832,2221,443.3817443847656,330.8065185546875,489.6914978027344,374.29132080078125
2026-07-07T23:13:27.285553+00:00,spot_4,Spot 4,Empty,2026-07-07T22:26:19.721152+00:00,,,,,,,,
2026-07-07T23:13:27.285553+00:00,spot_5,Spot 5,Empty,2026-07-07T23:04:19.919089+00:00,,,,,,,,
2026-07-07T23:13:27.285553+00:00,spot_6,Spot 6,Empty,2026-07-07T23:04:19.919089+00:00,,,,,,,,
2026-07-07T23:13:27.285553+00:00,spot_7,Spot 7,Empty,2026-07-07T23:10:21.918673+00:00,,,,,,,,
2026-07-07T23:13:27.285553+00:00,spot_8,Spot 8,Occupied,2026-07-07T21:42:20.430418+00:00,2181,car,0.8528527021408081,6009,183.8341064453125,322.87451171875,245.76229858398438,354.2664794921875
2026-07-07T23:13:27.285553+00:00,spot_9,Spot 9,Empty,2026-07-07T20:32:27.678069+00:00,,,,,,,,
2026-07-07T23:13:27.285553+00:00,spot_10,Spot 10,Empty,2026-07-07T21:58:26.831614+00:00,,,,,,,,
2026-07-07T23:13:27.285553+00:00,spot_11,Spot 11,Empty,2026-07-07T22:01:20.711562+00:00,,,,,,,,
2026-07-07T23:13:27.285553+00:00,spot_12,Spot 12,Empty,2026-07-07T21:38:25.635528+00:00,,,,,,,,
2026-07-07T23:13:27.285553+00:00,spot_13,Spot 13,Empty,2026-07-07T22:01:20.711562+00:00,,,,,,,,
2026-07-07T23:13:27.285553+00:00,spot_14,Spot 14,Empty,2026-07-07T21:51:20.011139+00:00,,,,,,,,
2026-07-07T23:13:27.285553+00:00,spot_15,Spot 15,Empty,2026-07-07T23:10:21.918673+00:00,,,,,,,,
2026-07-07T23:13:27.285553+00:00,spot_16,Spot 16,Empty,2026-07-07T21:15:20.312493+00:00,,,,,,,,
2026-07-07T23:13:27.285553+00:00,spot_17,Spot 17,Empty,2026-07-07T16:50:19.879437+00:00,,,,,,,,
2026-07-07T23:14:19.824780+00:00,spot_1,Spot 1,Empty,2026-07-07T22:04:20.920678+00:00,,,,,,,,
2026-07-07T23:14:19.824780+00:00,spot_2,Spot 2,Empty,2026-07-07T21:10:22.475363+00:00,,,,,,,,
2026-07-07T23:14:19.824780+00:00,spot_3,Spot 3,Occupied,2026-07-07T23:07:19.237902+00:00,2201,car,0.7133657336235046,2272,442.313720703125,327.72454833984375,500.059326171875,373.72174072265625
2026-07-07T23:14:19.824780+00:00,spot_4,Spot 4,Empty,2026-07-07T22:26:19.721152+00:00,,,,,,,,
2026-07-07T23:14:19.824780+00:00,spot_5,Spot 5,Empty,2026-07-07T23:04:19.919089+00:00,,,,,,,,
2026-07-07T23:14:19.824780+00:00,spot_6,Spot 6,Empty,2026-07-07T23:04:19.919089+00:00,,,,,,,,
2026-07-07T23:14:19.824780+00:00,spot_7,Spot 7,Empty,2026-07-07T23:10:21.918673+00:00,,,,,,,,
2026-07-07T23:14:19.824780+00:00,spot_8,Spot 8,Occupied,2026-07-07T21:42:20.430418+00:00,2181,car,0.8490396738052368,6060,183.99636840820312,323.0512390136719,246.71319580078125,354.3329772949219
2026-07-07T23:14:19.824780+00:00,spot_9,Spot 9,Empty,2026-07-07T20:32:27.678069+00:00,,,,,,,,
2026-07-07T23:14:19.824780+00:00,spot_10,Spot 10,Empty,2026-07-07T21:58:26.831614+00:00,,,,,,,,
2026-07-07T23:14:19.824780+00:00,spot_11,Spot 11,Empty,2026-07-07T22:01:20.711562+00:00,,,,,,,,
2026-07-07T23:14:19.824780+00:00,spot_12,Spot 12,Empty,2026-07-07T21:38:25.635528+00:00,,,,,,,,
2026-07-07T23:14:19.824780+00:00,spot_13,Spot 13,Empty,2026-07-07T22:01:20.711562+00:00,,,,,,,,
2026-07-07T23:14:19.824780+00:00,spot_14,Spot 14,Empty,2026-07-07T21:51:20.011139+00:00,,,,,,,,
2026-07-07T23:14:19.824780+00:00,spot_15,Spot 15,Empty,2026-07-07T23:10:21.918673+00:00,,,,,,,,
2026-07-07T23:14:19.824780+00:00,spot_16,Spot 16,Empty,2026-07-07T21:15:20.312493+00:00,,,,,,,,
2026-07-07T23:14:19.824780+00:00,spot_17,Spot 17,Empty,2026-07-07T16:50:19.879437+00:00,,,,,,,,
2026-07-07T23:15:19.467477+00:00,spot_1,Spot 1,Empty,2026-07-07T22:04:20.920678+00:00,,,,,,,,
2026-07-07T23:15:19.467477+00:00,spot_2,Spot 2,Empty,2026-07-07T21:10:22.475363+00:00,,,,,,,,
2026-07-07T23:15:19.467477+00:00,spot_3,Spot 3,Occupied,2026-07-07T23:15:19.467477+00:00,2210,truck,0.6949933171272278,0,442.6488037109375,327.5992431640625,499.574462890625,374.48486328125
2026-07-07T23:15:19.467477+00:00,spot_4,Spot 4,Empty,2026-07-07T22:26:19.721152+00:00,,,,,,,,
2026-07-07T23:15:19.467477+00:00,spot_5,Spot 5,Empty,2026-07-07T23:04:19.919089+00:00,,,,,,,,
2026-07-07T23:15:19.467477+00:00,spot_6,Spot 6,Empty,2026-07-07T23:04:19.919089+00:00,,,,,,,,
2026-07-07T23:15:19.467477+00:00,spot_7,Spot 7,Empty,2026-07-07T23:10:21.918673+00:00,,,,,,,,
2026-07-07T23:15:19.467477+00:00,spot_8,Spot 8,Occupied,2026-07-07T21:42:20.430418+00:00,2181,car,0.8525876402854919,6118,183.439453125,322.7651062011719,245.98223876953125,354.7569885253906
2026-07-07T23:15:19.467477+00:00,spot_9,Spot 9,Empty,2026-07-07T20:32:27.678069+00:00,,,,,,,,
2026-07-07T23:15:19.467477+00:00,spot_10,Spot 10,Empty,2026-07-07T21:58:26.831614+00:00,,,,,,,,
2026-07-07T23:15:19.467477+00:00,spot_11,Spot 11,Empty,2026-07-07T22:01:20.711562+00:00,,,,,,,,
2026-07-07T23:15:19.467477+00:00,spot_12,Spot 12,Empty,2026-07-07T21:38:25.635528+00:00,,,,,,,,
2026-07-07T23:15:19.467477+00:00,spot_13,Spot 13,Empty,2026-07-07T22:01:20.711562+00:00,,,,,,,,
2026-07-07T23:15:19.467477+00:00,spot_14,Spot 14,Empty,2026-07-07T21:51:20.011139+00:00,,,,,,,,
2026-07-07T23:15:19.467477+00:00,spot_15,Spot 15,Empty,2026-07-07T23:10:21.918673+00:00,,,,,,,,
2026-07-07T23:15:19.467477+00:00,spot_16,Spot 16,Empty,2026-07-07T21:15:20.312493+00:00,,,,,,,,
2026-07-07T23:15:19.467477+00:00,spot_17,Spot 17,Empty,2026-07-07T16:50:19.879437+00:00,,,,,,,,
2026-07-07T23:16:19.753887+00:00,spot_1,Spot 1,Empty,2026-07-07T22:04:20.920678+00:00,,,,,,,,
2026-07-07T23:16:19.753887+00:00,spot_2,Spot 2,Empty,2026-07-07T21:10:22.475363+00:00,,,,,,,,
2026-07-07T23:16:19.753887+00:00,spot_3,Spot 3,Occupied,2026-07-07T23:16:19.753887+00:00,2201,car,0.7770283222198486,2391,442.94537353515625,328.3896484375,489.91082763671875,374.654541015625
2026-07-07T23:16:19.753887+00:00,spot_4,Spot 4,Empty,2026-07-07T22:26:19.721152+00:00,,,,,,,,
2026-07-07T23:16:19.753887+00:00,spot_5,Spot 5,Empty,2026-07-07T23:04:19.919089+00:00,,,,,,,,
2026-07-07T23:16:19.753887+00:00,spot_6,Spot 6,Empty,2026-07-07T23:04:19.919089+00:00,,,,,,,,
2026-07-07T23:16:19.753887+00:00,spot_7,Spot 7,Empty,2026-07-07T23:10:21.918673+00:00,,,,,,,,
2026-07-07T23:16:19.753887+00:00,spot_8,Spot 8,Occupied,2026-07-07T21:42:20.430418+00:00,2181,car,0.8115937113761902,6179,183.47227478027344,323.0865783691406,245.13499450683594,354.0870056152344
2026-07-07T23:16:19.753887+00:00,spot_9,Spot 9,Empty,2026-07-07T20:32:27.678069+00:00,,,,,,,,
2026-07-07T23:16:19.753887+00:00,spot_10,Spot 10,Empty,2026-07-07T21:58:26.831614+00:00,,,,,,,,
2026-07-07T23:16:19.753887+00:00,spot_11,Spot 11,Empty,2026-07-07T22:01:20.711562+00:00,,,,,,,,
2026-07-07T23:16:19.753887+00:00,spot_12,Spot 12,Empty,2026-07-07T21:38:25.635528+00:00,,,,,,,,
2026-07-07T23:16:19.753887+00:00,spot_13,Spot 13,Empty,2026-07-07T22:01:20.711562+00:00,,,,,,,,
2026-07-07T23:16:19.753887+00:00,spot_14,Spot 14,Empty,2026-07-07T21:51:20.011139+00:00,,,,,,,,
2026-07-07T23:16:19.753887+00:00,spot_15,Spot 15,Empty,2026-07-07T23:10:21.918673+00:00,,,,,,,,
2026-07-07T23:16:19.753887+00:00,spot_16,Spot 16,Empty,2026-07-07T21:15:20.312493+00:00,,,,,,,,
2026-07-07T23:16:19.753887+00:00,spot_17,Spot 17,Empty,2026-07-07T16:50:19.879437+00:00,,,,,,,,
2026-07-07T23:17:18.583571+00:00,spot_1,Spot 1,Empty,2026-07-07T22:04:20.920678+00:00,,,,,,,,
2026-07-07T23:17:18.583571+00:00,spot_2,Spot 2,Empty,2026-07-07T21:10:22.475363+00:00,,,,,,,,
2026-07-07T23:17:18.583571+00:00,spot_3,Spot 3,Occupied,2026-07-07T23:17:18.583571+00:00,2210,truck,0.6672353148460388,119,443.023193359375,327.384033203125,498.476318359375,374.41455078125
2026-07-07T23:17:18.583571+00:00,spot_4,Spot 4,Empty,2026-07-07T22:26:19.721152+00:00,,,,,,,,
2026-07-07T23:17:18.583571+00:00,spot_5,Spot 5,Empty,2026-07-07T23:04:19.919089+00:00,,,,,,,,
2026-07-07T23:17:18.583571+00:00,spot_6,Spot 6,Empty,2026-07-07T23:04:19.919089+00:00,,,,,,,,
2026-07-07T23:17:18.583571+00:00,spot_7,Spot 7,Empty,2026-07-07T23:10:21.918673+00:00,,,,,,,,
2026-07-07T23:17:18.583571+00:00,spot_8,Spot 8,Occupied,2026-07-07T21:42:20.430418+00:00,2181,car,0.8540014624595642,6237,183.3520050048828,322.8101806640625,245.70799255371094,354.230224609375
2026-07-07T23:17:18.583571+00:00,spot_9,Spot 9,Empty,2026-07-07T20:32:27.678069+00:00,,,,,,,,
2026-07-07T23:17:18.583571+00:00,spot_10,Spot 10,Empty,2026-07-07T21:58:26.831614+00:00,,,,,,,,
2026-07-07T23:17:18.583571+00:00,spot_11,Spot 11,Empty,2026-07-07T22:01:20.711562+00:00,,,,,,,,
2026-07-07T23:17:18.583571+00:00,spot_12,Spot 12,Empty,2026-07-07T21:38:25.635528+00:00,,,,,,,,
2026-07-07T23:17:18.583571+00:00,spot_13,Spot 13,Empty,2026-07-07T22:01:20.711562+00:00,,,,,,,,
2026-07-07T23:17:18.583571+00:00,spot_14,Spot 14,Empty,2026-07-07T21:51:20.011139+00:00,,,,,,,,
2026-07-07T23:17:18.583571+00:00,spot_15,Spot 15,Empty,2026-07-07T23:10:21.918673+00:00,,,,,,,,
2026-07-07T23:17:18.583571+00:00,spot_16,Spot 16,Empty,2026-07-07T21:15:20.312493+00:00,,,,,,,,
2026-07-07T23:17:18.583571+00:00,spot_17,Spot 17,Empty,2026-07-07T16:50:19.879437+00:00,,,,,,,,
2026-07-07T23:18:19.718186+00:00,spot_1,Spot 1,Empty,2026-07-07T22:04:20.920678+00:00,,,,,,,,
2026-07-07T23:18:19.718186+00:00,spot_2,Spot 2,Empty,2026-07-07T21:10:22.475363+00:00,,,,,,,,
2026-07-07T23:18:19.718186+00:00,spot_3,Spot 3,Occupied,2026-07-07T23:18:19.718186+00:00,2201,car,0.6549492478370667,2512,443.161376953125,327.5799865722656,500.52825927734375,374.0742492675781
2026-07-07T23:18:19.718186+00:00,spot_4,Spot 4,Empty,2026-07-07T22:26:19.721152+00:00,,,,,,,,
2026-07-07T23:18:19.718186+00:00,spot_5,Spot 5,Empty,2026-07-07T23:04:19.919089+00:00,,,,,,,,
2026-07-07T23:18:19.718186+00:00,spot_6,Spot 6,Empty,2026-07-07T23:04:19.919089+00:00,,,,,,,,
2026-07-07T23:18:19.718186+00:00,spot_7,Spot 7,Empty,2026-07-07T23:10:21.918673+00:00,,,,,,,,
2026-07-07T23:18:19.718186+00:00,spot_8,Spot 8,Occupied,2026-07-07T21:42:20.430418+00:00,2181,car,0.8083401322364807,6300,182.32550048828125,322.9625244140625,242.32574462890625,353.8997802734375
2026-07-07T23:18:19.718186+00:00,spot_9,Spot 9,Empty,2026-07-07T20:32:27.678069+00:00,,,,,,,,
2026-07-07T23:18:19.718186+00:00,spot_10,Spot 10,Empty,2026-07-07T21:58:26.831614+00:00,,,,,,,,
2026-07-07T23:18:19.718186+00:00,spot_11,Spot 11,Empty,2026-07-07T22:01:20.711562+00:00,,,,,,,,
2026-07-07T23:18:19.718186+00:00,spot_12,Spot 12,Empty,2026-07-07T21:38:25.635528+00:00,,,,,,,,
2026-07-07T23:18:19.718186+00:00,spot_13,Spot 13,Empty,2026-07-07T22:01:20.711562+00:00,,,,,,,,
2026-07-07T23:18:19.718186+00:00,spot_14,Spot 14,Empty,2026-07-07T21:51:20.011139+00:00,,,,,,,,
2026-07-07T23:18:19.718186+00:00,spot_15,Spot 15,Empty,2026-07-07T23:10:21.918673+00:00,,,,,,,,
2026-07-07T23:18:19.718186+00:00,spot_16,Spot 16,Empty,2026-07-07T21:15:20.312493+00:00,,,,,,,,
2026-07-07T23:18:19.718186+00:00,spot_17,Spot 17,Empty,2026-07-07T16:50:19.879437+00:00,,,,,,,,
2026-07-07T23:19:18.129291+00:00,spot_1,Spot 1,Empty,2026-07-07T22:04:20.920678+00:00,,,,,,,,
2026-07-07T23:19:18.129291+00:00,spot_2,Spot 2,Empty,2026-07-07T21:10:22.475363+00:00,,,,,,,,
2026-07-07T23:19:18.129291+00:00,spot_3,Spot 3,Occupied,2026-07-07T23:18:19.718186+00:00,2201,car,0.6549492478370667,2569,443.161376953125,327.5799865722656,500.52825927734375,374.0742492675781
2026-07-07T23:19:18.129291+00:00,spot_4,Spot 4,Empty,2026-07-07T22:26:19.721152+00:00,,,,,,,,
2026-07-07T23:19:18.129291+00:00,spot_5,Spot 5,Empty,2026-07-07T23:04:19.919089+00:00,,,,,,,,
2026-07-07T23:19:18.129291+00:00,spot_6,Spot 6,Empty,2026-07-07T23:04:19.919089+00:00,,,,,,,,
2026-07-07T23:19:18.129291+00:00,spot_7,Spot 7,Empty,2026-07-07T23:10:21.918673+00:00,,,,,,,,
2026-07-07T23:19:18.129291+00:00,spot_8,Spot 8,Occupied,2026-07-07T21:42:20.430418+00:00,2181,car,0.8083401322364807,6357,182.32550048828125,322.9625244140625,242.32574462890625,353.8997802734375
2026-07-07T23:19:18.129291+00:00,spot_9,Spot 9,Empty,2026-07-07T20:32:27.678069+00:00,,,,,,,,
2026-07-07T23:19:18.129291+00:00,spot_10,Spot 10,Empty,2026-07-07T21:58:26.831614+00:00,,,,,,,,
2026-07-07T23:19:18.129291+00:00,spot_11,Spot 11,Empty,2026-07-07T22:01:20.711562+00:00,,,,,,,,
2026-07-07T23:19:18.129291+00:00,spot_12,Spot 12,Empty,2026-07-07T21:38:25.635528+00:00,,,,,,,,
2026-07-07T23:19:18.129291+00:00,spot_13,Spot 13,Empty,2026-07-07T22:01:20.711562+00:00,,,,,,,,
2026-07-07T23:19:18.129291+00:00,spot_14,Spot 14,Empty,2026-07-07T21:51:20.011139+00:00,,,,,,,,
2026-07-07T23:19:18.129291+00:00,spot_15,Spot 15,Empty,2026-07-07T23:10:21.918673+00:00,,,,,,,,
2026-07-07T23:19:18.129291+00:00,spot_16,Spot 16,Empty,2026-07-07T21:15:20.312493+00:00,,,,,,,,
2026-07-07T23:19:18.129291+00:00,spot_17,Spot 17,Empty,2026-07-07T16:50:19.879437+00:00,,,,,,,,
2026-07-07T23:20:21.180906+00:00,spot_1,Spot 1,Empty,2026-07-07T22:04:20.920678+00:00,,,,,,,,
2026-07-07T23:20:21.180906+00:00,spot_2,Spot 2,Empty,2026-07-07T21:10:22.475363+00:00,,,,,,,,
2026-07-07T23:20:21.180906+00:00,spot_3,Spot 3,Occupied,2026-07-07T23:18:19.718186+00:00,2201,car,0.6819661855697632,2633,442.8258056640625,328.73431396484375,500.91778564453125,373.93255615234375
2026-07-07T23:20:21.180906+00:00,spot_4,Spot 4,Empty,2026-07-07T22:26:19.721152+00:00,,,,,,,,
2026-07-07T23:20:21.180906+00:00,spot_5,Spot 5,Empty,2026-07-07T23:04:19.919089+00:00,,,,,,,,
2026-07-07T23:20:21.180906+00:00,spot_6,Spot 6,Empty,2026-07-07T23:04:19.919089+00:00,,,,,,,,
2026-07-07T23:20:21.180906+00:00,spot_7,Spot 7,Empty,2026-07-07T23:10:21.918673+00:00,,,,,,,,
2026-07-07T23:20:21.180906+00:00,spot_8,Spot 8,Occupied,2026-07-07T21:42:20.430418+00:00,2181,car,0.597008466720581,6421,183.47198486328125,322.74237060546875,243.71673583984375,353.949462890625
2026-07-07T23:20:21.180906+00:00,spot_9,Spot 9,Empty,2026-07-07T20:32:27.678069+00:00,,,,,,,,
2026-07-07T23:20:21.180906+00:00,spot_10,Spot 10,Empty,2026-07-07T21:58:26.831614+00:00,,,,,,,,
2026-07-07T23:20:21.180906+00:00,spot_11,Spot 11,Empty,2026-07-07T22:01:20.711562+00:00,,,,,,,,
2026-07-07T23:20:21.180906+00:00,spot_12,Spot 12,Empty,2026-07-07T21:38:25.635528+00:00,,,,,,,,
2026-07-07T23:20:21.180906+00:00,spot_13,Spot 13,Empty,2026-07-07T22:01:20.711562+00:00,,,,,,,,
2026-07-07T23:20:21.180906+00:00,spot_14,Spot 14,Empty,2026-07-07T21:51:20.011139+00:00,,,,,,,,
2026-07-07T23:20:21.180906+00:00,spot_15,Spot 15,Empty,2026-07-07T23:10:21.918673+00:00,,,,,,,,
2026-07-07T23:20:21.180906+00:00,spot_16,Spot 16,Empty,2026-07-07T21:15:20.312493+00:00,,,,,,,,
2026-07-07T23:20:21.180906+00:00,spot_17,Spot 17,Empty,2026-07-07T16:50:19.879437+00:00,,,,,,,,
2026-07-07T23:21:19.332354+00:00,spot_1,Spot 1,Empty,2026-07-07T22:04:20.920678+00:00,,,,,,,,
2026-07-07T23:21:19.332354+00:00,spot_2,Spot 2,Empty,2026-07-07T21:10:22.475363+00:00,,,,,,,,
2026-07-07T23:21:19.332354+00:00,spot_3,Spot 3,Occupied,2026-07-07T23:18:19.718186+00:00,2201,car,0.7343236804008484,2690,442.6081237792969,328.0169677734375,497.6712341308594,374.0428466796875
2026-07-07T23:21:19.332354+00:00,spot_4,Spot 4,Empty,2026-07-07T22:26:19.721152+00:00,,,,,,,,
2026-07-07T23:21:19.332354+00:00,spot_5,Spot 5,Empty,2026-07-07T23:04:19.919089+00:00,,,,,,,,
2026-07-07T23:21:19.332354+00:00,spot_6,Spot 6,Empty,2026-07-07T23:04:19.919089+00:00,,,,,,,,
2026-07-07T23:21:19.332354+00:00,spot_7,Spot 7,Empty,2026-07-07T23:10:21.918673+00:00,,,,,,,,
2026-07-07T23:21:19.332354+00:00,spot_8,Spot 8,Occupied,2026-07-07T21:42:20.430418+00:00,2181,car,0.7063538432121277,6477,183.6864013671875,322.601318359375,245.76116943359375,354.16009521484375
2026-07-07T23:21:19.332354+00:00,spot_9,Spot 9,Empty,2026-07-07T20:32:27.678069+00:00,,,,,,,,
2026-07-07T23:21:19.332354+00:00,spot_10,Spot 10,Empty,2026-07-07T21:58:26.831614+00:00,,,,,,,,
2026-07-07T23:21:19.332354+00:00,spot_11,Spot 11,Empty,2026-07-07T22:01:20.711562+00:00,,,,,,,,
2026-07-07T23:21:19.332354+00:00,spot_12,Spot 12,Empty,2026-07-07T21:38:25.635528+00:00,,,,,,,,
2026-07-07T23:21:19.332354+00:00,spot_13,Spot 13,Empty,2026-07-07T22:01:20.711562+00:00,,,,,,,,
2026-07-07T23:21:19.332354+00:00,spot_14,Spot 14,Empty,2026-07-07T21:51:20.011139+00:00,,,,,,,,
2026-07-07T23:21:19.332354+00:00,spot_15,Spot 15,Empty,2026-07-07T23:10:21.918673+00:00,,,,,,,,
2026-07-07T23:21:19.332354+00:00,spot_16,Spot 16,Empty,2026-07-07T21:15:20.312493+00:00,,,,,,,,
2026-07-07T23:21:19.332354+00:00,spot_17,Spot 17,Empty,2026-07-07T16:50:19.879437+00:00,,,,,,,,
2026-07-07T23:22:27.335165+00:00,spot_1,Spot 1,Empty,2026-07-07T22:04:20.920678+00:00,,,,,,,,
2026-07-07T23:22:27.335165+00:00,spot_2,Spot 2,Empty,2026-07-07T21:10:22.475363+00:00,,,,,,,,
2026-07-07T23:22:27.335165+00:00,spot_3,Spot 3,Occupied,2026-07-07T23:18:19.718186+00:00,2201,car,0.7800284028053284,2760,442.9298095703125,328.47540283203125,494.451904296875,373.63153076171875
2026-07-07T23:22:27.335165+00:00,spot_4,Spot 4,Empty,2026-07-07T22:26:19.721152+00:00,,,,,,,,
2026-07-07T23:22:27.335165+00:00,spot_5,Spot 5,Empty,2026-07-07T23:04:19.919089+00:00,,,,,,,,
2026-07-07T23:22:27.335165+00:00,spot_6,Spot 6,Empty,2026-07-07T23:04:19.919089+00:00,,,,,,,,
2026-07-07T23:22:27.335165+00:00,spot_7,Spot 7,Empty,2026-07-07T23:10:21.918673+00:00,,,,,,,,
2026-07-07T23:22:27.335165+00:00,spot_8,Spot 8,Occupied,2026-07-07T21:42:20.430418+00:00,2181,car,0.6485639810562134,6548,183.74652099609375,322.2060546875,243.726318359375,354.094482421875
2026-07-07T23:22:27.335165+00:00,spot_9,Spot 9,Empty,2026-07-07T20:32:27.678069+00:00,,,,,,,,
2026-07-07T23:22:27.335165+00:00,spot_10,Spot 10,Empty,2026-07-07T21:58:26.831614+00:00,,,,,,,,
2026-07-07T23:22:27.335165+00:00,spot_11,Spot 11,Empty,2026-07-07T22:01:20.711562+00:00,,,,,,,,
2026-07-07T23:22:27.335165+00:00,spot_12,Spot 12,Empty,2026-07-07T21:38:25.635528+00:00,,,,,,,,
2026-07-07T23:22:27.335165+00:00,spot_13,Spot 13,Empty,2026-07-07T22:01:20.711562+00:00,,,,,,,,
2026-07-07T23:22:27.335165+00:00,spot_14,Spot 14,Empty,2026-07-07T21:51:20.011139+00:00,,,,,,,,
2026-07-07T23:22:27.335165+00:00,spot_15,Spot 15,Empty,2026-07-07T23:10:21.918673+00:00,,,,,,,,
2026-07-07T23:22:27.335165+00:00,spot_16,Spot 16,Empty,2026-07-07T21:15:20.312493+00:00,,,,,,,,
2026-07-07T23:22:27.335165+00:00,spot_17,Spot 17,Empty,2026-07-07T16:50:19.879437+00:00,,,,,,,,
2026-07-07T23:23:19.286194+00:00,spot_1,Spot 1,Empty,2026-07-07T22:04:20.920678+00:00,,,,,,,,
2026-07-07T23:23:19.286194+00:00,spot_2,Spot 2,Empty,2026-07-07T21:10:22.475363+00:00,,,,,,,,
2026-07-07T23:23:19.286194+00:00,spot_3,Spot 3,Occupied,2026-07-07T23:18:19.718186+00:00,2201,car,0.8204901218414307,2810,443.55474853515625,328.29925537109375,491.1436767578125,374.16741943359375
2026-07-07T23:23:19.286194+00:00,spot_4,Spot 4,Empty,2026-07-07T22:26:19.721152+00:00,,,,,,,,
2026-07-07T23:23:19.286194+00:00,spot_5,Spot 5,Empty,2026-07-07T23:04:19.919089+00:00,,,,,,,,
2026-07-07T23:23:19.286194+00:00,spot_6,Spot 6,Empty,2026-07-07T23:04:19.919089+00:00,,,,,,,,
2026-07-07T23:23:19.286194+00:00,spot_7,Spot 7,Empty,2026-07-07T23:10:21.918673+00:00,,,,,,,,
2026-07-07T23:23:19.286194+00:00,spot_8,Spot 8,Occupied,2026-07-07T21:42:20.430418+00:00,2181,car,0.7293735146522522,6598,183.33160400390625,322.4561767578125,246.1209716796875,354.1544189453125
2026-07-07T23:23:19.286194+00:00,spot_9,Spot 9,Empty,2026-07-07T20:32:27.678069+00:00,,,,,,,,
2026-07-07T23:23:19.286194+00:00,spot_10,Spot 10,Empty,2026-07-07T21:58:26.831614+00:00,,,,,,,,
2026-07-07T23:23:19.286194+00:00,spot_11,Spot 11,Empty,2026-07-07T22:01:20.711562+00:00,,,,,,,,
2026-07-07T23:23:19.286194+00:00,spot_12,Spot 12,Empty,2026-07-07T21:38:25.635528+00:00,,,,,,,,
2026-07-07T23:23:19.286194+00:00,spot_13,Spot 13,Empty,2026-07-07T22:01:20.711562+00:00,,,,,,,,
2026-07-07T23:23:19.286194+00:00,spot_14,Spot 14,Empty,2026-07-07T21:51:20.011139+00:00,,,,,,,,
2026-07-07T23:23:19.286194+00:00,spot_15,Spot 15,Empty,2026-07-07T23:10:21.918673+00:00,,,,,,,,
2026-07-07T23:23:19.286194+00:00,spot_16,Spot 16,Empty,2026-07-07T21:15:20.312493+00:00,,,,,,,,
2026-07-07T23:23:19.286194+00:00,spot_17,Spot 17,Empty,2026-07-07T16:50:19.879437+00:00,,,,,,,,
2026-07-07T23:24:18.957858+00:00,spot_1,Spot 1,Empty,2026-07-07T22:04:20.920678+00:00,,,,,,,,
2026-07-07T23:24:18.957858+00:00,spot_2,Spot 2,Empty,2026-07-07T21:10:22.475363+00:00,,,,,,,,
2026-07-07T23:24:18.957858+00:00,spot_3,Spot 3,Occupied,2026-07-07T23:18:19.718186+00:00,2201,car,0.4411589801311493,2870,443.10833740234375,328.3706359863281,501.69818115234375,374.3066101074219
2026-07-07T23:24:18.957858+00:00,spot_4,Spot 4,Empty,2026-07-07T22:26:19.721152+00:00,,,,,,,,
2026-07-07T23:24:18.957858+00:00,spot_5,Spot 5,Empty,2026-07-07T23:04:19.919089+00:00,,,,,,,,
2026-07-07T23:24:18.957858+00:00,spot_6,Spot 6,Empty,2026-07-07T23:04:19.919089+00:00,,,,,,,,
2026-07-07T23:24:18.957858+00:00,spot_7,Spot 7,Empty,2026-07-07T23:10:21.918673+00:00,,,,,,,,
2026-07-07T23:24:18.957858+00:00,spot_8,Spot 8,Occupied,2026-07-07T21:42:20.430418+00:00,2181,car,0.8269587755203247,6658,183.49575805664062,322.7450256347656,245.59072875976562,354.1078796386719
2026-07-07T23:24:18.957858+00:00,spot_9,Spot 9,Empty,2026-07-07T20:32:27.678069+00:00,,,,,,,,
2026-07-07T23:24:18.957858+00:00,spot_10,Spot 10,Empty,2026-07-07T21:58:26.831614+00:00,,,,,,,,
2026-07-07T23:24:18.957858+00:00,spot_11,Spot 11,Empty,2026-07-07T22:01:20.711562+00:00,,,,,,,,
2026-07-07T23:24:18.957858+00:00,spot_12,Spot 12,Empty,2026-07-07T21:38:25.635528+00:00,,,,,,,,
2026-07-07T23:24:18.957858+00:00,spot_13,Spot 13,Empty,2026-07-07T22:01:20.711562+00:00,,,,,,,,
2026-07-07T23:24:18.957858+00:00,spot_14,Spot 14,Empty,2026-07-07T21:51:20.011139+00:00,,,,,,,,
2026-07-07T23:24:18.957858+00:00,spot_15,Spot 15,Empty,2026-07-07T23:10:21.918673+00:00,,,,,,,,
2026-07-07T23:24:18.957858+00:00,spot_16,Spot 16,Empty,2026-07-07T21:15:20.312493+00:00,,,,,,,,
2026-07-07T23:24:18.957858+00:00,spot_17,Spot 17,Empty,2026-07-07T16:50:19.879437+00:00,,,,,,,,
2026-07-07T23:25:18.206475+00:00,spot_1,Spot 1,Empty,2026-07-07T22:04:20.920678+00:00,,,,,,,,
2026-07-07T23:25:18.206475+00:00,spot_2,Spot 2,Empty,2026-07-07T21:10:22.475363+00:00,,,,,,,,
2026-07-07T23:25:18.206475+00:00,spot_3,Spot 3,Occupied,2026-07-07T23:18:19.718186+00:00,2201,car,0.7204744815826416,2928,442.97174072265625,328.7698669433594,489.52630615234375,374.0527648925781
2026-07-07T23:25:18.206475+00:00,spot_4,Spot 4,Empty,2026-07-07T22:26:19.721152+00:00,,,,,,,,
2026-07-07T23:25:18.206475+00:00,spot_5,Spot 5,Empty,2026-07-07T23:04:19.919089+00:00,,,,,,,,
2026-07-07T23:25:18.206475+00:00,spot_6,Spot 6,Empty,2026-07-07T23:04:19.919089+00:00,,,,,,,,
2026-07-07T23:25:18.206475+00:00,spot_7,Spot 7,Empty,2026-07-07T23:10:21.918673+00:00,,,,,,,,
2026-07-07T23:25:18.206475+00:00,spot_8,Spot 8,Empty,2026-07-07T23:25:18.206475+00:00,,,,,,,,
2026-07-07T23:25:18.206475+00:00,spot_9,Spot 9,Occupied,2026-07-07T23:25:18.206475+00:00,2211,car,0.6185104250907898,0,151.3387451171875,329.82318115234375,195.35513305664062,365.57537841796875
2026-07-07T23:25:18.206475+00:00,spot_10,Spot 10,Empty,2026-07-07T21:58:26.831614+00:00,,,,,,,,
2026-07-07T23:25:18.206475+00:00,spot_11,Spot 11,Empty,2026-07-07T22:01:20.711562+00:00,,,,,,,,
2026-07-07T23:25:18.206475+00:00,spot_12,Spot 12,Empty,2026-07-07T21:38:25.635528+00:00,,,,,,,,
2026-07-07T23:25:18.206475+00:00,spot_13,Spot 13,Empty,2026-07-07T22:01:20.711562+00:00,,,,,,,,
2026-07-07T23:25:18.206475+00:00,spot_14,Spot 14,Empty,2026-07-07T21:51:20.011139+00:00,,,,,,,,
2026-07-07T23:25:18.206475+00:00,spot_15,Spot 15,Empty,2026-07-07T23:10:21.918673+00:00,,,,,,,,
2026-07-07T23:25:18.206475+00:00,spot_16,Spot 16,Empty,2026-07-07T21:15:20.312493+00:00,,,,,,,,
2026-07-07T23:25:18.206475+00:00,spot_17,Spot 17,Empty,2026-07-07T16:50:19.879437+00:00,,,,,,,,
2026-07-07T23:26:18.854339+00:00,spot_1,Spot 1,Empty,2026-07-07T22:04:20.920678+00:00,,,,,,,,
2026-07-07T23:26:18.854339+00:00,spot_2,Spot 2,Empty,2026-07-07T21:10:22.475363+00:00,,,,,,,,
2026-07-07T23:26:18.854339+00:00,spot_3,Spot 3,Occupied,2026-07-07T23:18:19.718186+00:00,2201,car,0.6582927107810974,2990,443.31585693359375,333.95281982421875,489.52203369140625,373.42327880859375
2026-07-07T23:26:18.854339+00:00,spot_4,Spot 4,Empty,2026-07-07T22:26:19.721152+00:00,,,,,,,,
2026-07-07T23:26:18.854339+00:00,spot_5,Spot 5,Empty,2026-07-07T23:04:19.919089+00:00,,,,,,,,
2026-07-07T23:26:18.854339+00:00,spot_6,Spot 6,Empty,2026-07-07T23:04:19.919089+00:00,,,,,,,,
2026-07-07T23:26:18.854339+00:00,spot_7,Spot 7,Empty,2026-07-07T23:10:21.918673+00:00,,,,,,,,
2026-07-07T23:26:18.854339+00:00,spot_8,Spot 8,Empty,2026-07-07T23:25:18.206475+00:00,,,,,,,,
2026-07-07T23:26:18.854339+00:00,spot_9,Spot 9,Empty,2026-07-07T23:26:18.854339+00:00,,,,,,,,
2026-07-07T23:26:18.854339+00:00,spot_10,Spot 10,Empty,2026-07-07T21:58:26.831614+00:00,,,,,,,,
2026-07-07T23:26:18.854339+00:00,spot_11,Spot 11,Empty,2026-07-07T22:01:20.711562+00:00,,,,,,,,
2026-07-07T23:26:18.854339+00:00,spot_12,Spot 12,Empty,2026-07-07T21:38:25.635528+00:00,,,,,,,,
2026-07-07T23:26:18.854339+00:00,spot_13,Spot 13,Empty,2026-07-07T22:01:20.711562+00:00,,,,,,,,
2026-07-07T23:26:18.854339+00:00,spot_14,Spot 14,Empty,2026-07-07T21:51:20.011139+00:00,,,,,,,,
2026-07-07T23:26:18.854339+00:00,spot_15,Spot 15,Empty,2026-07-07T23:10:21.918673+00:00,,,,,,,,
2026-07-07T23:26:18.854339+00:00,spot_16,Spot 16,Empty,2026-07-07T21:15:20.312493+00:00,,,,,,,,
2026-07-07T23:26:18.854339+00:00,spot_17,Spot 17,Empty,2026-07-07T16:50:19.879437+00:00,,,,,,,,
2026-07-07T23:27:18.912960+00:00,spot_1,Spot 1,Empty,2026-07-07T22:04:20.920678+00:00,,,,,,,,
2026-07-07T23:27:18.912960+00:00,spot_2,Spot 2,Empty,2026-07-07T21:10:22.475363+00:00,,,,,,,,
2026-07-07T23:27:18.912960+00:00,spot_3,Spot 3,Occupied,2026-07-07T23:18:19.718186+00:00,2201,car,0.6501923203468323,3049,442.8428955078125,334.64013671875,489.499267578125,373.87158203125
2026-07-07T23:27:18.912960+00:00,spot_4,Spot 4,Empty,2026-07-07T22:26:19.721152+00:00,,,,,,,,
2026-07-07T23:27:18.912960+00:00,spot_5,Spot 5,Empty,2026-07-07T23:04:19.919089+00:00,,,,,,,,
2026-07-07T23:27:18.912960+00:00,spot_6,Spot 6,Empty,2026-07-07T23:04:19.919089+00:00,,,,,,,,
2026-07-07T23:27:18.912960+00:00,spot_7,Spot 7,Empty,2026-07-07T23:10:21.918673+00:00,,,,,,,,
2026-07-07T23:27:18.912960+00:00,spot_8,Spot 8,Empty,2026-07-07T23:25:18.206475+00:00,,,,,,,,
2026-07-07T23:27:18.912960+00:00,spot_9,Spot 9,Empty,2026-07-07T23:26:18.854339+00:00,,,,,,,,
2026-07-07T23:27:18.912960+00:00,spot_10,Spot 10,Empty,2026-07-07T21:58:26.831614+00:00,,,,,,,,
2026-07-07T23:27:18.912960+00:00,spot_11,Spot 11,Empty,2026-07-07T22:01:20.711562+00:00,,,,,,,,
2026-07-07T23:27:18.912960+00:00,spot_12,Spot 12,Empty,2026-07-07T21:38:25.635528+00:00,,,,,,,,
2026-07-07T23:27:18.912960+00:00,spot_13,Spot 13,Empty,2026-07-07T22:01:20.711562+00:00,,,,,,,,
2026-07-07T23:27:18.912960+00:00,spot_14,Spot 14,Empty,2026-07-07T21:51:20.011139+00:00,,,,,,,,
2026-07-07T23:27:18.912960+00:00,spot_15,Spot 15,Empty,2026-07-07T23:10:21.918673+00:00,,,,,,,,
2026-07-07T23:27:18.912960+00:00,spot_16,Spot 16,Empty,2026-07-07T21:15:20.312493+00:00,,,,,,,,
2026-07-07T23:27:18.912960+00:00,spot_17,Spot 17,Empty,2026-07-07T16:50:19.879437+00:00,,,,,,,,
2026-07-07T23:28:19.212353+00:00,spot_1,Spot 1,Empty,2026-07-07T22:04:20.920678+00:00,,,,,,,,
2026-07-07T23:28:19.212353+00:00,spot_2,Spot 2,Empty,2026-07-07T21:10:22.475363+00:00,,,,,,,,
2026-07-07T23:28:19.212353+00:00,spot_3,Spot 3,Occupied,2026-07-07T23:18:19.718186+00:00,2201,car,0.5215939879417419,3110,442.1390686035156,327.5625,490.7292175292969,373.672119140625
2026-07-07T23:28:19.212353+00:00,spot_4,Spot 4,Empty,2026-07-07T22:26:19.721152+00:00,,,,,,,,
2026-07-07T23:28:19.212353+00:00,spot_5,Spot 5,Empty,2026-07-07T23:04:19.919089+00:00,,,,,,,,
2026-07-07T23:28:19.212353+00:00,spot_6,Spot 6,Empty,2026-07-07T23:04:19.919089+00:00,,,,,,,,
2026-07-07T23:28:19.212353+00:00,spot_7,Spot 7,Empty,2026-07-07T23:10:21.918673+00:00,,,,,,,,
2026-07-07T23:28:19.212353+00:00,spot_8,Spot 8,Empty,2026-07-07T23:25:18.206475+00:00,,,,,,,,
2026-07-07T23:28:19.212353+00:00,spot_9,Spot 9,Empty,2026-07-07T23:26:18.854339+00:00,,,,,,,,
2026-07-07T23:28:19.212353+00:00,spot_10,Spot 10,Empty,2026-07-07T21:58:26.831614+00:00,,,,,,,,
2026-07-07T23:28:19.212353+00:00,spot_11,Spot 11,Empty,2026-07-07T22:01:20.711562+00:00,,,,,,,,
2026-07-07T23:28:19.212353+00:00,spot_12,Spot 12,Empty,2026-07-07T21:38:25.635528+00:00,,,,,,,,
2026-07-07T23:28:19.212353+00:00,spot_13,Spot 13,Empty,2026-07-07T22:01:20.711562+00:00,,,,,,,,
2026-07-07T23:28:19.212353+00:00,spot_14,Spot 14,Empty,2026-07-07T21:51:20.011139+00:00,,,,,,,,
2026-07-07T23:28:19.212353+00:00,spot_15,Spot 15,Empty,2026-07-07T23:10:21.918673+00:00,,,,,,,,
2026-07-07T23:28:19.212353+00:00,spot_16,Spot 16,Empty,2026-07-07T21:15:20.312493+00:00,,,,,,,,
2026-07-07T23:28:19.212353+00:00,spot_17,Spot 17,Empty,2026-07-07T16:50:19.879437+00:00,,,,,,,,
2026-07-07T23:29:18.234000+00:00,spot_1,Spot 1,Empty,2026-07-07T22:04:20.920678+00:00,,,,,,,,
2026-07-07T23:29:18.234000+00:00,spot_2,Spot 2,Empty,2026-07-07T21:10:22.475363+00:00,,,,,,,,
2026-07-07T23:29:18.234000+00:00,spot_3,Spot 3,Occupied,2026-07-07T23:18:19.718186+00:00,2201,car,0.4733578860759735,3168,442.5591125488281,328.14996337890625,495.1665344238281,373.80499267578125
2026-07-07T23:29:18.234000+00:00,spot_4,Spot 4,Empty,2026-07-07T22:26:19.721152+00:00,,,,,,,,
2026-07-07T23:29:18.234000+00:00,spot_5,Spot 5,Empty,2026-07-07T23:04:19.919089+00:00,,,,,,,,
2026-07-07T23:29:18.234000+00:00,spot_6,Spot 6,Empty,2026-07-07T23:04:19.919089+00:00,,,,,,,,
2026-07-07T23:29:18.234000+00:00,spot_7,Spot 7,Empty,2026-07-07T23:10:21.918673+00:00,,,,,,,,
2026-07-07T23:29:18.234000+00:00,spot_8,Spot 8,Empty,2026-07-07T23:25:18.206475+00:00,,,,,,,,
2026-07-07T23:29:18.234000+00:00,spot_9,Spot 9,Empty,2026-07-07T23:26:18.854339+00:00,,,,,,,,
2026-07-07T23:29:18.234000+00:00,spot_10,Spot 10,Empty,2026-07-07T21:58:26.831614+00:00,,,,,,,,
2026-07-07T23:29:18.234000+00:00,spot_11,Spot 11,Empty,2026-07-07T22:01:20.711562+00:00,,,,,,,,
2026-07-07T23:29:18.234000+00:00,spot_12,Spot 12,Empty,2026-07-07T21:38:25.635528+00:00,,,,,,,,
2026-07-07T23:29:18.234000+00:00,spot_13,Spot 13,Empty,2026-07-07T22:01:20.711562+00:00,,,,,,,,
2026-07-07T23:29:18.234000+00:00,spot_14,Spot 14,Empty,2026-07-07T21:51:20.011139+00:00,,,,,,,,
2026-07-07T23:29:18.234000+00:00,spot_15,Spot 15,Empty,2026-07-07T23:10:21.918673+00:00,,,,,,,,
2026-07-07T23:29:18.234000+00:00,spot_16,Spot 16,Empty,2026-07-07T21:15:20.312493+00:00,,,,,,,,
2026-07-07T23:29:18.234000+00:00,spot_17,Spot 17,Empty,2026-07-07T16:50:19.879437+00:00,,,,,,,,
2026-07-07T23:30:27.409183+00:00,spot_1,Spot 1,Empty,2026-07-07T22:04:20.920678+00:00,,,,,,,,
2026-07-07T23:30:27.409183+00:00,spot_2,Spot 2,Empty,2026-07-07T21:10:22.475363+00:00,,,,,,,,
2026-07-07T23:30:27.409183+00:00,spot_3,Spot 3,Occupied,2026-07-07T23:18:19.718186+00:00,2201,car,0.7551730275154114,3240,443.4421081542969,327.9342041015625,491.4115905761719,373.59912109375
2026-07-07T23:30:27.409183+00:00,spot_4,Spot 4,Empty,2026-07-07T22:26:19.721152+00:00,,,,,,,,
2026-07-07T23:30:27.409183+00:00,spot_5,Spot 5,Empty,2026-07-07T23:04:19.919089+00:00,,,,,,,,
2026-07-07T23:30:27.409183+00:00,spot_6,Spot 6,Empty,2026-07-07T23:04:19.919089+00:00,,,,,,,,
2026-07-07T23:30:27.409183+00:00,spot_7,Spot 7,Empty,2026-07-07T23:10:21.918673+00:00,,,,,,,,
2026-07-07T23:30:27.409183+00:00,spot_8,Spot 8,Empty,2026-07-07T23:25:18.206475+00:00,,,,,,,,
2026-07-07T23:30:27.409183+00:00,spot_9,Spot 9,Empty,2026-07-07T23:26:18.854339+00:00,,,,,,,,
2026-07-07T23:30:27.409183+00:00,spot_10,Spot 10,Empty,2026-07-07T21:58:26.831614+00:00,,,,,,,,
2026-07-07T23:30:27.409183+00:00,spot_11,Spot 11,Empty,2026-07-07T22:01:20.711562+00:00,,,,,,,,
2026-07-07T23:30:27.409183+00:00,spot_12,Spot 12,Empty,2026-07-07T21:38:25.635528+00:00,,,,,,,,
2026-07-07T23:30:27.409183+00:00,spot_13,Spot 13,Empty,2026-07-07T22:01:20.711562+00:00,,,,,,,,
2026-07-07T23:30:27.409183+00:00,spot_14,Spot 14,Empty,2026-07-07T21:51:20.011139+00:00,,,,,,,,
2026-07-07T23:30:27.409183+00:00,spot_15,Spot 15,Empty,2026-07-07T23:10:21.918673+00:00,,,,,,,,
2026-07-07T23:30:27.409183+00:00,spot_16,Spot 16,Empty,2026-07-07T21:15:20.312493+00:00,,,,,,,,
2026-07-07T23:30:27.409183+00:00,spot_17,Spot 17,Empty,2026-07-07T16:50:19.879437+00:00,,,,,,,,
2026-07-07T23:31:18.466487+00:00,spot_1,Spot 1,Empty,2026-07-07T22:04:20.920678+00:00,,,,,,,,
2026-07-07T23:31:18.466487+00:00,spot_2,Spot 2,Empty,2026-07-07T21:10:22.475363+00:00,,,,,,,,
2026-07-07T23:31:18.466487+00:00,spot_3,Spot 3,Occupied,2026-07-07T23:18:19.718186+00:00,2201,car,0.7329989075660706,3289,442.9403076171875,328.48223876953125,491.4649658203125,373.37017822265625
2026-07-07T23:31:18.466487+00:00,spot_4,Spot 4,Empty,2026-07-07T22:26:19.721152+00:00,,,,,,,,
2026-07-07T23:31:18.466487+00:00,spot_5,Spot 5,Empty,2026-07-07T23:04:19.919089+00:00,,,,,,,,
2026-07-07T23:31:18.466487+00:00,spot_6,Spot 6,Empty,2026-07-07T23:04:19.919089+00:00,,,,,,,,
2026-07-07T23:31:18.466487+00:00,spot_7,Spot 7,Empty,2026-07-07T23:10:21.918673+00:00,,,,,,,,
2026-07-07T23:31:18.466487+00:00,spot_8,Spot 8,Empty,2026-07-07T23:25:18.206475+00:00,,,,,,,,
2026-07-07T23:31:18.466487+00:00,spot_9,Spot 9,Empty,2026-07-07T23:26:18.854339+00:00,,,,,,,,
2026-07-07T23:31:18.466487+00:00,spot_10,Spot 10,Empty,2026-07-07T21:58:26.831614+00:00,,,,,,,,
2026-07-07T23:31:18.466487+00:00,spot_11,Spot 11,Empty,2026-07-07T22:01:20.711562+00:00,,,,,,,,
2026-07-07T23:31:18.466487+00:00,spot_12,Spot 12,Empty,2026-07-07T21:38:25.635528+00:00,,,,,,,,
2026-07-07T23:31:18.466487+00:00,spot_13,Spot 13,Empty,2026-07-07T22:01:20.711562+00:00,,,,,,,,
2026-07-07T23:31:18.466487+00:00,spot_14,Spot 14,Empty,2026-07-07T21:51:20.011139+00:00,,,,,,,,
2026-07-07T23:31:18.466487+00:00,spot_15,Spot 15,Empty,2026-07-07T23:10:21.918673+00:00,,,,,,,,
2026-07-07T23:31:18.466487+00:00,spot_16,Spot 16,Empty,2026-07-07T21:15:20.312493+00:00,,,,,,,,
2026-07-07T23:31:18.466487+00:00,spot_17,Spot 17,Empty,2026-07-07T16:50:19.879437+00:00,,,,,,,,
2026-07-07T23:32:19.776138+00:00,spot_1,Spot 1,Empty,2026-07-07T22:04:20.920678+00:00,,,,,,,,
2026-07-07T23:32:19.776138+00:00,spot_2,Spot 2,Empty,2026-07-07T21:10:22.475363+00:00,,,,,,,,
2026-07-07T23:32:19.776138+00:00,spot_3,Spot 3,Occupied,2026-07-07T23:18:19.718186+00:00,2201,car,0.7598082423210144,3351,442.65960693359375,328.4562072753906,492.24908447265625,373.7055969238281
2026-07-07T23:32:19.776138+00:00,spot_4,Spot 4,Empty,2026-07-07T22:26:19.721152+00:00,,,,,,,,
2026-07-07T23:32:19.776138+00:00,spot_5,Spot 5,Empty,2026-07-07T23:04:19.919089+00:00,,,,,,,,
2026-07-07T23:32:19.776138+00:00,spot_6,Spot 6,Empty,2026-07-07T23:04:19.919089+00:00,,,,,,,,
2026-07-07T23:32:19.776138+00:00,spot_7,Spot 7,Empty,2026-07-07T23:10:21.918673+00:00,,,,,,,,
2026-07-07T23:32:19.776138+00:00,spot_8,Spot 8,Empty,2026-07-07T23:25:18.206475+00:00,,,,,,,,
2026-07-07T23:32:19.776138+00:00,spot_9,Spot 9,Empty,2026-07-07T23:26:18.854339+00:00,,,,,,,,
2026-07-07T23:32:19.776138+00:00,spot_10,Spot 10,Empty,2026-07-07T21:58:26.831614+00:00,,,,,,,,
2026-07-07T23:32:19.776138+00:00,spot_11,Spot 11,Empty,2026-07-07T22:01:20.711562+00:00,,,,,,,,
2026-07-07T23:32:19.776138+00:00,spot_12,Spot 12,Empty,2026-07-07T21:38:25.635528+00:00,,,,,,,,
2026-07-07T23:32:19.776138+00:00,spot_13,Spot 13,Empty,2026-07-07T22:01:20.711562+00:00,,,,,,,,
2026-07-07T23:32:19.776138+00:00,spot_14,Spot 14,Empty,2026-07-07T21:51:20.011139+00:00,,,,,,,,
2026-07-07T23:32:19.776138+00:00,spot_15,Spot 15,Empty,2026-07-07T23:10:21.918673+00:00,,,,,,,,
2026-07-07T23:32:19.776138+00:00,spot_16,Spot 16,Empty,2026-07-07T21:15:20.312493+00:00,,,,,,,,
2026-07-07T23:32:19.776138+00:00,spot_17,Spot 17,Empty,2026-07-07T16:50:19.879437+00:00,,,,,,,,
2026-07-07T23:33:18.296038+00:00,spot_1,Spot 1,Empty,2026-07-07T22:04:20.920678+00:00,,,,,,,,
2026-07-07T23:33:18.296038+00:00,spot_2,Spot 2,Empty,2026-07-07T21:10:22.475363+00:00,,,,,,,,
2026-07-07T23:33:18.296038+00:00,spot_3,Spot 3,Occupied,2026-07-07T23:18:19.718186+00:00,2201,car,0.6330035924911499,3409,443.16558837890625,328.72967529296875,489.52655029296875,373.7265625
2026-07-07T23:33:18.296038+00:00,spot_4,Spot 4,Empty,2026-07-07T22:26:19.721152+00:00,,,,,,,,
2026-07-07T23:33:18.296038+00:00,spot_5,Spot 5,Empty,2026-07-07T23:04:19.919089+00:00,,,,,,,,
2026-07-07T23:33:18.296038+00:00,spot_6,Spot 6,Empty,2026-07-07T23:04:19.919089+00:00,,,,,,,,
2026-07-07T23:33:18.296038+00:00,spot_7,Spot 7,Empty,2026-07-07T23:10:21.918673+00:00,,,,,,,,
2026-07-07T23:33:18.296038+00:00,spot_8,Spot 8,Empty,2026-07-07T23:25:18.206475+00:00,,,,,,,,
2026-07-07T23:33:18.296038+00:00,spot_9,Spot 9,Empty,2026-07-07T23:26:18.854339+00:00,,,,,,,,
2026-07-07T23:33:18.296038+00:00,spot_10,Spot 10,Empty,2026-07-07T21:58:26.831614+00:00,,,,,,,,
2026-07-07T23:33:18.296038+00:00,spot_11,Spot 11,Empty,2026-07-07T22:01:20.711562+00:00,,,,,,,,
2026-07-07T23:33:18.296038+00:00,spot_12,Spot 12,Empty,2026-07-07T21:38:25.635528+00:00,,,,,,,,
2026-07-07T23:33:18.296038+00:00,spot_13,Spot 13,Empty,2026-07-07T22:01:20.711562+00:00,,,,,,,,
2026-07-07T23:33:18.296038+00:00,spot_14,Spot 14,Empty,2026-07-07T21:51:20.011139+00:00,,,,,,,,
2026-07-07T23:33:18.296038+00:00,spot_15,Spot 15,Empty,2026-07-07T23:10:21.918673+00:00,,,,,,,,
2026-07-07T23:33:18.296038+00:00,spot_16,Spot 16,Empty,2026-07-07T21:15:20.312493+00:00,,,,,,,,
2026-07-07T23:33:18.296038+00:00,spot_17,Spot 17,Empty,2026-07-07T16:50:19.879437+00:00,,,,,,,,
2026-07-07T23:34:19.471449+00:00,spot_1,Spot 1,Empty,2026-07-07T22:04:20.920678+00:00,,,,,,,,
2026-07-07T23:34:19.471449+00:00,spot_2,Spot 2,Empty,2026-07-07T21:10:22.475363+00:00,,,,,,,,
2026-07-07T23:34:19.471449+00:00,spot_3,Spot 3,Occupied,2026-07-07T23:18:19.718186+00:00,2201,car,0.7624781131744385,3470,443.1903991699219,328.196533203125,493.9946594238281,374.12158203125
2026-07-07T23:34:19.471449+00:00,spot_4,Spot 4,Empty,2026-07-07T22:26:19.721152+00:00,,,,,,,,
2026-07-07T23:34:19.471449+00:00,spot_5,Spot 5,Empty,2026-07-07T23:04:19.919089+00:00,,,,,,,,
2026-07-07T23:34:19.471449+00:00,spot_6,Spot 6,Occupied,2026-07-07T23:34:19.471449+00:00,2213,car,0.4080772399902344,0,242.96221923828125,328.2461853027344,312.20208740234375,363.4554748535156
2026-07-07T23:34:19.471449+00:00,spot_7,Spot 7,Occupied,2026-07-07T23:34:19.471449+00:00,2212,truck,0.4276924729347229,0,243.0354766845703,328.2734375,311.97308349609375,363.1224365234375
2026-07-07T23:34:19.471449+00:00,spot_8,Spot 8,Empty,2026-07-07T23:25:18.206475+00:00,,,,,,,,
2026-07-07T23:34:19.471449+00:00,spot_9,Spot 9,Empty,2026-07-07T23:26:18.854339+00:00,,,,,,,,
2026-07-07T23:34:19.471449+00:00,spot_10,Spot 10,Empty,2026-07-07T21:58:26.831614+00:00,,,,,,,,
2026-07-07T23:34:19.471449+00:00,spot_11,Spot 11,Empty,2026-07-07T22:01:20.711562+00:00,,,,,,,,
2026-07-07T23:34:19.471449+00:00,spot_12,Spot 12,Empty,2026-07-07T21:38:25.635528+00:00,,,,,,,,
2026-07-07T23:34:19.471449+00:00,spot_13,Spot 13,Empty,2026-07-07T22:01:20.711562+00:00,,,,,,,,
2026-07-07T23:34:19.471449+00:00,spot_14,Spot 14,Empty,2026-07-07T21:51:20.011139+00:00,,,,,,,,
2026-07-07T23:34:19.471449+00:00,spot_15,Spot 15,Empty,2026-07-07T23:10:21.918673+00:00,,,,,,,,
2026-07-07T23:34:19.471449+00:00,spot_16,Spot 16,Empty,2026-07-07T21:15:20.312493+00:00,,,,,,,,
2026-07-07T23:34:19.471449+00:00,spot_17,Spot 17,Empty,2026-07-07T16:50:19.879437+00:00,,,,,,,,
2026-07-07T23:35:19.050090+00:00,spot_1,Spot 1,Empty,2026-07-07T22:04:20.920678+00:00,,,,,,,,
2026-07-07T23:35:19.050090+00:00,spot_2,Spot 2,Empty,2026-07-07T21:10:22.475363+00:00,,,,,,,,
2026-07-07T23:35:19.050090+00:00,spot_3,Spot 3,Occupied,2026-07-07T23:18:19.718186+00:00,2201,car,0.8139131665229797,3529,442.57818603515625,328.14141845703125,496.57159423828125,373.97235107421875
2026-07-07T23:35:19.050090+00:00,spot_4,Spot 4,Empty,2026-07-07T22:26:19.721152+00:00,,,,,,,,
2026-07-07T23:35:19.050090+00:00,spot_5,Spot 5,Empty,2026-07-07T23:04:19.919089+00:00,,,,,,,,
2026-07-07T23:35:19.050090+00:00,spot_6,Spot 6,Empty,2026-07-07T23:35:19.050090+00:00,,,,,,,,
2026-07-07T23:35:19.050090+00:00,spot_7,Spot 7,Occupied,2026-07-07T23:35:19.050090+00:00,2213,car,0.697185218334198,58,243.63009643554688,327.63897705078125,312.0718078613281,363.38018798828125
2026-07-07T23:35:19.050090+00:00,spot_8,Spot 8,Empty,2026-07-07T23:25:18.206475+00:00,,,,,,,,
2026-07-07T23:35:19.050090+00:00,spot_9,Spot 9,Empty,2026-07-07T23:26:18.854339+00:00,,,,,,,,
2026-07-07T23:35:19.050090+00:00,spot_10,Spot 10,Empty,2026-07-07T21:58:26.831614+00:00,,,,,,,,
2026-07-07T23:35:19.050090+00:00,spot_11,Spot 11,Empty,2026-07-07T22:01:20.711562+00:00,,,,,,,,
2026-07-07T23:35:19.050090+00:00,spot_12,Spot 12,Empty,2026-07-07T21:38:25.635528+00:00,,,,,,,,
2026-07-07T23:35:19.050090+00:00,spot_13,Spot 13,Empty,2026-07-07T22:01:20.711562+00:00,,,,,,,,
2026-07-07T23:35:19.050090+00:00,spot_14,Spot 14,Empty,2026-07-07T21:51:20.011139+00:00,,,,,,,,
2026-07-07T23:35:19.050090+00:00,spot_15,Spot 15,Empty,2026-07-07T23:10:21.918673+00:00,,,,,,,,
2026-07-07T23:35:19.050090+00:00,spot_16,Spot 16,Empty,2026-07-07T21:15:20.312493+00:00,,,,,,,,
2026-07-07T23:35:19.050090+00:00,spot_17,Spot 17,Empty,2026-07-07T16:50:19.879437+00:00,,,,,,,,
2026-07-07T23:36:18.851049+00:00,spot_1,Spot 1,Empty,2026-07-07T22:04:20.920678+00:00,,,,,,,,
2026-07-07T23:36:18.851049+00:00,spot_2,Spot 2,Empty,2026-07-07T21:10:22.475363+00:00,,,,,,,,
2026-07-07T23:36:18.851049+00:00,spot_3,Spot 3,Occupied,2026-07-07T23:18:19.718186+00:00,2201,car,0.860629141330719,3590,441.3313293457031,327.80401611328125,499.6415100097656,373.52545166015625
2026-07-07T23:36:18.851049+00:00,spot_4,Spot 4,Empty,2026-07-07T22:26:19.721152+00:00,,,,,,,,
2026-07-07T23:36:18.851049+00:00,spot_5,Spot 5,Empty,2026-07-07T23:04:19.919089+00:00,,,,,,,,
2026-07-07T23:36:18.851049+00:00,spot_6,Spot 6,Empty,2026-07-07T23:35:19.050090+00:00,,,,,,,,
2026-07-07T23:36:18.851049+00:00,spot_7,Spot 7,Occupied,2026-07-07T23:35:19.050090+00:00,2213,car,0.8537322878837585,120,242.58602905273438,327.73089599609375,312.4220886230469,362.944091796875
2026-07-07T23:36:18.851049+00:00,spot_8,Spot 8,Empty,2026-07-07T23:25:18.206475+00:00,,,,,,,,
2026-07-07T23:36:18.851049+00:00,spot_9,Spot 9,Empty,2026-07-07T23:26:18.854339+00:00,,,,,,,,
2026-07-07T23:36:18.851049+00:00,spot_10,Spot 10,Empty,2026-07-07T21:58:26.831614+00:00,,,,,,,,
2026-07-07T23:36:18.851049+00:00,spot_11,Spot 11,Empty,2026-07-07T22:01:20.711562+00:00,,,,,,,,
2026-07-07T23:36:18.851049+00:00,spot_12,Spot 12,Empty,2026-07-07T21:38:25.635528+00:00,,,,,,,,
2026-07-07T23:36:18.851049+00:00,spot_13,Spot 13,Empty,2026-07-07T22:01:20.711562+00:00,,,,,,,,
2026-07-07T23:36:18.851049+00:00,spot_14,Spot 14,Empty,2026-07-07T21:51:20.011139+00:00,,,,,,,,
2026-07-07T23:36:18.851049+00:00,spot_15,Spot 15,Empty,2026-07-07T23:10:21.918673+00:00,,,,,,,,
2026-07-07T23:36:18.851049+00:00,spot_16,Spot 16,Empty,2026-07-07T21:15:20.312493+00:00,,,,,,,,
2026-07-07T23:36:18.851049+00:00,spot_17,Spot 17,Empty,2026-07-07T16:50:19.879437+00:00,,,,,,,,
2026-07-07T23:37:19.707303+00:00,spot_1,Spot 1,Empty,2026-07-07T22:04:20.920678+00:00,,,,,,,,
2026-07-07T23:37:19.707303+00:00,spot_2,Spot 2,Empty,2026-07-07T21:10:22.475363+00:00,,,,,,,,
2026-07-07T23:37:19.707303+00:00,spot_3,Spot 3,Occupied,2026-07-07T23:18:19.718186+00:00,2201,car,0.8517207503318787,3650,441.38714599609375,327.8112487792969,498.49554443359375,373.6056823730469
2026-07-07T23:37:19.707303+00:00,spot_4,Spot 4,Empty,2026-07-07T22:26:19.721152+00:00,,,,,,,,
2026-07-07T23:37:19.707303+00:00,spot_5,Spot 5,Empty,2026-07-07T23:04:19.919089+00:00,,,,,,,,
2026-07-07T23:37:19.707303+00:00,spot_6,Spot 6,Empty,2026-07-07T23:35:19.050090+00:00,,,,,,,,
2026-07-07T23:37:19.707303+00:00,spot_7,Spot 7,Occupied,2026-07-07T23:35:19.050090+00:00,2213,car,0.8126373887062073,179,243.22801208496094,327.8431091308594,312.3846435546875,363.3793029785156
2026-07-07T23:37:19.707303+00:00,spot_8,Spot 8,Empty,2026-07-07T23:25:18.206475+00:00,,,,,,,,
2026-07-07T23:37:19.707303+00:00,spot_9,Spot 9,Empty,2026-07-07T23:26:18.854339+00:00,,,,,,,,
2026-07-07T23:37:19.707303+00:00,spot_10,Spot 10,Empty,2026-07-07T21:58:26.831614+00:00,,,,,,,,
2026-07-07T23:37:19.707303+00:00,spot_11,Spot 11,Empty,2026-07-07T22:01:20.711562+00:00,,,,,,,,
2026-07-07T23:37:19.707303+00:00,spot_12,Spot 12,Empty,2026-07-07T21:38:25.635528+00:00,,,,,,,,
2026-07-07T23:37:19.707303+00:00,spot_13,Spot 13,Empty,2026-07-07T22:01:20.711562+00:00,,,,,,,,
2026-07-07T23:37:19.707303+00:00,spot_14,Spot 14,Empty,2026-07-07T21:51:20.011139+00:00,,,,,,,,
2026-07-07T23:37:19.707303+00:00,spot_15,Spot 15,Empty,2026-07-07T23:10:21.918673+00:00,,,,,,,,
2026-07-07T23:37:19.707303+00:00,spot_16,Spot 16,Empty,2026-07-07T21:15:20.312493+00:00,,,,,,,,
2026-07-07T23:37:19.707303+00:00,spot_17,Spot 17,Empty,2026-07-07T16:50:19.879437+00:00,,,,,,,,
2026-07-07T23:38:28.502394+00:00,spot_1,Spot 1,Empty,2026-07-07T22:04:20.920678+00:00,,,,,,,,
2026-07-07T23:38:28.502394+00:00,spot_2,Spot 2,Empty,2026-07-07T21:10:22.475363+00:00,,,,,,,,
2026-07-07T23:38:28.502394+00:00,spot_3,Spot 3,Occupied,2026-07-07T23:18:19.718186+00:00,2201,car,0.8774054050445557,3721,441.0636901855469,327.95391845703125,499.8984069824219,374.24371337890625
2026-07-07T23:38:28.502394+00:00,spot_4,Spot 4,Empty,2026-07-07T22:26:19.721152+00:00,,,,,,,,
2026-07-07T23:38:28.502394+00:00,spot_5,Spot 5,Empty,2026-07-07T23:04:19.919089+00:00,,,,,,,,
2026-07-07T23:38:28.502394+00:00,spot_6,Spot 6,Empty,2026-07-07T23:35:19.050090+00:00,,,,,,,,
2026-07-07T23:38:28.502394+00:00,spot_7,Spot 7,Occupied,2026-07-07T23:35:19.050090+00:00,2213,car,0.8646031618118286,251,242.68829345703125,327.8993835449219,312.4190673828125,363.1839294433594
2026-07-07T23:38:28.502394+00:00,spot_8,Spot 8,Empty,2026-07-07T23:25:18.206475+00:00,,,,,,,,
2026-07-07T23:38:28.502394+00:00,spot_9,Spot 9,Empty,2026-07-07T23:26:18.854339+00:00,,,,,,,,
2026-07-07T23:38:28.502394+00:00,spot_10,Spot 10,Empty,2026-07-07T21:58:26.831614+00:00,,,,,,,,
2026-07-07T23:38:28.502394+00:00,spot_11,Spot 11,Empty,2026-07-07T22:01:20.711562+00:00,,,,,,,,
2026-07-07T23:38:28.502394+00:00,spot_12,Spot 12,Empty,2026-07-07T21:38:25.635528+00:00,,,,,,,,
2026-07-07T23:38:28.502394+00:00,spot_13,Spot 13,Empty,2026-07-07T22:01:20.711562+00:00,,,,,,,,
2026-07-07T23:38:28.502394+00:00,spot_14,Spot 14,Empty,2026-07-07T21:51:20.011139+00:00,,,,,,,,
2026-07-07T23:38:28.502394+00:00,spot_15,Spot 15,Empty,2026-07-07T23:10:21.918673+00:00,,,,,,,,
2026-07-07T23:38:28.502394+00:00,spot_16,Spot 16,Empty,2026-07-07T21:15:20.312493+00:00,,,,,,,,
2026-07-07T23:38:28.502394+00:00,spot_17,Spot 17,Empty,2026-07-07T16:50:19.879437+00:00,,,,,,,,
2026-07-07T23:39:19.853379+00:00,spot_1,Spot 1,Empty,2026-07-07T22:04:20.920678+00:00,,,,,,,,
2026-07-07T23:39:19.853379+00:00,spot_2,Spot 2,Empty,2026-07-07T21:10:22.475363+00:00,,,,,,,,
2026-07-07T23:39:19.853379+00:00,spot_3,Spot 3,Occupied,2026-07-07T23:18:19.718186+00:00,2201,car,0.8832703232765198,3770,441.81939697265625,327.6183776855469,500.11102294921875,374.0798034667969
2026-07-07T23:39:19.853379+00:00,spot_4,Spot 4,Empty,2026-07-07T22:26:19.721152+00:00,,,,,,,,
2026-07-07T23:39:19.853379+00:00,spot_5,Spot 5,Empty,2026-07-07T23:04:19.919089+00:00,,,,,,,,
2026-07-07T23:39:19.853379+00:00,spot_6,Spot 6,Empty,2026-07-07T23:35:19.050090+00:00,,,,,,,,
2026-07-07T23:39:19.853379+00:00,spot_7,Spot 7,Occupied,2026-07-07T23:35:19.050090+00:00,2213,car,0.859656035900116,300,242.89981079101562,327.7249755859375,312.3753356933594,363.003173828125
2026-07-07T23:39:19.853379+00:00,spot_8,Spot 8,Empty,2026-07-07T23:25:18.206475+00:00,,,,,,,,
2026-07-07T23:39:19.853379+00:00,spot_9,Spot 9,Empty,2026-07-07T23:26:18.854339+00:00,,,,,,,,
2026-07-07T23:39:19.853379+00:00,spot_10,Spot 10,Empty,2026-07-07T21:58:26.831614+00:00,,,,,,,,
2026-07-07T23:39:19.853379+00:00,spot_11,Spot 11,Empty,2026-07-07T22:01:20.711562+00:00,,,,,,,,
2026-07-07T23:39:19.853379+00:00,spot_12,Spot 12,Empty,2026-07-07T21:38:25.635528+00:00,,,,,,,,
2026-07-07T23:39:19.853379+00:00,spot_13,Spot 13,Empty,2026-07-07T22:01:20.711562+00:00,,,,,,,,
2026-07-07T23:39:19.853379+00:00,spot_14,Spot 14,Empty,2026-07-07T21:51:20.011139+00:00,,,,,,,,
2026-07-07T23:39:19.853379+00:00,spot_15,Spot 15,Empty,2026-07-07T23:10:21.918673+00:00,,,,,,,,
2026-07-07T23:39:19.853379+00:00,spot_16,Spot 16,Empty,2026-07-07T21:15:20.312493+00:00,,,,,,,,
2026-07-07T23:39:19.853379+00:00,spot_17,Spot 17,Empty,2026-07-07T16:50:19.879437+00:00,,,,,,,,
2026-07-07T23:40:19.801374+00:00,spot_1,Spot 1,Empty,2026-07-07T22:04:20.920678+00:00,,,,,,,,
2026-07-07T23:40:19.801374+00:00,spot_2,Spot 2,Empty,2026-07-07T21:10:22.475363+00:00,,,,,,,,
2026-07-07T23:40:19.801374+00:00,spot_3,Spot 3,Occupied,2026-07-07T23:18:19.718186+00:00,2201,car,0.8978226184844971,3831,442.000244140625,328.14703369140625,500.333740234375,373.77142333984375
2026-07-07T23:40:19.801374+00:00,spot_4,Spot 4,Empty,2026-07-07T22:26:19.721152+00:00,,,,,,,,
2026-07-07T23:40:19.801374+00:00,spot_5,Spot 5,Empty,2026-07-07T23:04:19.919089+00:00,,,,,,,,
2026-07-07T23:40:19.801374+00:00,spot_6,Spot 6,Empty,2026-07-07T23:35:19.050090+00:00,,,,,,,,
2026-07-07T23:40:19.801374+00:00,spot_7,Spot 7,Occupied,2026-07-07T23:35:19.050090+00:00,2213,car,0.865365207195282,360,242.83377075195312,327.8031005859375,312.3214416503906,363.054931640625
2026-07-07T23:40:19.801374+00:00,spot_8,Spot 8,Empty,2026-07-07T23:25:18.206475+00:00,,,,,,,,
2026-07-07T23:40:19.801374+00:00,spot_9,Spot 9,Empty,2026-07-07T23:26:18.854339+00:00,,,,,,,,
2026-07-07T23:40:19.801374+00:00,spot_10,Spot 10,Empty,2026-07-07T21:58:26.831614+00:00,,,,,,,,
2026-07-07T23:40:19.801374+00:00,spot_11,Spot 11,Empty,2026-07-07T22:01:20.711562+00:00,,,,,,,,
2026-07-07T23:40:19.801374+00:00,spot_12,Spot 12,Empty,2026-07-07T21:38:25.635528+00:00,,,,,,,,
2026-07-07T23:40:19.801374+00:00,spot_13,Spot 13,Empty,2026-07-07T22:01:20.711562+00:00,,,,,,,,
2026-07-07T23:40:19.801374+00:00,spot_14,Spot 14,Empty,2026-07-07T21:51:20.011139+00:00,,,,,,,,
2026-07-07T23:40:19.801374+00:00,spot_15,Spot 15,Empty,2026-07-07T23:10:21.918673+00:00,,,,,,,,
2026-07-07T23:40:19.801374+00:00,spot_16,Spot 16,Empty,2026-07-07T21:15:20.312493+00:00,,,,,,,,
2026-07-07T23:40:19.801374+00:00,spot_17,Spot 17,Empty,2026-07-07T16:50:19.879437+00:00,,,,,,,,
2026-07-07T23:41:19.984031+00:00,spot_1,Spot 1,Empty,2026-07-07T22:04:20.920678+00:00,,,,,,,,
2026-07-07T23:41:19.984031+00:00,spot_2,Spot 2,Empty,2026-07-07T21:10:22.475363+00:00,,,,,,,,
2026-07-07T23:41:19.984031+00:00,spot_3,Spot 3,Occupied,2026-07-07T23:18:19.718186+00:00,2201,car,0.8927245140075684,3891,441.302001953125,327.891357421875,499.85009765625,373.5540771484375
2026-07-07T23:41:19.984031+00:00,spot_4,Spot 4,Empty,2026-07-07T22:26:19.721152+00:00,,,,,,,,
2026-07-07T23:41:19.984031+00:00,spot_5,Spot 5,Empty,2026-07-07T23:04:19.919089+00:00,,,,,,,,
2026-07-07T23:41:19.984031+00:00,spot_6,Spot 6,Empty,2026-07-07T23:35:19.050090+00:00,,,,,,,,
2026-07-07T23:41:19.984031+00:00,spot_7,Spot 7,Occupied,2026-07-07T23:35:19.050090+00:00,2213,car,0.8554560542106628,420,242.35177612304688,327.8798828125,312.4272766113281,363.4527587890625
2026-07-07T23:41:19.984031+00:00,spot_8,Spot 8,Empty,2026-07-07T23:25:18.206475+00:00,,,,,,,,
2026-07-07T23:41:19.984031+00:00,spot_9,Spot 9,Empty,2026-07-07T23:26:18.854339+00:00,,,,,,,,
2026-07-07T23:41:19.984031+00:00,spot_10,Spot 10,Empty,2026-07-07T21:58:26.831614+00:00,,,,,,,,
2026-07-07T23:41:19.984031+00:00,spot_11,Spot 11,Empty,2026-07-07T22:01:20.711562+00:00,,,,,,,,
2026-07-07T23:41:19.984031+00:00,spot_12,Spot 12,Empty,2026-07-07T21:38:25.635528+00:00,,,,,,,,
2026-07-07T23:41:19.984031+00:00,spot_13,Spot 13,Empty,2026-07-07T22:01:20.711562+00:00,,,,,,,,
2026-07-07T23:41:19.984031+00:00,spot_14,Spot 14,Empty,2026-07-07T21:51:20.011139+00:00,,,,,,,,
2026-07-07T23:41:19.984031+00:00,spot_15,Spot 15,Empty,2026-07-07T23:10:21.918673+00:00,,,,,,,,
2026-07-07T23:41:19.984031+00:00,spot_16,Spot 16,Empty,2026-07-07T21:15:20.312493+00:00,,,,,,,,
2026-07-07T23:41:19.984031+00:00,spot_17,Spot 17,Empty,2026-07-07T16:50:19.879437+00:00,,,,,,,,
2026-07-07T23:42:18.932265+00:00,spot_1,Spot 1,Empty,2026-07-07T22:04:20.920678+00:00,,,,,,,,
2026-07-07T23:42:18.932265+00:00,spot_2,Spot 2,Empty,2026-07-07T21:10:22.475363+00:00,,,,,,,,
2026-07-07T23:42:18.932265+00:00,spot_3,Spot 3,Occupied,2026-07-07T23:18:19.718186+00:00,2201,car,0.8927245140075684,3951,441.302001953125,327.891357421875,499.85009765625,373.5540771484375
2026-07-07T23:42:18.932265+00:00,spot_4,Spot 4,Empty,2026-07-07T22:26:19.721152+00:00,,,,,,,,
2026-07-07T23:42:18.932265+00:00,spot_5,Spot 5,Empty,2026-07-07T23:04:19.919089+00:00,,,,,,,,
2026-07-07T23:42:18.932265+00:00,spot_6,Spot 6,Empty,2026-07-07T23:35:19.050090+00:00,,,,,,,,
2026-07-07T23:42:18.932265+00:00,spot_7,Spot 7,Occupied,2026-07-07T23:35:19.050090+00:00,2213,car,0.8554560542106628,480,242.35177612304688,327.8798828125,312.4272766113281,363.4527587890625
2026-07-07T23:42:18.932265+00:00,spot_8,Spot 8,Empty,2026-07-07T23:25:18.206475+00:00,,,,,,,,
2026-07-07T23:42:18.932265+00:00,spot_9,Spot 9,Empty,2026-07-07T23:26:18.854339+00:00,,,,,,,,
2026-07-07T23:42:18.932265+00:00,spot_10,Spot 10,Empty,2026-07-07T21:58:26.831614+00:00,,,,,,,,
2026-07-07T23:42:18.932265+00:00,spot_11,Spot 11,Empty,2026-07-07T22:01:20.711562+00:00,,,,,,,,
2026-07-07T23:42:18.932265+00:00,spot_12,Spot 12,Empty,2026-07-07T21:38:25.635528+00:00,,,,,,,,
2026-07-07T23:42:18.932265+00:00,spot_13,Spot 13,Empty,2026-07-07T22:01:20.711562+00:00,,,,,,,,
2026-07-07T23:42:18.932265+00:00,spot_14,Spot 14,Empty,2026-07-07T21:51:20.011139+00:00,,,,,,,,
2026-07-07T23:42:18.932265+00:00,spot_15,Spot 15,Empty,2026-07-07T23:10:21.918673+00:00,,,,,,,,
2026-07-07T23:42:18.932265+00:00,spot_16,Spot 16,Empty,2026-07-07T21:15:20.312493+00:00,,,,,,,,
2026-07-07T23:42:18.932265+00:00,spot_17,Spot 17,Empty,2026-07-07T16:50:19.879437+00:00,,,,,,,,
2026-07-07T23:43:19.329611+00:00,spot_1,Spot 1,Empty,2026-07-07T22:04:20.920678+00:00,,,,,,,,
2026-07-07T23:43:19.329611+00:00,spot_2,Spot 2,Empty,2026-07-07T21:10:22.475363+00:00,,,,,,,,
2026-07-07T23:43:19.329611+00:00,spot_3,Spot 3,Occupied,2026-07-07T23:18:19.718186+00:00,2201,car,0.8464382290840149,4011,442.0335998535156,327.84222412109375,500.1744079589844,373.44732666015625
2026-07-07T23:43:19.329611+00:00,spot_4,Spot 4,Empty,2026-07-07T22:26:19.721152+00:00,,,,,,,,
2026-07-07T23:43:19.329611+00:00,spot_5,Spot 5,Occupied,2026-07-07T23:43:19.329611+00:00,2214,car,0.6178038716316223,0,336.19354248046875,336.6558837890625,363.9671630859375,347.5638427734375
2026-07-07T23:43:19.329611+00:00,spot_6,Spot 6,Empty,2026-07-07T23:35:19.050090+00:00,,,,,,,,
2026-07-07T23:43:19.329611+00:00,spot_7,Spot 7,Occupied,2026-07-07T23:35:19.050090+00:00,2213,car,0.8414506912231445,541,241.73971557617188,327.78997802734375,312.1834411621094,363.44952392578125
2026-07-07T23:43:19.329611+00:00,spot_8,Spot 8,Empty,2026-07-07T23:25:18.206475+00:00,,,,,,,,
2026-07-07T23:43:19.329611+00:00,spot_9,Spot 9,Empty,2026-07-07T23:26:18.854339+00:00,,,,,,,,
2026-07-07T23:43:19.329611+00:00,spot_10,Spot 10,Empty,2026-07-07T21:58:26.831614+00:00,,,,,,,,
2026-07-07T23:43:19.329611+00:00,spot_11,Spot 11,Empty,2026-07-07T22:01:20.711562+00:00,,,,,,,,
2026-07-07T23:43:19.329611+00:00,spot_12,Spot 12,Empty,2026-07-07T21:38:25.635528+00:00,,,,,,,,
2026-07-07T23:43:19.329611+00:00,spot_13,Spot 13,Empty,2026-07-07T22:01:20.711562+00:00,,,,,,,,
2026-07-07T23:43:19.329611+00:00,spot_14,Spot 14,Empty,2026-07-07T21:51:20.011139+00:00,,,,,,,,
2026-07-07T23:43:19.329611+00:00,spot_15,Spot 15,Empty,2026-07-07T23:10:21.918673+00:00,,,,,,,,
2026-07-07T23:43:19.329611+00:00,spot_16,Spot 16,Empty,2026-07-07T21:15:20.312493+00:00,,,,,,,,
2026-07-07T23:43:19.329611+00:00,spot_17,Spot 17,Empty,2026-07-07T16:50:19.879437+00:00,,,,,,,,
2026-07-07T23:44:18.262644+00:00,spot_1,Spot 1,Empty,2026-07-07T22:04:20.920678+00:00,,,,,,,,
2026-07-07T23:44:18.262644+00:00,spot_2,Spot 2,Empty,2026-07-07T21:10:22.475363+00:00,,,,,,,,
2026-07-07T23:44:18.262644+00:00,spot_3,Spot 3,Occupied,2026-07-07T23:18:19.718186+00:00,2201,car,0.7320850491523743,4069,441.22943115234375,327.8150329589844,500.0040283203125,373.9928283691406
2026-07-07T23:44:18.262644+00:00,spot_4,Spot 4,Empty,2026-07-07T22:26:19.721152+00:00,,,,,,,,
2026-07-07T23:44:18.262644+00:00,spot_5,Spot 5,Occupied,2026-07-07T23:43:19.329611+00:00,2214,car,0.4179350733757019,57,335.44561767578125,337.0867919921875,360.66778564453125,347.749267578125
2026-07-07T23:44:18.262644+00:00,spot_6,Spot 6,Empty,2026-07-07T23:35:19.050090+00:00,,,,,,,,
2026-07-07T23:44:18.262644+00:00,spot_7,Spot 7,Occupied,2026-07-07T23:35:19.050090+00:00,2213,car,0.7981268763542175,598,242.1355438232422,328.11907958984375,312.27996826171875,363.47576904296875
2026-07-07T23:44:18.262644+00:00,spot_8,Spot 8,Empty,2026-07-07T23:25:18.206475+00:00,,,,,,,,
2026-07-07T23:44:18.262644+00:00,spot_9,Spot 9,Empty,2026-07-07T23:26:18.854339+00:00,,,,,,,,
2026-07-07T23:44:18.262644+00:00,spot_10,Spot 10,Empty,2026-07-07T21:58:26.831614+00:00,,,,,,,,
2026-07-07T23:44:18.262644+00:00,spot_11,Spot 11,Empty,2026-07-07T22:01:20.711562+00:00,,,,,,,,
2026-07-07T23:44:18.262644+00:00,spot_12,Spot 12,Empty,2026-07-07T21:38:25.635528+00:00,,,,,,,,
2026-07-07T23:44:18.262644+00:00,spot_13,Spot 13,Empty,2026-07-07T22:01:20.711562+00:00,,,,,,,,
2026-07-07T23:44:18.262644+00:00,spot_14,Spot 14,Empty,2026-07-07T21:51:20.011139+00:00,,,,,,,,
2026-07-07T23:44:18.262644+00:00,spot_15,Spot 15,Empty,2026-07-07T23:10:21.918673+00:00,,,,,,,,
2026-07-07T23:44:18.262644+00:00,spot_16,Spot 16,Empty,2026-07-07T21:15:20.312493+00:00,,,,,,,,
2026-07-07T23:44:18.262644+00:00,spot_17,Spot 17,Empty,2026-07-07T16:50:19.879437+00:00,,,,,,,,
2026-07-07T23:45:20.010300+00:00,spot_1,Spot 1,Empty,2026-07-07T22:04:20.920678+00:00,,,,,,,,
2026-07-07T23:45:20.010300+00:00,spot_2,Spot 2,Empty,2026-07-07T21:10:22.475363+00:00,,,,,,,,
2026-07-07T23:45:20.010300+00:00,spot_3,Spot 3,Occupied,2026-07-07T23:18:19.718186+00:00,2201,car,0.7981942892074585,4130,441.2467041015625,327.46990966796875,499.978515625,374.16241455078125
2026-07-07T23:45:20.010300+00:00,spot_4,Spot 4,Empty,2026-07-07T22:26:19.721152+00:00,,,,,,,,
2026-07-07T23:45:20.010300+00:00,spot_5,Spot 5,Empty,2026-07-07T23:45:20.010300+00:00,,,,,,,,
2026-07-07T23:45:20.010300+00:00,spot_6,Spot 6,Empty,2026-07-07T23:35:19.050090+00:00,,,,,,,,
2026-07-07T23:45:20.010300+00:00,spot_7,Spot 7,Occupied,2026-07-07T23:35:19.050090+00:00,2213,car,0.7900270223617554,659,241.67462158203125,327.9600830078125,312.410400390625,363.3819580078125
2026-07-07T23:45:20.010300+00:00,spot_8,Spot 8,Empty,2026-07-07T23:25:18.206475+00:00,,,,,,,,
2026-07-07T23:45:20.010300+00:00,spot_9,Spot 9,Empty,2026-07-07T23:26:18.854339+00:00,,,,,,,,
2026-07-07T23:45:20.010300+00:00,spot_10,Spot 10,Empty,2026-07-07T21:58:26.831614+00:00,,,,,,,,
2026-07-07T23:45:20.010300+00:00,spot_11,Spot 11,Empty,2026-07-07T22:01:20.711562+00:00,,,,,,,,
2026-07-07T23:45:20.010300+00:00,spot_12,Spot 12,Empty,2026-07-07T21:38:25.635528+00:00,,,,,,,,
2026-07-07T23:45:20.010300+00:00,spot_13,Spot 13,Empty,2026-07-07T22:01:20.711562+00:00,,,,,,,,
2026-07-07T23:45:20.010300+00:00,spot_14,Spot 14,Empty,2026-07-07T21:51:20.011139+00:00,,,,,,,,
2026-07-07T23:45:20.010300+00:00,spot_15,Spot 15,Empty,2026-07-07T23:10:21.918673+00:00,,,,,,,,
2026-07-07T23:45:20.010300+00:00,spot_16,Spot 16,Empty,2026-07-07T21:15:20.312493+00:00,,,,,,,,
2026-07-07T23:45:20.010300+00:00,spot_17,Spot 17,Empty,2026-07-07T16:50:19.879437+00:00,,,,,,,,
2026-07-07T23:46:27.684180+00:00,spot_1,Spot 1,Empty,2026-07-07T22:04:20.920678+00:00,,,,,,,,
2026-07-07T23:46:27.684180+00:00,spot_2,Spot 2,Empty,2026-07-07T21:10:22.475363+00:00,,,,,,,,
2026-07-07T23:46:27.684180+00:00,spot_3,Spot 3,Occupied,2026-07-07T23:18:19.718186+00:00,2201,car,0.6735882759094238,4201,442.2271423339844,335.2608642578125,489.1882019042969,373.7666015625
2026-07-07T23:46:27.684180+00:00,spot_4,Spot 4,Empty,2026-07-07T22:26:19.721152+00:00,,,,,,,,
2026-07-07T23:46:27.684180+00:00,spot_5,Spot 5,Empty,2026-07-07T23:45:20.010300+00:00,,,,,,,,
2026-07-07T23:46:27.684180+00:00,spot_6,Spot 6,Empty,2026-07-07T23:35:19.050090+00:00,,,,,,,,
2026-07-07T23:46:27.684180+00:00,spot_7,Spot 7,Occupied,2026-07-07T23:35:19.050090+00:00,2213,car,0.8639737367630005,731,241.83074951171875,327.8907470703125,312.543212890625,363.22723388671875
2026-07-07T23:46:27.684180+00:00,spot_8,Spot 8,Empty,2026-07-07T23:25:18.206475+00:00,,,,,,,,
2026-07-07T23:46:27.684180+00:00,spot_9,Spot 9,Empty,2026-07-07T23:26:18.854339+00:00,,,,,,,,
2026-07-07T23:46:27.684180+00:00,spot_10,Spot 10,Empty,2026-07-07T21:58:26.831614+00:00,,,,,,,,
2026-07-07T23:46:27.684180+00:00,spot_11,Spot 11,Empty,2026-07-07T22:01:20.711562+00:00,,,,,,,,
2026-07-07T23:46:27.684180+00:00,spot_12,Spot 12,Empty,2026-07-07T21:38:25.635528+00:00,,,,,,,,
2026-07-07T23:46:27.684180+00:00,spot_13,Spot 13,Empty,2026-07-07T22:01:20.711562+00:00,,,,,,,,
2026-07-07T23:46:27.684180+00:00,spot_14,Spot 14,Empty,2026-07-07T21:51:20.011139+00:00,,,,,,,,
2026-07-07T23:46:27.684180+00:00,spot_15,Spot 15,Empty,2026-07-07T23:10:21.918673+00:00,,,,,,,,
2026-07-07T23:46:27.684180+00:00,spot_16,Spot 16,Empty,2026-07-07T21:15:20.312493+00:00,,,,,,,,
2026-07-07T23:46:27.684180+00:00,spot_17,Spot 17,Empty,2026-07-07T16:50:19.879437+00:00,,,,,,,,
2026-07-07T23:47:19.438878+00:00,spot_1,Spot 1,Empty,2026-07-07T22:04:20.920678+00:00,,,,,,,,
2026-07-07T23:47:19.438878+00:00,spot_2,Spot 2,Empty,2026-07-07T21:10:22.475363+00:00,,,,,,,,
2026-07-07T23:47:19.438878+00:00,spot_3,Spot 3,Occupied,2026-07-07T23:47:19.438878+00:00,2215,truck,0.5441710352897644,0,441.6182861328125,327.8694763183594,498.2960205078125,374.2560119628906
2026-07-07T23:47:19.438878+00:00,spot_4,Spot 4,Empty,2026-07-07T22:26:19.721152+00:00,,,,,,,,
2026-07-07T23:47:19.438878+00:00,spot_5,Spot 5,Empty,2026-07-07T23:45:20.010300+00:00,,,,,,,,
2026-07-07T23:47:19.438878+00:00,spot_6,Spot 6,Empty,2026-07-07T23:35:19.050090+00:00,,,,,,,,
2026-07-07T23:47:19.438878+00:00,spot_7,Spot 7,Occupied,2026-07-07T23:35:19.050090+00:00,2213,car,0.7881954312324524,779,242.8463897705078,328.0300598144531,312.36468505859375,363.3189392089844
2026-07-07T23:47:19.438878+00:00,spot_8,Spot 8,Empty,2026-07-07T23:25:18.206475+00:00,,,,,,,,
2026-07-07T23:47:19.438878+00:00,spot_9,Spot 9,Empty,2026-07-07T23:26:18.854339+00:00,,,,,,,,
2026-07-07T23:47:19.438878+00:00,spot_10,Spot 10,Empty,2026-07-07T21:58:26.831614+00:00,,,,,,,,
2026-07-07T23:47:19.438878+00:00,spot_11,Spot 11,Empty,2026-07-07T22:01:20.711562+00:00,,,,,,,,
2026-07-07T23:47:19.438878+00:00,spot_12,Spot 12,Empty,2026-07-07T21:38:25.635528+00:00,,,,,,,,
2026-07-07T23:47:19.438878+00:00,spot_13,Spot 13,Empty,2026-07-07T22:01:20.711562+00:00,,,,,,,,
2026-07-07T23:47:19.438878+00:00,spot_14,Spot 14,Empty,2026-07-07T21:51:20.011139+00:00,,,,,,,,
2026-07-07T23:47:19.438878+00:00,spot_15,Spot 15,Empty,2026-07-07T23:10:21.918673+00:00,,,,,,,,
2026-07-07T23:47:19.438878+00:00,spot_16,Spot 16,Empty,2026-07-07T21:15:20.312493+00:00,,,,,,,,
2026-07-07T23:47:19.438878+00:00,spot_17,Spot 17,Empty,2026-07-07T16:50:19.879437+00:00,,,,,,,,
2026-07-07T23:48:18.027671+00:00,spot_1,Spot 1,Empty,2026-07-07T22:04:20.920678+00:00,,,,,,,,
2026-07-07T23:48:18.027671+00:00,spot_2,Spot 2,Empty,2026-07-07T21:10:22.475363+00:00,,,,,,,,
2026-07-07T23:48:18.027671+00:00,spot_3,Spot 3,Occupied,2026-07-07T23:48:18.027671+00:00,2201,car,0.6350951790809631,4310,435.6494140625,331.703857421875,492.7091064453125,379.8380126953125
2026-07-07T23:48:18.027671+00:00,spot_4,Spot 4,Empty,2026-07-07T22:26:19.721152+00:00,,,,,,,,
2026-07-07T23:48:18.027671+00:00,spot_5,Spot 5,Empty,2026-07-07T23:45:20.010300+00:00,,,,,,,,
2026-07-07T23:48:18.027671+00:00,spot_6,Spot 6,Empty,2026-07-07T23:35:19.050090+00:00,,,,,,,,
2026-07-07T23:48:18.027671+00:00,spot_7,Spot 7,Occupied,2026-07-07T23:35:19.050090+00:00,2213,car,0.8754943013191223,840,242.805419921875,328.264404296875,311.85748291015625,363.2939453125
2026-07-07T23:48:18.027671+00:00,spot_8,Spot 8,Empty,2026-07-07T23:25:18.206475+00:00,,,,,,,,
2026-07-07T23:48:18.027671+00:00,spot_9,Spot 9,Empty,2026-07-07T23:26:18.854339+00:00,,,,,,,,
2026-07-07T23:48:18.027671+00:00,spot_10,Spot 10,Empty,2026-07-07T21:58:26.831614+00:00,,,,,,,,
2026-07-07T23:48:18.027671+00:00,spot_11,Spot 11,Empty,2026-07-07T22:01:20.711562+00:00,,,,,,,,
2026-07-07T23:48:18.027671+00:00,spot_12,Spot 12,Empty,2026-07-07T21:38:25.635528+00:00,,,,,,,,
2026-07-07T23:48:18.027671+00:00,spot_13,Spot 13,Empty,2026-07-07T22:01:20.711562+00:00,,,,,,,,
2026-07-07T23:48:18.027671+00:00,spot_14,Spot 14,Empty,2026-07-07T21:51:20.011139+00:00,,,,,,,,
2026-07-07T23:48:18.027671+00:00,spot_15,Spot 15,Empty,2026-07-07T23:10:21.918673+00:00,,,,,,,,
2026-07-07T23:48:18.027671+00:00,spot_16,Spot 16,Empty,2026-07-07T21:15:20.312493+00:00,,,,,,,,
2026-07-07T23:48:18.027671+00:00,spot_17,Spot 17,Empty,2026-07-07T16:50:19.879437+00:00,,,,,,,,
2026-07-07T23:49:18.511171+00:00,spot_1,Spot 1,Empty,2026-07-07T22:04:20.920678+00:00,,,,,,,,
2026-07-07T23:49:18.511171+00:00,spot_2,Spot 2,Empty,2026-07-07T21:10:22.475363+00:00,,,,,,,,
2026-07-07T23:49:18.511171+00:00,spot_3,Spot 3,Empty,2026-07-07T23:49:18.511171+00:00,,,,,,,,
2026-07-07T23:49:18.511171+00:00,spot_4,Spot 4,Empty,2026-07-07T22:26:19.721152+00:00,,,,,,,,
2026-07-07T23:49:18.511171+00:00,spot_5,Spot 5,Empty,2026-07-07T23:45:20.010300+00:00,,,,,,,,
2026-07-07T23:49:18.511171+00:00,spot_6,Spot 6,Empty,2026-07-07T23:35:19.050090+00:00,,,,,,,,
2026-07-07T23:49:18.511171+00:00,spot_7,Spot 7,Occupied,2026-07-07T23:35:19.050090+00:00,2213,car,0.8432571887969971,898,242.81178283691406,328.0929260253906,311.9771728515625,363.1573791503906
2026-07-07T23:49:18.511171+00:00,spot_8,Spot 8,Empty,2026-07-07T23:25:18.206475+00:00,,,,,,,,
2026-07-07T23:49:18.511171+00:00,spot_9,Spot 9,Empty,2026-07-07T23:26:18.854339+00:00,,,,,,,,
2026-07-07T23:49:18.511171+00:00,spot_10,Spot 10,Empty,2026-07-07T21:58:26.831614+00:00,,,,,,,,
2026-07-07T23:49:18.511171+00:00,spot_11,Spot 11,Empty,2026-07-07T22:01:20.711562+00:00,,,,,,,,
2026-07-07T23:49:18.511171+00:00,spot_12,Spot 12,Empty,2026-07-07T21:38:25.635528+00:00,,,,,,,,
2026-07-07T23:49:18.511171+00:00,spot_13,Spot 13,Empty,2026-07-07T22:01:20.711562+00:00,,,,,,,,
2026-07-07T23:49:18.511171+00:00,spot_14,Spot 14,Empty,2026-07-07T21:51:20.011139+00:00,,,,,,,,
2026-07-07T23:49:18.511171+00:00,spot_15,Spot 15,Empty,2026-07-07T23:10:21.918673+00:00,,,,,,,,
2026-07-07T23:49:18.511171+00:00,spot_16,Spot 16,Empty,2026-07-07T21:15:20.312493+00:00,,,,,,,,
2026-07-07T23:49:18.511171+00:00,spot_17,Spot 17,Empty,2026-07-07T16:50:19.879437+00:00,,,,,,,,
2026-07-07T23:50:20.038638+00:00,spot_1,Spot 1,Empty,2026-07-07T22:04:20.920678+00:00,,,,,,,,
2026-07-07T23:50:20.038638+00:00,spot_2,Spot 2,Empty,2026-07-07T21:10:22.475363+00:00,,,,,,,,
2026-07-07T23:50:20.038638+00:00,spot_3,Spot 3,Empty,2026-07-07T23:49:18.511171+00:00,,,,,,,,
2026-07-07T23:50:20.038638+00:00,spot_4,Spot 4,Empty,2026-07-07T22:26:19.721152+00:00,,,,,,,,
2026-07-07T23:50:20.038638+00:00,spot_5,Spot 5,Empty,2026-07-07T23:45:20.010300+00:00,,,,,,,,
2026-07-07T23:50:20.038638+00:00,spot_6,Spot 6,Empty,2026-07-07T23:35:19.050090+00:00,,,,,,,,
2026-07-07T23:50:20.038638+00:00,spot_7,Spot 7,Occupied,2026-07-07T23:35:19.050090+00:00,2213,car,0.8165268301963806,961,241.65419006347656,327.8444519042969,312.2816162109375,363.1517028808594
2026-07-07T23:50:20.038638+00:00,spot_8,Spot 8,Empty,2026-07-07T23:25:18.206475+00:00,,,,,,,,
2026-07-07T23:50:20.038638+00:00,spot_9,Spot 9,Empty,2026-07-07T23:26:18.854339+00:00,,,,,,,,
2026-07-07T23:50:20.038638+00:00,spot_10,Spot 10,Empty,2026-07-07T21:58:26.831614+00:00,,,,,,,,
2026-07-07T23:50:20.038638+00:00,spot_11,Spot 11,Empty,2026-07-07T22:01:20.711562+00:00,,,,,,,,
2026-07-07T23:50:20.038638+00:00,spot_12,Spot 12,Empty,2026-07-07T21:38:25.635528+00:00,,,,,,,,
2026-07-07T23:50:20.038638+00:00,spot_13,Spot 13,Empty,2026-07-07T22:01:20.711562+00:00,,,,,,,,
2026-07-07T23:50:20.038638+00:00,spot_14,Spot 14,Empty,2026-07-07T21:51:20.011139+00:00,,,,,,,,
2026-07-07T23:50:20.038638+00:00,spot_15,Spot 15,Empty,2026-07-07T23:10:21.918673+00:00,,,,,,,,
2026-07-07T23:50:20.038638+00:00,spot_16,Spot 16,Empty,2026-07-07T21:15:20.312493+00:00,,,,,,,,
2026-07-07T23:50:20.038638+00:00,spot_17,Spot 17,Empty,2026-07-07T16:50:19.879437+00:00,,,,,,,,
2026-07-07T23:51:18.549978+00:00,spot_1,Spot 1,Empty,2026-07-07T22:04:20.920678+00:00,,,,,,,,
2026-07-07T23:51:18.549978+00:00,spot_2,Spot 2,Empty,2026-07-07T21:10:22.475363+00:00,,,,,,,,
2026-07-07T23:51:18.549978+00:00,spot_3,Spot 3,Empty,2026-07-07T23:49:18.511171+00:00,,,,,,,,
2026-07-07T23:51:18.549978+00:00,spot_4,Spot 4,Empty,2026-07-07T22:26:19.721152+00:00,,,,,,,,
2026-07-07T23:51:18.549978+00:00,spot_5,Spot 5,Empty,2026-07-07T23:45:20.010300+00:00,,,,,,,,
2026-07-07T23:51:18.549978+00:00,spot_6,Spot 6,Empty,2026-07-07T23:35:19.050090+00:00,,,,,,,,
2026-07-07T23:51:18.549978+00:00,spot_7,Spot 7,Occupied,2026-07-07T23:35:19.050090+00:00,2213,car,0.8727881908416748,1018,242.66867065429688,327.84478759765625,312.1492004394531,363.373291015625
2026-07-07T23:51:18.549978+00:00,spot_8,Spot 8,Empty,2026-07-07T23:25:18.206475+00:00,,,,,,,,
2026-07-07T23:51:18.549978+00:00,spot_9,Spot 9,Empty,2026-07-07T23:26:18.854339+00:00,,,,,,,,
2026-07-07T23:51:18.549978+00:00,spot_10,Spot 10,Empty,2026-07-07T21:58:26.831614+00:00,,,,,,,,
2026-07-07T23:51:18.549978+00:00,spot_11,Spot 11,Empty,2026-07-07T22:01:20.711562+00:00,,,,,,,,
2026-07-07T23:51:18.549978+00:00,spot_12,Spot 12,Empty,2026-07-07T21:38:25.635528+00:00,,,,,,,,
2026-07-07T23:51:18.549978+00:00,spot_13,Spot 13,Empty,2026-07-07T22:01:20.711562+00:00,,,,,,,,
2026-07-07T23:51:18.549978+00:00,spot_14,Spot 14,Empty,2026-07-07T21:51:20.011139+00:00,,,,,,,,
2026-07-07T23:51:18.549978+00:00,spot_15,Spot 15,Empty,2026-07-07T23:10:21.918673+00:00,,,,,,,,
2026-07-07T23:51:18.549978+00:00,spot_16,Spot 16,Empty,2026-07-07T21:15:20.312493+00:00,,,,,,,,
2026-07-07T23:51:18.549978+00:00,spot_17,Spot 17,Empty,2026-07-07T16:50:19.879437+00:00,,,,,,,,
2026-07-07T23:52:19.437904+00:00,spot_1,Spot 1,Empty,2026-07-07T22:04:20.920678+00:00,,,,,,,,
2026-07-07T23:52:19.437904+00:00,spot_2,Spot 2,Empty,2026-07-07T21:10:22.475363+00:00,,,,,,,,
2026-07-07T23:52:19.437904+00:00,spot_3,Spot 3,Empty,2026-07-07T23:49:18.511171+00:00,,,,,,,,
2026-07-07T23:52:19.437904+00:00,spot_4,Spot 4,Empty,2026-07-07T22:26:19.721152+00:00,,,,,,,,
2026-07-07T23:52:19.437904+00:00,spot_5,Spot 5,Empty,2026-07-07T23:45:20.010300+00:00,,,,,,,,
2026-07-07T23:52:19.437904+00:00,spot_6,Spot 6,Empty,2026-07-07T23:35:19.050090+00:00,,,,,,,,
2026-07-07T23:52:19.437904+00:00,spot_7,Spot 7,Occupied,2026-07-07T23:35:19.050090+00:00,2213,car,0.8110237121582031,1079,242.7220001220703,327.78717041015625,311.98236083984375,363.58160400390625
2026-07-07T23:52:19.437904+00:00,spot_8,Spot 8,Empty,2026-07-07T23:25:18.206475+00:00,,,,,,,,
2026-07-07T23:52:19.437904+00:00,spot_9,Spot 9,Empty,2026-07-07T23:26:18.854339+00:00,,,,,,,,
2026-07-07T23:52:19.437904+00:00,spot_10,Spot 10,Empty,2026-07-07T21:58:26.831614+00:00,,,,,,,,
2026-07-07T23:52:19.437904+00:00,spot_11,Spot 11,Empty,2026-07-07T22:01:20.711562+00:00,,,,,,,,
2026-07-07T23:52:19.437904+00:00,spot_12,Spot 12,Empty,2026-07-07T21:38:25.635528+00:00,,,,,,,,
2026-07-07T23:52:19.437904+00:00,spot_13,Spot 13,Empty,2026-07-07T22:01:20.711562+00:00,,,,,,,,
2026-07-07T23:52:19.437904+00:00,spot_14,Spot 14,Empty,2026-07-07T21:51:20.011139+00:00,,,,,,,,
2026-07-07T23:52:19.437904+00:00,spot_15,Spot 15,Empty,2026-07-07T23:10:21.918673+00:00,,,,,,,,
2026-07-07T23:52:19.437904+00:00,spot_16,Spot 16,Empty,2026-07-07T21:15:20.312493+00:00,,,,,,,,
2026-07-07T23:52:19.437904+00:00,spot_17,Spot 17,Empty,2026-07-07T16:50:19.879437+00:00,,,,,,,,
2026-07-07T23:53:17.838854+00:00,spot_1,Spot 1,Empty,2026-07-07T22:04:20.920678+00:00,,,,,,,,
2026-07-07T23:53:17.838854+00:00,spot_2,Spot 2,Empty,2026-07-07T21:10:22.475363+00:00,,,,,,,,
2026-07-07T23:53:17.838854+00:00,spot_3,Spot 3,Empty,2026-07-07T23:49:18.511171+00:00,,,,,,,,
2026-07-07T23:53:17.838854+00:00,spot_4,Spot 4,Empty,2026-07-07T22:26:19.721152+00:00,,,,,,,,
2026-07-07T23:53:17.838854+00:00,spot_5,Spot 5,Empty,2026-07-07T23:45:20.010300+00:00,,,,,,,,
2026-07-07T23:53:17.838854+00:00,spot_6,Spot 6,Empty,2026-07-07T23:35:19.050090+00:00,,,,,,,,
2026-07-07T23:53:17.838854+00:00,spot_7,Spot 7,Occupied,2026-07-07T23:35:19.050090+00:00,2213,car,0.823631227016449,1138,242.58697509765625,327.6959228515625,312.023193359375,363.2003173828125
2026-07-07T23:53:17.838854+00:00,spot_8,Spot 8,Empty,2026-07-07T23:25:18.206475+00:00,,,,,,,,
2026-07-07T23:53:17.838854+00:00,spot_9,Spot 9,Empty,2026-07-07T23:26:18.854339+00:00,,,,,,,,
2026-07-07T23:53:17.838854+00:00,spot_10,Spot 10,Empty,2026-07-07T21:58:26.831614+00:00,,,,,,,,
2026-07-07T23:53:17.838854+00:00,spot_11,Spot 11,Empty,2026-07-07T22:01:20.711562+00:00,,,,,,,,
2026-07-07T23:53:17.838854+00:00,spot_12,Spot 12,Empty,2026-07-07T21:38:25.635528+00:00,,,,,,,,
2026-07-07T23:53:17.838854+00:00,spot_13,Spot 13,Empty,2026-07-07T22:01:20.711562+00:00,,,,,,,,
2026-07-07T23:53:17.838854+00:00,spot_14,Spot 14,Empty,2026-07-07T21:51:20.011139+00:00,,,,,,,,
2026-07-07T23:53:17.838854+00:00,spot_15,Spot 15,Empty,2026-07-07T23:10:21.918673+00:00,,,,,,,,
2026-07-07T23:53:17.838854+00:00,spot_16,Spot 16,Empty,2026-07-07T21:15:20.312493+00:00,,,,,,,,
2026-07-07T23:53:17.838854+00:00,spot_17,Spot 17,Empty,2026-07-07T16:50:19.879437+00:00,,,,,,,,
2026-07-07T23:54:27.908976+00:00,spot_1,Spot 1,Empty,2026-07-07T22:04:20.920678+00:00,,,,,,,,
2026-07-07T23:54:27.908976+00:00,spot_2,Spot 2,Empty,2026-07-07T21:10:22.475363+00:00,,,,,,,,
2026-07-07T23:54:27.908976+00:00,spot_3,Spot 3,Empty,2026-07-07T23:49:18.511171+00:00,,,,,,,,
2026-07-07T23:54:27.908976+00:00,spot_4,Spot 4,Empty,2026-07-07T22:26:19.721152+00:00,,,,,,,,
2026-07-07T23:54:27.908976+00:00,spot_5,Spot 5,Empty,2026-07-07T23:45:20.010300+00:00,,,,,,,,
2026-07-07T23:54:27.908976+00:00,spot_6,Spot 6,Empty,2026-07-07T23:35:19.050090+00:00,,,,,,,,
2026-07-07T23:54:27.908976+00:00,spot_7,Spot 7,Occupied,2026-07-07T23:35:19.050090+00:00,2213,car,0.8292062878608704,1211,242.03147888183594,327.75439453125,311.61376953125,363.46771240234375
2026-07-07T23:54:27.908976+00:00,spot_8,Spot 8,Empty,2026-07-07T23:25:18.206475+00:00,,,,,,,,
2026-07-07T23:54:27.908976+00:00,spot_9,Spot 9,Empty,2026-07-07T23:26:18.854339+00:00,,,,,,,,
2026-07-07T23:54:27.908976+00:00,spot_10,Spot 10,Empty,2026-07-07T21:58:26.831614+00:00,,,,,,,,
2026-07-07T23:54:27.908976+00:00,spot_11,Spot 11,Empty,2026-07-07T22:01:20.711562+00:00,,,,,,,,
2026-07-07T23:54:27.908976+00:00,spot_12,Spot 12,Empty,2026-07-07T21:38:25.635528+00:00,,,,,,,,
2026-07-07T23:54:27.908976+00:00,spot_13,Spot 13,Empty,2026-07-07T22:01:20.711562+00:00,,,,,,,,
2026-07-07T23:54:27.908976+00:00,spot_14,Spot 14,Empty,2026-07-07T21:51:20.011139+00:00,,,,,,,,
2026-07-07T23:54:27.908976+00:00,spot_15,Spot 15,Empty,2026-07-07T23:10:21.918673+00:00,,,,,,,,
2026-07-07T23:54:27.908976+00:00,spot_16,Spot 16,Empty,2026-07-07T21:15:20.312493+00:00,,,,,,,,
2026-07-07T23:54:27.908976+00:00,spot_17,Spot 17,Empty,2026-07-07T16:50:19.879437+00:00,,,,,,,,
2026-07-07T23:55:18.213357+00:00,spot_1,Spot 1,Empty,2026-07-07T22:04:20.920678+00:00,,,,,,,,
2026-07-07T23:55:18.213357+00:00,spot_2,Spot 2,Empty,2026-07-07T21:10:22.475363+00:00,,,,,,,,
2026-07-07T23:55:18.213357+00:00,spot_3,Spot 3,Empty,2026-07-07T23:49:18.511171+00:00,,,,,,,,
2026-07-07T23:55:18.213357+00:00,spot_4,Spot 4,Empty,2026-07-07T22:26:19.721152+00:00,,,,,,,,
2026-07-07T23:55:18.213357+00:00,spot_5,Spot 5,Empty,2026-07-07T23:45:20.010300+00:00,,,,,,,,
2026-07-07T23:55:18.213357+00:00,spot_6,Spot 6,Empty,2026-07-07T23:35:19.050090+00:00,,,,,,,,
2026-07-07T23:55:18.213357+00:00,spot_7,Spot 7,Occupied,2026-07-07T23:35:19.050090+00:00,2213,car,0.8306152820587158,1258,243.13217163085938,327.84259033203125,311.6828918457031,363.30841064453125
2026-07-07T23:55:18.213357+00:00,spot_8,Spot 8,Empty,2026-07-07T23:25:18.206475+00:00,,,,,,,,
2026-07-07T23:55:18.213357+00:00,spot_9,Spot 9,Empty,2026-07-07T23:26:18.854339+00:00,,,,,,,,
2026-07-07T23:55:18.213357+00:00,spot_10,Spot 10,Empty,2026-07-07T21:58:26.831614+00:00,,,,,,,,
2026-07-07T23:55:18.213357+00:00,spot_11,Spot 11,Empty,2026-07-07T22:01:20.711562+00:00,,,,,,,,
2026-07-07T23:55:18.213357+00:00,spot_12,Spot 12,Empty,2026-07-07T21:38:25.635528+00:00,,,,,,,,
2026-07-07T23:55:18.213357+00:00,spot_13,Spot 13,Empty,2026-07-07T22:01:20.711562+00:00,,,,,,,,
2026-07-07T23:55:18.213357+00:00,spot_14,Spot 14,Empty,2026-07-07T21:51:20.011139+00:00,,,,,,,,
2026-07-07T23:55:18.213357+00:00,spot_15,Spot 15,Empty,2026-07-07T23:10:21.918673+00:00,,,,,,,,
2026-07-07T23:55:18.213357+00:00,spot_16,Spot 16,Empty,2026-07-07T21:15:20.312493+00:00,,,,,,,,
2026-07-07T23:55:18.213357+00:00,spot_17,Spot 17,Empty,2026-07-07T16:50:19.879437+00:00,,,,,,,,
2026-07-07T23:56:18.904648+00:00,spot_1,Spot 1,Empty,2026-07-07T22:04:20.920678+00:00,,,,,,,,
2026-07-07T23:56:18.904648+00:00,spot_2,Spot 2,Empty,2026-07-07T21:10:22.475363+00:00,,,,,,,,
2026-07-07T23:56:18.904648+00:00,spot_3,Spot 3,Empty,2026-07-07T23:49:18.511171+00:00,,,,,,,,
2026-07-07T23:56:18.904648+00:00,spot_4,Spot 4,Empty,2026-07-07T22:26:19.721152+00:00,,,,,,,,
2026-07-07T23:56:18.904648+00:00,spot_5,Spot 5,Empty,2026-07-07T23:45:20.010300+00:00,,,,,,,,
2026-07-07T23:56:18.904648+00:00,spot_6,Spot 6,Empty,2026-07-07T23:35:19.050090+00:00,,,,,,,,
2026-07-07T23:56:18.904648+00:00,spot_7,Spot 7,Occupied,2026-07-07T23:35:19.050090+00:00,2213,car,0.8379693627357483,1319,241.9541778564453,327.9683837890625,311.90533447265625,362.99859619140625
2026-07-07T23:56:18.904648+00:00,spot_8,Spot 8,Empty,2026-07-07T23:25:18.206475+00:00,,,,,,,,
2026-07-07T23:56:18.904648+00:00,spot_9,Spot 9,Empty,2026-07-07T23:26:18.854339+00:00,,,,,,,,
2026-07-07T23:56:18.904648+00:00,spot_10,Spot 10,Empty,2026-07-07T21:58:26.831614+00:00,,,,,,,,
2026-07-07T23:56:18.904648+00:00,spot_11,Spot 11,Empty,2026-07-07T22:01:20.711562+00:00,,,,,,,,
2026-07-07T23:56:18.904648+00:00,spot_12,Spot 12,Empty,2026-07-07T21:38:25.635528+00:00,,,,,,,,
2026-07-07T23:56:18.904648+00:00,spot_13,Spot 13,Empty,2026-07-07T22:01:20.711562+00:00,,,,,,,,
2026-07-07T23:56:18.904648+00:00,spot_14,Spot 14,Empty,2026-07-07T21:51:20.011139+00:00,,,,,,,,
2026-07-07T23:56:18.904648+00:00,spot_15,Spot 15,Empty,2026-07-07T23:10:21.918673+00:00,,,,,,,,
2026-07-07T23:56:18.904648+00:00,spot_16,Spot 16,Empty,2026-07-07T21:15:20.312493+00:00,,,,,,,,
2026-07-07T23:56:18.904648+00:00,spot_17,Spot 17,Empty,2026-07-07T16:50:19.879437+00:00,,,,,,,,
2026-07-07T23:57:17.667044+00:00,spot_1,Spot 1,Empty,2026-07-07T22:04:20.920678+00:00,,,,,,,,
2026-07-07T23:57:17.667044+00:00,spot_2,Spot 2,Empty,2026-07-07T21:10:22.475363+00:00,,,,,,,,
2026-07-07T23:57:17.667044+00:00,spot_3,Spot 3,Empty,2026-07-07T23:49:18.511171+00:00,,,,,,,,
2026-07-07T23:57:17.667044+00:00,spot_4,Spot 4,Empty,2026-07-07T22:26:19.721152+00:00,,,,,,,,
2026-07-07T23:57:17.667044+00:00,spot_5,Spot 5,Empty,2026-07-07T23:45:20.010300+00:00,,,,,,,,
2026-07-07T23:57:17.667044+00:00,spot_6,Spot 6,Empty,2026-07-07T23:35:19.050090+00:00,,,,,,,,
2026-07-07T23:57:17.667044+00:00,spot_7,Spot 7,Occupied,2026-07-07T23:35:19.050090+00:00,2213,car,0.8732855319976807,1377,242.96612548828125,327.76727294921875,312.1871337890625,362.82720947265625
2026-07-07T23:57:17.667044+00:00,spot_8,Spot 8,Empty,2026-07-07T23:25:18.206475+00:00,,,,,,,,
2026-07-07T23:57:17.667044+00:00,spot_9,Spot 9,Empty,2026-07-07T23:26:18.854339+00:00,,,,,,,,
2026-07-07T23:57:17.667044+00:00,spot_10,Spot 10,Empty,2026-07-07T21:58:26.831614+00:00,,,,,,,,
2026-07-07T23:57:17.667044+00:00,spot_11,Spot 11,Empty,2026-07-07T22:01:20.711562+00:00,,,,,,,,
2026-07-07T23:57:17.667044+00:00,spot_12,Spot 12,Empty,2026-07-07T21:38:25.635528+00:00,,,,,,,,
2026-07-07T23:57:17.667044+00:00,spot_13,Spot 13,Empty,2026-07-07T22:01:20.711562+00:00,,,,,,,,
2026-07-07T23:57:17.667044+00:00,spot_14,Spot 14,Empty,2026-07-07T21:51:20.011139+00:00,,,,,,,,
2026-07-07T23:57:17.667044+00:00,spot_15,Spot 15,Empty,2026-07-07T23:10:21.918673+00:00,,,,,,,,
2026-07-07T23:57:17.667044+00:00,spot_16,Spot 16,Empty,2026-07-07T21:15:20.312493+00:00,,,,,,,,
2026-07-07T23:57:17.667044+00:00,spot_17,Spot 17,Empty,2026-07-07T16:50:19.879437+00:00,,,,,,,,
2026-07-07T23:58:19.473920+00:00,spot_1,Spot 1,Empty,2026-07-07T22:04:20.920678+00:00,,,,,,,,
2026-07-07T23:58:19.473920+00:00,spot_2,Spot 2,Empty,2026-07-07T21:10:22.475363+00:00,,,,,,,,
2026-07-07T23:58:19.473920+00:00,spot_3,Spot 3,Empty,2026-07-07T23:49:18.511171+00:00,,,,,,,,
2026-07-07T23:58:19.473920+00:00,spot_4,Spot 4,Empty,2026-07-07T22:26:19.721152+00:00,,,,,,,,
2026-07-07T23:58:19.473920+00:00,spot_5,Spot 5,Occupied,2026-07-07T23:58:19.473920+00:00,2216,car,0.5050967335700989,0,335.5458068847656,336.85546875,363.2205505371094,347.566650390625
2026-07-07T23:58:19.473920+00:00,spot_6,Spot 6,Empty,2026-07-07T23:35:19.050090+00:00,,,,,,,,
2026-07-07T23:58:19.473920+00:00,spot_7,Spot 7,Occupied,2026-07-07T23:35:19.050090+00:00,2213,car,0.8802433013916016,1440,241.91848754882812,327.8782043457031,311.4014587402344,363.5097961425781
2026-07-07T23:58:19.473920+00:00,spot_8,Spot 8,Empty,2026-07-07T23:25:18.206475+00:00,,,,,,,,
2026-07-07T23:58:19.473920+00:00,spot_9,Spot 9,Empty,2026-07-07T23:26:18.854339+00:00,,,,,,,,
2026-07-07T23:58:19.473920+00:00,spot_10,Spot 10,Empty,2026-07-07T21:58:26.831614+00:00,,,,,,,,
2026-07-07T23:58:19.473920+00:00,spot_11,Spot 11,Empty,2026-07-07T22:01:20.711562+00:00,,,,,,,,
2026-07-07T23:58:19.473920+00:00,spot_12,Spot 12,Empty,2026-07-07T21:38:25.635528+00:00,,,,,,,,
2026-07-07T23:58:19.473920+00:00,spot_13,Spot 13,Empty,2026-07-07T22:01:20.711562+00:00,,,,,,,,
2026-07-07T23:58:19.473920+00:00,spot_14,Spot 14,Empty,2026-07-07T21:51:20.011139+00:00,,,,,,,,
2026-07-07T23:58:19.473920+00:00,spot_15,Spot 15,Empty,2026-07-07T23:10:21.918673+00:00,,,,,,,,
2026-07-07T23:58:19.473920+00:00,spot_16,Spot 16,Empty,2026-07-07T21:15:20.312493+00:00,,,,,,,,
2026-07-07T23:58:19.473920+00:00,spot_17,Spot 17,Empty,2026-07-07T16:50:19.879437+00:00,,,,,,,,
2026-07-07T23:59:18.737432+00:00,spot_1,Spot 1,Empty,2026-07-07T22:04:20.920678+00:00,,,,,,,,
2026-07-07T23:59:18.737432+00:00,spot_2,Spot 2,Empty,2026-07-07T21:10:22.475363+00:00,,,,,,,,
2026-07-07T23:59:18.737432+00:00,spot_3,Spot 3,Empty,2026-07-07T23:49:18.511171+00:00,,,,,,,,
2026-07-07T23:59:18.737432+00:00,spot_4,Spot 4,Empty,2026-07-07T22:26:19.721152+00:00,,,,,,,,
2026-07-07T23:59:18.737432+00:00,spot_5,Spot 5,Empty,2026-07-07T23:59:18.737432+00:00,,,,,,,,
2026-07-07T23:59:18.737432+00:00,spot_6,Spot 6,Empty,2026-07-07T23:35:19.050090+00:00,,,,,,,,
2026-07-07T23:59:18.737432+00:00,spot_7,Spot 7,Occupied,2026-07-07T23:35:19.050090+00:00,2213,car,0.8136302828788757,1498,242.552978515625,328.08062744140625,311.77069091796875,363.05645751953125
2026-07-07T23:59:18.737432+00:00,spot_8,Spot 8,Empty,2026-07-07T23:25:18.206475+00:00,,,,,,,,
2026-07-07T23:59:18.737432+00:00,spot_9,Spot 9,Empty,2026-07-07T23:26:18.854339+00:00,,,,,,,,
2026-07-07T23:59:18.737432+00:00,spot_10,Spot 10,Empty,2026-07-07T21:58:26.831614+00:00,,,,,,,,
2026-07-07T23:59:18.737432+00:00,spot_11,Spot 11,Empty,2026-07-07T22:01:20.711562+00:00,,,,,,,,
2026-07-07T23:59:18.737432+00:00,spot_12,Spot 12,Empty,2026-07-07T21:38:25.635528+00:00,,,,,,,,
2026-07-07T23:59:18.737432+00:00,spot_13,Spot 13,Empty,2026-07-07T22:01:20.711562+00:00,,,,,,,,
2026-07-07T23:59:18.737432+00:00,spot_14,Spot 14,Empty,2026-07-07T21:51:20.011139+00:00,,,,,,,,
2026-07-07T23:59:18.737432+00:00,spot_15,Spot 15,Empty,2026-07-07T23:10:21.918673+00:00,,,,,,,,
2026-07-07T23:59:18.737432+00:00,spot_16,Spot 16,Empty,2026-07-07T21:15:20.312493+00:00,,,,,,,,
2026-07-07T23:59:18.737432+00:00,spot_17,Spot 17,Empty,2026-07-07T16:50:19.879437+00:00,,,,,,,,
2026-07-08T00:00:27.891251+00:00,spot_1,Spot 1,Empty,2026-07-07T22:04:20.920678+00:00,,,,,,,,
2026-07-08T00:00:27.891251+00:00,spot_2,Spot 2,Empty,2026-07-07T21:10:22.475363+00:00,,,,,,,,
2026-07-08T00:00:27.891251+00:00,spot_3,Spot 3,Empty,2026-07-07T23:49:18.511171+00:00,,,,,,,,
2026-07-08T00:00:27.891251+00:00,spot_4,Spot 4,Empty,2026-07-07T22:26:19.721152+00:00,,,,,,,,
2026-07-08T00:00:27.891251+00:00,spot_5,Spot 5,Empty,2026-07-07T23:59:18.737432+00:00,,,,,,,,
2026-07-08T00:00:27.891251+00:00,spot_6,Spot 6,Empty,2026-07-07T23:35:19.050090+00:00,,,,,,,,
2026-07-08T00:00:27.891251+00:00,spot_7,Spot 7,Occupied,2026-07-07T23:35:19.050090+00:00,2213,car,0.8008742928504944,1567,242.65809631347656,328.09466552734375,311.5780029296875,363.22979736328125
2026-07-08T00:00:27.891251+00:00,spot_8,Spot 8,Empty,2026-07-07T23:25:18.206475+00:00,,,,,,,,
2026-07-08T00:00:27.891251+00:00,spot_9,Spot 9,Empty,2026-07-07T23:26:18.854339+00:00,,,,,,,,
2026-07-08T00:00:27.891251+00:00,spot_10,Spot 10,Empty,2026-07-07T21:58:26.831614+00:00,,,,,,,,
2026-07-08T00:00:27.891251+00:00,spot_11,Spot 11,Empty,2026-07-07T22:01:20.711562+00:00,,,,,,,,
2026-07-08T00:00:27.891251+00:00,spot_12,Spot 12,Empty,2026-07-07T21:38:25.635528+00:00,,,,,,,,
2026-07-08T00:00:27.891251+00:00,spot_13,Spot 13,Empty,2026-07-07T22:01:20.711562+00:00,,,,,,,,
2026-07-08T00:00:27.891251+00:00,spot_14,Spot 14,Empty,2026-07-07T21:51:20.011139+00:00,,,,,,,,
2026-07-08T00:00:27.891251+00:00,spot_15,Spot 15,Empty,2026-07-07T23:10:21.918673+00:00,,,,,,,,
2026-07-08T00:00:27.891251+00:00,spot_16,Spot 16,Empty,2026-07-07T21:15:20.312493+00:00,,,,,,,,
2026-07-08T00:00:27.891251+00:00,spot_17,Spot 17,Empty,2026-07-07T16:50:19.879437+00:00,,,,,,,,
2026-07-08T00:01:18.649483+00:00,spot_1,Spot 1,Empty,2026-07-07T22:04:20.920678+00:00,,,,,,,,
2026-07-08T00:01:18.649483+00:00,spot_2,Spot 2,Empty,2026-07-07T21:10:22.475363+00:00,,,,,,,,
2026-07-08T00:01:18.649483+00:00,spot_3,Spot 3,Empty,2026-07-07T23:49:18.511171+00:00,,,,,,,,
2026-07-08T00:01:18.649483+00:00,spot_4,Spot 4,Empty,2026-07-07T22:26:19.721152+00:00,,,,,,,,
2026-07-08T00:01:18.649483+00:00,spot_5,Spot 5,Empty,2026-07-07T23:59:18.737432+00:00,,,,,,,,
2026-07-08T00:01:18.649483+00:00,spot_6,Spot 6,Empty,2026-07-07T23:35:19.050090+00:00,,,,,,,,
2026-07-08T00:01:18.649483+00:00,spot_7,Spot 7,Occupied,2026-07-07T23:35:19.050090+00:00,2213,car,0.8441516160964966,1619,242.53961181640625,328.03326416015625,312.08514404296875,363.18255615234375
2026-07-08T00:01:18.649483+00:00,spot_8,Spot 8,Empty,2026-07-07T23:25:18.206475+00:00,,,,,,,,
2026-07-08T00:01:18.649483+00:00,spot_9,Spot 9,Empty,2026-07-07T23:26:18.854339+00:00,,,,,,,,
2026-07-08T00:01:18.649483+00:00,spot_10,Spot 10,Empty,2026-07-07T21:58:26.831614+00:00,,,,,,,,
2026-07-08T00:01:18.649483+00:00,spot_11,Spot 11,Empty,2026-07-07T22:01:20.711562+00:00,,,,,,,,
2026-07-08T00:01:18.649483+00:00,spot_12,Spot 12,Empty,2026-07-07T21:38:25.635528+00:00,,,,,,,,
2026-07-08T00:01:18.649483+00:00,spot_13,Spot 13,Empty,2026-07-07T22:01:20.711562+00:00,,,,,,,,
2026-07-08T00:01:18.649483+00:00,spot_14,Spot 14,Empty,2026-07-07T21:51:20.011139+00:00,,,,,,,,
2026-07-08T00:01:18.649483+00:00,spot_15,Spot 15,Empty,2026-07-07T23:10:21.918673+00:00,,,,,,,,
2026-07-08T00:01:18.649483+00:00,spot_16,Spot 16,Empty,2026-07-07T21:15:20.312493+00:00,,,,,,,,
2026-07-08T00:01:18.649483+00:00,spot_17,Spot 17,Empty,2026-07-07T16:50:19.879437+00:00,,,,,,,,
2026-07-08T00:02:31.062785+00:00,spot_1,Spot 1,Empty,2026-07-07T22:04:20.920678+00:00,,,,,,,,
2026-07-08T00:02:31.062785+00:00,spot_2,Spot 2,Empty,2026-07-07T21:10:22.475363+00:00,,,,,,,,
2026-07-08T00:02:31.062785+00:00,spot_3,Spot 3,Empty,2026-07-07T23:49:18.511171+00:00,,,,,,,,
2026-07-08T00:02:31.062785+00:00,spot_4,Spot 4,Empty,2026-07-07T22:26:19.721152+00:00,,,,,,,,
2026-07-08T00:02:31.062785+00:00,spot_5,Spot 5,Occupied,2026-07-08T00:02:31.062785+00:00,2217,car,0.3793851137161255,0,335.15850830078125,337.2630920410156,361.39556884765625,348.0465393066406
2026-07-08T00:02:31.062785+00:00,spot_6,Spot 6,Empty,2026-07-07T23:35:19.050090+00:00,,,,,,,,
2026-07-08T00:02:31.062785+00:00,spot_7,Spot 7,Occupied,2026-07-07T23:35:19.050090+00:00,2213,car,0.81903076171875,1694,241.2606964111328,328.1541442871094,311.83221435546875,363.1878356933594
2026-07-08T00:02:31.062785+00:00,spot_8,Spot 8,Empty,2026-07-07T23:25:18.206475+00:00,,,,,,,,
2026-07-08T00:02:31.062785+00:00,spot_9,Spot 9,Empty,2026-07-07T23:26:18.854339+00:00,,,,,,,,
2026-07-08T00:02:31.062785+00:00,spot_10,Spot 10,Empty,2026-07-07T21:58:26.831614+00:00,,,,,,,,
2026-07-08T00:02:31.062785+00:00,spot_11,Spot 11,Empty,2026-07-07T22:01:20.711562+00:00,,,,,,,,
2026-07-08T00:02:31.062785+00:00,spot_12,Spot 12,Empty,2026-07-07T21:38:25.635528+00:00,,,,,,,,
2026-07-08T00:02:31.062785+00:00,spot_13,Spot 13,Empty,2026-07-07T22:01:20.711562+00:00,,,,,,,,
2026-07-08T00:02:31.062785+00:00,spot_14,Spot 14,Empty,2026-07-07T21:51:20.011139+00:00,,,,,,,,
2026-07-08T00:02:31.062785+00:00,spot_15,Spot 15,Empty,2026-07-07T23:10:21.918673+00:00,,,,,,,,
2026-07-08T00:02:31.062785+00:00,spot_16,Spot 16,Empty,2026-07-07T21:15:20.312493+00:00,,,,,,,,
2026-07-08T00:02:31.062785+00:00,spot_17,Spot 17,Empty,2026-07-07T16:50:19.879437+00:00,,,,,,,,
2026-07-08T00:03:19.276092+00:00,spot_1,Spot 1,Empty,2026-07-07T22:04:20.920678+00:00,,,,,,,,
2026-07-08T00:03:19.276092+00:00,spot_2,Spot 2,Empty,2026-07-07T21:10:22.475363+00:00,,,,,,,,
2026-07-08T00:03:19.276092+00:00,spot_3,Spot 3,Empty,2026-07-07T23:49:18.511171+00:00,,,,,,,,
2026-07-08T00:03:19.276092+00:00,spot_4,Spot 4,Empty,2026-07-07T22:26:19.721152+00:00,,,,,,,,
2026-07-08T00:03:19.276092+00:00,spot_5,Spot 5,Occupied,2026-07-08T00:02:31.062785+00:00,2217,car,0.3801441788673401,46,335.88848876953125,336.80145263671875,361.98944091796875,348.11846923828125
2026-07-08T00:03:19.276092+00:00,spot_6,Spot 6,Empty,2026-07-07T23:35:19.050090+00:00,,,,,,,,
2026-07-08T00:03:19.276092+00:00,spot_7,Spot 7,Occupied,2026-07-07T23:35:19.050090+00:00,2213,car,0.8300974369049072,1741,242.06500244140625,328.085693359375,311.85498046875,364.11444091796875
2026-07-08T00:03:19.276092+00:00,spot_8,Spot 8,Empty,2026-07-07T23:25:18.206475+00:00,,,,,,,,
2026-07-08T00:03:19.276092+00:00,spot_9,Spot 9,Empty,2026-07-07T23:26:18.854339+00:00,,,,,,,,
2026-07-08T00:03:19.276092+00:00,spot_10,Spot 10,Empty,2026-07-07T21:58:26.831614+00:00,,,,,,,,
2026-07-08T00:03:19.276092+00:00,spot_11,Spot 11,Empty,2026-07-07T22:01:20.711562+00:00,,,,,,,,
2026-07-08T00:03:19.276092+00:00,spot_12,Spot 12,Empty,2026-07-07T21:38:25.635528+00:00,,,,,,,,
2026-07-08T00:03:19.276092+00:00,spot_13,Spot 13,Empty,2026-07-07T22:01:20.711562+00:00,,,,,,,,
2026-07-08T00:03:19.276092+00:00,spot_14,Spot 14,Empty,2026-07-07T21:51:20.011139+00:00,,,,,,,,
2026-07-08T00:03:19.276092+00:00,spot_15,Spot 15,Empty,2026-07-07T23:10:21.918673+00:00,,,,,,,,
2026-07-08T00:03:19.276092+00:00,spot_16,Spot 16,Empty,2026-07-07T21:15:20.312493+00:00,,,,,,,,
2026-07-08T00:03:19.276092+00:00,spot_17,Spot 17,Empty,2026-07-07T16:50:19.879437+00:00,,,,,,,,
2026-07-08T00:04:20.554076+00:00,spot_1,Spot 1,Empty,2026-07-07T22:04:20.920678+00:00,,,,,,,,
2026-07-08T00:04:20.554076+00:00,spot_2,Spot 2,Empty,2026-07-07T21:10:22.475363+00:00,,,,,,,,
2026-07-08T00:04:20.554076+00:00,spot_3,Spot 3,Empty,2026-07-07T23:49:18.511171+00:00,,,,,,,,
2026-07-08T00:04:20.554076+00:00,spot_4,Spot 4,Empty,2026-07-07T22:26:19.721152+00:00,,,,,,,,
2026-07-08T00:04:20.554076+00:00,spot_5,Spot 5,Occupied,2026-07-08T00:02:31.062785+00:00,2217,car,0.3828771114349365,107,336.4986572265625,337.1380920410156,360.86480712890625,348.2283020019531
2026-07-08T00:04:20.554076+00:00,spot_6,Spot 6,Empty,2026-07-07T23:35:19.050090+00:00,,,,,,,,
2026-07-08T00:04:20.554076+00:00,spot_7,Spot 7,Occupied,2026-07-07T23:35:19.050090+00:00,2213,car,0.7743052244186401,1802,243.08233642578125,328.0337219238281,311.93182373046875,363.4413757324219
2026-07-08T00:04:20.554076+00:00,spot_8,Spot 8,Empty,2026-07-07T23:25:18.206475+00:00,,,,,,,,
2026-07-08T00:04:20.554076+00:00,spot_9,Spot 9,Empty,2026-07-07T23:26:18.854339+00:00,,,,,,,,
2026-07-08T00:04:20.554076+00:00,spot_10,Spot 10,Empty,2026-07-07T21:58:26.831614+00:00,,,,,,,,
2026-07-08T00:04:20.554076+00:00,spot_11,Spot 11,Empty,2026-07-07T22:01:20.711562+00:00,,,,,,,,
2026-07-08T00:04:20.554076+00:00,spot_12,Spot 12,Empty,2026-07-07T21:38:25.635528+00:00,,,,,,,,
2026-07-08T00:04:20.554076+00:00,spot_13,Spot 13,Empty,2026-07-07T22:01:20.711562+00:00,,,,,,,,
2026-07-08T00:04:20.554076+00:00,spot_14,Spot 14,Empty,2026-07-07T21:51:20.011139+00:00,,,,,,,,
2026-07-08T00:04:20.554076+00:00,spot_15,Spot 15,Empty,2026-07-07T23:10:21.918673+00:00,,,,,,,,
2026-07-08T00:04:20.554076+00:00,spot_16,Spot 16,Empty,2026-07-07T21:15:20.312493+00:00,,,,,,,,
2026-07-08T00:04:20.554076+00:00,spot_17,Spot 17,Empty,2026-07-07T16:50:19.879437+00:00,,,,,,,,
2026-07-08T00:05:20.061932+00:00,spot_1,Spot 1,Empty,2026-07-07T22:04:20.920678+00:00,,,,,,,,
2026-07-08T00:05:20.061932+00:00,spot_2,Spot 2,Empty,2026-07-07T21:10:22.475363+00:00,,,,,,,,
2026-07-08T00:05:20.061932+00:00,spot_3,Spot 3,Empty,2026-07-07T23:49:18.511171+00:00,,,,,,,,
2026-07-08T00:05:20.061932+00:00,spot_4,Spot 4,Empty,2026-07-07T22:26:19.721152+00:00,,,,,,,,
2026-07-08T00:05:20.061932+00:00,spot_5,Spot 5,Occupied,2026-07-08T00:02:31.062785+00:00,2217,car,0.3828771114349365,166,336.4986572265625,337.1380920410156,360.86480712890625,348.2283020019531
2026-07-08T00:05:20.061932+00:00,spot_6,Spot 6,Empty,2026-07-07T23:35:19.050090+00:00,,,,,,,,
2026-07-08T00:05:20.061932+00:00,spot_7,Spot 7,Occupied,2026-07-07T23:35:19.050090+00:00,2213,car,0.7743052244186401,1860,243.08233642578125,328.0337219238281,311.93182373046875,363.4413757324219
2026-07-08T00:05:20.061932+00:00,spot_8,Spot 8,Empty,2026-07-07T23:25:18.206475+00:00,,,,,,,,
2026-07-08T00:05:20.061932+00:00,spot_9,Spot 9,Empty,2026-07-07T23:26:18.854339+00:00,,,,,,,,
2026-07-08T00:05:20.061932+00:00,spot_10,Spot 10,Empty,2026-07-07T21:58:26.831614+00:00,,,,,,,,
2026-07-08T00:05:20.061932+00:00,spot_11,Spot 11,Empty,2026-07-07T22:01:20.711562+00:00,,,,,,,,
2026-07-08T00:05:20.061932+00:00,spot_12,Spot 12,Empty,2026-07-07T21:38:25.635528+00:00,,,,,,,,
2026-07-08T00:05:20.061932+00:00,spot_13,Spot 13,Empty,2026-07-07T22:01:20.711562+00:00,,,,,,,,
2026-07-08T00:05:20.061932+00:00,spot_14,Spot 14,Empty,2026-07-07T21:51:20.011139+00:00,,,,,,,,
2026-07-08T00:05:20.061932+00:00,spot_15,Spot 15,Empty,2026-07-07T23:10:21.918673+00:00,,,,,,,,
2026-07-08T00:05:20.061932+00:00,spot_16,Spot 16,Empty,2026-07-07T21:15:20.312493+00:00,,,,,,,,
2026-07-08T00:05:20.061932+00:00,spot_17,Spot 17,Empty,2026-07-07T16:50:19.879437+00:00,,,,,,,,
2026-07-08T00:06:19.629554+00:00,spot_1,Spot 1,Empty,2026-07-07T22:04:20.920678+00:00,,,,,,,,
2026-07-08T00:06:19.629554+00:00,spot_2,Spot 2,Empty,2026-07-07T21:10:22.475363+00:00,,,,,,,,
2026-07-08T00:06:19.629554+00:00,spot_3,Spot 3,Empty,2026-07-07T23:49:18.511171+00:00,,,,,,,,
2026-07-08T00:06:19.629554+00:00,spot_4,Spot 4,Empty,2026-07-07T22:26:19.721152+00:00,,,,,,,,
2026-07-08T00:06:19.629554+00:00,spot_5,Spot 5,Occupied,2026-07-08T00:02:31.062785+00:00,2217,car,0.6037399768829346,227,335.61163330078125,337.0690002441406,362.77203369140625,347.8439636230469
2026-07-08T00:06:19.629554+00:00,spot_6,Spot 6,Empty,2026-07-07T23:35:19.050090+00:00,,,,,,,,
2026-07-08T00:06:19.629554+00:00,spot_7,Spot 7,Occupied,2026-07-07T23:35:19.050090+00:00,2213,car,0.7958624362945557,1921,242.81195068359375,328.11248779296875,311.7681884765625,363.24908447265625
2026-07-08T00:06:19.629554+00:00,spot_8,Spot 8,Empty,2026-07-07T23:25:18.206475+00:00,,,,,,,,
2026-07-08T00:06:19.629554+00:00,spot_9,Spot 9,Empty,2026-07-07T23:26:18.854339+00:00,,,,,,,,
2026-07-08T00:06:19.629554+00:00,spot_10,Spot 10,Empty,2026-07-07T21:58:26.831614+00:00,,,,,,,,
2026-07-08T00:06:19.629554+00:00,spot_11,Spot 11,Empty,2026-07-07T22:01:20.711562+00:00,,,,,,,,
2026-07-08T00:06:19.629554+00:00,spot_12,Spot 12,Empty,2026-07-07T21:38:25.635528+00:00,,,,,,,,
2026-07-08T00:06:19.629554+00:00,spot_13,Spot 13,Empty,2026-07-07T22:01:20.711562+00:00,,,,,,,,
2026-07-08T00:06:19.629554+00:00,spot_14,Spot 14,Empty,2026-07-07T21:51:20.011139+00:00,,,,,,,,
2026-07-08T00:06:19.629554+00:00,spot_15,Spot 15,Empty,2026-07-07T23:10:21.918673+00:00,,,,,,,,
2026-07-08T00:06:19.629554+00:00,spot_16,Spot 16,Empty,2026-07-07T21:15:20.312493+00:00,,,,,,,,
2026-07-08T00:06:19.629554+00:00,spot_17,Spot 17,Empty,2026-07-07T16:50:19.879437+00:00,,,,,,,,
2026-07-08T00:07:19.792436+00:00,spot_1,Spot 1,Empty,2026-07-07T22:04:20.920678+00:00,,,,,,,,
2026-07-08T00:07:19.792436+00:00,spot_2,Spot 2,Empty,2026-07-07T21:10:22.475363+00:00,,,,,,,,
2026-07-08T00:07:19.792436+00:00,spot_3,Spot 3,Empty,2026-07-07T23:49:18.511171+00:00,,,,,,,,
2026-07-08T00:07:19.792436+00:00,spot_4,Spot 4,Empty,2026-07-07T22:26:19.721152+00:00,,,,,,,,
2026-07-08T00:07:19.792436+00:00,spot_5,Spot 5,Occupied,2026-07-08T00:02:31.062785+00:00,2217,car,0.3962840139865875,285,336.628662109375,336.80078125,362.0401611328125,347.9202880859375
2026-07-08T00:07:19.792436+00:00,spot_6,Spot 6,Empty,2026-07-07T23:35:19.050090+00:00,,,,,,,,
2026-07-08T00:07:19.792436+00:00,spot_7,Spot 7,Occupied,2026-07-07T23:35:19.050090+00:00,2213,car,0.8225277662277222,1979,242.93484497070312,328.13720703125,312.1494445800781,363.3272705078125
2026-07-08T00:07:19.792436+00:00,spot_8,Spot 8,Empty,2026-07-07T23:25:18.206475+00:00,,,,,,,,
2026-07-08T00:07:19.792436+00:00,spot_9,Spot 9,Empty,2026-07-07T23:26:18.854339+00:00,,,,,,,,
2026-07-08T00:07:19.792436+00:00,spot_10,Spot 10,Empty,2026-07-07T21:58:26.831614+00:00,,,,,,,,
2026-07-08T00:07:19.792436+00:00,spot_11,Spot 11,Empty,2026-07-07T22:01:20.711562+00:00,,,,,,,,
2026-07-08T00:07:19.792436+00:00,spot_12,Spot 12,Empty,2026-07-07T21:38:25.635528+00:00,,,,,,,,
2026-07-08T00:07:19.792436+00:00,spot_13,Spot 13,Empty,2026-07-07T22:01:20.711562+00:00,,,,,,,,
2026-07-08T00:07:19.792436+00:00,spot_14,Spot 14,Empty,2026-07-07T21:51:20.011139+00:00,,,,,,,,
2026-07-08T00:07:19.792436+00:00,spot_15,Spot 15,Empty,2026-07-07T23:10:21.918673+00:00,,,,,,,,
2026-07-08T00:07:19.792436+00:00,spot_16,Spot 16,Empty,2026-07-07T21:15:20.312493+00:00,,,,,,,,
2026-07-08T00:07:19.792436+00:00,spot_17,Spot 17,Empty,2026-07-07T16:50:19.879437+00:00,,,,,,,,
2026-07-08T00:08:19.496990+00:00,spot_1,Spot 1,Empty,2026-07-07T22:04:20.920678+00:00,,,,,,,,
2026-07-08T00:08:19.496990+00:00,spot_2,Spot 2,Empty,2026-07-07T21:10:22.475363+00:00,,,,,,,,
2026-07-08T00:08:19.496990+00:00,spot_3,Spot 3,Empty,2026-07-07T23:49:18.511171+00:00,,,,,,,,
2026-07-08T00:08:19.496990+00:00,spot_4,Spot 4,Empty,2026-07-07T22:26:19.721152+00:00,,,,,,,,
2026-07-08T00:08:19.496990+00:00,spot_5,Spot 5,Occupied,2026-07-08T00:02:31.062785+00:00,2217,car,0.573296308517456,347,336.4070129394531,336.78546142578125,362.9892272949219,347.70721435546875
2026-07-08T00:08:19.496990+00:00,spot_6,Spot 6,Empty,2026-07-07T23:35:19.050090+00:00,,,,,,,,
2026-07-08T00:08:19.496990+00:00,spot_7,Spot 7,Occupied,2026-07-07T23:35:19.050090+00:00,2213,car,0.8610312938690186,2041,242.025634765625,327.9677734375,312.09381103515625,363.407470703125
2026-07-08T00:08:19.496990+00:00,spot_8,Spot 8,Empty,2026-07-07T23:25:18.206475+00:00,,,,,,,,
2026-07-08T00:08:19.496990+00:00,spot_9,Spot 9,Empty,2026-07-07T23:26:18.854339+00:00,,,,,,,,
2026-07-08T00:08:19.496990+00:00,spot_10,Spot 10,Empty,2026-07-07T21:58:26.831614+00:00,,,,,,,,
2026-07-08T00:08:19.496990+00:00,spot_11,Spot 11,Empty,2026-07-07T22:01:20.711562+00:00,,,,,,,,
2026-07-08T00:08:19.496990+00:00,spot_12,Spot 12,Empty,2026-07-07T21:38:25.635528+00:00,,,,,,,,
2026-07-08T00:08:19.496990+00:00,spot_13,Spot 13,Empty,2026-07-07T22:01:20.711562+00:00,,,,,,,,
2026-07-08T00:08:19.496990+00:00,spot_14,Spot 14,Empty,2026-07-07T21:51:20.011139+00:00,,,,,,,,
2026-07-08T00:08:19.496990+00:00,spot_15,Spot 15,Empty,2026-07-07T23:10:21.918673+00:00,,,,,,,,
2026-07-08T00:08:19.496990+00:00,spot_16,Spot 16,Empty,2026-07-07T21:15:20.312493+00:00,,,,,,,,
2026-07-08T00:08:19.496990+00:00,spot_17,Spot 17,Empty,2026-07-07T16:50:19.879437+00:00,,,,,,,,
2026-07-08T00:09:20.002229+00:00,spot_1,Spot 1,Empty,2026-07-07T22:04:20.920678+00:00,,,,,,,,
2026-07-08T00:09:20.002229+00:00,spot_2,Spot 2,Empty,2026-07-07T21:10:22.475363+00:00,,,,,,,,
2026-07-08T00:09:20.002229+00:00,spot_3,Spot 3,Empty,2026-07-07T23:49:18.511171+00:00,,,,,,,,
2026-07-08T00:09:20.002229+00:00,spot_4,Spot 4,Empty,2026-07-07T22:26:19.721152+00:00,,,,,,,,
2026-07-08T00:09:20.002229+00:00,spot_5,Spot 5,Empty,2026-07-08T00:09:20.002229+00:00,,,,,,,,
2026-07-08T00:09:20.002229+00:00,spot_6,Spot 6,Empty,2026-07-07T23:35:19.050090+00:00,,,,,,,,
2026-07-08T00:09:20.002229+00:00,spot_7,Spot 7,Occupied,2026-07-07T23:35:19.050090+00:00,2213,car,0.8055509328842163,2100,242.65567016601562,328.16912841796875,312.5092468261719,363.21917724609375
2026-07-08T00:09:20.002229+00:00,spot_8,Spot 8,Empty,2026-07-07T23:25:18.206475+00:00,,,,,,,,
2026-07-08T00:09:20.002229+00:00,spot_9,Spot 9,Empty,2026-07-07T23:26:18.854339+00:00,,,,,,,,
2026-07-08T00:09:20.002229+00:00,spot_10,Spot 10,Empty,2026-07-07T21:58:26.831614+00:00,,,,,,,,
2026-07-08T00:09:20.002229+00:00,spot_11,Spot 11,Empty,2026-07-07T22:01:20.711562+00:00,,,,,,,,
2026-07-08T00:09:20.002229+00:00,spot_12,Spot 12,Empty,2026-07-07T21:38:25.635528+00:00,,,,,,,,
2026-07-08T00:09:20.002229+00:00,spot_13,Spot 13,Empty,2026-07-07T22:01:20.711562+00:00,,,,,,,,
2026-07-08T00:09:20.002229+00:00,spot_14,Spot 14,Empty,2026-07-07T21:51:20.011139+00:00,,,,,,,,
2026-07-08T00:09:20.002229+00:00,spot_15,Spot 15,Empty,2026-07-07T23:10:21.918673+00:00,,,,,,,,
2026-07-08T00:09:20.002229+00:00,spot_16,Spot 16,Empty,2026-07-07T21:15:20.312493+00:00,,,,,,,,
2026-07-08T00:09:20.002229+00:00,spot_17,Spot 17,Empty,2026-07-07T16:50:19.879437+00:00,,,,,,,,
2026-07-08T00:10:28.768798+00:00,spot_1,Spot 1,Empty,2026-07-07T22:04:20.920678+00:00,,,,,,,,
2026-07-08T00:10:28.768798+00:00,spot_2,Spot 2,Empty,2026-07-07T21:10:22.475363+00:00,,,,,,,,
2026-07-08T00:10:28.768798+00:00,spot_3,Spot 3,Empty,2026-07-07T23:49:18.511171+00:00,,,,,,,,
2026-07-08T00:10:28.768798+00:00,spot_4,Spot 4,Empty,2026-07-07T22:26:19.721152+00:00,,,,,,,,
2026-07-08T00:10:28.768798+00:00,spot_5,Spot 5,Empty,2026-07-08T00:09:20.002229+00:00,,,,,,,,
2026-07-08T00:10:28.768798+00:00,spot_6,Spot 6,Empty,2026-07-07T23:35:19.050090+00:00,,,,,,,,
2026-07-08T00:10:28.768798+00:00,spot_7,Spot 7,Occupied,2026-07-07T23:35:19.050090+00:00,2213,car,0.8406615257263184,2171,243.00210571289062,327.82568359375,312.0516662597656,363.3941650390625
2026-07-08T00:10:28.768798+00:00,spot_8,Spot 8,Empty,2026-07-07T23:25:18.206475+00:00,,,,,,,,
2026-07-08T00:10:28.768798+00:00,spot_9,Spot 9,Empty,2026-07-07T23:26:18.854339+00:00,,,,,,,,
2026-07-08T00:10:28.768798+00:00,spot_10,Spot 10,Empty,2026-07-07T21:58:26.831614+00:00,,,,,,,,
2026-07-08T00:10:28.768798+00:00,spot_11,Spot 11,Empty,2026-07-07T22:01:20.711562+00:00,,,,,,,,
2026-07-08T00:10:28.768798+00:00,spot_12,Spot 12,Empty,2026-07-07T21:38:25.635528+00:00,,,,,,,,
2026-07-08T00:10:28.768798+00:00,spot_13,Spot 13,Empty,2026-07-07T22:01:20.711562+00:00,,,,,,,,
2026-07-08T00:10:28.768798+00:00,spot_14,Spot 14,Empty,2026-07-07T21:51:20.011139+00:00,,,,,,,,
2026-07-08T00:10:28.768798+00:00,spot_15,Spot 15,Empty,2026-07-07T23:10:21.918673+00:00,,,,,,,,
2026-07-08T00:10:28.768798+00:00,spot_16,Spot 16,Empty,2026-07-07T21:15:20.312493+00:00,,,,,,,,
2026-07-08T00:10:28.768798+00:00,spot_17,Spot 17,Empty,2026-07-07T16:50:19.879437+00:00,,,,,,,,
2026-07-08T00:11:18.831899+00:00,spot_1,Spot 1,Empty,2026-07-07T22:04:20.920678+00:00,,,,,,,,
2026-07-08T00:11:18.831899+00:00,spot_2,Spot 2,Empty,2026-07-07T21:10:22.475363+00:00,,,,,,,,
2026-07-08T00:11:18.831899+00:00,spot_3,Spot 3,Empty,2026-07-07T23:49:18.511171+00:00,,,,,,,,
2026-07-08T00:11:18.831899+00:00,spot_4,Spot 4,Empty,2026-07-07T22:26:19.721152+00:00,,,,,,,,
2026-07-08T00:11:18.831899+00:00,spot_5,Spot 5,Empty,2026-07-08T00:09:20.002229+00:00,,,,,,,,
2026-07-08T00:11:18.831899+00:00,spot_6,Spot 6,Empty,2026-07-07T23:35:19.050090+00:00,,,,,,,,
2026-07-08T00:11:18.831899+00:00,spot_7,Spot 7,Occupied,2026-07-07T23:35:19.050090+00:00,2213,car,0.8652584552764893,2220,243.23187255859375,327.88311767578125,312.0574951171875,363.04632568359375
2026-07-08T00:11:18.831899+00:00,spot_8,Spot 8,Empty,2026-07-07T23:25:18.206475+00:00,,,,,,,,
2026-07-08T00:11:18.831899+00:00,spot_9,Spot 9,Empty,2026-07-07T23:26:18.854339+00:00,,,,,,,,
2026-07-08T00:11:18.831899+00:00,spot_10,Spot 10,Empty,2026-07-07T21:58:26.831614+00:00,,,,,,,,
2026-07-08T00:11:18.831899+00:00,spot_11,Spot 11,Empty,2026-07-07T22:01:20.711562+00:00,,,,,,,,
2026-07-08T00:11:18.831899+00:00,spot_12,Spot 12,Empty,2026-07-07T21:38:25.635528+00:00,,,,,,,,
2026-07-08T00:11:18.831899+00:00,spot_13,Spot 13,Empty,2026-07-07T22:01:20.711562+00:00,,,,,,,,
2026-07-08T00:11:18.831899+00:00,spot_14,Spot 14,Empty,2026-07-07T21:51:20.011139+00:00,,,,,,,,
2026-07-08T00:11:18.831899+00:00,spot_15,Spot 15,Empty,2026-07-07T23:10:21.918673+00:00,,,,,,,,
2026-07-08T00:11:18.831899+00:00,spot_16,Spot 16,Empty,2026-07-07T21:15:20.312493+00:00,,,,,,,,
2026-07-08T00:11:18.831899+00:00,spot_17,Spot 17,Empty,2026-07-07T16:50:19.879437+00:00,,,,,,,,
2026-07-08T00:12:18.302712+00:00,spot_1,Spot 1,Empty,2026-07-07T22:04:20.920678+00:00,,,,,,,,
2026-07-08T00:12:18.302712+00:00,spot_2,Spot 2,Empty,2026-07-07T21:10:22.475363+00:00,,,,,,,,
2026-07-08T00:12:18.302712+00:00,spot_3,Spot 3,Empty,2026-07-07T23:49:18.511171+00:00,,,,,,,,
2026-07-08T00:12:18.302712+00:00,spot_4,Spot 4,Empty,2026-07-07T22:26:19.721152+00:00,,,,,,,,
2026-07-08T00:12:18.302712+00:00,spot_5,Spot 5,Empty,2026-07-08T00:09:20.002229+00:00,,,,,,,,
2026-07-08T00:12:18.302712+00:00,spot_6,Spot 6,Empty,2026-07-07T23:35:19.050090+00:00,,,,,,,,
2026-07-08T00:12:18.302712+00:00,spot_7,Spot 7,Occupied,2026-07-07T23:35:19.050090+00:00,2213,car,0.8726296424865723,2279,242.6654052734375,327.866455078125,312.1680908203125,363.008056640625
2026-07-08T00:12:18.302712+00:00,spot_8,Spot 8,Empty,2026-07-07T23:25:18.206475+00:00,,,,,,,,
2026-07-08T00:12:18.302712+00:00,spot_9,Spot 9,Empty,2026-07-07T23:26:18.854339+00:00,,,,,,,,
2026-07-08T00:12:18.302712+00:00,spot_10,Spot 10,Empty,2026-07-07T21:58:26.831614+00:00,,,,,,,,
2026-07-08T00:12:18.302712+00:00,spot_11,Spot 11,Empty,2026-07-07T22:01:20.711562+00:00,,,,,,,,
2026-07-08T00:12:18.302712+00:00,spot_12,Spot 12,Empty,2026-07-07T21:38:25.635528+00:00,,,,,,,,
2026-07-08T00:12:18.302712+00:00,spot_13,Spot 13,Empty,2026-07-07T22:01:20.711562+00:00,,,,,,,,
2026-07-08T00:12:18.302712+00:00,spot_14,Spot 14,Empty,2026-07-07T21:51:20.011139+00:00,,,,,,,,
2026-07-08T00:12:18.302712+00:00,spot_15,Spot 15,Empty,2026-07-07T23:10:21.918673+00:00,,,,,,,,
2026-07-08T00:12:18.302712+00:00,spot_16,Spot 16,Empty,2026-07-07T21:15:20.312493+00:00,,,,,,,,
2026-07-08T00:12:18.302712+00:00,spot_17,Spot 17,Empty,2026-07-07T16:50:19.879437+00:00,,,,,,,,
2026-07-08T00:13:19.965861+00:00,spot_1,Spot 1,Empty,2026-07-07T22:04:20.920678+00:00,,,,,,,,
2026-07-08T00:13:19.965861+00:00,spot_2,Spot 2,Empty,2026-07-07T21:10:22.475363+00:00,,,,,,,,
2026-07-08T00:13:19.965861+00:00,spot_3,Spot 3,Empty,2026-07-07T23:49:18.511171+00:00,,,,,,,,
2026-07-08T00:13:19.965861+00:00,spot_4,Spot 4,Empty,2026-07-07T22:26:19.721152+00:00,,,,,,,,
2026-07-08T00:13:19.965861+00:00,spot_5,Spot 5,Empty,2026-07-08T00:09:20.002229+00:00,,,,,,,,
2026-07-08T00:13:19.965861+00:00,spot_6,Spot 6,Empty,2026-07-07T23:35:19.050090+00:00,,,,,,,,
2026-07-08T00:13:19.965861+00:00,spot_7,Spot 7,Occupied,2026-07-07T23:35:19.050090+00:00,2213,car,0.8334919214248657,2340,240.90570068359375,327.77734375,312.08013916015625,362.930419921875
2026-07-08T00:13:19.965861+00:00,spot_8,Spot 8,Empty,2026-07-07T23:25:18.206475+00:00,,,,,,,,
2026-07-08T00:13:19.965861+00:00,spot_9,Spot 9,Empty,2026-07-07T23:26:18.854339+00:00,,,,,,,,
2026-07-08T00:13:19.965861+00:00,spot_10,Spot 10,Empty,2026-07-07T21:58:26.831614+00:00,,,,,,,,
2026-07-08T00:13:19.965861+00:00,spot_11,Spot 11,Empty,2026-07-07T22:01:20.711562+00:00,,,,,,,,
2026-07-08T00:13:19.965861+00:00,spot_12,Spot 12,Empty,2026-07-07T21:38:25.635528+00:00,,,,,,,,
2026-07-08T00:13:19.965861+00:00,spot_13,Spot 13,Empty,2026-07-07T22:01:20.711562+00:00,,,,,,,,
2026-07-08T00:13:19.965861+00:00,spot_14,Spot 14,Empty,2026-07-07T21:51:20.011139+00:00,,,,,,,,
2026-07-08T00:13:19.965861+00:00,spot_15,Spot 15,Empty,2026-07-07T23:10:21.918673+00:00,,,,,,,,
2026-07-08T00:13:19.965861+00:00,spot_16,Spot 16,Empty,2026-07-07T21:15:20.312493+00:00,,,,,,,,
2026-07-08T00:13:19.965861+00:00,spot_17,Spot 17,Empty,2026-07-07T16:50:19.879437+00:00,,,,,,,,
2026-07-08T00:14:19.626551+00:00,spot_1,Spot 1,Empty,2026-07-07T22:04:20.920678+00:00,,,,,,,,
2026-07-08T00:14:19.626551+00:00,spot_2,Spot 2,Empty,2026-07-07T21:10:22.475363+00:00,,,,,,,,
2026-07-08T00:14:19.626551+00:00,spot_3,Spot 3,Empty,2026-07-07T23:49:18.511171+00:00,,,,,,,,
2026-07-08T00:14:19.626551+00:00,spot_4,Spot 4,Empty,2026-07-07T22:26:19.721152+00:00,,,,,,,,
2026-07-08T00:14:19.626551+00:00,spot_5,Spot 5,Empty,2026-07-08T00:09:20.002229+00:00,,,,,,,,
2026-07-08T00:14:19.626551+00:00,spot_6,Spot 6,Empty,2026-07-07T23:35:19.050090+00:00,,,,,,,,
2026-07-08T00:14:19.626551+00:00,spot_7,Spot 7,Occupied,2026-07-07T23:35:19.050090+00:00,2213,car,0.8133352398872375,2401,241.24949645996094,327.8045349121094,312.1746826171875,363.1348571777344
2026-07-08T00:14:19.626551+00:00,spot_8,Spot 8,Empty,2026-07-07T23:25:18.206475+00:00,,,,,,,,
2026-07-08T00:14:19.626551+00:00,spot_9,Spot 9,Empty,2026-07-07T23:26:18.854339+00:00,,,,,,,,
2026-07-08T00:14:19.626551+00:00,spot_10,Spot 10,Empty,2026-07-07T21:58:26.831614+00:00,,,,,,,,
2026-07-08T00:14:19.626551+00:00,spot_11,Spot 11,Empty,2026-07-07T22:01:20.711562+00:00,,,,,,,,
2026-07-08T00:14:19.626551+00:00,spot_12,Spot 12,Empty,2026-07-07T21:38:25.635528+00:00,,,,,,,,
2026-07-08T00:14:19.626551+00:00,spot_13,Spot 13,Empty,2026-07-07T22:01:20.711562+00:00,,,,,,,,
2026-07-08T00:14:19.626551+00:00,spot_14,Spot 14,Empty,2026-07-07T21:51:20.011139+00:00,,,,,,,,
2026-07-08T00:14:19.626551+00:00,spot_15,Spot 15,Empty,2026-07-07T23:10:21.918673+00:00,,,,,,,,
2026-07-08T00:14:19.626551+00:00,spot_16,Spot 16,Empty,2026-07-07T21:15:20.312493+00:00,,,,,,,,
2026-07-08T00:14:19.626551+00:00,spot_17,Spot 17,Empty,2026-07-07T16:50:19.879437+00:00,,,,,,,,
2026-07-08T00:15:20.597636+00:00,spot_1,Spot 1,Empty,2026-07-07T22:04:20.920678+00:00,,,,,,,,
2026-07-08T00:15:20.597636+00:00,spot_2,Spot 2,Empty,2026-07-07T21:10:22.475363+00:00,,,,,,,,
2026-07-08T00:15:20.597636+00:00,spot_3,Spot 3,Empty,2026-07-07T23:49:18.511171+00:00,,,,,,,,
2026-07-08T00:15:20.597636+00:00,spot_4,Spot 4,Empty,2026-07-07T22:26:19.721152+00:00,,,,,,,,
2026-07-08T00:15:20.597636+00:00,spot_5,Spot 5,Empty,2026-07-08T00:09:20.002229+00:00,,,,,,,,
2026-07-08T00:15:20.597636+00:00,spot_6,Spot 6,Empty,2026-07-07T23:35:19.050090+00:00,,,,,,,,
2026-07-08T00:15:20.597636+00:00,spot_7,Spot 7,Occupied,2026-07-07T23:35:19.050090+00:00,2213,car,0.8482437133789062,2460,243.19891357421875,327.809326171875,312.04718017578125,363.3798828125
2026-07-08T00:15:20.597636+00:00,spot_8,Spot 8,Empty,2026-07-07T23:25:18.206475+00:00,,,,,,,,
2026-07-08T00:15:20.597636+00:00,spot_9,Spot 9,Empty,2026-07-07T23:26:18.854339+00:00,,,,,,,,
2026-07-08T00:15:20.597636+00:00,spot_10,Spot 10,Empty,2026-07-07T21:58:26.831614+00:00,,,,,,,,
2026-07-08T00:15:20.597636+00:00,spot_11,Spot 11,Empty,2026-07-07T22:01:20.711562+00:00,,,,,,,,
2026-07-08T00:15:20.597636+00:00,spot_12,Spot 12,Empty,2026-07-07T21:38:25.635528+00:00,,,,,,,,
2026-07-08T00:15:20.597636+00:00,spot_13,Spot 13,Empty,2026-07-07T22:01:20.711562+00:00,,,,,,,,
2026-07-08T00:15:20.597636+00:00,spot_14,Spot 14,Empty,2026-07-07T21:51:20.011139+00:00,,,,,,,,
2026-07-08T00:15:20.597636+00:00,spot_15,Spot 15,Empty,2026-07-07T23:10:21.918673+00:00,,,,,,,,
2026-07-08T00:15:20.597636+00:00,spot_16,Spot 16,Empty,2026-07-07T21:15:20.312493+00:00,,,,,,,,
2026-07-08T00:15:20.597636+00:00,spot_17,Spot 17,Empty,2026-07-07T16:50:19.879437+00:00,,,,,,,,
2026-07-08T00:16:19.440556+00:00,spot_1,Spot 1,Empty,2026-07-07T22:04:20.920678+00:00,,,,,,,,
2026-07-08T00:16:19.440556+00:00,spot_2,Spot 2,Empty,2026-07-07T21:10:22.475363+00:00,,,,,,,,
2026-07-08T00:16:19.440556+00:00,spot_3,Spot 3,Empty,2026-07-07T23:49:18.511171+00:00,,,,,,,,
2026-07-08T00:16:19.440556+00:00,spot_4,Spot 4,Empty,2026-07-07T22:26:19.721152+00:00,,,,,,,,
2026-07-08T00:16:19.440556+00:00,spot_5,Spot 5,Empty,2026-07-08T00:09:20.002229+00:00,,,,,,,,
2026-07-08T00:16:19.440556+00:00,spot_6,Spot 6,Empty,2026-07-07T23:35:19.050090+00:00,,,,,,,,
2026-07-08T00:16:19.440556+00:00,spot_7,Spot 7,Occupied,2026-07-07T23:35:19.050090+00:00,2213,car,0.8686862587928772,2520,242.90243530273438,327.791259765625,312.3645324707031,363.37451171875
2026-07-08T00:16:19.440556+00:00,spot_8,Spot 8,Empty,2026-07-07T23:25:18.206475+00:00,,,,,,,,
2026-07-08T00:16:19.440556+00:00,spot_9,Spot 9,Empty,2026-07-07T23:26:18.854339+00:00,,,,,,,,
2026-07-08T00:16:19.440556+00:00,spot_10,Spot 10,Empty,2026-07-07T21:58:26.831614+00:00,,,,,,,,
2026-07-08T00:16:19.440556+00:00,spot_11,Spot 11,Empty,2026-07-07T22:01:20.711562+00:00,,,,,,,,
2026-07-08T00:16:19.440556+00:00,spot_12,Spot 12,Empty,2026-07-07T21:38:25.635528+00:00,,,,,,,,
2026-07-08T00:16:19.440556+00:00,spot_13,Spot 13,Empty,2026-07-07T22:01:20.711562+00:00,,,,,,,,
2026-07-08T00:16:19.440556+00:00,spot_14,Spot 14,Empty,2026-07-07T21:51:20.011139+00:00,,,,,,,,
2026-07-08T00:16:19.440556+00:00,spot_15,Spot 15,Empty,2026-07-07T23:10:21.918673+00:00,,,,,,,,
2026-07-08T00:16:19.440556+00:00,spot_16,Spot 16,Empty,2026-07-07T21:15:20.312493+00:00,,,,,,,,
2026-07-08T00:16:19.440556+00:00,spot_17,Spot 17,Empty,2026-07-07T16:50:19.879437+00:00,,,,,,,,
2026-07-08T00:17:19.842761+00:00,spot_1,Spot 1,Empty,2026-07-07T22:04:20.920678+00:00,,,,,,,,
2026-07-08T00:17:19.842761+00:00,spot_2,Spot 2,Empty,2026-07-07T21:10:22.475363+00:00,,,,,,,,
2026-07-08T00:17:19.842761+00:00,spot_3,Spot 3,Empty,2026-07-07T23:49:18.511171+00:00,,,,,,,,
2026-07-08T00:17:19.842761+00:00,spot_4,Spot 4,Empty,2026-07-07T22:26:19.721152+00:00,,,,,,,,
2026-07-08T00:17:19.842761+00:00,spot_5,Spot 5,Empty,2026-07-08T00:09:20.002229+00:00,,,,,,,,
2026-07-08T00:17:19.842761+00:00,spot_6,Spot 6,Empty,2026-07-07T23:35:19.050090+00:00,,,,,,,,
2026-07-08T00:17:19.842761+00:00,spot_7,Spot 7,Occupied,2026-07-07T23:35:19.050090+00:00,2213,car,0.7669885754585266,2579,242.03436279296875,327.98809814453125,312.36138916015625,363.20111083984375
2026-07-08T00:17:19.842761+00:00,spot_8,Spot 8,Empty,2026-07-07T23:25:18.206475+00:00,,,,,,,,
2026-07-08T00:17:19.842761+00:00,spot_9,Spot 9,Empty,2026-07-07T23:26:18.854339+00:00,,,,,,,,
2026-07-08T00:17:19.842761+00:00,spot_10,Spot 10,Empty,2026-07-07T21:58:26.831614+00:00,,,,,,,,
2026-07-08T00:17:19.842761+00:00,spot_11,Spot 11,Empty,2026-07-07T22:01:20.711562+00:00,,,,,,,,
2026-07-08T00:17:19.842761+00:00,spot_12,Spot 12,Empty,2026-07-07T21:38:25.635528+00:00,,,,,,,,
2026-07-08T00:17:19.842761+00:00,spot_13,Spot 13,Empty,2026-07-07T22:01:20.711562+00:00,,,,,,,,
2026-07-08T00:17:19.842761+00:00,spot_14,Spot 14,Empty,2026-07-07T21:51:20.011139+00:00,,,,,,,,
2026-07-08T00:17:19.842761+00:00,spot_15,Spot 15,Empty,2026-07-07T23:10:21.918673+00:00,,,,,,,,
2026-07-08T00:17:19.842761+00:00,spot_16,Spot 16,Empty,2026-07-07T21:15:20.312493+00:00,,,,,,,,
2026-07-08T00:17:19.842761+00:00,spot_17,Spot 17,Empty,2026-07-07T16:50:19.879437+00:00,,,,,,,,
2026-07-08T00:18:28.082279+00:00,spot_1,Spot 1,Empty,2026-07-07T22:04:20.920678+00:00,,,,,,,,
2026-07-08T00:18:28.082279+00:00,spot_2,Spot 2,Empty,2026-07-07T21:10:22.475363+00:00,,,,,,,,
2026-07-08T00:18:28.082279+00:00,spot_3,Spot 3,Empty,2026-07-07T23:49:18.511171+00:00,,,,,,,,
2026-07-08T00:18:28.082279+00:00,spot_4,Spot 4,Empty,2026-07-07T22:26:19.721152+00:00,,,,,,,,
2026-07-08T00:18:28.082279+00:00,spot_5,Spot 5,Empty,2026-07-08T00:09:20.002229+00:00,,,,,,,,
2026-07-08T00:18:28.082279+00:00,spot_6,Spot 6,Empty,2026-07-07T23:35:19.050090+00:00,,,,,,,,
2026-07-08T00:18:28.082279+00:00,spot_7,Spot 7,Occupied,2026-07-07T23:35:19.050090+00:00,2213,car,0.8297417759895325,2650,242.89205932617188,328.0455627441406,312.3488464355469,363.0342712402344
2026-07-08T00:18:28.082279+00:00,spot_8,Spot 8,Empty,2026-07-07T23:25:18.206475+00:00,,,,,,,,
2026-07-08T00:18:28.082279+00:00,spot_9,Spot 9,Empty,2026-07-07T23:26:18.854339+00:00,,,,,,,,
2026-07-08T00:18:28.082279+00:00,spot_10,Spot 10,Empty,2026-07-07T21:58:26.831614+00:00,,,,,,,,
2026-07-08T00:18:28.082279+00:00,spot_11,Spot 11,Empty,2026-07-07T22:01:20.711562+00:00,,,,,,,,
2026-07-08T00:18:28.082279+00:00,spot_12,Spot 12,Empty,2026-07-07T21:38:25.635528+00:00,,,,,,,,
2026-07-08T00:18:28.082279+00:00,spot_13,Spot 13,Empty,2026-07-07T22:01:20.711562+00:00,,,,,,,,
2026-07-08T00:18:28.082279+00:00,spot_14,Spot 14,Empty,2026-07-07T21:51:20.011139+00:00,,,,,,,,
2026-07-08T00:18:28.082279+00:00,spot_15,Spot 15,Empty,2026-07-07T23:10:21.918673+00:00,,,,,,,,
2026-07-08T00:18:28.082279+00:00,spot_16,Spot 16,Empty,2026-07-07T21:15:20.312493+00:00,,,,,,,,
2026-07-08T00:18:28.082279+00:00,spot_17,Spot 17,Empty,2026-07-07T16:50:19.879437+00:00,,,,,,,,
2026-07-08T00:19:19.783647+00:00,spot_1,Spot 1,Empty,2026-07-07T22:04:20.920678+00:00,,,,,,,,
2026-07-08T00:19:19.783647+00:00,spot_2,Spot 2,Empty,2026-07-07T21:10:22.475363+00:00,,,,,,,,
2026-07-08T00:19:19.783647+00:00,spot_3,Spot 3,Empty,2026-07-07T23:49:18.511171+00:00,,,,,,,,
2026-07-08T00:19:19.783647+00:00,spot_4,Spot 4,Empty,2026-07-07T22:26:19.721152+00:00,,,,,,,,
2026-07-08T00:19:19.783647+00:00,spot_5,Spot 5,Occupied,2026-07-08T00:19:19.783647+00:00,2218,car,0.40912583470344543,0,337.50653076171875,337.35797119140625,364.11639404296875,348.443115234375
2026-07-08T00:19:19.783647+00:00,spot_6,Spot 6,Empty,2026-07-07T23:35:19.050090+00:00,,,,,,,,
2026-07-08T00:19:19.783647+00:00,spot_7,Spot 7,Occupied,2026-07-07T23:35:19.050090+00:00,2213,car,0.7909270524978638,2700,242.9295196533203,328.113037109375,312.42218017578125,363.1910400390625
2026-07-08T00:19:19.783647+00:00,spot_8,Spot 8,Empty,2026-07-07T23:25:18.206475+00:00,,,,,,,,
2026-07-08T00:19:19.783647+00:00,spot_9,Spot 9,Empty,2026-07-07T23:26:18.854339+00:00,,,,,,,,
2026-07-08T00:19:19.783647+00:00,spot_10,Spot 10,Empty,2026-07-07T21:58:26.831614+00:00,,,,,,,,
2026-07-08T00:19:19.783647+00:00,spot_11,Spot 11,Empty,2026-07-07T22:01:20.711562+00:00,,,,,,,,
2026-07-08T00:19:19.783647+00:00,spot_12,Spot 12,Empty,2026-07-07T21:38:25.635528+00:00,,,,,,,,
2026-07-08T00:19:19.783647+00:00,spot_13,Spot 13,Empty,2026-07-07T22:01:20.711562+00:00,,,,,,,,
2026-07-08T00:19:19.783647+00:00,spot_14,Spot 14,Empty,2026-07-07T21:51:20.011139+00:00,,,,,,,,
2026-07-08T00:19:19.783647+00:00,spot_15,Spot 15,Empty,2026-07-07T23:10:21.918673+00:00,,,,,,,,
2026-07-08T00:19:19.783647+00:00,spot_16,Spot 16,Empty,2026-07-07T21:15:20.312493+00:00,,,,,,,,
2026-07-08T00:19:19.783647+00:00,spot_17,Spot 17,Empty,2026-07-07T16:50:19.879437+00:00,,,,,,,,
2026-07-08T00:20:19.809959+00:00,spot_1,Spot 1,Empty,2026-07-07T22:04:20.920678+00:00,,,,,,,,
2026-07-08T00:20:19.809959+00:00,spot_2,Spot 2,Empty,2026-07-07T21:10:22.475363+00:00,,,,,,,,
2026-07-08T00:20:19.809959+00:00,spot_3,Spot 3,Empty,2026-07-07T23:49:18.511171+00:00,,,,,,,,
2026-07-08T00:20:19.809959+00:00,spot_4,Spot 4,Empty,2026-07-07T22:26:19.721152+00:00,,,,,,,,
2026-07-08T00:20:19.809959+00:00,spot_5,Spot 5,Empty,2026-07-08T00:20:19.809959+00:00,,,,,,,,
2026-07-08T00:20:19.809959+00:00,spot_6,Spot 6,Empty,2026-07-07T23:35:19.050090+00:00,,,,,,,,
2026-07-08T00:20:19.809959+00:00,spot_7,Spot 7,Occupied,2026-07-07T23:35:19.050090+00:00,2213,car,0.8037262558937073,2761,242.3087615966797,328.04327392578125,312.54852294921875,362.90692138671875
2026-07-08T00:20:19.809959+00:00,spot_8,Spot 8,Empty,2026-07-07T23:25:18.206475+00:00,,,,,,,,
2026-07-08T00:20:19.809959+00:00,spot_9,Spot 9,Empty,2026-07-07T23:26:18.854339+00:00,,,,,,,,
2026-07-08T00:20:19.809959+00:00,spot_10,Spot 10,Empty,2026-07-07T21:58:26.831614+00:00,,,,,,,,
2026-07-08T00:20:19.809959+00:00,spot_11,Spot 11,Empty,2026-07-07T22:01:20.711562+00:00,,,,,,,,
2026-07-08T00:20:19.809959+00:00,spot_12,Spot 12,Empty,2026-07-07T21:38:25.635528+00:00,,,,,,,,
2026-07-08T00:20:19.809959+00:00,spot_13,Spot 13,Empty,2026-07-07T22:01:20.711562+00:00,,,,,,,,
2026-07-08T00:20:19.809959+00:00,spot_14,Spot 14,Empty,2026-07-07T21:51:20.011139+00:00,,,,,,,,
2026-07-08T00:20:19.809959+00:00,spot_15,Spot 15,Empty,2026-07-07T23:10:21.918673+00:00,,,,,,,,
2026-07-08T00:20:19.809959+00:00,spot_16,Spot 16,Empty,2026-07-07T21:15:20.312493+00:00,,,,,,,,
2026-07-08T00:20:19.809959+00:00,spot_17,Spot 17,Empty,2026-07-07T16:50:19.879437+00:00,,,,,,,,
2026-07-08T00:21:20.035927+00:00,spot_1,Spot 1,Empty,2026-07-07T22:04:20.920678+00:00,,,,,,,,
2026-07-08T00:21:20.035927+00:00,spot_2,Spot 2,Empty,2026-07-07T21:10:22.475363+00:00,,,,,,,,
2026-07-08T00:21:20.035927+00:00,spot_3,Spot 3,Empty,2026-07-07T23:49:18.511171+00:00,,,,,,,,
2026-07-08T00:21:20.035927+00:00,spot_4,Spot 4,Empty,2026-07-07T22:26:19.721152+00:00,,,,,,,,
2026-07-08T00:21:20.035927+00:00,spot_5,Spot 5,Empty,2026-07-08T00:20:19.809959+00:00,,,,,,,,
2026-07-08T00:21:20.035927+00:00,spot_6,Spot 6,Empty,2026-07-07T23:35:19.050090+00:00,,,,,,,,
2026-07-08T00:21:20.035927+00:00,spot_7,Spot 7,Occupied,2026-07-07T23:35:19.050090+00:00,2213,car,0.804286777973175,2819,242.73345947265625,328.2066650390625,312.3892822265625,363.33050537109375
2026-07-08T00:21:20.035927+00:00,spot_8,Spot 8,Empty,2026-07-07T23:25:18.206475+00:00,,,,,,,,
2026-07-08T00:21:20.035927+00:00,spot_9,Spot 9,Empty,2026-07-07T23:26:18.854339+00:00,,,,,,,,
2026-07-08T00:21:20.035927+00:00,spot_10,Spot 10,Empty,2026-07-07T21:58:26.831614+00:00,,,,,,,,
2026-07-08T00:21:20.035927+00:00,spot_11,Spot 11,Empty,2026-07-07T22:01:20.711562+00:00,,,,,,,,
2026-07-08T00:21:20.035927+00:00,spot_12,Spot 12,Empty,2026-07-07T21:38:25.635528+00:00,,,,,,,,
2026-07-08T00:21:20.035927+00:00,spot_13,Spot 13,Empty,2026-07-07T22:01:20.711562+00:00,,,,,,,,
2026-07-08T00:21:20.035927+00:00,spot_14,Spot 14,Empty,2026-07-07T21:51:20.011139+00:00,,,,,,,,
2026-07-08T00:21:20.035927+00:00,spot_15,Spot 15,Empty,2026-07-07T23:10:21.918673+00:00,,,,,,,,
2026-07-08T00:21:20.035927+00:00,spot_16,Spot 16,Empty,2026-07-07T21:15:20.312493+00:00,,,,,,,,
2026-07-08T00:21:20.035927+00:00,spot_17,Spot 17,Empty,2026-07-07T16:50:19.879437+00:00,,,,,,,,
2026-07-08T00:22:19.521519+00:00,spot_1,Spot 1,Empty,2026-07-07T22:04:20.920678+00:00,,,,,,,,
2026-07-08T00:22:19.521519+00:00,spot_2,Spot 2,Empty,2026-07-07T21:10:22.475363+00:00,,,,,,,,
2026-07-08T00:22:19.521519+00:00,spot_3,Spot 3,Empty,2026-07-07T23:49:18.511171+00:00,,,,,,,,
2026-07-08T00:22:19.521519+00:00,spot_4,Spot 4,Empty,2026-07-07T22:26:19.721152+00:00,,,,,,,,
2026-07-08T00:22:19.521519+00:00,spot_5,Spot 5,Empty,2026-07-08T00:20:19.809959+00:00,,,,,,,,
2026-07-08T00:22:19.521519+00:00,spot_6,Spot 6,Empty,2026-07-07T23:35:19.050090+00:00,,,,,,,,
2026-07-08T00:22:19.521519+00:00,spot_7,Spot 7,Occupied,2026-07-07T23:35:19.050090+00:00,2213,car,0.7313610911369324,2880,242.6826934814453,327.91973876953125,312.42059326171875,364.00396728515625
2026-07-08T00:22:19.521519+00:00,spot_8,Spot 8,Empty,2026-07-07T23:25:18.206475+00:00,,,,,,,,
2026-07-08T00:22:19.521519+00:00,spot_9,Spot 9,Empty,2026-07-07T23:26:18.854339+00:00,,,,,,,,
2026-07-08T00:22:19.521519+00:00,spot_10,Spot 10,Empty,2026-07-07T21:58:26.831614+00:00,,,,,,,,
2026-07-08T00:22:19.521519+00:00,spot_11,Spot 11,Empty,2026-07-07T22:01:20.711562+00:00,,,,,,,,
2026-07-08T00:22:19.521519+00:00,spot_12,Spot 12,Empty,2026-07-07T21:38:25.635528+00:00,,,,,,,,
2026-07-08T00:22:19.521519+00:00,spot_13,Spot 13,Empty,2026-07-07T22:01:20.711562+00:00,,,,,,,,
2026-07-08T00:22:19.521519+00:00,spot_14,Spot 14,Empty,2026-07-07T21:51:20.011139+00:00,,,,,,,,
2026-07-08T00:22:19.521519+00:00,spot_15,Spot 15,Empty,2026-07-07T23:10:21.918673+00:00,,,,,,,,
2026-07-08T00:22:19.521519+00:00,spot_16,Spot 16,Empty,2026-07-07T21:15:20.312493+00:00,,,,,,,,
2026-07-08T00:22:19.521519+00:00,spot_17,Spot 17,Empty,2026-07-07T16:50:19.879437+00:00,,,,,,,,
2026-07-08T00:23:20.003182+00:00,spot_1,Spot 1,Empty,2026-07-07T22:04:20.920678+00:00,,,,,,,,
2026-07-08T00:23:20.003182+00:00,spot_2,Spot 2,Empty,2026-07-07T21:10:22.475363+00:00,,,,,,,,
2026-07-08T00:23:20.003182+00:00,spot_3,Spot 3,Empty,2026-07-07T23:49:18.511171+00:00,,,,,,,,
2026-07-08T00:23:20.003182+00:00,spot_4,Spot 4,Empty,2026-07-07T22:26:19.721152+00:00,,,,,,,,
2026-07-08T00:23:20.003182+00:00,spot_5,Spot 5,Empty,2026-07-08T00:20:19.809959+00:00,,,,,,,,
2026-07-08T00:23:20.003182+00:00,spot_6,Spot 6,Empty,2026-07-07T23:35:19.050090+00:00,,,,,,,,
2026-07-08T00:23:20.003182+00:00,spot_7,Spot 7,Occupied,2026-07-07T23:35:19.050090+00:00,2213,car,0.832592785358429,2939,242.72654724121094,327.63330078125,312.123046875,363.1153564453125
2026-07-08T00:23:20.003182+00:00,spot_8,Spot 8,Empty,2026-07-07T23:25:18.206475+00:00,,,,,,,,
2026-07-08T00:23:20.003182+00:00,spot_9,Spot 9,Empty,2026-07-07T23:26:18.854339+00:00,,,,,,,,
2026-07-08T00:23:20.003182+00:00,spot_10,Spot 10,Empty,2026-07-07T21:58:26.831614+00:00,,,,,,,,
2026-07-08T00:23:20.003182+00:00,spot_11,Spot 11,Empty,2026-07-07T22:01:20.711562+00:00,,,,,,,,
2026-07-08T00:23:20.003182+00:00,spot_12,Spot 12,Empty,2026-07-07T21:38:25.635528+00:00,,,,,,,,
2026-07-08T00:23:20.003182+00:00,spot_13,Spot 13,Empty,2026-07-07T22:01:20.711562+00:00,,,,,,,,
2026-07-08T00:23:20.003182+00:00,spot_14,Spot 14,Empty,2026-07-07T21:51:20.011139+00:00,,,,,,,,
2026-07-08T00:23:20.003182+00:00,spot_15,Spot 15,Empty,2026-07-07T23:10:21.918673+00:00,,,,,,,,
2026-07-08T00:23:20.003182+00:00,spot_16,Spot 16,Empty,2026-07-07T21:15:20.312493+00:00,,,,,,,,
2026-07-08T00:23:20.003182+00:00,spot_17,Spot 17,Empty,2026-07-07T16:50:19.879437+00:00,,,,,,,,
2026-07-08T00:24:18.639736+00:00,spot_1,Spot 1,Empty,2026-07-07T22:04:20.920678+00:00,,,,,,,,
2026-07-08T00:24:18.639736+00:00,spot_2,Spot 2,Empty,2026-07-07T21:10:22.475363+00:00,,,,,,,,
2026-07-08T00:24:18.639736+00:00,spot_3,Spot 3,Empty,2026-07-07T23:49:18.511171+00:00,,,,,,,,
2026-07-08T00:24:18.639736+00:00,spot_4,Spot 4,Empty,2026-07-07T22:26:19.721152+00:00,,,,,,,,
2026-07-08T00:24:18.639736+00:00,spot_5,Spot 5,Empty,2026-07-08T00:20:19.809959+00:00,,,,,,,,
2026-07-08T00:24:18.639736+00:00,spot_6,Spot 6,Empty,2026-07-07T23:35:19.050090+00:00,,,,,,,,
2026-07-08T00:24:18.639736+00:00,spot_7,Spot 7,Occupied,2026-07-07T23:35:19.050090+00:00,2213,car,0.7154191732406616,3000,242.54132080078125,327.7122802734375,312.15557861328125,363.41265869140625
2026-07-08T00:24:18.639736+00:00,spot_8,Spot 8,Empty,2026-07-07T23:25:18.206475+00:00,,,,,,,,
2026-07-08T00:24:18.639736+00:00,spot_9,Spot 9,Empty,2026-07-07T23:26:18.854339+00:00,,,,,,,,
2026-07-08T00:24:18.639736+00:00,spot_10,Spot 10,Empty,2026-07-07T21:58:26.831614+00:00,,,,,,,,
2026-07-08T00:24:18.639736+00:00,spot_11,Spot 11,Empty,2026-07-07T22:01:20.711562+00:00,,,,,,,,
2026-07-08T00:24:18.639736+00:00,spot_12,Spot 12,Empty,2026-07-07T21:38:25.635528+00:00,,,,,,,,
2026-07-08T00:24:18.639736+00:00,spot_13,Spot 13,Empty,2026-07-07T22:01:20.711562+00:00,,,,,,,,
2026-07-08T00:24:18.639736+00:00,spot_14,Spot 14,Empty,2026-07-07T21:51:20.011139+00:00,,,,,,,,
2026-07-08T00:24:18.639736+00:00,spot_15,Spot 15,Empty,2026-07-07T23:10:21.918673+00:00,,,,,,,,
2026-07-08T00:24:18.639736+00:00,spot_16,Spot 16,Empty,2026-07-07T21:15:20.312493+00:00,,,,,,,,
2026-07-08T00:24:18.639736+00:00,spot_17,Spot 17,Empty,2026-07-07T16:50:19.879437+00:00,,,,,,,,
2026-07-08T00:25:19.668485+00:00,spot_1,Spot 1,Empty,2026-07-07T22:04:20.920678+00:00,,,,,,,,
2026-07-08T00:25:19.668485+00:00,spot_2,Spot 2,Empty,2026-07-07T21:10:22.475363+00:00,,,,,,,,
2026-07-08T00:25:19.668485+00:00,spot_3,Spot 3,Empty,2026-07-07T23:49:18.511171+00:00,,,,,,,,
2026-07-08T00:25:19.668485+00:00,spot_4,Spot 4,Empty,2026-07-07T22:26:19.721152+00:00,,,,,,,,
2026-07-08T00:25:19.668485+00:00,spot_5,Spot 5,Empty,2026-07-08T00:20:19.809959+00:00,,,,,,,,
2026-07-08T00:25:19.668485+00:00,spot_6,Spot 6,Empty,2026-07-07T23:35:19.050090+00:00,,,,,,,,
2026-07-08T00:25:19.668485+00:00,spot_7,Spot 7,Occupied,2026-07-07T23:35:19.050090+00:00,2213,car,0.7219328284263611,3059,242.30931091308594,327.59454345703125,312.518798828125,364.59747314453125
2026-07-08T00:25:19.668485+00:00,spot_8,Spot 8,Empty,2026-07-07T23:25:18.206475+00:00,,,,,,,,
2026-07-08T00:25:19.668485+00:00,spot_9,Spot 9,Empty,2026-07-07T23:26:18.854339+00:00,,,,,,,,
2026-07-08T00:25:19.668485+00:00,spot_10,Spot 10,Empty,2026-07-07T21:58:26.831614+00:00,,,,,,,,
2026-07-08T00:25:19.668485+00:00,spot_11,Spot 11,Empty,2026-07-07T22:01:20.711562+00:00,,,,,,,,
2026-07-08T00:25:19.668485+00:00,spot_12,Spot 12,Empty,2026-07-07T21:38:25.635528+00:00,,,,,,,,
2026-07-08T00:25:19.668485+00:00,spot_13,Spot 13,Empty,2026-07-07T22:01:20.711562+00:00,,,,,,,,
2026-07-08T00:25:19.668485+00:00,spot_14,Spot 14,Empty,2026-07-07T21:51:20.011139+00:00,,,,,,,,
2026-07-08T00:25:19.668485+00:00,spot_15,Spot 15,Empty,2026-07-07T23:10:21.918673+00:00,,,,,,,,
2026-07-08T00:25:19.668485+00:00,spot_16,Spot 16,Empty,2026-07-07T21:15:20.312493+00:00,,,,,,,,
2026-07-08T00:25:19.668485+00:00,spot_17,Spot 17,Empty,2026-07-07T16:50:19.879437+00:00,,,,,,,,
2026-07-08T00:26:26.990367+00:00,spot_1,Spot 1,Empty,2026-07-07T22:04:20.920678+00:00,,,,,,,,
2026-07-08T00:26:26.990367+00:00,spot_2,Spot 2,Empty,2026-07-07T21:10:22.475363+00:00,,,,,,,,
2026-07-08T00:26:26.990367+00:00,spot_3,Spot 3,Empty,2026-07-07T23:49:18.511171+00:00,,,,,,,,
2026-07-08T00:26:26.990367+00:00,spot_4,Spot 4,Empty,2026-07-07T22:26:19.721152+00:00,,,,,,,,
2026-07-08T00:26:26.990367+00:00,spot_5,Spot 5,Empty,2026-07-08T00:20:19.809959+00:00,,,,,,,,
2026-07-08T00:26:26.990367+00:00,spot_6,Spot 6,Empty,2026-07-07T23:35:19.050090+00:00,,,,,,,,
2026-07-08T00:26:26.990367+00:00,spot_7,Spot 7,Occupied,2026-07-07T23:35:19.050090+00:00,2213,car,0.7831946015357971,3130,242.72262573242188,327.75872802734375,312.4592590332031,363.66644287109375
2026-07-08T00:26:26.990367+00:00,spot_8,Spot 8,Empty,2026-07-07T23:25:18.206475+00:00,,,,,,,,
2026-07-08T00:26:26.990367+00:00,spot_9,Spot 9,Empty,2026-07-07T23:26:18.854339+00:00,,,,,,,,
2026-07-08T00:26:26.990367+00:00,spot_10,Spot 10,Empty,2026-07-07T21:58:26.831614+00:00,,,,,,,,
2026-07-08T00:26:26.990367+00:00,spot_11,Spot 11,Empty,2026-07-07T22:01:20.711562+00:00,,,,,,,,
2026-07-08T00:26:26.990367+00:00,spot_12,Spot 12,Empty,2026-07-07T21:38:25.635528+00:00,,,,,,,,
2026-07-08T00:26:26.990367+00:00,spot_13,Spot 13,Empty,2026-07-07T22:01:20.711562+00:00,,,,,,,,
2026-07-08T00:26:26.990367+00:00,spot_14,Spot 14,Empty,2026-07-07T21:51:20.011139+00:00,,,,,,,,
2026-07-08T00:26:26.990367+00:00,spot_15,Spot 15,Empty,2026-07-07T23:10:21.918673+00:00,,,,,,,,
2026-07-08T00:26:26.990367+00:00,spot_16,Spot 16,Empty,2026-07-07T21:15:20.312493+00:00,,,,,,,,
2026-07-08T00:26:26.990367+00:00,spot_17,Spot 17,Empty,2026-07-07T16:50:19.879437+00:00,,,,,,,,
2026-07-08T00:27:34.787326+00:00,spot_1,Spot 1,Empty,2026-07-07T22:04:20.920678+00:00,,,,,,,,
2026-07-08T00:27:34.787326+00:00,spot_2,Spot 2,Empty,2026-07-07T21:10:22.475363+00:00,,,,,,,,
2026-07-08T00:27:34.787326+00:00,spot_3,Spot 3,Empty,2026-07-07T23:49:18.511171+00:00,,,,,,,,
2026-07-08T00:27:34.787326+00:00,spot_4,Spot 4,Empty,2026-07-07T22:26:19.721152+00:00,,,,,,,,
2026-07-08T00:27:34.787326+00:00,spot_5,Spot 5,Empty,2026-07-08T00:20:19.809959+00:00,,,,,,,,
2026-07-08T00:27:34.787326+00:00,spot_6,Spot 6,Empty,2026-07-07T23:35:19.050090+00:00,,,,,,,,
2026-07-08T00:27:34.787326+00:00,spot_7,Spot 7,Occupied,2026-07-07T23:35:19.050090+00:00,2213,car,0.7266490459442139,3196,240.66403198242188,327.831787109375,312.3815612792969,364.53558349609375
2026-07-08T00:27:34.787326+00:00,spot_8,Spot 8,Empty,2026-07-07T23:25:18.206475+00:00,,,,,,,,
2026-07-08T00:27:34.787326+00:00,spot_9,Spot 9,Empty,2026-07-07T23:26:18.854339+00:00,,,,,,,,
2026-07-08T00:27:34.787326+00:00,spot_10,Spot 10,Empty,2026-07-07T21:58:26.831614+00:00,,,,,,,,
2026-07-08T00:27:34.787326+00:00,spot_11,Spot 11,Empty,2026-07-07T22:01:20.711562+00:00,,,,,,,,
2026-07-08T00:27:34.787326+00:00,spot_12,Spot 12,Empty,2026-07-07T21:38:25.635528+00:00,,,,,,,,
2026-07-08T00:27:34.787326+00:00,spot_13,Spot 13,Empty,2026-07-07T22:01:20.711562+00:00,,,,,,,,
2026-07-08T00:27:34.787326+00:00,spot_14,Spot 14,Empty,2026-07-07T21:51:20.011139+00:00,,,,,,,,
2026-07-08T00:27:34.787326+00:00,spot_15,Spot 15,Empty,2026-07-07T23:10:21.918673+00:00,,,,,,,,
2026-07-08T00:27:34.787326+00:00,spot_16,Spot 16,Empty,2026-07-07T21:15:20.312493+00:00,,,,,,,,
2026-07-08T00:27:34.787326+00:00,spot_17,Spot 17,Empty,2026-07-07T16:50:19.879437+00:00,,,,,,,,
2026-07-08T00:28:20.945183+00:00,spot_1,Spot 1,Empty,2026-07-07T22:04:20.920678+00:00,,,,,,,,
2026-07-08T00:28:20.945183+00:00,spot_2,Spot 2,Empty,2026-07-07T21:10:22.475363+00:00,,,,,,,,
2026-07-08T00:28:20.945183+00:00,spot_3,Spot 3,Empty,2026-07-07T23:49:18.511171+00:00,,,,,,,,
2026-07-08T00:28:20.945183+00:00,spot_4,Spot 4,Empty,2026-07-07T22:26:19.721152+00:00,,,,,,,,
2026-07-08T00:28:20.945183+00:00,spot_5,Spot 5,Empty,2026-07-08T00:20:19.809959+00:00,,,,,,,,
2026-07-08T00:28:20.945183+00:00,spot_6,Spot 6,Empty,2026-07-07T23:35:19.050090+00:00,,,,,,,,
2026-07-08T00:28:20.945183+00:00,spot_7,Spot 7,Occupied,2026-07-07T23:35:19.050090+00:00,2213,car,0.7893438935279846,3241,242.56129455566406,327.7451171875,312.3072509765625,363.8857421875
2026-07-08T00:28:20.945183+00:00,spot_8,Spot 8,Empty,2026-07-07T23:25:18.206475+00:00,,,,,,,,
2026-07-08T00:28:20.945183+00:00,spot_9,Spot 9,Empty,2026-07-07T23:26:18.854339+00:00,,,,,,,,
2026-07-08T00:28:20.945183+00:00,spot_10,Spot 10,Empty,2026-07-07T21:58:26.831614+00:00,,,,,,,,
2026-07-08T00:28:20.945183+00:00,spot_11,Spot 11,Empty,2026-07-07T22:01:20.711562+00:00,,,,,,,,
2026-07-08T00:28:20.945183+00:00,spot_12,Spot 12,Empty,2026-07-07T21:38:25.635528+00:00,,,,,,,,
2026-07-08T00:28:20.945183+00:00,spot_13,Spot 13,Empty,2026-07-07T22:01:20.711562+00:00,,,,,,,,
2026-07-08T00:28:20.945183+00:00,spot_14,Spot 14,Empty,2026-07-07T21:51:20.011139+00:00,,,,,,,,
2026-07-08T00:28:20.945183+00:00,spot_15,Spot 15,Empty,2026-07-07T23:10:21.918673+00:00,,,,,,,,
2026-07-08T00:28:20.945183+00:00,spot_16,Spot 16,Empty,2026-07-07T21:15:20.312493+00:00,,,,,,,,
2026-07-08T00:28:20.945183+00:00,spot_17,Spot 17,Empty,2026-07-07T16:50:19.879437+00:00,,,,,,,,
2026-07-08T00:29:28.695451+00:00,spot_1,Spot 1,Empty,2026-07-07T22:04:20.920678+00:00,,,,,,,,
2026-07-08T00:29:28.695451+00:00,spot_2,Spot 2,Empty,2026-07-07T21:10:22.475363+00:00,,,,,,,,
2026-07-08T00:29:28.695451+00:00,spot_3,Spot 3,Empty,2026-07-07T23:49:18.511171+00:00,,,,,,,,
2026-07-08T00:29:28.695451+00:00,spot_4,Spot 4,Empty,2026-07-07T22:26:19.721152+00:00,,,,,,,,
2026-07-08T00:29:28.695451+00:00,spot_5,Spot 5,Empty,2026-07-08T00:20:19.809959+00:00,,,,,,,,
2026-07-08T00:29:28.695451+00:00,spot_6,Spot 6,Empty,2026-07-07T23:35:19.050090+00:00,,,,,,,,
2026-07-08T00:29:28.695451+00:00,spot_7,Spot 7,Occupied,2026-07-08T00:29:28.695451+00:00,1,car,0.7929458022117615,0,241.991943359375,327.6905212402344,312.42657470703125,363.3321228027344
2026-07-08T00:29:28.695451+00:00,spot_8,Spot 8,Empty,2026-07-07T23:25:18.206475+00:00,,,,,,,,
2026-07-08T00:29:28.695451+00:00,spot_9,Spot 9,Empty,2026-07-07T23:26:18.854339+00:00,,,,,,,,
2026-07-08T00:29:28.695451+00:00,spot_10,Spot 10,Empty,2026-07-07T21:58:26.831614+00:00,,,,,,,,
2026-07-08T00:29:28.695451+00:00,spot_11,Spot 11,Empty,2026-07-07T22:01:20.711562+00:00,,,,,,,,
2026-07-08T00:29:28.695451+00:00,spot_12,Spot 12,Empty,2026-07-07T21:38:25.635528+00:00,,,,,,,,
2026-07-08T00:29:28.695451+00:00,spot_13,Spot 13,Empty,2026-07-07T22:01:20.711562+00:00,,,,,,,,
2026-07-08T00:29:28.695451+00:00,spot_14,Spot 14,Empty,2026-07-07T21:51:20.011139+00:00,,,,,,,,
2026-07-08T00:29:28.695451+00:00,spot_15,Spot 15,Empty,2026-07-07T23:10:21.918673+00:00,,,,,,,,
2026-07-08T00:29:28.695451+00:00,spot_16,Spot 16,Empty,2026-07-07T21:15:20.312493+00:00,,,,,,,,
2026-07-08T00:29:28.695451+00:00,spot_17,Spot 17,Empty,2026-07-07T16:50:19.879437+00:00,,,,,,,,
2026-07-08T00:30:19.476863+00:00,spot_1,Spot 1,Empty,2026-07-07T22:04:20.920678+00:00,,,,,,,,
2026-07-08T00:30:19.476863+00:00,spot_2,Spot 2,Empty,2026-07-07T21:10:22.475363+00:00,,,,,,,,
2026-07-08T00:30:19.476863+00:00,spot_3,Spot 3,Empty,2026-07-07T23:49:18.511171+00:00,,,,,,,,
2026-07-08T00:30:19.476863+00:00,spot_4,Spot 4,Empty,2026-07-07T22:26:19.721152+00:00,,,,,,,,
2026-07-08T00:30:19.476863+00:00,spot_5,Spot 5,Empty,2026-07-08T00:20:19.809959+00:00,,,,,,,,
2026-07-08T00:30:19.476863+00:00,spot_6,Spot 6,Empty,2026-07-07T23:35:19.050090+00:00,,,,,,,,
2026-07-08T00:30:19.476863+00:00,spot_7,Spot 7,Occupied,2026-07-08T00:29:28.695451+00:00,1,car,0.7929458022117615,47,241.991943359375,327.6905212402344,312.42657470703125,363.3321228027344
2026-07-08T00:30:19.476863+00:00,spot_8,Spot 8,Empty,2026-07-07T23:25:18.206475+00:00,,,,,,,,
2026-07-08T00:30:19.476863+00:00,spot_9,Spot 9,Empty,2026-07-07T23:26:18.854339+00:00,,,,,,,,
2026-07-08T00:30:19.476863+00:00,spot_10,Spot 10,Empty,2026-07-07T21:58:26.831614+00:00,,,,,,,,
2026-07-08T00:30:19.476863+00:00,spot_11,Spot 11,Empty,2026-07-07T22:01:20.711562+00:00,,,,,,,,
2026-07-08T00:30:19.476863+00:00,spot_12,Spot 12,Empty,2026-07-07T21:38:25.635528+00:00,,,,,,,,
2026-07-08T00:30:19.476863+00:00,spot_13,Spot 13,Empty,2026-07-07T22:01:20.711562+00:00,,,,,,,,
2026-07-08T00:30:19.476863+00:00,spot_14,Spot 14,Empty,2026-07-07T21:51:20.011139+00:00,,,,,,,,
2026-07-08T00:30:19.476863+00:00,spot_15,Spot 15,Empty,2026-07-07T23:10:21.918673+00:00,,,,,,,,
2026-07-08T00:30:19.476863+00:00,spot_16,Spot 16,Empty,2026-07-07T21:15:20.312493+00:00,,,,,,,,
2026-07-08T00:30:19.476863+00:00,spot_17,Spot 17,Empty,2026-07-07T16:50:19.879437+00:00,,,,,,,,
2026-07-08T00:31:19.655389+00:00,spot_1,Spot 1,Empty,2026-07-07T22:04:20.920678+00:00,,,,,,,,
2026-07-08T00:31:19.655389+00:00,spot_2,Spot 2,Empty,2026-07-07T21:10:22.475363+00:00,,,,,,,,
2026-07-08T00:31:19.655389+00:00,spot_3,Spot 3,Empty,2026-07-07T23:49:18.511171+00:00,,,,,,,,
2026-07-08T00:31:19.655389+00:00,spot_4,Spot 4,Empty,2026-07-07T22:26:19.721152+00:00,,,,,,,,
2026-07-08T00:31:19.655389+00:00,spot_5,Spot 5,Empty,2026-07-08T00:20:19.809959+00:00,,,,,,,,
2026-07-08T00:31:19.655389+00:00,spot_6,Spot 6,Empty,2026-07-07T23:35:19.050090+00:00,,,,,,,,
2026-07-08T00:31:19.655389+00:00,spot_7,Spot 7,Occupied,2026-07-08T00:29:28.695451+00:00,1,car,0.8526524305343628,106,242.66143798828125,327.6731872558594,312.31402587890625,364.0144958496094
2026-07-08T00:31:19.655389+00:00,spot_8,Spot 8,Empty,2026-07-07T23:25:18.206475+00:00,,,,,,,,
2026-07-08T00:31:19.655389+00:00,spot_9,Spot 9,Empty,2026-07-07T23:26:18.854339+00:00,,,,,,,,
2026-07-08T00:31:19.655389+00:00,spot_10,Spot 10,Empty,2026-07-07T21:58:26.831614+00:00,,,,,,,,
2026-07-08T00:31:19.655389+00:00,spot_11,Spot 11,Empty,2026-07-07T22:01:20.711562+00:00,,,,,,,,
2026-07-08T00:31:19.655389+00:00,spot_12,Spot 12,Empty,2026-07-07T21:38:25.635528+00:00,,,,,,,,
2026-07-08T00:31:19.655389+00:00,spot_13,Spot 13,Empty,2026-07-07T22:01:20.711562+00:00,,,,,,,,
2026-07-08T00:31:19.655389+00:00,spot_14,Spot 14,Empty,2026-07-07T21:51:20.011139+00:00,,,,,,,,
2026-07-08T00:31:19.655389+00:00,spot_15,Spot 15,Empty,2026-07-07T23:10:21.918673+00:00,,,,,,,,
2026-07-08T00:31:19.655389+00:00,spot_16,Spot 16,Empty,2026-07-07T21:15:20.312493+00:00,,,,,,,,
2026-07-08T00:31:19.655389+00:00,spot_17,Spot 17,Empty,2026-07-07T16:50:19.879437+00:00,,,,,,,,
2026-07-08T00:32:18.581789+00:00,spot_1,Spot 1,Empty,2026-07-07T22:04:20.920678+00:00,,,,,,,,
2026-07-08T00:32:18.581789+00:00,spot_2,Spot 2,Empty,2026-07-07T21:10:22.475363+00:00,,,,,,,,
2026-07-08T00:32:18.581789+00:00,spot_3,Spot 3,Empty,2026-07-07T23:49:18.511171+00:00,,,,,,,,
2026-07-08T00:32:18.581789+00:00,spot_4,Spot 4,Empty,2026-07-07T22:26:19.721152+00:00,,,,,,,,
2026-07-08T00:32:18.581789+00:00,spot_5,Spot 5,Empty,2026-07-08T00:20:19.809959+00:00,,,,,,,,
2026-07-08T00:32:18.581789+00:00,spot_6,Spot 6,Empty,2026-07-07T23:35:19.050090+00:00,,,,,,,,
2026-07-08T00:32:18.581789+00:00,spot_7,Spot 7,Occupied,2026-07-08T00:29:28.695451+00:00,1,car,0.6454058885574341,166,242.1786346435547,327.72601318359375,312.28155517578125,363.30377197265625
2026-07-08T00:32:18.581789+00:00,spot_8,Spot 8,Empty,2026-07-07T23:25:18.206475+00:00,,,,,,,,
2026-07-08T00:32:18.581789+00:00,spot_9,Spot 9,Empty,2026-07-07T23:26:18.854339+00:00,,,,,,,,
2026-07-08T00:32:18.581789+00:00,spot_10,Spot 10,Empty,2026-07-07T21:58:26.831614+00:00,,,,,,,,
2026-07-08T00:32:18.581789+00:00,spot_11,Spot 11,Empty,2026-07-07T22:01:20.711562+00:00,,,,,,,,
2026-07-08T00:32:18.581789+00:00,spot_12,Spot 12,Empty,2026-07-07T21:38:25.635528+00:00,,,,,,,,
2026-07-08T00:32:18.581789+00:00,spot_13,Spot 13,Empty,2026-07-07T22:01:20.711562+00:00,,,,,,,,
2026-07-08T00:32:18.581789+00:00,spot_14,Spot 14,Empty,2026-07-07T21:51:20.011139+00:00,,,,,,,,
2026-07-08T00:32:18.581789+00:00,spot_15,Spot 15,Empty,2026-07-07T23:10:21.918673+00:00,,,,,,,,
2026-07-08T00:32:18.581789+00:00,spot_16,Spot 16,Empty,2026-07-07T21:15:20.312493+00:00,,,,,,,,
2026-07-08T00:32:18.581789+00:00,spot_17,Spot 17,Empty,2026-07-07T16:50:19.879437+00:00,,,,,,,,
2026-07-08T00:33:19.931153+00:00,spot_1,Spot 1,Empty,2026-07-07T22:04:20.920678+00:00,,,,,,,,
2026-07-08T00:33:19.931153+00:00,spot_2,Spot 2,Empty,2026-07-07T21:10:22.475363+00:00,,,,,,,,
2026-07-08T00:33:19.931153+00:00,spot_3,Spot 3,Empty,2026-07-07T23:49:18.511171+00:00,,,,,,,,
2026-07-08T00:33:19.931153+00:00,spot_4,Spot 4,Empty,2026-07-07T22:26:19.721152+00:00,,,,,,,,
2026-07-08T00:33:19.931153+00:00,spot_5,Spot 5,Empty,2026-07-08T00:20:19.809959+00:00,,,,,,,,
2026-07-08T00:33:19.931153+00:00,spot_6,Spot 6,Empty,2026-07-07T23:35:19.050090+00:00,,,,,,,,
2026-07-08T00:33:19.931153+00:00,spot_7,Spot 7,Occupied,2026-07-08T00:29:28.695451+00:00,1,car,0.7860777378082275,227,242.33877563476562,327.89697265625,311.9880676269531,364.458251953125
2026-07-08T00:33:19.931153+00:00,spot_8,Spot 8,Empty,2026-07-07T23:25:18.206475+00:00,,,,,,,,
2026-07-08T00:33:19.931153+00:00,spot_9,Spot 9,Empty,2026-07-07T23:26:18.854339+00:00,,,,,,,,
2026-07-08T00:33:19.931153+00:00,spot_10,Spot 10,Empty,2026-07-07T21:58:26.831614+00:00,,,,,,,,
2026-07-08T00:33:19.931153+00:00,spot_11,Spot 11,Empty,2026-07-07T22:01:20.711562+00:00,,,,,,,,
2026-07-08T00:33:19.931153+00:00,spot_12,Spot 12,Empty,2026-07-07T21:38:25.635528+00:00,,,,,,,,
2026-07-08T00:33:19.931153+00:00,spot_13,Spot 13,Empty,2026-07-07T22:01:20.711562+00:00,,,,,,,,
2026-07-08T00:33:19.931153+00:00,spot_14,Spot 14,Empty,2026-07-07T21:51:20.011139+00:00,,,,,,,,
2026-07-08T00:33:19.931153+00:00,spot_15,Spot 15,Empty,2026-07-07T23:10:21.918673+00:00,,,,,,,,
2026-07-08T00:33:19.931153+00:00,spot_16,Spot 16,Empty,2026-07-07T21:15:20.312493+00:00,,,,,,,,
2026-07-08T00:33:19.931153+00:00,spot_17,Spot 17,Empty,2026-07-07T16:50:19.879437+00:00,,,,,,,,
2026-07-08T00:34:27.863954+00:00,spot_1,Spot 1,Empty,2026-07-07T22:04:20.920678+00:00,,,,,,,,
2026-07-08T00:34:27.863954+00:00,spot_2,Spot 2,Empty,2026-07-07T21:10:22.475363+00:00,,,,,,,,
2026-07-08T00:34:27.863954+00:00,spot_3,Spot 3,Empty,2026-07-07T23:49:18.511171+00:00,,,,,,,,
2026-07-08T00:34:27.863954+00:00,spot_4,Spot 4,Empty,2026-07-07T22:26:19.721152+00:00,,,,,,,,
2026-07-08T00:34:27.863954+00:00,spot_5,Spot 5,Empty,2026-07-08T00:20:19.809959+00:00,,,,,,,,
2026-07-08T00:34:27.863954+00:00,spot_6,Spot 6,Empty,2026-07-07T23:35:19.050090+00:00,,,,,,,,
2026-07-08T00:34:27.863954+00:00,spot_7,Spot 7,Occupied,2026-07-08T00:29:28.695451+00:00,1,car,0.7296644449234009,297,242.59698486328125,327.9132080078125,312.6932373046875,364.185546875
2026-07-08T00:34:27.863954+00:00,spot_8,Spot 8,Empty,2026-07-07T23:25:18.206475+00:00,,,,,,,,
2026-07-08T00:34:27.863954+00:00,spot_9,Spot 9,Empty,2026-07-07T23:26:18.854339+00:00,,,,,,,,
2026-07-08T00:34:27.863954+00:00,spot_10,Spot 10,Empty,2026-07-07T21:58:26.831614+00:00,,,,,,,,
2026-07-08T00:34:27.863954+00:00,spot_11,Spot 11,Empty,2026-07-07T22:01:20.711562+00:00,,,,,,,,
2026-07-08T00:34:27.863954+00:00,spot_12,Spot 12,Empty,2026-07-07T21:38:25.635528+00:00,,,,,,,,
2026-07-08T00:34:27.863954+00:00,spot_13,Spot 13,Empty,2026-07-07T22:01:20.711562+00:00,,,,,,,,
2026-07-08T00:34:27.863954+00:00,spot_14,Spot 14,Empty,2026-07-07T21:51:20.011139+00:00,,,,,,,,
2026-07-08T00:34:27.863954+00:00,spot_15,Spot 15,Empty,2026-07-07T23:10:21.918673+00:00,,,,,,,,
2026-07-08T00:34:27.863954+00:00,spot_16,Spot 16,Empty,2026-07-07T21:15:20.312493+00:00,,,,,,,,
2026-07-08T00:34:27.863954+00:00,spot_17,Spot 17,Empty,2026-07-07T16:50:19.879437+00:00,,,,,,,,
2026-07-08T00:35:19.169946+00:00,spot_1,Spot 1,Empty,2026-07-07T22:04:20.920678+00:00,,,,,,,,
2026-07-08T00:35:19.169946+00:00,spot_2,Spot 2,Empty,2026-07-07T21:10:22.475363+00:00,,,,,,,,
2026-07-08T00:35:19.169946+00:00,spot_3,Spot 3,Empty,2026-07-07T23:49:18.511171+00:00,,,,,,,,
2026-07-08T00:35:19.169946+00:00,spot_4,Spot 4,Empty,2026-07-07T22:26:19.721152+00:00,,,,,,,,
2026-07-08T00:35:19.169946+00:00,spot_5,Spot 5,Empty,2026-07-08T00:20:19.809959+00:00,,,,,,,,
2026-07-08T00:35:19.169946+00:00,spot_6,Spot 6,Empty,2026-07-07T23:35:19.050090+00:00,,,,,,,,
2026-07-08T00:35:19.169946+00:00,spot_7,Spot 7,Occupied,2026-07-08T00:29:28.695451+00:00,1,car,0.821765124797821,346,242.64877319335938,327.77044677734375,312.3532409667969,364.16143798828125
2026-07-08T00:35:19.169946+00:00,spot_8,Spot 8,Empty,2026-07-07T23:25:18.206475+00:00,,,,,,,,
2026-07-08T00:35:19.169946+00:00,spot_9,Spot 9,Empty,2026-07-07T23:26:18.854339+00:00,,,,,,,,
2026-07-08T00:35:19.169946+00:00,spot_10,Spot 10,Empty,2026-07-07T21:58:26.831614+00:00,,,,,,,,
2026-07-08T00:35:19.169946+00:00,spot_11,Spot 11,Empty,2026-07-07T22:01:20.711562+00:00,,,,,,,,
2026-07-08T00:35:19.169946+00:00,spot_12,Spot 12,Empty,2026-07-07T21:38:25.635528+00:00,,,,,,,,
2026-07-08T00:35:19.169946+00:00,spot_13,Spot 13,Empty,2026-07-07T22:01:20.711562+00:00,,,,,,,,
2026-07-08T00:35:19.169946+00:00,spot_14,Spot 14,Empty,2026-07-07T21:51:20.011139+00:00,,,,,,,,
2026-07-08T00:35:19.169946+00:00,spot_15,Spot 15,Empty,2026-07-07T23:10:21.918673+00:00,,,,,,,,
2026-07-08T00:35:19.169946+00:00,spot_16,Spot 16,Empty,2026-07-07T21:15:20.312493+00:00,,,,,,,,
2026-07-08T00:35:19.169946+00:00,spot_17,Spot 17,Empty,2026-07-07T16:50:19.879437+00:00,,,,,,,,
2026-07-08T00:36:19.824752+00:00,spot_1,Spot 1,Empty,2026-07-07T22:04:20.920678+00:00,,,,,,,,
2026-07-08T00:36:19.824752+00:00,spot_2,Spot 2,Empty,2026-07-07T21:10:22.475363+00:00,,,,,,,,
2026-07-08T00:36:19.824752+00:00,spot_3,Spot 3,Empty,2026-07-07T23:49:18.511171+00:00,,,,,,,,
2026-07-08T00:36:19.824752+00:00,spot_4,Spot 4,Empty,2026-07-07T22:26:19.721152+00:00,,,,,,,,
2026-07-08T00:36:19.824752+00:00,spot_5,Spot 5,Empty,2026-07-08T00:20:19.809959+00:00,,,,,,,,
2026-07-08T00:36:19.824752+00:00,spot_6,Spot 6,Empty,2026-07-07T23:35:19.050090+00:00,,,,,,,,
2026-07-08T00:36:19.824752+00:00,spot_7,Spot 7,Occupied,2026-07-08T00:29:28.695451+00:00,1,car,0.6937058568000793,407,241.93450927734375,327.7334289550781,311.9630126953125,363.6764221191406
2026-07-08T00:36:19.824752+00:00,spot_8,Spot 8,Empty,2026-07-07T23:25:18.206475+00:00,,,,,,,,
2026-07-08T00:36:19.824752+00:00,spot_9,Spot 9,Empty,2026-07-07T23:26:18.854339+00:00,,,,,,,,
2026-07-08T00:36:19.824752+00:00,spot_10,Spot 10,Empty,2026-07-07T21:58:26.831614+00:00,,,,,,,,
2026-07-08T00:36:19.824752+00:00,spot_11,Spot 11,Empty,2026-07-07T22:01:20.711562+00:00,,,,,,,,
2026-07-08T00:36:19.824752+00:00,spot_12,Spot 12,Empty,2026-07-07T21:38:25.635528+00:00,,,,,,,,
2026-07-08T00:36:19.824752+00:00,spot_13,Spot 13,Empty,2026-07-07T22:01:20.711562+00:00,,,,,,,,
2026-07-08T00:36:19.824752+00:00,spot_14,Spot 14,Empty,2026-07-07T21:51:20.011139+00:00,,,,,,,,
2026-07-08T00:36:19.824752+00:00,spot_15,Spot 15,Empty,2026-07-07T23:10:21.918673+00:00,,,,,,,,
2026-07-08T00:36:19.824752+00:00,spot_16,Spot 16,Empty,2026-07-07T21:15:20.312493+00:00,,,,,,,,
2026-07-08T00:36:19.824752+00:00,spot_17,Spot 17,Empty,2026-07-07T16:50:19.879437+00:00,,,,,,,,
2026-07-08T00:37:19.242582+00:00,spot_1,Spot 1,Empty,2026-07-07T22:04:20.920678+00:00,,,,,,,,
2026-07-08T00:37:19.242582+00:00,spot_2,Spot 2,Empty,2026-07-07T21:10:22.475363+00:00,,,,,,,,
2026-07-08T00:37:19.242582+00:00,spot_3,Spot 3,Empty,2026-07-07T23:49:18.511171+00:00,,,,,,,,
2026-07-08T00:37:19.242582+00:00,spot_4,Spot 4,Empty,2026-07-07T22:26:19.721152+00:00,,,,,,,,
2026-07-08T00:37:19.242582+00:00,spot_5,Spot 5,Empty,2026-07-08T00:20:19.809959+00:00,,,,,,,,
2026-07-08T00:37:19.242582+00:00,spot_6,Spot 6,Empty,2026-07-07T23:35:19.050090+00:00,,,,,,,,
2026-07-08T00:37:19.242582+00:00,spot_7,Spot 7,Occupied,2026-07-08T00:29:28.695451+00:00,1,car,0.7257586121559143,466,242.44244384765625,327.6131591796875,311.80224609375,363.678955078125
2026-07-08T00:37:19.242582+00:00,spot_8,Spot 8,Occupied,2026-07-08T00:37:19.242582+00:00,2,truck,0.8018367290496826,0,160.7149658203125,311.63726806640625,240.54327392578125,359.80804443359375
2026-07-08T00:37:19.242582+00:00,spot_9,Spot 9,Empty,2026-07-07T23:26:18.854339+00:00,,,,,,,,
2026-07-08T00:37:19.242582+00:00,spot_10,Spot 10,Empty,2026-07-07T21:58:26.831614+00:00,,,,,,,,
2026-07-08T00:37:19.242582+00:00,spot_11,Spot 11,Empty,2026-07-07T22:01:20.711562+00:00,,,,,,,,
2026-07-08T00:37:19.242582+00:00,spot_12,Spot 12,Empty,2026-07-07T21:38:25.635528+00:00,,,,,,,,
2026-07-08T00:37:19.242582+00:00,spot_13,Spot 13,Empty,2026-07-07T22:01:20.711562+00:00,,,,,,,,
2026-07-08T00:37:19.242582+00:00,spot_14,Spot 14,Empty,2026-07-07T21:51:20.011139+00:00,,,,,,,,
2026-07-08T00:37:19.242582+00:00,spot_15,Spot 15,Empty,2026-07-07T23:10:21.918673+00:00,,,,,,,,
2026-07-08T00:37:19.242582+00:00,spot_16,Spot 16,Empty,2026-07-07T21:15:20.312493+00:00,,,,,,,,
2026-07-08T00:37:19.242582+00:00,spot_17,Spot 17,Empty,2026-07-07T16:50:19.879437+00:00,,,,,,,,
2026-07-08T00:38:19.110528+00:00,spot_1,Spot 1,Empty,2026-07-07T22:04:20.920678+00:00,,,,,,,,
2026-07-08T00:38:19.110528+00:00,spot_2,Spot 2,Empty,2026-07-07T21:10:22.475363+00:00,,,,,,,,
2026-07-08T00:38:19.110528+00:00,spot_3,Spot 3,Empty,2026-07-07T23:49:18.511171+00:00,,,,,,,,
2026-07-08T00:38:19.110528+00:00,spot_4,Spot 4,Empty,2026-07-07T22:26:19.721152+00:00,,,,,,,,
2026-07-08T00:38:19.110528+00:00,spot_5,Spot 5,Empty,2026-07-08T00:20:19.809959+00:00,,,,,,,,
2026-07-08T00:38:19.110528+00:00,spot_6,Spot 6,Empty,2026-07-07T23:35:19.050090+00:00,,,,,,,,
2026-07-08T00:38:19.110528+00:00,spot_7,Spot 7,Occupied,2026-07-08T00:29:28.695451+00:00,1,car,0.8119784593582153,527,242.8902130126953,327.77545166015625,312.69073486328125,363.87750244140625
2026-07-08T00:38:19.110528+00:00,spot_8,Spot 8,Occupied,2026-07-08T00:37:19.242582+00:00,2,truck,0.7947109341621399,60,161.35987854003906,311.9118347167969,240.76792907714844,359.1748962402344
2026-07-08T00:38:19.110528+00:00,spot_9,Spot 9,Empty,2026-07-07T23:26:18.854339+00:00,,,,,,,,
2026-07-08T00:38:19.110528+00:00,spot_10,Spot 10,Empty,2026-07-07T21:58:26.831614+00:00,,,,,,,,
2026-07-08T00:38:19.110528+00:00,spot_11,Spot 11,Empty,2026-07-07T22:01:20.711562+00:00,,,,,,,,
2026-07-08T00:38:19.110528+00:00,spot_12,Spot 12,Empty,2026-07-07T21:38:25.635528+00:00,,,,,,,,
2026-07-08T00:38:19.110528+00:00,spot_13,Spot 13,Empty,2026-07-07T22:01:20.711562+00:00,,,,,,,,
2026-07-08T00:38:19.110528+00:00,spot_14,Spot 14,Empty,2026-07-07T21:51:20.011139+00:00,,,,,,,,
2026-07-08T00:38:19.110528+00:00,spot_15,Spot 15,Empty,2026-07-07T23:10:21.918673+00:00,,,,,,,,
2026-07-08T00:38:19.110528+00:00,spot_16,Spot 16,Empty,2026-07-07T21:15:20.312493+00:00,,,,,,,,
2026-07-08T00:38:19.110528+00:00,spot_17,Spot 17,Empty,2026-07-07T16:50:19.879437+00:00,,,,,,,,
2026-07-08T00:39:19.067637+00:00,spot_1,Spot 1,Empty,2026-07-07T22:04:20.920678+00:00,,,,,,,,
2026-07-08T00:39:19.067637+00:00,spot_2,Spot 2,Empty,2026-07-07T21:10:22.475363+00:00,,,,,,,,
2026-07-08T00:39:19.067637+00:00,spot_3,Spot 3,Empty,2026-07-07T23:49:18.511171+00:00,,,,,,,,
2026-07-08T00:39:19.067637+00:00,spot_4,Spot 4,Empty,2026-07-07T22:26:19.721152+00:00,,,,,,,,
2026-07-08T00:39:19.067637+00:00,spot_5,Spot 5,Empty,2026-07-08T00:20:19.809959+00:00,,,,,,,,
2026-07-08T00:39:19.067637+00:00,spot_6,Spot 6,Empty,2026-07-07T23:35:19.050090+00:00,,,,,,,,
2026-07-08T00:39:19.067637+00:00,spot_7,Spot 7,Occupied,2026-07-08T00:29:28.695451+00:00,1,car,0.80681973695755,586,242.3386993408203,327.58929443359375,312.12811279296875,363.94329833984375
2026-07-08T00:39:19.067637+00:00,spot_8,Spot 8,Occupied,2026-07-08T00:37:19.242582+00:00,2,truck,0.749398410320282,119,161.4639892578125,311.9594421386719,241.418212890625,359.5479431152344
2026-07-08T00:39:19.067637+00:00,spot_9,Spot 9,Empty,2026-07-07T23:26:18.854339+00:00,,,,,,,,
2026-07-08T00:39:19.067637+00:00,spot_10,Spot 10,Empty,2026-07-07T21:58:26.831614+00:00,,,,,,,,
2026-07-08T00:39:19.067637+00:00,spot_11,Spot 11,Empty,2026-07-07T22:01:20.711562+00:00,,,,,,,,
2026-07-08T00:39:19.067637+00:00,spot_12,Spot 12,Empty,2026-07-07T21:38:25.635528+00:00,,,,,,,,
2026-07-08T00:39:19.067637+00:00,spot_13,Spot 13,Empty,2026-07-07T22:01:20.711562+00:00,,,,,,,,
2026-07-08T00:39:19.067637+00:00,spot_14,Spot 14,Empty,2026-07-07T21:51:20.011139+00:00,,,,,,,,
2026-07-08T00:39:19.067637+00:00,spot_15,Spot 15,Empty,2026-07-07T23:10:21.918673+00:00,,,,,,,,
2026-07-08T00:39:19.067637+00:00,spot_16,Spot 16,Empty,2026-07-07T21:15:20.312493+00:00,,,,,,,,
2026-07-08T00:39:19.067637+00:00,spot_17,Spot 17,Empty,2026-07-07T16:50:19.879437+00:00,,,,,,,,
2026-07-08T00:40:19.596038+00:00,spot_1,Spot 1,Empty,2026-07-07T22:04:20.920678+00:00,,,,,,,,
2026-07-08T00:40:19.596038+00:00,spot_2,Spot 2,Empty,2026-07-07T21:10:22.475363+00:00,,,,,,,,
2026-07-08T00:40:19.596038+00:00,spot_3,Spot 3,Empty,2026-07-07T23:49:18.511171+00:00,,,,,,,,
2026-07-08T00:40:19.596038+00:00,spot_4,Spot 4,Empty,2026-07-07T22:26:19.721152+00:00,,,,,,,,
2026-07-08T00:40:19.596038+00:00,spot_5,Spot 5,Empty,2026-07-08T00:20:19.809959+00:00,,,,,,,,
2026-07-08T00:40:19.596038+00:00,spot_6,Spot 6,Empty,2026-07-07T23:35:19.050090+00:00,,,,,,,,
2026-07-08T00:40:19.596038+00:00,spot_7,Spot 7,Occupied,2026-07-08T00:29:28.695451+00:00,1,car,0.7897568941116333,647,241.83367919921875,327.89056396484375,313.2418212890625,364.15802001953125
2026-07-08T00:40:19.596038+00:00,spot_8,Spot 8,Occupied,2026-07-08T00:37:19.242582+00:00,2,truck,0.689525306224823,181,161.51870727539062,311.83642578125,240.92599487304688,359.1435546875
2026-07-08T00:40:19.596038+00:00,spot_9,Spot 9,Empty,2026-07-07T23:26:18.854339+00:00,,,,,,,,
2026-07-08T00:40:19.596038+00:00,spot_10,Spot 10,Empty,2026-07-07T21:58:26.831614+00:00,,,,,,,,
2026-07-08T00:40:19.596038+00:00,spot_11,Spot 11,Empty,2026-07-07T22:01:20.711562+00:00,,,,,,,,
2026-07-08T00:40:19.596038+00:00,spot_12,Spot 12,Empty,2026-07-07T21:38:25.635528+00:00,,,,,,,,
2026-07-08T00:40:19.596038+00:00,spot_13,Spot 13,Empty,2026-07-07T22:01:20.711562+00:00,,,,,,,,
2026-07-08T00:40:19.596038+00:00,spot_14,Spot 14,Empty,2026-07-07T21:51:20.011139+00:00,,,,,,,,
2026-07-08T00:40:19.596038+00:00,spot_15,Spot 15,Empty,2026-07-07T23:10:21.918673+00:00,,,,,,,,
2026-07-08T00:40:19.596038+00:00,spot_16,Spot 16,Empty,2026-07-07T21:15:20.312493+00:00,,,,,,,,
2026-07-08T00:40:19.596038+00:00,spot_17,Spot 17,Empty,2026-07-07T16:50:19.879437+00:00,,,,,,,,
2026-07-08T00:41:18.469787+00:00,spot_1,Spot 1,Empty,2026-07-07T22:04:20.920678+00:00,,,,,,,,
2026-07-08T00:41:18.469787+00:00,spot_2,Spot 2,Empty,2026-07-07T21:10:22.475363+00:00,,,,,,,,
2026-07-08T00:41:18.469787+00:00,spot_3,Spot 3,Empty,2026-07-07T23:49:18.511171+00:00,,,,,,,,
2026-07-08T00:41:18.469787+00:00,spot_4,Spot 4,Empty,2026-07-07T22:26:19.721152+00:00,,,,,,,,
2026-07-08T00:41:18.469787+00:00,spot_5,Spot 5,Empty,2026-07-08T00:20:19.809959+00:00,,,,,,,,
2026-07-08T00:41:18.469787+00:00,spot_6,Spot 6,Empty,2026-07-07T23:35:19.050090+00:00,,,,,,,,
2026-07-08T00:41:18.469787+00:00,spot_7,Spot 7,Occupied,2026-07-08T00:29:28.695451+00:00,1,car,0.844763994216919,705,242.16217041015625,327.7213439941406,312.1885986328125,364.2942810058594
2026-07-08T00:41:18.469787+00:00,spot_8,Spot 8,Occupied,2026-07-08T00:37:19.242582+00:00,2,truck,0.8164429664611816,239,161.4671630859375,312.1375427246094,241.10995483398438,359.4495544433594
2026-07-08T00:41:18.469787+00:00,spot_9,Spot 9,Empty,2026-07-07T23:26:18.854339+00:00,,,,,,,,
2026-07-08T00:41:18.469787+00:00,spot_10,Spot 10,Empty,2026-07-07T21:58:26.831614+00:00,,,,,,,,
2026-07-08T00:41:18.469787+00:00,spot_11,Spot 11,Empty,2026-07-07T22:01:20.711562+00:00,,,,,,,,
2026-07-08T00:41:18.469787+00:00,spot_12,Spot 12,Empty,2026-07-07T21:38:25.635528+00:00,,,,,,,,
2026-07-08T00:41:18.469787+00:00,spot_13,Spot 13,Empty,2026-07-07T22:01:20.711562+00:00,,,,,,,,
2026-07-08T00:41:18.469787+00:00,spot_14,Spot 14,Empty,2026-07-07T21:51:20.011139+00:00,,,,,,,,
2026-07-08T00:41:18.469787+00:00,spot_15,Spot 15,Empty,2026-07-07T23:10:21.918673+00:00,,,,,,,,
2026-07-08T00:41:18.469787+00:00,spot_16,Spot 16,Empty,2026-07-07T21:15:20.312493+00:00,,,,,,,,
2026-07-08T00:41:18.469787+00:00,spot_17,Spot 17,Empty,2026-07-07T16:50:19.879437+00:00,,,,,,,,
2026-07-08T00:42:26.575354+00:00,spot_1,Spot 1,Empty,2026-07-07T22:04:20.920678+00:00,,,,,,,,
2026-07-08T00:42:26.575354+00:00,spot_2,Spot 2,Empty,2026-07-07T21:10:22.475363+00:00,,,,,,,,
2026-07-08T00:42:26.575354+00:00,spot_3,Spot 3,Empty,2026-07-07T23:49:18.511171+00:00,,,,,,,,
2026-07-08T00:42:26.575354+00:00,spot_4,Spot 4,Empty,2026-07-07T22:26:19.721152+00:00,,,,,,,,
2026-07-08T00:42:26.575354+00:00,spot_5,Spot 5,Empty,2026-07-08T00:20:19.809959+00:00,,,,,,,,
2026-07-08T00:42:26.575354+00:00,spot_6,Spot 6,Empty,2026-07-07T23:35:19.050090+00:00,,,,,,,,
2026-07-08T00:42:26.575354+00:00,spot_7,Spot 7,Occupied,2026-07-08T00:29:28.695451+00:00,1,car,0.794245183467865,776,241.72421264648438,327.8520202636719,312.2466125488281,364.5338439941406
2026-07-08T00:42:26.575354+00:00,spot_8,Spot 8,Occupied,2026-07-08T00:37:19.242582+00:00,2,truck,0.7549464106559753,309,161.46893310546875,312.510498046875,241.40301513671875,359.1158447265625
2026-07-08T00:42:26.575354+00:00,spot_9,Spot 9,Empty,2026-07-07T23:26:18.854339+00:00,,,,,,,,
2026-07-08T00:42:26.575354+00:00,spot_10,Spot 10,Empty,2026-07-07T21:58:26.831614+00:00,,,,,,,,
2026-07-08T00:42:26.575354+00:00,spot_11,Spot 11,Empty,2026-07-07T22:01:20.711562+00:00,,,,,,,,
2026-07-08T00:42:26.575354+00:00,spot_12,Spot 12,Empty,2026-07-07T21:38:25.635528+00:00,,,,,,,,
2026-07-08T00:42:26.575354+00:00,spot_13,Spot 13,Empty,2026-07-07T22:01:20.711562+00:00,,,,,,,,
2026-07-08T00:42:26.575354+00:00,spot_14,Spot 14,Empty,2026-07-07T21:51:20.011139+00:00,,,,,,,,
2026-07-08T00:42:26.575354+00:00,spot_15,Spot 15,Empty,2026-07-07T23:10:21.918673+00:00,,,,,,,,
2026-07-08T00:42:26.575354+00:00,spot_16,Spot 16,Empty,2026-07-07T21:15:20.312493+00:00,,,,,,,,
2026-07-08T00:42:26.575354+00:00,spot_17,Spot 17,Empty,2026-07-07T16:50:19.879437+00:00,,,,,,,,
2026-07-08T00:43:17.980326+00:00,spot_1,Spot 1,Empty,2026-07-07T22:04:20.920678+00:00,,,,,,,,
2026-07-08T00:43:17.980326+00:00,spot_2,Spot 2,Empty,2026-07-07T21:10:22.475363+00:00,,,,,,,,
2026-07-08T00:43:17.980326+00:00,spot_3,Spot 3,Empty,2026-07-07T23:49:18.511171+00:00,,,,,,,,
2026-07-08T00:43:17.980326+00:00,spot_4,Spot 4,Empty,2026-07-07T22:26:19.721152+00:00,,,,,,,,
2026-07-08T00:43:17.980326+00:00,spot_5,Spot 5,Empty,2026-07-08T00:20:19.809959+00:00,,,,,,,,
2026-07-08T00:43:17.980326+00:00,spot_6,Spot 6,Empty,2026-07-07T23:35:19.050090+00:00,,,,,,,,
2026-07-08T00:43:17.980326+00:00,spot_7,Spot 7,Occupied,2026-07-08T00:29:28.695451+00:00,1,car,0.7602463960647583,825,240.8340301513672,327.65582275390625,312.38873291015625,364.2197265625
2026-07-08T00:43:17.980326+00:00,spot_8,Spot 8,Occupied,2026-07-08T00:37:19.242582+00:00,2,truck,0.8194255828857422,359,160.99356079101562,312.25994873046875,241.46487426757812,359.1644287109375
2026-07-08T00:43:17.980326+00:00,spot_9,Spot 9,Empty,2026-07-07T23:26:18.854339+00:00,,,,,,,,
2026-07-08T00:43:17.980326+00:00,spot_10,Spot 10,Empty,2026-07-07T21:58:26.831614+00:00,,,,,,,,
2026-07-08T00:43:17.980326+00:00,spot_11,Spot 11,Empty,2026-07-07T22:01:20.711562+00:00,,,,,,,,
2026-07-08T00:43:17.980326+00:00,spot_12,Spot 12,Empty,2026-07-07T21:38:25.635528+00:00,,,,,,,,
2026-07-08T00:43:17.980326+00:00,spot_13,Spot 13,Empty,2026-07-07T22:01:20.711562+00:00,,,,,,,,
2026-07-08T00:43:17.980326+00:00,spot_14,Spot 14,Empty,2026-07-07T21:51:20.011139+00:00,,,,,,,,
2026-07-08T00:43:17.980326+00:00,spot_15,Spot 15,Empty,2026-07-07T23:10:21.918673+00:00,,,,,,,,
2026-07-08T00:43:17.980326+00:00,spot_16,Spot 16,Empty,2026-07-07T21:15:20.312493+00:00,,,,,,,,
2026-07-08T00:43:17.980326+00:00,spot_17,Spot 17,Empty,2026-07-07T16:50:19.879437+00:00,,,,,,,,
2026-07-08T00:44:20.532226+00:00,spot_1,Spot 1,Empty,2026-07-07T22:04:20.920678+00:00,,,,,,,,
2026-07-08T00:44:20.532226+00:00,spot_2,Spot 2,Empty,2026-07-07T21:10:22.475363+00:00,,,,,,,,
2026-07-08T00:44:20.532226+00:00,spot_3,Spot 3,Empty,2026-07-07T23:49:18.511171+00:00,,,,,,,,
2026-07-08T00:44:20.532226+00:00,spot_4,Spot 4,Empty,2026-07-07T22:26:19.721152+00:00,,,,,,,,
2026-07-08T00:44:20.532226+00:00,spot_5,Spot 5,Empty,2026-07-08T00:20:19.809959+00:00,,,,,,,,
2026-07-08T00:44:20.532226+00:00,spot_6,Spot 6,Empty,2026-07-07T23:35:19.050090+00:00,,,,,,,,
2026-07-08T00:44:20.532226+00:00,spot_7,Spot 7,Occupied,2026-07-08T00:29:28.695451+00:00,1,car,0.7773444056510925,888,242.02740478515625,327.80780029296875,312.73797607421875,363.69964599609375
2026-07-08T00:44:20.532226+00:00,spot_8,Spot 8,Occupied,2026-07-08T00:37:19.242582+00:00,2,truck,0.8072546124458313,422,160.9664306640625,311.9273681640625,241.1663818359375,358.9539794921875
2026-07-08T00:44:20.532226+00:00,spot_9,Spot 9,Empty,2026-07-07T23:26:18.854339+00:00,,,,,,,,
2026-07-08T00:44:20.532226+00:00,spot_10,Spot 10,Empty,2026-07-07T21:58:26.831614+00:00,,,,,,,,
2026-07-08T00:44:20.532226+00:00,spot_11,Spot 11,Empty,2026-07-07T22:01:20.711562+00:00,,,,,,,,
2026-07-08T00:44:20.532226+00:00,spot_12,Spot 12,Empty,2026-07-07T21:38:25.635528+00:00,,,,,,,,
2026-07-08T00:44:20.532226+00:00,spot_13,Spot 13,Empty,2026-07-07T22:01:20.711562+00:00,,,,,,,,
2026-07-08T00:44:20.532226+00:00,spot_14,Spot 14,Empty,2026-07-07T21:51:20.011139+00:00,,,,,,,,
2026-07-08T00:44:20.532226+00:00,spot_15,Spot 15,Empty,2026-07-07T23:10:21.918673+00:00,,,,,,,,
2026-07-08T00:44:20.532226+00:00,spot_16,Spot 16,Empty,2026-07-07T21:15:20.312493+00:00,,,,,,,,
2026-07-08T00:44:20.532226+00:00,spot_17,Spot 17,Empty,2026-07-07T16:50:19.879437+00:00,,,,,,,,
2026-07-08T00:45:20.449871+00:00,spot_1,Spot 1,Empty,2026-07-07T22:04:20.920678+00:00,,,,,,,,
2026-07-08T00:45:20.449871+00:00,spot_2,Spot 2,Empty,2026-07-07T21:10:22.475363+00:00,,,,,,,,
2026-07-08T00:45:20.449871+00:00,spot_3,Spot 3,Empty,2026-07-07T23:49:18.511171+00:00,,,,,,,,
2026-07-08T00:45:20.449871+00:00,spot_4,Spot 4,Empty,2026-07-07T22:26:19.721152+00:00,,,,,,,,
2026-07-08T00:45:20.449871+00:00,spot_5,Spot 5,Empty,2026-07-08T00:20:19.809959+00:00,,,,,,,,
2026-07-08T00:45:20.449871+00:00,spot_6,Spot 6,Empty,2026-07-07T23:35:19.050090+00:00,,,,,,,,
2026-07-08T00:45:20.449871+00:00,spot_7,Spot 7,Occupied,2026-07-08T00:29:28.695451+00:00,1,car,0.7604525089263916,947,242.00135803222656,327.745361328125,312.2774658203125,363.7957763671875
2026-07-08T00:45:20.449871+00:00,spot_8,Spot 8,Occupied,2026-07-08T00:37:19.242582+00:00,2,truck,0.7789924740791321,481,160.56053161621094,312.0286865234375,241.09947204589844,359.2010498046875
2026-07-08T00:45:20.449871+00:00,spot_9,Spot 9,Empty,2026-07-07T23:26:18.854339+00:00,,,,,,,,
2026-07-08T00:45:20.449871+00:00,spot_10,Spot 10,Empty,2026-07-07T21:58:26.831614+00:00,,,,,,,,
2026-07-08T00:45:20.449871+00:00,spot_11,Spot 11,Empty,2026-07-07T22:01:20.711562+00:00,,,,,,,,
2026-07-08T00:45:20.449871+00:00,spot_12,Spot 12,Empty,2026-07-07T21:38:25.635528+00:00,,,,,,,,
2026-07-08T00:45:20.449871+00:00,spot_13,Spot 13,Empty,2026-07-07T22:01:20.711562+00:00,,,,,,,,
2026-07-08T00:45:20.449871+00:00,spot_14,Spot 14,Empty,2026-07-07T21:51:20.011139+00:00,,,,,,,,
2026-07-08T00:45:20.449871+00:00,spot_15,Spot 15,Empty,2026-07-07T23:10:21.918673+00:00,,,,,,,,
2026-07-08T00:45:20.449871+00:00,spot_16,Spot 16,Empty,2026-07-07T21:15:20.312493+00:00,,,,,,,,
2026-07-08T00:45:20.449871+00:00,spot_17,Spot 17,Empty,2026-07-07T16:50:19.879437+00:00,,,,,,,,
2026-07-08T00:46:19.080132+00:00,spot_1,Spot 1,Empty,2026-07-07T22:04:20.920678+00:00,,,,,,,,
2026-07-08T00:46:19.080132+00:00,spot_2,Spot 2,Empty,2026-07-07T21:10:22.475363+00:00,,,,,,,,
2026-07-08T00:46:19.080132+00:00,spot_3,Spot 3,Empty,2026-07-07T23:49:18.511171+00:00,,,,,,,,
2026-07-08T00:46:19.080132+00:00,spot_4,Spot 4,Empty,2026-07-07T22:26:19.721152+00:00,,,,,,,,
2026-07-08T00:46:19.080132+00:00,spot_5,Spot 5,Empty,2026-07-08T00:20:19.809959+00:00,,,,,,,,
2026-07-08T00:46:19.080132+00:00,spot_6,Spot 6,Empty,2026-07-07T23:35:19.050090+00:00,,,,,,,,
2026-07-08T00:46:19.080132+00:00,spot_7,Spot 7,Occupied,2026-07-08T00:29:28.695451+00:00,1,car,0.7476634979248047,1007,242.65794372558594,327.67718505859375,312.8182373046875,363.9658203125
2026-07-08T00:46:19.080132+00:00,spot_8,Spot 8,Occupied,2026-07-08T00:37:19.242582+00:00,2,truck,0.7266510725021362,541,161.05987548828125,311.9906005859375,241.4407958984375,359.42620849609375
2026-07-08T00:46:19.080132+00:00,spot_9,Spot 9,Empty,2026-07-07T23:26:18.854339+00:00,,,,,,,,
2026-07-08T00:46:19.080132+00:00,spot_10,Spot 10,Empty,2026-07-07T21:58:26.831614+00:00,,,,,,,,
2026-07-08T00:46:19.080132+00:00,spot_11,Spot 11,Empty,2026-07-07T22:01:20.711562+00:00,,,,,,,,
2026-07-08T00:46:19.080132+00:00,spot_12,Spot 12,Empty,2026-07-07T21:38:25.635528+00:00,,,,,,,,
2026-07-08T00:46:19.080132+00:00,spot_13,Spot 13,Empty,2026-07-07T22:01:20.711562+00:00,,,,,,,,
2026-07-08T00:46:19.080132+00:00,spot_14,Spot 14,Empty,2026-07-07T21:51:20.011139+00:00,,,,,,,,
2026-07-08T00:46:19.080132+00:00,spot_15,Spot 15,Empty,2026-07-07T23:10:21.918673+00:00,,,,,,,,
2026-07-08T00:46:19.080132+00:00,spot_16,Spot 16,Empty,2026-07-07T21:15:20.312493+00:00,,,,,,,,
2026-07-08T00:46:19.080132+00:00,spot_17,Spot 17,Empty,2026-07-07T16:50:19.879437+00:00,,,,,,,,
2026-07-08T00:47:19.909694+00:00,spot_1,Spot 1,Empty,2026-07-07T22:04:20.920678+00:00,,,,,,,,
2026-07-08T00:47:19.909694+00:00,spot_2,Spot 2,Empty,2026-07-07T21:10:22.475363+00:00,,,,,,,,
2026-07-08T00:47:19.909694+00:00,spot_3,Spot 3,Empty,2026-07-07T23:49:18.511171+00:00,,,,,,,,
2026-07-08T00:47:19.909694+00:00,spot_4,Spot 4,Empty,2026-07-07T22:26:19.721152+00:00,,,,,,,,
2026-07-08T00:47:19.909694+00:00,spot_5,Spot 5,Empty,2026-07-08T00:20:19.809959+00:00,,,,,,,,
2026-07-08T00:47:19.909694+00:00,spot_6,Spot 6,Empty,2026-07-07T23:35:19.050090+00:00,,,,,,,,
2026-07-08T00:47:19.909694+00:00,spot_7,Spot 7,Occupied,2026-07-08T00:29:28.695451+00:00,1,car,0.822300910949707,1066,241.76516723632812,327.6900329589844,312.2267150878906,364.1593322753906
2026-07-08T00:47:19.909694+00:00,spot_8,Spot 8,Occupied,2026-07-08T00:37:19.242582+00:00,2,truck,0.7323814034461975,600,161.48565673828125,311.6834716796875,240.83328247070312,359.2010498046875
2026-07-08T00:47:19.909694+00:00,spot_9,Spot 9,Empty,2026-07-07T23:26:18.854339+00:00,,,,,,,,
2026-07-08T00:47:19.909694+00:00,spot_10,Spot 10,Empty,2026-07-07T21:58:26.831614+00:00,,,,,,,,
2026-07-08T00:47:19.909694+00:00,spot_11,Spot 11,Empty,2026-07-07T22:01:20.711562+00:00,,,,,,,,
2026-07-08T00:47:19.909694+00:00,spot_12,Spot 12,Empty,2026-07-07T21:38:25.635528+00:00,,,,,,,,
2026-07-08T00:47:19.909694+00:00,spot_13,Spot 13,Empty,2026-07-07T22:01:20.711562+00:00,,,,,,,,
2026-07-08T00:47:19.909694+00:00,spot_14,Spot 14,Empty,2026-07-07T21:51:20.011139+00:00,,,,,,,,
2026-07-08T00:47:19.909694+00:00,spot_15,Spot 15,Empty,2026-07-07T23:10:21.918673+00:00,,,,,,,,
2026-07-08T00:47:19.909694+00:00,spot_16,Spot 16,Empty,2026-07-07T21:15:20.312493+00:00,,,,,,,,
2026-07-08T00:47:19.909694+00:00,spot_17,Spot 17,Empty,2026-07-07T16:50:19.879437+00:00,,,,,,,,
2026-07-08T00:48:18.768351+00:00,spot_1,Spot 1,Empty,2026-07-07T22:04:20.920678+00:00,,,,,,,,
2026-07-08T00:48:18.768351+00:00,spot_2,Spot 2,Empty,2026-07-07T21:10:22.475363+00:00,,,,,,,,
2026-07-08T00:48:18.768351+00:00,spot_3,Spot 3,Empty,2026-07-07T23:49:18.511171+00:00,,,,,,,,
2026-07-08T00:48:18.768351+00:00,spot_4,Spot 4,Empty,2026-07-07T22:26:19.721152+00:00,,,,,,,,
2026-07-08T00:48:18.768351+00:00,spot_5,Spot 5,Empty,2026-07-08T00:20:19.809959+00:00,,,,,,,,
2026-07-08T00:48:18.768351+00:00,spot_6,Spot 6,Empty,2026-07-07T23:35:19.050090+00:00,,,,,,,,
2026-07-08T00:48:18.768351+00:00,spot_7,Spot 7,Occupied,2026-07-08T00:29:28.695451+00:00,1,car,0.822300910949707,1127,241.76516723632812,327.6900329589844,312.2267150878906,364.1593322753906
2026-07-08T00:48:18.768351+00:00,spot_8,Spot 8,Occupied,2026-07-08T00:37:19.242582+00:00,2,truck,0.7323814034461975,660,161.48565673828125,311.6834716796875,240.83328247070312,359.2010498046875
2026-07-08T00:48:18.768351+00:00,spot_9,Spot 9,Empty,2026-07-07T23:26:18.854339+00:00,,,,,,,,
2026-07-08T00:48:18.768351+00:00,spot_10,Spot 10,Empty,2026-07-07T21:58:26.831614+00:00,,,,,,,,
2026-07-08T00:48:18.768351+00:00,spot_11,Spot 11,Empty,2026-07-07T22:01:20.711562+00:00,,,,,,,,
2026-07-08T00:48:18.768351+00:00,spot_12,Spot 12,Empty,2026-07-07T21:38:25.635528+00:00,,,,,,,,
2026-07-08T00:48:18.768351+00:00,spot_13,Spot 13,Empty,2026-07-07T22:01:20.711562+00:00,,,,,,,,
2026-07-08T00:48:18.768351+00:00,spot_14,Spot 14,Empty,2026-07-07T21:51:20.011139+00:00,,,,,,,,
2026-07-08T00:48:18.768351+00:00,spot_15,Spot 15,Empty,2026-07-07T23:10:21.918673+00:00,,,,,,,,
2026-07-08T00:48:18.768351+00:00,spot_16,Spot 16,Empty,2026-07-07T21:15:20.312493+00:00,,,,,,,,
2026-07-08T00:48:18.768351+00:00,spot_17,Spot 17,Empty,2026-07-07T16:50:19.879437+00:00,,,,,,,,
2026-07-08T00:49:19.327172+00:00,spot_1,Spot 1,Empty,2026-07-07T22:04:20.920678+00:00,,,,,,,,
2026-07-08T00:49:19.327172+00:00,spot_2,Spot 2,Empty,2026-07-07T21:10:22.475363+00:00,,,,,,,,
2026-07-08T00:49:19.327172+00:00,spot_3,Spot 3,Empty,2026-07-07T23:49:18.511171+00:00,,,,,,,,
2026-07-08T00:49:19.327172+00:00,spot_4,Spot 4,Empty,2026-07-07T22:26:19.721152+00:00,,,,,,,,
2026-07-08T00:49:19.327172+00:00,spot_5,Spot 5,Empty,2026-07-08T00:20:19.809959+00:00,,,,,,,,
2026-07-08T00:49:19.327172+00:00,spot_6,Spot 6,Empty,2026-07-07T23:35:19.050090+00:00,,,,,,,,
2026-07-08T00:49:19.327172+00:00,spot_7,Spot 7,Occupied,2026-07-08T00:29:28.695451+00:00,1,car,0.8273663520812988,1186,241.8103790283203,327.8229064941406,312.50750732421875,363.7842712402344
2026-07-08T00:49:19.327172+00:00,spot_8,Spot 8,Occupied,2026-07-08T00:37:19.242582+00:00,2,truck,0.7257139682769775,719,161.49221801757812,312.07940673828125,240.86160278320312,358.92120361328125
2026-07-08T00:49:19.327172+00:00,spot_9,Spot 9,Empty,2026-07-07T23:26:18.854339+00:00,,,,,,,,
2026-07-08T00:49:19.327172+00:00,spot_10,Spot 10,Empty,2026-07-07T21:58:26.831614+00:00,,,,,,,,
2026-07-08T00:49:19.327172+00:00,spot_11,Spot 11,Empty,2026-07-07T22:01:20.711562+00:00,,,,,,,,
2026-07-08T00:49:19.327172+00:00,spot_12,Spot 12,Empty,2026-07-07T21:38:25.635528+00:00,,,,,,,,
2026-07-08T00:49:19.327172+00:00,spot_13,Spot 13,Empty,2026-07-07T22:01:20.711562+00:00,,,,,,,,
2026-07-08T00:49:19.327172+00:00,spot_14,Spot 14,Empty,2026-07-07T21:51:20.011139+00:00,,,,,,,,
2026-07-08T00:49:19.327172+00:00,spot_15,Spot 15,Empty,2026-07-07T23:10:21.918673+00:00,,,,,,,,
2026-07-08T00:49:19.327172+00:00,spot_16,Spot 16,Empty,2026-07-07T21:15:20.312493+00:00,,,,,,,,
2026-07-08T00:49:19.327172+00:00,spot_17,Spot 17,Empty,2026-07-07T16:50:19.879437+00:00,,,,,,,,
2026-07-08T00:50:28.310227+00:00,spot_1,Spot 1,Empty,2026-07-07T22:04:20.920678+00:00,,,,,,,,
2026-07-08T00:50:28.310227+00:00,spot_2,Spot 2,Empty,2026-07-07T21:10:22.475363+00:00,,,,,,,,
2026-07-08T00:50:28.310227+00:00,spot_3,Spot 3,Empty,2026-07-07T23:49:18.511171+00:00,,,,,,,,
2026-07-08T00:50:28.310227+00:00,spot_4,Spot 4,Empty,2026-07-07T22:26:19.721152+00:00,,,,,,,,
2026-07-08T00:50:28.310227+00:00,spot_5,Spot 5,Empty,2026-07-08T00:20:19.809959+00:00,,,,,,,,
2026-07-08T00:50:28.310227+00:00,spot_6,Spot 6,Empty,2026-07-07T23:35:19.050090+00:00,,,,,,,,
2026-07-08T00:50:28.310227+00:00,spot_7,Spot 7,Occupied,2026-07-08T00:29:28.695451+00:00,1,car,0.7689226865768433,1259,241.63052368164062,327.6926574707031,312.6171569824219,363.9587707519531
2026-07-08T00:50:28.310227+00:00,spot_8,Spot 8,Occupied,2026-07-08T00:37:19.242582+00:00,2,truck,0.7671580910682678,792,161.3328857421875,311.91473388671875,240.97360229492188,358.69268798828125
2026-07-08T00:50:28.310227+00:00,spot_9,Spot 9,Empty,2026-07-07T23:26:18.854339+00:00,,,,,,,,
2026-07-08T00:50:28.310227+00:00,spot_10,Spot 10,Empty,2026-07-07T21:58:26.831614+00:00,,,,,,,,
2026-07-08T00:50:28.310227+00:00,spot_11,Spot 11,Empty,2026-07-07T22:01:20.711562+00:00,,,,,,,,
2026-07-08T00:50:28.310227+00:00,spot_12,Spot 12,Empty,2026-07-07T21:38:25.635528+00:00,,,,,,,,
2026-07-08T00:50:28.310227+00:00,spot_13,Spot 13,Empty,2026-07-07T22:01:20.711562+00:00,,,,,,,,
2026-07-08T00:50:28.310227+00:00,spot_14,Spot 14,Empty,2026-07-07T21:51:20.011139+00:00,,,,,,,,
2026-07-08T00:50:28.310227+00:00,spot_15,Spot 15,Empty,2026-07-07T23:10:21.918673+00:00,,,,,,,,
2026-07-08T00:50:28.310227+00:00,spot_16,Spot 16,Empty,2026-07-07T21:15:20.312493+00:00,,,,,,,,
2026-07-08T00:50:28.310227+00:00,spot_17,Spot 17,Empty,2026-07-07T16:50:19.879437+00:00,,,,,,,,
2026-07-08T00:51:18.900186+00:00,spot_1,Spot 1,Empty,2026-07-07T22:04:20.920678+00:00,,,,,,,,
2026-07-08T00:51:18.900186+00:00,spot_2,Spot 2,Empty,2026-07-07T21:10:22.475363+00:00,,,,,,,,
2026-07-08T00:51:18.900186+00:00,spot_3,Spot 3,Empty,2026-07-07T23:49:18.511171+00:00,,,,,,,,
2026-07-08T00:51:18.900186+00:00,spot_4,Spot 4,Empty,2026-07-07T22:26:19.721152+00:00,,,,,,,,
2026-07-08T00:51:18.900186+00:00,spot_5,Spot 5,Empty,2026-07-08T00:20:19.809959+00:00,,,,,,,,
2026-07-08T00:51:18.900186+00:00,spot_6,Spot 6,Empty,2026-07-07T23:35:19.050090+00:00,,,,,,,,
2026-07-08T00:51:18.900186+00:00,spot_7,Spot 7,Occupied,2026-07-08T00:29:28.695451+00:00,1,car,0.7689226865768433,1306,241.63052368164062,327.6926574707031,312.6171569824219,363.9587707519531
2026-07-08T00:51:18.900186+00:00,spot_8,Spot 8,Occupied,2026-07-08T00:37:19.242582+00:00,2,truck,0.7671580910682678,839,161.3328857421875,311.91473388671875,240.97360229492188,358.69268798828125
2026-07-08T00:51:18.900186+00:00,spot_9,Spot 9,Empty,2026-07-07T23:26:18.854339+00:00,,,,,,,,
2026-07-08T00:51:18.900186+00:00,spot_10,Spot 10,Empty,2026-07-07T21:58:26.831614+00:00,,,,,,,,
2026-07-08T00:51:18.900186+00:00,spot_11,Spot 11,Empty,2026-07-07T22:01:20.711562+00:00,,,,,,,,
2026-07-08T00:51:18.900186+00:00,spot_12,Spot 12,Empty,2026-07-07T21:38:25.635528+00:00,,,,,,,,
2026-07-08T00:51:18.900186+00:00,spot_13,Spot 13,Empty,2026-07-07T22:01:20.711562+00:00,,,,,,,,
2026-07-08T00:51:18.900186+00:00,spot_14,Spot 14,Empty,2026-07-07T21:51:20.011139+00:00,,,,,,,,
2026-07-08T00:51:18.900186+00:00,spot_15,Spot 15,Empty,2026-07-07T23:10:21.918673+00:00,,,,,,,,
2026-07-08T00:51:18.900186+00:00,spot_16,Spot 16,Empty,2026-07-07T21:15:20.312493+00:00,,,,,,,,
2026-07-08T00:51:18.900186+00:00,spot_17,Spot 17,Empty,2026-07-07T16:50:19.879437+00:00,,,,,,,,
2026-07-08T00:52:19.381362+00:00,spot_1,Spot 1,Empty,2026-07-07T22:04:20.920678+00:00,,,,,,,,
2026-07-08T00:52:19.381362+00:00,spot_2,Spot 2,Empty,2026-07-07T21:10:22.475363+00:00,,,,,,,,
2026-07-08T00:52:19.381362+00:00,spot_3,Spot 3,Empty,2026-07-07T23:49:18.511171+00:00,,,,,,,,
2026-07-08T00:52:19.381362+00:00,spot_4,Spot 4,Empty,2026-07-07T22:26:19.721152+00:00,,,,,,,,
2026-07-08T00:52:19.381362+00:00,spot_5,Spot 5,Empty,2026-07-08T00:20:19.809959+00:00,,,,,,,,
2026-07-08T00:52:19.381362+00:00,spot_6,Spot 6,Empty,2026-07-07T23:35:19.050090+00:00,,,,,,,,
2026-07-08T00:52:19.381362+00:00,spot_7,Spot 7,Occupied,2026-07-08T00:29:28.695451+00:00,1,car,0.8114152550697327,1367,242.13397216796875,327.6214294433594,312.60321044921875,363.9488830566406
2026-07-08T00:52:19.381362+00:00,spot_8,Spot 8,Occupied,2026-07-08T00:37:19.242582+00:00,2,truck,0.7743831872940063,901,161.78579711914062,311.94952392578125,241.32119750976562,357.99859619140625
2026-07-08T00:52:19.381362+00:00,spot_9,Spot 9,Empty,2026-07-07T23:26:18.854339+00:00,,,,,,,,
2026-07-08T00:52:19.381362+00:00,spot_10,Spot 10,Empty,2026-07-07T21:58:26.831614+00:00,,,,,,,,
2026-07-08T00:52:19.381362+00:00,spot_11,Spot 11,Empty,2026-07-07T22:01:20.711562+00:00,,,,,,,,
2026-07-08T00:52:19.381362+00:00,spot_12,Spot 12,Empty,2026-07-07T21:38:25.635528+00:00,,,,,,,,
2026-07-08T00:52:19.381362+00:00,spot_13,Spot 13,Empty,2026-07-07T22:01:20.711562+00:00,,,,,,,,
2026-07-08T00:52:19.381362+00:00,spot_14,Spot 14,Empty,2026-07-07T21:51:20.011139+00:00,,,,,,,,
2026-07-08T00:52:19.381362+00:00,spot_15,Spot 15,Empty,2026-07-07T23:10:21.918673+00:00,,,,,,,,
2026-07-08T00:52:19.381362+00:00,spot_16,Spot 16,Empty,2026-07-07T21:15:20.312493+00:00,,,,,,,,
2026-07-08T00:52:19.381362+00:00,spot_17,Spot 17,Empty,2026-07-07T16:50:19.879437+00:00,,,,,,,,
2026-07-08T00:53:20.349785+00:00,spot_1,Spot 1,Empty,2026-07-07T22:04:20.920678+00:00,,,,,,,,
2026-07-08T00:53:20.349785+00:00,spot_2,Spot 2,Empty,2026-07-07T21:10:22.475363+00:00,,,,,,,,
2026-07-08T00:53:20.349785+00:00,spot_3,Spot 3,Empty,2026-07-07T23:49:18.511171+00:00,,,,,,,,
2026-07-08T00:53:20.349785+00:00,spot_4,Spot 4,Empty,2026-07-07T22:26:19.721152+00:00,,,,,,,,
2026-07-08T00:53:20.349785+00:00,spot_5,Spot 5,Empty,2026-07-08T00:20:19.809959+00:00,,,,,,,,
2026-07-08T00:53:20.349785+00:00,spot_6,Spot 6,Empty,2026-07-07T23:35:19.050090+00:00,,,,,,,,
2026-07-08T00:53:20.349785+00:00,spot_7,Spot 7,Occupied,2026-07-08T00:29:28.695451+00:00,1,car,0.7791131138801575,1427,241.88339233398438,327.7692565917969,312.4836120605469,363.9164733886719
2026-07-08T00:53:20.349785+00:00,spot_8,Spot 8,Occupied,2026-07-08T00:37:19.242582+00:00,2,truck,0.7090358138084412,960,160.82550048828125,311.73651123046875,241.299072265625,359.13580322265625
2026-07-08T00:53:20.349785+00:00,spot_9,Spot 9,Empty,2026-07-07T23:26:18.854339+00:00,,,,,,,,
2026-07-08T00:53:20.349785+00:00,spot_10,Spot 10,Empty,2026-07-07T21:58:26.831614+00:00,,,,,,,,
2026-07-08T00:53:20.349785+00:00,spot_11,Spot 11,Empty,2026-07-07T22:01:20.711562+00:00,,,,,,,,
2026-07-08T00:53:20.349785+00:00,spot_12,Spot 12,Empty,2026-07-07T21:38:25.635528+00:00,,,,,,,,
2026-07-08T00:53:20.349785+00:00,spot_13,Spot 13,Empty,2026-07-07T22:01:20.711562+00:00,,,,,,,,
2026-07-08T00:53:20.349785+00:00,spot_14,Spot 14,Empty,2026-07-07T21:51:20.011139+00:00,,,,,,,,
2026-07-08T00:53:20.349785+00:00,spot_15,Spot 15,Empty,2026-07-07T23:10:21.918673+00:00,,,,,,,,
2026-07-08T00:53:20.349785+00:00,spot_16,Spot 16,Empty,2026-07-07T21:15:20.312493+00:00,,,,,,,,
2026-07-08T00:53:20.349785+00:00,spot_17,Spot 17,Empty,2026-07-07T16:50:19.879437+00:00,,,,,,,,
2026-07-08T00:54:19.914220+00:00,spot_1,Spot 1,Empty,2026-07-07T22:04:20.920678+00:00,,,,,,,,
2026-07-08T00:54:19.914220+00:00,spot_2,Spot 2,Empty,2026-07-07T21:10:22.475363+00:00,,,,,,,,
2026-07-08T00:54:19.914220+00:00,spot_3,Spot 3,Empty,2026-07-07T23:49:18.511171+00:00,,,,,,,,
2026-07-08T00:54:19.914220+00:00,spot_4,Spot 4,Empty,2026-07-07T22:26:19.721152+00:00,,,,,,,,
2026-07-08T00:54:19.914220+00:00,spot_5,Spot 5,Empty,2026-07-08T00:20:19.809959+00:00,,,,,,,,
2026-07-08T00:54:19.914220+00:00,spot_6,Spot 6,Empty,2026-07-07T23:35:19.050090+00:00,,,,,,,,
2026-07-08T00:54:19.914220+00:00,spot_7,Spot 7,Occupied,2026-07-08T00:29:28.695451+00:00,1,car,0.8163097500801086,1488,241.40328979492188,327.80938720703125,312.6246032714844,363.66229248046875
2026-07-08T00:54:19.914220+00:00,spot_8,Spot 8,Occupied,2026-07-08T00:37:19.242582+00:00,2,truck,0.7215009927749634,1021,161.53927612304688,312.0316467285156,241.28741455078125,358.7262268066406
2026-07-08T00:54:19.914220+00:00,spot_9,Spot 9,Empty,2026-07-07T23:26:18.854339+00:00,,,,,,,,
2026-07-08T00:54:19.914220+00:00,spot_10,Spot 10,Empty,2026-07-07T21:58:26.831614+00:00,,,,,,,,
2026-07-08T00:54:19.914220+00:00,spot_11,Spot 11,Empty,2026-07-07T22:01:20.711562+00:00,,,,,,,,
2026-07-08T00:54:19.914220+00:00,spot_12,Spot 12,Empty,2026-07-07T21:38:25.635528+00:00,,,,,,,,
2026-07-08T00:54:19.914220+00:00,spot_13,Spot 13,Empty,2026-07-07T22:01:20.711562+00:00,,,,,,,,
2026-07-08T00:54:19.914220+00:00,spot_14,Spot 14,Empty,2026-07-07T21:51:20.011139+00:00,,,,,,,,
2026-07-08T00:54:19.914220+00:00,spot_15,Spot 15,Empty,2026-07-07T23:10:21.918673+00:00,,,,,,,,
2026-07-08T00:54:19.914220+00:00,spot_16,Spot 16,Empty,2026-07-07T21:15:20.312493+00:00,,,,,,,,
2026-07-08T00:54:19.914220+00:00,spot_17,Spot 17,Empty,2026-07-07T16:50:19.879437+00:00,,,,,,,,
2026-07-08T00:55:19.329791+00:00,spot_1,Spot 1,Empty,2026-07-07T22:04:20.920678+00:00,,,,,,,,
2026-07-08T00:55:19.329791+00:00,spot_2,Spot 2,Empty,2026-07-07T21:10:22.475363+00:00,,,,,,,,
2026-07-08T00:55:19.329791+00:00,spot_3,Spot 3,Empty,2026-07-07T23:49:18.511171+00:00,,,,,,,,
2026-07-08T00:55:19.329791+00:00,spot_4,Spot 4,Empty,2026-07-07T22:26:19.721152+00:00,,,,,,,,
2026-07-08T00:55:19.329791+00:00,spot_5,Spot 5,Empty,2026-07-08T00:20:19.809959+00:00,,,,,,,,
2026-07-08T00:55:19.329791+00:00,spot_6,Spot 6,Empty,2026-07-07T23:35:19.050090+00:00,,,,,,,,
2026-07-08T00:55:19.329791+00:00,spot_7,Spot 7,Occupied,2026-07-08T00:29:28.695451+00:00,1,car,0.7943516373634338,1546,240.28367614746094,327.77349853515625,312.542724609375,364.07281494140625
2026-07-08T00:55:19.329791+00:00,spot_8,Spot 8,Occupied,2026-07-08T00:37:19.242582+00:00,2,truck,0.7881492376327515,1079,161.36166381835938,311.62841796875,241.08981323242188,358.732177734375
2026-07-08T00:55:19.329791+00:00,spot_9,Spot 9,Empty,2026-07-07T23:26:18.854339+00:00,,,,,,,,
2026-07-08T00:55:19.329791+00:00,spot_10,Spot 10,Empty,2026-07-07T21:58:26.831614+00:00,,,,,,,,
2026-07-08T00:55:19.329791+00:00,spot_11,Spot 11,Empty,2026-07-07T22:01:20.711562+00:00,,,,,,,,
2026-07-08T00:55:19.329791+00:00,spot_12,Spot 12,Empty,2026-07-07T21:38:25.635528+00:00,,,,,,,,
2026-07-08T00:55:19.329791+00:00,spot_13,Spot 13,Empty,2026-07-07T22:01:20.711562+00:00,,,,,,,,
2026-07-08T00:55:19.329791+00:00,spot_14,Spot 14,Empty,2026-07-07T21:51:20.011139+00:00,,,,,,,,
2026-07-08T00:55:19.329791+00:00,spot_15,Spot 15,Empty,2026-07-07T23:10:21.918673+00:00,,,,,,,,
2026-07-08T00:55:19.329791+00:00,spot_16,Spot 16,Empty,2026-07-07T21:15:20.312493+00:00,,,,,,,,
2026-07-08T00:55:19.329791+00:00,spot_17,Spot 17,Empty,2026-07-07T16:50:19.879437+00:00,,,,,,,,
2026-07-08T00:56:19.043227+00:00,spot_1,Spot 1,Empty,2026-07-07T22:04:20.920678+00:00,,,,,,,,
2026-07-08T00:56:19.043227+00:00,spot_2,Spot 2,Empty,2026-07-07T21:10:22.475363+00:00,,,,,,,,
2026-07-08T00:56:19.043227+00:00,spot_3,Spot 3,Empty,2026-07-07T23:49:18.511171+00:00,,,,,,,,
2026-07-08T00:56:19.043227+00:00,spot_4,Spot 4,Empty,2026-07-07T22:26:19.721152+00:00,,,,,,,,
2026-07-08T00:56:19.043227+00:00,spot_5,Spot 5,Empty,2026-07-08T00:20:19.809959+00:00,,,,,,,,
2026-07-08T00:56:19.043227+00:00,spot_6,Spot 6,Empty,2026-07-07T23:35:19.050090+00:00,,,,,,,,
2026-07-08T00:56:19.043227+00:00,spot_7,Spot 7,Occupied,2026-07-08T00:29:28.695451+00:00,1,car,0.7674821019172668,1607,243.16773986816406,327.70367431640625,312.45654296875,363.72442626953125
2026-07-08T00:56:19.043227+00:00,spot_8,Spot 8,Occupied,2026-07-08T00:37:19.242582+00:00,2,truck,0.8176085948944092,1140,160.91705322265625,311.91070556640625,240.83889770507812,358.81866455078125
2026-07-08T00:56:19.043227+00:00,spot_9,Spot 9,Empty,2026-07-07T23:26:18.854339+00:00,,,,,,,,
2026-07-08T00:56:19.043227+00:00,spot_10,Spot 10,Empty,2026-07-07T21:58:26.831614+00:00,,,,,,,,
2026-07-08T00:56:19.043227+00:00,spot_11,Spot 11,Empty,2026-07-07T22:01:20.711562+00:00,,,,,,,,
2026-07-08T00:56:19.043227+00:00,spot_12,Spot 12,Empty,2026-07-07T21:38:25.635528+00:00,,,,,,,,
2026-07-08T00:56:19.043227+00:00,spot_13,Spot 13,Empty,2026-07-07T22:01:20.711562+00:00,,,,,,,,
2026-07-08T00:56:19.043227+00:00,spot_14,Spot 14,Empty,2026-07-07T21:51:20.011139+00:00,,,,,,,,
2026-07-08T00:56:19.043227+00:00,spot_15,Spot 15,Empty,2026-07-07T23:10:21.918673+00:00,,,,,,,,
2026-07-08T00:56:19.043227+00:00,spot_16,Spot 16,Empty,2026-07-07T21:15:20.312493+00:00,,,,,,,,
2026-07-08T00:56:19.043227+00:00,spot_17,Spot 17,Empty,2026-07-07T16:50:19.879437+00:00,,,,,,,,
2026-07-08T00:57:18.398074+00:00,spot_1,Spot 1,Empty,2026-07-07T22:04:20.920678+00:00,,,,,,,,
2026-07-08T00:57:18.398074+00:00,spot_2,Spot 2,Empty,2026-07-07T21:10:22.475363+00:00,,,,,,,,
2026-07-08T00:57:18.398074+00:00,spot_3,Spot 3,Empty,2026-07-07T23:49:18.511171+00:00,,,,,,,,
2026-07-08T00:57:18.398074+00:00,spot_4,Spot 4,Empty,2026-07-07T22:26:19.721152+00:00,,,,,,,,
2026-07-08T00:57:18.398074+00:00,spot_5,Spot 5,Empty,2026-07-08T00:20:19.809959+00:00,,,,,,,,
2026-07-08T00:57:18.398074+00:00,spot_6,Spot 6,Empty,2026-07-07T23:35:19.050090+00:00,,,,,,,,
2026-07-08T00:57:18.398074+00:00,spot_7,Spot 7,Occupied,2026-07-08T00:29:28.695451+00:00,1,car,0.7834537029266357,1665,241.1468505859375,327.80328369140625,312.41998291015625,363.45574951171875
2026-07-08T00:57:18.398074+00:00,spot_8,Spot 8,Occupied,2026-07-08T00:37:19.242582+00:00,2,truck,0.700320303440094,1198,161.448486328125,311.67352294921875,241.0084228515625,358.14520263671875
2026-07-08T00:57:18.398074+00:00,spot_9,Spot 9,Empty,2026-07-07T23:26:18.854339+00:00,,,,,,,,
2026-07-08T00:57:18.398074+00:00,spot_10,Spot 10,Empty,2026-07-07T21:58:26.831614+00:00,,,,,,,,
2026-07-08T00:57:18.398074+00:00,spot_11,Spot 11,Empty,2026-07-07T22:01:20.711562+00:00,,,,,,,,
2026-07-08T00:57:18.398074+00:00,spot_12,Spot 12,Empty,2026-07-07T21:38:25.635528+00:00,,,,,,,,
2026-07-08T00:57:18.398074+00:00,spot_13,Spot 13,Empty,2026-07-07T22:01:20.711562+00:00,,,,,,,,
2026-07-08T00:57:18.398074+00:00,spot_14,Spot 14,Empty,2026-07-07T21:51:20.011139+00:00,,,,,,,,
2026-07-08T00:57:18.398074+00:00,spot_15,Spot 15,Empty,2026-07-07T23:10:21.918673+00:00,,,,,,,,
2026-07-08T00:57:18.398074+00:00,spot_16,Spot 16,Empty,2026-07-07T21:15:20.312493+00:00,,,,,,,,
2026-07-08T00:57:18.398074+00:00,spot_17,Spot 17,Empty,2026-07-07T16:50:19.879437+00:00,,,,,,,,
2026-07-08T00:58:30.076828+00:00,spot_1,Spot 1,Empty,2026-07-07T22:04:20.920678+00:00,,,,,,,,
2026-07-08T00:58:30.076828+00:00,spot_2,Spot 2,Empty,2026-07-07T21:10:22.475363+00:00,,,,,,,,
2026-07-08T00:58:30.076828+00:00,spot_3,Spot 3,Empty,2026-07-07T23:49:18.511171+00:00,,,,,,,,
2026-07-08T00:58:30.076828+00:00,spot_4,Spot 4,Empty,2026-07-07T22:26:19.721152+00:00,,,,,,,,
2026-07-08T00:58:30.076828+00:00,spot_5,Spot 5,Empty,2026-07-08T00:20:19.809959+00:00,,,,,,,,
2026-07-08T00:58:30.076828+00:00,spot_6,Spot 6,Empty,2026-07-07T23:35:19.050090+00:00,,,,,,,,
2026-07-08T00:58:30.076828+00:00,spot_7,Spot 7,Occupied,2026-07-08T00:29:28.695451+00:00,1,car,0.7364028692245483,1739,241.08792114257812,327.89886474609375,312.4919128417969,363.8804931640625
2026-07-08T00:58:30.076828+00:00,spot_8,Spot 8,Occupied,2026-07-08T00:37:19.242582+00:00,2,truck,0.7230142951011658,1273,161.15408325195312,312.1312255859375,240.65121459960938,358.71112060546875
2026-07-08T00:58:30.076828+00:00,spot_9,Spot 9,Empty,2026-07-07T23:26:18.854339+00:00,,,,,,,,
2026-07-08T00:58:30.076828+00:00,spot_10,Spot 10,Empty,2026-07-07T21:58:26.831614+00:00,,,,,,,,
2026-07-08T00:58:30.076828+00:00,spot_11,Spot 11,Empty,2026-07-07T22:01:20.711562+00:00,,,,,,,,
2026-07-08T00:58:30.076828+00:00,spot_12,Spot 12,Empty,2026-07-07T21:38:25.635528+00:00,,,,,,,,
2026-07-08T00:58:30.076828+00:00,spot_13,Spot 13,Empty,2026-07-07T22:01:20.711562+00:00,,,,,,,,
2026-07-08T00:58:30.076828+00:00,spot_14,Spot 14,Empty,2026-07-07T21:51:20.011139+00:00,,,,,,,,
2026-07-08T00:58:30.076828+00:00,spot_15,Spot 15,Empty,2026-07-07T23:10:21.918673+00:00,,,,,,,,
2026-07-08T00:58:30.076828+00:00,spot_16,Spot 16,Empty,2026-07-07T21:15:20.312493+00:00,,,,,,,,
2026-07-08T00:58:30.076828+00:00,spot_17,Spot 17,Empty,2026-07-07T16:50:19.879437+00:00,,,,,,,,
2026-07-08T00:59:18.452803+00:00,spot_1,Spot 1,Empty,2026-07-07T22:04:20.920678+00:00,,,,,,,,
2026-07-08T00:59:18.452803+00:00,spot_2,Spot 2,Empty,2026-07-07T21:10:22.475363+00:00,,,,,,,,
2026-07-08T00:59:18.452803+00:00,spot_3,Spot 3,Empty,2026-07-07T23:49:18.511171+00:00,,,,,,,,
2026-07-08T00:59:18.452803+00:00,spot_4,Spot 4,Empty,2026-07-07T22:26:19.721152+00:00,,,,,,,,
2026-07-08T00:59:18.452803+00:00,spot_5,Spot 5,Empty,2026-07-08T00:20:19.809959+00:00,,,,,,,,
2026-07-08T00:59:18.452803+00:00,spot_6,Spot 6,Empty,2026-07-07T23:35:19.050090+00:00,,,,,,,,
2026-07-08T00:59:18.452803+00:00,spot_7,Spot 7,Occupied,2026-07-08T00:29:28.695451+00:00,1,car,0.7929616570472717,1785,242.68280029296875,327.9007263183594,312.41845703125,363.9395446777344
2026-07-08T00:59:18.452803+00:00,spot_8,Spot 8,Occupied,2026-07-08T00:37:19.242582+00:00,2,truck,0.7315582036972046,1318,161.70626831054688,311.98150634765625,241.08792114257812,358.50909423828125
2026-07-08T00:59:18.452803+00:00,spot_9,Spot 9,Empty,2026-07-07T23:26:18.854339+00:00,,,,,,,,
2026-07-08T00:59:18.452803+00:00,spot_10,Spot 10,Empty,2026-07-07T21:58:26.831614+00:00,,,,,,,,
2026-07-08T00:59:18.452803+00:00,spot_11,Spot 11,Empty,2026-07-07T22:01:20.711562+00:00,,,,,,,,
2026-07-08T00:59:18.452803+00:00,spot_12,Spot 12,Empty,2026-07-07T21:38:25.635528+00:00,,,,,,,,
2026-07-08T00:59:18.452803+00:00,spot_13,Spot 13,Empty,2026-07-07T22:01:20.711562+00:00,,,,,,,,
2026-07-08T00:59:18.452803+00:00,spot_14,Spot 14,Empty,2026-07-07T21:51:20.011139+00:00,,,,,,,,
2026-07-08T00:59:18.452803+00:00,spot_15,Spot 15,Empty,2026-07-07T23:10:21.918673+00:00,,,,,,,,
2026-07-08T00:59:18.452803+00:00,spot_16,Spot 16,Empty,2026-07-07T21:15:20.312493+00:00,,,,,,,,
2026-07-08T00:59:18.452803+00:00,spot_17,Spot 17,Empty,2026-07-07T16:50:19.879437+00:00,,,,,,,,
2026-07-08T01:00:27.003354+00:00,spot_1,Spot 1,Empty,2026-07-07T22:04:20.920678+00:00,,,,,,,,
2026-07-08T01:00:27.003354+00:00,spot_2,Spot 2,Empty,2026-07-07T21:10:22.475363+00:00,,,,,,,,
2026-07-08T01:00:27.003354+00:00,spot_3,Spot 3,Empty,2026-07-07T23:49:18.511171+00:00,,,,,,,,
2026-07-08T01:00:27.003354+00:00,spot_4,Spot 4,Empty,2026-07-07T22:26:19.721152+00:00,,,,,,,,
2026-07-08T01:00:27.003354+00:00,spot_5,Spot 5,Empty,2026-07-08T00:20:19.809959+00:00,,,,,,,,
2026-07-08T01:00:27.003354+00:00,spot_6,Spot 6,Empty,2026-07-07T23:35:19.050090+00:00,,,,,,,,
2026-07-08T01:00:27.003354+00:00,spot_7,Spot 7,Occupied,2026-07-08T00:29:28.695451+00:00,1,car,0.8036636114120483,1854,242.63906860351562,327.76837158203125,312.4671325683594,364.12542724609375
2026-07-08T01:00:27.003354+00:00,spot_8,Spot 8,Occupied,2026-07-08T00:37:19.242582+00:00,2,truck,0.7939236164093018,1388,161.4214324951172,312.3876647949219,240.9707794189453,358.7869567871094
2026-07-08T01:00:27.003354+00:00,spot_9,Spot 9,Empty,2026-07-07T23:26:18.854339+00:00,,,,,,,,
2026-07-08T01:00:27.003354+00:00,spot_10,Spot 10,Empty,2026-07-07T21:58:26.831614+00:00,,,,,,,,
2026-07-08T01:00:27.003354+00:00,spot_11,Spot 11,Empty,2026-07-07T22:01:20.711562+00:00,,,,,,,,
2026-07-08T01:00:27.003354+00:00,spot_12,Spot 12,Empty,2026-07-07T21:38:25.635528+00:00,,,,,,,,
2026-07-08T01:00:27.003354+00:00,spot_13,Spot 13,Empty,2026-07-07T22:01:20.711562+00:00,,,,,,,,
2026-07-08T01:00:27.003354+00:00,spot_14,Spot 14,Empty,2026-07-07T21:51:20.011139+00:00,,,,,,,,
2026-07-08T01:00:27.003354+00:00,spot_15,Spot 15,Empty,2026-07-07T23:10:21.918673+00:00,,,,,,,,
2026-07-08T01:00:27.003354+00:00,spot_16,Spot 16,Empty,2026-07-07T21:15:20.312493+00:00,,,,,,,,
2026-07-08T01:00:27.003354+00:00,spot_17,Spot 17,Empty,2026-07-07T16:50:19.879437+00:00,,,,,,,,
2026-07-08T01:01:20.006899+00:00,spot_1,Spot 1,Empty,2026-07-07T22:04:20.920678+00:00,,,,,,,,
2026-07-08T01:01:20.006899+00:00,spot_2,Spot 2,Empty,2026-07-07T21:10:22.475363+00:00,,,,,,,,
2026-07-08T01:01:20.006899+00:00,spot_3,Spot 3,Empty,2026-07-07T23:49:18.511171+00:00,,,,,,,,
2026-07-08T01:01:20.006899+00:00,spot_4,Spot 4,Empty,2026-07-07T22:26:19.721152+00:00,,,,,,,,
2026-07-08T01:01:20.006899+00:00,spot_5,Spot 5,Empty,2026-07-08T00:20:19.809959+00:00,,,,,,,,
2026-07-08T01:01:20.006899+00:00,spot_6,Spot 6,Empty,2026-07-07T23:35:19.050090+00:00,,,,,,,,
2026-07-08T01:01:20.006899+00:00,spot_7,Spot 7,Occupied,2026-07-08T00:29:28.695451+00:00,1,car,0.8427700996398926,1907,241.25367736816406,327.72235107421875,312.0126953125,364.17816162109375
2026-07-08T01:01:20.006899+00:00,spot_8,Spot 8,Occupied,2026-07-08T00:37:19.242582+00:00,2,truck,0.7854290008544922,1441,161.48892211914062,312.1441650390625,241.01101684570312,358.14288330078125
2026-07-08T01:01:20.006899+00:00,spot_9,Spot 9,Empty,2026-07-07T23:26:18.854339+00:00,,,,,,,,
2026-07-08T01:01:20.006899+00:00,spot_10,Spot 10,Empty,2026-07-07T21:58:26.831614+00:00,,,,,,,,
2026-07-08T01:01:20.006899+00:00,spot_11,Spot 11,Empty,2026-07-07T22:01:20.711562+00:00,,,,,,,,
2026-07-08T01:01:20.006899+00:00,spot_12,Spot 12,Empty,2026-07-07T21:38:25.635528+00:00,,,,,,,,
2026-07-08T01:01:20.006899+00:00,spot_13,Spot 13,Empty,2026-07-07T22:01:20.711562+00:00,,,,,,,,
2026-07-08T01:01:20.006899+00:00,spot_14,Spot 14,Empty,2026-07-07T21:51:20.011139+00:00,,,,,,,,
2026-07-08T01:01:20.006899+00:00,spot_15,Spot 15,Empty,2026-07-07T23:10:21.918673+00:00,,,,,,,,
2026-07-08T01:01:20.006899+00:00,spot_16,Spot 16,Empty,2026-07-07T21:15:20.312493+00:00,,,,,,,,
2026-07-08T01:01:20.006899+00:00,spot_17,Spot 17,Empty,2026-07-07T16:50:19.879437+00:00,,,,,,,,
2026-07-08T01:02:20.119150+00:00,spot_1,Spot 1,Empty,2026-07-07T22:04:20.920678+00:00,,,,,,,,
2026-07-08T01:02:20.119150+00:00,spot_2,Spot 2,Empty,2026-07-07T21:10:22.475363+00:00,,,,,,,,
2026-07-08T01:02:20.119150+00:00,spot_3,Spot 3,Empty,2026-07-07T23:49:18.511171+00:00,,,,,,,,
2026-07-08T01:02:20.119150+00:00,spot_4,Spot 4,Empty,2026-07-07T22:26:19.721152+00:00,,,,,,,,
2026-07-08T01:02:20.119150+00:00,spot_5,Spot 5,Empty,2026-07-08T00:20:19.809959+00:00,,,,,,,,
2026-07-08T01:02:20.119150+00:00,spot_6,Spot 6,Empty,2026-07-07T23:35:19.050090+00:00,,,,,,,,
2026-07-08T01:02:20.119150+00:00,spot_7,Spot 7,Occupied,2026-07-08T00:29:28.695451+00:00,1,car,0.8062945604324341,1969,242.3097381591797,327.7213134765625,312.13555908203125,364.07012939453125
2026-07-08T01:02:20.119150+00:00,spot_8,Spot 8,Occupied,2026-07-08T00:37:19.242582+00:00,2,truck,0.7925429940223694,1502,161.44485473632812,311.8270263671875,241.27374267578125,358.8172607421875
2026-07-08T01:02:20.119150+00:00,spot_9,Spot 9,Empty,2026-07-07T23:26:18.854339+00:00,,,,,,,,
2026-07-08T01:02:20.119150+00:00,spot_10,Spot 10,Empty,2026-07-07T21:58:26.831614+00:00,,,,,,,,
2026-07-08T01:02:20.119150+00:00,spot_11,Spot 11,Empty,2026-07-07T22:01:20.711562+00:00,,,,,,,,
2026-07-08T01:02:20.119150+00:00,spot_12,Spot 12,Empty,2026-07-07T21:38:25.635528+00:00,,,,,,,,
2026-07-08T01:02:20.119150+00:00,spot_13,Spot 13,Empty,2026-07-07T22:01:20.711562+00:00,,,,,,,,
2026-07-08T01:02:20.119150+00:00,spot_14,Spot 14,Empty,2026-07-07T21:51:20.011139+00:00,,,,,,,,
2026-07-08T01:02:20.119150+00:00,spot_15,Spot 15,Empty,2026-07-07T23:10:21.918673+00:00,,,,,,,,
2026-07-08T01:02:20.119150+00:00,spot_16,Spot 16,Empty,2026-07-07T21:15:20.312493+00:00,,,,,,,,
2026-07-08T01:02:20.119150+00:00,spot_17,Spot 17,Empty,2026-07-07T16:50:19.879437+00:00,,,,,,,,
2026-07-08T01:03:20.509735+00:00,spot_1,Spot 1,Empty,2026-07-07T22:04:20.920678+00:00,,,,,,,,
2026-07-08T01:03:20.509735+00:00,spot_2,Spot 2,Empty,2026-07-07T21:10:22.475363+00:00,,,,,,,,
2026-07-08T01:03:20.509735+00:00,spot_3,Spot 3,Empty,2026-07-07T23:49:18.511171+00:00,,,,,,,,
2026-07-08T01:03:20.509735+00:00,spot_4,Spot 4,Empty,2026-07-07T22:26:19.721152+00:00,,,,,,,,
2026-07-08T01:03:20.509735+00:00,spot_5,Spot 5,Empty,2026-07-08T00:20:19.809959+00:00,,,,,,,,
2026-07-08T01:03:20.509735+00:00,spot_6,Spot 6,Empty,2026-07-07T23:35:19.050090+00:00,,,,,,,,
2026-07-08T01:03:20.509735+00:00,spot_7,Spot 7,Occupied,2026-07-08T00:29:28.695451+00:00,1,car,0.6928273439407349,2027,243.2384490966797,327.5155334472656,312.23211669921875,364.2445983886719
2026-07-08T01:03:20.509735+00:00,spot_8,Spot 8,Occupied,2026-07-08T00:37:19.242582+00:00,2,truck,0.7812683582305908,1561,160.8017578125,311.8609619140625,241.1859130859375,359.34051513671875
2026-07-08T01:03:20.509735+00:00,spot_9,Spot 9,Empty,2026-07-07T23:26:18.854339+00:00,,,,,,,,
2026-07-08T01:03:20.509735+00:00,spot_10,Spot 10,Empty,2026-07-07T21:58:26.831614+00:00,,,,,,,,
2026-07-08T01:03:20.509735+00:00,spot_11,Spot 11,Empty,2026-07-07T22:01:20.711562+00:00,,,,,,,,
2026-07-08T01:03:20.509735+00:00,spot_12,Spot 12,Empty,2026-07-07T21:38:25.635528+00:00,,,,,,,,
2026-07-08T01:03:20.509735+00:00,spot_13,Spot 13,Empty,2026-07-07T22:01:20.711562+00:00,,,,,,,,
2026-07-08T01:03:20.509735+00:00,spot_14,Spot 14,Empty,2026-07-07T21:51:20.011139+00:00,,,,,,,,
2026-07-08T01:03:20.509735+00:00,spot_15,Spot 15,Empty,2026-07-07T23:10:21.918673+00:00,,,,,,,,
2026-07-08T01:03:20.509735+00:00,spot_16,Spot 16,Empty,2026-07-07T21:15:20.312493+00:00,,,,,,,,
2026-07-08T01:03:20.509735+00:00,spot_17,Spot 17,Empty,2026-07-07T16:50:19.879437+00:00,,,,,,,,
2026-07-08T01:04:31.634631+00:00,spot_1,Spot 1,Empty,2026-07-07T22:04:20.920678+00:00,,,,,,,,
2026-07-08T01:04:31.634631+00:00,spot_2,Spot 2,Empty,2026-07-07T21:10:22.475363+00:00,,,,,,,,
2026-07-08T01:04:31.634631+00:00,spot_3,Spot 3,Empty,2026-07-07T23:49:18.511171+00:00,,,,,,,,
2026-07-08T01:04:31.634631+00:00,spot_4,Spot 4,Empty,2026-07-07T22:26:19.721152+00:00,,,,,,,,
2026-07-08T01:04:31.634631+00:00,spot_5,Spot 5,Empty,2026-07-08T00:20:19.809959+00:00,,,,,,,,
2026-07-08T01:04:31.634631+00:00,spot_6,Spot 6,Empty,2026-07-07T23:35:19.050090+00:00,,,,,,,,
2026-07-08T01:04:31.634631+00:00,spot_7,Spot 7,Occupied,2026-07-08T00:29:28.695451+00:00,1,car,0.8023778200149536,2102,242.66458129882812,327.7607116699219,311.8955993652344,364.5490417480469
2026-07-08T01:04:31.634631+00:00,spot_8,Spot 8,Occupied,2026-07-08T00:37:19.242582+00:00,2,truck,0.7746323347091675,1635,161.16659545898438,312.2880859375,241.60537719726562,359.08062744140625
2026-07-08T01:04:31.634631+00:00,spot_9,Spot 9,Empty,2026-07-07T23:26:18.854339+00:00,,,,,,,,
2026-07-08T01:04:31.634631+00:00,spot_10,Spot 10,Empty,2026-07-07T21:58:26.831614+00:00,,,,,,,,
2026-07-08T01:04:31.634631+00:00,spot_11,Spot 11,Empty,2026-07-07T22:01:20.711562+00:00,,,,,,,,
2026-07-08T01:04:31.634631+00:00,spot_12,Spot 12,Empty,2026-07-07T21:38:25.635528+00:00,,,,,,,,
2026-07-08T01:04:31.634631+00:00,spot_13,Spot 13,Empty,2026-07-07T22:01:20.711562+00:00,,,,,,,,
2026-07-08T01:04:31.634631+00:00,spot_14,Spot 14,Empty,2026-07-07T21:51:20.011139+00:00,,,,,,,,
2026-07-08T01:04:31.634631+00:00,spot_15,Spot 15,Empty,2026-07-07T23:10:21.918673+00:00,,,,,,,,
2026-07-08T01:04:31.634631+00:00,spot_16,Spot 16,Empty,2026-07-07T21:15:20.312493+00:00,,,,,,,,
2026-07-08T01:04:31.634631+00:00,spot_17,Spot 17,Empty,2026-07-07T16:50:19.879437+00:00,,,,,,,,
2026-07-08T01:05:21.422625+00:00,spot_1,Spot 1,Empty,2026-07-07T22:04:20.920678+00:00,,,,,,,,
2026-07-08T01:05:21.422625+00:00,spot_2,Spot 2,Empty,2026-07-07T21:10:22.475363+00:00,,,,,,,,
2026-07-08T01:05:21.422625+00:00,spot_3,Spot 3,Empty,2026-07-07T23:49:18.511171+00:00,,,,,,,,
2026-07-08T01:05:21.422625+00:00,spot_4,Spot 4,Empty,2026-07-07T22:26:19.721152+00:00,,,,,,,,
2026-07-08T01:05:21.422625+00:00,spot_5,Spot 5,Occupied,2026-07-08T01:05:21.422625+00:00,3,car,0.35359299182891846,0,336.02850341796875,336.3495178222656,364.64031982421875,347.5552062988281
2026-07-08T01:05:21.422625+00:00,spot_6,Spot 6,Empty,2026-07-07T23:35:19.050090+00:00,,,,,,,,
2026-07-08T01:05:21.422625+00:00,spot_7,Spot 7,Occupied,2026-07-08T00:29:28.695451+00:00,1,car,0.7757666110992432,2148,242.93865966796875,327.69561767578125,312.081298828125,364.37249755859375
2026-07-08T01:05:21.422625+00:00,spot_8,Spot 8,Occupied,2026-07-08T00:37:19.242582+00:00,2,truck,0.773918092250824,1681,161.39401245117188,312.1566467285156,241.06759643554688,358.8495788574219
2026-07-08T01:05:21.422625+00:00,spot_9,Spot 9,Empty,2026-07-07T23:26:18.854339+00:00,,,,,,,,
2026-07-08T01:05:21.422625+00:00,spot_10,Spot 10,Empty,2026-07-07T21:58:26.831614+00:00,,,,,,,,
2026-07-08T01:05:21.422625+00:00,spot_11,Spot 11,Empty,2026-07-07T22:01:20.711562+00:00,,,,,,,,
2026-07-08T01:05:21.422625+00:00,spot_12,Spot 12,Empty,2026-07-07T21:38:25.635528+00:00,,,,,,,,
2026-07-08T01:05:21.422625+00:00,spot_13,Spot 13,Empty,2026-07-07T22:01:20.711562+00:00,,,,,,,,
2026-07-08T01:05:21.422625+00:00,spot_14,Spot 14,Empty,2026-07-07T21:51:20.011139+00:00,,,,,,,,
2026-07-08T01:05:21.422625+00:00,spot_15,Spot 15,Empty,2026-07-07T23:10:21.918673+00:00,,,,,,,,
2026-07-08T01:05:21.422625+00:00,spot_16,Spot 16,Empty,2026-07-07T21:15:20.312493+00:00,,,,,,,,
2026-07-08T01:05:21.422625+00:00,spot_17,Spot 17,Empty,2026-07-07T16:50:19.879437+00:00,,,,,,,,
2026-07-08T01:06:22.234093+00:00,spot_1,Spot 1,Empty,2026-07-07T22:04:20.920678+00:00,,,,,,,,
2026-07-08T01:06:22.234093+00:00,spot_2,Spot 2,Empty,2026-07-07T21:10:22.475363+00:00,,,,,,,,
2026-07-08T01:06:22.234093+00:00,spot_3,Spot 3,Empty,2026-07-07T23:49:18.511171+00:00,,,,,,,,
2026-07-08T01:06:22.234093+00:00,spot_4,Spot 4,Empty,2026-07-07T22:26:19.721152+00:00,,,,,,,,
2026-07-08T01:06:22.234093+00:00,spot_5,Spot 5,Empty,2026-07-08T01:06:22.234093+00:00,,,,,,,,
2026-07-08T01:06:22.234093+00:00,spot_6,Spot 6,Empty,2026-07-07T23:35:19.050090+00:00,,,,,,,,
2026-07-08T01:06:22.234093+00:00,spot_7,Spot 7,Occupied,2026-07-08T00:29:28.695451+00:00,1,car,0.8313466906547546,2210,242.50782775878906,327.8961181640625,311.9288330078125,363.41229248046875
2026-07-08T01:06:22.234093+00:00,spot_8,Spot 8,Occupied,2026-07-08T00:37:19.242582+00:00,2,truck,0.7253772616386414,1743,160.96127319335938,312.4649658203125,240.86685180664062,358.64599609375
2026-07-08T01:06:22.234093+00:00,spot_9,Spot 9,Empty,2026-07-07T23:26:18.854339+00:00,,,,,,,,
2026-07-08T01:06:22.234093+00:00,spot_10,Spot 10,Empty,2026-07-07T21:58:26.831614+00:00,,,,,,,,
2026-07-08T01:06:22.234093+00:00,spot_11,Spot 11,Empty,2026-07-07T22:01:20.711562+00:00,,,,,,,,
2026-07-08T01:06:22.234093+00:00,spot_12,Spot 12,Empty,2026-07-07T21:38:25.635528+00:00,,,,,,,,
2026-07-08T01:06:22.234093+00:00,spot_13,Spot 13,Empty,2026-07-07T22:01:20.711562+00:00,,,,,,,,
2026-07-08T01:06:22.234093+00:00,spot_14,Spot 14,Empty,2026-07-07T21:51:20.011139+00:00,,,,,,,,
2026-07-08T01:06:22.234093+00:00,spot_15,Spot 15,Empty,2026-07-07T23:10:21.918673+00:00,,,,,,,,
2026-07-08T01:06:22.234093+00:00,spot_16,Spot 16,Empty,2026-07-07T21:15:20.312493+00:00,,,,,,,,
2026-07-08T01:06:22.234093+00:00,spot_17,Spot 17,Empty,2026-07-07T16:50:19.879437+00:00,,,,,,,,
2026-07-08T01:07:21.660279+00:00,spot_1,Spot 1,Empty,2026-07-07T22:04:20.920678+00:00,,,,,,,,
2026-07-08T01:07:21.660279+00:00,spot_2,Spot 2,Empty,2026-07-07T21:10:22.475363+00:00,,,,,,,,
2026-07-08T01:07:21.660279+00:00,spot_3,Spot 3,Empty,2026-07-07T23:49:18.511171+00:00,,,,,,,,
2026-07-08T01:07:21.660279+00:00,spot_4,Spot 4,Empty,2026-07-07T22:26:19.721152+00:00,,,,,,,,
2026-07-08T01:07:21.660279+00:00,spot_5,Spot 5,Occupied,2026-07-08T01:07:21.660279+00:00,3,car,0.5159869194030762,120,336.399169921875,336.20001220703125,362.9578857421875,347.70245361328125
2026-07-08T01:07:21.660279+00:00,spot_6,Spot 6,Empty,2026-07-07T23:35:19.050090+00:00,,,,,,,,
2026-07-08T01:07:21.660279+00:00,spot_7,Spot 7,Occupied,2026-07-08T00:29:28.695451+00:00,1,car,0.8223167657852173,2268,240.58935546875,327.63720703125,312.7296142578125,364.2271728515625
2026-07-08T01:07:21.660279+00:00,spot_8,Spot 8,Occupied,2026-07-08T00:37:19.242582+00:00,2,truck,0.8150916695594788,1802,161.200439453125,312.5333251953125,241.33502197265625,359.7073974609375
2026-07-08T01:07:21.660279+00:00,spot_9,Spot 9,Empty,2026-07-07T23:26:18.854339+00:00,,,,,,,,
2026-07-08T01:07:21.660279+00:00,spot_10,Spot 10,Empty,2026-07-07T21:58:26.831614+00:00,,,,,,,,
2026-07-08T01:07:21.660279+00:00,spot_11,Spot 11,Empty,2026-07-07T22:01:20.711562+00:00,,,,,,,,
2026-07-08T01:07:21.660279+00:00,spot_12,Spot 12,Empty,2026-07-07T21:38:25.635528+00:00,,,,,,,,
2026-07-08T01:07:21.660279+00:00,spot_13,Spot 13,Empty,2026-07-07T22:01:20.711562+00:00,,,,,,,,
2026-07-08T01:07:21.660279+00:00,spot_14,Spot 14,Empty,2026-07-07T21:51:20.011139+00:00,,,,,,,,
2026-07-08T01:07:21.660279+00:00,spot_15,Spot 15,Empty,2026-07-07T23:10:21.918673+00:00,,,,,,,,
2026-07-08T01:07:21.660279+00:00,spot_16,Spot 16,Empty,2026-07-07T21:15:20.312493+00:00,,,,,,,,
2026-07-08T01:07:21.660279+00:00,spot_17,Spot 17,Empty,2026-07-07T16:50:19.879437+00:00,,,,,,,,
2026-07-08T01:08:19.288991+00:00,spot_1,Spot 1,Empty,2026-07-07T22:04:20.920678+00:00,,,,,,,,
2026-07-08T01:08:19.288991+00:00,spot_2,Spot 2,Empty,2026-07-07T21:10:22.475363+00:00,,,,,,,,
2026-07-08T01:08:19.288991+00:00,spot_3,Spot 3,Empty,2026-07-07T23:49:18.511171+00:00,,,,,,,,
2026-07-08T01:08:19.288991+00:00,spot_4,Spot 4,Empty,2026-07-07T22:26:19.721152+00:00,,,,,,,,
2026-07-08T01:08:19.288991+00:00,spot_5,Spot 5,Occupied,2026-07-08T01:07:21.660279+00:00,3,car,0.45212462544441223,179,337.469970703125,336.48956298828125,362.5850830078125,347.61248779296875
2026-07-08T01:08:19.288991+00:00,spot_6,Spot 6,Empty,2026-07-07T23:35:19.050090+00:00,,,,,,,,
2026-07-08T01:08:19.288991+00:00,spot_7,Spot 7,Occupied,2026-07-08T00:29:28.695451+00:00,1,car,0.7060443758964539,2327,241.60800170898438,327.8316650390625,312.2596130371094,364.2293701171875
2026-07-08T01:08:19.288991+00:00,spot_8,Spot 8,Empty,2026-07-08T01:08:19.288991+00:00,,,,,,,,
2026-07-08T01:08:19.288991+00:00,spot_9,Spot 9,Empty,2026-07-07T23:26:18.854339+00:00,,,,,,,,
2026-07-08T01:08:19.288991+00:00,spot_10,Spot 10,Empty,2026-07-07T21:58:26.831614+00:00,,,,,,,,
2026-07-08T01:08:19.288991+00:00,spot_11,Spot 11,Empty,2026-07-07T22:01:20.711562+00:00,,,,,,,,
2026-07-08T01:08:19.288991+00:00,spot_12,Spot 12,Empty,2026-07-07T21:38:25.635528+00:00,,,,,,,,
2026-07-08T01:08:19.288991+00:00,spot_13,Spot 13,Empty,2026-07-07T22:01:20.711562+00:00,,,,,,,,
2026-07-08T01:08:19.288991+00:00,spot_14,Spot 14,Empty,2026-07-07T21:51:20.011139+00:00,,,,,,,,
2026-07-08T01:08:19.288991+00:00,spot_15,Spot 15,Empty,2026-07-07T23:10:21.918673+00:00,,,,,,,,
2026-07-08T01:08:19.288991+00:00,spot_16,Spot 16,Empty,2026-07-07T21:15:20.312493+00:00,,,,,,,,
2026-07-08T01:08:19.288991+00:00,spot_17,Spot 17,Empty,2026-07-07T16:50:19.879437+00:00,,,,,,,,
2026-07-08T01:09:20.006135+00:00,spot_1,Spot 1,Empty,2026-07-07T22:04:20.920678+00:00,,,,,,,,
2026-07-08T01:09:20.006135+00:00,spot_2,Spot 2,Empty,2026-07-07T21:10:22.475363+00:00,,,,,,,,
2026-07-08T01:09:20.006135+00:00,spot_3,Spot 3,Empty,2026-07-07T23:49:18.511171+00:00,,,,,,,,
2026-07-08T01:09:20.006135+00:00,spot_4,Spot 4,Empty,2026-07-07T22:26:19.721152+00:00,,,,,,,,
2026-07-08T01:09:20.006135+00:00,spot_5,Spot 5,Empty,2026-07-08T01:09:20.006135+00:00,,,,,,,,
2026-07-08T01:09:20.006135+00:00,spot_6,Spot 6,Empty,2026-07-07T23:35:19.050090+00:00,,,,,,,,
2026-07-08T01:09:20.006135+00:00,spot_7,Spot 7,Occupied,2026-07-08T00:29:28.695451+00:00,1,car,0.8630892634391785,2387,242.9723358154297,327.8046875,311.55389404296875,364.4329833984375
2026-07-08T01:09:20.006135+00:00,spot_8,Spot 8,Empty,2026-07-08T01:08:19.288991+00:00,,,,,,,,
2026-07-08T01:09:20.006135+00:00,spot_9,Spot 9,Empty,2026-07-07T23:26:18.854339+00:00,,,,,,,,
2026-07-08T01:09:20.006135+00:00,spot_10,Spot 10,Empty,2026-07-07T21:58:26.831614+00:00,,,,,,,,
2026-07-08T01:09:20.006135+00:00,spot_11,Spot 11,Empty,2026-07-07T22:01:20.711562+00:00,,,,,,,,
2026-07-08T01:09:20.006135+00:00,spot_12,Spot 12,Empty,2026-07-07T21:38:25.635528+00:00,,,,,,,,
2026-07-08T01:09:20.006135+00:00,spot_13,Spot 13,Empty,2026-07-07T22:01:20.711562+00:00,,,,,,,,
2026-07-08T01:09:20.006135+00:00,spot_14,Spot 14,Empty,2026-07-07T21:51:20.011139+00:00,,,,,,,,
2026-07-08T01:09:20.006135+00:00,spot_15,Spot 15,Empty,2026-07-07T23:10:21.918673+00:00,,,,,,,,
2026-07-08T01:09:20.006135+00:00,spot_16,Spot 16,Empty,2026-07-07T21:15:20.312493+00:00,,,,,,,,
2026-07-08T01:09:20.006135+00:00,spot_17,Spot 17,Empty,2026-07-07T16:50:19.879437+00:00,,,,,,,,
2026-07-08T01:10:30.478198+00:00,spot_1,Spot 1,Empty,2026-07-07T22:04:20.920678+00:00,,,,,,,,
2026-07-08T01:10:30.478198+00:00,spot_2,Spot 2,Empty,2026-07-07T21:10:22.475363+00:00,,,,,,,,
2026-07-08T01:10:30.478198+00:00,spot_3,Spot 3,Empty,2026-07-07T23:49:18.511171+00:00,,,,,,,,
2026-07-08T01:10:30.478198+00:00,spot_4,Spot 4,Empty,2026-07-07T22:26:19.721152+00:00,,,,,,,,
2026-07-08T01:10:30.478198+00:00,spot_5,Spot 5,Empty,2026-07-08T01:09:20.006135+00:00,,,,,,,,
2026-07-08T01:10:30.478198+00:00,spot_6,Spot 6,Empty,2026-07-07T23:35:19.050090+00:00,,,,,,,,
2026-07-08T01:10:30.478198+00:00,spot_7,Spot 7,Occupied,2026-07-08T00:29:28.695451+00:00,1,car,0.8232552409172058,2459,242.8196563720703,327.5904235839844,312.15863037109375,364.2986145019531
2026-07-08T01:10:30.478198+00:00,spot_8,Spot 8,Empty,2026-07-08T01:08:19.288991+00:00,,,,,,,,
2026-07-08T01:10:30.478198+00:00,spot_9,Spot 9,Empty,2026-07-07T23:26:18.854339+00:00,,,,,,,,
2026-07-08T01:10:30.478198+00:00,spot_10,Spot 10,Empty,2026-07-07T21:58:26.831614+00:00,,,,,,,,
2026-07-08T01:10:30.478198+00:00,spot_11,Spot 11,Empty,2026-07-07T22:01:20.711562+00:00,,,,,,,,
2026-07-08T01:10:30.478198+00:00,spot_12,Spot 12,Empty,2026-07-07T21:38:25.635528+00:00,,,,,,,,
2026-07-08T01:10:30.478198+00:00,spot_13,Spot 13,Empty,2026-07-07T22:01:20.711562+00:00,,,,,,,,
2026-07-08T01:10:30.478198+00:00,spot_14,Spot 14,Empty,2026-07-07T21:51:20.011139+00:00,,,,,,,,
2026-07-08T01:10:30.478198+00:00,spot_15,Spot 15,Empty,2026-07-07T23:10:21.918673+00:00,,,,,,,,
2026-07-08T01:10:30.478198+00:00,spot_16,Spot 16,Empty,2026-07-07T21:15:20.312493+00:00,,,,,,,,
2026-07-08T01:10:30.478198+00:00,spot_17,Spot 17,Empty,2026-07-07T16:50:19.879437+00:00,,,,,,,,
2026-07-08T01:11:20.765338+00:00,spot_1,Spot 1,Empty,2026-07-07T22:04:20.920678+00:00,,,,,,,,
2026-07-08T01:11:20.765338+00:00,spot_2,Spot 2,Empty,2026-07-07T21:10:22.475363+00:00,,,,,,,,
2026-07-08T01:11:20.765338+00:00,spot_3,Spot 3,Empty,2026-07-07T23:49:18.511171+00:00,,,,,,,,
2026-07-08T01:11:20.765338+00:00,spot_4,Spot 4,Empty,2026-07-07T22:26:19.721152+00:00,,,,,,,,
2026-07-08T01:11:20.765338+00:00,spot_5,Spot 5,Empty,2026-07-08T01:09:20.006135+00:00,,,,,,,,
2026-07-08T01:11:20.765338+00:00,spot_6,Spot 6,Empty,2026-07-07T23:35:19.050090+00:00,,,,,,,,
2026-07-08T01:11:20.765338+00:00,spot_7,Spot 7,Occupied,2026-07-08T00:29:28.695451+00:00,1,car,0.8232552409172058,2507,242.8196563720703,327.5904235839844,312.15863037109375,364.2986145019531
2026-07-08T01:11:20.765338+00:00,spot_8,Spot 8,Empty,2026-07-08T01:08:19.288991+00:00,,,,,,,,
2026-07-08T01:11:20.765338+00:00,spot_9,Spot 9,Empty,2026-07-07T23:26:18.854339+00:00,,,,,,,,
2026-07-08T01:11:20.765338+00:00,spot_10,Spot 10,Empty,2026-07-07T21:58:26.831614+00:00,,,,,,,,
2026-07-08T01:11:20.765338+00:00,spot_11,Spot 11,Empty,2026-07-07T22:01:20.711562+00:00,,,,,,,,
2026-07-08T01:11:20.765338+00:00,spot_12,Spot 12,Empty,2026-07-07T21:38:25.635528+00:00,,,,,,,,
2026-07-08T01:11:20.765338+00:00,spot_13,Spot 13,Empty,2026-07-07T22:01:20.711562+00:00,,,,,,,,
2026-07-08T01:11:20.765338+00:00,spot_14,Spot 14,Empty,2026-07-07T21:51:20.011139+00:00,,,,,,,,
2026-07-08T01:11:20.765338+00:00,spot_15,Spot 15,Empty,2026-07-07T23:10:21.918673+00:00,,,,,,,,
2026-07-08T01:11:20.765338+00:00,spot_16,Spot 16,Empty,2026-07-07T21:15:20.312493+00:00,,,,,,,,
2026-07-08T01:11:20.765338+00:00,spot_17,Spot 17,Empty,2026-07-07T16:50:19.879437+00:00,,,,,,,,
2026-07-08T01:12:20.103563+00:00,spot_1,Spot 1,Empty,2026-07-07T22:04:20.920678+00:00,,,,,,,,
2026-07-08T01:12:20.103563+00:00,spot_2,Spot 2,Empty,2026-07-07T21:10:22.475363+00:00,,,,,,,,
2026-07-08T01:12:20.103563+00:00,spot_3,Spot 3,Empty,2026-07-07T23:49:18.511171+00:00,,,,,,,,
2026-07-08T01:12:20.103563+00:00,spot_4,Spot 4,Empty,2026-07-07T22:26:19.721152+00:00,,,,,,,,
2026-07-08T01:12:20.103563+00:00,spot_5,Spot 5,Empty,2026-07-08T01:09:20.006135+00:00,,,,,,,,
2026-07-08T01:12:20.103563+00:00,spot_6,Spot 6,Empty,2026-07-07T23:35:19.050090+00:00,,,,,,,,
2026-07-08T01:12:20.103563+00:00,spot_7,Spot 7,Occupied,2026-07-08T00:29:28.695451+00:00,1,car,0.8543551564216614,2568,242.3429718017578,327.7554931640625,311.80377197265625,364.21490478515625
2026-07-08T01:12:20.103563+00:00,spot_8,Spot 8,Empty,2026-07-08T01:08:19.288991+00:00,,,,,,,,
2026-07-08T01:12:20.103563+00:00,spot_9,Spot 9,Empty,2026-07-07T23:26:18.854339+00:00,,,,,,,,
2026-07-08T01:12:20.103563+00:00,spot_10,Spot 10,Empty,2026-07-07T21:58:26.831614+00:00,,,,,,,,
2026-07-08T01:12:20.103563+00:00,spot_11,Spot 11,Empty,2026-07-07T22:01:20.711562+00:00,,,,,,,,
2026-07-08T01:12:20.103563+00:00,spot_12,Spot 12,Empty,2026-07-07T21:38:25.635528+00:00,,,,,,,,
2026-07-08T01:12:20.103563+00:00,spot_13,Spot 13,Empty,2026-07-07T22:01:20.711562+00:00,,,,,,,,
2026-07-08T01:12:20.103563+00:00,spot_14,Spot 14,Empty,2026-07-07T21:51:20.011139+00:00,,,,,,,,
2026-07-08T01:12:20.103563+00:00,spot_15,Spot 15,Empty,2026-07-07T23:10:21.918673+00:00,,,,,,,,
2026-07-08T01:12:20.103563+00:00,spot_16,Spot 16,Empty,2026-07-07T21:15:20.312493+00:00,,,,,,,,
2026-07-08T01:12:20.103563+00:00,spot_17,Spot 17,Empty,2026-07-07T16:50:19.879437+00:00,,,,,,,,
2026-07-08T01:13:19.806360+00:00,spot_1,Spot 1,Empty,2026-07-07T22:04:20.920678+00:00,,,,,,,,
2026-07-08T01:13:19.806360+00:00,spot_2,Spot 2,Empty,2026-07-07T21:10:22.475363+00:00,,,,,,,,
2026-07-08T01:13:19.806360+00:00,spot_3,Spot 3,Empty,2026-07-07T23:49:18.511171+00:00,,,,,,,,
2026-07-08T01:13:19.806360+00:00,spot_4,Spot 4,Empty,2026-07-07T22:26:19.721152+00:00,,,,,,,,
2026-07-08T01:13:19.806360+00:00,spot_5,Spot 5,Empty,2026-07-08T01:09:20.006135+00:00,,,,,,,,
2026-07-08T01:13:19.806360+00:00,spot_6,Spot 6,Empty,2026-07-07T23:35:19.050090+00:00,,,,,,,,
2026-07-08T01:13:19.806360+00:00,spot_7,Spot 7,Occupied,2026-07-08T00:29:28.695451+00:00,1,car,0.7763811349868774,2626,242.28579711914062,327.84991455078125,312.2434997558594,364.92059326171875
2026-07-08T01:13:19.806360+00:00,spot_8,Spot 8,Empty,2026-07-08T01:08:19.288991+00:00,,,,,,,,
2026-07-08T01:13:19.806360+00:00,spot_9,Spot 9,Empty,2026-07-07T23:26:18.854339+00:00,,,,,,,,
2026-07-08T01:13:19.806360+00:00,spot_10,Spot 10,Empty,2026-07-07T21:58:26.831614+00:00,,,,,,,,
2026-07-08T01:13:19.806360+00:00,spot_11,Spot 11,Empty,2026-07-07T22:01:20.711562+00:00,,,,,,,,
2026-07-08T01:13:19.806360+00:00,spot_12,Spot 12,Empty,2026-07-07T21:38:25.635528+00:00,,,,,,,,
2026-07-08T01:13:19.806360+00:00,spot_13,Spot 13,Empty,2026-07-07T22:01:20.711562+00:00,,,,,,,,
2026-07-08T01:13:19.806360+00:00,spot_14,Spot 14,Empty,2026-07-07T21:51:20.011139+00:00,,,,,,,,
2026-07-08T01:13:19.806360+00:00,spot_15,Spot 15,Empty,2026-07-07T23:10:21.918673+00:00,,,,,,,,
2026-07-08T01:13:19.806360+00:00,spot_16,Spot 16,Empty,2026-07-07T21:15:20.312493+00:00,,,,,,,,
2026-07-08T01:13:19.806360+00:00,spot_17,Spot 17,Empty,2026-07-07T16:50:19.879437+00:00,,,,,,,,
2026-07-08T01:14:20.146127+00:00,spot_1,Spot 1,Empty,2026-07-07T22:04:20.920678+00:00,,,,,,,,
2026-07-08T01:14:20.146127+00:00,spot_2,Spot 2,Empty,2026-07-07T21:10:22.475363+00:00,,,,,,,,
2026-07-08T01:14:20.146127+00:00,spot_3,Spot 3,Empty,2026-07-07T23:49:18.511171+00:00,,,,,,,,
2026-07-08T01:14:20.146127+00:00,spot_4,Spot 4,Empty,2026-07-07T22:26:19.721152+00:00,,,,,,,,
2026-07-08T01:14:20.146127+00:00,spot_5,Spot 5,Occupied,2026-07-08T01:14:20.146127+00:00,5,car,0.5593149662017822,0,337.2232971191406,336.40283203125,363.4314270019531,347.46563720703125
2026-07-08T01:14:20.146127+00:00,spot_6,Spot 6,Empty,2026-07-07T23:35:19.050090+00:00,,,,,,,,
2026-07-08T01:14:20.146127+00:00,spot_7,Spot 7,Occupied,2026-07-08T00:29:28.695451+00:00,1,car,0.7240099310874939,2688,241.79774475097656,327.8018493652344,312.233154296875,363.8286437988281
2026-07-08T01:14:20.146127+00:00,spot_8,Spot 8,Empty,2026-07-08T01:08:19.288991+00:00,,,,,,,,
2026-07-08T01:14:20.146127+00:00,spot_9,Spot 9,Empty,2026-07-07T23:26:18.854339+00:00,,,,,,,,
2026-07-08T01:14:20.146127+00:00,spot_10,Spot 10,Empty,2026-07-07T21:58:26.831614+00:00,,,,,,,,
2026-07-08T01:14:20.146127+00:00,spot_11,Spot 11,Empty,2026-07-07T22:01:20.711562+00:00,,,,,,,,
2026-07-08T01:14:20.146127+00:00,spot_12,Spot 12,Empty,2026-07-07T21:38:25.635528+00:00,,,,,,,,
2026-07-08T01:14:20.146127+00:00,spot_13,Spot 13,Empty,2026-07-07T22:01:20.711562+00:00,,,,,,,,
2026-07-08T01:14:20.146127+00:00,spot_14,Spot 14,Empty,2026-07-07T21:51:20.011139+00:00,,,,,,,,
2026-07-08T01:14:20.146127+00:00,spot_15,Spot 15,Empty,2026-07-07T23:10:21.918673+00:00,,,,,,,,
2026-07-08T01:14:20.146127+00:00,spot_16,Spot 16,Occupied,2026-07-08T01:14:20.146127+00:00,4,car,0.8209509253501892,0,11.795276641845703,312.878662109375,48.812950134277344,333.14593505859375
2026-07-08T01:14:20.146127+00:00,spot_17,Spot 17,Empty,2026-07-07T16:50:19.879437+00:00,,,,,,,,
2026-07-08T01:15:20.940286+00:00,spot_1,Spot 1,Empty,2026-07-07T22:04:20.920678+00:00,,,,,,,,
2026-07-08T01:15:20.940286+00:00,spot_2,Spot 2,Empty,2026-07-07T21:10:22.475363+00:00,,,,,,,,
2026-07-08T01:15:20.940286+00:00,spot_3,Spot 3,Empty,2026-07-07T23:49:18.511171+00:00,,,,,,,,
2026-07-08T01:15:20.940286+00:00,spot_4,Spot 4,Empty,2026-07-07T22:26:19.721152+00:00,,,,,,,,
2026-07-08T01:15:20.940286+00:00,spot_5,Spot 5,Empty,2026-07-08T01:15:20.940286+00:00,,,,,,,,
2026-07-08T01:15:20.940286+00:00,spot_6,Spot 6,Empty,2026-07-07T23:35:19.050090+00:00,,,,,,,,
2026-07-08T01:15:20.940286+00:00,spot_7,Spot 7,Empty,2026-07-08T01:15:20.940286+00:00,,,,,,,,
2026-07-08T01:15:20.940286+00:00,spot_8,Spot 8,Empty,2026-07-08T01:08:19.288991+00:00,,,,,,,,
2026-07-08T01:15:20.940286+00:00,spot_9,Spot 9,Empty,2026-07-07T23:26:18.854339+00:00,,,,,,,,
2026-07-08T01:15:20.940286+00:00,spot_10,Spot 10,Empty,2026-07-07T21:58:26.831614+00:00,,,,,,,,
2026-07-08T01:15:20.940286+00:00,spot_11,Spot 11,Empty,2026-07-07T22:01:20.711562+00:00,,,,,,,,
2026-07-08T01:15:20.940286+00:00,spot_12,Spot 12,Empty,2026-07-07T21:38:25.635528+00:00,,,,,,,,
2026-07-08T01:15:20.940286+00:00,spot_13,Spot 13,Empty,2026-07-07T22:01:20.711562+00:00,,,,,,,,
2026-07-08T01:15:20.940286+00:00,spot_14,Spot 14,Empty,2026-07-07T21:51:20.011139+00:00,,,,,,,,
2026-07-08T01:15:20.940286+00:00,spot_15,Spot 15,Empty,2026-07-07T23:10:21.918673+00:00,,,,,,,,
2026-07-08T01:15:20.940286+00:00,spot_16,Spot 16,Occupied,2026-07-08T01:14:20.146127+00:00,4,car,0.7117084860801697,58,11.875263214111328,312.82684326171875,48.76139831542969,333.00933837890625
2026-07-08T01:15:20.940286+00:00,spot_17,Spot 17,Empty,2026-07-07T16:50:19.879437+00:00,,,,,,,,
2026-07-08T01:16:31.214234+00:00,spot_1,Spot 1,Empty,2026-07-07T22:04:20.920678+00:00,,,,,,,,
2026-07-08T01:16:31.214234+00:00,spot_2,Spot 2,Empty,2026-07-07T21:10:22.475363+00:00,,,,,,,,
2026-07-08T01:16:31.214234+00:00,spot_3,Spot 3,Empty,2026-07-07T23:49:18.511171+00:00,,,,,,,,
2026-07-08T01:16:31.214234+00:00,spot_4,Spot 4,Empty,2026-07-07T22:26:19.721152+00:00,,,,,,,,
2026-07-08T01:16:31.214234+00:00,spot_5,Spot 5,Empty,2026-07-08T01:15:20.940286+00:00,,,,,,,,
2026-07-08T01:16:31.214234+00:00,spot_6,Spot 6,Empty,2026-07-07T23:35:19.050090+00:00,,,,,,,,
2026-07-08T01:16:31.214234+00:00,spot_7,Spot 7,Empty,2026-07-08T01:15:20.940286+00:00,,,,,,,,
2026-07-08T01:16:31.214234+00:00,spot_8,Spot 8,Empty,2026-07-08T01:08:19.288991+00:00,,,,,,,,
2026-07-08T01:16:31.214234+00:00,spot_9,Spot 9,Empty,2026-07-07T23:26:18.854339+00:00,,,,,,,,
2026-07-08T01:16:31.214234+00:00,spot_10,Spot 10,Empty,2026-07-07T21:58:26.831614+00:00,,,,,,,,
2026-07-08T01:16:31.214234+00:00,spot_11,Spot 11,Empty,2026-07-07T22:01:20.711562+00:00,,,,,,,,
2026-07-08T01:16:31.214234+00:00,spot_12,Spot 12,Empty,2026-07-07T21:38:25.635528+00:00,,,,,,,,
2026-07-08T01:16:31.214234+00:00,spot_13,Spot 13,Empty,2026-07-07T22:01:20.711562+00:00,,,,,,,,
2026-07-08T01:16:31.214234+00:00,spot_14,Spot 14,Empty,2026-07-07T21:51:20.011139+00:00,,,,,,,,
2026-07-08T01:16:31.214234+00:00,spot_15,Spot 15,Empty,2026-07-07T23:10:21.918673+00:00,,,,,,,,
2026-07-08T01:16:31.214234+00:00,spot_16,Spot 16,Occupied,2026-07-08T01:14:20.146127+00:00,4,car,0.7623236775398254,132,11.90395736694336,312.87542724609375,48.36884307861328,332.91754150390625
2026-07-08T01:16:31.214234+00:00,spot_17,Spot 17,Empty,2026-07-07T16:50:19.879437+00:00,,,,,,,,
2026-07-08T01:17:19.827305+00:00,spot_1,Spot 1,Empty,2026-07-07T22:04:20.920678+00:00,,,,,,,,
2026-07-08T01:17:19.827305+00:00,spot_2,Spot 2,Empty,2026-07-07T21:10:22.475363+00:00,,,,,,,,
2026-07-08T01:17:19.827305+00:00,spot_3,Spot 3,Empty,2026-07-07T23:49:18.511171+00:00,,,,,,,,
2026-07-08T01:17:19.827305+00:00,spot_4,Spot 4,Empty,2026-07-07T22:26:19.721152+00:00,,,,,,,,
2026-07-08T01:17:19.827305+00:00,spot_5,Spot 5,Empty,2026-07-08T01:15:20.940286+00:00,,,,,,,,
2026-07-08T01:17:19.827305+00:00,spot_6,Spot 6,Empty,2026-07-07T23:35:19.050090+00:00,,,,,,,,
2026-07-08T01:17:19.827305+00:00,spot_7,Spot 7,Empty,2026-07-08T01:15:20.940286+00:00,,,,,,,,
2026-07-08T01:17:19.827305+00:00,spot_8,Spot 8,Empty,2026-07-08T01:08:19.288991+00:00,,,,,,,,
2026-07-08T01:17:19.827305+00:00,spot_9,Spot 9,Empty,2026-07-07T23:26:18.854339+00:00,,,,,,,,
2026-07-08T01:17:19.827305+00:00,spot_10,Spot 10,Empty,2026-07-07T21:58:26.831614+00:00,,,,,,,,
2026-07-08T01:17:19.827305+00:00,spot_11,Spot 11,Empty,2026-07-07T22:01:20.711562+00:00,,,,,,,,
2026-07-08T01:17:19.827305+00:00,spot_12,Spot 12,Empty,2026-07-07T21:38:25.635528+00:00,,,,,,,,
2026-07-08T01:17:19.827305+00:00,spot_13,Spot 13,Empty,2026-07-07T22:01:20.711562+00:00,,,,,,,,
2026-07-08T01:17:19.827305+00:00,spot_14,Spot 14,Empty,2026-07-07T21:51:20.011139+00:00,,,,,,,,
2026-07-08T01:17:19.827305+00:00,spot_15,Spot 15,Empty,2026-07-07T23:10:21.918673+00:00,,,,,,,,
2026-07-08T01:17:19.827305+00:00,spot_16,Spot 16,Occupied,2026-07-08T01:14:20.146127+00:00,4,car,0.7180516123771667,178,12.009166717529297,312.90386962890625,48.759498596191406,332.81390380859375
2026-07-08T01:17:19.827305+00:00,spot_17,Spot 17,Empty,2026-07-07T16:50:19.879437+00:00,,,,,,,,
2026-07-08T01:18:18.701699+00:00,spot_1,Spot 1,Empty,2026-07-07T22:04:20.920678+00:00,,,,,,,,
2026-07-08T01:18:18.701699+00:00,spot_2,Spot 2,Empty,2026-07-07T21:10:22.475363+00:00,,,,,,,,
2026-07-08T01:18:18.701699+00:00,spot_3,Spot 3,Empty,2026-07-07T23:49:18.511171+00:00,,,,,,,,
2026-07-08T01:18:18.701699+00:00,spot_4,Spot 4,Empty,2026-07-07T22:26:19.721152+00:00,,,,,,,,
2026-07-08T01:18:18.701699+00:00,spot_5,Spot 5,Occupied,2026-07-08T01:18:18.701699+00:00,6,car,0.4632512331008911,0,336.0911865234375,336.99127197265625,363.1573486328125,347.71783447265625
2026-07-08T01:18:18.701699+00:00,spot_6,Spot 6,Empty,2026-07-07T23:35:19.050090+00:00,,,,,,,,
2026-07-08T01:18:18.701699+00:00,spot_7,Spot 7,Empty,2026-07-08T01:15:20.940286+00:00,,,,,,,,
2026-07-08T01:18:18.701699+00:00,spot_8,Spot 8,Empty,2026-07-08T01:08:19.288991+00:00,,,,,,,,
2026-07-08T01:18:18.701699+00:00,spot_9,Spot 9,Empty,2026-07-07T23:26:18.854339+00:00,,,,,,,,
2026-07-08T01:18:18.701699+00:00,spot_10,Spot 10,Empty,2026-07-07T21:58:26.831614+00:00,,,,,,,,
2026-07-08T01:18:18.701699+00:00,spot_11,Spot 11,Empty,2026-07-07T22:01:20.711562+00:00,,,,,,,,
2026-07-08T01:18:18.701699+00:00,spot_12,Spot 12,Empty,2026-07-07T21:38:25.635528+00:00,,,,,,,,
2026-07-08T01:18:18.701699+00:00,spot_13,Spot 13,Empty,2026-07-07T22:01:20.711562+00:00,,,,,,,,
2026-07-08T01:18:18.701699+00:00,spot_14,Spot 14,Empty,2026-07-07T21:51:20.011139+00:00,,,,,,,,
2026-07-08T01:18:18.701699+00:00,spot_15,Spot 15,Empty,2026-07-07T23:10:21.918673+00:00,,,,,,,,
2026-07-08T01:18:18.701699+00:00,spot_16,Spot 16,Occupied,2026-07-08T01:14:20.146127+00:00,4,car,0.8121300339698792,239,11.872718811035156,312.81060791015625,48.71090316772461,332.71282958984375
2026-07-08T01:18:18.701699+00:00,spot_17,Spot 17,Empty,2026-07-07T16:50:19.879437+00:00,,,,,,,,
2026-07-08T01:19:18.912250+00:00,spot_1,Spot 1,Empty,2026-07-07T22:04:20.920678+00:00,,,,,,,,
2026-07-08T01:19:18.912250+00:00,spot_2,Spot 2,Empty,2026-07-07T21:10:22.475363+00:00,,,,,,,,
2026-07-08T01:19:18.912250+00:00,spot_3,Spot 3,Empty,2026-07-07T23:49:18.511171+00:00,,,,,,,,
2026-07-08T01:19:18.912250+00:00,spot_4,Spot 4,Empty,2026-07-07T22:26:19.721152+00:00,,,,,,,,
2026-07-08T01:19:18.912250+00:00,spot_5,Spot 5,Empty,2026-07-08T01:19:18.912250+00:00,,,,,,,,
2026-07-08T01:19:18.912250+00:00,spot_6,Spot 6,Empty,2026-07-07T23:35:19.050090+00:00,,,,,,,,
2026-07-08T01:19:18.912250+00:00,spot_7,Spot 7,Empty,2026-07-08T01:15:20.940286+00:00,,,,,,,,
2026-07-08T01:19:18.912250+00:00,spot_8,Spot 8,Empty,2026-07-08T01:08:19.288991+00:00,,,,,,,,
2026-07-08T01:19:18.912250+00:00,spot_9,Spot 9,Empty,2026-07-07T23:26:18.854339+00:00,,,,,,,,
2026-07-08T01:19:18.912250+00:00,spot_10,Spot 10,Empty,2026-07-07T21:58:26.831614+00:00,,,,,,,,
2026-07-08T01:19:18.912250+00:00,spot_11,Spot 11,Empty,2026-07-07T22:01:20.711562+00:00,,,,,,,,
2026-07-08T01:19:18.912250+00:00,spot_12,Spot 12,Empty,2026-07-07T21:38:25.635528+00:00,,,,,,,,
2026-07-08T01:19:18.912250+00:00,spot_13,Spot 13,Empty,2026-07-07T22:01:20.711562+00:00,,,,,,,,
2026-07-08T01:19:18.912250+00:00,spot_14,Spot 14,Empty,2026-07-07T21:51:20.011139+00:00,,,,,,,,
2026-07-08T01:19:18.912250+00:00,spot_15,Spot 15,Empty,2026-07-07T23:10:21.918673+00:00,,,,,,,,
2026-07-08T01:19:18.912250+00:00,spot_16,Spot 16,Occupied,2026-07-08T01:14:20.146127+00:00,4,car,0.727125883102417,297,11.58795166015625,312.6864013671875,48.275917053222656,331.529541015625
2026-07-08T01:19:18.912250+00:00,spot_17,Spot 17,Empty,2026-07-07T16:50:19.879437+00:00,,,,,,,,
2026-07-08T01:20:29.206680+00:00,spot_1,Spot 1,Empty,2026-07-07T22:04:20.920678+00:00,,,,,,,,
2026-07-08T01:20:29.206680+00:00,spot_2,Spot 2,Empty,2026-07-07T21:10:22.475363+00:00,,,,,,,,
2026-07-08T01:20:29.206680+00:00,spot_3,Spot 3,Empty,2026-07-07T23:49:18.511171+00:00,,,,,,,,
2026-07-08T01:20:29.206680+00:00,spot_4,Spot 4,Empty,2026-07-07T22:26:19.721152+00:00,,,,,,,,
2026-07-08T01:20:29.206680+00:00,spot_5,Spot 5,Empty,2026-07-08T01:19:18.912250+00:00,,,,,,,,
2026-07-08T01:20:29.206680+00:00,spot_6,Spot 6,Empty,2026-07-07T23:35:19.050090+00:00,,,,,,,,
2026-07-08T01:20:29.206680+00:00,spot_7,Spot 7,Empty,2026-07-08T01:15:20.940286+00:00,,,,,,,,
2026-07-08T01:20:29.206680+00:00,spot_8,Spot 8,Empty,2026-07-08T01:08:19.288991+00:00,,,,,,,,
2026-07-08T01:20:29.206680+00:00,spot_9,Spot 9,Empty,2026-07-07T23:26:18.854339+00:00,,,,,,,,
2026-07-08T01:20:29.206680+00:00,spot_10,Spot 10,Empty,2026-07-07T21:58:26.831614+00:00,,,,,,,,
2026-07-08T01:20:29.206680+00:00,spot_11,Spot 11,Empty,2026-07-07T22:01:20.711562+00:00,,,,,,,,
2026-07-08T01:20:29.206680+00:00,spot_12,Spot 12,Empty,2026-07-07T21:38:25.635528+00:00,,,,,,,,
2026-07-08T01:20:29.206680+00:00,spot_13,Spot 13,Empty,2026-07-07T22:01:20.711562+00:00,,,,,,,,
2026-07-08T01:20:29.206680+00:00,spot_14,Spot 14,Empty,2026-07-07T21:51:20.011139+00:00,,,,,,,,
2026-07-08T01:20:29.206680+00:00,spot_15,Spot 15,Empty,2026-07-07T23:10:21.918673+00:00,,,,,,,,
2026-07-08T01:20:29.206680+00:00,spot_16,Spot 16,Occupied,2026-07-08T01:14:20.146127+00:00,4,car,0.7658782005310059,367,11.580493927001953,312.9219970703125,48.654212951660156,332.5694580078125
2026-07-08T01:20:29.206680+00:00,spot_17,Spot 17,Empty,2026-07-07T16:50:19.879437+00:00,,,,,,,,
2026-07-08T01:21:20.769931+00:00,spot_1,Spot 1,Empty,2026-07-07T22:04:20.920678+00:00,,,,,,,,
2026-07-08T01:21:20.769931+00:00,spot_2,Spot 2,Empty,2026-07-07T21:10:22.475363+00:00,,,,,,,,
2026-07-08T01:21:20.769931+00:00,spot_3,Spot 3,Empty,2026-07-07T23:49:18.511171+00:00,,,,,,,,
2026-07-08T01:21:20.769931+00:00,spot_4,Spot 4,Empty,2026-07-07T22:26:19.721152+00:00,,,,,,,,
2026-07-08T01:21:20.769931+00:00,spot_5,Spot 5,Occupied,2026-07-08T01:21:20.769931+00:00,7,car,0.5363804697990417,0,336.28387451171875,336.3609924316406,363.90069580078125,347.8367004394531
2026-07-08T01:21:20.769931+00:00,spot_6,Spot 6,Empty,2026-07-07T23:35:19.050090+00:00,,,,,,,,
2026-07-08T01:21:20.769931+00:00,spot_7,Spot 7,Empty,2026-07-08T01:15:20.940286+00:00,,,,,,,,
2026-07-08T01:21:20.769931+00:00,spot_8,Spot 8,Empty,2026-07-08T01:08:19.288991+00:00,,,,,,,,
2026-07-08T01:21:20.769931+00:00,spot_9,Spot 9,Empty,2026-07-07T23:26:18.854339+00:00,,,,,,,,
2026-07-08T01:21:20.769931+00:00,spot_10,Spot 10,Empty,2026-07-07T21:58:26.831614+00:00,,,,,,,,
2026-07-08T01:21:20.769931+00:00,spot_11,Spot 11,Empty,2026-07-07T22:01:20.711562+00:00,,,,,,,,
2026-07-08T01:21:20.769931+00:00,spot_12,Spot 12,Empty,2026-07-07T21:38:25.635528+00:00,,,,,,,,
2026-07-08T01:21:20.769931+00:00,spot_13,Spot 13,Empty,2026-07-07T22:01:20.711562+00:00,,,,,,,,
2026-07-08T01:21:20.769931+00:00,spot_14,Spot 14,Empty,2026-07-07T21:51:20.011139+00:00,,,,,,,,
2026-07-08T01:21:20.769931+00:00,spot_15,Spot 15,Empty,2026-07-07T23:10:21.918673+00:00,,,,,,,,
2026-07-08T01:21:20.769931+00:00,spot_16,Spot 16,Occupied,2026-07-08T01:14:20.146127+00:00,4,car,0.7924410104751587,419,12.022014617919922,312.9562072753906,47.996524810791016,332.3226623535156
2026-07-08T01:21:20.769931+00:00,spot_17,Spot 17,Empty,2026-07-07T16:50:19.879437+00:00,,,,,,,,
2026-07-08T01:22:31.162173+00:00,spot_1,Spot 1,Empty,2026-07-07T22:04:20.920678+00:00,,,,,,,,
2026-07-08T01:22:31.162173+00:00,spot_2,Spot 2,Empty,2026-07-07T21:10:22.475363+00:00,,,,,,,,
2026-07-08T01:22:31.162173+00:00,spot_3,Spot 3,Empty,2026-07-07T23:49:18.511171+00:00,,,,,,,,
2026-07-08T01:22:31.162173+00:00,spot_4,Spot 4,Empty,2026-07-07T22:26:19.721152+00:00,,,,,,,,
2026-07-08T01:22:31.162173+00:00,spot_5,Spot 5,Empty,2026-07-08T01:22:31.162173+00:00,,,,,,,,
2026-07-08T01:22:31.162173+00:00,spot_6,Spot 6,Empty,2026-07-07T23:35:19.050090+00:00,,,,,,,,
2026-07-08T01:22:31.162173+00:00,spot_7,Spot 7,Empty,2026-07-08T01:15:20.940286+00:00,,,,,,,,
2026-07-08T01:22:31.162173+00:00,spot_8,Spot 8,Empty,2026-07-08T01:08:19.288991+00:00,,,,,,,,
2026-07-08T01:22:31.162173+00:00,spot_9,Spot 9,Empty,2026-07-07T23:26:18.854339+00:00,,,,,,,,
2026-07-08T01:22:31.162173+00:00,spot_10,Spot 10,Empty,2026-07-07T21:58:26.831614+00:00,,,,,,,,
2026-07-08T01:22:31.162173+00:00,spot_11,Spot 11,Empty,2026-07-07T22:01:20.711562+00:00,,,,,,,,
2026-07-08T01:22:31.162173+00:00,spot_12,Spot 12,Empty,2026-07-07T21:38:25.635528+00:00,,,,,,,,
2026-07-08T01:22:31.162173+00:00,spot_13,Spot 13,Empty,2026-07-07T22:01:20.711562+00:00,,,,,,,,
2026-07-08T01:22:31.162173+00:00,spot_14,Spot 14,Empty,2026-07-07T21:51:20.011139+00:00,,,,,,,,
2026-07-08T01:22:31.162173+00:00,spot_15,Spot 15,Empty,2026-07-07T23:10:21.918673+00:00,,,,,,,,
2026-07-08T01:22:31.162173+00:00,spot_16,Spot 16,Occupied,2026-07-08T01:14:20.146127+00:00,4,car,0.8264285326004028,492,11.647468566894531,312.8892822265625,48.2962646484375,331.73394775390625
2026-07-08T01:22:31.162173+00:00,spot_17,Spot 17,Empty,2026-07-07T16:50:19.879437+00:00,,,,,,,,
2026-07-08T01:23:31.506617+00:00,spot_1,Spot 1,Empty,2026-07-07T22:04:20.920678+00:00,,,,,,,,
2026-07-08T01:23:31.506617+00:00,spot_2,Spot 2,Empty,2026-07-07T21:10:22.475363+00:00,,,,,,,,
2026-07-08T01:23:31.506617+00:00,spot_3,Spot 3,Empty,2026-07-07T23:49:18.511171+00:00,,,,,,,,
2026-07-08T01:23:31.506617+00:00,spot_4,Spot 4,Empty,2026-07-07T22:26:19.721152+00:00,,,,,,,,
2026-07-08T01:23:31.506617+00:00,spot_5,Spot 5,Empty,2026-07-08T01:22:31.162173+00:00,,,,,,,,
2026-07-08T01:23:31.506617+00:00,spot_6,Spot 6,Empty,2026-07-07T23:35:19.050090+00:00,,,,,,,,
2026-07-08T01:23:31.506617+00:00,spot_7,Spot 7,Empty,2026-07-08T01:15:20.940286+00:00,,,,,,,,
2026-07-08T01:23:31.506617+00:00,spot_8,Spot 8,Empty,2026-07-08T01:08:19.288991+00:00,,,,,,,,
2026-07-08T01:23:31.506617+00:00,spot_9,Spot 9,Empty,2026-07-07T23:26:18.854339+00:00,,,,,,,,
2026-07-08T01:23:31.506617+00:00,spot_10,Spot 10,Empty,2026-07-07T21:58:26.831614+00:00,,,,,,,,
2026-07-08T01:23:31.506617+00:00,spot_11,Spot 11,Empty,2026-07-07T22:01:20.711562+00:00,,,,,,,,
2026-07-08T01:23:31.506617+00:00,spot_12,Spot 12,Empty,2026-07-07T21:38:25.635528+00:00,,,,,,,,
2026-07-08T01:23:31.506617+00:00,spot_13,Spot 13,Empty,2026-07-07T22:01:20.711562+00:00,,,,,,,,
2026-07-08T01:23:31.506617+00:00,spot_14,Spot 14,Empty,2026-07-07T21:51:20.011139+00:00,,,,,,,,
2026-07-08T01:23:31.506617+00:00,spot_15,Spot 15,Empty,2026-07-07T23:10:21.918673+00:00,,,,,,,,
2026-07-08T01:23:31.506617+00:00,spot_16,Spot 16,Occupied,2026-07-08T01:14:20.146127+00:00,4,car,0.8011568188667297,549,11.767715454101562,313.08795166015625,48.18279266357422,330.22064208984375
2026-07-08T01:23:31.506617+00:00,spot_17,Spot 17,Empty,2026-07-07T16:50:19.879437+00:00,,,,,,,,
2026-07-08T01:24:21.082276+00:00,spot_1,Spot 1,Empty,2026-07-07T22:04:20.920678+00:00,,,,,,,,
2026-07-08T01:24:21.082276+00:00,spot_2,Spot 2,Empty,2026-07-07T21:10:22.475363+00:00,,,,,,,,
2026-07-08T01:24:21.082276+00:00,spot_3,Spot 3,Empty,2026-07-07T23:49:18.511171+00:00,,,,,,,,
2026-07-08T01:24:21.082276+00:00,spot_4,Spot 4,Empty,2026-07-07T22:26:19.721152+00:00,,,,,,,,
2026-07-08T01:24:21.082276+00:00,spot_5,Spot 5,Empty,2026-07-08T01:22:31.162173+00:00,,,,,,,,
2026-07-08T01:24:21.082276+00:00,spot_6,Spot 6,Empty,2026-07-07T23:35:19.050090+00:00,,,,,,,,
2026-07-08T01:24:21.082276+00:00,spot_7,Spot 7,Empty,2026-07-08T01:15:20.940286+00:00,,,,,,,,
2026-07-08T01:24:21.082276+00:00,spot_8,Spot 8,Empty,2026-07-08T01:08:19.288991+00:00,,,,,,,,
2026-07-08T01:24:21.082276+00:00,spot_9,Spot 9,Empty,2026-07-07T23:26:18.854339+00:00,,,,,,,,
2026-07-08T01:24:21.082276+00:00,spot_10,Spot 10,Empty,2026-07-07T21:58:26.831614+00:00,,,,,,,,
2026-07-08T01:24:21.082276+00:00,spot_11,Spot 11,Empty,2026-07-07T22:01:20.711562+00:00,,,,,,,,
2026-07-08T01:24:21.082276+00:00,spot_12,Spot 12,Empty,2026-07-07T21:38:25.635528+00:00,,,,,,,,
2026-07-08T01:24:21.082276+00:00,spot_13,Spot 13,Empty,2026-07-07T22:01:20.711562+00:00,,,,,,,,
2026-07-08T01:24:21.082276+00:00,spot_14,Spot 14,Empty,2026-07-07T21:51:20.011139+00:00,,,,,,,,
2026-07-08T01:24:21.082276+00:00,spot_15,Spot 15,Empty,2026-07-07T23:10:21.918673+00:00,,,,,,,,
2026-07-08T01:24:21.082276+00:00,spot_16,Spot 16,Occupied,2026-07-08T01:14:20.146127+00:00,4,car,0.7673260569572449,599,11.600879669189453,313.02423095703125,48.005123138427734,331.04852294921875
2026-07-08T01:24:21.082276+00:00,spot_17,Spot 17,Empty,2026-07-07T16:50:19.879437+00:00,,,,,,,,
2026-07-08T01:25:19.681255+00:00,spot_1,Spot 1,Empty,2026-07-07T22:04:20.920678+00:00,,,,,,,,
2026-07-08T01:25:19.681255+00:00,spot_2,Spot 2,Empty,2026-07-07T21:10:22.475363+00:00,,,,,,,,
2026-07-08T01:25:19.681255+00:00,spot_3,Spot 3,Empty,2026-07-07T23:49:18.511171+00:00,,,,,,,,
2026-07-08T01:25:19.681255+00:00,spot_4,Spot 4,Empty,2026-07-07T22:26:19.721152+00:00,,,,,,,,
2026-07-08T01:25:19.681255+00:00,spot_5,Spot 5,Empty,2026-07-08T01:22:31.162173+00:00,,,,,,,,
2026-07-08T01:25:19.681255+00:00,spot_6,Spot 6,Empty,2026-07-07T23:35:19.050090+00:00,,,,,,,,
2026-07-08T01:25:19.681255+00:00,spot_7,Spot 7,Empty,2026-07-08T01:15:20.940286+00:00,,,,,,,,
2026-07-08T01:25:19.681255+00:00,spot_8,Spot 8,Empty,2026-07-08T01:08:19.288991+00:00,,,,,,,,
2026-07-08T01:25:19.681255+00:00,spot_9,Spot 9,Empty,2026-07-07T23:26:18.854339+00:00,,,,,,,,
2026-07-08T01:25:19.681255+00:00,spot_10,Spot 10,Empty,2026-07-07T21:58:26.831614+00:00,,,,,,,,
2026-07-08T01:25:19.681255+00:00,spot_11,Spot 11,Empty,2026-07-07T22:01:20.711562+00:00,,,,,,,,
2026-07-08T01:25:19.681255+00:00,spot_12,Spot 12,Empty,2026-07-07T21:38:25.635528+00:00,,,,,,,,
2026-07-08T01:25:19.681255+00:00,spot_13,Spot 13,Empty,2026-07-07T22:01:20.711562+00:00,,,,,,,,
2026-07-08T01:25:19.681255+00:00,spot_14,Spot 14,Empty,2026-07-07T21:51:20.011139+00:00,,,,,,,,
2026-07-08T01:25:19.681255+00:00,spot_15,Spot 15,Empty,2026-07-07T23:10:21.918673+00:00,,,,,,,,
2026-07-08T01:25:19.681255+00:00,spot_16,Spot 16,Occupied,2026-07-08T01:14:20.146127+00:00,4,car,0.79659104347229,658,11.87847900390625,312.99468994140625,48.054161071777344,331.84527587890625
2026-07-08T01:25:19.681255+00:00,spot_17,Spot 17,Empty,2026-07-07T16:50:19.879437+00:00,,,,,,,,
2026-07-08T01:26:20.083866+00:00,spot_1,Spot 1,Empty,2026-07-07T22:04:20.920678+00:00,,,,,,,,
2026-07-08T01:26:20.083866+00:00,spot_2,Spot 2,Empty,2026-07-07T21:10:22.475363+00:00,,,,,,,,
2026-07-08T01:26:20.083866+00:00,spot_3,Spot 3,Empty,2026-07-07T23:49:18.511171+00:00,,,,,,,,
2026-07-08T01:26:20.083866+00:00,spot_4,Spot 4,Empty,2026-07-07T22:26:19.721152+00:00,,,,,,,,
2026-07-08T01:26:20.083866+00:00,spot_5,Spot 5,Empty,2026-07-08T01:22:31.162173+00:00,,,,,,,,
2026-07-08T01:26:20.083866+00:00,spot_6,Spot 6,Empty,2026-07-07T23:35:19.050090+00:00,,,,,,,,
2026-07-08T01:26:20.083866+00:00,spot_7,Spot 7,Empty,2026-07-08T01:15:20.940286+00:00,,,,,,,,
2026-07-08T01:26:20.083866+00:00,spot_8,Spot 8,Empty,2026-07-08T01:08:19.288991+00:00,,,,,,,,
2026-07-08T01:26:20.083866+00:00,spot_9,Spot 9,Empty,2026-07-07T23:26:18.854339+00:00,,,,,,,,
2026-07-08T01:26:20.083866+00:00,spot_10,Spot 10,Empty,2026-07-07T21:58:26.831614+00:00,,,,,,,,
2026-07-08T01:26:20.083866+00:00,spot_11,Spot 11,Empty,2026-07-07T22:01:20.711562+00:00,,,,,,,,
2026-07-08T01:26:20.083866+00:00,spot_12,Spot 12,Empty,2026-07-07T21:38:25.635528+00:00,,,,,,,,
2026-07-08T01:26:20.083866+00:00,spot_13,Spot 13,Empty,2026-07-07T22:01:20.711562+00:00,,,,,,,,
2026-07-08T01:26:20.083866+00:00,spot_14,Spot 14,Empty,2026-07-07T21:51:20.011139+00:00,,,,,,,,
2026-07-08T01:26:20.083866+00:00,spot_15,Spot 15,Empty,2026-07-07T23:10:21.918673+00:00,,,,,,,,
2026-07-08T01:26:20.083866+00:00,spot_16,Spot 16,Occupied,2026-07-08T01:14:20.146127+00:00,4,car,0.8055153489112854,719,12.066848754882812,312.94268798828125,48.32203674316406,331.86175537109375
2026-07-08T01:26:20.083866+00:00,spot_17,Spot 17,Empty,2026-07-07T16:50:19.879437+00:00,,,,,,,,
2026-07-08T01:27:20.033913+00:00,spot_1,Spot 1,Empty,2026-07-07T22:04:20.920678+00:00,,,,,,,,
2026-07-08T01:27:20.033913+00:00,spot_2,Spot 2,Empty,2026-07-07T21:10:22.475363+00:00,,,,,,,,
2026-07-08T01:27:20.033913+00:00,spot_3,Spot 3,Empty,2026-07-07T23:49:18.511171+00:00,,,,,,,,
2026-07-08T01:27:20.033913+00:00,spot_4,Spot 4,Empty,2026-07-07T22:26:19.721152+00:00,,,,,,,,
2026-07-08T01:27:20.033913+00:00,spot_5,Spot 5,Empty,2026-07-08T01:22:31.162173+00:00,,,,,,,,
2026-07-08T01:27:20.033913+00:00,spot_6,Spot 6,Empty,2026-07-07T23:35:19.050090+00:00,,,,,,,,
2026-07-08T01:27:20.033913+00:00,spot_7,Spot 7,Empty,2026-07-08T01:15:20.940286+00:00,,,,,,,,
2026-07-08T01:27:20.033913+00:00,spot_8,Spot 8,Empty,2026-07-08T01:08:19.288991+00:00,,,,,,,,
2026-07-08T01:27:20.033913+00:00,spot_9,Spot 9,Empty,2026-07-07T23:26:18.854339+00:00,,,,,,,,
2026-07-08T01:27:20.033913+00:00,spot_10,Spot 10,Empty,2026-07-07T21:58:26.831614+00:00,,,,,,,,
2026-07-08T01:27:20.033913+00:00,spot_11,Spot 11,Empty,2026-07-07T22:01:20.711562+00:00,,,,,,,,
2026-07-08T01:27:20.033913+00:00,spot_12,Spot 12,Empty,2026-07-07T21:38:25.635528+00:00,,,,,,,,
2026-07-08T01:27:20.033913+00:00,spot_13,Spot 13,Empty,2026-07-07T22:01:20.711562+00:00,,,,,,,,
2026-07-08T01:27:20.033913+00:00,spot_14,Spot 14,Empty,2026-07-07T21:51:20.011139+00:00,,,,,,,,
2026-07-08T01:27:20.033913+00:00,spot_15,Spot 15,Empty,2026-07-07T23:10:21.918673+00:00,,,,,,,,
2026-07-08T01:27:20.033913+00:00,spot_16,Spot 16,Occupied,2026-07-08T01:14:20.146127+00:00,4,car,0.7080754041671753,778,11.3955078125,312.8745422363281,48.426666259765625,331.6693420410156
2026-07-08T01:27:20.033913+00:00,spot_17,Spot 17,Empty,2026-07-07T16:50:19.879437+00:00,,,,,,,,
2026-07-08T01:28:30.417081+00:00,spot_1,Spot 1,Empty,2026-07-07T22:04:20.920678+00:00,,,,,,,,
2026-07-08T01:28:30.417081+00:00,spot_2,Spot 2,Empty,2026-07-07T21:10:22.475363+00:00,,,,,,,,
2026-07-08T01:28:30.417081+00:00,spot_3,Spot 3,Empty,2026-07-07T23:49:18.511171+00:00,,,,,,,,
2026-07-08T01:28:30.417081+00:00,spot_4,Spot 4,Empty,2026-07-07T22:26:19.721152+00:00,,,,,,,,
2026-07-08T01:28:30.417081+00:00,spot_5,Spot 5,Empty,2026-07-08T01:22:31.162173+00:00,,,,,,,,
2026-07-08T01:28:30.417081+00:00,spot_6,Spot 6,Empty,2026-07-07T23:35:19.050090+00:00,,,,,,,,
2026-07-08T01:28:30.417081+00:00,spot_7,Spot 7,Empty,2026-07-08T01:15:20.940286+00:00,,,,,,,,
2026-07-08T01:28:30.417081+00:00,spot_8,Spot 8,Empty,2026-07-08T01:08:19.288991+00:00,,,,,,,,
2026-07-08T01:28:30.417081+00:00,spot_9,Spot 9,Empty,2026-07-07T23:26:18.854339+00:00,,,,,,,,
2026-07-08T01:28:30.417081+00:00,spot_10,Spot 10,Empty,2026-07-07T21:58:26.831614+00:00,,,,,,,,
2026-07-08T01:28:30.417081+00:00,spot_11,Spot 11,Occupied,2026-07-08T01:28:30.417081+00:00,8,car,0.7972024083137512,0,68.49124145507812,345.4385070800781,143.9813232421875,389.4742736816406
2026-07-08T01:28:30.417081+00:00,spot_12,Spot 12,Empty,2026-07-07T21:38:25.635528+00:00,,,,,,,,
2026-07-08T01:28:30.417081+00:00,spot_13,Spot 13,Empty,2026-07-07T22:01:20.711562+00:00,,,,,,,,
2026-07-08T01:28:30.417081+00:00,spot_14,Spot 14,Empty,2026-07-07T21:51:20.011139+00:00,,,,,,,,
2026-07-08T01:28:30.417081+00:00,spot_15,Spot 15,Empty,2026-07-07T23:10:21.918673+00:00,,,,,,,,
2026-07-08T01:28:30.417081+00:00,spot_16,Spot 16,Occupied,2026-07-08T01:14:20.146127+00:00,4,car,0.6568775177001953,850,12.707679748535156,312.81329345703125,48.631141662597656,331.00042724609375
2026-07-08T01:28:30.417081+00:00,spot_17,Spot 17,Empty,2026-07-07T16:50:19.879437+00:00,,,,,,,,
2026-07-08T01:29:19.004017+00:00,spot_1,Spot 1,Empty,2026-07-07T22:04:20.920678+00:00,,,,,,,,
2026-07-08T01:29:19.004017+00:00,spot_2,Spot 2,Empty,2026-07-07T21:10:22.475363+00:00,,,,,,,,
2026-07-08T01:29:19.004017+00:00,spot_3,Spot 3,Empty,2026-07-07T23:49:18.511171+00:00,,,,,,,,
2026-07-08T01:29:19.004017+00:00,spot_4,Spot 4,Empty,2026-07-07T22:26:19.721152+00:00,,,,,,,,
2026-07-08T01:29:19.004017+00:00,spot_5,Spot 5,Empty,2026-07-08T01:22:31.162173+00:00,,,,,,,,
2026-07-08T01:29:19.004017+00:00,spot_6,Spot 6,Empty,2026-07-07T23:35:19.050090+00:00,,,,,,,,
2026-07-08T01:29:19.004017+00:00,spot_7,Spot 7,Empty,2026-07-08T01:15:20.940286+00:00,,,,,,,,
2026-07-08T01:29:19.004017+00:00,spot_8,Spot 8,Empty,2026-07-08T01:08:19.288991+00:00,,,,,,,,
2026-07-08T01:29:19.004017+00:00,spot_9,Spot 9,Empty,2026-07-07T23:26:18.854339+00:00,,,,,,,,
2026-07-08T01:29:19.004017+00:00,spot_10,Spot 10,Empty,2026-07-07T21:58:26.831614+00:00,,,,,,,,
2026-07-08T01:29:19.004017+00:00,spot_11,Spot 11,Occupied,2026-07-08T01:28:30.417081+00:00,8,car,0.7972024083137512,46,68.49124145507812,345.4385070800781,143.9813232421875,389.4742736816406
2026-07-08T01:29:19.004017+00:00,spot_12,Spot 12,Empty,2026-07-07T21:38:25.635528+00:00,,,,,,,,
2026-07-08T01:29:19.004017+00:00,spot_13,Spot 13,Empty,2026-07-07T22:01:20.711562+00:00,,,,,,,,
2026-07-08T01:29:19.004017+00:00,spot_14,Spot 14,Empty,2026-07-07T21:51:20.011139+00:00,,,,,,,,
2026-07-08T01:29:19.004017+00:00,spot_15,Spot 15,Empty,2026-07-07T23:10:21.918673+00:00,,,,,,,,
2026-07-08T01:29:19.004017+00:00,spot_16,Spot 16,Occupied,2026-07-08T01:14:20.146127+00:00,4,car,0.6568775177001953,897,12.707679748535156,312.81329345703125,48.631141662597656,331.00042724609375
2026-07-08T01:29:19.004017+00:00,spot_17,Spot 17,Empty,2026-07-07T16:50:19.879437+00:00,,,,,,,,
2026-07-08T01:30:20.895571+00:00,spot_1,Spot 1,Empty,2026-07-07T22:04:20.920678+00:00,,,,,,,,
2026-07-08T01:30:20.895571+00:00,spot_2,Spot 2,Empty,2026-07-07T21:10:22.475363+00:00,,,,,,,,
2026-07-08T01:30:20.895571+00:00,spot_3,Spot 3,Empty,2026-07-07T23:49:18.511171+00:00,,,,,,,,
2026-07-08T01:30:20.895571+00:00,spot_4,Spot 4,Empty,2026-07-07T22:26:19.721152+00:00,,,,,,,,
2026-07-08T01:30:20.895571+00:00,spot_5,Spot 5,Empty,2026-07-08T01:22:31.162173+00:00,,,,,,,,
2026-07-08T01:30:20.895571+00:00,spot_6,Spot 6,Empty,2026-07-07T23:35:19.050090+00:00,,,,,,,,
2026-07-08T01:30:20.895571+00:00,spot_7,Spot 7,Empty,2026-07-08T01:15:20.940286+00:00,,,,,,,,
2026-07-08T01:30:20.895571+00:00,spot_8,Spot 8,Empty,2026-07-08T01:08:19.288991+00:00,,,,,,,,
2026-07-08T01:30:20.895571+00:00,spot_9,Spot 9,Empty,2026-07-07T23:26:18.854339+00:00,,,,,,,,
2026-07-08T01:30:20.895571+00:00,spot_10,Spot 10,Empty,2026-07-07T21:58:26.831614+00:00,,,,,,,,
2026-07-08T01:30:20.895571+00:00,spot_11,Spot 11,Empty,2026-07-08T01:30:20.895571+00:00,,,,,,,,
2026-07-08T01:30:20.895571+00:00,spot_12,Spot 12,Empty,2026-07-07T21:38:25.635528+00:00,,,,,,,,
2026-07-08T01:30:20.895571+00:00,spot_13,Spot 13,Empty,2026-07-07T22:01:20.711562+00:00,,,,,,,,
2026-07-08T01:30:20.895571+00:00,spot_14,Spot 14,Empty,2026-07-07T21:51:20.011139+00:00,,,,,,,,
2026-07-08T01:30:20.895571+00:00,spot_15,Spot 15,Empty,2026-07-07T23:10:21.918673+00:00,,,,,,,,
2026-07-08T01:30:20.895571+00:00,spot_16,Spot 16,Occupied,2026-07-08T01:14:20.146127+00:00,4,car,0.6442749500274658,960,12.473800659179688,313.10711669921875,48.22180938720703,332.71588134765625
2026-07-08T01:30:20.895571+00:00,spot_17,Spot 17,Empty,2026-07-07T16:50:19.879437+00:00,,,,,,,,
2026-07-08T01:31:19.974028+00:00,spot_1,Spot 1,Empty,2026-07-07T22:04:20.920678+00:00,,,,,,,,
2026-07-08T01:31:19.974028+00:00,spot_2,Spot 2,Empty,2026-07-07T21:10:22.475363+00:00,,,,,,,,
2026-07-08T01:31:19.974028+00:00,spot_3,Spot 3,Empty,2026-07-07T23:49:18.511171+00:00,,,,,,,,
2026-07-08T01:31:19.974028+00:00,spot_4,Spot 4,Empty,2026-07-07T22:26:19.721152+00:00,,,,,,,,
2026-07-08T01:31:19.974028+00:00,spot_5,Spot 5,Empty,2026-07-08T01:22:31.162173+00:00,,,,,,,,
2026-07-08T01:31:19.974028+00:00,spot_6,Spot 6,Empty,2026-07-07T23:35:19.050090+00:00,,,,,,,,
2026-07-08T01:31:19.974028+00:00,spot_7,Spot 7,Empty,2026-07-08T01:15:20.940286+00:00,,,,,,,,
2026-07-08T01:31:19.974028+00:00,spot_8,Spot 8,Empty,2026-07-08T01:08:19.288991+00:00,,,,,,,,
2026-07-08T01:31:19.974028+00:00,spot_9,Spot 9,Empty,2026-07-07T23:26:18.854339+00:00,,,,,,,,
2026-07-08T01:31:19.974028+00:00,spot_10,Spot 10,Empty,2026-07-07T21:58:26.831614+00:00,,,,,,,,
2026-07-08T01:31:19.974028+00:00,spot_11,Spot 11,Empty,2026-07-08T01:30:20.895571+00:00,,,,,,,,
2026-07-08T01:31:19.974028+00:00,spot_12,Spot 12,Empty,2026-07-07T21:38:25.635528+00:00,,,,,,,,
2026-07-08T01:31:19.974028+00:00,spot_13,Spot 13,Empty,2026-07-07T22:01:20.711562+00:00,,,,,,,,
2026-07-08T01:31:19.974028+00:00,spot_14,Spot 14,Empty,2026-07-07T21:51:20.011139+00:00,,,,,,,,
2026-07-08T01:31:19.974028+00:00,spot_15,Spot 15,Empty,2026-07-07T23:10:21.918673+00:00,,,,,,,,
2026-07-08T01:31:19.974028+00:00,spot_16,Spot 16,Occupied,2026-07-08T01:14:20.146127+00:00,4,car,0.6769059300422668,1018,12.409770965576172,313.1793212890625,48.25057601928711,331.463623046875
2026-07-08T01:31:19.974028+00:00,spot_17,Spot 17,Empty,2026-07-07T16:50:19.879437+00:00,,,,,,,,
2026-07-08T01:32:18.375893+00:00,spot_1,Spot 1,Empty,2026-07-07T22:04:20.920678+00:00,,,,,,,,
2026-07-08T01:32:18.375893+00:00,spot_2,Spot 2,Empty,2026-07-07T21:10:22.475363+00:00,,,,,,,,
2026-07-08T01:32:18.375893+00:00,spot_3,Spot 3,Empty,2026-07-07T23:49:18.511171+00:00,,,,,,,,
2026-07-08T01:32:18.375893+00:00,spot_4,Spot 4,Empty,2026-07-07T22:26:19.721152+00:00,,,,,,,,
2026-07-08T01:32:18.375893+00:00,spot_5,Spot 5,Empty,2026-07-08T01:22:31.162173+00:00,,,,,,,,
2026-07-08T01:32:18.375893+00:00,spot_6,Spot 6,Empty,2026-07-07T23:35:19.050090+00:00,,,,,,,,
2026-07-08T01:32:18.375893+00:00,spot_7,Spot 7,Empty,2026-07-08T01:15:20.940286+00:00,,,,,,,,
2026-07-08T01:32:18.375893+00:00,spot_8,Spot 8,Empty,2026-07-08T01:08:19.288991+00:00,,,,,,,,
2026-07-08T01:32:18.375893+00:00,spot_9,Spot 9,Empty,2026-07-07T23:26:18.854339+00:00,,,,,,,,
2026-07-08T01:32:18.375893+00:00,spot_10,Spot 10,Empty,2026-07-07T21:58:26.831614+00:00,,,,,,,,
2026-07-08T01:32:18.375893+00:00,spot_11,Spot 11,Empty,2026-07-08T01:30:20.895571+00:00,,,,,,,,
2026-07-08T01:32:18.375893+00:00,spot_12,Spot 12,Empty,2026-07-07T21:38:25.635528+00:00,,,,,,,,
2026-07-08T01:32:18.375893+00:00,spot_13,Spot 13,Empty,2026-07-07T22:01:20.711562+00:00,,,,,,,,
2026-07-08T01:32:18.375893+00:00,spot_14,Spot 14,Empty,2026-07-07T21:51:20.011139+00:00,,,,,,,,
2026-07-08T01:32:18.375893+00:00,spot_15,Spot 15,Empty,2026-07-07T23:10:21.918673+00:00,,,,,,,,
2026-07-08T01:32:18.375893+00:00,spot_16,Spot 16,Occupied,2026-07-08T01:14:20.146127+00:00,4,car,0.7383445501327515,1078,12.052562713623047,313.20184326171875,48.909854888916016,332.69097900390625
2026-07-08T01:32:18.375893+00:00,spot_17,Spot 17,Empty,2026-07-07T16:50:19.879437+00:00,,,,,,,,
2026-07-08T01:33:19.233496+00:00,spot_1,Spot 1,Occupied,2026-07-08T01:33:19.233496+00:00,9,car,0.8648348450660706,0,567.3012084960938,332.0008850097656,608.8594360351562,374.2732849121094
2026-07-08T01:33:19.233496+00:00,spot_2,Spot 2,Empty,2026-07-07T21:10:22.475363+00:00,,,,,,,,
2026-07-08T01:33:19.233496+00:00,spot_3,Spot 3,Empty,2026-07-07T23:49:18.511171+00:00,,,,,,,,
2026-07-08T01:33:19.233496+00:00,spot_4,Spot 4,Empty,2026-07-07T22:26:19.721152+00:00,,,,,,,,
2026-07-08T01:33:19.233496+00:00,spot_5,Spot 5,Empty,2026-07-08T01:22:31.162173+00:00,,,,,,,,
2026-07-08T01:33:19.233496+00:00,spot_6,Spot 6,Empty,2026-07-07T23:35:19.050090+00:00,,,,,,,,
2026-07-08T01:33:19.233496+00:00,spot_7,Spot 7,Empty,2026-07-08T01:15:20.940286+00:00,,,,,,,,
2026-07-08T01:33:19.233496+00:00,spot_8,Spot 8,Empty,2026-07-08T01:08:19.288991+00:00,,,,,,,,
2026-07-08T01:33:19.233496+00:00,spot_9,Spot 9,Empty,2026-07-07T23:26:18.854339+00:00,,,,,,,,
2026-07-08T01:33:19.233496+00:00,spot_10,Spot 10,Empty,2026-07-07T21:58:26.831614+00:00,,,,,,,,
2026-07-08T01:33:19.233496+00:00,spot_11,Spot 11,Empty,2026-07-08T01:30:20.895571+00:00,,,,,,,,
2026-07-08T01:33:19.233496+00:00,spot_12,Spot 12,Empty,2026-07-07T21:38:25.635528+00:00,,,,,,,,
2026-07-08T01:33:19.233496+00:00,spot_13,Spot 13,Empty,2026-07-07T22:01:20.711562+00:00,,,,,,,,
2026-07-08T01:33:19.233496+00:00,spot_14,Spot 14,Empty,2026-07-07T21:51:20.011139+00:00,,,,,,,,
2026-07-08T01:33:19.233496+00:00,spot_15,Spot 15,Empty,2026-07-07T23:10:21.918673+00:00,,,,,,,,
2026-07-08T01:33:19.233496+00:00,spot_16,Spot 16,Occupied,2026-07-08T01:14:20.146127+00:00,4,car,0.5824121832847595,1138,12.15078353881836,313.1637878417969,48.35713195800781,332.8730163574219
2026-07-08T01:33:19.233496+00:00,spot_17,Spot 17,Empty,2026-07-07T16:50:19.879437+00:00,,,,,,,,
2026-07-08T01:34:31.174806+00:00,spot_1,Spot 1,Occupied,2026-07-08T01:33:19.233496+00:00,9,car,0.8502670526504517,73,567.3201904296875,332.81158447265625,608.1895751953125,373.39007568359375
2026-07-08T01:34:31.174806+00:00,spot_2,Spot 2,Empty,2026-07-07T21:10:22.475363+00:00,,,,,,,,
2026-07-08T01:34:31.174806+00:00,spot_3,Spot 3,Empty,2026-07-07T23:49:18.511171+00:00,,,,,,,,
2026-07-08T01:34:31.174806+00:00,spot_4,Spot 4,Empty,2026-07-07T22:26:19.721152+00:00,,,,,,,,
2026-07-08T01:34:31.174806+00:00,spot_5,Spot 5,Empty,2026-07-08T01:22:31.162173+00:00,,,,,,,,
2026-07-08T01:34:31.174806+00:00,spot_6,Spot 6,Empty,2026-07-07T23:35:19.050090+00:00,,,,,,,,
2026-07-08T01:34:31.174806+00:00,spot_7,Spot 7,Empty,2026-07-08T01:15:20.940286+00:00,,,,,,,,
2026-07-08T01:34:31.174806+00:00,spot_8,Spot 8,Empty,2026-07-08T01:08:19.288991+00:00,,,,,,,,
2026-07-08T01:34:31.174806+00:00,spot_9,Spot 9,Empty,2026-07-07T23:26:18.854339+00:00,,,,,,,,
2026-07-08T01:34:31.174806+00:00,spot_10,Spot 10,Empty,2026-07-07T21:58:26.831614+00:00,,,,,,,,
2026-07-08T01:34:31.174806+00:00,spot_11,Spot 11,Empty,2026-07-08T01:30:20.895571+00:00,,,,,,,,
2026-07-08T01:34:31.174806+00:00,spot_12,Spot 12,Empty,2026-07-07T21:38:25.635528+00:00,,,,,,,,
2026-07-08T01:34:31.174806+00:00,spot_13,Spot 13,Empty,2026-07-07T22:01:20.711562+00:00,,,,,,,,
2026-07-08T01:34:31.174806+00:00,spot_14,Spot 14,Empty,2026-07-07T21:51:20.011139+00:00,,,,,,,,
2026-07-08T01:34:31.174806+00:00,spot_15,Spot 15,Empty,2026-07-07T23:10:21.918673+00:00,,,,,,,,
2026-07-08T01:34:31.174806+00:00,spot_16,Spot 16,Occupied,2026-07-08T01:14:20.146127+00:00,4,car,0.5863667130470276,1211,12.009586334228516,313.20159912109375,48.65779495239258,333.03558349609375
2026-07-08T01:34:31.174806+00:00,spot_17,Spot 17,Empty,2026-07-07T16:50:19.879437+00:00,,,,,,,,
2026-07-08T01:35:19.707005+00:00,spot_1,Spot 1,Occupied,2026-07-08T01:33:19.233496+00:00,9,car,0.8234770894050598,120,567.036865234375,326.0794372558594,608.228515625,374.1105041503906
2026-07-08T01:35:19.707005+00:00,spot_2,Spot 2,Empty,2026-07-07T21:10:22.475363+00:00,,,,,,,,
2026-07-08T01:35:19.707005+00:00,spot_3,Spot 3,Empty,2026-07-07T23:49:18.511171+00:00,,,,,,,,
2026-07-08T01:35:19.707005+00:00,spot_4,Spot 4,Empty,2026-07-07T22:26:19.721152+00:00,,,,,,,,
2026-07-08T01:35:19.707005+00:00,spot_5,Spot 5,Empty,2026-07-08T01:22:31.162173+00:00,,,,,,,,
2026-07-08T01:35:19.707005+00:00,spot_6,Spot 6,Empty,2026-07-07T23:35:19.050090+00:00,,,,,,,,
2026-07-08T01:35:19.707005+00:00,spot_7,Spot 7,Empty,2026-07-08T01:15:20.940286+00:00,,,,,,,,
2026-07-08T01:35:19.707005+00:00,spot_8,Spot 8,Empty,2026-07-08T01:08:19.288991+00:00,,,,,,,,
2026-07-08T01:35:19.707005+00:00,spot_9,Spot 9,Empty,2026-07-07T23:26:18.854339+00:00,,,,,,,,
2026-07-08T01:35:19.707005+00:00,spot_10,Spot 10,Empty,2026-07-07T21:58:26.831614+00:00,,,,,,,,
2026-07-08T01:35:19.707005+00:00,spot_11,Spot 11,Empty,2026-07-08T01:30:20.895571+00:00,,,,,,,,
2026-07-08T01:35:19.707005+00:00,spot_12,Spot 12,Empty,2026-07-07T21:38:25.635528+00:00,,,,,,,,
2026-07-08T01:35:19.707005+00:00,spot_13,Spot 13,Empty,2026-07-07T22:01:20.711562+00:00,,,,,,,,
2026-07-08T01:35:19.707005+00:00,spot_14,Spot 14,Empty,2026-07-07T21:51:20.011139+00:00,,,,,,,,
2026-07-08T01:35:19.707005+00:00,spot_15,Spot 15,Empty,2026-07-07T23:10:21.918673+00:00,,,,,,,,
2026-07-08T01:35:19.707005+00:00,spot_16,Spot 16,Occupied,2026-07-08T01:14:20.146127+00:00,4,car,0.4502250850200653,1259,12.15652847290039,313.1264953613281,48.66097640991211,332.9194030761719
2026-07-08T01:35:19.707005+00:00,spot_17,Spot 17,Occupied,2026-07-08T01:35:19.707005+00:00,10,truck,0.4499462842941284,0,12.255733489990234,313.2781066894531,48.658199310302734,332.8509826660156
2026-07-08T01:36:18.951266+00:00,spot_1,Spot 1,Occupied,2026-07-08T01:33:19.233496+00:00,9,car,0.8435837626457214,180,566.1187744140625,325.90625,607.0921630859375,374.127197265625
2026-07-08T01:36:18.951266+00:00,spot_2,Spot 2,Empty,2026-07-07T21:10:22.475363+00:00,,,,,,,,
2026-07-08T01:36:18.951266+00:00,spot_3,Spot 3,Empty,2026-07-07T23:49:18.511171+00:00,,,,,,,,
2026-07-08T01:36:18.951266+00:00,spot_4,Spot 4,Empty,2026-07-07T22:26:19.721152+00:00,,,,,,,,
2026-07-08T01:36:18.951266+00:00,spot_5,Spot 5,Empty,2026-07-08T01:22:31.162173+00:00,,,,,,,,
2026-07-08T01:36:18.951266+00:00,spot_6,Spot 6,Empty,2026-07-07T23:35:19.050090+00:00,,,,,,,,
2026-07-08T01:36:18.951266+00:00,spot_7,Spot 7,Empty,2026-07-08T01:15:20.940286+00:00,,,,,,,,
2026-07-08T01:36:18.951266+00:00,spot_8,Spot 8,Empty,2026-07-08T01:08:19.288991+00:00,,,,,,,,
2026-07-08T01:36:18.951266+00:00,spot_9,Spot 9,Empty,2026-07-07T23:26:18.854339+00:00,,,,,,,,
2026-07-08T01:36:18.951266+00:00,spot_10,Spot 10,Empty,2026-07-07T21:58:26.831614+00:00,,,,,,,,
2026-07-08T01:36:18.951266+00:00,spot_11,Spot 11,Empty,2026-07-08T01:30:20.895571+00:00,,,,,,,,
2026-07-08T01:36:18.951266+00:00,spot_12,Spot 12,Empty,2026-07-07T21:38:25.635528+00:00,,,,,,,,
2026-07-08T01:36:18.951266+00:00,spot_13,Spot 13,Empty,2026-07-07T22:01:20.711562+00:00,,,,,,,,
2026-07-08T01:36:18.951266+00:00,spot_14,Spot 14,Empty,2026-07-07T21:51:20.011139+00:00,,,,,,,,
2026-07-08T01:36:18.951266+00:00,spot_15,Spot 15,Empty,2026-07-07T23:10:21.918673+00:00,,,,,,,,
2026-07-08T01:36:18.951266+00:00,spot_16,Spot 16,Occupied,2026-07-08T01:14:20.146127+00:00,4,car,0.5403071045875549,1318,12.221839904785156,312.95208740234375,48.782325744628906,332.77825927734375
2026-07-08T01:36:18.951266+00:00,spot_17,Spot 17,Empty,2026-07-08T01:36:18.951266+00:00,,,,,,,,
2026-07-08T01:37:18.868366+00:00,spot_1,Spot 1,Occupied,2026-07-08T01:33:19.233496+00:00,9,car,0.8059167265892029,238,567.040771484375,325.55316162109375,607.99560546875,376.36407470703125
2026-07-08T01:37:18.868366+00:00,spot_2,Spot 2,Empty,2026-07-07T21:10:22.475363+00:00,,,,,,,,
2026-07-08T01:37:18.868366+00:00,spot_3,Spot 3,Empty,2026-07-07T23:49:18.511171+00:00,,,,,,,,
2026-07-08T01:37:18.868366+00:00,spot_4,Spot 4,Empty,2026-07-07T22:26:19.721152+00:00,,,,,,,,
2026-07-08T01:37:18.868366+00:00,spot_5,Spot 5,Empty,2026-07-08T01:22:31.162173+00:00,,,,,,,,
2026-07-08T01:37:18.868366+00:00,spot_6,Spot 6,Empty,2026-07-07T23:35:19.050090+00:00,,,,,,,,
2026-07-08T01:37:18.868366+00:00,spot_7,Spot 7,Empty,2026-07-08T01:15:20.940286+00:00,,,,,,,,
2026-07-08T01:37:18.868366+00:00,spot_8,Spot 8,Empty,2026-07-08T01:08:19.288991+00:00,,,,,,,,
2026-07-08T01:37:18.868366+00:00,spot_9,Spot 9,Empty,2026-07-07T23:26:18.854339+00:00,,,,,,,,
2026-07-08T01:37:18.868366+00:00,spot_10,Spot 10,Empty,2026-07-07T21:58:26.831614+00:00,,,,,,,,
2026-07-08T01:37:18.868366+00:00,spot_11,Spot 11,Empty,2026-07-08T01:30:20.895571+00:00,,,,,,,,
2026-07-08T01:37:18.868366+00:00,spot_12,Spot 12,Empty,2026-07-07T21:38:25.635528+00:00,,,,,,,,
2026-07-08T01:37:18.868366+00:00,spot_13,Spot 13,Empty,2026-07-07T22:01:20.711562+00:00,,,,,,,,
2026-07-08T01:37:18.868366+00:00,spot_14,Spot 14,Empty,2026-07-07T21:51:20.011139+00:00,,,,,,,,
2026-07-08T01:37:18.868366+00:00,spot_15,Spot 15,Empty,2026-07-07T23:10:21.918673+00:00,,,,,,,,
2026-07-08T01:37:18.868366+00:00,spot_16,Spot 16,Occupied,2026-07-08T01:14:20.146127+00:00,4,car,0.6538563966751099,1376,11.208053588867188,312.97357177734375,48.96126174926758,333.0113525390625
2026-07-08T01:37:18.868366+00:00,spot_17,Spot 17,Empty,2026-07-08T01:36:18.951266+00:00,,,,,,,,
2026-07-08T01:38:20.100450+00:00,spot_1,Spot 1,Occupied,2026-07-08T01:33:19.233496+00:00,9,car,0.8494337201118469,302,567.1102294921875,330.6697692871094,607.4637451171875,373.0534362792969
2026-07-08T01:38:20.100450+00:00,spot_2,Spot 2,Empty,2026-07-07T21:10:22.475363+00:00,,,,,,,,
2026-07-08T01:38:20.100450+00:00,spot_3,Spot 3,Empty,2026-07-07T23:49:18.511171+00:00,,,,,,,,
2026-07-08T01:38:20.100450+00:00,spot_4,Spot 4,Empty,2026-07-07T22:26:19.721152+00:00,,,,,,,,
2026-07-08T01:38:20.100450+00:00,spot_5,Spot 5,Empty,2026-07-08T01:22:31.162173+00:00,,,,,,,,
2026-07-08T01:38:20.100450+00:00,spot_6,Spot 6,Empty,2026-07-07T23:35:19.050090+00:00,,,,,,,,
2026-07-08T01:38:20.100450+00:00,spot_7,Spot 7,Empty,2026-07-08T01:15:20.940286+00:00,,,,,,,,
2026-07-08T01:38:20.100450+00:00,spot_8,Spot 8,Empty,2026-07-08T01:08:19.288991+00:00,,,,,,,,
2026-07-08T01:38:20.100450+00:00,spot_9,Spot 9,Empty,2026-07-07T23:26:18.854339+00:00,,,,,,,,
2026-07-08T01:38:20.100450+00:00,spot_10,Spot 10,Empty,2026-07-07T21:58:26.831614+00:00,,,,,,,,
2026-07-08T01:38:20.100450+00:00,spot_11,Spot 11,Empty,2026-07-08T01:30:20.895571+00:00,,,,,,,,
2026-07-08T01:38:20.100450+00:00,spot_12,Spot 12,Empty,2026-07-07T21:38:25.635528+00:00,,,,,,,,
2026-07-08T01:38:20.100450+00:00,spot_13,Spot 13,Empty,2026-07-07T22:01:20.711562+00:00,,,,,,,,
2026-07-08T01:38:20.100450+00:00,spot_14,Spot 14,Empty,2026-07-07T21:51:20.011139+00:00,,,,,,,,
2026-07-08T01:38:20.100450+00:00,spot_15,Spot 15,Empty,2026-07-07T23:10:21.918673+00:00,,,,,,,,
2026-07-08T01:38:20.100450+00:00,spot_16,Spot 16,Occupied,2026-07-08T01:14:20.146127+00:00,4,car,0.6615230441093445,1441,12.28512191772461,313.3252258300781,48.45771026611328,333.2294616699219
2026-07-08T01:38:20.100450+00:00,spot_17,Spot 17,Empty,2026-07-08T01:36:18.951266+00:00,,,,,,,,
2026-07-08T01:39:20.767381+00:00,spot_1,Spot 1,Occupied,2026-07-08T01:33:19.233496+00:00,9,car,0.8677565455436707,360,567.2821044921875,330.87542724609375,608.060302734375,373.17987060546875
2026-07-08T01:39:20.767381+00:00,spot_2,Spot 2,Empty,2026-07-07T21:10:22.475363+00:00,,,,,,,,
2026-07-08T01:39:20.767381+00:00,spot_3,Spot 3,Empty,2026-07-07T23:49:18.511171+00:00,,,,,,,,
2026-07-08T01:39:20.767381+00:00,spot_4,Spot 4,Empty,2026-07-07T22:26:19.721152+00:00,,,,,,,,
2026-07-08T01:39:20.767381+00:00,spot_5,Spot 5,Empty,2026-07-08T01:22:31.162173+00:00,,,,,,,,
2026-07-08T01:39:20.767381+00:00,spot_6,Spot 6,Empty,2026-07-07T23:35:19.050090+00:00,,,,,,,,
2026-07-08T01:39:20.767381+00:00,spot_7,Spot 7,Empty,2026-07-08T01:15:20.940286+00:00,,,,,,,,
2026-07-08T01:39:20.767381+00:00,spot_8,Spot 8,Empty,2026-07-08T01:08:19.288991+00:00,,,,,,,,
2026-07-08T01:39:20.767381+00:00,spot_9,Spot 9,Empty,2026-07-07T23:26:18.854339+00:00,,,,,,,,
2026-07-08T01:39:20.767381+00:00,spot_10,Spot 10,Empty,2026-07-07T21:58:26.831614+00:00,,,,,,,,
2026-07-08T01:39:20.767381+00:00,spot_11,Spot 11,Empty,2026-07-08T01:30:20.895571+00:00,,,,,,,,
2026-07-08T01:39:20.767381+00:00,spot_12,Spot 12,Empty,2026-07-07T21:38:25.635528+00:00,,,,,,,,
2026-07-08T01:39:20.767381+00:00,spot_13,Spot 13,Empty,2026-07-07T22:01:20.711562+00:00,,,,,,,,
2026-07-08T01:39:20.767381+00:00,spot_14,Spot 14,Empty,2026-07-07T21:51:20.011139+00:00,,,,,,,,
2026-07-08T01:39:20.767381+00:00,spot_15,Spot 15,Empty,2026-07-07T23:10:21.918673+00:00,,,,,,,,
2026-07-08T01:39:20.767381+00:00,spot_16,Spot 16,Occupied,2026-07-08T01:14:20.146127+00:00,4,car,0.6174396276473999,1499,12.215675354003906,313.1278381347656,48.56308364868164,333.2182312011719
2026-07-08T01:39:20.767381+00:00,spot_17,Spot 17,Empty,2026-07-08T01:36:18.951266+00:00,,,,,,,,
2026-07-08T01:40:31.480757+00:00,spot_1,Spot 1,Occupied,2026-07-08T01:33:19.233496+00:00,9,car,0.8371981382369995,434,567.3696899414062,331.1778564453125,607.6697387695312,373.20355224609375
2026-07-08T01:40:31.480757+00:00,spot_2,Spot 2,Empty,2026-07-07T21:10:22.475363+00:00,,,,,,,,
2026-07-08T01:40:31.480757+00:00,spot_3,Spot 3,Empty,2026-07-07T23:49:18.511171+00:00,,,,,,,,
2026-07-08T01:40:31.480757+00:00,spot_4,Spot 4,Empty,2026-07-07T22:26:19.721152+00:00,,,,,,,,
2026-07-08T01:40:31.480757+00:00,spot_5,Spot 5,Empty,2026-07-08T01:22:31.162173+00:00,,,,,,,,
2026-07-08T01:40:31.480757+00:00,spot_6,Spot 6,Empty,2026-07-07T23:35:19.050090+00:00,,,,,,,,
2026-07-08T01:40:31.480757+00:00,spot_7,Spot 7,Empty,2026-07-08T01:15:20.940286+00:00,,,,,,,,
2026-07-08T01:40:31.480757+00:00,spot_8,Spot 8,Empty,2026-07-08T01:08:19.288991+00:00,,,,,,,,
2026-07-08T01:40:31.480757+00:00,spot_9,Spot 9,Empty,2026-07-07T23:26:18.854339+00:00,,,,,,,,
2026-07-08T01:40:31.480757+00:00,spot_10,Spot 10,Empty,2026-07-07T21:58:26.831614+00:00,,,,,,,,
2026-07-08T01:40:31.480757+00:00,spot_11,Spot 11,Empty,2026-07-08T01:30:20.895571+00:00,,,,,,,,
2026-07-08T01:40:31.480757+00:00,spot_12,Spot 12,Empty,2026-07-07T21:38:25.635528+00:00,,,,,,,,
2026-07-08T01:40:31.480757+00:00,spot_13,Spot 13,Empty,2026-07-07T22:01:20.711562+00:00,,,,,,,,
2026-07-08T01:40:31.480757+00:00,spot_14,Spot 14,Empty,2026-07-07T21:51:20.011139+00:00,,,,,,,,
2026-07-08T01:40:31.480757+00:00,spot_15,Spot 15,Empty,2026-07-07T23:10:21.918673+00:00,,,,,,,,
2026-07-08T01:40:31.480757+00:00,spot_16,Spot 16,Empty,2026-07-08T01:40:31.480757+00:00,,,,,,,,
2026-07-08T01:40:31.480757+00:00,spot_17,Spot 17,Empty,2026-07-08T01:36:18.951266+00:00,,,,,,,,
2026-07-08T01:41:20.427308+00:00,spot_1,Spot 1,Occupied,2026-07-08T01:33:19.233496+00:00,9,car,0.8644910454750061,480,567.399169921875,330.7232666015625,607.6011962890625,372.7310791015625
2026-07-08T01:41:20.427308+00:00,spot_2,Spot 2,Empty,2026-07-07T21:10:22.475363+00:00,,,,,,,,
2026-07-08T01:41:20.427308+00:00,spot_3,Spot 3,Empty,2026-07-07T23:49:18.511171+00:00,,,,,,,,
2026-07-08T01:41:20.427308+00:00,spot_4,Spot 4,Empty,2026-07-07T22:26:19.721152+00:00,,,,,,,,
2026-07-08T01:41:20.427308+00:00,spot_5,Spot 5,Empty,2026-07-08T01:22:31.162173+00:00,,,,,,,,
2026-07-08T01:41:20.427308+00:00,spot_6,Spot 6,Empty,2026-07-07T23:35:19.050090+00:00,,,,,,,,
2026-07-08T01:41:20.427308+00:00,spot_7,Spot 7,Empty,2026-07-08T01:15:20.940286+00:00,,,,,,,,
2026-07-08T01:41:20.427308+00:00,spot_8,Spot 8,Empty,2026-07-08T01:08:19.288991+00:00,,,,,,,,
2026-07-08T01:41:20.427308+00:00,spot_9,Spot 9,Empty,2026-07-07T23:26:18.854339+00:00,,,,,,,,
2026-07-08T01:41:20.427308+00:00,spot_10,Spot 10,Empty,2026-07-07T21:58:26.831614+00:00,,,,,,,,
2026-07-08T01:41:20.427308+00:00,spot_11,Spot 11,Empty,2026-07-08T01:30:20.895571+00:00,,,,,,,,
2026-07-08T01:41:20.427308+00:00,spot_12,Spot 12,Empty,2026-07-07T21:38:25.635528+00:00,,,,,,,,
2026-07-08T01:41:20.427308+00:00,spot_13,Spot 13,Empty,2026-07-07T22:01:20.711562+00:00,,,,,,,,
2026-07-08T01:41:20.427308+00:00,spot_14,Spot 14,Empty,2026-07-07T21:51:20.011139+00:00,,,,,,,,
2026-07-08T01:41:20.427308+00:00,spot_15,Spot 15,Empty,2026-07-07T23:10:21.918673+00:00,,,,,,,,
2026-07-08T01:41:20.427308+00:00,spot_16,Spot 16,Empty,2026-07-08T01:40:31.480757+00:00,,,,,,,,
2026-07-08T01:41:20.427308+00:00,spot_17,Spot 17,Empty,2026-07-08T01:36:18.951266+00:00,,,,,,,,
2026-07-08T01:42:19.775358+00:00,spot_1,Spot 1,Occupied,2026-07-08T01:33:19.233496+00:00,9,car,0.8640064001083374,540,567.2149047851562,330.70989990234375,608.1879272460938,373.80084228515625
2026-07-08T01:42:19.775358+00:00,spot_2,Spot 2,Empty,2026-07-07T21:10:22.475363+00:00,,,,,,,,
2026-07-08T01:42:19.775358+00:00,spot_3,Spot 3,Empty,2026-07-07T23:49:18.511171+00:00,,,,,,,,
2026-07-08T01:42:19.775358+00:00,spot_4,Spot 4,Empty,2026-07-07T22:26:19.721152+00:00,,,,,,,,
2026-07-08T01:42:19.775358+00:00,spot_5,Spot 5,Empty,2026-07-08T01:22:31.162173+00:00,,,,,,,,
2026-07-08T01:42:19.775358+00:00,spot_6,Spot 6,Empty,2026-07-07T23:35:19.050090+00:00,,,,,,,,
2026-07-08T01:42:19.775358+00:00,spot_7,Spot 7,Empty,2026-07-08T01:15:20.940286+00:00,,,,,,,,
2026-07-08T01:42:19.775358+00:00,spot_8,Spot 8,Empty,2026-07-08T01:08:19.288991+00:00,,,,,,,,
2026-07-08T01:42:19.775358+00:00,spot_9,Spot 9,Empty,2026-07-07T23:26:18.854339+00:00,,,,,,,,
2026-07-08T01:42:19.775358+00:00,spot_10,Spot 10,Empty,2026-07-07T21:58:26.831614+00:00,,,,,,,,
2026-07-08T01:42:19.775358+00:00,spot_11,Spot 11,Empty,2026-07-08T01:30:20.895571+00:00,,,,,,,,
2026-07-08T01:42:19.775358+00:00,spot_12,Spot 12,Empty,2026-07-07T21:38:25.635528+00:00,,,,,,,,
2026-07-08T01:42:19.775358+00:00,spot_13,Spot 13,Empty,2026-07-07T22:01:20.711562+00:00,,,,,,,,
2026-07-08T01:42:19.775358+00:00,spot_14,Spot 14,Empty,2026-07-07T21:51:20.011139+00:00,,,,,,,,
2026-07-08T01:42:19.775358+00:00,spot_15,Spot 15,Empty,2026-07-07T23:10:21.918673+00:00,,,,,,,,
2026-07-08T01:42:19.775358+00:00,spot_16,Spot 16,Empty,2026-07-08T01:40:31.480757+00:00,,,,,,,,
2026-07-08T01:42:19.775358+00:00,spot_17,Spot 17,Empty,2026-07-08T01:36:18.951266+00:00,,,,,,,,
2026-07-08T01:43:22.828325+00:00,spot_1,Spot 1,Occupied,2026-07-08T01:33:19.233496+00:00,9,car,0.8320228457450867,606,567.3035278320312,330.95355224609375,607.1554565429688,372.55255126953125
2026-07-08T01:43:22.828325+00:00,spot_2,Spot 2,Empty,2026-07-07T21:10:22.475363+00:00,,,,,,,,
2026-07-08T01:43:22.828325+00:00,spot_3,Spot 3,Empty,2026-07-07T23:49:18.511171+00:00,,,,,,,,
2026-07-08T01:43:22.828325+00:00,spot_4,Spot 4,Empty,2026-07-07T22:26:19.721152+00:00,,,,,,,,
2026-07-08T01:43:22.828325+00:00,spot_5,Spot 5,Occupied,2026-07-08T01:43:22.828325+00:00,11,car,0.4048102796077728,0,335.95928955078125,336.9190979003906,363.31781005859375,347.5778503417969
2026-07-08T01:43:22.828325+00:00,spot_6,Spot 6,Empty,2026-07-07T23:35:19.050090+00:00,,,,,,,,
2026-07-08T01:43:22.828325+00:00,spot_7,Spot 7,Empty,2026-07-08T01:15:20.940286+00:00,,,,,,,,
2026-07-08T01:43:22.828325+00:00,spot_8,Spot 8,Empty,2026-07-08T01:08:19.288991+00:00,,,,,,,,
2026-07-08T01:43:22.828325+00:00,spot_9,Spot 9,Empty,2026-07-07T23:26:18.854339+00:00,,,,,,,,
2026-07-08T01:43:22.828325+00:00,spot_10,Spot 10,Empty,2026-07-07T21:58:26.831614+00:00,,,,,,,,
2026-07-08T01:43:22.828325+00:00,spot_11,Spot 11,Empty,2026-07-08T01:30:20.895571+00:00,,,,,,,,
2026-07-08T01:43:22.828325+00:00,spot_12,Spot 12,Empty,2026-07-07T21:38:25.635528+00:00,,,,,,,,
2026-07-08T01:43:22.828325+00:00,spot_13,Spot 13,Empty,2026-07-07T22:01:20.711562+00:00,,,,,,,,
2026-07-08T01:43:22.828325+00:00,spot_14,Spot 14,Empty,2026-07-07T21:51:20.011139+00:00,,,,,,,,
2026-07-08T01:43:22.828325+00:00,spot_15,Spot 15,Empty,2026-07-07T23:10:21.918673+00:00,,,,,,,,
2026-07-08T01:43:22.828325+00:00,spot_16,Spot 16,Empty,2026-07-08T01:40:31.480757+00:00,,,,,,,,
2026-07-08T01:43:22.828325+00:00,spot_17,Spot 17,Empty,2026-07-08T01:36:18.951266+00:00,,,,,,,,
2026-07-08T01:44:21.123773+00:00,spot_1,Spot 1,Occupied,2026-07-08T01:33:19.233496+00:00,9,car,0.816697895526886,663,567.2461547851562,330.934326171875,607.7394409179688,372.403564453125
2026-07-08T01:44:21.123773+00:00,spot_2,Spot 2,Empty,2026-07-07T21:10:22.475363+00:00,,,,,,,,
2026-07-08T01:44:21.123773+00:00,spot_3,Spot 3,Empty,2026-07-07T23:49:18.511171+00:00,,,,,,,,
2026-07-08T01:44:21.123773+00:00,spot_4,Spot 4,Empty,2026-07-07T22:26:19.721152+00:00,,,,,,,,
2026-07-08T01:44:21.123773+00:00,spot_5,Spot 5,Empty,2026-07-08T01:44:21.123773+00:00,,,,,,,,
2026-07-08T01:44:21.123773+00:00,spot_6,Spot 6,Empty,2026-07-07T23:35:19.050090+00:00,,,,,,,,
2026-07-08T01:44:21.123773+00:00,spot_7,Spot 7,Empty,2026-07-08T01:15:20.940286+00:00,,,,,,,,
2026-07-08T01:44:21.123773+00:00,spot_8,Spot 8,Empty,2026-07-08T01:08:19.288991+00:00,,,,,,,,
2026-07-08T01:44:21.123773+00:00,spot_9,Spot 9,Empty,2026-07-07T23:26:18.854339+00:00,,,,,,,,
2026-07-08T01:44:21.123773+00:00,spot_10,Spot 10,Empty,2026-07-07T21:58:26.831614+00:00,,,,,,,,
2026-07-08T01:44:21.123773+00:00,spot_11,Spot 11,Empty,2026-07-08T01:30:20.895571+00:00,,,,,,,,
2026-07-08T01:44:21.123773+00:00,spot_12,Spot 12,Empty,2026-07-07T21:38:25.635528+00:00,,,,,,,,
2026-07-08T01:44:21.123773+00:00,spot_13,Spot 13,Empty,2026-07-07T22:01:20.711562+00:00,,,,,,,,
2026-07-08T01:44:21.123773+00:00,spot_14,Spot 14,Empty,2026-07-07T21:51:20.011139+00:00,,,,,,,,
2026-07-08T01:44:21.123773+00:00,spot_15,Spot 15,Empty,2026-07-07T23:10:21.918673+00:00,,,,,,,,
2026-07-08T01:44:21.123773+00:00,spot_16,Spot 16,Empty,2026-07-08T01:40:31.480757+00:00,,,,,,,,
2026-07-08T01:44:21.123773+00:00,spot_17,Spot 17,Empty,2026-07-08T01:36:18.951266+00:00,,,,,,,,
2026-07-08T01:45:28.433271+00:00,spot_1,Spot 1,Occupied,2026-07-08T01:33:19.233496+00:00,9,car,0.7935405373573303,728,567.3218383789062,330.59375,608.0132446289062,372.5714111328125
2026-07-08T01:45:28.433271+00:00,spot_2,Spot 2,Empty,2026-07-07T21:10:22.475363+00:00,,,,,,,,
2026-07-08T01:45:28.433271+00:00,spot_3,Spot 3,Empty,2026-07-07T23:49:18.511171+00:00,,,,,,,,
2026-07-08T01:45:28.433271+00:00,spot_4,Spot 4,Empty,2026-07-07T22:26:19.721152+00:00,,,,,,,,
2026-07-08T01:45:28.433271+00:00,spot_5,Spot 5,Empty,2026-07-08T01:44:21.123773+00:00,,,,,,,,
2026-07-08T01:45:28.433271+00:00,spot_6,Spot 6,Empty,2026-07-07T23:35:19.050090+00:00,,,,,,,,
2026-07-08T01:45:28.433271+00:00,spot_7,Spot 7,Empty,2026-07-08T01:15:20.940286+00:00,,,,,,,,
2026-07-08T01:45:28.433271+00:00,spot_8,Spot 8,Empty,2026-07-08T01:08:19.288991+00:00,,,,,,,,
2026-07-08T01:45:28.433271+00:00,spot_9,Spot 9,Empty,2026-07-07T23:26:18.854339+00:00,,,,,,,,
2026-07-08T01:45:28.433271+00:00,spot_10,Spot 10,Empty,2026-07-07T21:58:26.831614+00:00,,,,,,,,
2026-07-08T01:45:28.433271+00:00,spot_11,Spot 11,Empty,2026-07-08T01:30:20.895571+00:00,,,,,,,,
2026-07-08T01:45:28.433271+00:00,spot_12,Spot 12,Empty,2026-07-07T21:38:25.635528+00:00,,,,,,,,
2026-07-08T01:45:28.433271+00:00,spot_13,Spot 13,Empty,2026-07-07T22:01:20.711562+00:00,,,,,,,,
2026-07-08T01:45:28.433271+00:00,spot_14,Spot 14,Empty,2026-07-07T21:51:20.011139+00:00,,,,,,,,
2026-07-08T01:45:28.433271+00:00,spot_15,Spot 15,Empty,2026-07-07T23:10:21.918673+00:00,,,,,,,,
2026-07-08T01:45:28.433271+00:00,spot_16,Spot 16,Empty,2026-07-08T01:40:31.480757+00:00,,,,,,,,
2026-07-08T01:45:28.433271+00:00,spot_17,Spot 17,Empty,2026-07-08T01:36:18.951266+00:00,,,,,,,,
2026-07-08T01:46:18.835081+00:00,spot_1,Spot 1,Occupied,2026-07-08T01:33:19.233496+00:00,9,car,0.8544065356254578,779,567.4375,331.5162353515625,607.838134765625,372.277587890625
2026-07-08T01:46:18.835081+00:00,spot_2,Spot 2,Empty,2026-07-07T21:10:22.475363+00:00,,,,,,,,
2026-07-08T01:46:18.835081+00:00,spot_3,Spot 3,Empty,2026-07-07T23:49:18.511171+00:00,,,,,,,,
2026-07-08T01:46:18.835081+00:00,spot_4,Spot 4,Empty,2026-07-07T22:26:19.721152+00:00,,,,,,,,
2026-07-08T01:46:18.835081+00:00,spot_5,Spot 5,Occupied,2026-07-08T01:46:18.835081+00:00,11,car,0.512176513671875,173,335.97882080078125,336.4171142578125,363.79205322265625,347.74859619140625
2026-07-08T01:46:18.835081+00:00,spot_6,Spot 6,Empty,2026-07-07T23:35:19.050090+00:00,,,,,,,,
2026-07-08T01:46:18.835081+00:00,spot_7,Spot 7,Empty,2026-07-08T01:15:20.940286+00:00,,,,,,,,
2026-07-08T01:46:18.835081+00:00,spot_8,Spot 8,Empty,2026-07-08T01:08:19.288991+00:00,,,,,,,,
2026-07-08T01:46:18.835081+00:00,spot_9,Spot 9,Empty,2026-07-07T23:26:18.854339+00:00,,,,,,,,
2026-07-08T01:46:18.835081+00:00,spot_10,Spot 10,Empty,2026-07-07T21:58:26.831614+00:00,,,,,,,,
2026-07-08T01:46:18.835081+00:00,spot_11,Spot 11,Empty,2026-07-08T01:30:20.895571+00:00,,,,,,,,
2026-07-08T01:46:18.835081+00:00,spot_12,Spot 12,Empty,2026-07-07T21:38:25.635528+00:00,,,,,,,,
2026-07-08T01:46:18.835081+00:00,spot_13,Spot 13,Empty,2026-07-07T22:01:20.711562+00:00,,,,,,,,
2026-07-08T01:46:18.835081+00:00,spot_14,Spot 14,Empty,2026-07-07T21:51:20.011139+00:00,,,,,,,,
2026-07-08T01:46:18.835081+00:00,spot_15,Spot 15,Empty,2026-07-07T23:10:21.918673+00:00,,,,,,,,
2026-07-08T01:46:18.835081+00:00,spot_16,Spot 16,Empty,2026-07-08T01:40:31.480757+00:00,,,,,,,,
2026-07-08T01:46:18.835081+00:00,spot_17,Spot 17,Empty,2026-07-08T01:36:18.951266+00:00,,,,,,,,
2026-07-08T01:47:19.498975+00:00,spot_1,Spot 1,Occupied,2026-07-08T01:33:19.233496+00:00,9,car,0.8447719812393188,839,567.2106323242188,330.94464111328125,607.9981079101562,372.6593017578125
2026-07-08T01:47:19.498975+00:00,spot_2,Spot 2,Empty,2026-07-07T21:10:22.475363+00:00,,,,,,,,
2026-07-08T01:47:19.498975+00:00,spot_3,Spot 3,Empty,2026-07-07T23:49:18.511171+00:00,,,,,,,,
2026-07-08T01:47:19.498975+00:00,spot_4,Spot 4,Empty,2026-07-07T22:26:19.721152+00:00,,,,,,,,
2026-07-08T01:47:19.498975+00:00,spot_5,Spot 5,Empty,2026-07-08T01:47:19.498975+00:00,,,,,,,,
2026-07-08T01:47:19.498975+00:00,spot_6,Spot 6,Empty,2026-07-07T23:35:19.050090+00:00,,,,,,,,
2026-07-08T01:47:19.498975+00:00,spot_7,Spot 7,Empty,2026-07-08T01:15:20.940286+00:00,,,,,,,,
2026-07-08T01:47:19.498975+00:00,spot_8,Spot 8,Empty,2026-07-08T01:08:19.288991+00:00,,,,,,,,
2026-07-08T01:47:19.498975+00:00,spot_9,Spot 9,Empty,2026-07-07T23:26:18.854339+00:00,,,,,,,,
2026-07-08T01:47:19.498975+00:00,spot_10,Spot 10,Empty,2026-07-07T21:58:26.831614+00:00,,,,,,,,
2026-07-08T01:47:19.498975+00:00,spot_11,Spot 11,Empty,2026-07-08T01:30:20.895571+00:00,,,,,,,,
2026-07-08T01:47:19.498975+00:00,spot_12,Spot 12,Empty,2026-07-07T21:38:25.635528+00:00,,,,,,,,
2026-07-08T01:47:19.498975+00:00,spot_13,Spot 13,Empty,2026-07-07T22:01:20.711562+00:00,,,,,,,,
2026-07-08T01:47:19.498975+00:00,spot_14,Spot 14,Empty,2026-07-07T21:51:20.011139+00:00,,,,,,,,
2026-07-08T01:47:19.498975+00:00,spot_15,Spot 15,Empty,2026-07-07T23:10:21.918673+00:00,,,,,,,,
2026-07-08T01:47:19.498975+00:00,spot_16,Spot 16,Empty,2026-07-08T01:40:31.480757+00:00,,,,,,,,
2026-07-08T01:47:19.498975+00:00,spot_17,Spot 17,Empty,2026-07-08T01:36:18.951266+00:00,,,,,,,,
2026-07-08T01:48:18.174311+00:00,spot_1,Spot 1,Occupied,2026-07-08T01:33:19.233496+00:00,9,car,0.8109258413314819,900,567.2664794921875,330.9148864746094,608.1256103515625,373.0818176269531
2026-07-08T01:48:18.174311+00:00,spot_2,Spot 2,Empty,2026-07-07T21:10:22.475363+00:00,,,,,,,,
2026-07-08T01:48:18.174311+00:00,spot_3,Spot 3,Empty,2026-07-07T23:49:18.511171+00:00,,,,,,,,
2026-07-08T01:48:18.174311+00:00,spot_4,Spot 4,Empty,2026-07-07T22:26:19.721152+00:00,,,,,,,,
2026-07-08T01:48:18.174311+00:00,spot_5,Spot 5,Empty,2026-07-08T01:47:19.498975+00:00,,,,,,,,
2026-07-08T01:48:18.174311+00:00,spot_6,Spot 6,Empty,2026-07-07T23:35:19.050090+00:00,,,,,,,,
2026-07-08T01:48:18.174311+00:00,spot_7,Spot 7,Empty,2026-07-08T01:15:20.940286+00:00,,,,,,,,
2026-07-08T01:48:18.174311+00:00,spot_8,Spot 8,Empty,2026-07-08T01:08:19.288991+00:00,,,,,,,,
2026-07-08T01:48:18.174311+00:00,spot_9,Spot 9,Empty,2026-07-07T23:26:18.854339+00:00,,,,,,,,
2026-07-08T01:48:18.174311+00:00,spot_10,Spot 10,Empty,2026-07-07T21:58:26.831614+00:00,,,,,,,,
2026-07-08T01:48:18.174311+00:00,spot_11,Spot 11,Empty,2026-07-08T01:30:20.895571+00:00,,,,,,,,
2026-07-08T01:48:18.174311+00:00,spot_12,Spot 12,Empty,2026-07-07T21:38:25.635528+00:00,,,,,,,,
2026-07-08T01:48:18.174311+00:00,spot_13,Spot 13,Empty,2026-07-07T22:01:20.711562+00:00,,,,,,,,
2026-07-08T01:48:18.174311+00:00,spot_14,Spot 14,Empty,2026-07-07T21:51:20.011139+00:00,,,,,,,,
2026-07-08T01:48:18.174311+00:00,spot_15,Spot 15,Empty,2026-07-07T23:10:21.918673+00:00,,,,,,,,
2026-07-08T01:48:18.174311+00:00,spot_16,Spot 16,Empty,2026-07-08T01:40:31.480757+00:00,,,,,,,,
2026-07-08T01:48:18.174311+00:00,spot_17,Spot 17,Empty,2026-07-08T01:36:18.951266+00:00,,,,,,,,
2026-07-08T01:49:17.475560+00:00,spot_1,Spot 1,Occupied,2026-07-08T01:33:19.233496+00:00,9,car,0.8396077156066895,957,567.1632690429688,331.06524658203125,607.7245483398438,373.18658447265625
2026-07-08T01:49:17.475560+00:00,spot_2,Spot 2,Empty,2026-07-07T21:10:22.475363+00:00,,,,,,,,
2026-07-08T01:49:17.475560+00:00,spot_3,Spot 3,Empty,2026-07-07T23:49:18.511171+00:00,,,,,,,,
2026-07-08T01:49:17.475560+00:00,spot_4,Spot 4,Empty,2026-07-07T22:26:19.721152+00:00,,,,,,,,
2026-07-08T01:49:17.475560+00:00,spot_5,Spot 5,Occupied,2026-07-08T01:49:17.475560+00:00,12,car,0.6864903569221497,0,218.72833251953125,365.9179992675781,386.43475341796875,441.8091125488281
2026-07-08T01:49:17.475560+00:00,spot_6,Spot 6,Empty,2026-07-07T23:35:19.050090+00:00,,,,,,,,
2026-07-08T01:49:17.475560+00:00,spot_7,Spot 7,Empty,2026-07-08T01:15:20.940286+00:00,,,,,,,,
2026-07-08T01:49:17.475560+00:00,spot_8,Spot 8,Occupied,2026-07-08T01:49:17.475560+00:00,13,truck,0.4439803957939148,0,159.0010986328125,357.2082214355469,225.440673828125,404.1758117675781
2026-07-08T01:49:17.475560+00:00,spot_9,Spot 9,Empty,2026-07-07T23:26:18.854339+00:00,,,,,,,,
2026-07-08T01:49:17.475560+00:00,spot_10,Spot 10,Empty,2026-07-07T21:58:26.831614+00:00,,,,,,,,
2026-07-08T01:49:17.475560+00:00,spot_11,Spot 11,Empty,2026-07-08T01:30:20.895571+00:00,,,,,,,,
2026-07-08T01:49:17.475560+00:00,spot_12,Spot 12,Empty,2026-07-07T21:38:25.635528+00:00,,,,,,,,
2026-07-08T01:49:17.475560+00:00,spot_13,Spot 13,Empty,2026-07-07T22:01:20.711562+00:00,,,,,,,,
2026-07-08T01:49:17.475560+00:00,spot_14,Spot 14,Empty,2026-07-07T21:51:20.011139+00:00,,,,,,,,
2026-07-08T01:49:17.475560+00:00,spot_15,Spot 15,Empty,2026-07-07T23:10:21.918673+00:00,,,,,,,,
2026-07-08T01:49:17.475560+00:00,spot_16,Spot 16,Empty,2026-07-08T01:40:31.480757+00:00,,,,,,,,
2026-07-08T01:49:17.475560+00:00,spot_17,Spot 17,Empty,2026-07-08T01:36:18.951266+00:00,,,,,,,,
2026-07-08T01:50:40.398005+00:00,spot_1,Spot 1,Occupied,2026-07-08T01:33:19.233496+00:00,9,car,0.8258024454116821,1043,567.227783203125,331.1956787109375,608.0673828125,372.7308349609375
2026-07-08T01:50:40.398005+00:00,spot_2,Spot 2,Empty,2026-07-07T21:10:22.475363+00:00,,,,,,,,
2026-07-08T01:50:40.398005+00:00,spot_3,Spot 3,Empty,2026-07-07T23:49:18.511171+00:00,,,,,,,,
2026-07-08T01:50:40.398005+00:00,spot_4,Spot 4,Empty,2026-07-07T22:26:19.721152+00:00,,,,,,,,
2026-07-08T01:50:40.398005+00:00,spot_5,Spot 5,Empty,2026-07-08T01:50:40.398005+00:00,,,,,,,,
2026-07-08T01:50:40.398005+00:00,spot_6,Spot 6,Empty,2026-07-07T23:35:19.050090+00:00,,,,,,,,
2026-07-08T01:50:40.398005+00:00,spot_7,Spot 7,Empty,2026-07-08T01:15:20.940286+00:00,,,,,,,,
2026-07-08T01:50:40.398005+00:00,spot_8,Spot 8,Empty,2026-07-08T01:50:40.398005+00:00,,,,,,,,
2026-07-08T01:50:40.398005+00:00,spot_9,Spot 9,Empty,2026-07-07T23:26:18.854339+00:00,,,,,,,,
2026-07-08T01:50:40.398005+00:00,spot_10,Spot 10,Empty,2026-07-07T21:58:26.831614+00:00,,,,,,,,
2026-07-08T01:50:40.398005+00:00,spot_11,Spot 11,Empty,2026-07-08T01:30:20.895571+00:00,,,,,,,,
2026-07-08T01:50:40.398005+00:00,spot_12,Spot 12,Empty,2026-07-07T21:38:25.635528+00:00,,,,,,,,
2026-07-08T01:50:40.398005+00:00,spot_13,Spot 13,Empty,2026-07-07T22:01:20.711562+00:00,,,,,,,,
2026-07-08T01:50:40.398005+00:00,spot_14,Spot 14,Empty,2026-07-07T21:51:20.011139+00:00,,,,,,,,
2026-07-08T01:50:40.398005+00:00,spot_15,Spot 15,Empty,2026-07-07T23:10:21.918673+00:00,,,,,,,,
2026-07-08T01:50:40.398005+00:00,spot_16,Spot 16,Empty,2026-07-08T01:40:31.480757+00:00,,,,,,,,
2026-07-08T01:50:40.398005+00:00,spot_17,Spot 17,Empty,2026-07-08T01:36:18.951266+00:00,,,,,,,,
2026-07-08T01:51:32.541512+00:00,spot_1,Spot 1,Occupied,2026-07-08T01:33:19.233496+00:00,9,car,0.7952622771263123,1094,567.2077026367188,331.0283203125,607.9485473632812,373.0687255859375
2026-07-08T01:51:32.541512+00:00,spot_2,Spot 2,Empty,2026-07-07T21:10:22.475363+00:00,,,,,,,,
2026-07-08T01:51:32.541512+00:00,spot_3,Spot 3,Empty,2026-07-07T23:49:18.511171+00:00,,,,,,,,
2026-07-08T01:51:32.541512+00:00,spot_4,Spot 4,Empty,2026-07-07T22:26:19.721152+00:00,,,,,,,,
2026-07-08T01:51:32.541512+00:00,spot_5,Spot 5,Empty,2026-07-08T01:50:40.398005+00:00,,,,,,,,
2026-07-08T01:51:32.541512+00:00,spot_6,Spot 6,Empty,2026-07-07T23:35:19.050090+00:00,,,,,,,,
2026-07-08T01:51:32.541512+00:00,spot_7,Spot 7,Empty,2026-07-08T01:15:20.940286+00:00,,,,,,,,
2026-07-08T01:51:32.541512+00:00,spot_8,Spot 8,Empty,2026-07-08T01:50:40.398005+00:00,,,,,,,,
2026-07-08T01:51:32.541512+00:00,spot_9,Spot 9,Empty,2026-07-07T23:26:18.854339+00:00,,,,,,,,
2026-07-08T01:51:32.541512+00:00,spot_10,Spot 10,Empty,2026-07-07T21:58:26.831614+00:00,,,,,,,,
2026-07-08T01:51:32.541512+00:00,spot_11,Spot 11,Empty,2026-07-08T01:30:20.895571+00:00,,,,,,,,
2026-07-08T01:51:32.541512+00:00,spot_12,Spot 12,Empty,2026-07-07T21:38:25.635528+00:00,,,,,,,,
2026-07-08T01:51:32.541512+00:00,spot_13,Spot 13,Empty,2026-07-07T22:01:20.711562+00:00,,,,,,,,
2026-07-08T01:51:32.541512+00:00,spot_14,Spot 14,Empty,2026-07-07T21:51:20.011139+00:00,,,,,,,,
2026-07-08T01:51:32.541512+00:00,spot_15,Spot 15,Empty,2026-07-07T23:10:21.918673+00:00,,,,,,,,
2026-07-08T01:51:32.541512+00:00,spot_16,Spot 16,Empty,2026-07-08T01:40:31.480757+00:00,,,,,,,,
2026-07-08T01:51:32.541512+00:00,spot_17,Spot 17,Empty,2026-07-08T01:36:18.951266+00:00,,,,,,,,
2026-07-08T01:52:20.420503+00:00,spot_1,Spot 1,Occupied,2026-07-08T01:33:19.233496+00:00,9,car,0.8538265824317932,1141,567.2750854492188,331.0760498046875,607.9349975585938,373.657470703125
2026-07-08T01:52:20.420503+00:00,spot_2,Spot 2,Empty,2026-07-07T21:10:22.475363+00:00,,,,,,,,
2026-07-08T01:52:20.420503+00:00,spot_3,Spot 3,Empty,2026-07-07T23:49:18.511171+00:00,,,,,,,,
2026-07-08T01:52:20.420503+00:00,spot_4,Spot 4,Empty,2026-07-07T22:26:19.721152+00:00,,,,,,,,
2026-07-08T01:52:20.420503+00:00,spot_5,Spot 5,Occupied,2026-07-08T01:52:20.420503+00:00,14,car,0.422041654586792,0,336.2181091308594,336.53521728515625,363.9620666503906,347.42791748046875
2026-07-08T01:52:20.420503+00:00,spot_6,Spot 6,Empty,2026-07-07T23:35:19.050090+00:00,,,,,,,,
2026-07-08T01:52:20.420503+00:00,spot_7,Spot 7,Empty,2026-07-08T01:15:20.940286+00:00,,,,,,,,
2026-07-08T01:52:20.420503+00:00,spot_8,Spot 8,Empty,2026-07-08T01:50:40.398005+00:00,,,,,,,,
2026-07-08T01:52:20.420503+00:00,spot_9,Spot 9,Empty,2026-07-07T23:26:18.854339+00:00,,,,,,,,
2026-07-08T01:52:20.420503+00:00,spot_10,Spot 10,Empty,2026-07-07T21:58:26.831614+00:00,,,,,,,,
2026-07-08T01:52:20.420503+00:00,spot_11,Spot 11,Empty,2026-07-08T01:30:20.895571+00:00,,,,,,,,
2026-07-08T01:52:20.420503+00:00,spot_12,Spot 12,Empty,2026-07-07T21:38:25.635528+00:00,,,,,,,,
2026-07-08T01:52:20.420503+00:00,spot_13,Spot 13,Empty,2026-07-07T22:01:20.711562+00:00,,,,,,,,
2026-07-08T01:52:20.420503+00:00,spot_14,Spot 14,Empty,2026-07-07T21:51:20.011139+00:00,,,,,,,,
2026-07-08T01:52:20.420503+00:00,spot_15,Spot 15,Empty,2026-07-07T23:10:21.918673+00:00,,,,,,,,
2026-07-08T01:52:20.420503+00:00,spot_16,Spot 16,Empty,2026-07-08T01:40:31.480757+00:00,,,,,,,,
2026-07-08T01:52:20.420503+00:00,spot_17,Spot 17,Empty,2026-07-08T01:36:18.951266+00:00,,,,,,,,
2026-07-08T01:53:19.522782+00:00,spot_1,Spot 1,Occupied,2026-07-08T01:33:19.233496+00:00,9,car,0.6536834836006165,1200,567.32763671875,331.13885498046875,607.3829345703125,372.45709228515625
2026-07-08T01:53:19.522782+00:00,spot_2,Spot 2,Empty,2026-07-07T21:10:22.475363+00:00,,,,,,,,
2026-07-08T01:53:19.522782+00:00,spot_3,Spot 3,Empty,2026-07-07T23:49:18.511171+00:00,,,,,,,,
2026-07-08T01:53:19.522782+00:00,spot_4,Spot 4,Empty,2026-07-07T22:26:19.721152+00:00,,,,,,,,
2026-07-08T01:53:19.522782+00:00,spot_5,Spot 5,Empty,2026-07-08T01:53:19.522782+00:00,,,,,,,,
2026-07-08T01:53:19.522782+00:00,spot_6,Spot 6,Empty,2026-07-07T23:35:19.050090+00:00,,,,,,,,
2026-07-08T01:53:19.522782+00:00,spot_7,Spot 7,Empty,2026-07-08T01:15:20.940286+00:00,,,,,,,,
2026-07-08T01:53:19.522782+00:00,spot_8,Spot 8,Empty,2026-07-08T01:50:40.398005+00:00,,,,,,,,
2026-07-08T01:53:19.522782+00:00,spot_9,Spot 9,Empty,2026-07-07T23:26:18.854339+00:00,,,,,,,,
2026-07-08T01:53:19.522782+00:00,spot_10,Spot 10,Empty,2026-07-07T21:58:26.831614+00:00,,,,,,,,
2026-07-08T01:53:19.522782+00:00,spot_11,Spot 11,Empty,2026-07-08T01:30:20.895571+00:00,,,,,,,,
2026-07-08T01:53:19.522782+00:00,spot_12,Spot 12,Empty,2026-07-07T21:38:25.635528+00:00,,,,,,,,
2026-07-08T01:53:19.522782+00:00,spot_13,Spot 13,Empty,2026-07-07T22:01:20.711562+00:00,,,,,,,,
2026-07-08T01:53:19.522782+00:00,spot_14,Spot 14,Empty,2026-07-07T21:51:20.011139+00:00,,,,,,,,
2026-07-08T01:53:19.522782+00:00,spot_15,Spot 15,Empty,2026-07-07T23:10:21.918673+00:00,,,,,,,,
2026-07-08T01:53:19.522782+00:00,spot_16,Spot 16,Empty,2026-07-08T01:40:31.480757+00:00,,,,,,,,
2026-07-08T01:53:19.522782+00:00,spot_17,Spot 17,Empty,2026-07-08T01:36:18.951266+00:00,,,,,,,,
2026-07-08T01:54:20.616308+00:00,spot_1,Spot 1,Occupied,2026-07-08T01:33:19.233496+00:00,9,car,0.8412039875984192,1263,567.36181640625,331.18798828125,607.80712890625,373.485595703125
2026-07-08T01:54:20.616308+00:00,spot_2,Spot 2,Empty,2026-07-07T21:10:22.475363+00:00,,,,,,,,
2026-07-08T01:54:20.616308+00:00,spot_3,Spot 3,Empty,2026-07-07T23:49:18.511171+00:00,,,,,,,,
2026-07-08T01:54:20.616308+00:00,spot_4,Spot 4,Empty,2026-07-07T22:26:19.721152+00:00,,,,,,,,
2026-07-08T01:54:20.616308+00:00,spot_5,Spot 5,Empty,2026-07-08T01:53:19.522782+00:00,,,,,,,,
2026-07-08T01:54:20.616308+00:00,spot_6,Spot 6,Empty,2026-07-07T23:35:19.050090+00:00,,,,,,,,
2026-07-08T01:54:20.616308+00:00,spot_7,Spot 7,Empty,2026-07-08T01:15:20.940286+00:00,,,,,,,,
2026-07-08T01:54:20.616308+00:00,spot_8,Spot 8,Empty,2026-07-08T01:50:40.398005+00:00,,,,,,,,
2026-07-08T01:54:20.616308+00:00,spot_9,Spot 9,Empty,2026-07-07T23:26:18.854339+00:00,,,,,,,,
2026-07-08T01:54:20.616308+00:00,spot_10,Spot 10,Empty,2026-07-07T21:58:26.831614+00:00,,,,,,,,
2026-07-08T01:54:20.616308+00:00,spot_11,Spot 11,Empty,2026-07-08T01:30:20.895571+00:00,,,,,,,,
2026-07-08T01:54:20.616308+00:00,spot_12,Spot 12,Empty,2026-07-07T21:38:25.635528+00:00,,,,,,,,
2026-07-08T01:54:20.616308+00:00,spot_13,Spot 13,Empty,2026-07-07T22:01:20.711562+00:00,,,,,,,,
2026-07-08T01:54:20.616308+00:00,spot_14,Spot 14,Empty,2026-07-07T21:51:20.011139+00:00,,,,,,,,
2026-07-08T01:54:20.616308+00:00,spot_15,Spot 15,Empty,2026-07-07T23:10:21.918673+00:00,,,,,,,,
2026-07-08T01:54:20.616308+00:00,spot_16,Spot 16,Empty,2026-07-08T01:40:31.480757+00:00,,,,,,,,
2026-07-08T01:54:20.616308+00:00,spot_17,Spot 17,Empty,2026-07-08T01:36:18.951266+00:00,,,,,,,,
2026-07-08T01:55:20.963468+00:00,spot_1,Spot 1,Occupied,2026-07-08T01:33:19.233496+00:00,9,car,0.8270416259765625,1322,567.1904907226562,331.23468017578125,608.0343627929688,372.681396484375
2026-07-08T01:55:20.963468+00:00,spot_2,Spot 2,Empty,2026-07-07T21:10:22.475363+00:00,,,,,,,,
2026-07-08T01:55:20.963468+00:00,spot_3,Spot 3,Empty,2026-07-07T23:49:18.511171+00:00,,,,,,,,
2026-07-08T01:55:20.963468+00:00,spot_4,Spot 4,Empty,2026-07-07T22:26:19.721152+00:00,,,,,,,,
2026-07-08T01:55:20.963468+00:00,spot_5,Spot 5,Empty,2026-07-08T01:53:19.522782+00:00,,,,,,,,
2026-07-08T01:55:20.963468+00:00,spot_6,Spot 6,Empty,2026-07-07T23:35:19.050090+00:00,,,,,,,,
2026-07-08T01:55:20.963468+00:00,spot_7,Spot 7,Empty,2026-07-08T01:15:20.940286+00:00,,,,,,,,
2026-07-08T01:55:20.963468+00:00,spot_8,Spot 8,Empty,2026-07-08T01:50:40.398005+00:00,,,,,,,,
2026-07-08T01:55:20.963468+00:00,spot_9,Spot 9,Empty,2026-07-07T23:26:18.854339+00:00,,,,,,,,
2026-07-08T01:55:20.963468+00:00,spot_10,Spot 10,Empty,2026-07-07T21:58:26.831614+00:00,,,,,,,,
2026-07-08T01:55:20.963468+00:00,spot_11,Spot 11,Empty,2026-07-08T01:30:20.895571+00:00,,,,,,,,
2026-07-08T01:55:20.963468+00:00,spot_12,Spot 12,Empty,2026-07-07T21:38:25.635528+00:00,,,,,,,,
2026-07-08T01:55:20.963468+00:00,spot_13,Spot 13,Empty,2026-07-07T22:01:20.711562+00:00,,,,,,,,
2026-07-08T01:55:20.963468+00:00,spot_14,Spot 14,Empty,2026-07-07T21:51:20.011139+00:00,,,,,,,,
2026-07-08T01:55:20.963468+00:00,spot_15,Spot 15,Empty,2026-07-07T23:10:21.918673+00:00,,,,,,,,
2026-07-08T01:55:20.963468+00:00,spot_16,Spot 16,Empty,2026-07-08T01:40:31.480757+00:00,,,,,,,,
2026-07-08T01:55:20.963468+00:00,spot_17,Spot 17,Empty,2026-07-08T01:36:18.951266+00:00,,,,,,,,
2026-07-08T01:56:45.169684+00:00,spot_1,Spot 1,Occupied,2026-07-08T01:33:19.233496+00:00,9,car,0.8302387595176697,1408,567.4136352539062,330.987548828125,608.0333862304688,372.732177734375
2026-07-08T01:56:45.169684+00:00,spot_2,Spot 2,Empty,2026-07-07T21:10:22.475363+00:00,,,,,,,,
2026-07-08T01:56:45.169684+00:00,spot_3,Spot 3,Empty,2026-07-07T23:49:18.511171+00:00,,,,,,,,
2026-07-08T01:56:45.169684+00:00,spot_4,Spot 4,Empty,2026-07-07T22:26:19.721152+00:00,,,,,,,,
2026-07-08T01:56:45.169684+00:00,spot_5,Spot 5,Empty,2026-07-08T01:53:19.522782+00:00,,,,,,,,
2026-07-08T01:56:45.169684+00:00,spot_6,Spot 6,Empty,2026-07-07T23:35:19.050090+00:00,,,,,,,,
2026-07-08T01:56:45.169684+00:00,spot_7,Spot 7,Empty,2026-07-08T01:15:20.940286+00:00,,,,,,,,
2026-07-08T01:56:45.169684+00:00,spot_8,Spot 8,Empty,2026-07-08T01:50:40.398005+00:00,,,,,,,,
2026-07-08T01:56:45.169684+00:00,spot_9,Spot 9,Empty,2026-07-07T23:26:18.854339+00:00,,,,,,,,
2026-07-08T01:56:45.169684+00:00,spot_10,Spot 10,Empty,2026-07-07T21:58:26.831614+00:00,,,,,,,,
2026-07-08T01:56:45.169684+00:00,spot_11,Spot 11,Empty,2026-07-08T01:30:20.895571+00:00,,,,,,,,
2026-07-08T01:56:45.169684+00:00,spot_12,Spot 12,Empty,2026-07-07T21:38:25.635528+00:00,,,,,,,,
2026-07-08T01:56:45.169684+00:00,spot_13,Spot 13,Empty,2026-07-07T22:01:20.711562+00:00,,,,,,,,
2026-07-08T01:56:45.169684+00:00,spot_14,Spot 14,Empty,2026-07-07T21:51:20.011139+00:00,,,,,,,,
2026-07-08T01:56:45.169684+00:00,spot_15,Spot 15,Empty,2026-07-07T23:10:21.918673+00:00,,,,,,,,
2026-07-08T01:56:45.169684+00:00,spot_16,Spot 16,Empty,2026-07-08T01:40:31.480757+00:00,,,,,,,,
2026-07-08T01:56:45.169684+00:00,spot_17,Spot 17,Empty,2026-07-08T01:36:18.951266+00:00,,,,,,,,
2026-07-08T01:57:35.504198+00:00,spot_1,Spot 1,Occupied,2026-07-08T01:33:19.233496+00:00,9,car,0.8351858854293823,1455,567.435302734375,331.22967529296875,607.83642578125,372.37518310546875
2026-07-08T01:57:35.504198+00:00,spot_2,Spot 2,Empty,2026-07-07T21:10:22.475363+00:00,,,,,,,,
2026-07-08T01:57:35.504198+00:00,spot_3,Spot 3,Empty,2026-07-07T23:49:18.511171+00:00,,,,,,,,
2026-07-08T01:57:35.504198+00:00,spot_4,Spot 4,Empty,2026-07-07T22:26:19.721152+00:00,,,,,,,,
2026-07-08T01:57:35.504198+00:00,spot_5,Spot 5,Occupied,2026-07-08T01:57:35.504198+00:00,15,car,0.47349298000335693,0,337.3945617675781,336.91619873046875,363.5137023925781,347.8621826171875
2026-07-08T01:57:35.504198+00:00,spot_6,Spot 6,Empty,2026-07-07T23:35:19.050090+00:00,,,,,,,,
2026-07-08T01:57:35.504198+00:00,spot_7,Spot 7,Empty,2026-07-08T01:15:20.940286+00:00,,,,,,,,
2026-07-08T01:57:35.504198+00:00,spot_8,Spot 8,Empty,2026-07-08T01:50:40.398005+00:00,,,,,,,,
2026-07-08T01:57:35.504198+00:00,spot_9,Spot 9,Empty,2026-07-07T23:26:18.854339+00:00,,,,,,,,
2026-07-08T01:57:35.504198+00:00,spot_10,Spot 10,Empty,2026-07-07T21:58:26.831614+00:00,,,,,,,,
2026-07-08T01:57:35.504198+00:00,spot_11,Spot 11,Empty,2026-07-08T01:30:20.895571+00:00,,,,,,,,
2026-07-08T01:57:35.504198+00:00,spot_12,Spot 12,Empty,2026-07-07T21:38:25.635528+00:00,,,,,,,,
2026-07-08T01:57:35.504198+00:00,spot_13,Spot 13,Empty,2026-07-07T22:01:20.711562+00:00,,,,,,,,
2026-07-08T01:57:35.504198+00:00,spot_14,Spot 14,Empty,2026-07-07T21:51:20.011139+00:00,,,,,,,,
2026-07-08T01:57:35.504198+00:00,spot_15,Spot 15,Empty,2026-07-07T23:10:21.918673+00:00,,,,,,,,
2026-07-08T01:57:35.504198+00:00,spot_16,Spot 16,Empty,2026-07-08T01:40:31.480757+00:00,,,,,,,,
2026-07-08T01:57:35.504198+00:00,spot_17,Spot 17,Empty,2026-07-08T01:36:18.951266+00:00,,,,,,,,
2026-07-08T01:58:19.367505+00:00,spot_1,Spot 1,Occupied,2026-07-08T01:33:19.233496+00:00,9,car,0.8351858854293823,1500,567.435302734375,331.22967529296875,607.83642578125,372.37518310546875
2026-07-08T01:58:19.367505+00:00,spot_2,Spot 2,Empty,2026-07-07T21:10:22.475363+00:00,,,,,,,,
2026-07-08T01:58:19.367505+00:00,spot_3,Spot 3,Empty,2026-07-07T23:49:18.511171+00:00,,,,,,,,
2026-07-08T01:58:19.367505+00:00,spot_4,Spot 4,Empty,2026-07-07T22:26:19.721152+00:00,,,,,,,,
2026-07-08T01:58:19.367505+00:00,spot_5,Spot 5,Occupied,2026-07-08T01:57:35.504198+00:00,15,car,0.47349298000335693,44,337.3945617675781,336.91619873046875,363.5137023925781,347.8621826171875
2026-07-08T01:58:19.367505+00:00,spot_6,Spot 6,Empty,2026-07-07T23:35:19.050090+00:00,,,,,,,,
2026-07-08T01:58:19.367505+00:00,spot_7,Spot 7,Empty,2026-07-08T01:15:20.940286+00:00,,,,,,,,
2026-07-08T01:58:19.367505+00:00,spot_8,Spot 8,Empty,2026-07-08T01:50:40.398005+00:00,,,,,,,,
2026-07-08T01:58:19.367505+00:00,spot_9,Spot 9,Empty,2026-07-07T23:26:18.854339+00:00,,,,,,,,
2026-07-08T01:58:19.367505+00:00,spot_10,Spot 10,Empty,2026-07-07T21:58:26.831614+00:00,,,,,,,,
2026-07-08T01:58:19.367505+00:00,spot_11,Spot 11,Empty,2026-07-08T01:30:20.895571+00:00,,,,,,,,
2026-07-08T01:58:19.367505+00:00,spot_12,Spot 12,Empty,2026-07-07T21:38:25.635528+00:00,,,,,,,,
2026-07-08T01:58:19.367505+00:00,spot_13,Spot 13,Empty,2026-07-07T22:01:20.711562+00:00,,,,,,,,
2026-07-08T01:58:19.367505+00:00,spot_14,Spot 14,Empty,2026-07-07T21:51:20.011139+00:00,,,,,,,,
2026-07-08T01:58:19.367505+00:00,spot_15,Spot 15,Empty,2026-07-07T23:10:21.918673+00:00,,,,,,,,
2026-07-08T01:58:19.367505+00:00,spot_16,Spot 16,Empty,2026-07-08T01:40:31.480757+00:00,,,,,,,,
2026-07-08T01:58:19.367505+00:00,spot_17,Spot 17,Empty,2026-07-08T01:36:18.951266+00:00,,,,,,,,
2026-07-08T01:59:20.174830+00:00,spot_1,Spot 1,Occupied,2026-07-08T01:33:19.233496+00:00,9,car,0.8690223693847656,1561,567.387451171875,331.014404296875,607.544677734375,372.56109619140625
2026-07-08T01:59:20.174830+00:00,spot_2,Spot 2,Empty,2026-07-07T21:10:22.475363+00:00,,,,,,,,
2026-07-08T01:59:20.174830+00:00,spot_3,Spot 3,Empty,2026-07-07T23:49:18.511171+00:00,,,,,,,,
2026-07-08T01:59:20.174830+00:00,spot_4,Spot 4,Empty,2026-07-07T22:26:19.721152+00:00,,,,,,,,
2026-07-08T01:59:20.174830+00:00,spot_5,Spot 5,Empty,2026-07-08T01:59:20.174830+00:00,,,,,,,,
2026-07-08T01:59:20.174830+00:00,spot_6,Spot 6,Empty,2026-07-07T23:35:19.050090+00:00,,,,,,,,
2026-07-08T01:59:20.174830+00:00,spot_7,Spot 7,Empty,2026-07-08T01:15:20.940286+00:00,,,,,,,,
2026-07-08T01:59:20.174830+00:00,spot_8,Spot 8,Empty,2026-07-08T01:50:40.398005+00:00,,,,,,,,
2026-07-08T01:59:20.174830+00:00,spot_9,Spot 9,Empty,2026-07-07T23:26:18.854339+00:00,,,,,,,,
2026-07-08T01:59:20.174830+00:00,spot_10,Spot 10,Empty,2026-07-07T21:58:26.831614+00:00,,,,,,,,
2026-07-08T01:59:20.174830+00:00,spot_11,Spot 11,Empty,2026-07-08T01:30:20.895571+00:00,,,,,,,,
2026-07-08T01:59:20.174830+00:00,spot_12,Spot 12,Empty,2026-07-07T21:38:25.635528+00:00,,,,,,,,
2026-07-08T01:59:20.174830+00:00,spot_13,Spot 13,Empty,2026-07-07T22:01:20.711562+00:00,,,,,,,,
2026-07-08T01:59:20.174830+00:00,spot_14,Spot 14,Empty,2026-07-07T21:51:20.011139+00:00,,,,,,,,
2026-07-08T01:59:20.174830+00:00,spot_15,Spot 15,Empty,2026-07-07T23:10:21.918673+00:00,,,,,,,,
2026-07-08T01:59:20.174830+00:00,spot_16,Spot 16,Empty,2026-07-08T01:40:31.480757+00:00,,,,,,,,
2026-07-08T01:59:20.174830+00:00,spot_17,Spot 17,Empty,2026-07-08T01:36:18.951266+00:00,,,,,,,,
2026-07-08T02:00:23.513054+00:00,spot_1,Spot 1,Occupied,2026-07-08T01:33:19.233496+00:00,9,car,0.8254607915878296,1624,567.2960815429688,331.02691650390625,607.2697143554688,373.00115966796875
2026-07-08T02:00:23.513054+00:00,spot_2,Spot 2,Empty,2026-07-07T21:10:22.475363+00:00,,,,,,,,
2026-07-08T02:00:23.513054+00:00,spot_3,Spot 3,Empty,2026-07-07T23:49:18.511171+00:00,,,,,,,,
2026-07-08T02:00:23.513054+00:00,spot_4,Spot 4,Empty,2026-07-07T22:26:19.721152+00:00,,,,,,,,
2026-07-08T02:00:23.513054+00:00,spot_5,Spot 5,Empty,2026-07-08T01:59:20.174830+00:00,,,,,,,,
2026-07-08T02:00:23.513054+00:00,spot_6,Spot 6,Empty,2026-07-07T23:35:19.050090+00:00,,,,,,,,
2026-07-08T02:00:23.513054+00:00,spot_7,Spot 7,Empty,2026-07-08T01:15:20.940286+00:00,,,,,,,,
2026-07-08T02:00:23.513054+00:00,spot_8,Spot 8,Empty,2026-07-08T01:50:40.398005+00:00,,,,,,,,
2026-07-08T02:00:23.513054+00:00,spot_9,Spot 9,Empty,2026-07-07T23:26:18.854339+00:00,,,,,,,,
2026-07-08T02:00:23.513054+00:00,spot_10,Spot 10,Empty,2026-07-07T21:58:26.831614+00:00,,,,,,,,
2026-07-08T02:00:23.513054+00:00,spot_11,Spot 11,Empty,2026-07-08T01:30:20.895571+00:00,,,,,,,,
2026-07-08T02:00:23.513054+00:00,spot_12,Spot 12,Empty,2026-07-07T21:38:25.635528+00:00,,,,,,,,
2026-07-08T02:00:23.513054+00:00,spot_13,Spot 13,Empty,2026-07-07T22:01:20.711562+00:00,,,,,,,,
2026-07-08T02:00:23.513054+00:00,spot_14,Spot 14,Empty,2026-07-07T21:51:20.011139+00:00,,,,,,,,
2026-07-08T02:00:23.513054+00:00,spot_15,Spot 15,Empty,2026-07-07T23:10:21.918673+00:00,,,,,,,,
2026-07-08T02:00:23.513054+00:00,spot_16,Spot 16,Empty,2026-07-08T01:40:31.480757+00:00,,,,,,,,
2026-07-08T02:00:23.513054+00:00,spot_17,Spot 17,Empty,2026-07-08T01:36:18.951266+00:00,,,,,,,,
2026-07-08T02:01:20.427599+00:00,spot_1,Spot 1,Occupied,2026-07-08T01:33:19.233496+00:00,9,car,0.8620108962059021,1680,567.4380493164062,331.3101806640625,607.6781616210938,372.34912109375
2026-07-08T02:01:20.427599+00:00,spot_2,Spot 2,Empty,2026-07-07T21:10:22.475363+00:00,,,,,,,,
2026-07-08T02:01:20.427599+00:00,spot_3,Spot 3,Empty,2026-07-07T23:49:18.511171+00:00,,,,,,,,
2026-07-08T02:01:20.427599+00:00,spot_4,Spot 4,Empty,2026-07-07T22:26:19.721152+00:00,,,,,,,,
2026-07-08T02:01:20.427599+00:00,spot_5,Spot 5,Empty,2026-07-08T01:59:20.174830+00:00,,,,,,,,
2026-07-08T02:01:20.427599+00:00,spot_6,Spot 6,Empty,2026-07-07T23:35:19.050090+00:00,,,,,,,,
2026-07-08T02:01:20.427599+00:00,spot_7,Spot 7,Empty,2026-07-08T01:15:20.940286+00:00,,,,,,,,
2026-07-08T02:01:20.427599+00:00,spot_8,Spot 8,Empty,2026-07-08T01:50:40.398005+00:00,,,,,,,,
2026-07-08T02:01:20.427599+00:00,spot_9,Spot 9,Empty,2026-07-07T23:26:18.854339+00:00,,,,,,,,
2026-07-08T02:01:20.427599+00:00,spot_10,Spot 10,Empty,2026-07-07T21:58:26.831614+00:00,,,,,,,,
2026-07-08T02:01:20.427599+00:00,spot_11,Spot 11,Empty,2026-07-08T01:30:20.895571+00:00,,,,,,,,
2026-07-08T02:01:20.427599+00:00,spot_12,Spot 12,Empty,2026-07-07T21:38:25.635528+00:00,,,,,,,,
2026-07-08T02:01:20.427599+00:00,spot_13,Spot 13,Empty,2026-07-07T22:01:20.711562+00:00,,,,,,,,
2026-07-08T02:01:20.427599+00:00,spot_14,Spot 14,Empty,2026-07-07T21:51:20.011139+00:00,,,,,,,,
2026-07-08T02:01:20.427599+00:00,spot_15,Spot 15,Empty,2026-07-07T23:10:21.918673+00:00,,,,,,,,
2026-07-08T02:01:20.427599+00:00,spot_16,Spot 16,Empty,2026-07-08T01:40:31.480757+00:00,,,,,,,,
2026-07-08T02:01:20.427599+00:00,spot_17,Spot 17,Empty,2026-07-08T01:36:18.951266+00:00,,,,,,,,
2026-07-08T02:02:33.198972+00:00,spot_1,Spot 1,Occupied,2026-07-08T01:33:19.233496+00:00,9,car,0.8680577278137207,1755,567.4647216796875,330.908935546875,607.8638916015625,372.46533203125
2026-07-08T02:02:33.198972+00:00,spot_2,Spot 2,Empty,2026-07-07T21:10:22.475363+00:00,,,,,,,,
2026-07-08T02:02:33.198972+00:00,spot_3,Spot 3,Empty,2026-07-07T23:49:18.511171+00:00,,,,,,,,
2026-07-08T02:02:33.198972+00:00,spot_4,Spot 4,Empty,2026-07-07T22:26:19.721152+00:00,,,,,,,,
2026-07-08T02:02:33.198972+00:00,spot_5,Spot 5,Empty,2026-07-08T01:59:20.174830+00:00,,,,,,,,
2026-07-08T02:02:33.198972+00:00,spot_6,Spot 6,Empty,2026-07-07T23:35:19.050090+00:00,,,,,,,,
2026-07-08T02:02:33.198972+00:00,spot_7,Spot 7,Empty,2026-07-08T01:15:20.940286+00:00,,,,,,,,
2026-07-08T02:02:33.198972+00:00,spot_8,Spot 8,Empty,2026-07-08T01:50:40.398005+00:00,,,,,,,,
2026-07-08T02:02:33.198972+00:00,spot_9,Spot 9,Empty,2026-07-07T23:26:18.854339+00:00,,,,,,,,
2026-07-08T02:02:33.198972+00:00,spot_10,Spot 10,Empty,2026-07-07T21:58:26.831614+00:00,,,,,,,,
2026-07-08T02:02:33.198972+00:00,spot_11,Spot 11,Empty,2026-07-08T01:30:20.895571+00:00,,,,,,,,
2026-07-08T02:02:33.198972+00:00,spot_12,Spot 12,Empty,2026-07-07T21:38:25.635528+00:00,,,,,,,,
2026-07-08T02:02:33.198972+00:00,spot_13,Spot 13,Empty,2026-07-07T22:01:20.711562+00:00,,,,,,,,
2026-07-08T02:02:33.198972+00:00,spot_14,Spot 14,Empty,2026-07-07T21:51:20.011139+00:00,,,,,,,,
2026-07-08T02:02:33.198972+00:00,spot_15,Spot 15,Empty,2026-07-07T23:10:21.918673+00:00,,,,,,,,
2026-07-08T02:02:33.198972+00:00,spot_16,Spot 16,Empty,2026-07-08T01:40:31.480757+00:00,,,,,,,,
2026-07-08T02:02:33.198972+00:00,spot_17,Spot 17,Empty,2026-07-08T01:36:18.951266+00:00,,,,,,,,
2026-07-08T02:03:22.530873+00:00,spot_1,Spot 1,Occupied,2026-07-08T01:33:19.233496+00:00,9,car,0.8673532605171204,1803,567.4046630859375,330.89971923828125,607.8382568359375,372.53155517578125
2026-07-08T02:03:22.530873+00:00,spot_2,Spot 2,Empty,2026-07-07T21:10:22.475363+00:00,,,,,,,,
2026-07-08T02:03:22.530873+00:00,spot_3,Spot 3,Empty,2026-07-07T23:49:18.511171+00:00,,,,,,,,
2026-07-08T02:03:22.530873+00:00,spot_4,Spot 4,Empty,2026-07-07T22:26:19.721152+00:00,,,,,,,,
2026-07-08T02:03:22.530873+00:00,spot_5,Spot 5,Empty,2026-07-08T01:59:20.174830+00:00,,,,,,,,
2026-07-08T02:03:22.530873+00:00,spot_6,Spot 6,Empty,2026-07-07T23:35:19.050090+00:00,,,,,,,,
2026-07-08T02:03:22.530873+00:00,spot_7,Spot 7,Empty,2026-07-08T01:15:20.940286+00:00,,,,,,,,
2026-07-08T02:03:22.530873+00:00,spot_8,Spot 8,Empty,2026-07-08T01:50:40.398005+00:00,,,,,,,,
2026-07-08T02:03:22.530873+00:00,spot_9,Spot 9,Empty,2026-07-07T23:26:18.854339+00:00,,,,,,,,
2026-07-08T02:03:22.530873+00:00,spot_10,Spot 10,Empty,2026-07-07T21:58:26.831614+00:00,,,,,,,,
2026-07-08T02:03:22.530873+00:00,spot_11,Spot 11,Empty,2026-07-08T01:30:20.895571+00:00,,,,,,,,
2026-07-08T02:03:22.530873+00:00,spot_12,Spot 12,Empty,2026-07-07T21:38:25.635528+00:00,,,,,,,,
2026-07-08T02:03:22.530873+00:00,spot_13,Spot 13,Empty,2026-07-07T22:01:20.711562+00:00,,,,,,,,
2026-07-08T02:03:22.530873+00:00,spot_14,Spot 14,Empty,2026-07-07T21:51:20.011139+00:00,,,,,,,,
2026-07-08T02:03:22.530873+00:00,spot_15,Spot 15,Empty,2026-07-07T23:10:21.918673+00:00,,,,,,,,
2026-07-08T02:03:22.530873+00:00,spot_16,Spot 16,Empty,2026-07-08T01:40:31.480757+00:00,,,,,,,,
2026-07-08T02:03:22.530873+00:00,spot_17,Spot 17,Empty,2026-07-08T01:36:18.951266+00:00,,,,,,,,
2026-07-08T02:04:21.442145+00:00,spot_1,Spot 1,Occupied,2026-07-08T01:33:19.233496+00:00,9,car,0.8596245050430298,1864,567.5269775390625,330.94091796875,607.8211669921875,372.3861083984375
2026-07-08T02:04:21.442145+00:00,spot_2,Spot 2,Empty,2026-07-07T21:10:22.475363+00:00,,,,,,,,
2026-07-08T02:04:21.442145+00:00,spot_3,Spot 3,Empty,2026-07-07T23:49:18.511171+00:00,,,,,,,,
2026-07-08T02:04:21.442145+00:00,spot_4,Spot 4,Empty,2026-07-07T22:26:19.721152+00:00,,,,,,,,
2026-07-08T02:04:21.442145+00:00,spot_5,Spot 5,Empty,2026-07-08T01:59:20.174830+00:00,,,,,,,,
2026-07-08T02:04:21.442145+00:00,spot_6,Spot 6,Empty,2026-07-07T23:35:19.050090+00:00,,,,,,,,
2026-07-08T02:04:21.442145+00:00,spot_7,Spot 7,Empty,2026-07-08T01:15:20.940286+00:00,,,,,,,,
2026-07-08T02:04:21.442145+00:00,spot_8,Spot 8,Empty,2026-07-08T01:50:40.398005+00:00,,,,,,,,
2026-07-08T02:04:21.442145+00:00,spot_9,Spot 9,Empty,2026-07-07T23:26:18.854339+00:00,,,,,,,,
2026-07-08T02:04:21.442145+00:00,spot_10,Spot 10,Empty,2026-07-07T21:58:26.831614+00:00,,,,,,,,
2026-07-08T02:04:21.442145+00:00,spot_11,Spot 11,Empty,2026-07-08T01:30:20.895571+00:00,,,,,,,,
2026-07-08T02:04:21.442145+00:00,spot_12,Spot 12,Empty,2026-07-07T21:38:25.635528+00:00,,,,,,,,
2026-07-08T02:04:21.442145+00:00,spot_13,Spot 13,Empty,2026-07-07T22:01:20.711562+00:00,,,,,,,,
2026-07-08T02:04:21.442145+00:00,spot_14,Spot 14,Empty,2026-07-07T21:51:20.011139+00:00,,,,,,,,
2026-07-08T02:04:21.442145+00:00,spot_15,Spot 15,Empty,2026-07-07T23:10:21.918673+00:00,,,,,,,,
2026-07-08T02:04:21.442145+00:00,spot_16,Spot 16,Empty,2026-07-08T01:40:31.480757+00:00,,,,,,,,
2026-07-08T02:04:21.442145+00:00,spot_17,Spot 17,Empty,2026-07-08T01:36:18.951266+00:00,,,,,,,,
2026-07-08T02:05:20.823236+00:00,spot_1,Spot 1,Occupied,2026-07-08T01:33:19.233496+00:00,9,car,0.8666871786117554,1921,567.6338500976562,330.91339111328125,607.5477905273438,372.50494384765625
2026-07-08T02:05:20.823236+00:00,spot_2,Spot 2,Empty,2026-07-07T21:10:22.475363+00:00,,,,,,,,
2026-07-08T02:05:20.823236+00:00,spot_3,Spot 3,Empty,2026-07-07T23:49:18.511171+00:00,,,,,,,,
2026-07-08T02:05:20.823236+00:00,spot_4,Spot 4,Empty,2026-07-07T22:26:19.721152+00:00,,,,,,,,
2026-07-08T02:05:20.823236+00:00,spot_5,Spot 5,Empty,2026-07-08T01:59:20.174830+00:00,,,,,,,,
2026-07-08T02:05:20.823236+00:00,spot_6,Spot 6,Empty,2026-07-07T23:35:19.050090+00:00,,,,,,,,
2026-07-08T02:05:20.823236+00:00,spot_7,Spot 7,Empty,2026-07-08T01:15:20.940286+00:00,,,,,,,,
2026-07-08T02:05:20.823236+00:00,spot_8,Spot 8,Empty,2026-07-08T01:50:40.398005+00:00,,,,,,,,
2026-07-08T02:05:20.823236+00:00,spot_9,Spot 9,Empty,2026-07-07T23:26:18.854339+00:00,,,,,,,,
2026-07-08T02:05:20.823236+00:00,spot_10,Spot 10,Empty,2026-07-07T21:58:26.831614+00:00,,,,,,,,
2026-07-08T02:05:20.823236+00:00,spot_11,Spot 11,Empty,2026-07-08T01:30:20.895571+00:00,,,,,,,,
2026-07-08T02:05:20.823236+00:00,spot_12,Spot 12,Empty,2026-07-07T21:38:25.635528+00:00,,,,,,,,
2026-07-08T02:05:20.823236+00:00,spot_13,Spot 13,Empty,2026-07-07T22:01:20.711562+00:00,,,,,,,,
2026-07-08T02:05:20.823236+00:00,spot_14,Spot 14,Empty,2026-07-07T21:51:20.011139+00:00,,,,,,,,
2026-07-08T02:05:20.823236+00:00,spot_15,Spot 15,Empty,2026-07-07T23:10:21.918673+00:00,,,,,,,,
2026-07-08T02:05:20.823236+00:00,spot_16,Spot 16,Empty,2026-07-08T01:40:31.480757+00:00,,,,,,,,
2026-07-08T02:05:20.823236+00:00,spot_17,Spot 17,Empty,2026-07-08T01:36:18.951266+00:00,,,,,,,,
2026-07-08T02:06:20.091837+00:00,spot_1,Spot 1,Occupied,2026-07-08T01:33:19.233496+00:00,9,car,0.8385939598083496,1981,567.759521484375,330.5843505859375,607.368896484375,372.9903564453125
2026-07-08T02:06:20.091837+00:00,spot_2,Spot 2,Empty,2026-07-07T21:10:22.475363+00:00,,,,,,,,
2026-07-08T02:06:20.091837+00:00,spot_3,Spot 3,Empty,2026-07-07T23:49:18.511171+00:00,,,,,,,,
2026-07-08T02:06:20.091837+00:00,spot_4,Spot 4,Empty,2026-07-07T22:26:19.721152+00:00,,,,,,,,
2026-07-08T02:06:20.091837+00:00,spot_5,Spot 5,Empty,2026-07-08T01:59:20.174830+00:00,,,,,,,,
2026-07-08T02:06:20.091837+00:00,spot_6,Spot 6,Empty,2026-07-07T23:35:19.050090+00:00,,,,,,,,
2026-07-08T02:06:20.091837+00:00,spot_7,Spot 7,Empty,2026-07-08T01:15:20.940286+00:00,,,,,,,,
2026-07-08T02:06:20.091837+00:00,spot_8,Spot 8,Empty,2026-07-08T01:50:40.398005+00:00,,,,,,,,
2026-07-08T02:06:20.091837+00:00,spot_9,Spot 9,Empty,2026-07-07T23:26:18.854339+00:00,,,,,,,,
2026-07-08T02:06:20.091837+00:00,spot_10,Spot 10,Empty,2026-07-07T21:58:26.831614+00:00,,,,,,,,
2026-07-08T02:06:20.091837+00:00,spot_11,Spot 11,Empty,2026-07-08T01:30:20.895571+00:00,,,,,,,,
2026-07-08T02:06:20.091837+00:00,spot_12,Spot 12,Empty,2026-07-07T21:38:25.635528+00:00,,,,,,,,
2026-07-08T02:06:20.091837+00:00,spot_13,Spot 13,Empty,2026-07-07T22:01:20.711562+00:00,,,,,,,,
2026-07-08T02:06:20.091837+00:00,spot_14,Spot 14,Empty,2026-07-07T21:51:20.011139+00:00,,,,,,,,
2026-07-08T02:06:20.091837+00:00,spot_15,Spot 15,Empty,2026-07-07T23:10:21.918673+00:00,,,,,,,,
2026-07-08T02:06:20.091837+00:00,spot_16,Spot 16,Empty,2026-07-08T01:40:31.480757+00:00,,,,,,,,
2026-07-08T02:06:20.091837+00:00,spot_17,Spot 17,Empty,2026-07-08T01:36:18.951266+00:00,,,,,,,,
2026-07-08T02:07:21.679551+00:00,spot_1,Spot 1,Occupied,2026-07-08T01:33:19.233496+00:00,9,car,0.8226384520530701,2042,567.6177368164062,330.75726318359375,607.3748168945312,372.41583251953125
2026-07-08T02:07:21.679551+00:00,spot_2,Spot 2,Empty,2026-07-07T21:10:22.475363+00:00,,,,,,,,
2026-07-08T02:07:21.679551+00:00,spot_3,Spot 3,Empty,2026-07-07T23:49:18.511171+00:00,,,,,,,,
2026-07-08T02:07:21.679551+00:00,spot_4,Spot 4,Empty,2026-07-07T22:26:19.721152+00:00,,,,,,,,
2026-07-08T02:07:21.679551+00:00,spot_5,Spot 5,Empty,2026-07-08T01:59:20.174830+00:00,,,,,,,,
2026-07-08T02:07:21.679551+00:00,spot_6,Spot 6,Empty,2026-07-07T23:35:19.050090+00:00,,,,,,,,
2026-07-08T02:07:21.679551+00:00,spot_7,Spot 7,Empty,2026-07-08T01:15:20.940286+00:00,,,,,,,,
2026-07-08T02:07:21.679551+00:00,spot_8,Spot 8,Empty,2026-07-08T01:50:40.398005+00:00,,,,,,,,
2026-07-08T02:07:21.679551+00:00,spot_9,Spot 9,Empty,2026-07-07T23:26:18.854339+00:00,,,,,,,,
2026-07-08T02:07:21.679551+00:00,spot_10,Spot 10,Empty,2026-07-07T21:58:26.831614+00:00,,,,,,,,
2026-07-08T02:07:21.679551+00:00,spot_11,Spot 11,Empty,2026-07-08T01:30:20.895571+00:00,,,,,,,,
2026-07-08T02:07:21.679551+00:00,spot_12,Spot 12,Empty,2026-07-07T21:38:25.635528+00:00,,,,,,,,
2026-07-08T02:07:21.679551+00:00,spot_13,Spot 13,Empty,2026-07-07T22:01:20.711562+00:00,,,,,,,,
2026-07-08T02:07:21.679551+00:00,spot_14,Spot 14,Empty,2026-07-07T21:51:20.011139+00:00,,,,,,,,
2026-07-08T02:07:21.679551+00:00,spot_15,Spot 15,Empty,2026-07-07T23:10:21.918673+00:00,,,,,,,,
2026-07-08T02:07:21.679551+00:00,spot_16,Spot 16,Empty,2026-07-08T01:40:31.480757+00:00,,,,,,,,
2026-07-08T02:07:21.679551+00:00,spot_17,Spot 17,Empty,2026-07-08T01:36:18.951266+00:00,,,,,,,,
2026-07-08T02:08:29.051677+00:00,spot_1,Spot 1,Occupied,2026-07-08T01:33:19.233496+00:00,9,car,0.8303568959236145,2111,567.7449951171875,330.86322021484375,607.6160888671875,372.65692138671875
2026-07-08T02:08:29.051677+00:00,spot_2,Spot 2,Empty,2026-07-07T21:10:22.475363+00:00,,,,,,,,
2026-07-08T02:08:29.051677+00:00,spot_3,Spot 3,Empty,2026-07-07T23:49:18.511171+00:00,,,,,,,,
2026-07-08T02:08:29.051677+00:00,spot_4,Spot 4,Empty,2026-07-07T22:26:19.721152+00:00,,,,,,,,
2026-07-08T02:08:29.051677+00:00,spot_5,Spot 5,Empty,2026-07-08T01:59:20.174830+00:00,,,,,,,,
2026-07-08T02:08:29.051677+00:00,spot_6,Spot 6,Empty,2026-07-07T23:35:19.050090+00:00,,,,,,,,
2026-07-08T02:08:29.051677+00:00,spot_7,Spot 7,Empty,2026-07-08T01:15:20.940286+00:00,,,,,,,,
2026-07-08T02:08:29.051677+00:00,spot_8,Spot 8,Empty,2026-07-08T01:50:40.398005+00:00,,,,,,,,
2026-07-08T02:08:29.051677+00:00,spot_9,Spot 9,Empty,2026-07-07T23:26:18.854339+00:00,,,,,,,,
2026-07-08T02:08:29.051677+00:00,spot_10,Spot 10,Empty,2026-07-07T21:58:26.831614+00:00,,,,,,,,
2026-07-08T02:08:29.051677+00:00,spot_11,Spot 11,Empty,2026-07-08T01:30:20.895571+00:00,,,,,,,,
2026-07-08T02:08:29.051677+00:00,spot_12,Spot 12,Empty,2026-07-07T21:38:25.635528+00:00,,,,,,,,
2026-07-08T02:08:29.051677+00:00,spot_13,Spot 13,Empty,2026-07-07T22:01:20.711562+00:00,,,,,,,,
2026-07-08T02:08:29.051677+00:00,spot_14,Spot 14,Empty,2026-07-07T21:51:20.011139+00:00,,,,,,,,
2026-07-08T02:08:29.051677+00:00,spot_15,Spot 15,Empty,2026-07-07T23:10:21.918673+00:00,,,,,,,,
2026-07-08T02:08:29.051677+00:00,spot_16,Spot 16,Empty,2026-07-08T01:40:31.480757+00:00,,,,,,,,
2026-07-08T02:08:29.051677+00:00,spot_17,Spot 17,Empty,2026-07-08T01:36:18.951266+00:00,,,,,,,,
2026-07-08T02:09:22.614834+00:00,spot_1,Spot 1,Occupied,2026-07-08T01:33:19.233496+00:00,9,car,0.8560316562652588,2164,567.6220092773438,331.22039794921875,607.6954956054688,372.52752685546875
2026-07-08T02:09:22.614834+00:00,spot_2,Spot 2,Empty,2026-07-07T21:10:22.475363+00:00,,,,,,,,
2026-07-08T02:09:22.614834+00:00,spot_3,Spot 3,Empty,2026-07-07T23:49:18.511171+00:00,,,,,,,,
2026-07-08T02:09:22.614834+00:00,spot_4,Spot 4,Empty,2026-07-07T22:26:19.721152+00:00,,,,,,,,
2026-07-08T02:09:22.614834+00:00,spot_5,Spot 5,Empty,2026-07-08T01:59:20.174830+00:00,,,,,,,,
2026-07-08T02:09:22.614834+00:00,spot_6,Spot 6,Empty,2026-07-07T23:35:19.050090+00:00,,,,,,,,
2026-07-08T02:09:22.614834+00:00,spot_7,Spot 7,Empty,2026-07-08T01:15:20.940286+00:00,,,,,,,,
2026-07-08T02:09:22.614834+00:00,spot_8,Spot 8,Empty,2026-07-08T01:50:40.398005+00:00,,,,,,,,
2026-07-08T02:09:22.614834+00:00,spot_9,Spot 9,Empty,2026-07-07T23:26:18.854339+00:00,,,,,,,,
2026-07-08T02:09:22.614834+00:00,spot_10,Spot 10,Empty,2026-07-07T21:58:26.831614+00:00,,,,,,,,
2026-07-08T02:09:22.614834+00:00,spot_11,Spot 11,Empty,2026-07-08T01:30:20.895571+00:00,,,,,,,,
2026-07-08T02:09:22.614834+00:00,spot_12,Spot 12,Empty,2026-07-07T21:38:25.635528+00:00,,,,,,,,
2026-07-08T02:09:22.614834+00:00,spot_13,Spot 13,Empty,2026-07-07T22:01:20.711562+00:00,,,,,,,,
2026-07-08T02:09:22.614834+00:00,spot_14,Spot 14,Empty,2026-07-07T21:51:20.011139+00:00,,,,,,,,
2026-07-08T02:09:22.614834+00:00,spot_15,Spot 15,Empty,2026-07-07T23:10:21.918673+00:00,,,,,,,,
2026-07-08T02:09:22.614834+00:00,spot_16,Spot 16,Empty,2026-07-08T01:40:31.480757+00:00,,,,,,,,
2026-07-08T02:09:22.614834+00:00,spot_17,Spot 17,Empty,2026-07-08T01:36:18.951266+00:00,,,,,,,,
2026-07-08T02:10:19.476394+00:00,spot_1,Spot 1,Occupied,2026-07-08T01:33:19.233496+00:00,9,car,0.8118095397949219,2221,567.6053466796875,330.8952941894531,607.6553955078125,372.4938049316406
2026-07-08T02:10:19.476394+00:00,spot_2,Spot 2,Empty,2026-07-07T21:10:22.475363+00:00,,,,,,,,
2026-07-08T02:10:19.476394+00:00,spot_3,Spot 3,Empty,2026-07-07T23:49:18.511171+00:00,,,,,,,,
2026-07-08T02:10:19.476394+00:00,spot_4,Spot 4,Empty,2026-07-07T22:26:19.721152+00:00,,,,,,,,
2026-07-08T02:10:19.476394+00:00,spot_5,Spot 5,Empty,2026-07-08T01:59:20.174830+00:00,,,,,,,,
2026-07-08T02:10:19.476394+00:00,spot_6,Spot 6,Empty,2026-07-07T23:35:19.050090+00:00,,,,,,,,
2026-07-08T02:10:19.476394+00:00,spot_7,Spot 7,Empty,2026-07-08T01:15:20.940286+00:00,,,,,,,,
2026-07-08T02:10:19.476394+00:00,spot_8,Spot 8,Empty,2026-07-08T01:50:40.398005+00:00,,,,,,,,
2026-07-08T02:10:19.476394+00:00,spot_9,Spot 9,Empty,2026-07-07T23:26:18.854339+00:00,,,,,,,,
2026-07-08T02:10:19.476394+00:00,spot_10,Spot 10,Empty,2026-07-07T21:58:26.831614+00:00,,,,,,,,
2026-07-08T02:10:19.476394+00:00,spot_11,Spot 11,Empty,2026-07-08T01:30:20.895571+00:00,,,,,,,,
2026-07-08T02:10:19.476394+00:00,spot_12,Spot 12,Empty,2026-07-07T21:38:25.635528+00:00,,,,,,,,
2026-07-08T02:10:19.476394+00:00,spot_13,Spot 13,Empty,2026-07-07T22:01:20.711562+00:00,,,,,,,,
2026-07-08T02:10:19.476394+00:00,spot_14,Spot 14,Empty,2026-07-07T21:51:20.011139+00:00,,,,,,,,
2026-07-08T02:10:19.476394+00:00,spot_15,Spot 15,Empty,2026-07-07T23:10:21.918673+00:00,,,,,,,,
2026-07-08T02:10:19.476394+00:00,spot_16,Spot 16,Empty,2026-07-08T01:40:31.480757+00:00,,,,,,,,
2026-07-08T02:10:19.476394+00:00,spot_17,Spot 17,Empty,2026-07-08T01:36:18.951266+00:00,,,,,,,,
2026-07-08T02:11:20.821948+00:00,spot_1,Spot 1,Occupied,2026-07-08T01:33:19.233496+00:00,9,car,0.83917635679245,2283,567.5192260742188,330.9437255859375,606.9310913085938,373.835693359375
2026-07-08T02:11:20.821948+00:00,spot_2,Spot 2,Empty,2026-07-07T21:10:22.475363+00:00,,,,,,,,
2026-07-08T02:11:20.821948+00:00,spot_3,Spot 3,Empty,2026-07-07T23:49:18.511171+00:00,,,,,,,,
2026-07-08T02:11:20.821948+00:00,spot_4,Spot 4,Empty,2026-07-07T22:26:19.721152+00:00,,,,,,,,
2026-07-08T02:11:20.821948+00:00,spot_5,Spot 5,Empty,2026-07-08T01:59:20.174830+00:00,,,,,,,,
2026-07-08T02:11:20.821948+00:00,spot_6,Spot 6,Empty,2026-07-07T23:35:19.050090+00:00,,,,,,,,
2026-07-08T02:11:20.821948+00:00,spot_7,Spot 7,Empty,2026-07-08T01:15:20.940286+00:00,,,,,,,,
2026-07-08T02:11:20.821948+00:00,spot_8,Spot 8,Empty,2026-07-08T01:50:40.398005+00:00,,,,,,,,
2026-07-08T02:11:20.821948+00:00,spot_9,Spot 9,Empty,2026-07-07T23:26:18.854339+00:00,,,,,,,,
2026-07-08T02:11:20.821948+00:00,spot_10,Spot 10,Empty,2026-07-07T21:58:26.831614+00:00,,,,,,,,
2026-07-08T02:11:20.821948+00:00,spot_11,Spot 11,Empty,2026-07-08T01:30:20.895571+00:00,,,,,,,,
2026-07-08T02:11:20.821948+00:00,spot_12,Spot 12,Empty,2026-07-07T21:38:25.635528+00:00,,,,,,,,
2026-07-08T02:11:20.821948+00:00,spot_13,Spot 13,Empty,2026-07-07T22:01:20.711562+00:00,,,,,,,,
2026-07-08T02:11:20.821948+00:00,spot_14,Spot 14,Empty,2026-07-07T21:51:20.011139+00:00,,,,,,,,
2026-07-08T02:11:20.821948+00:00,spot_15,Spot 15,Empty,2026-07-07T23:10:21.918673+00:00,,,,,,,,
2026-07-08T02:11:20.821948+00:00,spot_16,Spot 16,Empty,2026-07-08T01:40:31.480757+00:00,,,,,,,,
2026-07-08T02:11:20.821948+00:00,spot_17,Spot 17,Empty,2026-07-08T01:36:18.951266+00:00,,,,,,,,
2026-07-08T02:12:18.578342+00:00,spot_1,Spot 1,Occupied,2026-07-08T01:33:19.233496+00:00,9,car,0.8485519289970398,2340,567.7681884765625,330.86328125,607.0318603515625,372.5330810546875
2026-07-08T02:12:18.578342+00:00,spot_2,Spot 2,Empty,2026-07-07T21:10:22.475363+00:00,,,,,,,,
2026-07-08T02:12:18.578342+00:00,spot_3,Spot 3,Empty,2026-07-07T23:49:18.511171+00:00,,,,,,,,
2026-07-08T02:12:18.578342+00:00,spot_4,Spot 4,Empty,2026-07-07T22:26:19.721152+00:00,,,,,,,,
2026-07-08T02:12:18.578342+00:00,spot_5,Spot 5,Empty,2026-07-08T01:59:20.174830+00:00,,,,,,,,
2026-07-08T02:12:18.578342+00:00,spot_6,Spot 6,Empty,2026-07-07T23:35:19.050090+00:00,,,,,,,,
2026-07-08T02:12:18.578342+00:00,spot_7,Spot 7,Empty,2026-07-08T01:15:20.940286+00:00,,,,,,,,
2026-07-08T02:12:18.578342+00:00,spot_8,Spot 8,Empty,2026-07-08T01:50:40.398005+00:00,,,,,,,,
2026-07-08T02:12:18.578342+00:00,spot_9,Spot 9,Empty,2026-07-07T23:26:18.854339+00:00,,,,,,,,
2026-07-08T02:12:18.578342+00:00,spot_10,Spot 10,Empty,2026-07-07T21:58:26.831614+00:00,,,,,,,,
2026-07-08T02:12:18.578342+00:00,spot_11,Spot 11,Empty,2026-07-08T01:30:20.895571+00:00,,,,,,,,
2026-07-08T02:12:18.578342+00:00,spot_12,Spot 12,Empty,2026-07-07T21:38:25.635528+00:00,,,,,,,,
2026-07-08T02:12:18.578342+00:00,spot_13,Spot 13,Empty,2026-07-07T22:01:20.711562+00:00,,,,,,,,
2026-07-08T02:12:18.578342+00:00,spot_14,Spot 14,Empty,2026-07-07T21:51:20.011139+00:00,,,,,,,,
2026-07-08T02:12:18.578342+00:00,spot_15,Spot 15,Empty,2026-07-07T23:10:21.918673+00:00,,,,,,,,
2026-07-08T02:12:18.578342+00:00,spot_16,Spot 16,Empty,2026-07-08T01:40:31.480757+00:00,,,,,,,,
2026-07-08T02:12:18.578342+00:00,spot_17,Spot 17,Empty,2026-07-08T01:36:18.951266+00:00,,,,,,,,
2026-07-08T02:13:19.219438+00:00,spot_1,Spot 1,Occupied,2026-07-08T01:33:19.233496+00:00,9,car,0.6789365410804749,2399,567.448974609375,325.9691162109375,607.34912109375,375.8040771484375
2026-07-08T02:13:19.219438+00:00,spot_2,Spot 2,Empty,2026-07-07T21:10:22.475363+00:00,,,,,,,,
2026-07-08T02:13:19.219438+00:00,spot_3,Spot 3,Empty,2026-07-07T23:49:18.511171+00:00,,,,,,,,
2026-07-08T02:13:19.219438+00:00,spot_4,Spot 4,Empty,2026-07-07T22:26:19.721152+00:00,,,,,,,,
2026-07-08T02:13:19.219438+00:00,spot_5,Spot 5,Empty,2026-07-08T01:59:20.174830+00:00,,,,,,,,
2026-07-08T02:13:19.219438+00:00,spot_6,Spot 6,Empty,2026-07-07T23:35:19.050090+00:00,,,,,,,,
2026-07-08T02:13:19.219438+00:00,spot_7,Spot 7,Empty,2026-07-08T01:15:20.940286+00:00,,,,,,,,
2026-07-08T02:13:19.219438+00:00,spot_8,Spot 8,Empty,2026-07-08T01:50:40.398005+00:00,,,,,,,,
2026-07-08T02:13:19.219438+00:00,spot_9,Spot 9,Empty,2026-07-07T23:26:18.854339+00:00,,,,,,,,
2026-07-08T02:13:19.219438+00:00,spot_10,Spot 10,Empty,2026-07-07T21:58:26.831614+00:00,,,,,,,,
2026-07-08T02:13:19.219438+00:00,spot_11,Spot 11,Empty,2026-07-08T01:30:20.895571+00:00,,,,,,,,
2026-07-08T02:13:19.219438+00:00,spot_12,Spot 12,Empty,2026-07-07T21:38:25.635528+00:00,,,,,,,,
2026-07-08T02:13:19.219438+00:00,spot_13,Spot 13,Empty,2026-07-07T22:01:20.711562+00:00,,,,,,,,
2026-07-08T02:13:19.219438+00:00,spot_14,Spot 14,Empty,2026-07-07T21:51:20.011139+00:00,,,,,,,,
2026-07-08T02:13:19.219438+00:00,spot_15,Spot 15,Empty,2026-07-07T23:10:21.918673+00:00,,,,,,,,
2026-07-08T02:13:19.219438+00:00,spot_16,Spot 16,Empty,2026-07-08T01:40:31.480757+00:00,,,,,,,,
2026-07-08T02:13:19.219438+00:00,spot_17,Spot 17,Empty,2026-07-08T01:36:18.951266+00:00,,,,,,,,
2026-07-08T02:14:29.395619+00:00,spot_1,Spot 1,Occupied,2026-07-08T01:33:19.233496+00:00,9,car,0.8529604077339172,2472,566.7017822265625,331.8134460449219,608.7486572265625,374.4167175292969
2026-07-08T02:14:29.395619+00:00,spot_2,Spot 2,Empty,2026-07-07T21:10:22.475363+00:00,,,,,,,,
2026-07-08T02:14:29.395619+00:00,spot_3,Spot 3,Empty,2026-07-07T23:49:18.511171+00:00,,,,,,,,
2026-07-08T02:14:29.395619+00:00,spot_4,Spot 4,Empty,2026-07-07T22:26:19.721152+00:00,,,,,,,,
2026-07-08T02:14:29.395619+00:00,spot_5,Spot 5,Empty,2026-07-08T01:59:20.174830+00:00,,,,,,,,
2026-07-08T02:14:29.395619+00:00,spot_6,Spot 6,Empty,2026-07-07T23:35:19.050090+00:00,,,,,,,,
2026-07-08T02:14:29.395619+00:00,spot_7,Spot 7,Empty,2026-07-08T01:15:20.940286+00:00,,,,,,,,
2026-07-08T02:14:29.395619+00:00,spot_8,Spot 8,Empty,2026-07-08T01:50:40.398005+00:00,,,,,,,,
2026-07-08T02:14:29.395619+00:00,spot_9,Spot 9,Empty,2026-07-07T23:26:18.854339+00:00,,,,,,,,
2026-07-08T02:14:29.395619+00:00,spot_10,Spot 10,Empty,2026-07-07T21:58:26.831614+00:00,,,,,,,,
2026-07-08T02:14:29.395619+00:00,spot_11,Spot 11,Empty,2026-07-08T01:30:20.895571+00:00,,,,,,,,
2026-07-08T02:14:29.395619+00:00,spot_12,Spot 12,Empty,2026-07-07T21:38:25.635528+00:00,,,,,,,,
2026-07-08T02:14:29.395619+00:00,spot_13,Spot 13,Empty,2026-07-07T22:01:20.711562+00:00,,,,,,,,
2026-07-08T02:14:29.395619+00:00,spot_14,Spot 14,Empty,2026-07-07T21:51:20.011139+00:00,,,,,,,,
2026-07-08T02:14:29.395619+00:00,spot_15,Spot 15,Empty,2026-07-07T23:10:21.918673+00:00,,,,,,,,
2026-07-08T02:14:29.395619+00:00,spot_16,Spot 16,Empty,2026-07-08T01:40:31.480757+00:00,,,,,,,,
2026-07-08T02:14:29.395619+00:00,spot_17,Spot 17,Empty,2026-07-08T01:36:18.951266+00:00,,,,,,,,
2026-07-08T02:15:20.847003+00:00,spot_1,Spot 1,Empty,2026-07-08T02:15:20.847003+00:00,,,,,,,,
2026-07-08T02:15:20.847003+00:00,spot_2,Spot 2,Empty,2026-07-07T21:10:22.475363+00:00,,,,,,,,
2026-07-08T02:15:20.847003+00:00,spot_3,Spot 3,Empty,2026-07-07T23:49:18.511171+00:00,,,,,,,,
2026-07-08T02:15:20.847003+00:00,spot_4,Spot 4,Empty,2026-07-07T22:26:19.721152+00:00,,,,,,,,
2026-07-08T02:15:20.847003+00:00,spot_5,Spot 5,Empty,2026-07-08T01:59:20.174830+00:00,,,,,,,,
2026-07-08T02:15:20.847003+00:00,spot_6,Spot 6,Empty,2026-07-07T23:35:19.050090+00:00,,,,,,,,
2026-07-08T02:15:20.847003+00:00,spot_7,Spot 7,Empty,2026-07-08T01:15:20.940286+00:00,,,,,,,,
2026-07-08T02:15:20.847003+00:00,spot_8,Spot 8,Empty,2026-07-08T01:50:40.398005+00:00,,,,,,,,
2026-07-08T02:15:20.847003+00:00,spot_9,Spot 9,Empty,2026-07-07T23:26:18.854339+00:00,,,,,,,,
2026-07-08T02:15:20.847003+00:00,spot_10,Spot 10,Empty,2026-07-07T21:58:26.831614+00:00,,,,,,,,
2026-07-08T02:15:20.847003+00:00,spot_11,Spot 11,Empty,2026-07-08T01:30:20.895571+00:00,,,,,,,,
2026-07-08T02:15:20.847003+00:00,spot_12,Spot 12,Empty,2026-07-07T21:38:25.635528+00:00,,,,,,,,
2026-07-08T02:15:20.847003+00:00,spot_13,Spot 13,Empty,2026-07-07T22:01:20.711562+00:00,,,,,,,,
2026-07-08T02:15:20.847003+00:00,spot_14,Spot 14,Empty,2026-07-07T21:51:20.011139+00:00,,,,,,,,
2026-07-08T02:15:20.847003+00:00,spot_15,Spot 15,Empty,2026-07-07T23:10:21.918673+00:00,,,,,,,,
2026-07-08T02:15:20.847003+00:00,spot_16,Spot 16,Empty,2026-07-08T01:40:31.480757+00:00,,,,,,,,
2026-07-08T02:15:20.847003+00:00,spot_17,Spot 17,Empty,2026-07-08T01:36:18.951266+00:00,,,,,,,,
2026-07-08T02:16:18.251885+00:00,spot_1,Spot 1,Empty,2026-07-08T02:15:20.847003+00:00,,,,,,,,
2026-07-08T02:16:18.251885+00:00,spot_2,Spot 2,Empty,2026-07-07T21:10:22.475363+00:00,,,,,,,,
2026-07-08T02:16:18.251885+00:00,spot_3,Spot 3,Empty,2026-07-07T23:49:18.511171+00:00,,,,,,,,
2026-07-08T02:16:18.251885+00:00,spot_4,Spot 4,Empty,2026-07-07T22:26:19.721152+00:00,,,,,,,,
2026-07-08T02:16:18.251885+00:00,spot_5,Spot 5,Empty,2026-07-08T01:59:20.174830+00:00,,,,,,,,
2026-07-08T02:16:18.251885+00:00,spot_6,Spot 6,Empty,2026-07-07T23:35:19.050090+00:00,,,,,,,,
2026-07-08T02:16:18.251885+00:00,spot_7,Spot 7,Empty,2026-07-08T01:15:20.940286+00:00,,,,,,,,
2026-07-08T02:16:18.251885+00:00,spot_8,Spot 8,Empty,2026-07-08T01:50:40.398005+00:00,,,,,,,,
2026-07-08T02:16:18.251885+00:00,spot_9,Spot 9,Empty,2026-07-07T23:26:18.854339+00:00,,,,,,,,
2026-07-08T02:16:18.251885+00:00,spot_10,Spot 10,Empty,2026-07-07T21:58:26.831614+00:00,,,,,,,,
2026-07-08T02:16:18.251885+00:00,spot_11,Spot 11,Empty,2026-07-08T01:30:20.895571+00:00,,,,,,,,
2026-07-08T02:16:18.251885+00:00,spot_12,Spot 12,Empty,2026-07-07T21:38:25.635528+00:00,,,,,,,,
2026-07-08T02:16:18.251885+00:00,spot_13,Spot 13,Empty,2026-07-07T22:01:20.711562+00:00,,,,,,,,
2026-07-08T02:16:18.251885+00:00,spot_14,Spot 14,Empty,2026-07-07T21:51:20.011139+00:00,,,,,,,,
2026-07-08T02:16:18.251885+00:00,spot_15,Spot 15,Empty,2026-07-07T23:10:21.918673+00:00,,,,,,,,
2026-07-08T02:16:18.251885+00:00,spot_16,Spot 16,Empty,2026-07-08T01:40:31.480757+00:00,,,,,,,,
2026-07-08T02:16:18.251885+00:00,spot_17,Spot 17,Empty,2026-07-08T01:36:18.951266+00:00,,,,,,,,
2026-07-08T02:17:18.480852+00:00,spot_1,Spot 1,Empty,2026-07-08T02:15:20.847003+00:00,,,,,,,,
2026-07-08T02:17:18.480852+00:00,spot_2,Spot 2,Empty,2026-07-07T21:10:22.475363+00:00,,,,,,,,
2026-07-08T02:17:18.480852+00:00,spot_3,Spot 3,Empty,2026-07-07T23:49:18.511171+00:00,,,,,,,,
2026-07-08T02:17:18.480852+00:00,spot_4,Spot 4,Empty,2026-07-07T22:26:19.721152+00:00,,,,,,,,
2026-07-08T02:17:18.480852+00:00,spot_5,Spot 5,Empty,2026-07-08T01:59:20.174830+00:00,,,,,,,,
2026-07-08T02:17:18.480852+00:00,spot_6,Spot 6,Empty,2026-07-07T23:35:19.050090+00:00,,,,,,,,
2026-07-08T02:17:18.480852+00:00,spot_7,Spot 7,Empty,2026-07-08T01:15:20.940286+00:00,,,,,,,,
2026-07-08T02:17:18.480852+00:00,spot_8,Spot 8,Empty,2026-07-08T01:50:40.398005+00:00,,,,,,,,
2026-07-08T02:17:18.480852+00:00,spot_9,Spot 9,Empty,2026-07-07T23:26:18.854339+00:00,,,,,,,,
2026-07-08T02:17:18.480852+00:00,spot_10,Spot 10,Empty,2026-07-07T21:58:26.831614+00:00,,,,,,,,
2026-07-08T02:17:18.480852+00:00,spot_11,Spot 11,Empty,2026-07-08T01:30:20.895571+00:00,,,,,,,,
2026-07-08T02:17:18.480852+00:00,spot_12,Spot 12,Empty,2026-07-07T21:38:25.635528+00:00,,,,,,,,
2026-07-08T02:17:18.480852+00:00,spot_13,Spot 13,Empty,2026-07-07T22:01:20.711562+00:00,,,,,,,,
2026-07-08T02:17:18.480852+00:00,spot_14,Spot 14,Empty,2026-07-07T21:51:20.011139+00:00,,,,,,,,
2026-07-08T02:17:18.480852+00:00,spot_15,Spot 15,Empty,2026-07-07T23:10:21.918673+00:00,,,,,,,,
2026-07-08T02:17:18.480852+00:00,spot_16,Spot 16,Empty,2026-07-08T01:40:31.480757+00:00,,,,,,,,
2026-07-08T02:17:18.480852+00:00,spot_17,Spot 17,Empty,2026-07-08T01:36:18.951266+00:00,,,,,,,,
2026-07-08T02:18:19.043544+00:00,spot_1,Spot 1,Empty,2026-07-08T02:15:20.847003+00:00,,,,,,,,
2026-07-08T02:18:19.043544+00:00,spot_2,Spot 2,Empty,2026-07-07T21:10:22.475363+00:00,,,,,,,,
2026-07-08T02:18:19.043544+00:00,spot_3,Spot 3,Empty,2026-07-07T23:49:18.511171+00:00,,,,,,,,
2026-07-08T02:18:19.043544+00:00,spot_4,Spot 4,Empty,2026-07-07T22:26:19.721152+00:00,,,,,,,,
2026-07-08T02:18:19.043544+00:00,spot_5,Spot 5,Empty,2026-07-08T01:59:20.174830+00:00,,,,,,,,
2026-07-08T02:18:19.043544+00:00,spot_6,Spot 6,Empty,2026-07-07T23:35:19.050090+00:00,,,,,,,,
2026-07-08T02:18:19.043544+00:00,spot_7,Spot 7,Empty,2026-07-08T01:15:20.940286+00:00,,,,,,,,
2026-07-08T02:18:19.043544+00:00,spot_8,Spot 8,Empty,2026-07-08T01:50:40.398005+00:00,,,,,,,,
2026-07-08T02:18:19.043544+00:00,spot_9,Spot 9,Empty,2026-07-07T23:26:18.854339+00:00,,,,,,,,
2026-07-08T02:18:19.043544+00:00,spot_10,Spot 10,Empty,2026-07-07T21:58:26.831614+00:00,,,,,,,,
2026-07-08T02:18:19.043544+00:00,spot_11,Spot 11,Empty,2026-07-08T01:30:20.895571+00:00,,,,,,,,
2026-07-08T02:18:19.043544+00:00,spot_12,Spot 12,Empty,2026-07-07T21:38:25.635528+00:00,,,,,,,,
2026-07-08T02:18:19.043544+00:00,spot_13,Spot 13,Empty,2026-07-07T22:01:20.711562+00:00,,,,,,,,
2026-07-08T02:18:19.043544+00:00,spot_14,Spot 14,Empty,2026-07-07T21:51:20.011139+00:00,,,,,,,,
2026-07-08T02:18:19.043544+00:00,spot_15,Spot 15,Empty,2026-07-07T23:10:21.918673+00:00,,,,,,,,
2026-07-08T02:18:19.043544+00:00,spot_16,Spot 16,Empty,2026-07-08T01:40:31.480757+00:00,,,,,,,,
2026-07-08T02:18:19.043544+00:00,spot_17,Spot 17,Empty,2026-07-08T01:36:18.951266+00:00,,,,,,,,
2026-07-08T02:19:19.927273+00:00,spot_1,Spot 1,Empty,2026-07-08T02:15:20.847003+00:00,,,,,,,,
2026-07-08T02:19:19.927273+00:00,spot_2,Spot 2,Empty,2026-07-07T21:10:22.475363+00:00,,,,,,,,
2026-07-08T02:19:19.927273+00:00,spot_3,Spot 3,Empty,2026-07-07T23:49:18.511171+00:00,,,,,,,,
2026-07-08T02:19:19.927273+00:00,spot_4,Spot 4,Empty,2026-07-07T22:26:19.721152+00:00,,,,,,,,
2026-07-08T02:19:19.927273+00:00,spot_5,Spot 5,Empty,2026-07-08T01:59:20.174830+00:00,,,,,,,,
2026-07-08T02:19:19.927273+00:00,spot_6,Spot 6,Empty,2026-07-07T23:35:19.050090+00:00,,,,,,,,
2026-07-08T02:19:19.927273+00:00,spot_7,Spot 7,Empty,2026-07-08T01:15:20.940286+00:00,,,,,,,,
2026-07-08T02:19:19.927273+00:00,spot_8,Spot 8,Empty,2026-07-08T01:50:40.398005+00:00,,,,,,,,
2026-07-08T02:19:19.927273+00:00,spot_9,Spot 9,Empty,2026-07-07T23:26:18.854339+00:00,,,,,,,,
2026-07-08T02:19:19.927273+00:00,spot_10,Spot 10,Empty,2026-07-07T21:58:26.831614+00:00,,,,,,,,
2026-07-08T02:19:19.927273+00:00,spot_11,Spot 11,Empty,2026-07-08T01:30:20.895571+00:00,,,,,,,,
2026-07-08T02:19:19.927273+00:00,spot_12,Spot 12,Empty,2026-07-07T21:38:25.635528+00:00,,,,,,,,
2026-07-08T02:19:19.927273+00:00,spot_13,Spot 13,Empty,2026-07-07T22:01:20.711562+00:00,,,,,,,,
2026-07-08T02:19:19.927273+00:00,spot_14,Spot 14,Empty,2026-07-07T21:51:20.011139+00:00,,,,,,,,
2026-07-08T02:19:19.927273+00:00,spot_15,Spot 15,Empty,2026-07-07T23:10:21.918673+00:00,,,,,,,,
2026-07-08T02:19:19.927273+00:00,spot_16,Spot 16,Empty,2026-07-08T01:40:31.480757+00:00,,,,,,,,
2026-07-08T02:19:19.927273+00:00,spot_17,Spot 17,Empty,2026-07-08T01:36:18.951266+00:00,,,,,,,,
2026-07-08T02:20:31.079125+00:00,spot_1,Spot 1,Empty,2026-07-08T02:15:20.847003+00:00,,,,,,,,
2026-07-08T02:20:31.079125+00:00,spot_2,Spot 2,Empty,2026-07-07T21:10:22.475363+00:00,,,,,,,,
2026-07-08T02:20:31.079125+00:00,spot_3,Spot 3,Empty,2026-07-07T23:49:18.511171+00:00,,,,,,,,
2026-07-08T02:20:31.079125+00:00,spot_4,Spot 4,Empty,2026-07-07T22:26:19.721152+00:00,,,,,,,,
2026-07-08T02:20:31.079125+00:00,spot_5,Spot 5,Empty,2026-07-08T01:59:20.174830+00:00,,,,,,,,
2026-07-08T02:20:31.079125+00:00,spot_6,Spot 6,Empty,2026-07-07T23:35:19.050090+00:00,,,,,,,,
2026-07-08T02:20:31.079125+00:00,spot_7,Spot 7,Empty,2026-07-08T01:15:20.940286+00:00,,,,,,,,
2026-07-08T02:20:31.079125+00:00,spot_8,Spot 8,Empty,2026-07-08T01:50:40.398005+00:00,,,,,,,,
2026-07-08T02:20:31.079125+00:00,spot_9,Spot 9,Empty,2026-07-07T23:26:18.854339+00:00,,,,,,,,
2026-07-08T02:20:31.079125+00:00,spot_10,Spot 10,Empty,2026-07-07T21:58:26.831614+00:00,,,,,,,,
2026-07-08T02:20:31.079125+00:00,spot_11,Spot 11,Empty,2026-07-08T01:30:20.895571+00:00,,,,,,,,
2026-07-08T02:20:31.079125+00:00,spot_12,Spot 12,Empty,2026-07-07T21:38:25.635528+00:00,,,,,,,,
2026-07-08T02:20:31.079125+00:00,spot_13,Spot 13,Empty,2026-07-07T22:01:20.711562+00:00,,,,,,,,
2026-07-08T02:20:31.079125+00:00,spot_14,Spot 14,Empty,2026-07-07T21:51:20.011139+00:00,,,,,,,,
2026-07-08T02:20:31.079125+00:00,spot_15,Spot 15,Empty,2026-07-07T23:10:21.918673+00:00,,,,,,,,
2026-07-08T02:20:31.079125+00:00,spot_16,Spot 16,Empty,2026-07-08T01:40:31.480757+00:00,,,,,,,,
2026-07-08T02:20:31.079125+00:00,spot_17,Spot 17,Empty,2026-07-08T01:36:18.951266+00:00,,,,,,,,
2026-07-08T02:21:19.936720+00:00,spot_1,Spot 1,Empty,2026-07-08T02:15:20.847003+00:00,,,,,,,,
2026-07-08T02:21:19.936720+00:00,spot_2,Spot 2,Empty,2026-07-07T21:10:22.475363+00:00,,,,,,,,
2026-07-08T02:21:19.936720+00:00,spot_3,Spot 3,Empty,2026-07-07T23:49:18.511171+00:00,,,,,,,,
2026-07-08T02:21:19.936720+00:00,spot_4,Spot 4,Empty,2026-07-07T22:26:19.721152+00:00,,,,,,,,
2026-07-08T02:21:19.936720+00:00,spot_5,Spot 5,Empty,2026-07-08T01:59:20.174830+00:00,,,,,,,,
2026-07-08T02:21:19.936720+00:00,spot_6,Spot 6,Empty,2026-07-07T23:35:19.050090+00:00,,,,,,,,
2026-07-08T02:21:19.936720+00:00,spot_7,Spot 7,Empty,2026-07-08T01:15:20.940286+00:00,,,,,,,,
2026-07-08T02:21:19.936720+00:00,spot_8,Spot 8,Empty,2026-07-08T01:50:40.398005+00:00,,,,,,,,
2026-07-08T02:21:19.936720+00:00,spot_9,Spot 9,Empty,2026-07-07T23:26:18.854339+00:00,,,,,,,,
2026-07-08T02:21:19.936720+00:00,spot_10,Spot 10,Empty,2026-07-07T21:58:26.831614+00:00,,,,,,,,
2026-07-08T02:21:19.936720+00:00,spot_11,Spot 11,Empty,2026-07-08T01:30:20.895571+00:00,,,,,,,,
2026-07-08T02:21:19.936720+00:00,spot_12,Spot 12,Empty,2026-07-07T21:38:25.635528+00:00,,,,,,,,
2026-07-08T02:21:19.936720+00:00,spot_13,Spot 13,Empty,2026-07-07T22:01:20.711562+00:00,,,,,,,,
2026-07-08T02:21:19.936720+00:00,spot_14,Spot 14,Empty,2026-07-07T21:51:20.011139+00:00,,,,,,,,
2026-07-08T02:21:19.936720+00:00,spot_15,Spot 15,Empty,2026-07-07T23:10:21.918673+00:00,,,,,,,,
2026-07-08T02:21:19.936720+00:00,spot_16,Spot 16,Empty,2026-07-08T01:40:31.480757+00:00,,,,,,,,
2026-07-08T02:21:19.936720+00:00,spot_17,Spot 17,Empty,2026-07-08T01:36:18.951266+00:00,,,,,,,,
2026-07-08T02:22:17.890137+00:00,spot_1,Spot 1,Empty,2026-07-08T02:15:20.847003+00:00,,,,,,,,
2026-07-08T02:22:17.890137+00:00,spot_2,Spot 2,Empty,2026-07-07T21:10:22.475363+00:00,,,,,,,,
2026-07-08T02:22:17.890137+00:00,spot_3,Spot 3,Empty,2026-07-07T23:49:18.511171+00:00,,,,,,,,
2026-07-08T02:22:17.890137+00:00,spot_4,Spot 4,Empty,2026-07-07T22:26:19.721152+00:00,,,,,,,,
2026-07-08T02:22:17.890137+00:00,spot_5,Spot 5,Empty,2026-07-08T01:59:20.174830+00:00,,,,,,,,
2026-07-08T02:22:17.890137+00:00,spot_6,Spot 6,Empty,2026-07-07T23:35:19.050090+00:00,,,,,,,,
2026-07-08T02:22:17.890137+00:00,spot_7,Spot 7,Empty,2026-07-08T01:15:20.940286+00:00,,,,,,,,
2026-07-08T02:22:17.890137+00:00,spot_8,Spot 8,Empty,2026-07-08T01:50:40.398005+00:00,,,,,,,,
2026-07-08T02:22:17.890137+00:00,spot_9,Spot 9,Empty,2026-07-07T23:26:18.854339+00:00,,,,,,,,
2026-07-08T02:22:17.890137+00:00,spot_10,Spot 10,Empty,2026-07-07T21:58:26.831614+00:00,,,,,,,,
2026-07-08T02:22:17.890137+00:00,spot_11,Spot 11,Empty,2026-07-08T01:30:20.895571+00:00,,,,,,,,
2026-07-08T02:22:17.890137+00:00,spot_12,Spot 12,Empty,2026-07-07T21:38:25.635528+00:00,,,,,,,,
2026-07-08T02:22:17.890137+00:00,spot_13,Spot 13,Empty,2026-07-07T22:01:20.711562+00:00,,,,,,,,
2026-07-08T02:22:17.890137+00:00,spot_14,Spot 14,Empty,2026-07-07T21:51:20.011139+00:00,,,,,,,,
2026-07-08T02:22:17.890137+00:00,spot_15,Spot 15,Empty,2026-07-07T23:10:21.918673+00:00,,,,,,,,
2026-07-08T02:22:17.890137+00:00,spot_16,Spot 16,Empty,2026-07-08T01:40:31.480757+00:00,,,,,,,,
2026-07-08T02:22:17.890137+00:00,spot_17,Spot 17,Empty,2026-07-08T01:36:18.951266+00:00,,,,,,,,
2026-07-08T02:23:20.211064+00:00,spot_1,Spot 1,Empty,2026-07-08T02:15:20.847003+00:00,,,,,,,,
2026-07-08T02:23:20.211064+00:00,spot_2,Spot 2,Empty,2026-07-07T21:10:22.475363+00:00,,,,,,,,
2026-07-08T02:23:20.211064+00:00,spot_3,Spot 3,Empty,2026-07-07T23:49:18.511171+00:00,,,,,,,,
2026-07-08T02:23:20.211064+00:00,spot_4,Spot 4,Empty,2026-07-07T22:26:19.721152+00:00,,,,,,,,
2026-07-08T02:23:20.211064+00:00,spot_5,Spot 5,Empty,2026-07-08T01:59:20.174830+00:00,,,,,,,,
2026-07-08T02:23:20.211064+00:00,spot_6,Spot 6,Empty,2026-07-07T23:35:19.050090+00:00,,,,,,,,
2026-07-08T02:23:20.211064+00:00,spot_7,Spot 7,Empty,2026-07-08T01:15:20.940286+00:00,,,,,,,,
2026-07-08T02:23:20.211064+00:00,spot_8,Spot 8,Empty,2026-07-08T01:50:40.398005+00:00,,,,,,,,
2026-07-08T02:23:20.211064+00:00,spot_9,Spot 9,Empty,2026-07-07T23:26:18.854339+00:00,,,,,,,,
2026-07-08T02:23:20.211064+00:00,spot_10,Spot 10,Empty,2026-07-07T21:58:26.831614+00:00,,,,,,,,
2026-07-08T02:23:20.211064+00:00,spot_11,Spot 11,Empty,2026-07-08T01:30:20.895571+00:00,,,,,,,,
2026-07-08T02:23:20.211064+00:00,spot_12,Spot 12,Empty,2026-07-07T21:38:25.635528+00:00,,,,,,,,
2026-07-08T02:23:20.211064+00:00,spot_13,Spot 13,Empty,2026-07-07T22:01:20.711562+00:00,,,,,,,,
2026-07-08T02:23:20.211064+00:00,spot_14,Spot 14,Empty,2026-07-07T21:51:20.011139+00:00,,,,,,,,
2026-07-08T02:23:20.211064+00:00,spot_15,Spot 15,Empty,2026-07-07T23:10:21.918673+00:00,,,,,,,,
2026-07-08T02:23:20.211064+00:00,spot_16,Spot 16,Empty,2026-07-08T01:40:31.480757+00:00,,,,,,,,
2026-07-08T02:23:20.211064+00:00,spot_17,Spot 17,Empty,2026-07-08T01:36:18.951266+00:00,,,,,,,,
2026-07-08T02:24:19.226613+00:00,spot_1,Spot 1,Empty,2026-07-08T02:15:20.847003+00:00,,,,,,,,
2026-07-08T02:24:19.226613+00:00,spot_2,Spot 2,Empty,2026-07-07T21:10:22.475363+00:00,,,,,,,,
2026-07-08T02:24:19.226613+00:00,spot_3,Spot 3,Empty,2026-07-07T23:49:18.511171+00:00,,,,,,,,
2026-07-08T02:24:19.226613+00:00,spot_4,Spot 4,Empty,2026-07-07T22:26:19.721152+00:00,,,,,,,,
2026-07-08T02:24:19.226613+00:00,spot_5,Spot 5,Occupied,2026-07-08T02:24:19.226613+00:00,16,car,0.9060864448547363,0,307.32122802734375,342.80364990234375,413.03509521484375,398.46685791015625
2026-07-08T02:24:19.226613+00:00,spot_6,Spot 6,Empty,2026-07-07T23:35:19.050090+00:00,,,,,,,,
2026-07-08T02:24:19.226613+00:00,spot_7,Spot 7,Empty,2026-07-08T01:15:20.940286+00:00,,,,,,,,
2026-07-08T02:24:19.226613+00:00,spot_8,Spot 8,Empty,2026-07-08T01:50:40.398005+00:00,,,,,,,,
2026-07-08T02:24:19.226613+00:00,spot_9,Spot 9,Empty,2026-07-07T23:26:18.854339+00:00,,,,,,,,
2026-07-08T02:24:19.226613+00:00,spot_10,Spot 10,Empty,2026-07-07T21:58:26.831614+00:00,,,,,,,,
2026-07-08T02:24:19.226613+00:00,spot_11,Spot 11,Empty,2026-07-08T01:30:20.895571+00:00,,,,,,,,
2026-07-08T02:24:19.226613+00:00,spot_12,Spot 12,Empty,2026-07-07T21:38:25.635528+00:00,,,,,,,,
2026-07-08T02:24:19.226613+00:00,spot_13,Spot 13,Empty,2026-07-07T22:01:20.711562+00:00,,,,,,,,
2026-07-08T02:24:19.226613+00:00,spot_14,Spot 14,Empty,2026-07-07T21:51:20.011139+00:00,,,,,,,,
2026-07-08T02:24:19.226613+00:00,spot_15,Spot 15,Empty,2026-07-07T23:10:21.918673+00:00,,,,,,,,
2026-07-08T02:24:19.226613+00:00,spot_16,Spot 16,Empty,2026-07-08T01:40:31.480757+00:00,,,,,,,,
2026-07-08T02:24:19.226613+00:00,spot_17,Spot 17,Empty,2026-07-08T01:36:18.951266+00:00,,,,,,,,
2026-07-08T02:25:18.877808+00:00,spot_1,Spot 1,Empty,2026-07-08T02:15:20.847003+00:00,,,,,,,,
2026-07-08T02:25:18.877808+00:00,spot_2,Spot 2,Empty,2026-07-07T21:10:22.475363+00:00,,,,,,,,
2026-07-08T02:25:18.877808+00:00,spot_3,Spot 3,Empty,2026-07-07T23:49:18.511171+00:00,,,,,,,,
2026-07-08T02:25:18.877808+00:00,spot_4,Spot 4,Occupied,2026-07-08T02:25:18.877808+00:00,17,car,0.799159586429596,0,383.97674560546875,326.53070068359375,447.64898681640625,374.3114013671875
2026-07-08T02:25:18.877808+00:00,spot_5,Spot 5,Empty,2026-07-08T02:25:18.877808+00:00,,,,,,,,
2026-07-08T02:25:18.877808+00:00,spot_6,Spot 6,Empty,2026-07-07T23:35:19.050090+00:00,,,,,,,,
2026-07-08T02:25:18.877808+00:00,spot_7,Spot 7,Empty,2026-07-08T01:15:20.940286+00:00,,,,,,,,
2026-07-08T02:25:18.877808+00:00,spot_8,Spot 8,Empty,2026-07-08T01:50:40.398005+00:00,,,,,,,,
2026-07-08T02:25:18.877808+00:00,spot_9,Spot 9,Empty,2026-07-07T23:26:18.854339+00:00,,,,,,,,
2026-07-08T02:25:18.877808+00:00,spot_10,Spot 10,Empty,2026-07-07T21:58:26.831614+00:00,,,,,,,,
2026-07-08T02:25:18.877808+00:00,spot_11,Spot 11,Empty,2026-07-08T01:30:20.895571+00:00,,,,,,,,
2026-07-08T02:25:18.877808+00:00,spot_12,Spot 12,Empty,2026-07-07T21:38:25.635528+00:00,,,,,,,,
2026-07-08T02:25:18.877808+00:00,spot_13,Spot 13,Empty,2026-07-07T22:01:20.711562+00:00,,,,,,,,
2026-07-08T02:25:18.877808+00:00,spot_14,Spot 14,Empty,2026-07-07T21:51:20.011139+00:00,,,,,,,,
2026-07-08T02:25:18.877808+00:00,spot_15,Spot 15,Empty,2026-07-07T23:10:21.918673+00:00,,,,,,,,
2026-07-08T02:25:18.877808+00:00,spot_16,Spot 16,Empty,2026-07-08T01:40:31.480757+00:00,,,,,,,,
2026-07-08T02:25:18.877808+00:00,spot_17,Spot 17,Empty,2026-07-08T01:36:18.951266+00:00,,,,,,,,
2026-07-08T02:26:30.722985+00:00,spot_1,Spot 1,Empty,2026-07-08T02:15:20.847003+00:00,,,,,,,,
2026-07-08T02:26:30.722985+00:00,spot_2,Spot 2,Empty,2026-07-07T21:10:22.475363+00:00,,,,,,,,
2026-07-08T02:26:30.722985+00:00,spot_3,Spot 3,Empty,2026-07-07T23:49:18.511171+00:00,,,,,,,,
2026-07-08T02:26:30.722985+00:00,spot_4,Spot 4,Occupied,2026-07-08T02:25:18.877808+00:00,17,car,0.7574518322944641,71,384.822509765625,326.59417724609375,447.48785400390625,373.66375732421875
2026-07-08T02:26:30.722985+00:00,spot_5,Spot 5,Empty,2026-07-08T02:25:18.877808+00:00,,,,,,,,
2026-07-08T02:26:30.722985+00:00,spot_6,Spot 6,Empty,2026-07-07T23:35:19.050090+00:00,,,,,,,,
2026-07-08T02:26:30.722985+00:00,spot_7,Spot 7,Empty,2026-07-08T01:15:20.940286+00:00,,,,,,,,
2026-07-08T02:26:30.722985+00:00,spot_8,Spot 8,Empty,2026-07-08T01:50:40.398005+00:00,,,,,,,,
2026-07-08T02:26:30.722985+00:00,spot_9,Spot 9,Empty,2026-07-07T23:26:18.854339+00:00,,,,,,,,
2026-07-08T02:26:30.722985+00:00,spot_10,Spot 10,Empty,2026-07-07T21:58:26.831614+00:00,,,,,,,,
2026-07-08T02:26:30.722985+00:00,spot_11,Spot 11,Empty,2026-07-08T01:30:20.895571+00:00,,,,,,,,
2026-07-08T02:26:30.722985+00:00,spot_12,Spot 12,Empty,2026-07-07T21:38:25.635528+00:00,,,,,,,,
2026-07-08T02:26:30.722985+00:00,spot_13,Spot 13,Empty,2026-07-07T22:01:20.711562+00:00,,,,,,,,
2026-07-08T02:26:30.722985+00:00,spot_14,Spot 14,Empty,2026-07-07T21:51:20.011139+00:00,,,,,,,,
2026-07-08T02:26:30.722985+00:00,spot_15,Spot 15,Empty,2026-07-07T23:10:21.918673+00:00,,,,,,,,
2026-07-08T02:26:30.722985+00:00,spot_16,Spot 16,Empty,2026-07-08T01:40:31.480757+00:00,,,,,,,,
2026-07-08T02:26:30.722985+00:00,spot_17,Spot 17,Empty,2026-07-08T01:36:18.951266+00:00,,,,,,,,
2026-07-08T02:27:19.424863+00:00,spot_1,Spot 1,Empty,2026-07-08T02:15:20.847003+00:00,,,,,,,,
2026-07-08T02:27:19.424863+00:00,spot_2,Spot 2,Empty,2026-07-07T21:10:22.475363+00:00,,,,,,,,
2026-07-08T02:27:19.424863+00:00,spot_3,Spot 3,Empty,2026-07-07T23:49:18.511171+00:00,,,,,,,,
2026-07-08T02:27:19.424863+00:00,spot_4,Spot 4,Occupied,2026-07-08T02:25:18.877808+00:00,17,car,0.750345766544342,119,384.5964050292969,326.400634765625,447.7861633300781,373.72216796875
2026-07-08T02:27:19.424863+00:00,spot_5,Spot 5,Empty,2026-07-08T02:25:18.877808+00:00,,,,,,,,
2026-07-08T02:27:19.424863+00:00,spot_6,Spot 6,Empty,2026-07-07T23:35:19.050090+00:00,,,,,,,,
2026-07-08T02:27:19.424863+00:00,spot_7,Spot 7,Empty,2026-07-08T01:15:20.940286+00:00,,,,,,,,
2026-07-08T02:27:19.424863+00:00,spot_8,Spot 8,Empty,2026-07-08T01:50:40.398005+00:00,,,,,,,,
2026-07-08T02:27:19.424863+00:00,spot_9,Spot 9,Empty,2026-07-07T23:26:18.854339+00:00,,,,,,,,
2026-07-08T02:27:19.424863+00:00,spot_10,Spot 10,Empty,2026-07-07T21:58:26.831614+00:00,,,,,,,,
2026-07-08T02:27:19.424863+00:00,spot_11,Spot 11,Empty,2026-07-08T01:30:20.895571+00:00,,,,,,,,
2026-07-08T02:27:19.424863+00:00,spot_12,Spot 12,Empty,2026-07-07T21:38:25.635528+00:00,,,,,,,,
2026-07-08T02:27:19.424863+00:00,spot_13,Spot 13,Empty,2026-07-07T22:01:20.711562+00:00,,,,,,,,
2026-07-08T02:27:19.424863+00:00,spot_14,Spot 14,Empty,2026-07-07T21:51:20.011139+00:00,,,,,,,,
2026-07-08T02:27:19.424863+00:00,spot_15,Spot 15,Empty,2026-07-07T23:10:21.918673+00:00,,,,,,,,
2026-07-08T02:27:19.424863+00:00,spot_16,Spot 16,Empty,2026-07-08T01:40:31.480757+00:00,,,,,,,,
2026-07-08T02:27:19.424863+00:00,spot_17,Spot 17,Empty,2026-07-08T01:36:18.951266+00:00,,,,,,,,
2026-07-08T02:28:18.440667+00:00,spot_1,Spot 1,Empty,2026-07-08T02:15:20.847003+00:00,,,,,,,,
2026-07-08T02:28:18.440667+00:00,spot_2,Spot 2,Empty,2026-07-07T21:10:22.475363+00:00,,,,,,,,
2026-07-08T02:28:18.440667+00:00,spot_3,Spot 3,Empty,2026-07-07T23:49:18.511171+00:00,,,,,,,,
2026-07-08T02:28:18.440667+00:00,spot_4,Spot 4,Occupied,2026-07-08T02:25:18.877808+00:00,17,car,0.7970938682556152,178,384.6848449707031,326.3428955078125,447.7583312988281,373.8768310546875
2026-07-08T02:28:18.440667+00:00,spot_5,Spot 5,Empty,2026-07-08T02:25:18.877808+00:00,,,,,,,,
2026-07-08T02:28:18.440667+00:00,spot_6,Spot 6,Empty,2026-07-07T23:35:19.050090+00:00,,,,,,,,
2026-07-08T02:28:18.440667+00:00,spot_7,Spot 7,Empty,2026-07-08T01:15:20.940286+00:00,,,,,,,,
2026-07-08T02:28:18.440667+00:00,spot_8,Spot 8,Empty,2026-07-08T01:50:40.398005+00:00,,,,,,,,
2026-07-08T02:28:18.440667+00:00,spot_9,Spot 9,Empty,2026-07-07T23:26:18.854339+00:00,,,,,,,,
2026-07-08T02:28:18.440667+00:00,spot_10,Spot 10,Empty,2026-07-07T21:58:26.831614+00:00,,,,,,,,
2026-07-08T02:28:18.440667+00:00,spot_11,Spot 11,Empty,2026-07-08T01:30:20.895571+00:00,,,,,,,,
2026-07-08T02:28:18.440667+00:00,spot_12,Spot 12,Empty,2026-07-07T21:38:25.635528+00:00,,,,,,,,
2026-07-08T02:28:18.440667+00:00,spot_13,Spot 13,Empty,2026-07-07T22:01:20.711562+00:00,,,,,,,,
2026-07-08T02:28:18.440667+00:00,spot_14,Spot 14,Empty,2026-07-07T21:51:20.011139+00:00,,,,,,,,
2026-07-08T02:28:18.440667+00:00,spot_15,Spot 15,Empty,2026-07-07T23:10:21.918673+00:00,,,,,,,,
2026-07-08T02:28:18.440667+00:00,spot_16,Spot 16,Empty,2026-07-08T01:40:31.480757+00:00,,,,,,,,
2026-07-08T02:28:18.440667+00:00,spot_17,Spot 17,Empty,2026-07-08T01:36:18.951266+00:00,,,,,,,,
2026-07-08T02:29:19.776137+00:00,spot_1,Spot 1,Empty,2026-07-08T02:15:20.847003+00:00,,,,,,,,
2026-07-08T02:29:19.776137+00:00,spot_2,Spot 2,Empty,2026-07-07T21:10:22.475363+00:00,,,,,,,,
2026-07-08T02:29:19.776137+00:00,spot_3,Spot 3,Empty,2026-07-07T23:49:18.511171+00:00,,,,,,,,
2026-07-08T02:29:19.776137+00:00,spot_4,Spot 4,Occupied,2026-07-08T02:25:18.877808+00:00,17,car,0.8220915198326111,240,385.282958984375,326.3919372558594,448.1898193359375,373.7626647949219
2026-07-08T02:29:19.776137+00:00,spot_5,Spot 5,Empty,2026-07-08T02:25:18.877808+00:00,,,,,,,,
2026-07-08T02:29:19.776137+00:00,spot_6,Spot 6,Empty,2026-07-07T23:35:19.050090+00:00,,,,,,,,
2026-07-08T02:29:19.776137+00:00,spot_7,Spot 7,Empty,2026-07-08T01:15:20.940286+00:00,,,,,,,,
2026-07-08T02:29:19.776137+00:00,spot_8,Spot 8,Empty,2026-07-08T01:50:40.398005+00:00,,,,,,,,
2026-07-08T02:29:19.776137+00:00,spot_9,Spot 9,Empty,2026-07-07T23:26:18.854339+00:00,,,,,,,,
2026-07-08T02:29:19.776137+00:00,spot_10,Spot 10,Empty,2026-07-07T21:58:26.831614+00:00,,,,,,,,
2026-07-08T02:29:19.776137+00:00,spot_11,Spot 11,Empty,2026-07-08T01:30:20.895571+00:00,,,,,,,,
2026-07-08T02:29:19.776137+00:00,spot_12,Spot 12,Empty,2026-07-07T21:38:25.635528+00:00,,,,,,,,
2026-07-08T02:29:19.776137+00:00,spot_13,Spot 13,Empty,2026-07-07T22:01:20.711562+00:00,,,,,,,,
2026-07-08T02:29:19.776137+00:00,spot_14,Spot 14,Empty,2026-07-07T21:51:20.011139+00:00,,,,,,,,
2026-07-08T02:29:19.776137+00:00,spot_15,Spot 15,Empty,2026-07-07T23:10:21.918673+00:00,,,,,,,,
2026-07-08T02:29:19.776137+00:00,spot_16,Spot 16,Empty,2026-07-08T01:40:31.480757+00:00,,,,,,,,
2026-07-08T02:29:19.776137+00:00,spot_17,Spot 17,Empty,2026-07-08T01:36:18.951266+00:00,,,,,,,,
2026-07-08T02:30:21.797608+00:00,spot_1,Spot 1,Empty,2026-07-08T02:15:20.847003+00:00,,,,,,,,
2026-07-08T02:30:21.797608+00:00,spot_2,Spot 2,Empty,2026-07-07T21:10:22.475363+00:00,,,,,,,,
2026-07-08T02:30:21.797608+00:00,spot_3,Spot 3,Empty,2026-07-07T23:49:18.511171+00:00,,,,,,,,
2026-07-08T02:30:21.797608+00:00,spot_4,Spot 4,Occupied,2026-07-08T02:25:18.877808+00:00,17,car,0.7767336368560791,301,385.3688049316406,326.47821044921875,448.0271301269531,373.17425537109375
2026-07-08T02:30:21.797608+00:00,spot_5,Spot 5,Empty,2026-07-08T02:25:18.877808+00:00,,,,,,,,
2026-07-08T02:30:21.797608+00:00,spot_6,Spot 6,Empty,2026-07-07T23:35:19.050090+00:00,,,,,,,,
2026-07-08T02:30:21.797608+00:00,spot_7,Spot 7,Empty,2026-07-08T01:15:20.940286+00:00,,,,,,,,
2026-07-08T02:30:21.797608+00:00,spot_8,Spot 8,Empty,2026-07-08T01:50:40.398005+00:00,,,,,,,,
2026-07-08T02:30:21.797608+00:00,spot_9,Spot 9,Empty,2026-07-07T23:26:18.854339+00:00,,,,,,,,
2026-07-08T02:30:21.797608+00:00,spot_10,Spot 10,Empty,2026-07-07T21:58:26.831614+00:00,,,,,,,,
2026-07-08T02:30:21.797608+00:00,spot_11,Spot 11,Empty,2026-07-08T01:30:20.895571+00:00,,,,,,,,
2026-07-08T02:30:21.797608+00:00,spot_12,Spot 12,Empty,2026-07-07T21:38:25.635528+00:00,,,,,,,,
2026-07-08T02:30:21.797608+00:00,spot_13,Spot 13,Empty,2026-07-07T22:01:20.711562+00:00,,,,,,,,
2026-07-08T02:30:21.797608+00:00,spot_14,Spot 14,Empty,2026-07-07T21:51:20.011139+00:00,,,,,,,,
2026-07-08T02:30:21.797608+00:00,spot_15,Spot 15,Empty,2026-07-07T23:10:21.918673+00:00,,,,,,,,
2026-07-08T02:30:21.797608+00:00,spot_16,Spot 16,Empty,2026-07-08T01:40:31.480757+00:00,,,,,,,,
2026-07-08T02:30:21.797608+00:00,spot_17,Spot 17,Empty,2026-07-08T01:36:18.951266+00:00,,,,,,,,
2026-07-08T02:31:20.368388+00:00,spot_1,Spot 1,Empty,2026-07-08T02:15:20.847003+00:00,,,,,,,,
2026-07-08T02:31:20.368388+00:00,spot_2,Spot 2,Empty,2026-07-07T21:10:22.475363+00:00,,,,,,,,
2026-07-08T02:31:20.368388+00:00,spot_3,Spot 3,Empty,2026-07-07T23:49:18.511171+00:00,,,,,,,,
2026-07-08T02:31:20.368388+00:00,spot_4,Spot 4,Occupied,2026-07-08T02:25:18.877808+00:00,17,car,0.7995216846466064,359,385.17181396484375,326.35992431640625,447.48309326171875,373.51678466796875
2026-07-08T02:31:20.368388+00:00,spot_5,Spot 5,Empty,2026-07-08T02:25:18.877808+00:00,,,,,,,,
2026-07-08T02:31:20.368388+00:00,spot_6,Spot 6,Empty,2026-07-07T23:35:19.050090+00:00,,,,,,,,
2026-07-08T02:31:20.368388+00:00,spot_7,Spot 7,Empty,2026-07-08T01:15:20.940286+00:00,,,,,,,,
2026-07-08T02:31:20.368388+00:00,spot_8,Spot 8,Empty,2026-07-08T01:50:40.398005+00:00,,,,,,,,
2026-07-08T02:31:20.368388+00:00,spot_9,Spot 9,Empty,2026-07-07T23:26:18.854339+00:00,,,,,,,,
2026-07-08T02:31:20.368388+00:00,spot_10,Spot 10,Empty,2026-07-07T21:58:26.831614+00:00,,,,,,,,
2026-07-08T02:31:20.368388+00:00,spot_11,Spot 11,Empty,2026-07-08T01:30:20.895571+00:00,,,,,,,,
2026-07-08T02:31:20.368388+00:00,spot_12,Spot 12,Empty,2026-07-07T21:38:25.635528+00:00,,,,,,,,
2026-07-08T02:31:20.368388+00:00,spot_13,Spot 13,Empty,2026-07-07T22:01:20.711562+00:00,,,,,,,,
2026-07-08T02:31:20.368388+00:00,spot_14,Spot 14,Empty,2026-07-07T21:51:20.011139+00:00,,,,,,,,
2026-07-08T02:31:20.368388+00:00,spot_15,Spot 15,Empty,2026-07-07T23:10:21.918673+00:00,,,,,,,,
2026-07-08T02:31:20.368388+00:00,spot_16,Spot 16,Empty,2026-07-08T01:40:31.480757+00:00,,,,,,,,
2026-07-08T02:31:20.368388+00:00,spot_17,Spot 17,Empty,2026-07-08T01:36:18.951266+00:00,,,,,,,,
2026-07-08T02:32:30.730961+00:00,spot_1,Spot 1,Empty,2026-07-08T02:15:20.847003+00:00,,,,,,,,
2026-07-08T02:32:30.730961+00:00,spot_2,Spot 2,Empty,2026-07-07T21:10:22.475363+00:00,,,,,,,,
2026-07-08T02:32:30.730961+00:00,spot_3,Spot 3,Empty,2026-07-07T23:49:18.511171+00:00,,,,,,,,
2026-07-08T02:32:30.730961+00:00,spot_4,Spot 4,Occupied,2026-07-08T02:25:18.877808+00:00,17,car,0.7792307734489441,432,385.095458984375,326.1525573730469,448.0181884765625,373.2974548339844
2026-07-08T02:32:30.730961+00:00,spot_5,Spot 5,Empty,2026-07-08T02:25:18.877808+00:00,,,,,,,,
2026-07-08T02:32:30.730961+00:00,spot_6,Spot 6,Empty,2026-07-07T23:35:19.050090+00:00,,,,,,,,
2026-07-08T02:32:30.730961+00:00,spot_7,Spot 7,Empty,2026-07-08T01:15:20.940286+00:00,,,,,,,,
2026-07-08T02:32:30.730961+00:00,spot_8,Spot 8,Empty,2026-07-08T01:50:40.398005+00:00,,,,,,,,
2026-07-08T02:32:30.730961+00:00,spot_9,Spot 9,Empty,2026-07-07T23:26:18.854339+00:00,,,,,,,,
2026-07-08T02:32:30.730961+00:00,spot_10,Spot 10,Empty,2026-07-07T21:58:26.831614+00:00,,,,,,,,
2026-07-08T02:32:30.730961+00:00,spot_11,Spot 11,Empty,2026-07-08T01:30:20.895571+00:00,,,,,,,,
2026-07-08T02:32:30.730961+00:00,spot_12,Spot 12,Empty,2026-07-07T21:38:25.635528+00:00,,,,,,,,
2026-07-08T02:32:30.730961+00:00,spot_13,Spot 13,Empty,2026-07-07T22:01:20.711562+00:00,,,,,,,,
2026-07-08T02:32:30.730961+00:00,spot_14,Spot 14,Empty,2026-07-07T21:51:20.011139+00:00,,,,,,,,
2026-07-08T02:32:30.730961+00:00,spot_15,Spot 15,Empty,2026-07-07T23:10:21.918673+00:00,,,,,,,,
2026-07-08T02:32:30.730961+00:00,spot_16,Spot 16,Empty,2026-07-08T01:40:31.480757+00:00,,,,,,,,
2026-07-08T02:32:30.730961+00:00,spot_17,Spot 17,Empty,2026-07-08T01:36:18.951266+00:00,,,,,,,,
2026-07-08T02:33:19.498152+00:00,spot_1,Spot 1,Empty,2026-07-08T02:15:20.847003+00:00,,,,,,,,
2026-07-08T02:33:19.498152+00:00,spot_2,Spot 2,Empty,2026-07-07T21:10:22.475363+00:00,,,,,,,,
2026-07-08T02:33:19.498152+00:00,spot_3,Spot 3,Empty,2026-07-07T23:49:18.511171+00:00,,,,,,,,
2026-07-08T02:33:19.498152+00:00,spot_4,Spot 4,Occupied,2026-07-08T02:25:18.877808+00:00,17,car,0.823634922504425,478,385.77886962890625,326.3038330078125,448.07293701171875,373.18701171875
2026-07-08T02:33:19.498152+00:00,spot_5,Spot 5,Empty,2026-07-08T02:25:18.877808+00:00,,,,,,,,
2026-07-08T02:33:19.498152+00:00,spot_6,Spot 6,Empty,2026-07-07T23:35:19.050090+00:00,,,,,,,,
2026-07-08T02:33:19.498152+00:00,spot_7,Spot 7,Empty,2026-07-08T01:15:20.940286+00:00,,,,,,,,
2026-07-08T02:33:19.498152+00:00,spot_8,Spot 8,Empty,2026-07-08T01:50:40.398005+00:00,,,,,,,,
2026-07-08T02:33:19.498152+00:00,spot_9,Spot 9,Empty,2026-07-07T23:26:18.854339+00:00,,,,,,,,
2026-07-08T02:33:19.498152+00:00,spot_10,Spot 10,Empty,2026-07-07T21:58:26.831614+00:00,,,,,,,,
2026-07-08T02:33:19.498152+00:00,spot_11,Spot 11,Empty,2026-07-08T01:30:20.895571+00:00,,,,,,,,
2026-07-08T02:33:19.498152+00:00,spot_12,Spot 12,Empty,2026-07-07T21:38:25.635528+00:00,,,,,,,,
2026-07-08T02:33:19.498152+00:00,spot_13,Spot 13,Empty,2026-07-07T22:01:20.711562+00:00,,,,,,,,
2026-07-08T02:33:19.498152+00:00,spot_14,Spot 14,Empty,2026-07-07T21:51:20.011139+00:00,,,,,,,,
2026-07-08T02:33:19.498152+00:00,spot_15,Spot 15,Empty,2026-07-07T23:10:21.918673+00:00,,,,,,,,
2026-07-08T02:33:19.498152+00:00,spot_16,Spot 16,Empty,2026-07-08T01:40:31.480757+00:00,,,,,,,,
2026-07-08T02:33:19.498152+00:00,spot_17,Spot 17,Empty,2026-07-08T01:36:18.951266+00:00,,,,,,,,
2026-07-08T02:34:18.661023+00:00,spot_1,Spot 1,Empty,2026-07-08T02:15:20.847003+00:00,,,,,,,,
2026-07-08T02:34:18.661023+00:00,spot_2,Spot 2,Empty,2026-07-07T21:10:22.475363+00:00,,,,,,,,
2026-07-08T02:34:18.661023+00:00,spot_3,Spot 3,Empty,2026-07-07T23:49:18.511171+00:00,,,,,,,,
2026-07-08T02:34:18.661023+00:00,spot_4,Spot 4,Occupied,2026-07-08T02:25:18.877808+00:00,17,car,0.856508195400238,540,385.331787109375,326.3382568359375,448.2412109375,373.270751953125
2026-07-08T02:34:18.661023+00:00,spot_5,Spot 5,Empty,2026-07-08T02:25:18.877808+00:00,,,,,,,,
2026-07-08T02:34:18.661023+00:00,spot_6,Spot 6,Empty,2026-07-07T23:35:19.050090+00:00,,,,,,,,
2026-07-08T02:34:18.661023+00:00,spot_7,Spot 7,Empty,2026-07-08T01:15:20.940286+00:00,,,,,,,,
2026-07-08T02:34:18.661023+00:00,spot_8,Spot 8,Empty,2026-07-08T01:50:40.398005+00:00,,,,,,,,
2026-07-08T02:34:18.661023+00:00,spot_9,Spot 9,Empty,2026-07-07T23:26:18.854339+00:00,,,,,,,,
2026-07-08T02:34:18.661023+00:00,spot_10,Spot 10,Empty,2026-07-07T21:58:26.831614+00:00,,,,,,,,
2026-07-08T02:34:18.661023+00:00,spot_11,Spot 11,Empty,2026-07-08T01:30:20.895571+00:00,,,,,,,,
2026-07-08T02:34:18.661023+00:00,spot_12,Spot 12,Empty,2026-07-07T21:38:25.635528+00:00,,,,,,,,
2026-07-08T02:34:18.661023+00:00,spot_13,Spot 13,Empty,2026-07-07T22:01:20.711562+00:00,,,,,,,,
2026-07-08T02:34:18.661023+00:00,spot_14,Spot 14,Empty,2026-07-07T21:51:20.011139+00:00,,,,,,,,
2026-07-08T02:34:18.661023+00:00,spot_15,Spot 15,Empty,2026-07-07T23:10:21.918673+00:00,,,,,,,,
2026-07-08T02:34:18.661023+00:00,spot_16,Spot 16,Empty,2026-07-08T01:40:31.480757+00:00,,,,,,,,
2026-07-08T02:34:18.661023+00:00,spot_17,Spot 17,Empty,2026-07-08T01:36:18.951266+00:00,,,,,,,,
2026-07-08T02:35:18.242250+00:00,spot_1,Spot 1,Empty,2026-07-08T02:15:20.847003+00:00,,,,,,,,
2026-07-08T02:35:18.242250+00:00,spot_2,Spot 2,Empty,2026-07-07T21:10:22.475363+00:00,,,,,,,,
2026-07-08T02:35:18.242250+00:00,spot_3,Spot 3,Empty,2026-07-07T23:49:18.511171+00:00,,,,,,,,
2026-07-08T02:35:18.242250+00:00,spot_4,Spot 4,Occupied,2026-07-08T02:25:18.877808+00:00,17,car,0.856508195400238,598,385.331787109375,326.3382568359375,448.2412109375,373.270751953125
2026-07-08T02:35:18.242250+00:00,spot_5,Spot 5,Empty,2026-07-08T02:25:18.877808+00:00,,,,,,,,
2026-07-08T02:35:18.242250+00:00,spot_6,Spot 6,Empty,2026-07-07T23:35:19.050090+00:00,,,,,,,,
2026-07-08T02:35:18.242250+00:00,spot_7,Spot 7,Empty,2026-07-08T01:15:20.940286+00:00,,,,,,,,
2026-07-08T02:35:18.242250+00:00,spot_8,Spot 8,Empty,2026-07-08T01:50:40.398005+00:00,,,,,,,,
2026-07-08T02:35:18.242250+00:00,spot_9,Spot 9,Empty,2026-07-07T23:26:18.854339+00:00,,,,,,,,
2026-07-08T02:35:18.242250+00:00,spot_10,Spot 10,Empty,2026-07-07T21:58:26.831614+00:00,,,,,,,,
2026-07-08T02:35:18.242250+00:00,spot_11,Spot 11,Empty,2026-07-08T01:30:20.895571+00:00,,,,,,,,
2026-07-08T02:35:18.242250+00:00,spot_12,Spot 12,Empty,2026-07-07T21:38:25.635528+00:00,,,,,,,,
2026-07-08T02:35:18.242250+00:00,spot_13,Spot 13,Empty,2026-07-07T22:01:20.711562+00:00,,,,,,,,
2026-07-08T02:35:18.242250+00:00,spot_14,Spot 14,Empty,2026-07-07T21:51:20.011139+00:00,,,,,,,,
2026-07-08T02:35:18.242250+00:00,spot_15,Spot 15,Empty,2026-07-07T23:10:21.918673+00:00,,,,,,,,
2026-07-08T02:35:18.242250+00:00,spot_16,Spot 16,Empty,2026-07-08T01:40:31.480757+00:00,,,,,,,,
2026-07-08T02:35:18.242250+00:00,spot_17,Spot 17,Empty,2026-07-08T01:36:18.951266+00:00,,,,,,,,
2026-07-08T02:36:17.555138+00:00,spot_1,Spot 1,Empty,2026-07-08T02:15:20.847003+00:00,,,,,,,,
2026-07-08T02:36:17.555138+00:00,spot_2,Spot 2,Empty,2026-07-07T21:10:22.475363+00:00,,,,,,,,
2026-07-08T02:36:17.555138+00:00,spot_3,Spot 3,Empty,2026-07-07T23:49:18.511171+00:00,,,,,,,,
2026-07-08T02:36:17.555138+00:00,spot_4,Spot 4,Occupied,2026-07-08T02:25:18.877808+00:00,17,car,0.8608907461166382,658,385.0959777832031,326.6805419921875,447.8218688964844,373.662109375
2026-07-08T02:36:17.555138+00:00,spot_5,Spot 5,Empty,2026-07-08T02:25:18.877808+00:00,,,,,,,,
2026-07-08T02:36:17.555138+00:00,spot_6,Spot 6,Empty,2026-07-07T23:35:19.050090+00:00,,,,,,,,
2026-07-08T02:36:17.555138+00:00,spot_7,Spot 7,Empty,2026-07-08T01:15:20.940286+00:00,,,,,,,,
2026-07-08T02:36:17.555138+00:00,spot_8,Spot 8,Empty,2026-07-08T01:50:40.398005+00:00,,,,,,,,
2026-07-08T02:36:17.555138+00:00,spot_9,Spot 9,Empty,2026-07-07T23:26:18.854339+00:00,,,,,,,,
2026-07-08T02:36:17.555138+00:00,spot_10,Spot 10,Empty,2026-07-07T21:58:26.831614+00:00,,,,,,,,
2026-07-08T02:36:17.555138+00:00,spot_11,Spot 11,Empty,2026-07-08T01:30:20.895571+00:00,,,,,,,,
2026-07-08T02:36:17.555138+00:00,spot_12,Spot 12,Empty,2026-07-07T21:38:25.635528+00:00,,,,,,,,
2026-07-08T02:36:17.555138+00:00,spot_13,Spot 13,Empty,2026-07-07T22:01:20.711562+00:00,,,,,,,,
2026-07-08T02:36:17.555138+00:00,spot_14,Spot 14,Empty,2026-07-07T21:51:20.011139+00:00,,,,,,,,
2026-07-08T02:36:17.555138+00:00,spot_15,Spot 15,Empty,2026-07-07T23:10:21.918673+00:00,,,,,,,,
2026-07-08T02:36:17.555138+00:00,spot_16,Spot 16,Empty,2026-07-08T01:40:31.480757+00:00,,,,,,,,
2026-07-08T02:36:17.555138+00:00,spot_17,Spot 17,Empty,2026-07-08T01:36:18.951266+00:00,,,,,,,,
2026-07-08T02:37:19.930468+00:00,spot_1,Spot 1,Empty,2026-07-08T02:15:20.847003+00:00,,,,,,,,
2026-07-08T02:37:19.930468+00:00,spot_2,Spot 2,Empty,2026-07-07T21:10:22.475363+00:00,,,,,,,,
2026-07-08T02:37:19.930468+00:00,spot_3,Spot 3,Empty,2026-07-07T23:49:18.511171+00:00,,,,,,,,
2026-07-08T02:37:19.930468+00:00,spot_4,Spot 4,Occupied,2026-07-08T02:25:18.877808+00:00,17,car,0.8735361695289612,718,385.3148193359375,326.31512451171875,448.4342041015625,373.28363037109375
2026-07-08T02:37:19.930468+00:00,spot_5,Spot 5,Empty,2026-07-08T02:25:18.877808+00:00,,,,,,,,
2026-07-08T02:37:19.930468+00:00,spot_6,Spot 6,Empty,2026-07-07T23:35:19.050090+00:00,,,,,,,,
2026-07-08T02:37:19.930468+00:00,spot_7,Spot 7,Empty,2026-07-08T01:15:20.940286+00:00,,,,,,,,
2026-07-08T02:37:19.930468+00:00,spot_8,Spot 8,Empty,2026-07-08T01:50:40.398005+00:00,,,,,,,,
2026-07-08T02:37:19.930468+00:00,spot_9,Spot 9,Empty,2026-07-07T23:26:18.854339+00:00,,,,,,,,
2026-07-08T02:37:19.930468+00:00,spot_10,Spot 10,Empty,2026-07-07T21:58:26.831614+00:00,,,,,,,,
2026-07-08T02:37:19.930468+00:00,spot_11,Spot 11,Empty,2026-07-08T01:30:20.895571+00:00,,,,,,,,
2026-07-08T02:37:19.930468+00:00,spot_12,Spot 12,Empty,2026-07-07T21:38:25.635528+00:00,,,,,,,,
2026-07-08T02:37:19.930468+00:00,spot_13,Spot 13,Empty,2026-07-07T22:01:20.711562+00:00,,,,,,,,
2026-07-08T02:37:19.930468+00:00,spot_14,Spot 14,Empty,2026-07-07T21:51:20.011139+00:00,,,,,,,,
2026-07-08T02:37:19.930468+00:00,spot_15,Spot 15,Empty,2026-07-07T23:10:21.918673+00:00,,,,,,,,
2026-07-08T02:37:19.930468+00:00,spot_16,Spot 16,Empty,2026-07-08T01:40:31.480757+00:00,,,,,,,,
2026-07-08T02:37:19.930468+00:00,spot_17,Spot 17,Empty,2026-07-08T01:36:18.951266+00:00,,,,,,,,
2026-07-08T02:38:30.043019+00:00,spot_1,Spot 1,Empty,2026-07-08T02:15:20.847003+00:00,,,,,,,,
2026-07-08T02:38:30.043019+00:00,spot_2,Spot 2,Empty,2026-07-07T21:10:22.475363+00:00,,,,,,,,
2026-07-08T02:38:30.043019+00:00,spot_3,Spot 3,Empty,2026-07-07T23:49:18.511171+00:00,,,,,,,,
2026-07-08T02:38:30.043019+00:00,spot_4,Spot 4,Occupied,2026-07-08T02:25:18.877808+00:00,17,car,0.8590283989906311,791,384.7822265625,326.3839111328125,447.80419921875,372.6705322265625
2026-07-08T02:38:30.043019+00:00,spot_5,Spot 5,Empty,2026-07-08T02:25:18.877808+00:00,,,,,,,,
2026-07-08T02:38:30.043019+00:00,spot_6,Spot 6,Empty,2026-07-07T23:35:19.050090+00:00,,,,,,,,
2026-07-08T02:38:30.043019+00:00,spot_7,Spot 7,Empty,2026-07-08T01:15:20.940286+00:00,,,,,,,,
2026-07-08T02:38:30.043019+00:00,spot_8,Spot 8,Empty,2026-07-08T01:50:40.398005+00:00,,,,,,,,
2026-07-08T02:38:30.043019+00:00,spot_9,Spot 9,Empty,2026-07-07T23:26:18.854339+00:00,,,,,,,,
2026-07-08T02:38:30.043019+00:00,spot_10,Spot 10,Empty,2026-07-07T21:58:26.831614+00:00,,,,,,,,
2026-07-08T02:38:30.043019+00:00,spot_11,Spot 11,Empty,2026-07-08T01:30:20.895571+00:00,,,,,,,,
2026-07-08T02:38:30.043019+00:00,spot_12,Spot 12,Empty,2026-07-07T21:38:25.635528+00:00,,,,,,,,
2026-07-08T02:38:30.043019+00:00,spot_13,Spot 13,Empty,2026-07-07T22:01:20.711562+00:00,,,,,,,,
2026-07-08T02:38:30.043019+00:00,spot_14,Spot 14,Empty,2026-07-07T21:51:20.011139+00:00,,,,,,,,
2026-07-08T02:38:30.043019+00:00,spot_15,Spot 15,Empty,2026-07-07T23:10:21.918673+00:00,,,,,,,,
2026-07-08T02:38:30.043019+00:00,spot_16,Spot 16,Empty,2026-07-08T01:40:31.480757+00:00,,,,,,,,
2026-07-08T02:38:30.043019+00:00,spot_17,Spot 17,Empty,2026-07-08T01:36:18.951266+00:00,,,,,,,,
2026-07-08T02:39:18.969494+00:00,spot_1,Spot 1,Empty,2026-07-08T02:15:20.847003+00:00,,,,,,,,
2026-07-08T02:39:18.969494+00:00,spot_2,Spot 2,Empty,2026-07-07T21:10:22.475363+00:00,,,,,,,,
2026-07-08T02:39:18.969494+00:00,spot_3,Spot 3,Empty,2026-07-07T23:49:18.511171+00:00,,,,,,,,
2026-07-08T02:39:18.969494+00:00,spot_4,Spot 4,Occupied,2026-07-08T02:25:18.877808+00:00,17,car,0.8590283989906311,838,384.7822265625,326.3839111328125,447.80419921875,372.6705322265625
2026-07-08T02:39:18.969494+00:00,spot_5,Spot 5,Empty,2026-07-08T02:25:18.877808+00:00,,,,,,,,
2026-07-08T02:39:18.969494+00:00,spot_6,Spot 6,Empty,2026-07-07T23:35:19.050090+00:00,,,,,,,,
2026-07-08T02:39:18.969494+00:00,spot_7,Spot 7,Empty,2026-07-08T01:15:20.940286+00:00,,,,,,,,
2026-07-08T02:39:18.969494+00:00,spot_8,Spot 8,Empty,2026-07-08T01:50:40.398005+00:00,,,,,,,,
2026-07-08T02:39:18.969494+00:00,spot_9,Spot 9,Empty,2026-07-07T23:26:18.854339+00:00,,,,,,,,
2026-07-08T02:39:18.969494+00:00,spot_10,Spot 10,Empty,2026-07-07T21:58:26.831614+00:00,,,,,,,,
2026-07-08T02:39:18.969494+00:00,spot_11,Spot 11,Empty,2026-07-08T01:30:20.895571+00:00,,,,,,,,
2026-07-08T02:39:18.969494+00:00,spot_12,Spot 12,Empty,2026-07-07T21:38:25.635528+00:00,,,,,,,,
2026-07-08T02:39:18.969494+00:00,spot_13,Spot 13,Empty,2026-07-07T22:01:20.711562+00:00,,,,,,,,
2026-07-08T02:39:18.969494+00:00,spot_14,Spot 14,Empty,2026-07-07T21:51:20.011139+00:00,,,,,,,,
2026-07-08T02:39:18.969494+00:00,spot_15,Spot 15,Empty,2026-07-07T23:10:21.918673+00:00,,,,,,,,
2026-07-08T02:39:18.969494+00:00,spot_16,Spot 16,Empty,2026-07-08T01:40:31.480757+00:00,,,,,,,,
2026-07-08T02:39:18.969494+00:00,spot_17,Spot 17,Empty,2026-07-08T01:36:18.951266+00:00,,,,,,,,
2026-07-08T02:40:20.311417+00:00,spot_1,Spot 1,Empty,2026-07-08T02:15:20.847003+00:00,,,,,,,,
2026-07-08T02:40:20.311417+00:00,spot_2,Spot 2,Empty,2026-07-07T21:10:22.475363+00:00,,,,,,,,
2026-07-08T02:40:20.311417+00:00,spot_3,Spot 3,Empty,2026-07-07T23:49:18.511171+00:00,,,,,,,,
2026-07-08T02:40:20.311417+00:00,spot_4,Spot 4,Occupied,2026-07-08T02:25:18.877808+00:00,17,car,0.8419566750526428,901,384.47564697265625,326.5180358886719,447.78472900390625,373.8579406738281
2026-07-08T02:40:20.311417+00:00,spot_5,Spot 5,Occupied,2026-07-08T02:40:20.311417+00:00,18,car,0.5921220183372498,0,337.52581787109375,336.99896240234375,361.08941650390625,347.66534423828125
2026-07-08T02:40:20.311417+00:00,spot_6,Spot 6,Empty,2026-07-07T23:35:19.050090+00:00,,,,,,,,
2026-07-08T02:40:20.311417+00:00,spot_7,Spot 7,Empty,2026-07-08T01:15:20.940286+00:00,,,,,,,,
2026-07-08T02:40:20.311417+00:00,spot_8,Spot 8,Empty,2026-07-08T01:50:40.398005+00:00,,,,,,,,
2026-07-08T02:40:20.311417+00:00,spot_9,Spot 9,Empty,2026-07-07T23:26:18.854339+00:00,,,,,,,,
2026-07-08T02:40:20.311417+00:00,spot_10,Spot 10,Empty,2026-07-07T21:58:26.831614+00:00,,,,,,,,
2026-07-08T02:40:20.311417+00:00,spot_11,Spot 11,Empty,2026-07-08T01:30:20.895571+00:00,,,,,,,,
2026-07-08T02:40:20.311417+00:00,spot_12,Spot 12,Empty,2026-07-07T21:38:25.635528+00:00,,,,,,,,
2026-07-08T02:40:20.311417+00:00,spot_13,Spot 13,Empty,2026-07-07T22:01:20.711562+00:00,,,,,,,,
2026-07-08T02:40:20.311417+00:00,spot_14,Spot 14,Empty,2026-07-07T21:51:20.011139+00:00,,,,,,,,
2026-07-08T02:40:20.311417+00:00,spot_15,Spot 15,Empty,2026-07-07T23:10:21.918673+00:00,,,,,,,,
2026-07-08T02:40:20.311417+00:00,spot_16,Spot 16,Empty,2026-07-08T01:40:31.480757+00:00,,,,,,,,
2026-07-08T02:40:20.311417+00:00,spot_17,Spot 17,Empty,2026-07-08T01:36:18.951266+00:00,,,,,,,,
2026-07-08T02:41:19.731337+00:00,spot_1,Spot 1,Empty,2026-07-08T02:15:20.847003+00:00,,,,,,,,
2026-07-08T02:41:19.731337+00:00,spot_2,Spot 2,Empty,2026-07-07T21:10:22.475363+00:00,,,,,,,,
2026-07-08T02:41:19.731337+00:00,spot_3,Spot 3,Empty,2026-07-07T23:49:18.511171+00:00,,,,,,,,
2026-07-08T02:41:19.731337+00:00,spot_4,Spot 4,Occupied,2026-07-08T02:25:18.877808+00:00,17,car,0.8006434440612793,958,384.8913269042969,326.3860168457031,448.0185241699219,373.2654113769531
2026-07-08T02:41:19.731337+00:00,spot_5,Spot 5,Occupied,2026-07-08T02:40:20.311417+00:00,18,car,0.35531163215637207,57,337.68267822265625,336.5461120605469,361.77215576171875,347.2521057128906
2026-07-08T02:41:19.731337+00:00,spot_6,Spot 6,Empty,2026-07-07T23:35:19.050090+00:00,,,,,,,,
2026-07-08T02:41:19.731337+00:00,spot_7,Spot 7,Empty,2026-07-08T01:15:20.940286+00:00,,,,,,,,
2026-07-08T02:41:19.731337+00:00,spot_8,Spot 8,Empty,2026-07-08T01:50:40.398005+00:00,,,,,,,,
2026-07-08T02:41:19.731337+00:00,spot_9,Spot 9,Empty,2026-07-07T23:26:18.854339+00:00,,,,,,,,
2026-07-08T02:41:19.731337+00:00,spot_10,Spot 10,Empty,2026-07-07T21:58:26.831614+00:00,,,,,,,,
2026-07-08T02:41:19.731337+00:00,spot_11,Spot 11,Empty,2026-07-08T01:30:20.895571+00:00,,,,,,,,
2026-07-08T02:41:19.731337+00:00,spot_12,Spot 12,Empty,2026-07-07T21:38:25.635528+00:00,,,,,,,,
2026-07-08T02:41:19.731337+00:00,spot_13,Spot 13,Empty,2026-07-07T22:01:20.711562+00:00,,,,,,,,
2026-07-08T02:41:19.731337+00:00,spot_14,Spot 14,Empty,2026-07-07T21:51:20.011139+00:00,,,,,,,,
2026-07-08T02:41:19.731337+00:00,spot_15,Spot 15,Empty,2026-07-07T23:10:21.918673+00:00,,,,,,,,
2026-07-08T02:41:19.731337+00:00,spot_16,Spot 16,Empty,2026-07-08T01:40:31.480757+00:00,,,,,,,,
2026-07-08T02:41:19.731337+00:00,spot_17,Spot 17,Empty,2026-07-08T01:36:18.951266+00:00,,,,,,,,
2026-07-08T02:42:18.663497+00:00,spot_1,Spot 1,Empty,2026-07-08T02:15:20.847003+00:00,,,,,,,,
2026-07-08T02:42:18.663497+00:00,spot_2,Spot 2,Empty,2026-07-07T21:10:22.475363+00:00,,,,,,,,
2026-07-08T02:42:18.663497+00:00,spot_3,Spot 3,Empty,2026-07-07T23:49:18.511171+00:00,,,,,,,,
2026-07-08T02:42:18.663497+00:00,spot_4,Spot 4,Occupied,2026-07-08T02:25:18.877808+00:00,17,car,0.7999014258384705,1019,384.93035888671875,326.1361083984375,447.74407958984375,373.739990234375
2026-07-08T02:42:18.663497+00:00,spot_5,Spot 5,Empty,2026-07-08T02:42:18.663497+00:00,,,,,,,,
2026-07-08T02:42:18.663497+00:00,spot_6,Spot 6,Empty,2026-07-07T23:35:19.050090+00:00,,,,,,,,
2026-07-08T02:42:18.663497+00:00,spot_7,Spot 7,Empty,2026-07-08T01:15:20.940286+00:00,,,,,,,,
2026-07-08T02:42:18.663497+00:00,spot_8,Spot 8,Empty,2026-07-08T01:50:40.398005+00:00,,,,,,,,
2026-07-08T02:42:18.663497+00:00,spot_9,Spot 9,Empty,2026-07-07T23:26:18.854339+00:00,,,,,,,,
2026-07-08T02:42:18.663497+00:00,spot_10,Spot 10,Empty,2026-07-07T21:58:26.831614+00:00,,,,,,,,
2026-07-08T02:42:18.663497+00:00,spot_11,Spot 11,Empty,2026-07-08T01:30:20.895571+00:00,,,,,,,,
2026-07-08T02:42:18.663497+00:00,spot_12,Spot 12,Empty,2026-07-07T21:38:25.635528+00:00,,,,,,,,
2026-07-08T02:42:18.663497+00:00,spot_13,Spot 13,Empty,2026-07-07T22:01:20.711562+00:00,,,,,,,,
2026-07-08T02:42:18.663497+00:00,spot_14,Spot 14,Empty,2026-07-07T21:51:20.011139+00:00,,,,,,,,
2026-07-08T02:42:18.663497+00:00,spot_15,Spot 15,Empty,2026-07-07T23:10:21.918673+00:00,,,,,,,,
2026-07-08T02:42:18.663497+00:00,spot_16,Spot 16,Empty,2026-07-08T01:40:31.480757+00:00,,,,,,,,
2026-07-08T02:42:18.663497+00:00,spot_17,Spot 17,Empty,2026-07-08T01:36:18.951266+00:00,,,,,,,,
2026-07-08T02:43:20.853194+00:00,spot_1,Spot 1,Empty,2026-07-08T02:15:20.847003+00:00,,,,,,,,
2026-07-08T02:43:20.853194+00:00,spot_2,Spot 2,Empty,2026-07-07T21:10:22.475363+00:00,,,,,,,,
2026-07-08T02:43:20.853194+00:00,spot_3,Spot 3,Empty,2026-07-07T23:49:18.511171+00:00,,,,,,,,
2026-07-08T02:43:20.853194+00:00,spot_4,Spot 4,Occupied,2026-07-08T02:25:18.877808+00:00,17,car,0.821254312992096,1080,385.2378845214844,326.42486572265625,447.7736511230469,373.46697998046875
2026-07-08T02:43:20.853194+00:00,spot_5,Spot 5,Empty,2026-07-08T02:42:18.663497+00:00,,,,,,,,
2026-07-08T02:43:20.853194+00:00,spot_6,Spot 6,Empty,2026-07-07T23:35:19.050090+00:00,,,,,,,,
2026-07-08T02:43:20.853194+00:00,spot_7,Spot 7,Empty,2026-07-08T01:15:20.940286+00:00,,,,,,,,
2026-07-08T02:43:20.853194+00:00,spot_8,Spot 8,Empty,2026-07-08T01:50:40.398005+00:00,,,,,,,,
2026-07-08T02:43:20.853194+00:00,spot_9,Spot 9,Empty,2026-07-07T23:26:18.854339+00:00,,,,,,,,
2026-07-08T02:43:20.853194+00:00,spot_10,Spot 10,Empty,2026-07-07T21:58:26.831614+00:00,,,,,,,,
2026-07-08T02:43:20.853194+00:00,spot_11,Spot 11,Empty,2026-07-08T01:30:20.895571+00:00,,,,,,,,
2026-07-08T02:43:20.853194+00:00,spot_12,Spot 12,Empty,2026-07-07T21:38:25.635528+00:00,,,,,,,,
2026-07-08T02:43:20.853194+00:00,spot_13,Spot 13,Empty,2026-07-07T22:01:20.711562+00:00,,,,,,,,
2026-07-08T02:43:20.853194+00:00,spot_14,Spot 14,Empty,2026-07-07T21:51:20.011139+00:00,,,,,,,,
2026-07-08T02:43:20.853194+00:00,spot_15,Spot 15,Empty,2026-07-07T23:10:21.918673+00:00,,,,,,,,
2026-07-08T02:43:20.853194+00:00,spot_16,Spot 16,Empty,2026-07-08T01:40:31.480757+00:00,,,,,,,,
2026-07-08T02:43:20.853194+00:00,spot_17,Spot 17,Empty,2026-07-08T01:36:18.951266+00:00,,,,,,,,
2026-07-08T02:44:43.881664+00:00,spot_1,Spot 1,Empty,2026-07-08T02:15:20.847003+00:00,,,,,,,,
2026-07-08T02:44:43.881664+00:00,spot_2,Spot 2,Empty,2026-07-07T21:10:22.475363+00:00,,,,,,,,
2026-07-08T02:44:43.881664+00:00,spot_3,Spot 3,Empty,2026-07-07T23:49:18.511171+00:00,,,,,,,,
2026-07-08T02:44:43.881664+00:00,spot_4,Spot 4,Occupied,2026-07-08T02:25:18.877808+00:00,17,car,0.8360944986343384,1165,384.4425048828125,326.4082946777344,447.5135498046875,374.0871276855469
2026-07-08T02:44:43.881664+00:00,spot_5,Spot 5,Empty,2026-07-08T02:42:18.663497+00:00,,,,,,,,
2026-07-08T02:44:43.881664+00:00,spot_6,Spot 6,Empty,2026-07-07T23:35:19.050090+00:00,,,,,,,,
2026-07-08T02:44:43.881664+00:00,spot_7,Spot 7,Empty,2026-07-08T01:15:20.940286+00:00,,,,,,,,
2026-07-08T02:44:43.881664+00:00,spot_8,Spot 8,Empty,2026-07-08T01:50:40.398005+00:00,,,,,,,,
2026-07-08T02:44:43.881664+00:00,spot_9,Spot 9,Empty,2026-07-07T23:26:18.854339+00:00,,,,,,,,
2026-07-08T02:44:43.881664+00:00,spot_10,Spot 10,Empty,2026-07-07T21:58:26.831614+00:00,,,,,,,,
2026-07-08T02:44:43.881664+00:00,spot_11,Spot 11,Empty,2026-07-08T01:30:20.895571+00:00,,,,,,,,
2026-07-08T02:44:43.881664+00:00,spot_12,Spot 12,Empty,2026-07-07T21:38:25.635528+00:00,,,,,,,,
2026-07-08T02:44:43.881664+00:00,spot_13,Spot 13,Empty,2026-07-07T22:01:20.711562+00:00,,,,,,,,
2026-07-08T02:44:43.881664+00:00,spot_14,Spot 14,Empty,2026-07-07T21:51:20.011139+00:00,,,,,,,,
2026-07-08T02:44:43.881664+00:00,spot_15,Spot 15,Empty,2026-07-07T23:10:21.918673+00:00,,,,,,,,
2026-07-08T02:44:43.881664+00:00,spot_16,Spot 16,Empty,2026-07-08T01:40:31.480757+00:00,,,,,,,,
2026-07-08T02:44:43.881664+00:00,spot_17,Spot 17,Empty,2026-07-08T01:36:18.951266+00:00,,,,,,,,
2026-07-08T02:45:29.904357+00:00,spot_1,Spot 1,Empty,2026-07-08T02:15:20.847003+00:00,,,,,,,,
2026-07-08T02:45:29.904357+00:00,spot_2,Spot 2,Empty,2026-07-07T21:10:22.475363+00:00,,,,,,,,
2026-07-08T02:45:29.904357+00:00,spot_3,Spot 3,Empty,2026-07-07T23:49:18.511171+00:00,,,,,,,,
2026-07-08T02:45:29.904357+00:00,spot_4,Spot 4,Occupied,2026-07-08T02:25:18.877808+00:00,17,car,0.8360944986343384,1208,384.4425048828125,326.4082946777344,447.5135498046875,374.0871276855469
2026-07-08T02:45:29.904357+00:00,spot_5,Spot 5,Empty,2026-07-08T02:42:18.663497+00:00,,,,,,,,
2026-07-08T02:45:29.904357+00:00,spot_6,Spot 6,Empty,2026-07-07T23:35:19.050090+00:00,,,,,,,,
2026-07-08T02:45:29.904357+00:00,spot_7,Spot 7,Empty,2026-07-08T01:15:20.940286+00:00,,,,,,,,
2026-07-08T02:45:29.904357+00:00,spot_8,Spot 8,Empty,2026-07-08T01:50:40.398005+00:00,,,,,,,,
2026-07-08T02:45:29.904357+00:00,spot_9,Spot 9,Empty,2026-07-07T23:26:18.854339+00:00,,,,,,,,
2026-07-08T02:45:29.904357+00:00,spot_10,Spot 10,Empty,2026-07-07T21:58:26.831614+00:00,,,,,,,,
2026-07-08T02:45:29.904357+00:00,spot_11,Spot 11,Empty,2026-07-08T01:30:20.895571+00:00,,,,,,,,
2026-07-08T02:45:29.904357+00:00,spot_12,Spot 12,Empty,2026-07-07T21:38:25.635528+00:00,,,,,,,,
2026-07-08T02:45:29.904357+00:00,spot_13,Spot 13,Empty,2026-07-07T22:01:20.711562+00:00,,,,,,,,
2026-07-08T02:45:29.904357+00:00,spot_14,Spot 14,Empty,2026-07-07T21:51:20.011139+00:00,,,,,,,,
2026-07-08T02:45:29.904357+00:00,spot_15,Spot 15,Empty,2026-07-07T23:10:21.918673+00:00,,,,,,,,
2026-07-08T02:45:29.904357+00:00,spot_16,Spot 16,Empty,2026-07-08T01:40:31.480757+00:00,,,,,,,,
2026-07-08T02:45:29.904357+00:00,spot_17,Spot 17,Empty,2026-07-08T01:36:18.951266+00:00,,,,,,,,
2026-07-08T02:46:18.679259+00:00,spot_1,Spot 1,Empty,2026-07-08T02:15:20.847003+00:00,,,,,,,,
2026-07-08T02:46:18.679259+00:00,spot_2,Spot 2,Empty,2026-07-07T21:10:22.475363+00:00,,,,,,,,
2026-07-08T02:46:18.679259+00:00,spot_3,Spot 3,Empty,2026-07-07T23:49:18.511171+00:00,,,,,,,,
2026-07-08T02:46:18.679259+00:00,spot_4,Spot 4,Occupied,2026-07-08T02:25:18.877808+00:00,17,car,0.843507707118988,1258,384.9301452636719,326.62921142578125,447.6338806152344,372.9346923828125
2026-07-08T02:46:18.679259+00:00,spot_5,Spot 5,Empty,2026-07-08T02:42:18.663497+00:00,,,,,,,,
2026-07-08T02:46:18.679259+00:00,spot_6,Spot 6,Empty,2026-07-07T23:35:19.050090+00:00,,,,,,,,
2026-07-08T02:46:18.679259+00:00,spot_7,Spot 7,Empty,2026-07-08T01:15:20.940286+00:00,,,,,,,,
2026-07-08T02:46:18.679259+00:00,spot_8,Spot 8,Empty,2026-07-08T01:50:40.398005+00:00,,,,,,,,
2026-07-08T02:46:18.679259+00:00,spot_9,Spot 9,Empty,2026-07-07T23:26:18.854339+00:00,,,,,,,,
2026-07-08T02:46:18.679259+00:00,spot_10,Spot 10,Empty,2026-07-07T21:58:26.831614+00:00,,,,,,,,
2026-07-08T02:46:18.679259+00:00,spot_11,Spot 11,Empty,2026-07-08T01:30:20.895571+00:00,,,,,,,,
2026-07-08T02:46:18.679259+00:00,spot_12,Spot 12,Empty,2026-07-07T21:38:25.635528+00:00,,,,,,,,
2026-07-08T02:46:18.679259+00:00,spot_13,Spot 13,Empty,2026-07-07T22:01:20.711562+00:00,,,,,,,,
2026-07-08T02:46:18.679259+00:00,spot_14,Spot 14,Empty,2026-07-07T21:51:20.011139+00:00,,,,,,,,
2026-07-08T02:46:18.679259+00:00,spot_15,Spot 15,Empty,2026-07-07T23:10:21.918673+00:00,,,,,,,,
2026-07-08T02:46:18.679259+00:00,spot_16,Spot 16,Empty,2026-07-08T01:40:31.480757+00:00,,,,,,,,
2026-07-08T02:46:18.679259+00:00,spot_17,Spot 17,Empty,2026-07-08T01:36:18.951266+00:00,,,,,,,,
2026-07-08T02:47:18.388978+00:00,spot_1,Spot 1,Empty,2026-07-08T02:15:20.847003+00:00,,,,,,,,
2026-07-08T02:47:18.388978+00:00,spot_2,Spot 2,Empty,2026-07-07T21:10:22.475363+00:00,,,,,,,,
2026-07-08T02:47:18.388978+00:00,spot_3,Spot 3,Empty,2026-07-07T23:49:18.511171+00:00,,,,,,,,
2026-07-08T02:47:18.388978+00:00,spot_4,Spot 4,Occupied,2026-07-08T02:25:18.877808+00:00,17,car,0.8485358953475952,1319,384.6259765625,326.6195068359375,448.023681640625,373.588134765625
2026-07-08T02:47:18.388978+00:00,spot_5,Spot 5,Empty,2026-07-08T02:42:18.663497+00:00,,,,,,,,
2026-07-08T02:47:18.388978+00:00,spot_6,Spot 6,Empty,2026-07-07T23:35:19.050090+00:00,,,,,,,,
2026-07-08T02:47:18.388978+00:00,spot_7,Spot 7,Empty,2026-07-08T01:15:20.940286+00:00,,,,,,,,
2026-07-08T02:47:18.388978+00:00,spot_8,Spot 8,Empty,2026-07-08T01:50:40.398005+00:00,,,,,,,,
2026-07-08T02:47:18.388978+00:00,spot_9,Spot 9,Empty,2026-07-07T23:26:18.854339+00:00,,,,,,,,
2026-07-08T02:47:18.388978+00:00,spot_10,Spot 10,Empty,2026-07-07T21:58:26.831614+00:00,,,,,,,,
2026-07-08T02:47:18.388978+00:00,spot_11,Spot 11,Empty,2026-07-08T01:30:20.895571+00:00,,,,,,,,
2026-07-08T02:47:18.388978+00:00,spot_12,Spot 12,Empty,2026-07-07T21:38:25.635528+00:00,,,,,,,,
2026-07-08T02:47:18.388978+00:00,spot_13,Spot 13,Empty,2026-07-07T22:01:20.711562+00:00,,,,,,,,
2026-07-08T02:47:18.388978+00:00,spot_14,Spot 14,Empty,2026-07-07T21:51:20.011139+00:00,,,,,,,,
2026-07-08T02:47:18.388978+00:00,spot_15,Spot 15,Empty,2026-07-07T23:10:21.918673+00:00,,,,,,,,
2026-07-08T02:47:18.388978+00:00,spot_16,Spot 16,Empty,2026-07-08T01:40:31.480757+00:00,,,,,,,,
2026-07-08T02:47:18.388978+00:00,spot_17,Spot 17,Empty,2026-07-08T01:36:18.951266+00:00,,,,,,,,
2026-07-08T02:48:19.108364+00:00,spot_1,Spot 1,Empty,2026-07-08T02:15:20.847003+00:00,,,,,,,,
2026-07-08T02:48:19.108364+00:00,spot_2,Spot 2,Empty,2026-07-07T21:10:22.475363+00:00,,,,,,,,
2026-07-08T02:48:19.108364+00:00,spot_3,Spot 3,Empty,2026-07-07T23:49:18.511171+00:00,,,,,,,,
2026-07-08T02:48:19.108364+00:00,spot_4,Spot 4,Occupied,2026-07-08T02:25:18.877808+00:00,17,car,0.7980414628982544,1380,384.58111572265625,326.4286193847656,447.93292236328125,373.6560363769531
2026-07-08T02:48:19.108364+00:00,spot_5,Spot 5,Empty,2026-07-08T02:42:18.663497+00:00,,,,,,,,
2026-07-08T02:48:19.108364+00:00,spot_6,Spot 6,Empty,2026-07-07T23:35:19.050090+00:00,,,,,,,,
2026-07-08T02:48:19.108364+00:00,spot_7,Spot 7,Empty,2026-07-08T01:15:20.940286+00:00,,,,,,,,
2026-07-08T02:48:19.108364+00:00,spot_8,Spot 8,Empty,2026-07-08T01:50:40.398005+00:00,,,,,,,,
2026-07-08T02:48:19.108364+00:00,spot_9,Spot 9,Empty,2026-07-07T23:26:18.854339+00:00,,,,,,,,
2026-07-08T02:48:19.108364+00:00,spot_10,Spot 10,Empty,2026-07-07T21:58:26.831614+00:00,,,,,,,,
2026-07-08T02:48:19.108364+00:00,spot_11,Spot 11,Empty,2026-07-08T01:30:20.895571+00:00,,,,,,,,
2026-07-08T02:48:19.108364+00:00,spot_12,Spot 12,Empty,2026-07-07T21:38:25.635528+00:00,,,,,,,,
2026-07-08T02:48:19.108364+00:00,spot_13,Spot 13,Empty,2026-07-07T22:01:20.711562+00:00,,,,,,,,
2026-07-08T02:48:19.108364+00:00,spot_14,Spot 14,Empty,2026-07-07T21:51:20.011139+00:00,,,,,,,,
2026-07-08T02:48:19.108364+00:00,spot_15,Spot 15,Empty,2026-07-07T23:10:21.918673+00:00,,,,,,,,
2026-07-08T02:48:19.108364+00:00,spot_16,Spot 16,Empty,2026-07-08T01:40:31.480757+00:00,,,,,,,,
2026-07-08T02:48:19.108364+00:00,spot_17,Spot 17,Empty,2026-07-08T01:36:18.951266+00:00,,,,,,,,
2026-07-08T02:49:17.549763+00:00,spot_1,Spot 1,Empty,2026-07-08T02:15:20.847003+00:00,,,,,,,,
2026-07-08T02:49:17.549763+00:00,spot_2,Spot 2,Empty,2026-07-07T21:10:22.475363+00:00,,,,,,,,
2026-07-08T02:49:17.549763+00:00,spot_3,Spot 3,Empty,2026-07-07T23:49:18.511171+00:00,,,,,,,,
2026-07-08T02:49:17.549763+00:00,spot_4,Spot 4,Occupied,2026-07-08T02:25:18.877808+00:00,17,car,0.8544437289237976,1437,384.5467834472656,326.252197265625,448.1689758300781,373.47186279296875
2026-07-08T02:49:17.549763+00:00,spot_5,Spot 5,Empty,2026-07-08T02:42:18.663497+00:00,,,,,,,,
2026-07-08T02:49:17.549763+00:00,spot_6,Spot 6,Empty,2026-07-07T23:35:19.050090+00:00,,,,,,,,
2026-07-08T02:49:17.549763+00:00,spot_7,Spot 7,Empty,2026-07-08T01:15:20.940286+00:00,,,,,,,,
2026-07-08T02:49:17.549763+00:00,spot_8,Spot 8,Empty,2026-07-08T01:50:40.398005+00:00,,,,,,,,
2026-07-08T02:49:17.549763+00:00,spot_9,Spot 9,Empty,2026-07-07T23:26:18.854339+00:00,,,,,,,,
2026-07-08T02:49:17.549763+00:00,spot_10,Spot 10,Empty,2026-07-07T21:58:26.831614+00:00,,,,,,,,
2026-07-08T02:49:17.549763+00:00,spot_11,Spot 11,Empty,2026-07-08T01:30:20.895571+00:00,,,,,,,,
2026-07-08T02:49:17.549763+00:00,spot_12,Spot 12,Empty,2026-07-07T21:38:25.635528+00:00,,,,,,,,
2026-07-08T02:49:17.549763+00:00,spot_13,Spot 13,Empty,2026-07-07T22:01:20.711562+00:00,,,,,,,,
2026-07-08T02:49:17.549763+00:00,spot_14,Spot 14,Empty,2026-07-07T21:51:20.011139+00:00,,,,,,,,
2026-07-08T02:49:17.549763+00:00,spot_15,Spot 15,Empty,2026-07-07T23:10:21.918673+00:00,,,,,,,,
2026-07-08T02:49:17.549763+00:00,spot_16,Spot 16,Empty,2026-07-08T01:40:31.480757+00:00,,,,,,,,
2026-07-08T02:49:17.549763+00:00,spot_17,Spot 17,Empty,2026-07-08T01:36:18.951266+00:00,,,,,,,,
2026-07-08T02:50:29.165600+00:00,spot_1,Spot 1,Empty,2026-07-08T02:15:20.847003+00:00,,,,,,,,
2026-07-08T02:50:29.165600+00:00,spot_2,Spot 2,Empty,2026-07-07T21:10:22.475363+00:00,,,,,,,,
2026-07-08T02:50:29.165600+00:00,spot_3,Spot 3,Empty,2026-07-07T23:49:18.511171+00:00,,,,,,,,
2026-07-08T02:50:29.165600+00:00,spot_4,Spot 4,Occupied,2026-07-08T02:25:18.877808+00:00,17,car,0.8386446833610535,1510,385.2457275390625,326.50592041015625,448.573486328125,373.19793701171875
2026-07-08T02:50:29.165600+00:00,spot_5,Spot 5,Empty,2026-07-08T02:42:18.663497+00:00,,,,,,,,
2026-07-08T02:50:29.165600+00:00,spot_6,Spot 6,Empty,2026-07-07T23:35:19.050090+00:00,,,,,,,,
2026-07-08T02:50:29.165600+00:00,spot_7,Spot 7,Empty,2026-07-08T01:15:20.940286+00:00,,,,,,,,
2026-07-08T02:50:29.165600+00:00,spot_8,Spot 8,Empty,2026-07-08T01:50:40.398005+00:00,,,,,,,,
2026-07-08T02:50:29.165600+00:00,spot_9,Spot 9,Empty,2026-07-07T23:26:18.854339+00:00,,,,,,,,
2026-07-08T02:50:29.165600+00:00,spot_10,Spot 10,Empty,2026-07-07T21:58:26.831614+00:00,,,,,,,,
2026-07-08T02:50:29.165600+00:00,spot_11,Spot 11,Empty,2026-07-08T01:30:20.895571+00:00,,,,,,,,
2026-07-08T02:50:29.165600+00:00,spot_12,Spot 12,Empty,2026-07-07T21:38:25.635528+00:00,,,,,,,,
2026-07-08T02:50:29.165600+00:00,spot_13,Spot 13,Empty,2026-07-07T22:01:20.711562+00:00,,,,,,,,
2026-07-08T02:50:29.165600+00:00,spot_14,Spot 14,Empty,2026-07-07T21:51:20.011139+00:00,,,,,,,,
2026-07-08T02:50:29.165600+00:00,spot_15,Spot 15,Empty,2026-07-07T23:10:21.918673+00:00,,,,,,,,
2026-07-08T02:50:29.165600+00:00,spot_16,Spot 16,Empty,2026-07-08T01:40:31.480757+00:00,,,,,,,,
2026-07-08T02:50:29.165600+00:00,spot_17,Spot 17,Empty,2026-07-08T01:36:18.951266+00:00,,,,,,,,
2026-07-08T02:51:20.550109+00:00,spot_1,Spot 1,Empty,2026-07-08T02:15:20.847003+00:00,,,,,,,,
2026-07-08T02:51:20.550109+00:00,spot_2,Spot 2,Empty,2026-07-07T21:10:22.475363+00:00,,,,,,,,
2026-07-08T02:51:20.550109+00:00,spot_3,Spot 3,Empty,2026-07-07T23:49:18.511171+00:00,,,,,,,,
2026-07-08T02:51:20.550109+00:00,spot_4,Spot 4,Occupied,2026-07-08T02:25:18.877808+00:00,17,car,0.8483298420906067,1560,385.3794250488281,326.6504821777344,447.4252624511719,373.5813293457031
2026-07-08T02:51:20.550109+00:00,spot_5,Spot 5,Empty,2026-07-08T02:42:18.663497+00:00,,,,,,,,
2026-07-08T02:51:20.550109+00:00,spot_6,Spot 6,Empty,2026-07-07T23:35:19.050090+00:00,,,,,,,,
2026-07-08T02:51:20.550109+00:00,spot_7,Spot 7,Empty,2026-07-08T01:15:20.940286+00:00,,,,,,,,
2026-07-08T02:51:20.550109+00:00,spot_8,Spot 8,Empty,2026-07-08T01:50:40.398005+00:00,,,,,,,,
2026-07-08T02:51:20.550109+00:00,spot_9,Spot 9,Empty,2026-07-07T23:26:18.854339+00:00,,,,,,,,
2026-07-08T02:51:20.550109+00:00,spot_10,Spot 10,Empty,2026-07-07T21:58:26.831614+00:00,,,,,,,,
2026-07-08T02:51:20.550109+00:00,spot_11,Spot 11,Empty,2026-07-08T01:30:20.895571+00:00,,,,,,,,
2026-07-08T02:51:20.550109+00:00,spot_12,Spot 12,Empty,2026-07-07T21:38:25.635528+00:00,,,,,,,,
2026-07-08T02:51:20.550109+00:00,spot_13,Spot 13,Empty,2026-07-07T22:01:20.711562+00:00,,,,,,,,
2026-07-08T02:51:20.550109+00:00,spot_14,Spot 14,Empty,2026-07-07T21:51:20.011139+00:00,,,,,,,,
2026-07-08T02:51:20.550109+00:00,spot_15,Spot 15,Empty,2026-07-07T23:10:21.918673+00:00,,,,,,,,
2026-07-08T02:51:20.550109+00:00,spot_16,Spot 16,Empty,2026-07-08T01:40:31.480757+00:00,,,,,,,,
2026-07-08T02:51:20.550109+00:00,spot_17,Spot 17,Empty,2026-07-08T01:36:18.951266+00:00,,,,,,,,
2026-07-08T02:52:17.823569+00:00,spot_1,Spot 1,Empty,2026-07-08T02:15:20.847003+00:00,,,,,,,,
2026-07-08T02:52:17.823569+00:00,spot_2,Spot 2,Empty,2026-07-07T21:10:22.475363+00:00,,,,,,,,
2026-07-08T02:52:17.823569+00:00,spot_3,Spot 3,Empty,2026-07-07T23:49:18.511171+00:00,,,,,,,,
2026-07-08T02:52:17.823569+00:00,spot_4,Spot 4,Occupied,2026-07-08T02:25:18.877808+00:00,17,car,0.8272920846939087,1617,385.56396484375,326.6458740234375,447.94329833984375,374.140380859375
2026-07-08T02:52:17.823569+00:00,spot_5,Spot 5,Empty,2026-07-08T02:42:18.663497+00:00,,,,,,,,
2026-07-08T02:52:17.823569+00:00,spot_6,Spot 6,Empty,2026-07-07T23:35:19.050090+00:00,,,,,,,,
2026-07-08T02:52:17.823569+00:00,spot_7,Spot 7,Empty,2026-07-08T01:15:20.940286+00:00,,,,,,,,
2026-07-08T02:52:17.823569+00:00,spot_8,Spot 8,Empty,2026-07-08T01:50:40.398005+00:00,,,,,,,,
2026-07-08T02:52:17.823569+00:00,spot_9,Spot 9,Empty,2026-07-07T23:26:18.854339+00:00,,,,,,,,
2026-07-08T02:52:17.823569+00:00,spot_10,Spot 10,Empty,2026-07-07T21:58:26.831614+00:00,,,,,,,,
2026-07-08T02:52:17.823569+00:00,spot_11,Spot 11,Empty,2026-07-08T01:30:20.895571+00:00,,,,,,,,
2026-07-08T02:52:17.823569+00:00,spot_12,Spot 12,Empty,2026-07-07T21:38:25.635528+00:00,,,,,,,,
2026-07-08T02:52:17.823569+00:00,spot_13,Spot 13,Empty,2026-07-07T22:01:20.711562+00:00,,,,,,,,
2026-07-08T02:52:17.823569+00:00,spot_14,Spot 14,Empty,2026-07-07T21:51:20.011139+00:00,,,,,,,,
2026-07-08T02:52:17.823569+00:00,spot_15,Spot 15,Empty,2026-07-07T23:10:21.918673+00:00,,,,,,,,
2026-07-08T02:52:17.823569+00:00,spot_16,Spot 16,Empty,2026-07-08T01:40:31.480757+00:00,,,,,,,,
2026-07-08T02:52:17.823569+00:00,spot_17,Spot 17,Empty,2026-07-08T01:36:18.951266+00:00,,,,,,,,
2026-07-08T02:53:18.066756+00:00,spot_1,Spot 1,Empty,2026-07-08T02:15:20.847003+00:00,,,,,,,,
2026-07-08T02:53:18.066756+00:00,spot_2,Spot 2,Empty,2026-07-07T21:10:22.475363+00:00,,,,,,,,
2026-07-08T02:53:18.066756+00:00,spot_3,Spot 3,Empty,2026-07-07T23:49:18.511171+00:00,,,,,,,,
2026-07-08T02:53:18.066756+00:00,spot_4,Spot 4,Occupied,2026-07-08T02:25:18.877808+00:00,17,car,0.8213124871253967,1677,385.43798828125,326.5723876953125,447.9647216796875,372.8482666015625
2026-07-08T02:53:18.066756+00:00,spot_5,Spot 5,Empty,2026-07-08T02:42:18.663497+00:00,,,,,,,,
2026-07-08T02:53:18.066756+00:00,spot_6,Spot 6,Empty,2026-07-07T23:35:19.050090+00:00,,,,,,,,
2026-07-08T02:53:18.066756+00:00,spot_7,Spot 7,Empty,2026-07-08T01:15:20.940286+00:00,,,,,,,,
2026-07-08T02:53:18.066756+00:00,spot_8,Spot 8,Empty,2026-07-08T01:50:40.398005+00:00,,,,,,,,
2026-07-08T02:53:18.066756+00:00,spot_9,Spot 9,Empty,2026-07-07T23:26:18.854339+00:00,,,,,,,,
2026-07-08T02:53:18.066756+00:00,spot_10,Spot 10,Empty,2026-07-07T21:58:26.831614+00:00,,,,,,,,
2026-07-08T02:53:18.066756+00:00,spot_11,Spot 11,Empty,2026-07-08T01:30:20.895571+00:00,,,,,,,,
2026-07-08T02:53:18.066756+00:00,spot_12,Spot 12,Empty,2026-07-07T21:38:25.635528+00:00,,,,,,,,
2026-07-08T02:53:18.066756+00:00,spot_13,Spot 13,Empty,2026-07-07T22:01:20.711562+00:00,,,,,,,,
2026-07-08T02:53:18.066756+00:00,spot_14,Spot 14,Empty,2026-07-07T21:51:20.011139+00:00,,,,,,,,
2026-07-08T02:53:18.066756+00:00,spot_15,Spot 15,Empty,2026-07-07T23:10:21.918673+00:00,,,,,,,,
2026-07-08T02:53:18.066756+00:00,spot_16,Spot 16,Empty,2026-07-08T01:40:31.480757+00:00,,,,,,,,
2026-07-08T02:53:18.066756+00:00,spot_17,Spot 17,Empty,2026-07-08T01:36:18.951266+00:00,,,,,,,,
2026-07-08T02:54:18.902383+00:00,spot_1,Spot 1,Empty,2026-07-08T02:15:20.847003+00:00,,,,,,,,
2026-07-08T02:54:18.902383+00:00,spot_2,Spot 2,Empty,2026-07-07T21:10:22.475363+00:00,,,,,,,,
2026-07-08T02:54:18.902383+00:00,spot_3,Spot 3,Empty,2026-07-07T23:49:18.511171+00:00,,,,,,,,
2026-07-08T02:54:18.902383+00:00,spot_4,Spot 4,Occupied,2026-07-08T02:25:18.877808+00:00,17,car,0.6493897438049316,1739,384.7596435546875,326.5267333984375,447.800537109375,373.3193359375
2026-07-08T02:54:18.902383+00:00,spot_5,Spot 5,Occupied,2026-07-08T02:54:18.902383+00:00,19,car,0.38555988669395447,0,336.98883056640625,336.85308837890625,362.70379638671875,347.3468017578125
2026-07-08T02:54:18.902383+00:00,spot_6,Spot 6,Empty,2026-07-07T23:35:19.050090+00:00,,,,,,,,
2026-07-08T02:54:18.902383+00:00,spot_7,Spot 7,Empty,2026-07-08T01:15:20.940286+00:00,,,,,,,,
2026-07-08T02:54:18.902383+00:00,spot_8,Spot 8,Empty,2026-07-08T01:50:40.398005+00:00,,,,,,,,
2026-07-08T02:54:18.902383+00:00,spot_9,Spot 9,Empty,2026-07-07T23:26:18.854339+00:00,,,,,,,,
2026-07-08T02:54:18.902383+00:00,spot_10,Spot 10,Empty,2026-07-07T21:58:26.831614+00:00,,,,,,,,
2026-07-08T02:54:18.902383+00:00,spot_11,Spot 11,Empty,2026-07-08T01:30:20.895571+00:00,,,,,,,,
2026-07-08T02:54:18.902383+00:00,spot_12,Spot 12,Empty,2026-07-07T21:38:25.635528+00:00,,,,,,,,
2026-07-08T02:54:18.902383+00:00,spot_13,Spot 13,Empty,2026-07-07T22:01:20.711562+00:00,,,,,,,,
2026-07-08T02:54:18.902383+00:00,spot_14,Spot 14,Empty,2026-07-07T21:51:20.011139+00:00,,,,,,,,
2026-07-08T02:54:18.902383+00:00,spot_15,Spot 15,Empty,2026-07-07T23:10:21.918673+00:00,,,,,,,,
2026-07-08T02:54:18.902383+00:00,spot_16,Spot 16,Empty,2026-07-08T01:40:31.480757+00:00,,,,,,,,
2026-07-08T02:54:18.902383+00:00,spot_17,Spot 17,Empty,2026-07-08T01:36:18.951266+00:00,,,,,,,,
2026-07-08T02:55:19.876678+00:00,spot_1,Spot 1,Empty,2026-07-08T02:15:20.847003+00:00,,,,,,,,
2026-07-08T02:55:19.876678+00:00,spot_2,Spot 2,Empty,2026-07-07T21:10:22.475363+00:00,,,,,,,,
2026-07-08T02:55:19.876678+00:00,spot_3,Spot 3,Empty,2026-07-07T23:49:18.511171+00:00,,,,,,,,
2026-07-08T02:55:19.876678+00:00,spot_4,Spot 4,Occupied,2026-07-08T02:25:18.877808+00:00,17,car,0.7877874374389648,1799,384.417724609375,326.24432373046875,448.06787109375,373.34796142578125
2026-07-08T02:55:19.876678+00:00,spot_5,Spot 5,Occupied,2026-07-08T02:54:18.902383+00:00,19,car,0.48823171854019165,60,337.729248046875,336.39752197265625,362.330322265625,347.00592041015625
2026-07-08T02:55:19.876678+00:00,spot_6,Spot 6,Empty,2026-07-07T23:35:19.050090+00:00,,,,,,,,
2026-07-08T02:55:19.876678+00:00,spot_7,Spot 7,Empty,2026-07-08T01:15:20.940286+00:00,,,,,,,,
2026-07-08T02:55:19.876678+00:00,spot_8,Spot 8,Empty,2026-07-08T01:50:40.398005+00:00,,,,,,,,
2026-07-08T02:55:19.876678+00:00,spot_9,Spot 9,Empty,2026-07-07T23:26:18.854339+00:00,,,,,,,,
2026-07-08T02:55:19.876678+00:00,spot_10,Spot 10,Empty,2026-07-07T21:58:26.831614+00:00,,,,,,,,
2026-07-08T02:55:19.876678+00:00,spot_11,Spot 11,Empty,2026-07-08T01:30:20.895571+00:00,,,,,,,,
2026-07-08T02:55:19.876678+00:00,spot_12,Spot 12,Empty,2026-07-07T21:38:25.635528+00:00,,,,,,,,
2026-07-08T02:55:19.876678+00:00,spot_13,Spot 13,Empty,2026-07-07T22:01:20.711562+00:00,,,,,,,,
2026-07-08T02:55:19.876678+00:00,spot_14,Spot 14,Empty,2026-07-07T21:51:20.011139+00:00,,,,,,,,
2026-07-08T02:55:19.876678+00:00,spot_15,Spot 15,Empty,2026-07-07T23:10:21.918673+00:00,,,,,,,,
2026-07-08T02:55:19.876678+00:00,spot_16,Spot 16,Empty,2026-07-08T01:40:31.480757+00:00,,,,,,,,
2026-07-08T02:55:19.876678+00:00,spot_17,Spot 17,Empty,2026-07-08T01:36:18.951266+00:00,,,,,,,,
2026-07-08T02:56:29.716976+00:00,spot_1,Spot 1,Empty,2026-07-08T02:15:20.847003+00:00,,,,,,,,
2026-07-08T02:56:29.716976+00:00,spot_2,Spot 2,Empty,2026-07-07T21:10:22.475363+00:00,,,,,,,,
2026-07-08T02:56:29.716976+00:00,spot_3,Spot 3,Empty,2026-07-07T23:49:18.511171+00:00,,,,,,,,
2026-07-08T02:56:29.716976+00:00,spot_4,Spot 4,Occupied,2026-07-08T02:25:18.877808+00:00,17,car,0.7562960386276245,1871,386.4508056640625,326.6297607421875,447.88348388671875,373.8609619140625
2026-07-08T02:56:29.716976+00:00,spot_5,Spot 5,Empty,2026-07-08T02:56:29.716976+00:00,,,,,,,,
2026-07-08T02:56:29.716976+00:00,spot_6,Spot 6,Empty,2026-07-07T23:35:19.050090+00:00,,,,,,,,
2026-07-08T02:56:29.716976+00:00,spot_7,Spot 7,Empty,2026-07-08T01:15:20.940286+00:00,,,,,,,,
2026-07-08T02:56:29.716976+00:00,spot_8,Spot 8,Empty,2026-07-08T01:50:40.398005+00:00,,,,,,,,
2026-07-08T02:56:29.716976+00:00,spot_9,Spot 9,Empty,2026-07-07T23:26:18.854339+00:00,,,,,,,,
2026-07-08T02:56:29.716976+00:00,spot_10,Spot 10,Empty,2026-07-07T21:58:26.831614+00:00,,,,,,,,
2026-07-08T02:56:29.716976+00:00,spot_11,Spot 11,Empty,2026-07-08T01:30:20.895571+00:00,,,,,,,,
2026-07-08T02:56:29.716976+00:00,spot_12,Spot 12,Empty,2026-07-07T21:38:25.635528+00:00,,,,,,,,
2026-07-08T02:56:29.716976+00:00,spot_13,Spot 13,Empty,2026-07-07T22:01:20.711562+00:00,,,,,,,,
2026-07-08T02:56:29.716976+00:00,spot_14,Spot 14,Empty,2026-07-07T21:51:20.011139+00:00,,,,,,,,
2026-07-08T02:56:29.716976+00:00,spot_15,Spot 15,Empty,2026-07-07T23:10:21.918673+00:00,,,,,,,,
2026-07-08T02:56:29.716976+00:00,spot_16,Spot 16,Empty,2026-07-08T01:40:31.480757+00:00,,,,,,,,
2026-07-08T02:56:29.716976+00:00,spot_17,Spot 17,Empty,2026-07-08T01:36:18.951266+00:00,,,,,,,,
2026-07-08T02:57:55.719511+00:00,spot_1,Spot 1,Empty,2026-07-08T02:58:05.748473+00:00,,,,,,,,
2026-07-08T02:57:55.719511+00:00,spot_2,Spot 2,Empty,2026-07-08T02:58:05.748493+00:00,,,,,,,,
2026-07-08T02:57:55.719511+00:00,spot_3,Spot 3,Empty,2026-07-08T02:58:05.748499+00:00,,,,,,,,
2026-07-08T02:57:55.719511+00:00,spot_4,Spot 4,Occupied,2026-07-08T02:57:55.719511+00:00,1,car,0.7331083416938782,0,384.3651123046875,326.10662841796875,448.035400390625,373.382080078125
2026-07-08T02:57:55.719511+00:00,spot_5,Spot 5,Occupied,2026-07-08T02:57:55.719511+00:00,2,car,0.448158323764801,0,336.0923767089844,336.9202880859375,362.2047424316406,347.3671875
2026-07-08T02:57:55.719511+00:00,spot_6,Spot 6,Empty,2026-07-08T02:58:05.748516+00:00,,,,,,,,
2026-07-08T02:57:55.719511+00:00,spot_7,Spot 7,Empty,2026-07-08T02:58:05.748522+00:00,,,,,,,,
2026-07-08T02:57:55.719511+00:00,spot_8,Spot 8,Empty,2026-07-08T02:58:05.748525+00:00,,,,,,,,
2026-07-08T02:57:55.719511+00:00,spot_9,Spot 9,Empty,2026-07-08T02:58:05.748528+00:00,,,,,,,,
2026-07-08T02:57:55.719511+00:00,spot_10,Spot 10,Empty,2026-07-08T02:58:05.748532+00:00,,,,,,,,
2026-07-08T02:57:55.719511+00:00,spot_11,Spot 11,Empty,2026-07-08T02:58:05.748536+00:00,,,,,,,,
2026-07-08T02:57:55.719511+00:00,spot_12,Spot 12,Empty,2026-07-08T02:58:05.748540+00:00,,,,,,,,
2026-07-08T02:57:55.719511+00:00,spot_13,Spot 13,Empty,2026-07-08T02:58:05.748545+00:00,,,,,,,,
2026-07-08T02:57:55.719511+00:00,spot_14,Spot 14,Empty,2026-07-08T02:58:05.748548+00:00,,,,,,,,
2026-07-08T02:57:55.719511+00:00,spot_15,Spot 15,Empty,2026-07-08T02:58:05.748552+00:00,,,,,,,,
2026-07-08T02:57:55.719511+00:00,spot_16,Spot 16,Empty,2026-07-08T02:58:05.748556+00:00,,,,,,,,
2026-07-08T02:57:55.719511+00:00,spot_17,Spot 17,Empty,2026-07-08T02:58:05.748559+00:00,,,,,,,,
2026-07-08T02:58:58.093418+00:00,spot_1,Spot 1,Empty,2026-07-08T02:58:05.748473+00:00,,,,,,,,
2026-07-08T02:58:58.093418+00:00,spot_2,Spot 2,Empty,2026-07-08T02:58:05.748493+00:00,,,,,,,,
2026-07-08T02:58:58.093418+00:00,spot_3,Spot 3,Empty,2026-07-08T02:58:05.748499+00:00,,,,,,,,
2026-07-08T02:58:58.093418+00:00,spot_4,Spot 4,Occupied,2026-07-08T02:57:55.719511+00:00,1,car,0.477732390165329,42,384.95208740234375,326.414794921875,458.27593994140625,372.76031494140625
2026-07-08T02:58:58.093418+00:00,spot_5,Spot 5,Empty,2026-07-08T02:58:58.093418+00:00,,,,,,,,
2026-07-08T02:58:58.093418+00:00,spot_6,Spot 6,Empty,2026-07-08T02:58:05.748516+00:00,,,,,,,,
2026-07-08T02:58:58.093418+00:00,spot_7,Spot 7,Empty,2026-07-08T02:58:05.748522+00:00,,,,,,,,
2026-07-08T02:58:58.093418+00:00,spot_8,Spot 8,Empty,2026-07-08T02:58:05.748525+00:00,,,,,,,,
2026-07-08T02:58:58.093418+00:00,spot_9,Spot 9,Empty,2026-07-08T02:58:05.748528+00:00,,,,,,,,
2026-07-08T02:58:58.093418+00:00,spot_10,Spot 10,Empty,2026-07-08T02:58:05.748532+00:00,,,,,,,,
2026-07-08T02:58:58.093418+00:00,spot_11,Spot 11,Empty,2026-07-08T02:58:05.748536+00:00,,,,,,,,
2026-07-08T02:58:58.093418+00:00,spot_12,Spot 12,Empty,2026-07-08T02:58:05.748540+00:00,,,,,,,,
2026-07-08T02:58:58.093418+00:00,spot_13,Spot 13,Empty,2026-07-08T02:58:05.748545+00:00,,,,,,,,
2026-07-08T02:58:58.093418+00:00,spot_14,Spot 14,Empty,2026-07-08T02:58:05.748548+00:00,,,,,,,,
2026-07-08T02:58:58.093418+00:00,spot_15,Spot 15,Empty,2026-07-08T02:58:05.748552+00:00,,,,,,,,
2026-07-08T02:58:58.093418+00:00,spot_16,Spot 16,Empty,2026-07-08T02:58:05.748556+00:00,,,,,,,,
2026-07-08T02:58:58.093418+00:00,spot_17,Spot 17,Empty,2026-07-08T02:58:05.748559+00:00,,,,,,,,
2026-07-08T02:59:39.503184+00:00,spot_1,Spot 1,Empty,2026-07-08T02:58:05.748473+00:00,,,,,,,,
2026-07-08T02:59:39.503184+00:00,spot_2,Spot 2,Empty,2026-07-08T02:58:05.748493+00:00,,,,,,,,
2026-07-08T02:59:39.503184+00:00,spot_3,Spot 3,Empty,2026-07-08T02:58:05.748499+00:00,,,,,,,,
2026-07-08T02:59:39.503184+00:00,spot_4,Spot 4,Occupied,2026-07-08T02:57:55.719511+00:00,1,car,0.7600483298301697,84,383.18145751953125,327.41015625,448.19354248046875,373.045166015625
2026-07-08T02:59:39.503184+00:00,spot_5,Spot 5,Occupied,2026-07-08T02:59:39.503184+00:00,2,car,0.5308046936988831,84,337.7177429199219,336.2255554199219,360.1257629394531,347.3932189941406
2026-07-08T02:59:39.503184+00:00,spot_6,Spot 6,Empty,2026-07-08T02:58:05.748516+00:00,,,,,,,,
2026-07-08T02:59:39.503184+00:00,spot_7,Spot 7,Empty,2026-07-08T02:58:05.748522+00:00,,,,,,,,
2026-07-08T02:59:39.503184+00:00,spot_8,Spot 8,Empty,2026-07-08T02:58:05.748525+00:00,,,,,,,,
2026-07-08T02:59:39.503184+00:00,spot_9,Spot 9,Empty,2026-07-08T02:58:05.748528+00:00,,,,,,,,
2026-07-08T02:59:39.503184+00:00,spot_10,Spot 10,Empty,2026-07-08T02:58:05.748532+00:00,,,,,,,,
2026-07-08T02:59:39.503184+00:00,spot_11,Spot 11,Empty,2026-07-08T02:58:05.748536+00:00,,,,,,,,
2026-07-08T02:59:39.503184+00:00,spot_12,Spot 12,Empty,2026-07-08T02:58:05.748540+00:00,,,,,,,,
2026-07-08T02:59:39.503184+00:00,spot_13,Spot 13,Empty,2026-07-08T02:58:05.748545+00:00,,,,,,,,
2026-07-08T02:59:39.503184+00:00,spot_14,Spot 14,Empty,2026-07-08T02:58:05.748548+00:00,,,,,,,,
2026-07-08T02:59:39.503184+00:00,spot_15,Spot 15,Empty,2026-07-08T02:58:05.748552+00:00,,,,,,,,
2026-07-08T02:59:39.503184+00:00,spot_16,Spot 16,Empty,2026-07-08T02:58:05.748556+00:00,,,,,,,,
2026-07-08T02:59:39.503184+00:00,spot_17,Spot 17,Empty,2026-07-08T02:58:05.748559+00:00,,,,,,,,
2026-07-08T03:00:23.205991+00:00,spot_1,Spot 1,Empty,2026-07-08T02:58:05.748473+00:00,,,,,,,,
2026-07-08T03:00:23.205991+00:00,spot_2,Spot 2,Empty,2026-07-08T02:58:05.748493+00:00,,,,,,,,
2026-07-08T03:00:23.205991+00:00,spot_3,Spot 3,Empty,2026-07-08T02:58:05.748499+00:00,,,,,,,,
2026-07-08T03:00:23.205991+00:00,spot_4,Spot 4,Empty,2026-07-08T03:00:23.205991+00:00,,,,,,,,
2026-07-08T03:00:23.205991+00:00,spot_5,Spot 5,Empty,2026-07-08T03:00:23.205991+00:00,,,,,,,,
2026-07-08T03:00:23.205991+00:00,spot_6,Spot 6,Empty,2026-07-08T02:58:05.748516+00:00,,,,,,,,
2026-07-08T03:00:23.205991+00:00,spot_7,Spot 7,Empty,2026-07-08T02:58:05.748522+00:00,,,,,,,,
2026-07-08T03:00:23.205991+00:00,spot_8,Spot 8,Empty,2026-07-08T02:58:05.748525+00:00,,,,,,,,
2026-07-08T03:00:23.205991+00:00,spot_9,Spot 9,Empty,2026-07-08T02:58:05.748528+00:00,,,,,,,,
2026-07-08T03:00:23.205991+00:00,spot_10,Spot 10,Empty,2026-07-08T02:58:05.748532+00:00,,,,,,,,
2026-07-08T03:00:23.205991+00:00,spot_11,Spot 11,Empty,2026-07-08T02:58:05.748536+00:00,,,,,,,,
2026-07-08T03:00:23.205991+00:00,spot_12,Spot 12,Empty,2026-07-08T02:58:05.748540+00:00,,,,,,,,
2026-07-08T03:00:23.205991+00:00,spot_13,Spot 13,Empty,2026-07-08T02:58:05.748545+00:00,,,,,,,,
2026-07-08T03:00:23.205991+00:00,spot_14,Spot 14,Empty,2026-07-08T02:58:05.748548+00:00,,,,,,,,
2026-07-08T03:00:23.205991+00:00,spot_15,Spot 15,Empty,2026-07-08T02:58:05.748552+00:00,,,,,,,,
2026-07-08T03:00:23.205991+00:00,spot_16,Spot 16,Empty,2026-07-08T02:58:05.748556+00:00,,,,,,,,
2026-07-08T03:00:23.205991+00:00,spot_17,Spot 17,Empty,2026-07-08T02:58:05.748559+00:00,,,,,,,,
2026-07-08T03:01:20.806161+00:00,spot_1,Spot 1,Empty,2026-07-08T02:58:05.748473+00:00,,,,,,,,
2026-07-08T03:01:20.806161+00:00,spot_2,Spot 2,Empty,2026-07-08T02:58:05.748493+00:00,,,,,,,,
2026-07-08T03:01:20.806161+00:00,spot_3,Spot 3,Empty,2026-07-08T02:58:05.748499+00:00,,,,,,,,
2026-07-08T03:01:20.806161+00:00,spot_4,Spot 4,Empty,2026-07-08T03:00:23.205991+00:00,,,,,,,,
2026-07-08T03:01:20.806161+00:00,spot_5,Spot 5,Empty,2026-07-08T03:00:23.205991+00:00,,,,,,,,
2026-07-08T03:01:20.806161+00:00,spot_6,Spot 6,Empty,2026-07-08T02:58:05.748516+00:00,,,,,,,,
2026-07-08T03:01:20.806161+00:00,spot_7,Spot 7,Empty,2026-07-08T02:58:05.748522+00:00,,,,,,,,
2026-07-08T03:01:20.806161+00:00,spot_8,Spot 8,Empty,2026-07-08T02:58:05.748525+00:00,,,,,,,,
2026-07-08T03:01:20.806161+00:00,spot_9,Spot 9,Empty,2026-07-08T02:58:05.748528+00:00,,,,,,,,
2026-07-08T03:01:20.806161+00:00,spot_10,Spot 10,Empty,2026-07-08T02:58:05.748532+00:00,,,,,,,,
2026-07-08T03:01:20.806161+00:00,spot_11,Spot 11,Empty,2026-07-08T02:58:05.748536+00:00,,,,,,,,
2026-07-08T03:01:20.806161+00:00,spot_12,Spot 12,Empty,2026-07-08T02:58:05.748540+00:00,,,,,,,,
2026-07-08T03:01:20.806161+00:00,spot_13,Spot 13,Empty,2026-07-08T02:58:05.748545+00:00,,,,,,,,
2026-07-08T03:01:20.806161+00:00,spot_14,Spot 14,Empty,2026-07-08T02:58:05.748548+00:00,,,,,,,,
2026-07-08T03:01:20.806161+00:00,spot_15,Spot 15,Empty,2026-07-08T02:58:05.748552+00:00,,,,,,,,
2026-07-08T03:01:20.806161+00:00,spot_16,Spot 16,Empty,2026-07-08T02:58:05.748556+00:00,,,,,,,,
2026-07-08T03:01:20.806161+00:00,spot_17,Spot 17,Empty,2026-07-08T02:58:05.748559+00:00,,,,,,,,
2026-07-08T03:02:34.893552+00:00,spot_1,Spot 1,Empty,2026-07-08T02:58:05.748473+00:00,,,,,,,,
2026-07-08T03:02:34.893552+00:00,spot_2,Spot 2,Empty,2026-07-08T02:58:05.748493+00:00,,,,,,,,
2026-07-08T03:02:34.893552+00:00,spot_3,Spot 3,Empty,2026-07-08T02:58:05.748499+00:00,,,,,,,,
2026-07-08T03:02:34.893552+00:00,spot_4,Spot 4,Empty,2026-07-08T03:00:23.205991+00:00,,,,,,,,
2026-07-08T03:02:34.893552+00:00,spot_5,Spot 5,Empty,2026-07-08T03:00:23.205991+00:00,,,,,,,,
2026-07-08T03:02:34.893552+00:00,spot_6,Spot 6,Empty,2026-07-08T02:58:05.748516+00:00,,,,,,,,
2026-07-08T03:02:34.893552+00:00,spot_7,Spot 7,Empty,2026-07-08T02:58:05.748522+00:00,,,,,,,,
2026-07-08T03:02:34.893552+00:00,spot_8,Spot 8,Empty,2026-07-08T02:58:05.748525+00:00,,,,,,,,
2026-07-08T03:02:34.893552+00:00,spot_9,Spot 9,Empty,2026-07-08T02:58:05.748528+00:00,,,,,,,,
2026-07-08T03:02:34.893552+00:00,spot_10,Spot 10,Empty,2026-07-08T02:58:05.748532+00:00,,,,,,,,
2026-07-08T03:02:34.893552+00:00,spot_11,Spot 11,Empty,2026-07-08T02:58:05.748536+00:00,,,,,,,,
2026-07-08T03:02:34.893552+00:00,spot_12,Spot 12,Empty,2026-07-08T02:58:05.748540+00:00,,,,,,,,
2026-07-08T03:02:34.893552+00:00,spot_13,Spot 13,Empty,2026-07-08T02:58:05.748545+00:00,,,,,,,,
2026-07-08T03:02:34.893552+00:00,spot_14,Spot 14,Empty,2026-07-08T02:58:05.748548+00:00,,,,,,,,
2026-07-08T03:02:34.893552+00:00,spot_15,Spot 15,Empty,2026-07-08T02:58:05.748552+00:00,,,,,,,,
2026-07-08T03:02:34.893552+00:00,spot_16,Spot 16,Empty,2026-07-08T02:58:05.748556+00:00,,,,,,,,
2026-07-08T03:02:34.893552+00:00,spot_17,Spot 17,Empty,2026-07-08T02:58:05.748559+00:00,,,,,,,,
2026-07-08T03:03:21.353929+00:00,spot_1,Spot 1,Empty,2026-07-08T02:58:05.748473+00:00,,,,,,,,
2026-07-08T03:03:21.353929+00:00,spot_2,Spot 2,Empty,2026-07-08T02:58:05.748493+00:00,,,,,,,,
2026-07-08T03:03:21.353929+00:00,spot_3,Spot 3,Empty,2026-07-08T02:58:05.748499+00:00,,,,,,,,
2026-07-08T03:03:21.353929+00:00,spot_4,Spot 4,Empty,2026-07-08T03:00:23.205991+00:00,,,,,,,,
2026-07-08T03:03:21.353929+00:00,spot_5,Spot 5,Empty,2026-07-08T03:00:23.205991+00:00,,,,,,,,
2026-07-08T03:03:21.353929+00:00,spot_6,Spot 6,Empty,2026-07-08T02:58:05.748516+00:00,,,,,,,,
2026-07-08T03:03:21.353929+00:00,spot_7,Spot 7,Empty,2026-07-08T02:58:05.748522+00:00,,,,,,,,
2026-07-08T03:03:21.353929+00:00,spot_8,Spot 8,Empty,2026-07-08T02:58:05.748525+00:00,,,,,,,,
2026-07-08T03:03:21.353929+00:00,spot_9,Spot 9,Empty,2026-07-08T02:58:05.748528+00:00,,,,,,,,
2026-07-08T03:03:21.353929+00:00,spot_10,Spot 10,Empty,2026-07-08T02:58:05.748532+00:00,,,,,,,,
2026-07-08T03:03:21.353929+00:00,spot_11,Spot 11,Empty,2026-07-08T02:58:05.748536+00:00,,,,,,,,
2026-07-08T03:03:21.353929+00:00,spot_12,Spot 12,Empty,2026-07-08T02:58:05.748540+00:00,,,,,,,,
2026-07-08T03:03:21.353929+00:00,spot_13,Spot 13,Empty,2026-07-08T02:58:05.748545+00:00,,,,,,,,
2026-07-08T03:03:21.353929+00:00,spot_14,Spot 14,Empty,2026-07-08T02:58:05.748548+00:00,,,,,,,,
2026-07-08T03:03:21.353929+00:00,spot_15,Spot 15,Empty,2026-07-08T02:58:05.748552+00:00,,,,,,,,
2026-07-08T03:03:21.353929+00:00,spot_16,Spot 16,Empty,2026-07-08T02:58:05.748556+00:00,,,,,,,,
2026-07-08T03:03:21.353929+00:00,spot_17,Spot 17,Empty,2026-07-08T02:58:05.748559+00:00,,,,,,,,
2026-07-08T03:04:19.495967+00:00,spot_1,Spot 1,Empty,2026-07-08T02:58:05.748473+00:00,,,,,,,,
2026-07-08T03:04:19.495967+00:00,spot_2,Spot 2,Empty,2026-07-08T02:58:05.748493+00:00,,,,,,,,
2026-07-08T03:04:19.495967+00:00,spot_3,Spot 3,Empty,2026-07-08T02:58:05.748499+00:00,,,,,,,,
2026-07-08T03:04:19.495967+00:00,spot_4,Spot 4,Empty,2026-07-08T03:00:23.205991+00:00,,,,,,,,
2026-07-08T03:04:19.495967+00:00,spot_5,Spot 5,Empty,2026-07-08T03:00:23.205991+00:00,,,,,,,,
2026-07-08T03:04:19.495967+00:00,spot_6,Spot 6,Empty,2026-07-08T02:58:05.748516+00:00,,,,,,,,
2026-07-08T03:04:19.495967+00:00,spot_7,Spot 7,Empty,2026-07-08T02:58:05.748522+00:00,,,,,,,,
2026-07-08T03:04:19.495967+00:00,spot_8,Spot 8,Empty,2026-07-08T02:58:05.748525+00:00,,,,,,,,
2026-07-08T03:04:19.495967+00:00,spot_9,Spot 9,Empty,2026-07-08T02:58:05.748528+00:00,,,,,,,,
2026-07-08T03:04:19.495967+00:00,spot_10,Spot 10,Empty,2026-07-08T02:58:05.748532+00:00,,,,,,,,
2026-07-08T03:04:19.495967+00:00,spot_11,Spot 11,Empty,2026-07-08T02:58:05.748536+00:00,,,,,,,,
2026-07-08T03:04:19.495967+00:00,spot_12,Spot 12,Empty,2026-07-08T02:58:05.748540+00:00,,,,,,,,
2026-07-08T03:04:19.495967+00:00,spot_13,Spot 13,Empty,2026-07-08T02:58:05.748545+00:00,,,,,,,,
2026-07-08T03:04:19.495967+00:00,spot_14,Spot 14,Empty,2026-07-08T02:58:05.748548+00:00,,,,,,,,
2026-07-08T03:04:19.495967+00:00,spot_15,Spot 15,Empty,2026-07-08T02:58:05.748552+00:00,,,,,,,,
2026-07-08T03:04:19.495967+00:00,spot_16,Spot 16,Empty,2026-07-08T02:58:05.748556+00:00,,,,,,,,
2026-07-08T03:04:19.495967+00:00,spot_17,Spot 17,Empty,2026-07-08T02:58:05.748559+00:00,,,,,,,,
2026-07-08T03:05:21.589750+00:00,spot_1,Spot 1,Empty,2026-07-08T02:58:05.748473+00:00,,,,,,,,
2026-07-08T03:05:21.589750+00:00,spot_2,Spot 2,Empty,2026-07-08T02:58:05.748493+00:00,,,,,,,,
2026-07-08T03:05:21.589750+00:00,spot_3,Spot 3,Empty,2026-07-08T02:58:05.748499+00:00,,,,,,,,
2026-07-08T03:05:21.589750+00:00,spot_4,Spot 4,Empty,2026-07-08T03:00:23.205991+00:00,,,,,,,,
2026-07-08T03:05:21.589750+00:00,spot_5,Spot 5,Empty,2026-07-08T03:00:23.205991+00:00,,,,,,,,
2026-07-08T03:05:21.589750+00:00,spot_6,Spot 6,Empty,2026-07-08T02:58:05.748516+00:00,,,,,,,,
2026-07-08T03:05:21.589750+00:00,spot_7,Spot 7,Empty,2026-07-08T02:58:05.748522+00:00,,,,,,,,
2026-07-08T03:05:21.589750+00:00,spot_8,Spot 8,Empty,2026-07-08T02:58:05.748525+00:00,,,,,,,,
2026-07-08T03:05:21.589750+00:00,spot_9,Spot 9,Empty,2026-07-08T02:58:05.748528+00:00,,,,,,,,
2026-07-08T03:05:21.589750+00:00,spot_10,Spot 10,Empty,2026-07-08T02:58:05.748532+00:00,,,,,,,,
2026-07-08T03:05:21.589750+00:00,spot_11,Spot 11,Empty,2026-07-08T02:58:05.748536+00:00,,,,,,,,
2026-07-08T03:05:21.589750+00:00,spot_12,Spot 12,Empty,2026-07-08T02:58:05.748540+00:00,,,,,,,,
2026-07-08T03:05:21.589750+00:00,spot_13,Spot 13,Empty,2026-07-08T02:58:05.748545+00:00,,,,,,,,
2026-07-08T03:05:21.589750+00:00,spot_14,Spot 14,Empty,2026-07-08T02:58:05.748548+00:00,,,,,,,,
2026-07-08T03:05:21.589750+00:00,spot_15,Spot 15,Empty,2026-07-08T02:58:05.748552+00:00,,,,,,,,
2026-07-08T03:05:21.589750+00:00,spot_16,Spot 16,Empty,2026-07-08T02:58:05.748556+00:00,,,,,,,,
2026-07-08T03:05:21.589750+00:00,spot_17,Spot 17,Empty,2026-07-08T02:58:05.748559+00:00,,,,,,,,
2026-07-08T03:06:19.142203+00:00,spot_1,Spot 1,Empty,2026-07-08T02:58:05.748473+00:00,,,,,,,,
2026-07-08T03:06:19.142203+00:00,spot_2,Spot 2,Empty,2026-07-08T02:58:05.748493+00:00,,,,,,,,
2026-07-08T03:06:19.142203+00:00,spot_3,Spot 3,Empty,2026-07-08T02:58:05.748499+00:00,,,,,,,,
2026-07-08T03:06:19.142203+00:00,spot_4,Spot 4,Empty,2026-07-08T03:00:23.205991+00:00,,,,,,,,
2026-07-08T03:06:19.142203+00:00,spot_5,Spot 5,Empty,2026-07-08T03:00:23.205991+00:00,,,,,,,,
2026-07-08T03:06:19.142203+00:00,spot_6,Spot 6,Empty,2026-07-08T02:58:05.748516+00:00,,,,,,,,
2026-07-08T03:06:19.142203+00:00,spot_7,Spot 7,Empty,2026-07-08T02:58:05.748522+00:00,,,,,,,,
2026-07-08T03:06:19.142203+00:00,spot_8,Spot 8,Empty,2026-07-08T02:58:05.748525+00:00,,,,,,,,
2026-07-08T03:06:19.142203+00:00,spot_9,Spot 9,Empty,2026-07-08T02:58:05.748528+00:00,,,,,,,,
2026-07-08T03:06:19.142203+00:00,spot_10,Spot 10,Empty,2026-07-08T02:58:05.748532+00:00,,,,,,,,
2026-07-08T03:06:19.142203+00:00,spot_11,Spot 11,Empty,2026-07-08T02:58:05.748536+00:00,,,,,,,,
2026-07-08T03:06:19.142203+00:00,spot_12,Spot 12,Empty,2026-07-08T02:58:05.748540+00:00,,,,,,,,
2026-07-08T03:06:19.142203+00:00,spot_13,Spot 13,Empty,2026-07-08T02:58:05.748545+00:00,,,,,,,,
2026-07-08T03:06:19.142203+00:00,spot_14,Spot 14,Empty,2026-07-08T02:58:05.748548+00:00,,,,,,,,
2026-07-08T03:06:19.142203+00:00,spot_15,Spot 15,Empty,2026-07-08T02:58:05.748552+00:00,,,,,,,,
2026-07-08T03:06:19.142203+00:00,spot_16,Spot 16,Empty,2026-07-08T02:58:05.748556+00:00,,,,,,,,
2026-07-08T03:06:19.142203+00:00,spot_17,Spot 17,Empty,2026-07-08T02:58:05.748559+00:00,,,,,,,,
2026-07-08T03:07:19.814237+00:00,spot_1,Spot 1,Empty,2026-07-08T02:58:05.748473+00:00,,,,,,,,
2026-07-08T03:07:19.814237+00:00,spot_2,Spot 2,Empty,2026-07-08T02:58:05.748493+00:00,,,,,,,,
2026-07-08T03:07:19.814237+00:00,spot_3,Spot 3,Empty,2026-07-08T02:58:05.748499+00:00,,,,,,,,
2026-07-08T03:07:19.814237+00:00,spot_4,Spot 4,Empty,2026-07-08T03:00:23.205991+00:00,,,,,,,,
2026-07-08T03:07:19.814237+00:00,spot_5,Spot 5,Empty,2026-07-08T03:00:23.205991+00:00,,,,,,,,
2026-07-08T03:07:19.814237+00:00,spot_6,Spot 6,Empty,2026-07-08T02:58:05.748516+00:00,,,,,,,,
2026-07-08T03:07:19.814237+00:00,spot_7,Spot 7,Empty,2026-07-08T02:58:05.748522+00:00,,,,,,,,
2026-07-08T03:07:19.814237+00:00,spot_8,Spot 8,Empty,2026-07-08T02:58:05.748525+00:00,,,,,,,,
2026-07-08T03:07:19.814237+00:00,spot_9,Spot 9,Empty,2026-07-08T02:58:05.748528+00:00,,,,,,,,
2026-07-08T03:07:19.814237+00:00,spot_10,Spot 10,Empty,2026-07-08T02:58:05.748532+00:00,,,,,,,,
2026-07-08T03:07:19.814237+00:00,spot_11,Spot 11,Empty,2026-07-08T02:58:05.748536+00:00,,,,,,,,
2026-07-08T03:07:19.814237+00:00,spot_12,Spot 12,Empty,2026-07-08T02:58:05.748540+00:00,,,,,,,,
2026-07-08T03:07:19.814237+00:00,spot_13,Spot 13,Empty,2026-07-08T02:58:05.748545+00:00,,,,,,,,
2026-07-08T03:07:19.814237+00:00,spot_14,Spot 14,Empty,2026-07-08T02:58:05.748548+00:00,,,,,,,,
2026-07-08T03:07:19.814237+00:00,spot_15,Spot 15,Empty,2026-07-08T02:58:05.748552+00:00,,,,,,,,
2026-07-08T03:07:19.814237+00:00,spot_16,Spot 16,Empty,2026-07-08T02:58:05.748556+00:00,,,,,,,,
2026-07-08T03:07:19.814237+00:00,spot_17,Spot 17,Empty,2026-07-08T02:58:05.748559+00:00,,,,,,,,
2026-07-08T03:08:29.930251+00:00,spot_1,Spot 1,Empty,2026-07-08T02:58:05.748473+00:00,,,,,,,,
2026-07-08T03:08:29.930251+00:00,spot_2,Spot 2,Empty,2026-07-08T02:58:05.748493+00:00,,,,,,,,
2026-07-08T03:08:29.930251+00:00,spot_3,Spot 3,Empty,2026-07-08T02:58:05.748499+00:00,,,,,,,,
2026-07-08T03:08:29.930251+00:00,spot_4,Spot 4,Empty,2026-07-08T03:00:23.205991+00:00,,,,,,,,
2026-07-08T03:08:29.930251+00:00,spot_5,Spot 5,Empty,2026-07-08T03:00:23.205991+00:00,,,,,,,,
2026-07-08T03:08:29.930251+00:00,spot_6,Spot 6,Empty,2026-07-08T02:58:05.748516+00:00,,,,,,,,
2026-07-08T03:08:29.930251+00:00,spot_7,Spot 7,Empty,2026-07-08T02:58:05.748522+00:00,,,,,,,,
2026-07-08T03:08:29.930251+00:00,spot_8,Spot 8,Empty,2026-07-08T02:58:05.748525+00:00,,,,,,,,
2026-07-08T03:08:29.930251+00:00,spot_9,Spot 9,Empty,2026-07-08T02:58:05.748528+00:00,,,,,,,,
2026-07-08T03:08:29.930251+00:00,spot_10,Spot 10,Empty,2026-07-08T02:58:05.748532+00:00,,,,,,,,
2026-07-08T03:08:29.930251+00:00,spot_11,Spot 11,Empty,2026-07-08T02:58:05.748536+00:00,,,,,,,,
2026-07-08T03:08:29.930251+00:00,spot_12,Spot 12,Empty,2026-07-08T02:58:05.748540+00:00,,,,,,,,
2026-07-08T03:08:29.930251+00:00,spot_13,Spot 13,Empty,2026-07-08T02:58:05.748545+00:00,,,,,,,,
2026-07-08T03:08:29.930251+00:00,spot_14,Spot 14,Empty,2026-07-08T02:58:05.748548+00:00,,,,,,,,
2026-07-08T03:08:29.930251+00:00,spot_15,Spot 15,Empty,2026-07-08T02:58:05.748552+00:00,,,,,,,,
2026-07-08T03:08:29.930251+00:00,spot_16,Spot 16,Empty,2026-07-08T02:58:05.748556+00:00,,,,,,,,
2026-07-08T03:08:29.930251+00:00,spot_17,Spot 17,Empty,2026-07-08T02:58:05.748559+00:00,,,,,,,,
2026-07-08T03:09:20.838187+00:00,spot_1,Spot 1,Empty,2026-07-08T02:58:05.748473+00:00,,,,,,,,
2026-07-08T03:09:20.838187+00:00,spot_2,Spot 2,Empty,2026-07-08T02:58:05.748493+00:00,,,,,,,,
2026-07-08T03:09:20.838187+00:00,spot_3,Spot 3,Empty,2026-07-08T02:58:05.748499+00:00,,,,,,,,
2026-07-08T03:09:20.838187+00:00,spot_4,Spot 4,Empty,2026-07-08T03:00:23.205991+00:00,,,,,,,,
2026-07-08T03:09:20.838187+00:00,spot_5,Spot 5,Empty,2026-07-08T03:00:23.205991+00:00,,,,,,,,
2026-07-08T03:09:20.838187+00:00,spot_6,Spot 6,Empty,2026-07-08T02:58:05.748516+00:00,,,,,,,,
2026-07-08T03:09:20.838187+00:00,spot_7,Spot 7,Empty,2026-07-08T02:58:05.748522+00:00,,,,,,,,
2026-07-08T03:09:20.838187+00:00,spot_8,Spot 8,Empty,2026-07-08T02:58:05.748525+00:00,,,,,,,,
2026-07-08T03:09:20.838187+00:00,spot_9,Spot 9,Empty,2026-07-08T02:58:05.748528+00:00,,,,,,,,
2026-07-08T03:09:20.838187+00:00,spot_10,Spot 10,Empty,2026-07-08T02:58:05.748532+00:00,,,,,,,,
2026-07-08T03:09:20.838187+00:00,spot_11,Spot 11,Empty,2026-07-08T02:58:05.748536+00:00,,,,,,,,
2026-07-08T03:09:20.838187+00:00,spot_12,Spot 12,Empty,2026-07-08T02:58:05.748540+00:00,,,,,,,,
2026-07-08T03:09:20.838187+00:00,spot_13,Spot 13,Empty,2026-07-08T02:58:05.748545+00:00,,,,,,,,
2026-07-08T03:09:20.838187+00:00,spot_14,Spot 14,Empty,2026-07-08T02:58:05.748548+00:00,,,,,,,,
2026-07-08T03:09:20.838187+00:00,spot_15,Spot 15,Empty,2026-07-08T02:58:05.748552+00:00,,,,,,,,
2026-07-08T03:09:20.838187+00:00,spot_16,Spot 16,Empty,2026-07-08T02:58:05.748556+00:00,,,,,,,,
2026-07-08T03:09:20.838187+00:00,spot_17,Spot 17,Empty,2026-07-08T02:58:05.748559+00:00,,,,,,,,
2026-07-08T03:10:20.704675+00:00,spot_1,Spot 1,Empty,2026-07-08T02:58:05.748473+00:00,,,,,,,,
2026-07-08T03:10:20.704675+00:00,spot_2,Spot 2,Empty,2026-07-08T02:58:05.748493+00:00,,,,,,,,
2026-07-08T03:10:20.704675+00:00,spot_3,Spot 3,Empty,2026-07-08T02:58:05.748499+00:00,,,,,,,,
2026-07-08T03:10:20.704675+00:00,spot_4,Spot 4,Empty,2026-07-08T03:00:23.205991+00:00,,,,,,,,
2026-07-08T03:10:20.704675+00:00,spot_5,Spot 5,Empty,2026-07-08T03:00:23.205991+00:00,,,,,,,,
2026-07-08T03:10:20.704675+00:00,spot_6,Spot 6,Empty,2026-07-08T02:58:05.748516+00:00,,,,,,,,
2026-07-08T03:10:20.704675+00:00,spot_7,Spot 7,Empty,2026-07-08T02:58:05.748522+00:00,,,,,,,,
2026-07-08T03:10:20.704675+00:00,spot_8,Spot 8,Empty,2026-07-08T02:58:05.748525+00:00,,,,,,,,
2026-07-08T03:10:20.704675+00:00,spot_9,Spot 9,Empty,2026-07-08T02:58:05.748528+00:00,,,,,,,,
2026-07-08T03:10:20.704675+00:00,spot_10,Spot 10,Empty,2026-07-08T02:58:05.748532+00:00,,,,,,,,
2026-07-08T03:10:20.704675+00:00,spot_11,Spot 11,Empty,2026-07-08T02:58:05.748536+00:00,,,,,,,,
2026-07-08T03:10:20.704675+00:00,spot_12,Spot 12,Empty,2026-07-08T02:58:05.748540+00:00,,,,,,,,
2026-07-08T03:10:20.704675+00:00,spot_13,Spot 13,Empty,2026-07-08T02:58:05.748545+00:00,,,,,,,,
2026-07-08T03:10:20.704675+00:00,spot_14,Spot 14,Empty,2026-07-08T02:58:05.748548+00:00,,,,,,,,
2026-07-08T03:10:20.704675+00:00,spot_15,Spot 15,Empty,2026-07-08T02:58:05.748552+00:00,,,,,,,,
2026-07-08T03:10:20.704675+00:00,spot_16,Spot 16,Empty,2026-07-08T02:58:05.748556+00:00,,,,,,,,
2026-07-08T03:10:20.704675+00:00,spot_17,Spot 17,Empty,2026-07-08T02:58:05.748559+00:00,,,,,,,,
2026-07-08T03:11:17.880282+00:00,spot_1,Spot 1,Empty,2026-07-08T02:58:05.748473+00:00,,,,,,,,
2026-07-08T03:11:17.880282+00:00,spot_2,Spot 2,Empty,2026-07-08T02:58:05.748493+00:00,,,,,,,,
2026-07-08T03:11:17.880282+00:00,spot_3,Spot 3,Empty,2026-07-08T02:58:05.748499+00:00,,,,,,,,
2026-07-08T03:11:17.880282+00:00,spot_4,Spot 4,Empty,2026-07-08T03:00:23.205991+00:00,,,,,,,,
2026-07-08T03:11:17.880282+00:00,spot_5,Spot 5,Empty,2026-07-08T03:00:23.205991+00:00,,,,,,,,
2026-07-08T03:11:17.880282+00:00,spot_6,Spot 6,Empty,2026-07-08T02:58:05.748516+00:00,,,,,,,,
2026-07-08T03:11:17.880282+00:00,spot_7,Spot 7,Empty,2026-07-08T02:58:05.748522+00:00,,,,,,,,
2026-07-08T03:11:17.880282+00:00,spot_8,Spot 8,Empty,2026-07-08T02:58:05.748525+00:00,,,,,,,,
2026-07-08T03:11:17.880282+00:00,spot_9,Spot 9,Empty,2026-07-08T02:58:05.748528+00:00,,,,,,,,
2026-07-08T03:11:17.880282+00:00,spot_10,Spot 10,Empty,2026-07-08T02:58:05.748532+00:00,,,,,,,,
2026-07-08T03:11:17.880282+00:00,spot_11,Spot 11,Empty,2026-07-08T02:58:05.748536+00:00,,,,,,,,
2026-07-08T03:11:17.880282+00:00,spot_12,Spot 12,Empty,2026-07-08T02:58:05.748540+00:00,,,,,,,,
2026-07-08T03:11:17.880282+00:00,spot_13,Spot 13,Empty,2026-07-08T02:58:05.748545+00:00,,,,,,,,
2026-07-08T03:11:17.880282+00:00,spot_14,Spot 14,Empty,2026-07-08T02:58:05.748548+00:00,,,,,,,,
2026-07-08T03:11:17.880282+00:00,spot_15,Spot 15,Empty,2026-07-08T02:58:05.748552+00:00,,,,,,,,
2026-07-08T03:11:17.880282+00:00,spot_16,Spot 16,Empty,2026-07-08T02:58:05.748556+00:00,,,,,,,,
2026-07-08T03:11:17.880282+00:00,spot_17,Spot 17,Empty,2026-07-08T02:58:05.748559+00:00,,,,,,,,
2026-07-08T03:12:19.827546+00:00,spot_1,Spot 1,Empty,2026-07-08T02:58:05.748473+00:00,,,,,,,,
2026-07-08T03:12:19.827546+00:00,spot_2,Spot 2,Empty,2026-07-08T02:58:05.748493+00:00,,,,,,,,
2026-07-08T03:12:19.827546+00:00,spot_3,Spot 3,Empty,2026-07-08T02:58:05.748499+00:00,,,,,,,,
2026-07-08T03:12:19.827546+00:00,spot_4,Spot 4,Empty,2026-07-08T03:00:23.205991+00:00,,,,,,,,
2026-07-08T03:12:19.827546+00:00,spot_5,Spot 5,Empty,2026-07-08T03:00:23.205991+00:00,,,,,,,,
2026-07-08T03:12:19.827546+00:00,spot_6,Spot 6,Empty,2026-07-08T02:58:05.748516+00:00,,,,,,,,
2026-07-08T03:12:19.827546+00:00,spot_7,Spot 7,Empty,2026-07-08T02:58:05.748522+00:00,,,,,,,,
2026-07-08T03:12:19.827546+00:00,spot_8,Spot 8,Empty,2026-07-08T02:58:05.748525+00:00,,,,,,,,
2026-07-08T03:12:19.827546+00:00,spot_9,Spot 9,Empty,2026-07-08T02:58:05.748528+00:00,,,,,,,,
2026-07-08T03:12:19.827546+00:00,spot_10,Spot 10,Empty,2026-07-08T02:58:05.748532+00:00,,,,,,,,
2026-07-08T03:12:19.827546+00:00,spot_11,Spot 11,Empty,2026-07-08T02:58:05.748536+00:00,,,,,,,,
2026-07-08T03:12:19.827546+00:00,spot_12,Spot 12,Empty,2026-07-08T02:58:05.748540+00:00,,,,,,,,
2026-07-08T03:12:19.827546+00:00,spot_13,Spot 13,Empty,2026-07-08T02:58:05.748545+00:00,,,,,,,,
2026-07-08T03:12:19.827546+00:00,spot_14,Spot 14,Empty,2026-07-08T02:58:05.748548+00:00,,,,,,,,
2026-07-08T03:12:19.827546+00:00,spot_15,Spot 15,Empty,2026-07-08T02:58:05.748552+00:00,,,,,,,,
2026-07-08T03:12:19.827546+00:00,spot_16,Spot 16,Empty,2026-07-08T02:58:05.748556+00:00,,,,,,,,
2026-07-08T03:12:19.827546+00:00,spot_17,Spot 17,Empty,2026-07-08T02:58:05.748559+00:00,,,,,,,,
2026-07-08T03:13:19.399102+00:00,spot_1,Spot 1,Empty,2026-07-08T02:58:05.748473+00:00,,,,,,,,
2026-07-08T03:13:19.399102+00:00,spot_2,Spot 2,Empty,2026-07-08T02:58:05.748493+00:00,,,,,,,,
2026-07-08T03:13:19.399102+00:00,spot_3,Spot 3,Empty,2026-07-08T02:58:05.748499+00:00,,,,,,,,
2026-07-08T03:13:19.399102+00:00,spot_4,Spot 4,Empty,2026-07-08T03:00:23.205991+00:00,,,,,,,,
2026-07-08T03:13:19.399102+00:00,spot_5,Spot 5,Empty,2026-07-08T03:00:23.205991+00:00,,,,,,,,
2026-07-08T03:13:19.399102+00:00,spot_6,Spot 6,Empty,2026-07-08T02:58:05.748516+00:00,,,,,,,,
2026-07-08T03:13:19.399102+00:00,spot_7,Spot 7,Empty,2026-07-08T02:58:05.748522+00:00,,,,,,,,
2026-07-08T03:13:19.399102+00:00,spot_8,Spot 8,Empty,2026-07-08T02:58:05.748525+00:00,,,,,,,,
2026-07-08T03:13:19.399102+00:00,spot_9,Spot 9,Empty,2026-07-08T02:58:05.748528+00:00,,,,,,,,
2026-07-08T03:13:19.399102+00:00,spot_10,Spot 10,Empty,2026-07-08T02:58:05.748532+00:00,,,,,,,,
2026-07-08T03:13:19.399102+00:00,spot_11,Spot 11,Empty,2026-07-08T02:58:05.748536+00:00,,,,,,,,
2026-07-08T03:13:19.399102+00:00,spot_12,Spot 12,Empty,2026-07-08T02:58:05.748540+00:00,,,,,,,,
2026-07-08T03:13:19.399102+00:00,spot_13,Spot 13,Empty,2026-07-08T02:58:05.748545+00:00,,,,,,,,
2026-07-08T03:13:19.399102+00:00,spot_14,Spot 14,Empty,2026-07-08T02:58:05.748548+00:00,,,,,,,,
2026-07-08T03:13:19.399102+00:00,spot_15,Spot 15,Empty,2026-07-08T02:58:05.748552+00:00,,,,,,,,
2026-07-08T03:13:19.399102+00:00,spot_16,Spot 16,Empty,2026-07-08T02:58:05.748556+00:00,,,,,,,,
2026-07-08T03:13:19.399102+00:00,spot_17,Spot 17,Empty,2026-07-08T02:58:05.748559+00:00,,,,,,,,
2026-07-08T03:14:30.888980+00:00,spot_1,Spot 1,Empty,2026-07-08T02:58:05.748473+00:00,,,,,,,,
2026-07-08T03:14:30.888980+00:00,spot_2,Spot 2,Empty,2026-07-08T02:58:05.748493+00:00,,,,,,,,
2026-07-08T03:14:30.888980+00:00,spot_3,Spot 3,Empty,2026-07-08T02:58:05.748499+00:00,,,,,,,,
2026-07-08T03:14:30.888980+00:00,spot_4,Spot 4,Empty,2026-07-08T03:00:23.205991+00:00,,,,,,,,
2026-07-08T03:14:30.888980+00:00,spot_5,Spot 5,Empty,2026-07-08T03:00:23.205991+00:00,,,,,,,,
2026-07-08T03:14:30.888980+00:00,spot_6,Spot 6,Empty,2026-07-08T02:58:05.748516+00:00,,,,,,,,
2026-07-08T03:14:30.888980+00:00,spot_7,Spot 7,Empty,2026-07-08T02:58:05.748522+00:00,,,,,,,,
2026-07-08T03:14:30.888980+00:00,spot_8,Spot 8,Empty,2026-07-08T02:58:05.748525+00:00,,,,,,,,
2026-07-08T03:14:30.888980+00:00,spot_9,Spot 9,Empty,2026-07-08T02:58:05.748528+00:00,,,,,,,,
2026-07-08T03:14:30.888980+00:00,spot_10,Spot 10,Empty,2026-07-08T02:58:05.748532+00:00,,,,,,,,
2026-07-08T03:14:30.888980+00:00,spot_11,Spot 11,Empty,2026-07-08T02:58:05.748536+00:00,,,,,,,,
2026-07-08T03:14:30.888980+00:00,spot_12,Spot 12,Empty,2026-07-08T02:58:05.748540+00:00,,,,,,,,
2026-07-08T03:14:30.888980+00:00,spot_13,Spot 13,Empty,2026-07-08T02:58:05.748545+00:00,,,,,,,,
2026-07-08T03:14:30.888980+00:00,spot_14,Spot 14,Empty,2026-07-08T02:58:05.748548+00:00,,,,,,,,
2026-07-08T03:14:30.888980+00:00,spot_15,Spot 15,Empty,2026-07-08T02:58:05.748552+00:00,,,,,,,,
2026-07-08T03:14:30.888980+00:00,spot_16,Spot 16,Empty,2026-07-08T02:58:05.748556+00:00,,,,,,,,
2026-07-08T03:14:30.888980+00:00,spot_17,Spot 17,Empty,2026-07-08T02:58:05.748559+00:00,,,,,,,,
2026-07-08T03:15:21.355142+00:00,spot_1,Spot 1,Empty,2026-07-08T02:58:05.748473+00:00,,,,,,,,
2026-07-08T03:15:21.355142+00:00,spot_2,Spot 2,Empty,2026-07-08T02:58:05.748493+00:00,,,,,,,,
2026-07-08T03:15:21.355142+00:00,spot_3,Spot 3,Empty,2026-07-08T02:58:05.748499+00:00,,,,,,,,
2026-07-08T03:15:21.355142+00:00,spot_4,Spot 4,Empty,2026-07-08T03:00:23.205991+00:00,,,,,,,,
2026-07-08T03:15:21.355142+00:00,spot_5,Spot 5,Empty,2026-07-08T03:00:23.205991+00:00,,,,,,,,
2026-07-08T03:15:21.355142+00:00,spot_6,Spot 6,Empty,2026-07-08T02:58:05.748516+00:00,,,,,,,,
2026-07-08T03:15:21.355142+00:00,spot_7,Spot 7,Empty,2026-07-08T02:58:05.748522+00:00,,,,,,,,
2026-07-08T03:15:21.355142+00:00,spot_8,Spot 8,Empty,2026-07-08T02:58:05.748525+00:00,,,,,,,,
2026-07-08T03:15:21.355142+00:00,spot_9,Spot 9,Empty,2026-07-08T02:58:05.748528+00:00,,,,,,,,
2026-07-08T03:15:21.355142+00:00,spot_10,Spot 10,Empty,2026-07-08T02:58:05.748532+00:00,,,,,,,,
2026-07-08T03:15:21.355142+00:00,spot_11,Spot 11,Empty,2026-07-08T02:58:05.748536+00:00,,,,,,,,
2026-07-08T03:15:21.355142+00:00,spot_12,Spot 12,Empty,2026-07-08T02:58:05.748540+00:00,,,,,,,,
2026-07-08T03:15:21.355142+00:00,spot_13,Spot 13,Empty,2026-07-08T02:58:05.748545+00:00,,,,,,,,
2026-07-08T03:15:21.355142+00:00,spot_14,Spot 14,Empty,2026-07-08T02:58:05.748548+00:00,,,,,,,,
2026-07-08T03:15:21.355142+00:00,spot_15,Spot 15,Empty,2026-07-08T02:58:05.748552+00:00,,,,,,,,
2026-07-08T03:15:21.355142+00:00,spot_16,Spot 16,Empty,2026-07-08T02:58:05.748556+00:00,,,,,,,,
2026-07-08T03:15:21.355142+00:00,spot_17,Spot 17,Empty,2026-07-08T02:58:05.748559+00:00,,,,,,,,
2026-07-08T03:16:18.885837+00:00,spot_1,Spot 1,Empty,2026-07-08T02:58:05.748473+00:00,,,,,,,,
2026-07-08T03:16:18.885837+00:00,spot_2,Spot 2,Empty,2026-07-08T02:58:05.748493+00:00,,,,,,,,
2026-07-08T03:16:18.885837+00:00,spot_3,Spot 3,Empty,2026-07-08T02:58:05.748499+00:00,,,,,,,,
2026-07-08T03:16:18.885837+00:00,spot_4,Spot 4,Empty,2026-07-08T03:00:23.205991+00:00,,,,,,,,
2026-07-08T03:16:18.885837+00:00,spot_5,Spot 5,Empty,2026-07-08T03:00:23.205991+00:00,,,,,,,,
2026-07-08T03:16:18.885837+00:00,spot_6,Spot 6,Empty,2026-07-08T02:58:05.748516+00:00,,,,,,,,
2026-07-08T03:16:18.885837+00:00,spot_7,Spot 7,Empty,2026-07-08T02:58:05.748522+00:00,,,,,,,,
2026-07-08T03:16:18.885837+00:00,spot_8,Spot 8,Empty,2026-07-08T02:58:05.748525+00:00,,,,,,,,
2026-07-08T03:16:18.885837+00:00,spot_9,Spot 9,Empty,2026-07-08T02:58:05.748528+00:00,,,,,,,,
2026-07-08T03:16:18.885837+00:00,spot_10,Spot 10,Empty,2026-07-08T02:58:05.748532+00:00,,,,,,,,
2026-07-08T03:16:18.885837+00:00,spot_11,Spot 11,Empty,2026-07-08T02:58:05.748536+00:00,,,,,,,,
2026-07-08T03:16:18.885837+00:00,spot_12,Spot 12,Empty,2026-07-08T02:58:05.748540+00:00,,,,,,,,
2026-07-08T03:16:18.885837+00:00,spot_13,Spot 13,Empty,2026-07-08T02:58:05.748545+00:00,,,,,,,,
2026-07-08T03:16:18.885837+00:00,spot_14,Spot 14,Empty,2026-07-08T02:58:05.748548+00:00,,,,,,,,
2026-07-08T03:16:18.885837+00:00,spot_15,Spot 15,Empty,2026-07-08T02:58:05.748552+00:00,,,,,,,,
2026-07-08T03:16:18.885837+00:00,spot_16,Spot 16,Empty,2026-07-08T02:58:05.748556+00:00,,,,,,,,
2026-07-08T03:16:18.885837+00:00,spot_17,Spot 17,Empty,2026-07-08T02:58:05.748559+00:00,,,,,,,,
2026-07-08T03:17:18.063340+00:00,spot_1,Spot 1,Empty,2026-07-08T02:58:05.748473+00:00,,,,,,,,
2026-07-08T03:17:18.063340+00:00,spot_2,Spot 2,Empty,2026-07-08T02:58:05.748493+00:00,,,,,,,,
2026-07-08T03:17:18.063340+00:00,spot_3,Spot 3,Empty,2026-07-08T02:58:05.748499+00:00,,,,,,,,
2026-07-08T03:17:18.063340+00:00,spot_4,Spot 4,Empty,2026-07-08T03:00:23.205991+00:00,,,,,,,,
2026-07-08T03:17:18.063340+00:00,spot_5,Spot 5,Empty,2026-07-08T03:00:23.205991+00:00,,,,,,,,
2026-07-08T03:17:18.063340+00:00,spot_6,Spot 6,Empty,2026-07-08T02:58:05.748516+00:00,,,,,,,,
2026-07-08T03:17:18.063340+00:00,spot_7,Spot 7,Empty,2026-07-08T02:58:05.748522+00:00,,,,,,,,
2026-07-08T03:17:18.063340+00:00,spot_8,Spot 8,Empty,2026-07-08T02:58:05.748525+00:00,,,,,,,,
2026-07-08T03:17:18.063340+00:00,spot_9,Spot 9,Empty,2026-07-08T02:58:05.748528+00:00,,,,,,,,
2026-07-08T03:17:18.063340+00:00,spot_10,Spot 10,Empty,2026-07-08T02:58:05.748532+00:00,,,,,,,,
2026-07-08T03:17:18.063340+00:00,spot_11,Spot 11,Empty,2026-07-08T02:58:05.748536+00:00,,,,,,,,
2026-07-08T03:17:18.063340+00:00,spot_12,Spot 12,Empty,2026-07-08T02:58:05.748540+00:00,,,,,,,,
2026-07-08T03:17:18.063340+00:00,spot_13,Spot 13,Empty,2026-07-08T02:58:05.748545+00:00,,,,,,,,
2026-07-08T03:17:18.063340+00:00,spot_14,Spot 14,Empty,2026-07-08T02:58:05.748548+00:00,,,,,,,,
2026-07-08T03:17:18.063340+00:00,spot_15,Spot 15,Empty,2026-07-08T02:58:05.748552+00:00,,,,,,,,
2026-07-08T03:17:18.063340+00:00,spot_16,Spot 16,Empty,2026-07-08T02:58:05.748556+00:00,,,,,,,,
2026-07-08T03:17:18.063340+00:00,spot_17,Spot 17,Empty,2026-07-08T02:58:05.748559+00:00,,,,,,,,
2026-07-08T03:18:17.956900+00:00,spot_1,Spot 1,Empty,2026-07-08T02:58:05.748473+00:00,,,,,,,,
2026-07-08T03:18:17.956900+00:00,spot_2,Spot 2,Empty,2026-07-08T02:58:05.748493+00:00,,,,,,,,
2026-07-08T03:18:17.956900+00:00,spot_3,Spot 3,Empty,2026-07-08T02:58:05.748499+00:00,,,,,,,,
2026-07-08T03:18:17.956900+00:00,spot_4,Spot 4,Empty,2026-07-08T03:00:23.205991+00:00,,,,,,,,
2026-07-08T03:18:17.956900+00:00,spot_5,Spot 5,Empty,2026-07-08T03:00:23.205991+00:00,,,,,,,,
2026-07-08T03:18:17.956900+00:00,spot_6,Spot 6,Empty,2026-07-08T02:58:05.748516+00:00,,,,,,,,
2026-07-08T03:18:17.956900+00:00,spot_7,Spot 7,Empty,2026-07-08T02:58:05.748522+00:00,,,,,,,,
2026-07-08T03:18:17.956900+00:00,spot_8,Spot 8,Empty,2026-07-08T02:58:05.748525+00:00,,,,,,,,
2026-07-08T03:18:17.956900+00:00,spot_9,Spot 9,Empty,2026-07-08T02:58:05.748528+00:00,,,,,,,,
2026-07-08T03:18:17.956900+00:00,spot_10,Spot 10,Empty,2026-07-08T02:58:05.748532+00:00,,,,,,,,
2026-07-08T03:18:17.956900+00:00,spot_11,Spot 11,Empty,2026-07-08T02:58:05.748536+00:00,,,,,,,,
2026-07-08T03:18:17.956900+00:00,spot_12,Spot 12,Empty,2026-07-08T02:58:05.748540+00:00,,,,,,,,
2026-07-08T03:18:17.956900+00:00,spot_13,Spot 13,Empty,2026-07-08T02:58:05.748545+00:00,,,,,,,,
2026-07-08T03:18:17.956900+00:00,spot_14,Spot 14,Empty,2026-07-08T02:58:05.748548+00:00,,,,,,,,
2026-07-08T03:18:17.956900+00:00,spot_15,Spot 15,Empty,2026-07-08T02:58:05.748552+00:00,,,,,,,,
2026-07-08T03:18:17.956900+00:00,spot_16,Spot 16,Empty,2026-07-08T02:58:05.748556+00:00,,,,,,,,
2026-07-08T03:18:17.956900+00:00,spot_17,Spot 17,Empty,2026-07-08T02:58:05.748559+00:00,,,,,,,,
2026-07-08T03:19:19.836419+00:00,spot_1,Spot 1,Empty,2026-07-08T02:58:05.748473+00:00,,,,,,,,
2026-07-08T03:19:19.836419+00:00,spot_2,Spot 2,Empty,2026-07-08T02:58:05.748493+00:00,,,,,,,,
2026-07-08T03:19:19.836419+00:00,spot_3,Spot 3,Empty,2026-07-08T02:58:05.748499+00:00,,,,,,,,
2026-07-08T03:19:19.836419+00:00,spot_4,Spot 4,Empty,2026-07-08T03:00:23.205991+00:00,,,,,,,,
2026-07-08T03:19:19.836419+00:00,spot_5,Spot 5,Empty,2026-07-08T03:00:23.205991+00:00,,,,,,,,
2026-07-08T03:19:19.836419+00:00,spot_6,Spot 6,Empty,2026-07-08T02:58:05.748516+00:00,,,,,,,,
2026-07-08T03:19:19.836419+00:00,spot_7,Spot 7,Empty,2026-07-08T02:58:05.748522+00:00,,,,,,,,
2026-07-08T03:19:19.836419+00:00,spot_8,Spot 8,Empty,2026-07-08T02:58:05.748525+00:00,,,,,,,,
2026-07-08T03:19:19.836419+00:00,spot_9,Spot 9,Empty,2026-07-08T02:58:05.748528+00:00,,,,,,,,
2026-07-08T03:19:19.836419+00:00,spot_10,Spot 10,Empty,2026-07-08T02:58:05.748532+00:00,,,,,,,,
2026-07-08T03:19:19.836419+00:00,spot_11,Spot 11,Empty,2026-07-08T02:58:05.748536+00:00,,,,,,,,
2026-07-08T03:19:19.836419+00:00,spot_12,Spot 12,Empty,2026-07-08T02:58:05.748540+00:00,,,,,,,,
2026-07-08T03:19:19.836419+00:00,spot_13,Spot 13,Empty,2026-07-08T02:58:05.748545+00:00,,,,,,,,
2026-07-08T03:19:19.836419+00:00,spot_14,Spot 14,Empty,2026-07-08T02:58:05.748548+00:00,,,,,,,,
2026-07-08T03:19:19.836419+00:00,spot_15,Spot 15,Empty,2026-07-08T02:58:05.748552+00:00,,,,,,,,
2026-07-08T03:19:19.836419+00:00,spot_16,Spot 16,Empty,2026-07-08T02:58:05.748556+00:00,,,,,,,,
2026-07-08T03:19:19.836419+00:00,spot_17,Spot 17,Empty,2026-07-08T02:58:05.748559+00:00,,,,,,,,
2026-07-08T03:20:36.322955+00:00,spot_1,Spot 1,Empty,2026-07-08T02:58:05.748473+00:00,,,,,,,,
2026-07-08T03:20:36.322955+00:00,spot_2,Spot 2,Empty,2026-07-08T02:58:05.748493+00:00,,,,,,,,
2026-07-08T03:20:36.322955+00:00,spot_3,Spot 3,Empty,2026-07-08T02:58:05.748499+00:00,,,,,,,,
2026-07-08T03:20:36.322955+00:00,spot_4,Spot 4,Empty,2026-07-08T03:00:23.205991+00:00,,,,,,,,
2026-07-08T03:20:36.322955+00:00,spot_5,Spot 5,Empty,2026-07-08T03:00:23.205991+00:00,,,,,,,,
2026-07-08T03:20:36.322955+00:00,spot_6,Spot 6,Empty,2026-07-08T02:58:05.748516+00:00,,,,,,,,
2026-07-08T03:20:36.322955+00:00,spot_7,Spot 7,Empty,2026-07-08T02:58:05.748522+00:00,,,,,,,,
2026-07-08T03:20:36.322955+00:00,spot_8,Spot 8,Empty,2026-07-08T02:58:05.748525+00:00,,,,,,,,
2026-07-08T03:20:36.322955+00:00,spot_9,Spot 9,Empty,2026-07-08T02:58:05.748528+00:00,,,,,,,,
2026-07-08T03:20:36.322955+00:00,spot_10,Spot 10,Empty,2026-07-08T02:58:05.748532+00:00,,,,,,,,
2026-07-08T03:20:36.322955+00:00,spot_11,Spot 11,Empty,2026-07-08T02:58:05.748536+00:00,,,,,,,,
2026-07-08T03:20:36.322955+00:00,spot_12,Spot 12,Empty,2026-07-08T02:58:05.748540+00:00,,,,,,,,
2026-07-08T03:20:36.322955+00:00,spot_13,Spot 13,Empty,2026-07-08T02:58:05.748545+00:00,,,,,,,,
2026-07-08T03:20:36.322955+00:00,spot_14,Spot 14,Empty,2026-07-08T02:58:05.748548+00:00,,,,,,,,
2026-07-08T03:20:36.322955+00:00,spot_15,Spot 15,Empty,2026-07-08T02:58:05.748552+00:00,,,,,,,,
2026-07-08T03:20:36.322955+00:00,spot_16,Spot 16,Empty,2026-07-08T02:58:05.748556+00:00,,,,,,,,
2026-07-08T03:20:36.322955+00:00,spot_17,Spot 17,Empty,2026-07-08T02:58:05.748559+00:00,,,,,,,,
2026-07-08T03:21:24.270804+00:00,spot_1,Spot 1,Empty,2026-07-08T02:58:05.748473+00:00,,,,,,,,
2026-07-08T03:21:24.270804+00:00,spot_2,Spot 2,Empty,2026-07-08T02:58:05.748493+00:00,,,,,,,,
2026-07-08T03:21:24.270804+00:00,spot_3,Spot 3,Empty,2026-07-08T02:58:05.748499+00:00,,,,,,,,
2026-07-08T03:21:24.270804+00:00,spot_4,Spot 4,Empty,2026-07-08T03:00:23.205991+00:00,,,,,,,,
2026-07-08T03:21:24.270804+00:00,spot_5,Spot 5,Empty,2026-07-08T03:00:23.205991+00:00,,,,,,,,
2026-07-08T03:21:24.270804+00:00,spot_6,Spot 6,Empty,2026-07-08T02:58:05.748516+00:00,,,,,,,,
2026-07-08T03:21:24.270804+00:00,spot_7,Spot 7,Empty,2026-07-08T02:58:05.748522+00:00,,,,,,,,
2026-07-08T03:21:24.270804+00:00,spot_8,Spot 8,Empty,2026-07-08T02:58:05.748525+00:00,,,,,,,,
2026-07-08T03:21:24.270804+00:00,spot_9,Spot 9,Empty,2026-07-08T02:58:05.748528+00:00,,,,,,,,
2026-07-08T03:21:24.270804+00:00,spot_10,Spot 10,Empty,2026-07-08T02:58:05.748532+00:00,,,,,,,,
2026-07-08T03:21:24.270804+00:00,spot_11,Spot 11,Empty,2026-07-08T02:58:05.748536+00:00,,,,,,,,
2026-07-08T03:21:24.270804+00:00,spot_12,Spot 12,Empty,2026-07-08T02:58:05.748540+00:00,,,,,,,,
2026-07-08T03:21:24.270804+00:00,spot_13,Spot 13,Empty,2026-07-08T02:58:05.748545+00:00,,,,,,,,
2026-07-08T03:21:24.270804+00:00,spot_14,Spot 14,Empty,2026-07-08T02:58:05.748548+00:00,,,,,,,,
2026-07-08T03:21:24.270804+00:00,spot_15,Spot 15,Empty,2026-07-08T02:58:05.748552+00:00,,,,,,,,
2026-07-08T03:21:24.270804+00:00,spot_16,Spot 16,Empty,2026-07-08T02:58:05.748556+00:00,,,,,,,,
2026-07-08T03:21:24.270804+00:00,spot_17,Spot 17,Empty,2026-07-08T02:58:05.748559+00:00,,,,,,,,
2026-07-08T03:22:19.856443+00:00,spot_1,Spot 1,Empty,2026-07-08T02:58:05.748473+00:00,,,,,,,,
2026-07-08T03:22:19.856443+00:00,spot_2,Spot 2,Empty,2026-07-08T02:58:05.748493+00:00,,,,,,,,
2026-07-08T03:22:19.856443+00:00,spot_3,Spot 3,Empty,2026-07-08T02:58:05.748499+00:00,,,,,,,,
2026-07-08T03:22:19.856443+00:00,spot_4,Spot 4,Empty,2026-07-08T03:00:23.205991+00:00,,,,,,,,
2026-07-08T03:22:19.856443+00:00,spot_5,Spot 5,Empty,2026-07-08T03:00:23.205991+00:00,,,,,,,,
2026-07-08T03:22:19.856443+00:00,spot_6,Spot 6,Empty,2026-07-08T02:58:05.748516+00:00,,,,,,,,
2026-07-08T03:22:19.856443+00:00,spot_7,Spot 7,Empty,2026-07-08T02:58:05.748522+00:00,,,,,,,,
2026-07-08T03:22:19.856443+00:00,spot_8,Spot 8,Empty,2026-07-08T02:58:05.748525+00:00,,,,,,,,
2026-07-08T03:22:19.856443+00:00,spot_9,Spot 9,Empty,2026-07-08T02:58:05.748528+00:00,,,,,,,,
2026-07-08T03:22:19.856443+00:00,spot_10,Spot 10,Empty,2026-07-08T02:58:05.748532+00:00,,,,,,,,
2026-07-08T03:22:19.856443+00:00,spot_11,Spot 11,Empty,2026-07-08T02:58:05.748536+00:00,,,,,,,,
2026-07-08T03:22:19.856443+00:00,spot_12,Spot 12,Empty,2026-07-08T02:58:05.748540+00:00,,,,,,,,
2026-07-08T03:22:19.856443+00:00,spot_13,Spot 13,Empty,2026-07-08T02:58:05.748545+00:00,,,,,,,,
2026-07-08T03:22:19.856443+00:00,spot_14,Spot 14,Empty,2026-07-08T02:58:05.748548+00:00,,,,,,,,
2026-07-08T03:22:19.856443+00:00,spot_15,Spot 15,Empty,2026-07-08T02:58:05.748552+00:00,,,,,,,,
2026-07-08T03:22:19.856443+00:00,spot_16,Spot 16,Empty,2026-07-08T02:58:05.748556+00:00,,,,,,,,
2026-07-08T03:22:19.856443+00:00,spot_17,Spot 17,Empty,2026-07-08T02:58:05.748559+00:00,,,,,,,,
2026-07-08T03:23:19.683558+00:00,spot_1,Spot 1,Empty,2026-07-08T02:58:05.748473+00:00,,,,,,,,
2026-07-08T03:23:19.683558+00:00,spot_2,Spot 2,Empty,2026-07-08T02:58:05.748493+00:00,,,,,,,,
2026-07-08T03:23:19.683558+00:00,spot_3,Spot 3,Empty,2026-07-08T02:58:05.748499+00:00,,,,,,,,
2026-07-08T03:23:19.683558+00:00,spot_4,Spot 4,Empty,2026-07-08T03:00:23.205991+00:00,,,,,,,,
2026-07-08T03:23:19.683558+00:00,spot_5,Spot 5,Empty,2026-07-08T03:00:23.205991+00:00,,,,,,,,
2026-07-08T03:23:19.683558+00:00,spot_6,Spot 6,Empty,2026-07-08T02:58:05.748516+00:00,,,,,,,,
2026-07-08T03:23:19.683558+00:00,spot_7,Spot 7,Empty,2026-07-08T02:58:05.748522+00:00,,,,,,,,
2026-07-08T03:23:19.683558+00:00,spot_8,Spot 8,Empty,2026-07-08T02:58:05.748525+00:00,,,,,,,,
2026-07-08T03:23:19.683558+00:00,spot_9,Spot 9,Empty,2026-07-08T02:58:05.748528+00:00,,,,,,,,
2026-07-08T03:23:19.683558+00:00,spot_10,Spot 10,Empty,2026-07-08T02:58:05.748532+00:00,,,,,,,,
2026-07-08T03:23:19.683558+00:00,spot_11,Spot 11,Empty,2026-07-08T02:58:05.748536+00:00,,,,,,,,
2026-07-08T03:23:19.683558+00:00,spot_12,Spot 12,Empty,2026-07-08T02:58:05.748540+00:00,,,,,,,,
2026-07-08T03:23:19.683558+00:00,spot_13,Spot 13,Empty,2026-07-08T02:58:05.748545+00:00,,,,,,,,
2026-07-08T03:23:19.683558+00:00,spot_14,Spot 14,Empty,2026-07-08T02:58:05.748548+00:00,,,,,,,,
2026-07-08T03:23:19.683558+00:00,spot_15,Spot 15,Empty,2026-07-08T02:58:05.748552+00:00,,,,,,,,
2026-07-08T03:23:19.683558+00:00,spot_16,Spot 16,Empty,2026-07-08T02:58:05.748556+00:00,,,,,,,,
2026-07-08T03:23:19.683558+00:00,spot_17,Spot 17,Empty,2026-07-08T02:58:05.748559+00:00,,,,,,,,
2026-07-08T03:24:19.412371+00:00,spot_1,Spot 1,Empty,2026-07-08T02:58:05.748473+00:00,,,,,,,,
2026-07-08T03:24:19.412371+00:00,spot_2,Spot 2,Empty,2026-07-08T02:58:05.748493+00:00,,,,,,,,
2026-07-08T03:24:19.412371+00:00,spot_3,Spot 3,Empty,2026-07-08T02:58:05.748499+00:00,,,,,,,,
2026-07-08T03:24:19.412371+00:00,spot_4,Spot 4,Empty,2026-07-08T03:00:23.205991+00:00,,,,,,,,
2026-07-08T03:24:19.412371+00:00,spot_5,Spot 5,Empty,2026-07-08T03:00:23.205991+00:00,,,,,,,,
2026-07-08T03:24:19.412371+00:00,spot_6,Spot 6,Empty,2026-07-08T02:58:05.748516+00:00,,,,,,,,
2026-07-08T03:24:19.412371+00:00,spot_7,Spot 7,Empty,2026-07-08T02:58:05.748522+00:00,,,,,,,,
2026-07-08T03:24:19.412371+00:00,spot_8,Spot 8,Empty,2026-07-08T02:58:05.748525+00:00,,,,,,,,
2026-07-08T03:24:19.412371+00:00,spot_9,Spot 9,Empty,2026-07-08T02:58:05.748528+00:00,,,,,,,,
2026-07-08T03:24:19.412371+00:00,spot_10,Spot 10,Empty,2026-07-08T02:58:05.748532+00:00,,,,,,,,
2026-07-08T03:24:19.412371+00:00,spot_11,Spot 11,Empty,2026-07-08T02:58:05.748536+00:00,,,,,,,,
2026-07-08T03:24:19.412371+00:00,spot_12,Spot 12,Empty,2026-07-08T02:58:05.748540+00:00,,,,,,,,
2026-07-08T03:24:19.412371+00:00,spot_13,Spot 13,Empty,2026-07-08T02:58:05.748545+00:00,,,,,,,,
2026-07-08T03:24:19.412371+00:00,spot_14,Spot 14,Empty,2026-07-08T02:58:05.748548+00:00,,,,,,,,
2026-07-08T03:24:19.412371+00:00,spot_15,Spot 15,Empty,2026-07-08T02:58:05.748552+00:00,,,,,,,,
2026-07-08T03:24:19.412371+00:00,spot_16,Spot 16,Empty,2026-07-08T02:58:05.748556+00:00,,,,,,,,
2026-07-08T03:24:19.412371+00:00,spot_17,Spot 17,Empty,2026-07-08T02:58:05.748559+00:00,,,,,,,,
2026-07-08T03:25:20.699939+00:00,spot_1,Spot 1,Empty,2026-07-08T02:58:05.748473+00:00,,,,,,,,
2026-07-08T03:25:20.699939+00:00,spot_2,Spot 2,Empty,2026-07-08T02:58:05.748493+00:00,,,,,,,,
2026-07-08T03:25:20.699939+00:00,spot_3,Spot 3,Empty,2026-07-08T02:58:05.748499+00:00,,,,,,,,
2026-07-08T03:25:20.699939+00:00,spot_4,Spot 4,Empty,2026-07-08T03:00:23.205991+00:00,,,,,,,,
2026-07-08T03:25:20.699939+00:00,spot_5,Spot 5,Empty,2026-07-08T03:00:23.205991+00:00,,,,,,,,
2026-07-08T03:25:20.699939+00:00,spot_6,Spot 6,Empty,2026-07-08T02:58:05.748516+00:00,,,,,,,,
2026-07-08T03:25:20.699939+00:00,spot_7,Spot 7,Empty,2026-07-08T02:58:05.748522+00:00,,,,,,,,
2026-07-08T03:25:20.699939+00:00,spot_8,Spot 8,Empty,2026-07-08T02:58:05.748525+00:00,,,,,,,,
2026-07-08T03:25:20.699939+00:00,spot_9,Spot 9,Empty,2026-07-08T02:58:05.748528+00:00,,,,,,,,
2026-07-08T03:25:20.699939+00:00,spot_10,Spot 10,Empty,2026-07-08T02:58:05.748532+00:00,,,,,,,,
2026-07-08T03:25:20.699939+00:00,spot_11,Spot 11,Empty,2026-07-08T02:58:05.748536+00:00,,,,,,,,
2026-07-08T03:25:20.699939+00:00,spot_12,Spot 12,Empty,2026-07-08T02:58:05.748540+00:00,,,,,,,,
2026-07-08T03:25:20.699939+00:00,spot_13,Spot 13,Empty,2026-07-08T02:58:05.748545+00:00,,,,,,,,
2026-07-08T03:25:20.699939+00:00,spot_14,Spot 14,Empty,2026-07-08T02:58:05.748548+00:00,,,,,,,,
2026-07-08T03:25:20.699939+00:00,spot_15,Spot 15,Empty,2026-07-08T02:58:05.748552+00:00,,,,,,,,
2026-07-08T03:25:20.699939+00:00,spot_16,Spot 16,Empty,2026-07-08T02:58:05.748556+00:00,,,,,,,,
2026-07-08T03:25:20.699939+00:00,spot_17,Spot 17,Empty,2026-07-08T02:58:05.748559+00:00,,,,,,,,
2026-07-08T03:26:27.034847+00:00,spot_1,Spot 1,Empty,2026-07-08T02:58:05.748473+00:00,,,,,,,,
2026-07-08T03:26:27.034847+00:00,spot_2,Spot 2,Empty,2026-07-08T02:58:05.748493+00:00,,,,,,,,
2026-07-08T03:26:27.034847+00:00,spot_3,Spot 3,Empty,2026-07-08T02:58:05.748499+00:00,,,,,,,,
2026-07-08T03:26:27.034847+00:00,spot_4,Spot 4,Empty,2026-07-08T03:00:23.205991+00:00,,,,,,,,
2026-07-08T03:26:27.034847+00:00,spot_5,Spot 5,Empty,2026-07-08T03:00:23.205991+00:00,,,,,,,,
2026-07-08T03:26:27.034847+00:00,spot_6,Spot 6,Empty,2026-07-08T02:58:05.748516+00:00,,,,,,,,
2026-07-08T03:26:27.034847+00:00,spot_7,Spot 7,Empty,2026-07-08T02:58:05.748522+00:00,,,,,,,,
2026-07-08T03:26:27.034847+00:00,spot_8,Spot 8,Empty,2026-07-08T02:58:05.748525+00:00,,,,,,,,
2026-07-08T03:26:27.034847+00:00,spot_9,Spot 9,Empty,2026-07-08T02:58:05.748528+00:00,,,,,,,,
2026-07-08T03:26:27.034847+00:00,spot_10,Spot 10,Empty,2026-07-08T02:58:05.748532+00:00,,,,,,,,
2026-07-08T03:26:27.034847+00:00,spot_11,Spot 11,Empty,2026-07-08T02:58:05.748536+00:00,,,,,,,,
2026-07-08T03:26:27.034847+00:00,spot_12,Spot 12,Empty,2026-07-08T02:58:05.748540+00:00,,,,,,,,
2026-07-08T03:26:27.034847+00:00,spot_13,Spot 13,Empty,2026-07-08T02:58:05.748545+00:00,,,,,,,,
2026-07-08T03:26:27.034847+00:00,spot_14,Spot 14,Empty,2026-07-08T02:58:05.748548+00:00,,,,,,,,
2026-07-08T03:26:27.034847+00:00,spot_15,Spot 15,Empty,2026-07-08T02:58:05.748552+00:00,,,,,,,,
2026-07-08T03:26:27.034847+00:00,spot_16,Spot 16,Empty,2026-07-08T02:58:05.748556+00:00,,,,,,,,
2026-07-08T03:26:27.034847+00:00,spot_17,Spot 17,Empty,2026-07-08T02:58:05.748559+00:00,,,,,,,,
2026-07-08T03:27:21.135084+00:00,spot_1,Spot 1,Empty,2026-07-08T02:58:05.748473+00:00,,,,,,,,
2026-07-08T03:27:21.135084+00:00,spot_2,Spot 2,Empty,2026-07-08T02:58:05.748493+00:00,,,,,,,,
2026-07-08T03:27:21.135084+00:00,spot_3,Spot 3,Empty,2026-07-08T02:58:05.748499+00:00,,,,,,,,
2026-07-08T03:27:21.135084+00:00,spot_4,Spot 4,Empty,2026-07-08T03:00:23.205991+00:00,,,,,,,,
2026-07-08T03:27:21.135084+00:00,spot_5,Spot 5,Empty,2026-07-08T03:00:23.205991+00:00,,,,,,,,
2026-07-08T03:27:21.135084+00:00,spot_6,Spot 6,Empty,2026-07-08T02:58:05.748516+00:00,,,,,,,,
2026-07-08T03:27:21.135084+00:00,spot_7,Spot 7,Empty,2026-07-08T02:58:05.748522+00:00,,,,,,,,
2026-07-08T03:27:21.135084+00:00,spot_8,Spot 8,Empty,2026-07-08T02:58:05.748525+00:00,,,,,,,,
2026-07-08T03:27:21.135084+00:00,spot_9,Spot 9,Empty,2026-07-08T02:58:05.748528+00:00,,,,,,,,
2026-07-08T03:27:21.135084+00:00,spot_10,Spot 10,Empty,2026-07-08T02:58:05.748532+00:00,,,,,,,,
2026-07-08T03:27:21.135084+00:00,spot_11,Spot 11,Empty,2026-07-08T02:58:05.748536+00:00,,,,,,,,
2026-07-08T03:27:21.135084+00:00,spot_12,Spot 12,Empty,2026-07-08T02:58:05.748540+00:00,,,,,,,,
2026-07-08T03:27:21.135084+00:00,spot_13,Spot 13,Empty,2026-07-08T02:58:05.748545+00:00,,,,,,,,
2026-07-08T03:27:21.135084+00:00,spot_14,Spot 14,Empty,2026-07-08T02:58:05.748548+00:00,,,,,,,,
2026-07-08T03:27:21.135084+00:00,spot_15,Spot 15,Empty,2026-07-08T02:58:05.748552+00:00,,,,,,,,
2026-07-08T03:27:21.135084+00:00,spot_16,Spot 16,Empty,2026-07-08T02:58:05.748556+00:00,,,,,,,,
2026-07-08T03:27:21.135084+00:00,spot_17,Spot 17,Empty,2026-07-08T02:58:05.748559+00:00,,,,,,,,
2026-07-08T03:28:20.265491+00:00,spot_1,Spot 1,Empty,2026-07-08T02:58:05.748473+00:00,,,,,,,,
2026-07-08T03:28:20.265491+00:00,spot_2,Spot 2,Empty,2026-07-08T02:58:05.748493+00:00,,,,,,,,
2026-07-08T03:28:20.265491+00:00,spot_3,Spot 3,Empty,2026-07-08T02:58:05.748499+00:00,,,,,,,,
2026-07-08T03:28:20.265491+00:00,spot_4,Spot 4,Empty,2026-07-08T03:00:23.205991+00:00,,,,,,,,
2026-07-08T03:28:20.265491+00:00,spot_5,Spot 5,Empty,2026-07-08T03:00:23.205991+00:00,,,,,,,,
2026-07-08T03:28:20.265491+00:00,spot_6,Spot 6,Empty,2026-07-08T02:58:05.748516+00:00,,,,,,,,
2026-07-08T03:28:20.265491+00:00,spot_7,Spot 7,Empty,2026-07-08T02:58:05.748522+00:00,,,,,,,,
2026-07-08T03:28:20.265491+00:00,spot_8,Spot 8,Empty,2026-07-08T02:58:05.748525+00:00,,,,,,,,
2026-07-08T03:28:20.265491+00:00,spot_9,Spot 9,Empty,2026-07-08T02:58:05.748528+00:00,,,,,,,,
2026-07-08T03:28:20.265491+00:00,spot_10,Spot 10,Empty,2026-07-08T02:58:05.748532+00:00,,,,,,,,
2026-07-08T03:28:20.265491+00:00,spot_11,Spot 11,Empty,2026-07-08T02:58:05.748536+00:00,,,,,,,,
2026-07-08T03:28:20.265491+00:00,spot_12,Spot 12,Empty,2026-07-08T02:58:05.748540+00:00,,,,,,,,
2026-07-08T03:28:20.265491+00:00,spot_13,Spot 13,Empty,2026-07-08T02:58:05.748545+00:00,,,,,,,,
2026-07-08T03:28:20.265491+00:00,spot_14,Spot 14,Empty,2026-07-08T02:58:05.748548+00:00,,,,,,,,
2026-07-08T03:28:20.265491+00:00,spot_15,Spot 15,Empty,2026-07-08T02:58:05.748552+00:00,,,,,,,,
2026-07-08T03:28:20.265491+00:00,spot_16,Spot 16,Empty,2026-07-08T02:58:05.748556+00:00,,,,,,,,
2026-07-08T03:28:20.265491+00:00,spot_17,Spot 17,Empty,2026-07-08T02:58:05.748559+00:00,,,,,,,,
2026-07-08T03:29:20.383609+00:00,spot_1,Spot 1,Empty,2026-07-08T02:58:05.748473+00:00,,,,,,,,
2026-07-08T03:29:20.383609+00:00,spot_2,Spot 2,Empty,2026-07-08T02:58:05.748493+00:00,,,,,,,,
2026-07-08T03:29:20.383609+00:00,spot_3,Spot 3,Empty,2026-07-08T02:58:05.748499+00:00,,,,,,,,
2026-07-08T03:29:20.383609+00:00,spot_4,Spot 4,Empty,2026-07-08T03:00:23.205991+00:00,,,,,,,,
2026-07-08T03:29:20.383609+00:00,spot_5,Spot 5,Empty,2026-07-08T03:00:23.205991+00:00,,,,,,,,
2026-07-08T03:29:20.383609+00:00,spot_6,Spot 6,Empty,2026-07-08T02:58:05.748516+00:00,,,,,,,,
2026-07-08T03:29:20.383609+00:00,spot_7,Spot 7,Empty,2026-07-08T02:58:05.748522+00:00,,,,,,,,
2026-07-08T03:29:20.383609+00:00,spot_8,Spot 8,Empty,2026-07-08T02:58:05.748525+00:00,,,,,,,,
2026-07-08T03:29:20.383609+00:00,spot_9,Spot 9,Empty,2026-07-08T02:58:05.748528+00:00,,,,,,,,
2026-07-08T03:29:20.383609+00:00,spot_10,Spot 10,Empty,2026-07-08T02:58:05.748532+00:00,,,,,,,,
2026-07-08T03:29:20.383609+00:00,spot_11,Spot 11,Empty,2026-07-08T02:58:05.748536+00:00,,,,,,,,
2026-07-08T03:29:20.383609+00:00,spot_12,Spot 12,Empty,2026-07-08T02:58:05.748540+00:00,,,,,,,,
2026-07-08T03:29:20.383609+00:00,spot_13,Spot 13,Empty,2026-07-08T02:58:05.748545+00:00,,,,,,,,
2026-07-08T03:29:20.383609+00:00,spot_14,Spot 14,Empty,2026-07-08T02:58:05.748548+00:00,,,,,,,,
2026-07-08T03:29:20.383609+00:00,spot_15,Spot 15,Empty,2026-07-08T02:58:05.748552+00:00,,,,,,,,
2026-07-08T03:29:20.383609+00:00,spot_16,Spot 16,Empty,2026-07-08T02:58:05.748556+00:00,,,,,,,,
2026-07-08T03:29:20.383609+00:00,spot_17,Spot 17,Empty,2026-07-08T02:58:05.748559+00:00,,,,,,,,
2026-07-08T03:30:22.676739+00:00,spot_1,Spot 1,Empty,2026-07-08T02:58:05.748473+00:00,,,,,,,,
2026-07-08T03:30:22.676739+00:00,spot_2,Spot 2,Empty,2026-07-08T02:58:05.748493+00:00,,,,,,,,
2026-07-08T03:30:22.676739+00:00,spot_3,Spot 3,Empty,2026-07-08T02:58:05.748499+00:00,,,,,,,,
2026-07-08T03:30:22.676739+00:00,spot_4,Spot 4,Empty,2026-07-08T03:00:23.205991+00:00,,,,,,,,
2026-07-08T03:30:22.676739+00:00,spot_5,Spot 5,Empty,2026-07-08T03:00:23.205991+00:00,,,,,,,,
2026-07-08T03:30:22.676739+00:00,spot_6,Spot 6,Empty,2026-07-08T02:58:05.748516+00:00,,,,,,,,
2026-07-08T03:30:22.676739+00:00,spot_7,Spot 7,Empty,2026-07-08T02:58:05.748522+00:00,,,,,,,,
2026-07-08T03:30:22.676739+00:00,spot_8,Spot 8,Empty,2026-07-08T02:58:05.748525+00:00,,,,,,,,
2026-07-08T03:30:22.676739+00:00,spot_9,Spot 9,Empty,2026-07-08T02:58:05.748528+00:00,,,,,,,,
2026-07-08T03:30:22.676739+00:00,spot_10,Spot 10,Empty,2026-07-08T02:58:05.748532+00:00,,,,,,,,
2026-07-08T03:30:22.676739+00:00,spot_11,Spot 11,Empty,2026-07-08T02:58:05.748536+00:00,,,,,,,,
2026-07-08T03:30:22.676739+00:00,spot_12,Spot 12,Empty,2026-07-08T02:58:05.748540+00:00,,,,,,,,
2026-07-08T03:30:22.676739+00:00,spot_13,Spot 13,Empty,2026-07-08T02:58:05.748545+00:00,,,,,,,,
2026-07-08T03:30:22.676739+00:00,spot_14,Spot 14,Empty,2026-07-08T02:58:05.748548+00:00,,,,,,,,
2026-07-08T03:30:22.676739+00:00,spot_15,Spot 15,Empty,2026-07-08T02:58:05.748552+00:00,,,,,,,,
2026-07-08T03:30:22.676739+00:00,spot_16,Spot 16,Empty,2026-07-08T02:58:05.748556+00:00,,,,,,,,
2026-07-08T03:30:22.676739+00:00,spot_17,Spot 17,Empty,2026-07-08T02:58:05.748559+00:00,,,,,,,,
2026-07-08T03:31:20.870289+00:00,spot_1,Spot 1,Empty,2026-07-08T02:58:05.748473+00:00,,,,,,,,
2026-07-08T03:31:20.870289+00:00,spot_2,Spot 2,Empty,2026-07-08T02:58:05.748493+00:00,,,,,,,,
2026-07-08T03:31:20.870289+00:00,spot_3,Spot 3,Empty,2026-07-08T02:58:05.748499+00:00,,,,,,,,
2026-07-08T03:31:20.870289+00:00,spot_4,Spot 4,Empty,2026-07-08T03:00:23.205991+00:00,,,,,,,,
2026-07-08T03:31:20.870289+00:00,spot_5,Spot 5,Empty,2026-07-08T03:00:23.205991+00:00,,,,,,,,
2026-07-08T03:31:20.870289+00:00,spot_6,Spot 6,Empty,2026-07-08T02:58:05.748516+00:00,,,,,,,,
2026-07-08T03:31:20.870289+00:00,spot_7,Spot 7,Empty,2026-07-08T02:58:05.748522+00:00,,,,,,,,
2026-07-08T03:31:20.870289+00:00,spot_8,Spot 8,Empty,2026-07-08T02:58:05.748525+00:00,,,,,,,,
2026-07-08T03:31:20.870289+00:00,spot_9,Spot 9,Empty,2026-07-08T02:58:05.748528+00:00,,,,,,,,
2026-07-08T03:31:20.870289+00:00,spot_10,Spot 10,Empty,2026-07-08T02:58:05.748532+00:00,,,,,,,,
2026-07-08T03:31:20.870289+00:00,spot_11,Spot 11,Empty,2026-07-08T02:58:05.748536+00:00,,,,,,,,
2026-07-08T03:31:20.870289+00:00,spot_12,Spot 12,Empty,2026-07-08T02:58:05.748540+00:00,,,,,,,,
2026-07-08T03:31:20.870289+00:00,spot_13,Spot 13,Empty,2026-07-08T02:58:05.748545+00:00,,,,,,,,
2026-07-08T03:31:20.870289+00:00,spot_14,Spot 14,Empty,2026-07-08T02:58:05.748548+00:00,,,,,,,,
2026-07-08T03:31:20.870289+00:00,spot_15,Spot 15,Empty,2026-07-08T02:58:05.748552+00:00,,,,,,,,
2026-07-08T03:31:20.870289+00:00,spot_16,Spot 16,Empty,2026-07-08T02:58:05.748556+00:00,,,,,,,,
2026-07-08T03:31:20.870289+00:00,spot_17,Spot 17,Empty,2026-07-08T02:58:05.748559+00:00,,,,,,,,
2026-07-08T03:32:29.215266+00:00,spot_1,Spot 1,Empty,2026-07-08T02:58:05.748473+00:00,,,,,,,,
2026-07-08T03:32:29.215266+00:00,spot_2,Spot 2,Empty,2026-07-08T02:58:05.748493+00:00,,,,,,,,
2026-07-08T03:32:29.215266+00:00,spot_3,Spot 3,Empty,2026-07-08T02:58:05.748499+00:00,,,,,,,,
2026-07-08T03:32:29.215266+00:00,spot_4,Spot 4,Empty,2026-07-08T03:00:23.205991+00:00,,,,,,,,
2026-07-08T03:32:29.215266+00:00,spot_5,Spot 5,Empty,2026-07-08T03:00:23.205991+00:00,,,,,,,,
2026-07-08T03:32:29.215266+00:00,spot_6,Spot 6,Empty,2026-07-08T02:58:05.748516+00:00,,,,,,,,
2026-07-08T03:32:29.215266+00:00,spot_7,Spot 7,Empty,2026-07-08T02:58:05.748522+00:00,,,,,,,,
2026-07-08T03:32:29.215266+00:00,spot_8,Spot 8,Empty,2026-07-08T02:58:05.748525+00:00,,,,,,,,
2026-07-08T03:32:29.215266+00:00,spot_9,Spot 9,Empty,2026-07-08T02:58:05.748528+00:00,,,,,,,,
2026-07-08T03:32:29.215266+00:00,spot_10,Spot 10,Empty,2026-07-08T02:58:05.748532+00:00,,,,,,,,
2026-07-08T03:32:29.215266+00:00,spot_11,Spot 11,Empty,2026-07-08T02:58:05.748536+00:00,,,,,,,,
2026-07-08T03:32:29.215266+00:00,spot_12,Spot 12,Empty,2026-07-08T02:58:05.748540+00:00,,,,,,,,
2026-07-08T03:32:29.215266+00:00,spot_13,Spot 13,Empty,2026-07-08T02:58:05.748545+00:00,,,,,,,,
2026-07-08T03:32:29.215266+00:00,spot_14,Spot 14,Empty,2026-07-08T02:58:05.748548+00:00,,,,,,,,
2026-07-08T03:32:29.215266+00:00,spot_15,Spot 15,Empty,2026-07-08T02:58:05.748552+00:00,,,,,,,,
2026-07-08T03:32:29.215266+00:00,spot_16,Spot 16,Empty,2026-07-08T02:58:05.748556+00:00,,,,,,,,
2026-07-08T03:32:29.215266+00:00,spot_17,Spot 17,Empty,2026-07-08T02:58:05.748559+00:00,,,,,,,,
2026-07-08T03:33:19.270773+00:00,spot_1,Spot 1,Empty,2026-07-08T02:58:05.748473+00:00,,,,,,,,
2026-07-08T03:33:19.270773+00:00,spot_2,Spot 2,Empty,2026-07-08T02:58:05.748493+00:00,,,,,,,,
2026-07-08T03:33:19.270773+00:00,spot_3,Spot 3,Empty,2026-07-08T02:58:05.748499+00:00,,,,,,,,
2026-07-08T03:33:19.270773+00:00,spot_4,Spot 4,Empty,2026-07-08T03:00:23.205991+00:00,,,,,,,,
2026-07-08T03:33:19.270773+00:00,spot_5,Spot 5,Empty,2026-07-08T03:00:23.205991+00:00,,,,,,,,
2026-07-08T03:33:19.270773+00:00,spot_6,Spot 6,Empty,2026-07-08T02:58:05.748516+00:00,,,,,,,,
2026-07-08T03:33:19.270773+00:00,spot_7,Spot 7,Empty,2026-07-08T02:58:05.748522+00:00,,,,,,,,
2026-07-08T03:33:19.270773+00:00,spot_8,Spot 8,Empty,2026-07-08T02:58:05.748525+00:00,,,,,,,,
2026-07-08T03:33:19.270773+00:00,spot_9,Spot 9,Empty,2026-07-08T02:58:05.748528+00:00,,,,,,,,
2026-07-08T03:33:19.270773+00:00,spot_10,Spot 10,Empty,2026-07-08T02:58:05.748532+00:00,,,,,,,,
2026-07-08T03:33:19.270773+00:00,spot_11,Spot 11,Empty,2026-07-08T02:58:05.748536+00:00,,,,,,,,
2026-07-08T03:33:19.270773+00:00,spot_12,Spot 12,Empty,2026-07-08T02:58:05.748540+00:00,,,,,,,,
2026-07-08T03:33:19.270773+00:00,spot_13,Spot 13,Empty,2026-07-08T02:58:05.748545+00:00,,,,,,,,
2026-07-08T03:33:19.270773+00:00,spot_14,Spot 14,Empty,2026-07-08T02:58:05.748548+00:00,,,,,,,,
2026-07-08T03:33:19.270773+00:00,spot_15,Spot 15,Empty,2026-07-08T02:58:05.748552+00:00,,,,,,,,
2026-07-08T03:33:19.270773+00:00,spot_16,Spot 16,Empty,2026-07-08T02:58:05.748556+00:00,,,,,,,,
2026-07-08T03:33:19.270773+00:00,spot_17,Spot 17,Empty,2026-07-08T02:58:05.748559+00:00,,,,,,,,
2026-07-08T03:34:20.210981+00:00,spot_1,Spot 1,Empty,2026-07-08T02:58:05.748473+00:00,,,,,,,,
2026-07-08T03:34:20.210981+00:00,spot_2,Spot 2,Empty,2026-07-08T02:58:05.748493+00:00,,,,,,,,
2026-07-08T03:34:20.210981+00:00,spot_3,Spot 3,Empty,2026-07-08T02:58:05.748499+00:00,,,,,,,,
2026-07-08T03:34:20.210981+00:00,spot_4,Spot 4,Empty,2026-07-08T03:00:23.205991+00:00,,,,,,,,
2026-07-08T03:34:20.210981+00:00,spot_5,Spot 5,Empty,2026-07-08T03:00:23.205991+00:00,,,,,,,,
2026-07-08T03:34:20.210981+00:00,spot_6,Spot 6,Empty,2026-07-08T02:58:05.748516+00:00,,,,,,,,
2026-07-08T03:34:20.210981+00:00,spot_7,Spot 7,Empty,2026-07-08T02:58:05.748522+00:00,,,,,,,,
2026-07-08T03:34:20.210981+00:00,spot_8,Spot 8,Empty,2026-07-08T02:58:05.748525+00:00,,,,,,,,
2026-07-08T03:34:20.210981+00:00,spot_9,Spot 9,Empty,2026-07-08T02:58:05.748528+00:00,,,,,,,,
2026-07-08T03:34:20.210981+00:00,spot_10,Spot 10,Empty,2026-07-08T02:58:05.748532+00:00,,,,,,,,
2026-07-08T03:34:20.210981+00:00,spot_11,Spot 11,Empty,2026-07-08T02:58:05.748536+00:00,,,,,,,,
2026-07-08T03:34:20.210981+00:00,spot_12,Spot 12,Empty,2026-07-08T02:58:05.748540+00:00,,,,,,,,
2026-07-08T03:34:20.210981+00:00,spot_13,Spot 13,Empty,2026-07-08T02:58:05.748545+00:00,,,,,,,,
2026-07-08T03:34:20.210981+00:00,spot_14,Spot 14,Empty,2026-07-08T02:58:05.748548+00:00,,,,,,,,
2026-07-08T03:34:20.210981+00:00,spot_15,Spot 15,Empty,2026-07-08T02:58:05.748552+00:00,,,,,,,,
2026-07-08T03:34:20.210981+00:00,spot_16,Spot 16,Empty,2026-07-08T02:58:05.748556+00:00,,,,,,,,
2026-07-08T03:34:20.210981+00:00,spot_17,Spot 17,Empty,2026-07-08T02:58:05.748559+00:00,,,,,,,,
2026-07-08T03:35:20.330706+00:00,spot_1,Spot 1,Empty,2026-07-08T02:58:05.748473+00:00,,,,,,,,
2026-07-08T03:35:20.330706+00:00,spot_2,Spot 2,Empty,2026-07-08T02:58:05.748493+00:00,,,,,,,,
2026-07-08T03:35:20.330706+00:00,spot_3,Spot 3,Empty,2026-07-08T02:58:05.748499+00:00,,,,,,,,
2026-07-08T03:35:20.330706+00:00,spot_4,Spot 4,Empty,2026-07-08T03:00:23.205991+00:00,,,,,,,,
2026-07-08T03:35:20.330706+00:00,spot_5,Spot 5,Empty,2026-07-08T03:00:23.205991+00:00,,,,,,,,
2026-07-08T03:35:20.330706+00:00,spot_6,Spot 6,Empty,2026-07-08T02:58:05.748516+00:00,,,,,,,,
2026-07-08T03:35:20.330706+00:00,spot_7,Spot 7,Empty,2026-07-08T02:58:05.748522+00:00,,,,,,,,
2026-07-08T03:35:20.330706+00:00,spot_8,Spot 8,Empty,2026-07-08T02:58:05.748525+00:00,,,,,,,,
2026-07-08T03:35:20.330706+00:00,spot_9,Spot 9,Empty,2026-07-08T02:58:05.748528+00:00,,,,,,,,
2026-07-08T03:35:20.330706+00:00,spot_10,Spot 10,Empty,2026-07-08T02:58:05.748532+00:00,,,,,,,,
2026-07-08T03:35:20.330706+00:00,spot_11,Spot 11,Empty,2026-07-08T02:58:05.748536+00:00,,,,,,,,
2026-07-08T03:35:20.330706+00:00,spot_12,Spot 12,Empty,2026-07-08T02:58:05.748540+00:00,,,,,,,,
2026-07-08T03:35:20.330706+00:00,spot_13,Spot 13,Empty,2026-07-08T02:58:05.748545+00:00,,,,,,,,
2026-07-08T03:35:20.330706+00:00,spot_14,Spot 14,Empty,2026-07-08T02:58:05.748548+00:00,,,,,,,,
2026-07-08T03:35:20.330706+00:00,spot_15,Spot 15,Empty,2026-07-08T02:58:05.748552+00:00,,,,,,,,
2026-07-08T03:35:20.330706+00:00,spot_16,Spot 16,Empty,2026-07-08T02:58:05.748556+00:00,,,,,,,,
2026-07-08T03:35:20.330706+00:00,spot_17,Spot 17,Empty,2026-07-08T02:58:05.748559+00:00,,,,,,,,
2026-07-08T03:36:19.348722+00:00,spot_1,Spot 1,Empty,2026-07-08T02:58:05.748473+00:00,,,,,,,,
2026-07-08T03:36:19.348722+00:00,spot_2,Spot 2,Empty,2026-07-08T02:58:05.748493+00:00,,,,,,,,
2026-07-08T03:36:19.348722+00:00,spot_3,Spot 3,Empty,2026-07-08T02:58:05.748499+00:00,,,,,,,,
2026-07-08T03:36:19.348722+00:00,spot_4,Spot 4,Empty,2026-07-08T03:00:23.205991+00:00,,,,,,,,
2026-07-08T03:36:19.348722+00:00,spot_5,Spot 5,Empty,2026-07-08T03:00:23.205991+00:00,,,,,,,,
2026-07-08T03:36:19.348722+00:00,spot_6,Spot 6,Empty,2026-07-08T02:58:05.748516+00:00,,,,,,,,
2026-07-08T03:36:19.348722+00:00,spot_7,Spot 7,Empty,2026-07-08T02:58:05.748522+00:00,,,,,,,,
2026-07-08T03:36:19.348722+00:00,spot_8,Spot 8,Empty,2026-07-08T02:58:05.748525+00:00,,,,,,,,
2026-07-08T03:36:19.348722+00:00,spot_9,Spot 9,Empty,2026-07-08T02:58:05.748528+00:00,,,,,,,,
2026-07-08T03:36:19.348722+00:00,spot_10,Spot 10,Empty,2026-07-08T02:58:05.748532+00:00,,,,,,,,
2026-07-08T03:36:19.348722+00:00,spot_11,Spot 11,Empty,2026-07-08T02:58:05.748536+00:00,,,,,,,,
2026-07-08T03:36:19.348722+00:00,spot_12,Spot 12,Empty,2026-07-08T02:58:05.748540+00:00,,,,,,,,
2026-07-08T03:36:19.348722+00:00,spot_13,Spot 13,Empty,2026-07-08T02:58:05.748545+00:00,,,,,,,,
2026-07-08T03:36:19.348722+00:00,spot_14,Spot 14,Empty,2026-07-08T02:58:05.748548+00:00,,,,,,,,
2026-07-08T03:36:19.348722+00:00,spot_15,Spot 15,Empty,2026-07-08T02:58:05.748552+00:00,,,,,,,,
2026-07-08T03:36:19.348722+00:00,spot_16,Spot 16,Empty,2026-07-08T02:58:05.748556+00:00,,,,,,,,
2026-07-08T03:36:19.348722+00:00,spot_17,Spot 17,Empty,2026-07-08T02:58:05.748559+00:00,,,,,,,,
2026-07-08T03:37:20.222556+00:00,spot_1,Spot 1,Empty,2026-07-08T02:58:05.748473+00:00,,,,,,,,
2026-07-08T03:37:20.222556+00:00,spot_2,Spot 2,Empty,2026-07-08T02:58:05.748493+00:00,,,,,,,,
2026-07-08T03:37:20.222556+00:00,spot_3,Spot 3,Empty,2026-07-08T02:58:05.748499+00:00,,,,,,,,
2026-07-08T03:37:20.222556+00:00,spot_4,Spot 4,Empty,2026-07-08T03:00:23.205991+00:00,,,,,,,,
2026-07-08T03:37:20.222556+00:00,spot_5,Spot 5,Empty,2026-07-08T03:00:23.205991+00:00,,,,,,,,
2026-07-08T03:37:20.222556+00:00,spot_6,Spot 6,Empty,2026-07-08T02:58:05.748516+00:00,,,,,,,,
2026-07-08T03:37:20.222556+00:00,spot_7,Spot 7,Empty,2026-07-08T02:58:05.748522+00:00,,,,,,,,
2026-07-08T03:37:20.222556+00:00,spot_8,Spot 8,Empty,2026-07-08T02:58:05.748525+00:00,,,,,,,,
2026-07-08T03:37:20.222556+00:00,spot_9,Spot 9,Empty,2026-07-08T02:58:05.748528+00:00,,,,,,,,
2026-07-08T03:37:20.222556+00:00,spot_10,Spot 10,Empty,2026-07-08T02:58:05.748532+00:00,,,,,,,,
2026-07-08T03:37:20.222556+00:00,spot_11,Spot 11,Empty,2026-07-08T02:58:05.748536+00:00,,,,,,,,
2026-07-08T03:37:20.222556+00:00,spot_12,Spot 12,Empty,2026-07-08T02:58:05.748540+00:00,,,,,,,,
2026-07-08T03:37:20.222556+00:00,spot_13,Spot 13,Empty,2026-07-08T02:58:05.748545+00:00,,,,,,,,
2026-07-08T03:37:20.222556+00:00,spot_14,Spot 14,Empty,2026-07-08T02:58:05.748548+00:00,,,,,,,,
2026-07-08T03:37:20.222556+00:00,spot_15,Spot 15,Empty,2026-07-08T02:58:05.748552+00:00,,,,,,,,
2026-07-08T03:37:20.222556+00:00,spot_16,Spot 16,Empty,2026-07-08T02:58:05.748556+00:00,,,,,,,,
2026-07-08T03:37:20.222556+00:00,spot_17,Spot 17,Empty,2026-07-08T02:58:05.748559+00:00,,,,,,,,
