timestamp_utc,spot_id,spot_label,status,status_since_utc,track_id,vehicle_type,confidence,dwell_seconds,bbox_x1,bbox_y1,bbox_x2,bbox_y2
2026-06-27T20:48:21.397981+00:00,spot_1,Spot 1,Occupied,2026-06-27T20:12:25.495779+00:00,2029,car,0.8051579594612122,7318,567.4614868164062,309.825927734375,615.3504028320312,371.3475341796875
2026-06-27T20:48:21.397981+00:00,spot_2,Spot 2,Occupied,2026-06-27T20:45:23.845553+00:00,1963,car,0.8129597306251526,10921,500.5632019042969,320.68353271484375,546.538818359375,369.62432861328125
2026-06-27T20:48:21.397981+00:00,spot_3,Spot 3,Occupied,2026-06-27T20:04:26.990750+00:00,1857,car,0.8550546765327454,15945,450.2634582519531,322.576416015625,496.2858581542969,360.802978515625
2026-06-27T20:48:21.397981+00:00,spot_4,Spot 4,Occupied,2026-06-27T19:33:22.179956+00:00,2060,truck,0.7853180766105652,4500,366.0091552734375,293.31341552734375,447.56591796875,366.44024658203125
2026-06-27T20:48:21.397981+00:00,spot_5,Spot 5,Occupied,2026-06-27T20:25:22.684678+00:00,1826,car,0.7760319113731384,17016,332.224609375,325.0692443847656,379.60107421875,357.8574523925781
2026-06-27T20:48:21.397981+00:00,spot_6,Spot 6,Occupied,2026-06-27T20:47:23.862111+00:00,2102,car,0.6998246908187866,717,303.4267578125,322.00347900390625,342.48291015625,356.09637451171875
2026-06-27T20:48:21.397981+00:00,spot_7,Spot 7,Empty,2026-06-27T20:48:21.397981+00:00,,,,,,,,
2026-06-27T20:48:21.397981+00:00,spot_8,Spot 8,Occupied,2026-06-27T20:43:32.368876+00:00,2100,car,0.6460047364234924,1379,207.3437957763672,320.257568359375,240.64332580566406,351.4119873046875
2026-06-27T20:48:21.397981+00:00,spot_9,Spot 9,Occupied,2026-06-27T16:04:21.348808+00:00,1827,car,0.8684154152870178,17016,175.65713500976562,318.41650390625,226.3602294921875,346.8594970703125
2026-06-27T20:48:21.397981+00:00,spot_10,Spot 10,Occupied,2026-06-27T18:07:22.722351+00:00,1965,car,0.6029576063156128,10921,150.7047119140625,319.64202880859375,191.54183959960938,344.10247802734375
2026-06-27T20:48:21.397981+00:00,spot_11,Spot 11,Occupied,2026-06-27T19:35:22.909510+00:00,1830,car,0.6510723829269409,17016,120.8203125,312.70721435546875,166.5369873046875,341.62225341796875
2026-06-27T20:48:21.397981+00:00,spot_12,Spot 12,Occupied,2026-06-27T20:46:22.836456+00:00,2077,car,0.671958863735199,3719,109.50999450683594,316.00750732421875,136.20652770996094,336.24713134765625
2026-06-27T20:48:21.397981+00:00,spot_13,Spot 13,Occupied,2026-06-27T20:46:22.836456+00:00,2024,car,0.3812679350376129,7498,83.78178405761719,310.3216552734375,126.91566467285156,332.88330078125
2026-06-27T20:48:21.397981+00:00,spot_14,Spot 14,Occupied,2026-06-27T20:47:23.862111+00:00,2106,car,0.657559871673584,57,62.94974136352539,310.0010986328125,97.10528564453125,330.8511962890625
2026-06-27T20:48:21.397981+00:00,spot_15,Spot 15,Empty,2026-06-27T20:46:22.836456+00:00,,,,,,,,
2026-06-27T20:48:21.397981+00:00,spot_16,Spot 16,Occupied,2026-06-27T20:46:22.836456+00:00,2091,car,0.48728668689727783,2513,32.168968200683594,307.46563720703125,64.19190216064453,327.013671875
2026-06-27T20:48:21.397981+00:00,spot_17,Spot 17,Occupied,2026-06-27T20:42:22.711298+00:00,2089,car,0.5025514960289001,2513,17.38332748413086,307.4351501464844,42.188228607177734,325.0946960449219
2026-06-27T20:49:22.642560+00:00,spot_1,Spot 1,Empty,2026-06-27T20:49:22.642560+00:00,,,,,,,,
2026-06-27T20:49:22.642560+00:00,spot_2,Spot 2,Occupied,2026-06-27T20:45:23.845553+00:00,1963,car,0.6556038856506348,10982,497.98223876953125,320.82281494140625,545.3519897460938,370.32708740234375
2026-06-27T20:49:22.642560+00:00,spot_3,Spot 3,Occupied,2026-06-27T20:04:26.990750+00:00,1857,car,0.52935391664505,16006,446.73211669921875,323.364990234375,495.14886474609375,363.4951171875
2026-06-27T20:49:22.642560+00:00,spot_4,Spot 4,Occupied,2026-06-27T19:33:22.179956+00:00,2060,truck,0.6395577788352966,4561,366.0343017578125,294.97021484375,446.95904541015625,367.0863037109375
2026-06-27T20:49:22.642560+00:00,spot_5,Spot 5,Occupied,2026-06-27T20:25:22.684678+00:00,1826,car,0.6028066277503967,17077,331.2671813964844,325.6767272949219,369.2485656738281,360.9556579589844
2026-06-27T20:49:22.642560+00:00,spot_6,Spot 6,Occupied,2026-06-27T20:47:23.862111+00:00,2102,car,0.5134304761886597,779,306.80963134765625,322.8212585449219,342.67205810546875,355.4293518066406
2026-06-27T20:49:22.642560+00:00,spot_7,Spot 7,Occupied,2026-06-27T20:49:22.642560+00:00,2105,car,0.5523343086242676,180,239.2216339111328,319.96002197265625,276.45526123046875,355.82147216796875
2026-06-27T20:49:22.642560+00:00,spot_8,Spot 8,Occupied,2026-06-27T20:43:32.368876+00:00,2100,car,0.57603919506073,1440,206.50515747070312,319.8908386230469,240.40817260742188,351.7658996582031
2026-06-27T20:49:22.642560+00:00,spot_9,Spot 9,Occupied,2026-06-27T16:04:21.348808+00:00,1827,car,0.8637121915817261,17077,174.85708618164062,318.5831604003906,226.23028564453125,346.9579162597656
2026-06-27T20:49:22.642560+00:00,spot_10,Spot 10,Empty,2026-06-27T20:49:22.642560+00:00,,,,,,,,
2026-06-27T20:49:22.642560+00:00,spot_11,Spot 11,Occupied,2026-06-27T19:35:22.909510+00:00,1830,car,0.6346421837806702,17077,120.9288330078125,313.31939697265625,167.31777954101562,341.09307861328125
2026-06-27T20:49:22.642560+00:00,spot_12,Spot 12,Occupied,2026-06-27T20:46:22.836456+00:00,2077,car,0.6973676681518555,3780,103.10673522949219,316.73895263671875,135.9484100341797,337.10345458984375
2026-06-27T20:49:22.642560+00:00,spot_13,Spot 13,Empty,2026-06-27T20:49:22.642560+00:00,,,,,,,,
2026-06-27T20:49:22.642560+00:00,spot_14,Spot 14,Empty,2026-06-27T20:49:22.642560+00:00,,,,,,,,
2026-06-27T20:49:22.642560+00:00,spot_15,Spot 15,Empty,2026-06-27T20:46:22.836456+00:00,,,,,,,,
2026-06-27T20:49:22.642560+00:00,spot_16,Spot 16,Empty,2026-06-27T20:49:22.642560+00:00,,,,,,,,
2026-06-27T20:49:22.642560+00:00,spot_17,Spot 17,Occupied,2026-06-27T20:42:22.711298+00:00,2089,car,0.5309778451919556,2575,15.602527618408203,308.0244445800781,41.887969970703125,325.9714050292969
2026-06-27T20:50:23.345732+00:00,spot_1,Spot 1,Occupied,2026-06-27T20:50:23.345732+00:00,2029,car,0.6351844668388367,7439,566.8331298828125,309.4264221191406,615.1600341796875,370.8888854980469
2026-06-27T20:50:23.345732+00:00,spot_2,Spot 2,Occupied,2026-06-27T20:45:23.845553+00:00,1963,car,0.8744606971740723,11042,499.99420166015625,321.2471008300781,545.8899536132812,368.8506774902344
2026-06-27T20:50:23.345732+00:00,spot_3,Spot 3,Occupied,2026-06-27T20:04:26.990750+00:00,1857,car,0.7844845652580261,16066,450.3145751953125,320.65936279296875,496.540283203125,361.09130859375
2026-06-27T20:50:23.345732+00:00,spot_4,Spot 4,Occupied,2026-06-27T19:33:22.179956+00:00,2060,truck,0.8179610967636108,4621,367.43389892578125,294.76611328125,446.95477294921875,367.0712890625
2026-06-27T20:50:23.345732+00:00,spot_5,Spot 5,Occupied,2026-06-27T20:25:22.684678+00:00,1826,car,0.5711729526519775,17137,332.677001953125,324.96490478515625,368.6583251953125,357.76068115234375
2026-06-27T20:50:23.345732+00:00,spot_6,Spot 6,Empty,2026-06-27T20:50:23.345732+00:00,,,,,,,,
2026-06-27T20:50:23.345732+00:00,spot_7,Spot 7,Empty,2026-06-27T20:50:23.345732+00:00,,,,,,,,
2026-06-27T20:50:23.345732+00:00,spot_8,Spot 8,Occupied,2026-06-27T20:43:32.368876+00:00,2100,car,0.7397190928459167,1500,206.80638122558594,322.3382873535156,241.2139129638672,352.5439758300781
2026-06-27T20:50:23.345732+00:00,spot_9,Spot 9,Occupied,2026-06-27T16:04:21.348808+00:00,1827,car,0.7189323306083679,17137,173.80902099609375,323.0797119140625,208.5032958984375,347.2183837890625
2026-06-27T20:50:23.345732+00:00,spot_10,Spot 10,Occupied,2026-06-27T20:50:23.345732+00:00,1965,car,0.6907724142074585,11042,147.25518798828125,319.3671875,192.45010375976562,343.9515380859375
2026-06-27T20:50:23.345732+00:00,spot_11,Spot 11,Occupied,2026-06-27T19:35:22.909510+00:00,1830,car,0.6442469358444214,17137,120.47344970703125,312.8750305175781,166.70819091796875,342.0284118652344
2026-06-27T20:50:23.345732+00:00,spot_12,Spot 12,Occupied,2026-06-27T20:46:22.836456+00:00,2077,car,0.5418753027915955,3840,103.47137451171875,315.9422607421875,135.57565307617188,335.423583984375
2026-06-27T20:50:23.345732+00:00,spot_13,Spot 13,Occupied,2026-06-27T20:50:23.345732+00:00,2024,car,0.6653122305870056,7620,79.96832275390625,310.725830078125,127.09405517578125,334.0184326171875
2026-06-27T20:50:23.345732+00:00,spot_14,Spot 14,Occupied,2026-06-27T20:50:23.345732+00:00,2106,car,0.4620579183101654,179,63.553524017333984,309.6142883300781,89.39517211914062,331.2293395996094
2026-06-27T20:50:23.345732+00:00,spot_15,Spot 15,Empty,2026-06-27T20:46:22.836456+00:00,,,,,,,,
2026-06-27T20:50:23.345732+00:00,spot_16,Spot 16,Occupied,2026-06-27T20:50:23.345732+00:00,2091,car,0.5601941347122192,2635,31.402748107910156,307.8625183105469,64.98333740234375,327.7118835449219
2026-06-27T20:50:23.345732+00:00,spot_17,Spot 17,Occupied,2026-06-27T20:42:22.711298+00:00,2089,car,0.5366494059562683,2635,18.10329818725586,307.559814453125,42.419288635253906,325.5577392578125
2026-06-27T20:51:23.373623+00:00,spot_1,Spot 1,Occupied,2026-06-27T20:50:23.345732+00:00,2029,car,0.8504303097724915,7501,567.5457763671875,310.08740234375,615.6424560546875,370.399658203125
2026-06-27T20:51:23.373623+00:00,spot_2,Spot 2,Occupied,2026-06-27T20:45:23.845553+00:00,1963,car,0.8587148189544678,11104,500.0378112792969,321.3934326171875,546.176513671875,369.453369140625
2026-06-27T20:51:23.373623+00:00,spot_3,Spot 3,Occupied,2026-06-27T20:04:26.990750+00:00,1857,car,0.6709311604499817,16128,449.883544921875,322.3480224609375,495.8795166015625,361.116943359375
2026-06-27T20:51:23.373623+00:00,spot_4,Spot 4,Occupied,2026-06-27T19:33:22.179956+00:00,2060,truck,0.6579978466033936,4684,365.94189453125,294.99072265625,445.0908203125,367.47265625
2026-06-27T20:51:23.373623+00:00,spot_5,Spot 5,Occupied,2026-06-27T20:25:22.684678+00:00,1826,car,0.6048200130462646,17199,332.4234619140625,324.3092346191406,368.4315185546875,359.6350402832031
2026-06-27T20:51:23.373623+00:00,spot_6,Spot 6,Occupied,2026-06-27T20:51:23.373623+00:00,2102,car,0.5191013813018799,901,308.572265625,322.8690185546875,339.15338134765625,357.11175537109375
2026-06-27T20:51:23.373623+00:00,spot_7,Spot 7,Empty,2026-06-27T20:50:23.345732+00:00,,,,,,,,
2026-06-27T20:51:23.373623+00:00,spot_8,Spot 8,Occupied,2026-06-27T20:43:32.368876+00:00,2100,car,0.5287660360336304,1562,207.52708435058594,322.378662109375,241.05104064941406,351.64312744140625
2026-06-27T20:51:23.373623+00:00,spot_9,Spot 9,Occupied,2026-06-27T16:04:21.348808+00:00,1827,car,0.5517763495445251,17199,170.97943115234375,320.8944091796875,210.4010009765625,346.932373046875
2026-06-27T20:51:23.373623+00:00,spot_10,Spot 10,Occupied,2026-06-27T20:50:23.345732+00:00,1965,car,0.36333245038986206,11104,147.4702911376953,318.9467468261719,190.5234832763672,343.9215393066406
2026-06-27T20:51:23.373623+00:00,spot_11,Spot 11,Occupied,2026-06-27T19:35:22.909510+00:00,1830,car,0.6529017090797424,17199,120.69218444824219,312.7578125,166.61341857910156,341.39312744140625
2026-06-27T20:51:23.373623+00:00,spot_12,Spot 12,Occupied,2026-06-27T20:46:22.836456+00:00,2077,car,0.589417040348053,3902,102.48779296875,316.00390625,135.9148406982422,336.52642822265625
2026-06-27T20:51:23.373623+00:00,spot_13,Spot 13,Empty,2026-06-27T20:51:23.373623+00:00,,,,,,,,
2026-06-27T20:51:23.373623+00:00,spot_14,Spot 14,Empty,2026-06-27T20:51:23.373623+00:00,,,,,,,,
2026-06-27T20:51:23.373623+00:00,spot_15,Spot 15,Empty,2026-06-27T20:46:22.836456+00:00,,,,,,,,
2026-06-27T20:51:23.373623+00:00,spot_16,Spot 16,Occupied,2026-06-27T20:50:23.345732+00:00,2091,car,0.44871875643730164,2697,33.76298522949219,307.3905029296875,64.6458740234375,327.6395263671875
2026-06-27T20:51:23.373623+00:00,spot_17,Spot 17,Occupied,2026-06-27T20:42:22.711298+00:00,2089,car,0.5139636397361755,2697,15.55685043334961,307.5509033203125,41.78997039794922,325.95025634765625
2026-06-27T20:52:23.793009+00:00,spot_1,Spot 1,Occupied,2026-06-27T20:50:23.345732+00:00,2029,car,0.6998348832130432,7559,566.1051635742188,309.1421203613281,616.3605346679688,369.6253356933594
2026-06-27T20:52:23.793009+00:00,spot_2,Spot 2,Occupied,2026-06-27T20:45:23.845553+00:00,1963,car,0.8259227275848389,11162,498.93060302734375,320.39959716796875,546.2924194335938,368.87725830078125
2026-06-27T20:52:23.793009+00:00,spot_3,Spot 3,Occupied,2026-06-27T20:04:26.990750+00:00,1857,car,0.4259694516658783,16186,450.8778076171875,320.1800842285156,495.721923828125,360.9761047363281
2026-06-27T20:52:23.793009+00:00,spot_4,Spot 4,Occupied,2026-06-27T19:33:22.179956+00:00,2060,truck,0.7357341647148132,4742,367.09442138671875,294.7662353515625,446.45697021484375,365.3563232421875
2026-06-27T20:52:23.793009+00:00,spot_5,Spot 5,Occupied,2026-06-27T20:25:22.684678+00:00,1826,car,0.8098783493041992,17257,331.63140869140625,323.6491394042969,368.88372802734375,359.9100036621094
2026-06-27T20:52:23.793009+00:00,spot_6,Spot 6,Occupied,2026-06-27T20:51:23.373623+00:00,2102,car,0.5909218788146973,959,310.240966796875,321.77728271484375,342.8934326171875,355.369384765625
2026-06-27T20:52:23.793009+00:00,spot_7,Spot 7,Empty,2026-06-27T20:50:23.345732+00:00,,,,,,,,
2026-06-27T20:52:23.793009+00:00,spot_8,Spot 8,Occupied,2026-06-27T20:43:32.368876+00:00,2100,car,0.6335991621017456,1620,207.00277709960938,317.4895935058594,271.3515319824219,352.6309509277344
2026-06-27T20:52:23.793009+00:00,spot_9,Spot 9,Occupied,2026-06-27T16:04:21.348808+00:00,1827,car,0.579778254032135,17257,173.31387329101562,320.5213317871094,217.76986694335938,346.8833923339844
2026-06-27T20:52:23.793009+00:00,spot_10,Spot 10,Occupied,2026-06-27T20:50:23.345732+00:00,1965,car,0.5473135709762573,11162,145.30465698242188,318.74853515625,188.2216796875,343.581298828125
2026-06-27T20:52:23.793009+00:00,spot_11,Spot 11,Occupied,2026-06-27T19:35:22.909510+00:00,1830,car,0.7319651246070862,17257,121.95953369140625,312.66839599609375,166.32278442382812,341.81732177734375
2026-06-27T20:52:23.793009+00:00,spot_12,Spot 12,Occupied,2026-06-27T20:46:22.836456+00:00,2077,car,0.48578527569770813,3961,102.46005249023438,315.3125,136.78665161132812,336.123046875
2026-06-27T20:52:23.793009+00:00,spot_13,Spot 13,Empty,2026-06-27T20:51:23.373623+00:00,,,,,,,,
2026-06-27T20:52:23.793009+00:00,spot_14,Spot 14,Empty,2026-06-27T20:51:23.373623+00:00,,,,,,,,
2026-06-27T20:52:23.793009+00:00,spot_15,Spot 15,Empty,2026-06-27T20:46:22.836456+00:00,,,,,,,,
2026-06-27T20:52:23.793009+00:00,spot_16,Spot 16,Occupied,2026-06-27T20:50:23.345732+00:00,2091,car,0.6588481068611145,2755,30.711509704589844,307.5213623046875,64.52839660644531,327.5655517578125
2026-06-27T20:52:23.793009+00:00,spot_17,Spot 17,Occupied,2026-06-27T20:42:22.711298+00:00,2089,car,0.6706053018569946,2755,16.226985931396484,307.4617919921875,41.96326446533203,325.59185791015625
2026-06-27T20:53:22.468996+00:00,spot_1,Spot 1,Occupied,2026-06-27T20:50:23.345732+00:00,2029,car,0.7221540808677673,7619,566.5966186523438,309.2996520996094,615.9166870117188,372.2359313964844
2026-06-27T20:53:22.468996+00:00,spot_2,Spot 2,Occupied,2026-06-27T20:45:23.845553+00:00,1963,car,0.8242104649543762,11222,501.2207946777344,321.2332763671875,546.5457763671875,368.2896728515625
2026-06-27T20:53:22.468996+00:00,spot_3,Spot 3,Occupied,2026-06-27T20:04:26.990750+00:00,1857,car,0.8292211294174194,16246,449.32879638671875,322.58074951171875,496.11773681640625,361.15789794921875
2026-06-27T20:53:22.468996+00:00,spot_4,Spot 4,Occupied,2026-06-27T19:33:22.179956+00:00,2060,truck,0.5531448721885681,4801,366.67608642578125,292.90631103515625,447.70025634765625,367.30682373046875
2026-06-27T20:53:22.468996+00:00,spot_5,Spot 5,Empty,2026-06-27T20:53:22.468996+00:00,,,,,,,,
2026-06-27T20:53:22.468996+00:00,spot_6,Spot 6,Empty,2026-06-27T20:53:22.468996+00:00,,,,,,,,
2026-06-27T20:53:22.468996+00:00,spot_7,Spot 7,Occupied,2026-06-27T20:53:22.468996+00:00,2108,car,0.396804541349411,0,239.64349365234375,320.7893371582031,280.138916015625,356.2676696777344
2026-06-27T20:53:22.468996+00:00,spot_8,Spot 8,Occupied,2026-06-27T20:43:32.368876+00:00,2100,car,0.5531109571456909,1680,207.44287109375,319.7825012207031,256.035888671875,352.0135192871094
2026-06-27T20:53:22.468996+00:00,spot_9,Spot 9,Occupied,2026-06-27T16:04:21.348808+00:00,1827,car,0.4941578507423401,17316,173.5362091064453,322.3519287109375,208.84400939941406,347.34869384765625
2026-06-27T20:53:22.468996+00:00,spot_10,Spot 10,Occupied,2026-06-27T20:50:23.345732+00:00,1965,car,0.7967697381973267,11222,146.2352294921875,319.05548095703125,194.44476318359375,343.78790283203125
2026-06-27T20:53:22.468996+00:00,spot_11,Spot 11,Occupied,2026-06-27T19:35:22.909510+00:00,1830,car,0.7354313135147095,17316,120.44459533691406,312.86187744140625,166.06092834472656,341.51568603515625
2026-06-27T20:53:22.468996+00:00,spot_12,Spot 12,Occupied,2026-06-27T20:46:22.836456+00:00,2077,car,0.6491302251815796,4020,102.60368347167969,315.92413330078125,136.24313354492188,336.48077392578125
2026-06-27T20:53:22.468996+00:00,spot_13,Spot 13,Empty,2026-06-27T20:51:23.373623+00:00,,,,,,,,
2026-06-27T20:53:22.468996+00:00,spot_14,Spot 14,Empty,2026-06-27T20:51:23.373623+00:00,,,,,,,,
2026-06-27T20:53:22.468996+00:00,spot_15,Spot 15,Empty,2026-06-27T20:46:22.836456+00:00,,,,,,,,
2026-06-27T20:53:22.468996+00:00,spot_16,Spot 16,Occupied,2026-06-27T20:50:23.345732+00:00,2091,car,0.6260603070259094,2814,31.183794021606445,307.79058837890625,64.92845153808594,327.17498779296875
2026-06-27T20:53:22.468996+00:00,spot_17,Spot 17,Occupied,2026-06-27T20:42:22.711298+00:00,2089,car,0.5575383305549622,2814,16.04729461669922,307.45770263671875,42.71879577636719,325.58770751953125
2026-06-27T20:54:22.350568+00:00,spot_1,Spot 1,Occupied,2026-06-27T20:50:23.345732+00:00,2029,car,0.7965633869171143,7679,566.8289794921875,309.21759033203125,615.2711181640625,373.71954345703125
2026-06-27T20:54:22.350568+00:00,spot_2,Spot 2,Occupied,2026-06-27T20:45:23.845553+00:00,1963,car,0.8430402278900146,11281,498.396484375,320.73541259765625,547.19580078125,369.22991943359375
2026-06-27T20:54:22.350568+00:00,spot_3,Spot 3,Occupied,2026-06-27T20:04:26.990750+00:00,1857,car,0.7341082096099854,16305,450.5447998046875,322.1731262207031,489.62982177734375,362.2698669433594
2026-06-27T20:54:22.350568+00:00,spot_4,Spot 4,Occupied,2026-06-27T19:33:22.179956+00:00,2060,truck,0.7426139116287231,4861,366.58575439453125,293.32525634765625,446.00543212890625,366.76544189453125
2026-06-27T20:54:22.350568+00:00,spot_5,Spot 5,Occupied,2026-06-27T20:54:22.350568+00:00,1826,car,0.7900212407112122,17376,331.2848815917969,324.3614501953125,368.8210754394531,357.7169189453125
2026-06-27T20:54:22.350568+00:00,spot_6,Spot 6,Occupied,2026-06-27T20:54:22.350568+00:00,2102,car,0.8388190269470215,1078,287.58740234375,321.78033447265625,341.9296875,356.18438720703125
2026-06-27T20:54:22.350568+00:00,spot_7,Spot 7,Occupied,2026-06-27T20:53:22.468996+00:00,2108,car,0.7403984069824219,59,240.15646362304688,319.4009094238281,298.9400329589844,354.0819396972656
2026-06-27T20:54:22.350568+00:00,spot_8,Spot 8,Occupied,2026-06-27T20:43:32.368876+00:00,2100,car,0.5913974046707153,1740,207.03607177734375,317.7537536621094,265.267822265625,351.8015441894531
2026-06-27T20:54:22.350568+00:00,spot_9,Spot 9,Occupied,2026-06-27T16:04:21.348808+00:00,1827,car,0.8256436586380005,17376,174.28030395507812,321.97528076171875,217.33053588867188,346.70892333984375
2026-06-27T20:54:22.350568+00:00,spot_10,Spot 10,Occupied,2026-06-27T20:50:23.345732+00:00,1965,car,0.7382107973098755,11281,149.89599609375,317.963623046875,189.78952026367188,343.7275390625
2026-06-27T20:54:22.350568+00:00,spot_11,Spot 11,Occupied,2026-06-27T19:35:22.909510+00:00,1830,car,0.7458115816116333,17376,120.89657592773438,312.92620849609375,166.56246948242188,341.56976318359375
2026-06-27T20:54:22.350568+00:00,spot_12,Spot 12,Occupied,2026-06-27T20:46:22.836456+00:00,2077,car,0.5974494218826294,4080,104.88462829589844,315.84698486328125,136.9066925048828,335.92559814453125
2026-06-27T20:54:22.350568+00:00,spot_13,Spot 13,Occupied,2026-06-27T20:54:22.350568+00:00,2109,car,0.4995748996734619,0,82.6944580078125,310.1712646484375,127.06336975097656,332.4488525390625
2026-06-27T20:54:22.350568+00:00,spot_14,Spot 14,Occupied,2026-06-27T20:54:22.350568+00:00,2110,car,0.481432169675827,0,61.670814514160156,309.2799072265625,90.83170318603516,330.97314453125
2026-06-27T20:54:22.350568+00:00,spot_15,Spot 15,Empty,2026-06-27T20:46:22.836456+00:00,,,,,,,,
2026-06-27T20:54:22.350568+00:00,spot_16,Spot 16,Occupied,2026-06-27T20:50:23.345732+00:00,2091,car,0.584303617477417,2874,35.649574279785156,307.2408447265625,64.29935455322266,327.367431640625
2026-06-27T20:54:22.350568+00:00,spot_17,Spot 17,Occupied,2026-06-27T20:42:22.711298+00:00,2089,car,0.5247654914855957,2874,15.831645965576172,306.94921875,42.06816101074219,325.352294921875
2026-06-27T20:55:22.045767+00:00,spot_1,Spot 1,Occupied,2026-06-27T20:50:23.345732+00:00,2029,car,0.6979690790176392,7738,567.078857421875,309.4951171875,616.128662109375,373.7030029296875
2026-06-27T20:55:22.045767+00:00,spot_2,Spot 2,Occupied,2026-06-27T20:45:23.845553+00:00,1963,car,0.7628910541534424,11341,500.424560546875,321.07037353515625,546.8687744140625,369.20904541015625
2026-06-27T20:55:22.045767+00:00,spot_3,Spot 3,Occupied,2026-06-27T20:04:26.990750+00:00,1857,car,0.7687928676605225,16365,450.538330078125,320.985595703125,496.2884521484375,361.41943359375
2026-06-27T20:55:22.045767+00:00,spot_4,Spot 4,Occupied,2026-06-27T19:33:22.179956+00:00,2060,truck,0.8235857486724854,4920,366.83013916015625,294.79986572265625,447.62689208984375,366.808837890625
2026-06-27T20:55:22.045767+00:00,spot_5,Spot 5,Occupied,2026-06-27T20:54:22.350568+00:00,1826,car,0.5936042070388794,17436,333.25189208984375,324.76275634765625,368.61407470703125,356.3223876953125
2026-06-27T20:55:22.045767+00:00,spot_6,Spot 6,Occupied,2026-06-27T20:54:22.350568+00:00,2102,car,0.7997203469276428,1138,287.1437683105469,322.42913818359375,339.7559509277344,358.02264404296875
2026-06-27T20:55:22.045767+00:00,spot_7,Spot 7,Occupied,2026-06-27T20:53:22.468996+00:00,2108,car,0.5679581761360168,119,239.7789306640625,319.71002197265625,294.36260986328125,354.34808349609375
2026-06-27T20:55:22.045767+00:00,spot_8,Spot 8,Occupied,2026-06-27T20:43:32.368876+00:00,2100,car,0.6240977644920349,1799,207.10794067382812,320.02020263671875,240.6431884765625,351.70074462890625
2026-06-27T20:55:22.045767+00:00,spot_9,Spot 9,Occupied,2026-06-27T16:04:21.348808+00:00,1827,car,0.5318678617477417,17436,172.35260009765625,321.0140380859375,210.55126953125,346.73699951171875
2026-06-27T20:55:22.045767+00:00,spot_10,Spot 10,Occupied,2026-06-27T20:50:23.345732+00:00,1965,car,0.6215602159500122,11341,146.59014892578125,319.190673828125,192.49188232421875,344.13134765625
2026-06-27T20:55:22.045767+00:00,spot_11,Spot 11,Occupied,2026-06-27T19:35:22.909510+00:00,1830,car,0.7152002453804016,17436,121.0362548828125,312.8048095703125,166.20437622070312,341.086669921875
2026-06-27T20:55:22.045767+00:00,spot_12,Spot 12,Occupied,2026-06-27T20:46:22.836456+00:00,2077,car,0.6111862063407898,4139,103.34115600585938,316.248779296875,136.6664276123047,336.50286865234375
2026-06-27T20:55:22.045767+00:00,spot_13,Spot 13,Occupied,2026-06-27T20:54:22.350568+00:00,2109,car,0.41023242473602295,59,81.41313934326172,310.3760681152344,127.54621124267578,333.2705993652344
2026-06-27T20:55:22.045767+00:00,spot_14,Spot 14,Occupied,2026-06-27T20:54:22.350568+00:00,2110,car,0.3860645294189453,59,63.10819625854492,309.5914306640625,98.36543273925781,332.03302001953125
2026-06-27T20:55:22.045767+00:00,spot_15,Spot 15,Empty,2026-06-27T20:46:22.836456+00:00,,,,,,,,
2026-06-27T20:55:22.045767+00:00,spot_16,Spot 16,Empty,2026-06-27T20:55:22.045767+00:00,,,,,,,,
2026-06-27T20:55:22.045767+00:00,spot_17,Spot 17,Empty,2026-06-27T20:55:22.045767+00:00,,,,,,,,
2026-06-27T20:56:22.079944+00:00,spot_1,Spot 1,Occupied,2026-06-27T20:50:23.345732+00:00,2029,car,0.67528235912323,7797,566.9012451171875,308.45111083984375,617.2330322265625,371.99456787109375
2026-06-27T20:56:22.079944+00:00,spot_2,Spot 2,Occupied,2026-06-27T20:45:23.845553+00:00,1963,car,0.8292140364646912,11400,499.8582763671875,319.75872802734375,548.11962890625,367.87579345703125
2026-06-27T20:56:22.079944+00:00,spot_3,Spot 3,Occupied,2026-06-27T20:04:26.990750+00:00,1857,car,0.6634952425956726,16424,450.28448486328125,319.94647216796875,496.41815185546875,360.62847900390625
2026-06-27T20:56:22.079944+00:00,spot_4,Spot 4,Occupied,2026-06-27T19:33:22.179956+00:00,2060,truck,0.6409681439399719,4980,365.8659362792969,293.0997314453125,447.2305603027344,365.0350341796875
2026-06-27T20:56:22.079944+00:00,spot_5,Spot 5,Occupied,2026-06-27T20:54:22.350568+00:00,1826,car,0.7659910321235657,17495,331.3214111328125,324.1298828125,368.89886474609375,359.2952880859375
2026-06-27T20:56:22.079944+00:00,spot_6,Spot 6,Occupied,2026-06-27T20:54:22.350568+00:00,2102,car,0.8312253355979919,1197,287.4985656738281,320.60791015625,342.8330993652344,354.79779052734375
2026-06-27T20:56:22.079944+00:00,spot_7,Spot 7,Occupied,2026-06-27T20:53:22.468996+00:00,2108,car,0.4815986156463623,178,257.13677978515625,318.86456298828125,297.41339111328125,352.83917236328125
2026-06-27T20:56:22.079944+00:00,spot_8,Spot 8,Occupied,2026-06-27T20:43:32.368876+00:00,2100,car,0.43971022963523865,1858,206.96661376953125,319.9525146484375,240.43304443359375,351.43572998046875
2026-06-27T20:56:22.079944+00:00,spot_9,Spot 9,Occupied,2026-06-27T16:04:21.348808+00:00,1827,car,0.5622734427452087,17495,173.4736785888672,320.5703125,218.68727111816406,345.3074951171875
2026-06-27T20:56:22.079944+00:00,spot_10,Spot 10,Occupied,2026-06-27T20:50:23.345732+00:00,1965,car,0.6698488593101501,11400,146.41043090820312,317.3082275390625,197.2857666015625,343.93798828125
2026-06-27T20:56:22.079944+00:00,spot_11,Spot 11,Occupied,2026-06-27T19:35:22.909510+00:00,1830,car,0.7816426753997803,17495,121.35831451416016,312.1453552246094,166.72158813476562,340.8158264160156
2026-06-27T20:56:22.079944+00:00,spot_12,Spot 12,Occupied,2026-06-27T20:46:22.836456+00:00,2077,car,0.6009398698806763,4198,103.25936889648438,315.46826171875,136.35720825195312,335.37115478515625
2026-06-27T20:56:22.079944+00:00,spot_13,Spot 13,Empty,2026-06-27T20:56:22.079944+00:00,,,,,,,,
2026-06-27T20:56:22.079944+00:00,spot_14,Spot 14,Occupied,2026-06-27T20:54:22.350568+00:00,2110,car,0.4470146894454956,118,67.56292724609375,310.111328125,96.39852905273438,329.945068359375
2026-06-27T20:56:22.079944+00:00,spot_15,Spot 15,Empty,2026-06-27T20:46:22.836456+00:00,,,,,,,,
2026-06-27T20:56:22.079944+00:00,spot_16,Spot 16,Occupied,2026-06-27T20:56:22.079944+00:00,2091,car,0.4721651077270508,2993,30.577362060546875,306.777587890625,64.2689437866211,327.1583251953125
2026-06-27T20:56:22.079944+00:00,spot_17,Spot 17,Occupied,2026-06-27T20:56:22.079944+00:00,2089,car,0.49330419301986694,2993,16.26046371459961,306.0237731933594,42.86777877807617,325.0050964355469
2026-06-27T20:57:22.202458+00:00,spot_1,Spot 1,Occupied,2026-06-27T20:50:23.345732+00:00,2029,car,0.7398637533187866,7858,567.3896484375,309.28717041015625,615.494140625,372.36334228515625
2026-06-27T20:57:22.202458+00:00,spot_2,Spot 2,Occupied,2026-06-27T20:45:23.845553+00:00,1963,car,0.8694751262664795,11461,499.99493408203125,321.3027038574219,546.0552368164062,369.0194396972656
2026-06-27T20:57:22.202458+00:00,spot_3,Spot 3,Occupied,2026-06-27T20:04:26.990750+00:00,1857,car,0.7493618726730347,16485,450.0983581542969,323.955078125,488.9991149902344,361.36114501953125
2026-06-27T20:57:22.202458+00:00,spot_4,Spot 4,Occupied,2026-06-27T19:33:22.179956+00:00,2060,truck,0.735136866569519,5040,366.7245178222656,294.95037841796875,444.7057189941406,366.36956787109375
2026-06-27T20:57:22.202458+00:00,spot_5,Spot 5,Occupied,2026-06-27T20:54:22.350568+00:00,1826,car,0.7867951989173889,17556,331.5367431640625,324.6478576660156,368.5281982421875,358.5170593261719
2026-06-27T20:57:22.202458+00:00,spot_6,Spot 6,Occupied,2026-06-27T20:54:22.350568+00:00,2102,car,0.8811129927635193,1257,287.2689208984375,321.62890625,345.4925537109375,355.41357421875
2026-06-27T20:57:22.202458+00:00,spot_7,Spot 7,Occupied,2026-06-27T20:53:22.468996+00:00,2108,car,0.7480993270874023,239,239.696044921875,320.0454406738281,292.19671630859375,354.6258850097656
2026-06-27T20:57:22.202458+00:00,spot_8,Spot 8,Occupied,2026-06-27T20:43:32.368876+00:00,2100,car,0.5105477571487427,1919,206.9129638671875,321.269775390625,241.93722534179688,351.74298095703125
2026-06-27T20:57:22.202458+00:00,spot_9,Spot 9,Occupied,2026-06-27T16:04:21.348808+00:00,1827,car,0.7553210854530334,17556,173.834228515625,320.3622131347656,222.2540283203125,347.0179138183594
2026-06-27T20:57:22.202458+00:00,spot_10,Spot 10,Occupied,2026-06-27T20:50:23.345732+00:00,1965,car,0.7201303839683533,11461,143.49391174316406,318.944580078125,189.58839416503906,344.459228515625
2026-06-27T20:57:22.202458+00:00,spot_11,Spot 11,Occupied,2026-06-27T19:35:22.909510+00:00,1830,car,0.7263768911361694,17556,120.40115356445312,312.60821533203125,166.39053344726562,341.37841796875
2026-06-27T20:57:22.202458+00:00,spot_12,Spot 12,Occupied,2026-06-27T20:46:22.836456+00:00,2077,car,0.3527461290359497,4259,104.80149841308594,315.83697509765625,136.3622283935547,336.65301513671875
2026-06-27T20:57:22.202458+00:00,spot_13,Spot 13,Occupied,2026-06-27T20:57:22.202458+00:00,2109,car,0.4556068480014801,179,80.54196166992188,310.1244201660156,129.95333862304688,333.1612243652344
2026-06-27T20:57:22.202458+00:00,spot_14,Spot 14,Empty,2026-06-27T20:57:22.202458+00:00,,,,,,,,
2026-06-27T20:57:22.202458+00:00,spot_15,Spot 15,Empty,2026-06-27T20:46:22.836456+00:00,,,,,,,,
2026-06-27T20:57:22.202458+00:00,spot_16,Spot 16,Occupied,2026-06-27T20:56:22.079944+00:00,2091,car,0.5965745449066162,3053,32.8721923828125,307.8668212890625,64.112548828125,326.998046875
2026-06-27T20:57:22.202458+00:00,spot_17,Spot 17,Occupied,2026-06-27T20:56:22.079944+00:00,2089,car,0.4259199798107147,3053,17.382980346679688,307.0845947265625,42.393836975097656,325.1304931640625
2026-06-27T20:58:21.687410+00:00,spot_1,Spot 1,Occupied,2026-06-27T20:50:23.345732+00:00,2029,car,0.6954870820045471,7917,566.74169921875,309.85052490234375,615.7816162109375,372.41278076171875
2026-06-27T20:58:21.687410+00:00,spot_2,Spot 2,Occupied,2026-06-27T20:45:23.845553+00:00,1963,car,0.8698679208755493,11520,499.3490295410156,321.114501953125,547.2318115234375,369.15625
2026-06-27T20:58:21.687410+00:00,spot_3,Spot 3,Occupied,2026-06-27T20:04:26.990750+00:00,1857,car,0.8499751687049866,16544,450.857177734375,320.58770751953125,496.5439453125,360.765869140625
2026-06-27T20:58:21.687410+00:00,spot_4,Spot 4,Occupied,2026-06-27T19:33:22.179956+00:00,2060,truck,0.7490847110748291,5100,365.7021484375,295.1101989746094,447.19482421875,366.2160339355469
2026-06-27T20:58:21.687410+00:00,spot_5,Spot 5,Occupied,2026-06-27T20:54:22.350568+00:00,1826,car,0.8025067448616028,17615,331.4595642089844,324.86541748046875,368.7738342285156,357.6976318359375
2026-06-27T20:58:21.687410+00:00,spot_6,Spot 6,Occupied,2026-06-27T20:54:22.350568+00:00,2102,car,0.8671045899391174,1317,287.40582275390625,321.4924011230469,343.77142333984375,355.4040832519531
2026-06-27T20:58:21.687410+00:00,spot_7,Spot 7,Occupied,2026-06-27T20:53:22.468996+00:00,2108,car,0.8117077946662903,298,240.2969970703125,319.72479248046875,297.91229248046875,353.73663330078125
2026-06-27T20:58:21.687410+00:00,spot_8,Spot 8,Occupied,2026-06-27T20:43:32.368876+00:00,2100,car,0.5221938490867615,1978,207.43368530273438,321.9337158203125,240.85708618164062,351.7333984375
2026-06-27T20:58:21.687410+00:00,spot_9,Spot 9,Occupied,2026-06-27T16:04:21.348808+00:00,1827,car,0.6898233890533447,17615,172.54638671875,322.45318603515625,218.0445556640625,346.97100830078125
2026-06-27T20:58:21.687410+00:00,spot_10,Spot 10,Occupied,2026-06-27T20:50:23.345732+00:00,1965,car,0.6957972049713135,11520,151.79763793945312,319.29132080078125,191.83847045898438,344.40826416015625
2026-06-27T20:58:21.687410+00:00,spot_11,Spot 11,Occupied,2026-06-27T19:35:22.909510+00:00,1830,car,0.7491269707679749,17615,120.94168853759766,312.7244873046875,166.79275512695312,341.3267822265625
2026-06-27T20:58:21.687410+00:00,spot_12,Spot 12,Occupied,2026-06-27T20:58:21.687410+00:00,2109,car,0.5971275568008423,238,85.45606994628906,310.02716064453125,126.50437927246094,332.36090087890625
2026-06-27T20:58:21.687410+00:00,spot_13,Spot 13,Empty,2026-06-27T20:58:21.687410+00:00,,,,,,,,
2026-06-27T20:58:21.687410+00:00,spot_14,Spot 14,Occupied,2026-06-27T20:58:21.687410+00:00,2110,car,0.5926352739334106,238,63.071311950683594,309.11334228515625,96.2210464477539,331.114501953125
2026-06-27T20:58:21.687410+00:00,spot_15,Spot 15,Empty,2026-06-27T20:46:22.836456+00:00,,,,,,,,
2026-06-27T20:58:21.687410+00:00,spot_16,Spot 16,Occupied,2026-06-27T20:56:22.079944+00:00,2091,car,0.6279830932617188,3113,32.87921142578125,307.83856201171875,64.7207260131836,327.27325439453125
2026-06-27T20:58:21.687410+00:00,spot_17,Spot 17,Occupied,2026-06-27T20:56:22.079944+00:00,2089,car,0.5387815833091736,3113,15.972651481628418,307.1258850097656,42.650211334228516,325.1562194824219
2026-06-27T20:59:21.937688+00:00,spot_1,Spot 1,Occupied,2026-06-27T20:50:23.345732+00:00,2029,car,0.7994418144226074,7977,567.0499267578125,309.5887145996094,615.4896240234375,369.7443542480469
2026-06-27T20:59:21.937688+00:00,spot_2,Spot 2,Occupied,2026-06-27T20:45:23.845553+00:00,1963,car,0.8792625665664673,11580,499.84381103515625,321.06768798828125,547.0624389648438,368.58258056640625
2026-06-27T20:59:21.937688+00:00,spot_3,Spot 3,Occupied,2026-06-27T20:04:26.990750+00:00,1857,car,0.8387856483459473,16604,451.0743713378906,322.20501708984375,496.6128234863281,361.3828125
2026-06-27T20:59:21.937688+00:00,spot_4,Spot 4,Occupied,2026-06-27T19:33:22.179956+00:00,2060,truck,0.6828850507736206,5160,367.030029296875,292.698486328125,447.0576171875,366.497802734375
2026-06-27T20:59:21.937688+00:00,spot_5,Spot 5,Occupied,2026-06-27T20:54:22.350568+00:00,1826,car,0.7498929500579834,17675,331.43914794921875,325.43878173828125,368.647216796875,359.02447509765625
2026-06-27T20:59:21.937688+00:00,spot_6,Spot 6,Occupied,2026-06-27T20:54:22.350568+00:00,2102,car,0.8660647869110107,1377,287.4910888671875,322.27362060546875,344.8878173828125,355.99761962890625
2026-06-27T20:59:21.937688+00:00,spot_7,Spot 7,Occupied,2026-06-27T20:53:22.468996+00:00,2108,car,0.7601001262664795,358,239.81031799316406,319.890380859375,296.803955078125,354.29559326171875
2026-06-27T20:59:21.937688+00:00,spot_8,Spot 8,Occupied,2026-06-27T20:43:32.368876+00:00,2100,car,0.6118363738059998,2038,206.0924072265625,318.23486328125,269.13275146484375,351.8568115234375
2026-06-27T20:59:21.937688+00:00,spot_9,Spot 9,Occupied,2026-06-27T16:04:21.348808+00:00,1827,car,0.6761969923973083,17675,174.0420684814453,322.0927429199219,209.04624938964844,346.9008483886719
2026-06-27T20:59:21.937688+00:00,spot_10,Spot 10,Occupied,2026-06-27T20:50:23.345732+00:00,1965,car,0.6215359568595886,11580,158.67706298828125,319.4164123535156,192.33169555664062,343.5320129394531
2026-06-27T20:59:21.937688+00:00,spot_11,Spot 11,Occupied,2026-06-27T19:35:22.909510+00:00,1830,car,0.7603320479393005,17675,120.84005737304688,312.8226318359375,166.38937377929688,340.8873291015625
2026-06-27T20:59:21.937688+00:00,spot_12,Spot 12,Occupied,2026-06-27T20:59:21.937688+00:00,2077,car,0.559522271156311,4378,103.06391906738281,315.72845458984375,137.54478454589844,336.25164794921875
2026-06-27T20:59:21.937688+00:00,spot_13,Spot 13,Occupied,2026-06-27T20:59:21.937688+00:00,2109,car,0.5968070030212402,298,80.98426818847656,310.2489013671875,126.860107421875,332.74273681640625
2026-06-27T20:59:21.937688+00:00,spot_14,Spot 14,Occupied,2026-06-27T20:58:21.687410+00:00,2110,car,0.4283788800239563,298,61.70005798339844,309.261962890625,94.95793151855469,330.9412841796875
2026-06-27T20:59:21.937688+00:00,spot_15,Spot 15,Empty,2026-06-27T20:46:22.836456+00:00,,,,,,,,
2026-06-27T20:59:21.937688+00:00,spot_16,Spot 16,Occupied,2026-06-27T20:56:22.079944+00:00,2091,car,0.5945221185684204,3173,31.946731567382812,307.4870300292969,64.58479309082031,327.2891540527344
2026-06-27T20:59:21.937688+00:00,spot_17,Spot 17,Occupied,2026-06-27T20:56:22.079944+00:00,2089,car,0.6187968254089355,3173,15.991137504577637,307.1983337402344,42.339534759521484,325.3107604980469
2026-06-27T21:00:29.651173+00:00,spot_1,Spot 1,Occupied,2026-06-27T20:50:23.345732+00:00,2029,car,0.8705970048904419,8045,567.4510498046875,309.5658264160156,615.740966796875,371.9247741699219
2026-06-27T21:00:29.651173+00:00,spot_2,Spot 2,Occupied,2026-06-27T20:45:23.845553+00:00,1963,car,0.8861719369888306,11648,499.0410461425781,321.14300537109375,546.74853515625,368.75201416015625
2026-06-27T21:00:29.651173+00:00,spot_3,Spot 3,Occupied,2026-06-27T20:04:26.990750+00:00,1857,car,0.8829230666160583,16672,451.1269226074219,320.5936279296875,496.4462585449219,360.82275390625
2026-06-27T21:00:29.651173+00:00,spot_4,Spot 4,Occupied,2026-06-27T19:33:22.179956+00:00,2060,truck,0.7771773338317871,5228,367.42523193359375,293.78094482421875,447.63946533203125,367.48846435546875
2026-06-27T21:00:29.651173+00:00,spot_5,Spot 5,Occupied,2026-06-27T20:54:22.350568+00:00,1826,car,0.8303025960922241,17743,331.56182861328125,324.7476806640625,368.80377197265625,357.89532470703125
2026-06-27T21:00:29.651173+00:00,spot_6,Spot 6,Occupied,2026-06-27T20:54:22.350568+00:00,2102,car,0.8743658065795898,1445,287.5118103027344,322.48028564453125,344.3006896972656,356.20635986328125
2026-06-27T21:00:29.651173+00:00,spot_7,Spot 7,Occupied,2026-06-27T20:53:22.468996+00:00,2108,car,0.7470647692680359,426,239.40634155273438,319.77105712890625,296.2257995605469,354.05120849609375
2026-06-27T21:00:29.651173+00:00,spot_8,Spot 8,Occupied,2026-06-27T20:43:32.368876+00:00,2100,car,0.5304600596427917,2106,207.12469482421875,316.198486328125,271.1314697265625,351.7449951171875
2026-06-27T21:00:29.651173+00:00,spot_9,Spot 9,Occupied,2026-06-27T16:04:21.348808+00:00,1827,car,0.7306156158447266,17743,173.28744506835938,321.0970458984375,222.05865478515625,346.801025390625
2026-06-27T21:00:29.651173+00:00,spot_10,Spot 10,Occupied,2026-06-27T20:50:23.345732+00:00,1965,car,0.6906599402427673,11648,147.75167846679688,318.65460205078125,190.1170654296875,343.63702392578125
2026-06-27T21:00:29.651173+00:00,spot_11,Spot 11,Occupied,2026-06-27T19:35:22.909510+00:00,1830,car,0.7508367300033569,17743,122.26203155517578,312.7576904296875,166.74664306640625,341.072021484375
2026-06-27T21:00:29.651173+00:00,spot_12,Spot 12,Occupied,2026-06-27T21:00:29.651173+00:00,2109,car,0.5649197697639465,366,83.16218566894531,309.9952392578125,128.6070098876953,332.8555908203125
2026-06-27T21:00:29.651173+00:00,spot_13,Spot 13,Occupied,2026-06-27T21:00:29.651173+00:00,2077,car,0.5477898716926575,4446,109.38246154785156,316.321044921875,138.01925659179688,336.445068359375
2026-06-27T21:00:29.651173+00:00,spot_14,Spot 14,Occupied,2026-06-27T20:58:21.687410+00:00,2110,car,0.5647884607315063,366,62.619319915771484,309.2124328613281,90.89797973632812,331.0431823730469
2026-06-27T21:00:29.651173+00:00,spot_15,Spot 15,Empty,2026-06-27T20:46:22.836456+00:00,,,,,,,,
2026-06-27T21:00:29.651173+00:00,spot_16,Spot 16,Occupied,2026-06-27T20:56:22.079944+00:00,2091,car,0.5372747182846069,3241,36.69325256347656,307.7107238769531,64.54437255859375,327.2790222167969
2026-06-27T21:00:29.651173+00:00,spot_17,Spot 17,Occupied,2026-06-27T20:56:22.079944+00:00,2089,car,0.3618218004703522,3241,15.818809509277344,306.76446533203125,41.908241271972656,325.1715087890625
2026-06-27T21:01:24.766303+00:00,spot_1,Spot 1,Occupied,2026-06-27T20:50:23.345732+00:00,2029,car,0.7659683227539062,8101,567.1804809570312,310.01470947265625,615.7505493164062,371.6898193359375
2026-06-27T21:01:24.766303+00:00,spot_2,Spot 2,Occupied,2026-06-27T20:45:23.845553+00:00,1963,car,0.8547750115394592,11703,499.26470947265625,321.34576416015625,546.4448852539062,368.76275634765625
2026-06-27T21:01:24.766303+00:00,spot_3,Spot 3,Occupied,2026-06-27T20:04:26.990750+00:00,1857,car,0.843839704990387,16727,450.4697265625,321.36114501953125,496.41162109375,361.56378173828125
2026-06-27T21:01:24.766303+00:00,spot_4,Spot 4,Occupied,2026-06-27T19:33:22.179956+00:00,2060,truck,0.7399833798408508,5283,366.78729248046875,294.9570007324219,446.87432861328125,367.6449279785156
2026-06-27T21:01:24.766303+00:00,spot_5,Spot 5,Occupied,2026-06-27T20:54:22.350568+00:00,1826,car,0.7423431277275085,17798,332.3047180175781,325.4542236328125,368.5379333496094,360.3870849609375
2026-06-27T21:01:24.766303+00:00,spot_6,Spot 6,Occupied,2026-06-27T20:54:22.350568+00:00,2102,car,0.8613752722740173,1500,287.45709228515625,322.14984130859375,346.31256103515625,355.11602783203125
2026-06-27T21:01:24.766303+00:00,spot_7,Spot 7,Occupied,2026-06-27T20:53:22.468996+00:00,2108,car,0.6904443502426147,481,238.98565673828125,319.73583984375,300.226318359375,354.8709716796875
2026-06-27T21:01:24.766303+00:00,spot_8,Spot 8,Occupied,2026-06-27T21:01:24.766303+00:00,2111,car,0.3697752356529236,0,207.2091827392578,320.11566162109375,241.97425842285156,351.6212158203125
2026-06-27T21:01:24.766303+00:00,spot_9,Spot 9,Occupied,2026-06-27T16:04:21.348808+00:00,1827,car,0.5750364661216736,17798,169.231201171875,321.2185974121094,220.359619140625,346.9843444824219
2026-06-27T21:01:24.766303+00:00,spot_10,Spot 10,Occupied,2026-06-27T20:50:23.345732+00:00,1965,car,0.6223461627960205,11703,147.7415771484375,319.42828369140625,190.50454711914062,343.7513427734375
2026-06-27T21:01:24.766303+00:00,spot_11,Spot 11,Occupied,2026-06-27T19:35:22.909510+00:00,1830,car,0.7496668100357056,17798,120.57687377929688,313.107421875,166.4696044921875,341.308837890625
2026-06-27T21:01:24.766303+00:00,spot_12,Spot 12,Occupied,2026-06-27T21:01:24.766303+00:00,2077,car,0.6677917838096619,4502,103.20648193359375,315.523681640625,136.42156982421875,336.2713623046875
2026-06-27T21:01:24.766303+00:00,spot_13,Spot 13,Occupied,2026-06-27T21:01:24.766303+00:00,2109,car,0.4182594418525696,422,78.95744323730469,310.2785339355469,126.44479370117188,332.4443054199219
2026-06-27T21:01:24.766303+00:00,spot_14,Spot 14,Empty,2026-06-27T21:01:24.766303+00:00,,,,,,,,
2026-06-27T21:01:24.766303+00:00,spot_15,Spot 15,Empty,2026-06-27T20:46:22.836456+00:00,,,,,,,,
2026-06-27T21:01:24.766303+00:00,spot_16,Spot 16,Occupied,2026-06-27T20:56:22.079944+00:00,2091,car,0.5907688140869141,3296,32.83903503417969,307.95257568359375,64.98457336425781,327.2059326171875
2026-06-27T21:01:24.766303+00:00,spot_17,Spot 17,Occupied,2026-06-27T20:56:22.079944+00:00,2089,car,0.6253558993339539,3296,16.621845245361328,307.2544250488281,42.727439880371094,325.0666198730469
2026-06-27T21:02:27.768991+00:00,spot_1,Spot 1,Occupied,2026-06-27T20:50:23.345732+00:00,2029,car,0.8270272016525269,8168,566.69287109375,310.0169677734375,615.645751953125,370.7916259765625
2026-06-27T21:02:27.768991+00:00,spot_2,Spot 2,Occupied,2026-06-27T20:45:23.845553+00:00,1963,car,0.855871856212616,11771,499.01141357421875,320.92327880859375,546.8737182617188,368.2510986328125
2026-06-27T21:02:27.768991+00:00,spot_3,Spot 3,Occupied,2026-06-27T20:04:26.990750+00:00,1857,car,0.7702422142028809,16795,450.1526184082031,323.84375,492.3717346191406,361.1627197265625
2026-06-27T21:02:27.768991+00:00,spot_4,Spot 4,Occupied,2026-06-27T19:33:22.179956+00:00,2060,truck,0.7051453590393066,5350,366.1171875,294.94061279296875,446.92230224609375,366.05206298828125
2026-06-27T21:02:27.768991+00:00,spot_5,Spot 5,Occupied,2026-06-27T20:54:22.350568+00:00,1826,car,0.8189465403556824,17866,331.52935791015625,324.6036376953125,368.76287841796875,360.6451416015625
2026-06-27T21:02:27.768991+00:00,spot_6,Spot 6,Occupied,2026-06-27T20:54:22.350568+00:00,2102,car,0.8152799010276794,1567,287.3221435546875,321.895263671875,343.54119873046875,356.32501220703125
2026-06-27T21:02:27.768991+00:00,spot_7,Spot 7,Occupied,2026-06-27T20:53:22.468996+00:00,2108,car,0.5575505495071411,549,240.8808135986328,319.5115966796875,294.24468994140625,353.796875
2026-06-27T21:02:27.768991+00:00,spot_8,Spot 8,Occupied,2026-06-27T21:01:24.766303+00:00,2111,car,0.5225133895874023,67,207.29330444335938,319.169189453125,249.44818115234375,351.165771484375
2026-06-27T21:02:27.768991+00:00,spot_9,Spot 9,Occupied,2026-06-27T16:04:21.348808+00:00,1827,car,0.6826078295707703,17866,172.26199340820312,320.664306640625,219.72927856445312,346.97314453125
2026-06-27T21:02:27.768991+00:00,spot_10,Spot 10,Empty,2026-06-27T21:02:27.768991+00:00,,,,,,,,
2026-06-27T21:02:27.768991+00:00,spot_11,Spot 11,Occupied,2026-06-27T19:35:22.909510+00:00,1830,car,0.7534758448600769,17866,120.50335693359375,312.627685546875,166.43649291992188,341.4561767578125
2026-06-27T21:02:27.768991+00:00,spot_12,Spot 12,Occupied,2026-06-27T21:02:27.768991+00:00,2109,car,0.4676347076892853,489,95.04585266113281,310.60504150390625,127.08735656738281,333.07415771484375
2026-06-27T21:02:27.768991+00:00,spot_13,Spot 13,Occupied,2026-06-27T21:02:27.768991+00:00,2077,car,0.6726100444793701,4569,109.85295104980469,315.15802001953125,136.3916015625,336.6107177734375
2026-06-27T21:02:27.768991+00:00,spot_14,Spot 14,Occupied,2026-06-27T21:02:27.768991+00:00,2110,car,0.6008776426315308,489,62.20486068725586,309.3407897949219,96.52072143554688,331.3133239746094
2026-06-27T21:02:27.768991+00:00,spot_15,Spot 15,Empty,2026-06-27T20:46:22.836456+00:00,,,,,,,,
2026-06-27T21:02:27.768991+00:00,spot_16,Spot 16,Occupied,2026-06-27T20:56:22.079944+00:00,2091,car,0.5959096550941467,3363,32.20497131347656,307.7534484863281,64.83758544921875,327.3231506347656
2026-06-27T21:02:27.768991+00:00,spot_17,Spot 17,Occupied,2026-06-27T20:56:22.079944+00:00,2089,car,0.5753927826881409,3363,18.12139892578125,307.5640869140625,42.63575744628906,325.1661376953125
2026-06-27T21:03:23.858722+00:00,spot_1,Spot 1,Occupied,2026-06-27T20:50:23.345732+00:00,2029,car,0.8270272016525269,8220,566.69287109375,310.0169677734375,615.645751953125,370.7916259765625
2026-06-27T21:03:23.858722+00:00,spot_2,Spot 2,Occupied,2026-06-27T20:45:23.845553+00:00,1963,car,0.855871856212616,11822,499.01141357421875,320.92327880859375,546.8737182617188,368.2510986328125
2026-06-27T21:03:23.858722+00:00,spot_3,Spot 3,Occupied,2026-06-27T20:04:26.990750+00:00,1857,car,0.7702422142028809,16846,450.1526184082031,323.84375,492.3717346191406,361.1627197265625
2026-06-27T21:03:23.858722+00:00,spot_4,Spot 4,Occupied,2026-06-27T19:33:22.179956+00:00,2060,truck,0.7051453590393066,5402,366.1171875,294.94061279296875,446.92230224609375,366.05206298828125
2026-06-27T21:03:23.858722+00:00,spot_5,Spot 5,Occupied,2026-06-27T20:54:22.350568+00:00,1826,car,0.8189465403556824,17917,331.52935791015625,324.6036376953125,368.76287841796875,360.6451416015625
2026-06-27T21:03:23.858722+00:00,spot_6,Spot 6,Occupied,2026-06-27T20:54:22.350568+00:00,2102,car,0.8152799010276794,1619,287.3221435546875,321.895263671875,343.54119873046875,356.32501220703125
2026-06-27T21:03:23.858722+00:00,spot_7,Spot 7,Occupied,2026-06-27T20:53:22.468996+00:00,2108,car,0.5575505495071411,600,240.8808135986328,319.5115966796875,294.24468994140625,353.796875
2026-06-27T21:03:23.858722+00:00,spot_8,Spot 8,Occupied,2026-06-27T21:01:24.766303+00:00,2111,car,0.5225133895874023,119,207.29330444335938,319.169189453125,249.44818115234375,351.165771484375
2026-06-27T21:03:23.858722+00:00,spot_9,Spot 9,Occupied,2026-06-27T16:04:21.348808+00:00,1827,car,0.6826078295707703,17917,172.26199340820312,320.664306640625,219.72927856445312,346.97314453125
2026-06-27T21:03:23.858722+00:00,spot_10,Spot 10,Empty,2026-06-27T21:02:27.768991+00:00,,,,,,,,
2026-06-27T21:03:23.858722+00:00,spot_11,Spot 11,Occupied,2026-06-27T19:35:22.909510+00:00,1830,car,0.7534758448600769,17917,120.50335693359375,312.627685546875,166.43649291992188,341.4561767578125
2026-06-27T21:03:23.858722+00:00,spot_12,Spot 12,Occupied,2026-06-27T21:02:27.768991+00:00,2109,car,0.4676347076892853,541,95.04585266113281,310.60504150390625,127.08735656738281,333.07415771484375
2026-06-27T21:03:23.858722+00:00,spot_13,Spot 13,Occupied,2026-06-27T21:02:27.768991+00:00,2077,car,0.6726100444793701,4621,109.85295104980469,315.15802001953125,136.3916015625,336.6107177734375
2026-06-27T21:03:23.858722+00:00,spot_14,Spot 14,Occupied,2026-06-27T21:02:27.768991+00:00,2110,car,0.6008776426315308,541,62.20486068725586,309.3407897949219,96.52072143554688,331.3133239746094
2026-06-27T21:03:23.858722+00:00,spot_15,Spot 15,Empty,2026-06-27T20:46:22.836456+00:00,,,,,,,,
2026-06-27T21:03:23.858722+00:00,spot_16,Spot 16,Occupied,2026-06-27T20:56:22.079944+00:00,2091,car,0.5959096550941467,3415,32.20497131347656,307.7534484863281,64.83758544921875,327.3231506347656
2026-06-27T21:03:23.858722+00:00,spot_17,Spot 17,Occupied,2026-06-27T20:56:22.079944+00:00,2089,car,0.5753927826881409,3415,18.12139892578125,307.5640869140625,42.63575744628906,325.1661376953125
2026-06-27T21:04:23.303531+00:00,spot_1,Spot 1,Occupied,2026-06-27T20:50:23.345732+00:00,2029,car,0.805809736251831,8280,567.1342163085938,309.718994140625,615.5728149414062,370.8681640625
2026-06-27T21:04:23.303531+00:00,spot_2,Spot 2,Occupied,2026-06-27T20:45:23.845553+00:00,1963,car,0.8619961738586426,11883,499.09722900390625,320.99658203125,547.6027221679688,367.0904541015625
2026-06-27T21:04:23.303531+00:00,spot_3,Spot 3,Occupied,2026-06-27T20:04:26.990750+00:00,1857,car,0.7790731191635132,16907,450.4306640625,321.6300048828125,495.95751953125,361.2119140625
2026-06-27T21:04:23.303531+00:00,spot_4,Spot 4,Occupied,2026-06-27T19:33:22.179956+00:00,2060,truck,0.7972460985183716,5463,367.521240234375,294.13079833984375,446.8695068359375,366.55499267578125
2026-06-27T21:04:23.303531+00:00,spot_5,Spot 5,Occupied,2026-06-27T20:54:22.350568+00:00,1826,car,0.8289627432823181,17978,331.6026611328125,324.9377136230469,369.005859375,359.9531555175781
2026-06-27T21:04:23.303531+00:00,spot_6,Spot 6,Occupied,2026-06-27T20:54:22.350568+00:00,2102,car,0.8665794730186462,1680,287.5267028808594,322.28271484375,342.4480285644531,356.08251953125
2026-06-27T21:04:23.303531+00:00,spot_7,Spot 7,Occupied,2026-06-27T20:53:22.468996+00:00,2108,car,0.7355207204818726,661,242.0672607421875,319.462646484375,297.94146728515625,354.312255859375
2026-06-27T21:04:23.303531+00:00,spot_8,Spot 8,Occupied,2026-06-27T21:01:24.766303+00:00,2111,car,0.8068407773971558,179,206.562255859375,319.9659423828125,251.2279052734375,351.701904296875
2026-06-27T21:04:23.303531+00:00,spot_9,Spot 9,Occupied,2026-06-27T16:04:21.348808+00:00,1827,car,0.39830607175827026,17978,173.59881591796875,321.73956298828125,208.042236328125,346.64459228515625
2026-06-27T21:04:23.303531+00:00,spot_10,Spot 10,Occupied,2026-06-27T21:04:23.303531+00:00,1965,car,0.6898027062416077,11883,147.31739807128906,318.7325439453125,190.3542022705078,344.04150390625
2026-06-27T21:04:23.303531+00:00,spot_11,Spot 11,Occupied,2026-06-27T19:35:22.909510+00:00,1830,car,0.7612220644950867,17978,120.53913116455078,312.6822509765625,166.3419189453125,340.826171875
2026-06-27T21:04:23.303531+00:00,spot_12,Spot 12,Occupied,2026-06-27T21:02:27.768991+00:00,2109,car,0.5529431104660034,601,79.37197875976562,310.22967529296875,135.5705108642578,333.31793212890625
2026-06-27T21:04:23.303531+00:00,spot_13,Spot 13,Empty,2026-06-27T21:04:23.303531+00:00,,,,,,,,
2026-06-27T21:04:23.303531+00:00,spot_14,Spot 14,Occupied,2026-06-27T21:02:27.768991+00:00,2110,car,0.5082542896270752,601,63.514060974121094,309.026611328125,90.1494369506836,329.42510986328125
2026-06-27T21:04:23.303531+00:00,spot_15,Spot 15,Empty,2026-06-27T20:46:22.836456+00:00,,,,,,,,
2026-06-27T21:04:23.303531+00:00,spot_16,Spot 16,Occupied,2026-06-27T21:04:23.303531+00:00,2112,car,0.8590368032455444,0,25.20733642578125,322.2083740234375,63.736839294433594,343.05426025390625
2026-06-27T21:04:23.303531+00:00,spot_17,Spot 17,Empty,2026-06-27T21:04:23.303531+00:00,,,,,,,,
2026-06-27T21:05:23.605876+00:00,spot_1,Spot 1,Occupied,2026-06-27T20:50:23.345732+00:00,2029,car,0.6197788119316101,8340,566.525634765625,309.870361328125,616.00146484375,371.004638671875
2026-06-27T21:05:23.605876+00:00,spot_2,Spot 2,Occupied,2026-06-27T20:45:23.845553+00:00,1963,car,0.860579252243042,11943,499.9420471191406,320.8975524902344,546.9986572265625,369.5384216308594
2026-06-27T21:05:23.605876+00:00,spot_3,Spot 3,Occupied,2026-06-27T20:04:26.990750+00:00,1857,car,0.6562306880950928,16967,450.8182373046875,320.7567138671875,495.8836669921875,361.5606689453125
2026-06-27T21:05:23.605876+00:00,spot_4,Spot 4,Occupied,2026-06-27T19:33:22.179956+00:00,2060,truck,0.7105875015258789,5522,366.7862548828125,293.09454345703125,446.9803466796875,366.19171142578125
2026-06-27T21:05:23.605876+00:00,spot_5,Spot 5,Occupied,2026-06-27T20:54:22.350568+00:00,1826,car,0.8128721117973328,18037,331.5220947265625,324.54400634765625,368.637939453125,359.43817138671875
2026-06-27T21:05:23.605876+00:00,spot_6,Spot 6,Occupied,2026-06-27T20:54:22.350568+00:00,2102,car,0.8527434468269348,1739,287.1127624511719,322.06781005859375,343.0911560058594,356.55584716796875
2026-06-27T21:05:23.605876+00:00,spot_7,Spot 7,Occupied,2026-06-27T20:53:22.468996+00:00,2108,car,0.7597401738166809,720,240.2188720703125,319.44091796875,297.514404296875,354.28466796875
2026-06-27T21:05:23.605876+00:00,spot_8,Spot 8,Occupied,2026-06-27T21:01:24.766303+00:00,2111,car,0.625988245010376,239,207.1011962890625,319.5538635253906,249.75860595703125,351.5594177246094
2026-06-27T21:05:23.605876+00:00,spot_9,Spot 9,Occupied,2026-06-27T16:04:21.348808+00:00,1827,car,0.7698994278907776,18037,173.848388671875,322.2220458984375,217.14437866210938,346.6993408203125
2026-06-27T21:05:23.605876+00:00,spot_10,Spot 10,Occupied,2026-06-27T21:04:23.303531+00:00,1965,car,0.7133132219314575,11943,148.37158203125,318.8257751464844,192.0810546875,343.3970642089844
2026-06-27T21:05:23.605876+00:00,spot_11,Spot 11,Occupied,2026-06-27T19:35:22.909510+00:00,1830,car,0.7354186773300171,18037,119.77875518798828,312.6654052734375,166.51434326171875,339.80712890625
2026-06-27T21:05:23.605876+00:00,spot_12,Spot 12,Occupied,2026-06-27T21:02:27.768991+00:00,2109,car,0.5642361044883728,661,79.90521240234375,310.190673828125,135.73330688476562,333.37255859375
2026-06-27T21:05:23.605876+00:00,spot_13,Spot 13,Empty,2026-06-27T21:04:23.303531+00:00,,,,,,,,
2026-06-27T21:05:23.605876+00:00,spot_14,Spot 14,Occupied,2026-06-27T21:02:27.768991+00:00,2110,car,0.5052638649940491,661,62.174068450927734,309.154296875,94.3348388671875,330.63775634765625
2026-06-27T21:05:23.605876+00:00,spot_15,Spot 15,Empty,2026-06-27T20:46:22.836456+00:00,,,,,,,,
2026-06-27T21:05:23.605876+00:00,spot_16,Spot 16,Occupied,2026-06-27T21:05:23.605876+00:00,2091,car,0.6498134136199951,3535,34.32640838623047,307.5163269042969,64.66239929199219,327.0628356933594
2026-06-27T21:05:23.605876+00:00,spot_17,Spot 17,Occupied,2026-06-27T21:05:23.605876+00:00,2089,car,0.6111859679222107,3535,15.93008041381836,306.78192138671875,41.69821548461914,325.24688720703125
2026-06-27T21:06:23.772485+00:00,spot_1,Spot 1,Occupied,2026-06-27T20:50:23.345732+00:00,2029,car,0.7626915574073792,8401,567.3175659179688,309.8851318359375,615.7013549804688,370.78955078125
2026-06-27T21:06:23.772485+00:00,spot_2,Spot 2,Occupied,2026-06-27T20:45:23.845553+00:00,1963,car,0.8535720109939575,12003,499.646728515625,321.25457763671875,546.566162109375,369.00189208984375
2026-06-27T21:06:23.772485+00:00,spot_3,Spot 3,Occupied,2026-06-27T20:04:26.990750+00:00,1857,car,0.8089115023612976,17027,450.40936279296875,322.59210205078125,489.2677001953125,361.31744384765625
2026-06-27T21:06:23.772485+00:00,spot_4,Spot 4,Occupied,2026-06-27T19:33:22.179956+00:00,2060,truck,0.732214629650116,5583,366.22601318359375,294.2203063964844,446.88250732421875,366.3057556152344
2026-06-27T21:06:23.772485+00:00,spot_5,Spot 5,Occupied,2026-06-27T20:54:22.350568+00:00,1826,car,0.7670387029647827,18098,331.72552490234375,325.18817138671875,368.74072265625,358.22662353515625
2026-06-27T21:06:23.772485+00:00,spot_6,Spot 6,Occupied,2026-06-27T20:54:22.350568+00:00,2102,car,0.807518720626831,1800,287.4355163574219,322.363037109375,342.8872985839844,356.1737060546875
2026-06-27T21:06:23.772485+00:00,spot_7,Spot 7,Occupied,2026-06-27T20:53:22.468996+00:00,2108,car,0.7660773396492004,781,239.3673553466797,320.0166320800781,300.44549560546875,354.9195861816406
2026-06-27T21:06:23.772485+00:00,spot_8,Spot 8,Occupied,2026-06-27T21:01:24.766303+00:00,2111,car,0.5872164964675903,299,207.3677978515625,321.6700134277344,240.80059814453125,351.8750305175781
2026-06-27T21:06:23.772485+00:00,spot_9,Spot 9,Occupied,2026-06-27T16:04:21.348808+00:00,1827,car,0.7488046288490295,18098,173.9415283203125,320.69305419921875,219.1148681640625,347.17340087890625
2026-06-27T21:06:23.772485+00:00,spot_10,Spot 10,Empty,2026-06-27T21:06:23.772485+00:00,,,,,,,,
2026-06-27T21:06:23.772485+00:00,spot_11,Spot 11,Occupied,2026-06-27T19:35:22.909510+00:00,1830,car,0.52711421251297,18098,120.50860595703125,312.9617919921875,166.74667358398438,341.66851806640625
2026-06-27T21:06:23.772485+00:00,spot_12,Spot 12,Occupied,2026-06-27T21:02:27.768991+00:00,2109,car,0.6463488340377808,722,77.00227355957031,310.4984130859375,134.9851837158203,333.62640380859375
2026-06-27T21:06:23.772485+00:00,spot_13,Spot 13,Empty,2026-06-27T21:04:23.303531+00:00,,,,,,,,
2026-06-27T21:06:23.772485+00:00,spot_14,Spot 14,Occupied,2026-06-27T21:02:27.768991+00:00,2110,car,0.3553909361362457,722,63.08942794799805,309.1968994140625,80.61375427246094,328.85626220703125
2026-06-27T21:06:23.772485+00:00,spot_15,Spot 15,Empty,2026-06-27T20:46:22.836456+00:00,,,,,,,,
2026-06-27T21:06:23.772485+00:00,spot_16,Spot 16,Occupied,2026-06-27T21:05:23.605876+00:00,2091,car,0.361752450466156,3596,31.18414878845215,307.7607421875,64.33658599853516,327.21630859375
2026-06-27T21:06:23.772485+00:00,spot_17,Spot 17,Empty,2026-06-27T21:06:23.772485+00:00,,,,,,,,
2026-06-27T21:07:22.891401+00:00,spot_1,Spot 1,Occupied,2026-06-27T20:50:23.345732+00:00,2029,car,0.8734784722328186,8459,567.5164794921875,310.30426025390625,616.1451416015625,373.15399169921875
2026-06-27T21:07:22.891401+00:00,spot_2,Spot 2,Occupied,2026-06-27T20:45:23.845553+00:00,1963,car,0.8559006452560425,12062,499.19390869140625,320.8421325683594,547.2327270507812,367.7415466308594
2026-06-27T21:07:22.891401+00:00,spot_3,Spot 3,Occupied,2026-06-27T20:04:26.990750+00:00,1857,car,0.6883237957954407,17086,451.0049133300781,326.5310363769531,489.5687561035156,360.6106262207031
2026-06-27T21:07:22.891401+00:00,spot_4,Spot 4,Occupied,2026-06-27T19:33:22.179956+00:00,2060,truck,0.7126809358596802,5641,367.55865478515625,293.967041015625,446.92095947265625,367.345703125
2026-06-27T21:07:22.891401+00:00,spot_5,Spot 5,Occupied,2026-06-27T20:54:22.350568+00:00,1826,car,0.7937914729118347,18157,331.9190673828125,325.3542785644531,368.8543701171875,359.8950500488281
2026-06-27T21:07:22.891401+00:00,spot_6,Spot 6,Occupied,2026-06-27T20:54:22.350568+00:00,2102,car,0.8487877249717712,1858,287.73040771484375,322.37030029296875,344.4609375,356.39703369140625
2026-06-27T21:07:22.891401+00:00,spot_7,Spot 7,Occupied,2026-06-27T20:53:22.468996+00:00,2108,car,0.769852340221405,840,240.4635009765625,319.8250732421875,297.57861328125,354.11907958984375
2026-06-27T21:07:22.891401+00:00,spot_8,Spot 8,Occupied,2026-06-27T21:01:24.766303+00:00,2111,car,0.4957681894302368,358,206.47601318359375,319.94390869140625,254.36758422851562,351.61822509765625
2026-06-27T21:07:22.891401+00:00,spot_9,Spot 9,Occupied,2026-06-27T16:04:21.348808+00:00,1827,car,0.49143874645233154,18157,174.14883422851562,322.78643798828125,210.69076538085938,346.50848388671875
2026-06-27T21:07:22.891401+00:00,spot_10,Spot 10,Occupied,2026-06-27T21:07:22.891401+00:00,1965,car,0.45534858107566833,12062,157.93826293945312,319.4749755859375,192.97317504882812,343.9190673828125
2026-06-27T21:07:22.891401+00:00,spot_11,Spot 11,Occupied,2026-06-27T19:35:22.909510+00:00,1830,car,0.6817652583122253,18157,117.87449645996094,312.6952819824219,167.18614196777344,340.2030944824219
2026-06-27T21:07:22.891401+00:00,spot_12,Spot 12,Occupied,2026-06-27T21:02:27.768991+00:00,2109,car,0.5379410982131958,780,84.7569580078125,310.38397216796875,129.64459228515625,333.44268798828125
2026-06-27T21:07:22.891401+00:00,spot_13,Spot 13,Empty,2026-06-27T21:04:23.303531+00:00,,,,,,,,
2026-06-27T21:07:22.891401+00:00,spot_14,Spot 14,Occupied,2026-06-27T21:02:27.768991+00:00,2110,car,0.6606519222259521,780,62.724491119384766,309.84368896484375,98.369384765625,331.32550048828125
2026-06-27T21:07:22.891401+00:00,spot_15,Spot 15,Empty,2026-06-27T20:46:22.836456+00:00,,,,,,,,
2026-06-27T21:07:22.891401+00:00,spot_16,Spot 16,Occupied,2026-06-27T21:05:23.605876+00:00,2091,car,0.63356614112854,3654,31.02685546875,307.69793701171875,64.44223022460938,327.48333740234375
2026-06-27T21:07:22.891401+00:00,spot_17,Spot 17,Occupied,2026-06-27T21:07:22.891401+00:00,2089,car,0.5618133544921875,3654,15.807965278625488,307.47113037109375,41.526363372802734,325.78570556640625
2026-06-27T21:08:22.676775+00:00,spot_1,Spot 1,Occupied,2026-06-27T20:50:23.345732+00:00,2029,car,0.662940502166748,8518,567.2611694335938,309.9990234375,615.1514282226562,371.9761962890625
2026-06-27T21:08:22.676775+00:00,spot_2,Spot 2,Occupied,2026-06-27T20:45:23.845553+00:00,1963,car,0.6256690621376038,12121,499.3902587890625,321.1966247558594,546.3875732421875,369.4225158691406
2026-06-27T21:08:22.676775+00:00,spot_3,Spot 3,Occupied,2026-06-27T20:04:26.990750+00:00,1857,car,0.7302872538566589,17145,450.36676025390625,322.6795654296875,490.16864013671875,361.42822265625
2026-06-27T21:08:22.676775+00:00,spot_4,Spot 4,Occupied,2026-06-27T19:33:22.179956+00:00,2060,truck,0.7720044851303101,5701,367.895751953125,294.93365478515625,446.7818603515625,366.77801513671875
2026-06-27T21:08:22.676775+00:00,spot_5,Spot 5,Occupied,2026-06-27T20:54:22.350568+00:00,1826,car,0.836621105670929,18216,331.68603515625,324.792724609375,368.7587890625,358.7984619140625
2026-06-27T21:08:22.676775+00:00,spot_6,Spot 6,Occupied,2026-06-27T20:54:22.350568+00:00,2102,car,0.8608742952346802,1918,287.79833984375,322.193603515625,343.60382080078125,356.48095703125
2026-06-27T21:08:22.676775+00:00,spot_7,Spot 7,Occupied,2026-06-27T20:53:22.468996+00:00,2108,car,0.7483210563659668,899,241.4510498046875,319.5815124511719,298.89306640625,353.8265075683594
2026-06-27T21:08:22.676775+00:00,spot_8,Spot 8,Occupied,2026-06-27T21:01:24.766303+00:00,2111,car,0.45911118388175964,417,207.10879516601562,319.43267822265625,273.7425231933594,351.79510498046875
2026-06-27T21:08:22.676775+00:00,spot_9,Spot 9,Occupied,2026-06-27T16:04:21.348808+00:00,1827,car,0.6007013320922852,18216,173.31259155273438,321.9609680175781,212.3111572265625,346.8914489746094
2026-06-27T21:08:22.676775+00:00,spot_10,Spot 10,Occupied,2026-06-27T21:07:22.891401+00:00,1965,car,0.7236629724502563,12121,144.50442504882812,317.9013671875,192.08255004882812,344.507080078125
2026-06-27T21:08:22.676775+00:00,spot_11,Spot 11,Occupied,2026-06-27T19:35:22.909510+00:00,1830,car,0.6607711911201477,18216,120.9635238647461,312.5517578125,166.51730346679688,341.3685302734375
2026-06-27T21:08:22.676775+00:00,spot_12,Spot 12,Empty,2026-06-27T21:08:22.676775+00:00,,,,,,,,
2026-06-27T21:08:22.676775+00:00,spot_13,Spot 13,Occupied,2026-06-27T21:08:22.676775+00:00,2109,car,0.6200454831123352,839,78.85238647460938,310.10205078125,125.09259033203125,333.626220703125
2026-06-27T21:08:22.676775+00:00,spot_14,Spot 14,Occupied,2026-06-27T21:02:27.768991+00:00,2110,car,0.5293033123016357,839,62.82884979248047,308.8305358886719,90.13384246826172,330.4217834472656
2026-06-27T21:08:22.676775+00:00,spot_15,Spot 15,Empty,2026-06-27T20:46:22.836456+00:00,,,,,,,,
2026-06-27T21:08:22.676775+00:00,spot_16,Spot 16,Occupied,2026-06-27T21:05:23.605876+00:00,2091,car,0.5439288020133972,3714,33.63237762451172,307.61968994140625,64.58182525634766,327.35626220703125
2026-06-27T21:08:22.676775+00:00,spot_17,Spot 17,Occupied,2026-06-27T21:07:22.891401+00:00,2089,car,0.5309340953826904,3714,15.895989418029785,307.29559326171875,42.44602966308594,325.45489501953125
2026-06-27T21:09:22.732800+00:00,spot_1,Spot 1,Occupied,2026-06-27T20:50:23.345732+00:00,2029,car,0.7547647356987,8579,567.6883544921875,310.63800048828125,615.4083251953125,372.46331787109375
2026-06-27T21:09:22.732800+00:00,spot_2,Spot 2,Occupied,2026-06-27T20:45:23.845553+00:00,1963,car,0.8180357217788696,12182,499.81494140625,321.4947509765625,545.439208984375,369.22015380859375
2026-06-27T21:09:22.732800+00:00,spot_3,Spot 3,Occupied,2026-06-27T20:04:26.990750+00:00,1857,car,0.7692485451698303,17206,450.17181396484375,321.82733154296875,496.47076416015625,361.75506591796875
2026-06-27T21:09:22.732800+00:00,spot_4,Spot 4,Occupied,2026-06-27T19:33:22.179956+00:00,2060,truck,0.4491482079029083,5761,367.16302490234375,294.50762939453125,447.05181884765625,366.54681396484375
2026-06-27T21:09:22.732800+00:00,spot_5,Spot 5,Occupied,2026-06-27T20:54:22.350568+00:00,1826,car,0.8486067056655884,18277,331.4764709472656,325.0284423828125,369.1682434082031,360.5418701171875
2026-06-27T21:09:22.732800+00:00,spot_6,Spot 6,Occupied,2026-06-27T20:54:22.350568+00:00,2102,car,0.8709482550621033,1979,287.45843505859375,322.1328125,343.7254638671875,355.9765625
2026-06-27T21:09:22.732800+00:00,spot_7,Spot 7,Occupied,2026-06-27T20:53:22.468996+00:00,2108,car,0.8003765940666199,960,239.91326904296875,319.75799560546875,301.071533203125,354.09197998046875
2026-06-27T21:09:22.732800+00:00,spot_8,Spot 8,Occupied,2026-06-27T21:01:24.766303+00:00,2111,car,0.46095821261405945,478,207.26812744140625,319.65216064453125,255.25604248046875,351.36419677734375
2026-06-27T21:09:22.732800+00:00,spot_9,Spot 9,Occupied,2026-06-27T16:04:21.348808+00:00,1827,car,0.678119421005249,18277,173.6097412109375,321.31134033203125,213.03155517578125,347.2568359375
2026-06-27T21:09:22.732800+00:00,spot_10,Spot 10,Occupied,2026-06-27T21:07:22.891401+00:00,1965,car,0.6312984824180603,12182,143.73065185546875,319.01361083984375,189.09747314453125,344.80352783203125
2026-06-27T21:09:22.732800+00:00,spot_11,Spot 11,Occupied,2026-06-27T19:35:22.909510+00:00,1830,car,0.755027174949646,18277,120.73078155517578,312.7674560546875,167.02392578125,335.970703125
2026-06-27T21:09:22.732800+00:00,spot_12,Spot 12,Empty,2026-06-27T21:08:22.676775+00:00,,,,,,,,
2026-06-27T21:09:22.732800+00:00,spot_13,Spot 13,Occupied,2026-06-27T21:08:22.676775+00:00,2109,car,0.46527665853500366,900,79.74897766113281,310.241943359375,123.49085998535156,333.138671875
2026-06-27T21:09:22.732800+00:00,spot_14,Spot 14,Occupied,2026-06-27T21:02:27.768991+00:00,2110,car,0.4402283728122711,900,63.75551223754883,308.71685791015625,96.04615783691406,331.16839599609375
2026-06-27T21:09:22.732800+00:00,spot_15,Spot 15,Empty,2026-06-27T20:46:22.836456+00:00,,,,,,,,
2026-06-27T21:09:22.732800+00:00,spot_16,Spot 16,Occupied,2026-06-27T21:05:23.605876+00:00,2091,car,0.6817520260810852,3775,29.63139533996582,307.25439453125,64.44917297363281,327.4166259765625
2026-06-27T21:09:22.732800+00:00,spot_17,Spot 17,Occupied,2026-06-27T21:07:22.891401+00:00,2089,car,0.6106122136116028,3775,18.163619995117188,307.2152099609375,42.381553649902344,325.020263671875
2026-06-27T21:10:23.065190+00:00,spot_1,Spot 1,Occupied,2026-06-27T20:50:23.345732+00:00,2029,car,0.6820604205131531,8640,567.4051513671875,310.26580810546875,614.8116455078125,373.22039794921875
2026-06-27T21:10:23.065190+00:00,spot_2,Spot 2,Occupied,2026-06-27T20:45:23.845553+00:00,1963,car,0.8362403512001038,12242,498.12054443359375,321.0930480957031,545.7650756835938,369.2461242675781
2026-06-27T21:10:23.065190+00:00,spot_3,Spot 3,Occupied,2026-06-27T20:04:26.990750+00:00,1857,car,0.8346614241600037,17266,450.5528564453125,323.68505859375,490.0423583984375,361.479736328125
2026-06-27T21:10:23.065190+00:00,spot_4,Spot 4,Occupied,2026-06-27T19:33:22.179956+00:00,2060,truck,0.6954008340835571,5822,367.66900634765625,295.1553955078125,446.86102294921875,367.6513671875
2026-06-27T21:10:23.065190+00:00,spot_5,Spot 5,Occupied,2026-06-27T20:54:22.350568+00:00,1826,car,0.8158180117607117,18337,331.808837890625,325.02349853515625,368.9210205078125,359.43060302734375
2026-06-27T21:10:23.065190+00:00,spot_6,Spot 6,Occupied,2026-06-27T20:54:22.350568+00:00,2102,car,0.7669618129730225,2039,287.5734558105469,321.90423583984375,340.0346984863281,355.55523681640625
2026-06-27T21:10:23.065190+00:00,spot_7,Spot 7,Occupied,2026-06-27T20:53:22.468996+00:00,2108,car,0.568658173084259,1020,239.45306396484375,319.7523193359375,296.4410400390625,354.3538818359375
2026-06-27T21:10:23.065190+00:00,spot_8,Spot 8,Occupied,2026-06-27T21:01:24.766303+00:00,2111,car,0.5051789879798889,538,206.80612182617188,317.9148864746094,253.80459594726562,351.3542785644531
2026-06-27T21:10:23.065190+00:00,spot_9,Spot 9,Occupied,2026-06-27T16:04:21.348808+00:00,1827,car,0.8008240461349487,18337,174.65890502929688,320.4554138183594,222.42404174804688,347.0359191894531
2026-06-27T21:10:23.065190+00:00,spot_10,Spot 10,Occupied,2026-06-27T21:07:22.891401+00:00,1965,car,0.73219895362854,12242,144.2384490966797,317.72509765625,186.21449279785156,343.17529296875
2026-06-27T21:10:23.065190+00:00,spot_11,Spot 11,Occupied,2026-06-27T19:35:22.909510+00:00,1830,car,0.7155930995941162,18337,120.80795288085938,312.31939697265625,166.79083251953125,339.74163818359375
2026-06-27T21:10:23.065190+00:00,spot_12,Spot 12,Empty,2026-06-27T21:08:22.676775+00:00,,,,,,,,
2026-06-27T21:10:23.065190+00:00,spot_13,Spot 13,Occupied,2026-06-27T21:08:22.676775+00:00,2109,car,0.4315900206565857,961,80.21166229248047,310.233154296875,123.41136932373047,333.7415771484375
2026-06-27T21:10:23.065190+00:00,spot_14,Spot 14,Occupied,2026-06-27T21:02:27.768991+00:00,2110,car,0.3852086663246155,961,61.32154846191406,309.1328125,89.251953125,329.95263671875
2026-06-27T21:10:23.065190+00:00,spot_15,Spot 15,Empty,2026-06-27T20:46:22.836456+00:00,,,,,,,,
2026-06-27T21:10:23.065190+00:00,spot_16,Spot 16,Occupied,2026-06-27T21:05:23.605876+00:00,2091,car,0.5017671585083008,3835,32.31848907470703,307.5673828125,64.36652374267578,327.35968017578125
2026-06-27T21:10:23.065190+00:00,spot_17,Spot 17,Occupied,2026-06-27T21:07:22.891401+00:00,2089,car,0.5619964599609375,3835,16.59949493408203,306.9306640625,42.501888275146484,325.180419921875
2026-06-27T21:11:23.258676+00:00,spot_1,Spot 1,Occupied,2026-06-27T20:50:23.345732+00:00,2029,car,0.5669169425964355,8699,566.6063842773438,310.89031982421875,613.9229125976562,371.74896240234375
2026-06-27T21:11:23.258676+00:00,spot_2,Spot 2,Occupied,2026-06-27T20:45:23.845553+00:00,1963,car,0.8109990358352661,12302,498.7042236328125,321.4150390625,545.87255859375,368.104248046875
2026-06-27T21:11:23.258676+00:00,spot_3,Spot 3,Occupied,2026-06-27T20:04:26.990750+00:00,1857,car,0.7593636512756348,17326,449.93829345703125,321.8665771484375,491.24664306640625,362.2774658203125
2026-06-27T21:11:23.258676+00:00,spot_4,Spot 4,Occupied,2026-06-27T19:33:22.179956+00:00,2060,truck,0.5312200784683228,5881,367.2973937988281,293.94830322265625,446.5976867675781,365.617919921875
2026-06-27T21:11:23.258676+00:00,spot_5,Spot 5,Occupied,2026-06-27T20:54:22.350568+00:00,1826,car,0.754693865776062,18397,332.53021240234375,327.389892578125,369.56146240234375,357.889404296875
2026-06-27T21:11:23.258676+00:00,spot_6,Spot 6,Occupied,2026-06-27T20:54:22.350568+00:00,2102,car,0.7910636067390442,2099,287.482421875,322.34271240234375,343.1109619140625,356.65264892578125
2026-06-27T21:11:23.258676+00:00,spot_7,Spot 7,Occupied,2026-06-27T20:53:22.468996+00:00,2108,car,0.6719851493835449,1080,239.36485290527344,319.9761047363281,303.099609375,354.3819885253906
2026-06-27T21:11:23.258676+00:00,spot_8,Spot 8,Occupied,2026-06-27T21:01:24.766303+00:00,2111,car,0.5539354085922241,598,205.35777282714844,320.0703125,255.5929718017578,351.9781494140625
2026-06-27T21:11:23.258676+00:00,spot_9,Spot 9,Empty,2026-06-27T21:11:23.258676+00:00,,,,,,,,
2026-06-27T21:11:23.258676+00:00,spot_10,Spot 10,Empty,2026-06-27T21:11:23.258676+00:00,,,,,,,,
2026-06-27T21:11:23.258676+00:00,spot_11,Spot 11,Occupied,2026-06-27T19:35:22.909510+00:00,1830,car,0.6805747747421265,18397,120.32794952392578,312.75738525390625,167.57012939453125,341.95550537109375
2026-06-27T21:11:23.258676+00:00,spot_12,Spot 12,Empty,2026-06-27T21:08:22.676775+00:00,,,,,,,,
2026-06-27T21:11:23.258676+00:00,spot_13,Spot 13,Occupied,2026-06-27T21:08:22.676775+00:00,2109,car,0.4566470980644226,1020,81.06922149658203,310.59649658203125,123.3521957397461,332.87054443359375
2026-06-27T21:11:23.258676+00:00,spot_14,Spot 14,Empty,2026-06-27T21:11:23.258676+00:00,,,,,,,,
2026-06-27T21:11:23.258676+00:00,spot_15,Spot 15,Empty,2026-06-27T20:46:22.836456+00:00,,,,,,,,
2026-06-27T21:11:23.258676+00:00,spot_16,Spot 16,Occupied,2026-06-27T21:05:23.605876+00:00,2091,car,0.4806717336177826,3895,25.07225799560547,307.47271728515625,64.4539794921875,327.26300048828125
2026-06-27T21:11:23.258676+00:00,spot_17,Spot 17,Occupied,2026-06-27T21:07:22.891401+00:00,2089,car,0.3601129651069641,3895,16.93799591064453,306.935546875,42.42584991455078,325.4102783203125
2026-06-27T21:12:23.801830+00:00,spot_1,Spot 1,Occupied,2026-06-27T20:50:23.345732+00:00,2029,car,0.6891887784004211,8759,567.4127807617188,310.327880859375,615.1210327148438,373.15673828125
2026-06-27T21:12:23.801830+00:00,spot_2,Spot 2,Occupied,2026-06-27T20:45:23.845553+00:00,1963,car,0.7868525981903076,12362,499.37481689453125,320.82183837890625,545.7831420898438,367.92828369140625
2026-06-27T21:12:23.801830+00:00,spot_3,Spot 3,Occupied,2026-06-27T20:04:26.990750+00:00,1857,car,0.8284162878990173,17386,450.4014892578125,325.5478515625,489.39727783203125,361.1649169921875
2026-06-27T21:12:23.801830+00:00,spot_4,Spot 4,Occupied,2026-06-27T19:33:22.179956+00:00,2060,truck,0.7823638319969177,5942,366.6112060546875,294.97784423828125,446.9283447265625,367.20562744140625
2026-06-27T21:12:23.801830+00:00,spot_5,Spot 5,Occupied,2026-06-27T20:54:22.350568+00:00,1826,car,0.7597824931144714,18457,330.97027587890625,324.7131042480469,368.70867919921875,358.6200866699219
2026-06-27T21:12:23.801830+00:00,spot_6,Spot 6,Occupied,2026-06-27T20:54:22.350568+00:00,2102,car,0.8300677537918091,2159,287.36370849609375,321.41375732421875,343.07794189453125,356.38751220703125
2026-06-27T21:12:23.801830+00:00,spot_7,Spot 7,Occupied,2026-06-27T20:53:22.468996+00:00,2108,car,0.7300800681114197,1140,239.97439575195312,319.537109375,297.7640686035156,354.609375
2026-06-27T21:12:23.801830+00:00,spot_8,Spot 8,Occupied,2026-06-27T21:01:24.766303+00:00,2111,car,0.5601969957351685,658,206.10107421875,321.70159912109375,241.03851318359375,352.10968017578125
2026-06-27T21:12:23.801830+00:00,spot_9,Spot 9,Occupied,2026-06-27T21:12:23.801830+00:00,1827,car,0.39106568694114685,18457,174.87042236328125,320.23846435546875,208.086669921875,346.776611328125
2026-06-27T21:12:23.801830+00:00,spot_10,Spot 10,Occupied,2026-06-27T21:12:23.801830+00:00,1965,car,0.5657380819320679,12362,152.15695190429688,317.13165283203125,191.61154174804688,342.94183349609375
2026-06-27T21:12:23.801830+00:00,spot_11,Spot 11,Occupied,2026-06-27T19:35:22.909510+00:00,1830,car,0.635366678237915,18457,122.26969909667969,312.6903076171875,167.1085662841797,341.70343017578125
2026-06-27T21:12:23.801830+00:00,spot_12,Spot 12,Occupied,2026-06-27T21:12:23.801830+00:00,2109,car,0.360534131526947,1080,85.68553161621094,310.552978515625,124.60942077636719,331.4652099609375
2026-06-27T21:12:23.801830+00:00,spot_13,Spot 13,Empty,2026-06-27T21:12:23.801830+00:00,,,,,,,,
2026-06-27T21:12:23.801830+00:00,spot_14,Spot 14,Occupied,2026-06-27T21:12:23.801830+00:00,2110,car,0.46427294611930847,1080,64.93317413330078,310.9371337890625,97.2118148803711,331.628173828125
2026-06-27T21:12:23.801830+00:00,spot_15,Spot 15,Empty,2026-06-27T20:46:22.836456+00:00,,,,,,,,
2026-06-27T21:12:23.801830+00:00,spot_16,Spot 16,Occupied,2026-06-27T21:05:23.605876+00:00,2091,car,0.6037205457687378,3955,29.00536346435547,307.73248291015625,64.6598892211914,327.85760498046875
2026-06-27T21:12:23.801830+00:00,spot_17,Spot 17,Occupied,2026-06-27T21:07:22.891401+00:00,2089,car,0.3597598969936371,3955,16.61248779296875,306.83465576171875,41.720550537109375,325.49078369140625
2026-06-27T21:13:23.453545+00:00,spot_1,Spot 1,Occupied,2026-06-27T20:50:23.345732+00:00,2029,car,0.376217246055603,8819,566.8311767578125,317.53948974609375,615.3885498046875,370.92803955078125
2026-06-27T21:13:23.453545+00:00,spot_2,Spot 2,Occupied,2026-06-27T20:45:23.845553+00:00,1963,car,0.8475260138511658,12422,497.5277099609375,321.4992370605469,545.1868896484375,370.0307312011719
2026-06-27T21:13:23.453545+00:00,spot_3,Spot 3,Occupied,2026-06-27T20:04:26.990750+00:00,1857,car,0.7994664311408997,17446,450.8940734863281,324.4474792480469,496.4917907714844,361.7790832519531
2026-06-27T21:13:23.453545+00:00,spot_4,Spot 4,Occupied,2026-06-27T19:33:22.179956+00:00,2060,truck,0.7502760887145996,6002,366.42547607421875,293.8697509765625,446.760498046875,367.57098388671875
2026-06-27T21:13:23.453545+00:00,spot_5,Spot 5,Occupied,2026-06-27T20:54:22.350568+00:00,1826,car,0.7796989679336548,18517,331.4879150390625,327.4693603515625,368.76483154296875,361.25775146484375
2026-06-27T21:13:23.453545+00:00,spot_6,Spot 6,Occupied,2026-06-27T20:54:22.350568+00:00,2102,car,0.8049287796020508,2219,287.029052734375,321.8436279296875,342.5604248046875,358.3271484375
2026-06-27T21:13:23.453545+00:00,spot_7,Spot 7,Occupied,2026-06-27T20:53:22.468996+00:00,2108,car,0.7174615859985352,1200,238.81393432617188,319.921630859375,295.4155578613281,354.2158203125
2026-06-27T21:13:23.453545+00:00,spot_8,Spot 8,Empty,2026-06-27T21:13:23.453545+00:00,,,,,,,,
2026-06-27T21:13:23.453545+00:00,spot_9,Spot 9,Empty,2026-06-27T21:13:23.453545+00:00,,,,,,,,
2026-06-27T21:13:23.453545+00:00,spot_10,Spot 10,Occupied,2026-06-27T21:12:23.801830+00:00,1965,car,0.574820876121521,12422,155.23934936523438,318.3450927734375,198.69625854492188,342.7958984375
2026-06-27T21:13:23.453545+00:00,spot_11,Spot 11,Occupied,2026-06-27T19:35:22.909510+00:00,1830,car,0.5135698318481445,18517,120.22876739501953,313.35125732421875,167.4307861328125,341.77630615234375
2026-06-27T21:13:23.453545+00:00,spot_12,Spot 12,Empty,2026-06-27T21:13:23.453545+00:00,,,,,,,,
2026-06-27T21:13:23.453545+00:00,spot_13,Spot 13,Occupied,2026-06-27T21:13:23.453545+00:00,2109,car,0.4000510573387146,1140,78.07525634765625,310.7381591796875,124.75796508789062,334.69140625
2026-06-27T21:13:23.453545+00:00,spot_14,Spot 14,Empty,2026-06-27T21:13:23.453545+00:00,,,,,,,,
2026-06-27T21:13:23.453545+00:00,spot_15,Spot 15,Empty,2026-06-27T20:46:22.836456+00:00,,,,,,,,
2026-06-27T21:13:23.453545+00:00,spot_16,Spot 16,Empty,2026-06-27T21:13:23.453545+00:00,,,,,,,,
2026-06-27T21:13:23.453545+00:00,spot_17,Spot 17,Empty,2026-06-27T21:13:23.453545+00:00,,,,,,,,
2026-06-27T21:14:22.913804+00:00,spot_1,Spot 1,Occupied,2026-06-27T20:50:23.345732+00:00,2029,car,0.6845287084579468,8879,566.668701171875,310.6536865234375,616.2861328125,372.50732421875
2026-06-27T21:14:22.913804+00:00,spot_2,Spot 2,Occupied,2026-06-27T20:45:23.845553+00:00,1963,car,0.8752747774124146,12481,499.150146484375,321.3292236328125,544.31494140625,368.798828125
2026-06-27T21:14:22.913804+00:00,spot_3,Spot 3,Occupied,2026-06-27T20:04:26.990750+00:00,1857,car,0.8373236656188965,17505,450.23876953125,322.4532775878906,495.885009765625,362.7053527832031
2026-06-27T21:14:22.913804+00:00,spot_4,Spot 4,Occupied,2026-06-27T19:33:22.179956+00:00,2060,truck,0.6901768445968628,6061,366.7820129394531,293.5622863769531,446.9632873535156,367.4689025878906
2026-06-27T21:14:22.913804+00:00,spot_5,Spot 5,Occupied,2026-06-27T20:54:22.350568+00:00,1826,car,0.755771279335022,18576,332.34002685546875,326.1794128417969,368.5084228515625,359.5537414550781
2026-06-27T21:14:22.913804+00:00,spot_6,Spot 6,Occupied,2026-06-27T20:54:22.350568+00:00,2102,car,0.8555804491043091,2278,287.3218994140625,321.22979736328125,341.6131591796875,356.65643310546875
2026-06-27T21:14:22.913804+00:00,spot_7,Spot 7,Occupied,2026-06-27T20:53:22.468996+00:00,2108,car,0.8043959736824036,1259,239.37088012695312,319.63494873046875,297.5948181152344,354.98846435546875
2026-06-27T21:14:22.913804+00:00,spot_8,Spot 8,Occupied,2026-06-27T21:14:22.913804+00:00,2115,car,0.456689715385437,0,206.7342529296875,318.68804931640625,265.20172119140625,351.89642333984375
2026-06-27T21:14:22.913804+00:00,spot_9,Spot 9,Empty,2026-06-27T21:13:23.453545+00:00,,,,,,,,
2026-06-27T21:14:22.913804+00:00,spot_10,Spot 10,Occupied,2026-06-27T21:12:23.801830+00:00,1965,car,0.76044100522995,12481,154.2574462890625,317.68060302734375,199.52734375,344.05963134765625
2026-06-27T21:14:22.913804+00:00,spot_11,Spot 11,Occupied,2026-06-27T19:35:22.909510+00:00,1830,car,0.6869388222694397,18576,120.63396453857422,312.72906494140625,167.0418701171875,340.96441650390625
2026-06-27T21:14:22.913804+00:00,spot_12,Spot 12,Occupied,2026-06-27T21:14:22.913804+00:00,2109,car,0.41032078862190247,1200,94.46630859375,311.03558349609375,122.7838134765625,333.99224853515625
2026-06-27T21:14:22.913804+00:00,spot_13,Spot 13,Occupied,2026-06-27T21:14:22.913804+00:00,2110,car,0.36449387669563293,1200,78.17922973632812,311.7490234375,97.61947631835938,331.649658203125
2026-06-27T21:14:22.913804+00:00,spot_14,Spot 14,Empty,2026-06-27T21:13:23.453545+00:00,,,,,,,,
2026-06-27T21:14:22.913804+00:00,spot_15,Spot 15,Empty,2026-06-27T20:46:22.836456+00:00,,,,,,,,
2026-06-27T21:14:22.913804+00:00,spot_16,Spot 16,Occupied,2026-06-27T21:14:22.913804+00:00,2091,car,0.5267971158027649,4074,29.113027572631836,307.272705078125,64.66248321533203,327.5848388671875
2026-06-27T21:14:22.913804+00:00,spot_17,Spot 17,Occupied,2026-06-27T21:14:22.913804+00:00,2089,car,0.424469530582428,4074,17.79669189453125,307.4110107421875,41.4476432800293,325.533203125
2026-06-27T21:15:23.404034+00:00,spot_1,Spot 1,Occupied,2026-06-27T20:50:23.345732+00:00,2029,car,0.544067919254303,8939,566.711669921875,310.4774169921875,613.66943359375,372.4278564453125
2026-06-27T21:15:23.404034+00:00,spot_2,Spot 2,Occupied,2026-06-27T20:45:23.845553+00:00,1963,car,0.8659144043922424,12542,498.6172790527344,321.42041015625,545.0946044921875,367.1942138671875
2026-06-27T21:15:23.404034+00:00,spot_3,Spot 3,Occupied,2026-06-27T20:04:26.990750+00:00,1857,car,0.7047539949417114,17566,450.5395812988281,321.1543884277344,491.0610656738281,360.9190979003906
2026-06-27T21:15:23.404034+00:00,spot_4,Spot 4,Occupied,2026-06-27T19:33:22.179956+00:00,2060,truck,0.7842316031455994,6121,367.22784423828125,293.42181396484375,446.69403076171875,367.26739501953125
2026-06-27T21:15:23.404034+00:00,spot_5,Spot 5,Occupied,2026-06-27T20:54:22.350568+00:00,1826,car,0.7442909479141235,18637,331.7994079589844,325.64154052734375,369.9881286621094,359.17022705078125
2026-06-27T21:15:23.404034+00:00,spot_6,Spot 6,Occupied,2026-06-27T20:54:22.350568+00:00,2102,car,0.8853676319122314,2339,287.48895263671875,322.18890380859375,344.052490234375,355.95538330078125
2026-06-27T21:15:23.404034+00:00,spot_7,Spot 7,Occupied,2026-06-27T20:53:22.468996+00:00,2108,car,0.7613522410392761,1320,239.86328125,319.5926513671875,297.01904296875,354.509033203125
2026-06-27T21:15:23.404034+00:00,spot_8,Spot 8,Empty,2026-06-27T21:15:23.404034+00:00,,,,,,,,
2026-06-27T21:15:23.404034+00:00,spot_9,Spot 9,Empty,2026-06-27T21:13:23.453545+00:00,,,,,,,,
2026-06-27T21:15:23.404034+00:00,spot_10,Spot 10,Occupied,2026-06-27T21:12:23.801830+00:00,1965,car,0.7062282562255859,12542,155.62892150878906,318.0132751464844,196.38365173339844,343.3559875488281
2026-06-27T21:15:23.404034+00:00,spot_11,Spot 11,Occupied,2026-06-27T19:35:22.909510+00:00,1830,car,0.6766046285629272,18637,121.26089477539062,312.9721374511719,167.07110595703125,341.6963195800781
2026-06-27T21:15:23.404034+00:00,spot_12,Spot 12,Occupied,2026-06-27T21:15:23.404034+00:00,2116,car,0.3873489797115326,0,102.44561767578125,314.69610595703125,134.83872985839844,336.73333740234375
2026-06-27T21:15:23.404034+00:00,spot_13,Spot 13,Occupied,2026-06-27T21:15:23.404034+00:00,2109,car,0.5652936100959778,1260,80.33112335205078,310.6414794921875,123.58358001708984,331.7086181640625
2026-06-27T21:15:23.404034+00:00,spot_14,Spot 14,Empty,2026-06-27T21:13:23.453545+00:00,,,,,,,,
2026-06-27T21:15:23.404034+00:00,spot_15,Spot 15,Empty,2026-06-27T20:46:22.836456+00:00,,,,,,,,
2026-06-27T21:15:23.404034+00:00,spot_16,Spot 16,Occupied,2026-06-27T21:14:22.913804+00:00,2091,car,0.45605960488319397,4135,29.850326538085938,307.71185302734375,64.72842407226562,327.25018310546875
2026-06-27T21:15:23.404034+00:00,spot_17,Spot 17,Empty,2026-06-27T21:15:23.404034+00:00,,,,,,,,
2026-06-27T21:16:23.239301+00:00,spot_1,Spot 1,Occupied,2026-06-27T20:50:23.345732+00:00,2029,car,0.5963059663772583,8999,566.4263916015625,309.6900329589844,615.0220947265625,373.3942565917969
2026-06-27T21:16:23.239301+00:00,spot_2,Spot 2,Occupied,2026-06-27T20:45:23.845553+00:00,1963,car,0.7920306921005249,12601,499.7069091796875,321.3603515625,545.60400390625,369.357666015625
2026-06-27T21:16:23.239301+00:00,spot_3,Spot 3,Occupied,2026-06-27T20:04:26.990750+00:00,1857,car,0.45987221598625183,17625,451.3231201171875,321.5372314453125,489.0216064453125,361.3975830078125
2026-06-27T21:16:23.239301+00:00,spot_4,Spot 4,Occupied,2026-06-27T19:33:22.179956+00:00,2060,truck,0.7862606644630432,6181,366.86285400390625,294.503173828125,446.55706787109375,367.017333984375
2026-06-27T21:16:23.239301+00:00,spot_5,Spot 5,Occupied,2026-06-27T20:54:22.350568+00:00,1826,car,0.7264390587806702,18696,331.4617919921875,326.0046081542969,368.85748291015625,357.6946105957031
2026-06-27T21:16:23.239301+00:00,spot_6,Spot 6,Occupied,2026-06-27T20:54:22.350568+00:00,2102,car,0.857205867767334,2398,287.0922546386719,322.216796875,343.6580505371094,356.465576171875
2026-06-27T21:16:23.239301+00:00,spot_7,Spot 7,Occupied,2026-06-27T20:53:22.468996+00:00,2108,car,0.7639639377593994,1379,239.5513916015625,320.26397705078125,296.57098388671875,353.41217041015625
2026-06-27T21:16:23.239301+00:00,spot_8,Spot 8,Occupied,2026-06-27T21:16:23.239301+00:00,2111,car,0.4648847281932831,897,204.99928283691406,320.18463134765625,249.7601776123047,351.72515869140625
2026-06-27T21:16:23.239301+00:00,spot_9,Spot 9,Occupied,2026-06-27T21:16:23.239301+00:00,2117,car,0.6489896774291992,0,174.8472900390625,320.65240478515625,222.395751953125,347.03643798828125
2026-06-27T21:16:23.239301+00:00,spot_10,Spot 10,Occupied,2026-06-27T21:12:23.801830+00:00,1965,car,0.3902749717235565,12601,154.39736938476562,317.17913818359375,193.19314575195312,343.15093994140625
2026-06-27T21:16:23.239301+00:00,spot_11,Spot 11,Occupied,2026-06-27T19:35:22.909510+00:00,1830,car,0.6221721768379211,18696,122.37908172607422,312.65289306640625,167.3106689453125,341.61370849609375
2026-06-27T21:16:23.239301+00:00,spot_12,Spot 12,Occupied,2026-06-27T21:16:23.239301+00:00,2116,car,0.37267619371414185,59,102.95722961425781,313.4951477050781,134.67138671875,336.3106994628906
2026-06-27T21:16:23.239301+00:00,spot_13,Spot 13,Occupied,2026-06-27T21:16:23.239301+00:00,2109,car,0.621375560760498,1319,83.33798217773438,310.4947509765625,123.47860717773438,331.876708984375
2026-06-27T21:16:23.239301+00:00,spot_14,Spot 14,Occupied,2026-06-27T21:16:23.239301+00:00,2110,car,0.4051126539707184,1319,63.350128173828125,309.8233642578125,89.55757141113281,330.8260498046875
2026-06-27T21:16:23.239301+00:00,spot_15,Spot 15,Empty,2026-06-27T20:46:22.836456+00:00,,,,,,,,
2026-06-27T21:16:23.239301+00:00,spot_16,Spot 16,Occupied,2026-06-27T21:16:23.239301+00:00,2089,car,0.4513114094734192,4194,17.80588150024414,307.103515625,46.15514373779297,325.608154296875
2026-06-27T21:16:23.239301+00:00,spot_17,Spot 17,Empty,2026-06-27T21:16:23.239301+00:00,,,,,,,,
2026-06-27T21:17:23.479153+00:00,spot_1,Spot 1,Occupied,2026-06-27T20:50:23.345732+00:00,2029,car,0.7378992438316345,9059,557.6734008789062,310.15106201171875,615.7523803710938,373.5821533203125
2026-06-27T21:17:23.479153+00:00,spot_2,Spot 2,Occupied,2026-06-27T20:45:23.845553+00:00,1963,car,0.8279327750205994,12662,497.356689453125,321.7052307128906,545.351806640625,368.4877624511719
2026-06-27T21:17:23.479153+00:00,spot_3,Spot 3,Occupied,2026-06-27T20:04:26.990750+00:00,1857,car,0.7331039309501648,17686,450.06939697265625,323.70159912109375,495.44891357421875,362.1632080078125
2026-06-27T21:17:23.479153+00:00,spot_4,Spot 4,Occupied,2026-06-27T19:33:22.179956+00:00,2060,truck,0.8583605885505676,6242,366.541748046875,294.72210693359375,446.6690673828125,367.32708740234375
2026-06-27T21:17:23.479153+00:00,spot_5,Spot 5,Empty,2026-06-27T21:17:23.479153+00:00,,,,,,,,
2026-06-27T21:17:23.479153+00:00,spot_6,Spot 6,Occupied,2026-06-27T20:54:22.350568+00:00,2102,car,0.848674476146698,2459,287.31683349609375,322.16241455078125,343.61944580078125,356.44537353515625
2026-06-27T21:17:23.479153+00:00,spot_7,Spot 7,Occupied,2026-06-27T20:53:22.468996+00:00,2108,car,0.7876318097114563,1440,239.86378479003906,319.92376708984375,298.1121826171875,354.10614013671875
2026-06-27T21:17:23.479153+00:00,spot_8,Spot 8,Occupied,2026-06-27T21:16:23.239301+00:00,2111,car,0.6520309448242188,958,207.39453125,322.5023193359375,241.59893798828125,352.35107421875
2026-06-27T21:17:23.479153+00:00,spot_9,Spot 9,Occupied,2026-06-27T21:16:23.239301+00:00,2117,car,0.4418959617614746,60,187.201904296875,322.512939453125,219.88592529296875,346.8724365234375
2026-06-27T21:17:23.479153+00:00,spot_10,Spot 10,Occupied,2026-06-27T21:12:23.801830+00:00,1965,car,0.713238537311554,12662,156.04208374023438,318.0206298828125,195.11471557617188,343.5626220703125
2026-06-27T21:17:23.479153+00:00,spot_11,Spot 11,Occupied,2026-06-27T19:35:22.909510+00:00,1830,car,0.505256712436676,18757,117.91839599609375,312.95697021484375,166.77938842773438,341.56256103515625
2026-06-27T21:17:23.479153+00:00,spot_12,Spot 12,Empty,2026-06-27T21:17:23.479153+00:00,,,,,,,,
2026-06-27T21:17:23.479153+00:00,spot_13,Spot 13,Occupied,2026-06-27T21:16:23.239301+00:00,2109,car,0.5507506132125854,1380,79.10037231445312,310.83563232421875,123.3299560546875,334.3262939453125
2026-06-27T21:17:23.479153+00:00,spot_14,Spot 14,Occupied,2026-06-27T21:16:23.239301+00:00,2110,car,0.3892170786857605,1380,62.202850341796875,309.8773498535156,81.64900207519531,331.7846984863281
2026-06-27T21:17:23.479153+00:00,spot_15,Spot 15,Empty,2026-06-27T20:46:22.836456+00:00,,,,,,,,
2026-06-27T21:17:23.479153+00:00,spot_16,Spot 16,Occupied,2026-06-27T21:17:23.479153+00:00,2091,car,0.6257407665252686,4255,29.482757568359375,307.67303466796875,64.34495544433594,327.36798095703125
2026-06-27T21:17:23.479153+00:00,spot_17,Spot 17,Occupied,2026-06-27T21:17:23.479153+00:00,2089,car,0.508209228515625,4255,16.755535125732422,307.4317932128906,42.057979583740234,325.9631042480469
2026-06-27T21:18:23.168885+00:00,spot_1,Spot 1,Occupied,2026-06-27T20:50:23.345732+00:00,2029,car,0.7478392124176025,9119,565.7110595703125,311.2425537109375,614.5511474609375,373.921630859375
2026-06-27T21:18:23.168885+00:00,spot_2,Spot 2,Occupied,2026-06-27T20:45:23.845553+00:00,1963,car,0.8527634143829346,12722,499.0411376953125,321.61175537109375,546.9990234375,368.46856689453125
2026-06-27T21:18:23.168885+00:00,spot_3,Spot 3,Occupied,2026-06-27T20:04:26.990750+00:00,1857,car,0.8048754334449768,17746,449.245361328125,322.21875,494.1719970703125,361.485107421875
2026-06-27T21:18:23.168885+00:00,spot_4,Spot 4,Occupied,2026-06-27T19:33:22.179956+00:00,2060,truck,0.8049976229667664,6301,367.00714111328125,295.11785888671875,446.5523681640625,367.39630126953125
2026-06-27T21:18:23.168885+00:00,spot_5,Spot 5,Occupied,2026-06-27T21:18:23.168885+00:00,1826,car,0.7413676977157593,18817,330.6410217285156,326.231201171875,369.6747741699219,359.58551025390625
2026-06-27T21:18:23.168885+00:00,spot_6,Spot 6,Occupied,2026-06-27T20:54:22.350568+00:00,2102,car,0.8434262871742249,2519,287.53143310546875,322.83197021484375,344.36090087890625,356.9808349609375
2026-06-27T21:18:23.168885+00:00,spot_7,Spot 7,Occupied,2026-06-27T20:53:22.468996+00:00,2108,car,0.6980939507484436,1500,238.7266387939453,319.9035339355469,299.72113037109375,354.9581604003906
2026-06-27T21:18:23.168885+00:00,spot_8,Spot 8,Occupied,2026-06-27T21:16:23.239301+00:00,2111,car,0.5674079060554504,1018,203.1300048828125,322.4312744140625,241.60528564453125,352.0767822265625
2026-06-27T21:18:23.168885+00:00,spot_9,Spot 9,Occupied,2026-06-27T21:16:23.239301+00:00,2117,car,0.6897525191307068,120,170.62353515625,322.97076416015625,209.010986328125,346.99957275390625
2026-06-27T21:18:23.168885+00:00,spot_10,Spot 10,Occupied,2026-06-27T21:12:23.801830+00:00,1965,car,0.767605185508728,12722,152.91653442382812,318.0697937011719,197.41159057617188,343.0538635253906
2026-06-27T21:18:23.168885+00:00,spot_11,Spot 11,Occupied,2026-06-27T19:35:22.909510+00:00,1830,car,0.650195300579071,18817,120.07524871826172,313.0054931640625,166.81512451171875,341.86712646484375
2026-06-27T21:18:23.168885+00:00,spot_12,Spot 12,Empty,2026-06-27T21:17:23.479153+00:00,,,,,,,,
2026-06-27T21:18:23.168885+00:00,spot_13,Spot 13,Occupied,2026-06-27T21:16:23.239301+00:00,2109,car,0.6054708361625671,1440,78.91822814941406,310.955078125,122.95262145996094,334.4896240234375
2026-06-27T21:18:23.168885+00:00,spot_14,Spot 14,Occupied,2026-06-27T21:16:23.239301+00:00,2110,car,0.43849897384643555,1440,63.31997299194336,310.3618469238281,87.33447265625,331.7701110839844
2026-06-27T21:18:23.168885+00:00,spot_15,Spot 15,Empty,2026-06-27T20:46:22.836456+00:00,,,,,,,,
2026-06-27T21:18:23.168885+00:00,spot_16,Spot 16,Occupied,2026-06-27T21:17:23.479153+00:00,2091,car,0.6184771060943604,4314,29.88227653503418,307.7667236328125,64.93177795410156,327.521728515625
2026-06-27T21:18:23.168885+00:00,spot_17,Spot 17,Occupied,2026-06-27T21:17:23.479153+00:00,2089,car,0.5600144267082214,4314,17.187484741210938,307.59954833984375,42.006317138671875,325.95294189453125
2026-06-27T21:19:22.714989+00:00,spot_1,Spot 1,Occupied,2026-06-27T20:50:23.345732+00:00,2029,car,0.633124589920044,9179,566.4842529296875,310.70361328125,619.4681396484375,371.96484375
2026-06-27T21:19:22.714989+00:00,spot_2,Spot 2,Occupied,2026-06-27T20:45:23.845553+00:00,1963,car,0.7180466055870056,12782,496.2913818359375,321.77032470703125,544.716796875,368.66326904296875
2026-06-27T21:19:22.714989+00:00,spot_3,Spot 3,Occupied,2026-06-27T20:04:26.990750+00:00,1857,car,0.7262087464332581,17806,449.84735107421875,322.58795166015625,488.88592529296875,362.55596923828125
2026-06-27T21:19:22.714989+00:00,spot_4,Spot 4,Occupied,2026-06-27T19:33:22.179956+00:00,2060,truck,0.746964693069458,6362,366.7912902832031,294.338134765625,446.5473937988281,366.0396728515625
2026-06-27T21:19:22.714989+00:00,spot_5,Spot 5,Occupied,2026-06-27T21:18:23.168885+00:00,1826,car,0.6543023586273193,18877,331.363525390625,327.7320556640625,369.0377197265625,359.5155029296875
2026-06-27T21:19:22.714989+00:00,spot_6,Spot 6,Occupied,2026-06-27T20:54:22.350568+00:00,2102,car,0.858441174030304,2579,287.58294677734375,321.0980529785156,343.97967529296875,357.4396057128906
2026-06-27T21:19:22.714989+00:00,spot_7,Spot 7,Occupied,2026-06-27T20:53:22.468996+00:00,2108,car,0.7512161731719971,1560,238.435302734375,319.73883056640625,296.29107666015625,353.97808837890625
2026-06-27T21:19:22.714989+00:00,spot_8,Spot 8,Occupied,2026-06-27T21:16:23.239301+00:00,2111,car,0.5237562656402588,1078,207.00778198242188,319.162109375,263.75067138671875,352.430908203125
2026-06-27T21:19:22.714989+00:00,spot_9,Spot 9,Occupied,2026-06-27T21:16:23.239301+00:00,2117,car,0.6745420694351196,180,174.88937377929688,322.4300842285156,217.04147338867188,346.9861145019531
2026-06-27T21:19:22.714989+00:00,spot_10,Spot 10,Occupied,2026-06-27T21:12:23.801830+00:00,1965,car,0.5215820670127869,12782,157.47805786132812,318.24072265625,193.8397216796875,342.9171142578125
2026-06-27T21:19:22.714989+00:00,spot_11,Spot 11,Occupied,2026-06-27T19:35:22.909510+00:00,1830,car,0.6786363124847412,18877,120.83523559570312,312.87835693359375,168.7091064453125,341.63623046875
2026-06-27T21:19:22.714989+00:00,spot_12,Spot 12,Empty,2026-06-27T21:17:23.479153+00:00,,,,,,,,
2026-06-27T21:19:22.714989+00:00,spot_13,Spot 13,Occupied,2026-06-27T21:16:23.239301+00:00,2109,car,0.45223450660705566,1500,79.80470275878906,310.63336181640625,123.51283264160156,333.31585693359375
2026-06-27T21:19:22.714989+00:00,spot_14,Spot 14,Empty,2026-06-27T21:19:22.714989+00:00,,,,,,,,
2026-06-27T21:19:22.714989+00:00,spot_15,Spot 15,Empty,2026-06-27T20:46:22.836456+00:00,,,,,,,,
2026-06-27T21:19:22.714989+00:00,spot_16,Spot 16,Occupied,2026-06-27T21:17:23.479153+00:00,2091,car,0.6784507632255554,4375,26.57419776916504,307.65350341796875,64.59085845947266,328.056396484375
2026-06-27T21:19:22.714989+00:00,spot_17,Spot 17,Occupied,2026-06-27T21:17:23.479153+00:00,2089,car,0.582602858543396,4375,18.354778289794922,307.61737060546875,41.636722564697266,325.78082275390625
2026-06-27T21:20:22.700764+00:00,spot_1,Spot 1,Occupied,2026-06-27T21:20:22.700764+00:00,2119,truck,0.3916054368019104,0,567.3582763671875,310.41351318359375,614.4019775390625,372.3087158203125
2026-06-27T21:20:22.700764+00:00,spot_2,Spot 2,Occupied,2026-06-27T20:45:23.845553+00:00,1963,car,0.8154870867729187,12841,497.396240234375,320.8702392578125,546.2879638671875,368.7711181640625
2026-06-27T21:20:22.700764+00:00,spot_3,Spot 3,Occupied,2026-06-27T20:04:26.990750+00:00,1857,car,0.8085612058639526,17865,450.365966796875,325.80914306640625,489.91424560546875,360.99908447265625
2026-06-27T21:20:22.700764+00:00,spot_4,Spot 4,Occupied,2026-06-27T19:33:22.179956+00:00,2060,truck,0.7323293089866638,6421,367.65826416015625,294.4154357910156,446.33624267578125,366.9394836425781
2026-06-27T21:20:22.700764+00:00,spot_5,Spot 5,Occupied,2026-06-27T21:18:23.168885+00:00,1826,car,0.8060949444770813,18936,331.8229675292969,327.8899230957031,369.1412048339844,360.2234191894531
2026-06-27T21:20:22.700764+00:00,spot_6,Spot 6,Occupied,2026-06-27T20:54:22.350568+00:00,2102,car,0.8323442339897156,2638,287.66461181640625,321.95965576171875,343.72418212890625,355.88580322265625
2026-06-27T21:20:22.700764+00:00,spot_7,Spot 7,Occupied,2026-06-27T20:53:22.468996+00:00,2108,car,0.68502277135849,1619,240.7740020751953,319.77984619140625,298.31744384765625,354.51629638671875
2026-06-27T21:20:22.700764+00:00,spot_8,Spot 8,Occupied,2026-06-27T21:16:23.239301+00:00,2111,car,0.6598833203315735,1137,206.80630493164062,322.95770263671875,240.74111938476562,351.71820068359375
2026-06-27T21:20:22.700764+00:00,spot_9,Spot 9,Occupied,2026-06-27T21:16:23.239301+00:00,2117,car,0.7953712344169617,240,173.9854278564453,322.80072021484375,218.4194793701172,346.7586669921875
2026-06-27T21:20:22.700764+00:00,spot_10,Spot 10,Occupied,2026-06-27T21:12:23.801830+00:00,1965,car,0.6658208966255188,12841,154.60699462890625,317.23944091796875,194.13360595703125,343.31951904296875
2026-06-27T21:20:22.700764+00:00,spot_11,Spot 11,Occupied,2026-06-27T19:35:22.909510+00:00,1830,car,0.6943779587745667,18936,122.41584014892578,312.88507080078125,166.968994140625,341.59588623046875
2026-06-27T21:20:22.700764+00:00,spot_12,Spot 12,Occupied,2026-06-27T21:20:22.700764+00:00,2118,car,0.4989418685436249,0,102.69950866699219,312.94647216796875,134.98094177246094,336.24737548828125
2026-06-27T21:20:22.700764+00:00,spot_13,Spot 13,Occupied,2026-06-27T21:16:23.239301+00:00,2109,car,0.5029261112213135,1560,78.67758178710938,310.8564453125,123.33474731445312,333.0999755859375
2026-06-27T21:20:22.700764+00:00,spot_14,Spot 14,Occupied,2026-06-27T21:20:22.700764+00:00,2110,car,0.49169471859931946,1560,63.349769592285156,309.5458679199219,84.32601165771484,329.0782775878906
2026-06-27T21:20:22.700764+00:00,spot_15,Spot 15,Empty,2026-06-27T20:46:22.836456+00:00,,,,,,,,
2026-06-27T21:20:22.700764+00:00,spot_16,Spot 16,Occupied,2026-06-27T21:17:23.479153+00:00,2091,car,0.5288161635398865,4434,30.043649673461914,307.644775390625,64.77509307861328,327.0697021484375
2026-06-27T21:20:22.700764+00:00,spot_17,Spot 17,Occupied,2026-06-27T21:17:23.479153+00:00,2089,car,0.3770199418067932,4434,15.827559471130371,306.8897705078125,41.57331848144531,325.55889892578125
2026-06-27T21:21:53.358139+00:00,spot_1,Spot 1,Occupied,2026-06-27T21:21:53.358139+00:00,2029,car,0.5299416780471802,9331,566.9947509765625,308.98004150390625,616.5457763671875,373.25701904296875
2026-06-27T21:21:53.358139+00:00,spot_2,Spot 2,Occupied,2026-06-27T20:45:23.845553+00:00,1963,car,0.7712299227714539,12934,497.8435974121094,321.42645263671875,545.0821533203125,368.96514892578125
2026-06-27T21:21:53.358139+00:00,spot_3,Spot 3,Occupied,2026-06-27T20:04:26.990750+00:00,1857,car,0.6005244851112366,17958,450.2127685546875,322.29730224609375,495.8338623046875,361.78106689453125
2026-06-27T21:21:53.358139+00:00,spot_4,Spot 4,Occupied,2026-06-27T19:33:22.179956+00:00,2060,truck,0.7742226719856262,6513,366.41436767578125,294.34796142578125,446.6180419921875,365.76239013671875
2026-06-27T21:21:53.358139+00:00,spot_5,Spot 5,Occupied,2026-06-27T21:18:23.168885+00:00,1826,car,0.8459813594818115,19029,331.6003723144531,325.1448974609375,369.0672302246094,359.299072265625
2026-06-27T21:21:53.358139+00:00,spot_6,Spot 6,Occupied,2026-06-27T20:54:22.350568+00:00,2102,car,0.8558365106582642,2731,286.9366760253906,321.42254638671875,343.5258483886719,356.15753173828125
2026-06-27T21:21:53.358139+00:00,spot_7,Spot 7,Occupied,2026-06-27T20:53:22.468996+00:00,2108,car,0.7999844551086426,1712,239.53607177734375,319.79388427734375,290.33001708984375,353.97283935546875
2026-06-27T21:21:53.358139+00:00,spot_8,Spot 8,Occupied,2026-06-27T21:16:23.239301+00:00,2111,car,0.5561554431915283,1230,207.31484985351562,319.6461486816406,258.5296325683594,351.1461486816406
2026-06-27T21:21:53.358139+00:00,spot_9,Spot 9,Occupied,2026-06-27T21:16:23.239301+00:00,2117,car,0.5158919095993042,332,170.53729248046875,322.81622314453125,217.99072265625,346.23809814453125
2026-06-27T21:21:53.358139+00:00,spot_10,Spot 10,Occupied,2026-06-27T21:12:23.801830+00:00,1965,car,0.7603806853294373,12934,154.42950439453125,317.392578125,193.8822021484375,343.415283203125
2026-06-27T21:21:53.358139+00:00,spot_11,Spot 11,Occupied,2026-06-27T19:35:22.909510+00:00,1830,car,0.6685597896575928,19029,120.45020294189453,312.74932861328125,166.841064453125,341.33197021484375
2026-06-27T21:21:53.358139+00:00,spot_12,Spot 12,Occupied,2026-06-27T21:21:53.358139+00:00,2109,car,0.5108682513237,1652,87.1339111328125,310.757568359375,122.9713134765625,331.85595703125
2026-06-27T21:21:53.358139+00:00,spot_13,Spot 13,Empty,2026-06-27T21:21:53.358139+00:00,,,,,,,,
2026-06-27T21:21:53.358139+00:00,spot_14,Spot 14,Occupied,2026-06-27T21:20:22.700764+00:00,2110,car,0.6832539439201355,1652,63.6291389465332,309.9306640625,97.36653137207031,331.24493408203125
2026-06-27T21:21:53.358139+00:00,spot_15,Spot 15,Empty,2026-06-27T20:46:22.836456+00:00,,,,,,,,
2026-06-27T21:21:53.358139+00:00,spot_16,Spot 16,Occupied,2026-06-27T21:17:23.479153+00:00,2091,car,0.646686851978302,4526,29.70697021484375,307.360595703125,64.63722229003906,327.401123046875
2026-06-27T21:21:53.358139+00:00,spot_17,Spot 17,Occupied,2026-06-27T21:17:23.479153+00:00,2089,car,0.4673709273338318,4526,18.18685531616211,307.7151184082031,42.582435607910156,325.3469543457031
2026-06-27T21:22:35.033010+00:00,spot_1,Spot 1,Occupied,2026-06-27T21:22:35.033010+00:00,2119,truck,0.5358223915100098,131,566.4612426757812,309.6867980957031,616.3107299804688,372.3587341308594
2026-06-27T21:22:35.033010+00:00,spot_2,Spot 2,Occupied,2026-06-27T20:45:23.845553+00:00,1963,car,0.8187997937202454,12973,495.0072021484375,321.27630615234375,545.1876220703125,370.40325927734375
2026-06-27T21:22:35.033010+00:00,spot_3,Spot 3,Occupied,2026-06-27T20:04:26.990750+00:00,1857,car,0.6299669146537781,17997,450.58160400390625,320.6915283203125,488.48358154296875,361.7371826171875
2026-06-27T21:22:35.033010+00:00,spot_4,Spot 4,Occupied,2026-06-27T19:33:22.179956+00:00,2060,truck,0.6720433831214905,6553,367.350341796875,293.62017822265625,446.116943359375,366.29229736328125
2026-06-27T21:22:35.033010+00:00,spot_5,Spot 5,Occupied,2026-06-27T21:18:23.168885+00:00,1826,car,0.7656265497207642,19068,331.69207763671875,324.95965576171875,369.89459228515625,357.64105224609375
2026-06-27T21:22:35.033010+00:00,spot_6,Spot 6,Occupied,2026-06-27T20:54:22.350568+00:00,2102,car,0.8731048703193665,2770,287.3272399902344,322.4482421875,344.2422790527344,356.5018310546875
2026-06-27T21:22:35.033010+00:00,spot_7,Spot 7,Occupied,2026-06-27T20:53:22.468996+00:00,2108,car,0.7478382587432861,1751,239.39007568359375,319.5625,297.64678955078125,354.28399658203125
2026-06-27T21:22:35.033010+00:00,spot_8,Spot 8,Occupied,2026-06-27T21:16:23.239301+00:00,2111,car,0.716178297996521,1269,207.030029296875,322.99267578125,239.94619750976562,351.9525146484375
2026-06-27T21:22:35.033010+00:00,spot_9,Spot 9,Occupied,2026-06-27T21:16:23.239301+00:00,2117,car,0.56706303358078,371,175.55490112304688,321.79315185546875,222.62661743164062,346.11248779296875
2026-06-27T21:22:35.033010+00:00,spot_10,Spot 10,Occupied,2026-06-27T21:12:23.801830+00:00,1965,car,0.8192535042762756,12973,154.60501098632812,317.6763916015625,196.03475952148438,342.65966796875
2026-06-27T21:22:35.033010+00:00,spot_11,Spot 11,Occupied,2026-06-27T19:35:22.909510+00:00,1830,car,0.6806298494338989,19068,119.86133575439453,312.89208984375,166.82342529296875,341.4539794921875
2026-06-27T21:22:35.033010+00:00,spot_12,Spot 12,Empty,2026-06-27T21:22:35.033010+00:00,,,,,,,,
2026-06-27T21:22:35.033010+00:00,spot_13,Spot 13,Empty,2026-06-27T21:21:53.358139+00:00,,,,,,,,
2026-06-27T21:22:35.033010+00:00,spot_14,Spot 14,Occupied,2026-06-27T21:20:22.700764+00:00,2110,car,0.3557392656803131,1691,62.984962463378906,310.016357421875,97.19510650634766,331.50518798828125
2026-06-27T21:22:35.033010+00:00,spot_15,Spot 15,Empty,2026-06-27T20:46:22.836456+00:00,,,,,,,,
2026-06-27T21:22:35.033010+00:00,spot_16,Spot 16,Occupied,2026-06-27T21:17:23.479153+00:00,2091,car,0.5942491292953491,4566,30.610740661621094,307.55145263671875,64.9994125366211,327.32952880859375
2026-06-27T21:22:35.033010+00:00,spot_17,Spot 17,Empty,2026-06-27T21:22:35.033010+00:00,,,,,,,,
2026-06-27T21:23:22.295285+00:00,spot_1,Spot 1,Occupied,2026-06-27T21:22:35.033010+00:00,2119,truck,0.5358223915100098,179,566.4612426757812,309.6867980957031,616.3107299804688,372.3587341308594
2026-06-27T21:23:22.295285+00:00,spot_2,Spot 2,Occupied,2026-06-27T20:45:23.845553+00:00,1963,car,0.8187997937202454,13021,495.0072021484375,321.27630615234375,545.1876220703125,370.40325927734375
2026-06-27T21:23:22.295285+00:00,spot_3,Spot 3,Occupied,2026-06-27T20:04:26.990750+00:00,1857,car,0.6299669146537781,18045,450.58160400390625,320.6915283203125,488.48358154296875,361.7371826171875
2026-06-27T21:23:22.295285+00:00,spot_4,Spot 4,Occupied,2026-06-27T19:33:22.179956+00:00,2060,truck,0.6720433831214905,6600,367.350341796875,293.62017822265625,446.116943359375,366.29229736328125
2026-06-27T21:23:22.295285+00:00,spot_5,Spot 5,Occupied,2026-06-27T21:18:23.168885+00:00,1826,car,0.7656265497207642,19116,331.69207763671875,324.95965576171875,369.89459228515625,357.64105224609375
2026-06-27T21:23:22.295285+00:00,spot_6,Spot 6,Occupied,2026-06-27T20:54:22.350568+00:00,2102,car,0.8731048703193665,2818,287.3272399902344,322.4482421875,344.2422790527344,356.5018310546875
2026-06-27T21:23:22.295285+00:00,spot_7,Spot 7,Occupied,2026-06-27T20:53:22.468996+00:00,2108,car,0.7478382587432861,1799,239.39007568359375,319.5625,297.64678955078125,354.28399658203125
2026-06-27T21:23:22.295285+00:00,spot_8,Spot 8,Occupied,2026-06-27T21:16:23.239301+00:00,2111,car,0.716178297996521,1317,207.030029296875,322.99267578125,239.94619750976562,351.9525146484375
2026-06-27T21:23:22.295285+00:00,spot_9,Spot 9,Occupied,2026-06-27T21:16:23.239301+00:00,2117,car,0.56706303358078,419,175.55490112304688,321.79315185546875,222.62661743164062,346.11248779296875
2026-06-27T21:23:22.295285+00:00,spot_10,Spot 10,Occupied,2026-06-27T21:12:23.801830+00:00,1965,car,0.8192535042762756,13021,154.60501098632812,317.6763916015625,196.03475952148438,342.65966796875
2026-06-27T21:23:22.295285+00:00,spot_11,Spot 11,Occupied,2026-06-27T19:35:22.909510+00:00,1830,car,0.6806298494338989,19116,119.86133575439453,312.89208984375,166.82342529296875,341.4539794921875
2026-06-27T21:23:22.295285+00:00,spot_12,Spot 12,Empty,2026-06-27T21:22:35.033010+00:00,,,,,,,,
2026-06-27T21:23:22.295285+00:00,spot_13,Spot 13,Empty,2026-06-27T21:21:53.358139+00:00,,,,,,,,
2026-06-27T21:23:22.295285+00:00,spot_14,Spot 14,Occupied,2026-06-27T21:20:22.700764+00:00,2110,car,0.3557392656803131,1739,62.984962463378906,310.016357421875,97.19510650634766,331.50518798828125
2026-06-27T21:23:22.295285+00:00,spot_15,Spot 15,Empty,2026-06-27T20:46:22.836456+00:00,,,,,,,,
2026-06-27T21:23:22.295285+00:00,spot_16,Spot 16,Occupied,2026-06-27T21:17:23.479153+00:00,2091,car,0.5942491292953491,4613,30.610740661621094,307.55145263671875,64.9994125366211,327.32952880859375
2026-06-27T21:23:22.295285+00:00,spot_17,Spot 17,Empty,2026-06-27T21:22:35.033010+00:00,,,,,,,,
2026-06-27T21:24:22.630281+00:00,spot_1,Spot 1,Occupied,2026-06-27T21:24:22.630281+00:00,2029,car,0.7001020908355713,9478,567.1382446289062,309.8328857421875,617.8096313476562,372.911865234375
2026-06-27T21:24:22.630281+00:00,spot_2,Spot 2,Occupied,2026-06-27T20:45:23.845553+00:00,1963,car,0.7524601817131042,13081,498.90631103515625,320.5954284667969,546.0641479492188,368.5989074707031
2026-06-27T21:24:22.630281+00:00,spot_3,Spot 3,Occupied,2026-06-27T20:04:26.990750+00:00,1857,car,0.546384334564209,18105,450.48260498046875,320.73602294921875,488.29620361328125,361.18780517578125
2026-06-27T21:24:22.630281+00:00,spot_4,Spot 4,Occupied,2026-06-27T19:33:22.179956+00:00,2060,truck,0.7765804529190063,6660,366.61627197265625,295.27398681640625,447.63897705078125,367.57159423828125
2026-06-27T21:24:22.630281+00:00,spot_5,Spot 5,Occupied,2026-06-27T21:18:23.168885+00:00,1826,car,0.7861345410346985,19176,331.96435546875,325.08642578125,368.957275390625,361.029296875
2026-06-27T21:24:22.630281+00:00,spot_6,Spot 6,Occupied,2026-06-27T20:54:22.350568+00:00,2102,car,0.8345708847045898,2878,287.25439453125,321.86993408203125,341.6927490234375,355.63372802734375
2026-06-27T21:24:22.630281+00:00,spot_7,Spot 7,Occupied,2026-06-27T20:53:22.468996+00:00,2108,car,0.7591108679771423,1859,239.55767822265625,319.86114501953125,297.62164306640625,354.44671630859375
2026-06-27T21:24:22.630281+00:00,spot_8,Spot 8,Occupied,2026-06-27T21:16:23.239301+00:00,2111,car,0.4687533378601074,1377,204.31210327148438,319.42803955078125,258.4059143066406,351.56610107421875
2026-06-27T21:24:22.630281+00:00,spot_9,Spot 9,Occupied,2026-06-27T21:16:23.239301+00:00,2117,car,0.43394705653190613,479,187.57809448242188,319.91778564453125,223.98617553710938,345.33477783203125
2026-06-27T21:24:22.630281+00:00,spot_10,Spot 10,Occupied,2026-06-27T21:12:23.801830+00:00,1965,car,0.702971875667572,13081,156.5299072265625,317.39923095703125,193.5125732421875,343.25653076171875
2026-06-27T21:24:22.630281+00:00,spot_11,Spot 11,Occupied,2026-06-27T19:35:22.909510+00:00,1830,car,0.6146786212921143,19176,119.6996078491211,312.835205078125,167.03933715820312,341.72698974609375
2026-06-27T21:24:22.630281+00:00,spot_12,Spot 12,Empty,2026-06-27T21:22:35.033010+00:00,,,,,,,,
2026-06-27T21:24:22.630281+00:00,spot_13,Spot 13,Occupied,2026-06-27T21:24:22.630281+00:00,2109,car,0.45617106556892395,1799,78.93126678466797,310.3839111328125,124.53582000732422,333.26934814453125
2026-06-27T21:24:22.630281+00:00,spot_14,Spot 14,Empty,2026-06-27T21:24:22.630281+00:00,,,,,,,,
2026-06-27T21:24:22.630281+00:00,spot_15,Spot 15,Empty,2026-06-27T20:46:22.836456+00:00,,,,,,,,
2026-06-27T21:24:22.630281+00:00,spot_16,Spot 16,Occupied,2026-06-27T21:17:23.479153+00:00,2091,car,0.5247088670730591,4673,33.131103515625,307.441650390625,64.86180114746094,326.903076171875
2026-06-27T21:24:22.630281+00:00,spot_17,Spot 17,Occupied,2026-06-27T21:24:22.630281+00:00,2089,car,0.532741367816925,4673,16.804092407226562,307.6786804199219,43.07089614868164,325.5117492675781
2026-06-27T21:25:22.460639+00:00,spot_1,Spot 1,Occupied,2026-06-27T21:24:22.630281+00:00,2029,car,0.7001020908355713,9539,567.1382446289062,309.8328857421875,617.8096313476562,372.911865234375
2026-06-27T21:25:22.460639+00:00,spot_2,Spot 2,Occupied,2026-06-27T20:45:23.845553+00:00,1963,car,0.7524601817131042,13141,498.90631103515625,320.5954284667969,546.0641479492188,368.5989074707031
2026-06-27T21:25:22.460639+00:00,spot_3,Spot 3,Occupied,2026-06-27T20:04:26.990750+00:00,1857,car,0.546384334564209,18165,450.48260498046875,320.73602294921875,488.29620361328125,361.18780517578125
2026-06-27T21:25:22.460639+00:00,spot_4,Spot 4,Occupied,2026-06-27T19:33:22.179956+00:00,2060,truck,0.7765804529190063,6721,366.61627197265625,295.27398681640625,447.63897705078125,367.57159423828125
2026-06-27T21:25:22.460639+00:00,spot_5,Spot 5,Occupied,2026-06-27T21:18:23.168885+00:00,1826,car,0.7861345410346985,19236,331.96435546875,325.08642578125,368.957275390625,361.029296875
2026-06-27T21:25:22.460639+00:00,spot_6,Spot 6,Occupied,2026-06-27T20:54:22.350568+00:00,2102,car,0.8345708847045898,2938,287.25439453125,321.86993408203125,341.6927490234375,355.63372802734375
2026-06-27T21:25:22.460639+00:00,spot_7,Spot 7,Occupied,2026-06-27T20:53:22.468996+00:00,2108,car,0.7591108679771423,1919,239.55767822265625,319.86114501953125,297.62164306640625,354.44671630859375
2026-06-27T21:25:22.460639+00:00,spot_8,Spot 8,Occupied,2026-06-27T21:16:23.239301+00:00,2111,car,0.4687533378601074,1437,204.31210327148438,319.42803955078125,258.4059143066406,351.56610107421875
2026-06-27T21:25:22.460639+00:00,spot_9,Spot 9,Occupied,2026-06-27T21:16:23.239301+00:00,2117,car,0.43394705653190613,540,187.57809448242188,319.91778564453125,223.98617553710938,345.33477783203125
2026-06-27T21:25:22.460639+00:00,spot_10,Spot 10,Occupied,2026-06-27T21:12:23.801830+00:00,1965,car,0.702971875667572,13141,156.5299072265625,317.39923095703125,193.5125732421875,343.25653076171875
2026-06-27T21:25:22.460639+00:00,spot_11,Spot 11,Occupied,2026-06-27T19:35:22.909510+00:00,1830,car,0.6146786212921143,19236,119.6996078491211,312.835205078125,167.03933715820312,341.72698974609375
2026-06-27T21:25:22.460639+00:00,spot_12,Spot 12,Empty,2026-06-27T21:22:35.033010+00:00,,,,,,,,
2026-06-27T21:25:22.460639+00:00,spot_13,Spot 13,Occupied,2026-06-27T21:24:22.630281+00:00,2109,car,0.45617106556892395,1860,78.93126678466797,310.3839111328125,124.53582000732422,333.26934814453125
2026-06-27T21:25:22.460639+00:00,spot_14,Spot 14,Empty,2026-06-27T21:24:22.630281+00:00,,,,,,,,
2026-06-27T21:25:22.460639+00:00,spot_15,Spot 15,Empty,2026-06-27T20:46:22.836456+00:00,,,,,,,,
2026-06-27T21:25:22.460639+00:00,spot_16,Spot 16,Occupied,2026-06-27T21:17:23.479153+00:00,2091,car,0.5247088670730591,4734,33.131103515625,307.441650390625,64.86180114746094,326.903076171875
2026-06-27T21:25:22.460639+00:00,spot_17,Spot 17,Occupied,2026-06-27T21:24:22.630281+00:00,2089,car,0.532741367816925,4734,16.804092407226562,307.6786804199219,43.07089614868164,325.5117492675781
2026-06-27T21:26:21.852028+00:00,spot_1,Spot 1,Occupied,2026-06-27T21:24:22.630281+00:00,2029,car,0.7283430099487305,9597,567.2318115234375,309.7352294921875,615.8094482421875,374.2381591796875
2026-06-27T21:26:21.852028+00:00,spot_2,Spot 2,Occupied,2026-06-27T20:45:23.845553+00:00,1963,car,0.8217905759811401,13200,498.0341796875,321.2498779296875,546.654296875,369.7105712890625
2026-06-27T21:26:21.852028+00:00,spot_3,Spot 3,Occupied,2026-06-27T20:04:26.990750+00:00,1857,car,0.6603764891624451,18224,450.219970703125,321.28662109375,490.2882080078125,361.60791015625
2026-06-27T21:26:21.852028+00:00,spot_4,Spot 4,Occupied,2026-06-27T19:33:22.179956+00:00,2060,truck,0.7074654698371887,6780,367.4976806640625,293.2032775878906,446.5504150390625,367.4809875488281
2026-06-27T21:26:21.852028+00:00,spot_5,Spot 5,Occupied,2026-06-27T21:18:23.168885+00:00,1826,car,0.7872515916824341,19295,332.1971435546875,325.14752197265625,368.6248779296875,358.8955078125
2026-06-27T21:26:21.852028+00:00,spot_6,Spot 6,Occupied,2026-06-27T20:54:22.350568+00:00,2102,car,0.8341749906539917,2997,287.04534912109375,321.2586669921875,340.10260009765625,356.2257080078125
2026-06-27T21:26:21.852028+00:00,spot_7,Spot 7,Occupied,2026-06-27T20:53:22.468996+00:00,2108,car,0.8315030932426453,1978,239.08319091796875,319.61883544921875,298.43115234375,354.27764892578125
2026-06-27T21:26:21.852028+00:00,spot_8,Spot 8,Occupied,2026-06-27T21:16:23.239301+00:00,2111,car,0.41028156876564026,1496,202.28482055664062,319.4289245605469,263.2278137207031,350.7066345214844
2026-06-27T21:26:21.852028+00:00,spot_9,Spot 9,Occupied,2026-06-27T21:16:23.239301+00:00,2117,car,0.6630147099494934,598,172.9521484375,323.2708740234375,217.17929077148438,346.9896240234375
2026-06-27T21:26:21.852028+00:00,spot_10,Spot 10,Occupied,2026-06-27T21:12:23.801830+00:00,1965,car,0.6508210301399231,13200,154.82858276367188,317.4842529296875,198.9827880859375,342.6085205078125
2026-06-27T21:26:21.852028+00:00,spot_11,Spot 11,Occupied,2026-06-27T19:35:22.909510+00:00,1830,car,0.6328150033950806,19295,120.47953796386719,312.816162109375,167.31410217285156,341.5169677734375
2026-06-27T21:26:21.852028+00:00,spot_12,Spot 12,Occupied,2026-06-27T21:26:21.852028+00:00,2109,car,0.5713135600090027,1918,94.13145446777344,310.7755126953125,124.00645446777344,334.493896484375
2026-06-27T21:26:21.852028+00:00,spot_13,Spot 13,Empty,2026-06-27T21:26:21.852028+00:00,,,,,,,,
2026-06-27T21:26:21.852028+00:00,spot_14,Spot 14,Occupied,2026-06-27T21:26:21.852028+00:00,2110,car,0.5234638452529907,1918,63.60237121582031,310.07098388671875,97.81832885742188,331.59515380859375
2026-06-27T21:26:21.852028+00:00,spot_15,Spot 15,Empty,2026-06-27T20:46:22.836456+00:00,,,,,,,,
2026-06-27T21:26:21.852028+00:00,spot_16,Spot 16,Occupied,2026-06-27T21:17:23.479153+00:00,2091,car,0.4774944484233856,4793,32.41718292236328,307.50518798828125,64.58321380615234,327.35980224609375
2026-06-27T21:26:21.852028+00:00,spot_17,Spot 17,Empty,2026-06-27T21:26:21.852028+00:00,,,,,,,,
2026-06-27T21:27:23.722627+00:00,spot_1,Spot 1,Occupied,2026-06-27T21:24:22.630281+00:00,2029,car,0.5251671671867371,9660,567.6201171875,310.68218994140625,615.56982421875,374.0926513671875
2026-06-27T21:27:23.722627+00:00,spot_2,Spot 2,Occupied,2026-06-27T20:45:23.845553+00:00,1963,car,0.7321123480796814,13262,500.32672119140625,321.058837890625,544.7463989257812,370.3834228515625
2026-06-27T21:27:23.722627+00:00,spot_3,Spot 3,Occupied,2026-06-27T20:04:26.990750+00:00,1857,car,0.7448856830596924,18286,450.8732604980469,323.5287170410156,489.6828918457031,362.5476379394531
2026-06-27T21:27:23.722627+00:00,spot_4,Spot 4,Occupied,2026-06-27T19:33:22.179956+00:00,2060,truck,0.7313066124916077,6842,367.88702392578125,294.22955322265625,446.89593505859375,367.52093505859375
2026-06-27T21:27:23.722627+00:00,spot_5,Spot 5,Occupied,2026-06-27T21:18:23.168885+00:00,1826,car,0.829935610294342,19357,333.30975341796875,325.0173645019531,368.6474609375,360.9488220214844
2026-06-27T21:27:23.722627+00:00,spot_6,Spot 6,Occupied,2026-06-27T20:54:22.350568+00:00,2102,car,0.8646534085273743,3059,287.2984924316406,322.523193359375,346.1467590332031,357.836181640625
2026-06-27T21:27:23.722627+00:00,spot_7,Spot 7,Occupied,2026-06-27T20:53:22.468996+00:00,2108,car,0.7437649369239807,2040,238.76614379882812,319.8145751953125,297.8365173339844,354.6510009765625
2026-06-27T21:27:23.722627+00:00,spot_8,Spot 8,Occupied,2026-06-27T21:27:23.722627+00:00,2120,car,0.7522411942481995,62,207.35264587402344,322.2786865234375,241.53587341308594,352.35595703125
2026-06-27T21:27:23.722627+00:00,spot_9,Spot 9,Occupied,2026-06-27T21:16:23.239301+00:00,2117,car,0.3988892734050751,661,187.65310668945312,323.3194580078125,218.93310546875,346.01495361328125
2026-06-27T21:27:23.722627+00:00,spot_10,Spot 10,Occupied,2026-06-27T21:12:23.801830+00:00,1965,car,0.7125623822212219,13262,153.28314208984375,318.2481689453125,195.28289794921875,343.788818359375
2026-06-27T21:27:23.722627+00:00,spot_11,Spot 11,Occupied,2026-06-27T19:35:22.909510+00:00,1830,car,0.7110828757286072,19357,120.76663970947266,313.08740234375,167.43893432617188,341.4991455078125
2026-06-27T21:27:23.722627+00:00,spot_12,Spot 12,Empty,2026-06-27T21:27:23.722627+00:00,,,,,,,,
2026-06-27T21:27:23.722627+00:00,spot_13,Spot 13,Occupied,2026-06-27T21:27:23.722627+00:00,2109,car,0.5623910427093506,1981,80.56256866455078,310.94744873046875,122.49346160888672,334.10101318359375
2026-06-27T21:27:23.722627+00:00,spot_14,Spot 14,Occupied,2026-06-27T21:26:21.852028+00:00,2110,car,0.3631357252597809,1981,63.56886291503906,310.2380065917969,96.05445861816406,331.7044982910156
2026-06-27T21:27:23.722627+00:00,spot_15,Spot 15,Empty,2026-06-27T20:46:22.836456+00:00,,,,,,,,
2026-06-27T21:27:23.722627+00:00,spot_16,Spot 16,Occupied,2026-06-27T21:17:23.479153+00:00,2091,car,0.5664722919464111,4855,28.63648223876953,307.8463134765625,64.4840316772461,327.39508056640625
2026-06-27T21:27:23.722627+00:00,spot_17,Spot 17,Occupied,2026-06-27T21:27:23.722627+00:00,2089,car,0.397393137216568,4855,16.50849151611328,307.59783935546875,42.214820861816406,326.01739501953125
2026-06-27T21:28:23.258906+00:00,spot_1,Spot 1,Occupied,2026-06-27T21:24:22.630281+00:00,2029,car,0.7607923150062561,9718,567.4732666015625,310.8355712890625,615.6680908203125,372.63470458984375
2026-06-27T21:28:23.258906+00:00,spot_2,Spot 2,Occupied,2026-06-27T20:45:23.845553+00:00,1963,car,0.7279047966003418,13321,499.8129577636719,320.68780517578125,547.33447265625,368.828125
2026-06-27T21:28:23.258906+00:00,spot_3,Spot 3,Occupied,2026-06-27T20:04:26.990750+00:00,1857,car,0.732525110244751,18345,450.10333251953125,322.03253173828125,489.67462158203125,361.15679931640625
2026-06-27T21:28:23.258906+00:00,spot_4,Spot 4,Occupied,2026-06-27T19:33:22.179956+00:00,2060,truck,0.713398814201355,6901,366.9620361328125,294.3980712890625,447.3468017578125,366.30224609375
2026-06-27T21:28:23.258906+00:00,spot_5,Spot 5,Occupied,2026-06-27T21:18:23.168885+00:00,1826,car,0.8192411065101624,19416,331.82122802734375,324.88958740234375,369.36224365234375,359.53485107421875
2026-06-27T21:28:23.258906+00:00,spot_6,Spot 6,Occupied,2026-06-27T20:54:22.350568+00:00,2102,car,0.8717813491821289,3118,287.3805236816406,321.91552734375,342.7557067871094,356.4107666015625
2026-06-27T21:28:23.258906+00:00,spot_7,Spot 7,Occupied,2026-06-27T20:53:22.468996+00:00,2108,car,0.8391295671463013,2099,240.7138214111328,319.3987121582031,297.03338623046875,353.8752746582031
2026-06-27T21:28:23.258906+00:00,spot_8,Spot 8,Occupied,2026-06-27T21:28:23.258906+00:00,2111,car,0.6106648445129395,1617,199.9114990234375,319.2799072265625,257.10028076171875,351.5213623046875
2026-06-27T21:28:23.258906+00:00,spot_9,Spot 9,Occupied,2026-06-27T21:16:23.239301+00:00,2117,car,0.7891053557395935,719,174.966552734375,320.94781494140625,218.7603759765625,347.00579833984375
2026-06-27T21:28:23.258906+00:00,spot_10,Spot 10,Occupied,2026-06-27T21:12:23.801830+00:00,1965,car,0.7989317178726196,13321,153.190673828125,317.2433776855469,195.2010498046875,343.3815612792969
2026-06-27T21:28:23.258906+00:00,spot_11,Spot 11,Occupied,2026-06-27T19:35:22.909510+00:00,1830,car,0.597848653793335,19416,120.60421752929688,312.823486328125,166.51174926757812,341.5582275390625
2026-06-27T21:28:23.258906+00:00,spot_12,Spot 12,Occupied,2026-06-27T21:28:23.258906+00:00,2109,car,0.6530569195747375,2039,85.12149047851562,310.1920166015625,125.26968383789062,333.408203125
2026-06-27T21:28:23.258906+00:00,spot_13,Spot 13,Occupied,2026-06-27T21:28:23.258906+00:00,2121,car,0.4071018099784851,0,108.84182739257812,314.60223388671875,137.92755126953125,336.08441162109375
2026-06-27T21:28:23.258906+00:00,spot_14,Spot 14,Occupied,2026-06-27T21:26:21.852028+00:00,2110,car,0.643397331237793,2039,63.16261291503906,309.61395263671875,89.09806823730469,330.9083251953125
2026-06-27T21:28:23.258906+00:00,spot_15,Spot 15,Empty,2026-06-27T20:46:22.836456+00:00,,,,,,,,
2026-06-27T21:28:23.258906+00:00,spot_16,Spot 16,Occupied,2026-06-27T21:17:23.479153+00:00,2091,car,0.5652305483818054,4914,33.70366668701172,307.3673095703125,64.52948760986328,327.079345703125
2026-06-27T21:28:23.258906+00:00,spot_17,Spot 17,Occupied,2026-06-27T21:27:23.722627+00:00,2089,car,0.6651042699813843,4914,15.405320167541504,307.1798400878906,41.65435791015625,325.1365051269531
2026-06-27T21:29:21.545703+00:00,spot_1,Spot 1,Empty,2026-06-27T21:29:21.545703+00:00,,,,,,,,
2026-06-27T21:29:21.545703+00:00,spot_2,Spot 2,Occupied,2026-06-27T20:45:23.845553+00:00,1963,car,0.6249656677246094,13380,500.2634582519531,320.823486328125,546.62353515625,369.020263671875
2026-06-27T21:29:21.545703+00:00,spot_3,Spot 3,Occupied,2026-06-27T20:04:26.990750+00:00,1857,car,0.5680121779441833,18404,450.575439453125,322.1466064453125,490.4775390625,361.8438720703125
2026-06-27T21:29:21.545703+00:00,spot_4,Spot 4,Occupied,2026-06-27T19:33:22.179956+00:00,2060,truck,0.7273651957511902,6959,367.0513916015625,291.744140625,446.9017333984375,366.478271484375
2026-06-27T21:29:21.545703+00:00,spot_5,Spot 5,Occupied,2026-06-27T21:18:23.168885+00:00,1826,car,0.829189658164978,19475,331.63250732421875,325.1778869628906,368.75848388671875,360.4891662597656
2026-06-27T21:29:21.545703+00:00,spot_6,Spot 6,Occupied,2026-06-27T20:54:22.350568+00:00,2102,car,0.8416471481323242,3177,287.60809326171875,322.1280822753906,340.8856201171875,356.1045227050781
2026-06-27T21:29:21.545703+00:00,spot_7,Spot 7,Occupied,2026-06-27T20:53:22.468996+00:00,2108,car,0.7316077947616577,2158,240.879150390625,319.34307861328125,291.2413330078125,353.73260498046875
2026-06-27T21:29:21.545703+00:00,spot_8,Spot 8,Occupied,2026-06-27T21:28:23.258906+00:00,2111,car,0.6911566853523254,1676,206.8755340576172,320.41552734375,251.28196716308594,351.2978515625
2026-06-27T21:29:21.545703+00:00,spot_9,Spot 9,Occupied,2026-06-27T21:16:23.239301+00:00,2117,car,0.7185094952583313,778,174.2266082763672,322.3801574707031,209.44932556152344,347.1794738769531
2026-06-27T21:29:21.545703+00:00,spot_10,Spot 10,Occupied,2026-06-27T21:12:23.801830+00:00,1965,car,0.7315618991851807,13380,153.44757080078125,317.24688720703125,194.28692626953125,343.58428955078125
2026-06-27T21:29:21.545703+00:00,spot_11,Spot 11,Occupied,2026-06-27T19:35:22.909510+00:00,1830,car,0.604130744934082,19475,126.43163299560547,312.9626770019531,166.59783935546875,341.2956237792969
2026-06-27T21:29:21.545703+00:00,spot_12,Spot 12,Empty,2026-06-27T21:29:21.545703+00:00,,,,,,,,
2026-06-27T21:29:21.545703+00:00,spot_13,Spot 13,Occupied,2026-06-27T21:29:21.545703+00:00,2109,car,0.6385806202888489,2098,80.30680847167969,310.52288818359375,124.44721984863281,332.76983642578125
2026-06-27T21:29:21.545703+00:00,spot_14,Spot 14,Occupied,2026-06-27T21:26:21.852028+00:00,2110,car,0.42361196875572205,2098,62.85417175292969,308.875244140625,88.09101867675781,330.176513671875
2026-06-27T21:29:21.545703+00:00,spot_15,Spot 15,Empty,2026-06-27T20:46:22.836456+00:00,,,,,,,,
2026-06-27T21:29:21.545703+00:00,spot_16,Spot 16,Occupied,2026-06-27T21:17:23.479153+00:00,2091,car,0.5239967107772827,4972,32.2039794921875,307.381591796875,64.89143371582031,327.30126953125
2026-06-27T21:29:21.545703+00:00,spot_17,Spot 17,Occupied,2026-06-27T21:27:23.722627+00:00,2089,car,0.36240553855895996,4972,15.832389831542969,307.33636474609375,42.20269012451172,325.51849365234375
2026-06-27T21:30:25.247619+00:00,spot_1,Spot 1,Occupied,2026-06-27T21:30:25.247619+00:00,2123,bus,0.4324362277984619,0,567.053955078125,310.2242431640625,615.439453125,372.164794921875
2026-06-27T21:30:25.247619+00:00,spot_2,Spot 2,Empty,2026-06-27T21:30:25.247619+00:00,,,,,,,,
2026-06-27T21:30:25.247619+00:00,spot_3,Spot 3,Occupied,2026-06-27T20:04:26.990750+00:00,1857,car,0.495002418756485,18469,449.4787292480469,321.27813720703125,491.8550720214844,361.01544189453125
2026-06-27T21:30:25.247619+00:00,spot_4,Spot 4,Occupied,2026-06-27T19:33:22.179956+00:00,2060,truck,0.7965561151504517,7024,367.471435546875,293.88623046875,446.6414794921875,367.01776123046875
2026-06-27T21:30:25.247619+00:00,spot_5,Spot 5,Occupied,2026-06-27T21:18:23.168885+00:00,1826,car,0.6246904730796814,19540,331.405029296875,324.3590087890625,368.91302490234375,357.9844970703125
2026-06-27T21:30:25.247619+00:00,spot_6,Spot 6,Occupied,2026-06-27T20:54:22.350568+00:00,2102,car,0.7871651649475098,3241,287.145263671875,322.11981201171875,342.8026123046875,356.60321044921875
2026-06-27T21:30:25.247619+00:00,spot_7,Spot 7,Occupied,2026-06-27T20:53:22.468996+00:00,2108,car,0.7036813497543335,2223,241.3862762451172,319.9344787597656,293.79290771484375,353.5361633300781
2026-06-27T21:30:25.247619+00:00,spot_8,Spot 8,Occupied,2026-06-27T21:28:23.258906+00:00,2111,car,0.5040375590324402,1741,200.35325622558594,320.0887756347656,253.0405731201172,351.8489074707031
2026-06-27T21:30:25.247619+00:00,spot_9,Spot 9,Occupied,2026-06-27T21:16:23.239301+00:00,2117,car,0.6427047252655029,843,174.23182678222656,322.8912658691406,208.7571563720703,346.8195495605469
2026-06-27T21:30:25.247619+00:00,spot_10,Spot 10,Occupied,2026-06-27T21:12:23.801830+00:00,1965,car,0.6743870973587036,13445,155.49114990234375,317.060302734375,192.3387451171875,343.2415771484375
2026-06-27T21:30:25.247619+00:00,spot_11,Spot 11,Occupied,2026-06-27T19:35:22.909510+00:00,1830,car,0.7632836103439331,19540,119.7444839477539,312.90625,167.17123413085938,341.59814453125
2026-06-27T21:30:25.247619+00:00,spot_12,Spot 12,Empty,2026-06-27T21:29:21.545703+00:00,,,,,,,,
2026-06-27T21:30:25.247619+00:00,spot_13,Spot 13,Occupied,2026-06-27T21:29:21.545703+00:00,2109,car,0.6010907888412476,2163,79.404541015625,310.57958984375,123.26017761230469,333.3887939453125
2026-06-27T21:30:25.247619+00:00,spot_14,Spot 14,Empty,2026-06-27T21:30:25.247619+00:00,,,,,,,,
2026-06-27T21:30:25.247619+00:00,spot_15,Spot 15,Empty,2026-06-27T20:46:22.836456+00:00,,,,,,,,
2026-06-27T21:30:25.247619+00:00,spot_16,Spot 16,Occupied,2026-06-27T21:17:23.479153+00:00,2091,car,0.5539627075195312,5037,30.771652221679688,307.2392578125,64.8729248046875,327.50421142578125
2026-06-27T21:30:25.247619+00:00,spot_17,Spot 17,Empty,2026-06-27T21:30:25.247619+00:00,,,,,,,,
2026-06-27T21:31:24.298629+00:00,spot_1,Spot 1,Occupied,2026-06-27T21:30:25.247619+00:00,2123,bus,0.7401100993156433,58,567.4217529296875,309.997314453125,615.6063232421875,372.2523193359375
2026-06-27T21:31:24.298629+00:00,spot_2,Spot 2,Occupied,2026-06-27T21:31:24.298629+00:00,2124,truck,0.4563669264316559,0,499.33917236328125,320.48876953125,547.0258178710938,368.698974609375
2026-06-27T21:31:24.298629+00:00,spot_3,Spot 3,Occupied,2026-06-27T20:04:26.990750+00:00,1857,car,0.7539436221122742,18527,449.7301025390625,322.36297607421875,488.6651611328125,360.80596923828125
2026-06-27T21:31:24.298629+00:00,spot_4,Spot 4,Occupied,2026-06-27T19:33:22.179956+00:00,2060,truck,0.7798848748207092,7083,367.46856689453125,293.4744567871094,447.15228271484375,367.1545104980469
2026-06-27T21:31:24.298629+00:00,spot_5,Spot 5,Occupied,2026-06-27T21:18:23.168885+00:00,1826,car,0.794926643371582,19598,332.21881103515625,325.6439208984375,368.93951416015625,358.703369140625
2026-06-27T21:31:24.298629+00:00,spot_6,Spot 6,Occupied,2026-06-27T20:54:22.350568+00:00,2102,car,0.8680356740951538,3300,287.0399169921875,321.9744873046875,344.4361572265625,356.72186279296875
2026-06-27T21:31:24.298629+00:00,spot_7,Spot 7,Occupied,2026-06-27T20:53:22.468996+00:00,2108,car,0.6531997323036194,2281,240.6822052001953,319.94384765625,293.92218017578125,353.73699951171875
2026-06-27T21:31:24.298629+00:00,spot_8,Spot 8,Occupied,2026-06-27T21:28:23.258906+00:00,2111,car,0.5080749988555908,1799,195.39474487304688,322.4305725097656,241.59286499023438,350.9232482910156
2026-06-27T21:31:24.298629+00:00,spot_9,Spot 9,Occupied,2026-06-27T21:16:23.239301+00:00,2117,car,0.5869159698486328,901,175.03707885742188,322.8912353515625,208.88497924804688,347.04156494140625
2026-06-27T21:31:24.298629+00:00,spot_10,Spot 10,Occupied,2026-06-27T21:12:23.801830+00:00,1965,car,0.7705634236335754,13503,153.15313720703125,317.563232421875,193.6793212890625,343.4656982421875
2026-06-27T21:31:24.298629+00:00,spot_11,Spot 11,Occupied,2026-06-27T19:35:22.909510+00:00,1830,car,0.6192808151245117,19598,120.27745819091797,312.77685546875,167.0086669921875,341.4241943359375
2026-06-27T21:31:24.298629+00:00,spot_12,Spot 12,Occupied,2026-06-27T21:31:24.298629+00:00,2125,car,0.412713885307312,0,102.67485046386719,314.76580810546875,135.6093292236328,336.48114013671875
2026-06-27T21:31:24.298629+00:00,spot_13,Spot 13,Occupied,2026-06-27T21:29:21.545703+00:00,2109,car,0.5956227779388428,2221,79.15046691894531,310.4276428222656,123.68428039550781,333.0835266113281
2026-06-27T21:31:24.298629+00:00,spot_14,Spot 14,Occupied,2026-06-27T21:31:24.298629+00:00,2110,car,0.5219089984893799,2221,63.62042236328125,309.1309814453125,87.56878662109375,330.61767578125
2026-06-27T21:31:24.298629+00:00,spot_15,Spot 15,Empty,2026-06-27T20:46:22.836456+00:00,,,,,,,,
2026-06-27T21:31:24.298629+00:00,spot_16,Spot 16,Occupied,2026-06-27T21:17:23.479153+00:00,2091,car,0.4131568670272827,5096,32.17449188232422,307.7554016113281,65.31934356689453,327.5699157714844
2026-06-27T21:31:24.298629+00:00,spot_17,Spot 17,Empty,2026-06-27T21:30:25.247619+00:00,,,,,,,,
2026-06-27T21:32:25.459224+00:00,spot_1,Spot 1,Occupied,2026-06-27T21:32:25.459224+00:00,2126,car,0.7379663586616516,0,567.4072265625,310.40850830078125,615.81494140625,372.72198486328125
2026-06-27T21:32:25.459224+00:00,spot_2,Spot 2,Occupied,2026-06-27T21:32:25.459224+00:00,1963,car,0.7496333718299866,13564,500.19146728515625,321.078369140625,546.5831909179688,367.9161376953125
2026-06-27T21:32:25.459224+00:00,spot_3,Spot 3,Occupied,2026-06-27T20:04:26.990750+00:00,1857,car,0.5285080075263977,18588,450.53704833984375,321.92254638671875,489.05535888671875,362.09869384765625
2026-06-27T21:32:25.459224+00:00,spot_4,Spot 4,Occupied,2026-06-27T19:33:22.179956+00:00,2060,truck,0.605069100856781,7144,367.3543395996094,294.3968200683594,446.4286804199219,366.6771545410156
2026-06-27T21:32:25.459224+00:00,spot_5,Spot 5,Occupied,2026-06-27T21:18:23.168885+00:00,1826,car,0.8409936428070068,19659,331.51837158203125,324.7360534667969,368.90814208984375,358.5599060058594
2026-06-27T21:32:25.459224+00:00,spot_6,Spot 6,Occupied,2026-06-27T20:54:22.350568+00:00,2102,car,0.818535327911377,3361,287.48980712890625,321.69775390625,345.41363525390625,356.3416748046875
2026-06-27T21:32:25.459224+00:00,spot_7,Spot 7,Occupied,2026-06-27T20:53:22.468996+00:00,2108,car,0.7106094360351562,2342,240.654052734375,319.7786865234375,296.80377197265625,354.32281494140625
2026-06-27T21:32:25.459224+00:00,spot_8,Spot 8,Occupied,2026-06-27T21:28:23.258906+00:00,2111,car,0.6826971173286438,1860,206.76870727539062,321.08294677734375,240.49191284179688,350.84051513671875
2026-06-27T21:32:25.459224+00:00,spot_9,Spot 9,Occupied,2026-06-27T21:16:23.239301+00:00,2117,car,0.5421839952468872,962,174.30624389648438,322.858154296875,217.40313720703125,346.9456787109375
2026-06-27T21:32:25.459224+00:00,spot_10,Spot 10,Occupied,2026-06-27T21:12:23.801830+00:00,1965,car,0.676649272441864,13564,151.41378784179688,317.5062255859375,193.66323852539062,343.50396728515625
2026-06-27T21:32:25.459224+00:00,spot_11,Spot 11,Occupied,2026-06-27T19:35:22.909510+00:00,1830,car,0.6194647550582886,19659,120.5312728881836,312.82366943359375,166.92263793945312,341.04974365234375
2026-06-27T21:32:25.459224+00:00,spot_12,Spot 12,Occupied,2026-06-27T21:31:24.298629+00:00,2125,car,0.5318440794944763,61,102.91902160644531,312.6671142578125,135.5120391845703,336.50616455078125
2026-06-27T21:32:25.459224+00:00,spot_13,Spot 13,Empty,2026-06-27T21:32:25.459224+00:00,,,,,,,,
2026-06-27T21:32:25.459224+00:00,spot_14,Spot 14,Empty,2026-06-27T21:32:25.459224+00:00,,,,,,,,
2026-06-27T21:32:25.459224+00:00,spot_15,Spot 15,Empty,2026-06-27T20:46:22.836456+00:00,,,,,,,,
2026-06-27T21:32:25.459224+00:00,spot_16,Spot 16,Empty,2026-06-27T21:32:25.459224+00:00,,,,,,,,
2026-06-27T21:32:25.459224+00:00,spot_17,Spot 17,Empty,2026-06-27T21:30:25.247619+00:00,,,,,,,,
2026-06-27T21:33:24.283791+00:00,spot_1,Spot 1,Occupied,2026-06-27T21:33:24.283791+00:00,2123,bus,0.520049512386322,178,567.7471313476562,308.04791259765625,616.7266235351562,373.18182373046875
2026-06-27T21:33:24.283791+00:00,spot_2,Spot 2,Occupied,2026-06-27T21:32:25.459224+00:00,1963,car,0.7342723608016968,13623,498.26043701171875,321.4337158203125,545.7996215820312,369.246826171875
2026-06-27T21:33:24.283791+00:00,spot_3,Spot 3,Occupied,2026-06-27T20:04:26.990750+00:00,1857,car,0.4291791319847107,18647,450.1393737792969,321.5716552734375,491.9672546386719,361.2760009765625
2026-06-27T21:33:24.283791+00:00,spot_4,Spot 4,Empty,2026-06-27T21:33:24.283791+00:00,,,,,,,,
2026-06-27T21:33:24.283791+00:00,spot_5,Spot 5,Occupied,2026-06-27T21:18:23.168885+00:00,1826,car,0.7740642428398132,19718,331.81005859375,324.1368408203125,368.6671142578125,360.53619384765625
2026-06-27T21:33:24.283791+00:00,spot_6,Spot 6,Occupied,2026-06-27T20:54:22.350568+00:00,2102,car,0.8157734274864197,3420,287.3702392578125,322.0631408691406,343.13104248046875,355.7830505371094
2026-06-27T21:33:24.283791+00:00,spot_7,Spot 7,Empty,2026-06-27T21:33:24.283791+00:00,,,,,,,,
2026-06-27T21:33:24.283791+00:00,spot_8,Spot 8,Occupied,2026-06-27T21:28:23.258906+00:00,2111,car,0.5468965172767639,1919,207.242431640625,318.2652893066406,265.8401794433594,351.4803161621094
2026-06-27T21:33:24.283791+00:00,spot_9,Spot 9,Occupied,2026-06-27T21:16:23.239301+00:00,2117,car,0.7046047449111938,1022,174.36160278320312,322.20855712890625,216.01956176757812,347.05950927734375
2026-06-27T21:33:24.283791+00:00,spot_10,Spot 10,Occupied,2026-06-27T21:12:23.801830+00:00,1965,car,0.7726226449012756,13623,154.16677856445312,317.3717041015625,192.85134887695312,343.638671875
2026-06-27T21:33:24.283791+00:00,spot_11,Spot 11,Occupied,2026-06-27T19:35:22.909510+00:00,1830,car,0.6030491590499878,19718,120.55782318115234,312.7552490234375,166.73074340820312,341.732421875
2026-06-27T21:33:24.283791+00:00,spot_12,Spot 12,Occupied,2026-06-27T21:31:24.298629+00:00,2125,car,0.5588381886482239,120,102.67868041992188,314.10040283203125,134.84133911132812,336.54254150390625
2026-06-27T21:33:24.283791+00:00,spot_13,Spot 13,Occupied,2026-06-27T21:33:24.283791+00:00,2109,car,0.5779858231544495,2341,80.67671203613281,310.5562744140625,122.92439270019531,332.9508056640625
2026-06-27T21:33:24.283791+00:00,spot_14,Spot 14,Empty,2026-06-27T21:32:25.459224+00:00,,,,,,,,
2026-06-27T21:33:24.283791+00:00,spot_15,Spot 15,Empty,2026-06-27T20:46:22.836456+00:00,,,,,,,,
2026-06-27T21:33:24.283791+00:00,spot_16,Spot 16,Occupied,2026-06-27T21:33:24.283791+00:00,2091,car,0.5223968029022217,5216,32.30475616455078,307.8365478515625,65.11840057373047,327.005859375
2026-06-27T21:33:24.283791+00:00,spot_17,Spot 17,Empty,2026-06-27T21:30:25.247619+00:00,,,,,,,,
2026-06-27T21:34:25.845804+00:00,spot_1,Spot 1,Occupied,2026-06-27T21:34:25.845804+00:00,2126,car,0.45340269804000854,122,567.8494873046875,310.2513122558594,622.5291748046875,372.9155578613281
2026-06-27T21:34:25.845804+00:00,spot_2,Spot 2,Occupied,2026-06-27T21:32:25.459224+00:00,1963,car,0.7365007400512695,13686,499.8637390136719,320.83258056640625,547.063232421875,369.16998291015625
2026-06-27T21:34:25.845804+00:00,spot_3,Spot 3,Occupied,2026-06-27T20:04:26.990750+00:00,1857,car,0.5043472051620483,18710,450.2581787109375,325.2056579589844,489.63232421875,360.9183044433594
2026-06-27T21:34:25.845804+00:00,spot_4,Spot 4,Occupied,2026-06-27T21:34:25.845804+00:00,2060,truck,0.6186726689338684,7266,367.3670654296875,293.7763671875,446.49163818359375,366.7550048828125
2026-06-27T21:34:25.845804+00:00,spot_5,Spot 5,Occupied,2026-06-27T21:18:23.168885+00:00,1826,car,0.8429698348045349,19781,332.14776611328125,325.0325927734375,368.96514892578125,358.7579345703125
2026-06-27T21:34:25.845804+00:00,spot_6,Spot 6,Occupied,2026-06-27T20:54:22.350568+00:00,2102,car,0.8647633194923401,3483,286.7802734375,322.06988525390625,344.67822265625,356.86962890625
2026-06-27T21:34:25.845804+00:00,spot_7,Spot 7,Occupied,2026-06-27T21:34:25.845804+00:00,2108,car,0.7919641137123108,2464,240.35643005371094,319.9581298828125,297.63671875,354.012451171875
2026-06-27T21:34:25.845804+00:00,spot_8,Spot 8,Occupied,2026-06-27T21:28:23.258906+00:00,2111,car,0.6469231843948364,1983,206.5526123046875,321.83929443359375,241.92086791992188,351.55792236328125
2026-06-27T21:34:25.845804+00:00,spot_9,Spot 9,Occupied,2026-06-27T21:16:23.239301+00:00,2117,car,0.6462213397026062,1085,174.91360473632812,322.7558898925781,210.09017944335938,346.8680725097656
2026-06-27T21:34:25.845804+00:00,spot_10,Spot 10,Occupied,2026-06-27T21:12:23.801830+00:00,1965,car,0.7764662504196167,13686,155.6328125,317.3953857421875,194.33782958984375,343.1260986328125
2026-06-27T21:34:25.845804+00:00,spot_11,Spot 11,Occupied,2026-06-27T19:35:22.909510+00:00,1830,car,0.7432259321212769,19781,120.87739562988281,313.05572509765625,166.98399353027344,340.04705810546875
2026-06-27T21:34:25.845804+00:00,spot_12,Spot 12,Occupied,2026-06-27T21:31:24.298629+00:00,2125,car,0.4031291902065277,183,102.74693298339844,314.7291259765625,136.21742248535156,336.8428955078125
2026-06-27T21:34:25.845804+00:00,spot_13,Spot 13,Occupied,2026-06-27T21:33:24.283791+00:00,2109,car,0.5382397770881653,2405,79.59069061279297,310.4620361328125,124.1181869506836,332.9027099609375
2026-06-27T21:34:25.845804+00:00,spot_14,Spot 14,Empty,2026-06-27T21:32:25.459224+00:00,,,,,,,,
2026-06-27T21:34:25.845804+00:00,spot_15,Spot 15,Empty,2026-06-27T20:46:22.836456+00:00,,,,,,,,
2026-06-27T21:34:25.845804+00:00,spot_16,Spot 16,Occupied,2026-06-27T21:33:24.283791+00:00,2091,car,0.5755248665809631,5279,31.77539825439453,307.377685546875,64.43316650390625,327.219482421875
2026-06-27T21:34:25.845804+00:00,spot_17,Spot 17,Occupied,2026-06-27T21:34:25.845804+00:00,2127,car,0.3976012170314789,0,16.532142639160156,306.2989196777344,38.295166015625,325.1997985839844
2026-06-27T21:35:24.963451+00:00,spot_1,Spot 1,Occupied,2026-06-27T21:35:24.963451+00:00,2123,bus,0.5991131663322449,300,568.26513671875,310.1326904296875,618.4267578125,372.318115234375
2026-06-27T21:35:24.963451+00:00,spot_2,Spot 2,Occupied,2026-06-27T21:32:25.459224+00:00,1963,car,0.6987457871437073,13745,499.26470947265625,321.06878662109375,546.0974731445312,369.75323486328125
2026-06-27T21:35:24.963451+00:00,spot_3,Spot 3,Occupied,2026-06-27T21:35:24.963451+00:00,2128,truck,0.3883010745048523,0,448.8097229003906,322.938720703125,488.8126525878906,362.215576171875
2026-06-27T21:35:24.963451+00:00,spot_4,Spot 4,Occupied,2026-06-27T21:34:25.845804+00:00,2060,truck,0.7050389051437378,7324,366.3620300292969,293.1573486328125,447.5822448730469,365.76593017578125
2026-06-27T21:35:24.963451+00:00,spot_5,Spot 5,Occupied,2026-06-27T21:18:23.168885+00:00,1826,car,0.719234049320221,19840,334.07513427734375,326.707275390625,368.40460205078125,358.49163818359375
2026-06-27T21:35:24.963451+00:00,spot_6,Spot 6,Occupied,2026-06-27T20:54:22.350568+00:00,2102,car,0.7988564372062683,3541,287.1380310058594,322.00189208984375,339.1675720214844,356.50982666015625
2026-06-27T21:35:24.963451+00:00,spot_7,Spot 7,Occupied,2026-06-27T21:34:25.845804+00:00,2108,car,0.5972459316253662,2523,239.38357543945312,320.0313415527344,289.1685485839844,353.8768005371094
2026-06-27T21:35:24.963451+00:00,spot_8,Spot 8,Occupied,2026-06-27T21:28:23.258906+00:00,2111,car,0.5153664946556091,2041,206.3396759033203,319.967041015625,243.5236053466797,352.280029296875
2026-06-27T21:35:24.963451+00:00,spot_9,Spot 9,Empty,2026-06-27T21:35:24.963451+00:00,,,,,,,,
2026-06-27T21:35:24.963451+00:00,spot_10,Spot 10,Occupied,2026-06-27T21:12:23.801830+00:00,1965,car,0.5794255137443542,13745,155.41546630859375,318.00726318359375,194.39251708984375,342.41192626953125
2026-06-27T21:35:24.963451+00:00,spot_11,Spot 11,Occupied,2026-06-27T19:35:22.909510+00:00,1830,car,0.4574557840824127,19840,120.830078125,312.691162109375,167.40072631835938,340.7730712890625
2026-06-27T21:35:24.963451+00:00,spot_12,Spot 12,Empty,2026-06-27T21:35:24.963451+00:00,,,,,,,,
2026-06-27T21:35:24.963451+00:00,spot_13,Spot 13,Empty,2026-06-27T21:35:24.963451+00:00,,,,,,,,
2026-06-27T21:35:24.963451+00:00,spot_14,Spot 14,Empty,2026-06-27T21:32:25.459224+00:00,,,,,,,,
2026-06-27T21:35:24.963451+00:00,spot_15,Spot 15,Empty,2026-06-27T20:46:22.836456+00:00,,,,,,,,
2026-06-27T21:35:24.963451+00:00,spot_16,Spot 16,Occupied,2026-06-27T21:33:24.283791+00:00,2091,car,0.5265988707542419,5337,28.78697967529297,307.63623046875,65.7020034790039,327.3709716796875
2026-06-27T21:35:24.963451+00:00,spot_17,Spot 17,Empty,2026-06-27T21:35:24.963451+00:00,,,,,,,,
2026-06-27T21:36:24.309459+00:00,spot_1,Spot 1,Occupied,2026-06-27T21:36:24.309459+00:00,2126,car,0.7858242392539978,239,566.5896606445312,310.2777099609375,617.8113403320312,373.36376953125
2026-06-27T21:36:24.309459+00:00,spot_2,Spot 2,Occupied,2026-06-27T21:32:25.459224+00:00,1963,car,0.5277833938598633,13804,500.61419677734375,339.70098876953125,544.5764770507812,369.18438720703125
2026-06-27T21:36:24.309459+00:00,spot_3,Spot 3,Occupied,2026-06-27T21:36:24.309459+00:00,1857,car,0.5308027863502502,18828,451.18206787109375,324.86846923828125,489.13946533203125,361.32611083984375
2026-06-27T21:36:24.309459+00:00,spot_4,Spot 4,Occupied,2026-06-27T21:34:25.845804+00:00,2060,truck,0.8335986137390137,7383,367.1416015625,292.73297119140625,447.6168212890625,366.91094970703125
2026-06-27T21:36:24.309459+00:00,spot_5,Spot 5,Occupied,2026-06-27T21:18:23.168885+00:00,1826,car,0.8172391057014465,19899,332.5295104980469,325.8243103027344,368.8948669433594,357.7580261230469
2026-06-27T21:36:24.309459+00:00,spot_6,Spot 6,Occupied,2026-06-27T20:54:22.350568+00:00,2102,car,0.8043839931488037,3601,285.932861328125,321.0561218261719,341.8681640625,357.9042663574219
2026-06-27T21:36:24.309459+00:00,spot_7,Spot 7,Occupied,2026-06-27T21:34:25.845804+00:00,2108,car,0.7466346621513367,2582,211.24362182617188,326.1117248535156,284.5305480957031,366.9347839355469
2026-06-27T21:36:24.309459+00:00,spot_8,Spot 8,Occupied,2026-06-27T21:28:23.258906+00:00,2111,car,0.6684291362762451,2100,207.23858642578125,319.36383056640625,265.89849853515625,351.3929443359375
2026-06-27T21:36:24.309459+00:00,spot_9,Spot 9,Occupied,2026-06-27T21:36:24.309459+00:00,2117,car,0.7739022374153137,1202,173.79734802246094,321.0433654785156,219.9696502685547,347.0682067871094
2026-06-27T21:36:24.309459+00:00,spot_10,Spot 10,Occupied,2026-06-27T21:12:23.801830+00:00,1965,car,0.7513854503631592,13804,154.20541381835938,317.4400634765625,193.63967895507812,343.3250732421875
2026-06-27T21:36:24.309459+00:00,spot_11,Spot 11,Occupied,2026-06-27T19:35:22.909510+00:00,1830,car,0.5830760598182678,19899,121.28173065185547,312.8885803222656,167.00018310546875,341.3034362792969
2026-06-27T21:36:24.309459+00:00,spot_12,Spot 12,Occupied,2026-06-27T21:36:24.309459+00:00,2125,car,0.450909286737442,300,103.36860656738281,314.3011474609375,135.0230255126953,336.5921630859375
2026-06-27T21:36:24.309459+00:00,spot_13,Spot 13,Occupied,2026-06-27T21:36:24.309459+00:00,2109,car,0.48091980814933777,2522,79.80926513671875,310.6247253417969,123.66020202636719,332.8702697753906
2026-06-27T21:36:24.309459+00:00,spot_14,Spot 14,Occupied,2026-06-27T21:36:24.309459+00:00,2129,car,0.4851914048194885,0,65.21730041503906,309.72296142578125,100.74363708496094,332.11724853515625
2026-06-27T21:36:24.309459+00:00,spot_15,Spot 15,Empty,2026-06-27T20:46:22.836456+00:00,,,,,,,,
2026-06-27T21:36:24.309459+00:00,spot_16,Spot 16,Occupied,2026-06-27T21:33:24.283791+00:00,2091,car,0.5455363392829895,5397,35.379310607910156,307.4002990722656,65.05532836914062,327.1661682128906
2026-06-27T21:36:24.309459+00:00,spot_17,Spot 17,Occupied,2026-06-27T21:36:24.309459+00:00,2127,car,0.4852723479270935,117,18.03134536743164,307.24169921875,43.01920700073242,325.2574462890625
2026-06-27T21:37:24.123900+00:00,spot_1,Spot 1,Empty,2026-06-27T21:37:24.123900+00:00,,,,,,,,
2026-06-27T21:37:24.123900+00:00,spot_2,Spot 2,Occupied,2026-06-27T21:32:25.459224+00:00,1963,car,0.7304664254188538,13863,500.227294921875,321.1604919433594,545.62158203125,368.4926452636719
2026-06-27T21:37:24.123900+00:00,spot_3,Spot 3,Occupied,2026-06-27T21:36:24.309459+00:00,1857,car,0.6172386407852173,18887,450.62347412109375,323.09124755859375,488.70587158203125,361.51934814453125
2026-06-27T21:37:24.123900+00:00,spot_4,Spot 4,Occupied,2026-06-27T21:34:25.845804+00:00,2060,truck,0.7444642186164856,7443,367.69818115234375,293.87969970703125,447.04803466796875,367.91546630859375
2026-06-27T21:37:24.123900+00:00,spot_5,Spot 5,Occupied,2026-06-27T21:18:23.168885+00:00,1826,car,0.7508029937744141,19958,333.0855407714844,326.322509765625,368.6792297363281,358.1182861328125
2026-06-27T21:37:24.123900+00:00,spot_6,Spot 6,Occupied,2026-06-27T20:54:22.350568+00:00,2102,car,0.7953517436981201,3660,287.05047607421875,320.6171875,340.2569580078125,356.0970458984375
2026-06-27T21:37:24.123900+00:00,spot_7,Spot 7,Empty,2026-06-27T21:37:24.123900+00:00,,,,,,,,
2026-06-27T21:37:24.123900+00:00,spot_8,Spot 8,Empty,2026-06-27T21:37:24.123900+00:00,,,,,,,,
2026-06-27T21:37:24.123900+00:00,spot_9,Spot 9,Empty,2026-06-27T21:37:24.123900+00:00,,,,,,,,
2026-06-27T21:37:24.123900+00:00,spot_10,Spot 10,Occupied,2026-06-27T21:12:23.801830+00:00,1965,car,0.6766977310180664,13863,153.71243286132812,317.7466125488281,193.72213745117188,343.6212463378906
2026-06-27T21:37:24.123900+00:00,spot_11,Spot 11,Occupied,2026-06-27T19:35:22.909510+00:00,1830,car,0.5379617214202881,19958,124.30023193359375,312.8475646972656,167.04876708984375,341.6621398925781
2026-06-27T21:37:24.123900+00:00,spot_12,Spot 12,Occupied,2026-06-27T21:36:24.309459+00:00,2125,car,0.44261178374290466,359,102.85102844238281,315.07122802734375,135.2817840576172,336.79296875
2026-06-27T21:37:24.123900+00:00,spot_13,Spot 13,Occupied,2026-06-27T21:36:24.309459+00:00,2109,car,0.583989679813385,2581,79.40458679199219,310.46710205078125,123.46560668945312,333.44976806640625
2026-06-27T21:37:24.123900+00:00,spot_14,Spot 14,Occupied,2026-06-27T21:36:24.309459+00:00,2129,car,0.3945150375366211,59,63.764686584472656,309.9963684082031,91.41228485107422,330.5110778808594
2026-06-27T21:37:24.123900+00:00,spot_15,Spot 15,Empty,2026-06-27T20:46:22.836456+00:00,,,,,,,,
2026-06-27T21:37:24.123900+00:00,spot_16,Spot 16,Occupied,2026-06-27T21:33:24.283791+00:00,2091,car,0.5109104514122009,5456,30.992353439331055,307.691162109375,64.90885925292969,327.3702392578125
2026-06-27T21:37:24.123900+00:00,spot_17,Spot 17,Empty,2026-06-27T21:37:24.123900+00:00,,,,,,,,
2026-06-27T21:38:24.346205+00:00,spot_1,Spot 1,Occupied,2026-06-27T21:38:24.346205+00:00,2126,car,0.3958738446235657,359,563.3223876953125,309.80609130859375,617.4241943359375,373.60748291015625
2026-06-27T21:38:24.346205+00:00,spot_2,Spot 2,Occupied,2026-06-27T21:32:25.459224+00:00,1963,car,0.7724338173866272,13924,497.4915771484375,321.2870788574219,545.2291259765625,368.5163269042969
2026-06-27T21:38:24.346205+00:00,spot_3,Spot 3,Occupied,2026-06-27T21:36:24.309459+00:00,1857,car,0.5457122325897217,18948,451.38861083984375,320.85211181640625,494.46832275390625,362.225830078125
2026-06-27T21:38:24.346205+00:00,spot_4,Spot 4,Occupied,2026-06-27T21:34:25.845804+00:00,2060,truck,0.69346684217453,7503,367.14215087890625,292.2238464355469,447.602783203125,367.4372863769531
2026-06-27T21:38:24.346205+00:00,spot_5,Spot 5,Occupied,2026-06-27T21:18:23.168885+00:00,1826,car,0.7909992337226868,20018,332.94427490234375,325.097412109375,368.65948486328125,359.7030029296875
2026-06-27T21:38:24.346205+00:00,spot_6,Spot 6,Occupied,2026-06-27T20:54:22.350568+00:00,2102,car,0.7836804389953613,3720,287.2047119140625,320.7640686035156,341.95733642578125,356.6102600097656
2026-06-27T21:38:24.346205+00:00,spot_7,Spot 7,Empty,2026-06-27T21:37:24.123900+00:00,,,,,,,,
2026-06-27T21:38:24.346205+00:00,spot_8,Spot 8,Occupied,2026-06-27T21:38:24.346205+00:00,2111,car,0.3708397448062897,2220,207.46966552734375,321.09869384765625,258.364501953125,352.02081298828125
2026-06-27T21:38:24.346205+00:00,spot_9,Spot 9,Occupied,2026-06-27T21:38:24.346205+00:00,2117,car,0.3500906229019165,1322,172.98973083496094,321.61712646484375,207.1980743408203,346.95697021484375
2026-06-27T21:38:24.346205+00:00,spot_10,Spot 10,Empty,2026-06-27T21:38:24.346205+00:00,,,,,,,,
2026-06-27T21:38:24.346205+00:00,spot_11,Spot 11,Occupied,2026-06-27T19:35:22.909510+00:00,1830,car,0.6274430751800537,20018,121.25536346435547,312.853271484375,169.299560546875,341.6080322265625
2026-06-27T21:38:24.346205+00:00,spot_12,Spot 12,Empty,2026-06-27T21:38:24.346205+00:00,,,,,,,,
2026-06-27T21:38:24.346205+00:00,spot_13,Spot 13,Empty,2026-06-27T21:38:24.346205+00:00,,,,,,,,
2026-06-27T21:38:24.346205+00:00,spot_14,Spot 14,Empty,2026-06-27T21:38:24.346205+00:00,,,,,,,,
2026-06-27T21:38:24.346205+00:00,spot_15,Spot 15,Empty,2026-06-27T20:46:22.836456+00:00,,,,,,,,
2026-06-27T21:38:24.346205+00:00,spot_16,Spot 16,Occupied,2026-06-27T21:33:24.283791+00:00,2091,car,0.41276246309280396,5516,28.89110565185547,307.57806396484375,65.42865753173828,327.37017822265625
2026-06-27T21:38:24.346205+00:00,spot_17,Spot 17,Occupied,2026-06-27T21:38:24.346205+00:00,2127,car,0.42409586906433105,237,17.723140716552734,307.5392150878906,42.13699722290039,324.8496398925781
2026-06-27T21:39:54.809263+00:00,spot_1,Spot 1,Occupied,2026-06-27T21:39:54.809263+00:00,2132,truck,0.4768023192882538,0,567.6326904296875,310.60479736328125,615.3128662109375,373.19415283203125
2026-06-27T21:39:54.809263+00:00,spot_2,Spot 2,Occupied,2026-06-27T21:32:25.459224+00:00,1963,car,0.7660582065582275,14017,500.13922119140625,321.28692626953125,547.4149780273438,368.45989990234375
2026-06-27T21:39:54.809263+00:00,spot_3,Spot 3,Occupied,2026-06-27T21:36:24.309459+00:00,1857,car,0.5223901271820068,19041,450.91119384765625,321.7922668457031,488.64263916015625,361.4068298339844
2026-06-27T21:39:54.809263+00:00,spot_4,Spot 4,Occupied,2026-06-27T21:39:54.809263+00:00,2131,bus,0.5462472438812256,0,367.45745849609375,293.4237060546875,447.13372802734375,367.6661376953125
2026-06-27T21:39:54.809263+00:00,spot_5,Spot 5,Occupied,2026-06-27T21:18:23.168885+00:00,1826,car,0.7665499448776245,20112,332.166748046875,325.5119934082031,368.91094970703125,360.2859802246094
2026-06-27T21:39:54.809263+00:00,spot_6,Spot 6,Occupied,2026-06-27T20:54:22.350568+00:00,2102,car,0.7071731686592102,3814,286.9064636230469,320.56524658203125,339.3901062011719,358.50390625
2026-06-27T21:39:54.809263+00:00,spot_7,Spot 7,Empty,2026-06-27T21:37:24.123900+00:00,,,,,,,,
2026-06-27T21:39:54.809263+00:00,spot_8,Spot 8,Occupied,2026-06-27T21:38:24.346205+00:00,2111,car,0.595096230506897,2313,206.41604614257812,317.64971923828125,266.2587585449219,351.8697509765625
2026-06-27T21:39:54.809263+00:00,spot_9,Spot 9,Occupied,2026-06-27T21:38:24.346205+00:00,2117,car,0.5407145023345947,1415,174.90609741210938,322.5254211425781,212.2864990234375,346.6945495605469
2026-06-27T21:39:54.809263+00:00,spot_10,Spot 10,Occupied,2026-06-27T21:39:54.809263+00:00,1965,car,0.7584819793701172,14017,152.82748413085938,317.00146484375,196.4752197265625,343.598876953125
2026-06-27T21:39:54.809263+00:00,spot_11,Spot 11,Occupied,2026-06-27T19:35:22.909510+00:00,1830,car,0.665523886680603,20112,127.03266906738281,312.7554931640625,167.0009307861328,340.917236328125
2026-06-27T21:39:54.809263+00:00,spot_12,Spot 12,Occupied,2026-06-27T21:39:54.809263+00:00,2125,car,0.6024172902107239,513,88.86900329589844,311.4637451171875,136.60728454589844,337.9931640625
2026-06-27T21:39:54.809263+00:00,spot_13,Spot 13,Empty,2026-06-27T21:38:24.346205+00:00,,,,,,,,
2026-06-27T21:39:54.809263+00:00,spot_14,Spot 14,Occupied,2026-06-27T21:39:54.809263+00:00,2129,car,0.545170783996582,212,63.860416412353516,309.8642578125,99.2723388671875,331.20355224609375
2026-06-27T21:39:54.809263+00:00,spot_15,Spot 15,Empty,2026-06-27T20:46:22.836456+00:00,,,,,,,,
2026-06-27T21:39:54.809263+00:00,spot_16,Spot 16,Occupied,2026-06-27T21:33:24.283791+00:00,2091,car,0.5771369934082031,5609,29.024742126464844,307.21875,65.14032745361328,327.39569091796875
2026-06-27T21:39:54.809263+00:00,spot_17,Spot 17,Empty,2026-06-27T21:39:54.809263+00:00,,,,,,,,
2026-06-27T21:40:44.120209+00:00,spot_1,Spot 1,Occupied,2026-06-27T21:40:44.120209+00:00,2133,bus,0.4605149030685425,0,567.5855712890625,310.3663635253906,613.5452880859375,372.9796447753906
2026-06-27T21:40:44.120209+00:00,spot_2,Spot 2,Occupied,2026-06-27T21:32:25.459224+00:00,1963,car,0.6359937787055969,14065,499.64239501953125,321.0853271484375,547.1137084960938,369.43939208984375
2026-06-27T21:40:44.120209+00:00,spot_3,Spot 3,Occupied,2026-06-27T21:36:24.309459+00:00,1857,car,0.6979721188545227,19089,450.19232177734375,321.62677001953125,496.25067138671875,361.58465576171875
2026-06-27T21:40:44.120209+00:00,spot_4,Spot 4,Occupied,2026-06-27T21:40:44.120209+00:00,2060,truck,0.7171535491943359,7645,367.02911376953125,292.52557373046875,446.70013427734375,367.53070068359375
2026-06-27T21:40:44.120209+00:00,spot_5,Spot 5,Occupied,2026-06-27T21:18:23.168885+00:00,1826,car,0.8286905884742737,20160,332.24359130859375,324.32391357421875,368.66290283203125,360.95965576171875
2026-06-27T21:40:44.120209+00:00,spot_6,Spot 6,Occupied,2026-06-27T20:54:22.350568+00:00,2102,car,0.8596661686897278,3862,286.60638427734375,321.48272705078125,344.08892822265625,357.12420654296875
2026-06-27T21:40:44.120209+00:00,spot_7,Spot 7,Empty,2026-06-27T21:37:24.123900+00:00,,,,,,,,
2026-06-27T21:40:44.120209+00:00,spot_8,Spot 8,Occupied,2026-06-27T21:38:24.346205+00:00,2111,car,0.5520744323730469,2361,202.34249877929688,319.7499694824219,265.20709228515625,351.5943908691406
2026-06-27T21:40:44.120209+00:00,spot_9,Spot 9,Occupied,2026-06-27T21:38:24.346205+00:00,2117,car,0.494444340467453,1463,174.65457153320312,322.69970703125,209.19473266601562,346.894775390625
2026-06-27T21:40:44.120209+00:00,spot_10,Spot 10,Occupied,2026-06-27T21:39:54.809263+00:00,1965,car,0.7991526126861572,14065,154.26138305664062,316.77288818359375,193.1982421875,343.61444091796875
2026-06-27T21:40:44.120209+00:00,spot_11,Spot 11,Occupied,2026-06-27T19:35:22.909510+00:00,1830,car,0.5837480425834656,20160,119.3972396850586,312.9645080566406,166.30868530273438,340.7846374511719
2026-06-27T21:40:44.120209+00:00,spot_12,Spot 12,Occupied,2026-06-27T21:39:54.809263+00:00,2125,car,0.6128716468811035,561,80.21304321289062,310.2963562011719,134.08779907226562,333.0473327636719
2026-06-27T21:40:44.120209+00:00,spot_13,Spot 13,Empty,2026-06-27T21:38:24.346205+00:00,,,,,,,,
2026-06-27T21:40:44.120209+00:00,spot_14,Spot 14,Occupied,2026-06-27T21:39:54.809263+00:00,2129,car,0.49424290657043457,261,63.08001708984375,309.4481201171875,96.66111755371094,331.8397216796875
2026-06-27T21:40:44.120209+00:00,spot_15,Spot 15,Empty,2026-06-27T20:46:22.836456+00:00,,,,,,,,
2026-06-27T21:40:44.120209+00:00,spot_16,Spot 16,Occupied,2026-06-27T21:33:24.283791+00:00,2091,car,0.5760596990585327,5658,31.46533966064453,307.34228515625,64.96565246582031,327.070068359375
2026-06-27T21:40:44.120209+00:00,spot_17,Spot 17,Occupied,2026-06-27T21:40:44.120209+00:00,2127,car,0.5806309580802917,378,15.998794555664062,307.5467529296875,41.477684020996094,325.110595703125
2026-06-27T21:41:36.470208+00:00,spot_1,Spot 1,Occupied,2026-06-27T21:41:36.470208+00:00,2134,car,0.5079682469367981,0,566.68896484375,311.06121826171875,618.7340087890625,373.02972412109375
2026-06-27T21:41:36.470208+00:00,spot_2,Spot 2,Occupied,2026-06-27T21:32:25.459224+00:00,1963,car,0.6775569915771484,14116,501.2530517578125,320.8392333984375,546.2266845703125,369.8909912109375
2026-06-27T21:41:36.470208+00:00,spot_3,Spot 3,Occupied,2026-06-27T21:36:24.309459+00:00,1857,car,0.49216264486312866,19140,451.01995849609375,322.43609619140625,496.07965087890625,361.07171630859375
2026-06-27T21:41:36.470208+00:00,spot_4,Spot 4,Occupied,2026-06-27T21:40:44.120209+00:00,2060,truck,0.7786060571670532,7696,366.727294921875,294.082763671875,445.7032470703125,367.15191650390625
2026-06-27T21:41:36.470208+00:00,spot_5,Spot 5,Occupied,2026-06-27T21:18:23.168885+00:00,1826,car,0.7944991588592529,20211,332.1312255859375,325.5133056640625,368.8094482421875,359.0977783203125
2026-06-27T21:41:36.470208+00:00,spot_6,Spot 6,Occupied,2026-06-27T20:54:22.350568+00:00,2102,car,0.8758061528205872,3913,286.6390075683594,320.3818359375,346.0107116699219,355.690673828125
2026-06-27T21:41:36.470208+00:00,spot_7,Spot 7,Empty,2026-06-27T21:37:24.123900+00:00,,,,,,,,
2026-06-27T21:41:36.470208+00:00,spot_8,Spot 8,Occupied,2026-06-27T21:38:24.346205+00:00,2111,car,0.8238006234169006,2412,205.1473388671875,318.0670471191406,266.1277770996094,351.9128723144531
2026-06-27T21:41:36.470208+00:00,spot_9,Spot 9,Occupied,2026-06-27T21:38:24.346205+00:00,2117,car,0.5449681282043457,1514,170.64126586914062,321.22930908203125,208.97653198242188,347.2491455078125
2026-06-27T21:41:36.470208+00:00,spot_10,Spot 10,Occupied,2026-06-27T21:39:54.809263+00:00,1965,car,0.4758315086364746,14116,160.44216918945312,317.494140625,192.866455078125,342.9381103515625
2026-06-27T21:41:36.470208+00:00,spot_11,Spot 11,Occupied,2026-06-27T19:35:22.909510+00:00,1830,car,0.6507501602172852,20211,120.478759765625,312.7789306640625,170.23773193359375,341.564453125
2026-06-27T21:41:36.470208+00:00,spot_12,Spot 12,Occupied,2026-06-27T21:39:54.809263+00:00,2125,car,0.684246301651001,612,83.41119384765625,310.5661315917969,136.02511596679688,333.9389953613281
2026-06-27T21:41:36.470208+00:00,spot_13,Spot 13,Empty,2026-06-27T21:38:24.346205+00:00,,,,,,,,
2026-06-27T21:41:36.470208+00:00,spot_14,Spot 14,Occupied,2026-06-27T21:39:54.809263+00:00,2129,car,0.4512743055820465,312,65.78289794921875,310.70123291015625,87.74221801757812,331.16436767578125
2026-06-27T21:41:36.470208+00:00,spot_15,Spot 15,Empty,2026-06-27T20:46:22.836456+00:00,,,,,,,,
2026-06-27T21:41:36.470208+00:00,spot_16,Spot 16,Occupied,2026-06-27T21:33:24.283791+00:00,2091,car,0.40522506833076477,5709,20.693283081054688,306.69818115234375,64.11274719238281,327.23260498046875
2026-06-27T21:41:36.470208+00:00,spot_17,Spot 17,Empty,2026-06-27T21:41:36.470208+00:00,,,,,,,,
2026-06-27T21:42:22.770680+00:00,spot_1,Spot 1,Occupied,2026-06-27T21:42:22.770680+00:00,2132,truck,0.36358776688575745,145,566.7611083984375,310.41351318359375,616.6463623046875,373.31549072265625
2026-06-27T21:42:22.770680+00:00,spot_2,Spot 2,Occupied,2026-06-27T21:32:25.459224+00:00,1963,car,0.7433487176895142,14162,500.1290588378906,321.1449890136719,547.1561279296875,368.5160827636719
2026-06-27T21:42:22.770680+00:00,spot_3,Spot 3,Empty,2026-06-27T21:42:22.770680+00:00,,,,,,,,
2026-06-27T21:42:22.770680+00:00,spot_4,Spot 4,Occupied,2026-06-27T21:40:44.120209+00:00,2060,truck,0.7805511355400085,7742,366.6839599609375,293.39404296875,447.48583984375,367.0245361328125
2026-06-27T21:42:22.770680+00:00,spot_5,Spot 5,Occupied,2026-06-27T21:18:23.168885+00:00,1826,car,0.8433502316474915,20257,331.6387634277344,324.7039794921875,368.9056091308594,359.717529296875
2026-06-27T21:42:22.770680+00:00,spot_6,Spot 6,Occupied,2026-06-27T20:54:22.350568+00:00,2102,car,0.8668906688690186,3959,286.60693359375,320.24298095703125,344.450439453125,358.27496337890625
2026-06-27T21:42:22.770680+00:00,spot_7,Spot 7,Empty,2026-06-27T21:37:24.123900+00:00,,,,,,,,
2026-06-27T21:42:22.770680+00:00,spot_8,Spot 8,Occupied,2026-06-27T21:38:24.346205+00:00,2111,car,0.6953527927398682,2458,206.44888305664062,318.8194274902344,265.07330322265625,351.8342590332031
2026-06-27T21:42:22.770680+00:00,spot_9,Spot 9,Occupied,2026-06-27T21:38:24.346205+00:00,2117,car,0.5588062405586243,1560,174.25997924804688,323.20098876953125,207.93594360351562,347.07098388671875
2026-06-27T21:42:22.770680+00:00,spot_10,Spot 10,Occupied,2026-06-27T21:39:54.809263+00:00,1965,car,0.6956194043159485,14162,152.69921875,317.73681640625,192.00897216796875,343.5028076171875
2026-06-27T21:42:22.770680+00:00,spot_11,Spot 11,Occupied,2026-06-27T19:35:22.909510+00:00,1830,car,0.5815024375915527,20257,120.36149597167969,313.01763916015625,167.06077575683594,341.31951904296875
2026-06-27T21:42:22.770680+00:00,spot_12,Spot 12,Occupied,2026-06-27T21:39:54.809263+00:00,2125,car,0.6843206882476807,658,83.53215026855469,310.47283935546875,135.9663543701172,333.60687255859375
2026-06-27T21:42:22.770680+00:00,spot_13,Spot 13,Empty,2026-06-27T21:38:24.346205+00:00,,,,,,,,
2026-06-27T21:42:22.770680+00:00,spot_14,Spot 14,Occupied,2026-06-27T21:39:54.809263+00:00,2129,car,0.44286683201789856,358,62.26374816894531,309.50506591796875,90.23115539550781,331.11407470703125
2026-06-27T21:42:22.770680+00:00,spot_15,Spot 15,Empty,2026-06-27T20:46:22.836456+00:00,,,,,,,,
2026-06-27T21:42:22.770680+00:00,spot_16,Spot 16,Occupied,2026-06-27T21:33:24.283791+00:00,2091,car,0.37598633766174316,5755,32.60753631591797,307.5191650390625,64.42366790771484,327.31939697265625
2026-06-27T21:42:22.770680+00:00,spot_17,Spot 17,Empty,2026-06-27T21:41:36.470208+00:00,,,,,,,,
2026-06-27T21:43:21.352989+00:00,spot_1,Spot 1,Occupied,2026-06-27T21:43:21.352989+00:00,2134,car,0.4398232400417328,105,567.319580078125,310.83135986328125,615.859130859375,373.65985107421875
2026-06-27T21:43:21.352989+00:00,spot_2,Spot 2,Occupied,2026-06-27T21:32:25.459224+00:00,1963,car,0.7171242833137512,14221,499.89141845703125,321.3891296386719,546.5570678710938,369.0386657714844
2026-06-27T21:43:21.352989+00:00,spot_3,Spot 3,Occupied,2026-06-27T21:43:21.352989+00:00,1857,car,0.6614722013473511,19245,448.90380859375,322.1362609863281,495.9161376953125,361.1949768066406
2026-06-27T21:43:21.352989+00:00,spot_4,Spot 4,Occupied,2026-06-27T21:40:44.120209+00:00,2060,truck,0.7834272384643555,7801,367.038330078125,292.935302734375,447.0965576171875,366.89404296875
2026-06-27T21:43:21.352989+00:00,spot_5,Spot 5,Occupied,2026-06-27T21:18:23.168885+00:00,1826,car,0.8196233510971069,20316,333.5838623046875,324.5267639160156,369.1239013671875,358.9104309082031
2026-06-27T21:43:21.352989+00:00,spot_6,Spot 6,Occupied,2026-06-27T20:54:22.350568+00:00,2102,car,0.8541246056556702,4018,286.7506103515625,321.48016357421875,344.4541015625,355.67340087890625
2026-06-27T21:43:21.352989+00:00,spot_7,Spot 7,Empty,2026-06-27T21:37:24.123900+00:00,,,,,,,,
2026-06-27T21:43:21.352989+00:00,spot_8,Spot 8,Occupied,2026-06-27T21:38:24.346205+00:00,2111,car,0.8455219864845276,2517,206.99002075195312,319.1852722167969,265.8131408691406,351.8571472167969
2026-06-27T21:43:21.352989+00:00,spot_9,Spot 9,Occupied,2026-06-27T21:38:24.346205+00:00,2117,car,0.6758903861045837,1619,173.71080017089844,322.884521484375,211.04530334472656,346.3719482421875
2026-06-27T21:43:21.352989+00:00,spot_10,Spot 10,Occupied,2026-06-27T21:39:54.809263+00:00,1965,car,0.7769830822944641,14221,153.5347442626953,317.28045654296875,196.55149841308594,343.39593505859375
2026-06-27T21:43:21.352989+00:00,spot_11,Spot 11,Occupied,2026-06-27T19:35:22.909510+00:00,1830,car,0.7118291854858398,20316,119.69413757324219,312.79522705078125,167.00697326660156,339.75543212890625
2026-06-27T21:43:21.352989+00:00,spot_12,Spot 12,Occupied,2026-06-27T21:39:54.809263+00:00,2125,car,0.8297362923622131,717,80.13522338867188,310.4232177734375,136.12120056152344,333.0970458984375
2026-06-27T21:43:21.352989+00:00,spot_13,Spot 13,Empty,2026-06-27T21:38:24.346205+00:00,,,,,,,,
2026-06-27T21:43:21.352989+00:00,spot_14,Spot 14,Occupied,2026-06-27T21:39:54.809263+00:00,2129,car,0.4801839590072632,417,62.407081604003906,309.10003662109375,90.23287200927734,330.05389404296875
2026-06-27T21:43:21.352989+00:00,spot_15,Spot 15,Occupied,2026-06-27T21:43:21.352989+00:00,2091,car,0.49076253175735474,5814,38.479652404785156,307.5531005859375,64.66454315185547,327.0440673828125
2026-06-27T21:43:21.352989+00:00,spot_16,Spot 16,Empty,2026-06-27T21:43:21.352989+00:00,,,,,,,,
2026-06-27T21:43:21.352989+00:00,spot_17,Spot 17,Occupied,2026-06-27T21:43:21.352989+00:00,2127,car,0.5783200263977051,534,18.575157165527344,307.52825927734375,43.11836242675781,324.90936279296875
2026-06-27T21:44:22.059058+00:00,spot_1,Spot 1,Empty,2026-06-27T21:44:22.059058+00:00,,,,,,,,
2026-06-27T21:44:22.059058+00:00,spot_2,Spot 2,Occupied,2026-06-27T21:32:25.459224+00:00,1963,car,0.7611468434333801,14281,499.86322021484375,321.22125244140625,545.7267456054688,368.62432861328125
2026-06-27T21:44:22.059058+00:00,spot_3,Spot 3,Occupied,2026-06-27T21:43:21.352989+00:00,1857,car,0.40117520093917847,19305,449.22735595703125,330.3282165527344,488.83013916015625,362.8633117675781
2026-06-27T21:44:22.059058+00:00,spot_4,Spot 4,Occupied,2026-06-27T21:40:44.120209+00:00,2060,truck,0.7650644183158875,7860,366.79986572265625,293.41650390625,447.33660888671875,365.998779296875
2026-06-27T21:44:22.059058+00:00,spot_5,Spot 5,Occupied,2026-06-27T21:18:23.168885+00:00,1826,car,0.7613621354103088,20376,334.6714172363281,324.3360290527344,369.1662902832031,357.9125061035156
2026-06-27T21:44:22.059058+00:00,spot_6,Spot 6,Occupied,2026-06-27T20:54:22.350568+00:00,2102,car,0.8014829754829407,4078,286.72943115234375,322.47967529296875,342.63934326171875,355.62237548828125
2026-06-27T21:44:22.059058+00:00,spot_7,Spot 7,Empty,2026-06-27T21:37:24.123900+00:00,,,,,,,,
2026-06-27T21:44:22.059058+00:00,spot_8,Spot 8,Occupied,2026-06-27T21:38:24.346205+00:00,2111,car,0.5744402408599854,2577,200.31878662109375,317.00653076171875,266.2629089355469,351.84771728515625
2026-06-27T21:44:22.059058+00:00,spot_9,Spot 9,Occupied,2026-06-27T21:38:24.346205+00:00,2117,car,0.5896986126899719,1679,174.23977661132812,322.37744140625,208.67950439453125,346.695068359375
2026-06-27T21:44:22.059058+00:00,spot_10,Spot 10,Occupied,2026-06-27T21:39:54.809263+00:00,1965,car,0.601845383644104,14281,155.64468383789062,317.2237548828125,195.49154663085938,343.3973388671875
2026-06-27T21:44:22.059058+00:00,spot_11,Spot 11,Occupied,2026-06-27T19:35:22.909510+00:00,1830,car,0.5972254872322083,20376,120.7496337890625,313.102783203125,167.55239868164062,341.4283447265625
2026-06-27T21:44:22.059058+00:00,spot_12,Spot 12,Occupied,2026-06-27T21:44:22.059058+00:00,2135,truck,0.37688782811164856,0,79.64120483398438,310.2734680175781,134.76473999023438,333.1022033691406
2026-06-27T21:44:22.059058+00:00,spot_13,Spot 13,Empty,2026-06-27T21:38:24.346205+00:00,,,,,,,,
2026-06-27T21:44:22.059058+00:00,spot_14,Spot 14,Empty,2026-06-27T21:44:22.059058+00:00,,,,,,,,
2026-06-27T21:44:22.059058+00:00,spot_15,Spot 15,Empty,2026-06-27T21:44:22.059058+00:00,,,,,,,,
2026-06-27T21:44:22.059058+00:00,spot_16,Spot 16,Empty,2026-06-27T21:43:21.352989+00:00,,,,,,,,
2026-06-27T21:44:22.059058+00:00,spot_17,Spot 17,Empty,2026-06-27T21:44:22.059058+00:00,,,,,,,,
2026-06-27T21:45:22.388687+00:00,spot_1,Spot 1,Occupied,2026-06-27T21:45:22.388687+00:00,2136,bus,0.8367621898651123,0,567.2288208007812,310.59100341796875,616.0682983398438,372.8187255859375
2026-06-27T21:45:22.388687+00:00,spot_2,Spot 2,Occupied,2026-06-27T21:32:25.459224+00:00,1963,car,0.6101470589637756,14342,499.22015380859375,321.2529296875,546.2095336914062,369.19757080078125
2026-06-27T21:45:22.388687+00:00,spot_3,Spot 3,Occupied,2026-06-27T21:43:21.352989+00:00,1857,car,0.7301927804946899,19366,449.978515625,322.18145751953125,497.59716796875,360.76837158203125
2026-06-27T21:45:22.388687+00:00,spot_4,Spot 4,Occupied,2026-06-27T21:40:44.120209+00:00,2060,truck,0.6887038350105286,7921,366.8887939453125,294.0076904296875,446.988525390625,366.8056640625
2026-06-27T21:45:22.388687+00:00,spot_5,Spot 5,Occupied,2026-06-27T21:18:23.168885+00:00,1826,car,0.819736659526825,20437,332.2682189941406,325.8548583984375,369.0187683105469,357.8955078125
2026-06-27T21:45:22.388687+00:00,spot_6,Spot 6,Occupied,2026-06-27T20:54:22.350568+00:00,2102,car,0.7793256044387817,4139,286.51898193359375,321.8878479003906,341.16290283203125,357.5204162597656
2026-06-27T21:45:22.388687+00:00,spot_7,Spot 7,Empty,2026-06-27T21:37:24.123900+00:00,,,,,,,,
2026-06-27T21:45:22.388687+00:00,spot_8,Spot 8,Occupied,2026-06-27T21:38:24.346205+00:00,2111,car,0.6027342677116394,2638,206.67898559570312,317.502197265625,266.6527099609375,351.6026611328125
2026-06-27T21:45:22.388687+00:00,spot_9,Spot 9,Empty,2026-06-27T21:45:22.388687+00:00,,,,,,,,
2026-06-27T21:45:22.388687+00:00,spot_10,Spot 10,Occupied,2026-06-27T21:39:54.809263+00:00,1965,car,0.8086416125297546,14342,153.13357543945312,317.0313415527344,192.83383178710938,343.5894470214844
2026-06-27T21:45:22.388687+00:00,spot_11,Spot 11,Occupied,2026-06-27T19:35:22.909510+00:00,1830,car,0.725230872631073,20437,119.74510192871094,313.04071044921875,166.43641662597656,340.75335693359375
2026-06-27T21:45:22.388687+00:00,spot_12,Spot 12,Occupied,2026-06-27T21:45:22.388687+00:00,2125,car,0.5434605479240417,838,94.49578857421875,310.41046142578125,135.79629516601562,333.13116455078125
2026-06-27T21:45:22.388687+00:00,spot_13,Spot 13,Empty,2026-06-27T21:38:24.346205+00:00,,,,,,,,
2026-06-27T21:45:22.388687+00:00,spot_14,Spot 14,Occupied,2026-06-27T21:45:22.388687+00:00,2129,car,0.7280532717704773,537,63.80592346191406,309.37213134765625,96.92918395996094,331.01873779296875
2026-06-27T21:45:22.388687+00:00,spot_15,Spot 15,Empty,2026-06-27T21:44:22.059058+00:00,,,,,,,,
2026-06-27T21:45:22.388687+00:00,spot_16,Spot 16,Occupied,2026-06-27T21:45:22.388687+00:00,2091,car,0.7286892533302307,5934,30.2471923828125,307.36553955078125,64.54428100585938,327.08343505859375
2026-06-27T21:45:22.388687+00:00,spot_17,Spot 17,Occupied,2026-06-27T21:45:22.388687+00:00,2127,car,0.6085541248321533,655,18.712814331054688,307.331787109375,41.08011245727539,325.07086181640625
2026-06-27T21:46:22.754673+00:00,spot_1,Spot 1,Occupied,2026-06-27T21:46:22.754673+00:00,2137,bus,0.5489341616630554,0,566.8924560546875,310.7486572265625,615.3138427734375,372.87060546875
2026-06-27T21:46:22.754673+00:00,spot_2,Spot 2,Occupied,2026-06-27T21:32:25.459224+00:00,1963,car,0.7529070973396301,14402,500.6312255859375,321.4181213378906,546.091552734375,368.9001159667969
2026-06-27T21:46:22.754673+00:00,spot_3,Spot 3,Occupied,2026-06-27T21:43:21.352989+00:00,1857,car,0.7824378609657288,19426,449.9744567871094,321.56134033203125,497.4054260253906,360.80584716796875
2026-06-27T21:46:22.754673+00:00,spot_4,Spot 4,Occupied,2026-06-27T21:40:44.120209+00:00,2060,truck,0.6918359994888306,7982,367.256591796875,293.8349304199219,447.1328125,366.9598083496094
2026-06-27T21:46:22.754673+00:00,spot_5,Spot 5,Occupied,2026-06-27T21:18:23.168885+00:00,1826,car,0.8403864502906799,20497,331.68255615234375,324.2022399902344,368.77301025390625,358.0576477050781
2026-06-27T21:46:22.754673+00:00,spot_6,Spot 6,Occupied,2026-06-27T20:54:22.350568+00:00,2102,car,0.8714358806610107,4199,286.8992614746094,322.2207336425781,344.9965515136719,356.2970275878906
2026-06-27T21:46:22.754673+00:00,spot_7,Spot 7,Empty,2026-06-27T21:37:24.123900+00:00,,,,,,,,
2026-06-27T21:46:22.754673+00:00,spot_8,Spot 8,Occupied,2026-06-27T21:38:24.346205+00:00,2111,car,0.8221921920776367,2698,206.67239379882812,317.728515625,266.375732421875,351.66925048828125
2026-06-27T21:46:22.754673+00:00,spot_9,Spot 9,Occupied,2026-06-27T21:46:22.754673+00:00,2117,car,0.8185656070709229,1800,172.70367431640625,322.088623046875,217.65673828125,346.9730224609375
2026-06-27T21:46:22.754673+00:00,spot_10,Spot 10,Occupied,2026-06-27T21:39:54.809263+00:00,1965,car,0.5876221060752869,14402,153.498779296875,317.21173095703125,192.02056884765625,343.30517578125
2026-06-27T21:46:22.754673+00:00,spot_11,Spot 11,Occupied,2026-06-27T19:35:22.909510+00:00,1830,car,0.5987523794174194,20497,120.08175659179688,312.94757080078125,167.16250610351562,341.70782470703125
2026-06-27T21:46:22.754673+00:00,spot_12,Spot 12,Occupied,2026-06-27T21:45:22.388687+00:00,2125,car,0.6764147281646729,898,79.11576843261719,310.29119873046875,135.5880126953125,333.08453369140625
2026-06-27T21:46:22.754673+00:00,spot_13,Spot 13,Empty,2026-06-27T21:38:24.346205+00:00,,,,,,,,
2026-06-27T21:46:22.754673+00:00,spot_14,Spot 14,Empty,2026-06-27T21:46:22.754673+00:00,,,,,,,,
2026-06-27T21:46:22.754673+00:00,spot_15,Spot 15,Empty,2026-06-27T21:44:22.059058+00:00,,,,,,,,
2026-06-27T21:46:22.754673+00:00,spot_16,Spot 16,Occupied,2026-06-27T21:46:22.754673+00:00,2136,car,0.6156368255615234,0,32.264434814453125,307.5398864746094,64.53804016113281,326.9752502441406
2026-06-27T21:46:22.754673+00:00,spot_17,Spot 17,Occupied,2026-06-27T21:46:22.754673+00:00,2138,car,0.5126292109489441,0,15.39815902709961,307.08807373046875,40.09244918823242,325.13104248046875
2026-06-27T21:47:22.394782+00:00,spot_1,Spot 1,Occupied,2026-06-27T21:46:22.754673+00:00,2137,bus,0.5489341616630554,59,566.8924560546875,310.7486572265625,615.3138427734375,372.87060546875
2026-06-27T21:47:22.394782+00:00,spot_2,Spot 2,Occupied,2026-06-27T21:32:25.459224+00:00,1963,car,0.7529070973396301,14461,500.6312255859375,321.4181213378906,546.091552734375,368.9001159667969
2026-06-27T21:47:22.394782+00:00,spot_3,Spot 3,Occupied,2026-06-27T21:43:21.352989+00:00,1857,car,0.7824378609657288,19485,449.9744567871094,321.56134033203125,497.4054260253906,360.80584716796875
2026-06-27T21:47:22.394782+00:00,spot_4,Spot 4,Occupied,2026-06-27T21:40:44.120209+00:00,2060,truck,0.6918359994888306,8041,367.256591796875,293.8349304199219,447.1328125,366.9598083496094
2026-06-27T21:47:22.394782+00:00,spot_5,Spot 5,Occupied,2026-06-27T21:18:23.168885+00:00,1826,car,0.8403864502906799,20556,331.68255615234375,324.2022399902344,368.77301025390625,358.0576477050781
2026-06-27T21:47:22.394782+00:00,spot_6,Spot 6,Occupied,2026-06-27T20:54:22.350568+00:00,2102,car,0.8714358806610107,4258,286.8992614746094,322.2207336425781,344.9965515136719,356.2970275878906
2026-06-27T21:47:22.394782+00:00,spot_7,Spot 7,Empty,2026-06-27T21:37:24.123900+00:00,,,,,,,,
2026-06-27T21:47:22.394782+00:00,spot_8,Spot 8,Occupied,2026-06-27T21:38:24.346205+00:00,2111,car,0.8221921920776367,2757,206.67239379882812,317.728515625,266.375732421875,351.66925048828125
2026-06-27T21:47:22.394782+00:00,spot_9,Spot 9,Occupied,2026-06-27T21:46:22.754673+00:00,2117,car,0.8185656070709229,1859,172.70367431640625,322.088623046875,217.65673828125,346.9730224609375
2026-06-27T21:47:22.394782+00:00,spot_10,Spot 10,Occupied,2026-06-27T21:39:54.809263+00:00,1965,car,0.5876221060752869,14461,153.498779296875,317.21173095703125,192.02056884765625,343.30517578125
2026-06-27T21:47:22.394782+00:00,spot_11,Spot 11,Occupied,2026-06-27T19:35:22.909510+00:00,1830,car,0.5987523794174194,20556,120.08175659179688,312.94757080078125,167.16250610351562,341.70782470703125
2026-06-27T21:47:22.394782+00:00,spot_12,Spot 12,Occupied,2026-06-27T21:45:22.388687+00:00,2125,car,0.6764147281646729,958,79.11576843261719,310.29119873046875,135.5880126953125,333.08453369140625
2026-06-27T21:47:22.394782+00:00,spot_13,Spot 13,Empty,2026-06-27T21:38:24.346205+00:00,,,,,,,,
2026-06-27T21:47:22.394782+00:00,spot_14,Spot 14,Empty,2026-06-27T21:46:22.754673+00:00,,,,,,,,
2026-06-27T21:47:22.394782+00:00,spot_15,Spot 15,Empty,2026-06-27T21:44:22.059058+00:00,,,,,,,,
2026-06-27T21:47:22.394782+00:00,spot_16,Spot 16,Occupied,2026-06-27T21:46:22.754673+00:00,2136,car,0.6156368255615234,59,32.264434814453125,307.5398864746094,64.53804016113281,326.9752502441406
2026-06-27T21:47:22.394782+00:00,spot_17,Spot 17,Occupied,2026-06-27T21:46:22.754673+00:00,2138,car,0.5126292109489441,59,15.39815902709961,307.08807373046875,40.09244918823242,325.13104248046875
2026-06-27T21:48:22.287263+00:00,spot_1,Spot 1,Occupied,2026-06-27T21:46:22.754673+00:00,2137,bus,0.5184926390647888,118,567.06396484375,310.7364807128906,617.17626953125,373.3555603027344
2026-06-27T21:48:22.287263+00:00,spot_2,Spot 2,Occupied,2026-06-27T21:48:22.287263+00:00,2139,truck,0.43192484974861145,0,500.7327880859375,320.77972412109375,547.1058349609375,368.80718994140625
2026-06-27T21:48:22.287263+00:00,spot_3,Spot 3,Occupied,2026-06-27T21:43:21.352989+00:00,1857,car,0.6946343183517456,19545,450.08349609375,321.15350341796875,489.12774658203125,361.56329345703125
2026-06-27T21:48:22.287263+00:00,spot_4,Spot 4,Occupied,2026-06-27T21:40:44.120209+00:00,2060,truck,0.8075222969055176,8100,366.64752197265625,294.03448486328125,446.95867919921875,366.21783447265625
2026-06-27T21:48:22.287263+00:00,spot_5,Spot 5,Occupied,2026-06-27T21:18:23.168885+00:00,1826,car,0.8370559215545654,20616,331.7141418457031,323.17041015625,369.2370910644531,357.92083740234375
2026-06-27T21:48:22.287263+00:00,spot_6,Spot 6,Occupied,2026-06-27T20:54:22.350568+00:00,2102,car,0.8745765686035156,4318,286.69708251953125,320.97991943359375,345.19464111328125,356.12249755859375
2026-06-27T21:48:22.287263+00:00,spot_7,Spot 7,Empty,2026-06-27T21:37:24.123900+00:00,,,,,,,,
2026-06-27T21:48:22.287263+00:00,spot_8,Spot 8,Occupied,2026-06-27T21:38:24.346205+00:00,2111,car,0.8304527997970581,2817,207.20025634765625,318.8865051269531,267.185791015625,351.4073791503906
2026-06-27T21:48:22.287263+00:00,spot_9,Spot 9,Occupied,2026-06-27T21:46:22.754673+00:00,2117,car,0.7737461924552917,1919,173.28533935546875,321.8739013671875,221.04913330078125,347.4398193359375
2026-06-27T21:48:22.287263+00:00,spot_10,Spot 10,Occupied,2026-06-27T21:39:54.809263+00:00,1965,car,0.6823346018791199,14521,153.90725708007812,317.4776611328125,194.44851684570312,342.45892333984375
2026-06-27T21:48:22.287263+00:00,spot_11,Spot 11,Occupied,2026-06-27T19:35:22.909510+00:00,1830,car,0.6070427298545837,20616,120.44418334960938,312.85736083984375,166.7520751953125,341.26031494140625
2026-06-27T21:48:22.287263+00:00,spot_12,Spot 12,Occupied,2026-06-27T21:45:22.388687+00:00,2125,car,0.7306901812553406,1017,79.71981811523438,310.4288330078125,135.86044311523438,333.346923828125
2026-06-27T21:48:22.287263+00:00,spot_13,Spot 13,Empty,2026-06-27T21:38:24.346205+00:00,,,,,,,,
2026-06-27T21:48:22.287263+00:00,spot_14,Spot 14,Occupied,2026-06-27T21:48:22.287263+00:00,2140,car,0.4216822683811188,0,62.25438690185547,309.22332763671875,93.59497833251953,329.59185791015625
2026-06-27T21:48:22.287263+00:00,spot_15,Spot 15,Empty,2026-06-27T21:44:22.059058+00:00,,,,,,,,
2026-06-27T21:48:22.287263+00:00,spot_16,Spot 16,Occupied,2026-06-27T21:46:22.754673+00:00,2136,car,0.6575922966003418,118,32.97178649902344,307.5118408203125,64.00377655029297,327.0654296875
2026-06-27T21:48:22.287263+00:00,spot_17,Spot 17,Occupied,2026-06-27T21:46:22.754673+00:00,2138,car,0.4710759222507477,118,16.911415100097656,307.0318603515625,41.42472457885742,325.210693359375
2026-06-27T21:49:21.621826+00:00,spot_1,Spot 1,Occupied,2026-06-27T21:46:22.754673+00:00,2137,bus,0.3696199059486389,178,566.8448486328125,310.7744140625,615.7225341796875,373.37640380859375
2026-06-27T21:49:21.621826+00:00,spot_2,Spot 2,Occupied,2026-06-27T21:49:21.621826+00:00,1963,car,0.5939708948135376,14581,500.01788330078125,320.9745788574219,547.6528930664062,369.0270690917969
2026-06-27T21:49:21.621826+00:00,spot_3,Spot 3,Occupied,2026-06-27T21:43:21.352989+00:00,1857,car,0.479786217212677,19605,450.2952880859375,321.28857421875,488.38916015625,361.5645751953125
2026-06-27T21:49:21.621826+00:00,spot_4,Spot 4,Occupied,2026-06-27T21:40:44.120209+00:00,2060,truck,0.8112305402755737,8160,367.48577880859375,293.9823913574219,446.97265625,366.8019104003906
2026-06-27T21:49:21.621826+00:00,spot_5,Spot 5,Occupied,2026-06-27T21:18:23.168885+00:00,1826,car,0.8352438807487488,20676,331.859130859375,324.1348876953125,368.9837646484375,358.49505615234375
2026-06-27T21:49:21.621826+00:00,spot_6,Spot 6,Occupied,2026-06-27T20:54:22.350568+00:00,2102,car,0.8666380047798157,4378,286.651611328125,320.5599365234375,345.47802734375,355.15380859375
2026-06-27T21:49:21.621826+00:00,spot_7,Spot 7,Empty,2026-06-27T21:37:24.123900+00:00,,,,,,,,
2026-06-27T21:49:21.621826+00:00,spot_8,Spot 8,Occupied,2026-06-27T21:38:24.346205+00:00,2111,car,0.8036481738090515,2877,207.11978149414062,319.3992919921875,264.3128967285156,351.60296630859375
2026-06-27T21:49:21.621826+00:00,spot_9,Spot 9,Occupied,2026-06-27T21:46:22.754673+00:00,2117,car,0.7080324292182922,1979,173.29168701171875,322.9884033203125,217.7073974609375,347.2955322265625
2026-06-27T21:49:21.621826+00:00,spot_10,Spot 10,Occupied,2026-06-27T21:39:54.809263+00:00,1965,car,0.7159436345100403,14581,154.04580688476562,317.0852355957031,194.36965942382812,343.0165710449219
2026-06-27T21:49:21.621826+00:00,spot_11,Spot 11,Occupied,2026-06-27T19:35:22.909510+00:00,1830,car,0.7327449917793274,20676,120.38196563720703,312.937744140625,166.8770751953125,341.24169921875
2026-06-27T21:49:21.621826+00:00,spot_12,Spot 12,Occupied,2026-06-27T21:45:22.388687+00:00,2125,car,0.7127901315689087,1077,80.07298278808594,310.34588623046875,135.95191955566406,333.296630859375
2026-06-27T21:49:21.621826+00:00,spot_13,Spot 13,Empty,2026-06-27T21:38:24.346205+00:00,,,,,,,,
2026-06-27T21:49:21.621826+00:00,spot_14,Spot 14,Occupied,2026-06-27T21:48:22.287263+00:00,2140,car,0.4139869809150696,59,62.03211975097656,309.508544921875,94.86761474609375,330.2723388671875
2026-06-27T21:49:21.621826+00:00,spot_15,Spot 15,Empty,2026-06-27T21:44:22.059058+00:00,,,,,,,,
2026-06-27T21:49:21.621826+00:00,spot_16,Spot 16,Occupied,2026-06-27T21:46:22.754673+00:00,2136,car,0.619746208190918,178,31.20210075378418,307.4043884277344,63.52606201171875,327.0412902832031
2026-06-27T21:49:21.621826+00:00,spot_17,Spot 17,Occupied,2026-06-27T21:46:22.754673+00:00,2138,car,0.36867934465408325,178,17.19168472290039,307.09149169921875,40.80111312866211,325.31976318359375
2026-06-27T21:50:22.025416+00:00,spot_1,Spot 1,Occupied,2026-06-27T21:46:22.754673+00:00,2137,bus,0.5073599219322205,239,566.9586181640625,310.5413818359375,615.8465576171875,373.10626220703125
2026-06-27T21:50:22.025416+00:00,spot_2,Spot 2,Occupied,2026-06-27T21:49:21.621826+00:00,1963,car,0.8019680976867676,14641,499.9766845703125,320.9495544433594,547.1676025390625,368.6210632324219
2026-06-27T21:50:22.025416+00:00,spot_3,Spot 3,Occupied,2026-06-27T21:43:21.352989+00:00,1857,car,0.680767297744751,19665,447.81976318359375,323.79827880859375,496.81805419921875,360.95599365234375
2026-06-27T21:50:22.025416+00:00,spot_4,Spot 4,Occupied,2026-06-27T21:40:44.120209+00:00,2060,truck,0.7545520067214966,8221,366.8735656738281,293.8521728515625,447.2193908691406,366.77386474609375
2026-06-27T21:50:22.025416+00:00,spot_5,Spot 5,Occupied,2026-06-27T21:18:23.168885+00:00,1826,car,0.8103740215301514,20736,332.1651611328125,325.09381103515625,368.72735595703125,358.79608154296875
2026-06-27T21:50:22.025416+00:00,spot_6,Spot 6,Occupied,2026-06-27T20:54:22.350568+00:00,2102,car,0.8754274845123291,4438,286.7747802734375,322.83349609375,345.355224609375,355.8824462890625
2026-06-27T21:50:22.025416+00:00,spot_7,Spot 7,Occupied,2026-06-27T21:50:22.025416+00:00,2144,car,0.42298242449760437,0,227.45359802246094,319.77239990234375,296.0703125,358.43487548828125
2026-06-27T21:50:22.025416+00:00,spot_8,Spot 8,Occupied,2026-06-27T21:38:24.346205+00:00,2111,car,0.42439359426498413,2937,205.88340759277344,320.70867919921875,245.0342559814453,351.43438720703125
2026-06-27T21:50:22.025416+00:00,spot_9,Spot 9,Occupied,2026-06-27T21:46:22.754673+00:00,2117,car,0.7466452121734619,2039,173.01150512695312,322.12799072265625,218.20849609375,347.076416015625
2026-06-27T21:50:22.025416+00:00,spot_10,Spot 10,Occupied,2026-06-27T21:39:54.809263+00:00,1965,car,0.7190806865692139,14641,154.46920776367188,317.5665283203125,193.88607788085938,342.7327880859375
2026-06-27T21:50:22.025416+00:00,spot_11,Spot 11,Occupied,2026-06-27T19:35:22.909510+00:00,1830,car,0.6197590231895447,20736,121.56329345703125,312.9807434082031,167.33306884765625,341.0339050292969
2026-06-27T21:50:22.025416+00:00,spot_12,Spot 12,Occupied,2026-06-27T21:50:22.025416+00:00,2143,car,0.751907229423523,0,95.69619750976562,313.94879150390625,136.5994110107422,337.17669677734375
2026-06-27T21:50:22.025416+00:00,spot_13,Spot 13,Occupied,2026-06-27T21:50:22.025416+00:00,2125,car,0.4071865379810333,1137,78.87918090820312,310.1540832519531,123.74697875976562,332.5277404785156
2026-06-27T21:50:22.025416+00:00,spot_14,Spot 14,Occupied,2026-06-27T21:48:22.287263+00:00,2140,car,0.482867956161499,120,62.028541564941406,308.84051513671875,89.69745635986328,330.3226318359375
2026-06-27T21:50:22.025416+00:00,spot_15,Spot 15,Empty,2026-06-27T21:44:22.059058+00:00,,,,,,,,
2026-06-27T21:50:22.025416+00:00,spot_16,Spot 16,Occupied,2026-06-27T21:46:22.754673+00:00,2136,car,0.6360568404197693,239,29.187644958496094,307.5920104980469,64.23894500732422,327.0967102050781
2026-06-27T21:50:22.025416+00:00,spot_17,Spot 17,Occupied,2026-06-27T21:46:22.754673+00:00,2138,car,0.49046987295150757,239,15.761321067810059,306.90618896484375,37.46959686279297,324.83636474609375
2026-06-27T21:51:22.618610+00:00,spot_1,Spot 1,Occupied,2026-06-27T21:51:22.618610+00:00,2142,truck,0.3828990161418915,120,566.9942626953125,310.34161376953125,616.0079345703125,373.12188720703125
2026-06-27T21:51:22.618610+00:00,spot_2,Spot 2,Occupied,2026-06-27T21:49:21.621826+00:00,1963,car,0.6358038783073425,14701,497.12176513671875,321.2435302734375,545.9125366210938,368.915771484375
2026-06-27T21:51:22.618610+00:00,spot_3,Spot 3,Occupied,2026-06-27T21:43:21.352989+00:00,1857,car,0.7233697772026062,19725,449.671875,322.0232849121094,497.403076171875,360.2323913574219
2026-06-27T21:51:22.618610+00:00,spot_4,Spot 4,Occupied,2026-06-27T21:40:44.120209+00:00,2060,truck,0.5877984762191772,8281,366.96923828125,293.8759460449219,447.379638671875,366.4870910644531
2026-06-27T21:51:22.618610+00:00,spot_5,Spot 5,Occupied,2026-06-27T21:18:23.168885+00:00,1826,car,0.8243564367294312,20796,331.6724853515625,326.27081298828125,369.28692626953125,358.84014892578125
2026-06-27T21:51:22.618610+00:00,spot_6,Spot 6,Occupied,2026-06-27T20:54:22.350568+00:00,2102,car,0.8834064602851868,4498,286.96783447265625,321.9573974609375,345.742919921875,356.3453369140625
2026-06-27T21:51:22.618610+00:00,spot_7,Spot 7,Occupied,2026-06-27T21:50:22.025416+00:00,2144,car,0.7762433290481567,59,228.3949737548828,319.71112060546875,295.61431884765625,359.5577392578125
2026-06-27T21:51:22.618610+00:00,spot_8,Spot 8,Occupied,2026-06-27T21:38:24.346205+00:00,2111,car,0.665520966053009,2997,207.13595581054688,320.008544921875,248.24594116210938,351.05145263671875
2026-06-27T21:51:22.618610+00:00,spot_9,Spot 9,Occupied,2026-06-27T21:46:22.754673+00:00,2117,car,0.5951927304267883,2099,174.9893798828125,322.88507080078125,208.74322509765625,347.2928466796875
2026-06-27T21:51:22.618610+00:00,spot_10,Spot 10,Occupied,2026-06-27T21:51:22.618610+00:00,2145,car,0.7908535599708557,0,125.76575469970703,334.17236328125,182.93328857421875,361.58416748046875
2026-06-27T21:51:22.618610+00:00,spot_11,Spot 11,Occupied,2026-06-27T19:35:22.909510+00:00,1830,car,0.7351676821708679,20796,120.18142700195312,313.25482177734375,167.33428955078125,338.49554443359375
2026-06-27T21:51:22.618610+00:00,spot_12,Spot 12,Occupied,2026-06-27T21:50:22.025416+00:00,2143,car,0.4396611452102661,59,103.20619201660156,313.6138610839844,138.8882293701172,336.3044128417969
2026-06-27T21:51:22.618610+00:00,spot_13,Spot 13,Occupied,2026-06-27T21:50:22.025416+00:00,2125,car,0.3947645127773285,1197,82.1632080078125,310.3442077636719,125.50079345703125,333.6412048339844
2026-06-27T21:51:22.618610+00:00,spot_14,Spot 14,Empty,2026-06-27T21:51:22.618610+00:00,,,,,,,,
2026-06-27T21:51:22.618610+00:00,spot_15,Spot 15,Empty,2026-06-27T21:44:22.059058+00:00,,,,,,,,
2026-06-27T21:51:22.618610+00:00,spot_16,Spot 16,Occupied,2026-06-27T21:46:22.754673+00:00,2136,car,0.5659472942352295,299,31.611587524414062,307.45611572265625,64.32609558105469,327.1148681640625
2026-06-27T21:51:22.618610+00:00,spot_17,Spot 17,Occupied,2026-06-27T21:46:22.754673+00:00,2138,car,0.37491944432258606,299,17.015323638916016,306.95452880859375,38.35077667236328,325.15289306640625
2026-06-27T21:52:21.124270+00:00,spot_1,Spot 1,Occupied,2026-06-27T21:52:21.124270+00:00,2148,car,0.43163684010505676,0,566.7083129882812,311.60272216796875,617.0892944335938,371.37188720703125
2026-06-27T21:52:21.124270+00:00,spot_2,Spot 2,Occupied,2026-06-27T21:49:21.621826+00:00,1963,car,0.6261089444160461,14759,500.73602294921875,336.61572265625,544.4035034179688,369.15753173828125
2026-06-27T21:52:21.124270+00:00,spot_3,Spot 3,Occupied,2026-06-27T21:43:21.352989+00:00,1857,car,0.49483078718185425,19783,450.88873291015625,321.8492431640625,488.89385986328125,361.6417236328125
2026-06-27T21:52:21.124270+00:00,spot_4,Spot 4,Occupied,2026-06-27T21:40:44.120209+00:00,2060,truck,0.7288244962692261,8339,366.68731689453125,293.4339294433594,447.50213623046875,367.4259948730469
2026-06-27T21:52:21.124270+00:00,spot_5,Spot 5,Occupied,2026-06-27T21:18:23.168885+00:00,1826,car,0.6307211518287659,20854,332.94744873046875,325.84844970703125,368.88104248046875,355.28619384765625
2026-06-27T21:52:21.124270+00:00,spot_6,Spot 6,Occupied,2026-06-27T20:54:22.350568+00:00,2102,car,0.8241738677024841,4556,287.2269287109375,320.89007568359375,344.5506591796875,356.0701904296875
2026-06-27T21:52:21.124270+00:00,spot_7,Spot 7,Occupied,2026-06-27T21:52:21.124270+00:00,2146,car,0.7993985414505005,0,206.98399353027344,337.1805725097656,320.761962890625,385.7580871582031
2026-06-27T21:52:21.124270+00:00,spot_8,Spot 8,Occupied,2026-06-27T21:38:24.346205+00:00,2111,car,0.6532500386238098,3055,206.78823852539062,319.51519775390625,267.7574157714844,349.23895263671875
2026-06-27T21:52:21.124270+00:00,spot_9,Spot 9,Occupied,2026-06-27T21:46:22.754673+00:00,2117,car,0.5989812612533569,2157,174.8192138671875,322.7772216796875,217.95413208007812,347.04302978515625
2026-06-27T21:52:21.124270+00:00,spot_10,Spot 10,Occupied,2026-06-27T21:52:21.124270+00:00,1965,car,0.36953237652778625,14759,153.2589111328125,317.32061767578125,198.5810546875,336.54608154296875
2026-06-27T21:52:21.124270+00:00,spot_11,Spot 11,Occupied,2026-06-27T19:35:22.909510+00:00,1830,car,0.6641287803649902,20854,124.77783966064453,313.13287353515625,167.22064208984375,337.61016845703125
2026-06-27T21:52:21.124270+00:00,spot_12,Spot 12,Occupied,2026-06-27T21:52:21.124270+00:00,2125,car,0.7563480734825134,1256,82.9068603515625,316.3199768066406,126.30039978027344,339.8982238769531
2026-06-27T21:52:21.124270+00:00,spot_13,Spot 13,Empty,2026-06-27T21:52:21.124270+00:00,,,,,,,,
2026-06-27T21:52:21.124270+00:00,spot_14,Spot 14,Occupied,2026-06-27T21:52:21.124270+00:00,2140,car,0.3659280836582184,238,63.46611404418945,309.4913635253906,95.98500061035156,330.7350158691406
2026-06-27T21:52:21.124270+00:00,spot_15,Spot 15,Empty,2026-06-27T21:44:22.059058+00:00,,,,,,,,
2026-06-27T21:52:21.124270+00:00,spot_16,Spot 16,Occupied,2026-06-27T21:46:22.754673+00:00,2136,car,0.6792431473731995,357,29.42624855041504,307.638671875,64.53600311279297,327.3848876953125
2026-06-27T21:52:21.124270+00:00,spot_17,Spot 17,Occupied,2026-06-27T21:46:22.754673+00:00,2138,car,0.5429340600967407,357,16.26787567138672,307.1957092285156,41.96257019042969,325.1578063964844
2026-06-27T21:53:21.023659+00:00,spot_1,Spot 1,Occupied,2026-06-27T21:52:21.124270+00:00,2148,car,0.77010178565979,59,567.0736694335938,310.8060302734375,616.0525512695312,371.994140625
2026-06-27T21:53:21.023659+00:00,spot_2,Spot 2,Occupied,2026-06-27T21:49:21.621826+00:00,1963,car,0.5243266820907593,14819,500.5727233886719,321.03155517578125,546.345703125,368.45416259765625
2026-06-27T21:53:21.023659+00:00,spot_3,Spot 3,Occupied,2026-06-27T21:43:21.352989+00:00,1857,car,0.5549905896186829,19843,450.29620361328125,326.4880065917969,487.7652587890625,361.9350280761719
2026-06-27T21:53:21.023659+00:00,spot_4,Spot 4,Occupied,2026-06-27T21:40:44.120209+00:00,2060,truck,0.7735517024993896,8398,366.311767578125,294.8177185058594,447.480712890625,366.8290710449219
2026-06-27T21:53:21.023659+00:00,spot_5,Spot 5,Occupied,2026-06-27T21:18:23.168885+00:00,1826,car,0.8173099160194397,20914,332.3113098144531,324.7507629394531,368.8188781738281,357.3934020996094
2026-06-27T21:53:21.023659+00:00,spot_6,Spot 6,Occupied,2026-06-27T20:54:22.350568+00:00,2102,car,0.8368280529975891,4616,286.7414245605469,319.97601318359375,343.1683044433594,355.3875732421875
2026-06-27T21:53:21.023659+00:00,spot_7,Spot 7,Empty,2026-06-27T21:53:21.023659+00:00,,,,,,,,
2026-06-27T21:53:21.023659+00:00,spot_8,Spot 8,Occupied,2026-06-27T21:38:24.346205+00:00,2111,car,0.7928451299667358,3115,206.92648315429688,319.277587890625,266.1980285644531,351.72998046875
2026-06-27T21:53:21.023659+00:00,spot_9,Spot 9,Occupied,2026-06-27T21:46:22.754673+00:00,2117,car,0.5517506003379822,2217,171.4502410888672,320.50347900390625,222.29649353027344,347.25128173828125
2026-06-27T21:53:21.023659+00:00,spot_10,Spot 10,Occupied,2026-06-27T21:52:21.124270+00:00,1965,car,0.6523742079734802,14819,153.37765502929688,317.43817138671875,194.30136108398438,343.25994873046875
2026-06-27T21:53:21.023659+00:00,spot_11,Spot 11,Occupied,2026-06-27T19:35:22.909510+00:00,1830,car,0.647650420665741,20914,120.74821472167969,312.860595703125,167.37171936035156,341.0849609375
2026-06-27T21:53:21.023659+00:00,spot_12,Spot 12,Occupied,2026-06-27T21:52:21.124270+00:00,2125,car,0.6477199196815491,1315,79.9937744140625,310.17901611328125,135.77297973632812,333.42694091796875
2026-06-27T21:53:21.023659+00:00,spot_13,Spot 13,Empty,2026-06-27T21:52:21.124270+00:00,,,,,,,,
2026-06-27T21:53:21.023659+00:00,spot_14,Spot 14,Occupied,2026-06-27T21:52:21.124270+00:00,2140,car,0.4858190715312958,298,63.49563980102539,309.352294921875,94.37945556640625,330.2283935546875
2026-06-27T21:53:21.023659+00:00,spot_15,Spot 15,Empty,2026-06-27T21:44:22.059058+00:00,,,,,,,,
2026-06-27T21:53:21.023659+00:00,spot_16,Spot 16,Occupied,2026-06-27T21:46:22.754673+00:00,2136,car,0.5699291229248047,416,25.535491943359375,307.2825927734375,64.56592559814453,327.263916015625
2026-06-27T21:53:21.023659+00:00,spot_17,Spot 17,Empty,2026-06-27T21:53:21.023659+00:00,,,,,,,,
2026-06-27T21:54:21.826773+00:00,spot_1,Spot 1,Occupied,2026-06-27T21:52:21.124270+00:00,2148,car,0.5805878043174744,121,566.787841796875,311.1192626953125,619.0626220703125,371.580078125
2026-06-27T21:54:21.826773+00:00,spot_2,Spot 2,Occupied,2026-06-27T21:49:21.621826+00:00,1963,car,0.5894519090652466,14881,499.2496643066406,320.75048828125,544.7042236328125,368.1234130859375
2026-06-27T21:54:21.826773+00:00,spot_3,Spot 3,Occupied,2026-06-27T21:43:21.352989+00:00,1857,car,0.4848250448703766,19905,449.2557067871094,326.8169250488281,492.2594299316406,361.5857849121094
2026-06-27T21:54:21.826773+00:00,spot_4,Spot 4,Occupied,2026-06-27T21:40:44.120209+00:00,2060,truck,0.7199892997741699,8460,367.39849853515625,294.4582824707031,447.28729248046875,366.2512512207031
2026-06-27T21:54:21.826773+00:00,spot_5,Spot 5,Occupied,2026-06-27T21:18:23.168885+00:00,1826,car,0.7505777478218079,20976,332.24371337890625,325.4725036621094,369.49981689453125,359.2748107910156
2026-06-27T21:54:21.826773+00:00,spot_6,Spot 6,Occupied,2026-06-27T20:54:22.350568+00:00,2102,car,0.845401406288147,4678,286.67327880859375,320.4737548828125,344.6024169921875,355.8919677734375
2026-06-27T21:54:21.826773+00:00,spot_7,Spot 7,Empty,2026-06-27T21:53:21.023659+00:00,,,,,,,,
2026-06-27T21:54:21.826773+00:00,spot_8,Spot 8,Occupied,2026-06-27T21:38:24.346205+00:00,2111,car,0.839235782623291,3177,206.96893310546875,319.55889892578125,266.345703125,351.54925537109375
2026-06-27T21:54:21.826773+00:00,spot_9,Spot 9,Occupied,2026-06-27T21:46:22.754673+00:00,2117,car,0.591184675693512,2279,173.2265625,320.5013427734375,220.87860107421875,347.162109375
2026-06-27T21:54:21.826773+00:00,spot_10,Spot 10,Occupied,2026-06-27T21:52:21.124270+00:00,1965,car,0.5705404877662659,14881,153.54342651367188,316.76171875,192.43484497070312,342.646240234375
2026-06-27T21:54:21.826773+00:00,spot_11,Spot 11,Occupied,2026-06-27T19:35:22.909510+00:00,1830,car,0.6794651746749878,20976,119.7098388671875,312.97210693359375,166.78759765625,340.6796875
2026-06-27T21:54:21.826773+00:00,spot_12,Spot 12,Occupied,2026-06-27T21:52:21.124270+00:00,2125,car,0.7654761075973511,1377,80.06883239746094,310.4268798828125,135.50047302246094,333.1376953125
2026-06-27T21:54:21.826773+00:00,spot_13,Spot 13,Empty,2026-06-27T21:52:21.124270+00:00,,,,,,,,
2026-06-27T21:54:21.826773+00:00,spot_14,Spot 14,Occupied,2026-06-27T21:52:21.124270+00:00,2140,car,0.4443097412586212,359,62.79633331298828,309.1190490722656,94.80731964111328,330.5648498535156
2026-06-27T21:54:21.826773+00:00,spot_15,Spot 15,Empty,2026-06-27T21:44:22.059058+00:00,,,,,,,,
2026-06-27T21:54:21.826773+00:00,spot_16,Spot 16,Occupied,2026-06-27T21:46:22.754673+00:00,2136,car,0.616303026676178,478,30.567991256713867,307.4410400390625,64.18568420410156,327.0423583984375
2026-06-27T21:54:21.826773+00:00,spot_17,Spot 17,Empty,2026-06-27T21:53:21.023659+00:00,,,,,,,,
2026-06-27T21:55:31.223379+00:00,spot_1,Spot 1,Occupied,2026-06-27T21:55:31.223379+00:00,2149,bus,0.5439519882202148,0,567.426025390625,310.50738525390625,616.44384765625,371.50994873046875
2026-06-27T21:55:31.223379+00:00,spot_2,Spot 2,Occupied,2026-06-27T21:49:21.621826+00:00,1963,car,0.6855624318122864,14952,496.8266906738281,321.4281921386719,544.860107421875,368.5917663574219
2026-06-27T21:55:31.223379+00:00,spot_3,Spot 3,Occupied,2026-06-27T21:43:21.352989+00:00,1857,car,0.4261534512042999,19976,449.9715576171875,321.82861328125,491.66510009765625,361.8927001953125
2026-06-27T21:55:31.223379+00:00,spot_4,Spot 4,Occupied,2026-06-27T21:40:44.120209+00:00,2060,truck,0.79319167137146,8531,365.911376953125,293.54156494140625,446.954833984375,368.03875732421875
2026-06-27T21:55:31.223379+00:00,spot_5,Spot 5,Occupied,2026-06-27T21:18:23.168885+00:00,1826,car,0.8332564234733582,21047,331.9217529296875,325.62152099609375,368.9937744140625,357.30059814453125
2026-06-27T21:55:31.223379+00:00,spot_6,Spot 6,Occupied,2026-06-27T20:54:22.350568+00:00,2102,car,0.8565605878829956,4749,286.57550048828125,320.64605712890625,344.96875,357.17022705078125
2026-06-27T21:55:31.223379+00:00,spot_7,Spot 7,Empty,2026-06-27T21:53:21.023659+00:00,,,,,,,,
2026-06-27T21:55:31.223379+00:00,spot_8,Spot 8,Occupied,2026-06-27T21:38:24.346205+00:00,2111,car,0.7329087257385254,3248,206.206787109375,319.2392578125,261.8765869140625,351.61767578125
2026-06-27T21:55:31.223379+00:00,spot_9,Spot 9,Occupied,2026-06-27T21:46:22.754673+00:00,2117,car,0.3743722438812256,2350,172.61851501464844,322.44293212890625,220.4673614501953,347.27593994140625
2026-06-27T21:55:31.223379+00:00,spot_10,Spot 10,Occupied,2026-06-27T21:52:21.124270+00:00,1965,car,0.6938950419425964,14952,153.81686401367188,317.4903564453125,194.80905151367188,343.942138671875
2026-06-27T21:55:31.223379+00:00,spot_11,Spot 11,Occupied,2026-06-27T19:35:22.909510+00:00,1830,car,0.6321511268615723,21047,119.83680725097656,312.9951171875,167.39356994628906,341.9608154296875
2026-06-27T21:55:31.223379+00:00,spot_12,Spot 12,Occupied,2026-06-27T21:52:21.124270+00:00,2125,car,0.5836094617843628,1448,79.78271484375,310.4988098144531,135.99732971191406,333.5680847167969
2026-06-27T21:55:31.223379+00:00,spot_13,Spot 13,Empty,2026-06-27T21:52:21.124270+00:00,,,,,,,,
2026-06-27T21:55:31.223379+00:00,spot_14,Spot 14,Occupied,2026-06-27T21:52:21.124270+00:00,2140,car,0.37720608711242676,430,63.39500427246094,309.3658142089844,95.56942749023438,330.2305603027344
2026-06-27T21:55:31.223379+00:00,spot_15,Spot 15,Empty,2026-06-27T21:44:22.059058+00:00,,,,,,,,
2026-06-27T21:55:31.223379+00:00,spot_16,Spot 16,Occupied,2026-06-27T21:46:22.754673+00:00,2136,car,0.5969079732894897,549,34.67267608642578,307.4630126953125,64.86070251464844,326.9879150390625
2026-06-27T21:55:31.223379+00:00,spot_17,Spot 17,Empty,2026-06-27T21:53:21.023659+00:00,,,,,,,,
2026-06-27T21:56:20.615473+00:00,spot_1,Spot 1,Occupied,2026-06-27T21:55:31.223379+00:00,2149,bus,0.3944079875946045,46,567.32177734375,310.5902099609375,616.51123046875,374.1787109375
2026-06-27T21:56:20.615473+00:00,spot_2,Spot 2,Occupied,2026-06-27T21:49:21.621826+00:00,1963,car,0.5882112979888916,14998,500.267333984375,320.19952392578125,544.9620361328125,368.39813232421875
2026-06-27T21:56:20.615473+00:00,spot_3,Spot 3,Empty,2026-06-27T21:56:20.615473+00:00,,,,,,,,
2026-06-27T21:56:20.615473+00:00,spot_4,Spot 4,Occupied,2026-06-27T21:40:44.120209+00:00,2060,truck,0.7059986591339111,8578,366.9444580078125,295.25177001953125,447.8387451171875,367.34197998046875
2026-06-27T21:56:20.615473+00:00,spot_5,Spot 5,Occupied,2026-06-27T21:18:23.168885+00:00,1826,car,0.7492035627365112,21093,332.806884765625,325.02484130859375,369.1539306640625,356.62054443359375
2026-06-27T21:56:20.615473+00:00,spot_6,Spot 6,Occupied,2026-06-27T20:54:22.350568+00:00,2102,car,0.8634104132652283,4795,287.0042724609375,321.86016845703125,345.374755859375,356.00579833984375
2026-06-27T21:56:20.615473+00:00,spot_7,Spot 7,Empty,2026-06-27T21:53:21.023659+00:00,,,,,,,,
2026-06-27T21:56:20.615473+00:00,spot_8,Spot 8,Occupied,2026-06-27T21:38:24.346205+00:00,2111,car,0.839806318283081,3294,206.57403564453125,319.2441711425781,265.89166259765625,351.8782653808594
2026-06-27T21:56:20.615473+00:00,spot_9,Spot 9,Occupied,2026-06-27T21:46:22.754673+00:00,2117,car,0.5909458994865417,2396,171.6185302734375,320.75079345703125,222.39739990234375,346.95050048828125
2026-06-27T21:56:20.615473+00:00,spot_10,Spot 10,Occupied,2026-06-27T21:52:21.124270+00:00,1965,car,0.48810139298439026,14998,152.41549682617188,316.7463684082031,189.25430297851562,343.6268005371094
2026-06-27T21:56:20.615473+00:00,spot_11,Spot 11,Occupied,2026-06-27T19:35:22.909510+00:00,1830,car,0.6030030250549316,21093,120.15335083007812,312.9977722167969,167.03848266601562,341.3272399902344
2026-06-27T21:56:20.615473+00:00,spot_12,Spot 12,Occupied,2026-06-27T21:52:21.124270+00:00,2125,car,0.732303261756897,1494,79.84988403320312,310.61224365234375,135.77716064453125,333.53680419921875
2026-06-27T21:56:20.615473+00:00,spot_13,Spot 13,Empty,2026-06-27T21:52:21.124270+00:00,,,,,,,,
2026-06-27T21:56:20.615473+00:00,spot_14,Spot 14,Empty,2026-06-27T21:56:20.615473+00:00,,,,,,,,
2026-06-27T21:56:20.615473+00:00,spot_15,Spot 15,Empty,2026-06-27T21:44:22.059058+00:00,,,,,,,,
2026-06-27T21:56:20.615473+00:00,spot_16,Spot 16,Occupied,2026-06-27T21:46:22.754673+00:00,2136,car,0.6629068851470947,596,29.002174377441406,307.688720703125,64.37448120117188,326.8851318359375
2026-06-27T21:56:20.615473+00:00,spot_17,Spot 17,Occupied,2026-06-27T21:56:20.615473+00:00,2150,car,0.5226259231567383,0,15.753726959228516,306.5565185546875,36.928253173828125,325.0845947265625
2026-06-27T21:57:21.525746+00:00,spot_1,Spot 1,Occupied,2026-06-27T21:57:21.525746+00:00,2152,car,0.45027485489845276,0,566.8677978515625,310.93182373046875,616.2183837890625,373.48956298828125
2026-06-27T21:57:21.525746+00:00,spot_2,Spot 2,Occupied,2026-06-27T21:49:21.621826+00:00,1963,car,0.5710203647613525,15061,499.72119140625,321.4533386230469,546.2359619140625,368.3593444824219
2026-06-27T21:57:21.525746+00:00,spot_3,Spot 3,Occupied,2026-06-27T21:57:21.525746+00:00,1857,car,0.6574952602386475,20085,450.97802734375,323.0655517578125,488.048583984375,362.434814453125
2026-06-27T21:57:21.525746+00:00,spot_4,Spot 4,Occupied,2026-06-27T21:40:44.120209+00:00,2060,truck,0.5550925731658936,8640,367.5125732421875,292.06842041015625,447.067626953125,366.94512939453125
2026-06-27T21:57:21.525746+00:00,spot_5,Spot 5,Occupied,2026-06-27T21:18:23.168885+00:00,1826,car,0.7899482846260071,21156,332.1807861328125,325.19818115234375,369.013671875,357.00360107421875
2026-06-27T21:57:21.525746+00:00,spot_6,Spot 6,Occupied,2026-06-27T20:54:22.350568+00:00,2102,car,0.8572387099266052,4858,286.80133056640625,319.98907470703125,344.78045654296875,355.96160888671875
2026-06-27T21:57:21.525746+00:00,spot_7,Spot 7,Empty,2026-06-27T21:53:21.023659+00:00,,,,,,,,
2026-06-27T21:57:21.525746+00:00,spot_8,Spot 8,Occupied,2026-06-27T21:38:24.346205+00:00,2111,car,0.812523603439331,3357,203.19802856445312,318.60809326171875,266.3044128417969,351.66436767578125
2026-06-27T21:57:21.525746+00:00,spot_9,Spot 9,Occupied,2026-06-27T21:57:21.525746+00:00,2153,car,0.4002962112426758,0,166.39559936523438,323.2916259765625,199.46783447265625,347.02215576171875
2026-06-27T21:57:21.525746+00:00,spot_10,Spot 10,Occupied,2026-06-27T21:52:21.124270+00:00,1965,car,0.4794543981552124,15061,152.34439086914062,317.60064697265625,194.34173583984375,343.26995849609375
2026-06-27T21:57:21.525746+00:00,spot_11,Spot 11,Occupied,2026-06-27T19:35:22.909510+00:00,1830,car,0.6847148537635803,21156,119.88002014160156,312.888671875,167.31016540527344,341.69647216796875
2026-06-27T21:57:21.525746+00:00,spot_12,Spot 12,Occupied,2026-06-27T21:52:21.124270+00:00,2125,car,0.6562408208847046,1557,81.61949157714844,310.5064697265625,135.5874481201172,333.527099609375
2026-06-27T21:57:21.525746+00:00,spot_13,Spot 13,Empty,2026-06-27T21:52:21.124270+00:00,,,,,,,,
2026-06-27T21:57:21.525746+00:00,spot_14,Spot 14,Occupied,2026-06-27T21:57:21.525746+00:00,2140,car,0.3818782567977905,539,63.31806564331055,309.5097351074219,93.40992736816406,330.6042175292969
2026-06-27T21:57:21.525746+00:00,spot_15,Spot 15,Empty,2026-06-27T21:44:22.059058+00:00,,,,,,,,
2026-06-27T21:57:21.525746+00:00,spot_16,Spot 16,Occupied,2026-06-27T21:46:22.754673+00:00,2136,car,0.7096185088157654,658,31.485809326171875,307.51031494140625,64.67729187011719,327.03338623046875
2026-06-27T21:57:21.525746+00:00,spot_17,Spot 17,Occupied,2026-06-27T21:56:20.615473+00:00,2150,car,0.574128270149231,62,15.530372619628906,307.2549133300781,41.3859748840332,325.3027648925781
2026-06-27T21:58:20.314318+00:00,spot_1,Spot 1,Occupied,2026-06-27T21:58:20.314318+00:00,2149,bus,0.5515989661216736,167,566.937744140625,311.11639404296875,616.3294677734375,372.15240478515625
2026-06-27T21:58:20.314318+00:00,spot_2,Spot 2,Occupied,2026-06-27T21:49:21.621826+00:00,1963,car,0.4573693871498108,15119,500.64556884765625,335.06982421875,544.4220581054688,368.580810546875
2026-06-27T21:58:20.314318+00:00,spot_3,Spot 3,Occupied,2026-06-27T21:57:21.525746+00:00,1857,car,0.5692204236984253,20143,450.41448974609375,321.78009033203125,494.21209716796875,361.31781005859375
2026-06-27T21:58:20.314318+00:00,spot_4,Spot 4,Occupied,2026-06-27T21:40:44.120209+00:00,2060,truck,0.7526549100875854,8699,367.07403564453125,293.4979248046875,446.89654541015625,366.644287109375
2026-06-27T21:58:20.314318+00:00,spot_5,Spot 5,Occupied,2026-06-27T21:18:23.168885+00:00,1826,car,0.8082533478736877,21214,331.6333923339844,324.82958984375,369.2955017089844,358.923583984375
2026-06-27T21:58:20.314318+00:00,spot_6,Spot 6,Occupied,2026-06-27T20:54:22.350568+00:00,2102,car,0.8327450156211853,4916,286.47454833984375,320.6790466308594,344.78167724609375,356.6538391113281
2026-06-27T21:58:20.314318+00:00,spot_7,Spot 7,Empty,2026-06-27T21:53:21.023659+00:00,,,,,,,,
2026-06-27T21:58:20.314318+00:00,spot_8,Spot 8,Occupied,2026-06-27T21:38:24.346205+00:00,2111,car,0.7283914685249329,3415,207.10903930664062,319.17462158203125,265.6019287109375,351.563720703125
2026-06-27T21:58:20.314318+00:00,spot_9,Spot 9,Occupied,2026-06-27T21:57:21.525746+00:00,2153,car,0.8194751143455505,58,171.2271728515625,322.4071350097656,217.9991455078125,347.1618347167969
2026-06-27T21:58:20.314318+00:00,spot_10,Spot 10,Occupied,2026-06-27T21:52:21.124270+00:00,1965,car,0.7610215544700623,15119,154.0739288330078,317.5225524902344,196.0502166748047,343.4998474121094
2026-06-27T21:58:20.314318+00:00,spot_11,Spot 11,Occupied,2026-06-27T19:35:22.909510+00:00,1830,car,0.6002153754234314,21214,119.81352996826172,312.98388671875,166.8831787109375,341.892333984375
2026-06-27T21:58:20.314318+00:00,spot_12,Spot 12,Occupied,2026-06-27T21:52:21.124270+00:00,2125,car,0.733651876449585,1616,80.37234497070312,310.46197509765625,136.01126098632812,333.2293701171875
2026-06-27T21:58:20.314318+00:00,spot_13,Spot 13,Empty,2026-06-27T21:52:21.124270+00:00,,,,,,,,
2026-06-27T21:58:20.314318+00:00,spot_14,Spot 14,Occupied,2026-06-27T21:57:21.525746+00:00,2140,car,0.5455424785614014,598,62.96968078613281,309.3489990234375,89.65576171875,330.36785888671875
2026-06-27T21:58:20.314318+00:00,spot_15,Spot 15,Empty,2026-06-27T21:44:22.059058+00:00,,,,,,,,
2026-06-27T21:58:20.314318+00:00,spot_16,Spot 16,Occupied,2026-06-27T21:46:22.754673+00:00,2136,car,0.5812190771102905,717,31.59807586669922,307.3685302734375,64.88642120361328,327.23956298828125
2026-06-27T21:58:20.314318+00:00,spot_17,Spot 17,Occupied,2026-06-27T21:56:20.615473+00:00,2150,car,0.5217995643615723,121,16.506881713867188,307.4478759765625,39.498008728027344,325.25189208984375
2026-06-27T21:59:21.586443+00:00,spot_1,Spot 1,Occupied,2026-06-27T21:59:21.586443+00:00,2151,truck,0.40764451026916504,182,567.4210205078125,310.198486328125,615.7254638671875,373.1466064453125
2026-06-27T21:59:21.586443+00:00,spot_2,Spot 2,Occupied,2026-06-27T21:49:21.621826+00:00,1963,car,0.6779208183288574,15181,499.734619140625,320.60845947265625,546.6099853515625,367.8458251953125
2026-06-27T21:59:21.586443+00:00,spot_3,Spot 3,Occupied,2026-06-27T21:57:21.525746+00:00,1857,car,0.8205761313438416,20205,450.93084716796875,322.4523010253906,491.30084228515625,361.1471862792969
2026-06-27T21:59:21.586443+00:00,spot_4,Spot 4,Occupied,2026-06-27T21:40:44.120209+00:00,2060,truck,0.6634690165519714,8760,367.0125732421875,291.23931884765625,447.1888427734375,366.51055908203125
2026-06-27T21:59:21.586443+00:00,spot_5,Spot 5,Occupied,2026-06-27T21:18:23.168885+00:00,1826,car,0.816533088684082,21276,332.3727111816406,326.5352783203125,368.7428894042969,359.7314453125
2026-06-27T21:59:21.586443+00:00,spot_6,Spot 6,Occupied,2026-06-27T20:54:22.350568+00:00,2102,car,0.8510391116142273,4977,286.6019592285156,321.479736328125,344.0566101074219,356.044921875
2026-06-27T21:59:21.586443+00:00,spot_7,Spot 7,Empty,2026-06-27T21:53:21.023659+00:00,,,,,,,,
2026-06-27T21:59:21.586443+00:00,spot_8,Spot 8,Occupied,2026-06-27T21:38:24.346205+00:00,2111,car,0.7847140431404114,3477,207.22042846679688,318.7279052734375,266.66949462890625,351.052734375
2026-06-27T21:59:21.586443+00:00,spot_9,Spot 9,Occupied,2026-06-27T21:57:21.525746+00:00,2153,car,0.6381890177726746,119,173.31585693359375,321.884765625,218.01544189453125,346.755126953125
2026-06-27T21:59:21.586443+00:00,spot_10,Spot 10,Occupied,2026-06-27T21:52:21.124270+00:00,1965,car,0.6836080551147461,15181,153.6004638671875,317.2394714355469,193.60870361328125,342.8405456542969
2026-06-27T21:59:21.586443+00:00,spot_11,Spot 11,Occupied,2026-06-27T19:35:22.909510+00:00,1830,car,0.4424600601196289,21276,121.66643524169922,313.0841064453125,166.8570556640625,341.0404052734375
2026-06-27T21:59:21.586443+00:00,spot_12,Spot 12,Occupied,2026-06-27T21:52:21.124270+00:00,2125,car,0.6032707691192627,1677,79.58712768554688,310.45556640625,135.41693115234375,333.364501953125
2026-06-27T21:59:21.586443+00:00,spot_13,Spot 13,Empty,2026-06-27T21:52:21.124270+00:00,,,,,,,,
2026-06-27T21:59:21.586443+00:00,spot_14,Spot 14,Occupied,2026-06-27T21:57:21.525746+00:00,2140,car,0.38705527782440186,659,64.87797546386719,309.235107421875,89.97975158691406,329.6585693359375
2026-06-27T21:59:21.586443+00:00,spot_15,Spot 15,Empty,2026-06-27T21:44:22.059058+00:00,,,,,,,,
2026-06-27T21:59:21.586443+00:00,spot_16,Spot 16,Occupied,2026-06-27T21:46:22.754673+00:00,2136,car,0.6670337319374084,778,28.00593376159668,307.5350341796875,65.20001220703125,326.5960693359375
2026-06-27T21:59:21.586443+00:00,spot_17,Spot 17,Occupied,2026-06-27T21:56:20.615473+00:00,2150,car,0.6199144721031189,182,17.079853057861328,306.80682373046875,40.63895034790039,324.8167724609375
2026-06-27T22:01:22.513942+00:00,spot_1,Spot 1,Occupied,2026-06-27T22:01:22.513942+00:00,2151,truck,0.4598537087440491,302,566.712890625,311.59906005859375,616.19921875,373.05487060546875
2026-06-27T22:01:22.513942+00:00,spot_2,Spot 2,Occupied,2026-06-27T21:49:21.621826+00:00,1963,car,0.888988196849823,15301,496.1939697265625,326.40093994140625,545.2774658203125,377.23138427734375
2026-06-27T22:01:22.513942+00:00,spot_3,Spot 3,Occupied,2026-06-27T21:57:21.525746+00:00,1857,car,0.7264953851699829,20325,450.25347900390625,329.79888916015625,488.71630859375,361.4949951171875
2026-06-27T22:01:22.513942+00:00,spot_4,Spot 4,Occupied,2026-06-27T21:40:44.120209+00:00,2060,truck,0.6867159008979797,8881,366.9793701171875,295.05029296875,447.309326171875,366.60986328125
2026-06-27T22:01:22.513942+00:00,spot_5,Spot 5,Occupied,2026-06-27T21:18:23.168885+00:00,1826,car,0.8237436413764954,21396,332.1595458984375,324.557373046875,369.20361328125,358.899658203125
2026-06-27T22:01:22.513942+00:00,spot_6,Spot 6,Occupied,2026-06-27T20:54:22.350568+00:00,2102,car,0.8779082894325256,5098,286.5998229980469,321.6789855957031,344.7333679199219,356.2980041503906
2026-06-27T22:01:22.513942+00:00,spot_7,Spot 7,Empty,2026-06-27T21:53:21.023659+00:00,,,,,,,,
2026-06-27T22:01:22.513942+00:00,spot_8,Spot 8,Occupied,2026-06-27T21:38:24.346205+00:00,2111,car,0.8388605713844299,3597,207.27182006835938,319.10345458984375,266.39031982421875,351.60662841796875
2026-06-27T22:01:22.513942+00:00,spot_9,Spot 9,Occupied,2026-06-27T21:57:21.525746+00:00,2153,car,0.5771800875663757,240,189.54531860351562,323.26934814453125,216.87506103515625,346.63531494140625
2026-06-27T22:01:22.513942+00:00,spot_10,Spot 10,Occupied,2026-06-27T21:52:21.124270+00:00,1965,car,0.43372541666030884,15301,153.38392639160156,316.986083984375,200.2996368408203,343.531005859375
2026-06-27T22:01:22.513942+00:00,spot_11,Spot 11,Occupied,2026-06-27T19:35:22.909510+00:00,1830,car,0.6725623607635498,21396,120.96259307861328,312.9666748046875,166.6998291015625,341.373291015625
2026-06-27T22:01:22.513942+00:00,spot_12,Spot 12,Occupied,2026-06-27T21:52:21.124270+00:00,2125,car,0.6891753077507019,1797,79.08137512207031,310.4693603515625,135.72491455078125,333.45928955078125
2026-06-27T22:01:22.513942+00:00,spot_13,Spot 13,Empty,2026-06-27T21:52:21.124270+00:00,,,,,,,,
2026-06-27T22:01:22.513942+00:00,spot_14,Spot 14,Occupied,2026-06-27T21:57:21.525746+00:00,2140,car,0.45207715034484863,780,62.77149963378906,309.37298583984375,91.42391967773438,330.82891845703125
2026-06-27T22:01:22.513942+00:00,spot_15,Spot 15,Empty,2026-06-27T21:44:22.059058+00:00,,,,,,,,
2026-06-27T22:01:22.513942+00:00,spot_16,Spot 16,Occupied,2026-06-27T21:46:22.754673+00:00,2136,car,0.41615673899650574,899,23.900833129882812,307.2613830566406,64.59282684326172,327.1993103027344
2026-06-27T22:01:22.513942+00:00,spot_17,Spot 17,Occupied,2026-06-27T21:56:20.615473+00:00,2150,car,0.4130752384662628,302,15.863922119140625,306.93072509765625,36.62699890136719,325.04534912109375
2026-06-27T22:02:21.977972+00:00,spot_1,Spot 1,Occupied,2026-06-27T22:01:22.513942+00:00,2151,truck,0.7072917819023132,362,567.1129150390625,311.08935546875,617.2425537109375,373.12890625
2026-06-27T22:02:21.977972+00:00,spot_2,Spot 2,Empty,2026-06-27T22:02:21.977972+00:00,,,,,,,,
2026-06-27T22:02:21.977972+00:00,spot_3,Spot 3,Occupied,2026-06-27T21:57:21.525746+00:00,1857,car,0.5215951204299927,20385,449.319580078125,328.058837890625,488.9024658203125,362.032958984375
2026-06-27T22:02:21.977972+00:00,spot_4,Spot 4,Occupied,2026-06-27T21:40:44.120209+00:00,2060,truck,0.7919556498527527,8941,368.107666015625,293.70758056640625,447.3555908203125,367.1820068359375
2026-06-27T22:02:21.977972+00:00,spot_5,Spot 5,Occupied,2026-06-27T21:18:23.168885+00:00,1826,car,0.7001495361328125,21456,335.3441162109375,325.9302062988281,368.7965087890625,355.7541809082031
2026-06-27T22:02:21.977972+00:00,spot_6,Spot 6,Occupied,2026-06-27T20:54:22.350568+00:00,2102,car,0.8083268404006958,5158,286.9707336425781,321.70684814453125,340.7853088378906,356.11688232421875
2026-06-27T22:02:21.977972+00:00,spot_7,Spot 7,Empty,2026-06-27T21:53:21.023659+00:00,,,,,,,,
2026-06-27T22:02:21.977972+00:00,spot_8,Spot 8,Occupied,2026-06-27T21:38:24.346205+00:00,2111,car,0.7448692917823792,3657,205.98956298828125,319.15704345703125,266.27606201171875,351.43206787109375
2026-06-27T22:02:21.977972+00:00,spot_9,Spot 9,Occupied,2026-06-27T21:57:21.525746+00:00,2153,car,0.6011942028999329,300,174.44131469726562,322.9349365234375,209.42489624023438,346.74365234375
2026-06-27T22:02:21.977972+00:00,spot_10,Spot 10,Occupied,2026-06-27T21:52:21.124270+00:00,1965,car,0.6762140989303589,15361,153.46160888671875,316.91680908203125,193.37765502929688,343.42999267578125
2026-06-27T22:02:21.977972+00:00,spot_11,Spot 11,Occupied,2026-06-27T19:35:22.909510+00:00,1830,car,0.53578782081604,21456,121.43391418457031,312.6947021484375,167.9510040283203,343.09979248046875
2026-06-27T22:02:21.977972+00:00,spot_12,Spot 12,Occupied,2026-06-27T21:52:21.124270+00:00,2125,car,0.7768800854682922,1857,79.02377319335938,310.464111328125,135.705322265625,333.4119873046875
2026-06-27T22:02:21.977972+00:00,spot_13,Spot 13,Empty,2026-06-27T21:52:21.124270+00:00,,,,,,,,
2026-06-27T22:02:21.977972+00:00,spot_14,Spot 14,Occupied,2026-06-27T21:57:21.525746+00:00,2140,car,0.6168681979179382,840,63.178794860839844,309.2638244628906,89.85730743408203,330.5460510253906
2026-06-27T22:02:21.977972+00:00,spot_15,Spot 15,Empty,2026-06-27T21:44:22.059058+00:00,,,,,,,,
2026-06-27T22:02:21.977972+00:00,spot_16,Spot 16,Occupied,2026-06-27T21:46:22.754673+00:00,2136,car,0.37472274899482727,958,30.833053588867188,307.3111572265625,64.26991271972656,326.9583740234375
2026-06-27T22:02:21.977972+00:00,spot_17,Spot 17,Empty,2026-06-27T22:02:21.977972+00:00,,,,,,,,
2026-06-27T22:03:21.448099+00:00,spot_1,Spot 1,Occupied,2026-06-27T22:03:21.448099+00:00,2152,car,0.47709518671035767,358,566.617919921875,311.4046630859375,616.076904296875,372.8896484375
2026-06-27T22:03:21.448099+00:00,spot_2,Spot 2,Empty,2026-06-27T22:02:21.977972+00:00,,,,,,,,
2026-06-27T22:03:21.448099+00:00,spot_3,Spot 3,Occupied,2026-06-27T21:57:21.525746+00:00,1857,car,0.6101715564727783,20444,450.57537841796875,322.0050048828125,493.33306884765625,361.0386962890625
2026-06-27T22:03:21.448099+00:00,spot_4,Spot 4,Occupied,2026-06-27T21:40:44.120209+00:00,2060,truck,0.7153735160827637,8999,366.697998046875,294.54010009765625,447.206298828125,368.51837158203125
2026-06-27T22:03:21.448099+00:00,spot_5,Spot 5,Occupied,2026-06-27T21:18:23.168885+00:00,1826,car,0.8376963138580322,21515,332.1973571777344,324.4805908203125,368.9719543457031,359.4307861328125
2026-06-27T22:03:21.448099+00:00,spot_6,Spot 6,Occupied,2026-06-27T20:54:22.350568+00:00,2102,car,0.8747364282608032,5217,287.2967834472656,321.9759521484375,345.3341369628906,356.0386962890625
2026-06-27T22:03:21.448099+00:00,spot_7,Spot 7,Empty,2026-06-27T21:53:21.023659+00:00,,,,,,,,
2026-06-27T22:03:21.448099+00:00,spot_8,Spot 8,Occupied,2026-06-27T21:38:24.346205+00:00,2111,car,0.7685320377349854,3716,206.47177124023438,318.7142333984375,266.2056579589844,351.5947265625
2026-06-27T22:03:21.448099+00:00,spot_9,Spot 9,Occupied,2026-06-27T21:57:21.525746+00:00,2153,car,0.7487087845802307,358,173.68780517578125,322.9190979003906,216.84036254882812,346.9970397949219
2026-06-27T22:03:21.448099+00:00,spot_10,Spot 10,Occupied,2026-06-27T22:03:21.448099+00:00,2155,car,0.35554102063179016,0,165.30499267578125,318.370361328125,192.826416015625,341.21923828125
2026-06-27T22:03:21.448099+00:00,spot_11,Spot 11,Occupied,2026-06-27T19:35:22.909510+00:00,1830,car,0.7094507813453674,21515,120.53433227539062,313.21954345703125,167.09698486328125,341.590576171875
2026-06-27T22:03:21.448099+00:00,spot_12,Spot 12,Occupied,2026-06-27T21:52:21.124270+00:00,2125,car,0.7692708373069763,1916,78.84500122070312,310.48321533203125,135.76596069335938,333.23699951171875
2026-06-27T22:03:21.448099+00:00,spot_13,Spot 13,Empty,2026-06-27T21:52:21.124270+00:00,,,,,,,,
2026-06-27T22:03:21.448099+00:00,spot_14,Spot 14,Occupied,2026-06-27T21:57:21.525746+00:00,2140,car,0.45438018441200256,898,62.5418815612793,309.2269287109375,90.42512512207031,330.5362548828125
2026-06-27T22:03:21.448099+00:00,spot_15,Spot 15,Empty,2026-06-27T21:44:22.059058+00:00,,,,,,,,
2026-06-27T22:03:21.448099+00:00,spot_16,Spot 16,Occupied,2026-06-27T21:46:22.754673+00:00,2136,car,0.5777166485786438,1017,32.210899353027344,307.3896484375,64.46205139160156,327.16357421875
2026-06-27T22:03:21.448099+00:00,spot_17,Spot 17,Occupied,2026-06-27T22:03:21.448099+00:00,2150,car,0.45289695262908936,421,17.021541595458984,307.53521728515625,39.17341995239258,325.30218505859375
2026-06-27T22:04:22.964957+00:00,spot_1,Spot 1,Empty,2026-06-27T22:04:22.964957+00:00,,,,,,,,
2026-06-27T22:04:22.964957+00:00,spot_2,Spot 2,Occupied,2026-06-27T22:04:22.964957+00:00,1963,car,0.6442883014678955,15481,503.5870056152344,326.25836181640625,542.1160888671875,364.27130126953125
2026-06-27T22:04:22.964957+00:00,spot_3,Spot 3,Empty,2026-06-27T22:04:22.964957+00:00,,,,,,,,
2026-06-27T22:04:22.964957+00:00,spot_4,Spot 4,Occupied,2026-06-27T21:40:44.120209+00:00,2060,truck,0.4579433798789978,9060,366.22930908203125,293.5751953125,446.31439208984375,366.787109375
2026-06-27T22:04:22.964957+00:00,spot_5,Spot 5,Occupied,2026-06-27T21:18:23.168885+00:00,1826,car,0.7900985479354858,21576,332.8082275390625,325.1417541503906,368.3570556640625,356.9606628417969
2026-06-27T22:04:22.964957+00:00,spot_6,Spot 6,Occupied,2026-06-27T20:54:22.350568+00:00,2102,car,0.8442263603210449,5277,286.5083923339844,321.4507141113281,344.7934875488281,356.3377380371094
2026-06-27T22:04:22.964957+00:00,spot_7,Spot 7,Empty,2026-06-27T21:53:21.023659+00:00,,,,,,,,
2026-06-27T22:04:22.964957+00:00,spot_8,Spot 8,Empty,2026-06-27T22:04:22.964957+00:00,,,,,,,,
2026-06-27T22:04:22.964957+00:00,spot_9,Spot 9,Occupied,2026-06-27T21:57:21.525746+00:00,2153,car,0.36295488476753235,419,166.94137573242188,323.2506103515625,208.11294555664062,346.4437255859375
2026-06-27T22:04:22.964957+00:00,spot_10,Spot 10,Occupied,2026-06-27T22:04:22.964957+00:00,1965,car,0.6005086898803711,15481,153.92823791503906,318.2544860839844,191.8314666748047,343.3015441894531
2026-06-27T22:04:22.964957+00:00,spot_11,Spot 11,Occupied,2026-06-27T19:35:22.909510+00:00,1830,car,0.5218683481216431,21576,121.17109680175781,313.16778564453125,168.28431701660156,342.5595703125
2026-06-27T22:04:22.964957+00:00,spot_12,Spot 12,Occupied,2026-06-27T21:52:21.124270+00:00,2125,car,0.5940258502960205,1977,77.49195861816406,310.441162109375,135.8655242919922,333.09619140625
2026-06-27T22:04:22.964957+00:00,spot_13,Spot 13,Empty,2026-06-27T21:52:21.124270+00:00,,,,,,,,
2026-06-27T22:04:22.964957+00:00,spot_14,Spot 14,Empty,2026-06-27T22:04:22.964957+00:00,,,,,,,,
2026-06-27T22:04:22.964957+00:00,spot_15,Spot 15,Empty,2026-06-27T21:44:22.059058+00:00,,,,,,,,
2026-06-27T22:04:22.964957+00:00,spot_16,Spot 16,Occupied,2026-06-27T21:46:22.754673+00:00,2136,car,0.42432066798210144,1078,27.67652130126953,307.658203125,64.07771301269531,327.2373046875
2026-06-27T22:04:22.964957+00:00,spot_17,Spot 17,Occupied,2026-06-27T22:03:21.448099+00:00,2150,car,0.41017404198646545,482,17.333385467529297,308.23101806640625,35.35544967651367,325.15533447265625
2026-06-27T22:05:22.219100+00:00,spot_1,Spot 1,Occupied,2026-06-27T22:05:22.219100+00:00,2152,car,0.3597089350223541,479,567.2770385742188,311.43597412109375,615.3130493164062,372.53436279296875
2026-06-27T22:05:22.219100+00:00,spot_2,Spot 2,Occupied,2026-06-27T22:04:22.964957+00:00,1963,car,0.6335059404373169,15541,501.7850036621094,319.3905029296875,546.3609619140625,361.201416015625
2026-06-27T22:05:22.219100+00:00,spot_3,Spot 3,Occupied,2026-06-27T22:05:22.219100+00:00,1857,car,0.5586799383163452,20565,450.451904296875,325.734130859375,493.714599609375,362.0445556640625
2026-06-27T22:05:22.219100+00:00,spot_4,Spot 4,Occupied,2026-06-27T21:40:44.120209+00:00,2060,truck,0.6603848338127136,9120,365.8614501953125,294.88214111328125,447.4095458984375,369.9683837890625
2026-06-27T22:05:22.219100+00:00,spot_5,Spot 5,Empty,2026-06-27T22:05:22.219100+00:00,,,,,,,,
2026-06-27T22:05:22.219100+00:00,spot_6,Spot 6,Occupied,2026-06-27T20:54:22.350568+00:00,2102,car,0.7580536603927612,5338,287.2193603515625,321.87884521484375,339.9278564453125,355.47528076171875
2026-06-27T22:05:22.219100+00:00,spot_7,Spot 7,Empty,2026-06-27T21:53:21.023659+00:00,,,,,,,,
2026-06-27T22:05:22.219100+00:00,spot_8,Spot 8,Occupied,2026-06-27T22:05:22.219100+00:00,2111,car,0.7418944239616394,3837,197.63436889648438,319.74383544921875,264.2643127441406,351.642822265625
2026-06-27T22:05:22.219100+00:00,spot_9,Spot 9,Occupied,2026-06-27T21:57:21.525746+00:00,2153,car,0.4482354521751404,479,172.3730926513672,323.7714538574219,203.29026794433594,347.2480773925781
2026-06-27T22:05:22.219100+00:00,spot_10,Spot 10,Occupied,2026-06-27T22:05:22.219100+00:00,2155,car,0.42529332637786865,120,164.47030639648438,318.74835205078125,193.03067016601562,341.20147705078125
2026-06-27T22:05:22.219100+00:00,spot_11,Spot 11,Occupied,2026-06-27T19:35:22.909510+00:00,1830,car,0.5525125861167908,21636,121.9715576171875,312.95697021484375,168.36563110351562,341.80438232421875
2026-06-27T22:05:22.219100+00:00,spot_12,Spot 12,Occupied,2026-06-27T21:52:21.124270+00:00,2125,car,0.5808571577072144,2037,80.10987854003906,310.25042724609375,134.19644165039062,333.18792724609375
2026-06-27T22:05:22.219100+00:00,spot_13,Spot 13,Empty,2026-06-27T21:52:21.124270+00:00,,,,,,,,
2026-06-27T22:05:22.219100+00:00,spot_14,Spot 14,Occupied,2026-06-27T22:05:22.219100+00:00,2140,car,0.39321252703666687,1019,63.680965423583984,309.8659973144531,87.90408325195312,330.0049133300781
2026-06-27T22:05:22.219100+00:00,spot_15,Spot 15,Empty,2026-06-27T21:44:22.059058+00:00,,,,,,,,
2026-06-27T22:05:22.219100+00:00,spot_16,Spot 16,Empty,2026-06-27T22:05:22.219100+00:00,,,,,,,,
2026-06-27T22:05:22.219100+00:00,spot_17,Spot 17,Empty,2026-06-27T22:05:22.219100+00:00,,,,,,,,
2026-06-27T22:06:21.822708+00:00,spot_1,Spot 1,Occupied,2026-06-27T22:06:21.822708+00:00,2156,bus,0.5567938089370728,0,567.7442626953125,311.2420654296875,614.7392578125,373.54241943359375
2026-06-27T22:06:21.822708+00:00,spot_2,Spot 2,Occupied,2026-06-27T22:04:22.964957+00:00,1963,car,0.6624873280525208,15600,501.25469970703125,326.6397705078125,545.3847045898438,363.49853515625
2026-06-27T22:06:21.822708+00:00,spot_3,Spot 3,Occupied,2026-06-27T22:05:22.219100+00:00,1857,car,0.5165645480155945,20624,451.450927734375,325.0189208984375,494.36083984375,355.41815185546875
2026-06-27T22:06:21.822708+00:00,spot_4,Spot 4,Occupied,2026-06-27T21:40:44.120209+00:00,2060,truck,0.7591908574104309,9179,366.1966552734375,293.6889343261719,447.29412841796875,367.8345031738281
2026-06-27T22:06:21.822708+00:00,spot_5,Spot 5,Occupied,2026-06-27T22:06:21.822708+00:00,1826,car,0.8413249850273132,21695,332.1094970703125,324.4543762207031,368.623779296875,357.9797058105469
2026-06-27T22:06:21.822708+00:00,spot_6,Spot 6,Occupied,2026-06-27T20:54:22.350568+00:00,2102,car,0.8603405952453613,5397,286.751220703125,321.9676818847656,344.97857666015625,355.5961608886719
2026-06-27T22:06:21.822708+00:00,spot_7,Spot 7,Empty,2026-06-27T21:53:21.023659+00:00,,,,,,,,
2026-06-27T22:06:21.822708+00:00,spot_8,Spot 8,Occupied,2026-06-27T22:05:22.219100+00:00,2111,car,0.6701740026473999,3896,206.76116943359375,319.114013671875,265.84173583984375,351.66888427734375
2026-06-27T22:06:21.822708+00:00,spot_9,Spot 9,Occupied,2026-06-27T21:57:21.525746+00:00,2153,car,0.4630240797996521,538,173.84014892578125,322.89306640625,216.93408203125,347.03515625
2026-06-27T22:06:21.822708+00:00,spot_10,Spot 10,Occupied,2026-06-27T22:06:21.822708+00:00,1965,car,0.6503841876983643,15600,153.9383544921875,316.26019287109375,193.7685546875,342.82135009765625
2026-06-27T22:06:21.822708+00:00,spot_11,Spot 11,Occupied,2026-06-27T19:35:22.909510+00:00,1830,car,0.5074827075004578,21695,121.29396057128906,312.8428955078125,166.9255828857422,342.07952880859375
2026-06-27T22:06:21.822708+00:00,spot_12,Spot 12,Occupied,2026-06-27T21:52:21.124270+00:00,2125,car,0.7224157452583313,2096,79.43142700195312,310.3475341796875,136.0993194580078,333.2628173828125
2026-06-27T22:06:21.822708+00:00,spot_13,Spot 13,Empty,2026-06-27T21:52:21.124270+00:00,,,,,,,,
2026-06-27T22:06:21.822708+00:00,spot_14,Spot 14,Occupied,2026-06-27T22:05:22.219100+00:00,2140,car,0.5644481182098389,1078,63.25670623779297,309.3982849121094,88.53900909423828,330.7109680175781
2026-06-27T22:06:21.822708+00:00,spot_15,Spot 15,Empty,2026-06-27T21:44:22.059058+00:00,,,,,,,,
2026-06-27T22:06:21.822708+00:00,spot_16,Spot 16,Occupied,2026-06-27T22:06:21.822708+00:00,2136,car,0.590302050113678,1197,31.474464416503906,307.4598388671875,64.78125,327.0919189453125
2026-06-27T22:06:21.822708+00:00,spot_17,Spot 17,Occupied,2026-06-27T22:06:21.822708+00:00,2150,car,0.48370200395584106,601,17.870819091796875,307.2948303222656,40.983787536621094,325.1003112792969
2026-06-27T22:07:21.965567+00:00,spot_1,Spot 1,Occupied,2026-06-27T22:06:21.822708+00:00,2156,bus,0.8235839009284973,61,567.1627197265625,311.13665771484375,614.310791015625,373.46759033203125
2026-06-27T22:07:21.965567+00:00,spot_2,Spot 2,Occupied,2026-06-27T22:07:21.965567+00:00,2157,bus,0.49555861949920654,0,502.7789001464844,319.55059814453125,545.2244873046875,365.69232177734375
2026-06-27T22:07:21.965567+00:00,spot_3,Spot 3,Occupied,2026-06-27T22:05:22.219100+00:00,1857,car,0.6240306496620178,20685,449.2933349609375,322.4232177734375,495.2698974609375,361.6744384765625
2026-06-27T22:07:21.965567+00:00,spot_4,Spot 4,Occupied,2026-06-27T21:40:44.120209+00:00,2060,truck,0.6996537446975708,9241,367.16522216796875,292.9288330078125,446.96820068359375,366.6898193359375
2026-06-27T22:07:21.965567+00:00,spot_5,Spot 5,Occupied,2026-06-27T22:06:21.822708+00:00,1826,car,0.7567862868309021,21756,332.8330078125,324.10626220703125,368.480712890625,359.73419189453125
2026-06-27T22:07:21.965567+00:00,spot_6,Spot 6,Occupied,2026-06-27T20:54:22.350568+00:00,2102,car,0.8368985056877136,5458,286.8363952636719,321.43890380859375,344.7730407714844,356.53668212890625
2026-06-27T22:07:21.965567+00:00,spot_7,Spot 7,Empty,2026-06-27T21:53:21.023659+00:00,,,,,,,,
2026-06-27T22:07:21.965567+00:00,spot_8,Spot 8,Occupied,2026-06-27T22:05:22.219100+00:00,2111,car,0.6223210692405701,3957,205.70932006835938,319.44122314453125,266.7622985839844,351.84100341796875
2026-06-27T22:07:21.965567+00:00,spot_9,Spot 9,Occupied,2026-06-27T21:57:21.525746+00:00,2153,car,0.5976188778877258,600,172.8641357421875,323.8340759277344,216.5035400390625,346.5450134277344
2026-06-27T22:07:21.965567+00:00,spot_10,Spot 10,Occupied,2026-06-27T22:06:21.822708+00:00,1965,car,0.53590327501297,15661,154.48956298828125,317.74481201171875,192.4766845703125,342.63836669921875
2026-06-27T22:07:21.965567+00:00,spot_11,Spot 11,Occupied,2026-06-27T19:35:22.909510+00:00,1830,car,0.5525500774383545,21756,119.85484313964844,312.77960205078125,167.8709259033203,342.80279541015625
2026-06-27T22:07:21.965567+00:00,spot_12,Spot 12,Occupied,2026-06-27T21:52:21.124270+00:00,2125,car,0.7624233365058899,2158,78.11288452148438,310.3639831542969,136.07809448242188,333.3172302246094
2026-06-27T22:07:21.965567+00:00,spot_13,Spot 13,Empty,2026-06-27T21:52:21.124270+00:00,,,,,,,,
2026-06-27T22:07:21.965567+00:00,spot_14,Spot 14,Occupied,2026-06-27T22:05:22.219100+00:00,2140,car,0.5827570557594299,1140,63.106163024902344,309.6459045410156,88.41368865966797,330.2977600097656
2026-06-27T22:07:21.965567+00:00,spot_15,Spot 15,Empty,2026-06-27T21:44:22.059058+00:00,,,,,,,,
2026-06-27T22:07:21.965567+00:00,spot_16,Spot 16,Occupied,2026-06-27T22:06:21.822708+00:00,2136,car,0.681605339050293,1259,31.177947998046875,307.7974853515625,64.26701354980469,327.1219482421875
2026-06-27T22:07:21.965567+00:00,spot_17,Spot 17,Empty,2026-06-27T22:07:21.965567+00:00,,,,,,,,
2026-06-27T22:08:23.549436+00:00,spot_1,Spot 1,Occupied,2026-06-27T22:06:21.822708+00:00,2156,bus,0.5571785569190979,122,567.2042236328125,311.4173889160156,613.1805419921875,372.0289001464844
2026-06-27T22:08:23.549436+00:00,spot_2,Spot 2,Empty,2026-06-27T22:08:23.549436+00:00,,,,,,,,
2026-06-27T22:08:23.549436+00:00,spot_3,Spot 3,Occupied,2026-06-27T22:05:22.219100+00:00,1857,car,0.721760094165802,20746,450.3305358886719,326.26348876953125,489.1534729003906,361.57733154296875
2026-06-27T22:08:23.549436+00:00,spot_4,Spot 4,Occupied,2026-06-27T21:40:44.120209+00:00,2060,truck,0.7578102350234985,9302,367.13360595703125,293.7026672363281,447.45361328125,368.3759460449219
2026-06-27T22:08:23.549436+00:00,spot_5,Spot 5,Occupied,2026-06-27T22:06:21.822708+00:00,1826,car,0.8497097492218018,21817,331.92828369140625,324.41802978515625,368.71112060546875,359.5943603515625
2026-06-27T22:08:23.549436+00:00,spot_6,Spot 6,Occupied,2026-06-27T20:54:22.350568+00:00,2102,car,0.874447226524353,5519,286.73638916015625,322.01788330078125,345.31170654296875,355.89605712890625
2026-06-27T22:08:23.549436+00:00,spot_7,Spot 7,Empty,2026-06-27T21:53:21.023659+00:00,,,,,,,,
2026-06-27T22:08:23.549436+00:00,spot_8,Spot 8,Occupied,2026-06-27T22:05:22.219100+00:00,2111,car,0.8243077397346497,4018,207.11123657226562,319.07647705078125,266.3555603027344,351.53033447265625
2026-06-27T22:08:23.549436+00:00,spot_9,Spot 9,Occupied,2026-06-27T21:57:21.525746+00:00,2153,car,0.7871063351631165,661,173.81201171875,322.620361328125,217.98284912109375,347.17327880859375
2026-06-27T22:08:23.549436+00:00,spot_10,Spot 10,Occupied,2026-06-27T22:06:21.822708+00:00,1965,car,0.6783024072647095,15722,154.16458129882812,317.4691467285156,194.30526733398438,343.2935485839844
2026-06-27T22:08:23.549436+00:00,spot_11,Spot 11,Occupied,2026-06-27T19:35:22.909510+00:00,1830,car,0.6023101210594177,21817,119.87158203125,312.6983642578125,168.135986328125,342.3255615234375
2026-06-27T22:08:23.549436+00:00,spot_12,Spot 12,Occupied,2026-06-27T21:52:21.124270+00:00,2125,car,0.7953643798828125,2218,80.05424499511719,310.2611083984375,135.83917236328125,333.0728759765625
2026-06-27T22:08:23.549436+00:00,spot_13,Spot 13,Empty,2026-06-27T21:52:21.124270+00:00,,,,,,,,
2026-06-27T22:08:23.549436+00:00,spot_14,Spot 14,Occupied,2026-06-27T22:05:22.219100+00:00,2140,car,0.5038067698478699,1201,61.0849609375,309.10101318359375,88.84109497070312,331.13385009765625
2026-06-27T22:08:23.549436+00:00,spot_15,Spot 15,Empty,2026-06-27T21:44:22.059058+00:00,,,,,,,,
2026-06-27T22:08:23.549436+00:00,spot_16,Spot 16,Occupied,2026-06-27T22:06:21.822708+00:00,2136,car,0.49966809153556824,1320,35.66844940185547,307.77484130859375,63.61237335205078,327.07708740234375
2026-06-27T22:08:23.549436+00:00,spot_17,Spot 17,Empty,2026-06-27T22:07:21.965567+00:00,,,,,,,,
2026-06-27T22:09:22.907458+00:00,spot_1,Spot 1,Occupied,2026-06-27T22:06:21.822708+00:00,2156,bus,0.6823848485946655,181,566.527587890625,311.635009765625,610.7216796875,373.5965576171875
2026-06-27T22:09:22.907458+00:00,spot_2,Spot 2,Empty,2026-06-27T22:08:23.549436+00:00,,,,,,,,
2026-06-27T22:09:22.907458+00:00,spot_3,Spot 3,Occupied,2026-06-27T22:05:22.219100+00:00,1857,car,0.38241031765937805,20806,448.2099609375,322.3384094238281,496.57098388671875,362.4539489746094
2026-06-27T22:09:22.907458+00:00,spot_4,Spot 4,Occupied,2026-06-27T21:40:44.120209+00:00,2060,truck,0.7750158309936523,9361,366.81951904296875,294.77532958984375,447.96954345703125,367.406005859375
2026-06-27T22:09:22.907458+00:00,spot_5,Spot 5,Occupied,2026-06-27T22:06:21.822708+00:00,1826,car,0.8121926784515381,21877,331.54693603515625,324.37982177734375,368.66357421875,358.08551025390625
2026-06-27T22:09:22.907458+00:00,spot_6,Spot 6,Occupied,2026-06-27T20:54:22.350568+00:00,2102,car,0.8455637693405151,5579,286.95849609375,321.5765380859375,342.646240234375,356.820556640625
2026-06-27T22:09:22.907458+00:00,spot_7,Spot 7,Empty,2026-06-27T21:53:21.023659+00:00,,,,,,,,
2026-06-27T22:09:22.907458+00:00,spot_8,Spot 8,Occupied,2026-06-27T22:05:22.219100+00:00,2111,car,0.7710865139961243,4078,206.90200805664062,319.520751953125,265.3063049316406,351.785400390625
2026-06-27T22:09:22.907458+00:00,spot_9,Spot 9,Occupied,2026-06-27T21:57:21.525746+00:00,2153,car,0.5674772262573242,720,168.39736938476562,321.42254638671875,215.79168701171875,347.58367919921875
2026-06-27T22:09:22.907458+00:00,spot_10,Spot 10,Occupied,2026-06-27T22:06:21.822708+00:00,1965,car,0.46693578362464905,15782,153.56198120117188,315.5723876953125,193.00662231445312,342.9012451171875
2026-06-27T22:09:22.907458+00:00,spot_11,Spot 11,Occupied,2026-06-27T19:35:22.909510+00:00,1830,car,0.6083366274833679,21877,121.65408325195312,312.8994445800781,166.80642700195312,341.7216491699219
2026-06-27T22:09:22.907458+00:00,spot_12,Spot 12,Occupied,2026-06-27T21:52:21.124270+00:00,2125,car,0.7382852435112,2278,80.2506103515625,310.41363525390625,135.86865234375,333.22125244140625
2026-06-27T22:09:22.907458+00:00,spot_13,Spot 13,Empty,2026-06-27T21:52:21.124270+00:00,,,,,,,,
2026-06-27T22:09:22.907458+00:00,spot_14,Spot 14,Empty,2026-06-27T22:09:22.907458+00:00,,,,,,,,
2026-06-27T22:09:22.907458+00:00,spot_15,Spot 15,Empty,2026-06-27T21:44:22.059058+00:00,,,,,,,,
2026-06-27T22:09:22.907458+00:00,spot_16,Spot 16,Occupied,2026-06-27T22:06:21.822708+00:00,2136,car,0.6218881607055664,1379,32.49034881591797,307.3507385253906,64.50846099853516,327.0330505371094
2026-06-27T22:09:22.907458+00:00,spot_17,Spot 17,Occupied,2026-06-27T22:09:22.907458+00:00,2158,car,0.4990112781524658,0,19.291854858398438,307.1148681640625,42.8322868347168,324.9991455078125
2026-06-27T22:10:22.236686+00:00,spot_1,Spot 1,Occupied,2026-06-27T22:06:21.822708+00:00,2156,bus,0.6608627438545227,241,566.60400390625,311.3464050292969,614.93505859375,373.6526794433594
2026-06-27T22:10:22.236686+00:00,spot_2,Spot 2,Occupied,2026-06-27T22:10:22.236686+00:00,2157,bus,0.4808864891529083,179,503.3594970703125,319.87274169921875,560.28271484375,366.81707763671875
2026-06-27T22:10:22.236686+00:00,spot_3,Spot 3,Occupied,2026-06-27T22:05:22.219100+00:00,1857,car,0.35089629888534546,20865,447.6397705078125,322.5626220703125,495.7320556640625,362.0001220703125
2026-06-27T22:10:22.236686+00:00,spot_4,Spot 4,Occupied,2026-06-27T21:40:44.120209+00:00,2060,truck,0.676005482673645,9420,366.1462097167969,293.5631103515625,447.0904235839844,367.2374267578125
2026-06-27T22:10:22.236686+00:00,spot_5,Spot 5,Occupied,2026-06-27T22:06:21.822708+00:00,1826,car,0.8208540678024292,21936,331.96185302734375,324.56573486328125,368.70684814453125,358.52777099609375
2026-06-27T22:10:22.236686+00:00,spot_6,Spot 6,Occupied,2026-06-27T20:54:22.350568+00:00,2102,car,0.8940653204917908,5638,286.67230224609375,320.71429443359375,345.36810302734375,356.97479248046875
2026-06-27T22:10:22.236686+00:00,spot_7,Spot 7,Empty,2026-06-27T21:53:21.023659+00:00,,,,,,,,
2026-06-27T22:10:22.236686+00:00,spot_8,Spot 8,Occupied,2026-06-27T22:05:22.219100+00:00,2111,car,0.7836742997169495,4137,206.91238403320312,319.49615478515625,266.07366943359375,351.72369384765625
2026-06-27T22:10:22.236686+00:00,spot_9,Spot 9,Occupied,2026-06-27T21:57:21.525746+00:00,2153,car,0.35858622193336487,779,174.01821899414062,322.9608154296875,216.23861694335938,346.88427734375
2026-06-27T22:10:22.236686+00:00,spot_10,Spot 10,Occupied,2026-06-27T22:06:21.822708+00:00,1965,car,0.5885360240936279,15841,154.04638671875,317.2586669921875,194.11001586914062,342.4561767578125
2026-06-27T22:10:22.236686+00:00,spot_11,Spot 11,Occupied,2026-06-27T19:35:22.909510+00:00,1830,car,0.6274236440658569,21936,119.94436645507812,313.0572509765625,166.96243286132812,342.0181884765625
2026-06-27T22:10:22.236686+00:00,spot_12,Spot 12,Occupied,2026-06-27T21:52:21.124270+00:00,2125,car,0.6033292412757874,2337,80.15644836425781,310.5139465332031,135.9426727294922,333.0854187011719
2026-06-27T22:10:22.236686+00:00,spot_13,Spot 13,Empty,2026-06-27T21:52:21.124270+00:00,,,,,,,,
2026-06-27T22:10:22.236686+00:00,spot_14,Spot 14,Empty,2026-06-27T22:09:22.907458+00:00,,,,,,,,
2026-06-27T22:10:22.236686+00:00,spot_15,Spot 15,Empty,2026-06-27T21:44:22.059058+00:00,,,,,,,,
2026-06-27T22:10:22.236686+00:00,spot_16,Spot 16,Occupied,2026-06-27T22:06:21.822708+00:00,2136,car,0.5434617400169373,1438,31.679750442504883,307.63348388671875,64.3055419921875,327.298583984375
2026-06-27T22:10:22.236686+00:00,spot_17,Spot 17,Occupied,2026-06-27T22:09:22.907458+00:00,2158,car,0.4157971739768982,59,16.858570098876953,307.45220947265625,41.577003479003906,324.98724365234375
2026-06-27T22:11:32.386003+00:00,spot_1,Spot 1,Occupied,2026-06-27T22:11:32.386003+00:00,2160,car,0.3680487275123596,0,567.69482421875,310.7537536621094,610.4688720703125,372.8553161621094
2026-06-27T22:11:32.386003+00:00,spot_2,Spot 2,Empty,2026-06-27T22:11:32.386003+00:00,,,,,,,,
2026-06-27T22:11:32.386003+00:00,spot_3,Spot 3,Occupied,2026-06-27T22:05:22.219100+00:00,1857,car,0.573853075504303,20937,450.5157470703125,330.0931396484375,489.8675537109375,361.3170166015625
2026-06-27T22:11:32.386003+00:00,spot_4,Spot 4,Occupied,2026-06-27T21:40:44.120209+00:00,2060,truck,0.5811505913734436,9493,366.4722900390625,292.421875,445.841796875,366.45697021484375
2026-06-27T22:11:32.386003+00:00,spot_5,Spot 5,Occupied,2026-06-27T22:06:21.822708+00:00,1826,car,0.7558178305625916,22008,332.750244140625,324.8848571777344,368.7095947265625,356.0123596191406
2026-06-27T22:11:32.386003+00:00,spot_6,Spot 6,Occupied,2026-06-27T20:54:22.350568+00:00,2102,car,0.8635736107826233,5710,287.0565185546875,322.1368713378906,344.9195556640625,354.8456726074219
2026-06-27T22:11:32.386003+00:00,spot_7,Spot 7,Empty,2026-06-27T21:53:21.023659+00:00,,,,,,,,
2026-06-27T22:11:32.386003+00:00,spot_8,Spot 8,Occupied,2026-06-27T22:05:22.219100+00:00,2111,car,0.6156156063079834,4209,198.34213256835938,319.1190490722656,266.21429443359375,350.9656066894531
2026-06-27T22:11:32.386003+00:00,spot_9,Spot 9,Empty,2026-06-27T22:11:32.386003+00:00,,,,,,,,
2026-06-27T22:11:32.386003+00:00,spot_10,Spot 10,Occupied,2026-06-27T22:06:21.822708+00:00,1965,car,0.4138058125972748,15913,164.74551391601562,317.9736328125,197.05435180664062,342.009033203125
2026-06-27T22:11:32.386003+00:00,spot_11,Spot 11,Occupied,2026-06-27T19:35:22.909510+00:00,1830,car,0.5730569362640381,22008,120.71359252929688,312.7738037109375,168.62991333007812,342.363037109375
2026-06-27T22:11:32.386003+00:00,spot_12,Spot 12,Occupied,2026-06-27T22:11:32.386003+00:00,2159,truck,0.4738754630088806,0,82.02932739257812,310.19268798828125,136.41067504882812,332.91937255859375
2026-06-27T22:11:32.386003+00:00,spot_13,Spot 13,Empty,2026-06-27T21:52:21.124270+00:00,,,,,,,,
2026-06-27T22:11:32.386003+00:00,spot_14,Spot 14,Empty,2026-06-27T22:09:22.907458+00:00,,,,,,,,
2026-06-27T22:11:32.386003+00:00,spot_15,Spot 15,Empty,2026-06-27T21:44:22.059058+00:00,,,,,,,,
2026-06-27T22:11:32.386003+00:00,spot_16,Spot 16,Occupied,2026-06-27T22:06:21.822708+00:00,2136,car,0.5352199077606201,1510,25.981903076171875,306.9591064453125,65.13644409179688,327.3651123046875
2026-06-27T22:11:32.386003+00:00,spot_17,Spot 17,Empty,2026-06-27T22:11:32.386003+00:00,,,,,,,,
2026-06-27T22:12:20.784546+00:00,spot_1,Spot 1,Occupied,2026-06-27T22:12:20.784546+00:00,2161,truck,0.4486706256866455,0,567.2890625,311.43353271484375,614.7822265625,374.26385498046875
2026-06-27T22:12:20.784546+00:00,spot_2,Spot 2,Empty,2026-06-27T22:11:32.386003+00:00,,,,,,,,
2026-06-27T22:12:20.784546+00:00,spot_3,Spot 3,Occupied,2026-06-27T22:05:22.219100+00:00,1857,car,0.5807161927223206,20984,450.0960693359375,322.19073486328125,495.951416015625,362.04010009765625
2026-06-27T22:12:20.784546+00:00,spot_4,Spot 4,Occupied,2026-06-27T21:40:44.120209+00:00,2060,truck,0.7410784363746643,9540,367.19024658203125,293.5736083984375,447.3175048828125,369.504638671875
2026-06-27T22:12:20.784546+00:00,spot_5,Spot 5,Occupied,2026-06-27T22:06:21.822708+00:00,1826,car,0.8147481679916382,22055,332.7467041015625,325.24169921875,368.996337890625,360.0323486328125
2026-06-27T22:12:20.784546+00:00,spot_6,Spot 6,Occupied,2026-06-27T20:54:22.350568+00:00,2102,car,0.778902530670166,5757,287.08184814453125,321.39520263671875,338.34002685546875,356.10870361328125
2026-06-27T22:12:20.784546+00:00,spot_7,Spot 7,Empty,2026-06-27T21:53:21.023659+00:00,,,,,,,,
2026-06-27T22:12:20.784546+00:00,spot_8,Spot 8,Empty,2026-06-27T22:12:20.784546+00:00,,,,,,,,
2026-06-27T22:12:20.784546+00:00,spot_9,Spot 9,Occupied,2026-06-27T22:12:20.784546+00:00,2153,car,0.542169988155365,899,188.93783569335938,323.3924560546875,217.90673828125,346.5753173828125
2026-06-27T22:12:20.784546+00:00,spot_10,Spot 10,Occupied,2026-06-27T22:06:21.822708+00:00,1965,car,0.5002810955047607,15960,154.12002563476562,317.787841796875,193.09307861328125,342.9696044921875
2026-06-27T22:12:20.784546+00:00,spot_11,Spot 11,Occupied,2026-06-27T19:35:22.909510+00:00,1830,car,0.6965157985687256,22055,121.06246185302734,313.2084655761719,167.73751831054688,341.9514465332031
2026-06-27T22:12:20.784546+00:00,spot_12,Spot 12,Occupied,2026-06-27T22:12:20.784546+00:00,2125,car,0.6979343295097351,2457,77.36346435546875,310.6506652832031,136.04757690429688,332.9473571777344
2026-06-27T22:12:20.784546+00:00,spot_13,Spot 13,Empty,2026-06-27T21:52:21.124270+00:00,,,,,,,,
2026-06-27T22:12:20.784546+00:00,spot_14,Spot 14,Empty,2026-06-27T22:09:22.907458+00:00,,,,,,,,
2026-06-27T22:12:20.784546+00:00,spot_15,Spot 15,Empty,2026-06-27T21:44:22.059058+00:00,,,,,,,,
2026-06-27T22:12:20.784546+00:00,spot_16,Spot 16,Occupied,2026-06-27T22:06:21.822708+00:00,2136,car,0.4564904272556305,1558,28.216341018676758,308.03228759765625,65.67094421386719,326.98541259765625
2026-06-27T22:12:20.784546+00:00,spot_17,Spot 17,Occupied,2026-06-27T22:12:20.784546+00:00,2158,car,0.3640490770339966,178,17.805282592773438,307.6790466308594,38.73015594482422,325.3857727050781
2026-06-27T22:13:21.325456+00:00,spot_1,Spot 1,Occupied,2026-06-27T22:12:20.784546+00:00,2161,truck,0.4486706256866455,59,567.2890625,311.43353271484375,614.7822265625,374.26385498046875
2026-06-27T22:13:21.325456+00:00,spot_2,Spot 2,Empty,2026-06-27T22:11:32.386003+00:00,,,,,,,,
2026-06-27T22:13:21.325456+00:00,spot_3,Spot 3,Occupied,2026-06-27T22:05:22.219100+00:00,1857,car,0.5807161927223206,21044,450.0960693359375,322.19073486328125,495.951416015625,362.04010009765625
2026-06-27T22:13:21.325456+00:00,spot_4,Spot 4,Occupied,2026-06-27T21:40:44.120209+00:00,2060,truck,0.7410784363746643,9600,367.19024658203125,293.5736083984375,447.3175048828125,369.504638671875
2026-06-27T22:13:21.325456+00:00,spot_5,Spot 5,Occupied,2026-06-27T22:06:21.822708+00:00,1826,car,0.8147481679916382,22115,332.7467041015625,325.24169921875,368.996337890625,360.0323486328125
2026-06-27T22:13:21.325456+00:00,spot_6,Spot 6,Occupied,2026-06-27T20:54:22.350568+00:00,2102,car,0.778902530670166,5817,287.08184814453125,321.39520263671875,338.34002685546875,356.10870361328125
2026-06-27T22:13:21.325456+00:00,spot_7,Spot 7,Empty,2026-06-27T21:53:21.023659+00:00,,,,,,,,
2026-06-27T22:13:21.325456+00:00,spot_8,Spot 8,Empty,2026-06-27T22:12:20.784546+00:00,,,,,,,,
2026-06-27T22:13:21.325456+00:00,spot_9,Spot 9,Occupied,2026-06-27T22:12:20.784546+00:00,2153,car,0.542169988155365,959,188.93783569335938,323.3924560546875,217.90673828125,346.5753173828125
2026-06-27T22:13:21.325456+00:00,spot_10,Spot 10,Occupied,2026-06-27T22:06:21.822708+00:00,1965,car,0.5002810955047607,16020,154.12002563476562,317.787841796875,193.09307861328125,342.9696044921875
2026-06-27T22:13:21.325456+00:00,spot_11,Spot 11,Occupied,2026-06-27T19:35:22.909510+00:00,1830,car,0.6965157985687256,22115,121.06246185302734,313.2084655761719,167.73751831054688,341.9514465332031
2026-06-27T22:13:21.325456+00:00,spot_12,Spot 12,Occupied,2026-06-27T22:12:20.784546+00:00,2125,car,0.6979343295097351,2517,77.36346435546875,310.6506652832031,136.04757690429688,332.9473571777344
2026-06-27T22:13:21.325456+00:00,spot_13,Spot 13,Empty,2026-06-27T21:52:21.124270+00:00,,,,,,,,
2026-06-27T22:13:21.325456+00:00,spot_14,Spot 14,Empty,2026-06-27T22:09:22.907458+00:00,,,,,,,,
2026-06-27T22:13:21.325456+00:00,spot_15,Spot 15,Empty,2026-06-27T21:44:22.059058+00:00,,,,,,,,
2026-06-27T22:13:21.325456+00:00,spot_16,Spot 16,Occupied,2026-06-27T22:06:21.822708+00:00,2136,car,0.4564904272556305,1618,28.216341018676758,308.03228759765625,65.67094421386719,326.98541259765625
2026-06-27T22:13:21.325456+00:00,spot_17,Spot 17,Occupied,2026-06-27T22:12:20.784546+00:00,2158,car,0.3640490770339966,238,17.805282592773438,307.6790466308594,38.73015594482422,325.3857727050781
2026-06-27T22:14:21.655831+00:00,spot_1,Spot 1,Occupied,2026-06-27T22:12:20.784546+00:00,2161,truck,0.481943815946579,119,567.4043579101562,311.80145263671875,614.5538940429688,373.70269775390625
2026-06-27T22:14:21.655831+00:00,spot_2,Spot 2,Empty,2026-06-27T22:11:32.386003+00:00,,,,,,,,
2026-06-27T22:14:21.655831+00:00,spot_3,Spot 3,Occupied,2026-06-27T22:05:22.219100+00:00,1857,car,0.5207566618919373,21103,450.81536865234375,325.79241943359375,490.93841552734375,362.22723388671875
2026-06-27T22:14:21.655831+00:00,spot_4,Spot 4,Occupied,2026-06-27T21:40:44.120209+00:00,2060,truck,0.7271406650543213,9659,367.1429443359375,292.82366943359375,447.4046630859375,367.84222412109375
2026-06-27T22:14:21.655831+00:00,spot_5,Spot 5,Occupied,2026-06-27T22:06:21.822708+00:00,1826,car,0.8429052829742432,22174,331.86962890625,324.69256591796875,368.755126953125,360.38470458984375
2026-06-27T22:14:21.655831+00:00,spot_6,Spot 6,Occupied,2026-06-27T20:54:22.350568+00:00,2102,car,0.8720400333404541,5876,287.0145263671875,321.6203918457031,345.743408203125,356.9006042480469
2026-06-27T22:14:21.655831+00:00,spot_7,Spot 7,Empty,2026-06-27T21:53:21.023659+00:00,,,,,,,,
2026-06-27T22:14:21.655831+00:00,spot_8,Spot 8,Occupied,2026-06-27T22:14:21.655831+00:00,2111,car,0.6546241641044617,4375,204.58029174804688,319.1610412597656,267.7164611816406,351.4604797363281
2026-06-27T22:14:21.655831+00:00,spot_9,Spot 9,Occupied,2026-06-27T22:12:20.784546+00:00,2153,car,0.47936591506004333,1018,189.70416259765625,323.9263610839844,217.39920043945312,347.2445373535156
2026-06-27T22:14:21.655831+00:00,spot_10,Spot 10,Occupied,2026-06-27T22:06:21.822708+00:00,1965,car,0.5788016319274902,16079,154.4996337890625,317.3365478515625,193.88421630859375,342.7149658203125
2026-06-27T22:14:21.655831+00:00,spot_11,Spot 11,Occupied,2026-06-27T19:35:22.909510+00:00,1830,car,0.585905909538269,22174,119.82239532470703,313.1070251464844,167.22833251953125,341.6332702636719
2026-06-27T22:14:21.655831+00:00,spot_12,Spot 12,Occupied,2026-06-27T22:12:20.784546+00:00,2125,car,0.7172480821609497,2576,78.47245788574219,310.625,135.8218536376953,333.305419921875
2026-06-27T22:14:21.655831+00:00,spot_13,Spot 13,Empty,2026-06-27T21:52:21.124270+00:00,,,,,,,,
2026-06-27T22:14:21.655831+00:00,spot_14,Spot 14,Empty,2026-06-27T22:09:22.907458+00:00,,,,,,,,
2026-06-27T22:14:21.655831+00:00,spot_15,Spot 15,Empty,2026-06-27T21:44:22.059058+00:00,,,,,,,,
2026-06-27T22:14:21.655831+00:00,spot_16,Spot 16,Occupied,2026-06-27T22:06:21.822708+00:00,2136,car,0.6552869081497192,1677,30.456344604492188,307.74078369140625,64.84405517578125,327.17596435546875
2026-06-27T22:14:21.655831+00:00,spot_17,Spot 17,Occupied,2026-06-27T22:12:20.784546+00:00,2158,car,0.427877813577652,297,16.95095443725586,307.42291259765625,41.55966567993164,325.09808349609375
2026-06-27T22:15:23.086603+00:00,spot_1,Spot 1,Occupied,2026-06-27T22:15:23.086603+00:00,2162,bus,0.4814811944961548,0,559.27587890625,310.7083740234375,615.8455810546875,373.2044677734375
2026-06-27T22:15:23.086603+00:00,spot_2,Spot 2,Occupied,2026-06-27T22:15:23.086603+00:00,2164,car,0.40081119537353516,0,503.7381591796875,318.4291076660156,547.815185546875,353.4862365722656
2026-06-27T22:15:23.086603+00:00,spot_3,Spot 3,Empty,2026-06-27T22:15:23.086603+00:00,,,,,,,,
2026-06-27T22:15:23.086603+00:00,spot_4,Spot 4,Occupied,2026-06-27T21:40:44.120209+00:00,2060,truck,0.7035896182060242,9721,367.72552490234375,293.6291198730469,447.00689697265625,367.1841125488281
2026-06-27T22:15:23.086603+00:00,spot_5,Spot 5,Occupied,2026-06-27T22:06:21.822708+00:00,1826,car,0.7835516333580017,22236,332.12261962890625,325.57427978515625,369.54669189453125,357.661865234375
2026-06-27T22:15:23.086603+00:00,spot_6,Spot 6,Occupied,2026-06-27T20:54:22.350568+00:00,2102,car,0.8683761954307556,5938,286.6734924316406,321.39642333984375,345.7123718261719,356.67095947265625
2026-06-27T22:15:23.086603+00:00,spot_7,Spot 7,Empty,2026-06-27T21:53:21.023659+00:00,,,,,,,,
2026-06-27T22:15:23.086603+00:00,spot_8,Spot 8,Occupied,2026-06-27T22:14:21.655831+00:00,2111,car,0.4280715882778168,4437,206.90234375,320.7430419921875,255.81884765625,351.924560546875
2026-06-27T22:15:23.086603+00:00,spot_9,Spot 9,Occupied,2026-06-27T22:12:20.784546+00:00,2153,car,0.5954374074935913,1080,170.79022216796875,322.98126220703125,218.4390869140625,347.46270751953125
2026-06-27T22:15:23.086603+00:00,spot_10,Spot 10,Occupied,2026-06-27T22:06:21.822708+00:00,1965,car,0.7015852928161621,16141,153.17202758789062,317.37457275390625,192.64151000976562,342.96673583984375
2026-06-27T22:15:23.086603+00:00,spot_11,Spot 11,Occupied,2026-06-27T19:35:22.909510+00:00,1830,car,0.6411446332931519,22236,119.65689086914062,312.609130859375,167.92379760742188,341.787353515625
2026-06-27T22:15:23.086603+00:00,spot_12,Spot 12,Occupied,2026-06-27T22:12:20.784546+00:00,2125,car,0.8023563027381897,2637,78.01358032226562,310.30810546875,135.95669555664062,333.2479248046875
2026-06-27T22:15:23.086603+00:00,spot_13,Spot 13,Empty,2026-06-27T21:52:21.124270+00:00,,,,,,,,
2026-06-27T22:15:23.086603+00:00,spot_14,Spot 14,Occupied,2026-06-27T22:15:23.086603+00:00,2163,car,0.4787929654121399,0,63.14934539794922,309.3880920410156,88.00902557373047,330.8132629394531
2026-06-27T22:15:23.086603+00:00,spot_15,Spot 15,Empty,2026-06-27T21:44:22.059058+00:00,,,,,,,,
2026-06-27T22:15:23.086603+00:00,spot_16,Spot 16,Empty,2026-06-27T22:15:23.086603+00:00,,,,,,,,
2026-06-27T22:15:23.086603+00:00,spot_17,Spot 17,Empty,2026-06-27T22:15:23.086603+00:00,,,,,,,,
2026-06-27T22:16:20.485408+00:00,spot_1,Spot 1,Occupied,2026-06-27T22:16:20.485408+00:00,2161,truck,0.48395612835884094,239,566.8585205078125,311.30877685546875,614.449462890625,373.71612548828125
2026-06-27T22:16:20.485408+00:00,spot_2,Spot 2,Empty,2026-06-27T22:16:20.485408+00:00,,,,,,,,
2026-06-27T22:16:20.485408+00:00,spot_3,Spot 3,Occupied,2026-06-27T22:16:20.485408+00:00,1857,car,0.6945108771324158,21223,448.21649169921875,321.25189208984375,494.53900146484375,362.22137451171875
2026-06-27T22:16:20.485408+00:00,spot_4,Spot 4,Occupied,2026-06-27T21:40:44.120209+00:00,2060,truck,0.7320912480354309,9779,365.6004638671875,294.13116455078125,446.8343505859375,368.7532958984375
2026-06-27T22:16:20.485408+00:00,spot_5,Spot 5,Occupied,2026-06-27T22:06:21.822708+00:00,1826,car,0.8406043648719788,22294,331.9097900390625,324.5599365234375,368.756591796875,360.0762939453125
2026-06-27T22:16:20.485408+00:00,spot_6,Spot 6,Occupied,2026-06-27T20:54:22.350568+00:00,2102,car,0.8710625171661377,5996,287.0648498535156,322.5196533203125,345.7401428222656,356.898681640625
2026-06-27T22:16:20.485408+00:00,spot_7,Spot 7,Empty,2026-06-27T21:53:21.023659+00:00,,,,,,,,
2026-06-27T22:16:20.485408+00:00,spot_8,Spot 8,Occupied,2026-06-27T22:14:21.655831+00:00,2111,car,0.6909785270690918,4495,201.30288696289062,319.8651428222656,271.67626953125,351.6132507324219
2026-06-27T22:16:20.485408+00:00,spot_9,Spot 9,Occupied,2026-06-27T22:12:20.784546+00:00,2153,car,0.5801875591278076,1138,169.90237426757812,321.7777404785156,216.26138305664062,347.1324768066406
2026-06-27T22:16:20.485408+00:00,spot_10,Spot 10,Occupied,2026-06-27T22:06:21.822708+00:00,1965,car,0.5812845230102539,16199,154.13919067382812,316.0997314453125,188.08709716796875,342.75439453125
2026-06-27T22:16:20.485408+00:00,spot_11,Spot 11,Occupied,2026-06-27T19:35:22.909510+00:00,1830,car,0.7326619029045105,22294,119.6219482421875,313.0489501953125,167.49578857421875,341.8282470703125
2026-06-27T22:16:20.485408+00:00,spot_12,Spot 12,Occupied,2026-06-27T22:12:20.784546+00:00,2125,car,0.7899503111839294,2696,79.50576782226562,310.5380859375,136.33628845214844,333.10150146484375
2026-06-27T22:16:20.485408+00:00,spot_13,Spot 13,Empty,2026-06-27T21:52:21.124270+00:00,,,,,,,,
2026-06-27T22:16:20.485408+00:00,spot_14,Spot 14,Occupied,2026-06-27T22:15:23.086603+00:00,2163,car,0.4652256369590759,58,63.024452209472656,309.22613525390625,89.51270294189453,330.28082275390625
2026-06-27T22:16:20.485408+00:00,spot_15,Spot 15,Empty,2026-06-27T21:44:22.059058+00:00,,,,,,,,
2026-06-27T22:16:20.485408+00:00,spot_16,Spot 16,Occupied,2026-06-27T22:16:20.485408+00:00,2136,car,0.5783072710037231,1797,31.690032958984375,307.4668273925781,65.02825927734375,327.2901916503906
2026-06-27T22:16:20.485408+00:00,spot_17,Spot 17,Occupied,2026-06-27T22:16:20.485408+00:00,2158,car,0.3543202579021454,417,16.19705581665039,307.03521728515625,41.000343322753906,325.23651123046875
2026-06-27T22:17:22.494648+00:00,spot_1,Spot 1,Occupied,2026-06-27T22:16:20.485408+00:00,2161,truck,0.3908751606941223,300,567.12353515625,310.84576416015625,615.40087890625,372.82000732421875
2026-06-27T22:17:22.494648+00:00,spot_2,Spot 2,Empty,2026-06-27T22:16:20.485408+00:00,,,,,,,,
2026-06-27T22:17:22.494648+00:00,spot_3,Spot 3,Occupied,2026-06-27T22:16:20.485408+00:00,1857,car,0.437807559967041,21285,451.131591796875,321.5291748046875,495.5108642578125,361.4404296875
2026-06-27T22:17:22.494648+00:00,spot_4,Spot 4,Occupied,2026-06-27T21:40:44.120209+00:00,2060,truck,0.7036979794502258,9840,367.51708984375,293.9496765136719,447.08966064453125,368.1356506347656
2026-06-27T22:17:22.494648+00:00,spot_5,Spot 5,Occupied,2026-06-27T22:06:21.822708+00:00,1826,car,0.8391661047935486,22356,331.87591552734375,324.65887451171875,368.898681640625,359.54205322265625
2026-06-27T22:17:22.494648+00:00,spot_6,Spot 6,Occupied,2026-06-27T20:54:22.350568+00:00,2102,car,0.8771651983261108,6058,286.89447021484375,322.1813049316406,345.30670166015625,355.7151794433594
2026-06-27T22:17:22.494648+00:00,spot_7,Spot 7,Empty,2026-06-27T21:53:21.023659+00:00,,,,,,,,
2026-06-27T22:17:22.494648+00:00,spot_8,Spot 8,Occupied,2026-06-27T22:14:21.655831+00:00,2111,car,0.6655654907226562,4557,206.48321533203125,319.9587097167969,265.7170715332031,351.6848449707031
2026-06-27T22:17:22.494648+00:00,spot_9,Spot 9,Occupied,2026-06-27T22:12:20.784546+00:00,2153,car,0.7977420091629028,1200,170.71328735351562,322.4217529296875,216.76535034179688,347.1982421875
2026-06-27T22:17:22.494648+00:00,spot_10,Spot 10,Occupied,2026-06-27T22:06:21.822708+00:00,1965,car,0.7286787629127502,16261,153.4281463623047,316.9949035644531,192.94447326660156,342.3381042480469
2026-06-27T22:17:22.494648+00:00,spot_11,Spot 11,Occupied,2026-06-27T19:35:22.909510+00:00,1830,car,0.5755882263183594,22356,119.59690856933594,313.0847473144531,166.78163146972656,342.2659606933594
2026-06-27T22:17:22.494648+00:00,spot_12,Spot 12,Occupied,2026-06-27T22:12:20.784546+00:00,2125,car,0.7282675504684448,2757,81.66297912597656,310.5988464355469,135.97447204589844,333.3606262207031
2026-06-27T22:17:22.494648+00:00,spot_13,Spot 13,Empty,2026-06-27T21:52:21.124270+00:00,,,,,,,,
2026-06-27T22:17:22.494648+00:00,spot_14,Spot 14,Occupied,2026-06-27T22:15:23.086603+00:00,2163,car,0.3735466003417969,119,63.17274856567383,309.1634521484375,89.86012268066406,330.20025634765625
2026-06-27T22:17:22.494648+00:00,spot_15,Spot 15,Empty,2026-06-27T21:44:22.059058+00:00,,,,,,,,
2026-06-27T22:17:22.494648+00:00,spot_16,Spot 16,Occupied,2026-06-27T22:16:20.485408+00:00,2136,car,0.5607151985168457,1858,33.526145935058594,307.55755615234375,64.83679962158203,327.09417724609375
2026-06-27T22:17:22.494648+00:00,spot_17,Spot 17,Occupied,2026-06-27T22:16:20.485408+00:00,2158,car,0.45779353380203247,479,17.413436889648438,307.44683837890625,41.699607849121094,325.10614013671875
2026-06-27T22:18:22.594936+00:00,spot_1,Spot 1,Occupied,2026-06-27T22:18:22.594936+00:00,2162,bus,0.35647574067115784,179,567.3870849609375,310.8717346191406,615.5450439453125,373.9646301269531
2026-06-27T22:18:22.594936+00:00,spot_2,Spot 2,Empty,2026-06-27T22:16:20.485408+00:00,,,,,,,,
2026-06-27T22:18:22.594936+00:00,spot_3,Spot 3,Occupied,2026-06-27T22:16:20.485408+00:00,1857,car,0.6164811253547668,21344,450.75494384765625,323.166259765625,494.64984130859375,361.874755859375
2026-06-27T22:18:22.594936+00:00,spot_4,Spot 4,Occupied,2026-06-27T21:40:44.120209+00:00,2060,truck,0.775517463684082,9900,367.67919921875,293.0862731933594,446.3642578125,366.5504455566406
2026-06-27T22:18:22.594936+00:00,spot_5,Spot 5,Occupied,2026-06-27T22:06:21.822708+00:00,1826,car,0.853302001953125,22415,332.3846130371094,324.6747741699219,368.7878723144531,359.7058410644531
2026-06-27T22:18:22.594936+00:00,spot_6,Spot 6,Occupied,2026-06-27T20:54:22.350568+00:00,2102,car,0.8872784972190857,6117,287.0415954589844,322.487548828125,345.5043640136719,355.86279296875
2026-06-27T22:18:22.594936+00:00,spot_7,Spot 7,Empty,2026-06-27T21:53:21.023659+00:00,,,,,,,,
2026-06-27T22:18:22.594936+00:00,spot_8,Spot 8,Occupied,2026-06-27T22:14:21.655831+00:00,2111,car,0.8354531526565552,4616,207.2127685546875,319.6646728515625,265.72802734375,351.609130859375
2026-06-27T22:18:22.594936+00:00,spot_9,Spot 9,Occupied,2026-06-27T22:12:20.784546+00:00,2153,car,0.8207312822341919,1259,172.66192626953125,323.25537109375,217.36712646484375,347.497802734375
2026-06-27T22:18:22.594936+00:00,spot_10,Spot 10,Occupied,2026-06-27T22:06:21.822708+00:00,1965,car,0.7658388614654541,16320,153.7916259765625,317.4791259765625,193.08270263671875,342.902099609375
2026-06-27T22:18:22.594936+00:00,spot_11,Spot 11,Occupied,2026-06-27T19:35:22.909510+00:00,1830,car,0.7030735015869141,22415,120.20001220703125,312.98736572265625,166.91778564453125,341.54693603515625
2026-06-27T22:18:22.594936+00:00,spot_12,Spot 12,Occupied,2026-06-27T22:12:20.784546+00:00,2125,car,0.7247121930122375,2816,77.68385314941406,310.31829833984375,135.88075256347656,333.45904541015625
2026-06-27T22:18:22.594936+00:00,spot_13,Spot 13,Empty,2026-06-27T21:52:21.124270+00:00,,,,,,,,
2026-06-27T22:18:22.594936+00:00,spot_14,Spot 14,Empty,2026-06-27T22:18:22.594936+00:00,,,,,,,,
2026-06-27T22:18:22.594936+00:00,spot_15,Spot 15,Empty,2026-06-27T21:44:22.059058+00:00,,,,,,,,
2026-06-27T22:18:22.594936+00:00,spot_16,Spot 16,Occupied,2026-06-27T22:16:20.485408+00:00,2136,car,0.5033811926841736,1918,32.14561462402344,307.6751708984375,64.59992980957031,327.067626953125
2026-06-27T22:18:22.594936+00:00,spot_17,Spot 17,Occupied,2026-06-27T22:16:20.485408+00:00,2158,car,0.3510444462299347,538,16.56689453125,306.7515869140625,41.227378845214844,325.23284912109375
2026-06-27T22:19:21.625633+00:00,spot_1,Spot 1,Occupied,2026-06-27T22:19:21.625633+00:00,2161,truck,0.35398998856544495,420,566.8525390625,311.35491943359375,615.422119140625,373.65606689453125
2026-06-27T22:19:21.625633+00:00,spot_2,Spot 2,Occupied,2026-06-27T22:19:21.625633+00:00,2165,car,0.5038744807243347,0,502.220703125,320.40728759765625,548.6229248046875,364.76519775390625
2026-06-27T22:19:21.625633+00:00,spot_3,Spot 3,Occupied,2026-06-27T22:16:20.485408+00:00,1857,car,0.5236377716064453,21405,450.24200439453125,322.30364990234375,494.21148681640625,361.74639892578125
2026-06-27T22:19:21.625633+00:00,spot_4,Spot 4,Occupied,2026-06-27T21:40:44.120209+00:00,2060,truck,0.6974314451217651,9960,366.55987548828125,293.46063232421875,446.608642578125,368.81158447265625
2026-06-27T22:19:21.625633+00:00,spot_5,Spot 5,Occupied,2026-06-27T22:06:21.822708+00:00,1826,car,0.7891207337379456,22476,334.48211669921875,324.6440734863281,368.56024169921875,359.5998840332031
2026-06-27T22:19:21.625633+00:00,spot_6,Spot 6,Occupied,2026-06-27T20:54:22.350568+00:00,2102,car,0.8340992331504822,6177,286.82666015625,321.47906494140625,343.442626953125,355.74139404296875
2026-06-27T22:19:21.625633+00:00,spot_7,Spot 7,Empty,2026-06-27T21:53:21.023659+00:00,,,,,,,,
2026-06-27T22:19:21.625633+00:00,spot_8,Spot 8,Occupied,2026-06-27T22:14:21.655831+00:00,2111,car,0.4876021444797516,4677,207.345703125,319.268310546875,270.2117919921875,351.533203125
2026-06-27T22:19:21.625633+00:00,spot_9,Spot 9,Occupied,2026-06-27T22:12:20.784546+00:00,2153,car,0.7643332481384277,1319,172.55213928222656,323.3541259765625,217.20652770996094,347.406005859375
2026-06-27T22:19:21.625633+00:00,spot_10,Spot 10,Occupied,2026-06-27T22:06:21.822708+00:00,1965,car,0.719968855381012,16381,153.902587890625,317.16326904296875,197.47723388671875,342.69189453125
2026-06-27T22:19:21.625633+00:00,spot_11,Spot 11,Occupied,2026-06-27T19:35:22.909510+00:00,1830,car,0.6248044967651367,22476,119.50140380859375,313.1156921386719,166.64462280273438,342.5428771972656
2026-06-27T22:19:21.625633+00:00,spot_12,Spot 12,Occupied,2026-06-27T22:12:20.784546+00:00,2125,car,0.6979214549064636,2877,78.54693603515625,310.7146301269531,136.01513671875,333.0220031738281
2026-06-27T22:19:21.625633+00:00,spot_13,Spot 13,Empty,2026-06-27T21:52:21.124270+00:00,,,,,,,,
2026-06-27T22:19:21.625633+00:00,spot_14,Spot 14,Empty,2026-06-27T22:18:22.594936+00:00,,,,,,,,
2026-06-27T22:19:21.625633+00:00,spot_15,Spot 15,Empty,2026-06-27T21:44:22.059058+00:00,,,,,,,,
2026-06-27T22:19:21.625633+00:00,spot_16,Spot 16,Occupied,2026-06-27T22:16:20.485408+00:00,2136,car,0.4732946455478668,1978,33.602745056152344,307.8749084472656,64.4532470703125,327.1017150878906
2026-06-27T22:19:21.625633+00:00,spot_17,Spot 17,Empty,2026-06-27T22:19:21.625633+00:00,,,,,,,,
2026-06-27T22:20:21.417297+00:00,spot_1,Spot 1,Occupied,2026-06-27T22:20:21.417297+00:00,2166,car,0.4465253949165344,60,542.365234375,311.0570068359375,615.46240234375,374.060791015625
2026-06-27T22:20:21.417297+00:00,spot_2,Spot 2,Occupied,2026-06-27T22:19:21.625633+00:00,2165,car,0.5420734286308289,60,502.6107177734375,320.678466796875,544.321533203125,370.029296875
2026-06-27T22:20:21.417297+00:00,spot_3,Spot 3,Occupied,2026-06-27T22:16:20.485408+00:00,1857,car,0.8016942739486694,21465,448.1025085449219,326.018798828125,489.8271789550781,362.267822265625
2026-06-27T22:20:21.417297+00:00,spot_4,Spot 4,Occupied,2026-06-27T21:40:44.120209+00:00,2060,truck,0.48462116718292236,10020,367.0919189453125,294.5812683105469,446.46875,367.9197692871094
2026-06-27T22:20:21.417297+00:00,spot_5,Spot 5,Occupied,2026-06-27T22:06:21.822708+00:00,1826,car,0.6798797845840454,22536,336.30670166015625,324.68780517578125,369.12872314453125,355.78009033203125
2026-06-27T22:20:21.417297+00:00,spot_6,Spot 6,Occupied,2026-06-27T20:54:22.350568+00:00,2102,car,0.7925301194190979,6237,287.21673583984375,320.7432861328125,341.3055419921875,357.010009765625
2026-06-27T22:20:21.417297+00:00,spot_7,Spot 7,Empty,2026-06-27T21:53:21.023659+00:00,,,,,,,,
2026-06-27T22:20:21.417297+00:00,spot_8,Spot 8,Occupied,2026-06-27T22:14:21.655831+00:00,2111,car,0.732175350189209,4737,186.121337890625,322.00347900390625,251.7015380859375,357.55340576171875
2026-06-27T22:20:21.417297+00:00,spot_9,Spot 9,Empty,2026-06-27T22:20:21.417297+00:00,,,,,,,,
2026-06-27T22:20:21.417297+00:00,spot_10,Spot 10,Occupied,2026-06-27T22:06:21.822708+00:00,1965,car,0.5144191384315491,16441,154.90829467773438,317.8116455078125,198.05575561523438,342.3240966796875
2026-06-27T22:20:21.417297+00:00,spot_11,Spot 11,Occupied,2026-06-27T19:35:22.909510+00:00,1830,car,0.5831092000007629,22536,121.10774230957031,312.97857666015625,167.9058074951172,342.04681396484375
2026-06-27T22:20:21.417297+00:00,spot_12,Spot 12,Occupied,2026-06-27T22:12:20.784546+00:00,2125,car,0.6952905058860779,2937,78.26116943359375,310.7552490234375,135.8402557373047,333.29443359375
2026-06-27T22:20:21.417297+00:00,spot_13,Spot 13,Empty,2026-06-27T21:52:21.124270+00:00,,,,,,,,
2026-06-27T22:20:21.417297+00:00,spot_14,Spot 14,Empty,2026-06-27T22:18:22.594936+00:00,,,,,,,,
2026-06-27T22:20:21.417297+00:00,spot_15,Spot 15,Empty,2026-06-27T21:44:22.059058+00:00,,,,,,,,
2026-06-27T22:20:21.417297+00:00,spot_16,Spot 16,Occupied,2026-06-27T22:16:20.485408+00:00,2136,car,0.48024606704711914,2038,21.536041259765625,307.46185302734375,63.140869140625,327.20037841796875
2026-06-27T22:20:21.417297+00:00,spot_17,Spot 17,Empty,2026-06-27T22:19:21.625633+00:00,,,,,,,,
2026-06-27T22:21:21.954535+00:00,spot_1,Spot 1,Occupied,2026-06-27T22:21:21.954535+00:00,2169,bus,0.3678584098815918,0,564.2332763671875,310.9813232421875,615.6602783203125,372.4154052734375
2026-06-27T22:21:21.954535+00:00,spot_2,Spot 2,Occupied,2026-06-27T22:19:21.625633+00:00,2165,car,0.4789893627166748,120,501.79437255859375,319.77398681640625,545.2211303710938,363.13775634765625
2026-06-27T22:21:21.954535+00:00,spot_3,Spot 3,Occupied,2026-06-27T22:16:20.485408+00:00,1857,car,0.571512758731842,21525,450.3135681152344,320.72821044921875,496.3112487792969,361.5177001953125
2026-06-27T22:21:21.954535+00:00,spot_4,Spot 4,Occupied,2026-06-27T21:40:44.120209+00:00,2060,truck,0.6788334250450134,10081,365.36639404296875,294.2210388183594,446.24908447265625,368.2960510253906
2026-06-27T22:21:21.954535+00:00,spot_5,Spot 5,Occupied,2026-06-27T22:06:21.822708+00:00,1826,car,0.821151852607727,22596,332.51885986328125,324.9908447265625,368.34478759765625,358.806640625
2026-06-27T22:21:21.954535+00:00,spot_6,Spot 6,Occupied,2026-06-27T20:54:22.350568+00:00,2102,car,0.8333394527435303,6298,286.673583984375,321.85009765625,345.1793212890625,354.8941650390625
2026-06-27T22:21:21.954535+00:00,spot_7,Spot 7,Empty,2026-06-27T21:53:21.023659+00:00,,,,,,,,
2026-06-27T22:21:21.954535+00:00,spot_8,Spot 8,Occupied,2026-06-27T22:14:21.655831+00:00,2111,car,0.7547113299369812,4797,189.16815185546875,321.12060546875,251.46762084960938,356.45611572265625
2026-06-27T22:21:21.954535+00:00,spot_9,Spot 9,Empty,2026-06-27T22:20:21.417297+00:00,,,,,,,,
2026-06-27T22:21:21.954535+00:00,spot_10,Spot 10,Occupied,2026-06-27T22:06:21.822708+00:00,1965,car,0.6358917951583862,16501,153.787353515625,317.45220947265625,197.78387451171875,343.18096923828125
2026-06-27T22:21:21.954535+00:00,spot_11,Spot 11,Occupied,2026-06-27T22:21:21.954535+00:00,2168,truck,0.4288807809352875,0,119.70645141601562,313.2222900390625,166.71084594726562,341.671630859375
2026-06-27T22:21:21.954535+00:00,spot_12,Spot 12,Occupied,2026-06-27T22:12:20.784546+00:00,2125,car,0.7061250805854797,2997,78.73959350585938,310.38458251953125,136.07489013671875,333.06695556640625
2026-06-27T22:21:21.954535+00:00,spot_13,Spot 13,Empty,2026-06-27T21:52:21.124270+00:00,,,,,,,,
2026-06-27T22:21:21.954535+00:00,spot_14,Spot 14,Occupied,2026-06-27T22:21:21.954535+00:00,2167,car,0.48573142290115356,0,64.020263671875,309.1365966796875,90.68154907226562,330.5035400390625
2026-06-27T22:21:21.954535+00:00,spot_15,Spot 15,Empty,2026-06-27T21:44:22.059058+00:00,,,,,,,,
2026-06-27T22:21:21.954535+00:00,spot_16,Spot 16,Occupied,2026-06-27T22:16:20.485408+00:00,2136,car,0.4263976514339447,2099,27.010902404785156,307.18365478515625,64.8770523071289,327.21160888671875
2026-06-27T22:21:21.954535+00:00,spot_17,Spot 17,Empty,2026-06-27T22:19:21.625633+00:00,,,,,,,,
2026-06-27T22:22:22.033124+00:00,spot_1,Spot 1,Occupied,2026-06-27T22:22:22.033124+00:00,2161,truck,0.4507085978984833,600,566.5071411132812,310.90228271484375,615.9364624023438,372.45465087890625
2026-06-27T22:22:22.033124+00:00,spot_2,Spot 2,Occupied,2026-06-27T22:19:21.625633+00:00,2165,car,0.4950830638408661,179,501.9942626953125,321.19970703125,541.8695068359375,362.73681640625
2026-06-27T22:22:22.033124+00:00,spot_3,Spot 3,Occupied,2026-06-27T22:16:20.485408+00:00,1857,car,0.6810190677642822,21584,450.47979736328125,330.3634033203125,490.47650146484375,361.365234375
2026-06-27T22:22:22.033124+00:00,spot_4,Spot 4,Occupied,2026-06-27T21:40:44.120209+00:00,2060,truck,0.6648763418197632,10140,365.3047790527344,295.1783447265625,447.5167541503906,367.2059326171875
2026-06-27T22:22:22.033124+00:00,spot_5,Spot 5,Empty,2026-06-27T22:22:22.033124+00:00,,,,,,,,
2026-06-27T22:22:22.033124+00:00,spot_6,Spot 6,Occupied,2026-06-27T20:54:22.350568+00:00,2102,car,0.8703643083572388,6357,286.3077087402344,322.0189208984375,347.0140686035156,355.98492431640625
2026-06-27T22:22:22.033124+00:00,spot_7,Spot 7,Occupied,2026-06-27T22:22:22.033124+00:00,2170,car,0.8906753063201904,0,248.94422912597656,349.46905517578125,322.4447021484375,394.33782958984375
2026-06-27T22:22:22.033124+00:00,spot_8,Spot 8,Occupied,2026-06-27T22:14:21.655831+00:00,2111,car,0.8388463854789734,4856,189.1734619140625,320.41033935546875,252.47283935546875,357.4835205078125
2026-06-27T22:22:22.033124+00:00,spot_9,Spot 9,Occupied,2026-06-27T22:22:22.033124+00:00,2153,car,0.48378726840019226,1499,173.83822631835938,322.72711181640625,207.25833129882812,346.66485595703125
2026-06-27T22:22:22.033124+00:00,spot_10,Spot 10,Occupied,2026-06-27T22:06:21.822708+00:00,1965,car,0.624189555644989,16560,153.24087524414062,317.4366455078125,194.73928833007812,342.970458984375
2026-06-27T22:22:22.033124+00:00,spot_11,Spot 11,Occupied,2026-06-27T22:22:22.033124+00:00,1830,car,0.6532010436058044,22655,120.36210632324219,312.97821044921875,167.1964569091797,341.57830810546875
2026-06-27T22:22:22.033124+00:00,spot_12,Spot 12,Occupied,2026-06-27T22:12:20.784546+00:00,2125,car,0.7359113693237305,3057,79.05381774902344,310.5657653808594,136.1807403564453,333.4073181152344
2026-06-27T22:22:22.033124+00:00,spot_13,Spot 13,Empty,2026-06-27T21:52:21.124270+00:00,,,,,,,,
2026-06-27T22:22:22.033124+00:00,spot_14,Spot 14,Occupied,2026-06-27T22:21:21.954535+00:00,2167,car,0.3892887234687805,59,63.02043914794922,309.064453125,89.14275360107422,329.9298095703125
2026-06-27T22:22:22.033124+00:00,spot_15,Spot 15,Empty,2026-06-27T21:44:22.059058+00:00,,,,,,,,
2026-06-27T22:22:22.033124+00:00,spot_16,Spot 16,Occupied,2026-06-27T22:16:20.485408+00:00,2136,car,0.5606374740600586,2158,30.814414978027344,307.83856201171875,64.40568542480469,327.3082275390625
2026-06-27T22:22:22.033124+00:00,spot_17,Spot 17,Occupied,2026-06-27T22:22:22.033124+00:00,2171,car,0.46256551146507263,0,17.37411117553711,307.38116455078125,40.82212829589844,325.343505859375
2026-06-27T22:23:21.665142+00:00,spot_1,Spot 1,Occupied,2026-06-27T22:23:21.665142+00:00,2169,bus,0.7876756191253662,119,565.825927734375,310.4693603515625,616.028564453125,372.7060546875
2026-06-27T22:23:21.665142+00:00,spot_2,Spot 2,Empty,2026-06-27T22:23:21.665142+00:00,,,,,,,,
2026-06-27T22:23:21.665142+00:00,spot_3,Spot 3,Empty,2026-06-27T22:23:21.665142+00:00,,,,,,,,
2026-06-27T22:23:21.665142+00:00,spot_4,Spot 4,Occupied,2026-06-27T21:40:44.120209+00:00,2060,truck,0.6990660429000854,10200,366.718505859375,293.74102783203125,447.0711669921875,367.24652099609375
2026-06-27T22:23:21.665142+00:00,spot_5,Spot 5,Empty,2026-06-27T22:22:22.033124+00:00,,,,,,,,
2026-06-27T22:23:21.665142+00:00,spot_6,Spot 6,Occupied,2026-06-27T20:54:22.350568+00:00,2102,car,0.871906578540802,6417,287.03363037109375,321.13671875,347.625732421875,357.6087646484375
2026-06-27T22:23:21.665142+00:00,spot_7,Spot 7,Empty,2026-06-27T22:23:21.665142+00:00,,,,,,,,
2026-06-27T22:23:21.665142+00:00,spot_8,Spot 8,Empty,2026-06-27T22:23:21.665142+00:00,,,,,,,,
2026-06-27T22:23:21.665142+00:00,spot_9,Spot 9,Occupied,2026-06-27T22:22:22.033124+00:00,2153,car,0.8362277746200562,1559,172.7029266357422,322.797607421875,227.74497985839844,347.3162841796875
2026-06-27T22:23:21.665142+00:00,spot_10,Spot 10,Occupied,2026-06-27T22:06:21.822708+00:00,1965,car,0.5554646849632263,16620,154.1944580078125,317.45220947265625,192.2803955078125,342.96331787109375
2026-06-27T22:23:21.665142+00:00,spot_11,Spot 11,Occupied,2026-06-27T22:22:22.033124+00:00,1830,car,0.7231811881065369,22715,127.476806640625,312.9913330078125,167.80712890625,341.4376220703125
2026-06-27T22:23:21.665142+00:00,spot_12,Spot 12,Occupied,2026-06-27T22:12:20.784546+00:00,2125,car,0.4094546139240265,3116,95.3150634765625,310.6741027832031,134.62030029296875,329.7466735839844
2026-06-27T22:23:21.665142+00:00,spot_13,Spot 13,Occupied,2026-06-27T22:23:21.665142+00:00,2172,car,0.8035671710968018,0,63.06089782714844,329.68414306640625,133.0533905029297,361.75555419921875
2026-06-27T22:23:21.665142+00:00,spot_14,Spot 14,Occupied,2026-06-27T22:21:21.954535+00:00,2167,car,0.36063721776008606,119,63.272560119628906,309.43212890625,94.77165985107422,331.0108642578125
2026-06-27T22:23:21.665142+00:00,spot_15,Spot 15,Empty,2026-06-27T21:44:22.059058+00:00,,,,,,,,
2026-06-27T22:23:21.665142+00:00,spot_16,Spot 16,Occupied,2026-06-27T22:16:20.485408+00:00,2136,car,0.5154905915260315,2218,30.87696647644043,307.4741516113281,65.26564025878906,327.0600280761719
2026-06-27T22:23:21.665142+00:00,spot_17,Spot 17,Occupied,2026-06-27T22:22:22.033124+00:00,2171,car,0.371258407831192,59,16.734783172607422,307.27471923828125,35.38463592529297,324.98565673828125
2026-06-27T22:24:23.172411+00:00,spot_1,Spot 1,Occupied,2026-06-27T22:24:23.172411+00:00,2161,truck,0.5415205955505371,721,566.593994140625,311.0587158203125,615.947021484375,372.0960693359375
2026-06-27T22:24:23.172411+00:00,spot_2,Spot 2,Empty,2026-06-27T22:23:21.665142+00:00,,,,,,,,
2026-06-27T22:24:23.172411+00:00,spot_3,Spot 3,Occupied,2026-06-27T22:24:23.172411+00:00,1857,car,0.4088115990161896,21705,448.4088439941406,339.7088623046875,489.5265197753906,362.086669921875
2026-06-27T22:24:23.172411+00:00,spot_4,Spot 4,Occupied,2026-06-27T22:24:23.172411+00:00,2173,bus,0.3638369143009186,0,366.15789794921875,293.7758483886719,447.16229248046875,366.5940856933594
2026-06-27T22:24:23.172411+00:00,spot_5,Spot 5,Empty,2026-06-27T22:22:22.033124+00:00,,,,,,,,
2026-06-27T22:24:23.172411+00:00,spot_6,Spot 6,Occupied,2026-06-27T20:54:22.350568+00:00,2102,car,0.881770670413971,6478,286.6405334472656,321.46002197265625,347.9192810058594,356.27972412109375
2026-06-27T22:24:23.172411+00:00,spot_7,Spot 7,Empty,2026-06-27T22:23:21.665142+00:00,,,,,,,,
2026-06-27T22:24:23.172411+00:00,spot_8,Spot 8,Empty,2026-06-27T22:23:21.665142+00:00,,,,,,,,
2026-06-27T22:24:23.172411+00:00,spot_9,Spot 9,Occupied,2026-06-27T22:22:22.033124+00:00,2153,car,0.8468283414840698,1620,172.6699981689453,321.72308349609375,228.17372131347656,346.95391845703125
2026-06-27T22:24:23.172411+00:00,spot_10,Spot 10,Occupied,2026-06-27T22:06:21.822708+00:00,1965,car,0.7324958443641663,16681,153.1937255859375,317.56170654296875,192.8394775390625,343.23040771484375
2026-06-27T22:24:23.172411+00:00,spot_11,Spot 11,Occupied,2026-06-27T22:22:22.033124+00:00,1830,car,0.7201236486434937,22776,120.4014663696289,313.101318359375,166.67196655273438,341.20611572265625
2026-06-27T22:24:23.172411+00:00,spot_12,Spot 12,Occupied,2026-06-27T22:12:20.784546+00:00,2125,car,0.7884732484817505,3178,78.96487426757812,310.64056396484375,135.76431274414062,333.39263916015625
2026-06-27T22:24:23.172411+00:00,spot_13,Spot 13,Empty,2026-06-27T22:24:23.172411+00:00,,,,,,,,
2026-06-27T22:24:23.172411+00:00,spot_14,Spot 14,Occupied,2026-06-27T22:21:21.954535+00:00,2167,car,0.45031121373176575,180,61.91490173339844,309.6253662109375,79.08058166503906,329.55419921875
2026-06-27T22:24:23.172411+00:00,spot_15,Spot 15,Empty,2026-06-27T21:44:22.059058+00:00,,,,,,,,
2026-06-27T22:24:23.172411+00:00,spot_16,Spot 16,Empty,2026-06-27T22:24:23.172411+00:00,,,,,,,,
2026-06-27T22:24:23.172411+00:00,spot_17,Spot 17,Empty,2026-06-27T22:24:23.172411+00:00,,,,,,,,
2026-06-27T22:25:23.049159+00:00,spot_1,Spot 1,Occupied,2026-06-27T22:24:23.172411+00:00,2161,truck,0.6775685548782349,781,565.2628173828125,310.44561767578125,617.0679931640625,373.17242431640625
2026-06-27T22:25:23.049159+00:00,spot_2,Spot 2,Empty,2026-06-27T22:23:21.665142+00:00,,,,,,,,
2026-06-27T22:25:23.049159+00:00,spot_3,Spot 3,Occupied,2026-06-27T22:24:23.172411+00:00,1857,car,0.8178910613059998,21766,451.0218200683594,330.565185546875,490.2993469238281,361.629150390625
2026-06-27T22:25:23.049159+00:00,spot_4,Spot 4,Occupied,2026-06-27T22:25:23.049159+00:00,2060,truck,0.5478144288063049,10321,365.0545349121094,292.99017333984375,446.5427551269531,366.04962158203125
2026-06-27T22:25:23.049159+00:00,spot_5,Spot 5,Empty,2026-06-27T22:22:22.033124+00:00,,,,,,,,
2026-06-27T22:25:23.049159+00:00,spot_6,Spot 6,Occupied,2026-06-27T20:54:22.350568+00:00,2102,car,0.8859385251998901,6538,286.70263671875,321.49688720703125,348.38055419921875,357.37841796875
2026-06-27T22:25:23.049159+00:00,spot_7,Spot 7,Empty,2026-06-27T22:23:21.665142+00:00,,,,,,,,
2026-06-27T22:25:23.049159+00:00,spot_8,Spot 8,Empty,2026-06-27T22:23:21.665142+00:00,,,,,,,,
2026-06-27T22:25:23.049159+00:00,spot_9,Spot 9,Occupied,2026-06-27T22:22:22.033124+00:00,2153,car,0.8632079362869263,1680,174.1590576171875,321.5525817871094,229.06289672851562,346.9695129394531
2026-06-27T22:25:23.049159+00:00,spot_10,Spot 10,Occupied,2026-06-27T22:06:21.822708+00:00,1965,car,0.8040608763694763,16742,153.453369140625,317.1695556640625,199.97119140625,342.6378173828125
2026-06-27T22:25:23.049159+00:00,spot_11,Spot 11,Occupied,2026-06-27T22:22:22.033124+00:00,1830,car,0.7486192584037781,22837,120.04750061035156,312.97296142578125,166.50718688964844,341.69158935546875
2026-06-27T22:25:23.049159+00:00,spot_12,Spot 12,Occupied,2026-06-27T22:12:20.784546+00:00,2125,car,0.8128470182418823,3238,85.00613403320312,310.56317138671875,135.72506713867188,333.35797119140625
2026-06-27T22:25:23.049159+00:00,spot_13,Spot 13,Empty,2026-06-27T22:24:23.172411+00:00,,,,,,,,
2026-06-27T22:25:23.049159+00:00,spot_14,Spot 14,Empty,2026-06-27T22:25:23.049159+00:00,,,,,,,,
2026-06-27T22:25:23.049159+00:00,spot_15,Spot 15,Empty,2026-06-27T21:44:22.059058+00:00,,,,,,,,
2026-06-27T22:25:23.049159+00:00,spot_16,Spot 16,Occupied,2026-06-27T22:25:23.049159+00:00,2136,car,0.7049515843391418,2339,27.382888793945312,307.789306640625,65.06999206542969,326.875
2026-06-27T22:25:23.049159+00:00,spot_17,Spot 17,Empty,2026-06-27T22:24:23.172411+00:00,,,,,,,,
2026-06-27T22:26:21.470017+00:00,spot_1,Spot 1,Occupied,2026-06-27T22:24:23.172411+00:00,2161,truck,0.5995050668716431,839,565.031494140625,310.360595703125,616.226806640625,372.9263916015625
2026-06-27T22:26:21.470017+00:00,spot_2,Spot 2,Occupied,2026-06-27T22:26:21.470017+00:00,2174,truck,0.3672465682029724,0,504.71527099609375,320.7869873046875,544.7514038085938,364.1717529296875
2026-06-27T22:26:21.470017+00:00,spot_3,Spot 3,Occupied,2026-06-27T22:24:23.172411+00:00,1857,car,0.7009843587875366,21824,451.11822509765625,324.7783203125,490.01934814453125,361.3070068359375
2026-06-27T22:26:21.470017+00:00,spot_4,Spot 4,Occupied,2026-06-27T22:25:23.049159+00:00,2060,truck,0.36473292112350464,10380,366.0810546875,293.044189453125,446.76953125,367.16583251953125
2026-06-27T22:26:21.470017+00:00,spot_5,Spot 5,Empty,2026-06-27T22:22:22.033124+00:00,,,,,,,,
2026-06-27T22:26:21.470017+00:00,spot_6,Spot 6,Occupied,2026-06-27T20:54:22.350568+00:00,2102,car,0.8351591229438782,6597,286.827392578125,321.33343505859375,350.64739990234375,357.05633544921875
2026-06-27T22:26:21.470017+00:00,spot_7,Spot 7,Empty,2026-06-27T22:23:21.665142+00:00,,,,,,,,
2026-06-27T22:26:21.470017+00:00,spot_8,Spot 8,Empty,2026-06-27T22:23:21.665142+00:00,,,,,,,,
2026-06-27T22:26:21.470017+00:00,spot_9,Spot 9,Occupied,2026-06-27T22:22:22.033124+00:00,2153,car,0.8236691355705261,1739,171.48410034179688,322.0714111328125,227.86880493164062,347.2490234375
2026-06-27T22:26:21.470017+00:00,spot_10,Spot 10,Occupied,2026-06-27T22:06:21.822708+00:00,1965,car,0.8029294610023499,16800,153.66226196289062,317.3254089355469,194.48275756835938,342.5293273925781
2026-06-27T22:26:21.470017+00:00,spot_11,Spot 11,Occupied,2026-06-27T22:22:22.033124+00:00,1830,car,0.5684418082237244,22895,120.09796142578125,313.27996826171875,167.254150390625,341.1622314453125
2026-06-27T22:26:21.470017+00:00,spot_12,Spot 12,Occupied,2026-06-27T22:12:20.784546+00:00,2125,car,0.6884157061576843,3296,81.19984436035156,310.6541748046875,134.5128936767578,333.3564453125
2026-06-27T22:26:21.470017+00:00,spot_13,Spot 13,Empty,2026-06-27T22:24:23.172411+00:00,,,,,,,,
2026-06-27T22:26:21.470017+00:00,spot_14,Spot 14,Empty,2026-06-27T22:25:23.049159+00:00,,,,,,,,
2026-06-27T22:26:21.470017+00:00,spot_15,Spot 15,Empty,2026-06-27T21:44:22.059058+00:00,,,,,,,,
2026-06-27T22:26:21.470017+00:00,spot_16,Spot 16,Occupied,2026-06-27T22:25:23.049159+00:00,2136,car,0.4150720238685608,2398,28.959104537963867,307.9253234863281,63.98004150390625,326.9613342285156
2026-06-27T22:26:21.470017+00:00,spot_17,Spot 17,Empty,2026-06-27T22:24:23.172411+00:00,,,,,,,,
2026-06-27T22:27:31.261896+00:00,spot_1,Spot 1,Occupied,2026-06-27T22:24:23.172411+00:00,2161,truck,0.510796070098877,912,566.31298828125,310.62335205078125,615.6195068359375,372.73895263671875
2026-06-27T22:27:31.261896+00:00,spot_2,Spot 2,Empty,2026-06-27T22:27:31.261896+00:00,,,,,,,,
2026-06-27T22:27:31.261896+00:00,spot_3,Spot 3,Occupied,2026-06-27T22:24:23.172411+00:00,1857,car,0.7791679501533508,21896,450.89532470703125,331.62384033203125,490.33331298828125,361.41650390625
2026-06-27T22:27:31.261896+00:00,spot_4,Spot 4,Occupied,2026-06-27T22:25:23.049159+00:00,2060,truck,0.797157347202301,10452,365.77001953125,293.73297119140625,447.27886962890625,367.97113037109375
2026-06-27T22:27:31.261896+00:00,spot_5,Spot 5,Empty,2026-06-27T22:22:22.033124+00:00,,,,,,,,
2026-06-27T22:27:31.261896+00:00,spot_6,Spot 6,Occupied,2026-06-27T20:54:22.350568+00:00,2102,car,0.8882578611373901,6669,286.7348937988281,321.93939208984375,347.5838928222656,355.61553955078125
2026-06-27T22:27:31.261896+00:00,spot_7,Spot 7,Empty,2026-06-27T22:23:21.665142+00:00,,,,,,,,
2026-06-27T22:27:31.261896+00:00,spot_8,Spot 8,Empty,2026-06-27T22:23:21.665142+00:00,,,,,,,,
2026-06-27T22:27:31.261896+00:00,spot_9,Spot 9,Occupied,2026-06-27T22:22:22.033124+00:00,2153,car,0.8623862862586975,1811,173.39031982421875,322.785400390625,225.220947265625,347.70751953125
2026-06-27T22:27:31.261896+00:00,spot_10,Spot 10,Occupied,2026-06-27T22:06:21.822708+00:00,1965,car,0.7375404238700867,16872,153.8450469970703,317.521240234375,192.8839874267578,343.10009765625
2026-06-27T22:27:31.261896+00:00,spot_11,Spot 11,Occupied,2026-06-27T22:22:22.033124+00:00,1830,car,0.7153245210647583,22967,120.30615234375,312.964111328125,166.60699462890625,341.2652587890625
2026-06-27T22:27:31.261896+00:00,spot_12,Spot 12,Occupied,2026-06-27T22:12:20.784546+00:00,2125,car,0.7587964534759521,3369,79.33375549316406,310.4831237792969,135.83963012695312,333.4549865722656
2026-06-27T22:27:31.261896+00:00,spot_13,Spot 13,Empty,2026-06-27T22:24:23.172411+00:00,,,,,,,,
2026-06-27T22:27:31.261896+00:00,spot_14,Spot 14,Occupied,2026-06-27T22:27:31.261896+00:00,2176,car,0.42781829833984375,0,63.2039680480957,309.29766845703125,92.95851135253906,329.91156005859375
2026-06-27T22:27:31.261896+00:00,spot_15,Spot 15,Empty,2026-06-27T21:44:22.059058+00:00,,,,,,,,
2026-06-27T22:27:31.261896+00:00,spot_16,Spot 16,Occupied,2026-06-27T22:25:23.049159+00:00,2136,car,0.6359363198280334,2470,33.67320251464844,307.53192138671875,64.50110626220703,327.15576171875
2026-06-27T22:27:31.261896+00:00,spot_17,Spot 17,Occupied,2026-06-27T22:27:31.261896+00:00,2175,car,0.5717021822929382,0,16.14086151123047,307.2274169921875,36.387020111083984,325.23468017578125
2026-06-27T22:28:21.516626+00:00,spot_1,Spot 1,Occupied,2026-06-27T22:28:21.516626+00:00,2177,bus,0.447776734828949,0,565.7899780273438,310.49285888671875,615.8301391601562,372.82318115234375
2026-06-27T22:28:21.516626+00:00,spot_2,Spot 2,Occupied,2026-06-27T22:28:21.516626+00:00,2178,car,0.35130801796913147,0,495.4682922363281,318.01226806640625,545.83935546875,364.07037353515625
2026-06-27T22:28:21.516626+00:00,spot_3,Spot 3,Occupied,2026-06-27T22:24:23.172411+00:00,1857,car,0.572675883769989,21945,451.6203308105469,335.039794921875,487.2261047363281,361.93316650390625
2026-06-27T22:28:21.516626+00:00,spot_4,Spot 4,Occupied,2026-06-27T22:25:23.049159+00:00,2060,truck,0.6683228611946106,10500,366.74761962890625,293.3522644042969,447.8939208984375,368.7438049316406
2026-06-27T22:28:21.516626+00:00,spot_5,Spot 5,Empty,2026-06-27T22:22:22.033124+00:00,,,,,,,,
2026-06-27T22:28:21.516626+00:00,spot_6,Spot 6,Occupied,2026-06-27T20:54:22.350568+00:00,2102,car,0.6439566612243652,6718,287.35089111328125,320.50225830078125,345.83673095703125,356.44036865234375
2026-06-27T22:28:21.516626+00:00,spot_7,Spot 7,Empty,2026-06-27T22:23:21.665142+00:00,,,,,,,,
2026-06-27T22:28:21.516626+00:00,spot_8,Spot 8,Empty,2026-06-27T22:23:21.665142+00:00,,,,,,,,
2026-06-27T22:28:21.516626+00:00,spot_9,Spot 9,Occupied,2026-06-27T22:22:22.033124+00:00,2153,car,0.8001305460929871,1859,169.8402099609375,323.053955078125,226.7720947265625,347.27642822265625
2026-06-27T22:28:21.516626+00:00,spot_10,Spot 10,Occupied,2026-06-27T22:06:21.822708+00:00,1965,car,0.7044947743415833,16921,155.5325927734375,318.12274169921875,192.273193359375,343.46685791015625
2026-06-27T22:28:21.516626+00:00,spot_11,Spot 11,Occupied,2026-06-27T22:22:22.033124+00:00,1830,car,0.6099698543548584,23016,120.75695037841797,313.09368896484375,167.59228515625,340.84478759765625
2026-06-27T22:28:21.516626+00:00,spot_12,Spot 12,Occupied,2026-06-27T22:12:20.784546+00:00,2125,car,0.6738013029098511,3417,77.55723571777344,310.77197265625,135.83193969726562,333.3494873046875
2026-06-27T22:28:21.516626+00:00,spot_13,Spot 13,Empty,2026-06-27T22:24:23.172411+00:00,,,,,,,,
2026-06-27T22:28:21.516626+00:00,spot_14,Spot 14,Occupied,2026-06-27T22:27:31.261896+00:00,2176,car,0.3720155954360962,48,63.41470718383789,309.4495849609375,89.54345703125,330.622802734375
2026-06-27T22:28:21.516626+00:00,spot_15,Spot 15,Empty,2026-06-27T21:44:22.059058+00:00,,,,,,,,
2026-06-27T22:28:21.516626+00:00,spot_16,Spot 16,Occupied,2026-06-27T22:25:23.049159+00:00,2136,car,0.5530475378036499,2518,29.100631713867188,307.4658203125,65.20944213867188,327.57861328125
2026-06-27T22:28:21.516626+00:00,spot_17,Spot 17,Occupied,2026-06-27T22:27:31.261896+00:00,2175,car,0.604067325592041,48,16.13939666748047,307.8695068359375,35.7386360168457,325.06787109375
2026-06-27T22:29:23.116049+00:00,spot_1,Spot 1,Empty,2026-06-27T22:29:23.116049+00:00,,,,,,,,
2026-06-27T22:29:23.116049+00:00,spot_2,Spot 2,Occupied,2026-06-27T22:28:21.516626+00:00,2178,car,0.6129881739616394,61,502.92376708984375,319.6042785644531,546.5265502929688,362.8351745605469
2026-06-27T22:29:23.116049+00:00,spot_3,Spot 3,Occupied,2026-06-27T22:24:23.172411+00:00,1857,car,0.8183610439300537,22006,448.5948181152344,324.23675537109375,496.4574890136719,361.93524169921875
2026-06-27T22:29:23.116049+00:00,spot_4,Spot 4,Occupied,2026-06-27T22:25:23.049159+00:00,2060,truck,0.7254937291145325,10561,364.86370849609375,295.54638671875,446.92559814453125,367.1558837890625
2026-06-27T22:29:23.116049+00:00,spot_5,Spot 5,Empty,2026-06-27T22:22:22.033124+00:00,,,,,,,,
2026-06-27T22:29:23.116049+00:00,spot_6,Spot 6,Occupied,2026-06-27T20:54:22.350568+00:00,2102,car,0.8656731843948364,6779,287.18609619140625,320.9695739746094,348.05389404296875,356.5954284667969
2026-06-27T22:29:23.116049+00:00,spot_7,Spot 7,Empty,2026-06-27T22:23:21.665142+00:00,,,,,,,,
2026-06-27T22:29:23.116049+00:00,spot_8,Spot 8,Empty,2026-06-27T22:23:21.665142+00:00,,,,,,,,
2026-06-27T22:29:23.116049+00:00,spot_9,Spot 9,Occupied,2026-06-27T22:22:22.033124+00:00,2153,car,0.7802273631095886,1920,171.1884765625,322.206787109375,227.69619750976562,347.02789306640625
2026-06-27T22:29:23.116049+00:00,spot_10,Spot 10,Occupied,2026-06-27T22:06:21.822708+00:00,1965,car,0.7749889492988586,16982,153.85003662109375,316.9639892578125,193.82968139648438,342.93536376953125
2026-06-27T22:29:23.116049+00:00,spot_11,Spot 11,Occupied,2026-06-27T22:22:22.033124+00:00,1830,car,0.7768468260765076,23077,119.1518325805664,312.94097900390625,166.63058471679688,341.6312255859375
2026-06-27T22:29:23.116049+00:00,spot_12,Spot 12,Occupied,2026-06-27T22:12:20.784546+00:00,2125,car,0.7933964133262634,3478,80.48690795898438,310.54608154296875,135.0922088623047,333.19451904296875
2026-06-27T22:29:23.116049+00:00,spot_13,Spot 13,Empty,2026-06-27T22:24:23.172411+00:00,,,,,,,,
2026-06-27T22:29:23.116049+00:00,spot_14,Spot 14,Occupied,2026-06-27T22:27:31.261896+00:00,2176,car,0.4771827757358551,109,63.448265075683594,310.0689697265625,89.73851776123047,329.884765625
2026-06-27T22:29:23.116049+00:00,spot_15,Spot 15,Empty,2026-06-27T21:44:22.059058+00:00,,,,,,,,
2026-06-27T22:29:23.116049+00:00,spot_16,Spot 16,Occupied,2026-06-27T22:25:23.049159+00:00,2136,car,0.6179337501525879,2579,31.06629180908203,307.3505859375,65.96681213378906,327.2244873046875
2026-06-27T22:29:23.116049+00:00,spot_17,Spot 17,Occupied,2026-06-27T22:27:31.261896+00:00,2175,car,0.35255783796310425,109,19.011943817138672,307.50665283203125,36.512840270996094,325.09234619140625
2026-06-27T22:30:24.135841+00:00,spot_1,Spot 1,Occupied,2026-06-27T22:30:24.135841+00:00,2179,car,0.36014658212661743,0,566.9169921875,310.91046142578125,615.333740234375,373.90509033203125
2026-06-27T22:30:24.135841+00:00,spot_2,Spot 2,Occupied,2026-06-27T22:28:21.516626+00:00,2178,car,0.46799132227897644,122,502.15057373046875,319.1892395019531,545.6023559570312,362.2984924316406
2026-06-27T22:30:24.135841+00:00,spot_3,Spot 3,Occupied,2026-06-27T22:24:23.172411+00:00,1857,car,0.581027090549469,22067,449.9750061035156,330.07537841796875,492.9421691894531,361.63690185546875
2026-06-27T22:30:24.135841+00:00,spot_4,Spot 4,Occupied,2026-06-27T22:25:23.049159+00:00,2060,truck,0.8199248909950256,10622,364.85919189453125,295.1328125,447.53533935546875,367.592041015625
2026-06-27T22:30:24.135841+00:00,spot_5,Spot 5,Empty,2026-06-27T22:22:22.033124+00:00,,,,,,,,
2026-06-27T22:30:24.135841+00:00,spot_6,Spot 6,Occupied,2026-06-27T20:54:22.350568+00:00,2102,car,0.8458293080329895,6840,286.7547607421875,320.9708251953125,349.9547119140625,357.104248046875
2026-06-27T22:30:24.135841+00:00,spot_7,Spot 7,Empty,2026-06-27T22:23:21.665142+00:00,,,,,,,,
2026-06-27T22:30:24.135841+00:00,spot_8,Spot 8,Empty,2026-06-27T22:23:21.665142+00:00,,,,,,,,
2026-06-27T22:30:24.135841+00:00,spot_9,Spot 9,Occupied,2026-06-27T22:22:22.033124+00:00,2153,car,0.6961471438407898,1981,173.41131591796875,323.64990234375,227.35833740234375,346.484619140625
2026-06-27T22:30:24.135841+00:00,spot_10,Spot 10,Occupied,2026-06-27T22:06:21.822708+00:00,1965,car,0.5933240056037903,17043,154.1793212890625,317.42291259765625,192.64361572265625,343.5859375
2026-06-27T22:30:24.135841+00:00,spot_11,Spot 11,Occupied,2026-06-27T22:22:22.033124+00:00,1830,car,0.7639976143836975,23138,120.01673126220703,312.91552734375,167.12646484375,341.2059326171875
2026-06-27T22:30:24.135841+00:00,spot_12,Spot 12,Occupied,2026-06-27T22:12:20.784546+00:00,2125,car,0.7043206095695496,3539,78.6429443359375,310.5603332519531,135.27911376953125,333.3918762207031
2026-06-27T22:30:24.135841+00:00,spot_13,Spot 13,Empty,2026-06-27T22:24:23.172411+00:00,,,,,,,,
2026-06-27T22:30:24.135841+00:00,spot_14,Spot 14,Occupied,2026-06-27T22:27:31.261896+00:00,2176,car,0.3795548975467682,170,61.250213623046875,309.92718505859375,87.64115905761719,330.0465087890625
2026-06-27T22:30:24.135841+00:00,spot_15,Spot 15,Empty,2026-06-27T21:44:22.059058+00:00,,,,,,,,
2026-06-27T22:30:24.135841+00:00,spot_16,Spot 16,Occupied,2026-06-27T22:25:23.049159+00:00,2136,car,0.48740246891975403,2640,30.880388259887695,308.07391357421875,65.01481628417969,327.14959716796875
2026-06-27T22:30:24.135841+00:00,spot_17,Spot 17,Occupied,2026-06-27T22:27:31.261896+00:00,2175,car,0.44411221146583557,170,16.635509490966797,307.3956298828125,35.91014099121094,325.36083984375
2026-06-27T22:31:22.578078+00:00,spot_1,Spot 1,Occupied,2026-06-27T22:31:22.578078+00:00,2181,bus,0.5052240490913391,0,565.9302978515625,310.54412841796875,614.8209228515625,373.02874755859375
2026-06-27T22:31:22.578078+00:00,spot_2,Spot 2,Occupied,2026-06-27T22:28:21.516626+00:00,2178,car,0.6841558814048767,180,501.88177490234375,327.59271240234375,545.2308959960938,363.27301025390625
2026-06-27T22:31:22.578078+00:00,spot_3,Spot 3,Occupied,2026-06-27T22:24:23.172411+00:00,1857,car,0.7036566734313965,22125,447.811767578125,323.1507568359375,491.1766357421875,361.6275634765625
2026-06-27T22:31:22.578078+00:00,spot_4,Spot 4,Occupied,2026-06-27T22:25:23.049159+00:00,2060,truck,0.7648540735244751,10681,366.6506652832031,294.0784912109375,445.2955017089844,368.4498291015625
2026-06-27T22:31:22.578078+00:00,spot_5,Spot 5,Empty,2026-06-27T22:22:22.033124+00:00,,,,,,,,
2026-06-27T22:31:22.578078+00:00,spot_6,Spot 6,Occupied,2026-06-27T20:54:22.350568+00:00,2102,car,0.8219190835952759,6898,286.7552185058594,320.2192077636719,347.3751525878906,355.9554748535156
2026-06-27T22:31:22.578078+00:00,spot_7,Spot 7,Empty,2026-06-27T22:23:21.665142+00:00,,,,,,,,
2026-06-27T22:31:22.578078+00:00,spot_8,Spot 8,Occupied,2026-06-27T22:31:22.578078+00:00,2180,car,0.7135998606681824,0,195.35205078125,315.1343994140625,270.34478759765625,352.85760498046875
2026-06-27T22:31:22.578078+00:00,spot_9,Spot 9,Empty,2026-06-27T22:31:22.578078+00:00,,,,,,,,
2026-06-27T22:31:22.578078+00:00,spot_10,Spot 10,Occupied,2026-06-27T22:06:21.822708+00:00,1965,car,0.553924024105072,17101,154.73110961914062,317.9099426269531,193.02346801757812,343.9468688964844
2026-06-27T22:31:22.578078+00:00,spot_11,Spot 11,Occupied,2026-06-27T22:22:22.033124+00:00,1830,car,0.5345508456230164,23196,122.2354965209961,312.5712890625,167.92965698242188,340.6756591796875
2026-06-27T22:31:22.578078+00:00,spot_12,Spot 12,Occupied,2026-06-27T22:12:20.784546+00:00,2125,car,0.5027866363525391,3597,78.68423461914062,310.9794921875,135.55029296875,333.3626708984375
2026-06-27T22:31:22.578078+00:00,spot_13,Spot 13,Empty,2026-06-27T22:24:23.172411+00:00,,,,,,,,
2026-06-27T22:31:22.578078+00:00,spot_14,Spot 14,Occupied,2026-06-27T22:27:31.261896+00:00,2176,car,0.37350350618362427,228,63.34778594970703,310.554931640625,87.19995880126953,331.13037109375
2026-06-27T22:31:22.578078+00:00,spot_15,Spot 15,Empty,2026-06-27T21:44:22.059058+00:00,,,,,,,,
2026-06-27T22:31:22.578078+00:00,spot_16,Spot 16,Occupied,2026-06-27T22:25:23.049159+00:00,2136,car,0.3976151645183563,2698,25.938547134399414,307.08251953125,65.08277130126953,327.3128662109375
2026-06-27T22:31:22.578078+00:00,spot_17,Spot 17,Empty,2026-06-27T22:31:22.578078+00:00,,,,,,,,
2026-06-27T22:32:23.586453+00:00,spot_1,Spot 1,Occupied,2026-06-27T22:31:22.578078+00:00,2181,bus,0.5701354742050171,61,567.4445190429688,311.353271484375,615.8290405273438,372.7845458984375
2026-06-27T22:32:23.586453+00:00,spot_2,Spot 2,Occupied,2026-06-27T22:32:23.586453+00:00,2183,truck,0.44771113991737366,0,501.78472900390625,319.4703369140625,545.7504272460938,362.132080078125
2026-06-27T22:32:23.586453+00:00,spot_3,Spot 3,Occupied,2026-06-27T22:24:23.172411+00:00,1857,car,0.7710437774658203,22186,450.031494140625,321.2041320800781,496.818603515625,361.3341979980469
2026-06-27T22:32:23.586453+00:00,spot_4,Spot 4,Occupied,2026-06-27T22:25:23.049159+00:00,2060,truck,0.7220239043235779,10742,364.6248779296875,295.7849426269531,447.651123046875,366.3941345214844
2026-06-27T22:32:23.586453+00:00,spot_5,Spot 5,Empty,2026-06-27T22:22:22.033124+00:00,,,,,,,,
2026-06-27T22:32:23.586453+00:00,spot_6,Spot 6,Occupied,2026-06-27T20:54:22.350568+00:00,2102,car,0.8916504979133606,6959,287.00482177734375,320.6721496582031,349.21893310546875,356.4970397949219
2026-06-27T22:32:23.586453+00:00,spot_7,Spot 7,Empty,2026-06-27T22:23:21.665142+00:00,,,,,,,,
2026-06-27T22:32:23.586453+00:00,spot_8,Spot 8,Occupied,2026-06-27T22:31:22.578078+00:00,2180,car,0.4222763776779175,61,197.59097290039062,315.2789306640625,267.0034484863281,352.4139404296875
2026-06-27T22:32:23.586453+00:00,spot_9,Spot 9,Occupied,2026-06-27T22:32:23.586453+00:00,2153,car,0.610397458076477,2101,174.50384521484375,323.26263427734375,207.14276123046875,346.46661376953125
2026-06-27T22:32:23.586453+00:00,spot_10,Spot 10,Occupied,2026-06-27T22:06:21.822708+00:00,1965,car,0.5763109922409058,17162,155.01187133789062,317.6939697265625,195.55093383789062,342.6907958984375
2026-06-27T22:32:23.586453+00:00,spot_11,Spot 11,Occupied,2026-06-27T22:22:22.033124+00:00,1830,car,0.6161789894104004,23257,120.23793029785156,313.1696472167969,167.8657684326172,341.4198303222656
2026-06-27T22:32:23.586453+00:00,spot_12,Spot 12,Occupied,2026-06-27T22:12:20.784546+00:00,2125,car,0.7216070294380188,3659,78.31759643554688,310.6315002441406,136.06951904296875,333.4863586425781
2026-06-27T22:32:23.586453+00:00,spot_13,Spot 13,Empty,2026-06-27T22:24:23.172411+00:00,,,,,,,,
2026-06-27T22:32:23.586453+00:00,spot_14,Spot 14,Empty,2026-06-27T22:32:23.586453+00:00,,,,,,,,
2026-06-27T22:32:23.586453+00:00,spot_15,Spot 15,Empty,2026-06-27T21:44:22.059058+00:00,,,,,,,,
2026-06-27T22:32:23.586453+00:00,spot_16,Spot 16,Occupied,2026-06-27T22:25:23.049159+00:00,2136,car,0.5880272388458252,2760,30.86583709716797,307.5648193359375,64.5523452758789,327.263671875
2026-06-27T22:32:23.586453+00:00,spot_17,Spot 17,Occupied,2026-06-27T22:32:23.586453+00:00,2175,car,0.43278804421424866,290,15.650104522705078,307.2230224609375,35.68539047241211,325.50634765625
2026-06-27T22:33:21.759008+00:00,spot_1,Spot 1,Occupied,2026-06-27T22:33:21.759008+00:00,2161,truck,0.3910968005657196,1261,566.801025390625,311.3172607421875,615.0010986328125,373.3087158203125
2026-06-27T22:33:21.759008+00:00,spot_2,Spot 2,Occupied,2026-06-27T22:33:21.759008+00:00,2178,car,0.678369402885437,300,502.181640625,319.4388427734375,548.115966796875,363.07666015625
2026-06-27T22:33:21.759008+00:00,spot_3,Spot 3,Occupied,2026-06-27T22:24:23.172411+00:00,1857,car,0.7885315418243408,22245,448.81451416015625,328.7928161621094,490.25958251953125,361.5196228027344
2026-06-27T22:33:21.759008+00:00,spot_4,Spot 4,Occupied,2026-06-27T22:25:23.049159+00:00,2060,truck,0.8019075989723206,10801,365.1976013183594,293.91131591796875,446.5103454589844,367.15179443359375
2026-06-27T22:33:21.759008+00:00,spot_5,Spot 5,Empty,2026-06-27T22:22:22.033124+00:00,,,,,,,,
2026-06-27T22:33:21.759008+00:00,spot_6,Spot 6,Occupied,2026-06-27T20:54:22.350568+00:00,2102,car,0.8789055943489075,7018,287.0680236816406,320.64453125,351.9309997558594,356.3721923828125
2026-06-27T22:33:21.759008+00:00,spot_7,Spot 7,Empty,2026-06-27T22:23:21.665142+00:00,,,,,,,,
2026-06-27T22:33:21.759008+00:00,spot_8,Spot 8,Occupied,2026-06-27T22:31:22.578078+00:00,2180,car,0.42690107226371765,120,195.1260986328125,317.04803466796875,250.56219482421875,352.27276611328125
2026-06-27T22:33:21.759008+00:00,spot_9,Spot 9,Occupied,2026-06-27T22:32:23.586453+00:00,2153,car,0.6609578132629395,2160,174.38204956054688,324.03997802734375,201.77862548828125,346.9849853515625
2026-06-27T22:33:21.759008+00:00,spot_10,Spot 10,Occupied,2026-06-27T22:06:21.822708+00:00,1965,car,0.7710685133934021,17221,153.456298828125,317.531494140625,193.00900268554688,342.9005126953125
2026-06-27T22:33:21.759008+00:00,spot_11,Spot 11,Occupied,2026-06-27T22:22:22.033124+00:00,1830,car,0.6734006404876709,23316,120.025146484375,312.91021728515625,166.9300537109375,341.56072998046875
2026-06-27T22:33:21.759008+00:00,spot_12,Spot 12,Occupied,2026-06-27T22:12:20.784546+00:00,2125,car,0.7125694155693054,3718,79.12245178222656,310.5390319824219,135.39707946777344,333.7389221191406
2026-06-27T22:33:21.759008+00:00,spot_13,Spot 13,Empty,2026-06-27T22:24:23.172411+00:00,,,,,,,,
2026-06-27T22:33:21.759008+00:00,spot_14,Spot 14,Occupied,2026-06-27T22:33:21.759008+00:00,2176,car,0.5287625193595886,348,63.30591583251953,309.6356201171875,90.49263763427734,329.6495361328125
2026-06-27T22:33:21.759008+00:00,spot_15,Spot 15,Empty,2026-06-27T21:44:22.059058+00:00,,,,,,,,
2026-06-27T22:33:21.759008+00:00,spot_16,Spot 16,Occupied,2026-06-27T22:25:23.049159+00:00,2136,car,0.6904005408287048,2819,32.157814025878906,307.74517822265625,65.15674591064453,327.1572265625
2026-06-27T22:33:21.759008+00:00,spot_17,Spot 17,Occupied,2026-06-27T22:32:23.586453+00:00,2175,car,0.6341351866722107,348,17.253143310546875,307.4851379394531,35.823055267333984,325.1305236816406
2026-06-27T22:34:22.295062+00:00,spot_1,Spot 1,Occupied,2026-06-27T22:34:22.295062+00:00,2181,bus,0.7530359625816345,180,567.62548828125,311.5440673828125,615.361083984375,373.1597900390625
2026-06-27T22:34:22.295062+00:00,spot_2,Spot 2,Occupied,2026-06-27T22:33:21.759008+00:00,2178,car,0.6735610365867615,361,501.66845703125,325.82257080078125,544.115234375,363.06304931640625
2026-06-27T22:34:22.295062+00:00,spot_3,Spot 3,Occupied,2026-06-27T22:24:23.172411+00:00,1857,car,0.6498801112174988,22306,449.16265869140625,327.37408447265625,497.48870849609375,361.49237060546875
2026-06-27T22:34:22.295062+00:00,spot_4,Spot 4,Occupied,2026-06-27T22:25:23.049159+00:00,2060,truck,0.5774723291397095,10861,365.920654296875,294.53643798828125,445.51275634765625,367.30755615234375
2026-06-27T22:34:22.295062+00:00,spot_5,Spot 5,Empty,2026-06-27T22:22:22.033124+00:00,,,,,,,,
2026-06-27T22:34:22.295062+00:00,spot_6,Spot 6,Occupied,2026-06-27T20:54:22.350568+00:00,2102,car,0.8900411128997803,7079,286.87506103515625,321.05841064453125,349.36614990234375,355.84759521484375
2026-06-27T22:34:22.295062+00:00,spot_7,Spot 7,Empty,2026-06-27T22:23:21.665142+00:00,,,,,,,,
2026-06-27T22:34:22.295062+00:00,spot_8,Spot 8,Occupied,2026-06-27T22:34:22.295062+00:00,2182,truck,0.6195933222770691,119,196.42010498046875,315.2664794921875,261.6553955078125,352.400634765625
2026-06-27T22:34:22.295062+00:00,spot_9,Spot 9,Occupied,2026-06-27T22:32:23.586453+00:00,2153,car,0.48632577061653137,2221,174.69903564453125,323.072021484375,203.067626953125,346.9697265625
2026-06-27T22:34:22.295062+00:00,spot_10,Spot 10,Occupied,2026-06-27T22:06:21.822708+00:00,1965,car,0.7686256170272827,17282,153.8609619140625,317.4140625,193.91415405273438,343.1864013671875
2026-06-27T22:34:22.295062+00:00,spot_11,Spot 11,Occupied,2026-06-27T22:22:22.033124+00:00,1830,car,0.6640530824661255,23377,121.45014953613281,312.96051025390625,166.7987823486328,341.53033447265625
2026-06-27T22:34:22.295062+00:00,spot_12,Spot 12,Occupied,2026-06-27T22:12:20.784546+00:00,2125,car,0.7800443172454834,3778,78.47854614257812,310.61773681640625,135.41238403320312,333.3980712890625
2026-06-27T22:34:22.295062+00:00,spot_13,Spot 13,Empty,2026-06-27T22:24:23.172411+00:00,,,,,,,,
2026-06-27T22:34:22.295062+00:00,spot_14,Spot 14,Occupied,2026-06-27T22:33:21.759008+00:00,2176,car,0.47087088227272034,409,62.685455322265625,309.46612548828125,91.28671264648438,330.65972900390625
2026-06-27T22:34:22.295062+00:00,spot_15,Spot 15,Empty,2026-06-27T21:44:22.059058+00:00,,,,,,,,
2026-06-27T22:34:22.295062+00:00,spot_16,Spot 16,Occupied,2026-06-27T22:25:23.049159+00:00,2136,car,0.6707403659820557,2879,26.956138610839844,307.63543701171875,64.7339096069336,327.13201904296875
2026-06-27T22:34:22.295062+00:00,spot_17,Spot 17,Occupied,2026-06-27T22:32:23.586453+00:00,2175,car,0.6084865927696228,409,17.806640625,307.4668884277344,36.067535400390625,325.2377014160156
2026-06-27T22:35:23.989417+00:00,spot_1,Spot 1,Occupied,2026-06-27T22:35:23.989417+00:00,2161,truck,0.5635977387428284,1383,567.1214599609375,311.65411376953125,615.61865234375,372.70330810546875
2026-06-27T22:35:23.989417+00:00,spot_2,Spot 2,Occupied,2026-06-27T22:33:21.759008+00:00,2178,car,0.8228660821914673,423,500.932861328125,324.2261962890625,545.1256103515625,361.81103515625
2026-06-27T22:35:23.989417+00:00,spot_3,Spot 3,Occupied,2026-06-27T22:24:23.172411+00:00,1857,car,0.7831001281738281,22368,449.20001220703125,324.6529541015625,496.34808349609375,361.619140625
2026-06-27T22:35:23.989417+00:00,spot_4,Spot 4,Occupied,2026-06-27T22:25:23.049159+00:00,2060,truck,0.7313591837882996,10924,365.89434814453125,294.193359375,446.96600341796875,367.6224365234375
2026-06-27T22:35:23.989417+00:00,spot_5,Spot 5,Empty,2026-06-27T22:22:22.033124+00:00,,,,,,,,
2026-06-27T22:35:23.989417+00:00,spot_6,Spot 6,Occupied,2026-06-27T20:54:22.350568+00:00,2102,car,0.8589478731155396,7141,287.1844482421875,320.68414306640625,350.45660400390625,357.01214599609375
2026-06-27T22:35:23.989417+00:00,spot_7,Spot 7,Empty,2026-06-27T22:23:21.665142+00:00,,,,,,,,
2026-06-27T22:35:23.989417+00:00,spot_8,Spot 8,Occupied,2026-06-27T22:35:23.989417+00:00,2180,car,0.5365192294120789,243,196.54620361328125,314.338134765625,262.2418212890625,352.382080078125
2026-06-27T22:35:23.989417+00:00,spot_9,Spot 9,Occupied,2026-06-27T22:32:23.586453+00:00,2153,car,0.625824511051178,2283,174.39495849609375,323.8214416503906,206.9144287109375,347.8298645019531
2026-06-27T22:35:23.989417+00:00,spot_10,Spot 10,Occupied,2026-06-27T22:06:21.822708+00:00,1965,car,0.7468996644020081,17344,154.16427612304688,317.40478515625,193.485595703125,344.371826171875
2026-06-27T22:35:23.989417+00:00,spot_11,Spot 11,Occupied,2026-06-27T22:22:22.033124+00:00,1830,car,0.6609772443771362,23439,119.65310668945312,312.91180419921875,166.99417114257812,341.06231689453125
2026-06-27T22:35:23.989417+00:00,spot_12,Spot 12,Empty,2026-06-27T22:35:23.989417+00:00,,,,,,,,
2026-06-27T22:35:23.989417+00:00,spot_13,Spot 13,Occupied,2026-06-27T22:35:23.989417+00:00,2125,car,0.6761491298675537,3840,79.62841796875,310.78839111328125,130.24163818359375,333.09027099609375
2026-06-27T22:35:23.989417+00:00,spot_14,Spot 14,Empty,2026-06-27T22:35:23.989417+00:00,,,,,,,,
2026-06-27T22:35:23.989417+00:00,spot_15,Spot 15,Empty,2026-06-27T21:44:22.059058+00:00,,,,,,,,
2026-06-27T22:35:23.989417+00:00,spot_16,Spot 16,Occupied,2026-06-27T22:25:23.049159+00:00,2136,car,0.5419360995292664,2942,29.36730194091797,307.7161865234375,64.34046173095703,327.2169189453125
2026-06-27T22:35:23.989417+00:00,spot_17,Spot 17,Occupied,2026-06-27T22:32:23.586453+00:00,2175,car,0.5029436945915222,471,17.84770965576172,307.51483154296875,36.01014709472656,325.12628173828125
2026-06-27T22:36:21.816789+00:00,spot_1,Spot 1,Occupied,2026-06-27T22:35:23.989417+00:00,2161,truck,0.571292519569397,1439,566.7244873046875,308.16925048828125,614.7685546875,373.60894775390625
2026-06-27T22:36:21.816789+00:00,spot_2,Spot 2,Occupied,2026-06-27T22:33:21.759008+00:00,2178,car,0.5241385102272034,479,501.95391845703125,325.4317626953125,544.9661254882812,363.668701171875
2026-06-27T22:36:21.816789+00:00,spot_3,Spot 3,Occupied,2026-06-27T22:24:23.172411+00:00,1857,car,0.7938729524612427,22424,448.1165771484375,331.46875,489.268798828125,361.77685546875
2026-06-27T22:36:21.816789+00:00,spot_4,Spot 4,Occupied,2026-06-27T22:25:23.049159+00:00,2060,truck,0.6091586351394653,10980,365.8970947265625,293.1183166503906,447.022705078125,366.6993103027344
2026-06-27T22:36:21.816789+00:00,spot_5,Spot 5,Empty,2026-06-27T22:22:22.033124+00:00,,,,,,,,
2026-06-27T22:36:21.816789+00:00,spot_6,Spot 6,Occupied,2026-06-27T20:54:22.350568+00:00,2102,car,0.8676928281784058,7197,286.3599853515625,321.0465087890625,347.61322021484375,357.5390625
2026-06-27T22:36:21.816789+00:00,spot_7,Spot 7,Empty,2026-06-27T22:23:21.665142+00:00,,,,,,,,
2026-06-27T22:36:21.816789+00:00,spot_8,Spot 8,Occupied,2026-06-27T22:36:21.816789+00:00,2182,truck,0.46689286828041077,237,193.75479125976562,314.4986572265625,271.2886962890625,352.8167724609375
2026-06-27T22:36:21.816789+00:00,spot_9,Spot 9,Occupied,2026-06-27T22:32:23.586453+00:00,2153,car,0.5910438299179077,2339,172.58303833007812,322.76995849609375,205.41720581054688,347.01324462890625
2026-06-27T22:36:21.816789+00:00,spot_10,Spot 10,Occupied,2026-06-27T22:06:21.822708+00:00,1965,car,0.7390569448471069,17400,152.6672821044922,317.08758544921875,194.5319061279297,342.8851318359375
2026-06-27T22:36:21.816789+00:00,spot_11,Spot 11,Occupied,2026-06-27T22:22:22.033124+00:00,1830,car,0.5194027423858643,23495,120.46903228759766,312.91204833984375,167.48312377929688,341.43365478515625
2026-06-27T22:36:21.816789+00:00,spot_12,Spot 12,Occupied,2026-06-27T22:36:21.816789+00:00,2125,car,0.6150781512260437,3896,86.33428955078125,310.83319091796875,131.9969482421875,333.27386474609375
2026-06-27T22:36:21.816789+00:00,spot_13,Spot 13,Empty,2026-06-27T22:36:21.816789+00:00,,,,,,,,
2026-06-27T22:36:21.816789+00:00,spot_14,Spot 14,Occupied,2026-06-27T22:36:21.816789+00:00,2176,car,0.361604243516922,527,66.92840576171875,310.1406555175781,89.96009826660156,330.6272277832031
2026-06-27T22:36:21.816789+00:00,spot_15,Spot 15,Empty,2026-06-27T21:44:22.059058+00:00,,,,,,,,
2026-06-27T22:36:21.816789+00:00,spot_16,Spot 16,Occupied,2026-06-27T22:25:23.049159+00:00,2136,car,0.6560155153274536,2998,29.065027236938477,307.322021484375,66.11275482177734,327.1566162109375
2026-06-27T22:36:21.816789+00:00,spot_17,Spot 17,Occupied,2026-06-27T22:32:23.586453+00:00,2175,car,0.414821982383728,527,17.86672592163086,307.876220703125,39.972599029541016,325.17315673828125
2026-06-27T22:37:22.784971+00:00,spot_1,Spot 1,Occupied,2026-06-27T22:37:22.784971+00:00,2184,car,0.35925307869911194,0,566.682861328125,310.611083984375,615.146728515625,373.945068359375
2026-06-27T22:37:22.784971+00:00,spot_2,Spot 2,Occupied,2026-06-27T22:33:21.759008+00:00,2178,car,0.6820527911186218,541,502.03924560546875,322.40838623046875,542.6303100585938,364.11968994140625
2026-06-27T22:37:22.784971+00:00,spot_3,Spot 3,Occupied,2026-06-27T22:24:23.172411+00:00,1857,car,0.8015758395195007,22486,449.84051513671875,331.93438720703125,489.1015625,362.028564453125
2026-06-27T22:37:22.784971+00:00,spot_4,Spot 4,Occupied,2026-06-27T22:25:23.049159+00:00,2060,truck,0.7401829957962036,11041,366.82086181640625,294.89666748046875,447.32049560546875,367.64068603515625
2026-06-27T22:37:22.784971+00:00,spot_5,Spot 5,Empty,2026-06-27T22:22:22.033124+00:00,,,,,,,,
2026-06-27T22:37:22.784971+00:00,spot_6,Spot 6,Occupied,2026-06-27T20:54:22.350568+00:00,2102,car,0.8822492957115173,7259,286.40423583984375,320.8505554199219,347.69879150390625,356.4642639160156
2026-06-27T22:37:22.784971+00:00,spot_7,Spot 7,Empty,2026-06-27T22:23:21.665142+00:00,,,,,,,,
2026-06-27T22:37:22.784971+00:00,spot_8,Spot 8,Occupied,2026-06-27T22:37:22.784971+00:00,2180,car,0.4568200707435608,360,196.1414794921875,314.44110107421875,271.4489440917969,352.73236083984375
2026-06-27T22:37:22.784971+00:00,spot_9,Spot 9,Occupied,2026-06-27T22:32:23.586453+00:00,2153,car,0.422658234834671,2400,174.3426513671875,321.75634765625,208.4476318359375,347.301025390625
2026-06-27T22:37:22.784971+00:00,spot_10,Spot 10,Occupied,2026-06-27T22:06:21.822708+00:00,1965,car,0.7451505064964294,17462,152.922607421875,317.4283447265625,192.6683349609375,343.93072509765625
2026-06-27T22:37:22.784971+00:00,spot_11,Spot 11,Occupied,2026-06-27T22:22:22.033124+00:00,1830,car,0.5705816149711609,23557,119.9439926147461,312.9813232421875,166.53787231445312,341.45263671875
2026-06-27T22:37:22.784971+00:00,spot_12,Spot 12,Occupied,2026-06-27T22:36:21.816789+00:00,2125,car,0.41878002882003784,3958,79.24339294433594,311.01788330078125,135.18759155273438,333.71136474609375
2026-06-27T22:37:22.784971+00:00,spot_13,Spot 13,Empty,2026-06-27T22:36:21.816789+00:00,,,,,,,,
2026-06-27T22:37:22.784971+00:00,spot_14,Spot 14,Empty,2026-06-27T22:37:22.784971+00:00,,,,,,,,
2026-06-27T22:37:22.784971+00:00,spot_15,Spot 15,Empty,2026-06-27T21:44:22.059058+00:00,,,,,,,,
2026-06-27T22:37:22.784971+00:00,spot_16,Spot 16,Empty,2026-06-27T22:37:22.784971+00:00,,,,,,,,
2026-06-27T22:37:22.784971+00:00,spot_17,Spot 17,Empty,2026-06-27T22:37:22.784971+00:00,,,,,,,,
2026-06-27T22:38:21.922410+00:00,spot_1,Spot 1,Occupied,2026-06-27T22:37:22.784971+00:00,2184,car,0.41820329427719116,59,566.770263671875,310.859375,615.24951171875,373.88134765625
2026-06-27T22:38:21.922410+00:00,spot_2,Spot 2,Occupied,2026-06-27T22:33:21.759008+00:00,2178,car,0.5494290590286255,600,502.327392578125,319.7884521484375,545.5225830078125,364.1070556640625
2026-06-27T22:38:21.922410+00:00,spot_3,Spot 3,Occupied,2026-06-27T22:24:23.172411+00:00,1857,car,0.8239110708236694,22545,448.0614013671875,322.4261779785156,488.9901123046875,361.4876403808594
2026-06-27T22:38:21.922410+00:00,spot_4,Spot 4,Occupied,2026-06-27T22:25:23.049159+00:00,2060,truck,0.8203123211860657,11101,364.35662841796875,294.82745361328125,447.27630615234375,367.59332275390625
2026-06-27T22:38:21.922410+00:00,spot_5,Spot 5,Empty,2026-06-27T22:22:22.033124+00:00,,,,,,,,
2026-06-27T22:38:21.922410+00:00,spot_6,Spot 6,Occupied,2026-06-27T20:54:22.350568+00:00,2102,car,0.8616328835487366,7318,286.952880859375,321.23443603515625,349.864990234375,356.26983642578125
2026-06-27T22:38:21.922410+00:00,spot_7,Spot 7,Empty,2026-06-27T22:23:21.665142+00:00,,,,,,,,
2026-06-27T22:38:21.922410+00:00,spot_8,Spot 8,Occupied,2026-06-27T22:38:21.922410+00:00,2182,truck,0.40870237350463867,358,215.21633911132812,313.14508056640625,262.3490905761719,352.13507080078125
2026-06-27T22:38:21.922410+00:00,spot_9,Spot 9,Occupied,2026-06-27T22:32:23.586453+00:00,2153,car,0.7377840876579285,2460,173.64669799804688,322.85174560546875,218.10507202148438,347.96307373046875
2026-06-27T22:38:21.922410+00:00,spot_10,Spot 10,Occupied,2026-06-27T22:06:21.822708+00:00,1965,car,0.8254812955856323,17521,153.0940399169922,317.5003662109375,193.2704315185547,343.3214111328125
2026-06-27T22:38:21.922410+00:00,spot_11,Spot 11,Occupied,2026-06-27T22:22:22.033124+00:00,1830,car,0.6515434980392456,23616,119.45052337646484,312.78509521484375,167.52139282226562,341.45697021484375
2026-06-27T22:38:21.922410+00:00,spot_12,Spot 12,Occupied,2026-06-27T22:36:21.816789+00:00,2125,car,0.8025194406509399,4017,80.69180297851562,310.8849792480469,135.47349548339844,333.2456970214844
2026-06-27T22:38:21.922410+00:00,spot_13,Spot 13,Empty,2026-06-27T22:36:21.816789+00:00,,,,,,,,
2026-06-27T22:38:21.922410+00:00,spot_14,Spot 14,Empty,2026-06-27T22:37:22.784971+00:00,,,,,,,,
2026-06-27T22:38:21.922410+00:00,spot_15,Spot 15,Empty,2026-06-27T21:44:22.059058+00:00,,,,,,,,
2026-06-27T22:38:21.922410+00:00,spot_16,Spot 16,Occupied,2026-06-27T22:38:21.922410+00:00,2136,car,0.6446874737739563,3119,31.122886657714844,307.783935546875,65.6832504272461,327.150390625
2026-06-27T22:38:21.922410+00:00,spot_17,Spot 17,Occupied,2026-06-27T22:38:21.922410+00:00,2175,car,0.3897120952606201,648,19.743228912353516,307.90313720703125,36.77539825439453,325.13153076171875
2026-06-27T22:39:22.334028+00:00,spot_1,Spot 1,Occupied,2026-06-27T22:37:22.784971+00:00,2184,car,0.41820329427719116,119,566.770263671875,310.859375,615.24951171875,373.88134765625
2026-06-27T22:39:22.334028+00:00,spot_2,Spot 2,Occupied,2026-06-27T22:33:21.759008+00:00,2178,car,0.5494290590286255,660,502.327392578125,319.7884521484375,545.5225830078125,364.1070556640625
2026-06-27T22:39:22.334028+00:00,spot_3,Spot 3,Occupied,2026-06-27T22:24:23.172411+00:00,1857,car,0.8239110708236694,22606,448.0614013671875,322.4261779785156,488.9901123046875,361.4876403808594
2026-06-27T22:39:22.334028+00:00,spot_4,Spot 4,Occupied,2026-06-27T22:25:23.049159+00:00,2060,truck,0.8203123211860657,11161,364.35662841796875,294.82745361328125,447.27630615234375,367.59332275390625
2026-06-27T22:39:22.334028+00:00,spot_5,Spot 5,Empty,2026-06-27T22:22:22.033124+00:00,,,,,,,,
2026-06-27T22:39:22.334028+00:00,spot_6,Spot 6,Occupied,2026-06-27T20:54:22.350568+00:00,2102,car,0.8616328835487366,7378,286.952880859375,321.23443603515625,349.864990234375,356.26983642578125
2026-06-27T22:39:22.334028+00:00,spot_7,Spot 7,Empty,2026-06-27T22:23:21.665142+00:00,,,,,,,,
2026-06-27T22:39:22.334028+00:00,spot_8,Spot 8,Occupied,2026-06-27T22:38:21.922410+00:00,2182,truck,0.40870237350463867,419,215.21633911132812,313.14508056640625,262.3490905761719,352.13507080078125
2026-06-27T22:39:22.334028+00:00,spot_9,Spot 9,Occupied,2026-06-27T22:32:23.586453+00:00,2153,car,0.7377840876579285,2520,173.64669799804688,322.85174560546875,218.10507202148438,347.96307373046875
2026-06-27T22:39:22.334028+00:00,spot_10,Spot 10,Occupied,2026-06-27T22:06:21.822708+00:00,1965,car,0.8254812955856323,17582,153.0940399169922,317.5003662109375,193.2704315185547,343.3214111328125
2026-06-27T22:39:22.334028+00:00,spot_11,Spot 11,Occupied,2026-06-27T22:22:22.033124+00:00,1830,car,0.6515434980392456,23677,119.45052337646484,312.78509521484375,167.52139282226562,341.45697021484375
2026-06-27T22:39:22.334028+00:00,spot_12,Spot 12,Occupied,2026-06-27T22:36:21.816789+00:00,2125,car,0.8025194406509399,4078,80.69180297851562,310.8849792480469,135.47349548339844,333.2456970214844
2026-06-27T22:39:22.334028+00:00,spot_13,Spot 13,Empty,2026-06-27T22:36:21.816789+00:00,,,,,,,,
2026-06-27T22:39:22.334028+00:00,spot_14,Spot 14,Empty,2026-06-27T22:37:22.784971+00:00,,,,,,,,
2026-06-27T22:39:22.334028+00:00,spot_15,Spot 15,Empty,2026-06-27T21:44:22.059058+00:00,,,,,,,,
2026-06-27T22:39:22.334028+00:00,spot_16,Spot 16,Occupied,2026-06-27T22:38:21.922410+00:00,2136,car,0.6446874737739563,3179,31.122886657714844,307.783935546875,65.6832504272461,327.150390625
2026-06-27T22:39:22.334028+00:00,spot_17,Spot 17,Occupied,2026-06-27T22:38:21.922410+00:00,2175,car,0.3897120952606201,709,19.743228912353516,307.90313720703125,36.77539825439453,325.13153076171875
2026-06-27T22:40:22.423919+00:00,spot_1,Spot 1,Occupied,2026-06-27T22:37:22.784971+00:00,2184,car,0.47346892952919006,179,566.94140625,309.6830749511719,615.457763671875,374.2717590332031
2026-06-27T22:40:22.423919+00:00,spot_2,Spot 2,Occupied,2026-06-27T22:33:21.759008+00:00,2178,car,0.6767600774765015,720,502.13555908203125,321.62615966796875,543.5320434570312,364.32305908203125
2026-06-27T22:40:22.423919+00:00,spot_3,Spot 3,Occupied,2026-06-27T22:24:23.172411+00:00,1857,car,0.6995705366134644,22665,450.3682861328125,331.6693115234375,489.5289306640625,361.98193359375
2026-06-27T22:40:22.423919+00:00,spot_4,Spot 4,Occupied,2026-06-27T22:25:23.049159+00:00,2060,truck,0.8446629643440247,11220,364.88177490234375,294.1354675292969,446.55963134765625,367.0982971191406
2026-06-27T22:40:22.423919+00:00,spot_5,Spot 5,Empty,2026-06-27T22:22:22.033124+00:00,,,,,,,,
2026-06-27T22:40:22.423919+00:00,spot_6,Spot 6,Occupied,2026-06-27T20:54:22.350568+00:00,2102,car,0.8579940795898438,7438,286.53912353515625,320.8179626464844,349.8255615234375,356.7721252441406
2026-06-27T22:40:22.423919+00:00,spot_7,Spot 7,Empty,2026-06-27T22:23:21.665142+00:00,,,,,,,,
2026-06-27T22:40:22.423919+00:00,spot_8,Spot 8,Occupied,2026-06-27T22:38:21.922410+00:00,2182,truck,0.46290123462677,478,194.77987670898438,314.994140625,271.42181396484375,353.002197265625
2026-06-27T22:40:22.423919+00:00,spot_9,Spot 9,Occupied,2026-06-27T22:32:23.586453+00:00,2153,car,0.6856465339660645,2580,173.63290405273438,320.08837890625,214.50381469726562,346.958984375
2026-06-27T22:40:22.423919+00:00,spot_10,Spot 10,Occupied,2026-06-27T22:06:21.822708+00:00,1965,car,0.6988062262535095,17641,152.26885986328125,317.461181640625,198.7874755859375,343.1749267578125
2026-06-27T22:40:22.423919+00:00,spot_11,Spot 11,Occupied,2026-06-27T22:22:22.033124+00:00,1830,car,0.5354155898094177,23736,120.36338806152344,313.67718505859375,166.14308166503906,342.09637451171875
2026-06-27T22:40:22.423919+00:00,spot_12,Spot 12,Occupied,2026-06-27T22:40:22.423919+00:00,2185,truck,0.45980092883110046,0,85.96328735351562,311.0140380859375,135.28741455078125,333.2373046875
2026-06-27T22:40:22.423919+00:00,spot_13,Spot 13,Empty,2026-06-27T22:36:21.816789+00:00,,,,,,,,
2026-06-27T22:40:22.423919+00:00,spot_14,Spot 14,Occupied,2026-06-27T22:40:22.423919+00:00,2186,car,0.3822650611400604,0,64.38227844238281,309.82720947265625,96.00108337402344,330.84942626953125
2026-06-27T22:40:22.423919+00:00,spot_15,Spot 15,Empty,2026-06-27T21:44:22.059058+00:00,,,,,,,,
2026-06-27T22:40:22.423919+00:00,spot_16,Spot 16,Occupied,2026-06-27T22:38:21.922410+00:00,2136,car,0.5904035568237305,3238,31.795272827148438,308.06121826171875,66.92594146728516,327.32733154296875
2026-06-27T22:40:22.423919+00:00,spot_17,Spot 17,Occupied,2026-06-27T22:38:21.922410+00:00,2175,car,0.38832035660743713,768,19.490554809570312,307.77935791015625,41.91270065307617,325.40606689453125
2026-06-27T22:41:32.126257+00:00,spot_1,Spot 1,Occupied,2026-06-27T22:41:32.126257+00:00,2161,truck,0.5513253211975098,1752,566.2081909179688,310.6815490722656,615.6098022460938,372.8753356933594
2026-06-27T22:41:32.126257+00:00,spot_2,Spot 2,Occupied,2026-06-27T22:33:21.759008+00:00,2178,car,0.6145187020301819,792,502.503662109375,320.71856689453125,545.2392578125,362.56927490234375
2026-06-27T22:41:32.126257+00:00,spot_3,Spot 3,Occupied,2026-06-27T22:24:23.172411+00:00,1857,car,0.7115488052368164,22737,448.48284912109375,329.6334228515625,490.66107177734375,361.667236328125
2026-06-27T22:41:32.126257+00:00,spot_4,Spot 4,Occupied,2026-06-27T22:25:23.049159+00:00,2060,truck,0.7752671837806702,11293,365.2969970703125,295.4171142578125,447.038818359375,370.38507080078125
2026-06-27T22:41:32.126257+00:00,spot_5,Spot 5,Empty,2026-06-27T22:22:22.033124+00:00,,,,,,,,
2026-06-27T22:41:32.126257+00:00,spot_6,Spot 6,Occupied,2026-06-27T20:54:22.350568+00:00,2102,car,0.841303288936615,7510,286.41912841796875,320.44482421875,349.5762939453125,356.81036376953125
2026-06-27T22:41:32.126257+00:00,spot_7,Spot 7,Occupied,2026-06-27T22:41:32.126257+00:00,2187,car,0.43587175011634827,0,247.17942810058594,316.7493896484375,300.570556640625,352.93609619140625
2026-06-27T22:41:32.126257+00:00,spot_8,Spot 8,Occupied,2026-06-27T22:38:21.922410+00:00,2182,truck,0.3882867991924286,550,196.55001831054688,315.96929931640625,252.74612426757812,352.6126708984375
2026-06-27T22:41:32.126257+00:00,spot_9,Spot 9,Empty,2026-06-27T22:41:32.126257+00:00,,,,,,,,
2026-06-27T22:41:32.126257+00:00,spot_10,Spot 10,Occupied,2026-06-27T22:06:21.822708+00:00,1965,car,0.4817821681499481,17713,155.661865234375,318.035888671875,193.23471069335938,342.9134521484375
2026-06-27T22:41:32.126257+00:00,spot_11,Spot 11,Occupied,2026-06-27T22:22:22.033124+00:00,1830,car,0.5724154114723206,23808,119.75702667236328,312.9582824707031,167.49298095703125,341.3374938964844
2026-06-27T22:41:32.126257+00:00,spot_12,Spot 12,Occupied,2026-06-27T22:41:32.126257+00:00,2125,car,0.6946108341217041,4209,79.53289794921875,310.66705322265625,135.00051879882812,333.43316650390625
2026-06-27T22:41:32.126257+00:00,spot_13,Spot 13,Empty,2026-06-27T22:36:21.816789+00:00,,,,,,,,
2026-06-27T22:41:32.126257+00:00,spot_14,Spot 14,Empty,2026-06-27T22:41:32.126257+00:00,,,,,,,,
2026-06-27T22:41:32.126257+00:00,spot_15,Spot 15,Empty,2026-06-27T21:44:22.059058+00:00,,,,,,,,
2026-06-27T22:41:32.126257+00:00,spot_16,Spot 16,Occupied,2026-06-27T22:38:21.922410+00:00,2136,car,0.39502179622650146,3311,33.84819030761719,307.6627502441406,64.5531005859375,327.0295104980469
2026-06-27T22:41:32.126257+00:00,spot_17,Spot 17,Empty,2026-06-27T22:41:32.126257+00:00,,,,,,,,
2026-06-27T22:42:22.611710+00:00,spot_1,Spot 1,Occupied,2026-06-27T22:41:32.126257+00:00,2161,truck,0.5513253211975098,1801,566.2081909179688,310.6815490722656,615.6098022460938,372.8753356933594
2026-06-27T22:42:22.611710+00:00,spot_2,Spot 2,Occupied,2026-06-27T22:33:21.759008+00:00,2178,car,0.6145187020301819,840,502.503662109375,320.71856689453125,545.2392578125,362.56927490234375
2026-06-27T22:42:22.611710+00:00,spot_3,Spot 3,Occupied,2026-06-27T22:24:23.172411+00:00,1857,car,0.7115488052368164,22786,448.48284912109375,329.6334228515625,490.66107177734375,361.667236328125
2026-06-27T22:42:22.611710+00:00,spot_4,Spot 4,Occupied,2026-06-27T22:25:23.049159+00:00,2060,truck,0.7752671837806702,11341,365.2969970703125,295.4171142578125,447.038818359375,370.38507080078125
2026-06-27T22:42:22.611710+00:00,spot_5,Spot 5,Empty,2026-06-27T22:22:22.033124+00:00,,,,,,,,
2026-06-27T22:42:22.611710+00:00,spot_6,Spot 6,Occupied,2026-06-27T20:54:22.350568+00:00,2102,car,0.841303288936615,7558,286.41912841796875,320.44482421875,349.5762939453125,356.81036376953125
2026-06-27T22:42:22.611710+00:00,spot_7,Spot 7,Occupied,2026-06-27T22:41:32.126257+00:00,2187,car,0.43587175011634827,48,247.17942810058594,316.7493896484375,300.570556640625,352.93609619140625
2026-06-27T22:42:22.611710+00:00,spot_8,Spot 8,Occupied,2026-06-27T22:38:21.922410+00:00,2182,truck,0.3882867991924286,599,196.55001831054688,315.96929931640625,252.74612426757812,352.6126708984375
2026-06-27T22:42:22.611710+00:00,spot_9,Spot 9,Empty,2026-06-27T22:41:32.126257+00:00,,,,,,,,
2026-06-27T22:42:22.611710+00:00,spot_10,Spot 10,Occupied,2026-06-27T22:06:21.822708+00:00,1965,car,0.4817821681499481,17762,155.661865234375,318.035888671875,193.23471069335938,342.9134521484375
2026-06-27T22:42:22.611710+00:00,spot_11,Spot 11,Occupied,2026-06-27T22:22:22.033124+00:00,1830,car,0.5724154114723206,23857,119.75702667236328,312.9582824707031,167.49298095703125,341.3374938964844
2026-06-27T22:42:22.611710+00:00,spot_12,Spot 12,Occupied,2026-06-27T22:41:32.126257+00:00,2125,car,0.6946108341217041,4258,79.53289794921875,310.66705322265625,135.00051879882812,333.43316650390625
2026-06-27T22:42:22.611710+00:00,spot_13,Spot 13,Empty,2026-06-27T22:36:21.816789+00:00,,,,,,,,
2026-06-27T22:42:22.611710+00:00,spot_14,Spot 14,Empty,2026-06-27T22:41:32.126257+00:00,,,,,,,,
2026-06-27T22:42:22.611710+00:00,spot_15,Spot 15,Empty,2026-06-27T21:44:22.059058+00:00,,,,,,,,
2026-06-27T22:42:22.611710+00:00,spot_16,Spot 16,Occupied,2026-06-27T22:38:21.922410+00:00,2136,car,0.39502179622650146,3359,33.84819030761719,307.6627502441406,64.5531005859375,327.0295104980469
2026-06-27T22:42:22.611710+00:00,spot_17,Spot 17,Empty,2026-06-27T22:41:32.126257+00:00,,,,,,,,
2026-06-27T22:43:22.098243+00:00,spot_1,Spot 1,Occupied,2026-06-27T22:41:32.126257+00:00,2161,truck,0.5262132287025452,1861,567.24169921875,308.00933837890625,615.158447265625,374.80450439453125
2026-06-27T22:43:22.098243+00:00,spot_2,Spot 2,Occupied,2026-06-27T22:43:22.098243+00:00,2188,truck,0.7054171562194824,0,502.1778564453125,319.9687194824219,547.8448486328125,364.7851867675781
2026-06-27T22:43:22.098243+00:00,spot_3,Spot 3,Occupied,2026-06-27T22:24:23.172411+00:00,1857,car,0.814054548740387,22846,449.88409423828125,321.97021484375,496.39886474609375,362.1409912109375
2026-06-27T22:43:22.098243+00:00,spot_4,Spot 4,Occupied,2026-06-27T22:25:23.049159+00:00,2060,truck,0.6570701003074646,11401,365.2989807128906,292.3003234863281,446.4750671386719,368.5131530761719
2026-06-27T22:43:22.098243+00:00,spot_5,Spot 5,Empty,2026-06-27T22:22:22.033124+00:00,,,,,,,,
2026-06-27T22:43:22.098243+00:00,spot_6,Spot 6,Occupied,2026-06-27T20:54:22.350568+00:00,2102,car,0.8390425443649292,7618,286.7389831542969,321.27081298828125,347.1722106933594,356.67108154296875
2026-06-27T22:43:22.098243+00:00,spot_7,Spot 7,Occupied,2026-06-27T22:41:32.126257+00:00,2187,car,0.3702894449234009,108,247.27297973632812,310.4458312988281,299.3706970214844,352.7898864746094
2026-06-27T22:43:22.098243+00:00,spot_8,Spot 8,Occupied,2026-06-27T22:38:21.922410+00:00,2182,truck,0.7173109650611877,659,196.11293029785156,315.10174560546875,254.76026916503906,352.5281982421875
2026-06-27T22:43:22.098243+00:00,spot_9,Spot 9,Occupied,2026-06-27T22:43:22.098243+00:00,2189,car,0.624435544013977,0,172.9580078125,319.591064453125,208.10177612304688,347.1165771484375
2026-06-27T22:43:22.098243+00:00,spot_10,Spot 10,Occupied,2026-06-27T22:06:21.822708+00:00,1965,car,0.6496652364730835,17822,152.44204711914062,317.5190124511719,192.58364868164062,343.3640441894531
2026-06-27T22:43:22.098243+00:00,spot_11,Spot 11,Occupied,2026-06-27T22:22:22.033124+00:00,1830,car,0.5695741772651672,23917,121.57783508300781,313.198974609375,167.31556701660156,341.4996337890625
2026-06-27T22:43:22.098243+00:00,spot_12,Spot 12,Occupied,2026-06-27T22:41:32.126257+00:00,2125,car,0.6921104192733765,4318,86.27082824707031,310.77459716796875,135.42800903320312,333.54656982421875
2026-06-27T22:43:22.098243+00:00,spot_13,Spot 13,Empty,2026-06-27T22:36:21.816789+00:00,,,,,,,,
2026-06-27T22:43:22.098243+00:00,spot_14,Spot 14,Occupied,2026-06-27T22:43:22.098243+00:00,2191,car,0.44782865047454834,0,63.59897232055664,310.0335998535156,90.28121948242188,331.2882995605469
2026-06-27T22:43:22.098243+00:00,spot_15,Spot 15,Empty,2026-06-27T21:44:22.059058+00:00,,,,,,,,
2026-06-27T22:43:22.098243+00:00,spot_16,Spot 16,Occupied,2026-06-27T22:38:21.922410+00:00,2136,car,0.5560472011566162,3419,30.78033447265625,307.41864013671875,66.43949127197266,327.39080810546875
2026-06-27T22:43:22.098243+00:00,spot_17,Spot 17,Occupied,2026-06-27T22:43:22.098243+00:00,2190,car,0.5086997151374817,0,15.716178894042969,308.4629211425781,41.47225570678711,325.6368103027344
2026-06-27T22:44:20.654590+00:00,spot_1,Spot 1,Occupied,2026-06-27T22:41:32.126257+00:00,2161,truck,0.49674516916275024,1919,566.4002075195312,310.5496520996094,615.3881225585938,373.8664245605469
2026-06-27T22:44:20.654590+00:00,spot_2,Spot 2,Occupied,2026-06-27T22:44:20.654590+00:00,2178,car,0.6192383766174316,958,501.7836608886719,320.8927001953125,544.63037109375,363.1673583984375
2026-06-27T22:44:20.654590+00:00,spot_3,Spot 3,Occupied,2026-06-27T22:24:23.172411+00:00,1857,car,0.47235026955604553,22904,449.8673095703125,321.57818603515625,495.9263916015625,361.09954833984375
2026-06-27T22:44:20.654590+00:00,spot_4,Spot 4,Occupied,2026-06-27T22:25:23.049159+00:00,2060,truck,0.6632764935493469,11459,365.62353515625,294.9637145996094,445.961181640625,366.7490539550781
2026-06-27T22:44:20.654590+00:00,spot_5,Spot 5,Empty,2026-06-27T22:22:22.033124+00:00,,,,,,,,
2026-06-27T22:44:20.654590+00:00,spot_6,Spot 6,Occupied,2026-06-27T20:54:22.350568+00:00,2102,car,0.7882748246192932,7676,286.1533508300781,322.6094055175781,343.9103088378906,356.7090759277344
2026-06-27T22:44:20.654590+00:00,spot_7,Spot 7,Occupied,2026-06-27T22:44:20.654590+00:00,2192,truck,0.43186166882514954,57,247.29925537109375,310.23284912109375,303.75341796875,352.69476318359375
2026-06-27T22:44:20.654590+00:00,spot_8,Spot 8,Occupied,2026-06-27T22:44:20.654590+00:00,2180,car,0.37372535467147827,778,199.99429321289062,315.3123779296875,255.63296508789062,351.963623046875
2026-06-27T22:44:20.654590+00:00,spot_9,Spot 9,Occupied,2026-06-27T22:43:22.098243+00:00,2189,car,0.6946590542793274,57,173.37249755859375,319.57525634765625,216.89788818359375,347.25726318359375
2026-06-27T22:44:20.654590+00:00,spot_10,Spot 10,Occupied,2026-06-27T22:06:21.822708+00:00,1965,car,0.7627934813499451,17880,152.90890502929688,317.8774108886719,197.42807006835938,343.5539245605469
2026-06-27T22:44:20.654590+00:00,spot_11,Spot 11,Occupied,2026-06-27T22:22:22.033124+00:00,1830,car,0.6736518740653992,23975,120.14772033691406,313.0135498046875,166.48353576660156,341.7044677734375
2026-06-27T22:44:20.654590+00:00,spot_12,Spot 12,Occupied,2026-06-27T22:41:32.126257+00:00,2125,car,0.743036687374115,4376,86.42718505859375,311.09686279296875,133.79440307617188,333.84906005859375
2026-06-27T22:44:20.654590+00:00,spot_13,Spot 13,Empty,2026-06-27T22:36:21.816789+00:00,,,,,,,,
2026-06-27T22:44:20.654590+00:00,spot_14,Spot 14,Occupied,2026-06-27T22:43:22.098243+00:00,2191,car,0.6375148892402649,57,65.3754653930664,310.89398193359375,96.84789276123047,331.25274658203125
2026-06-27T22:44:20.654590+00:00,spot_15,Spot 15,Empty,2026-06-27T21:44:22.059058+00:00,,,,,,,,
2026-06-27T22:44:20.654590+00:00,spot_16,Spot 16,Occupied,2026-06-27T22:38:21.922410+00:00,2136,car,0.6084952354431152,3477,26.27428436279297,307.7784729003906,66.80680084228516,327.3890686035156
2026-06-27T22:44:20.654590+00:00,spot_17,Spot 17,Occupied,2026-06-27T22:43:22.098243+00:00,2190,car,0.43663540482521057,57,15.413200378417969,308.1295166015625,41.094940185546875,325.8238525390625
2026-06-27T22:45:22.600760+00:00,spot_1,Spot 1,Occupied,2026-06-27T22:41:32.126257+00:00,2161,truck,0.7169389128684998,1981,564.2160034179688,309.383544921875,615.7431030273438,373.7655029296875
2026-06-27T22:45:22.600760+00:00,spot_2,Spot 2,Occupied,2026-06-27T22:45:22.600760+00:00,2188,truck,0.4406869411468506,119,502.13739013671875,319.69287109375,547.4550170898438,362.79248046875
2026-06-27T22:45:22.600760+00:00,spot_3,Spot 3,Empty,2026-06-27T22:45:22.600760+00:00,,,,,,,,
2026-06-27T22:45:22.600760+00:00,spot_4,Spot 4,Occupied,2026-06-27T22:25:23.049159+00:00,2060,truck,0.6725466251373291,11521,366.6989440917969,292.7252197265625,446.4617614746094,366.74603271484375
2026-06-27T22:45:22.600760+00:00,spot_5,Spot 5,Empty,2026-06-27T22:22:22.033124+00:00,,,,,,,,
2026-06-27T22:45:22.600760+00:00,spot_6,Spot 6,Occupied,2026-06-27T20:54:22.350568+00:00,2102,car,0.8152493238449097,7738,285.86505126953125,321.47210693359375,339.91265869140625,356.5386962890625
2026-06-27T22:45:22.600760+00:00,spot_7,Spot 7,Occupied,2026-06-27T22:45:22.600760+00:00,2187,car,0.6205677390098572,228,247.13978576660156,316.833984375,301.292236328125,352.362548828125
2026-06-27T22:45:22.600760+00:00,spot_8,Spot 8,Occupied,2026-06-27T22:45:22.600760+00:00,2182,truck,0.6234603524208069,779,197.33718872070312,315.30633544921875,256.5914611816406,351.99139404296875
2026-06-27T22:45:22.600760+00:00,spot_9,Spot 9,Occupied,2026-06-27T22:43:22.098243+00:00,2189,car,0.7485442161560059,119,173.3447265625,321.5802917480469,215.20074462890625,347.1140441894531
2026-06-27T22:45:22.600760+00:00,spot_10,Spot 10,Occupied,2026-06-27T22:06:21.822708+00:00,1965,car,0.7792822122573853,17942,152.33029174804688,317.256591796875,193.21951293945312,342.9398193359375
2026-06-27T22:45:22.600760+00:00,spot_11,Spot 11,Occupied,2026-06-27T22:22:22.033124+00:00,1830,car,0.4272781312465668,24037,126.64762115478516,313.6297302246094,166.15634155273438,341.5165710449219
2026-06-27T22:45:22.600760+00:00,spot_12,Spot 12,Occupied,2026-06-27T22:41:32.126257+00:00,2125,car,0.6153841018676758,4438,85.41439819335938,310.90771484375,130.76812744140625,333.8114013671875
2026-06-27T22:45:22.600760+00:00,spot_13,Spot 13,Empty,2026-06-27T22:36:21.816789+00:00,,,,,,,,
2026-06-27T22:45:22.600760+00:00,spot_14,Spot 14,Occupied,2026-06-27T22:43:22.098243+00:00,2191,car,0.4645606577396393,119,64.30995178222656,310.4869384765625,96.11833190917969,331.4752197265625
2026-06-27T22:45:22.600760+00:00,spot_15,Spot 15,Empty,2026-06-27T21:44:22.059058+00:00,,,,,,,,
2026-06-27T22:45:22.600760+00:00,spot_16,Spot 16,Occupied,2026-06-27T22:38:21.922410+00:00,2136,car,0.6825286746025085,3539,30.01251220703125,307.45477294921875,65.7936782836914,327.4495849609375
2026-06-27T22:45:22.600760+00:00,spot_17,Spot 17,Occupied,2026-06-27T22:43:22.098243+00:00,2190,car,0.44791072607040405,119,16.188236236572266,308.2156066894531,39.787933349609375,325.4286193847656
2026-06-27T22:46:20.813772+00:00,spot_1,Spot 1,Occupied,2026-06-27T22:41:32.126257+00:00,2161,truck,0.4281766712665558,2039,566.5601196289062,304.53253173828125,615.4185180664062,373.91082763671875
2026-06-27T22:46:20.813772+00:00,spot_2,Spot 2,Occupied,2026-06-27T22:45:22.600760+00:00,2188,truck,0.586156964302063,177,496.7740783691406,319.7803955078125,544.8719482421875,363.03369140625
2026-06-27T22:46:20.813772+00:00,spot_3,Spot 3,Empty,2026-06-27T22:45:22.600760+00:00,,,,,,,,
2026-06-27T22:46:20.813772+00:00,spot_4,Spot 4,Empty,2026-06-27T22:46:20.813772+00:00,,,,,,,,
2026-06-27T22:46:20.813772+00:00,spot_5,Spot 5,Empty,2026-06-27T22:22:22.033124+00:00,,,,,,,,
2026-06-27T22:46:20.813772+00:00,spot_6,Spot 6,Occupied,2026-06-27T20:54:22.350568+00:00,2102,car,0.8378691077232361,7796,285.47796630859375,320.98663330078125,346.65045166015625,355.94708251953125
2026-06-27T22:46:20.813772+00:00,spot_7,Spot 7,Occupied,2026-06-27T22:45:22.600760+00:00,2187,car,0.4137880206108093,286,247.22344970703125,317.26483154296875,299.60760498046875,352.21392822265625
2026-06-27T22:46:20.813772+00:00,spot_8,Spot 8,Occupied,2026-06-27T22:45:22.600760+00:00,2182,truck,0.5274750590324402,837,196.53350830078125,315.69854736328125,255.963134765625,352.16864013671875
2026-06-27T22:46:20.813772+00:00,spot_9,Spot 9,Occupied,2026-06-27T22:43:22.098243+00:00,2189,car,0.5347316265106201,177,172.95010375976562,323.0397644042969,201.75668334960938,346.1202087402344
2026-06-27T22:46:20.813772+00:00,spot_10,Spot 10,Occupied,2026-06-27T22:06:21.822708+00:00,1965,car,0.7026432752609253,18000,153.2777557373047,317.286376953125,193.5712432861328,343.01287841796875
2026-06-27T22:46:20.813772+00:00,spot_11,Spot 11,Occupied,2026-06-27T22:22:22.033124+00:00,1830,car,0.5349506139755249,24094,119.98477172851562,313.29534912109375,166.90261840820312,341.86529541015625
2026-06-27T22:46:20.813772+00:00,spot_12,Spot 12,Occupied,2026-06-27T22:41:32.126257+00:00,2125,car,0.5030848383903503,4496,85.92404174804688,311.00244140625,134.40573120117188,333.71630859375
2026-06-27T22:46:20.813772+00:00,spot_13,Spot 13,Empty,2026-06-27T22:36:21.816789+00:00,,,,,,,,
2026-06-27T22:46:20.813772+00:00,spot_14,Spot 14,Occupied,2026-06-27T22:43:22.098243+00:00,2191,car,0.41069164872169495,177,63.295005798339844,310.3760070800781,95.6610336303711,330.8393859863281
2026-06-27T22:46:20.813772+00:00,spot_15,Spot 15,Empty,2026-06-27T21:44:22.059058+00:00,,,,,,,,
2026-06-27T22:46:20.813772+00:00,spot_16,Spot 16,Occupied,2026-06-27T22:38:21.922410+00:00,2136,car,0.5492088198661804,3597,32.78495788574219,308.11688232421875,65.24615478515625,327.48040771484375
2026-06-27T22:46:20.813772+00:00,spot_17,Spot 17,Occupied,2026-06-27T22:43:22.098243+00:00,2190,car,0.4931943118572235,177,16.41590118408203,308.286865234375,36.19114685058594,325.6478271484375
2026-06-27T22:47:22.626793+00:00,spot_1,Spot 1,Occupied,2026-06-27T22:41:32.126257+00:00,2161,truck,0.37538039684295654,2100,567.0999755859375,310.57281494140625,614.6087646484375,374.4462890625
2026-06-27T22:47:22.626793+00:00,spot_2,Spot 2,Occupied,2026-06-27T22:47:22.626793+00:00,2193,car,0.799811601638794,0,501.80914306640625,319.87957763671875,546.6060180664062,363.44989013671875
2026-06-27T22:47:22.626793+00:00,spot_3,Spot 3,Empty,2026-06-27T22:45:22.600760+00:00,,,,,,,,
2026-06-27T22:47:22.626793+00:00,spot_4,Spot 4,Empty,2026-06-27T22:46:20.813772+00:00,,,,,,,,
2026-06-27T22:47:22.626793+00:00,spot_5,Spot 5,Empty,2026-06-27T22:22:22.033124+00:00,,,,,,,,
2026-06-27T22:47:22.626793+00:00,spot_6,Spot 6,Occupied,2026-06-27T20:54:22.350568+00:00,2102,car,0.8012198805809021,7858,286.58843994140625,322.02130126953125,347.0123291015625,356.31829833984375
2026-06-27T22:47:22.626793+00:00,spot_7,Spot 7,Occupied,2026-06-27T22:47:22.626793+00:00,2196,truck,0.360441118478775,0,247.10653686523438,310.9093017578125,299.6065979003906,352.3148193359375
2026-06-27T22:47:22.626793+00:00,spot_8,Spot 8,Occupied,2026-06-27T22:45:22.600760+00:00,2182,truck,0.6560395956039429,898,196.111572265625,315.7810974121094,256.04705810546875,352.2954406738281
2026-06-27T22:47:22.626793+00:00,spot_9,Spot 9,Occupied,2026-06-27T22:43:22.098243+00:00,2189,car,0.5302671790122986,239,173.9366455078125,321.75164794921875,212.7369384765625,346.88287353515625
2026-06-27T22:47:22.626793+00:00,spot_10,Spot 10,Occupied,2026-06-27T22:06:21.822708+00:00,1965,car,0.5193387269973755,18061,153.1705322265625,317.8276062011719,192.95001220703125,343.3108215332031
2026-06-27T22:47:22.626793+00:00,spot_11,Spot 11,Occupied,2026-06-27T22:22:22.033124+00:00,1830,car,0.4048835337162018,24156,121.55606079101562,313.39813232421875,165.960205078125,341.73419189453125
2026-06-27T22:47:22.626793+00:00,spot_12,Spot 12,Occupied,2026-06-27T22:41:32.126257+00:00,2125,car,0.7210336327552795,4557,86.33644104003906,311.020751953125,134.63290405273438,333.622314453125
2026-06-27T22:47:22.626793+00:00,spot_13,Spot 13,Empty,2026-06-27T22:36:21.816789+00:00,,,,,,,,
2026-06-27T22:47:22.626793+00:00,spot_14,Spot 14,Occupied,2026-06-27T22:43:22.098243+00:00,2191,car,0.3654155433177948,239,69.6534423828125,311.7002258300781,96.96783447265625,331.5832214355469
2026-06-27T22:47:22.626793+00:00,spot_15,Spot 15,Empty,2026-06-27T21:44:22.059058+00:00,,,,,,,,
2026-06-27T22:47:22.626793+00:00,spot_16,Spot 16,Occupied,2026-06-27T22:38:21.922410+00:00,2136,car,0.5797350406646729,3658,31.008544921875,308.25677490234375,65.12044525146484,327.6026611328125
2026-06-27T22:47:22.626793+00:00,spot_17,Spot 17,Occupied,2026-06-27T22:43:22.098243+00:00,2190,car,0.6125364899635315,239,17.093910217285156,308.1129150390625,42.072174072265625,325.7049560546875
2026-06-27T22:48:21.737509+00:00,spot_1,Spot 1,Occupied,2026-06-27T22:41:32.126257+00:00,2161,truck,0.6634334921836853,2159,565.9091186523438,308.1612548828125,615.4963989257812,374.29052734375
2026-06-27T22:48:21.737509+00:00,spot_2,Spot 2,Occupied,2026-06-27T22:47:22.626793+00:00,2193,car,0.6496420502662659,59,501.8388977050781,319.66705322265625,546.90087890625,363.61614990234375
2026-06-27T22:48:21.737509+00:00,spot_3,Spot 3,Empty,2026-06-27T22:45:22.600760+00:00,,,,,,,,
2026-06-27T22:48:21.737509+00:00,spot_4,Spot 4,Occupied,2026-06-27T22:48:21.737509+00:00,2197,truck,0.6725944876670837,0,365.9296569824219,263.11981201171875,448.0788269042969,367.53472900390625
2026-06-27T22:48:21.737509+00:00,spot_5,Spot 5,Empty,2026-06-27T22:22:22.033124+00:00,,,,,,,,
2026-06-27T22:48:21.737509+00:00,spot_6,Spot 6,Occupied,2026-06-27T20:54:22.350568+00:00,2102,car,0.848298966884613,7917,285.76251220703125,321.34991455078125,346.33502197265625,356.21954345703125
2026-06-27T22:48:21.737509+00:00,spot_7,Spot 7,Occupied,2026-06-27T22:48:21.737509+00:00,2187,car,0.6528794765472412,407,247.42965698242188,317.56353759765625,297.6593322753906,352.19476318359375
2026-06-27T22:48:21.737509+00:00,spot_8,Spot 8,Occupied,2026-06-27T22:48:21.737509+00:00,2198,car,0.41617414355278015,0,197.40933227539062,315.8961181640625,256.4090881347656,351.941162109375
2026-06-27T22:48:21.737509+00:00,spot_9,Spot 9,Occupied,2026-06-27T22:43:22.098243+00:00,2189,car,0.5855284333229065,298,172.29937744140625,321.005615234375,211.180419921875,347.2598876953125
2026-06-27T22:48:21.737509+00:00,spot_10,Spot 10,Empty,2026-06-27T22:48:21.737509+00:00,,,,,,,,
2026-06-27T22:48:21.737509+00:00,spot_11,Spot 11,Occupied,2026-06-27T22:22:22.033124+00:00,1830,car,0.621852695941925,24215,118.62571716308594,313.43560791015625,167.5592803955078,341.63201904296875
2026-06-27T22:48:21.737509+00:00,spot_12,Spot 12,Occupied,2026-06-27T22:41:32.126257+00:00,2125,car,0.7907074093818665,4616,86.62429809570312,310.9820556640625,135.37437438964844,333.62371826171875
2026-06-27T22:48:21.737509+00:00,spot_13,Spot 13,Empty,2026-06-27T22:36:21.816789+00:00,,,,,,,,
2026-06-27T22:48:21.737509+00:00,spot_14,Spot 14,Empty,2026-06-27T22:48:21.737509+00:00,,,,,,,,
2026-06-27T22:48:21.737509+00:00,spot_15,Spot 15,Empty,2026-06-27T21:44:22.059058+00:00,,,,,,,,
2026-06-27T22:48:21.737509+00:00,spot_16,Spot 16,Occupied,2026-06-27T22:38:21.922410+00:00,2136,car,0.6646214723587036,3718,31.02790069580078,308.31256103515625,67.01307678222656,327.50909423828125
2026-06-27T22:48:21.737509+00:00,spot_17,Spot 17,Occupied,2026-06-27T22:43:22.098243+00:00,2190,car,0.6481032371520996,298,16.792015075683594,308.0723876953125,40.9317626953125,325.5067138671875
2026-06-27T22:49:23.014079+00:00,spot_1,Spot 1,Occupied,2026-06-27T22:41:32.126257+00:00,2161,truck,0.7016972899436951,2221,566.1234741210938,310.7349853515625,615.7730102539062,374.0948486328125
2026-06-27T22:49:23.014079+00:00,spot_2,Spot 2,Occupied,2026-06-27T22:47:22.626793+00:00,2193,car,0.8694034814834595,120,501.8938293457031,320.12945556640625,548.711669921875,364.31884765625
2026-06-27T22:49:23.014079+00:00,spot_3,Spot 3,Empty,2026-06-27T22:45:22.600760+00:00,,,,,,,,
2026-06-27T22:49:23.014079+00:00,spot_4,Spot 4,Occupied,2026-06-27T22:48:21.737509+00:00,2197,truck,0.6635181903839111,61,365.4993896484375,294.2484130859375,446.0753173828125,366.6102294921875
2026-06-27T22:49:23.014079+00:00,spot_5,Spot 5,Empty,2026-06-27T22:22:22.033124+00:00,,,,,,,,
2026-06-27T22:49:23.014079+00:00,spot_6,Spot 6,Occupied,2026-06-27T20:54:22.350568+00:00,2102,car,0.8697819709777832,7978,286.30419921875,321.426513671875,349.2362060546875,356.420654296875
2026-06-27T22:49:23.014079+00:00,spot_7,Spot 7,Occupied,2026-06-27T22:48:21.737509+00:00,2187,car,0.5799148678779602,468,246.964599609375,316.9941711425781,300.5025634765625,352.5249328613281
2026-06-27T22:49:23.014079+00:00,spot_8,Spot 8,Occupied,2026-06-27T22:49:23.014079+00:00,2182,truck,0.48288750648498535,1019,195.89791870117188,315.842529296875,256.7090148925781,352.9884033203125
2026-06-27T22:49:23.014079+00:00,spot_9,Spot 9,Occupied,2026-06-27T22:43:22.098243+00:00,2189,car,0.5636157989501953,359,174.91407775878906,322.98681640625,206.3302764892578,347.12042236328125
2026-06-27T22:49:23.014079+00:00,spot_10,Spot 10,Occupied,2026-06-27T22:49:23.014079+00:00,1965,car,0.5494007468223572,18182,161.12197875976562,318.7309875488281,194.54721069335938,343.8683166503906
2026-06-27T22:49:23.014079+00:00,spot_11,Spot 11,Occupied,2026-06-27T22:22:22.033124+00:00,1830,car,0.6838732361793518,24277,119.76710510253906,313.31768798828125,168.6094512939453,341.74688720703125
2026-06-27T22:49:23.014079+00:00,spot_12,Spot 12,Occupied,2026-06-27T22:41:32.126257+00:00,2125,car,0.750521719455719,4678,79.73989868164062,311.027587890625,134.98907470703125,333.94775390625
2026-06-27T22:49:23.014079+00:00,spot_13,Spot 13,Empty,2026-06-27T22:36:21.816789+00:00,,,,,,,,
2026-06-27T22:49:23.014079+00:00,spot_14,Spot 14,Empty,2026-06-27T22:48:21.737509+00:00,,,,,,,,
2026-06-27T22:49:23.014079+00:00,spot_15,Spot 15,Empty,2026-06-27T21:44:22.059058+00:00,,,,,,,,
2026-06-27T22:49:23.014079+00:00,spot_16,Spot 16,Occupied,2026-06-27T22:38:21.922410+00:00,2136,car,0.622758686542511,3779,33.68430709838867,308.01507568359375,61.99801254272461,327.76348876953125
2026-06-27T22:49:23.014079+00:00,spot_17,Spot 17,Occupied,2026-06-27T22:43:22.098243+00:00,2190,car,0.5387109518051147,359,18.293888092041016,308.10479736328125,36.79637145996094,325.91021728515625
2026-06-27T22:50:22.861004+00:00,spot_1,Spot 1,Occupied,2026-06-27T22:41:32.126257+00:00,2161,truck,0.6621535420417786,2281,566.083740234375,310.0917663574219,615.419921875,373.5221862792969
2026-06-27T22:50:22.861004+00:00,spot_2,Spot 2,Occupied,2026-06-27T22:47:22.626793+00:00,2193,car,0.6969411969184875,181,501.2908020019531,319.5579528808594,549.39990234375,364.3585510253906
2026-06-27T22:50:22.861004+00:00,spot_3,Spot 3,Empty,2026-06-27T22:45:22.600760+00:00,,,,,,,,
2026-06-27T22:50:22.861004+00:00,spot_4,Spot 4,Empty,2026-06-27T22:50:22.861004+00:00,,,,,,,,
2026-06-27T22:50:22.861004+00:00,spot_5,Spot 5,Empty,2026-06-27T22:22:22.033124+00:00,,,,,,,,
2026-06-27T22:50:22.861004+00:00,spot_6,Spot 6,Occupied,2026-06-27T20:54:22.350568+00:00,2102,car,0.8746564388275146,8039,286.3555908203125,321.57037353515625,348.79638671875,356.33837890625
2026-06-27T22:50:22.861004+00:00,spot_7,Spot 7,Occupied,2026-06-27T22:50:22.861004+00:00,2201,truck,0.3829285204410553,0,247.20504760742188,312.0889892578125,302.7704772949219,352.44549560546875
2026-06-27T22:50:22.861004+00:00,spot_8,Spot 8,Occupied,2026-06-27T22:49:23.014079+00:00,2182,truck,0.7158524990081787,1079,192.68893432617188,315.2301025390625,255.80667114257812,352.45086669921875
2026-06-27T22:50:22.861004+00:00,spot_9,Spot 9,Occupied,2026-06-27T22:43:22.098243+00:00,2189,car,0.5249097943305969,420,173.44613647460938,320.91387939453125,207.43295288085938,347.48468017578125
2026-06-27T22:50:22.861004+00:00,spot_10,Spot 10,Occupied,2026-06-27T22:49:23.014079+00:00,1965,car,0.7277622222900391,18242,153.38720703125,318.3564453125,193.24822998046875,343.1627197265625
2026-06-27T22:50:22.861004+00:00,spot_11,Spot 11,Occupied,2026-06-27T22:50:22.861004+00:00,2199,truck,0.4415890872478485,0,120.16635131835938,313.2093505859375,166.69744873046875,342.3223876953125
2026-06-27T22:50:22.861004+00:00,spot_12,Spot 12,Occupied,2026-06-27T22:41:32.126257+00:00,2125,car,0.5708166360855103,4738,85.49374389648438,310.7670593261719,135.11016845703125,334.0972595214844
2026-06-27T22:50:22.861004+00:00,spot_13,Spot 13,Empty,2026-06-27T22:36:21.816789+00:00,,,,,,,,
2026-06-27T22:50:22.861004+00:00,spot_14,Spot 14,Occupied,2026-06-27T22:50:22.861004+00:00,2200,car,0.4079996347427368,0,62.98260498046875,310.6044006347656,86.33099365234375,329.9244079589844
2026-06-27T22:50:22.861004+00:00,spot_15,Spot 15,Empty,2026-06-27T21:44:22.059058+00:00,,,,,,,,
2026-06-27T22:50:22.861004+00:00,spot_16,Spot 16,Occupied,2026-06-27T22:38:21.922410+00:00,2136,car,0.5768860578536987,3840,31.772743225097656,308.48455810546875,65.70049285888672,327.33721923828125
2026-06-27T22:50:22.861004+00:00,spot_17,Spot 17,Occupied,2026-06-27T22:43:22.098243+00:00,2190,car,0.42515623569488525,420,17.784709930419922,308.2457580566406,41.113189697265625,325.7096862792969
2026-06-27T22:51:22.579797+00:00,spot_1,Spot 1,Occupied,2026-06-27T22:41:32.126257+00:00,2161,truck,0.7828210592269897,2341,565.8690185546875,310.3910217285156,615.0655517578125,374.3584899902344
2026-06-27T22:51:22.579797+00:00,spot_2,Spot 2,Occupied,2026-06-27T22:47:22.626793+00:00,2193,car,0.7711327075958252,240,501.86669921875,319.93450927734375,546.2738037109375,362.83526611328125
2026-06-27T22:51:22.579797+00:00,spot_3,Spot 3,Empty,2026-06-27T22:45:22.600760+00:00,,,,,,,,
2026-06-27T22:51:22.579797+00:00,spot_4,Spot 4,Occupied,2026-06-27T22:51:22.579797+00:00,2197,truck,0.7843613624572754,181,365.6184387207031,294.0089416503906,440.6282653808594,366.2559509277344
2026-06-27T22:51:22.579797+00:00,spot_5,Spot 5,Empty,2026-06-27T22:22:22.033124+00:00,,,,,,,,
2026-06-27T22:51:22.579797+00:00,spot_6,Spot 6,Occupied,2026-06-27T20:54:22.350568+00:00,2102,car,0.8815414309501648,8098,285.1283874511719,322.21221923828125,346.9791564941406,356.43817138671875
2026-06-27T22:51:22.579797+00:00,spot_7,Spot 7,Occupied,2026-06-27T22:51:22.579797+00:00,2187,car,0.7252415418624878,588,247.1203155517578,314.82470703125,300.26019287109375,352.3349609375
2026-06-27T22:51:22.579797+00:00,spot_8,Spot 8,Occupied,2026-06-27T22:51:22.579797+00:00,2198,car,0.43368348479270935,181,197.10818481445312,315.5848388671875,257.0957946777344,352.3046875
2026-06-27T22:51:22.579797+00:00,spot_9,Spot 9,Occupied,2026-06-27T22:43:22.098243+00:00,2189,car,0.661497175693512,479,174.53237915039062,322.3779296875,210.62014770507812,347.578125
2026-06-27T22:51:22.579797+00:00,spot_10,Spot 10,Occupied,2026-06-27T22:51:22.579797+00:00,1830,car,0.37012356519699097,24396,119.7323989868164,313.2597351074219,184.99032592773438,342.4176330566406
2026-06-27T22:51:22.579797+00:00,spot_11,Spot 11,Occupied,2026-06-27T22:50:22.861004+00:00,2199,truck,0.6441097259521484,59,119.67233276367188,313.3787841796875,184.9166259765625,342.3690185546875
2026-06-27T22:51:22.579797+00:00,spot_12,Spot 12,Occupied,2026-06-27T22:41:32.126257+00:00,2125,car,0.6712309122085571,4798,85.45738220214844,310.8514099121094,134.6324462890625,333.8417053222656
2026-06-27T22:51:22.579797+00:00,spot_13,Spot 13,Empty,2026-06-27T22:36:21.816789+00:00,,,,,,,,
2026-06-27T22:51:22.579797+00:00,spot_14,Spot 14,Occupied,2026-06-27T22:50:22.861004+00:00,2200,car,0.3631070554256439,59,63.522499084472656,311.0827941894531,80.07750701904297,328.8088073730469
2026-06-27T22:51:22.579797+00:00,spot_15,Spot 15,Empty,2026-06-27T21:44:22.059058+00:00,,,,,,,,
2026-06-27T22:51:22.579797+00:00,spot_16,Spot 16,Occupied,2026-06-27T22:38:21.922410+00:00,2136,car,0.6688950657844543,3899,33.93700408935547,308.609130859375,63.933753967285156,327.3643798828125
2026-06-27T22:51:22.579797+00:00,spot_17,Spot 17,Occupied,2026-06-27T22:43:22.098243+00:00,2190,car,0.5355982780456543,479,18.34817123413086,308.35870361328125,41.399147033691406,325.86834716796875
2026-06-27T22:52:22.197495+00:00,spot_1,Spot 1,Occupied,2026-06-27T22:41:32.126257+00:00,2161,truck,0.38033854961395264,2400,567.5091552734375,309.89007568359375,615.3590087890625,373.57843017578125
2026-06-27T22:52:22.197495+00:00,spot_2,Spot 2,Occupied,2026-06-27T22:47:22.626793+00:00,2193,car,0.6560693383216858,299,502.818115234375,319.67108154296875,545.8626708984375,363.53875732421875
2026-06-27T22:52:22.197495+00:00,spot_3,Spot 3,Empty,2026-06-27T22:45:22.600760+00:00,,,,,,,,
2026-06-27T22:52:22.197495+00:00,spot_4,Spot 4,Occupied,2026-06-27T22:51:22.579797+00:00,2197,truck,0.7428643107414246,240,366.27081298828125,297.20220947265625,441.965087890625,369.48577880859375
2026-06-27T22:52:22.197495+00:00,spot_5,Spot 5,Empty,2026-06-27T22:22:22.033124+00:00,,,,,,,,
2026-06-27T22:52:22.197495+00:00,spot_6,Spot 6,Occupied,2026-06-27T20:54:22.350568+00:00,2102,car,0.8570024371147156,8158,285.998046875,323.05706787109375,347.1976318359375,356.60003662109375
2026-06-27T22:52:22.197495+00:00,spot_7,Spot 7,Occupied,2026-06-27T22:51:22.579797+00:00,2187,car,0.6773104071617126,647,246.51773071289062,317.43524169921875,300.3274230957031,352.81396484375
2026-06-27T22:52:22.197495+00:00,spot_8,Spot 8,Occupied,2026-06-27T22:51:22.579797+00:00,2198,car,0.6954430341720581,240,196.29898071289062,315.96478271484375,256.3858642578125,352.49420166015625
2026-06-27T22:52:22.197495+00:00,spot_9,Spot 9,Occupied,2026-06-27T22:43:22.098243+00:00,2189,car,0.6394894123077393,539,174.2613525390625,320.8358459472656,208.57745361328125,346.3255310058594
2026-06-27T22:52:22.197495+00:00,spot_10,Spot 10,Empty,2026-06-27T22:52:22.197495+00:00,,,,,,,,
2026-06-27T22:52:22.197495+00:00,spot_11,Spot 11,Empty,2026-06-27T22:52:22.197495+00:00,,,,,,,,
2026-06-27T22:52:22.197495+00:00,spot_12,Spot 12,Occupied,2026-06-27T22:41:32.126257+00:00,2125,car,0.8031167984008789,4857,85.03720092773438,311.58990478515625,137.13809204101562,333.9161376953125
2026-06-27T22:52:22.197495+00:00,spot_13,Spot 13,Empty,2026-06-27T22:36:21.816789+00:00,,,,,,,,
2026-06-27T22:52:22.197495+00:00,spot_14,Spot 14,Empty,2026-06-27T22:52:22.197495+00:00,,,,,,,,
2026-06-27T22:52:22.197495+00:00,spot_15,Spot 15,Empty,2026-06-27T21:44:22.059058+00:00,,,,,,,,
2026-06-27T22:52:22.197495+00:00,spot_16,Spot 16,Occupied,2026-06-27T22:38:21.922410+00:00,2136,car,0.5470514893531799,3958,27.333282470703125,308.19744873046875,64.74623107910156,328.0084228515625
2026-06-27T22:52:22.197495+00:00,spot_17,Spot 17,Occupied,2026-06-27T22:43:22.098243+00:00,2190,car,0.5463789105415344,539,15.54619312286377,308.18511962890625,38.23592758178711,326.215576171875
2026-06-27T22:53:22.911559+00:00,spot_1,Spot 1,Occupied,2026-06-27T22:41:32.126257+00:00,2161,truck,0.35007044672966003,2461,565.9822998046875,310.54608154296875,616.389892578125,372.94024658203125
2026-06-27T22:53:22.911559+00:00,spot_2,Spot 2,Occupied,2026-06-27T22:53:22.911559+00:00,2204,truck,0.4006076157093048,0,502.09027099609375,319.8414306640625,545.0159301757812,363.79461669921875
2026-06-27T22:53:22.911559+00:00,spot_3,Spot 3,Empty,2026-06-27T22:45:22.600760+00:00,,,,,,,,
2026-06-27T22:53:22.911559+00:00,spot_4,Spot 4,Occupied,2026-06-27T22:51:22.579797+00:00,2197,truck,0.7073531746864319,301,366.8062744140625,296.12713623046875,447.2386474609375,368.06976318359375
2026-06-27T22:53:22.911559+00:00,spot_5,Spot 5,Empty,2026-06-27T22:22:22.033124+00:00,,,,,,,,
2026-06-27T22:53:22.911559+00:00,spot_6,Spot 6,Occupied,2026-06-27T20:54:22.350568+00:00,2102,car,0.8606879115104675,8218,286.1094970703125,321.4140625,347.63238525390625,357.08282470703125
2026-06-27T22:53:22.911559+00:00,spot_7,Spot 7,Occupied,2026-06-27T22:51:22.579797+00:00,2187,car,0.6701003909111023,708,247.4219970703125,317.1219482421875,302.81182861328125,353.09521484375
2026-06-27T22:53:22.911559+00:00,spot_8,Spot 8,Empty,2026-06-27T22:53:22.911559+00:00,,,,,,,,
2026-06-27T22:53:22.911559+00:00,spot_9,Spot 9,Occupied,2026-06-27T22:43:22.098243+00:00,2189,car,0.5415610671043396,599,173.84750366210938,324.2349548339844,201.14645385742188,347.3137512207031
2026-06-27T22:53:22.911559+00:00,spot_10,Spot 10,Empty,2026-06-27T22:52:22.197495+00:00,,,,,,,,
2026-06-27T22:53:22.911559+00:00,spot_11,Spot 11,Empty,2026-06-27T22:52:22.197495+00:00,,,,,,,,
2026-06-27T22:53:22.911559+00:00,spot_12,Spot 12,Occupied,2026-06-27T22:41:32.126257+00:00,2125,car,0.7994758486747742,4918,84.4505615234375,311.21832275390625,137.19418334960938,334.29608154296875
2026-06-27T22:53:22.911559+00:00,spot_13,Spot 13,Empty,2026-06-27T22:36:21.816789+00:00,,,,,,,,
2026-06-27T22:53:22.911559+00:00,spot_14,Spot 14,Empty,2026-06-27T22:52:22.197495+00:00,,,,,,,,
2026-06-27T22:53:22.911559+00:00,spot_15,Spot 15,Occupied,2026-06-27T22:53:22.911559+00:00,2136,car,0.4632616341114044,4019,35.30115509033203,308.00152587890625,66.12884521484375,327.79461669921875
2026-06-27T22:53:22.911559+00:00,spot_16,Spot 16,Empty,2026-06-27T22:53:22.911559+00:00,,,,,,,,
2026-06-27T22:53:22.911559+00:00,spot_17,Spot 17,Occupied,2026-06-27T22:43:22.098243+00:00,2190,car,0.3977549374103546,599,16.888317108154297,307.9460144042969,41.79553985595703,326.5074157714844
2026-06-27T22:54:20.837791+00:00,spot_1,Spot 1,Occupied,2026-06-27T22:41:32.126257+00:00,2161,truck,0.5206400752067566,2518,567.0587768554688,309.2794189453125,615.8338012695312,374.114013671875
2026-06-27T22:54:20.837791+00:00,spot_2,Spot 2,Occupied,2026-06-27T22:54:20.837791+00:00,2193,car,0.6438637375831604,418,501.7646179199219,320.94659423828125,546.94921875,363.69415283203125
2026-06-27T22:54:20.837791+00:00,spot_3,Spot 3,Empty,2026-06-27T22:45:22.600760+00:00,,,,,,,,
2026-06-27T22:54:20.837791+00:00,spot_4,Spot 4,Occupied,2026-06-27T22:51:22.579797+00:00,2197,truck,0.46140825748443604,359,365.20123291015625,295.55706787109375,435.93658447265625,366.97430419921875
2026-06-27T22:54:20.837791+00:00,spot_5,Spot 5,Empty,2026-06-27T22:22:22.033124+00:00,,,,,,,,
2026-06-27T22:54:20.837791+00:00,spot_6,Spot 6,Occupied,2026-06-27T20:54:22.350568+00:00,2102,car,0.8535012602806091,8276,286.20159912109375,322.43231201171875,349.42315673828125,356.45745849609375
2026-06-27T22:54:20.837791+00:00,spot_7,Spot 7,Occupied,2026-06-27T22:51:22.579797+00:00,2187,car,0.5620138049125671,766,247.0185546875,317.607666015625,303.64971923828125,352.775634765625
2026-06-27T22:54:20.837791+00:00,spot_8,Spot 8,Occupied,2026-06-27T22:54:20.837791+00:00,2182,truck,0.6267341375350952,1316,197.1168212890625,315.89288330078125,256.59552001953125,352.61395263671875
2026-06-27T22:54:20.837791+00:00,spot_9,Spot 9,Occupied,2026-06-27T22:43:22.098243+00:00,2189,car,0.7490963339805603,657,174.10223388671875,322.62353515625,208.06732177734375,347.34619140625
2026-06-27T22:54:20.837791+00:00,spot_10,Spot 10,Empty,2026-06-27T22:52:22.197495+00:00,,,,,,,,
2026-06-27T22:54:20.837791+00:00,spot_11,Spot 11,Empty,2026-06-27T22:52:22.197495+00:00,,,,,,,,
2026-06-27T22:54:20.837791+00:00,spot_12,Spot 12,Occupied,2026-06-27T22:41:32.126257+00:00,2125,car,0.7783709764480591,4976,85.71376037597656,311.1226806640625,137.15895080566406,333.97265625
2026-06-27T22:54:20.837791+00:00,spot_13,Spot 13,Empty,2026-06-27T22:36:21.816789+00:00,,,,,,,,
2026-06-27T22:54:20.837791+00:00,spot_14,Spot 14,Empty,2026-06-27T22:52:22.197495+00:00,,,,,,,,
2026-06-27T22:54:20.837791+00:00,spot_15,Spot 15,Empty,2026-06-27T22:54:20.837791+00:00,,,,,,,,
2026-06-27T22:54:20.837791+00:00,spot_16,Spot 16,Occupied,2026-06-27T22:54:20.837791+00:00,2136,car,0.6833057403564453,4077,33.00562286376953,307.8376770019531,64.733154296875,327.7735290527344
2026-06-27T22:54:20.837791+00:00,spot_17,Spot 17,Occupied,2026-06-27T22:43:22.098243+00:00,2190,car,0.4345674216747284,657,16.03853988647461,307.92547607421875,36.417091369628906,325.94378662109375
2026-06-27T22:55:32.301206+00:00,spot_1,Spot 1,Occupied,2026-06-27T22:41:32.126257+00:00,2161,truck,0.5184370875358582,2592,567.1793212890625,308.791748046875,615.6893310546875,373.6121826171875
2026-06-27T22:55:32.301206+00:00,spot_2,Spot 2,Occupied,2026-06-27T22:54:20.837791+00:00,2193,car,0.7642150521278381,491,502.1380920410156,320.03570556640625,545.8465576171875,363.00335693359375
2026-06-27T22:55:32.301206+00:00,spot_3,Spot 3,Empty,2026-06-27T22:45:22.600760+00:00,,,,,,,,
2026-06-27T22:55:32.301206+00:00,spot_4,Spot 4,Occupied,2026-06-27T22:51:22.579797+00:00,2197,truck,0.6885416507720947,432,365.40167236328125,294.51953125,453.41339111328125,367.5775146484375
2026-06-27T22:55:32.301206+00:00,spot_5,Spot 5,Empty,2026-06-27T22:22:22.033124+00:00,,,,,,,,
2026-06-27T22:55:32.301206+00:00,spot_6,Spot 6,Occupied,2026-06-27T20:54:22.350568+00:00,2102,car,0.8480959534645081,8349,286.2937316894531,320.8577880859375,347.9462585449219,356.49371337890625
2026-06-27T22:55:32.301206+00:00,spot_7,Spot 7,Occupied,2026-06-27T22:51:22.579797+00:00,2187,car,0.5800147652626038,839,247.2281036376953,313.8236083984375,302.75372314453125,352.4154052734375
2026-06-27T22:55:32.301206+00:00,spot_8,Spot 8,Occupied,2026-06-27T22:55:32.301206+00:00,2205,car,0.6807358264923096,0,206.51010131835938,315.459228515625,256.6855163574219,351.87554931640625
2026-06-27T22:55:32.301206+00:00,spot_9,Spot 9,Occupied,2026-06-27T22:55:32.301206+00:00,2207,car,0.391084760427475,0,191.30377197265625,322.12518310546875,208.26287841796875,346.58184814453125
2026-06-27T22:55:32.301206+00:00,spot_10,Spot 10,Empty,2026-06-27T22:52:22.197495+00:00,,,,,,,,
2026-06-27T22:55:32.301206+00:00,spot_11,Spot 11,Empty,2026-06-27T22:52:22.197495+00:00,,,,,,,,
2026-06-27T22:55:32.301206+00:00,spot_12,Spot 12,Occupied,2026-06-27T22:41:32.126257+00:00,2125,car,0.8461846113204956,5049,86.37788391113281,310.88763427734375,137.21202087402344,333.83905029296875
2026-06-27T22:55:32.301206+00:00,spot_13,Spot 13,Empty,2026-06-27T22:36:21.816789+00:00,,,,,,,,
2026-06-27T22:55:32.301206+00:00,spot_14,Spot 14,Occupied,2026-06-27T22:55:32.301206+00:00,2206,car,0.4895096719264984,0,68.1115951538086,311.0074462890625,88.7858657836914,331.5615234375
2026-06-27T22:55:32.301206+00:00,spot_15,Spot 15,Empty,2026-06-27T22:54:20.837791+00:00,,,,,,,,
2026-06-27T22:55:32.301206+00:00,spot_16,Spot 16,Occupied,2026-06-27T22:54:20.837791+00:00,2136,car,0.6365223526954651,4150,28.42571449279785,308.21075439453125,66.1583480834961,327.65460205078125
2026-06-27T22:55:32.301206+00:00,spot_17,Spot 17,Occupied,2026-06-27T22:43:22.098243+00:00,2190,car,0.6869068145751953,730,16.156688690185547,308.27703857421875,42.0997428894043,325.64447021484375
2026-06-27T22:56:21.647495+00:00,spot_1,Spot 1,Occupied,2026-06-27T22:41:32.126257+00:00,2161,truck,0.49664169549942017,2640,567.912109375,309.06964111328125,614.926025390625,372.56182861328125
2026-06-27T22:56:21.647495+00:00,spot_2,Spot 2,Occupied,2026-06-27T22:54:20.837791+00:00,2193,car,0.7302693724632263,539,502.00994873046875,320.3320617675781,546.5114135742188,363.0665588378906
2026-06-27T22:56:21.647495+00:00,spot_3,Spot 3,Empty,2026-06-27T22:45:22.600760+00:00,,,,,,,,
2026-06-27T22:56:21.647495+00:00,spot_4,Spot 4,Occupied,2026-06-27T22:51:22.579797+00:00,2197,truck,0.6276147365570068,480,365.67730712890625,293.78057861328125,446.10565185546875,366.492919921875
2026-06-27T22:56:21.647495+00:00,spot_5,Spot 5,Empty,2026-06-27T22:22:22.033124+00:00,,,,,,,,
2026-06-27T22:56:21.647495+00:00,spot_6,Spot 6,Occupied,2026-06-27T20:54:22.350568+00:00,2102,car,0.7998226284980774,8397,286.0294189453125,321.8251647949219,345.923095703125,356.0337219238281
2026-06-27T22:56:21.647495+00:00,spot_7,Spot 7,Occupied,2026-06-27T22:51:22.579797+00:00,2187,car,0.514618992805481,887,246.9270782470703,315.0931396484375,298.81060791015625,352.5277099609375
2026-06-27T22:56:21.647495+00:00,spot_8,Spot 8,Occupied,2026-06-27T22:56:21.647495+00:00,2182,truck,0.40805214643478394,1438,197.07476806640625,315.3074645996094,255.5592041015625,351.3175964355469
2026-06-27T22:56:21.647495+00:00,spot_9,Spot 9,Occupied,2026-06-27T22:56:21.647495+00:00,2189,car,0.7264893054962158,778,174.30198669433594,320.99786376953125,214.49122619628906,347.0865478515625
2026-06-27T22:56:21.647495+00:00,spot_10,Spot 10,Empty,2026-06-27T22:52:22.197495+00:00,,,,,,,,
2026-06-27T22:56:21.647495+00:00,spot_11,Spot 11,Empty,2026-06-27T22:52:22.197495+00:00,,,,,,,,
2026-06-27T22:56:21.647495+00:00,spot_12,Spot 12,Occupied,2026-06-27T22:41:32.126257+00:00,2125,car,0.7041923403739929,5097,85.53485107421875,311.01104736328125,136.76617431640625,333.736328125
2026-06-27T22:56:21.647495+00:00,spot_13,Spot 13,Empty,2026-06-27T22:36:21.816789+00:00,,,,,,,,
2026-06-27T22:56:21.647495+00:00,spot_14,Spot 14,Occupied,2026-06-27T22:55:32.301206+00:00,2206,car,0.37585073709487915,48,52.931068420410156,310.2803955078125,86.43334197998047,330.33203125
2026-06-27T22:56:21.647495+00:00,spot_15,Spot 15,Empty,2026-06-27T22:54:20.837791+00:00,,,,,,,,
2026-06-27T22:56:21.647495+00:00,spot_16,Spot 16,Occupied,2026-06-27T22:54:20.837791+00:00,2136,car,0.6010297536849976,4198,31.667312622070312,308.1554870605469,64.59443664550781,327.5666809082031
2026-06-27T22:56:21.647495+00:00,spot_17,Spot 17,Occupied,2026-06-27T22:43:22.098243+00:00,2190,car,0.6660247445106506,778,15.745288848876953,308.3293762207031,40.952125549316406,325.9281311035156
2026-06-27T22:57:22.930823+00:00,spot_1,Spot 1,Occupied,2026-06-27T22:41:32.126257+00:00,2161,truck,0.5691624283790588,2702,567.2469482421875,310.6456298828125,615.1715087890625,373.8333740234375
2026-06-27T22:57:22.930823+00:00,spot_2,Spot 2,Occupied,2026-06-27T22:54:20.837791+00:00,2193,car,0.7221431136131287,601,501.6952819824219,326.9129638671875,542.565185546875,363.9635009765625
2026-06-27T22:57:22.930823+00:00,spot_3,Spot 3,Empty,2026-06-27T22:45:22.600760+00:00,,,,,,,,
2026-06-27T22:57:22.930823+00:00,spot_4,Spot 4,Occupied,2026-06-27T22:51:22.579797+00:00,2197,truck,0.5751544237136841,542,365.426513671875,294.45965576171875,442.8646240234375,366.20989990234375
2026-06-27T22:57:22.930823+00:00,spot_5,Spot 5,Empty,2026-06-27T22:22:22.033124+00:00,,,,,,,,
2026-06-27T22:57:22.930823+00:00,spot_6,Spot 6,Occupied,2026-06-27T20:54:22.350568+00:00,2102,car,0.859817385673523,8459,286.1416015625,321.29534912109375,345.4254150390625,357.97210693359375
2026-06-27T22:57:22.930823+00:00,spot_7,Spot 7,Occupied,2026-06-27T22:51:22.579797+00:00,2187,car,0.5427025556564331,949,247.03555297851562,317.48828125,304.4931335449219,353.1494140625
2026-06-27T22:57:22.930823+00:00,spot_8,Spot 8,Occupied,2026-06-27T22:56:21.647495+00:00,2182,truck,0.603495180606842,1500,192.97158813476562,315.7748107910156,254.99331665039062,352.7496032714844
2026-06-27T22:57:22.930823+00:00,spot_9,Spot 9,Occupied,2026-06-27T22:56:21.647495+00:00,2189,car,0.7362505793571472,840,173.10986328125,323.1319580078125,206.0283203125,347.2347412109375
2026-06-27T22:57:22.930823+00:00,spot_10,Spot 10,Empty,2026-06-27T22:52:22.197495+00:00,,,,,,,,
2026-06-27T22:57:22.930823+00:00,spot_11,Spot 11,Occupied,2026-06-27T22:57:22.930823+00:00,2208,car,0.6543302536010742,0,127.09329223632812,314.98980712890625,180.54742431640625,340.18853759765625
2026-06-27T22:57:22.930823+00:00,spot_12,Spot 12,Occupied,2026-06-27T22:41:32.126257+00:00,2125,car,0.6822769641876221,5159,84.0546875,311.5638427734375,133.46630859375,334.07232666015625
2026-06-27T22:57:22.930823+00:00,spot_13,Spot 13,Empty,2026-06-27T22:36:21.816789+00:00,,,,,,,,
2026-06-27T22:57:22.930823+00:00,spot_14,Spot 14,Empty,2026-06-27T22:57:22.930823+00:00,,,,,,,,
2026-06-27T22:57:22.930823+00:00,spot_15,Spot 15,Empty,2026-06-27T22:54:20.837791+00:00,,,,,,,,
2026-06-27T22:57:22.930823+00:00,spot_16,Spot 16,Empty,2026-06-27T22:57:22.930823+00:00,,,,,,,,
2026-06-27T22:57:22.930823+00:00,spot_17,Spot 17,Occupied,2026-06-27T22:43:22.098243+00:00,2190,car,0.51708984375,840,16.25259017944336,308.76318359375,41.40504455566406,325.9296875
2026-06-27T22:58:21.603910+00:00,spot_1,Spot 1,Occupied,2026-06-27T22:58:21.603910+00:00,2209,car,0.44463497400283813,0,564.8536376953125,310.028564453125,615.9461669921875,373.7088623046875
2026-06-27T22:58:21.603910+00:00,spot_2,Spot 2,Occupied,2026-06-27T22:54:20.837791+00:00,2193,car,0.6708920001983643,664,501.640869140625,321.6419677734375,544.7698974609375,363.19854736328125
2026-06-27T22:58:21.603910+00:00,spot_3,Spot 3,Empty,2026-06-27T22:45:22.600760+00:00,,,,,,,,
2026-06-27T22:58:21.603910+00:00,spot_4,Spot 4,Occupied,2026-06-27T22:51:22.579797+00:00,2197,truck,0.7387375831604004,605,364.6954345703125,293.2066650390625,454.6165771484375,366.77362060546875
2026-06-27T22:58:21.603910+00:00,spot_5,Spot 5,Empty,2026-06-27T22:22:22.033124+00:00,,,,,,,,
2026-06-27T22:58:21.603910+00:00,spot_6,Spot 6,Occupied,2026-06-27T20:54:22.350568+00:00,2102,car,0.7826962471008301,8522,285.955078125,321.61773681640625,346.47784423828125,357.42315673828125
2026-06-27T22:58:21.603910+00:00,spot_7,Spot 7,Occupied,2026-06-27T22:51:22.579797+00:00,2187,car,0.5078659653663635,1012,247.044921875,315.866455078125,302.43414306640625,352.48834228515625
2026-06-27T22:58:21.603910+00:00,spot_8,Spot 8,Occupied,2026-06-27T22:56:21.647495+00:00,2182,truck,0.7073447108268738,1563,196.76864624023438,315.4051818847656,255.83206176757812,352.8316345214844
2026-06-27T22:58:21.603910+00:00,spot_9,Spot 9,Occupied,2026-06-27T22:56:21.647495+00:00,2189,car,0.6446851491928101,903,173.03030395507812,322.80999755859375,208.36489868164062,347.76434326171875
2026-06-27T22:58:21.603910+00:00,spot_10,Spot 10,Empty,2026-06-27T22:52:22.197495+00:00,,,,,,,,
2026-06-27T22:58:21.603910+00:00,spot_11,Spot 11,Occupied,2026-06-27T22:57:22.930823+00:00,2208,car,0.5357512831687927,63,127.12397766113281,315.71771240234375,180.02476501464844,340.22772216796875
2026-06-27T22:58:21.603910+00:00,spot_12,Spot 12,Occupied,2026-06-27T22:41:32.126257+00:00,2125,car,0.7733215093612671,5222,84.45582580566406,311.20758056640625,130.4928741455078,334.17840576171875
2026-06-27T22:58:21.603910+00:00,spot_13,Spot 13,Empty,2026-06-27T22:36:21.816789+00:00,,,,,,,,
2026-06-27T22:58:21.603910+00:00,spot_14,Spot 14,Occupied,2026-06-27T22:58:21.603910+00:00,2206,car,0.46581366658210754,173,67.93596649169922,310.8223876953125,88.3555679321289,331.9163818359375
2026-06-27T22:58:21.603910+00:00,spot_15,Spot 15,Empty,2026-06-27T22:54:20.837791+00:00,,,,,,,,
2026-06-27T22:58:21.603910+00:00,spot_16,Spot 16,Occupied,2026-06-27T22:58:21.603910+00:00,2136,car,0.723008930683136,4323,30.2164306640625,308.0754089355469,65.70868682861328,327.6562805175781
2026-06-27T22:58:21.603910+00:00,spot_17,Spot 17,Occupied,2026-06-27T22:43:22.098243+00:00,2190,car,0.5732888579368591,903,16.24212646484375,307.9784851074219,39.97749328613281,325.9970397949219
2026-06-27T22:59:22.881724+00:00,spot_1,Spot 1,Occupied,2026-06-27T22:59:22.881724+00:00,2161,truck,0.35116544365882874,2820,565.1644287109375,310.19024658203125,615.6092529296875,374.28466796875
2026-06-27T22:59:22.881724+00:00,spot_2,Spot 2,Occupied,2026-06-27T22:54:20.837791+00:00,2193,car,0.7744389176368713,720,500.96075439453125,321.657958984375,543.5510864257812,365.1907958984375
2026-06-27T22:59:22.881724+00:00,spot_3,Spot 3,Empty,2026-06-27T22:45:22.600760+00:00,,,,,,,,
2026-06-27T22:59:22.881724+00:00,spot_4,Spot 4,Occupied,2026-06-27T22:51:22.579797+00:00,2197,truck,0.8051750659942627,661,365.625732421875,295.85296630859375,441.07763671875,366.90777587890625
2026-06-27T22:59:22.881724+00:00,spot_5,Spot 5,Empty,2026-06-27T22:22:22.033124+00:00,,,,,,,,
2026-06-27T22:59:22.881724+00:00,spot_6,Spot 6,Occupied,2026-06-27T20:54:22.350568+00:00,2102,car,0.8293283581733704,8578,285.48236083984375,322.1701354980469,347.17181396484375,358.1471252441406
2026-06-27T22:59:22.881724+00:00,spot_7,Spot 7,Occupied,2026-06-27T22:51:22.579797+00:00,2187,car,0.4088367521762848,1068,247.29217529296875,311.8398742675781,303.5609130859375,352.9126892089844
2026-06-27T22:59:22.881724+00:00,spot_8,Spot 8,Occupied,2026-06-27T22:59:22.881724+00:00,2210,car,0.6449078321456909,0,195.80624389648438,315.880859375,255.99490356445312,352.92205810546875
2026-06-27T22:59:22.881724+00:00,spot_9,Spot 9,Occupied,2026-06-27T22:56:21.647495+00:00,2189,car,0.5385473966598511,959,173.85687255859375,320.777099609375,208.9451904296875,347.387451171875
2026-06-27T22:59:22.881724+00:00,spot_10,Spot 10,Empty,2026-06-27T22:52:22.197495+00:00,,,,,,,,
2026-06-27T22:59:22.881724+00:00,spot_11,Spot 11,Occupied,2026-06-27T22:57:22.930823+00:00,2208,car,0.5220851302146912,118,127.5635986328125,316.5936279296875,181.23056030273438,339.9862060546875
2026-06-27T22:59:22.881724+00:00,spot_12,Spot 12,Occupied,2026-06-27T22:41:32.126257+00:00,2125,car,0.7225543856620789,5277,85.91923522949219,311.34765625,135.68763732910156,334.0078125
2026-06-27T22:59:22.881724+00:00,spot_13,Spot 13,Empty,2026-06-27T22:36:21.816789+00:00,,,,,,,,
2026-06-27T22:59:22.881724+00:00,spot_14,Spot 14,Empty,2026-06-27T22:59:22.881724+00:00,,,,,,,,
2026-06-27T22:59:22.881724+00:00,spot_15,Spot 15,Empty,2026-06-27T22:54:20.837791+00:00,,,,,,,,
2026-06-27T22:59:22.881724+00:00,spot_16,Spot 16,Empty,2026-06-27T22:59:22.881724+00:00,,,,,,,,
2026-06-27T22:59:22.881724+00:00,spot_17,Spot 17,Occupied,2026-06-27T22:43:22.098243+00:00,2190,car,0.4959317445755005,959,15.971656799316406,308.091796875,34.91252136230469,326.083740234375
2026-06-27T23:00:25.591576+00:00,spot_1,Spot 1,Occupied,2026-06-27T23:00:25.591576+00:00,2214,bus,0.3662828803062439,0,566.8577880859375,309.532470703125,616.19921875,372.959716796875
2026-06-27T23:00:25.591576+00:00,spot_2,Spot 2,Occupied,2026-06-27T22:54:20.837791+00:00,2193,car,0.7559645771980286,783,501.8582763671875,321.24078369140625,544.279052734375,363.62335205078125
2026-06-27T23:00:25.591576+00:00,spot_3,Spot 3,Empty,2026-06-27T22:45:22.600760+00:00,,,,,,,,
2026-06-27T23:00:25.591576+00:00,spot_4,Spot 4,Occupied,2026-06-27T23:00:25.591576+00:00,2213,bus,0.3819851875305176,0,366.17608642578125,294.8880615234375,439.49810791015625,368.380126953125
2026-06-27T23:00:25.591576+00:00,spot_5,Spot 5,Empty,2026-06-27T22:22:22.033124+00:00,,,,,,,,
2026-06-27T23:00:25.591576+00:00,spot_6,Spot 6,Occupied,2026-06-27T20:54:22.350568+00:00,2102,car,0.7949439883232117,8641,286.46771240234375,322.8246765136719,343.5235595703125,357.4894714355469
2026-06-27T23:00:25.591576+00:00,spot_7,Spot 7,Empty,2026-06-27T23:00:25.591576+00:00,,,,,,,,
2026-06-27T23:00:25.591576+00:00,spot_8,Spot 8,Occupied,2026-06-27T23:00:25.591576+00:00,2182,truck,0.6537519097328186,1682,195.8934326171875,315.3194580078125,256.1409912109375,352.6654052734375
2026-06-27T23:00:25.591576+00:00,spot_9,Spot 9,Occupied,2026-06-27T22:56:21.647495+00:00,2189,car,0.5036243796348572,1022,172.77850341796875,323.9583740234375,201.44158935546875,347.275390625
2026-06-27T23:00:25.591576+00:00,spot_10,Spot 10,Occupied,2026-06-27T23:00:25.591576+00:00,2212,car,0.6762934327125549,0,150.71249389648438,315.49932861328125,192.35101318359375,342.90667724609375
2026-06-27T23:00:25.591576+00:00,spot_11,Spot 11,Occupied,2026-06-27T22:57:22.930823+00:00,2208,car,0.4474206864833832,181,127.7003173828125,311.17401123046875,179.73040771484375,340.23809814453125
2026-06-27T23:00:25.591576+00:00,spot_12,Spot 12,Occupied,2026-06-27T22:41:32.126257+00:00,2125,car,0.6355735063552856,5341,85.70298767089844,311.3211975097656,132.81800842285156,334.2536315917969
2026-06-27T23:00:25.591576+00:00,spot_13,Spot 13,Empty,2026-06-27T22:36:21.816789+00:00,,,,,,,,
2026-06-27T23:00:25.591576+00:00,spot_14,Spot 14,Occupied,2026-06-27T23:00:25.591576+00:00,2206,car,0.37665024399757385,292,63.303260803222656,310.4542236328125,90.80620574951172,331.7320556640625
2026-06-27T23:00:25.591576+00:00,spot_15,Spot 15,Empty,2026-06-27T22:54:20.837791+00:00,,,,,,,,
2026-06-27T23:00:25.591576+00:00,spot_16,Spot 16,Occupied,2026-06-27T23:00:25.591576+00:00,2136,car,0.5055110454559326,4442,31.309310913085938,308.39794921875,65.20361328125,328.28485107421875
2026-06-27T23:00:25.591576+00:00,spot_17,Spot 17,Occupied,2026-06-27T22:43:22.098243+00:00,2190,car,0.5025579333305359,1022,15.616130828857422,308.91064453125,40.202606201171875,325.87164306640625
2026-06-27T23:01:21.375515+00:00,spot_1,Spot 1,Occupied,2026-06-27T23:00:25.591576+00:00,2214,bus,0.3662828803062439,55,566.8577880859375,309.532470703125,616.19921875,372.959716796875
2026-06-27T23:01:21.375515+00:00,spot_2,Spot 2,Occupied,2026-06-27T22:54:20.837791+00:00,2193,car,0.7559645771980286,839,501.8582763671875,321.24078369140625,544.279052734375,363.62335205078125
2026-06-27T23:01:21.375515+00:00,spot_3,Spot 3,Empty,2026-06-27T22:45:22.600760+00:00,,,,,,,,
2026-06-27T23:01:21.375515+00:00,spot_4,Spot 4,Occupied,2026-06-27T23:00:25.591576+00:00,2213,bus,0.3819851875305176,55,366.17608642578125,294.8880615234375,439.49810791015625,368.380126953125
2026-06-27T23:01:21.375515+00:00,spot_5,Spot 5,Empty,2026-06-27T22:22:22.033124+00:00,,,,,,,,
2026-06-27T23:01:21.375515+00:00,spot_6,Spot 6,Occupied,2026-06-27T20:54:22.350568+00:00,2102,car,0.7949439883232117,8697,286.46771240234375,322.8246765136719,343.5235595703125,357.4894714355469
2026-06-27T23:01:21.375515+00:00,spot_7,Spot 7,Empty,2026-06-27T23:00:25.591576+00:00,,,,,,,,
2026-06-27T23:01:21.375515+00:00,spot_8,Spot 8,Occupied,2026-06-27T23:00:25.591576+00:00,2182,truck,0.6537519097328186,1737,195.8934326171875,315.3194580078125,256.1409912109375,352.6654052734375
2026-06-27T23:01:21.375515+00:00,spot_9,Spot 9,Occupied,2026-06-27T22:56:21.647495+00:00,2189,car,0.5036243796348572,1078,172.77850341796875,323.9583740234375,201.44158935546875,347.275390625
2026-06-27T23:01:21.375515+00:00,spot_10,Spot 10,Occupied,2026-06-27T23:00:25.591576+00:00,2212,car,0.6762934327125549,55,150.71249389648438,315.49932861328125,192.35101318359375,342.90667724609375
2026-06-27T23:01:21.375515+00:00,spot_11,Spot 11,Occupied,2026-06-27T22:57:22.930823+00:00,2208,car,0.4474206864833832,237,127.7003173828125,311.17401123046875,179.73040771484375,340.23809814453125
2026-06-27T23:01:21.375515+00:00,spot_12,Spot 12,Occupied,2026-06-27T22:41:32.126257+00:00,2125,car,0.6355735063552856,5396,85.70298767089844,311.3211975097656,132.81800842285156,334.2536315917969
2026-06-27T23:01:21.375515+00:00,spot_13,Spot 13,Empty,2026-06-27T22:36:21.816789+00:00,,,,,,,,
2026-06-27T23:01:21.375515+00:00,spot_14,Spot 14,Occupied,2026-06-27T23:00:25.591576+00:00,2206,car,0.37665024399757385,347,63.303260803222656,310.4542236328125,90.80620574951172,331.7320556640625
2026-06-27T23:01:21.375515+00:00,spot_15,Spot 15,Empty,2026-06-27T22:54:20.837791+00:00,,,,,,,,
2026-06-27T23:01:21.375515+00:00,spot_16,Spot 16,Occupied,2026-06-27T23:00:25.591576+00:00,2136,car,0.5055110454559326,4498,31.309310913085938,308.39794921875,65.20361328125,328.28485107421875
2026-06-27T23:01:21.375515+00:00,spot_17,Spot 17,Occupied,2026-06-27T22:43:22.098243+00:00,2190,car,0.5025579333305359,1078,15.616130828857422,308.91064453125,40.202606201171875,325.87164306640625
2026-06-27T23:02:21.572523+00:00,spot_1,Spot 1,Empty,2026-06-27T23:02:21.572523+00:00,,,,,,,,
2026-06-27T23:02:21.572523+00:00,spot_2,Spot 2,Occupied,2026-06-27T22:54:20.837791+00:00,2193,car,0.7794272899627686,899,501.5291748046875,320.7976989746094,546.1297607421875,364.0993347167969
2026-06-27T23:02:21.572523+00:00,spot_3,Spot 3,Empty,2026-06-27T22:45:22.600760+00:00,,,,,,,,
2026-06-27T23:02:21.572523+00:00,spot_4,Spot 4,Occupied,2026-06-27T23:02:21.572523+00:00,2197,truck,0.7450069189071655,840,366.13873291015625,295.25445556640625,440.3787841796875,367.25494384765625
2026-06-27T23:02:21.572523+00:00,spot_5,Spot 5,Empty,2026-06-27T22:22:22.033124+00:00,,,,,,,,
2026-06-27T23:02:21.572523+00:00,spot_6,Spot 6,Occupied,2026-06-27T20:54:22.350568+00:00,2102,car,0.8527665138244629,8757,285.37646484375,320.78948974609375,347.03173828125,357.03863525390625
2026-06-27T23:02:21.572523+00:00,spot_7,Spot 7,Occupied,2026-06-27T23:02:21.572523+00:00,2187,car,0.6210880875587463,1247,246.98472595214844,317.84234619140625,301.9237060546875,352.39056396484375
2026-06-27T23:02:21.572523+00:00,spot_8,Spot 8,Occupied,2026-06-27T23:02:21.572523+00:00,2210,car,0.4443352222442627,178,194.82940673828125,316.020751953125,256.3179931640625,352.797607421875
2026-06-27T23:02:21.572523+00:00,spot_9,Spot 9,Occupied,2026-06-27T22:56:21.647495+00:00,2189,car,0.526692271232605,1138,174.4593505859375,321.564208984375,211.55923461914062,347.625
2026-06-27T23:02:21.572523+00:00,spot_10,Spot 10,Occupied,2026-06-27T23:00:25.591576+00:00,2212,car,0.7946133613586426,115,150.14883422851562,316.1580810546875,192.34988403320312,342.8468017578125
2026-06-27T23:02:21.572523+00:00,spot_11,Spot 11,Occupied,2026-06-27T22:57:22.930823+00:00,2208,car,0.5137544870376587,297,127.90312194824219,315.5777282714844,155.7141571044922,340.1076354980469
2026-06-27T23:02:21.572523+00:00,spot_12,Spot 12,Occupied,2026-06-27T22:41:32.126257+00:00,2125,car,0.7379602193832397,5456,85.63310241699219,311.1428527832031,133.5426483154297,333.9873962402344
2026-06-27T23:02:21.572523+00:00,spot_13,Spot 13,Empty,2026-06-27T22:36:21.816789+00:00,,,,,,,,
2026-06-27T23:02:21.572523+00:00,spot_14,Spot 14,Occupied,2026-06-27T23:00:25.591576+00:00,2206,car,0.6053574085235596,407,63.149192810058594,310.5495910644531,87.19905853271484,330.7526550292969
2026-06-27T23:02:21.572523+00:00,spot_15,Spot 15,Empty,2026-06-27T22:54:20.837791+00:00,,,,,,,,
2026-06-27T23:02:21.572523+00:00,spot_16,Spot 16,Occupied,2026-06-27T23:00:25.591576+00:00,2136,car,0.6046962141990662,4558,29.809226989746094,308.4822998046875,64.65017700195312,327.99169921875
2026-06-27T23:02:21.572523+00:00,spot_17,Spot 17,Occupied,2026-06-27T22:43:22.098243+00:00,2190,car,0.3543357253074646,1138,19.546066284179688,308.08563232421875,40.570289611816406,325.994873046875
2026-06-27T23:03:20.996313+00:00,spot_1,Spot 1,Occupied,2026-06-27T23:03:20.996313+00:00,2215,truck,0.633445680141449,0,564.5205078125,310.08154296875,615.33740234375,374.131591796875
2026-06-27T23:03:20.996313+00:00,spot_2,Spot 2,Occupied,2026-06-27T22:54:20.837791+00:00,2193,car,0.7989993095397949,958,501.2768859863281,322.197998046875,543.174560546875,364.2718505859375
2026-06-27T23:03:20.996313+00:00,spot_3,Spot 3,Empty,2026-06-27T22:45:22.600760+00:00,,,,,,,,
2026-06-27T23:03:20.996313+00:00,spot_4,Spot 4,Occupied,2026-06-27T23:02:21.572523+00:00,2197,truck,0.5474444627761841,899,365.918701171875,294.6949462890625,454.596435546875,366.89404296875
2026-06-27T23:03:20.996313+00:00,spot_5,Spot 5,Empty,2026-06-27T22:22:22.033124+00:00,,,,,,,,
2026-06-27T23:03:20.996313+00:00,spot_6,Spot 6,Occupied,2026-06-27T20:54:22.350568+00:00,2102,car,0.7316235303878784,8816,286.6748962402344,321.42047119140625,344.1271667480469,357.11346435546875
2026-06-27T23:03:20.996313+00:00,spot_7,Spot 7,Occupied,2026-06-27T23:02:21.572523+00:00,2187,car,0.5736802816390991,1306,247.08895874023438,318.5455627441406,303.7726135253906,352.6369934082031
2026-06-27T23:03:20.996313+00:00,spot_8,Spot 8,Occupied,2026-06-27T23:02:21.572523+00:00,2210,car,0.45901644229888916,238,196.43801879882812,316.06005859375,256.1445617675781,352.90093994140625
2026-06-27T23:03:20.996313+00:00,spot_9,Spot 9,Occupied,2026-06-27T22:56:21.647495+00:00,2189,car,0.504543662071228,1197,172.54949951171875,322.90411376953125,207.88616943359375,347.57122802734375
2026-06-27T23:03:20.996313+00:00,spot_10,Spot 10,Occupied,2026-06-27T23:00:25.591576+00:00,2212,car,0.7093145847320557,174,149.81724548339844,316.69696044921875,193.1901397705078,343.14764404296875
2026-06-27T23:03:20.996313+00:00,spot_11,Spot 11,Occupied,2026-06-27T22:57:22.930823+00:00,2208,car,0.5280107855796814,356,127.65316009521484,314.156005859375,157.88809204101562,339.773681640625
2026-06-27T23:03:20.996313+00:00,spot_12,Spot 12,Occupied,2026-06-27T22:41:32.126257+00:00,2125,car,0.7779973745346069,5516,83.42723083496094,311.77166748046875,133.78321838378906,333.94464111328125
2026-06-27T23:03:20.996313+00:00,spot_13,Spot 13,Empty,2026-06-27T22:36:21.816789+00:00,,,,,,,,
2026-06-27T23:03:20.996313+00:00,spot_14,Spot 14,Occupied,2026-06-27T23:00:25.591576+00:00,2206,car,0.40336209535598755,466,64.04689025878906,311.68646240234375,92.75108337402344,331.63616943359375
2026-06-27T23:03:20.996313+00:00,spot_15,Spot 15,Empty,2026-06-27T22:54:20.837791+00:00,,,,,,,,
2026-06-27T23:03:20.996313+00:00,spot_16,Spot 16,Occupied,2026-06-27T23:00:25.591576+00:00,2136,car,0.6678652167320251,4617,29.585800170898438,308.5087890625,64.3580322265625,328.078125
2026-06-27T23:03:20.996313+00:00,spot_17,Spot 17,Occupied,2026-06-27T22:43:22.098243+00:00,2190,car,0.5291153788566589,1197,17.712291717529297,308.287109375,41.5920295715332,326.105224609375
2026-06-27T23:04:21.336752+00:00,spot_1,Spot 1,Occupied,2026-06-27T23:03:20.996313+00:00,2215,truck,0.45125332474708557,61,565.436279296875,309.9725646972656,616.25537109375,373.7389221191406
2026-06-27T23:04:21.336752+00:00,spot_2,Spot 2,Occupied,2026-06-27T22:54:20.837791+00:00,2193,car,0.7913218140602112,1019,501.5564880371094,319.157470703125,548.3629150390625,363.972900390625
2026-06-27T23:04:21.336752+00:00,spot_3,Spot 3,Empty,2026-06-27T22:45:22.600760+00:00,,,,,,,,
2026-06-27T23:04:21.336752+00:00,spot_4,Spot 4,Occupied,2026-06-27T23:02:21.572523+00:00,2197,truck,0.6612340211868286,960,365.9331970214844,295.23040771484375,448.4049377441406,366.53924560546875
2026-06-27T23:04:21.336752+00:00,spot_5,Spot 5,Empty,2026-06-27T22:22:22.033124+00:00,,,,,,,,
2026-06-27T23:04:21.336752+00:00,spot_6,Spot 6,Occupied,2026-06-27T20:54:22.350568+00:00,2102,car,0.8691360950469971,8877,286.04107666015625,322.5577697753906,347.28582763671875,356.6020202636719
2026-06-27T23:04:21.336752+00:00,spot_7,Spot 7,Occupied,2026-06-27T23:02:21.572523+00:00,2187,car,0.6110948920249939,1367,247.1480712890625,317.57049560546875,303.013427734375,352.53814697265625
2026-06-27T23:04:21.336752+00:00,spot_8,Spot 8,Occupied,2026-06-27T23:04:21.336752+00:00,2182,truck,0.4726007282733917,1918,196.33444213867188,315.52508544921875,256.38189697265625,352.72344970703125
2026-06-27T23:04:21.336752+00:00,spot_9,Spot 9,Occupied,2026-06-27T22:56:21.647495+00:00,2189,car,0.6894175410270691,1258,174.494140625,321.82720947265625,208.0999755859375,347.4833984375
2026-06-27T23:04:21.336752+00:00,spot_10,Spot 10,Occupied,2026-06-27T23:00:25.591576+00:00,2212,car,0.8023912310600281,236,149.97369384765625,316.33538818359375,193.145263671875,342.89263916015625
2026-06-27T23:04:21.336752+00:00,spot_11,Spot 11,Occupied,2026-06-27T22:57:22.930823+00:00,2208,car,0.6078430414199829,417,127.43730926513672,310.96759033203125,179.595703125,339.601318359375
2026-06-27T23:04:21.336752+00:00,spot_12,Spot 12,Occupied,2026-06-27T22:41:32.126257+00:00,2125,car,0.75834059715271,5577,86.04144287109375,311.47930908203125,133.98036193847656,334.08197021484375
2026-06-27T23:04:21.336752+00:00,spot_13,Spot 13,Empty,2026-06-27T22:36:21.816789+00:00,,,,,,,,
2026-06-27T23:04:21.336752+00:00,spot_14,Spot 14,Occupied,2026-06-27T23:00:25.591576+00:00,2206,car,0.5390808582305908,528,63.33208465576172,310.47894287109375,89.02997589111328,331.18084716796875
2026-06-27T23:04:21.336752+00:00,spot_15,Spot 15,Occupied,2026-06-27T23:04:21.336752+00:00,2136,car,0.5451535582542419,4678,34.781349182128906,308.47357177734375,66.79458618164062,327.90667724609375
2026-06-27T23:04:21.336752+00:00,spot_16,Spot 16,Empty,2026-06-27T23:04:21.336752+00:00,,,,,,,,
2026-06-27T23:04:21.336752+00:00,spot_17,Spot 17,Occupied,2026-06-27T22:43:22.098243+00:00,2190,car,0.5436917543411255,1258,15.56948471069336,308.52764892578125,40.34073257446289,326.08160400390625
2026-06-27T23:05:21.963475+00:00,spot_1,Spot 1,Occupied,2026-06-27T23:03:20.996313+00:00,2215,truck,0.5780779123306274,121,566.2591552734375,310.20513916015625,614.79296875,374.64801025390625
2026-06-27T23:05:21.963475+00:00,spot_2,Spot 2,Occupied,2026-06-27T22:54:20.837791+00:00,2193,car,0.860079288482666,1079,501.985107421875,320.9452819824219,547.366943359375,364.9927673339844
2026-06-27T23:05:21.963475+00:00,spot_3,Spot 3,Empty,2026-06-27T22:45:22.600760+00:00,,,,,,,,
2026-06-27T23:05:21.963475+00:00,spot_4,Spot 4,Occupied,2026-06-27T23:02:21.572523+00:00,2197,truck,0.6282474994659424,1020,365.49969482421875,293.2750244140625,446.31036376953125,366.7447509765625
2026-06-27T23:05:21.963475+00:00,spot_5,Spot 5,Empty,2026-06-27T22:22:22.033124+00:00,,,,,,,,
2026-06-27T23:05:21.963475+00:00,spot_6,Spot 6,Occupied,2026-06-27T20:54:22.350568+00:00,2102,car,0.8455212116241455,8938,286.0145263671875,321.25238037109375,348.204345703125,356.94354248046875
2026-06-27T23:05:21.963475+00:00,spot_7,Spot 7,Occupied,2026-06-27T23:02:21.572523+00:00,2187,car,0.422524631023407,1427,246.8531036376953,316.40216064453125,303.51531982421875,352.56964111328125
2026-06-27T23:05:21.963475+00:00,spot_8,Spot 8,Occupied,2026-06-27T23:05:21.963475+00:00,2210,car,0.5972530841827393,359,196.81442260742188,316.27783203125,256.8152160644531,352.3172607421875
2026-06-27T23:05:21.963475+00:00,spot_9,Spot 9,Occupied,2026-06-27T22:56:21.647495+00:00,2189,car,0.5612136125564575,1319,174.69564819335938,322.366943359375,211.43801879882812,347.59423828125
2026-06-27T23:05:21.963475+00:00,spot_10,Spot 10,Occupied,2026-06-27T23:00:25.591576+00:00,2212,car,0.7778047323226929,296,149.98501586914062,316.2830810546875,195.43276977539062,342.940185546875
2026-06-27T23:05:21.963475+00:00,spot_11,Spot 11,Occupied,2026-06-27T22:57:22.930823+00:00,2208,car,0.48892343044281006,478,127.5352783203125,310.37286376953125,181.760009765625,339.95147705078125
2026-06-27T23:05:21.963475+00:00,spot_12,Spot 12,Occupied,2026-06-27T22:41:32.126257+00:00,2125,car,0.8135203719139099,5637,86.01019287109375,311.218505859375,133.86224365234375,334.1278076171875
2026-06-27T23:05:21.963475+00:00,spot_13,Spot 13,Empty,2026-06-27T22:36:21.816789+00:00,,,,,,,,
2026-06-27T23:05:21.963475+00:00,spot_14,Spot 14,Empty,2026-06-27T23:05:21.963475+00:00,,,,,,,,
2026-06-27T23:05:21.963475+00:00,spot_15,Spot 15,Empty,2026-06-27T23:05:21.963475+00:00,,,,,,,,
2026-06-27T23:05:21.963475+00:00,spot_16,Spot 16,Occupied,2026-06-27T23:05:21.963475+00:00,2136,car,0.6440967321395874,4738,32.334999084472656,308.34405517578125,66.53852081298828,327.84832763671875
2026-06-27T23:05:21.963475+00:00,spot_17,Spot 17,Occupied,2026-06-27T22:43:22.098243+00:00,2190,car,0.4023350179195404,1319,15.936203002929688,308.47344970703125,36.480690002441406,326.23516845703125
2026-06-27T23:06:20.907143+00:00,spot_1,Spot 1,Occupied,2026-06-27T23:06:20.907143+00:00,2216,car,0.3770087659358978,0,566.3737182617188,310.27642822265625,616.1904907226562,373.97222900390625
2026-06-27T23:06:20.907143+00:00,spot_2,Spot 2,Occupied,2026-06-27T22:54:20.837791+00:00,2193,car,0.8388179540634155,1137,501.70587158203125,320.00244140625,549.3692016601562,363.9588623046875
2026-06-27T23:06:20.907143+00:00,spot_3,Spot 3,Empty,2026-06-27T22:45:22.600760+00:00,,,,,,,,
2026-06-27T23:06:20.907143+00:00,spot_4,Spot 4,Occupied,2026-06-27T23:02:21.572523+00:00,2197,truck,0.6260654926300049,1078,364.9610595703125,294.6035461425781,447.2490234375,366.5617370605469
2026-06-27T23:06:20.907143+00:00,spot_5,Spot 5,Empty,2026-06-27T22:22:22.033124+00:00,,,,,,,,
2026-06-27T23:06:20.907143+00:00,spot_6,Spot 6,Occupied,2026-06-27T20:54:22.350568+00:00,2102,car,0.8659448623657227,8996,286.86138916015625,322.280029296875,347.34393310546875,356.28045654296875
2026-06-27T23:06:20.907143+00:00,spot_7,Spot 7,Occupied,2026-06-27T23:02:21.572523+00:00,2187,car,0.6688137054443359,1485,247.01104736328125,317.2989501953125,302.875732421875,352.4429931640625
2026-06-27T23:06:20.907143+00:00,spot_8,Spot 8,Occupied,2026-06-27T23:05:21.963475+00:00,2210,car,0.4440813660621643,417,194.3029327392578,315.7928161621094,255.7504425048828,352.1528015136719
2026-06-27T23:06:20.907143+00:00,spot_9,Spot 9,Occupied,2026-06-27T22:56:21.647495+00:00,2189,car,0.7323776483535767,1377,172.68423461914062,323.6048583984375,201.79946899414062,346.85418701171875
2026-06-27T23:06:20.907143+00:00,spot_10,Spot 10,Occupied,2026-06-27T23:00:25.591576+00:00,2212,car,0.7790583372116089,354,150.2798614501953,316.4210205078125,192.43019104003906,342.36962890625
2026-06-27T23:06:20.907143+00:00,spot_11,Spot 11,Occupied,2026-06-27T22:57:22.930823+00:00,2208,car,0.4392305016517639,536,127.43955993652344,310.11962890625,180.58766174316406,339.602783203125
2026-06-27T23:06:20.907143+00:00,spot_12,Spot 12,Occupied,2026-06-27T22:41:32.126257+00:00,2125,car,0.7766112089157104,5695,85.31526184082031,311.471435546875,134.04891967773438,334.5206298828125
2026-06-27T23:06:20.907143+00:00,spot_13,Spot 13,Empty,2026-06-27T22:36:21.816789+00:00,,,,,,,,
2026-06-27T23:06:20.907143+00:00,spot_14,Spot 14,Empty,2026-06-27T23:05:21.963475+00:00,,,,,,,,
2026-06-27T23:06:20.907143+00:00,spot_15,Spot 15,Empty,2026-06-27T23:05:21.963475+00:00,,,,,,,,
2026-06-27T23:06:20.907143+00:00,spot_16,Spot 16,Occupied,2026-06-27T23:05:21.963475+00:00,2136,car,0.6355772614479065,4796,32.09412384033203,308.1980285644531,68.10224151611328,327.8922424316406
2026-06-27T23:06:20.907143+00:00,spot_17,Spot 17,Occupied,2026-06-27T22:43:22.098243+00:00,2190,car,0.5836845636367798,1377,15.521377563476562,308.5737609863281,35.70767593383789,326.2418518066406
2026-06-27T23:07:21.162077+00:00,spot_1,Spot 1,Occupied,2026-06-27T23:06:20.907143+00:00,2216,car,0.6781756281852722,61,565.4306030273438,310.11474609375,615.6992797851562,373.4371337890625
2026-06-27T23:07:21.162077+00:00,spot_2,Spot 2,Occupied,2026-06-27T22:54:20.837791+00:00,2193,car,0.8351361155509949,1199,502.0372314453125,319.48211669921875,546.5098876953125,362.27667236328125
2026-06-27T23:07:21.162077+00:00,spot_3,Spot 3,Empty,2026-06-27T22:45:22.600760+00:00,,,,,,,,
2026-06-27T23:07:21.162077+00:00,spot_4,Spot 4,Occupied,2026-06-27T23:02:21.572523+00:00,2197,truck,0.5600221157073975,1139,365.8901672363281,293.89697265625,446.6211242675781,366.6533203125
2026-06-27T23:07:21.162077+00:00,spot_5,Spot 5,Empty,2026-06-27T22:22:22.033124+00:00,,,,,,,,
2026-06-27T23:07:21.162077+00:00,spot_6,Spot 6,Occupied,2026-06-27T20:54:22.350568+00:00,2102,car,0.8680493235588074,9057,286.60589599609375,322.6377868652344,346.39251708984375,357.1037902832031
2026-06-27T23:07:21.162077+00:00,spot_7,Spot 7,Occupied,2026-06-27T23:02:21.572523+00:00,2187,car,0.5995224714279175,1546,247.09109497070312,317.07305908203125,303.7580871582031,352.30364990234375
2026-06-27T23:07:21.162077+00:00,spot_8,Spot 8,Occupied,2026-06-27T23:07:21.162077+00:00,2182,truck,0.4691649377346039,2097,193.1602783203125,315.9484558105469,256.03692626953125,352.5494079589844
2026-06-27T23:07:21.162077+00:00,spot_9,Spot 9,Occupied,2026-06-27T22:56:21.647495+00:00,2189,car,0.6477194428443909,1438,173.12014770507812,323.6373291015625,203.22018432617188,347.13275146484375
2026-06-27T23:07:21.162077+00:00,spot_10,Spot 10,Occupied,2026-06-27T23:00:25.591576+00:00,2212,car,0.8167951703071594,415,149.7113037109375,316.68890380859375,193.458251953125,342.29290771484375
2026-06-27T23:07:21.162077+00:00,spot_11,Spot 11,Occupied,2026-06-27T22:57:22.930823+00:00,2208,car,0.4158226251602173,597,127.32217407226562,310.7950439453125,179.562255859375,339.757568359375
2026-06-27T23:07:21.162077+00:00,spot_12,Spot 12,Occupied,2026-06-27T22:41:32.126257+00:00,2125,car,0.7921623587608337,5756,86.14961242675781,311.343017578125,133.6553192138672,334.0771484375
2026-06-27T23:07:21.162077+00:00,spot_13,Spot 13,Empty,2026-06-27T22:36:21.816789+00:00,,,,,,,,
2026-06-27T23:07:21.162077+00:00,spot_14,Spot 14,Occupied,2026-06-27T23:07:21.162077+00:00,2206,car,0.3777291774749756,707,66.13218688964844,310.90283203125,89.50740051269531,331.20758056640625
2026-06-27T23:07:21.162077+00:00,spot_15,Spot 15,Empty,2026-06-27T23:05:21.963475+00:00,,,,,,,,
2026-06-27T23:07:21.162077+00:00,spot_16,Spot 16,Occupied,2026-06-27T23:05:21.963475+00:00,2136,car,0.5336020588874817,4858,32.29161071777344,308.5311279296875,66.64191436767578,327.790771484375
2026-06-27T23:07:21.162077+00:00,spot_17,Spot 17,Empty,2026-06-27T23:07:21.162077+00:00,,,,,,,,
2026-06-27T23:08:21.533795+00:00,spot_1,Spot 1,Empty,2026-06-27T23:08:21.533795+00:00,,,,,,,,
2026-06-27T23:08:21.533795+00:00,spot_2,Spot 2,Occupied,2026-06-27T22:54:20.837791+00:00,2193,car,0.7370086312294006,1259,501.32183837890625,326.002685546875,542.3612670898438,362.87109375
2026-06-27T23:08:21.533795+00:00,spot_3,Spot 3,Empty,2026-06-27T22:45:22.600760+00:00,,,,,,,,
2026-06-27T23:08:21.533795+00:00,spot_4,Spot 4,Occupied,2026-06-27T23:02:21.572523+00:00,2197,truck,0.5916237235069275,1200,364.8988037109375,294.50048828125,447.188232421875,365.9866943359375
2026-06-27T23:08:21.533795+00:00,spot_5,Spot 5,Empty,2026-06-27T22:22:22.033124+00:00,,,,,,,,
2026-06-27T23:08:21.533795+00:00,spot_6,Spot 6,Occupied,2026-06-27T20:54:22.350568+00:00,2102,car,0.8009389042854309,9117,285.652099609375,322.54693603515625,345.19189453125,357.08197021484375
2026-06-27T23:08:21.533795+00:00,spot_7,Spot 7,Occupied,2026-06-27T23:08:21.533795+00:00,2217,truck,0.38944607973098755,0,247.153076171875,317.2937316894531,303.07232666015625,352.2455749511719
2026-06-27T23:08:21.533795+00:00,spot_8,Spot 8,Occupied,2026-06-27T23:07:21.162077+00:00,2182,truck,0.607699990272522,2158,197.64987182617188,316.42266845703125,254.57931518554688,351.53826904296875
2026-06-27T23:08:21.533795+00:00,spot_9,Spot 9,Occupied,2026-06-27T22:56:21.647495+00:00,2189,car,0.5835767984390259,1498,173.55943298339844,322.6064453125,208.22080993652344,346.8057861328125
2026-06-27T23:08:21.533795+00:00,spot_10,Spot 10,Occupied,2026-06-27T23:00:25.591576+00:00,2212,car,0.749237596988678,475,150.13388061523438,315.8647766113281,192.21884155273438,341.9991149902344
2026-06-27T23:08:21.533795+00:00,spot_11,Spot 11,Occupied,2026-06-27T23:08:21.533795+00:00,2218,car,0.36373206973075867,0,127.56023406982422,312.9774475097656,157.12908935546875,339.5215148925781
2026-06-27T23:08:21.533795+00:00,spot_12,Spot 12,Occupied,2026-06-27T22:41:32.126257+00:00,2125,car,0.6858549118041992,5817,85.71728515625,310.8736877441406,133.4423370361328,333.6470642089844
2026-06-27T23:08:21.533795+00:00,spot_13,Spot 13,Empty,2026-06-27T22:36:21.816789+00:00,,,,,,,,
2026-06-27T23:08:21.533795+00:00,spot_14,Spot 14,Empty,2026-06-27T23:08:21.533795+00:00,,,,,,,,
2026-06-27T23:08:21.533795+00:00,spot_15,Spot 15,Empty,2026-06-27T23:05:21.963475+00:00,,,,,,,,
2026-06-27T23:08:21.533795+00:00,spot_16,Spot 16,Empty,2026-06-27T23:08:21.533795+00:00,,,,,,,,
2026-06-27T23:08:21.533795+00:00,spot_17,Spot 17,Empty,2026-06-27T23:07:21.162077+00:00,,,,,,,,
2026-06-27T23:09:30.317544+00:00,spot_1,Spot 1,Occupied,2026-06-27T23:09:30.317544+00:00,2216,car,0.6949257850646973,191,565.75390625,309.9266052246094,617.274658203125,373.7247619628906
2026-06-27T23:09:30.317544+00:00,spot_2,Spot 2,Occupied,2026-06-27T22:54:20.837791+00:00,2193,car,0.7755364179611206,1329,501.1031494140625,320.1300048828125,545.963134765625,362.3748779296875
2026-06-27T23:09:30.317544+00:00,spot_3,Spot 3,Empty,2026-06-27T22:45:22.600760+00:00,,,,,,,,
2026-06-27T23:09:30.317544+00:00,spot_4,Spot 4,Occupied,2026-06-27T23:02:21.572523+00:00,2197,truck,0.7255882024765015,1270,366.4778137207031,295.17919921875,446.5819396972656,367.1282958984375
2026-06-27T23:09:30.317544+00:00,spot_5,Spot 5,Empty,2026-06-27T22:22:22.033124+00:00,,,,,,,,
2026-06-27T23:09:30.317544+00:00,spot_6,Spot 6,Occupied,2026-06-27T20:54:22.350568+00:00,2102,car,0.8380220532417297,9187,285.3155212402344,321.0900573730469,346.3749084472656,357.0889587402344
2026-06-27T23:09:30.317544+00:00,spot_7,Spot 7,Occupied,2026-06-27T23:09:30.317544+00:00,2187,car,0.59975665807724,1677,246.9708251953125,313.1375427246094,301.44537353515625,352.1846008300781
2026-06-27T23:09:30.317544+00:00,spot_8,Spot 8,Occupied,2026-06-27T23:09:30.317544+00:00,2210,car,0.42009952664375305,609,196.010986328125,315.89013671875,256.1217041015625,351.94061279296875
2026-06-27T23:09:30.317544+00:00,spot_9,Spot 9,Occupied,2026-06-27T22:56:21.647495+00:00,2189,car,0.5326029062271118,1568,174.02749633789062,320.59002685546875,208.17428588867188,347.09149169921875
2026-06-27T23:09:30.317544+00:00,spot_10,Spot 10,Occupied,2026-06-27T23:00:25.591576+00:00,2212,car,0.7899661660194397,545,150.08755493164062,316.0330810546875,192.89312744140625,342.30987548828125
2026-06-27T23:09:30.317544+00:00,spot_11,Spot 11,Occupied,2026-06-27T23:09:30.317544+00:00,2208,car,0.4468223452568054,727,127.26819610595703,310.57781982421875,179.0205078125,338.95880126953125
2026-06-27T23:09:30.317544+00:00,spot_12,Spot 12,Occupied,2026-06-27T22:41:32.126257+00:00,2125,car,0.7678935527801514,5887,85.85546875,311.3414306640625,133.37112426757812,333.85772705078125
2026-06-27T23:09:30.317544+00:00,spot_13,Spot 13,Empty,2026-06-27T22:36:21.816789+00:00,,,,,,,,
2026-06-27T23:09:30.317544+00:00,spot_14,Spot 14,Empty,2026-06-27T23:08:21.533795+00:00,,,,,,,,
2026-06-27T23:09:30.317544+00:00,spot_15,Spot 15,Empty,2026-06-27T23:05:21.963475+00:00,,,,,,,,
2026-06-27T23:09:30.317544+00:00,spot_16,Spot 16,Occupied,2026-06-27T23:09:30.317544+00:00,2136,car,0.6198889017105103,4988,31.76421356201172,308.492431640625,65.41472625732422,327.67919921875
2026-06-27T23:09:30.317544+00:00,spot_17,Spot 17,Occupied,2026-06-27T23:09:30.317544+00:00,2219,car,0.5335401296615601,0,15.97216796875,308.11700439453125,41.43849182128906,325.9771728515625
2026-06-27T23:10:22.647728+00:00,spot_1,Spot 1,Occupied,2026-06-27T23:09:30.317544+00:00,2216,car,0.5961129069328308,242,565.226318359375,310.15155029296875,615.4833984375,374.18670654296875
2026-06-27T23:10:22.647728+00:00,spot_2,Spot 2,Occupied,2026-06-27T22:54:20.837791+00:00,2193,car,0.7988731861114502,1380,501.2734069824219,319.4696960449219,548.240234375,364.2977600097656
2026-06-27T23:10:22.647728+00:00,spot_3,Spot 3,Empty,2026-06-27T22:45:22.600760+00:00,,,,,,,,
2026-06-27T23:10:22.647728+00:00,spot_4,Spot 4,Empty,2026-06-27T23:10:22.647728+00:00,,,,,,,,
2026-06-27T23:10:22.647728+00:00,spot_5,Spot 5,Occupied,2026-06-27T23:10:22.647728+00:00,2197,truck,0.8077368140220642,1321,339.041259765625,303.0072021484375,423.04931640625,383.6624755859375
2026-06-27T23:10:22.647728+00:00,spot_6,Spot 6,Occupied,2026-06-27T20:54:22.350568+00:00,2102,car,0.8711983561515808,9238,286.88323974609375,321.5345458984375,342.92315673828125,356.79779052734375
2026-06-27T23:10:22.647728+00:00,spot_7,Spot 7,Occupied,2026-06-27T23:09:30.317544+00:00,2187,car,0.7216792106628418,1728,247.18328857421875,317.13470458984375,301.92620849609375,352.50836181640625
2026-06-27T23:10:22.647728+00:00,spot_8,Spot 8,Occupied,2026-06-27T23:09:30.317544+00:00,2210,car,0.6799948215484619,660,193.34359741210938,315.808349609375,256.29058837890625,352.3624267578125
2026-06-27T23:10:22.647728+00:00,spot_9,Spot 9,Occupied,2026-06-27T22:56:21.647495+00:00,2189,car,0.7059713006019592,1619,173.91656494140625,323.6591796875,200.27325439453125,347.7615966796875
2026-06-27T23:10:22.647728+00:00,spot_10,Spot 10,Occupied,2026-06-27T23:00:25.591576+00:00,2212,car,0.7694820761680603,597,150.02883911132812,316.120849609375,194.45022583007812,342.75634765625
2026-06-27T23:10:22.647728+00:00,spot_11,Spot 11,Occupied,2026-06-27T23:09:30.317544+00:00,2208,car,0.6417504549026489,778,127.1629409790039,310.30072021484375,181.13528442382812,339.8814697265625
2026-06-27T23:10:22.647728+00:00,spot_12,Spot 12,Occupied,2026-06-27T22:41:32.126257+00:00,2125,car,0.7187774181365967,5938,84.95991516113281,311.6122741699219,132.63787841796875,334.6191101074219
2026-06-27T23:10:22.647728+00:00,spot_13,Spot 13,Empty,2026-06-27T22:36:21.816789+00:00,,,,,,,,
2026-06-27T23:10:22.647728+00:00,spot_14,Spot 14,Occupied,2026-06-27T23:10:22.647728+00:00,2220,car,0.3932000398635864,0,65.32659912109375,310.6744689941406,89.04559326171875,331.2668762207031
2026-06-27T23:10:22.647728+00:00,spot_15,Spot 15,Occupied,2026-06-27T23:10:22.647728+00:00,2136,car,0.7908006906509399,5039,32.752357482910156,307.9417724609375,67.30825805664062,328.20648193359375
2026-06-27T23:10:22.647728+00:00,spot_16,Spot 16,Empty,2026-06-27T23:10:22.647728+00:00,,,,,,,,
2026-06-27T23:10:22.647728+00:00,spot_17,Spot 17,Empty,2026-06-27T23:10:22.647728+00:00,,,,,,,,
2026-06-27T23:11:22.336559+00:00,spot_1,Spot 1,Occupied,2026-06-27T23:11:22.336559+00:00,2224,truck,0.3762018382549286,0,563.9981689453125,309.24383544921875,615.1568603515625,373.24664306640625
2026-06-27T23:11:22.336559+00:00,spot_2,Spot 2,Occupied,2026-06-27T22:54:20.837791+00:00,2193,car,0.5887365341186523,1440,501.7529602050781,320.1866455078125,546.805419921875,362.996337890625
2026-06-27T23:11:22.336559+00:00,spot_3,Spot 3,Empty,2026-06-27T22:45:22.600760+00:00,,,,,,,,
2026-06-27T23:11:22.336559+00:00,spot_4,Spot 4,Empty,2026-06-27T23:10:22.647728+00:00,,,,,,,,
2026-06-27T23:11:22.336559+00:00,spot_5,Spot 5,Empty,2026-06-27T23:11:22.336559+00:00,,,,,,,,
2026-06-27T23:11:22.336559+00:00,spot_6,Spot 6,Occupied,2026-06-27T20:54:22.350568+00:00,2102,car,0.8323296904563904,9298,285.3359680175781,323.1119689941406,346.9911804199219,356.7620544433594
2026-06-27T23:11:22.336559+00:00,spot_7,Spot 7,Occupied,2026-06-27T23:11:22.336559+00:00,2221,truck,0.41059818863868713,0,247.1016082763672,318.15972900390625,303.19976806640625,352.63482666015625
2026-06-27T23:11:22.336559+00:00,spot_8,Spot 8,Occupied,2026-06-27T23:11:22.336559+00:00,2182,truck,0.7059566974639893,2338,197.50051879882812,316.26605224609375,256.06695556640625,352.82623291015625
2026-06-27T23:11:22.336559+00:00,spot_9,Spot 9,Occupied,2026-06-27T22:56:21.647495+00:00,2189,car,0.5001754760742188,1679,174.71551513671875,323.6421813964844,200.65216064453125,347.2961120605469
2026-06-27T23:11:22.336559+00:00,spot_10,Spot 10,Occupied,2026-06-27T23:00:25.591576+00:00,2212,car,0.7713660597801208,656,150.36685180664062,317.142578125,193.48947143554688,342.5462646484375
2026-06-27T23:11:22.336559+00:00,spot_11,Spot 11,Occupied,2026-06-27T23:11:22.336559+00:00,2222,car,0.39806315302848816,0,127.61148071289062,313.1817626953125,160.711669921875,339.66290283203125
2026-06-27T23:11:22.336559+00:00,spot_12,Spot 12,Occupied,2026-06-27T22:41:32.126257+00:00,2125,car,0.7506771683692932,5997,86.01417541503906,311.6380615234375,132.39393615722656,333.9415283203125
2026-06-27T23:11:22.336559+00:00,spot_13,Spot 13,Occupied,2026-06-27T23:11:22.336559+00:00,2220,car,0.46033579111099243,59,72.0472183227539,311.80291748046875,95.62671661376953,331.75164794921875
2026-06-27T23:11:22.336559+00:00,spot_14,Spot 14,Occupied,2026-06-27T23:11:22.336559+00:00,2223,car,0.37628084421157837,0,63.463130950927734,311.00482177734375,79.7066650390625,328.6822509765625
2026-06-27T23:11:22.336559+00:00,spot_15,Spot 15,Occupied,2026-06-27T23:10:22.647728+00:00,2136,car,0.6397916674613953,5099,31.963302612304688,308.3299865722656,68.42658996582031,328.2118225097656
2026-06-27T23:11:22.336559+00:00,spot_16,Spot 16,Empty,2026-06-27T23:10:22.647728+00:00,,,,,,,,
2026-06-27T23:11:22.336559+00:00,spot_17,Spot 17,Empty,2026-06-27T23:10:22.647728+00:00,,,,,,,,
2026-06-27T23:12:22.008166+00:00,spot_1,Spot 1,Occupied,2026-06-27T23:11:22.336559+00:00,2224,truck,0.46013110876083374,59,565.654296875,310.5748596191406,615.9425048828125,373.5554504394531
2026-06-27T23:12:22.008166+00:00,spot_2,Spot 2,Occupied,2026-06-27T22:54:20.837791+00:00,2193,car,0.7787679433822632,1499,502.158447265625,320.5716857910156,546.9847412109375,363.7542419433594
2026-06-27T23:12:22.008166+00:00,spot_3,Spot 3,Empty,2026-06-27T22:45:22.600760+00:00,,,,,,,,
2026-06-27T23:12:22.008166+00:00,spot_4,Spot 4,Empty,2026-06-27T23:10:22.647728+00:00,,,,,,,,
2026-06-27T23:12:22.008166+00:00,spot_5,Spot 5,Empty,2026-06-27T23:11:22.336559+00:00,,,,,,,,
2026-06-27T23:12:22.008166+00:00,spot_6,Spot 6,Occupied,2026-06-27T20:54:22.350568+00:00,2102,car,0.8601711988449097,9358,286.64666748046875,322.494873046875,346.90423583984375,356.8448486328125
2026-06-27T23:12:22.008166+00:00,spot_7,Spot 7,Occupied,2026-06-27T23:12:22.008166+00:00,2187,car,0.5854803323745728,1847,247.012939453125,316.9486083984375,301.36944580078125,352.4652099609375
2026-06-27T23:12:22.008166+00:00,spot_8,Spot 8,Occupied,2026-06-27T23:11:22.336559+00:00,2182,truck,0.43146249651908875,2398,194.84205627441406,316.84674072265625,255.12474060058594,352.17376708984375
2026-06-27T23:12:22.008166+00:00,spot_9,Spot 9,Occupied,2026-06-27T22:56:21.647495+00:00,2189,car,0.5676620602607727,1739,173.849365234375,323.8689270019531,200.137939453125,347.0260314941406
2026-06-27T23:12:22.008166+00:00,spot_10,Spot 10,Occupied,2026-06-27T23:00:25.591576+00:00,2212,car,0.7963246703147888,716,150.0620574951172,317.0638427734375,199.21751403808594,342.94287109375
2026-06-27T23:12:22.008166+00:00,spot_11,Spot 11,Empty,2026-06-27T23:12:22.008166+00:00,,,,,,,,
2026-06-27T23:12:22.008166+00:00,spot_12,Spot 12,Occupied,2026-06-27T22:41:32.126257+00:00,2125,car,0.7696056962013245,6057,86.41082763671875,311.81842041015625,133.17276000976562,334.51336669921875
2026-06-27T23:12:22.008166+00:00,spot_13,Spot 13,Empty,2026-06-27T23:12:22.008166+00:00,,,,,,,,
2026-06-27T23:12:22.008166+00:00,spot_14,Spot 14,Occupied,2026-06-27T23:11:22.336559+00:00,2223,car,0.48959288001060486,59,63.71653747558594,311.3315124511719,88.34654235839844,330.9294128417969
2026-06-27T23:12:22.008166+00:00,spot_15,Spot 15,Empty,2026-06-27T23:12:22.008166+00:00,,,,,,,,
2026-06-27T23:12:22.008166+00:00,spot_16,Spot 16,Occupied,2026-06-27T23:12:22.008166+00:00,2136,car,0.6439043879508972,5158,31.972108840942383,308.36968994140625,67.05548095703125,328.22003173828125
2026-06-27T23:12:22.008166+00:00,spot_17,Spot 17,Empty,2026-06-27T23:10:22.647728+00:00,,,,,,,,
2026-06-27T23:13:22.568209+00:00,spot_1,Spot 1,Occupied,2026-06-27T23:11:22.336559+00:00,2224,truck,0.5522539615631104,119,565.8438720703125,310.4721984863281,615.7855224609375,373.8946228027344
2026-06-27T23:13:22.568209+00:00,spot_2,Spot 2,Occupied,2026-06-27T22:54:20.837791+00:00,2193,car,0.7873788475990295,1559,501.3244934082031,319.7760925292969,547.555419921875,364.3345642089844
2026-06-27T23:13:22.568209+00:00,spot_3,Spot 3,Empty,2026-06-27T22:45:22.600760+00:00,,,,,,,,
2026-06-27T23:13:22.568209+00:00,spot_4,Spot 4,Empty,2026-06-27T23:10:22.647728+00:00,,,,,,,,
2026-06-27T23:13:22.568209+00:00,spot_5,Spot 5,Empty,2026-06-27T23:11:22.336559+00:00,,,,,,,,
2026-06-27T23:13:22.568209+00:00,spot_6,Spot 6,Occupied,2026-06-27T20:54:22.350568+00:00,2102,car,0.8502815365791321,9418,286.214599609375,323.44476318359375,351.8118896484375,357.38983154296875
2026-06-27T23:13:22.568209+00:00,spot_7,Spot 7,Occupied,2026-06-27T23:12:22.008166+00:00,2187,car,0.5225790739059448,1907,247.173828125,315.7379150390625,302.43450927734375,352.48394775390625
2026-06-27T23:13:22.568209+00:00,spot_8,Spot 8,Occupied,2026-06-27T23:11:22.336559+00:00,2182,truck,0.6748033165931702,2458,196.2479248046875,316.53057861328125,255.27496337890625,352.46673583984375
2026-06-27T23:13:22.568209+00:00,spot_9,Spot 9,Occupied,2026-06-27T22:56:21.647495+00:00,2189,car,0.6691387295722961,1799,174.29049682617188,323.615966796875,201.05111694335938,346.9635009765625
2026-06-27T23:13:22.568209+00:00,spot_10,Spot 10,Occupied,2026-06-27T23:00:25.591576+00:00,2212,car,0.7366003394126892,776,150.32672119140625,316.81329345703125,193.169921875,342.78826904296875
2026-06-27T23:13:22.568209+00:00,spot_11,Spot 11,Empty,2026-06-27T23:12:22.008166+00:00,,,,,,,,
2026-06-27T23:13:22.568209+00:00,spot_12,Spot 12,Occupied,2026-06-27T22:41:32.126257+00:00,2125,car,0.752087414264679,6117,86.13836669921875,311.8138122558594,133.7798614501953,334.5403137207031
2026-06-27T23:13:22.568209+00:00,spot_13,Spot 13,Empty,2026-06-27T23:12:22.008166+00:00,,,,,,,,
2026-06-27T23:13:22.568209+00:00,spot_14,Spot 14,Empty,2026-06-27T23:13:22.568209+00:00,,,,,,,,
2026-06-27T23:13:22.568209+00:00,spot_15,Spot 15,Empty,2026-06-27T23:12:22.008166+00:00,,,,,,,,
2026-06-27T23:13:22.568209+00:00,spot_16,Spot 16,Occupied,2026-06-27T23:12:22.008166+00:00,2136,car,0.6586804389953613,5218,32.19667053222656,308.43194580078125,65.24251556396484,327.93267822265625
2026-06-27T23:13:22.568209+00:00,spot_17,Spot 17,Empty,2026-06-27T23:10:22.647728+00:00,,,,,,,,
2026-06-27T23:14:21.104671+00:00,spot_1,Spot 1,Occupied,2026-06-27T23:14:21.104671+00:00,2225,bus,0.5245856642723083,0,566.1014404296875,309.45758056640625,615.5076904296875,374.06195068359375
2026-06-27T23:14:21.104671+00:00,spot_2,Spot 2,Occupied,2026-06-27T22:54:20.837791+00:00,2193,car,0.7883592247962952,1618,501.1919250488281,320.69183349609375,545.96630859375,364.30670166015625
2026-06-27T23:14:21.104671+00:00,spot_3,Spot 3,Empty,2026-06-27T22:45:22.600760+00:00,,,,,,,,
2026-06-27T23:14:21.104671+00:00,spot_4,Spot 4,Empty,2026-06-27T23:10:22.647728+00:00,,,,,,,,
2026-06-27T23:14:21.104671+00:00,spot_5,Spot 5,Empty,2026-06-27T23:11:22.336559+00:00,,,,,,,,
2026-06-27T23:14:21.104671+00:00,spot_6,Spot 6,Occupied,2026-06-27T20:54:22.350568+00:00,2102,car,0.7835899591445923,9476,286.1051025390625,321.196044921875,341.17236328125,356.941650390625
2026-06-27T23:14:21.104671+00:00,spot_7,Spot 7,Occupied,2026-06-27T23:14:21.104671+00:00,2221,truck,0.4067743122577667,178,246.8645782470703,311.56353759765625,302.60931396484375,352.91082763671875
2026-06-27T23:14:21.104671+00:00,spot_8,Spot 8,Occupied,2026-06-27T23:11:22.336559+00:00,2182,truck,0.42031165957450867,2516,195.44647216796875,316.3279113769531,256.9521484375,352.9017028808594
2026-06-27T23:14:21.104671+00:00,spot_9,Spot 9,Occupied,2026-06-27T22:56:21.647495+00:00,2189,car,0.4881639778614044,1857,171.1893768310547,323.09716796875,200.7071990966797,347.46734619140625
2026-06-27T23:14:21.104671+00:00,spot_10,Spot 10,Occupied,2026-06-27T23:00:25.591576+00:00,2212,car,0.6744381785392761,834,145.44503784179688,317.526123046875,193.9449462890625,344.46148681640625
2026-06-27T23:14:21.104671+00:00,spot_11,Spot 11,Occupied,2026-06-27T23:14:21.104671+00:00,2222,car,0.4078955352306366,178,127.52483367919922,313.20050048828125,169.5177001953125,340.02947998046875
2026-06-27T23:14:21.104671+00:00,spot_12,Spot 12,Occupied,2026-06-27T22:41:32.126257+00:00,2125,car,0.7657430768013,6176,86.14234924316406,311.645263671875,134.9752960205078,334.57861328125
2026-06-27T23:14:21.104671+00:00,spot_13,Spot 13,Empty,2026-06-27T23:12:22.008166+00:00,,,,,,,,
2026-06-27T23:14:21.104671+00:00,spot_14,Spot 14,Empty,2026-06-27T23:13:22.568209+00:00,,,,,,,,
2026-06-27T23:14:21.104671+00:00,spot_15,Spot 15,Empty,2026-06-27T23:12:22.008166+00:00,,,,,,,,
2026-06-27T23:14:21.104671+00:00,spot_16,Spot 16,Occupied,2026-06-27T23:12:22.008166+00:00,2136,car,0.5998990535736084,5277,31.478607177734375,308.8259582519531,64.40861511230469,328.1935729980469
2026-06-27T23:14:21.104671+00:00,spot_17,Spot 17,Empty,2026-06-27T23:10:22.647728+00:00,,,,,,,,
2026-06-27T23:16:22.443377+00:00,spot_1,Spot 1,Occupied,2026-06-27T23:15:21.790471+00:00,2224,truck,0.6793122887611389,300,565.6464233398438,310.6530456542969,616.4913940429688,373.3891906738281
2026-06-27T23:16:22.443377+00:00,spot_2,Spot 2,Occupied,2026-06-27T22:54:20.837791+00:00,2193,car,0.6488493084907532,1740,501.58612060546875,319.51715087890625,546.2612915039062,363.07293701171875
2026-06-27T23:16:22.443377+00:00,spot_3,Spot 3,Empty,2026-06-27T22:45:22.600760+00:00,,,,,,,,
2026-06-27T23:16:22.443377+00:00,spot_4,Spot 4,Empty,2026-06-27T23:10:22.647728+00:00,,,,,,,,
2026-06-27T23:16:22.443377+00:00,spot_5,Spot 5,Empty,2026-06-27T23:11:22.336559+00:00,,,,,,,,
2026-06-27T23:16:22.443377+00:00,spot_6,Spot 6,Occupied,2026-06-27T20:54:22.350568+00:00,2102,car,0.8753840923309326,9598,286.93328857421875,322.8607177734375,348.86456298828125,357.421630859375
2026-06-27T23:16:22.443377+00:00,spot_7,Spot 7,Occupied,2026-06-27T23:15:21.790471+00:00,2187,car,0.658628523349762,2088,247.19659423828125,317.3720703125,301.8529052734375,352.74835205078125
2026-06-27T23:16:22.443377+00:00,spot_8,Spot 8,Occupied,2026-06-27T23:15:21.790471+00:00,2210,car,0.5805146098136902,1020,196.13778686523438,316.056640625,258.7705383300781,352.4703369140625
2026-06-27T23:16:22.443377+00:00,spot_9,Spot 9,Occupied,2026-06-27T22:56:21.647495+00:00,2189,car,0.7342876195907593,1979,173.18157958984375,323.0897216796875,207.38739013671875,347.0413818359375
2026-06-27T23:16:22.443377+00:00,spot_10,Spot 10,Empty,2026-06-27T23:15:21.790471+00:00,,,,,,,,
2026-06-27T23:16:22.443377+00:00,spot_11,Spot 11,Occupied,2026-06-27T23:14:21.104671+00:00,2222,car,0.7940558195114136,300,127.10145568847656,316.66400146484375,181.7015838623047,340.89752197265625
2026-06-27T23:16:22.443377+00:00,spot_12,Spot 12,Occupied,2026-06-27T22:41:32.126257+00:00,2125,car,0.7962680459022522,6297,86.36705017089844,311.63201904296875,134.2671356201172,334.78167724609375
2026-06-27T23:16:22.443377+00:00,spot_13,Spot 13,Empty,2026-06-27T23:12:22.008166+00:00,,,,,,,,
2026-06-27T23:16:22.443377+00:00,spot_14,Spot 14,Occupied,2026-06-27T23:15:21.790471+00:00,2223,car,0.41299548745155334,300,63.587955474853516,310.91253662109375,92.90899658203125,331.25384521484375
2026-06-27T23:16:22.443377+00:00,spot_15,Spot 15,Empty,2026-06-27T23:12:22.008166+00:00,,,,,,,,
2026-06-27T23:16:22.443377+00:00,spot_16,Spot 16,Occupied,2026-06-27T23:12:22.008166+00:00,2136,car,0.5908643007278442,5399,34.35502624511719,308.2319641113281,62.41425323486328,328.0689392089844
2026-06-27T23:16:22.443377+00:00,spot_17,Spot 17,Empty,2026-06-27T23:10:22.647728+00:00,,,,,,,,
2026-06-27T23:17:22.712793+00:00,spot_1,Spot 1,Occupied,2026-06-27T23:15:21.790471+00:00,2224,truck,0.6905431747436523,360,565.4569702148438,310.15985107421875,616.6762084960938,374.46746826171875
2026-06-27T23:17:22.712793+00:00,spot_2,Spot 2,Occupied,2026-06-27T22:54:20.837791+00:00,2193,car,0.5847272276878357,1800,501.29058837890625,319.45947265625,548.6018676757812,363.116455078125
2026-06-27T23:17:22.712793+00:00,spot_3,Spot 3,Empty,2026-06-27T22:45:22.600760+00:00,,,,,,,,
2026-06-27T23:17:22.712793+00:00,spot_4,Spot 4,Empty,2026-06-27T23:10:22.647728+00:00,,,,,,,,
2026-06-27T23:17:22.712793+00:00,spot_5,Spot 5,Empty,2026-06-27T23:11:22.336559+00:00,,,,,,,,
2026-06-27T23:17:22.712793+00:00,spot_6,Spot 6,Occupied,2026-06-27T20:54:22.350568+00:00,2102,car,0.8580060005187988,9658,286.548095703125,322.77899169921875,346.44940185546875,357.06939697265625
2026-06-27T23:17:22.712793+00:00,spot_7,Spot 7,Occupied,2026-06-27T23:17:22.712793+00:00,2227,truck,0.45355114340782166,0,247.05726623535156,311.54949951171875,302.2952880859375,352.526123046875
2026-06-27T23:17:22.712793+00:00,spot_8,Spot 8,Occupied,2026-06-27T23:17:22.712793+00:00,2226,truck,0.663155734539032,0,196.29147338867188,315.6475830078125,255.47634887695312,352.77044677734375
2026-06-27T23:17:22.712793+00:00,spot_9,Spot 9,Occupied,2026-06-27T22:56:21.647495+00:00,2189,car,0.7477472424507141,2039,173.86341857910156,323.4713134765625,211.7444610595703,347.526123046875
2026-06-27T23:17:22.712793+00:00,spot_10,Spot 10,Empty,2026-06-27T23:15:21.790471+00:00,,,,,,,,
2026-06-27T23:17:22.712793+00:00,spot_11,Spot 11,Occupied,2026-06-27T23:14:21.104671+00:00,2222,car,0.7490043640136719,360,127.47779846191406,316.2122802734375,181.4240264892578,339.8299560546875
2026-06-27T23:17:22.712793+00:00,spot_12,Spot 12,Occupied,2026-06-27T22:41:32.126257+00:00,2125,car,0.7847723364830017,6358,86.2861328125,311.6199645996094,133.86045837402344,334.4387512207031
2026-06-27T23:17:22.712793+00:00,spot_13,Spot 13,Empty,2026-06-27T23:12:22.008166+00:00,,,,,,,,
2026-06-27T23:17:22.712793+00:00,spot_14,Spot 14,Occupied,2026-06-27T23:15:21.790471+00:00,2223,car,0.3955707550048828,360,69.90876770019531,311.4983215332031,97.55424499511719,332.0138244628906
2026-06-27T23:17:22.712793+00:00,spot_15,Spot 15,Empty,2026-06-27T23:12:22.008166+00:00,,,,,,,,
2026-06-27T23:17:22.712793+00:00,spot_16,Spot 16,Occupied,2026-06-27T23:12:22.008166+00:00,2136,car,0.6899849772453308,5459,33.03948974609375,308.41986083984375,66.71321105957031,327.99957275390625
2026-06-27T23:17:22.712793+00:00,spot_17,Spot 17,Empty,2026-06-27T23:10:22.647728+00:00,,,,,,,,
2026-06-27T23:18:21.714147+00:00,spot_1,Spot 1,Occupied,2026-06-27T23:18:21.714147+00:00,2228,car,0.430257648229599,0,565.7535400390625,310.37994384765625,615.4720458984375,372.81976318359375
2026-06-27T23:18:21.714147+00:00,spot_2,Spot 2,Occupied,2026-06-27T22:54:20.837791+00:00,2193,car,0.8112218379974365,1859,501.51788330078125,319.977294921875,547.2695922851562,363.7384033203125
2026-06-27T23:18:21.714147+00:00,spot_3,Spot 3,Empty,2026-06-27T22:45:22.600760+00:00,,,,,,,,
2026-06-27T23:18:21.714147+00:00,spot_4,Spot 4,Empty,2026-06-27T23:10:22.647728+00:00,,,,,,,,
2026-06-27T23:18:21.714147+00:00,spot_5,Spot 5,Empty,2026-06-27T23:11:22.336559+00:00,,,,,,,,
2026-06-27T23:18:21.714147+00:00,spot_6,Spot 6,Occupied,2026-06-27T20:54:22.350568+00:00,2102,car,0.8757580518722534,9717,285.835205078125,322.1136474609375,348.72509765625,356.86297607421875
2026-06-27T23:18:21.714147+00:00,spot_7,Spot 7,Occupied,2026-06-27T23:18:21.714147+00:00,2187,car,0.646187961101532,2207,247.24285888671875,314.26885986328125,299.033447265625,352.69439697265625
2026-06-27T23:18:21.714147+00:00,spot_8,Spot 8,Occupied,2026-06-27T23:18:21.714147+00:00,2210,car,0.4537617266178131,1138,196.1112060546875,315.6781005859375,257.4180908203125,352.29248046875
2026-06-27T23:18:21.714147+00:00,spot_9,Spot 9,Occupied,2026-06-27T22:56:21.647495+00:00,2189,car,0.7139139175415039,2098,173.3077392578125,322.7945861816406,212.8521728515625,348.0708923339844
2026-06-27T23:18:21.714147+00:00,spot_10,Spot 10,Empty,2026-06-27T23:15:21.790471+00:00,,,,,,,,
2026-06-27T23:18:21.714147+00:00,spot_11,Spot 11,Occupied,2026-06-27T23:14:21.104671+00:00,2222,car,0.7664653658866882,418,127.40148162841797,314.1839294433594,181.1507568359375,340.5088806152344
2026-06-27T23:18:21.714147+00:00,spot_12,Spot 12,Occupied,2026-06-27T22:41:32.126257+00:00,2125,car,0.7832142114639282,6416,80.84970092773438,311.6060791015625,133.78402709960938,334.3648681640625
2026-06-27T23:18:21.714147+00:00,spot_13,Spot 13,Empty,2026-06-27T23:12:22.008166+00:00,,,,,,,,
2026-06-27T23:18:21.714147+00:00,spot_14,Spot 14,Occupied,2026-06-27T23:15:21.790471+00:00,2223,car,0.4949556887149811,418,63.5178108215332,310.6976623535156,89.30235290527344,330.4807434082031
2026-06-27T23:18:21.714147+00:00,spot_15,Spot 15,Empty,2026-06-27T23:12:22.008166+00:00,,,,,,,,
2026-06-27T23:18:21.714147+00:00,spot_16,Spot 16,Occupied,2026-06-27T23:12:22.008166+00:00,2136,car,0.6070671081542969,5518,34.04920959472656,308.2519836425781,63.83013916015625,328.0226135253906
2026-06-27T23:18:21.714147+00:00,spot_17,Spot 17,Empty,2026-06-27T23:10:22.647728+00:00,,,,,,,,
2026-06-27T23:19:22.819567+00:00,spot_1,Spot 1,Occupied,2026-06-27T23:19:22.819567+00:00,2230,bus,0.7125467658042908,0,566.924072265625,310.2211608886719,615.71826171875,373.4877624511719
2026-06-27T23:19:22.819567+00:00,spot_2,Spot 2,Occupied,2026-06-27T22:54:20.837791+00:00,2193,car,0.7076314687728882,1920,502.07513427734375,318.8641357421875,548.4791870117188,363.81890869140625
2026-06-27T23:19:22.819567+00:00,spot_3,Spot 3,Empty,2026-06-27T22:45:22.600760+00:00,,,,,,,,
2026-06-27T23:19:22.819567+00:00,spot_4,Spot 4,Empty,2026-06-27T23:10:22.647728+00:00,,,,,,,,
2026-06-27T23:19:22.819567+00:00,spot_5,Spot 5,Empty,2026-06-27T23:11:22.336559+00:00,,,,,,,,
2026-06-27T23:19:22.819567+00:00,spot_6,Spot 6,Occupied,2026-06-27T20:54:22.350568+00:00,2102,car,0.8736597895622253,9778,285.43804931640625,322.50335693359375,347.4168701171875,356.70672607421875
2026-06-27T23:19:22.819567+00:00,spot_7,Spot 7,Occupied,2026-06-27T23:18:21.714147+00:00,2187,car,0.6731488704681396,2268,247.1515655517578,317.1649169921875,303.65997314453125,352.7032470703125
2026-06-27T23:19:22.819567+00:00,spot_8,Spot 8,Occupied,2026-06-27T23:19:22.819567+00:00,2226,truck,0.5550119876861572,120,197.29025268554688,315.7956237792969,255.83843994140625,352.6441955566406
2026-06-27T23:19:22.819567+00:00,spot_9,Spot 9,Occupied,2026-06-27T22:56:21.647495+00:00,2189,car,0.8015696406364441,2159,173.64718627929688,322.92193603515625,213.74688720703125,347.2801513671875
2026-06-27T23:19:22.819567+00:00,spot_10,Spot 10,Empty,2026-06-27T23:15:21.790471+00:00,,,,,,,,
2026-06-27T23:19:22.819567+00:00,spot_11,Spot 11,Occupied,2026-06-27T23:14:21.104671+00:00,2222,car,0.6425243020057678,480,127.61957550048828,315.4455871582031,180.48602294921875,340.1175842285156
2026-06-27T23:19:22.819567+00:00,spot_12,Spot 12,Occupied,2026-06-27T22:41:32.126257+00:00,2125,car,0.5163763165473938,6478,86.31602478027344,311.635498046875,133.8594970703125,334.4517822265625
2026-06-27T23:19:22.819567+00:00,spot_13,Spot 13,Empty,2026-06-27T23:12:22.008166+00:00,,,,,,,,
2026-06-27T23:19:22.819567+00:00,spot_14,Spot 14,Occupied,2026-06-27T23:15:21.790471+00:00,2223,car,0.3626839220523834,480,63.16693115234375,311.0061340332031,79.86592102050781,329.1729431152344
2026-06-27T23:19:22.819567+00:00,spot_15,Spot 15,Occupied,2026-06-27T23:19:22.819567+00:00,2136,car,0.5494720339775085,5579,33.802513122558594,308.09942626953125,66.6376724243164,328.06268310546875
2026-06-27T23:19:22.819567+00:00,spot_16,Spot 16,Occupied,2026-06-27T23:19:22.819567+00:00,2229,car,0.842718780040741,0,11.982471466064453,327.9581604003906,61.61882400512695,356.6617736816406
2026-06-27T23:19:22.819567+00:00,spot_17,Spot 17,Empty,2026-06-27T23:10:22.647728+00:00,,,,,,,,
2026-06-27T23:20:23.025533+00:00,spot_1,Spot 1,Occupied,2026-06-27T23:20:23.025533+00:00,2224,truck,0.612558901309967,539,566.56982421875,310.22369384765625,616.109130859375,373.47235107421875
2026-06-27T23:20:23.025533+00:00,spot_2,Spot 2,Occupied,2026-06-27T22:54:20.837791+00:00,2193,car,0.6628442406654358,1979,501.67706298828125,320.8471374511719,547.1992797851562,363.7792053222656
2026-06-27T23:20:23.025533+00:00,spot_3,Spot 3,Empty,2026-06-27T22:45:22.600760+00:00,,,,,,,,
2026-06-27T23:20:23.025533+00:00,spot_4,Spot 4,Empty,2026-06-27T23:10:22.647728+00:00,,,,,,,,
2026-06-27T23:20:23.025533+00:00,spot_5,Spot 5,Empty,2026-06-27T23:11:22.336559+00:00,,,,,,,,
2026-06-27T23:20:23.025533+00:00,spot_6,Spot 6,Occupied,2026-06-27T20:54:22.350568+00:00,2102,car,0.8614003658294678,9838,286.1366271972656,322.73779296875,347.9308166503906,357.063720703125
2026-06-27T23:20:23.025533+00:00,spot_7,Spot 7,Occupied,2026-06-27T23:18:21.714147+00:00,2187,car,0.5494368672370911,2327,246.97293090820312,313.2165832519531,303.1051330566406,352.7098693847656
2026-06-27T23:20:23.025533+00:00,spot_8,Spot 8,Occupied,2026-06-27T23:20:23.025533+00:00,2210,car,0.388254851102829,1259,195.98773193359375,315.451904296875,255.779541015625,352.825927734375
2026-06-27T23:20:23.025533+00:00,spot_9,Spot 9,Occupied,2026-06-27T22:56:21.647495+00:00,2189,car,0.6820637583732605,2219,173.8834991455078,323.4740295410156,202.2681427001953,346.9476623535156
2026-06-27T23:20:23.025533+00:00,spot_10,Spot 10,Occupied,2026-06-27T23:20:23.025533+00:00,2222,car,0.486900269985199,539,127.54263305664062,314.57598876953125,180.44073486328125,340.27899169921875
2026-06-27T23:20:23.025533+00:00,spot_11,Spot 11,Occupied,2026-06-27T23:20:23.025533+00:00,2231,truck,0.37393543124198914,0,127.6002197265625,314.5661315917969,179.52203369140625,340.3399963378906
2026-06-27T23:20:23.025533+00:00,spot_12,Spot 12,Occupied,2026-06-27T22:41:32.126257+00:00,2125,car,0.688646137714386,6537,85.80064392089844,311.6063232421875,134.28761291503906,335.0777587890625
2026-06-27T23:20:23.025533+00:00,spot_13,Spot 13,Empty,2026-06-27T23:12:22.008166+00:00,,,,,,,,
2026-06-27T23:20:23.025533+00:00,spot_14,Spot 14,Empty,2026-06-27T23:20:23.025533+00:00,,,,,,,,
2026-06-27T23:20:23.025533+00:00,spot_15,Spot 15,Empty,2026-06-27T23:20:23.025533+00:00,,,,,,,,
2026-06-27T23:20:23.025533+00:00,spot_16,Spot 16,Occupied,2026-06-27T23:20:23.025533+00:00,2136,car,0.7653595209121704,5638,32.074241638183594,308.21484375,65.86247253417969,328.16192626953125
2026-06-27T23:20:23.025533+00:00,spot_17,Spot 17,Empty,2026-06-27T23:10:22.647728+00:00,,,,,,,,
2026-06-27T23:21:20.756944+00:00,spot_1,Spot 1,Occupied,2026-06-27T23:20:23.025533+00:00,2224,truck,0.39114928245544434,598,566.914306640625,310.28607177734375,615.594970703125,373.11883544921875
2026-06-27T23:21:20.756944+00:00,spot_2,Spot 2,Occupied,2026-06-27T22:54:20.837791+00:00,2193,car,0.7905658483505249,2038,501.9156494140625,319.9629821777344,547.7041015625,364.1432189941406
2026-06-27T23:21:20.756944+00:00,spot_3,Spot 3,Empty,2026-06-27T22:45:22.600760+00:00,,,,,,,,
2026-06-27T23:21:20.756944+00:00,spot_4,Spot 4,Empty,2026-06-27T23:10:22.647728+00:00,,,,,,,,
2026-06-27T23:21:20.756944+00:00,spot_5,Spot 5,Empty,2026-06-27T23:11:22.336559+00:00,,,,,,,,
2026-06-27T23:21:20.756944+00:00,spot_6,Spot 6,Occupied,2026-06-27T20:54:22.350568+00:00,2102,car,0.8620094656944275,9897,286.259521484375,322.70355224609375,349.702392578125,357.41986083984375
2026-06-27T23:21:20.756944+00:00,spot_7,Spot 7,Occupied,2026-06-27T23:18:21.714147+00:00,2187,car,0.5911646485328674,2386,246.94590759277344,315.60791015625,303.7227783203125,352.9105224609375
2026-06-27T23:21:20.756944+00:00,spot_8,Spot 8,Occupied,2026-06-27T23:21:20.756944+00:00,2226,truck,0.5707250833511353,238,194.95404052734375,315.9509582519531,255.83319091796875,352.3848571777344
2026-06-27T23:21:20.756944+00:00,spot_9,Spot 9,Occupied,2026-06-27T22:56:21.647495+00:00,2189,car,0.6242293119430542,2278,173.640869140625,322.927978515625,209.49127197265625,347.435546875
2026-06-27T23:21:20.756944+00:00,spot_10,Spot 10,Empty,2026-06-27T23:21:20.756944+00:00,,,,,,,,
2026-06-27T23:21:20.756944+00:00,spot_11,Spot 11,Occupied,2026-06-27T23:21:20.756944+00:00,2222,car,0.7015405297279358,598,127.42457580566406,318.2075500488281,180.8646697998047,340.6464538574219
2026-06-27T23:21:20.756944+00:00,spot_12,Spot 12,Occupied,2026-06-27T22:41:32.126257+00:00,2125,car,0.561866819858551,6596,86.01933288574219,311.6404724121094,134.6959991455078,334.8899230957031
2026-06-27T23:21:20.756944+00:00,spot_13,Spot 13,Empty,2026-06-27T23:12:22.008166+00:00,,,,,,,,
2026-06-27T23:21:20.756944+00:00,spot_14,Spot 14,Occupied,2026-06-27T23:21:20.756944+00:00,2223,car,0.5134480595588684,598,61.355560302734375,310.847900390625,89.88706970214844,331.762451171875
2026-06-27T23:21:20.756944+00:00,spot_15,Spot 15,Empty,2026-06-27T23:20:23.025533+00:00,,,,,,,,
2026-06-27T23:21:20.756944+00:00,spot_16,Spot 16,Occupied,2026-06-27T23:20:23.025533+00:00,2136,car,0.7529475688934326,5697,31.954904556274414,307.95697021484375,66.66803741455078,328.24884033203125
2026-06-27T23:21:20.756944+00:00,spot_17,Spot 17,Empty,2026-06-27T23:10:22.647728+00:00,,,,,,,,
2026-06-27T23:22:22.507621+00:00,spot_1,Spot 1,Occupied,2026-06-27T23:22:22.507621+00:00,2228,car,0.6309747695922852,241,567.1701049804688,309.9822692871094,615.8524780273438,373.6940002441406
2026-06-27T23:22:22.507621+00:00,spot_2,Spot 2,Occupied,2026-06-27T22:54:20.837791+00:00,2193,car,0.7249645590782166,2100,501.540771484375,321.00030517578125,545.4320068359375,363.72625732421875
2026-06-27T23:22:22.507621+00:00,spot_3,Spot 3,Empty,2026-06-27T22:45:22.600760+00:00,,,,,,,,
2026-06-27T23:22:22.507621+00:00,spot_4,Spot 4,Empty,2026-06-27T23:10:22.647728+00:00,,,,,,,,
2026-06-27T23:22:22.507621+00:00,spot_5,Spot 5,Empty,2026-06-27T23:11:22.336559+00:00,,,,,,,,
2026-06-27T23:22:22.507621+00:00,spot_6,Spot 6,Occupied,2026-06-27T20:54:22.350568+00:00,2102,car,0.8435665369033813,9958,286.551025390625,322.91705322265625,345.13232421875,356.95318603515625
2026-06-27T23:22:22.507621+00:00,spot_7,Spot 7,Occupied,2026-06-27T23:18:21.714147+00:00,2187,car,0.4544648230075836,2448,247.17515563964844,312.56915283203125,300.137939453125,352.38189697265625
2026-06-27T23:22:22.507621+00:00,spot_8,Spot 8,Occupied,2026-06-27T23:21:20.756944+00:00,2226,truck,0.5980595946311951,299,196.8678436279297,316.140625,254.7940216064453,351.788330078125
2026-06-27T23:22:22.507621+00:00,spot_9,Spot 9,Occupied,2026-06-27T22:56:21.647495+00:00,2189,car,0.6156221628189087,2339,173.60777282714844,322.24322509765625,208.62156677246094,347.57672119140625
2026-06-27T23:22:22.507621+00:00,spot_10,Spot 10,Empty,2026-06-27T23:21:20.756944+00:00,,,,,,,,
2026-06-27T23:22:22.507621+00:00,spot_11,Spot 11,Occupied,2026-06-27T23:21:20.756944+00:00,2222,car,0.6710656881332397,660,127.66456604003906,316.00653076171875,179.6025848388672,340.06488037109375
2026-06-27T23:22:22.507621+00:00,spot_12,Spot 12,Occupied,2026-06-27T22:41:32.126257+00:00,2125,car,0.8107904195785522,6658,86.53567504882812,311.70831298828125,133.73922729492188,334.10443115234375
2026-06-27T23:22:22.507621+00:00,spot_13,Spot 13,Empty,2026-06-27T23:12:22.008166+00:00,,,,,,,,
2026-06-27T23:22:22.507621+00:00,spot_14,Spot 14,Occupied,2026-06-27T23:21:20.756944+00:00,2223,car,0.5443829894065857,660,63.96826171875,311.42950439453125,88.73211669921875,331.4378662109375
2026-06-27T23:22:22.507621+00:00,spot_15,Spot 15,Empty,2026-06-27T23:20:23.025533+00:00,,,,,,,,
2026-06-27T23:22:22.507621+00:00,spot_16,Spot 16,Occupied,2026-06-27T23:20:23.025533+00:00,2136,car,0.7125340700149536,5759,32.44761657714844,308.14691162109375,65.77507019042969,328.07196044921875
2026-06-27T23:22:22.507621+00:00,spot_17,Spot 17,Empty,2026-06-27T23:10:22.647728+00:00,,,,,,,,
2026-06-27T23:23:31.142883+00:00,spot_1,Spot 1,Occupied,2026-06-27T23:23:31.142883+00:00,2224,truck,0.7812530994415283,730,566.6632080078125,310.2965393066406,616.0396728515625,374.3097839355469
2026-06-27T23:23:31.142883+00:00,spot_2,Spot 2,Occupied,2026-06-27T22:54:20.837791+00:00,2193,car,0.4931582510471344,2171,501.89849853515625,319.85791015625,547.3324584960938,363.39959716796875
2026-06-27T23:23:31.142883+00:00,spot_3,Spot 3,Empty,2026-06-27T22:45:22.600760+00:00,,,,,,,,
2026-06-27T23:23:31.142883+00:00,spot_4,Spot 4,Empty,2026-06-27T23:10:22.647728+00:00,,,,,,,,
2026-06-27T23:23:31.142883+00:00,spot_5,Spot 5,Empty,2026-06-27T23:11:22.336559+00:00,,,,,,,,
2026-06-27T23:23:31.142883+00:00,spot_6,Spot 6,Occupied,2026-06-27T20:54:22.350568+00:00,2102,car,0.8921825289726257,10029,286.92327880859375,322.8206787109375,347.21502685546875,356.7467041015625
2026-06-27T23:23:31.142883+00:00,spot_7,Spot 7,Occupied,2026-06-27T23:23:31.142883+00:00,2232,truck,0.3962312936782837,70,247.1702880859375,312.89068603515625,303.828125,352.52679443359375
2026-06-27T23:23:31.142883+00:00,spot_8,Spot 8,Occupied,2026-06-27T23:21:20.756944+00:00,2226,truck,0.733711838722229,370,195.6470947265625,315.8924560546875,255.9974365234375,352.5462646484375
2026-06-27T23:23:31.142883+00:00,spot_9,Spot 9,Occupied,2026-06-27T22:56:21.647495+00:00,2189,car,0.7968019843101501,2410,174.10093688964844,323.2021484375,210.81089782714844,347.48992919921875
2026-06-27T23:23:31.142883+00:00,spot_10,Spot 10,Empty,2026-06-27T23:21:20.756944+00:00,,,,,,,,
2026-06-27T23:23:31.142883+00:00,spot_11,Spot 11,Occupied,2026-06-27T23:21:20.756944+00:00,2222,car,0.6413602828979492,730,127.50688934326172,314.64971923828125,180.42669677734375,340.29742431640625
2026-06-27T23:23:31.142883+00:00,spot_12,Spot 12,Occupied,2026-06-27T22:41:32.126257+00:00,2125,car,0.7517699003219604,6728,86.24545288085938,311.51654052734375,133.9227294921875,334.51007080078125
2026-06-27T23:23:31.142883+00:00,spot_13,Spot 13,Empty,2026-06-27T23:12:22.008166+00:00,,,,,,,,
2026-06-27T23:23:31.142883+00:00,spot_14,Spot 14,Occupied,2026-06-27T23:21:20.756944+00:00,2223,car,0.7869215607643127,730,63.25160598754883,310.64434814453125,88.25837707519531,329.17169189453125
2026-06-27T23:23:31.142883+00:00,spot_15,Spot 15,Occupied,2026-06-27T23:23:31.142883+00:00,2136,car,0.7691361308097839,5830,32.475074768066406,308.36572265625,68.546142578125,328.18157958984375
2026-06-27T23:23:31.142883+00:00,spot_16,Spot 16,Empty,2026-06-27T23:23:31.142883+00:00,,,,,,,,
2026-06-27T23:23:31.142883+00:00,spot_17,Spot 17,Empty,2026-06-27T23:10:22.647728+00:00,,,,,,,,
2026-06-27T23:24:21.350564+00:00,spot_1,Spot 1,Occupied,2026-06-27T23:23:31.142883+00:00,2224,truck,0.7812530994415283,778,566.6632080078125,310.2965393066406,616.0396728515625,374.3097839355469
2026-06-27T23:24:21.350564+00:00,spot_2,Spot 2,Occupied,2026-06-27T22:54:20.837791+00:00,2193,car,0.4931582510471344,2218,501.89849853515625,319.85791015625,547.3324584960938,363.39959716796875
2026-06-27T23:24:21.350564+00:00,spot_3,Spot 3,Empty,2026-06-27T22:45:22.600760+00:00,,,,,,,,
2026-06-27T23:24:21.350564+00:00,spot_4,Spot 4,Empty,2026-06-27T23:10:22.647728+00:00,,,,,,,,
2026-06-27T23:24:21.350564+00:00,spot_5,Spot 5,Empty,2026-06-27T23:11:22.336559+00:00,,,,,,,,
2026-06-27T23:24:21.350564+00:00,spot_6,Spot 6,Occupied,2026-06-27T20:54:22.350568+00:00,2102,car,0.8921825289726257,10076,286.92327880859375,322.8206787109375,347.21502685546875,356.7467041015625
2026-06-27T23:24:21.350564+00:00,spot_7,Spot 7,Occupied,2026-06-27T23:23:31.142883+00:00,2232,truck,0.3962312936782837,118,247.1702880859375,312.89068603515625,303.828125,352.52679443359375
2026-06-27T23:24:21.350564+00:00,spot_8,Spot 8,Occupied,2026-06-27T23:21:20.756944+00:00,2226,truck,0.733711838722229,417,195.6470947265625,315.8924560546875,255.9974365234375,352.5462646484375
2026-06-27T23:24:21.350564+00:00,spot_9,Spot 9,Occupied,2026-06-27T22:56:21.647495+00:00,2189,car,0.7968019843101501,2457,174.10093688964844,323.2021484375,210.81089782714844,347.48992919921875
2026-06-27T23:24:21.350564+00:00,spot_10,Spot 10,Empty,2026-06-27T23:21:20.756944+00:00,,,,,,,,
2026-06-27T23:24:21.350564+00:00,spot_11,Spot 11,Occupied,2026-06-27T23:21:20.756944+00:00,2222,car,0.6413602828979492,778,127.50688934326172,314.64971923828125,180.42669677734375,340.29742431640625
2026-06-27T23:24:21.350564+00:00,spot_12,Spot 12,Occupied,2026-06-27T22:41:32.126257+00:00,2125,car,0.7517699003219604,6776,86.24545288085938,311.51654052734375,133.9227294921875,334.51007080078125
2026-06-27T23:24:21.350564+00:00,spot_13,Spot 13,Empty,2026-06-27T23:12:22.008166+00:00,,,,,,,,
2026-06-27T23:24:21.350564+00:00,spot_14,Spot 14,Occupied,2026-06-27T23:21:20.756944+00:00,2223,car,0.7869215607643127,778,63.25160598754883,310.64434814453125,88.25837707519531,329.17169189453125
2026-06-27T23:24:21.350564+00:00,spot_15,Spot 15,Occupied,2026-06-27T23:23:31.142883+00:00,2136,car,0.7691361308097839,5877,32.475074768066406,308.36572265625,68.546142578125,328.18157958984375
2026-06-27T23:24:21.350564+00:00,spot_16,Spot 16,Empty,2026-06-27T23:23:31.142883+00:00,,,,,,,,
2026-06-27T23:24:21.350564+00:00,spot_17,Spot 17,Empty,2026-06-27T23:10:22.647728+00:00,,,,,,,,
2026-06-27T23:25:20.969240+00:00,spot_1,Spot 1,Occupied,2026-06-27T23:23:31.142883+00:00,2224,truck,0.5245568752288818,838,566.8916015625,308.075927734375,614.8760986328125,373.495361328125
2026-06-27T23:25:20.969240+00:00,spot_2,Spot 2,Occupied,2026-06-27T22:54:20.837791+00:00,2193,car,0.7943257093429565,2278,501.502685546875,322.7709655761719,541.956298828125,363.3279724121094
2026-06-27T23:25:20.969240+00:00,spot_3,Spot 3,Empty,2026-06-27T22:45:22.600760+00:00,,,,,,,,
2026-06-27T23:25:20.969240+00:00,spot_4,Spot 4,Empty,2026-06-27T23:10:22.647728+00:00,,,,,,,,
2026-06-27T23:25:20.969240+00:00,spot_5,Spot 5,Empty,2026-06-27T23:11:22.336559+00:00,,,,,,,,
2026-06-27T23:25:20.969240+00:00,spot_6,Spot 6,Occupied,2026-06-27T20:54:22.350568+00:00,2102,car,0.5708369612693787,10136,286.554443359375,322.85986328125,351.651611328125,356.9796142578125
2026-06-27T23:25:20.969240+00:00,spot_7,Spot 7,Occupied,2026-06-27T23:25:20.969240+00:00,2187,car,0.5245504975318909,2626,247.20431518554688,314.3253173828125,303.3705139160156,352.3568115234375
2026-06-27T23:25:20.969240+00:00,spot_8,Spot 8,Occupied,2026-06-27T23:21:20.756944+00:00,2226,truck,0.6096471548080444,477,196.4400634765625,315.9044189453125,256.4161376953125,351.6021728515625
2026-06-27T23:25:20.969240+00:00,spot_9,Spot 9,Occupied,2026-06-27T22:56:21.647495+00:00,2189,car,0.6847811341285706,2517,172.84539794921875,322.72357177734375,203.712158203125,347.58795166015625
2026-06-27T23:25:20.969240+00:00,spot_10,Spot 10,Empty,2026-06-27T23:21:20.756944+00:00,,,,,,,,
2026-06-27T23:25:20.969240+00:00,spot_11,Spot 11,Occupied,2026-06-27T23:21:20.756944+00:00,2222,car,0.8046780824661255,838,127.67400360107422,316.6981201171875,182.01129150390625,340.22564697265625
2026-06-27T23:25:20.969240+00:00,spot_12,Spot 12,Occupied,2026-06-27T22:41:32.126257+00:00,2125,car,0.6800076961517334,6836,86.02751159667969,311.766845703125,135.1049346923828,334.5718994140625
2026-06-27T23:25:20.969240+00:00,spot_13,Spot 13,Empty,2026-06-27T23:12:22.008166+00:00,,,,,,,,
2026-06-27T23:25:20.969240+00:00,spot_14,Spot 14,Occupied,2026-06-27T23:21:20.756944+00:00,2223,car,0.7396469116210938,838,64.21873474121094,310.612060546875,88.19160461425781,329.0318603515625
2026-06-27T23:25:20.969240+00:00,spot_15,Spot 15,Empty,2026-06-27T23:25:20.969240+00:00,,,,,,,,
2026-06-27T23:25:20.969240+00:00,spot_16,Spot 16,Occupied,2026-06-27T23:25:20.969240+00:00,2136,car,0.6834050416946411,5937,31.823898315429688,308.3310546875,67.2686996459961,328.0352783203125
2026-06-27T23:25:20.969240+00:00,spot_17,Spot 17,Empty,2026-06-27T23:10:22.647728+00:00,,,,,,,,
2026-06-27T23:26:21.404539+00:00,spot_1,Spot 1,Occupied,2026-06-27T23:26:21.404539+00:00,2234,car,0.3553972542285919,0,565.6514892578125,310.15240478515625,615.7974853515625,374.39715576171875
2026-06-27T23:26:21.404539+00:00,spot_2,Spot 2,Occupied,2026-06-27T22:54:20.837791+00:00,2193,car,0.608934760093689,2338,501.60076904296875,319.98260498046875,548.8689575195312,364.23504638671875
2026-06-27T23:26:21.404539+00:00,spot_3,Spot 3,Empty,2026-06-27T22:45:22.600760+00:00,,,,,,,,
2026-06-27T23:26:21.404539+00:00,spot_4,Spot 4,Empty,2026-06-27T23:10:22.647728+00:00,,,,,,,,
2026-06-27T23:26:21.404539+00:00,spot_5,Spot 5,Empty,2026-06-27T23:11:22.336559+00:00,,,,,,,,
2026-06-27T23:26:21.404539+00:00,spot_6,Spot 6,Occupied,2026-06-27T20:54:22.350568+00:00,2102,car,0.8644513487815857,10197,286.2472839355469,323.39337158203125,349.9135437011719,357.03192138671875
2026-06-27T23:26:21.404539+00:00,spot_7,Spot 7,Occupied,2026-06-27T23:25:20.969240+00:00,2187,car,0.3901204466819763,2686,245.46827697753906,318.1900634765625,304.0924072265625,352.779296875
2026-06-27T23:26:21.404539+00:00,spot_8,Spot 8,Occupied,2026-06-27T23:21:20.756944+00:00,2226,truck,0.6003684401512146,538,196.80018615722656,316.712890625,251.3455047607422,352.542724609375
2026-06-27T23:26:21.404539+00:00,spot_9,Spot 9,Occupied,2026-06-27T22:56:21.647495+00:00,2189,car,0.5330891609191895,2578,174.35885620117188,322.9413757324219,206.00534057617188,347.4475402832031
2026-06-27T23:26:21.404539+00:00,spot_10,Spot 10,Empty,2026-06-27T23:21:20.756944+00:00,,,,,,,,
2026-06-27T23:26:21.404539+00:00,spot_11,Spot 11,Occupied,2026-06-27T23:21:20.756944+00:00,2222,car,0.6828595995903015,898,127.48125457763672,314.93988037109375,180.263427734375,340.66241455078125
2026-06-27T23:26:21.404539+00:00,spot_12,Spot 12,Occupied,2026-06-27T22:41:32.126257+00:00,2125,car,0.7917649745941162,6896,86.02664184570312,311.8328552246094,133.46307373046875,334.6238098144531
2026-06-27T23:26:21.404539+00:00,spot_13,Spot 13,Empty,2026-06-27T23:12:22.008166+00:00,,,,,,,,
2026-06-27T23:26:21.404539+00:00,spot_14,Spot 14,Occupied,2026-06-27T23:21:20.756944+00:00,2223,car,0.7154929041862488,898,62.209190368652344,311.5057373046875,88.6504135131836,329.2606201171875
2026-06-27T23:26:21.404539+00:00,spot_15,Spot 15,Empty,2026-06-27T23:25:20.969240+00:00,,,,,,,,
2026-06-27T23:26:21.404539+00:00,spot_16,Spot 16,Occupied,2026-06-27T23:25:20.969240+00:00,2136,car,0.7544271349906921,5997,32.161216735839844,308.3961181640625,66.9926528930664,327.9781494140625
2026-06-27T23:26:21.404539+00:00,spot_17,Spot 17,Empty,2026-06-27T23:10:22.647728+00:00,,,,,,,,
2026-06-27T23:27:22.293522+00:00,spot_1,Spot 1,Occupied,2026-06-27T23:26:21.404539+00:00,2234,car,0.6644127368927002,61,566.380859375,310.341796875,615.1044921875,373.7864990234375
2026-06-27T23:27:22.293522+00:00,spot_2,Spot 2,Occupied,2026-06-27T22:54:20.837791+00:00,2193,car,0.8476492166519165,2400,501.515625,319.8433837890625,548.6343994140625,364.457275390625
2026-06-27T23:27:22.293522+00:00,spot_3,Spot 3,Empty,2026-06-27T22:45:22.600760+00:00,,,,,,,,
2026-06-27T23:27:22.293522+00:00,spot_4,Spot 4,Empty,2026-06-27T23:10:22.647728+00:00,,,,,,,,
2026-06-27T23:27:22.293522+00:00,spot_5,Spot 5,Empty,2026-06-27T23:11:22.336559+00:00,,,,,,,,
2026-06-27T23:27:22.293522+00:00,spot_6,Spot 6,Occupied,2026-06-27T20:54:22.350568+00:00,2102,car,0.8610596656799316,10258,286.14788818359375,323.66064453125,346.15093994140625,357.096435546875
2026-06-27T23:27:22.293522+00:00,spot_7,Spot 7,Occupied,2026-06-27T23:25:20.969240+00:00,2187,car,0.6475723385810852,2748,247.07276916503906,317.79534912109375,300.5159912109375,352.67376708984375
2026-06-27T23:27:22.293522+00:00,spot_8,Spot 8,Occupied,2026-06-27T23:21:20.756944+00:00,2226,truck,0.40398240089416504,599,196.96826171875,318.2353515625,245.03469848632812,352.56524658203125
2026-06-27T23:27:22.293522+00:00,spot_9,Spot 9,Occupied,2026-06-27T22:56:21.647495+00:00,2189,car,0.753264307975769,2639,173.9710693359375,323.3235778808594,203.10287475585938,347.4627380371094
2026-06-27T23:27:22.293522+00:00,spot_10,Spot 10,Empty,2026-06-27T23:21:20.756944+00:00,,,,,,,,
2026-06-27T23:27:22.293522+00:00,spot_11,Spot 11,Occupied,2026-06-27T23:21:20.756944+00:00,2222,car,0.56803297996521,960,127.34529876708984,315.2838134765625,180.53775024414062,340.300048828125
2026-06-27T23:27:22.293522+00:00,spot_12,Spot 12,Occupied,2026-06-27T22:41:32.126257+00:00,2125,car,0.7710601091384888,6958,86.28701782226562,311.7962341308594,132.83123779296875,334.7219543457031
2026-06-27T23:27:22.293522+00:00,spot_13,Spot 13,Empty,2026-06-27T23:12:22.008166+00:00,,,,,,,,
2026-06-27T23:27:22.293522+00:00,spot_14,Spot 14,Occupied,2026-06-27T23:21:20.756944+00:00,2223,car,0.5585746169090271,960,56.18027114868164,311.2101135253906,88.71530151367188,329.1580505371094
2026-06-27T23:27:22.293522+00:00,spot_15,Spot 15,Empty,2026-06-27T23:25:20.969240+00:00,,,,,,,,
2026-06-27T23:27:22.293522+00:00,spot_16,Spot 16,Occupied,2026-06-27T23:25:20.969240+00:00,2136,car,0.5782223343849182,6059,31.866485595703125,308.2274475097656,65.75878143310547,328.2695617675781
2026-06-27T23:27:22.293522+00:00,spot_17,Spot 17,Empty,2026-06-27T23:10:22.647728+00:00,,,,,,,,
2026-06-27T23:28:21.926049+00:00,spot_1,Spot 1,Occupied,2026-06-27T23:26:21.404539+00:00,2234,car,0.506070077419281,120,566.6209716796875,310.15264892578125,615.3079833984375,373.927490234375
2026-06-27T23:28:21.926049+00:00,spot_2,Spot 2,Occupied,2026-06-27T22:54:20.837791+00:00,2193,car,0.8343545198440552,2459,501.3818359375,319.48260498046875,549.3582763671875,364.37530517578125
2026-06-27T23:28:21.926049+00:00,spot_3,Spot 3,Empty,2026-06-27T22:45:22.600760+00:00,,,,,,,,
2026-06-27T23:28:21.926049+00:00,spot_4,Spot 4,Empty,2026-06-27T23:10:22.647728+00:00,,,,,,,,
2026-06-27T23:28:21.926049+00:00,spot_5,Spot 5,Empty,2026-06-27T23:11:22.336559+00:00,,,,,,,,
2026-06-27T23:28:21.926049+00:00,spot_6,Spot 6,Occupied,2026-06-27T20:54:22.350568+00:00,2102,car,0.8858224153518677,10317,286.53656005859375,323.62298583984375,348.922607421875,356.966796875
2026-06-27T23:28:21.926049+00:00,spot_7,Spot 7,Occupied,2026-06-27T23:25:20.969240+00:00,2187,car,0.476092666387558,2807,245.291259765625,312.3756103515625,303.411865234375,352.3404541015625
2026-06-27T23:28:21.926049+00:00,spot_8,Spot 8,Occupied,2026-06-27T23:21:20.756944+00:00,2226,truck,0.5749619007110596,658,196.23817443847656,316.077880859375,254.57044982910156,352.5130615234375
2026-06-27T23:28:21.926049+00:00,spot_9,Spot 9,Occupied,2026-06-27T22:56:21.647495+00:00,2189,car,0.5490270256996155,2698,173.87576293945312,323.00042724609375,213.17486572265625,347.77294921875
2026-06-27T23:28:21.926049+00:00,spot_10,Spot 10,Empty,2026-06-27T23:21:20.756944+00:00,,,,,,,,
2026-06-27T23:28:21.926049+00:00,spot_11,Spot 11,Occupied,2026-06-27T23:21:20.756944+00:00,2222,car,0.6547899842262268,1018,127.67943572998047,316.4301452636719,181.09808349609375,339.7569274902344
2026-06-27T23:28:21.926049+00:00,spot_12,Spot 12,Occupied,2026-06-27T22:41:32.126257+00:00,2125,car,0.7253965735435486,7016,86.56803894042969,311.83526611328125,131.64212036132812,334.4232177734375
2026-06-27T23:28:21.926049+00:00,spot_13,Spot 13,Empty,2026-06-27T23:12:22.008166+00:00,,,,,,,,
2026-06-27T23:28:21.926049+00:00,spot_14,Spot 14,Occupied,2026-06-27T23:21:20.756944+00:00,2223,car,0.7036920189857483,1018,58.686439514160156,310.77557373046875,88.39669036865234,329.26043701171875
2026-06-27T23:28:21.926049+00:00,spot_15,Spot 15,Empty,2026-06-27T23:25:20.969240+00:00,,,,,,,,
2026-06-27T23:28:21.926049+00:00,spot_16,Spot 16,Occupied,2026-06-27T23:25:20.969240+00:00,2136,car,0.7643890976905823,6118,32.26551818847656,307.9991455078125,65.43560791015625,328.2269287109375
2026-06-27T23:28:21.926049+00:00,spot_17,Spot 17,Empty,2026-06-27T23:10:22.647728+00:00,,,,,,,,
2026-06-27T23:29:21.687447+00:00,spot_1,Spot 1,Occupied,2026-06-27T23:26:21.404539+00:00,2234,car,0.42348551750183105,179,566.3763427734375,310.40185546875,616.1651611328125,373.6895751953125
2026-06-27T23:29:21.687447+00:00,spot_2,Spot 2,Occupied,2026-06-27T22:54:20.837791+00:00,2193,car,0.8279101848602295,2518,502.00823974609375,319.31646728515625,548.5979614257812,363.24298095703125
2026-06-27T23:29:21.687447+00:00,spot_3,Spot 3,Empty,2026-06-27T22:45:22.600760+00:00,,,,,,,,
2026-06-27T23:29:21.687447+00:00,spot_4,Spot 4,Empty,2026-06-27T23:10:22.647728+00:00,,,,,,,,
2026-06-27T23:29:21.687447+00:00,spot_5,Spot 5,Empty,2026-06-27T23:11:22.336559+00:00,,,,,,,,
2026-06-27T23:29:21.687447+00:00,spot_6,Spot 6,Occupied,2026-06-27T20:54:22.350568+00:00,2102,car,0.891952395439148,10377,286.4825134277344,323.2220458984375,347.3940124511719,356.9888916015625
2026-06-27T23:29:21.687447+00:00,spot_7,Spot 7,Occupied,2026-06-27T23:25:20.969240+00:00,2187,car,0.6556631326675415,2866,247.24363708496094,317.856689453125,303.923095703125,352.4560546875
2026-06-27T23:29:21.687447+00:00,spot_8,Spot 8,Occupied,2026-06-27T23:21:20.756944+00:00,2226,truck,0.6557449698448181,718,194.3645477294922,316.51263427734375,255.6802520751953,352.55072021484375
2026-06-27T23:29:21.687447+00:00,spot_9,Spot 9,Occupied,2026-06-27T22:56:21.647495+00:00,2189,car,0.5983685851097107,2758,174.59646606445312,323.6822509765625,201.68887329101562,347.33544921875
2026-06-27T23:29:21.687447+00:00,spot_10,Spot 10,Occupied,2026-06-27T23:29:21.687447+00:00,2237,truck,0.49321526288986206,0,127.79151153564453,316.1988830566406,180.89678955078125,340.4084777832031
2026-06-27T23:29:21.687447+00:00,spot_11,Spot 11,Occupied,2026-06-27T23:21:20.756944+00:00,2222,car,0.48892536759376526,1078,127.89661407470703,316.3671569824219,180.99859619140625,340.5752868652344
2026-06-27T23:29:21.687447+00:00,spot_12,Spot 12,Occupied,2026-06-27T22:41:32.126257+00:00,2125,car,0.3597651422023773,7076,86.45964050292969,311.5723876953125,134.21250915527344,331.6502685546875
2026-06-27T23:29:21.687447+00:00,spot_13,Spot 13,Empty,2026-06-27T23:12:22.008166+00:00,,,,,,,,
2026-06-27T23:29:21.687447+00:00,spot_14,Spot 14,Occupied,2026-06-27T23:21:20.756944+00:00,2223,car,0.4612596929073334,1078,62.89516830444336,310.46282958984375,87.89633178710938,329.15582275390625
2026-06-27T23:29:21.687447+00:00,spot_15,Spot 15,Empty,2026-06-27T23:25:20.969240+00:00,,,,,,,,
2026-06-27T23:29:21.687447+00:00,spot_16,Spot 16,Occupied,2026-06-27T23:25:20.969240+00:00,2136,car,0.4971303939819336,6177,32.69700622558594,307.90185546875,65.571533203125,328.0382080078125
2026-06-27T23:29:21.687447+00:00,spot_17,Spot 17,Empty,2026-06-27T23:10:22.647728+00:00,,,,,,,,
2026-06-27T23:30:23.179194+00:00,spot_1,Spot 1,Occupied,2026-06-27T23:26:21.404539+00:00,2234,car,0.622340738773346,241,566.4244384765625,310.2768859863281,615.7200927734375,373.9777526855469
2026-06-27T23:30:23.179194+00:00,spot_2,Spot 2,Occupied,2026-06-27T22:54:20.837791+00:00,2193,car,0.8099009394645691,2580,501.1446838378906,318.9896240234375,548.5787353515625,363.923828125
2026-06-27T23:30:23.179194+00:00,spot_3,Spot 3,Empty,2026-06-27T22:45:22.600760+00:00,,,,,,,,
2026-06-27T23:30:23.179194+00:00,spot_4,Spot 4,Empty,2026-06-27T23:10:22.647728+00:00,,,,,,,,
2026-06-27T23:30:23.179194+00:00,spot_5,Spot 5,Empty,2026-06-27T23:11:22.336559+00:00,,,,,,,,
2026-06-27T23:30:23.179194+00:00,spot_6,Spot 6,Occupied,2026-06-27T20:54:22.350568+00:00,2102,car,0.8953414559364319,10438,285.53546142578125,322.8995361328125,347.23577880859375,357.0162353515625
2026-06-27T23:30:23.179194+00:00,spot_7,Spot 7,Occupied,2026-06-27T23:25:20.969240+00:00,2187,car,0.6784001588821411,2928,246.92852783203125,315.53192138671875,302.86456298828125,352.25115966796875
2026-06-27T23:30:23.179194+00:00,spot_8,Spot 8,Occupied,2026-06-27T23:21:20.756944+00:00,2226,truck,0.6221957206726074,779,196.34945678710938,316.2651672363281,255.22006225585938,352.7905578613281
2026-06-27T23:30:23.179194+00:00,spot_9,Spot 9,Occupied,2026-06-27T22:56:21.647495+00:00,2189,car,0.6702848076820374,2819,174.32864379882812,322.7203369140625,211.03231811523438,347.9534912109375
2026-06-27T23:30:23.179194+00:00,spot_10,Spot 10,Empty,2026-06-27T23:30:23.179194+00:00,,,,,,,,
2026-06-27T23:30:23.179194+00:00,spot_11,Spot 11,Occupied,2026-06-27T23:21:20.756944+00:00,2222,car,0.7086759209632874,1140,127.52584838867188,316.61651611328125,181.45751953125,340.44696044921875
2026-06-27T23:30:23.179194+00:00,spot_12,Spot 12,Occupied,2026-06-27T22:41:32.126257+00:00,2125,car,0.7175263166427612,7138,86.50418090820312,311.76483154296875,134.4236602783203,334.78265380859375
2026-06-27T23:30:23.179194+00:00,spot_13,Spot 13,Empty,2026-06-27T23:12:22.008166+00:00,,,,,,,,
2026-06-27T23:30:23.179194+00:00,spot_14,Spot 14,Occupied,2026-06-27T23:21:20.756944+00:00,2223,car,0.7648220062255859,1140,62.06237030029297,310.57421875,87.76111602783203,329.0787353515625
2026-06-27T23:30:23.179194+00:00,spot_15,Spot 15,Occupied,2026-06-27T23:30:23.179194+00:00,2136,car,0.6363193392753601,6239,32.76670837402344,308.13995361328125,68.78180694580078,328.27679443359375
2026-06-27T23:30:23.179194+00:00,spot_16,Spot 16,Empty,2026-06-27T23:30:23.179194+00:00,,,,,,,,
2026-06-27T23:30:23.179194+00:00,spot_17,Spot 17,Empty,2026-06-27T23:10:22.647728+00:00,,,,,,,,
2026-06-27T23:31:21.002648+00:00,spot_1,Spot 1,Occupied,2026-06-27T23:31:21.002648+00:00,2224,truck,0.6780299544334412,1197,566.7164306640625,310.4384765625,615.8321533203125,373.8052978515625
2026-06-27T23:31:21.002648+00:00,spot_2,Spot 2,Occupied,2026-06-27T22:54:20.837791+00:00,2193,car,0.7080254554748535,2638,501.6230163574219,319.3772277832031,548.77490234375,363.6603698730469
2026-06-27T23:31:21.002648+00:00,spot_3,Spot 3,Empty,2026-06-27T22:45:22.600760+00:00,,,,,,,,
2026-06-27T23:31:21.002648+00:00,spot_4,Spot 4,Empty,2026-06-27T23:10:22.647728+00:00,,,,,,,,
2026-06-27T23:31:21.002648+00:00,spot_5,Spot 5,Empty,2026-06-27T23:11:22.336559+00:00,,,,,,,,
2026-06-27T23:31:21.002648+00:00,spot_6,Spot 6,Occupied,2026-06-27T20:54:22.350568+00:00,2102,car,0.8827818632125854,10496,286.1151123046875,322.88519287109375,348.1934814453125,357.19110107421875
2026-06-27T23:31:21.002648+00:00,spot_7,Spot 7,Occupied,2026-06-27T23:25:20.969240+00:00,2187,car,0.7122071385383606,2986,247.107177734375,316.54742431640625,302.49456787109375,352.64788818359375
2026-06-27T23:31:21.002648+00:00,spot_8,Spot 8,Occupied,2026-06-27T23:21:20.756944+00:00,2226,truck,0.42595192790031433,837,192.9797821044922,316.57818603515625,255.6865997314453,352.92779541015625
2026-06-27T23:31:21.002648+00:00,spot_9,Spot 9,Occupied,2026-06-27T22:56:21.647495+00:00,2189,car,0.6944700479507446,2877,173.9959716796875,323.0885009765625,213.75546264648438,347.7919921875
2026-06-27T23:31:21.002648+00:00,spot_10,Spot 10,Empty,2026-06-27T23:30:23.179194+00:00,,,,,,,,
2026-06-27T23:31:21.002648+00:00,spot_11,Spot 11,Occupied,2026-06-27T23:21:20.756944+00:00,2222,car,0.6762899160385132,1197,127.19068145751953,316.1780700683594,181.11224365234375,340.8095397949219
2026-06-27T23:31:21.002648+00:00,spot_12,Spot 12,Occupied,2026-06-27T22:41:32.126257+00:00,2125,car,0.7040761113166809,7195,86.49383544921875,311.87530517578125,134.23202514648438,334.69476318359375
2026-06-27T23:31:21.002648+00:00,spot_13,Spot 13,Empty,2026-06-27T23:12:22.008166+00:00,,,,,,,,
2026-06-27T23:31:21.002648+00:00,spot_14,Spot 14,Occupied,2026-06-27T23:21:20.756944+00:00,2223,car,0.7910180687904358,1197,63.56822204589844,310.3619384765625,88.11968994140625,329.1094970703125
2026-06-27T23:31:21.002648+00:00,spot_15,Spot 15,Empty,2026-06-27T23:31:21.002648+00:00,,,,,,,,
2026-06-27T23:31:21.002648+00:00,spot_16,Spot 16,Occupied,2026-06-27T23:31:21.002648+00:00,2136,car,0.7354535460472107,6297,32.207427978515625,308.1383972167969,65.11360168457031,328.2153015136719
2026-06-27T23:31:21.002648+00:00,spot_17,Spot 17,Empty,2026-06-27T23:10:22.647728+00:00,,,,,,,,
2026-06-27T23:32:27.435515+00:00,spot_1,Spot 1,Occupied,2026-06-27T23:32:27.435515+00:00,2234,car,0.7660678029060364,369,565.97314453125,310.12835693359375,615.72607421875,374.05517578125
2026-06-27T23:32:27.435515+00:00,spot_2,Spot 2,Occupied,2026-06-27T22:54:20.837791+00:00,2193,car,0.8482464551925659,2708,501.85223388671875,319.5020751953125,548.6715698242188,364.50433349609375
2026-06-27T23:32:27.435515+00:00,spot_3,Spot 3,Empty,2026-06-27T22:45:22.600760+00:00,,,,,,,,
2026-06-27T23:32:27.435515+00:00,spot_4,Spot 4,Empty,2026-06-27T23:10:22.647728+00:00,,,,,,,,
2026-06-27T23:32:27.435515+00:00,spot_5,Spot 5,Empty,2026-06-27T23:11:22.336559+00:00,,,,,,,,
2026-06-27T23:32:27.435515+00:00,spot_6,Spot 6,Occupied,2026-06-27T20:54:22.350568+00:00,2102,car,0.8842329382896423,10566,286.6307373046875,323.5855712890625,348.20330810546875,357.2547607421875
2026-06-27T23:32:27.435515+00:00,spot_7,Spot 7,Occupied,2026-06-27T23:25:20.969240+00:00,2187,car,0.5976191163063049,3056,247.1514892578125,316.90191650390625,302.694091796875,352.21759033203125
2026-06-27T23:32:27.435515+00:00,spot_8,Spot 8,Occupied,2026-06-27T23:21:20.756944+00:00,2226,truck,0.40940964221954346,908,195.73541259765625,316.76934814453125,255.2667236328125,352.983642578125
2026-06-27T23:32:27.435515+00:00,spot_9,Spot 9,Occupied,2026-06-27T22:56:21.647495+00:00,2189,car,0.6076918244361877,2948,173.53211975097656,324.0740051269531,201.58885192871094,347.5496520996094
2026-06-27T23:32:27.435515+00:00,spot_10,Spot 10,Occupied,2026-06-27T23:32:27.435515+00:00,2222,car,0.597028911113739,1268,127.94475555419922,316.439697265625,181.31109619140625,340.49627685546875
2026-06-27T23:32:27.435515+00:00,spot_11,Spot 11,Occupied,2026-06-27T23:32:27.435515+00:00,2240,truck,0.4013848602771759,0,127.64862823486328,316.2177429199219,181.1468505859375,340.6930847167969
2026-06-27T23:32:27.435515+00:00,spot_12,Spot 12,Occupied,2026-06-27T22:41:32.126257+00:00,2125,car,0.6868041157722473,7266,86.43342590332031,311.82550048828125,134.39454650878906,334.58380126953125
2026-06-27T23:32:27.435515+00:00,spot_13,Spot 13,Empty,2026-06-27T23:12:22.008166+00:00,,,,,,,,
2026-06-27T23:32:27.435515+00:00,spot_14,Spot 14,Occupied,2026-06-27T23:21:20.756944+00:00,2223,car,0.6734285354614258,1268,62.556907653808594,310.66229248046875,87.92200469970703,329.19378662109375
2026-06-27T23:32:27.435515+00:00,spot_15,Spot 15,Empty,2026-06-27T23:31:21.002648+00:00,,,,,,,,
2026-06-27T23:32:27.435515+00:00,spot_16,Spot 16,Occupied,2026-06-27T23:31:21.002648+00:00,2136,car,0.7644026279449463,6367,33.602622985839844,308.158447265625,66.05545806884766,328.2171630859375
2026-06-27T23:32:27.435515+00:00,spot_17,Spot 17,Empty,2026-06-27T23:10:22.647728+00:00,,,,,,,,
2026-06-27T23:33:23.452429+00:00,spot_1,Spot 1,Occupied,2026-06-27T23:33:23.452429+00:00,2224,truck,0.44829609990119934,1320,565.8582763671875,310.31134033203125,615.9881591796875,373.7855224609375
2026-06-27T23:33:23.452429+00:00,spot_2,Spot 2,Occupied,2026-06-27T22:54:20.837791+00:00,2193,car,0.8126003742218018,2760,501.905517578125,319.546875,548.1949462890625,364.181884765625
2026-06-27T23:33:23.452429+00:00,spot_3,Spot 3,Empty,2026-06-27T22:45:22.600760+00:00,,,,,,,,
2026-06-27T23:33:23.452429+00:00,spot_4,Spot 4,Empty,2026-06-27T23:10:22.647728+00:00,,,,,,,,
2026-06-27T23:33:23.452429+00:00,spot_5,Spot 5,Empty,2026-06-27T23:11:22.336559+00:00,,,,,,,,
2026-06-27T23:33:23.452429+00:00,spot_6,Spot 6,Occupied,2026-06-27T20:54:22.350568+00:00,2102,car,0.8773678541183472,10619,286.25579833984375,324.37274169921875,346.99700927734375,357.14178466796875
2026-06-27T23:33:23.452429+00:00,spot_7,Spot 7,Occupied,2026-06-27T23:25:20.969240+00:00,2187,car,0.5280818939208984,3108,246.0079345703125,318.36553955078125,302.48236083984375,352.41986083984375
2026-06-27T23:33:23.452429+00:00,spot_8,Spot 8,Occupied,2026-06-27T23:21:20.756944+00:00,2226,truck,0.5215806365013123,960,195.84890747070312,317.56451416015625,252.67630004882812,352.55950927734375
2026-06-27T23:33:23.452429+00:00,spot_9,Spot 9,Occupied,2026-06-27T22:56:21.647495+00:00,2189,car,0.6740351915359497,3000,174.65798950195312,322.6781005859375,209.94912719726562,347.9957275390625
2026-06-27T23:33:23.452429+00:00,spot_10,Spot 10,Empty,2026-06-27T23:33:23.452429+00:00,,,,,,,,
2026-06-27T23:33:23.452429+00:00,spot_11,Spot 11,Occupied,2026-06-27T23:33:23.452429+00:00,2222,car,0.749383270740509,1320,127.4675521850586,314.80682373046875,180.41012573242188,340.30474853515625
2026-06-27T23:33:23.452429+00:00,spot_12,Spot 12,Occupied,2026-06-27T22:41:32.126257+00:00,2125,car,0.676533043384552,7318,86.3673095703125,311.8377990722656,133.62591552734375,334.7137756347656
2026-06-27T23:33:23.452429+00:00,spot_13,Spot 13,Empty,2026-06-27T23:12:22.008166+00:00,,,,,,,,
2026-06-27T23:33:23.452429+00:00,spot_14,Spot 14,Occupied,2026-06-27T23:21:20.756944+00:00,2223,car,0.7290728092193604,1320,60.75897216796875,310.6171875,88.70904541015625,329.0634765625
2026-06-27T23:33:23.452429+00:00,spot_15,Spot 15,Occupied,2026-06-27T23:33:23.452429+00:00,2136,car,0.6459811925888062,6419,32.164772033691406,308.494384765625,68.4059829711914,328.3267822265625
2026-06-27T23:33:23.452429+00:00,spot_16,Spot 16,Empty,2026-06-27T23:33:23.452429+00:00,,,,,,,,
2026-06-27T23:33:23.452429+00:00,spot_17,Spot 17,Empty,2026-06-27T23:10:22.647728+00:00,,,,,,,,
2026-06-27T23:34:21.873717+00:00,spot_1,Spot 1,Occupied,2026-06-27T23:33:23.452429+00:00,2224,truck,0.6077411770820618,1379,566.641357421875,310.3175964355469,615.85986328125,373.8129577636719
2026-06-27T23:34:21.873717+00:00,spot_2,Spot 2,Occupied,2026-06-27T22:54:20.837791+00:00,2193,car,0.8150033950805664,2819,502.056640625,319.66375732421875,548.4720458984375,363.79412841796875
2026-06-27T23:34:21.873717+00:00,spot_3,Spot 3,Empty,2026-06-27T22:45:22.600760+00:00,,,,,,,,
2026-06-27T23:34:21.873717+00:00,spot_4,Spot 4,Empty,2026-06-27T23:10:22.647728+00:00,,,,,,,,
2026-06-27T23:34:21.873717+00:00,spot_5,Spot 5,Empty,2026-06-27T23:11:22.336559+00:00,,,,,,,,
2026-06-27T23:34:21.873717+00:00,spot_6,Spot 6,Occupied,2026-06-27T20:54:22.350568+00:00,2102,car,0.8865410089492798,10678,286.2071533203125,324.0657958984375,348.18499755859375,356.8614501953125
2026-06-27T23:34:21.873717+00:00,spot_7,Spot 7,Occupied,2026-06-27T23:25:20.969240+00:00,2187,car,0.5506297945976257,3167,247.02151489257812,317.8924560546875,304.1460266113281,352.404541015625
2026-06-27T23:34:21.873717+00:00,spot_8,Spot 8,Occupied,2026-06-27T23:21:20.756944+00:00,2226,truck,0.683614194393158,1019,195.62420654296875,316.0741882324219,255.5369873046875,352.6696472167969
2026-06-27T23:34:21.873717+00:00,spot_9,Spot 9,Occupied,2026-06-27T22:56:21.647495+00:00,2189,car,0.6346437335014343,3059,174.27879333496094,322.5908203125,213.5045623779297,348.0821533203125
2026-06-27T23:34:21.873717+00:00,spot_10,Spot 10,Occupied,2026-06-27T23:34:21.873717+00:00,2240,truck,0.3639751076698303,111,127.51512145996094,315.79931640625,181.73326110839844,340.369384765625
2026-06-27T23:34:21.873717+00:00,spot_11,Spot 11,Occupied,2026-06-27T23:33:23.452429+00:00,2222,car,0.5292512774467468,1379,127.45089721679688,315.8839111328125,181.78024291992188,340.30499267578125
2026-06-27T23:34:21.873717+00:00,spot_12,Spot 12,Occupied,2026-06-27T22:41:32.126257+00:00,2125,car,0.5776968598365784,7377,86.27842712402344,311.76177978515625,134.4501190185547,334.69573974609375
2026-06-27T23:34:21.873717+00:00,spot_13,Spot 13,Empty,2026-06-27T23:12:22.008166+00:00,,,,,,,,
2026-06-27T23:34:21.873717+00:00,spot_14,Spot 14,Occupied,2026-06-27T23:21:20.756944+00:00,2223,car,0.6964220404624939,1379,60.91678237915039,311.02587890625,88.19302368164062,329.20013427734375
2026-06-27T23:34:21.873717+00:00,spot_15,Spot 15,Empty,2026-06-27T23:34:21.873717+00:00,,,,,,,,
2026-06-27T23:34:21.873717+00:00,spot_16,Spot 16,Occupied,2026-06-27T23:34:21.873717+00:00,2136,car,0.6862996220588684,6478,32.141944885253906,308.1833190917969,67.60444641113281,328.1929016113281
2026-06-27T23:34:21.873717+00:00,spot_17,Spot 17,Empty,2026-06-27T23:10:22.647728+00:00,,,,,,,,
2026-06-27T23:35:22.054347+00:00,spot_1,Spot 1,Occupied,2026-06-27T23:35:22.054347+00:00,2241,bus,0.6621204614639282,0,566.4652099609375,310.031005859375,615.617919921875,373.791748046875
2026-06-27T23:35:22.054347+00:00,spot_2,Spot 2,Occupied,2026-06-27T22:54:20.837791+00:00,2193,car,0.5611217617988586,2879,501.5143127441406,319.75494384765625,547.6124267578125,363.86859130859375
2026-06-27T23:35:22.054347+00:00,spot_3,Spot 3,Empty,2026-06-27T22:45:22.600760+00:00,,,,,,,,
2026-06-27T23:35:22.054347+00:00,spot_4,Spot 4,Empty,2026-06-27T23:10:22.647728+00:00,,,,,,,,
2026-06-27T23:35:22.054347+00:00,spot_5,Spot 5,Empty,2026-06-27T23:11:22.336559+00:00,,,,,,,,
2026-06-27T23:35:22.054347+00:00,spot_6,Spot 6,Occupied,2026-06-27T20:54:22.350568+00:00,2102,car,0.8418703079223633,10738,286.61627197265625,323.90142822265625,347.00274658203125,357.19219970703125
2026-06-27T23:35:22.054347+00:00,spot_7,Spot 7,Occupied,2026-06-27T23:25:20.969240+00:00,2187,car,0.5584551692008972,3227,247.30914306640625,316.338134765625,301.20196533203125,352.6536865234375
2026-06-27T23:35:22.054347+00:00,spot_8,Spot 8,Occupied,2026-06-27T23:21:20.756944+00:00,2226,truck,0.6847298741340637,1079,195.59103393554688,317.05865478515625,255.41995239257812,352.67730712890625
2026-06-27T23:35:22.054347+00:00,spot_9,Spot 9,Occupied,2026-06-27T22:56:21.647495+00:00,2189,car,0.5792239904403687,3119,174.13546752929688,324.12786865234375,201.75015258789062,347.50335693359375
2026-06-27T23:35:22.054347+00:00,spot_10,Spot 10,Empty,2026-06-27T23:35:22.054347+00:00,,,,,,,,
2026-06-27T23:35:22.054347+00:00,spot_11,Spot 11,Occupied,2026-06-27T23:33:23.452429+00:00,2222,car,0.6408457159996033,1439,127.1630630493164,316.25543212890625,179.33010864257812,340.98541259765625
2026-06-27T23:35:22.054347+00:00,spot_12,Spot 12,Occupied,2026-06-27T22:41:32.126257+00:00,2125,car,0.7621586918830872,7437,86.33123779296875,311.6726989746094,133.61849975585938,334.6242370605469
2026-06-27T23:35:22.054347+00:00,spot_13,Spot 13,Empty,2026-06-27T23:12:22.008166+00:00,,,,,,,,
2026-06-27T23:35:22.054347+00:00,spot_14,Spot 14,Occupied,2026-06-27T23:21:20.756944+00:00,2223,car,0.5245563983917236,1439,62.891021728515625,311.260986328125,88.031982421875,329.3302001953125
2026-06-27T23:35:22.054347+00:00,spot_15,Spot 15,Occupied,2026-06-27T23:35:22.054347+00:00,2136,car,0.6006304025650024,6538,31.692201614379883,308.1181335449219,71.42996215820312,328.5775451660156
2026-06-27T23:35:22.054347+00:00,spot_16,Spot 16,Empty,2026-06-27T23:35:22.054347+00:00,,,,,,,,
2026-06-27T23:35:22.054347+00:00,spot_17,Spot 17,Empty,2026-06-27T23:10:22.647728+00:00,,,,,,,,
2026-06-27T23:36:20.911892+00:00,spot_1,Spot 1,Occupied,2026-06-27T23:36:20.911892+00:00,2224,truck,0.5990738272666931,1498,566.3521728515625,310.072265625,615.9158935546875,373.4632568359375
2026-06-27T23:36:20.911892+00:00,spot_2,Spot 2,Occupied,2026-06-27T22:54:20.837791+00:00,2193,car,0.7832566499710083,2938,501.68914794921875,319.44744873046875,548.6427612304688,363.78216552734375
2026-06-27T23:36:20.911892+00:00,spot_3,Spot 3,Empty,2026-06-27T22:45:22.600760+00:00,,,,,,,,
2026-06-27T23:36:20.911892+00:00,spot_4,Spot 4,Empty,2026-06-27T23:10:22.647728+00:00,,,,,,,,
2026-06-27T23:36:20.911892+00:00,spot_5,Spot 5,Empty,2026-06-27T23:11:22.336559+00:00,,,,,,,,
2026-06-27T23:36:20.911892+00:00,spot_6,Spot 6,Occupied,2026-06-27T20:54:22.350568+00:00,2102,car,0.871160089969635,10796,286.287109375,323.54351806640625,348.8369140625,356.73504638671875
2026-06-27T23:36:20.911892+00:00,spot_7,Spot 7,Occupied,2026-06-27T23:25:20.969240+00:00,2187,car,0.7273381948471069,3286,247.24110412597656,317.7703857421875,304.1942138671875,352.6146240234375
2026-06-27T23:36:20.911892+00:00,spot_8,Spot 8,Empty,2026-06-27T23:36:20.911892+00:00,,,,,,,,
2026-06-27T23:36:20.911892+00:00,spot_9,Spot 9,Occupied,2026-06-27T22:56:21.647495+00:00,2189,car,0.8614184260368347,3177,174.20455932617188,323.5859375,229.29776000976562,348.4107666015625
2026-06-27T23:36:20.911892+00:00,spot_10,Spot 10,Empty,2026-06-27T23:35:22.054347+00:00,,,,,,,,
2026-06-27T23:36:20.911892+00:00,spot_11,Spot 11,Occupied,2026-06-27T23:33:23.452429+00:00,2222,car,0.6373372673988342,1498,127.39958190917969,314.9149475097656,177.22645568847656,340.9069519042969
2026-06-27T23:36:20.911892+00:00,spot_12,Spot 12,Occupied,2026-06-27T22:41:32.126257+00:00,2125,car,0.6784694790840149,7496,86.44606018066406,311.6397705078125,133.57766723632812,334.81414794921875
2026-06-27T23:36:20.911892+00:00,spot_13,Spot 13,Empty,2026-06-27T23:12:22.008166+00:00,,,,,,,,
2026-06-27T23:36:20.911892+00:00,spot_14,Spot 14,Occupied,2026-06-27T23:21:20.756944+00:00,2223,car,0.7948641180992126,1498,63.53496170043945,311.0107421875,88.07640075683594,329.1304931640625
2026-06-27T23:36:20.911892+00:00,spot_15,Spot 15,Empty,2026-06-27T23:36:20.911892+00:00,,,,,,,,
2026-06-27T23:36:20.911892+00:00,spot_16,Spot 16,Occupied,2026-06-27T23:36:20.911892+00:00,2136,car,0.8047896027565002,6597,32.18373107910156,308.91949462890625,66.3853530883789,328.18756103515625
2026-06-27T23:36:20.911892+00:00,spot_17,Spot 17,Empty,2026-06-27T23:10:22.647728+00:00,,,,,,,,
2026-06-27T23:37:23.143209+00:00,spot_1,Spot 1,Occupied,2026-06-27T23:37:23.143209+00:00,2241,bus,0.501431941986084,120,566.507568359375,310.26788330078125,616.07470703125,373.793212890625
2026-06-27T23:37:23.143209+00:00,spot_2,Spot 2,Occupied,2026-06-27T22:54:20.837791+00:00,2193,car,0.7548276782035828,3000,502.0732116699219,323.6387939453125,546.508544921875,363.3841552734375
2026-06-27T23:37:23.143209+00:00,spot_3,Spot 3,Empty,2026-06-27T22:45:22.600760+00:00,,,,,,,,
2026-06-27T23:37:23.143209+00:00,spot_4,Spot 4,Empty,2026-06-27T23:10:22.647728+00:00,,,,,,,,
2026-06-27T23:37:23.143209+00:00,spot_5,Spot 5,Occupied,2026-06-27T23:37:23.143209+00:00,2242,car,0.7686014175415039,0,334.09149169921875,320.1393737792969,400.2021484375,360.8861389160156
2026-06-27T23:37:23.143209+00:00,spot_6,Spot 6,Occupied,2026-06-27T20:54:22.350568+00:00,2102,car,0.6739205718040466,10859,286.23651123046875,323.185791015625,338.85906982421875,357.399169921875
2026-06-27T23:37:23.143209+00:00,spot_7,Spot 7,Occupied,2026-06-27T23:37:23.143209+00:00,2243,truck,0.6123239398002625,0,247.08348083496094,311.59747314453125,303.1304931640625,352.75653076171875
2026-06-27T23:37:23.143209+00:00,spot_8,Spot 8,Empty,2026-06-27T23:36:20.911892+00:00,,,,,,,,
2026-06-27T23:37:23.143209+00:00,spot_9,Spot 9,Occupied,2026-06-27T22:56:21.647495+00:00,2189,car,0.8333919048309326,3240,173.74673461914062,323.5643310546875,228.40194702148438,348.348388671875
2026-06-27T23:37:23.143209+00:00,spot_10,Spot 10,Empty,2026-06-27T23:35:22.054347+00:00,,,,,,,,
2026-06-27T23:37:23.143209+00:00,spot_11,Spot 11,Occupied,2026-06-27T23:33:23.452429+00:00,2222,car,0.6364521980285645,1560,127.66204833984375,315.7334899902344,178.02432250976562,340.6522521972656
2026-06-27T23:37:23.143209+00:00,spot_12,Spot 12,Occupied,2026-06-27T22:41:32.126257+00:00,2125,car,0.5994569659233093,7558,86.39588928222656,311.72210693359375,132.74964904785156,334.76470947265625
2026-06-27T23:37:23.143209+00:00,spot_13,Spot 13,Empty,2026-06-27T23:12:22.008166+00:00,,,,,,,,
2026-06-27T23:37:23.143209+00:00,spot_14,Spot 14,Occupied,2026-06-27T23:21:20.756944+00:00,2223,car,0.6284969449043274,1560,57.86116027832031,311.05450439453125,88.51663208007812,329.42132568359375
2026-06-27T23:37:23.143209+00:00,spot_15,Spot 15,Empty,2026-06-27T23:36:20.911892+00:00,,,,,,,,
2026-06-27T23:37:23.143209+00:00,spot_16,Spot 16,Occupied,2026-06-27T23:36:20.911892+00:00,2136,car,0.5653570890426636,6659,31.870126724243164,308.038818359375,66.31409454345703,328.3084716796875
2026-06-27T23:37:23.143209+00:00,spot_17,Spot 17,Empty,2026-06-27T23:10:22.647728+00:00,,,,,,,,
2026-06-27T23:38:20.857375+00:00,spot_1,Spot 1,Occupied,2026-06-27T23:38:20.857375+00:00,2224,truck,0.5926716327667236,1617,566.70166015625,308.34002685546875,615.764404296875,373.39361572265625
2026-06-27T23:38:20.857375+00:00,spot_2,Spot 2,Occupied,2026-06-27T22:54:20.837791+00:00,2193,car,0.7043627500534058,3058,502.02508544921875,320.13604736328125,547.9426879882812,364.76885986328125
2026-06-27T23:38:20.857375+00:00,spot_3,Spot 3,Empty,2026-06-27T22:45:22.600760+00:00,,,,,,,,
2026-06-27T23:38:20.857375+00:00,spot_4,Spot 4,Empty,2026-06-27T23:10:22.647728+00:00,,,,,,,,
2026-06-27T23:38:20.857375+00:00,spot_5,Spot 5,Occupied,2026-06-27T23:37:23.143209+00:00,2242,car,0.7076730728149414,57,334.3060607910156,320.404052734375,399.8935241699219,360.6278076171875
2026-06-27T23:38:20.857375+00:00,spot_6,Spot 6,Occupied,2026-06-27T20:54:22.350568+00:00,2102,car,0.7630338668823242,10916,286.7181396484375,323.652099609375,339.24310302734375,357.85125732421875
2026-06-27T23:38:20.857375+00:00,spot_7,Spot 7,Occupied,2026-06-27T23:38:20.857375+00:00,2187,car,0.3652961552143097,3405,247.2548370361328,316.0700988769531,304.12908935546875,352.8561096191406
2026-06-27T23:38:20.857375+00:00,spot_8,Spot 8,Empty,2026-06-27T23:36:20.911892+00:00,,,,,,,,
2026-06-27T23:38:20.857375+00:00,spot_9,Spot 9,Occupied,2026-06-27T22:56:21.647495+00:00,2189,car,0.7704609036445618,3297,173.62521362304688,321.2702941894531,228.47433471679688,348.2693786621094
2026-06-27T23:38:20.857375+00:00,spot_10,Spot 10,Empty,2026-06-27T23:35:22.054347+00:00,,,,,,,,
2026-06-27T23:38:20.857375+00:00,spot_11,Spot 11,Occupied,2026-06-27T23:33:23.452429+00:00,2222,car,0.5459229350090027,1617,127.2651138305664,315.3036804199219,176.92709350585938,341.2101135253906
2026-06-27T23:38:20.857375+00:00,spot_12,Spot 12,Occupied,2026-06-27T22:41:32.126257+00:00,2125,car,0.5032414793968201,7615,86.40916442871094,311.7798156738281,134.1153106689453,335.2705383300781
2026-06-27T23:38:20.857375+00:00,spot_13,Spot 13,Empty,2026-06-27T23:12:22.008166+00:00,,,,,,,,
2026-06-27T23:38:20.857375+00:00,spot_14,Spot 14,Occupied,2026-06-27T23:21:20.756944+00:00,2223,car,0.6600701212882996,1617,63.294456481933594,311.141357421875,91.13007354736328,329.3489990234375
2026-06-27T23:38:20.857375+00:00,spot_15,Spot 15,Empty,2026-06-27T23:36:20.911892+00:00,,,,,,,,
2026-06-27T23:38:20.857375+00:00,spot_16,Spot 16,Occupied,2026-06-27T23:36:20.911892+00:00,2136,car,0.5897281169891357,6716,31.609270095825195,308.24627685546875,67.34596252441406,328.52032470703125
2026-06-27T23:38:20.857375+00:00,spot_17,Spot 17,Empty,2026-06-27T23:10:22.647728+00:00,,,,,,,,
2026-06-27T23:39:21.833830+00:00,spot_1,Spot 1,Occupied,2026-06-27T23:38:20.857375+00:00,2224,truck,0.6078559756278992,1679,566.6805419921875,310.1284484863281,616.2271728515625,373.9140930175781
2026-06-27T23:39:21.833830+00:00,spot_2,Spot 2,Occupied,2026-06-27T22:54:20.837791+00:00,2193,car,0.7618553042411804,3119,501.68621826171875,319.06024169921875,549.1237182617188,364.12158203125
2026-06-27T23:39:21.833830+00:00,spot_3,Spot 3,Empty,2026-06-27T22:45:22.600760+00:00,,,,,,,,
2026-06-27T23:39:21.833830+00:00,spot_4,Spot 4,Empty,2026-06-27T23:10:22.647728+00:00,,,,,,,,
2026-06-27T23:39:21.833830+00:00,spot_5,Spot 5,Occupied,2026-06-27T23:37:23.143209+00:00,2242,car,0.8597041368484497,118,333.69940185546875,320.7109375,399.92108154296875,360.2086181640625
2026-06-27T23:39:21.833830+00:00,spot_6,Spot 6,Occupied,2026-06-27T20:54:22.350568+00:00,2102,car,0.8500462174415588,10977,286.31011962890625,324.267333984375,338.60626220703125,357.05194091796875
2026-06-27T23:39:21.833830+00:00,spot_7,Spot 7,Occupied,2026-06-27T23:38:20.857375+00:00,2187,car,0.5027239322662354,3467,247.4618682861328,312.67449951171875,304.66925048828125,352.86407470703125
2026-06-27T23:39:21.833830+00:00,spot_8,Spot 8,Empty,2026-06-27T23:36:20.911892+00:00,,,,,,,,
2026-06-27T23:39:21.833830+00:00,spot_9,Spot 9,Occupied,2026-06-27T22:56:21.647495+00:00,2189,car,0.8473197817802429,3358,174.18975830078125,323.20684814453125,229.64593505859375,348.34222412109375
2026-06-27T23:39:21.833830+00:00,spot_10,Spot 10,Empty,2026-06-27T23:35:22.054347+00:00,,,,,,,,
2026-06-27T23:39:21.833830+00:00,spot_11,Spot 11,Occupied,2026-06-27T23:33:23.452429+00:00,2222,car,0.7017928957939148,1679,127.58819580078125,316.7699890136719,180.02871704101562,340.6904602050781
2026-06-27T23:39:21.833830+00:00,spot_12,Spot 12,Occupied,2026-06-27T22:41:32.126257+00:00,2125,car,0.6131619215011597,7677,86.19508361816406,311.7101745605469,133.2648162841797,335.1138610839844
2026-06-27T23:39:21.833830+00:00,spot_13,Spot 13,Empty,2026-06-27T23:12:22.008166+00:00,,,,,,,,
2026-06-27T23:39:21.833830+00:00,spot_14,Spot 14,Occupied,2026-06-27T23:21:20.756944+00:00,2223,car,0.6704355478286743,1679,63.1837272644043,311.0814208984375,88.06993103027344,329.5010986328125
2026-06-27T23:39:21.833830+00:00,spot_15,Spot 15,Empty,2026-06-27T23:36:20.911892+00:00,,,,,,,,
2026-06-27T23:39:21.833830+00:00,spot_16,Spot 16,Occupied,2026-06-27T23:36:20.911892+00:00,2136,car,0.6483046412467957,6778,32.443359375,308.671630859375,67.22465515136719,328.06982421875
2026-06-27T23:39:21.833830+00:00,spot_17,Spot 17,Empty,2026-06-27T23:10:22.647728+00:00,,,,,,,,
2026-06-27T23:40:22.124374+00:00,spot_1,Spot 1,Occupied,2026-06-27T23:38:20.857375+00:00,2224,truck,0.614626944065094,1739,566.5137329101562,310.3005065917969,615.8169555664062,373.9263000488281
2026-06-27T23:40:22.124374+00:00,spot_2,Spot 2,Occupied,2026-06-27T22:54:20.837791+00:00,2193,car,0.716797411441803,3179,501.5912780761719,319.2985534667969,548.982177734375,364.5662536621094
2026-06-27T23:40:22.124374+00:00,spot_3,Spot 3,Empty,2026-06-27T22:45:22.600760+00:00,,,,,,,,
2026-06-27T23:40:22.124374+00:00,spot_4,Spot 4,Empty,2026-06-27T23:10:22.647728+00:00,,,,,,,,
2026-06-27T23:40:22.124374+00:00,spot_5,Spot 5,Occupied,2026-06-27T23:37:23.143209+00:00,2242,car,0.8240904808044434,178,334.04998779296875,320.7032165527344,399.8626708984375,359.9554138183594
2026-06-27T23:40:22.124374+00:00,spot_6,Spot 6,Occupied,2026-06-27T20:54:22.350568+00:00,2102,car,0.8306881785392761,11037,286.4427490234375,323.7823486328125,340.59912109375,356.89892578125
2026-06-27T23:40:22.124374+00:00,spot_7,Spot 7,Occupied,2026-06-27T23:38:20.857375+00:00,2187,car,0.5871918201446533,3527,247.10252380371094,313.1427001953125,302.869140625,352.5240478515625
2026-06-27T23:40:22.124374+00:00,spot_8,Spot 8,Empty,2026-06-27T23:36:20.911892+00:00,,,,,,,,
2026-06-27T23:40:22.124374+00:00,spot_9,Spot 9,Occupied,2026-06-27T22:56:21.647495+00:00,2189,car,0.8387671113014221,3418,173.7373046875,322.9878234863281,229.47869873046875,348.3205871582031
2026-06-27T23:40:22.124374+00:00,spot_10,Spot 10,Empty,2026-06-27T23:35:22.054347+00:00,,,,,,,,
2026-06-27T23:40:22.124374+00:00,spot_11,Spot 11,Occupied,2026-06-27T23:33:23.452429+00:00,2222,car,0.7149398922920227,1739,127.5378646850586,316.2113037109375,181.85513305664062,340.80511474609375
2026-06-27T23:40:22.124374+00:00,spot_12,Spot 12,Occupied,2026-06-27T22:41:32.126257+00:00,2125,car,0.45106038451194763,7737,86.3948974609375,311.86944580078125,133.90673828125,335.11175537109375
2026-06-27T23:40:22.124374+00:00,spot_13,Spot 13,Empty,2026-06-27T23:12:22.008166+00:00,,,,,,,,
2026-06-27T23:40:22.124374+00:00,spot_14,Spot 14,Occupied,2026-06-27T23:21:20.756944+00:00,2223,car,0.7486962080001831,1739,62.851356506347656,311.0762634277344,88.26480865478516,329.3510437011719
2026-06-27T23:40:22.124374+00:00,spot_15,Spot 15,Empty,2026-06-27T23:36:20.911892+00:00,,,,,,,,
2026-06-27T23:40:22.124374+00:00,spot_16,Spot 16,Occupied,2026-06-27T23:36:20.911892+00:00,2136,car,0.756986677646637,6838,31.923728942871094,308.4637451171875,66.76434326171875,328.1837158203125
2026-06-27T23:40:22.124374+00:00,spot_17,Spot 17,Empty,2026-06-27T23:10:22.647728+00:00,,,,,,,,
2026-06-27T23:41:22.958233+00:00,spot_1,Spot 1,Occupied,2026-06-27T23:38:20.857375+00:00,2224,truck,0.4874194264411926,1800,567.744873046875,309.07012939453125,615.52734375,373.1812744140625
2026-06-27T23:41:22.958233+00:00,spot_2,Spot 2,Occupied,2026-06-27T22:54:20.837791+00:00,2193,car,0.8784433007240295,3240,501.373291015625,319.716064453125,548.9610595703125,364.13909912109375
2026-06-27T23:41:22.958233+00:00,spot_3,Spot 3,Empty,2026-06-27T22:45:22.600760+00:00,,,,,,,,
2026-06-27T23:41:22.958233+00:00,spot_4,Spot 4,Empty,2026-06-27T23:10:22.647728+00:00,,,,,,,,
2026-06-27T23:41:22.958233+00:00,spot_5,Spot 5,Occupied,2026-06-27T23:37:23.143209+00:00,2242,car,0.8350309133529663,239,333.91265869140625,321.0035400390625,400.11700439453125,360.294921875
2026-06-27T23:41:22.958233+00:00,spot_6,Spot 6,Occupied,2026-06-27T20:54:22.350568+00:00,2102,car,0.8357824683189392,11098,286.13873291015625,323.90423583984375,337.30621337890625,357.32489013671875
2026-06-27T23:41:22.958233+00:00,spot_7,Spot 7,Occupied,2026-06-27T23:38:20.857375+00:00,2187,car,0.5210044384002686,3588,247.17523193359375,317.9125671386719,299.28228759765625,352.4738464355469
2026-06-27T23:41:22.958233+00:00,spot_8,Spot 8,Empty,2026-06-27T23:36:20.911892+00:00,,,,,,,,
2026-06-27T23:41:22.958233+00:00,spot_9,Spot 9,Occupied,2026-06-27T22:56:21.647495+00:00,2189,car,0.8541193604469299,3479,173.46778869628906,323.4792785644531,228.6265411376953,348.1882629394531
2026-06-27T23:41:22.958233+00:00,spot_10,Spot 10,Empty,2026-06-27T23:35:22.054347+00:00,,,,,,,,
2026-06-27T23:41:22.958233+00:00,spot_11,Spot 11,Occupied,2026-06-27T23:33:23.452429+00:00,2222,car,0.517315149307251,1800,126.93895721435547,316.5171203613281,174.91473388671875,341.1127624511719
2026-06-27T23:41:22.958233+00:00,spot_12,Spot 12,Occupied,2026-06-27T22:41:32.126257+00:00,2125,car,0.6848713159561157,7798,86.19041442871094,311.69268798828125,134.28103637695312,334.79876708984375
2026-06-27T23:41:22.958233+00:00,spot_13,Spot 13,Empty,2026-06-27T23:12:22.008166+00:00,,,,,,,,
2026-06-27T23:41:22.958233+00:00,spot_14,Spot 14,Occupied,2026-06-27T23:21:20.756944+00:00,2223,car,0.6817100048065186,1800,63.631290435791016,311.2452392578125,88.29348754882812,329.026123046875
2026-06-27T23:41:22.958233+00:00,spot_15,Spot 15,Occupied,2026-06-27T23:41:22.958233+00:00,2136,car,0.7043980956077576,6899,31.738304138183594,308.31231689453125,69.99681091308594,328.14556884765625
2026-06-27T23:41:22.958233+00:00,spot_16,Spot 16,Empty,2026-06-27T23:41:22.958233+00:00,,,,,,,,
2026-06-27T23:41:22.958233+00:00,spot_17,Spot 17,Empty,2026-06-27T23:10:22.647728+00:00,,,,,,,,
2026-06-27T23:42:23.361634+00:00,spot_1,Spot 1,Occupied,2026-06-27T23:38:20.857375+00:00,2224,truck,0.5956340432167053,1860,566.65185546875,309.94903564453125,615.71923828125,373.64544677734375
2026-06-27T23:42:23.361634+00:00,spot_2,Spot 2,Occupied,2026-06-27T22:54:20.837791+00:00,2193,car,0.8200976848602295,3301,501.92926025390625,319.24652099609375,548.7348022460938,363.7872314453125
2026-06-27T23:42:23.361634+00:00,spot_3,Spot 3,Empty,2026-06-27T22:45:22.600760+00:00,,,,,,,,
2026-06-27T23:42:23.361634+00:00,spot_4,Spot 4,Empty,2026-06-27T23:10:22.647728+00:00,,,,,,,,
2026-06-27T23:42:23.361634+00:00,spot_5,Spot 5,Occupied,2026-06-27T23:37:23.143209+00:00,2242,car,0.8170701265335083,300,334.241943359375,320.5896911621094,399.701416015625,359.5034484863281
2026-06-27T23:42:23.361634+00:00,spot_6,Spot 6,Occupied,2026-06-27T20:54:22.350568+00:00,2102,car,0.8635045289993286,11159,286.61846923828125,322.9238586425781,337.73358154296875,356.7248229980469
2026-06-27T23:42:23.361634+00:00,spot_7,Spot 7,Occupied,2026-06-27T23:38:20.857375+00:00,2187,car,0.4084465801715851,3648,247.41038513183594,312.6746826171875,303.150146484375,352.669921875
2026-06-27T23:42:23.361634+00:00,spot_8,Spot 8,Empty,2026-06-27T23:36:20.911892+00:00,,,,,,,,
2026-06-27T23:42:23.361634+00:00,spot_9,Spot 9,Occupied,2026-06-27T22:56:21.647495+00:00,2189,car,0.8459809422492981,3540,173.80218505859375,323.26812744140625,228.72125244140625,348.26531982421875
2026-06-27T23:42:23.361634+00:00,spot_10,Spot 10,Empty,2026-06-27T23:35:22.054347+00:00,,,,,,,,
2026-06-27T23:42:23.361634+00:00,spot_11,Spot 11,Occupied,2026-06-27T23:33:23.452429+00:00,2222,car,0.733606219291687,1860,127.77473449707031,316.30059814453125,179.82289123535156,340.43634033203125
2026-06-27T23:42:23.361634+00:00,spot_12,Spot 12,Occupied,2026-06-27T22:41:32.126257+00:00,2125,car,0.6387668251991272,7858,86.43862915039062,311.66259765625,133.94137573242188,335.0042724609375
2026-06-27T23:42:23.361634+00:00,spot_13,Spot 13,Empty,2026-06-27T23:12:22.008166+00:00,,,,,,,,
2026-06-27T23:42:23.361634+00:00,spot_14,Spot 14,Occupied,2026-06-27T23:21:20.756944+00:00,2223,car,0.7684142589569092,1860,63.39601135253906,311.06964111328125,88.5465087890625,329.08941650390625
2026-06-27T23:42:23.361634+00:00,spot_15,Spot 15,Empty,2026-06-27T23:42:23.361634+00:00,,,,,,,,
2026-06-27T23:42:23.361634+00:00,spot_16,Spot 16,Occupied,2026-06-27T23:42:23.361634+00:00,2136,car,0.7228800654411316,6960,33.12547302246094,308.21295166015625,66.57213592529297,328.18670654296875
2026-06-27T23:42:23.361634+00:00,spot_17,Spot 17,Empty,2026-06-27T23:10:22.647728+00:00,,,,,,,,
2026-06-27T23:43:21.855049+00:00,spot_1,Spot 1,Occupied,2026-06-27T23:38:20.857375+00:00,2224,truck,0.7298429608345032,1919,567.8648681640625,310.0589599609375,615.3760986328125,374.0145263671875
2026-06-27T23:43:21.855049+00:00,spot_2,Spot 2,Occupied,2026-06-27T22:54:20.837791+00:00,2193,car,0.7711132764816284,3359,501.7045593261719,325.71063232421875,544.80322265625,364.163330078125
2026-06-27T23:43:21.855049+00:00,spot_3,Spot 3,Empty,2026-06-27T22:45:22.600760+00:00,,,,,,,,
2026-06-27T23:43:21.855049+00:00,spot_4,Spot 4,Empty,2026-06-27T23:10:22.647728+00:00,,,,,,,,
2026-06-27T23:43:21.855049+00:00,spot_5,Spot 5,Occupied,2026-06-27T23:37:23.143209+00:00,2242,car,0.7558407187461853,358,333.31463623046875,320.1094970703125,400.2044677734375,360.035888671875
2026-06-27T23:43:21.855049+00:00,spot_6,Spot 6,Occupied,2026-06-27T20:54:22.350568+00:00,2102,car,0.7822797298431396,11217,286.0470275878906,322.6405029296875,341.5191955566406,356.75823974609375
2026-06-27T23:43:21.855049+00:00,spot_7,Spot 7,Occupied,2026-06-27T23:38:20.857375+00:00,2187,car,0.4450817108154297,3707,247.17526245117188,317.75018310546875,303.8933410644531,352.34527587890625
2026-06-27T23:43:21.855049+00:00,spot_8,Spot 8,Empty,2026-06-27T23:36:20.911892+00:00,,,,,,,,
2026-06-27T23:43:21.855049+00:00,spot_9,Spot 9,Occupied,2026-06-27T22:56:21.647495+00:00,2189,car,0.819115936756134,3598,172.985107421875,322.962890625,227.3797607421875,348.0467529296875
2026-06-27T23:43:21.855049+00:00,spot_10,Spot 10,Empty,2026-06-27T23:35:22.054347+00:00,,,,,,,,
2026-06-27T23:43:21.855049+00:00,spot_11,Spot 11,Occupied,2026-06-27T23:33:23.452429+00:00,2222,car,0.7098165154457092,1919,127.25059509277344,316.22698974609375,179.9199981689453,341.0177001953125
2026-06-27T23:43:21.855049+00:00,spot_12,Spot 12,Occupied,2026-06-27T22:41:32.126257+00:00,2125,car,0.5384876728057861,7917,86.69534301757812,311.77178955078125,134.109130859375,334.94635009765625
2026-06-27T23:43:21.855049+00:00,spot_13,Spot 13,Empty,2026-06-27T23:12:22.008166+00:00,,,,,,,,
2026-06-27T23:43:21.855049+00:00,spot_14,Spot 14,Occupied,2026-06-27T23:21:20.756944+00:00,2223,car,0.7428035736083984,1919,63.88351821899414,311.13836669921875,87.89935302734375,329.09613037109375
2026-06-27T23:43:21.855049+00:00,spot_15,Spot 15,Empty,2026-06-27T23:42:23.361634+00:00,,,,,,,,
2026-06-27T23:43:21.855049+00:00,spot_16,Spot 16,Occupied,2026-06-27T23:42:23.361634+00:00,2136,car,0.7954707145690918,7018,31.973604202270508,308.50128173828125,66.58772277832031,328.16650390625
2026-06-27T23:43:21.855049+00:00,spot_17,Spot 17,Empty,2026-06-27T23:10:22.647728+00:00,,,,,,,,
2026-06-27T23:44:21.826417+00:00,spot_1,Spot 1,Occupied,2026-06-27T23:44:21.826417+00:00,2246,bus,0.5835621356964111,0,566.6279296875,310.408447265625,614.91015625,373.1915283203125
2026-06-27T23:44:21.826417+00:00,spot_2,Spot 2,Occupied,2026-06-27T22:54:20.837791+00:00,2193,car,0.7000992894172668,3418,501.00701904296875,323.83135986328125,543.3131713867188,364.271484375
2026-06-27T23:44:21.826417+00:00,spot_3,Spot 3,Empty,2026-06-27T22:45:22.600760+00:00,,,,,,,,
2026-06-27T23:44:21.826417+00:00,spot_4,Spot 4,Empty,2026-06-27T23:10:22.647728+00:00,,,,,,,,
2026-06-27T23:44:21.826417+00:00,spot_5,Spot 5,Occupied,2026-06-27T23:44:21.826417+00:00,2247,truck,0.4390888512134552,0,333.32373046875,320.2606201171875,399.4000244140625,360.2349853515625
2026-06-27T23:44:21.826417+00:00,spot_6,Spot 6,Occupied,2026-06-27T20:54:22.350568+00:00,2102,car,0.6912631392478943,11277,286.146240234375,324.28631591796875,339.8045654296875,357.09393310546875
2026-06-27T23:44:21.826417+00:00,spot_7,Spot 7,Occupied,2026-06-27T23:38:20.857375+00:00,2187,car,0.44919702410697937,3766,247.248291015625,311.76043701171875,297.3857421875,352.6368408203125
2026-06-27T23:44:21.826417+00:00,spot_8,Spot 8,Empty,2026-06-27T23:36:20.911892+00:00,,,,,,,,
2026-06-27T23:44:21.826417+00:00,spot_9,Spot 9,Occupied,2026-06-27T22:56:21.647495+00:00,2189,car,0.8359087109565735,3658,173.64212036132812,323.65411376953125,228.49789428710938,348.4813232421875
2026-06-27T23:44:21.826417+00:00,spot_10,Spot 10,Empty,2026-06-27T23:35:22.054347+00:00,,,,,,,,
2026-06-27T23:44:21.826417+00:00,spot_11,Spot 11,Occupied,2026-06-27T23:33:23.452429+00:00,2222,car,0.7446447610855103,1978,127.73043823242188,316.8326416015625,180.56570434570312,340.738525390625
2026-06-27T23:44:21.826417+00:00,spot_12,Spot 12,Occupied,2026-06-27T22:41:32.126257+00:00,2125,car,0.678896427154541,7976,86.40753173828125,311.7445983886719,133.85562133789062,335.0963439941406
2026-06-27T23:44:21.826417+00:00,spot_13,Spot 13,Empty,2026-06-27T23:12:22.008166+00:00,,,,,,,,
2026-06-27T23:44:21.826417+00:00,spot_14,Spot 14,Occupied,2026-06-27T23:21:20.756944+00:00,2223,car,0.7070751190185547,1978,64.00200653076172,311.56109619140625,87.78583526611328,329.0836181640625
2026-06-27T23:44:21.826417+00:00,spot_15,Spot 15,Empty,2026-06-27T23:42:23.361634+00:00,,,,,,,,
2026-06-27T23:44:21.826417+00:00,spot_16,Spot 16,Occupied,2026-06-27T23:42:23.361634+00:00,2136,car,0.6251728534698486,7077,32.791221618652344,308.4234619140625,65.3198471069336,328.3426513671875
2026-06-27T23:44:21.826417+00:00,spot_17,Spot 17,Empty,2026-06-27T23:10:22.647728+00:00,,,,,,,,
2026-06-27T23:45:32.508472+00:00,spot_1,Spot 1,Occupied,2026-06-27T23:45:32.508472+00:00,2224,truck,0.5542805790901184,2052,566.9142456054688,310.2557373046875,615.0794067382812,374.1927490234375
2026-06-27T23:45:32.508472+00:00,spot_2,Spot 2,Occupied,2026-06-27T22:54:20.837791+00:00,2193,car,0.8088074326515198,3492,502.1498107910156,326.36602783203125,545.2337646484375,363.98809814453125
2026-06-27T23:45:32.508472+00:00,spot_3,Spot 3,Empty,2026-06-27T22:45:22.600760+00:00,,,,,,,,
2026-06-27T23:45:32.508472+00:00,spot_4,Spot 4,Empty,2026-06-27T23:10:22.647728+00:00,,,,,,,,
2026-06-27T23:45:32.508472+00:00,spot_5,Spot 5,Occupied,2026-06-27T23:45:32.508472+00:00,2242,car,0.6643149256706238,491,333.4090576171875,320.48382568359375,397.2041015625,359.7344970703125
2026-06-27T23:45:32.508472+00:00,spot_6,Spot 6,Occupied,2026-06-27T20:54:22.350568+00:00,2102,car,0.82166987657547,11350,286.8712158203125,324.98089599609375,339.9840087890625,357.03900146484375
2026-06-27T23:45:32.508472+00:00,spot_7,Spot 7,Occupied,2026-06-27T23:45:32.508472+00:00,2245,truck,0.6293282508850098,191,247.164794921875,312.17169189453125,300.5260009765625,353.04620361328125
2026-06-27T23:45:32.508472+00:00,spot_8,Spot 8,Empty,2026-06-27T23:36:20.911892+00:00,,,,,,,,
2026-06-27T23:45:32.508472+00:00,spot_9,Spot 9,Occupied,2026-06-27T22:56:21.647495+00:00,2189,car,0.7449396848678589,3731,173.73660278320312,323.93255615234375,228.65011596679688,348.09014892578125
2026-06-27T23:45:32.508472+00:00,spot_10,Spot 10,Empty,2026-06-27T23:35:22.054347+00:00,,,,,,,,
2026-06-27T23:45:32.508472+00:00,spot_11,Spot 11,Occupied,2026-06-27T23:33:23.452429+00:00,2222,car,0.3516928255558014,2052,127.9697265625,317.21990966796875,182.37881469726562,340.64849853515625
2026-06-27T23:45:32.508472+00:00,spot_12,Spot 12,Occupied,2026-06-27T22:41:32.126257+00:00,2125,car,0.4158247411251068,8050,86.25279235839844,311.7432556152344,134.81141662597656,334.7063293457031
2026-06-27T23:45:32.508472+00:00,spot_13,Spot 13,Empty,2026-06-27T23:12:22.008166+00:00,,,,,,,,
2026-06-27T23:45:32.508472+00:00,spot_14,Spot 14,Occupied,2026-06-27T23:21:20.756944+00:00,2223,car,0.7498239278793335,2052,63.533843994140625,311.25677490234375,88.85603332519531,329.12103271484375
2026-06-27T23:45:32.508472+00:00,spot_15,Spot 15,Empty,2026-06-27T23:42:23.361634+00:00,,,,,,,,
2026-06-27T23:45:32.508472+00:00,spot_16,Spot 16,Occupied,2026-06-27T23:42:23.361634+00:00,2136,car,0.7719922065734863,7151,31.710159301757812,308.2582092285156,65.51611328125,328.1970520019531
2026-06-27T23:45:32.508472+00:00,spot_17,Spot 17,Empty,2026-06-27T23:10:22.647728+00:00,,,,,,,,
2026-06-27T23:46:21.304941+00:00,spot_1,Spot 1,Occupied,2026-06-27T23:45:32.508472+00:00,2224,truck,0.6625316739082336,2097,566.4219360351562,308.54290771484375,615.7361450195312,372.64276123046875
2026-06-27T23:46:21.304941+00:00,spot_2,Spot 2,Occupied,2026-06-27T22:54:20.837791+00:00,2193,car,0.7317787408828735,3538,501.3043212890625,319.80511474609375,546.869873046875,363.36236572265625
2026-06-27T23:46:21.304941+00:00,spot_3,Spot 3,Empty,2026-06-27T22:45:22.600760+00:00,,,,,,,,
2026-06-27T23:46:21.304941+00:00,spot_4,Spot 4,Empty,2026-06-27T23:10:22.647728+00:00,,,,,,,,
2026-06-27T23:46:21.304941+00:00,spot_5,Spot 5,Occupied,2026-06-27T23:46:21.304941+00:00,2249,car,0.4404461979866028,0,383.93267822265625,323.447998046875,399.78326416015625,345.77197265625
2026-06-27T23:46:21.304941+00:00,spot_6,Spot 6,Occupied,2026-06-27T20:54:22.350568+00:00,2102,car,0.7667984366416931,11396,286.3579406738281,321.491455078125,341.8728942871094,356.7308349609375
2026-06-27T23:46:21.304941+00:00,spot_7,Spot 7,Occupied,2026-06-27T23:45:32.508472+00:00,2245,truck,0.5604584217071533,237,247.5514678955078,311.3502502441406,303.32427978515625,352.4794006347656
2026-06-27T23:46:21.304941+00:00,spot_8,Spot 8,Empty,2026-06-27T23:36:20.911892+00:00,,,,,,,,
2026-06-27T23:46:21.304941+00:00,spot_9,Spot 9,Occupied,2026-06-27T22:56:21.647495+00:00,2189,car,0.859744668006897,3777,173.87124633789062,323.4329833984375,227.47958374023438,347.7955322265625
2026-06-27T23:46:21.304941+00:00,spot_10,Spot 10,Empty,2026-06-27T23:35:22.054347+00:00,,,,,,,,
2026-06-27T23:46:21.304941+00:00,spot_11,Spot 11,Occupied,2026-06-27T23:33:23.452429+00:00,2222,car,0.6719146966934204,2097,127.31452941894531,316.05584716796875,181.23512268066406,339.83111572265625
2026-06-27T23:46:21.304941+00:00,spot_12,Spot 12,Occupied,2026-06-27T22:41:32.126257+00:00,2125,car,0.5989517569541931,8095,86.73884582519531,311.6211242675781,134.49134826660156,334.8587951660156
2026-06-27T23:46:21.304941+00:00,spot_13,Spot 13,Empty,2026-06-27T23:12:22.008166+00:00,,,,,,,,
2026-06-27T23:46:21.304941+00:00,spot_14,Spot 14,Occupied,2026-06-27T23:21:20.756944+00:00,2223,car,0.6957883238792419,2097,62.444480895996094,311.30804443359375,88.4924087524414,329.2418212890625
2026-06-27T23:46:21.304941+00:00,spot_15,Spot 15,Empty,2026-06-27T23:42:23.361634+00:00,,,,,,,,
2026-06-27T23:46:21.304941+00:00,spot_16,Spot 16,Occupied,2026-06-27T23:42:23.361634+00:00,2136,car,0.500035285949707,7197,31.391834259033203,307.83660888671875,61.27908706665039,328.04876708984375
2026-06-27T23:46:21.304941+00:00,spot_17,Spot 17,Empty,2026-06-27T23:10:22.647728+00:00,,,,,,,,
2026-06-27T23:47:22.522515+00:00,spot_1,Spot 1,Occupied,2026-06-27T23:47:22.522515+00:00,2250,bus,0.6798916459083557,0,567.0281372070312,310.1920166015625,615.9135131835938,372.929443359375
2026-06-27T23:47:22.522515+00:00,spot_2,Spot 2,Occupied,2026-06-27T22:54:20.837791+00:00,2193,car,0.782558798789978,3600,501.88177490234375,325.931640625,544.7233276367188,363.1112060546875
2026-06-27T23:47:22.522515+00:00,spot_3,Spot 3,Empty,2026-06-27T22:45:22.600760+00:00,,,,,,,,
2026-06-27T23:47:22.522515+00:00,spot_4,Spot 4,Empty,2026-06-27T23:10:22.647728+00:00,,,,,,,,
2026-06-27T23:47:22.522515+00:00,spot_5,Spot 5,Occupied,2026-06-27T23:47:22.522515+00:00,2242,car,0.5637274384498596,599,334.6728515625,320.2880859375,386.1683349609375,360.114501953125
2026-06-27T23:47:22.522515+00:00,spot_6,Spot 6,Occupied,2026-06-27T20:54:22.350568+00:00,2102,car,0.8304428458213806,11459,286.88494873046875,321.75421142578125,343.24432373046875,356.77850341796875
2026-06-27T23:47:22.522515+00:00,spot_7,Spot 7,Occupied,2026-06-27T23:45:32.508472+00:00,2245,truck,0.6228122115135193,299,247.45184326171875,311.7364501953125,301.8055419921875,352.530029296875
2026-06-27T23:47:22.522515+00:00,spot_8,Spot 8,Empty,2026-06-27T23:36:20.911892+00:00,,,,,,,,
2026-06-27T23:47:22.522515+00:00,spot_9,Spot 9,Occupied,2026-06-27T22:56:21.647495+00:00,2189,car,0.7930830717086792,3840,174.1092071533203,323.6432189941406,226.5254669189453,347.9663391113281
2026-06-27T23:47:22.522515+00:00,spot_10,Spot 10,Empty,2026-06-27T23:35:22.054347+00:00,,,,,,,,
2026-06-27T23:47:22.522515+00:00,spot_11,Spot 11,Occupied,2026-06-27T23:33:23.452429+00:00,2222,car,0.8333178162574768,2160,127.41078186035156,315.99591064453125,177.40553283691406,341.38336181640625
2026-06-27T23:47:22.522515+00:00,spot_12,Spot 12,Occupied,2026-06-27T23:47:22.522515+00:00,2248,truck,0.42462867498397827,108,86.50138854980469,311.635498046875,133.2981414794922,334.80328369140625
2026-06-27T23:47:22.522515+00:00,spot_13,Spot 13,Empty,2026-06-27T23:12:22.008166+00:00,,,,,,,,
2026-06-27T23:47:22.522515+00:00,spot_14,Spot 14,Occupied,2026-06-27T23:21:20.756944+00:00,2223,car,0.6152240037918091,2160,62.1727294921875,311.34979248046875,87.78158569335938,328.83001708984375
2026-06-27T23:47:22.522515+00:00,spot_15,Spot 15,Empty,2026-06-27T23:42:23.361634+00:00,,,,,,,,
2026-06-27T23:47:22.522515+00:00,spot_16,Spot 16,Occupied,2026-06-27T23:42:23.361634+00:00,2136,car,0.4548287093639374,7259,33.513084411621094,308.8311462402344,62.773719787597656,327.8990783691406
2026-06-27T23:47:22.522515+00:00,spot_17,Spot 17,Empty,2026-06-27T23:10:22.647728+00:00,,,,,,,,
2026-06-27T23:48:22.215695+00:00,spot_1,Spot 1,Occupied,2026-06-27T23:47:22.522515+00:00,2250,bus,0.6798916459083557,58,567.0281372070312,310.1920166015625,615.9135131835938,372.929443359375
2026-06-27T23:48:22.215695+00:00,spot_2,Spot 2,Occupied,2026-06-27T22:54:20.837791+00:00,2193,car,0.782558798789978,3659,501.88177490234375,325.931640625,544.7233276367188,363.1112060546875
2026-06-27T23:48:22.215695+00:00,spot_3,Spot 3,Empty,2026-06-27T22:45:22.600760+00:00,,,,,,,,
2026-06-27T23:48:22.215695+00:00,spot_4,Spot 4,Empty,2026-06-27T23:10:22.647728+00:00,,,,,,,,
2026-06-27T23:48:22.215695+00:00,spot_5,Spot 5,Occupied,2026-06-27T23:47:22.522515+00:00,2242,car,0.5637274384498596,658,334.6728515625,320.2880859375,386.1683349609375,360.114501953125
2026-06-27T23:48:22.215695+00:00,spot_6,Spot 6,Occupied,2026-06-27T20:54:22.350568+00:00,2102,car,0.8304428458213806,11517,286.88494873046875,321.75421142578125,343.24432373046875,356.77850341796875
2026-06-27T23:48:22.215695+00:00,spot_7,Spot 7,Occupied,2026-06-27T23:45:32.508472+00:00,2245,truck,0.6228122115135193,358,247.45184326171875,311.7364501953125,301.8055419921875,352.530029296875
2026-06-27T23:48:22.215695+00:00,spot_8,Spot 8,Empty,2026-06-27T23:36:20.911892+00:00,,,,,,,,
2026-06-27T23:48:22.215695+00:00,spot_9,Spot 9,Occupied,2026-06-27T22:56:21.647495+00:00,2189,car,0.7930830717086792,3898,174.1092071533203,323.6432189941406,226.5254669189453,347.9663391113281
2026-06-27T23:48:22.215695+00:00,spot_10,Spot 10,Empty,2026-06-27T23:35:22.054347+00:00,,,,,,,,
2026-06-27T23:48:22.215695+00:00,spot_11,Spot 11,Occupied,2026-06-27T23:33:23.452429+00:00,2222,car,0.8333178162574768,2219,127.41078186035156,315.99591064453125,177.40553283691406,341.38336181640625
2026-06-27T23:48:22.215695+00:00,spot_12,Spot 12,Occupied,2026-06-27T23:47:22.522515+00:00,2248,truck,0.42462867498397827,166,86.50138854980469,311.635498046875,133.2981414794922,334.80328369140625
2026-06-27T23:48:22.215695+00:00,spot_13,Spot 13,Empty,2026-06-27T23:12:22.008166+00:00,,,,,,,,
2026-06-27T23:48:22.215695+00:00,spot_14,Spot 14,Occupied,2026-06-27T23:21:20.756944+00:00,2223,car,0.6152240037918091,2219,62.1727294921875,311.34979248046875,87.78158569335938,328.83001708984375
2026-06-27T23:48:22.215695+00:00,spot_15,Spot 15,Empty,2026-06-27T23:42:23.361634+00:00,,,,,,,,
2026-06-27T23:48:22.215695+00:00,spot_16,Spot 16,Occupied,2026-06-27T23:42:23.361634+00:00,2136,car,0.4548287093639374,7318,33.513084411621094,308.8311462402344,62.773719787597656,327.8990783691406
2026-06-27T23:48:22.215695+00:00,spot_17,Spot 17,Empty,2026-06-27T23:10:22.647728+00:00,,,,,,,,
2026-06-27T23:49:21.673139+00:00,spot_1,Spot 1,Occupied,2026-06-27T23:47:22.522515+00:00,2250,bus,0.5146651864051819,118,563.8939208984375,304.76177978515625,616.6114501953125,373.57489013671875
2026-06-27T23:49:21.673139+00:00,spot_2,Spot 2,Occupied,2026-06-27T22:54:20.837791+00:00,2193,car,0.8550633192062378,3719,502.2017822265625,323.85723876953125,544.1912841796875,363.99346923828125
2026-06-27T23:49:21.673139+00:00,spot_3,Spot 3,Empty,2026-06-27T22:45:22.600760+00:00,,,,,,,,
2026-06-27T23:49:21.673139+00:00,spot_4,Spot 4,Empty,2026-06-27T23:10:22.647728+00:00,,,,,,,,
2026-06-27T23:49:21.673139+00:00,spot_5,Spot 5,Occupied,2026-06-27T23:47:22.522515+00:00,2242,car,0.6849258542060852,718,332.833984375,320.466064453125,399.492431640625,359.944580078125
2026-06-27T23:49:21.673139+00:00,spot_6,Spot 6,Occupied,2026-06-27T20:54:22.350568+00:00,2102,car,0.817730188369751,11577,287.03155517578125,321.433837890625,345.17694091796875,357.1580810546875
2026-06-27T23:49:21.673139+00:00,spot_7,Spot 7,Empty,2026-06-27T23:49:21.673139+00:00,,,,,,,,
2026-06-27T23:49:21.673139+00:00,spot_8,Spot 8,Empty,2026-06-27T23:36:20.911892+00:00,,,,,,,,
2026-06-27T23:49:21.673139+00:00,spot_9,Spot 9,Occupied,2026-06-27T22:56:21.647495+00:00,2189,car,0.841513991355896,3959,173.98226928710938,323.46978759765625,227.33822631835938,348.24713134765625
2026-06-27T23:49:21.673139+00:00,spot_10,Spot 10,Empty,2026-06-27T23:35:22.054347+00:00,,,,,,,,
2026-06-27T23:49:21.673139+00:00,spot_11,Spot 11,Occupied,2026-06-27T23:33:23.452429+00:00,2222,car,0.5728985071182251,2279,127.6396484375,315.9860534667969,178.65921020507812,341.1379089355469
2026-06-27T23:49:21.673139+00:00,spot_12,Spot 12,Occupied,2026-06-27T23:49:21.673139+00:00,2125,car,0.6323559880256653,8277,86.48265075683594,311.81121826171875,134.89028930664062,334.89141845703125
2026-06-27T23:49:21.673139+00:00,spot_13,Spot 13,Empty,2026-06-27T23:12:22.008166+00:00,,,,,,,,
2026-06-27T23:49:21.673139+00:00,spot_14,Spot 14,Occupied,2026-06-27T23:21:20.756944+00:00,2223,car,0.6773523092269897,2279,60.5140495300293,311.54296875,87.75663757324219,329.124755859375
2026-06-27T23:49:21.673139+00:00,spot_15,Spot 15,Empty,2026-06-27T23:42:23.361634+00:00,,,,,,,,
2026-06-27T23:49:21.673139+00:00,spot_16,Spot 16,Occupied,2026-06-27T23:42:23.361634+00:00,2136,car,0.5401737689971924,7378,32.217140197753906,308.6644592285156,64.61329650878906,327.9103698730469
2026-06-27T23:49:21.673139+00:00,spot_17,Spot 17,Empty,2026-06-27T23:10:22.647728+00:00,,,,,,,,
2026-06-27T23:50:23.201372+00:00,spot_1,Spot 1,Occupied,2026-06-27T23:50:23.201372+00:00,2251,truck,0.5334852933883667,0,566.8076171875,309.77386474609375,615.767333984375,374.17706298828125
2026-06-27T23:50:23.201372+00:00,spot_2,Spot 2,Occupied,2026-06-27T22:54:20.837791+00:00,2193,car,0.8637692928314209,3780,501.634033203125,319.5043029785156,548.8466796875,364.1400451660156
2026-06-27T23:50:23.201372+00:00,spot_3,Spot 3,Empty,2026-06-27T22:45:22.600760+00:00,,,,,,,,
2026-06-27T23:50:23.201372+00:00,spot_4,Spot 4,Empty,2026-06-27T23:10:22.647728+00:00,,,,,,,,
2026-06-27T23:50:23.201372+00:00,spot_5,Spot 5,Occupied,2026-06-27T23:47:22.522515+00:00,2242,car,0.8497196435928345,779,334.381591796875,320.7880859375,399.971923828125,359.121826171875
2026-06-27T23:50:23.201372+00:00,spot_6,Spot 6,Occupied,2026-06-27T20:54:22.350568+00:00,2102,car,0.8396015167236328,11639,286.69317626953125,322.15069580078125,342.78887939453125,357.00714111328125
2026-06-27T23:50:23.201372+00:00,spot_7,Spot 7,Empty,2026-06-27T23:49:21.673139+00:00,,,,,,,,
2026-06-27T23:50:23.201372+00:00,spot_8,Spot 8,Empty,2026-06-27T23:36:20.911892+00:00,,,,,,,,
2026-06-27T23:50:23.201372+00:00,spot_9,Spot 9,Occupied,2026-06-27T22:56:21.647495+00:00,2189,car,0.8317320346832275,4020,174.3265380859375,323.5860595703125,227.6456298828125,348.284912109375
2026-06-27T23:50:23.201372+00:00,spot_10,Spot 10,Empty,2026-06-27T23:35:22.054347+00:00,,,,,,,,
2026-06-27T23:50:23.201372+00:00,spot_11,Spot 11,Occupied,2026-06-27T23:33:23.452429+00:00,2222,car,0.5709799528121948,2340,127.64918518066406,316.04376220703125,179.9965362548828,340.70025634765625
2026-06-27T23:50:23.201372+00:00,spot_12,Spot 12,Occupied,2026-06-27T23:49:21.673139+00:00,2125,car,0.6848995089530945,8338,86.59785461425781,311.627197265625,133.6770782470703,334.32080078125
2026-06-27T23:50:23.201372+00:00,spot_13,Spot 13,Empty,2026-06-27T23:12:22.008166+00:00,,,,,,,,
2026-06-27T23:50:23.201372+00:00,spot_14,Spot 14,Occupied,2026-06-27T23:21:20.756944+00:00,2223,car,0.8073357939720154,2340,58.786033630371094,310.740234375,88.5141372680664,329.0887451171875
2026-06-27T23:50:23.201372+00:00,spot_15,Spot 15,Empty,2026-06-27T23:42:23.361634+00:00,,,,,,,,
2026-06-27T23:50:23.201372+00:00,spot_16,Spot 16,Occupied,2026-06-27T23:42:23.361634+00:00,2136,car,0.812861979007721,7439,31.341415405273438,308.10614013671875,63.07677459716797,328.04888916015625
2026-06-27T23:50:23.201372+00:00,spot_17,Spot 17,Empty,2026-06-27T23:10:22.647728+00:00,,,,,,,,
2026-06-27T23:51:23.340765+00:00,spot_1,Spot 1,Occupied,2026-06-27T23:50:23.201372+00:00,2251,truck,0.5177911520004272,59,566.515625,310.06695556640625,616.148193359375,373.85467529296875
2026-06-27T23:51:23.340765+00:00,spot_2,Spot 2,Occupied,2026-06-27T22:54:20.837791+00:00,2193,car,0.734626293182373,3840,502.1470947265625,319.97283935546875,548.0697021484375,363.92303466796875
2026-06-27T23:51:23.340765+00:00,spot_3,Spot 3,Empty,2026-06-27T22:45:22.600760+00:00,,,,,,,,
2026-06-27T23:51:23.340765+00:00,spot_4,Spot 4,Empty,2026-06-27T23:10:22.647728+00:00,,,,,,,,
2026-06-27T23:51:23.340765+00:00,spot_5,Spot 5,Occupied,2026-06-27T23:47:22.522515+00:00,2242,car,0.7754127383232117,839,333.97161865234375,320.67608642578125,400.27764892578125,359.36279296875
2026-06-27T23:51:23.340765+00:00,spot_6,Spot 6,Occupied,2026-06-27T20:54:22.350568+00:00,2102,car,0.8468614220619202,11699,286.01617431640625,323.25091552734375,343.7396240234375,356.89105224609375
2026-06-27T23:51:23.340765+00:00,spot_7,Spot 7,Empty,2026-06-27T23:49:21.673139+00:00,,,,,,,,
2026-06-27T23:51:23.340765+00:00,spot_8,Spot 8,Empty,2026-06-27T23:36:20.911892+00:00,,,,,,,,
2026-06-27T23:51:23.340765+00:00,spot_9,Spot 9,Occupied,2026-06-27T22:56:21.647495+00:00,2189,car,0.8696566224098206,4080,174.205810546875,323.24346923828125,228.9681396484375,348.28912353515625
2026-06-27T23:51:23.340765+00:00,spot_10,Spot 10,Empty,2026-06-27T23:35:22.054347+00:00,,,,,,,,
2026-06-27T23:51:23.340765+00:00,spot_11,Spot 11,Occupied,2026-06-27T23:33:23.452429+00:00,2222,car,0.5450345873832703,2400,127.27935028076172,315.63836669921875,181.7286376953125,339.85223388671875
2026-06-27T23:51:23.340765+00:00,spot_12,Spot 12,Occupied,2026-06-27T23:49:21.673139+00:00,2125,car,0.7458673715591431,8398,86.06597900390625,311.86199951171875,133.71649169921875,334.88433837890625
2026-06-27T23:51:23.340765+00:00,spot_13,Spot 13,Empty,2026-06-27T23:12:22.008166+00:00,,,,,,,,
2026-06-27T23:51:23.340765+00:00,spot_14,Spot 14,Occupied,2026-06-27T23:21:20.756944+00:00,2223,car,0.3554322421550751,2400,62.089820861816406,311.3951416015625,88.38924407958984,329.1136474609375
2026-06-27T23:51:23.340765+00:00,spot_15,Spot 15,Occupied,2026-06-27T23:51:23.340765+00:00,2136,car,0.5140577554702759,7499,32.488197326660156,308.3272399902344,68.11039733886719,328.1955871582031
2026-06-27T23:51:23.340765+00:00,spot_16,Spot 16,Empty,2026-06-27T23:51:23.340765+00:00,,,,,,,,
2026-06-27T23:51:23.340765+00:00,spot_17,Spot 17,Empty,2026-06-27T23:10:22.647728+00:00,,,,,,,,
2026-06-27T23:52:22.376921+00:00,spot_1,Spot 1,Occupied,2026-06-27T23:50:23.201372+00:00,2251,truck,0.5231150984764099,118,566.7589111328125,310.1529541015625,614.9949951171875,373.6326904296875
2026-06-27T23:52:22.376921+00:00,spot_2,Spot 2,Occupied,2026-06-27T22:54:20.837791+00:00,2193,car,0.760377824306488,3899,501.60894775390625,319.9193115234375,546.1755981445312,363.327392578125
2026-06-27T23:52:22.376921+00:00,spot_3,Spot 3,Empty,2026-06-27T22:45:22.600760+00:00,,,,,,,,
2026-06-27T23:52:22.376921+00:00,spot_4,Spot 4,Empty,2026-06-27T23:10:22.647728+00:00,,,,,,,,
2026-06-27T23:52:22.376921+00:00,spot_5,Spot 5,Occupied,2026-06-27T23:47:22.522515+00:00,2242,car,0.6797885298728943,898,332.82550048828125,320.79766845703125,398.06292724609375,360.25531005859375
2026-06-27T23:52:22.376921+00:00,spot_6,Spot 6,Occupied,2026-06-27T20:54:22.350568+00:00,2102,car,0.5967416167259216,11758,285.3328857421875,323.4110107421875,337.56256103515625,356.9710693359375
2026-06-27T23:52:22.376921+00:00,spot_7,Spot 7,Empty,2026-06-27T23:49:21.673139+00:00,,,,,,,,
2026-06-27T23:52:22.376921+00:00,spot_8,Spot 8,Empty,2026-06-27T23:36:20.911892+00:00,,,,,,,,
2026-06-27T23:52:22.376921+00:00,spot_9,Spot 9,Occupied,2026-06-27T22:56:21.647495+00:00,2189,car,0.7689894437789917,4139,174.03369140625,322.91998291015625,228.48382568359375,348.09136962890625
2026-06-27T23:52:22.376921+00:00,spot_10,Spot 10,Empty,2026-06-27T23:35:22.054347+00:00,,,,,,,,
2026-06-27T23:52:22.376921+00:00,spot_11,Spot 11,Empty,2026-06-27T23:52:22.376921+00:00,,,,,,,,
2026-06-27T23:52:22.376921+00:00,spot_12,Spot 12,Occupied,2026-06-27T23:49:21.673139+00:00,2125,car,0.708869218826294,8457,86.76654052734375,311.81353759765625,132.4938507080078,334.62933349609375
2026-06-27T23:52:22.376921+00:00,spot_13,Spot 13,Empty,2026-06-27T23:12:22.008166+00:00,,,,,,,,
2026-06-27T23:52:22.376921+00:00,spot_14,Spot 14,Occupied,2026-06-27T23:21:20.756944+00:00,2223,car,0.5366238355636597,2459,63.209259033203125,310.8711853027344,88.42974853515625,329.0277404785156
2026-06-27T23:52:22.376921+00:00,spot_15,Spot 15,Occupied,2026-06-27T23:51:23.340765+00:00,2136,car,0.6823164224624634,7558,32.15071105957031,308.31048583984375,68.62002563476562,328.06414794921875
2026-06-27T23:52:22.376921+00:00,spot_16,Spot 16,Empty,2026-06-27T23:51:23.340765+00:00,,,,,,,,
2026-06-27T23:52:22.376921+00:00,spot_17,Spot 17,Empty,2026-06-27T23:10:22.647728+00:00,,,,,,,,
2026-06-27T23:53:22.888259+00:00,spot_1,Spot 1,Occupied,2026-06-27T23:53:22.888259+00:00,2252,car,0.6701969504356384,0,565.7132568359375,310.6475524902344,616.0489501953125,374.6377868652344
2026-06-27T23:53:22.888259+00:00,spot_2,Spot 2,Occupied,2026-06-27T22:54:20.837791+00:00,2193,car,0.6865525245666504,3960,501.7970886230469,321.7571716308594,547.222900390625,363.5848693847656
2026-06-27T23:53:22.888259+00:00,spot_3,Spot 3,Empty,2026-06-27T22:45:22.600760+00:00,,,,,,,,
2026-06-27T23:53:22.888259+00:00,spot_4,Spot 4,Empty,2026-06-27T23:10:22.647728+00:00,,,,,,,,
2026-06-27T23:53:22.888259+00:00,spot_5,Spot 5,Occupied,2026-06-27T23:47:22.522515+00:00,2242,car,0.8174916505813599,960,331.15576171875,320.3319091796875,400.46533203125,360.1376953125
2026-06-27T23:53:22.888259+00:00,spot_6,Spot 6,Occupied,2026-06-27T20:54:22.350568+00:00,2102,car,0.8137823939323425,11819,286.09490966796875,322.1456604003906,338.20379638671875,357.3717956542969
2026-06-27T23:53:22.888259+00:00,spot_7,Spot 7,Empty,2026-06-27T23:49:21.673139+00:00,,,,,,,,
2026-06-27T23:53:22.888259+00:00,spot_8,Spot 8,Occupied,2026-06-27T23:53:22.888259+00:00,2253,car,0.6473435759544373,0,143.85867309570312,343.7150573730469,232.26950073242188,405.8686828613281
2026-06-27T23:53:22.888259+00:00,spot_9,Spot 9,Occupied,2026-06-27T22:56:21.647495+00:00,2189,car,0.7312958836555481,4200,174.08370971679688,324.00115966796875,228.24392700195312,345.95745849609375
2026-06-27T23:53:22.888259+00:00,spot_10,Spot 10,Empty,2026-06-27T23:35:22.054347+00:00,,,,,,,,
2026-06-27T23:53:22.888259+00:00,spot_11,Spot 11,Empty,2026-06-27T23:52:22.376921+00:00,,,,,,,,
2026-06-27T23:53:22.888259+00:00,spot_12,Spot 12,Occupied,2026-06-27T23:49:21.673139+00:00,2125,car,0.670975387096405,8518,86.12322998046875,311.8012390136719,136.47515869140625,334.6108703613281
2026-06-27T23:53:22.888259+00:00,spot_13,Spot 13,Empty,2026-06-27T23:12:22.008166+00:00,,,,,,,,
2026-06-27T23:53:22.888259+00:00,spot_14,Spot 14,Occupied,2026-06-27T23:21:20.756944+00:00,2223,car,0.7098966240882874,2520,48.20611572265625,310.94232177734375,89.05865478515625,329.22381591796875
2026-06-27T23:53:22.888259+00:00,spot_15,Spot 15,Occupied,2026-06-27T23:51:23.340765+00:00,2136,car,0.7041613459587097,7619,31.89177703857422,308.1889953613281,69.25634765625,327.8989562988281
2026-06-27T23:53:22.888259+00:00,spot_16,Spot 16,Empty,2026-06-27T23:51:23.340765+00:00,,,,,,,,
2026-06-27T23:53:22.888259+00:00,spot_17,Spot 17,Empty,2026-06-27T23:10:22.647728+00:00,,,,,,,,
2026-06-27T23:54:21.307182+00:00,spot_1,Spot 1,Occupied,2026-06-27T23:53:22.888259+00:00,2252,car,0.4461383819580078,57,566.0819091796875,310.4967041015625,615.6632080078125,373.6025390625
2026-06-27T23:54:21.307182+00:00,spot_2,Spot 2,Occupied,2026-06-27T22:54:20.837791+00:00,2193,car,0.7780166268348694,4018,502.35711669921875,319.78424072265625,544.8768920898438,363.9765625
2026-06-27T23:54:21.307182+00:00,spot_3,Spot 3,Empty,2026-06-27T22:45:22.600760+00:00,,,,,,,,
2026-06-27T23:54:21.307182+00:00,spot_4,Spot 4,Empty,2026-06-27T23:10:22.647728+00:00,,,,,,,,
2026-06-27T23:54:21.307182+00:00,spot_5,Spot 5,Occupied,2026-06-27T23:47:22.522515+00:00,2242,car,0.7553138732910156,1017,333.60260009765625,320.567626953125,400.0596923828125,359.4700927734375
2026-06-27T23:54:21.307182+00:00,spot_6,Spot 6,Occupied,2026-06-27T20:54:22.350568+00:00,2102,car,0.8361162543296814,11877,285.7562255859375,323.131103515625,339.91546630859375,356.59765625
2026-06-27T23:54:21.307182+00:00,spot_7,Spot 7,Empty,2026-06-27T23:49:21.673139+00:00,,,,,,,,
2026-06-27T23:54:21.307182+00:00,spot_8,Spot 8,Empty,2026-06-27T23:54:21.307182+00:00,,,,,,,,
2026-06-27T23:54:21.307182+00:00,spot_9,Spot 9,Occupied,2026-06-27T22:56:21.647495+00:00,2189,car,0.8264959454536438,4258,174.0349578857422,323.71331787109375,228.62635803222656,348.18524169921875
2026-06-27T23:54:21.307182+00:00,spot_10,Spot 10,Empty,2026-06-27T23:35:22.054347+00:00,,,,,,,,
2026-06-27T23:54:21.307182+00:00,spot_11,Spot 11,Occupied,2026-06-27T23:54:21.307182+00:00,2254,truck,0.7937288880348206,0,118.12946319580078,312.330078125,186.40667724609375,343.099609375
2026-06-27T23:54:21.307182+00:00,spot_12,Spot 12,Occupied,2026-06-27T23:49:21.673139+00:00,2125,car,0.5769687294960022,8576,86.38227844238281,311.6636657714844,133.3260040283203,335.0347595214844
2026-06-27T23:54:21.307182+00:00,spot_13,Spot 13,Empty,2026-06-27T23:12:22.008166+00:00,,,,,,,,
2026-06-27T23:54:21.307182+00:00,spot_14,Spot 14,Occupied,2026-06-27T23:21:20.756944+00:00,2223,car,0.6470323801040649,2578,62.844024658203125,311.01629638671875,88.44950866699219,329.13189697265625
2026-06-27T23:54:21.307182+00:00,spot_15,Spot 15,Empty,2026-06-27T23:54:21.307182+00:00,,,,,,,,
2026-06-27T23:54:21.307182+00:00,spot_16,Spot 16,Occupied,2026-06-27T23:54:21.307182+00:00,2136,car,0.6968958377838135,7677,33.99150085449219,308.3115539550781,66.015869140625,327.9509582519531
2026-06-27T23:54:21.307182+00:00,spot_17,Spot 17,Empty,2026-06-27T23:10:22.647728+00:00,,,,,,,,
2026-06-27T23:55:21.744590+00:00,spot_1,Spot 1,Occupied,2026-06-27T23:55:21.744590+00:00,2251,truck,0.45594820380210876,298,566.6414794921875,310.27557373046875,615.9439697265625,372.95892333984375
2026-06-27T23:55:21.744590+00:00,spot_2,Spot 2,Occupied,2026-06-27T22:54:20.837791+00:00,2193,car,0.8108148574829102,4078,501.7563171386719,319.48419189453125,547.95654296875,363.56719970703125
2026-06-27T23:55:21.744590+00:00,spot_3,Spot 3,Empty,2026-06-27T22:45:22.600760+00:00,,,,,,,,
2026-06-27T23:55:21.744590+00:00,spot_4,Spot 4,Empty,2026-06-27T23:10:22.647728+00:00,,,,,,,,
2026-06-27T23:55:21.744590+00:00,spot_5,Spot 5,Occupied,2026-06-27T23:47:22.522515+00:00,2242,car,0.8134143352508545,1077,333.2125244140625,320.54766845703125,400.16094970703125,359.24822998046875
2026-06-27T23:55:21.744590+00:00,spot_6,Spot 6,Occupied,2026-06-27T20:54:22.350568+00:00,2102,car,0.8601936101913452,11937,285.85052490234375,323.4871826171875,341.80706787109375,356.814697265625
2026-06-27T23:55:21.744590+00:00,spot_7,Spot 7,Empty,2026-06-27T23:49:21.673139+00:00,,,,,,,,
2026-06-27T23:55:21.744590+00:00,spot_8,Spot 8,Empty,2026-06-27T23:54:21.307182+00:00,,,,,,,,
2026-06-27T23:55:21.744590+00:00,spot_9,Spot 9,Occupied,2026-06-27T22:56:21.647495+00:00,2189,car,0.8581695556640625,4318,174.12008666992188,323.7322998046875,227.85693359375,348.288330078125
2026-06-27T23:55:21.744590+00:00,spot_10,Spot 10,Empty,2026-06-27T23:35:22.054347+00:00,,,,,,,,
2026-06-27T23:55:21.744590+00:00,spot_11,Spot 11,Occupied,2026-06-27T23:54:21.307182+00:00,2254,truck,0.733250081539154,60,120.72416687011719,312.29290771484375,185.4501495361328,343.22613525390625
2026-06-27T23:55:21.744590+00:00,spot_12,Spot 12,Occupied,2026-06-27T23:49:21.673139+00:00,2125,car,0.7140958309173584,8636,86.47001647949219,311.74609375,132.1928253173828,334.57623291015625
2026-06-27T23:55:21.744590+00:00,spot_13,Spot 13,Empty,2026-06-27T23:12:22.008166+00:00,,,,,,,,
2026-06-27T23:55:21.744590+00:00,spot_14,Spot 14,Occupied,2026-06-27T23:21:20.756944+00:00,2223,car,0.7242015600204468,2638,63.23712158203125,311.0523681640625,87.75758361816406,329.1258544921875
2026-06-27T23:55:21.744590+00:00,spot_15,Spot 15,Empty,2026-06-27T23:54:21.307182+00:00,,,,,,,,
2026-06-27T23:55:21.744590+00:00,spot_16,Spot 16,Occupied,2026-06-27T23:54:21.307182+00:00,2136,car,0.7558897733688354,7737,33.491973876953125,308.3789367675781,64.2332763671875,327.9958190917969
2026-06-27T23:55:21.744590+00:00,spot_17,Spot 17,Empty,2026-06-27T23:10:22.647728+00:00,,,,,,,,
2026-06-27T23:56:22.583044+00:00,spot_1,Spot 1,Occupied,2026-06-27T23:56:22.583044+00:00,2255,bus,0.6208443641662598,0,567.0994873046875,308.38153076171875,615.9078369140625,373.00799560546875
2026-06-27T23:56:22.583044+00:00,spot_2,Spot 2,Occupied,2026-06-27T22:54:20.837791+00:00,2193,car,0.8001152276992798,4139,502.17559814453125,323.723388671875,544.7168579101562,362.6748046875
2026-06-27T23:56:22.583044+00:00,spot_3,Spot 3,Empty,2026-06-27T22:45:22.600760+00:00,,,,,,,,
2026-06-27T23:56:22.583044+00:00,spot_4,Spot 4,Empty,2026-06-27T23:10:22.647728+00:00,,,,,,,,
2026-06-27T23:56:22.583044+00:00,spot_5,Spot 5,Occupied,2026-06-27T23:47:22.522515+00:00,2242,car,0.38219839334487915,1138,334.4101257324219,328.7166748046875,377.3523254394531,359.7952880859375
2026-06-27T23:56:22.583044+00:00,spot_6,Spot 6,Occupied,2026-06-27T20:54:22.350568+00:00,2102,car,0.7828948497772217,11997,287.01800537109375,321.623046875,339.53021240234375,356.4949951171875
2026-06-27T23:56:22.583044+00:00,spot_7,Spot 7,Empty,2026-06-27T23:49:21.673139+00:00,,,,,,,,
2026-06-27T23:56:22.583044+00:00,spot_8,Spot 8,Empty,2026-06-27T23:54:21.307182+00:00,,,,,,,,
2026-06-27T23:56:22.583044+00:00,spot_9,Spot 9,Occupied,2026-06-27T22:56:21.647495+00:00,2189,car,0.6803261637687683,4378,174.5968475341797,324.4393310546875,217.27345275878906,348.1358642578125
2026-06-27T23:56:22.583044+00:00,spot_10,Spot 10,Empty,2026-06-27T23:35:22.054347+00:00,,,,,,,,
2026-06-27T23:56:22.583044+00:00,spot_11,Spot 11,Occupied,2026-06-27T23:54:21.307182+00:00,2254,truck,0.7754311561584473,120,117.91070556640625,312.1275329589844,186.28836059570312,342.9741516113281
2026-06-27T23:56:22.583044+00:00,spot_12,Spot 12,Occupied,2026-06-27T23:56:22.583044+00:00,2256,truck,0.450270414352417,0,86.45199584960938,311.68072509765625,133.8330078125,335.13720703125
2026-06-27T23:56:22.583044+00:00,spot_13,Spot 13,Empty,2026-06-27T23:12:22.008166+00:00,,,,,,,,
2026-06-27T23:56:22.583044+00:00,spot_14,Spot 14,Occupied,2026-06-27T23:21:20.756944+00:00,2223,car,0.6859238147735596,2699,59.36341094970703,311.2397766113281,88.57588958740234,329.8605651855469
2026-06-27T23:56:22.583044+00:00,spot_15,Spot 15,Empty,2026-06-27T23:54:21.307182+00:00,,,,,,,,
2026-06-27T23:56:22.583044+00:00,spot_16,Spot 16,Occupied,2026-06-27T23:54:21.307182+00:00,2136,car,0.6935558319091797,7798,34.595123291015625,308.4466857910156,63.87305450439453,327.9331359863281
2026-06-27T23:56:22.583044+00:00,spot_17,Spot 17,Empty,2026-06-27T23:10:22.647728+00:00,,,,,,,,
2026-06-27T23:57:32.640414+00:00,spot_1,Spot 1,Occupied,2026-06-27T23:57:32.640414+00:00,2251,truck,0.5650179386138916,432,566.6514892578125,310.2641906738281,616.2149658203125,373.9045104980469
2026-06-27T23:57:32.640414+00:00,spot_2,Spot 2,Occupied,2026-06-27T22:54:20.837791+00:00,2193,car,0.749181866645813,4212,500.9762268066406,323.2640686035156,545.0706787109375,363.7422790527344
2026-06-27T23:57:32.640414+00:00,spot_3,Spot 3,Empty,2026-06-27T22:45:22.600760+00:00,,,,,,,,
2026-06-27T23:57:32.640414+00:00,spot_4,Spot 4,Empty,2026-06-27T23:10:22.647728+00:00,,,,,,,,
2026-06-27T23:57:32.640414+00:00,spot_5,Spot 5,Occupied,2026-06-27T23:47:22.522515+00:00,2242,car,0.4665878117084503,1212,333.67510986328125,321.59454345703125,384.92291259765625,359.62322998046875
2026-06-27T23:57:32.640414+00:00,spot_6,Spot 6,Occupied,2026-06-27T20:54:22.350568+00:00,2102,car,0.8346307873725891,12071,286.6480712890625,320.83013916015625,345.55340576171875,356.46490478515625
2026-06-27T23:57:32.640414+00:00,spot_7,Spot 7,Empty,2026-06-27T23:49:21.673139+00:00,,,,,,,,
2026-06-27T23:57:32.640414+00:00,spot_8,Spot 8,Empty,2026-06-27T23:54:21.307182+00:00,,,,,,,,
2026-06-27T23:57:32.640414+00:00,spot_9,Spot 9,Occupied,2026-06-27T22:56:21.647495+00:00,2189,car,0.8164874315261841,4452,174.84262084960938,324.0208740234375,227.55838012695312,347.62548828125
2026-06-27T23:57:32.640414+00:00,spot_10,Spot 10,Empty,2026-06-27T23:35:22.054347+00:00,,,,,,,,
2026-06-27T23:57:32.640414+00:00,spot_11,Spot 11,Occupied,2026-06-27T23:54:21.307182+00:00,2254,truck,0.7801513075828552,194,118.0635986328125,312.05120849609375,185.7530517578125,343.18377685546875
2026-06-27T23:57:32.640414+00:00,spot_12,Spot 12,Occupied,2026-06-27T23:56:22.583044+00:00,2256,truck,0.4302137494087219,73,86.18171691894531,311.5222473144531,132.99794006347656,334.6759948730469
2026-06-27T23:57:32.640414+00:00,spot_13,Spot 13,Empty,2026-06-27T23:12:22.008166+00:00,,,,,,,,
2026-06-27T23:57:32.640414+00:00,spot_14,Spot 14,Occupied,2026-06-27T23:21:20.756944+00:00,2223,car,0.7047242522239685,2772,62.06402587890625,310.9422302246094,88.23164367675781,329.2784729003906
2026-06-27T23:57:32.640414+00:00,spot_15,Spot 15,Empty,2026-06-27T23:54:21.307182+00:00,,,,,,,,
2026-06-27T23:57:32.640414+00:00,spot_16,Spot 16,Occupied,2026-06-27T23:54:21.307182+00:00,2136,car,0.645865797996521,7871,33.79441833496094,308.1327209472656,63.534332275390625,328.0366516113281
2026-06-27T23:57:32.640414+00:00,spot_17,Spot 17,Empty,2026-06-27T23:10:22.647728+00:00,,,,,,,,
2026-06-27T23:58:21.469762+00:00,spot_1,Spot 1,Occupied,2026-06-27T23:58:21.469762+00:00,2255,bus,0.41889747977256775,119,567.076171875,309.99127197265625,615.4986572265625,373.36358642578125
2026-06-27T23:58:21.469762+00:00,spot_2,Spot 2,Occupied,2026-06-27T22:54:20.837791+00:00,2193,car,0.8469017744064331,4258,501.61279296875,320.4715270996094,545.499755859375,364.4104919433594
2026-06-27T23:58:21.469762+00:00,spot_3,Spot 3,Empty,2026-06-27T22:45:22.600760+00:00,,,,,,,,
2026-06-27T23:58:21.469762+00:00,spot_4,Spot 4,Empty,2026-06-27T23:10:22.647728+00:00,,,,,,,,
2026-06-27T23:58:21.469762+00:00,spot_5,Spot 5,Occupied,2026-06-27T23:47:22.522515+00:00,2242,car,0.4332504868507385,1257,349.49603271484375,320.50042724609375,400.1561279296875,347.16455078125
2026-06-27T23:58:21.469762+00:00,spot_6,Spot 6,Occupied,2026-06-27T20:54:22.350568+00:00,2102,car,0.6469395756721497,12117,286.7116394042969,322.2709045410156,338.6977233886719,356.8415222167969
2026-06-27T23:58:21.469762+00:00,spot_7,Spot 7,Empty,2026-06-27T23:49:21.673139+00:00,,,,,,,,
2026-06-27T23:58:21.469762+00:00,spot_8,Spot 8,Empty,2026-06-27T23:54:21.307182+00:00,,,,,,,,
2026-06-27T23:58:21.469762+00:00,spot_9,Spot 9,Empty,2026-06-27T23:58:21.469762+00:00,,,,,,,,
2026-06-27T23:58:21.469762+00:00,spot_10,Spot 10,Empty,2026-06-27T23:35:22.054347+00:00,,,,,,,,
2026-06-27T23:58:21.469762+00:00,spot_11,Spot 11,Occupied,2026-06-27T23:54:21.307182+00:00,2254,truck,0.7765735983848572,240,117.98434448242188,312.3651123046875,184.84158325195312,343.10302734375
2026-06-27T23:58:21.469762+00:00,spot_12,Spot 12,Occupied,2026-06-27T23:58:21.469762+00:00,2125,car,0.36373186111450195,8816,87.42585754394531,311.7249755859375,133.77081298828125,335.336669921875
2026-06-27T23:58:21.469762+00:00,spot_13,Spot 13,Empty,2026-06-27T23:12:22.008166+00:00,,,,,,,,
2026-06-27T23:58:21.469762+00:00,spot_14,Spot 14,Occupied,2026-06-27T23:21:20.756944+00:00,2223,car,0.42779070138931274,2818,60.28543472290039,311.4836120605469,87.69802856445312,329.5697937011719
2026-06-27T23:58:21.469762+00:00,spot_15,Spot 15,Empty,2026-06-27T23:54:21.307182+00:00,,,,,,,,
2026-06-27T23:58:21.469762+00:00,spot_16,Spot 16,Occupied,2026-06-27T23:54:21.307182+00:00,2136,car,0.46453219652175903,7917,31.098480224609375,308.11370849609375,65.28598022460938,327.87652587890625
2026-06-27T23:58:21.469762+00:00,spot_17,Spot 17,Empty,2026-06-27T23:10:22.647728+00:00,,,,,,,,
2026-06-27T23:59:22.719916+00:00,spot_1,Spot 1,Occupied,2026-06-27T23:59:22.719916+00:00,2258,car,0.41187459230422974,0,567.312744140625,310.1083984375,615.71630859375,373.89642333984375
2026-06-27T23:59:22.719916+00:00,spot_2,Spot 2,Occupied,2026-06-27T22:54:20.837791+00:00,2193,car,0.7957436442375183,4320,502.0703125,320.02532958984375,548.012939453125,363.34124755859375
2026-06-27T23:59:22.719916+00:00,spot_3,Spot 3,Empty,2026-06-27T22:45:22.600760+00:00,,,,,,,,
2026-06-27T23:59:22.719916+00:00,spot_4,Spot 4,Empty,2026-06-27T23:10:22.647728+00:00,,,,,,,,
2026-06-27T23:59:22.719916+00:00,spot_5,Spot 5,Empty,2026-06-27T23:59:22.719916+00:00,,,,,,,,
2026-06-27T23:59:22.719916+00:00,spot_6,Spot 6,Occupied,2026-06-27T20:54:22.350568+00:00,2102,car,0.8550068140029907,12178,285.86932373046875,321.4007873535156,346.92327880859375,356.3974304199219
2026-06-27T23:59:22.719916+00:00,spot_7,Spot 7,Empty,2026-06-27T23:49:21.673139+00:00,,,,,,,,
2026-06-27T23:59:22.719916+00:00,spot_8,Spot 8,Empty,2026-06-27T23:54:21.307182+00:00,,,,,,,,
2026-06-27T23:59:22.719916+00:00,spot_9,Spot 9,Empty,2026-06-27T23:58:21.469762+00:00,,,,,,,,
2026-06-27T23:59:22.719916+00:00,spot_10,Spot 10,Empty,2026-06-27T23:35:22.054347+00:00,,,,,,,,
2026-06-27T23:59:22.719916+00:00,spot_11,Spot 11,Occupied,2026-06-27T23:54:21.307182+00:00,2254,truck,0.8349400758743286,301,118.22493743896484,311.83349609375,185.95718383789062,343.0048828125
2026-06-27T23:59:22.719916+00:00,spot_12,Spot 12,Occupied,2026-06-27T23:58:21.469762+00:00,2125,car,0.6108070015907288,8877,86.49029541015625,311.78460693359375,133.71658325195312,333.9532470703125
2026-06-27T23:59:22.719916+00:00,spot_13,Spot 13,Empty,2026-06-27T23:12:22.008166+00:00,,,,,,,,
2026-06-27T23:59:22.719916+00:00,spot_14,Spot 14,Occupied,2026-06-27T23:21:20.756944+00:00,2223,car,0.4700409173965454,2879,63.95998001098633,311.22015380859375,88.54173278808594,329.04925537109375
2026-06-27T23:59:22.719916+00:00,spot_15,Spot 15,Empty,2026-06-27T23:54:21.307182+00:00,,,,,,,,
2026-06-27T23:59:22.719916+00:00,spot_16,Spot 16,Occupied,2026-06-27T23:54:21.307182+00:00,2136,car,0.7750140428543091,7979,31.46051025390625,308.454833984375,64.30402374267578,327.6314697265625
2026-06-27T23:59:22.719916+00:00,spot_17,Spot 17,Empty,2026-06-27T23:10:22.647728+00:00,,,,,,,,
2026-06-28T00:00:28.048732+00:00,spot_1,Spot 1,Occupied,2026-06-28T00:00:28.048732+00:00,2251,truck,0.4437800347805023,605,567.3108520507812,310.31298828125,615.5702514648438,373.5001220703125
2026-06-28T00:00:28.048732+00:00,spot_2,Spot 2,Occupied,2026-06-27T22:54:20.837791+00:00,2193,car,0.8276655673980713,4386,502.11260986328125,319.7436218261719,548.6427612304688,363.7201232910156
2026-06-28T00:00:28.048732+00:00,spot_3,Spot 3,Empty,2026-06-27T22:45:22.600760+00:00,,,,,,,,
2026-06-28T00:00:28.048732+00:00,spot_4,Spot 4,Empty,2026-06-27T23:10:22.647728+00:00,,,,,,,,
2026-06-28T00:00:28.048732+00:00,spot_5,Spot 5,Occupied,2026-06-28T00:00:28.048732+00:00,2242,car,0.7380028367042542,1385,334.75750732421875,320.35406494140625,400.3695068359375,359.49249267578125
2026-06-28T00:00:28.048732+00:00,spot_6,Spot 6,Occupied,2026-06-27T20:54:22.350568+00:00,2102,car,0.7024269700050354,12244,285.93310546875,322.9371032714844,337.7093505859375,356.6423034667969
2026-06-28T00:00:28.048732+00:00,spot_7,Spot 7,Empty,2026-06-27T23:49:21.673139+00:00,,,,,,,,
2026-06-28T00:00:28.048732+00:00,spot_8,Spot 8,Empty,2026-06-27T23:54:21.307182+00:00,,,,,,,,
2026-06-28T00:00:28.048732+00:00,spot_9,Spot 9,Empty,2026-06-27T23:58:21.469762+00:00,,,,,,,,
2026-06-28T00:00:28.048732+00:00,spot_10,Spot 10,Empty,2026-06-27T23:35:22.054347+00:00,,,,,,,,
2026-06-28T00:00:28.048732+00:00,spot_11,Spot 11,Occupied,2026-06-27T23:54:21.307182+00:00,2254,truck,0.8285488486289978,367,118.08108520507812,312.1143798828125,186.92752075195312,342.9864501953125
2026-06-28T00:00:28.048732+00:00,spot_12,Spot 12,Occupied,2026-06-27T23:58:21.469762+00:00,2125,car,0.6795125007629395,8944,86.61927795410156,311.67791748046875,133.32408142089844,334.33892822265625
2026-06-28T00:00:28.048732+00:00,spot_13,Spot 13,Empty,2026-06-27T23:12:22.008166+00:00,,,,,,,,
2026-06-28T00:00:28.048732+00:00,spot_14,Spot 14,Occupied,2026-06-27T23:21:20.756944+00:00,2223,car,0.642798900604248,2946,63.316776275634766,310.8238525390625,88.49838256835938,329.0911865234375
2026-06-28T00:00:28.048732+00:00,spot_15,Spot 15,Empty,2026-06-27T23:54:21.307182+00:00,,,,,,,,
2026-06-28T00:00:28.048732+00:00,spot_16,Spot 16,Occupied,2026-06-27T23:54:21.307182+00:00,2136,car,0.7185328602790833,8045,31.720962524414062,308.2176513671875,68.26838684082031,328.0107421875
2026-06-28T00:00:28.048732+00:00,spot_17,Spot 17,Empty,2026-06-27T23:10:22.647728+00:00,,,,,,,,
2026-06-28T00:01:23.734884+00:00,spot_1,Spot 1,Occupied,2026-06-28T00:00:28.048732+00:00,2251,truck,0.4686785340309143,660,567.1632080078125,310.1715087890625,616.8170166015625,372.95355224609375
2026-06-28T00:01:23.734884+00:00,spot_2,Spot 2,Occupied,2026-06-27T22:54:20.837791+00:00,2193,car,0.8511252403259277,4441,501.9549865722656,321.475341796875,546.4029541015625,363.33740234375
2026-06-28T00:01:23.734884+00:00,spot_3,Spot 3,Empty,2026-06-27T22:45:22.600760+00:00,,,,,,,,
2026-06-28T00:01:23.734884+00:00,spot_4,Spot 4,Empty,2026-06-27T23:10:22.647728+00:00,,,,,,,,
2026-06-28T00:01:23.734884+00:00,spot_5,Spot 5,Occupied,2026-06-28T00:01:23.734884+00:00,2259,car,0.40009042620658875,0,382.4959716796875,324.38385009765625,400.05712890625,345.89996337890625
2026-06-28T00:01:23.734884+00:00,spot_6,Spot 6,Occupied,2026-06-27T20:54:22.350568+00:00,2102,car,0.8764451146125793,12300,286.565673828125,322.7535400390625,346.8985595703125,356.41937255859375
2026-06-28T00:01:23.734884+00:00,spot_7,Spot 7,Empty,2026-06-27T23:49:21.673139+00:00,,,,,,,,
2026-06-28T00:01:23.734884+00:00,spot_8,Spot 8,Empty,2026-06-27T23:54:21.307182+00:00,,,,,,,,
2026-06-28T00:01:23.734884+00:00,spot_9,Spot 9,Empty,2026-06-27T23:58:21.469762+00:00,,,,,,,,
2026-06-28T00:01:23.734884+00:00,spot_10,Spot 10,Empty,2026-06-27T23:35:22.054347+00:00,,,,,,,,
2026-06-28T00:01:23.734884+00:00,spot_11,Spot 11,Occupied,2026-06-27T23:54:21.307182+00:00,2254,truck,0.7945553064346313,422,117.57039642333984,312.0178527832031,186.26693725585938,342.8936462402344
2026-06-28T00:01:23.734884+00:00,spot_12,Spot 12,Occupied,2026-06-27T23:58:21.469762+00:00,2125,car,0.5447855591773987,8999,85.57038879394531,311.4813232421875,133.48423767089844,334.7586669921875
2026-06-28T00:01:23.734884+00:00,spot_13,Spot 13,Empty,2026-06-27T23:12:22.008166+00:00,,,,,,,,
2026-06-28T00:01:23.734884+00:00,spot_14,Spot 14,Occupied,2026-06-27T23:21:20.756944+00:00,2223,car,0.6366708278656006,3001,60.462684631347656,311.2452087402344,88.20563507080078,329.0854797363281
2026-06-28T00:01:23.734884+00:00,spot_15,Spot 15,Empty,2026-06-27T23:54:21.307182+00:00,,,,,,,,
2026-06-28T00:01:23.734884+00:00,spot_16,Spot 16,Occupied,2026-06-27T23:54:21.307182+00:00,2136,car,0.6293190717697144,8100,31.85755157470703,308.4207458496094,63.4266357421875,328.0291442871094
2026-06-28T00:01:23.734884+00:00,spot_17,Spot 17,Empty,2026-06-27T23:10:22.647728+00:00,,,,,,,,
2026-06-28T00:02:23.559261+00:00,spot_1,Spot 1,Occupied,2026-06-28T00:02:23.559261+00:00,2260,bus,0.7465214133262634,0,566.3514404296875,310.2010192871094,615.8890380859375,372.9860534667969
2026-06-28T00:02:23.559261+00:00,spot_2,Spot 2,Occupied,2026-06-27T22:54:20.837791+00:00,2193,car,0.7596038579940796,4501,502.4810791015625,323.30517578125,543.49658203125,363.098388671875
2026-06-28T00:02:23.559261+00:00,spot_3,Spot 3,Empty,2026-06-27T22:45:22.600760+00:00,,,,,,,,
2026-06-28T00:02:23.559261+00:00,spot_4,Spot 4,Empty,2026-06-27T23:10:22.647728+00:00,,,,,,,,
2026-06-28T00:02:23.559261+00:00,spot_5,Spot 5,Empty,2026-06-28T00:02:23.559261+00:00,,,,,,,,
2026-06-28T00:02:23.559261+00:00,spot_6,Spot 6,Occupied,2026-06-27T20:54:22.350568+00:00,2102,car,0.8658355474472046,12359,286.4789123535156,321.7000732421875,347.1628723144531,356.69775390625
2026-06-28T00:02:23.559261+00:00,spot_7,Spot 7,Empty,2026-06-27T23:49:21.673139+00:00,,,,,,,,
2026-06-28T00:02:23.559261+00:00,spot_8,Spot 8,Empty,2026-06-27T23:54:21.307182+00:00,,,,,,,,
2026-06-28T00:02:23.559261+00:00,spot_9,Spot 9,Empty,2026-06-27T23:58:21.469762+00:00,,,,,,,,
2026-06-28T00:02:23.559261+00:00,spot_10,Spot 10,Empty,2026-06-27T23:35:22.054347+00:00,,,,,,,,
2026-06-28T00:02:23.559261+00:00,spot_11,Spot 11,Occupied,2026-06-27T23:54:21.307182+00:00,2254,truck,0.7412242889404297,482,116.4681625366211,311.9678955078125,186.11074829101562,342.8646240234375
2026-06-28T00:02:23.559261+00:00,spot_12,Spot 12,Occupied,2026-06-27T23:58:21.469762+00:00,2125,car,0.6693083047866821,9059,86.24636840820312,311.58892822265625,133.77163696289062,334.40216064453125
2026-06-28T00:02:23.559261+00:00,spot_13,Spot 13,Empty,2026-06-27T23:12:22.008166+00:00,,,,,,,,
2026-06-28T00:02:23.559261+00:00,spot_14,Spot 14,Occupied,2026-06-27T23:21:20.756944+00:00,2223,car,0.7633824944496155,3061,56.95042037963867,310.96771240234375,88.66322326660156,329.26043701171875
2026-06-28T00:02:23.559261+00:00,spot_15,Spot 15,Empty,2026-06-27T23:54:21.307182+00:00,,,,,,,,
2026-06-28T00:02:23.559261+00:00,spot_16,Spot 16,Occupied,2026-06-27T23:54:21.307182+00:00,2136,car,0.6918028593063354,8160,32.386383056640625,308.47650146484375,63.32012939453125,327.95794677734375
2026-06-28T00:02:23.559261+00:00,spot_17,Spot 17,Empty,2026-06-27T23:10:22.647728+00:00,,,,,,,,
2026-06-28T00:03:23.590549+00:00,spot_1,Spot 1,Occupied,2026-06-28T00:03:23.590549+00:00,2251,truck,0.5435755848884583,780,566.3755493164062,310.31256103515625,616.2006225585938,372.93316650390625
2026-06-28T00:03:23.590549+00:00,spot_2,Spot 2,Occupied,2026-06-27T22:54:20.837791+00:00,2193,car,0.7575796842575073,4561,501.86419677734375,324.2322998046875,546.0380249023438,363.34765625
2026-06-28T00:03:23.590549+00:00,spot_3,Spot 3,Empty,2026-06-27T22:45:22.600760+00:00,,,,,,,,
2026-06-28T00:03:23.590549+00:00,spot_4,Spot 4,Empty,2026-06-27T23:10:22.647728+00:00,,,,,,,,
2026-06-28T00:03:23.590549+00:00,spot_5,Spot 5,Occupied,2026-06-28T00:03:23.590549+00:00,2242,car,0.7089130878448486,1560,333.8809814453125,320.37921142578125,389.15948486328125,359.41864013671875
2026-06-28T00:03:23.590549+00:00,spot_6,Spot 6,Occupied,2026-06-27T20:54:22.350568+00:00,2102,car,0.8643101453781128,12419,286.37286376953125,322.3287658691406,345.30682373046875,356.6076354980469
2026-06-28T00:03:23.590549+00:00,spot_7,Spot 7,Empty,2026-06-27T23:49:21.673139+00:00,,,,,,,,
2026-06-28T00:03:23.590549+00:00,spot_8,Spot 8,Empty,2026-06-27T23:54:21.307182+00:00,,,,,,,,
2026-06-28T00:03:23.590549+00:00,spot_9,Spot 9,Empty,2026-06-27T23:58:21.469762+00:00,,,,,,,,
2026-06-28T00:03:23.590549+00:00,spot_10,Spot 10,Empty,2026-06-27T23:35:22.054347+00:00,,,,,,,,
2026-06-28T00:03:23.590549+00:00,spot_11,Spot 11,Occupied,2026-06-27T23:54:21.307182+00:00,2254,truck,0.7752557396888733,542,117.86731719970703,312.0491943359375,186.26531982421875,342.81390380859375
2026-06-28T00:03:23.590549+00:00,spot_12,Spot 12,Occupied,2026-06-27T23:58:21.469762+00:00,2125,car,0.6069574356079102,9119,86.55561828613281,311.6692810058594,132.5537872314453,334.3453063964844
2026-06-28T00:03:23.590549+00:00,spot_13,Spot 13,Empty,2026-06-27T23:12:22.008166+00:00,,,,,,,,
2026-06-28T00:03:23.590549+00:00,spot_14,Spot 14,Occupied,2026-06-27T23:21:20.756944+00:00,2223,car,0.5497655272483826,3121,53.46793746948242,311.3937683105469,88.64921569824219,329.9559020996094
2026-06-28T00:03:23.590549+00:00,spot_15,Spot 15,Empty,2026-06-27T23:54:21.307182+00:00,,,,,,,,
2026-06-28T00:03:23.590549+00:00,spot_16,Spot 16,Occupied,2026-06-27T23:54:21.307182+00:00,2136,car,0.676663339138031,8220,32.06304168701172,308.5975341796875,64.69397735595703,327.91900634765625
2026-06-28T00:03:23.590549+00:00,spot_17,Spot 17,Empty,2026-06-27T23:10:22.647728+00:00,,,,,,,,
2026-06-28T00:04:23.590931+00:00,spot_1,Spot 1,Occupied,2026-06-28T00:03:23.590549+00:00,2251,truck,0.6076658964157104,840,566.87060546875,310.50537109375,615.101806640625,373.5692138671875
2026-06-28T00:04:23.590931+00:00,spot_2,Spot 2,Occupied,2026-06-27T22:54:20.837791+00:00,2193,car,0.8227116465568542,4621,501.89434814453125,319.77423095703125,547.9815063476562,363.52337646484375
2026-06-28T00:04:23.590931+00:00,spot_3,Spot 3,Empty,2026-06-27T22:45:22.600760+00:00,,,,,,,,
2026-06-28T00:04:23.590931+00:00,spot_4,Spot 4,Empty,2026-06-27T23:10:22.647728+00:00,,,,,,,,
2026-06-28T00:04:23.590931+00:00,spot_5,Spot 5,Occupied,2026-06-28T00:03:23.590549+00:00,2242,car,0.8503617644309998,1620,333.8984375,320.49078369140625,400.337890625,360.23309326171875
2026-06-28T00:04:23.590931+00:00,spot_6,Spot 6,Occupied,2026-06-27T20:54:22.350568+00:00,2102,car,0.8529932498931885,12479,286.0666809082031,321.1171875,341.9429626464844,356.59027099609375
2026-06-28T00:04:23.590931+00:00,spot_7,Spot 7,Empty,2026-06-27T23:49:21.673139+00:00,,,,,,,,
2026-06-28T00:04:23.590931+00:00,spot_8,Spot 8,Empty,2026-06-27T23:54:21.307182+00:00,,,,,,,,
2026-06-28T00:04:23.590931+00:00,spot_9,Spot 9,Empty,2026-06-27T23:58:21.469762+00:00,,,,,,,,
2026-06-28T00:04:23.590931+00:00,spot_10,Spot 10,Empty,2026-06-27T23:35:22.054347+00:00,,,,,,,,
2026-06-28T00:04:23.590931+00:00,spot_11,Spot 11,Occupied,2026-06-27T23:54:21.307182+00:00,2254,truck,0.7768858671188354,602,117.4122085571289,312.0230407714844,186.71524047851562,343.1025085449219
2026-06-28T00:04:23.590931+00:00,spot_12,Spot 12,Occupied,2026-06-27T23:58:21.469762+00:00,2125,car,0.6499274373054504,9178,86.7073974609375,311.66748046875,128.35989379882812,334.5418701171875
2026-06-28T00:04:23.590931+00:00,spot_13,Spot 13,Empty,2026-06-27T23:12:22.008166+00:00,,,,,,,,
2026-06-28T00:04:23.590931+00:00,spot_14,Spot 14,Occupied,2026-06-27T23:21:20.756944+00:00,2223,car,0.7351707220077515,3181,62.47821044921875,309.179443359375,97.71099853515625,329.0498046875
2026-06-28T00:04:23.590931+00:00,spot_15,Spot 15,Empty,2026-06-27T23:54:21.307182+00:00,,,,,,,,
2026-06-28T00:04:23.590931+00:00,spot_16,Spot 16,Occupied,2026-06-27T23:54:21.307182+00:00,2136,car,0.7938801050186157,8280,31.84577178955078,308.3665771484375,65.44407653808594,328.067626953125
2026-06-28T00:04:23.590931+00:00,spot_17,Spot 17,Empty,2026-06-27T23:10:22.647728+00:00,,,,,,,,
2026-06-28T00:05:24.239300+00:00,spot_1,Spot 1,Occupied,2026-06-28T00:03:23.590549+00:00,2251,truck,0.6674343347549438,901,565.9254150390625,310.02374267578125,615.4967041015625,373.47857666015625
2026-06-28T00:05:24.239300+00:00,spot_2,Spot 2,Occupied,2026-06-27T22:54:20.837791+00:00,2193,car,0.6662991642951965,4682,501.2489318847656,319.28033447265625,548.9110107421875,363.88836669921875
2026-06-28T00:05:24.239300+00:00,spot_3,Spot 3,Empty,2026-06-27T22:45:22.600760+00:00,,,,,,,,
2026-06-28T00:05:24.239300+00:00,spot_4,Spot 4,Empty,2026-06-27T23:10:22.647728+00:00,,,,,,,,
2026-06-28T00:05:24.239300+00:00,spot_5,Spot 5,Occupied,2026-06-28T00:03:23.590549+00:00,2242,car,0.841462254524231,1681,334.15667724609375,320.2030944824219,400.44842529296875,359.4566345214844
2026-06-28T00:05:24.239300+00:00,spot_6,Spot 6,Occupied,2026-06-27T20:54:22.350568+00:00,2102,car,0.8396202921867371,12540,286.5755615234375,322.67962646484375,339.102294921875,356.69781494140625
2026-06-28T00:05:24.239300+00:00,spot_7,Spot 7,Empty,2026-06-27T23:49:21.673139+00:00,,,,,,,,
2026-06-28T00:05:24.239300+00:00,spot_8,Spot 8,Empty,2026-06-27T23:54:21.307182+00:00,,,,,,,,
2026-06-28T00:05:24.239300+00:00,spot_9,Spot 9,Empty,2026-06-27T23:58:21.469762+00:00,,,,,,,,
2026-06-28T00:05:24.239300+00:00,spot_10,Spot 10,Empty,2026-06-27T23:35:22.054347+00:00,,,,,,,,
2026-06-28T00:05:24.239300+00:00,spot_11,Spot 11,Occupied,2026-06-27T23:54:21.307182+00:00,2254,truck,0.8378386497497559,663,118.17466735839844,312.1513671875,186.29222106933594,342.911376953125
2026-06-28T00:05:24.239300+00:00,spot_12,Spot 12,Occupied,2026-06-27T23:58:21.469762+00:00,2125,car,0.6430620551109314,9240,91.702880859375,311.56719970703125,132.36785888671875,334.90399169921875
2026-06-28T00:05:24.239300+00:00,spot_13,Spot 13,Empty,2026-06-27T23:12:22.008166+00:00,,,,,,,,
2026-06-28T00:05:24.239300+00:00,spot_14,Spot 14,Occupied,2026-06-27T23:21:20.756944+00:00,2223,car,0.6704732179641724,3242,64.41741180419922,309.055908203125,98.04204559326172,330.261474609375
2026-06-28T00:05:24.239300+00:00,spot_15,Spot 15,Empty,2026-06-27T23:54:21.307182+00:00,,,,,,,,
2026-06-28T00:05:24.239300+00:00,spot_16,Spot 16,Occupied,2026-06-27T23:54:21.307182+00:00,2136,car,0.7224947214126587,8341,31.478897094726562,308.52471923828125,64.6037826538086,328.06134033203125
2026-06-28T00:05:24.239300+00:00,spot_17,Spot 17,Empty,2026-06-27T23:10:22.647728+00:00,,,,,,,,
2026-06-28T00:06:23.437891+00:00,spot_1,Spot 1,Occupied,2026-06-28T00:06:23.437891+00:00,2261,bus,0.37825697660446167,0,566.6090087890625,309.92767333984375,615.3419189453125,374.20361328125
2026-06-28T00:06:23.437891+00:00,spot_2,Spot 2,Occupied,2026-06-27T22:54:20.837791+00:00,2193,car,0.7675051093101501,4741,501.2483825683594,321.919677734375,546.3419189453125,364.44451904296875
2026-06-28T00:06:23.437891+00:00,spot_3,Spot 3,Empty,2026-06-27T22:45:22.600760+00:00,,,,,,,,
2026-06-28T00:06:23.437891+00:00,spot_4,Spot 4,Empty,2026-06-27T23:10:22.647728+00:00,,,,,,,,
2026-06-28T00:06:23.437891+00:00,spot_5,Spot 5,Occupied,2026-06-28T00:03:23.590549+00:00,2242,car,0.7891924381256104,1740,334.43603515625,320.32110595703125,399.7652587890625,359.74664306640625
2026-06-28T00:06:23.437891+00:00,spot_6,Spot 6,Occupied,2026-06-27T20:54:22.350568+00:00,2102,car,0.818341076374054,12599,287.0743408203125,322.0773010253906,344.26702880859375,356.6746520996094
2026-06-28T00:06:23.437891+00:00,spot_7,Spot 7,Empty,2026-06-27T23:49:21.673139+00:00,,,,,,,,
2026-06-28T00:06:23.437891+00:00,spot_8,Spot 8,Empty,2026-06-27T23:54:21.307182+00:00,,,,,,,,
2026-06-28T00:06:23.437891+00:00,spot_9,Spot 9,Empty,2026-06-27T23:58:21.469762+00:00,,,,,,,,
2026-06-28T00:06:23.437891+00:00,spot_10,Spot 10,Empty,2026-06-27T23:35:22.054347+00:00,,,,,,,,
2026-06-28T00:06:23.437891+00:00,spot_11,Spot 11,Occupied,2026-06-27T23:54:21.307182+00:00,2254,truck,0.8273268938064575,722,118.20993041992188,312.1542053222656,185.6138916015625,342.6107482910156
2026-06-28T00:06:23.437891+00:00,spot_12,Spot 12,Occupied,2026-06-27T23:58:21.469762+00:00,2125,car,0.6864423155784607,9299,86.78419494628906,311.73040771484375,134.174560546875,335.16619873046875
2026-06-28T00:06:23.437891+00:00,spot_13,Spot 13,Empty,2026-06-27T23:12:22.008166+00:00,,,,,,,,
2026-06-28T00:06:23.437891+00:00,spot_14,Spot 14,Occupied,2026-06-27T23:21:20.756944+00:00,2223,car,0.6775198578834534,3301,53.425968170166016,310.8864440917969,88.83078002929688,329.6371154785156
2026-06-28T00:06:23.437891+00:00,spot_15,Spot 15,Empty,2026-06-27T23:54:21.307182+00:00,,,,,,,,
2026-06-28T00:06:23.437891+00:00,spot_16,Spot 16,Occupied,2026-06-27T23:54:21.307182+00:00,2136,car,0.79866623878479,8400,31.930702209472656,308.47882080078125,64.01082611083984,328.0814208984375
2026-06-28T00:06:23.437891+00:00,spot_17,Spot 17,Empty,2026-06-27T23:10:22.647728+00:00,,,,,,,,
2026-06-28T00:07:24.795014+00:00,spot_1,Spot 1,Occupied,2026-06-28T00:07:24.795014+00:00,2251,truck,0.43011417984962463,1021,566.68115234375,312.725341796875,616.25244140625,374.22515869140625
2026-06-28T00:07:24.795014+00:00,spot_2,Spot 2,Occupied,2026-06-27T22:54:20.837791+00:00,2193,car,0.7656558156013489,4802,502.20068359375,319.8887939453125,548.7513427734375,364.2364501953125
2026-06-28T00:07:24.795014+00:00,spot_3,Spot 3,Empty,2026-06-27T22:45:22.600760+00:00,,,,,,,,
2026-06-28T00:07:24.795014+00:00,spot_4,Spot 4,Empty,2026-06-27T23:10:22.647728+00:00,,,,,,,,
2026-06-28T00:07:24.795014+00:00,spot_5,Spot 5,Occupied,2026-06-28T00:03:23.590549+00:00,2242,car,0.7689819931983948,1801,333.521484375,320.5074768066406,400.31640625,360.2344665527344
2026-06-28T00:07:24.795014+00:00,spot_6,Spot 6,Occupied,2026-06-27T20:54:22.350568+00:00,2102,car,0.803600549697876,12661,287.1871643066406,320.7357177734375,342.0924987792969,356.7806396484375
2026-06-28T00:07:24.795014+00:00,spot_7,Spot 7,Empty,2026-06-27T23:49:21.673139+00:00,,,,,,,,
2026-06-28T00:07:24.795014+00:00,spot_8,Spot 8,Empty,2026-06-27T23:54:21.307182+00:00,,,,,,,,
2026-06-28T00:07:24.795014+00:00,spot_9,Spot 9,Empty,2026-06-27T23:58:21.469762+00:00,,,,,,,,
2026-06-28T00:07:24.795014+00:00,spot_10,Spot 10,Empty,2026-06-27T23:35:22.054347+00:00,,,,,,,,
2026-06-28T00:07:24.795014+00:00,spot_11,Spot 11,Occupied,2026-06-27T23:54:21.307182+00:00,2254,truck,0.6695163249969482,783,118.64476776123047,312.13299560546875,186.541015625,343.17901611328125
2026-06-28T00:07:24.795014+00:00,spot_12,Spot 12,Empty,2026-06-28T00:07:24.795014+00:00,,,,,,,,
2026-06-28T00:07:24.795014+00:00,spot_13,Spot 13,Empty,2026-06-27T23:12:22.008166+00:00,,,,,,,,
2026-06-28T00:07:24.795014+00:00,spot_14,Spot 14,Occupied,2026-06-27T23:21:20.756944+00:00,2223,car,0.8361837863922119,3362,59.4671630859375,311.227294921875,98.83689880371094,329.107421875
2026-06-28T00:07:24.795014+00:00,spot_15,Spot 15,Empty,2026-06-27T23:54:21.307182+00:00,,,,,,,,
2026-06-28T00:07:24.795014+00:00,spot_16,Spot 16,Occupied,2026-06-27T23:54:21.307182+00:00,2136,car,0.8036112785339355,8461,31.826379776000977,308.5362548828125,65.70281219482422,328.107177734375
2026-06-28T00:07:24.795014+00:00,spot_17,Spot 17,Empty,2026-06-27T23:10:22.647728+00:00,,,,,,,,
2026-06-28T00:08:23.292316+00:00,spot_1,Spot 1,Occupied,2026-06-28T00:07:24.795014+00:00,2251,truck,0.7175164222717285,1079,566.1607666015625,309.922119140625,616.1407470703125,374.4681396484375
2026-06-28T00:08:23.292316+00:00,spot_2,Spot 2,Occupied,2026-06-28T00:08:23.292316+00:00,2263,truck,0.5809221267700195,0,502.44140625,320.4495544433594,547.7310791015625,364.5771179199219
2026-06-28T00:08:23.292316+00:00,spot_3,Spot 3,Empty,2026-06-27T22:45:22.600760+00:00,,,,,,,,
2026-06-28T00:08:23.292316+00:00,spot_4,Spot 4,Empty,2026-06-27T23:10:22.647728+00:00,,,,,,,,
2026-06-28T00:08:23.292316+00:00,spot_5,Spot 5,Occupied,2026-06-28T00:03:23.590549+00:00,2242,car,0.8619692325592041,1859,334.102294921875,320.44061279296875,400.11639404296875,360.26361083984375
2026-06-28T00:08:23.292316+00:00,spot_6,Spot 6,Occupied,2026-06-27T20:54:22.350568+00:00,2102,car,0.8556849360466003,12718,287.096435546875,322.9867248535156,345.2576904296875,356.8942565917969
2026-06-28T00:08:23.292316+00:00,spot_7,Spot 7,Empty,2026-06-27T23:49:21.673139+00:00,,,,,,,,
2026-06-28T00:08:23.292316+00:00,spot_8,Spot 8,Empty,2026-06-27T23:54:21.307182+00:00,,,,,,,,
2026-06-28T00:08:23.292316+00:00,spot_9,Spot 9,Empty,2026-06-27T23:58:21.469762+00:00,,,,,,,,
2026-06-28T00:08:23.292316+00:00,spot_10,Spot 10,Empty,2026-06-27T23:35:22.054347+00:00,,,,,,,,
2026-06-28T00:08:23.292316+00:00,spot_11,Spot 11,Occupied,2026-06-27T23:54:21.307182+00:00,2254,truck,0.7750275135040283,841,117.95426940917969,311.9500427246094,186.66993713378906,342.7393493652344
2026-06-28T00:08:23.292316+00:00,spot_12,Spot 12,Empty,2026-06-28T00:07:24.795014+00:00,,,,,,,,
2026-06-28T00:08:23.292316+00:00,spot_13,Spot 13,Empty,2026-06-27T23:12:22.008166+00:00,,,,,,,,
2026-06-28T00:08:23.292316+00:00,spot_14,Spot 14,Occupied,2026-06-27T23:21:20.756944+00:00,2223,car,0.8387930393218994,3420,57.47605514526367,310.8125915527344,98.27845764160156,329.1379089355469
2026-06-28T00:08:23.292316+00:00,spot_15,Spot 15,Empty,2026-06-27T23:54:21.307182+00:00,,,,,,,,
2026-06-28T00:08:23.292316+00:00,spot_16,Spot 16,Occupied,2026-06-27T23:54:21.307182+00:00,2136,car,0.7228736877441406,8519,32.768043518066406,308.4248046875,64.29424285888672,328.0843505859375
2026-06-28T00:08:23.292316+00:00,spot_17,Spot 17,Empty,2026-06-27T23:10:22.647728+00:00,,,,,,,,
2026-06-28T00:09:34.236776+00:00,spot_1,Spot 1,Occupied,2026-06-28T00:09:34.236776+00:00,2265,bus,0.36085671186447144,0,567.0148315429688,309.35931396484375,615.7992553710938,373.53839111328125
2026-06-28T00:09:34.236776+00:00,spot_2,Spot 2,Occupied,2026-06-28T00:09:34.236776+00:00,2193,car,0.7819933891296387,4934,502.5587158203125,320.51165771484375,548.1397705078125,363.95208740234375
2026-06-28T00:09:34.236776+00:00,spot_3,Spot 3,Empty,2026-06-27T22:45:22.600760+00:00,,,,,,,,
2026-06-28T00:09:34.236776+00:00,spot_4,Spot 4,Empty,2026-06-27T23:10:22.647728+00:00,,,,,,,,
2026-06-28T00:09:34.236776+00:00,spot_5,Spot 5,Occupied,2026-06-28T00:03:23.590549+00:00,2242,car,0.8220917582511902,1933,333.9927062988281,320.44085693359375,399.7457580566406,360.12139892578125
2026-06-28T00:09:34.236776+00:00,spot_6,Spot 6,Occupied,2026-06-27T20:54:22.350568+00:00,2102,car,0.7511958479881287,12792,287.32159423828125,323.16998291015625,344.70684814453125,357.03448486328125
2026-06-28T00:09:34.236776+00:00,spot_7,Spot 7,Empty,2026-06-27T23:49:21.673139+00:00,,,,,,,,
2026-06-28T00:09:34.236776+00:00,spot_8,Spot 8,Empty,2026-06-27T23:54:21.307182+00:00,,,,,,,,
2026-06-28T00:09:34.236776+00:00,spot_9,Spot 9,Empty,2026-06-27T23:58:21.469762+00:00,,,,,,,,
2026-06-28T00:09:34.236776+00:00,spot_10,Spot 10,Occupied,2026-06-28T00:09:34.236776+00:00,2254,truck,0.5848668217658997,915,117.73670959472656,312.13525390625,186.38697814941406,342.9610595703125
2026-06-28T00:09:34.236776+00:00,spot_11,Spot 11,Occupied,2026-06-28T00:09:34.236776+00:00,2264,car,0.5167431235313416,0,117.89141845703125,312.1211242675781,186.4468994140625,342.9757385253906
2026-06-28T00:09:34.236776+00:00,spot_12,Spot 12,Empty,2026-06-28T00:07:24.795014+00:00,,,,,,,,
2026-06-28T00:09:34.236776+00:00,spot_13,Spot 13,Empty,2026-06-27T23:12:22.008166+00:00,,,,,,,,
2026-06-28T00:09:34.236776+00:00,spot_14,Spot 14,Occupied,2026-06-27T23:21:20.756944+00:00,2223,car,0.8416536450386047,3493,54.370487213134766,310.82080078125,97.854248046875,328.997802734375
2026-06-28T00:09:34.236776+00:00,spot_15,Spot 15,Empty,2026-06-27T23:54:21.307182+00:00,,,,,,,,
2026-06-28T00:09:34.236776+00:00,spot_16,Spot 16,Occupied,2026-06-27T23:54:21.307182+00:00,2136,car,0.7874179482460022,8592,34.6065673828125,308.4278564453125,64.6739501953125,327.97412109375
2026-06-28T00:09:34.236776+00:00,spot_17,Spot 17,Empty,2026-06-27T23:10:22.647728+00:00,,,,,,,,
2026-06-28T00:10:23.901515+00:00,spot_1,Spot 1,Occupied,2026-06-28T00:10:23.901515+00:00,2251,truck,0.710687518119812,1200,566.97119140625,310.4317626953125,615.626708984375,373.65570068359375
2026-06-28T00:10:23.901515+00:00,spot_2,Spot 2,Occupied,2026-06-28T00:09:34.236776+00:00,2193,car,0.8110828399658203,4980,502.00738525390625,320.5627136230469,544.7727661132812,364.3856506347656
2026-06-28T00:10:23.901515+00:00,spot_3,Spot 3,Empty,2026-06-27T22:45:22.600760+00:00,,,,,,,,
2026-06-28T00:10:23.901515+00:00,spot_4,Spot 4,Empty,2026-06-27T23:10:22.647728+00:00,,,,,,,,
2026-06-28T00:10:23.901515+00:00,spot_5,Spot 5,Occupied,2026-06-28T00:03:23.590549+00:00,2242,car,0.8090587854385376,1980,334.15667724609375,320.4605712890625,400.42498779296875,360.23431396484375
2026-06-28T00:10:23.901515+00:00,spot_6,Spot 6,Occupied,2026-06-27T20:54:22.350568+00:00,2102,car,0.8120344877243042,12839,286.4610900878906,323.33990478515625,344.2336730957031,357.03826904296875
2026-06-28T00:10:23.901515+00:00,spot_7,Spot 7,Empty,2026-06-27T23:49:21.673139+00:00,,,,,,,,
2026-06-28T00:10:23.901515+00:00,spot_8,Spot 8,Occupied,2026-06-28T00:10:23.901515+00:00,2266,car,0.8765013813972473,0,213.32220458984375,320.509765625,272.2301330566406,349.0721435546875
2026-06-28T00:10:23.901515+00:00,spot_9,Spot 9,Empty,2026-06-27T23:58:21.469762+00:00,,,,,,,,
2026-06-28T00:10:23.901515+00:00,spot_10,Spot 10,Empty,2026-06-28T00:10:23.901515+00:00,,,,,,,,
2026-06-28T00:10:23.901515+00:00,spot_11,Spot 11,Occupied,2026-06-28T00:10:23.901515+00:00,2254,truck,0.8520939946174622,962,118.26628112792969,312.00689697265625,186.40760803222656,343.10150146484375
2026-06-28T00:10:23.901515+00:00,spot_12,Spot 12,Empty,2026-06-28T00:07:24.795014+00:00,,,,,,,,
2026-06-28T00:10:23.901515+00:00,spot_13,Spot 13,Empty,2026-06-27T23:12:22.008166+00:00,,,,,,,,
2026-06-28T00:10:23.901515+00:00,spot_14,Spot 14,Occupied,2026-06-27T23:21:20.756944+00:00,2223,car,0.8438481092453003,3540,53.9564323425293,310.819580078125,97.54289245605469,329.12353515625
2026-06-28T00:10:23.901515+00:00,spot_15,Spot 15,Empty,2026-06-27T23:54:21.307182+00:00,,,,,,,,
2026-06-28T00:10:23.901515+00:00,spot_16,Spot 16,Occupied,2026-06-27T23:54:21.307182+00:00,2136,car,0.7686758637428284,8639,33.5760498046875,308.3217468261719,64.29511260986328,328.0527038574219
2026-06-28T00:10:23.901515+00:00,spot_17,Spot 17,Empty,2026-06-27T23:10:22.647728+00:00,,,,,,,,
2026-06-28T00:11:22.943619+00:00,spot_1,Spot 1,Occupied,2026-06-28T00:10:23.901515+00:00,2251,truck,0.5824697017669678,1260,565.9437255859375,307.06072998046875,616.2115478515625,373.57708740234375
2026-06-28T00:11:22.943619+00:00,spot_2,Spot 2,Occupied,2026-06-28T00:09:34.236776+00:00,2193,car,0.7000296115875244,5041,501.9750671386719,320.28643798828125,547.208984375,363.78424072265625
2026-06-28T00:11:22.943619+00:00,spot_3,Spot 3,Empty,2026-06-27T22:45:22.600760+00:00,,,,,,,,
2026-06-28T00:11:22.943619+00:00,spot_4,Spot 4,Empty,2026-06-27T23:10:22.647728+00:00,,,,,,,,
2026-06-28T00:11:22.943619+00:00,spot_5,Spot 5,Occupied,2026-06-28T00:03:23.590549+00:00,2242,car,0.7957455515861511,2040,334.5838623046875,320.6661682128906,398.58184814453125,359.7575378417969
2026-06-28T00:11:22.943619+00:00,spot_6,Spot 6,Occupied,2026-06-27T20:54:22.350568+00:00,2102,car,0.8362584710121155,12899,286.63946533203125,321.70849609375,343.24920654296875,357.03302001953125
2026-06-28T00:11:22.943619+00:00,spot_7,Spot 7,Empty,2026-06-27T23:49:21.673139+00:00,,,,,,,,
2026-06-28T00:11:22.943619+00:00,spot_8,Spot 8,Occupied,2026-06-28T00:10:23.901515+00:00,2266,car,0.8878986239433289,60,213.48385620117188,320.65887451171875,272.3431701660156,349.81707763671875
2026-06-28T00:11:22.943619+00:00,spot_9,Spot 9,Empty,2026-06-27T23:58:21.469762+00:00,,,,,,,,
2026-06-28T00:11:22.943619+00:00,spot_10,Spot 10,Empty,2026-06-28T00:10:23.901515+00:00,,,,,,,,
2026-06-28T00:11:22.943619+00:00,spot_11,Spot 11,Occupied,2026-06-28T00:10:23.901515+00:00,2254,truck,0.8158658742904663,1022,118.086669921875,312.07843017578125,186.591796875,342.78399658203125
2026-06-28T00:11:22.943619+00:00,spot_12,Spot 12,Empty,2026-06-28T00:07:24.795014+00:00,,,,,,,,
2026-06-28T00:11:22.943619+00:00,spot_13,Spot 13,Empty,2026-06-27T23:12:22.008166+00:00,,,,,,,,
2026-06-28T00:11:22.943619+00:00,spot_14,Spot 14,Occupied,2026-06-27T23:21:20.756944+00:00,2223,car,0.8025116920471191,3601,53.79137420654297,310.90380859375,98.1893081665039,329.080810546875
2026-06-28T00:11:22.943619+00:00,spot_15,Spot 15,Empty,2026-06-27T23:54:21.307182+00:00,,,,,,,,
2026-06-28T00:11:22.943619+00:00,spot_16,Spot 16,Occupied,2026-06-27T23:54:21.307182+00:00,2136,car,0.7669090628623962,8700,34.3594970703125,308.46044921875,64.97955322265625,328.0340576171875
2026-06-28T00:11:22.943619+00:00,spot_17,Spot 17,Empty,2026-06-27T23:10:22.647728+00:00,,,,,,,,
2026-06-28T00:12:24.183484+00:00,spot_1,Spot 1,Occupied,2026-06-28T00:10:23.901515+00:00,2251,truck,0.4427202343940735,1320,566.3380126953125,308.0654296875,616.4151611328125,372.451416015625
2026-06-28T00:12:24.183484+00:00,spot_2,Spot 2,Occupied,2026-06-28T00:12:24.183484+00:00,2267,truck,0.3909907639026642,0,501.5417175292969,319.4354248046875,544.7001953125,362.048828125
2026-06-28T00:12:24.183484+00:00,spot_3,Spot 3,Empty,2026-06-27T22:45:22.600760+00:00,,,,,,,,
2026-06-28T00:12:24.183484+00:00,spot_4,Spot 4,Empty,2026-06-27T23:10:22.647728+00:00,,,,,,,,
2026-06-28T00:12:24.183484+00:00,spot_5,Spot 5,Occupied,2026-06-28T00:03:23.590549+00:00,2242,car,0.7645484209060669,2100,334.12255859375,319.89337158203125,398.82763671875,360.26593017578125
2026-06-28T00:12:24.183484+00:00,spot_6,Spot 6,Occupied,2026-06-27T20:54:22.350568+00:00,2102,car,0.8496912121772766,12960,286.8165283203125,321.6665954589844,339.35888671875,356.7596130371094
2026-06-28T00:12:24.183484+00:00,spot_7,Spot 7,Empty,2026-06-27T23:49:21.673139+00:00,,,,,,,,
2026-06-28T00:12:24.183484+00:00,spot_8,Spot 8,Occupied,2026-06-28T00:10:23.901515+00:00,2266,car,0.8734205961227417,120,213.9783935546875,320.3954772949219,271.98858642578125,348.2755432128906
2026-06-28T00:12:24.183484+00:00,spot_9,Spot 9,Empty,2026-06-27T23:58:21.469762+00:00,,,,,,,,
2026-06-28T00:12:24.183484+00:00,spot_10,Spot 10,Empty,2026-06-28T00:10:23.901515+00:00,,,,,,,,
2026-06-28T00:12:24.183484+00:00,spot_11,Spot 11,Empty,2026-06-28T00:12:24.183484+00:00,,,,,,,,
2026-06-28T00:12:24.183484+00:00,spot_12,Spot 12,Empty,2026-06-28T00:07:24.795014+00:00,,,,,,,,
2026-06-28T00:12:24.183484+00:00,spot_13,Spot 13,Empty,2026-06-27T23:12:22.008166+00:00,,,,,,,,
2026-06-28T00:12:24.183484+00:00,spot_14,Spot 14,Occupied,2026-06-27T23:21:20.756944+00:00,2223,car,0.7636851668357849,3661,53.09783172607422,311.1983947753906,98.05280303955078,329.0665588378906
2026-06-28T00:12:24.183484+00:00,spot_15,Spot 15,Occupied,2026-06-28T00:12:24.183484+00:00,2136,car,0.6447932720184326,8760,34.96296691894531,308.4085693359375,65.65133666992188,328.0987548828125
2026-06-28T00:12:24.183484+00:00,spot_16,Spot 16,Empty,2026-06-28T00:12:24.183484+00:00,,,,,,,,
2026-06-28T00:12:24.183484+00:00,spot_17,Spot 17,Empty,2026-06-27T23:10:22.647728+00:00,,,,,,,,
2026-06-28T00:13:23.082328+00:00,spot_1,Spot 1,Occupied,2026-06-28T00:10:23.901515+00:00,2251,truck,0.4427202343940735,1379,566.3380126953125,308.0654296875,616.4151611328125,372.451416015625
2026-06-28T00:13:23.082328+00:00,spot_2,Spot 2,Occupied,2026-06-28T00:12:24.183484+00:00,2267,truck,0.3909907639026642,59,501.5417175292969,319.4354248046875,544.7001953125,362.048828125
2026-06-28T00:13:23.082328+00:00,spot_3,Spot 3,Empty,2026-06-27T22:45:22.600760+00:00,,,,,,,,
2026-06-28T00:13:23.082328+00:00,spot_4,Spot 4,Empty,2026-06-27T23:10:22.647728+00:00,,,,,,,,
2026-06-28T00:13:23.082328+00:00,spot_5,Spot 5,Occupied,2026-06-28T00:03:23.590549+00:00,2242,car,0.7645484209060669,2159,334.12255859375,319.89337158203125,398.82763671875,360.26593017578125
2026-06-28T00:13:23.082328+00:00,spot_6,Spot 6,Occupied,2026-06-27T20:54:22.350568+00:00,2102,car,0.8496912121772766,13019,286.8165283203125,321.6665954589844,339.35888671875,356.7596130371094
2026-06-28T00:13:23.082328+00:00,spot_7,Spot 7,Empty,2026-06-27T23:49:21.673139+00:00,,,,,,,,
2026-06-28T00:13:23.082328+00:00,spot_8,Spot 8,Occupied,2026-06-28T00:10:23.901515+00:00,2266,car,0.8734205961227417,179,213.9783935546875,320.3954772949219,271.98858642578125,348.2755432128906
2026-06-28T00:13:23.082328+00:00,spot_9,Spot 9,Empty,2026-06-27T23:58:21.469762+00:00,,,,,,,,
2026-06-28T00:13:23.082328+00:00,spot_10,Spot 10,Empty,2026-06-28T00:10:23.901515+00:00,,,,,,,,
2026-06-28T00:13:23.082328+00:00,spot_11,Spot 11,Empty,2026-06-28T00:12:24.183484+00:00,,,,,,,,
2026-06-28T00:13:23.082328+00:00,spot_12,Spot 12,Empty,2026-06-28T00:07:24.795014+00:00,,,,,,,,
2026-06-28T00:13:23.082328+00:00,spot_13,Spot 13,Empty,2026-06-27T23:12:22.008166+00:00,,,,,,,,
2026-06-28T00:13:23.082328+00:00,spot_14,Spot 14,Occupied,2026-06-27T23:21:20.756944+00:00,2223,car,0.7636851668357849,3720,53.09783172607422,311.1983947753906,98.05280303955078,329.0665588378906
2026-06-28T00:13:23.082328+00:00,spot_15,Spot 15,Occupied,2026-06-28T00:12:24.183484+00:00,2136,car,0.6447932720184326,8819,34.96296691894531,308.4085693359375,65.65133666992188,328.0987548828125
2026-06-28T00:13:23.082328+00:00,spot_16,Spot 16,Empty,2026-06-28T00:12:24.183484+00:00,,,,,,,,
2026-06-28T00:13:23.082328+00:00,spot_17,Spot 17,Empty,2026-06-27T23:10:22.647728+00:00,,,,,,,,
2026-06-28T00:14:23.514675+00:00,spot_1,Spot 1,Occupied,2026-06-28T00:14:23.514675+00:00,2268,car,0.6297308206558228,0,563.3047485351562,310.3529052734375,615.8938598632812,373.3763427734375
2026-06-28T00:14:23.514675+00:00,spot_2,Spot 2,Occupied,2026-06-28T00:14:23.514675+00:00,2193,car,0.8048127293586731,5221,501.8901672363281,319.7554016113281,546.8984375,363.6556701660156
2026-06-28T00:14:23.514675+00:00,spot_3,Spot 3,Empty,2026-06-27T22:45:22.600760+00:00,,,,,,,,
2026-06-28T00:14:23.514675+00:00,spot_4,Spot 4,Empty,2026-06-27T23:10:22.647728+00:00,,,,,,,,
2026-06-28T00:14:23.514675+00:00,spot_5,Spot 5,Occupied,2026-06-28T00:14:23.514675+00:00,2270,car,0.35834845900535583,0,383.41925048828125,325.054931640625,400.49200439453125,346.1068115234375
2026-06-28T00:14:23.514675+00:00,spot_6,Spot 6,Occupied,2026-06-27T20:54:22.350568+00:00,2102,car,0.8210513591766357,13080,286.17974853515625,321.99005126953125,344.62158203125,356.82061767578125
2026-06-28T00:14:23.514675+00:00,spot_7,Spot 7,Empty,2026-06-27T23:49:21.673139+00:00,,,,,,,,
2026-06-28T00:14:23.514675+00:00,spot_8,Spot 8,Occupied,2026-06-28T00:10:23.901515+00:00,2266,car,0.8788789510726929,240,213.77932739257812,321.6241760253906,272.9613037109375,349.7229919433594
2026-06-28T00:14:23.514675+00:00,spot_9,Spot 9,Empty,2026-06-27T23:58:21.469762+00:00,,,,,,,,
2026-06-28T00:14:23.514675+00:00,spot_10,Spot 10,Empty,2026-06-28T00:10:23.901515+00:00,,,,,,,,
2026-06-28T00:14:23.514675+00:00,spot_11,Spot 11,Empty,2026-06-28T00:12:24.183484+00:00,,,,,,,,
2026-06-28T00:14:23.514675+00:00,spot_12,Spot 12,Empty,2026-06-28T00:07:24.795014+00:00,,,,,,,,
2026-06-28T00:14:23.514675+00:00,spot_13,Spot 13,Empty,2026-06-27T23:12:22.008166+00:00,,,,,,,,
2026-06-28T00:14:23.514675+00:00,spot_14,Spot 14,Occupied,2026-06-27T23:21:20.756944+00:00,2223,car,0.8461812734603882,3781,57.812557220458984,311.0823974609375,97.5927734375,329.3226318359375
2026-06-28T00:14:23.514675+00:00,spot_15,Spot 15,Empty,2026-06-28T00:14:23.514675+00:00,,,,,,,,
2026-06-28T00:14:23.514675+00:00,spot_16,Spot 16,Occupied,2026-06-28T00:14:23.514675+00:00,2136,car,0.714982271194458,8880,31.922218322753906,308.5352783203125,65.9891357421875,328.1907958984375
2026-06-28T00:14:23.514675+00:00,spot_17,Spot 17,Empty,2026-06-27T23:10:22.647728+00:00,,,,,,,,
2026-06-28T00:15:24.115259+00:00,spot_1,Spot 1,Occupied,2026-06-28T00:14:23.514675+00:00,2268,car,0.6297308206558228,60,563.3047485351562,310.3529052734375,615.8938598632812,373.3763427734375
2026-06-28T00:15:24.115259+00:00,spot_2,Spot 2,Occupied,2026-06-28T00:14:23.514675+00:00,2193,car,0.8048127293586731,5282,501.8901672363281,319.7554016113281,546.8984375,363.6556701660156
2026-06-28T00:15:24.115259+00:00,spot_3,Spot 3,Empty,2026-06-27T22:45:22.600760+00:00,,,,,,,,
2026-06-28T00:15:24.115259+00:00,spot_4,Spot 4,Empty,2026-06-27T23:10:22.647728+00:00,,,,,,,,
2026-06-28T00:15:24.115259+00:00,spot_5,Spot 5,Occupied,2026-06-28T00:14:23.514675+00:00,2270,car,0.35834845900535583,60,383.41925048828125,325.054931640625,400.49200439453125,346.1068115234375
2026-06-28T00:15:24.115259+00:00,spot_6,Spot 6,Occupied,2026-06-27T20:54:22.350568+00:00,2102,car,0.8210513591766357,13140,286.17974853515625,321.99005126953125,344.62158203125,356.82061767578125
2026-06-28T00:15:24.115259+00:00,spot_7,Spot 7,Empty,2026-06-27T23:49:21.673139+00:00,,,,,,,,
2026-06-28T00:15:24.115259+00:00,spot_8,Spot 8,Occupied,2026-06-28T00:10:23.901515+00:00,2266,car,0.8788789510726929,301,213.77932739257812,321.6241760253906,272.9613037109375,349.7229919433594
2026-06-28T00:15:24.115259+00:00,spot_9,Spot 9,Empty,2026-06-27T23:58:21.469762+00:00,,,,,,,,
2026-06-28T00:15:24.115259+00:00,spot_10,Spot 10,Empty,2026-06-28T00:10:23.901515+00:00,,,,,,,,
2026-06-28T00:15:24.115259+00:00,spot_11,Spot 11,Empty,2026-06-28T00:12:24.183484+00:00,,,,,,,,
2026-06-28T00:15:24.115259+00:00,spot_12,Spot 12,Empty,2026-06-28T00:07:24.795014+00:00,,,,,,,,
2026-06-28T00:15:24.115259+00:00,spot_13,Spot 13,Empty,2026-06-27T23:12:22.008166+00:00,,,,,,,,
2026-06-28T00:15:24.115259+00:00,spot_14,Spot 14,Occupied,2026-06-27T23:21:20.756944+00:00,2223,car,0.8461812734603882,3842,57.812557220458984,311.0823974609375,97.5927734375,329.3226318359375
2026-06-28T00:15:24.115259+00:00,spot_15,Spot 15,Empty,2026-06-28T00:14:23.514675+00:00,,,,,,,,
2026-06-28T00:15:24.115259+00:00,spot_16,Spot 16,Occupied,2026-06-28T00:14:23.514675+00:00,2136,car,0.714982271194458,8941,31.922218322753906,308.5352783203125,65.9891357421875,328.1907958984375
2026-06-28T00:15:24.115259+00:00,spot_17,Spot 17,Empty,2026-06-27T23:10:22.647728+00:00,,,,,,,,
2026-06-28T00:16:24.241819+00:00,spot_1,Spot 1,Occupied,2026-06-28T00:16:24.241819+00:00,2271,truck,0.7627488374710083,0,566.5062866210938,310.63397216796875,615.0935668945312,373.99774169921875
2026-06-28T00:16:24.241819+00:00,spot_2,Spot 2,Occupied,2026-06-28T00:14:23.514675+00:00,2193,car,0.8534300327301025,5342,501.5760192871094,320.4173583984375,545.8619384765625,363.9560546875
2026-06-28T00:16:24.241819+00:00,spot_3,Spot 3,Empty,2026-06-27T22:45:22.600760+00:00,,,,,,,,
2026-06-28T00:16:24.241819+00:00,spot_4,Spot 4,Empty,2026-06-27T23:10:22.647728+00:00,,,,,,,,
2026-06-28T00:16:24.241819+00:00,spot_5,Spot 5,Occupied,2026-06-28T00:16:24.241819+00:00,2269,truck,0.47788751125335693,120,333.53399658203125,320.72808837890625,400.70098876953125,359.56732177734375
2026-06-28T00:16:24.241819+00:00,spot_6,Spot 6,Occupied,2026-06-27T20:54:22.350568+00:00,2102,car,0.7977389693260193,13200,285.9409484863281,322.3277587890625,341.4274597167969,356.529541015625
2026-06-28T00:16:24.241819+00:00,spot_7,Spot 7,Empty,2026-06-27T23:49:21.673139+00:00,,,,,,,,
2026-06-28T00:16:24.241819+00:00,spot_8,Spot 8,Occupied,2026-06-28T00:10:23.901515+00:00,2266,car,0.8827021718025208,361,213.697998046875,321.582275390625,272.3228759765625,350.0885009765625
2026-06-28T00:16:24.241819+00:00,spot_9,Spot 9,Empty,2026-06-27T23:58:21.469762+00:00,,,,,,,,
2026-06-28T00:16:24.241819+00:00,spot_10,Spot 10,Empty,2026-06-28T00:10:23.901515+00:00,,,,,,,,
2026-06-28T00:16:24.241819+00:00,spot_11,Spot 11,Empty,2026-06-28T00:12:24.183484+00:00,,,,,,,,
2026-06-28T00:16:24.241819+00:00,spot_12,Spot 12,Empty,2026-06-28T00:07:24.795014+00:00,,,,,,,,
2026-06-28T00:16:24.241819+00:00,spot_13,Spot 13,Empty,2026-06-27T23:12:22.008166+00:00,,,,,,,,
2026-06-28T00:16:24.241819+00:00,spot_14,Spot 14,Occupied,2026-06-27T23:21:20.756944+00:00,2223,car,0.823538601398468,3902,54.124061584472656,310.9424133300781,97.50788116455078,329.0647277832031
2026-06-28T00:16:24.241819+00:00,spot_15,Spot 15,Empty,2026-06-28T00:14:23.514675+00:00,,,,,,,,
2026-06-28T00:16:24.241819+00:00,spot_16,Spot 16,Occupied,2026-06-28T00:14:23.514675+00:00,2136,car,0.7258860468864441,9001,32.09081268310547,308.6722412109375,65.30229949951172,328.1243896484375
2026-06-28T00:16:24.241819+00:00,spot_17,Spot 17,Empty,2026-06-27T23:10:22.647728+00:00,,,,,,,,
2026-06-28T00:17:22.900976+00:00,spot_1,Spot 1,Occupied,2026-06-28T00:17:22.900976+00:00,2272,bus,0.38431715965270996,0,566.5355834960938,309.5077209472656,616.5216674804688,374.3053283691406
2026-06-28T00:17:22.900976+00:00,spot_2,Spot 2,Occupied,2026-06-28T00:14:23.514675+00:00,2193,car,0.7627008557319641,5400,501.6004638671875,319.516357421875,548.5477294921875,364.0960693359375
2026-06-28T00:17:22.900976+00:00,spot_3,Spot 3,Empty,2026-06-27T22:45:22.600760+00:00,,,,,,,,
2026-06-28T00:17:22.900976+00:00,spot_4,Spot 4,Empty,2026-06-27T23:10:22.647728+00:00,,,,,,,,
2026-06-28T00:17:22.900976+00:00,spot_5,Spot 5,Occupied,2026-06-28T00:16:24.241819+00:00,2269,truck,0.4425150752067566,178,333.37445068359375,320.58221435546875,399.72869873046875,359.4410400390625
2026-06-28T00:17:22.900976+00:00,spot_6,Spot 6,Occupied,2026-06-27T20:54:22.350568+00:00,2102,car,0.844977617263794,13258,286.6405029296875,323.02423095703125,342.3096923828125,356.40765380859375
2026-06-28T00:17:22.900976+00:00,spot_7,Spot 7,Empty,2026-06-27T23:49:21.673139+00:00,,,,,,,,
2026-06-28T00:17:22.900976+00:00,spot_8,Spot 8,Occupied,2026-06-28T00:10:23.901515+00:00,2266,car,0.8961560130119324,419,213.79263305664062,321.096435546875,272.4576721191406,350.177734375
2026-06-28T00:17:22.900976+00:00,spot_9,Spot 9,Empty,2026-06-27T23:58:21.469762+00:00,,,,,,,,
2026-06-28T00:17:22.900976+00:00,spot_10,Spot 10,Empty,2026-06-28T00:10:23.901515+00:00,,,,,,,,
2026-06-28T00:17:22.900976+00:00,spot_11,Spot 11,Empty,2026-06-28T00:12:24.183484+00:00,,,,,,,,
2026-06-28T00:17:22.900976+00:00,spot_12,Spot 12,Empty,2026-06-28T00:07:24.795014+00:00,,,,,,,,
2026-06-28T00:17:22.900976+00:00,spot_13,Spot 13,Empty,2026-06-27T23:12:22.008166+00:00,,,,,,,,
2026-06-28T00:17:22.900976+00:00,spot_14,Spot 14,Occupied,2026-06-27T23:21:20.756944+00:00,2223,car,0.7967873811721802,3960,61.445289611816406,311.0980224609375,98.29032135009766,329.2845458984375
2026-06-28T00:17:22.900976+00:00,spot_15,Spot 15,Empty,2026-06-28T00:14:23.514675+00:00,,,,,,,,
2026-06-28T00:17:22.900976+00:00,spot_16,Spot 16,Occupied,2026-06-28T00:14:23.514675+00:00,2136,car,0.7804890275001526,9059,32.324462890625,308.54156494140625,64.95120239257812,328.11773681640625
2026-06-28T00:17:22.900976+00:00,spot_17,Spot 17,Empty,2026-06-27T23:10:22.647728+00:00,,,,,,,,
2026-06-28T00:18:24.260028+00:00,spot_1,Spot 1,Occupied,2026-06-28T00:18:24.260028+00:00,2271,truck,0.5428708791732788,119,566.2177124023438,310.39776611328125,615.9230346679688,373.61273193359375
2026-06-28T00:18:24.260028+00:00,spot_2,Spot 2,Occupied,2026-06-28T00:14:23.514675+00:00,2193,car,0.7260062098503113,5461,501.8316955566406,319.0101318359375,548.7535400390625,363.81890869140625
2026-06-28T00:18:24.260028+00:00,spot_3,Spot 3,Empty,2026-06-27T22:45:22.600760+00:00,,,,,,,,
2026-06-28T00:18:24.260028+00:00,spot_4,Spot 4,Empty,2026-06-27T23:10:22.647728+00:00,,,,,,,,
2026-06-28T00:18:24.260028+00:00,spot_5,Spot 5,Occupied,2026-06-28T00:18:24.260028+00:00,2242,car,0.8401654362678528,2461,333.957763671875,320.7078857421875,400.7015380859375,359.919189453125
2026-06-28T00:18:24.260028+00:00,spot_6,Spot 6,Occupied,2026-06-27T20:54:22.350568+00:00,2102,car,0.833654522895813,13320,286.10931396484375,323.5414123535156,339.9735107421875,356.4309997558594
2026-06-28T00:18:24.260028+00:00,spot_7,Spot 7,Empty,2026-06-27T23:49:21.673139+00:00,,,,,,,,
2026-06-28T00:18:24.260028+00:00,spot_8,Spot 8,Occupied,2026-06-28T00:10:23.901515+00:00,2266,car,0.8455573320388794,481,213.14056396484375,320.6578369140625,271.9757995605469,349.57379150390625
2026-06-28T00:18:24.260028+00:00,spot_9,Spot 9,Empty,2026-06-27T23:58:21.469762+00:00,,,,,,,,
2026-06-28T00:18:24.260028+00:00,spot_10,Spot 10,Empty,2026-06-28T00:10:23.901515+00:00,,,,,,,,
2026-06-28T00:18:24.260028+00:00,spot_11,Spot 11,Empty,2026-06-28T00:12:24.183484+00:00,,,,,,,,
2026-06-28T00:18:24.260028+00:00,spot_12,Spot 12,Empty,2026-06-28T00:07:24.795014+00:00,,,,,,,,
2026-06-28T00:18:24.260028+00:00,spot_13,Spot 13,Occupied,2026-06-28T00:18:24.260028+00:00,2223,car,0.7597213983535767,4021,64.68206787109375,311.3114013671875,111.97883605957031,332.295654296875
2026-06-28T00:18:24.260028+00:00,spot_14,Spot 14,Empty,2026-06-28T00:18:24.260028+00:00,,,,,,,,
2026-06-28T00:18:24.260028+00:00,spot_15,Spot 15,Empty,2026-06-28T00:14:23.514675+00:00,,,,,,,,
2026-06-28T00:18:24.260028+00:00,spot_16,Spot 16,Occupied,2026-06-28T00:14:23.514675+00:00,2136,car,0.7948459386825562,9120,32.245361328125,308.4901428222656,66.18562316894531,328.0765686035156
2026-06-28T00:18:24.260028+00:00,spot_17,Spot 17,Empty,2026-06-27T23:10:22.647728+00:00,,,,,,,,
2026-06-28T00:19:22.842604+00:00,spot_1,Spot 1,Occupied,2026-06-28T00:18:24.260028+00:00,2271,truck,0.5618682503700256,178,566.128173828125,309.92669677734375,616.737548828125,374.8782958984375
2026-06-28T00:19:22.842604+00:00,spot_2,Spot 2,Occupied,2026-06-28T00:14:23.514675+00:00,2193,car,0.8284204006195068,5520,502.49176025390625,319.4176025390625,547.3698120117188,363.2060546875
2026-06-28T00:19:22.842604+00:00,spot_3,Spot 3,Empty,2026-06-27T22:45:22.600760+00:00,,,,,,,,
2026-06-28T00:19:22.842604+00:00,spot_4,Spot 4,Empty,2026-06-27T23:10:22.647728+00:00,,,,,,,,
2026-06-28T00:19:22.842604+00:00,spot_5,Spot 5,Occupied,2026-06-28T00:19:22.842604+00:00,2269,truck,0.47717225551605225,298,333.7284851074219,320.57049560546875,399.4102478027344,359.52166748046875
2026-06-28T00:19:22.842604+00:00,spot_6,Spot 6,Occupied,2026-06-27T20:54:22.350568+00:00,2102,car,0.8549139499664307,13378,286.2324523925781,322.05487060546875,343.0767517089844,357.48663330078125
2026-06-28T00:19:22.842604+00:00,spot_7,Spot 7,Empty,2026-06-27T23:49:21.673139+00:00,,,,,,,,
2026-06-28T00:19:22.842604+00:00,spot_8,Spot 8,Occupied,2026-06-28T00:10:23.901515+00:00,2266,car,0.8822267651557922,539,213.9881591796875,320.5570068359375,272.548583984375,349.412109375
2026-06-28T00:19:22.842604+00:00,spot_9,Spot 9,Empty,2026-06-27T23:58:21.469762+00:00,,,,,,,,
2026-06-28T00:19:22.842604+00:00,spot_10,Spot 10,Empty,2026-06-28T00:10:23.901515+00:00,,,,,,,,
2026-06-28T00:19:22.842604+00:00,spot_11,Spot 11,Empty,2026-06-28T00:12:24.183484+00:00,,,,,,,,
2026-06-28T00:19:22.842604+00:00,spot_12,Spot 12,Empty,2026-06-28T00:07:24.795014+00:00,,,,,,,,
2026-06-28T00:19:22.842604+00:00,spot_13,Spot 13,Empty,2026-06-28T00:19:22.842604+00:00,,,,,,,,
2026-06-28T00:19:22.842604+00:00,spot_14,Spot 14,Occupied,2026-06-28T00:19:22.842604+00:00,2223,car,0.5453528761863708,4080,56.52068328857422,311.37823486328125,112.34871673583984,332.28326416015625
2026-06-28T00:19:22.842604+00:00,spot_15,Spot 15,Empty,2026-06-28T00:14:23.514675+00:00,,,,,,,,
2026-06-28T00:19:22.842604+00:00,spot_16,Spot 16,Occupied,2026-06-28T00:14:23.514675+00:00,2136,car,0.7458477020263672,9179,35.153648376464844,308.6416015625,63.568817138671875,327.82421875
2026-06-28T00:19:22.842604+00:00,spot_17,Spot 17,Empty,2026-06-27T23:10:22.647728+00:00,,,,,,,,
2026-06-28T00:20:24.049294+00:00,spot_1,Spot 1,Occupied,2026-06-28T00:18:24.260028+00:00,2271,truck,0.6329160928726196,239,566.0545654296875,310.37603759765625,615.8157958984375,373.69451904296875
2026-06-28T00:20:24.049294+00:00,spot_2,Spot 2,Occupied,2026-06-28T00:14:23.514675+00:00,2193,car,0.8525041341781616,5581,501.638916015625,319.8450927734375,548.7838134765625,363.90814208984375
2026-06-28T00:20:24.049294+00:00,spot_3,Spot 3,Empty,2026-06-27T22:45:22.600760+00:00,,,,,,,,
2026-06-28T00:20:24.049294+00:00,spot_4,Spot 4,Empty,2026-06-27T23:10:22.647728+00:00,,,,,,,,
2026-06-28T00:20:24.049294+00:00,spot_5,Spot 5,Occupied,2026-06-28T00:20:24.049294+00:00,2242,car,0.4629794657230377,2580,333.9791259765625,320.586669921875,400.8580322265625,359.189208984375
2026-06-28T00:20:24.049294+00:00,spot_6,Spot 6,Occupied,2026-06-27T20:54:22.350568+00:00,2102,car,0.8451620936393738,13440,286.0875244140625,321.61322021484375,343.3724365234375,357.03436279296875
2026-06-28T00:20:24.049294+00:00,spot_7,Spot 7,Empty,2026-06-27T23:49:21.673139+00:00,,,,,,,,
2026-06-28T00:20:24.049294+00:00,spot_8,Spot 8,Occupied,2026-06-28T00:10:23.901515+00:00,2266,car,0.8499002456665039,600,213.7537841796875,320.6778564453125,272.3382568359375,349.1968994140625
2026-06-28T00:20:24.049294+00:00,spot_9,Spot 9,Empty,2026-06-27T23:58:21.469762+00:00,,,,,,,,
2026-06-28T00:20:24.049294+00:00,spot_10,Spot 10,Empty,2026-06-28T00:10:23.901515+00:00,,,,,,,,
2026-06-28T00:20:24.049294+00:00,spot_11,Spot 11,Empty,2026-06-28T00:12:24.183484+00:00,,,,,,,,
2026-06-28T00:20:24.049294+00:00,spot_12,Spot 12,Empty,2026-06-28T00:07:24.795014+00:00,,,,,,,,
2026-06-28T00:20:24.049294+00:00,spot_13,Spot 13,Occupied,2026-06-28T00:20:24.049294+00:00,2223,car,0.7888021469116211,4141,63.930419921875,312.12738037109375,111.1923828125,332.3887939453125
2026-06-28T00:20:24.049294+00:00,spot_14,Spot 14,Empty,2026-06-28T00:20:24.049294+00:00,,,,,,,,
2026-06-28T00:20:24.049294+00:00,spot_15,Spot 15,Empty,2026-06-28T00:14:23.514675+00:00,,,,,,,,
2026-06-28T00:20:24.049294+00:00,spot_16,Spot 16,Occupied,2026-06-28T00:14:23.514675+00:00,2136,car,0.6306326985359192,9240,32.466461181640625,308.77581787109375,64.63741302490234,327.98089599609375
2026-06-28T00:20:24.049294+00:00,spot_17,Spot 17,Empty,2026-06-27T23:10:22.647728+00:00,,,,,,,,
2026-06-28T00:21:27.661971+00:00,spot_1,Spot 1,Occupied,2026-06-28T00:18:24.260028+00:00,2271,truck,0.4490512013435364,306,566.793701171875,310.13824462890625,616.178466796875,373.61627197265625
2026-06-28T00:21:27.661971+00:00,spot_2,Spot 2,Occupied,2026-06-28T00:14:23.514675+00:00,2193,car,0.7800219058990479,5648,501.95184326171875,319.4263916015625,548.4910278320312,363.5789794921875
2026-06-28T00:21:27.661971+00:00,spot_3,Spot 3,Empty,2026-06-27T22:45:22.600760+00:00,,,,,,,,
2026-06-28T00:21:27.661971+00:00,spot_4,Spot 4,Empty,2026-06-27T23:10:22.647728+00:00,,,,,,,,
2026-06-28T00:21:27.661971+00:00,spot_5,Spot 5,Occupied,2026-06-28T00:21:27.661971+00:00,2269,truck,0.5805984735488892,426,334.17425537109375,320.5750427246094,398.9976806640625,360.2204284667969
2026-06-28T00:21:27.661971+00:00,spot_6,Spot 6,Occupied,2026-06-27T20:54:22.350568+00:00,2102,car,0.8607808351516724,13506,285.55499267578125,321.78680419921875,337.76080322265625,356.74261474609375
2026-06-28T00:21:27.661971+00:00,spot_7,Spot 7,Empty,2026-06-27T23:49:21.673139+00:00,,,,,,,,
2026-06-28T00:21:27.661971+00:00,spot_8,Spot 8,Occupied,2026-06-28T00:10:23.901515+00:00,2266,car,0.8847092390060425,667,213.9022216796875,320.37530517578125,273.1500244140625,349.26177978515625
2026-06-28T00:21:27.661971+00:00,spot_9,Spot 9,Empty,2026-06-27T23:58:21.469762+00:00,,,,,,,,
2026-06-28T00:21:27.661971+00:00,spot_10,Spot 10,Empty,2026-06-28T00:10:23.901515+00:00,,,,,,,,
2026-06-28T00:21:27.661971+00:00,spot_11,Spot 11,Empty,2026-06-28T00:12:24.183484+00:00,,,,,,,,
2026-06-28T00:21:27.661971+00:00,spot_12,Spot 12,Empty,2026-06-28T00:07:24.795014+00:00,,,,,,,,
2026-06-28T00:21:27.661971+00:00,spot_13,Spot 13,Occupied,2026-06-28T00:20:24.049294+00:00,2223,car,0.5895536541938782,4208,62.4239501953125,311.67315673828125,112.15744018554688,332.36114501953125
2026-06-28T00:21:27.661971+00:00,spot_14,Spot 14,Empty,2026-06-28T00:20:24.049294+00:00,,,,,,,,
2026-06-28T00:21:27.661971+00:00,spot_15,Spot 15,Empty,2026-06-28T00:14:23.514675+00:00,,,,,,,,
2026-06-28T00:21:27.661971+00:00,spot_16,Spot 16,Occupied,2026-06-28T00:14:23.514675+00:00,2136,car,0.6368179321289062,9307,32.36406707763672,308.51116943359375,64.13058471679688,327.9017333984375
2026-06-28T00:21:27.661971+00:00,spot_17,Spot 17,Empty,2026-06-27T23:10:22.647728+00:00,,,,,,,,
2026-06-28T00:22:22.983455+00:00,spot_1,Spot 1,Occupied,2026-06-28T00:18:24.260028+00:00,2271,truck,0.4629061818122864,360,566.5647583007812,310.53826904296875,615.7993774414062,374.134521484375
2026-06-28T00:22:22.983455+00:00,spot_2,Spot 2,Occupied,2026-06-28T00:14:23.514675+00:00,2193,car,0.7487215399742126,5702,502.09368896484375,319.4992980957031,548.0370483398438,363.3424987792969
2026-06-28T00:22:22.983455+00:00,spot_3,Spot 3,Empty,2026-06-27T22:45:22.600760+00:00,,,,,,,,
2026-06-28T00:22:22.983455+00:00,spot_4,Spot 4,Empty,2026-06-27T23:10:22.647728+00:00,,,,,,,,
2026-06-28T00:22:22.983455+00:00,spot_5,Spot 5,Occupied,2026-06-28T00:22:22.983455+00:00,2242,car,0.4998183250427246,2702,333.22900390625,320.5406494140625,400.09893798828125,359.9083251953125
2026-06-28T00:22:22.983455+00:00,spot_6,Spot 6,Occupied,2026-06-27T20:54:22.350568+00:00,2102,car,0.7865762114524841,13561,286.37200927734375,322.7375793457031,343.73406982421875,357.2610778808594
2026-06-28T00:22:22.983455+00:00,spot_7,Spot 7,Empty,2026-06-27T23:49:21.673139+00:00,,,,,,,,
2026-06-28T00:22:22.983455+00:00,spot_8,Spot 8,Occupied,2026-06-28T00:10:23.901515+00:00,2266,car,0.8657907247543335,722,213.76431274414062,320.52032470703125,272.9820251464844,348.88555908203125
2026-06-28T00:22:22.983455+00:00,spot_9,Spot 9,Empty,2026-06-27T23:58:21.469762+00:00,,,,,,,,
2026-06-28T00:22:22.983455+00:00,spot_10,Spot 10,Empty,2026-06-28T00:10:23.901515+00:00,,,,,,,,
2026-06-28T00:22:22.983455+00:00,spot_11,Spot 11,Empty,2026-06-28T00:12:24.183484+00:00,,,,,,,,
2026-06-28T00:22:22.983455+00:00,spot_12,Spot 12,Empty,2026-06-28T00:07:24.795014+00:00,,,,,,,,
2026-06-28T00:22:22.983455+00:00,spot_13,Spot 13,Empty,2026-06-28T00:22:22.983455+00:00,,,,,,,,
2026-06-28T00:22:22.983455+00:00,spot_14,Spot 14,Occupied,2026-06-28T00:22:22.983455+00:00,2223,car,0.7139223217964172,4262,54.275970458984375,311.31341552734375,111.67745971679688,332.04534912109375
2026-06-28T00:22:22.983455+00:00,spot_15,Spot 15,Empty,2026-06-28T00:14:23.514675+00:00,,,,,,,,
2026-06-28T00:22:22.983455+00:00,spot_16,Spot 16,Occupied,2026-06-28T00:14:23.514675+00:00,2136,car,0.7872720956802368,9361,31.842687606811523,308.48736572265625,65.35363006591797,328.13055419921875
2026-06-28T00:22:22.983455+00:00,spot_17,Spot 17,Empty,2026-06-27T23:10:22.647728+00:00,,,,,,,,
2026-06-28T00:23:23.323161+00:00,spot_1,Spot 1,Occupied,2026-06-28T00:23:23.323161+00:00,2273,car,0.5376070737838745,0,565.0088500976562,310.6240234375,616.4804077148438,373.47802734375
2026-06-28T00:23:23.323161+00:00,spot_2,Spot 2,Occupied,2026-06-28T00:14:23.514675+00:00,2193,car,0.7895623445510864,5761,501.7744445800781,319.3116455078125,547.60986328125,363.568115234375
2026-06-28T00:23:23.323161+00:00,spot_3,Spot 3,Empty,2026-06-27T22:45:22.600760+00:00,,,,,,,,
2026-06-28T00:23:23.323161+00:00,spot_4,Spot 4,Empty,2026-06-27T23:10:22.647728+00:00,,,,,,,,
2026-06-28T00:23:23.323161+00:00,spot_5,Spot 5,Occupied,2026-06-28T00:22:22.983455+00:00,2242,car,0.5073985457420349,2760,334.139892578125,320.4735107421875,399.7608642578125,360.0255126953125
2026-06-28T00:23:23.323161+00:00,spot_6,Spot 6,Occupied,2026-06-27T20:54:22.350568+00:00,2102,car,0.8735092282295227,13620,286.2554626464844,323.01873779296875,337.6577453613281,357.09722900390625
2026-06-28T00:23:23.323161+00:00,spot_7,Spot 7,Empty,2026-06-27T23:49:21.673139+00:00,,,,,,,,
2026-06-28T00:23:23.323161+00:00,spot_8,Spot 8,Occupied,2026-06-28T00:10:23.901515+00:00,2266,car,0.87819504737854,780,213.669921875,320.6195068359375,273.07598876953125,348.5440673828125
2026-06-28T00:23:23.323161+00:00,spot_9,Spot 9,Empty,2026-06-27T23:58:21.469762+00:00,,,,,,,,
2026-06-28T00:23:23.323161+00:00,spot_10,Spot 10,Empty,2026-06-28T00:10:23.901515+00:00,,,,,,,,
2026-06-28T00:23:23.323161+00:00,spot_11,Spot 11,Empty,2026-06-28T00:12:24.183484+00:00,,,,,,,,
2026-06-28T00:23:23.323161+00:00,spot_12,Spot 12,Empty,2026-06-28T00:07:24.795014+00:00,,,,,,,,
2026-06-28T00:23:23.323161+00:00,spot_13,Spot 13,Occupied,2026-06-28T00:23:23.323161+00:00,2223,car,0.6844673752784729,4321,69.66709899902344,313.16046142578125,111.0467529296875,332.49664306640625
2026-06-28T00:23:23.323161+00:00,spot_14,Spot 14,Occupied,2026-06-28T00:23:23.323161+00:00,2274,car,0.4659631550312042,0,61.50025939941406,311.2067565917969,88.39433288574219,329.8973083496094
2026-06-28T00:23:23.323161+00:00,spot_15,Spot 15,Empty,2026-06-28T00:14:23.514675+00:00,,,,,,,,
2026-06-28T00:23:23.323161+00:00,spot_16,Spot 16,Occupied,2026-06-28T00:14:23.514675+00:00,2136,car,0.7166305184364319,9420,32.639137268066406,308.6588134765625,63.81883239746094,328.0528564453125
2026-06-28T00:23:23.323161+00:00,spot_17,Spot 17,Empty,2026-06-27T23:10:22.647728+00:00,,,,,,,,
2026-06-28T00:24:21.444378+00:00,spot_1,Spot 1,Occupied,2026-06-28T00:23:23.323161+00:00,2273,car,0.6137480735778809,58,566.112548828125,310.387939453125,615.627197265625,373.4482421875
2026-06-28T00:24:21.444378+00:00,spot_2,Spot 2,Occupied,2026-06-28T00:14:23.514675+00:00,2193,car,0.7134703993797302,5820,501.60369873046875,320.197021484375,546.5758666992188,363.87078857421875
2026-06-28T00:24:21.444378+00:00,spot_3,Spot 3,Empty,2026-06-27T22:45:22.600760+00:00,,,,,,,,
2026-06-28T00:24:21.444378+00:00,spot_4,Spot 4,Empty,2026-06-27T23:10:22.647728+00:00,,,,,,,,
2026-06-28T00:24:21.444378+00:00,spot_5,Spot 5,Occupied,2026-06-28T00:22:22.983455+00:00,2242,car,0.8180267810821533,2819,333.6846923828125,320.59149169921875,398.9503173828125,359.62030029296875
2026-06-28T00:24:21.444378+00:00,spot_6,Spot 6,Occupied,2026-06-27T20:54:22.350568+00:00,2102,car,0.856623113155365,13678,286.0270080566406,322.70782470703125,337.4248962402344,357.15472412109375
2026-06-28T00:24:21.444378+00:00,spot_7,Spot 7,Empty,2026-06-27T23:49:21.673139+00:00,,,,,,,,
2026-06-28T00:24:21.444378+00:00,spot_8,Spot 8,Occupied,2026-06-28T00:10:23.901515+00:00,2266,car,0.8807740211486816,839,213.74261474609375,320.47100830078125,272.56756591796875,349.94189453125
2026-06-28T00:24:21.444378+00:00,spot_9,Spot 9,Empty,2026-06-27T23:58:21.469762+00:00,,,,,,,,
2026-06-28T00:24:21.444378+00:00,spot_10,Spot 10,Empty,2026-06-28T00:10:23.901515+00:00,,,,,,,,
2026-06-28T00:24:21.444378+00:00,spot_11,Spot 11,Empty,2026-06-28T00:12:24.183484+00:00,,,,,,,,
2026-06-28T00:24:21.444378+00:00,spot_12,Spot 12,Empty,2026-06-28T00:07:24.795014+00:00,,,,,,,,
2026-06-28T00:24:21.444378+00:00,spot_13,Spot 13,Occupied,2026-06-28T00:23:23.323161+00:00,2223,car,0.8269590139389038,4380,63.77204132080078,311.40789794921875,111.23186492919922,332.65643310546875
2026-06-28T00:24:21.444378+00:00,spot_14,Spot 14,Empty,2026-06-28T00:24:21.444378+00:00,,,,,,,,
2026-06-28T00:24:21.444378+00:00,spot_15,Spot 15,Empty,2026-06-28T00:14:23.514675+00:00,,,,,,,,
2026-06-28T00:24:21.444378+00:00,spot_16,Spot 16,Occupied,2026-06-28T00:14:23.514675+00:00,2136,car,0.6984027624130249,9479,33.485557556152344,308.4141845703125,66.19187927246094,328.156005859375
2026-06-28T00:24:21.444378+00:00,spot_17,Spot 17,Empty,2026-06-27T23:10:22.647728+00:00,,,,,,,,
2026-06-28T00:25:22.790181+00:00,spot_1,Spot 1,Occupied,2026-06-28T00:25:22.790181+00:00,2271,truck,0.6859196424484253,538,566.3073120117188,310.54302978515625,615.2504272460938,373.60211181640625
2026-06-28T00:25:22.790181+00:00,spot_2,Spot 2,Occupied,2026-06-28T00:14:23.514675+00:00,2193,car,0.7793949842453003,5881,501.81915283203125,318.99249267578125,548.7980346679688,364.38427734375
2026-06-28T00:25:22.790181+00:00,spot_3,Spot 3,Empty,2026-06-27T22:45:22.600760+00:00,,,,,,,,
2026-06-28T00:25:22.790181+00:00,spot_4,Spot 4,Empty,2026-06-27T23:10:22.647728+00:00,,,,,,,,
2026-06-28T00:25:22.790181+00:00,spot_5,Spot 5,Occupied,2026-06-28T00:22:22.983455+00:00,2242,car,0.8642178773880005,2880,334.119384765625,320.3669738769531,399.56201171875,360.4140930175781
2026-06-28T00:25:22.790181+00:00,spot_6,Spot 6,Occupied,2026-06-27T20:54:22.350568+00:00,2102,car,0.8670210242271423,13739,285.6583251953125,322.0452880859375,337.1895751953125,357.583740234375
2026-06-28T00:25:22.790181+00:00,spot_7,Spot 7,Empty,2026-06-27T23:49:21.673139+00:00,,,,,,,,
2026-06-28T00:25:22.790181+00:00,spot_8,Spot 8,Occupied,2026-06-28T00:10:23.901515+00:00,2266,car,0.8863367438316345,900,213.59457397460938,320.47882080078125,272.1236877441406,349.83502197265625
2026-06-28T00:25:22.790181+00:00,spot_9,Spot 9,Empty,2026-06-27T23:58:21.469762+00:00,,,,,,,,
2026-06-28T00:25:22.790181+00:00,spot_10,Spot 10,Empty,2026-06-28T00:10:23.901515+00:00,,,,,,,,
2026-06-28T00:25:22.790181+00:00,spot_11,Spot 11,Empty,2026-06-28T00:12:24.183484+00:00,,,,,,,,
2026-06-28T00:25:22.790181+00:00,spot_12,Spot 12,Empty,2026-06-28T00:07:24.795014+00:00,,,,,,,,
2026-06-28T00:25:22.790181+00:00,spot_13,Spot 13,Occupied,2026-06-28T00:23:23.323161+00:00,2223,car,0.8290561437606812,4440,62.977569580078125,311.49639892578125,111.98365783691406,332.5931396484375
2026-06-28T00:25:22.790181+00:00,spot_14,Spot 14,Empty,2026-06-28T00:24:21.444378+00:00,,,,,,,,
2026-06-28T00:25:22.790181+00:00,spot_15,Spot 15,Empty,2026-06-28T00:14:23.514675+00:00,,,,,,,,
2026-06-28T00:25:22.790181+00:00,spot_16,Spot 16,Occupied,2026-06-28T00:14:23.514675+00:00,2136,car,0.6912087798118591,9539,33.635780334472656,308.64398193359375,63.750282287597656,327.85247802734375
2026-06-28T00:25:22.790181+00:00,spot_17,Spot 17,Empty,2026-06-27T23:10:22.647728+00:00,,,,,,,,
2026-06-28T00:26:22.430170+00:00,spot_1,Spot 1,Occupied,2026-06-28T00:25:22.790181+00:00,2271,truck,0.577913224697113,598,565.9235229492188,310.34033203125,617.0081176757812,373.4656982421875
2026-06-28T00:26:22.430170+00:00,spot_2,Spot 2,Occupied,2026-06-28T00:14:23.514675+00:00,2193,car,0.761708676815033,5940,502.17633056640625,319.09075927734375,548.5103149414062,363.1932373046875
2026-06-28T00:26:22.430170+00:00,spot_3,Spot 3,Empty,2026-06-27T22:45:22.600760+00:00,,,,,,,,
2026-06-28T00:26:22.430170+00:00,spot_4,Spot 4,Empty,2026-06-27T23:10:22.647728+00:00,,,,,,,,
2026-06-28T00:26:22.430170+00:00,spot_5,Spot 5,Occupied,2026-06-28T00:22:22.983455+00:00,2242,car,0.8564213514328003,2939,334.2195739746094,320.80816650390625,400.5405578613281,360.51702880859375
2026-06-28T00:26:22.430170+00:00,spot_6,Spot 6,Occupied,2026-06-27T20:54:22.350568+00:00,2102,car,0.8383446335792542,13798,285.857666015625,323.29833984375,337.43829345703125,357.18109130859375
2026-06-28T00:26:22.430170+00:00,spot_7,Spot 7,Empty,2026-06-27T23:49:21.673139+00:00,,,,,,,,
2026-06-28T00:26:22.430170+00:00,spot_8,Spot 8,Occupied,2026-06-28T00:10:23.901515+00:00,2266,car,0.8627245426177979,959,213.443603515625,320.2138671875,272.08441162109375,349.91046142578125
2026-06-28T00:26:22.430170+00:00,spot_9,Spot 9,Empty,2026-06-27T23:58:21.469762+00:00,,,,,,,,
2026-06-28T00:26:22.430170+00:00,spot_10,Spot 10,Empty,2026-06-28T00:10:23.901515+00:00,,,,,,,,
2026-06-28T00:26:22.430170+00:00,spot_11,Spot 11,Empty,2026-06-28T00:12:24.183484+00:00,,,,,,,,
2026-06-28T00:26:22.430170+00:00,spot_12,Spot 12,Empty,2026-06-28T00:07:24.795014+00:00,,,,,,,,
2026-06-28T00:26:22.430170+00:00,spot_13,Spot 13,Occupied,2026-06-28T00:23:23.323161+00:00,2223,car,0.7621361613273621,4500,61.422889709472656,311.5413818359375,111.7430648803711,332.42193603515625
2026-06-28T00:26:22.430170+00:00,spot_14,Spot 14,Empty,2026-06-28T00:24:21.444378+00:00,,,,,,,,
2026-06-28T00:26:22.430170+00:00,spot_15,Spot 15,Empty,2026-06-28T00:14:23.514675+00:00,,,,,,,,
2026-06-28T00:26:22.430170+00:00,spot_16,Spot 16,Occupied,2026-06-28T00:14:23.514675+00:00,2136,car,0.6862351894378662,9599,33.629432678222656,308.38946533203125,63.688514709472656,327.96917724609375
2026-06-28T00:26:22.430170+00:00,spot_17,Spot 17,Empty,2026-06-27T23:10:22.647728+00:00,,,,,,,,
2026-06-28T00:27:22.609502+00:00,spot_1,Spot 1,Occupied,2026-06-28T00:25:22.790181+00:00,2271,truck,0.6977563500404358,657,566.056396484375,310.71173095703125,616.58056640625,373.76470947265625
2026-06-28T00:27:22.609502+00:00,spot_2,Spot 2,Occupied,2026-06-28T00:14:23.514675+00:00,2193,car,0.5481297969818115,6000,501.6297302246094,328.2913818359375,544.4129638671875,364.2362060546875
2026-06-28T00:27:22.609502+00:00,spot_3,Spot 3,Empty,2026-06-27T22:45:22.600760+00:00,,,,,,,,
2026-06-28T00:27:22.609502+00:00,spot_4,Spot 4,Empty,2026-06-27T23:10:22.647728+00:00,,,,,,,,
2026-06-28T00:27:22.609502+00:00,spot_5,Spot 5,Occupied,2026-06-28T00:22:22.983455+00:00,2242,car,0.8101637363433838,2999,334.05584716796875,320.61590576171875,400.05255126953125,360.26531982421875
2026-06-28T00:27:22.609502+00:00,spot_6,Spot 6,Occupied,2026-06-27T20:54:22.350568+00:00,2102,car,0.825466513633728,13858,285.95794677734375,322.825439453125,338.22845458984375,357.86572265625
2026-06-28T00:27:22.609502+00:00,spot_7,Spot 7,Empty,2026-06-27T23:49:21.673139+00:00,,,,,,,,
2026-06-28T00:27:22.609502+00:00,spot_8,Spot 8,Occupied,2026-06-28T00:10:23.901515+00:00,2266,car,0.8773580193519592,1019,213.34408569335938,320.669189453125,272.0020446777344,349.83935546875
2026-06-28T00:27:22.609502+00:00,spot_9,Spot 9,Empty,2026-06-27T23:58:21.469762+00:00,,,,,,,,
2026-06-28T00:27:22.609502+00:00,spot_10,Spot 10,Empty,2026-06-28T00:10:23.901515+00:00,,,,,,,,
2026-06-28T00:27:22.609502+00:00,spot_11,Spot 11,Empty,2026-06-28T00:12:24.183484+00:00,,,,,,,,
2026-06-28T00:27:22.609502+00:00,spot_12,Spot 12,Empty,2026-06-28T00:07:24.795014+00:00,,,,,,,,
2026-06-28T00:27:22.609502+00:00,spot_13,Spot 13,Occupied,2026-06-28T00:23:23.323161+00:00,2223,car,0.6288064122200012,4559,63.3177490234375,312.129150390625,112.17645263671875,331.81005859375
2026-06-28T00:27:22.609502+00:00,spot_14,Spot 14,Occupied,2026-06-28T00:27:22.609502+00:00,2275,car,0.4583965241909027,0,63.08653259277344,310.8394775390625,88.63157653808594,330.370849609375
2026-06-28T00:27:22.609502+00:00,spot_15,Spot 15,Empty,2026-06-28T00:14:23.514675+00:00,,,,,,,,
2026-06-28T00:27:22.609502+00:00,spot_16,Spot 16,Occupied,2026-06-28T00:14:23.514675+00:00,2136,car,0.7206912636756897,9659,32.02861022949219,308.19842529296875,65.26438903808594,328.0841064453125
2026-06-28T00:27:22.609502+00:00,spot_17,Spot 17,Empty,2026-06-27T23:10:22.647728+00:00,,,,,,,,
2026-06-28T00:28:21.780198+00:00,spot_1,Spot 1,Occupied,2026-06-28T00:25:22.790181+00:00,2271,truck,0.6531722545623779,717,566.356201171875,310.4170837402344,615.750732421875,373.8055114746094
2026-06-28T00:28:21.780198+00:00,spot_2,Spot 2,Occupied,2026-06-28T00:14:23.514675+00:00,2193,car,0.6482015252113342,6059,501.50732421875,319.2352294921875,548.8792724609375,364.30804443359375
2026-06-28T00:28:21.780198+00:00,spot_3,Spot 3,Empty,2026-06-27T22:45:22.600760+00:00,,,,,,,,
2026-06-28T00:28:21.780198+00:00,spot_4,Spot 4,Empty,2026-06-27T23:10:22.647728+00:00,,,,,,,,
2026-06-28T00:28:21.780198+00:00,spot_5,Spot 5,Occupied,2026-06-28T00:22:22.983455+00:00,2242,car,0.7626979351043701,3058,334.1688232421875,320.81304931640625,399.3883056640625,359.72442626953125
2026-06-28T00:28:21.780198+00:00,spot_6,Spot 6,Occupied,2026-06-27T20:54:22.350568+00:00,2102,car,0.8446938395500183,13918,285.9718017578125,323.207275390625,340.6435546875,357.275634765625
2026-06-28T00:28:21.780198+00:00,spot_7,Spot 7,Empty,2026-06-27T23:49:21.673139+00:00,,,,,,,,
2026-06-28T00:28:21.780198+00:00,spot_8,Spot 8,Occupied,2026-06-28T00:10:23.901515+00:00,2266,car,0.8857375979423523,1078,213.55535888671875,320.54638671875,273.02587890625,349.6998291015625
2026-06-28T00:28:21.780198+00:00,spot_9,Spot 9,Empty,2026-06-27T23:58:21.469762+00:00,,,,,,,,
2026-06-28T00:28:21.780198+00:00,spot_10,Spot 10,Empty,2026-06-28T00:10:23.901515+00:00,,,,,,,,
2026-06-28T00:28:21.780198+00:00,spot_11,Spot 11,Empty,2026-06-28T00:12:24.183484+00:00,,,,,,,,
2026-06-28T00:28:21.780198+00:00,spot_12,Spot 12,Empty,2026-06-28T00:07:24.795014+00:00,,,,,,,,
2026-06-28T00:28:21.780198+00:00,spot_13,Spot 13,Occupied,2026-06-28T00:23:23.323161+00:00,2223,car,0.8101634979248047,4619,63.75009536743164,311.3966064453125,112.23312377929688,332.3638916015625
2026-06-28T00:28:21.780198+00:00,spot_14,Spot 14,Empty,2026-06-28T00:28:21.780198+00:00,,,,,,,,
2026-06-28T00:28:21.780198+00:00,spot_15,Spot 15,Occupied,2026-06-28T00:28:21.780198+00:00,2276,car,0.3588290512561798,0,52.655128479003906,311.3153381347656,68.61975860595703,327.5572204589844
2026-06-28T00:28:21.780198+00:00,spot_16,Spot 16,Occupied,2026-06-28T00:14:23.514675+00:00,2136,car,0.6963241100311279,9718,33.56272888183594,308.57122802734375,63.64598083496094,327.88909912109375
2026-06-28T00:28:21.780198+00:00,spot_17,Spot 17,Empty,2026-06-27T23:10:22.647728+00:00,,,,,,,,
2026-06-28T00:29:22.432600+00:00,spot_1,Spot 1,Occupied,2026-06-28T00:25:22.790181+00:00,2271,truck,0.47776469588279724,777,566.70166015625,309.0125732421875,615.872802734375,373.23919677734375
2026-06-28T00:29:22.432600+00:00,spot_2,Spot 2,Occupied,2026-06-28T00:29:22.432600+00:00,2277,truck,0.5268253684043884,0,502.2887878417969,319.55963134765625,546.0234375,363.79827880859375
2026-06-28T00:29:22.432600+00:00,spot_3,Spot 3,Empty,2026-06-27T22:45:22.600760+00:00,,,,,,,,
2026-06-28T00:29:22.432600+00:00,spot_4,Spot 4,Empty,2026-06-27T23:10:22.647728+00:00,,,,,,,,
2026-06-28T00:29:22.432600+00:00,spot_5,Spot 5,Occupied,2026-06-28T00:22:22.983455+00:00,2242,car,0.7498718500137329,3119,334.263671875,320.55322265625,399.67535400390625,360.1947021484375
2026-06-28T00:29:22.432600+00:00,spot_6,Spot 6,Occupied,2026-06-27T20:54:22.350568+00:00,2102,car,0.8388418555259705,13978,286.34716796875,321.591064453125,339.5908203125,356.99169921875
2026-06-28T00:29:22.432600+00:00,spot_7,Spot 7,Empty,2026-06-27T23:49:21.673139+00:00,,,,,,,,
2026-06-28T00:29:22.432600+00:00,spot_8,Spot 8,Occupied,2026-06-28T00:10:23.901515+00:00,2266,car,0.8783485293388367,1139,213.20751953125,320.4891357421875,272.2442626953125,349.9560546875
2026-06-28T00:29:22.432600+00:00,spot_9,Spot 9,Empty,2026-06-27T23:58:21.469762+00:00,,,,,,,,
2026-06-28T00:29:22.432600+00:00,spot_10,Spot 10,Empty,2026-06-28T00:10:23.901515+00:00,,,,,,,,
2026-06-28T00:29:22.432600+00:00,spot_11,Spot 11,Empty,2026-06-28T00:12:24.183484+00:00,,,,,,,,
2026-06-28T00:29:22.432600+00:00,spot_12,Spot 12,Empty,2026-06-28T00:07:24.795014+00:00,,,,,,,,
2026-06-28T00:29:22.432600+00:00,spot_13,Spot 13,Occupied,2026-06-28T00:23:23.323161+00:00,2223,car,0.7587067484855652,4679,62.88975524902344,311.22857666015625,112.04405212402344,332.66778564453125
2026-06-28T00:29:22.432600+00:00,spot_14,Spot 14,Empty,2026-06-28T00:28:21.780198+00:00,,,,,,,,
2026-06-28T00:29:22.432600+00:00,spot_15,Spot 15,Empty,2026-06-28T00:29:22.432600+00:00,,,,,,,,
2026-06-28T00:29:22.432600+00:00,spot_16,Spot 16,Occupied,2026-06-28T00:14:23.514675+00:00,2136,car,0.6157366037368774,9778,32.493934631347656,308.48309326171875,66.35919952392578,328.04498291015625
2026-06-28T00:29:22.432600+00:00,spot_17,Spot 17,Empty,2026-06-27T23:10:22.647728+00:00,,,,,,,,
2026-06-28T00:30:23.250675+00:00,spot_1,Spot 1,Occupied,2026-06-28T00:30:23.250675+00:00,2278,car,0.43662789463996887,0,566.6914672851562,310.6248779296875,615.9142456054688,374.406982421875
2026-06-28T00:30:23.250675+00:00,spot_2,Spot 2,Occupied,2026-06-28T00:30:23.250675+00:00,2193,car,0.8177917003631592,6180,501.8165588378906,319.61480712890625,548.1959228515625,364.678466796875
2026-06-28T00:30:23.250675+00:00,spot_3,Spot 3,Empty,2026-06-27T22:45:22.600760+00:00,,,,,,,,
2026-06-28T00:30:23.250675+00:00,spot_4,Spot 4,Empty,2026-06-27T23:10:22.647728+00:00,,,,,,,,
2026-06-28T00:30:23.250675+00:00,spot_5,Spot 5,Occupied,2026-06-28T00:22:22.983455+00:00,2242,car,0.8129014372825623,3179,333.802734375,320.9691162109375,399.143798828125,360.7745361328125
2026-06-28T00:30:23.250675+00:00,spot_6,Spot 6,Occupied,2026-06-27T20:54:22.350568+00:00,2102,car,0.8454771637916565,14038,286.16571044921875,322.35760498046875,346.13629150390625,356.95501708984375
2026-06-28T00:30:23.250675+00:00,spot_7,Spot 7,Empty,2026-06-27T23:49:21.673139+00:00,,,,,,,,
2026-06-28T00:30:23.250675+00:00,spot_8,Spot 8,Occupied,2026-06-28T00:10:23.901515+00:00,2266,car,0.86962890625,1199,213.74502563476562,320.36767578125,272.43536376953125,349.90380859375
2026-06-28T00:30:23.250675+00:00,spot_9,Spot 9,Empty,2026-06-27T23:58:21.469762+00:00,,,,,,,,
2026-06-28T00:30:23.250675+00:00,spot_10,Spot 10,Empty,2026-06-28T00:10:23.901515+00:00,,,,,,,,
2026-06-28T00:30:23.250675+00:00,spot_11,Spot 11,Empty,2026-06-28T00:12:24.183484+00:00,,,,,,,,
2026-06-28T00:30:23.250675+00:00,spot_12,Spot 12,Empty,2026-06-28T00:07:24.795014+00:00,,,,,,,,
2026-06-28T00:30:23.250675+00:00,spot_13,Spot 13,Occupied,2026-06-28T00:23:23.323161+00:00,2223,car,0.5653477311134338,4740,64.18025207519531,311.148681640625,112.70652770996094,332.480712890625
2026-06-28T00:30:23.250675+00:00,spot_14,Spot 14,Empty,2026-06-28T00:28:21.780198+00:00,,,,,,,,
2026-06-28T00:30:23.250675+00:00,spot_15,Spot 15,Empty,2026-06-28T00:29:22.432600+00:00,,,,,,,,
2026-06-28T00:30:23.250675+00:00,spot_16,Spot 16,Occupied,2026-06-28T00:14:23.514675+00:00,2136,car,0.7456139922142029,9839,32.49137878417969,308.43035888671875,67.53170776367188,328.05718994140625
2026-06-28T00:30:23.250675+00:00,spot_17,Spot 17,Empty,2026-06-27T23:10:22.647728+00:00,,,,,,,,
2026-06-28T00:31:22.266848+00:00,spot_1,Spot 1,Occupied,2026-06-28T00:30:23.250675+00:00,2278,car,0.44973883032798767,59,566.497802734375,310.53265380859375,616.586181640625,373.17889404296875
2026-06-28T00:31:22.266848+00:00,spot_2,Spot 2,Occupied,2026-06-28T00:30:23.250675+00:00,2193,car,0.7148444652557373,6240,502.66827392578125,319.8518371582031,547.6321411132812,364.1681213378906
2026-06-28T00:31:22.266848+00:00,spot_3,Spot 3,Empty,2026-06-27T22:45:22.600760+00:00,,,,,,,,
2026-06-28T00:31:22.266848+00:00,spot_4,Spot 4,Empty,2026-06-27T23:10:22.647728+00:00,,,,,,,,
2026-06-28T00:31:22.266848+00:00,spot_5,Spot 5,Occupied,2026-06-28T00:22:22.983455+00:00,2242,car,0.8553962707519531,3239,333.7828063964844,320.24407958984375,400.0412292480469,360.18243408203125
2026-06-28T00:31:22.266848+00:00,spot_6,Spot 6,Occupied,2026-06-27T20:54:22.350568+00:00,2102,car,0.825969398021698,14098,286.6539306640625,323.3380126953125,338.6209716796875,358.0389404296875
2026-06-28T00:31:22.266848+00:00,spot_7,Spot 7,Empty,2026-06-27T23:49:21.673139+00:00,,,,,,,,
2026-06-28T00:31:22.266848+00:00,spot_8,Spot 8,Occupied,2026-06-28T00:10:23.901515+00:00,2266,car,0.8651423454284668,1259,213.36221313476562,321.3643798828125,272.6318664550781,349.9083251953125
2026-06-28T00:31:22.266848+00:00,spot_9,Spot 9,Empty,2026-06-27T23:58:21.469762+00:00,,,,,,,,
2026-06-28T00:31:22.266848+00:00,spot_10,Spot 10,Empty,2026-06-28T00:10:23.901515+00:00,,,,,,,,
2026-06-28T00:31:22.266848+00:00,spot_11,Spot 11,Empty,2026-06-28T00:12:24.183484+00:00,,,,,,,,
2026-06-28T00:31:22.266848+00:00,spot_12,Spot 12,Empty,2026-06-28T00:07:24.795014+00:00,,,,,,,,
2026-06-28T00:31:22.266848+00:00,spot_13,Spot 13,Occupied,2026-06-28T00:23:23.323161+00:00,2223,car,0.7278789281845093,4799,63.360443115234375,311.3561706542969,112.0684814453125,332.8437805175781
2026-06-28T00:31:22.266848+00:00,spot_14,Spot 14,Empty,2026-06-28T00:28:21.780198+00:00,,,,,,,,
2026-06-28T00:31:22.266848+00:00,spot_15,Spot 15,Empty,2026-06-28T00:29:22.432600+00:00,,,,,,,,
2026-06-28T00:31:22.266848+00:00,spot_16,Spot 16,Occupied,2026-06-28T00:14:23.514675+00:00,2136,car,0.8456146121025085,9899,33.49681854248047,308.37921142578125,64.87667083740234,328.10308837890625
2026-06-28T00:31:22.266848+00:00,spot_17,Spot 17,Empty,2026-06-27T23:10:22.647728+00:00,,,,,,,,
2026-06-28T00:32:23.552877+00:00,spot_1,Spot 1,Occupied,2026-06-28T00:30:23.250675+00:00,2278,car,0.6950274705886841,121,565.669921875,310.7706298828125,615.98095703125,373.9788818359375
2026-06-28T00:32:23.552877+00:00,spot_2,Spot 2,Occupied,2026-06-28T00:30:23.250675+00:00,2193,car,0.8258785605430603,6301,502.8997802734375,319.2108154296875,548.3487548828125,363.7935791015625
2026-06-28T00:32:23.552877+00:00,spot_3,Spot 3,Empty,2026-06-27T22:45:22.600760+00:00,,,,,,,,
2026-06-28T00:32:23.552877+00:00,spot_4,Spot 4,Empty,2026-06-27T23:10:22.647728+00:00,,,,,,,,
2026-06-28T00:32:23.552877+00:00,spot_5,Spot 5,Occupied,2026-06-28T00:22:22.983455+00:00,2242,car,0.8538294434547424,3300,334.100830078125,320.4522705078125,399.999755859375,360.3094482421875
2026-06-28T00:32:23.552877+00:00,spot_6,Spot 6,Occupied,2026-06-27T20:54:22.350568+00:00,2102,car,0.8455814123153687,14159,286.4007568359375,323.1668701171875,341.8021240234375,357.614013671875
2026-06-28T00:32:23.552877+00:00,spot_7,Spot 7,Empty,2026-06-27T23:49:21.673139+00:00,,,,,,,,
2026-06-28T00:32:23.552877+00:00,spot_8,Spot 8,Occupied,2026-06-28T00:10:23.901515+00:00,2266,car,0.868878185749054,1320,213.37042236328125,321.135009765625,272.4737548828125,350.171875
2026-06-28T00:32:23.552877+00:00,spot_9,Spot 9,Empty,2026-06-27T23:58:21.469762+00:00,,,,,,,,
2026-06-28T00:32:23.552877+00:00,spot_10,Spot 10,Empty,2026-06-28T00:10:23.901515+00:00,,,,,,,,
2026-06-28T00:32:23.552877+00:00,spot_11,Spot 11,Empty,2026-06-28T00:12:24.183484+00:00,,,,,,,,
2026-06-28T00:32:23.552877+00:00,spot_12,Spot 12,Empty,2026-06-28T00:07:24.795014+00:00,,,,,,,,
2026-06-28T00:32:23.552877+00:00,spot_13,Spot 13,Occupied,2026-06-28T00:23:23.323161+00:00,2223,car,0.6195805072784424,4861,62.13820266723633,311.4617919921875,111.99732971191406,332.250732421875
2026-06-28T00:32:23.552877+00:00,spot_14,Spot 14,Empty,2026-06-28T00:28:21.780198+00:00,,,,,,,,
2026-06-28T00:32:23.552877+00:00,spot_15,Spot 15,Empty,2026-06-28T00:29:22.432600+00:00,,,,,,,,
2026-06-28T00:32:23.552877+00:00,spot_16,Spot 16,Occupied,2026-06-28T00:14:23.514675+00:00,2136,car,0.5679256319999695,9960,31.254066467285156,308.2303466796875,63.368263244628906,328.0562744140625
2026-06-28T00:32:23.552877+00:00,spot_17,Spot 17,Empty,2026-06-27T23:10:22.647728+00:00,,,,,,,,
2026-06-28T00:33:28.391885+00:00,spot_1,Spot 1,Occupied,2026-06-28T00:33:28.391885+00:00,2271,truck,0.3889767825603485,1027,566.5715942382812,310.4722595214844,615.4104614257812,374.1049499511719
2026-06-28T00:33:28.391885+00:00,spot_2,Spot 2,Occupied,2026-06-28T00:30:23.250675+00:00,2193,car,0.6753060221672058,6369,502.18951416015625,320.58050537109375,548.3692016601562,364.79254150390625
2026-06-28T00:33:28.391885+00:00,spot_3,Spot 3,Empty,2026-06-27T22:45:22.600760+00:00,,,,,,,,
2026-06-28T00:33:28.391885+00:00,spot_4,Spot 4,Empty,2026-06-27T23:10:22.647728+00:00,,,,,,,,
2026-06-28T00:33:28.391885+00:00,spot_5,Spot 5,Occupied,2026-06-28T00:22:22.983455+00:00,2242,car,0.770621657371521,3368,333.3311767578125,320.15185546875,398.5203857421875,360.7281494140625
2026-06-28T00:33:28.391885+00:00,spot_6,Spot 6,Occupied,2026-06-27T20:54:22.350568+00:00,2102,car,0.800813615322113,14227,286.17535400390625,323.6497802734375,347.32257080078125,357.58056640625
2026-06-28T00:33:28.391885+00:00,spot_7,Spot 7,Empty,2026-06-27T23:49:21.673139+00:00,,,,,,,,
2026-06-28T00:33:28.391885+00:00,spot_8,Spot 8,Occupied,2026-06-28T00:10:23.901515+00:00,2266,car,0.803144097328186,1388,213.58645629882812,320.63226318359375,271.4499816894531,350.3463134765625
2026-06-28T00:33:28.391885+00:00,spot_9,Spot 9,Empty,2026-06-27T23:58:21.469762+00:00,,,,,,,,
2026-06-28T00:33:28.391885+00:00,spot_10,Spot 10,Empty,2026-06-28T00:10:23.901515+00:00,,,,,,,,
2026-06-28T00:33:28.391885+00:00,spot_11,Spot 11,Empty,2026-06-28T00:12:24.183484+00:00,,,,,,,,
2026-06-28T00:33:28.391885+00:00,spot_12,Spot 12,Empty,2026-06-28T00:07:24.795014+00:00,,,,,,,,
2026-06-28T00:33:28.391885+00:00,spot_13,Spot 13,Occupied,2026-06-28T00:23:23.323161+00:00,2223,car,0.4442252218723297,4929,63.27479553222656,311.892822265625,111.88642883300781,330.469482421875
2026-06-28T00:33:28.391885+00:00,spot_14,Spot 14,Empty,2026-06-28T00:28:21.780198+00:00,,,,,,,,
2026-06-28T00:33:28.391885+00:00,spot_15,Spot 15,Empty,2026-06-28T00:29:22.432600+00:00,,,,,,,,
2026-06-28T00:33:28.391885+00:00,spot_16,Spot 16,Occupied,2026-06-28T00:33:28.391885+00:00,2279,truck,0.39338958263397217,0,34.85491943359375,308.5292053222656,63.08534240722656,328.2152404785156
2026-06-28T00:33:28.391885+00:00,spot_17,Spot 17,Empty,2026-06-27T23:10:22.647728+00:00,,,,,,,,
2026-06-28T00:34:22.984879+00:00,spot_1,Spot 1,Occupied,2026-06-28T00:33:28.391885+00:00,2271,truck,0.7149352431297302,1080,566.2890014648438,310.2908935546875,617.5120239257812,373.98980712890625
2026-06-28T00:34:22.984879+00:00,spot_2,Spot 2,Occupied,2026-06-28T00:30:23.250675+00:00,2193,car,0.7854883074760437,6422,502.1468505859375,319.3310852050781,548.180419921875,364.7994079589844
2026-06-28T00:34:22.984879+00:00,spot_3,Spot 3,Empty,2026-06-27T22:45:22.600760+00:00,,,,,,,,
2026-06-28T00:34:22.984879+00:00,spot_4,Spot 4,Empty,2026-06-27T23:10:22.647728+00:00,,,,,,,,
2026-06-28T00:34:22.984879+00:00,spot_5,Spot 5,Occupied,2026-06-28T00:22:22.983455+00:00,2242,car,0.8462055325508118,3421,333.2059326171875,320.6180114746094,400.04833984375,360.6262512207031
2026-06-28T00:34:22.984879+00:00,spot_6,Spot 6,Occupied,2026-06-27T20:54:22.350568+00:00,2102,car,0.8449646830558777,14281,286.66424560546875,323.35076904296875,338.50885009765625,357.45550537109375
2026-06-28T00:34:22.984879+00:00,spot_7,Spot 7,Empty,2026-06-27T23:49:21.673139+00:00,,,,,,,,
2026-06-28T00:34:22.984879+00:00,spot_8,Spot 8,Occupied,2026-06-28T00:10:23.901515+00:00,2266,car,0.8707961440086365,1441,213.56179809570312,320.623291015625,272.7303161621094,350.255615234375
2026-06-28T00:34:22.984879+00:00,spot_9,Spot 9,Empty,2026-06-27T23:58:21.469762+00:00,,,,,,,,
2026-06-28T00:34:22.984879+00:00,spot_10,Spot 10,Empty,2026-06-28T00:10:23.901515+00:00,,,,,,,,
2026-06-28T00:34:22.984879+00:00,spot_11,Spot 11,Empty,2026-06-28T00:12:24.183484+00:00,,,,,,,,
2026-06-28T00:34:22.984879+00:00,spot_12,Spot 12,Empty,2026-06-28T00:07:24.795014+00:00,,,,,,,,
2026-06-28T00:34:22.984879+00:00,spot_13,Spot 13,Occupied,2026-06-28T00:23:23.323161+00:00,2223,car,0.6907634735107422,4982,71.53242492675781,312.4866943359375,112.37477111816406,332.6949462890625
2026-06-28T00:34:22.984879+00:00,spot_14,Spot 14,Occupied,2026-06-28T00:34:22.984879+00:00,2280,car,0.419624000787735,0,63.54672622680664,311.2622985839844,87.28448486328125,329.8016662597656
2026-06-28T00:34:22.984879+00:00,spot_15,Spot 15,Empty,2026-06-28T00:29:22.432600+00:00,,,,,,,,
2026-06-28T00:34:22.984879+00:00,spot_16,Spot 16,Occupied,2026-06-28T00:34:22.984879+00:00,2136,car,0.7383219003677368,10081,31.947845458984375,308.234130859375,65.32534790039062,328.2322998046875
2026-06-28T00:34:22.984879+00:00,spot_17,Spot 17,Empty,2026-06-27T23:10:22.647728+00:00,,,,,,,,
2026-06-28T00:35:22.902454+00:00,spot_1,Spot 1,Occupied,2026-06-28T00:33:28.391885+00:00,2271,truck,0.66603684425354,1138,567.0751953125,309.878662109375,618.21484375,374.5364990234375
2026-06-28T00:35:22.902454+00:00,spot_2,Spot 2,Occupied,2026-06-28T00:35:22.902454+00:00,2282,truck,0.5247045755386353,0,502.11834716796875,319.72039794921875,549.2993774414062,364.09649658203125
2026-06-28T00:35:22.902454+00:00,spot_3,Spot 3,Empty,2026-06-27T22:45:22.600760+00:00,,,,,,,,
2026-06-28T00:35:22.902454+00:00,spot_4,Spot 4,Empty,2026-06-27T23:10:22.647728+00:00,,,,,,,,
2026-06-28T00:35:22.902454+00:00,spot_5,Spot 5,Occupied,2026-06-28T00:35:22.902454+00:00,2281,truck,0.5944331288337708,0,333.620361328125,320.0797119140625,399.5662841796875,359.74267578125
2026-06-28T00:35:22.902454+00:00,spot_6,Spot 6,Occupied,2026-06-27T20:54:22.350568+00:00,2102,car,0.7535022497177124,14339,285.9977111816406,323.60382080078125,337.3368835449219,357.20111083984375
2026-06-28T00:35:22.902454+00:00,spot_7,Spot 7,Empty,2026-06-27T23:49:21.673139+00:00,,,,,,,,
2026-06-28T00:35:22.902454+00:00,spot_8,Spot 8,Occupied,2026-06-28T00:10:23.901515+00:00,2266,car,0.8549288511276245,1500,213.19720458984375,320.2809753417969,271.70068359375,350.1500549316406
2026-06-28T00:35:22.902454+00:00,spot_9,Spot 9,Empty,2026-06-27T23:58:21.469762+00:00,,,,,,,,
2026-06-28T00:35:22.902454+00:00,spot_10,Spot 10,Empty,2026-06-28T00:10:23.901515+00:00,,,,,,,,
2026-06-28T00:35:22.902454+00:00,spot_11,Spot 11,Empty,2026-06-28T00:12:24.183484+00:00,,,,,,,,
2026-06-28T00:35:22.902454+00:00,spot_12,Spot 12,Empty,2026-06-28T00:07:24.795014+00:00,,,,,,,,
2026-06-28T00:35:22.902454+00:00,spot_13,Spot 13,Empty,2026-06-28T00:35:22.902454+00:00,,,,,,,,
2026-06-28T00:35:22.902454+00:00,spot_14,Spot 14,Empty,2026-06-28T00:35:22.902454+00:00,,,,,,,,
2026-06-28T00:35:22.902454+00:00,spot_15,Spot 15,Empty,2026-06-28T00:29:22.432600+00:00,,,,,,,,
2026-06-28T00:35:22.902454+00:00,spot_16,Spot 16,Occupied,2026-06-28T00:35:22.902454+00:00,2279,truck,0.4476194679737091,111,32.35626983642578,308.23846435546875,61.64100646972656,328.35540771484375
2026-06-28T00:35:22.902454+00:00,spot_17,Spot 17,Empty,2026-06-27T23:10:22.647728+00:00,,,,,,,,
2026-06-28T00:36:22.566457+00:00,spot_1,Spot 1,Occupied,2026-06-28T00:33:28.391885+00:00,2271,truck,0.4199921786785126,1197,566.7445068359375,310.7822265625,615.7872314453125,373.7606201171875
2026-06-28T00:36:22.566457+00:00,spot_2,Spot 2,Occupied,2026-06-28T00:36:22.566457+00:00,2193,car,0.791478157043457,6539,502.1786193847656,319.4615173339844,548.2271728515625,364.4356384277344
2026-06-28T00:36:22.566457+00:00,spot_3,Spot 3,Empty,2026-06-27T22:45:22.600760+00:00,,,,,,,,
2026-06-28T00:36:22.566457+00:00,spot_4,Spot 4,Empty,2026-06-27T23:10:22.647728+00:00,,,,,,,,
2026-06-28T00:36:22.566457+00:00,spot_5,Spot 5,Occupied,2026-06-28T00:36:22.566457+00:00,2242,car,0.8459199070930481,3539,333.861572265625,320.8171691894531,399.21478271484375,360.3670349121094
2026-06-28T00:36:22.566457+00:00,spot_6,Spot 6,Occupied,2026-06-27T20:54:22.350568+00:00,2102,car,0.8506167531013489,14398,285.9144592285156,324.0383605957031,340.0025939941406,357.3457336425781
2026-06-28T00:36:22.566457+00:00,spot_7,Spot 7,Empty,2026-06-27T23:49:21.673139+00:00,,,,,,,,
2026-06-28T00:36:22.566457+00:00,spot_8,Spot 8,Occupied,2026-06-28T00:10:23.901515+00:00,2266,car,0.8964056372642517,1559,213.0860595703125,321.3415222167969,272.4737548828125,349.6490783691406
2026-06-28T00:36:22.566457+00:00,spot_9,Spot 9,Empty,2026-06-27T23:58:21.469762+00:00,,,,,,,,
2026-06-28T00:36:22.566457+00:00,spot_10,Spot 10,Empty,2026-06-28T00:10:23.901515+00:00,,,,,,,,
2026-06-28T00:36:22.566457+00:00,spot_11,Spot 11,Empty,2026-06-28T00:12:24.183484+00:00,,,,,,,,
2026-06-28T00:36:22.566457+00:00,spot_12,Spot 12,Empty,2026-06-28T00:07:24.795014+00:00,,,,,,,,
2026-06-28T00:36:22.566457+00:00,spot_13,Spot 13,Occupied,2026-06-28T00:36:22.566457+00:00,2223,car,0.4394931197166443,5099,62.76457977294922,311.3687744140625,112.02629852294922,332.740966796875
2026-06-28T00:36:22.566457+00:00,spot_14,Spot 14,Empty,2026-06-28T00:35:22.902454+00:00,,,,,,,,
2026-06-28T00:36:22.566457+00:00,spot_15,Spot 15,Empty,2026-06-28T00:29:22.432600+00:00,,,,,,,,
2026-06-28T00:36:22.566457+00:00,spot_16,Spot 16,Occupied,2026-06-28T00:36:22.566457+00:00,2136,car,0.5629969835281372,10198,32.30299377441406,308.668701171875,63.452362060546875,328.234130859375
2026-06-28T00:36:22.566457+00:00,spot_17,Spot 17,Empty,2026-06-27T23:10:22.647728+00:00,,,,,,,,
2026-06-28T00:37:21.928999+00:00,spot_1,Spot 1,Occupied,2026-06-28T00:33:28.391885+00:00,2271,truck,0.6600161790847778,1257,565.9989013671875,310.1677551269531,617.6719970703125,374.7505798339844
2026-06-28T00:37:21.928999+00:00,spot_2,Spot 2,Occupied,2026-06-28T00:36:22.566457+00:00,2193,car,0.6948790550231934,6600,501.9973449707031,318.8297119140625,548.85888671875,364.21246337890625
2026-06-28T00:37:21.928999+00:00,spot_3,Spot 3,Empty,2026-06-27T22:45:22.600760+00:00,,,,,,,,
2026-06-28T00:37:21.928999+00:00,spot_4,Spot 4,Empty,2026-06-27T23:10:22.647728+00:00,,,,,,,,
2026-06-28T00:37:21.928999+00:00,spot_5,Spot 5,Occupied,2026-06-28T00:36:22.566457+00:00,2242,car,0.6319372653961182,3599,333.58880615234375,320.683837890625,400.11810302734375,360.2945556640625
2026-06-28T00:37:21.928999+00:00,spot_6,Spot 6,Occupied,2026-06-27T20:54:22.350568+00:00,2102,car,0.8398005366325378,14458,286.4375915527344,323.1700439453125,339.2157897949219,357.315673828125
2026-06-28T00:37:21.928999+00:00,spot_7,Spot 7,Empty,2026-06-27T23:49:21.673139+00:00,,,,,,,,
2026-06-28T00:37:21.928999+00:00,spot_8,Spot 8,Occupied,2026-06-28T00:10:23.901515+00:00,2266,car,0.8774768710136414,1619,213.45166015625,321.0210266113281,272.4307861328125,349.8226013183594
2026-06-28T00:37:21.928999+00:00,spot_9,Spot 9,Empty,2026-06-27T23:58:21.469762+00:00,,,,,,,,
2026-06-28T00:37:21.928999+00:00,spot_10,Spot 10,Empty,2026-06-28T00:10:23.901515+00:00,,,,,,,,
2026-06-28T00:37:21.928999+00:00,spot_11,Spot 11,Empty,2026-06-28T00:12:24.183484+00:00,,,,,,,,
2026-06-28T00:37:21.928999+00:00,spot_12,Spot 12,Empty,2026-06-28T00:07:24.795014+00:00,,,,,,,,
2026-06-28T00:37:21.928999+00:00,spot_13,Spot 13,Occupied,2026-06-28T00:36:22.566457+00:00,2223,car,0.4770612120628357,5159,70.75712585449219,312.49761962890625,112.22579956054688,332.51544189453125
2026-06-28T00:37:21.928999+00:00,spot_14,Spot 14,Occupied,2026-06-28T00:37:21.928999+00:00,2280,car,0.396294504404068,177,63.25630187988281,311.1739501953125,87.52021789550781,329.470458984375
2026-06-28T00:37:21.928999+00:00,spot_15,Spot 15,Empty,2026-06-28T00:29:22.432600+00:00,,,,,,,,
2026-06-28T00:37:21.928999+00:00,spot_16,Spot 16,Occupied,2026-06-28T00:36:22.566457+00:00,2136,car,0.6433768272399902,10259,32.053497314453125,308.46875,64.46907806396484,328.158935546875
2026-06-28T00:37:21.928999+00:00,spot_17,Spot 17,Empty,2026-06-27T23:10:22.647728+00:00,,,,,,,,
2026-06-28T00:38:22.645035+00:00,spot_1,Spot 1,Occupied,2026-06-28T00:33:28.391885+00:00,2271,truck,0.775964617729187,1318,566.987060546875,310.37042236328125,616.50244140625,374.08343505859375
2026-06-28T00:38:22.645035+00:00,spot_2,Spot 2,Occupied,2026-06-28T00:38:22.645035+00:00,2282,truck,0.45128944516181946,179,502.06988525390625,319.3953857421875,546.3458862304688,363.76708984375
2026-06-28T00:38:22.645035+00:00,spot_3,Spot 3,Empty,2026-06-27T22:45:22.600760+00:00,,,,,,,,
2026-06-28T00:38:22.645035+00:00,spot_4,Spot 4,Empty,2026-06-27T23:10:22.647728+00:00,,,,,,,,
2026-06-28T00:38:22.645035+00:00,spot_5,Spot 5,Occupied,2026-06-28T00:36:22.566457+00:00,2242,car,0.8289132714271545,3659,333.89886474609375,320.6715087890625,399.48370361328125,360.1922607421875
2026-06-28T00:38:22.645035+00:00,spot_6,Spot 6,Occupied,2026-06-27T20:54:22.350568+00:00,2102,car,0.8239871859550476,14519,286.15509033203125,323.7801513671875,340.41070556640625,357.077392578125
2026-06-28T00:38:22.645035+00:00,spot_7,Spot 7,Empty,2026-06-27T23:49:21.673139+00:00,,,,,,,,
2026-06-28T00:38:22.645035+00:00,spot_8,Spot 8,Occupied,2026-06-28T00:10:23.901515+00:00,2266,car,0.8714565634727478,1679,213.52188110351562,321.18096923828125,273.04949951171875,350.07867431640625
2026-06-28T00:38:22.645035+00:00,spot_9,Spot 9,Empty,2026-06-27T23:58:21.469762+00:00,,,,,,,,
2026-06-28T00:38:22.645035+00:00,spot_10,Spot 10,Empty,2026-06-28T00:10:23.901515+00:00,,,,,,,,
2026-06-28T00:38:22.645035+00:00,spot_11,Spot 11,Empty,2026-06-28T00:12:24.183484+00:00,,,,,,,,
2026-06-28T00:38:22.645035+00:00,spot_12,Spot 12,Empty,2026-06-28T00:07:24.795014+00:00,,,,,,,,
2026-06-28T00:38:22.645035+00:00,spot_13,Spot 13,Empty,2026-06-28T00:38:22.645035+00:00,,,,,,,,
2026-06-28T00:38:22.645035+00:00,spot_14,Spot 14,Empty,2026-06-28T00:38:22.645035+00:00,,,,,,,,
2026-06-28T00:38:22.645035+00:00,spot_15,Spot 15,Empty,2026-06-28T00:29:22.432600+00:00,,,,,,,,
2026-06-28T00:38:22.645035+00:00,spot_16,Spot 16,Occupied,2026-06-28T00:36:22.566457+00:00,2136,car,0.4463653266429901,10319,31.790283203125,308.5936279296875,64.76749420166016,328.04443359375
2026-06-28T00:38:22.645035+00:00,spot_17,Spot 17,Empty,2026-06-27T23:10:22.647728+00:00,,,,,,,,
2026-06-28T00:39:22.129313+00:00,spot_1,Spot 1,Occupied,2026-06-28T00:33:28.391885+00:00,2271,truck,0.775964617729187,1377,566.987060546875,310.37042236328125,616.50244140625,374.08343505859375
2026-06-28T00:39:22.129313+00:00,spot_2,Spot 2,Occupied,2026-06-28T00:38:22.645035+00:00,2282,truck,0.45128944516181946,238,502.06988525390625,319.3953857421875,546.3458862304688,363.76708984375
2026-06-28T00:39:22.129313+00:00,spot_3,Spot 3,Empty,2026-06-27T22:45:22.600760+00:00,,,,,,,,
2026-06-28T00:39:22.129313+00:00,spot_4,Spot 4,Empty,2026-06-27T23:10:22.647728+00:00,,,,,,,,
2026-06-28T00:39:22.129313+00:00,spot_5,Spot 5,Occupied,2026-06-28T00:36:22.566457+00:00,2242,car,0.8289132714271545,3718,333.89886474609375,320.6715087890625,399.48370361328125,360.1922607421875
2026-06-28T00:39:22.129313+00:00,spot_6,Spot 6,Occupied,2026-06-27T20:54:22.350568+00:00,2102,car,0.8239871859550476,14578,286.15509033203125,323.7801513671875,340.41070556640625,357.077392578125
2026-06-28T00:39:22.129313+00:00,spot_7,Spot 7,Empty,2026-06-27T23:49:21.673139+00:00,,,,,,,,
2026-06-28T00:39:22.129313+00:00,spot_8,Spot 8,Occupied,2026-06-28T00:10:23.901515+00:00,2266,car,0.8714565634727478,1738,213.52188110351562,321.18096923828125,273.04949951171875,350.07867431640625
2026-06-28T00:39:22.129313+00:00,spot_9,Spot 9,Empty,2026-06-27T23:58:21.469762+00:00,,,,,,,,
2026-06-28T00:39:22.129313+00:00,spot_10,Spot 10,Empty,2026-06-28T00:10:23.901515+00:00,,,,,,,,
2026-06-28T00:39:22.129313+00:00,spot_11,Spot 11,Empty,2026-06-28T00:12:24.183484+00:00,,,,,,,,
2026-06-28T00:39:22.129313+00:00,spot_12,Spot 12,Empty,2026-06-28T00:07:24.795014+00:00,,,,,,,,
2026-06-28T00:39:22.129313+00:00,spot_13,Spot 13,Empty,2026-06-28T00:38:22.645035+00:00,,,,,,,,
2026-06-28T00:39:22.129313+00:00,spot_14,Spot 14,Empty,2026-06-28T00:38:22.645035+00:00,,,,,,,,
2026-06-28T00:39:22.129313+00:00,spot_15,Spot 15,Empty,2026-06-28T00:29:22.432600+00:00,,,,,,,,
2026-06-28T00:39:22.129313+00:00,spot_16,Spot 16,Occupied,2026-06-28T00:36:22.566457+00:00,2136,car,0.4463653266429901,10378,31.790283203125,308.5936279296875,64.76749420166016,328.04443359375
2026-06-28T00:39:22.129313+00:00,spot_17,Spot 17,Empty,2026-06-27T23:10:22.647728+00:00,,,,,,,,
2026-06-28T00:40:23.007320+00:00,spot_1,Spot 1,Occupied,2026-06-28T00:40:23.007320+00:00,2283,bus,0.35837388038635254,0,566.402587890625,310.28594970703125,617.066650390625,374.16888427734375
2026-06-28T00:40:23.007320+00:00,spot_2,Spot 2,Occupied,2026-06-28T00:40:23.007320+00:00,2193,car,0.8280095458030701,6780,501.983642578125,319.19610595703125,546.6226806640625,364.6331787109375
2026-06-28T00:40:23.007320+00:00,spot_3,Spot 3,Empty,2026-06-27T22:45:22.600760+00:00,,,,,,,,
2026-06-28T00:40:23.007320+00:00,spot_4,Spot 4,Empty,2026-06-27T23:10:22.647728+00:00,,,,,,,,
2026-06-28T00:40:23.007320+00:00,spot_5,Spot 5,Occupied,2026-06-28T00:36:22.566457+00:00,2242,car,0.8127766251564026,3779,332.0196533203125,320.6890869140625,400.0966796875,360.2744140625
2026-06-28T00:40:23.007320+00:00,spot_6,Spot 6,Occupied,2026-06-27T20:54:22.350568+00:00,2102,car,0.804590106010437,14638,286.343505859375,323.6340637207031,339.816650390625,357.7899475097656
2026-06-28T00:40:23.007320+00:00,spot_7,Spot 7,Empty,2026-06-27T23:49:21.673139+00:00,,,,,,,,
2026-06-28T00:40:23.007320+00:00,spot_8,Spot 8,Occupied,2026-06-28T00:10:23.901515+00:00,2266,car,0.8858926892280579,1799,213.30181884765625,320.453125,273.0670471191406,350.2686767578125
2026-06-28T00:40:23.007320+00:00,spot_9,Spot 9,Empty,2026-06-27T23:58:21.469762+00:00,,,,,,,,
2026-06-28T00:40:23.007320+00:00,spot_10,Spot 10,Empty,2026-06-28T00:10:23.901515+00:00,,,,,,,,
2026-06-28T00:40:23.007320+00:00,spot_11,Spot 11,Empty,2026-06-28T00:12:24.183484+00:00,,,,,,,,
2026-06-28T00:40:23.007320+00:00,spot_12,Spot 12,Empty,2026-06-28T00:07:24.795014+00:00,,,,,,,,
2026-06-28T00:40:23.007320+00:00,spot_13,Spot 13,Empty,2026-06-28T00:38:22.645035+00:00,,,,,,,,
2026-06-28T00:40:23.007320+00:00,spot_14,Spot 14,Empty,2026-06-28T00:38:22.645035+00:00,,,,,,,,
2026-06-28T00:40:23.007320+00:00,spot_15,Spot 15,Empty,2026-06-28T00:29:22.432600+00:00,,,,,,,,
2026-06-28T00:40:23.007320+00:00,spot_16,Spot 16,Empty,2026-06-28T00:40:23.007320+00:00,,,,,,,,
2026-06-28T00:40:23.007320+00:00,spot_17,Spot 17,Empty,2026-06-27T23:10:22.647728+00:00,,,,,,,,
2026-06-28T00:41:23.862562+00:00,spot_1,Spot 1,Occupied,2026-06-28T00:41:23.862562+00:00,2271,truck,0.5937307476997375,1499,566.681396484375,310.29327392578125,618.1798095703125,374.03155517578125
2026-06-28T00:41:23.862562+00:00,spot_2,Spot 2,Occupied,2026-06-28T00:40:23.007320+00:00,2193,car,0.6977008581161499,6841,502.01910400390625,318.82379150390625,548.0559692382812,364.59271240234375
2026-06-28T00:41:23.862562+00:00,spot_3,Spot 3,Empty,2026-06-27T22:45:22.600760+00:00,,,,,,,,
2026-06-28T00:41:23.862562+00:00,spot_4,Spot 4,Empty,2026-06-27T23:10:22.647728+00:00,,,,,,,,
2026-06-28T00:41:23.862562+00:00,spot_5,Spot 5,Occupied,2026-06-28T00:36:22.566457+00:00,2242,car,0.8205388188362122,3841,333.4906311035156,320.43914794921875,399.9975891113281,360.09283447265625
2026-06-28T00:41:23.862562+00:00,spot_6,Spot 6,Occupied,2026-06-27T20:54:22.350568+00:00,2102,car,0.773850679397583,14700,286.2258605957031,324.3184509277344,342.1272888183594,357.1382141113281
2026-06-28T00:41:23.862562+00:00,spot_7,Spot 7,Empty,2026-06-27T23:49:21.673139+00:00,,,,,,,,
2026-06-28T00:41:23.862562+00:00,spot_8,Spot 8,Occupied,2026-06-28T00:10:23.901515+00:00,2266,car,0.8533027768135071,1861,213.08578491210938,320.18499755859375,272.3378601074219,349.74884033203125
2026-06-28T00:41:23.862562+00:00,spot_9,Spot 9,Empty,2026-06-27T23:58:21.469762+00:00,,,,,,,,
2026-06-28T00:41:23.862562+00:00,spot_10,Spot 10,Empty,2026-06-28T00:10:23.901515+00:00,,,,,,,,
2026-06-28T00:41:23.862562+00:00,spot_11,Spot 11,Empty,2026-06-28T00:12:24.183484+00:00,,,,,,,,
2026-06-28T00:41:23.862562+00:00,spot_12,Spot 12,Empty,2026-06-28T00:07:24.795014+00:00,,,,,,,,
2026-06-28T00:41:23.862562+00:00,spot_13,Spot 13,Occupied,2026-06-28T00:41:23.862562+00:00,2284,car,0.4282023310661316,0,70.95249938964844,312.7240295410156,112.13542175292969,332.5072326660156
2026-06-28T00:41:23.862562+00:00,spot_14,Spot 14,Empty,2026-06-28T00:38:22.645035+00:00,,,,,,,,
2026-06-28T00:41:23.862562+00:00,spot_15,Spot 15,Empty,2026-06-28T00:29:22.432600+00:00,,,,,,,,
2026-06-28T00:41:23.862562+00:00,spot_16,Spot 16,Empty,2026-06-28T00:40:23.007320+00:00,,,,,,,,
2026-06-28T00:41:23.862562+00:00,spot_17,Spot 17,Empty,2026-06-27T23:10:22.647728+00:00,,,,,,,,
2026-06-28T00:42:22.054695+00:00,spot_1,Spot 1,Occupied,2026-06-28T00:41:23.862562+00:00,2271,truck,0.4801442623138428,1558,566.44482421875,310.4008483886719,617.955810546875,374.3504943847656
2026-06-28T00:42:22.054695+00:00,spot_2,Spot 2,Occupied,2026-06-28T00:40:23.007320+00:00,2193,car,0.778724730014801,6900,502.0303955078125,319.30633544921875,549.1561279296875,364.31304931640625
2026-06-28T00:42:22.054695+00:00,spot_3,Spot 3,Empty,2026-06-27T22:45:22.600760+00:00,,,,,,,,
2026-06-28T00:42:22.054695+00:00,spot_4,Spot 4,Empty,2026-06-27T23:10:22.647728+00:00,,,,,,,,
2026-06-28T00:42:22.054695+00:00,spot_5,Spot 5,Occupied,2026-06-28T00:36:22.566457+00:00,2242,car,0.8768622279167175,3899,333.07135009765625,320.78326416015625,399.86260986328125,359.89385986328125
2026-06-28T00:42:22.054695+00:00,spot_6,Spot 6,Occupied,2026-06-27T20:54:22.350568+00:00,2102,car,0.8528923988342285,14758,286.5123596191406,324.157470703125,341.7856750488281,357.5670166015625
2026-06-28T00:42:22.054695+00:00,spot_7,Spot 7,Empty,2026-06-27T23:49:21.673139+00:00,,,,,,,,
2026-06-28T00:42:22.054695+00:00,spot_8,Spot 8,Occupied,2026-06-28T00:10:23.901515+00:00,2266,car,0.8992098569869995,1919,213.53543090820312,320.3577880859375,272.4278564453125,349.9256591796875
2026-06-28T00:42:22.054695+00:00,spot_9,Spot 9,Empty,2026-06-27T23:58:21.469762+00:00,,,,,,,,
2026-06-28T00:42:22.054695+00:00,spot_10,Spot 10,Empty,2026-06-28T00:10:23.901515+00:00,,,,,,,,
2026-06-28T00:42:22.054695+00:00,spot_11,Spot 11,Empty,2026-06-28T00:12:24.183484+00:00,,,,,,,,
2026-06-28T00:42:22.054695+00:00,spot_12,Spot 12,Empty,2026-06-28T00:07:24.795014+00:00,,,,,,,,
2026-06-28T00:42:22.054695+00:00,spot_13,Spot 13,Empty,2026-06-28T00:42:22.054695+00:00,,,,,,,,
2026-06-28T00:42:22.054695+00:00,spot_14,Spot 14,Occupied,2026-06-28T00:42:22.054695+00:00,2284,car,0.8469616770744324,58,62.05656814575195,311.3419494628906,98.65901184082031,329.2981262207031
2026-06-28T00:42:22.054695+00:00,spot_15,Spot 15,Empty,2026-06-28T00:29:22.432600+00:00,,,,,,,,
2026-06-28T00:42:22.054695+00:00,spot_16,Spot 16,Empty,2026-06-28T00:40:23.007320+00:00,,,,,,,,
2026-06-28T00:42:22.054695+00:00,spot_17,Spot 17,Empty,2026-06-27T23:10:22.647728+00:00,,,,,,,,
2026-06-28T00:43:22.836127+00:00,spot_1,Spot 1,Occupied,2026-06-28T00:41:23.862562+00:00,2271,truck,0.6283902525901794,1618,563.92041015625,310.116943359375,619.2923583984375,374.30499267578125
2026-06-28T00:43:22.836127+00:00,spot_2,Spot 2,Occupied,2026-06-28T00:40:23.007320+00:00,2193,car,0.5176875591278076,6960,502.1041564941406,319.1458740234375,549.0772705078125,364.22967529296875
2026-06-28T00:43:22.836127+00:00,spot_3,Spot 3,Empty,2026-06-27T22:45:22.600760+00:00,,,,,,,,
2026-06-28T00:43:22.836127+00:00,spot_4,Spot 4,Empty,2026-06-27T23:10:22.647728+00:00,,,,,,,,
2026-06-28T00:43:22.836127+00:00,spot_5,Spot 5,Occupied,2026-06-28T00:36:22.566457+00:00,2242,car,0.8923187255859375,3959,333.29742431640625,320.4587707519531,399.86712646484375,359.5672912597656
2026-06-28T00:43:22.836127+00:00,spot_6,Spot 6,Occupied,2026-06-27T20:54:22.350568+00:00,2102,car,0.8525221347808838,14818,286.3577575683594,323.9356689453125,338.4625549316406,357.1827392578125
2026-06-28T00:43:22.836127+00:00,spot_7,Spot 7,Empty,2026-06-27T23:49:21.673139+00:00,,,,,,,,
2026-06-28T00:43:22.836127+00:00,spot_8,Spot 8,Occupied,2026-06-28T00:10:23.901515+00:00,2266,car,0.8715361952781677,1979,213.19122314453125,320.62548828125,272.59100341796875,350.4188232421875
2026-06-28T00:43:22.836127+00:00,spot_9,Spot 9,Empty,2026-06-27T23:58:21.469762+00:00,,,,,,,,
2026-06-28T00:43:22.836127+00:00,spot_10,Spot 10,Empty,2026-06-28T00:10:23.901515+00:00,,,,,,,,
2026-06-28T00:43:22.836127+00:00,spot_11,Spot 11,Empty,2026-06-28T00:12:24.183484+00:00,,,,,,,,
2026-06-28T00:43:22.836127+00:00,spot_12,Spot 12,Empty,2026-06-28T00:07:24.795014+00:00,,,,,,,,
2026-06-28T00:43:22.836127+00:00,spot_13,Spot 13,Empty,2026-06-28T00:42:22.054695+00:00,,,,,,,,
2026-06-28T00:43:22.836127+00:00,spot_14,Spot 14,Occupied,2026-06-28T00:42:22.054695+00:00,2284,car,0.8450047373771667,118,59.29954528808594,310.47930908203125,97.9010009765625,329.34991455078125
2026-06-28T00:43:22.836127+00:00,spot_15,Spot 15,Empty,2026-06-28T00:29:22.432600+00:00,,,,,,,,
2026-06-28T00:43:22.836127+00:00,spot_16,Spot 16,Empty,2026-06-28T00:40:23.007320+00:00,,,,,,,,
2026-06-28T00:43:22.836127+00:00,spot_17,Spot 17,Empty,2026-06-27T23:10:22.647728+00:00,,,,,,,,
2026-06-28T00:44:22.549748+00:00,spot_1,Spot 1,Occupied,2026-06-28T00:41:23.862562+00:00,2271,truck,0.4362901449203491,1677,566.3966064453125,310.52459716796875,615.5987548828125,373.94317626953125
2026-06-28T00:44:22.549748+00:00,spot_2,Spot 2,Occupied,2026-06-28T00:40:23.007320+00:00,2193,car,0.8193554878234863,7020,501.9208068847656,319.385986328125,548.7073974609375,364.5557861328125
2026-06-28T00:44:22.549748+00:00,spot_3,Spot 3,Empty,2026-06-27T22:45:22.600760+00:00,,,,,,,,
2026-06-28T00:44:22.549748+00:00,spot_4,Spot 4,Empty,2026-06-27T23:10:22.647728+00:00,,,,,,,,
2026-06-28T00:44:22.549748+00:00,spot_5,Spot 5,Occupied,2026-06-28T00:36:22.566457+00:00,2242,car,0.8350834846496582,4019,333.7380065917969,320.5845947265625,399.3930969238281,359.7711181640625
2026-06-28T00:44:22.549748+00:00,spot_6,Spot 6,Occupied,2026-06-27T20:54:22.350568+00:00,2102,car,0.8386459350585938,14878,285.78326416015625,323.25616455078125,340.005859375,357.21624755859375
2026-06-28T00:44:22.549748+00:00,spot_7,Spot 7,Empty,2026-06-27T23:49:21.673139+00:00,,,,,,,,
2026-06-28T00:44:22.549748+00:00,spot_8,Spot 8,Occupied,2026-06-28T00:10:23.901515+00:00,2266,car,0.8541545867919922,2039,213.156005859375,320.95892333984375,272.84124755859375,350.0765380859375
2026-06-28T00:44:22.549748+00:00,spot_9,Spot 9,Empty,2026-06-27T23:58:21.469762+00:00,,,,,,,,
2026-06-28T00:44:22.549748+00:00,spot_10,Spot 10,Empty,2026-06-28T00:10:23.901515+00:00,,,,,,,,
2026-06-28T00:44:22.549748+00:00,spot_11,Spot 11,Empty,2026-06-28T00:12:24.183484+00:00,,,,,,,,
2026-06-28T00:44:22.549748+00:00,spot_12,Spot 12,Empty,2026-06-28T00:07:24.795014+00:00,,,,,,,,
2026-06-28T00:44:22.549748+00:00,spot_13,Spot 13,Empty,2026-06-28T00:42:22.054695+00:00,,,,,,,,
2026-06-28T00:44:22.549748+00:00,spot_14,Spot 14,Occupied,2026-06-28T00:42:22.054695+00:00,2284,car,0.8404362797737122,178,59.65793228149414,311.02294921875,98.4254150390625,329.46044921875
2026-06-28T00:44:22.549748+00:00,spot_15,Spot 15,Empty,2026-06-28T00:29:22.432600+00:00,,,,,,,,
2026-06-28T00:44:22.549748+00:00,spot_16,Spot 16,Empty,2026-06-28T00:40:23.007320+00:00,,,,,,,,
2026-06-28T00:44:22.549748+00:00,spot_17,Spot 17,Empty,2026-06-27T23:10:22.647728+00:00,,,,,,,,
2026-06-28T00:45:32.384377+00:00,spot_1,Spot 1,Occupied,2026-06-28T00:41:23.862562+00:00,2271,truck,0.6664448380470276,1749,565.915771484375,310.48773193359375,616.025634765625,374.01861572265625
2026-06-28T00:45:32.384377+00:00,spot_2,Spot 2,Occupied,2026-06-28T00:40:23.007320+00:00,2193,car,0.48123955726623535,7092,502.01904296875,319.1116027832031,548.2413330078125,364.5284118652344
2026-06-28T00:45:32.384377+00:00,spot_3,Spot 3,Empty,2026-06-27T22:45:22.600760+00:00,,,,,,,,
2026-06-28T00:45:32.384377+00:00,spot_4,Spot 4,Empty,2026-06-27T23:10:22.647728+00:00,,,,,,,,
2026-06-28T00:45:32.384377+00:00,spot_5,Spot 5,Occupied,2026-06-28T00:36:22.566457+00:00,2242,car,0.8606858849525452,4091,334.0634765625,320.70123291015625,400.0238037109375,360.2789306640625
2026-06-28T00:45:32.384377+00:00,spot_6,Spot 6,Occupied,2026-06-27T20:54:22.350568+00:00,2102,car,0.860925018787384,14950,285.6961669921875,323.5284423828125,337.76123046875,356.9649658203125
2026-06-28T00:45:32.384377+00:00,spot_7,Spot 7,Empty,2026-06-27T23:49:21.673139+00:00,,,,,,,,
2026-06-28T00:45:32.384377+00:00,spot_8,Spot 8,Occupied,2026-06-28T00:10:23.901515+00:00,2266,car,0.8605559468269348,2111,213.27880859375,320.97698974609375,272.85174560546875,350.2913818359375
2026-06-28T00:45:32.384377+00:00,spot_9,Spot 9,Empty,2026-06-27T23:58:21.469762+00:00,,,,,,,,
2026-06-28T00:45:32.384377+00:00,spot_10,Spot 10,Empty,2026-06-28T00:10:23.901515+00:00,,,,,,,,
2026-06-28T00:45:32.384377+00:00,spot_11,Spot 11,Empty,2026-06-28T00:12:24.183484+00:00,,,,,,,,
2026-06-28T00:45:32.384377+00:00,spot_12,Spot 12,Empty,2026-06-28T00:07:24.795014+00:00,,,,,,,,
2026-06-28T00:45:32.384377+00:00,spot_13,Spot 13,Empty,2026-06-28T00:42:22.054695+00:00,,,,,,,,
2026-06-28T00:45:32.384377+00:00,spot_14,Spot 14,Occupied,2026-06-28T00:42:22.054695+00:00,2284,car,0.8700369000434875,250,58.716087341308594,310.81378173828125,97.94071197509766,329.59503173828125
2026-06-28T00:45:32.384377+00:00,spot_15,Spot 15,Empty,2026-06-28T00:29:22.432600+00:00,,,,,,,,
2026-06-28T00:45:32.384377+00:00,spot_16,Spot 16,Empty,2026-06-28T00:40:23.007320+00:00,,,,,,,,
2026-06-28T00:45:32.384377+00:00,spot_17,Spot 17,Empty,2026-06-27T23:10:22.647728+00:00,,,,,,,,
2026-06-28T00:46:23.411932+00:00,spot_1,Spot 1,Occupied,2026-06-28T00:41:23.862562+00:00,2271,truck,0.4505341053009033,1798,565.89013671875,310.5787353515625,615.5498046875,373.8363037109375
2026-06-28T00:46:23.411932+00:00,spot_2,Spot 2,Occupied,2026-06-28T00:46:23.411932+00:00,2285,truck,0.46998414397239685,180,502.1337890625,319.28387451171875,549.0343017578125,364.51507568359375
2026-06-28T00:46:23.411932+00:00,spot_3,Spot 3,Empty,2026-06-27T22:45:22.600760+00:00,,,,,,,,
2026-06-28T00:46:23.411932+00:00,spot_4,Spot 4,Empty,2026-06-27T23:10:22.647728+00:00,,,,,,,,
2026-06-28T00:46:23.411932+00:00,spot_5,Spot 5,Occupied,2026-06-28T00:36:22.566457+00:00,2242,car,0.8521521687507629,4140,333.8619689941406,320.6968078613281,398.3748474121094,359.9601745605469
2026-06-28T00:46:23.411932+00:00,spot_6,Spot 6,Occupied,2026-06-27T20:54:22.350568+00:00,2102,car,0.8563904166221619,14999,286.279296875,323.30865478515625,337.29736328125,357.04730224609375
2026-06-28T00:46:23.411932+00:00,spot_7,Spot 7,Empty,2026-06-27T23:49:21.673139+00:00,,,,,,,,
2026-06-28T00:46:23.411932+00:00,spot_8,Spot 8,Occupied,2026-06-28T00:10:23.901515+00:00,2266,car,0.8854981064796448,2160,213.45205688476562,320.16278076171875,272.6110534667969,350.09320068359375
2026-06-28T00:46:23.411932+00:00,spot_9,Spot 9,Empty,2026-06-27T23:58:21.469762+00:00,,,,,,,,
2026-06-28T00:46:23.411932+00:00,spot_10,Spot 10,Empty,2026-06-28T00:10:23.901515+00:00,,,,,,,,
2026-06-28T00:46:23.411932+00:00,spot_11,Spot 11,Empty,2026-06-28T00:12:24.183484+00:00,,,,,,,,
2026-06-28T00:46:23.411932+00:00,spot_12,Spot 12,Empty,2026-06-28T00:07:24.795014+00:00,,,,,,,,
2026-06-28T00:46:23.411932+00:00,spot_13,Spot 13,Empty,2026-06-28T00:42:22.054695+00:00,,,,,,,,
2026-06-28T00:46:23.411932+00:00,spot_14,Spot 14,Occupied,2026-06-28T00:42:22.054695+00:00,2284,car,0.8532050251960754,299,58.616512298583984,310.6085205078125,97.81503295898438,329.33502197265625
2026-06-28T00:46:23.411932+00:00,spot_15,Spot 15,Empty,2026-06-28T00:29:22.432600+00:00,,,,,,,,
2026-06-28T00:46:23.411932+00:00,spot_16,Spot 16,Empty,2026-06-28T00:40:23.007320+00:00,,,,,,,,
2026-06-28T00:46:23.411932+00:00,spot_17,Spot 17,Empty,2026-06-27T23:10:22.647728+00:00,,,,,,,,
2026-06-28T00:47:22.158392+00:00,spot_1,Spot 1,Occupied,2026-06-28T00:41:23.862562+00:00,2271,truck,0.47575923800468445,1858,565.5755615234375,310.63153076171875,616.4595947265625,374.60931396484375
2026-06-28T00:47:22.158392+00:00,spot_2,Spot 2,Occupied,2026-06-28T00:47:22.158392+00:00,2193,car,0.8164827823638916,7200,502.27490234375,319.458251953125,548.8411865234375,363.8411865234375
2026-06-28T00:47:22.158392+00:00,spot_3,Spot 3,Empty,2026-06-27T22:45:22.600760+00:00,,,,,,,,
2026-06-28T00:47:22.158392+00:00,spot_4,Spot 4,Empty,2026-06-27T23:10:22.647728+00:00,,,,,,,,
2026-06-28T00:47:22.158392+00:00,spot_5,Spot 5,Occupied,2026-06-28T00:36:22.566457+00:00,2242,car,0.8585253357887268,4199,333.6828918457031,320.91607666015625,399.6492614746094,360.03643798828125
2026-06-28T00:47:22.158392+00:00,spot_6,Spot 6,Occupied,2026-06-27T20:54:22.350568+00:00,2102,car,0.8317897319793701,15058,285.78851318359375,323.5948486328125,342.69854736328125,357.3333740234375
2026-06-28T00:47:22.158392+00:00,spot_7,Spot 7,Empty,2026-06-27T23:49:21.673139+00:00,,,,,,,,
2026-06-28T00:47:22.158392+00:00,spot_8,Spot 8,Occupied,2026-06-28T00:10:23.901515+00:00,2266,car,0.8674609661102295,2219,212.87322998046875,320.32415771484375,272.99957275390625,349.76483154296875
2026-06-28T00:47:22.158392+00:00,spot_9,Spot 9,Empty,2026-06-27T23:58:21.469762+00:00,,,,,,,,
2026-06-28T00:47:22.158392+00:00,spot_10,Spot 10,Empty,2026-06-28T00:10:23.901515+00:00,,,,,,,,
2026-06-28T00:47:22.158392+00:00,spot_11,Spot 11,Empty,2026-06-28T00:12:24.183484+00:00,,,,,,,,
2026-06-28T00:47:22.158392+00:00,spot_12,Spot 12,Empty,2026-06-28T00:07:24.795014+00:00,,,,,,,,
2026-06-28T00:47:22.158392+00:00,spot_13,Spot 13,Empty,2026-06-28T00:42:22.054695+00:00,,,,,,,,
2026-06-28T00:47:22.158392+00:00,spot_14,Spot 14,Occupied,2026-06-28T00:42:22.054695+00:00,2284,car,0.831550657749176,358,58.89714050292969,311.1675720214844,97.62808227539062,329.5495910644531
2026-06-28T00:47:22.158392+00:00,spot_15,Spot 15,Empty,2026-06-28T00:29:22.432600+00:00,,,,,,,,
2026-06-28T00:47:22.158392+00:00,spot_16,Spot 16,Empty,2026-06-28T00:40:23.007320+00:00,,,,,,,,
2026-06-28T00:47:22.158392+00:00,spot_17,Spot 17,Empty,2026-06-27T23:10:22.647728+00:00,,,,,,,,
2026-06-28T00:48:21.276997+00:00,spot_1,Spot 1,Occupied,2026-06-28T00:41:23.862562+00:00,2271,truck,0.6991946697235107,1917,566.783203125,310.58447265625,615.4017333984375,374.36279296875
2026-06-28T00:48:21.276997+00:00,spot_2,Spot 2,Occupied,2026-06-28T00:48:21.276997+00:00,2285,truck,0.4284243881702423,299,501.8604736328125,318.8887634277344,549.156494140625,363.6836242675781
2026-06-28T00:48:21.276997+00:00,spot_3,Spot 3,Empty,2026-06-27T22:45:22.600760+00:00,,,,,,,,
2026-06-28T00:48:21.276997+00:00,spot_4,Spot 4,Empty,2026-06-27T23:10:22.647728+00:00,,,,,,,,
2026-06-28T00:48:21.276997+00:00,spot_5,Spot 5,Occupied,2026-06-28T00:36:22.566457+00:00,2242,car,0.8058642745018005,4258,334.2387390136719,320.6061706542969,399.8795471191406,360.1539611816406
2026-06-28T00:48:21.276997+00:00,spot_6,Spot 6,Occupied,2026-06-27T20:54:22.350568+00:00,2102,car,0.8591167330741882,15118,286.2593994140625,323.51165771484375,338.75439453125,357.04901123046875
2026-06-28T00:48:21.276997+00:00,spot_7,Spot 7,Empty,2026-06-27T23:49:21.673139+00:00,,,,,,,,
2026-06-28T00:48:21.276997+00:00,spot_8,Spot 8,Occupied,2026-06-28T00:10:23.901515+00:00,2266,car,0.8830226063728333,2278,212.25360107421875,320.943359375,272.8717346191406,350.06622314453125
2026-06-28T00:48:21.276997+00:00,spot_9,Spot 9,Empty,2026-06-27T23:58:21.469762+00:00,,,,,,,,
2026-06-28T00:48:21.276997+00:00,spot_10,Spot 10,Empty,2026-06-28T00:10:23.901515+00:00,,,,,,,,
2026-06-28T00:48:21.276997+00:00,spot_11,Spot 11,Empty,2026-06-28T00:12:24.183484+00:00,,,,,,,,
2026-06-28T00:48:21.276997+00:00,spot_12,Spot 12,Empty,2026-06-28T00:07:24.795014+00:00,,,,,,,,
2026-06-28T00:48:21.276997+00:00,spot_13,Spot 13,Empty,2026-06-28T00:42:22.054695+00:00,,,,,,,,
2026-06-28T00:48:21.276997+00:00,spot_14,Spot 14,Occupied,2026-06-28T00:42:22.054695+00:00,2284,car,0.8703479170799255,417,59.13572311401367,310.92095947265625,97.70231628417969,329.27838134765625
2026-06-28T00:48:21.276997+00:00,spot_15,Spot 15,Empty,2026-06-28T00:29:22.432600+00:00,,,,,,,,
2026-06-28T00:48:21.276997+00:00,spot_16,Spot 16,Empty,2026-06-28T00:40:23.007320+00:00,,,,,,,,
2026-06-28T00:48:21.276997+00:00,spot_17,Spot 17,Empty,2026-06-27T23:10:22.647728+00:00,,,,,,,,
2026-06-28T00:49:21.991282+00:00,spot_1,Spot 1,Occupied,2026-06-28T00:41:23.862562+00:00,2271,truck,0.5782977342605591,1978,566.6446533203125,310.67095947265625,616.4578857421875,374.22796630859375
2026-06-28T00:49:21.991282+00:00,spot_2,Spot 2,Occupied,2026-06-28T00:49:21.991282+00:00,2193,car,0.8260833024978638,7320,501.8150329589844,319.24993896484375,548.9600830078125,364.12469482421875
2026-06-28T00:49:21.991282+00:00,spot_3,Spot 3,Empty,2026-06-27T22:45:22.600760+00:00,,,,,,,,
2026-06-28T00:49:21.991282+00:00,spot_4,Spot 4,Empty,2026-06-27T23:10:22.647728+00:00,,,,,,,,
2026-06-28T00:49:21.991282+00:00,spot_5,Spot 5,Occupied,2026-06-28T00:36:22.566457+00:00,2242,car,0.8510278463363647,4319,334.15496826171875,320.72857666015625,399.59283447265625,360.08526611328125
2026-06-28T00:49:21.991282+00:00,spot_6,Spot 6,Occupied,2026-06-27T20:54:22.350568+00:00,2102,car,0.8500571846961975,15178,286.43621826171875,323.4430236816406,339.5772705078125,357.1643371582031
2026-06-28T00:49:21.991282+00:00,spot_7,Spot 7,Empty,2026-06-27T23:49:21.673139+00:00,,,,,,,,
2026-06-28T00:49:21.991282+00:00,spot_8,Spot 8,Occupied,2026-06-28T00:10:23.901515+00:00,2266,car,0.8844004273414612,2339,213.47586059570312,320.58721923828125,272.7728576660156,350.03704833984375
2026-06-28T00:49:21.991282+00:00,spot_9,Spot 9,Empty,2026-06-27T23:58:21.469762+00:00,,,,,,,,
2026-06-28T00:49:21.991282+00:00,spot_10,Spot 10,Empty,2026-06-28T00:10:23.901515+00:00,,,,,,,,
2026-06-28T00:49:21.991282+00:00,spot_11,Spot 11,Empty,2026-06-28T00:12:24.183484+00:00,,,,,,,,
2026-06-28T00:49:21.991282+00:00,spot_12,Spot 12,Empty,2026-06-28T00:07:24.795014+00:00,,,,,,,,
2026-06-28T00:49:21.991282+00:00,spot_13,Spot 13,Empty,2026-06-28T00:42:22.054695+00:00,,,,,,,,
2026-06-28T00:49:21.991282+00:00,spot_14,Spot 14,Occupied,2026-06-28T00:42:22.054695+00:00,2284,car,0.875461757183075,478,58.63534927368164,310.68865966796875,98.28707885742188,329.77154541015625
2026-06-28T00:49:21.991282+00:00,spot_15,Spot 15,Empty,2026-06-28T00:29:22.432600+00:00,,,,,,,,
2026-06-28T00:49:21.991282+00:00,spot_16,Spot 16,Empty,2026-06-28T00:40:23.007320+00:00,,,,,,,,
2026-06-28T00:49:21.991282+00:00,spot_17,Spot 17,Empty,2026-06-27T23:10:22.647728+00:00,,,,,,,,
2026-06-28T00:50:23.205197+00:00,spot_1,Spot 1,Occupied,2026-06-28T00:41:23.862562+00:00,2271,truck,0.5221439003944397,2038,566.9472045898438,309.52362060546875,615.8690795898438,373.72955322265625
2026-06-28T00:50:23.205197+00:00,spot_2,Spot 2,Occupied,2026-06-28T00:49:21.991282+00:00,2193,car,0.7935598492622375,7380,501.93035888671875,320.0562438964844,547.3737182617188,364.5367736816406
2026-06-28T00:50:23.205197+00:00,spot_3,Spot 3,Empty,2026-06-27T22:45:22.600760+00:00,,,,,,,,
2026-06-28T00:50:23.205197+00:00,spot_4,Spot 4,Empty,2026-06-27T23:10:22.647728+00:00,,,,,,,,
2026-06-28T00:50:23.205197+00:00,spot_5,Spot 5,Occupied,2026-06-28T00:36:22.566457+00:00,2242,car,0.4810052812099457,4380,333.45831298828125,320.7537841796875,395.57122802734375,360.2606201171875
2026-06-28T00:50:23.205197+00:00,spot_6,Spot 6,Occupied,2026-06-27T20:54:22.350568+00:00,2102,car,0.814534068107605,15239,286.0399169921875,322.95819091796875,345.0528564453125,356.99945068359375
2026-06-28T00:50:23.205197+00:00,spot_7,Spot 7,Empty,2026-06-27T23:49:21.673139+00:00,,,,,,,,
2026-06-28T00:50:23.205197+00:00,spot_8,Spot 8,Occupied,2026-06-28T00:10:23.901515+00:00,2266,car,0.8816706538200378,2400,213.42794799804688,320.75433349609375,272.7689208984375,349.91815185546875
2026-06-28T00:50:23.205197+00:00,spot_9,Spot 9,Empty,2026-06-27T23:58:21.469762+00:00,,,,,,,,
2026-06-28T00:50:23.205197+00:00,spot_10,Spot 10,Empty,2026-06-28T00:10:23.901515+00:00,,,,,,,,
2026-06-28T00:50:23.205197+00:00,spot_11,Spot 11,Empty,2026-06-28T00:12:24.183484+00:00,,,,,,,,
2026-06-28T00:50:23.205197+00:00,spot_12,Spot 12,Empty,2026-06-28T00:07:24.795014+00:00,,,,,,,,
2026-06-28T00:50:23.205197+00:00,spot_13,Spot 13,Empty,2026-06-28T00:42:22.054695+00:00,,,,,,,,
2026-06-28T00:50:23.205197+00:00,spot_14,Spot 14,Occupied,2026-06-28T00:42:22.054695+00:00,2284,car,0.729627788066864,539,60.398921966552734,311.7115478515625,98.23251342773438,329.2742919921875
2026-06-28T00:50:23.205197+00:00,spot_15,Spot 15,Empty,2026-06-28T00:29:22.432600+00:00,,,,,,,,
2026-06-28T00:50:23.205197+00:00,spot_16,Spot 16,Empty,2026-06-28T00:40:23.007320+00:00,,,,,,,,
2026-06-28T00:50:23.205197+00:00,spot_17,Spot 17,Empty,2026-06-27T23:10:22.647728+00:00,,,,,,,,
2026-06-28T00:51:23.076552+00:00,spot_1,Spot 1,Occupied,2026-06-28T00:41:23.862562+00:00,2271,truck,0.6844391226768494,2098,564.9923706054688,310.4249267578125,616.5859985351562,374.1966552734375
2026-06-28T00:51:23.076552+00:00,spot_2,Spot 2,Occupied,2026-06-28T00:49:21.991282+00:00,2193,car,0.7406505346298218,7440,501.6902160644531,319.90118408203125,548.237060546875,364.467041015625
2026-06-28T00:51:23.076552+00:00,spot_3,Spot 3,Empty,2026-06-27T22:45:22.600760+00:00,,,,,,,,
2026-06-28T00:51:23.076552+00:00,spot_4,Spot 4,Empty,2026-06-27T23:10:22.647728+00:00,,,,,,,,
2026-06-28T00:51:23.076552+00:00,spot_5,Spot 5,Occupied,2026-06-28T00:36:22.566457+00:00,2242,car,0.8415614366531372,4439,333.78802490234375,320.7338562011719,400.45941162109375,359.8277893066406
2026-06-28T00:51:23.076552+00:00,spot_6,Spot 6,Occupied,2026-06-27T20:54:22.350568+00:00,2102,car,0.8540846705436707,15299,285.94403076171875,322.67706298828125,337.92254638671875,358.07049560546875
2026-06-28T00:51:23.076552+00:00,spot_7,Spot 7,Empty,2026-06-27T23:49:21.673139+00:00,,,,,,,,
2026-06-28T00:51:23.076552+00:00,spot_8,Spot 8,Occupied,2026-06-28T00:10:23.901515+00:00,2266,car,0.8838045597076416,2459,213.21322631835938,321.4818420410156,271.8423767089844,350.0807800292969
2026-06-28T00:51:23.076552+00:00,spot_9,Spot 9,Empty,2026-06-27T23:58:21.469762+00:00,,,,,,,,
2026-06-28T00:51:23.076552+00:00,spot_10,Spot 10,Empty,2026-06-28T00:10:23.901515+00:00,,,,,,,,
2026-06-28T00:51:23.076552+00:00,spot_11,Spot 11,Empty,2026-06-28T00:12:24.183484+00:00,,,,,,,,
2026-06-28T00:51:23.076552+00:00,spot_12,Spot 12,Empty,2026-06-28T00:07:24.795014+00:00,,,,,,,,
2026-06-28T00:51:23.076552+00:00,spot_13,Spot 13,Empty,2026-06-28T00:42:22.054695+00:00,,,,,,,,
2026-06-28T00:51:23.076552+00:00,spot_14,Spot 14,Occupied,2026-06-28T00:42:22.054695+00:00,2284,car,0.7463369369506836,598,61.142066955566406,311.321044921875,97.2715835571289,329.4853515625
2026-06-28T00:51:23.076552+00:00,spot_15,Spot 15,Empty,2026-06-28T00:29:22.432600+00:00,,,,,,,,
2026-06-28T00:51:23.076552+00:00,spot_16,Spot 16,Empty,2026-06-28T00:40:23.007320+00:00,,,,,,,,
2026-06-28T00:51:23.076552+00:00,spot_17,Spot 17,Empty,2026-06-27T23:10:22.647728+00:00,,,,,,,,
2026-06-28T00:52:24.089096+00:00,spot_1,Spot 1,Occupied,2026-06-28T00:52:24.089096+00:00,2287,car,0.4503940939903259,0,565.87890625,310.26422119140625,616.600341796875,373.9866943359375
2026-06-28T00:52:24.089096+00:00,spot_2,Spot 2,Occupied,2026-06-28T00:49:21.991282+00:00,2193,car,0.7551122307777405,7502,502.07977294921875,319.3575439453125,547.1976928710938,364.192626953125
2026-06-28T00:52:24.089096+00:00,spot_3,Spot 3,Empty,2026-06-27T22:45:22.600760+00:00,,,,,,,,
2026-06-28T00:52:24.089096+00:00,spot_4,Spot 4,Empty,2026-06-27T23:10:22.647728+00:00,,,,,,,,
2026-06-28T00:52:24.089096+00:00,spot_5,Spot 5,Occupied,2026-06-28T00:36:22.566457+00:00,2242,car,0.8125248551368713,4501,334.03564453125,320.5523681640625,400.133056640625,359.6634521484375
2026-06-28T00:52:24.089096+00:00,spot_6,Spot 6,Occupied,2026-06-27T20:54:22.350568+00:00,2102,car,0.8629429340362549,15360,285.931396484375,323.23931884765625,338.0286865234375,357.01507568359375
2026-06-28T00:52:24.089096+00:00,spot_7,Spot 7,Empty,2026-06-27T23:49:21.673139+00:00,,,,,,,,
2026-06-28T00:52:24.089096+00:00,spot_8,Spot 8,Occupied,2026-06-28T00:10:23.901515+00:00,2266,car,0.8418610095977783,2521,213.65707397460938,321.9308166503906,271.01580810546875,350.0658874511719
2026-06-28T00:52:24.089096+00:00,spot_9,Spot 9,Empty,2026-06-27T23:58:21.469762+00:00,,,,,,,,
2026-06-28T00:52:24.089096+00:00,spot_10,Spot 10,Empty,2026-06-28T00:10:23.901515+00:00,,,,,,,,
2026-06-28T00:52:24.089096+00:00,spot_11,Spot 11,Empty,2026-06-28T00:12:24.183484+00:00,,,,,,,,
2026-06-28T00:52:24.089096+00:00,spot_12,Spot 12,Empty,2026-06-28T00:07:24.795014+00:00,,,,,,,,
2026-06-28T00:52:24.089096+00:00,spot_13,Spot 13,Empty,2026-06-28T00:42:22.054695+00:00,,,,,,,,
2026-06-28T00:52:24.089096+00:00,spot_14,Spot 14,Occupied,2026-06-28T00:42:22.054695+00:00,2284,car,0.8731767535209656,660,58.471771240234375,310.87164306640625,98.18144226074219,329.9371337890625
2026-06-28T00:52:24.089096+00:00,spot_15,Spot 15,Empty,2026-06-28T00:29:22.432600+00:00,,,,,,,,
2026-06-28T00:52:24.089096+00:00,spot_16,Spot 16,Empty,2026-06-28T00:40:23.007320+00:00,,,,,,,,
2026-06-28T00:52:24.089096+00:00,spot_17,Spot 17,Empty,2026-06-27T23:10:22.647728+00:00,,,,,,,,
2026-06-28T00:53:23.035159+00:00,spot_1,Spot 1,Occupied,2026-06-28T00:53:23.035159+00:00,2289,bus,0.3647651970386505,0,566.3550415039062,310.5721435546875,615.9384155273438,374.07098388671875
2026-06-28T00:53:23.035159+00:00,spot_2,Spot 2,Occupied,2026-06-28T00:53:23.035159+00:00,2288,truck,0.4376392662525177,0,502.07086181640625,319.405517578125,548.6082153320312,363.7857666015625
2026-06-28T00:53:23.035159+00:00,spot_3,Spot 3,Empty,2026-06-27T22:45:22.600760+00:00,,,,,,,,
2026-06-28T00:53:23.035159+00:00,spot_4,Spot 4,Empty,2026-06-27T23:10:22.647728+00:00,,,,,,,,
2026-06-28T00:53:23.035159+00:00,spot_5,Spot 5,Occupied,2026-06-28T00:36:22.566457+00:00,2242,car,0.861503541469574,4560,334.32611083984375,320.5299377441406,400.3453369140625,360.0909729003906
2026-06-28T00:53:23.035159+00:00,spot_6,Spot 6,Occupied,2026-06-27T20:54:22.350568+00:00,2102,car,0.8720178604125977,15420,286.261474609375,323.2832946777344,341.6068115234375,357.0145568847656
2026-06-28T00:53:23.035159+00:00,spot_7,Spot 7,Empty,2026-06-27T23:49:21.673139+00:00,,,,,,,,
2026-06-28T00:53:23.035159+00:00,spot_8,Spot 8,Occupied,2026-06-28T00:10:23.901515+00:00,2266,car,0.8643298149108887,2580,212.85824584960938,320.8543701171875,272.6373596191406,349.93670654296875
2026-06-28T00:53:23.035159+00:00,spot_9,Spot 9,Empty,2026-06-27T23:58:21.469762+00:00,,,,,,,,
2026-06-28T00:53:23.035159+00:00,spot_10,Spot 10,Empty,2026-06-28T00:10:23.901515+00:00,,,,,,,,
2026-06-28T00:53:23.035159+00:00,spot_11,Spot 11,Empty,2026-06-28T00:12:24.183484+00:00,,,,,,,,
2026-06-28T00:53:23.035159+00:00,spot_12,Spot 12,Empty,2026-06-28T00:07:24.795014+00:00,,,,,,,,
2026-06-28T00:53:23.035159+00:00,spot_13,Spot 13,Empty,2026-06-28T00:42:22.054695+00:00,,,,,,,,
2026-06-28T00:53:23.035159+00:00,spot_14,Spot 14,Occupied,2026-06-28T00:42:22.054695+00:00,2284,car,0.8640091419219971,719,58.38041687011719,310.62554931640625,98.35313415527344,329.40728759765625
2026-06-28T00:53:23.035159+00:00,spot_15,Spot 15,Empty,2026-06-28T00:29:22.432600+00:00,,,,,,,,
2026-06-28T00:53:23.035159+00:00,spot_16,Spot 16,Empty,2026-06-28T00:40:23.007320+00:00,,,,,,,,
2026-06-28T00:53:23.035159+00:00,spot_17,Spot 17,Empty,2026-06-27T23:10:22.647728+00:00,,,,,,,,
2026-06-28T00:54:23.231305+00:00,spot_1,Spot 1,Occupied,2026-06-28T00:54:23.231305+00:00,2271,truck,0.6568365097045898,2279,566.3619995117188,310.4815673828125,616.0730590820312,373.83013916015625
2026-06-28T00:54:23.231305+00:00,spot_2,Spot 2,Occupied,2026-06-28T00:54:23.231305+00:00,2193,car,0.7801887392997742,7621,501.8553161621094,319.455078125,547.8323974609375,364.0216064453125
2026-06-28T00:54:23.231305+00:00,spot_3,Spot 3,Empty,2026-06-27T22:45:22.600760+00:00,,,,,,,,
2026-06-28T00:54:23.231305+00:00,spot_4,Spot 4,Empty,2026-06-27T23:10:22.647728+00:00,,,,,,,,
2026-06-28T00:54:23.231305+00:00,spot_5,Spot 5,Occupied,2026-06-28T00:36:22.566457+00:00,2242,car,0.8385176658630371,4620,334.05828857421875,320.6468505859375,400.12689208984375,360.33447265625
2026-06-28T00:54:23.231305+00:00,spot_6,Spot 6,Occupied,2026-06-27T20:54:22.350568+00:00,2102,car,0.8853425979614258,15479,286.11981201171875,323.393798828125,338.37469482421875,357.312744140625
2026-06-28T00:54:23.231305+00:00,spot_7,Spot 7,Empty,2026-06-27T23:49:21.673139+00:00,,,,,,,,
2026-06-28T00:54:23.231305+00:00,spot_8,Spot 8,Occupied,2026-06-28T00:10:23.901515+00:00,2266,car,0.8763995170593262,2640,213.66241455078125,322.13800048828125,272.9547119140625,350.05865478515625
2026-06-28T00:54:23.231305+00:00,spot_9,Spot 9,Empty,2026-06-27T23:58:21.469762+00:00,,,,,,,,
2026-06-28T00:54:23.231305+00:00,spot_10,Spot 10,Empty,2026-06-28T00:10:23.901515+00:00,,,,,,,,
2026-06-28T00:54:23.231305+00:00,spot_11,Spot 11,Empty,2026-06-28T00:12:24.183484+00:00,,,,,,,,
2026-06-28T00:54:23.231305+00:00,spot_12,Spot 12,Empty,2026-06-28T00:07:24.795014+00:00,,,,,,,,
2026-06-28T00:54:23.231305+00:00,spot_13,Spot 13,Empty,2026-06-28T00:42:22.054695+00:00,,,,,,,,
2026-06-28T00:54:23.231305+00:00,spot_14,Spot 14,Occupied,2026-06-28T00:42:22.054695+00:00,2284,car,0.8617374300956726,779,58.503623962402344,310.2813720703125,98.59587860107422,329.90985107421875
2026-06-28T00:54:23.231305+00:00,spot_15,Spot 15,Empty,2026-06-28T00:29:22.432600+00:00,,,,,,,,
2026-06-28T00:54:23.231305+00:00,spot_16,Spot 16,Empty,2026-06-28T00:40:23.007320+00:00,,,,,,,,
2026-06-28T00:54:23.231305+00:00,spot_17,Spot 17,Empty,2026-06-27T23:10:22.647728+00:00,,,,,,,,
2026-06-28T00:55:30.992120+00:00,spot_1,Spot 1,Occupied,2026-06-28T00:55:30.992120+00:00,2290,car,0.4350554049015045,0,566.6295166015625,310.704345703125,616.9102783203125,374.1015625
2026-06-28T00:55:30.992120+00:00,spot_2,Spot 2,Occupied,2026-06-28T00:54:23.231305+00:00,2193,car,0.6896594762802124,7690,501.8335266113281,319.54638671875,547.9091796875,364.203125
2026-06-28T00:55:30.992120+00:00,spot_3,Spot 3,Empty,2026-06-27T22:45:22.600760+00:00,,,,,,,,
2026-06-28T00:55:30.992120+00:00,spot_4,Spot 4,Empty,2026-06-27T23:10:22.647728+00:00,,,,,,,,
2026-06-28T00:55:30.992120+00:00,spot_5,Spot 5,Occupied,2026-06-28T00:36:22.566457+00:00,2242,car,0.8155338168144226,4689,333.84881591796875,320.86883544921875,398.13214111328125,360.05657958984375
2026-06-28T00:55:30.992120+00:00,spot_6,Spot 6,Occupied,2026-06-27T20:54:22.350568+00:00,2102,car,0.8708271384239197,15548,286.5154724121094,323.62109375,337.3638610839844,356.9710693359375
2026-06-28T00:55:30.992120+00:00,spot_7,Spot 7,Empty,2026-06-27T23:49:21.673139+00:00,,,,,,,,
2026-06-28T00:55:30.992120+00:00,spot_8,Spot 8,Occupied,2026-06-28T00:10:23.901515+00:00,2266,car,0.8826494812965393,2709,213.38449096679688,320.5064392089844,272.657958984375,349.8906555175781
2026-06-28T00:55:30.992120+00:00,spot_9,Spot 9,Empty,2026-06-27T23:58:21.469762+00:00,,,,,,,,
2026-06-28T00:55:30.992120+00:00,spot_10,Spot 10,Empty,2026-06-28T00:10:23.901515+00:00,,,,,,,,
2026-06-28T00:55:30.992120+00:00,spot_11,Spot 11,Empty,2026-06-28T00:12:24.183484+00:00,,,,,,,,
2026-06-28T00:55:30.992120+00:00,spot_12,Spot 12,Empty,2026-06-28T00:07:24.795014+00:00,,,,,,,,
2026-06-28T00:55:30.992120+00:00,spot_13,Spot 13,Empty,2026-06-28T00:42:22.054695+00:00,,,,,,,,
2026-06-28T00:55:30.992120+00:00,spot_14,Spot 14,Occupied,2026-06-28T00:42:22.054695+00:00,2284,car,0.8697595000267029,848,58.79887008666992,310.633544921875,98.95625305175781,329.54217529296875
2026-06-28T00:55:30.992120+00:00,spot_15,Spot 15,Empty,2026-06-28T00:29:22.432600+00:00,,,,,,,,
2026-06-28T00:55:30.992120+00:00,spot_16,Spot 16,Empty,2026-06-28T00:40:23.007320+00:00,,,,,,,,
2026-06-28T00:55:30.992120+00:00,spot_17,Spot 17,Empty,2026-06-27T23:10:22.647728+00:00,,,,,,,,
2026-06-28T00:56:22.439273+00:00,spot_1,Spot 1,Occupied,2026-06-28T00:56:22.439273+00:00,2271,truck,0.7698760032653809,2402,566.806884765625,309.66754150390625,616.041259765625,374.33563232421875
2026-06-28T00:56:22.439273+00:00,spot_2,Spot 2,Occupied,2026-06-28T00:56:22.439273+00:00,2291,truck,0.4117427170276642,0,501.92401123046875,320.58447265625,548.2891235351562,364.3572998046875
2026-06-28T00:56:22.439273+00:00,spot_3,Spot 3,Empty,2026-06-27T22:45:22.600760+00:00,,,,,,,,
2026-06-28T00:56:22.439273+00:00,spot_4,Spot 4,Empty,2026-06-27T23:10:22.647728+00:00,,,,,,,,
2026-06-28T00:56:22.439273+00:00,spot_5,Spot 5,Occupied,2026-06-28T00:36:22.566457+00:00,2242,car,0.7766848206520081,4744,333.4322509765625,320.3299560546875,400.2174072265625,360.50885009765625
2026-06-28T00:56:22.439273+00:00,spot_6,Spot 6,Occupied,2026-06-27T20:54:22.350568+00:00,2102,car,0.8320704102516174,15603,286.7418212890625,323.10162353515625,337.2396240234375,357.15814208984375
2026-06-28T00:56:22.439273+00:00,spot_7,Spot 7,Empty,2026-06-27T23:49:21.673139+00:00,,,,,,,,
2026-06-28T00:56:22.439273+00:00,spot_8,Spot 8,Occupied,2026-06-28T00:10:23.901515+00:00,2266,car,0.8601773977279663,2763,213.22381591796875,320.824951171875,272.4236755371094,350.08551025390625
2026-06-28T00:56:22.439273+00:00,spot_9,Spot 9,Empty,2026-06-27T23:58:21.469762+00:00,,,,,,,,
2026-06-28T00:56:22.439273+00:00,spot_10,Spot 10,Empty,2026-06-28T00:10:23.901515+00:00,,,,,,,,
2026-06-28T00:56:22.439273+00:00,spot_11,Spot 11,Empty,2026-06-28T00:12:24.183484+00:00,,,,,,,,
2026-06-28T00:56:22.439273+00:00,spot_12,Spot 12,Empty,2026-06-28T00:07:24.795014+00:00,,,,,,,,
2026-06-28T00:56:22.439273+00:00,spot_13,Spot 13,Empty,2026-06-28T00:42:22.054695+00:00,,,,,,,,
2026-06-28T00:56:22.439273+00:00,spot_14,Spot 14,Occupied,2026-06-28T00:42:22.054695+00:00,2284,car,0.8138815760612488,902,58.47455978393555,310.87469482421875,98.94993591308594,329.91778564453125
2026-06-28T00:56:22.439273+00:00,spot_15,Spot 15,Empty,2026-06-28T00:29:22.432600+00:00,,,,,,,,
2026-06-28T00:56:22.439273+00:00,spot_16,Spot 16,Empty,2026-06-28T00:40:23.007320+00:00,,,,,,,,
2026-06-28T00:56:22.439273+00:00,spot_17,Spot 17,Empty,2026-06-27T23:10:22.647728+00:00,,,,,,,,
2026-06-28T00:57:23.071166+00:00,spot_1,Spot 1,Occupied,2026-06-28T00:57:23.071166+00:00,2290,car,0.3870643079280853,111,565.84326171875,310.56317138671875,616.003662109375,374.87506103515625
2026-06-28T00:57:23.071166+00:00,spot_2,Spot 2,Occupied,2026-06-28T00:57:23.071166+00:00,2193,car,0.658325731754303,7801,501.99505615234375,318.82318115234375,548.7254028320312,364.46978759765625
2026-06-28T00:57:23.071166+00:00,spot_3,Spot 3,Empty,2026-06-27T22:45:22.600760+00:00,,,,,,,,
2026-06-28T00:57:23.071166+00:00,spot_4,Spot 4,Empty,2026-06-27T23:10:22.647728+00:00,,,,,,,,
2026-06-28T00:57:23.071166+00:00,spot_5,Spot 5,Occupied,2026-06-28T00:36:22.566457+00:00,2242,car,0.8437289595603943,4800,333.7652587890625,320.7125244140625,399.292236328125,360.22406005859375
2026-06-28T00:57:23.071166+00:00,spot_6,Spot 6,Occupied,2026-06-27T20:54:22.350568+00:00,2102,car,0.8679563403129578,15660,286.29443359375,323.9447021484375,338.900390625,356.87103271484375
2026-06-28T00:57:23.071166+00:00,spot_7,Spot 7,Empty,2026-06-27T23:49:21.673139+00:00,,,,,,,,
2026-06-28T00:57:23.071166+00:00,spot_8,Spot 8,Occupied,2026-06-28T00:10:23.901515+00:00,2266,car,0.8840088844299316,2820,213.3846435546875,320.3126220703125,272.92425537109375,350.146728515625
2026-06-28T00:57:23.071166+00:00,spot_9,Spot 9,Empty,2026-06-27T23:58:21.469762+00:00,,,,,,,,
2026-06-28T00:57:23.071166+00:00,spot_10,Spot 10,Empty,2026-06-28T00:10:23.901515+00:00,,,,,,,,
2026-06-28T00:57:23.071166+00:00,spot_11,Spot 11,Empty,2026-06-28T00:12:24.183484+00:00,,,,,,,,
2026-06-28T00:57:23.071166+00:00,spot_12,Spot 12,Empty,2026-06-28T00:07:24.795014+00:00,,,,,,,,
2026-06-28T00:57:23.071166+00:00,spot_13,Spot 13,Empty,2026-06-28T00:42:22.054695+00:00,,,,,,,,
2026-06-28T00:57:23.071166+00:00,spot_14,Spot 14,Occupied,2026-06-28T00:42:22.054695+00:00,2284,car,0.8752083778381348,959,58.70515823364258,310.40692138671875,98.14646911621094,329.74212646484375
2026-06-28T00:57:23.071166+00:00,spot_15,Spot 15,Empty,2026-06-28T00:29:22.432600+00:00,,,,,,,,
2026-06-28T00:57:23.071166+00:00,spot_16,Spot 16,Empty,2026-06-28T00:40:23.007320+00:00,,,,,,,,
2026-06-28T00:57:23.071166+00:00,spot_17,Spot 17,Empty,2026-06-27T23:10:22.647728+00:00,,,,,,,,
2026-06-28T00:58:22.519158+00:00,spot_1,Spot 1,Occupied,2026-06-28T00:57:23.071166+00:00,2290,car,0.6458073854446411,170,547.49853515625,309.83258056640625,616.737060546875,374.48309326171875
2026-06-28T00:58:22.519158+00:00,spot_2,Spot 2,Occupied,2026-06-28T00:57:23.071166+00:00,2193,car,0.8495535254478455,7860,502.2901611328125,325.26727294921875,544.287841796875,364.6092529296875
2026-06-28T00:58:22.519158+00:00,spot_3,Spot 3,Empty,2026-06-27T22:45:22.600760+00:00,,,,,,,,
2026-06-28T00:58:22.519158+00:00,spot_4,Spot 4,Empty,2026-06-27T23:10:22.647728+00:00,,,,,,,,
2026-06-28T00:58:22.519158+00:00,spot_5,Spot 5,Occupied,2026-06-28T00:36:22.566457+00:00,2242,car,0.8001540899276733,4859,333.64154052734375,321.0419921875,397.678466796875,360.966552734375
2026-06-28T00:58:22.519158+00:00,spot_6,Spot 6,Occupied,2026-06-27T20:54:22.350568+00:00,2102,car,0.8305111527442932,15719,286.220947265625,323.58935546875,342.3460693359375,357.631591796875
2026-06-28T00:58:22.519158+00:00,spot_7,Spot 7,Empty,2026-06-27T23:49:21.673139+00:00,,,,,,,,
2026-06-28T00:58:22.519158+00:00,spot_8,Spot 8,Occupied,2026-06-28T00:10:23.901515+00:00,2266,car,0.8784835934638977,2879,213.23541259765625,320.4139404296875,272.7341613769531,349.6732177734375
2026-06-28T00:58:22.519158+00:00,spot_9,Spot 9,Empty,2026-06-27T23:58:21.469762+00:00,,,,,,,,
2026-06-28T00:58:22.519158+00:00,spot_10,Spot 10,Empty,2026-06-28T00:10:23.901515+00:00,,,,,,,,
2026-06-28T00:58:22.519158+00:00,spot_11,Spot 11,Empty,2026-06-28T00:12:24.183484+00:00,,,,,,,,
2026-06-28T00:58:22.519158+00:00,spot_12,Spot 12,Empty,2026-06-28T00:07:24.795014+00:00,,,,,,,,
2026-06-28T00:58:22.519158+00:00,spot_13,Spot 13,Empty,2026-06-28T00:42:22.054695+00:00,,,,,,,,
2026-06-28T00:58:22.519158+00:00,spot_14,Spot 14,Occupied,2026-06-28T00:42:22.054695+00:00,2284,car,0.8482282757759094,1018,58.66242980957031,310.9542236328125,98.27516174316406,329.68597412109375
2026-06-28T00:58:22.519158+00:00,spot_15,Spot 15,Empty,2026-06-28T00:29:22.432600+00:00,,,,,,,,
2026-06-28T00:58:22.519158+00:00,spot_16,Spot 16,Empty,2026-06-28T00:40:23.007320+00:00,,,,,,,,
2026-06-28T00:58:22.519158+00:00,spot_17,Spot 17,Empty,2026-06-27T23:10:22.647728+00:00,,,,,,,,
2026-06-28T00:59:22.793988+00:00,spot_1,Spot 1,Empty,2026-06-28T00:59:22.793988+00:00,,,,,,,,
2026-06-28T00:59:22.793988+00:00,spot_2,Spot 2,Occupied,2026-06-28T00:57:23.071166+00:00,2193,car,0.8249765038490295,7920,502.1811218261719,320.70892333984375,545.196044921875,364.41632080078125
2026-06-28T00:59:22.793988+00:00,spot_3,Spot 3,Empty,2026-06-27T22:45:22.600760+00:00,,,,,,,,
2026-06-28T00:59:22.793988+00:00,spot_4,Spot 4,Empty,2026-06-27T23:10:22.647728+00:00,,,,,,,,
2026-06-28T00:59:22.793988+00:00,spot_5,Spot 5,Occupied,2026-06-28T00:36:22.566457+00:00,2242,car,0.8564098477363586,4919,333.96514892578125,320.8147888183594,400.17474365234375,360.2923889160156
2026-06-28T00:59:22.793988+00:00,spot_6,Spot 6,Occupied,2026-06-27T20:54:22.350568+00:00,2102,car,0.8719786405563354,15779,286.07342529296875,324.07635498046875,340.42108154296875,357.57611083984375
2026-06-28T00:59:22.793988+00:00,spot_7,Spot 7,Empty,2026-06-27T23:49:21.673139+00:00,,,,,,,,
2026-06-28T00:59:22.793988+00:00,spot_8,Spot 8,Occupied,2026-06-28T00:10:23.901515+00:00,2266,car,0.888897716999054,2939,213.28118896484375,320.48126220703125,272.84698486328125,350.179931640625
2026-06-28T00:59:22.793988+00:00,spot_9,Spot 9,Empty,2026-06-27T23:58:21.469762+00:00,,,,,,,,
2026-06-28T00:59:22.793988+00:00,spot_10,Spot 10,Empty,2026-06-28T00:10:23.901515+00:00,,,,,,,,
2026-06-28T00:59:22.793988+00:00,spot_11,Spot 11,Empty,2026-06-28T00:12:24.183484+00:00,,,,,,,,
2026-06-28T00:59:22.793988+00:00,spot_12,Spot 12,Empty,2026-06-28T00:07:24.795014+00:00,,,,,,,,
2026-06-28T00:59:22.793988+00:00,spot_13,Spot 13,Empty,2026-06-28T00:42:22.054695+00:00,,,,,,,,
2026-06-28T00:59:22.793988+00:00,spot_14,Spot 14,Occupied,2026-06-28T00:42:22.054695+00:00,2284,car,0.8594457507133484,1078,58.62989044189453,310.76214599609375,97.96077728271484,329.62750244140625
2026-06-28T00:59:22.793988+00:00,spot_15,Spot 15,Empty,2026-06-28T00:29:22.432600+00:00,,,,,,,,
2026-06-28T00:59:22.793988+00:00,spot_16,Spot 16,Empty,2026-06-28T00:40:23.007320+00:00,,,,,,,,
2026-06-28T00:59:22.793988+00:00,spot_17,Spot 17,Empty,2026-06-27T23:10:22.647728+00:00,,,,,,,,
2026-06-28T01:00:25.655422+00:00,spot_1,Spot 1,Occupied,2026-06-28T01:00:25.655422+00:00,2293,truck,0.41737446188926697,0,561.4431762695312,309.57305908203125,615.8552856445312,374.34771728515625
2026-06-28T01:00:25.655422+00:00,spot_2,Spot 2,Occupied,2026-06-28T00:57:23.071166+00:00,2193,car,0.8697537779808044,7984,502.0132751464844,319.2867431640625,544.8519287109375,364.9658203125
2026-06-28T01:00:25.655422+00:00,spot_3,Spot 3,Empty,2026-06-27T22:45:22.600760+00:00,,,,,,,,
2026-06-28T01:00:25.655422+00:00,spot_4,Spot 4,Empty,2026-06-27T23:10:22.647728+00:00,,,,,,,,
2026-06-28T01:00:25.655422+00:00,spot_5,Spot 5,Occupied,2026-06-28T00:36:22.566457+00:00,2242,car,0.7287099957466125,4983,334.1087951660156,320.71173095703125,398.4212951660156,360.71343994140625
2026-06-28T01:00:25.655422+00:00,spot_6,Spot 6,Occupied,2026-06-27T20:54:22.350568+00:00,2102,car,0.8489758372306824,15842,285.8775634765625,323.7233581542969,340.8544921875,357.0118103027344
2026-06-28T01:00:25.655422+00:00,spot_7,Spot 7,Empty,2026-06-27T23:49:21.673139+00:00,,,,,,,,
2026-06-28T01:00:25.655422+00:00,spot_8,Spot 8,Occupied,2026-06-28T00:10:23.901515+00:00,2266,car,0.8981898427009583,3003,213.1279296875,320.7634582519531,272.87542724609375,350.0931091308594
2026-06-28T01:00:25.655422+00:00,spot_9,Spot 9,Empty,2026-06-27T23:58:21.469762+00:00,,,,,,,,
2026-06-28T01:00:25.655422+00:00,spot_10,Spot 10,Empty,2026-06-28T00:10:23.901515+00:00,,,,,,,,
2026-06-28T01:00:25.655422+00:00,spot_11,Spot 11,Empty,2026-06-28T00:12:24.183484+00:00,,,,,,,,
2026-06-28T01:00:25.655422+00:00,spot_12,Spot 12,Empty,2026-06-28T00:07:24.795014+00:00,,,,,,,,
2026-06-28T01:00:25.655422+00:00,spot_13,Spot 13,Empty,2026-06-28T00:42:22.054695+00:00,,,,,,,,
2026-06-28T01:00:25.655422+00:00,spot_14,Spot 14,Occupied,2026-06-28T00:42:22.054695+00:00,2284,car,0.8221926689147949,1142,58.75690841674805,310.91357421875,97.56138610839844,329.6007080078125
2026-06-28T01:00:25.655422+00:00,spot_15,Spot 15,Empty,2026-06-28T00:29:22.432600+00:00,,,,,,,,
2026-06-28T01:00:25.655422+00:00,spot_16,Spot 16,Empty,2026-06-28T00:40:23.007320+00:00,,,,,,,,
2026-06-28T01:00:25.655422+00:00,spot_17,Spot 17,Empty,2026-06-27T23:10:22.647728+00:00,,,,,,,,
2026-06-28T01:01:24.633131+00:00,spot_1,Spot 1,Empty,2026-06-28T01:01:24.633131+00:00,,,,,,,,
2026-06-28T01:01:24.633131+00:00,spot_2,Spot 2,Occupied,2026-06-28T00:57:23.071166+00:00,2193,car,0.8788947463035583,8041,502.2144775390625,320.1865234375,545.561279296875,364.27093505859375
2026-06-28T01:01:24.633131+00:00,spot_3,Spot 3,Empty,2026-06-27T22:45:22.600760+00:00,,,,,,,,
2026-06-28T01:01:24.633131+00:00,spot_4,Spot 4,Empty,2026-06-27T23:10:22.647728+00:00,,,,,,,,
2026-06-28T01:01:24.633131+00:00,spot_5,Spot 5,Occupied,2026-06-28T00:36:22.566457+00:00,2242,car,0.8429201245307922,5040,333.80999755859375,320.8953857421875,400.12994384765625,359.9901123046875
2026-06-28T01:01:24.633131+00:00,spot_6,Spot 6,Occupied,2026-06-27T20:54:22.350568+00:00,2102,car,0.8636811971664429,15900,285.89678955078125,323.24169921875,337.96185302734375,357.5576171875
2026-06-28T01:01:24.633131+00:00,spot_7,Spot 7,Empty,2026-06-27T23:49:21.673139+00:00,,,,,,,,
2026-06-28T01:01:24.633131+00:00,spot_8,Spot 8,Occupied,2026-06-28T00:10:23.901515+00:00,2266,car,0.8579369187355042,3060,212.78903198242188,320.88824462890625,272.74481201171875,350.20794677734375
2026-06-28T01:01:24.633131+00:00,spot_9,Spot 9,Empty,2026-06-27T23:58:21.469762+00:00,,,,,,,,
2026-06-28T01:01:24.633131+00:00,spot_10,Spot 10,Empty,2026-06-28T00:10:23.901515+00:00,,,,,,,,
2026-06-28T01:01:24.633131+00:00,spot_11,Spot 11,Empty,2026-06-28T00:12:24.183484+00:00,,,,,,,,
2026-06-28T01:01:24.633131+00:00,spot_12,Spot 12,Empty,2026-06-28T00:07:24.795014+00:00,,,,,,,,
2026-06-28T01:01:24.633131+00:00,spot_13,Spot 13,Empty,2026-06-28T00:42:22.054695+00:00,,,,,,,,
2026-06-28T01:01:24.633131+00:00,spot_14,Spot 14,Occupied,2026-06-28T00:42:22.054695+00:00,2284,car,0.7888683080673218,1199,59.04716491699219,311.0396423339844,97.42803955078125,329.4873962402344
2026-06-28T01:01:24.633131+00:00,spot_15,Spot 15,Empty,2026-06-28T00:29:22.432600+00:00,,,,,,,,
2026-06-28T01:01:24.633131+00:00,spot_16,Spot 16,Empty,2026-06-28T00:40:23.007320+00:00,,,,,,,,
2026-06-28T01:01:24.633131+00:00,spot_17,Spot 17,Empty,2026-06-27T23:10:22.647728+00:00,,,,,,,,
2026-06-28T01:02:24.426602+00:00,spot_1,Spot 1,Occupied,2026-06-28T01:02:24.426602+00:00,2293,truck,0.6481565237045288,119,566.02392578125,310.4940185546875,615.853759765625,374.315673828125
2026-06-28T01:02:24.426602+00:00,spot_2,Spot 2,Occupied,2026-06-28T00:57:23.071166+00:00,2193,car,0.8660095930099487,8103,502.0701904296875,322.4727783203125,544.59765625,364.193115234375
2026-06-28T01:02:24.426602+00:00,spot_3,Spot 3,Empty,2026-06-27T22:45:22.600760+00:00,,,,,,,,
2026-06-28T01:02:24.426602+00:00,spot_4,Spot 4,Empty,2026-06-27T23:10:22.647728+00:00,,,,,,,,
2026-06-28T01:02:24.426602+00:00,spot_5,Spot 5,Occupied,2026-06-28T00:36:22.566457+00:00,2242,car,0.8291134238243103,5102,334.31024169921875,320.7052001953125,400.71429443359375,360.06298828125
2026-06-28T01:02:24.426602+00:00,spot_6,Spot 6,Occupied,2026-06-27T20:54:22.350568+00:00,2102,car,0.855137288570404,15961,286.14044189453125,323.4014892578125,339.85418701171875,356.9959716796875
2026-06-28T01:02:24.426602+00:00,spot_7,Spot 7,Empty,2026-06-27T23:49:21.673139+00:00,,,,,,,,
2026-06-28T01:02:24.426602+00:00,spot_8,Spot 8,Occupied,2026-06-28T00:10:23.901515+00:00,2266,car,0.8853012323379517,3122,213.40277099609375,321.0352478027344,272.6609802246094,349.9627990722656
2026-06-28T01:02:24.426602+00:00,spot_9,Spot 9,Empty,2026-06-27T23:58:21.469762+00:00,,,,,,,,
2026-06-28T01:02:24.426602+00:00,spot_10,Spot 10,Empty,2026-06-28T00:10:23.901515+00:00,,,,,,,,
2026-06-28T01:02:24.426602+00:00,spot_11,Spot 11,Empty,2026-06-28T00:12:24.183484+00:00,,,,,,,,
2026-06-28T01:02:24.426602+00:00,spot_12,Spot 12,Empty,2026-06-28T00:07:24.795014+00:00,,,,,,,,
2026-06-28T01:02:24.426602+00:00,spot_13,Spot 13,Empty,2026-06-28T00:42:22.054695+00:00,,,,,,,,
2026-06-28T01:02:24.426602+00:00,spot_14,Spot 14,Occupied,2026-06-28T00:42:22.054695+00:00,2284,car,0.8634404540061951,1261,58.15992736816406,310.6065368652344,98.96246337890625,329.6318664550781
2026-06-28T01:02:24.426602+00:00,spot_15,Spot 15,Empty,2026-06-28T00:29:22.432600+00:00,,,,,,,,
2026-06-28T01:02:24.426602+00:00,spot_16,Spot 16,Empty,2026-06-28T00:40:23.007320+00:00,,,,,,,,
2026-06-28T01:02:24.426602+00:00,spot_17,Spot 17,Empty,2026-06-27T23:10:22.647728+00:00,,,,,,,,
2026-06-28T01:03:24.579897+00:00,spot_1,Spot 1,Occupied,2026-06-28T01:02:24.426602+00:00,2293,truck,0.489860475063324,178,563.244873046875,310.5039978027344,617.317626953125,373.7633361816406
2026-06-28T01:03:24.579897+00:00,spot_2,Spot 2,Occupied,2026-06-28T00:57:23.071166+00:00,2193,car,0.8401907086372375,8162,502.2291259765625,325.62457275390625,544.5625,364.3896484375
2026-06-28T01:03:24.579897+00:00,spot_3,Spot 3,Empty,2026-06-27T22:45:22.600760+00:00,,,,,,,,
2026-06-28T01:03:24.579897+00:00,spot_4,Spot 4,Empty,2026-06-27T23:10:22.647728+00:00,,,,,,,,
2026-06-28T01:03:24.579897+00:00,spot_5,Spot 5,Occupied,2026-06-28T00:36:22.566457+00:00,2242,car,0.836798906326294,5161,333.9099426269531,320.78363037109375,400.0854797363281,359.64337158203125
2026-06-28T01:03:24.579897+00:00,spot_6,Spot 6,Occupied,2026-06-27T20:54:22.350568+00:00,2102,car,0.8578653335571289,16021,286.37188720703125,323.3211669921875,337.89739990234375,357.0257568359375
2026-06-28T01:03:24.579897+00:00,spot_7,Spot 7,Empty,2026-06-27T23:49:21.673139+00:00,,,,,,,,
2026-06-28T01:03:24.579897+00:00,spot_8,Spot 8,Occupied,2026-06-28T00:10:23.901515+00:00,2266,car,0.8883240222930908,3181,213.6329345703125,320.98028564453125,272.8410339355469,350.35308837890625
2026-06-28T01:03:24.579897+00:00,spot_9,Spot 9,Empty,2026-06-27T23:58:21.469762+00:00,,,,,,,,
2026-06-28T01:03:24.579897+00:00,spot_10,Spot 10,Empty,2026-06-28T00:10:23.901515+00:00,,,,,,,,
2026-06-28T01:03:24.579897+00:00,spot_11,Spot 11,Empty,2026-06-28T00:12:24.183484+00:00,,,,,,,,
2026-06-28T01:03:24.579897+00:00,spot_12,Spot 12,Empty,2026-06-28T00:07:24.795014+00:00,,,,,,,,
2026-06-28T01:03:24.579897+00:00,spot_13,Spot 13,Empty,2026-06-28T00:42:22.054695+00:00,,,,,,,,
2026-06-28T01:03:24.579897+00:00,spot_14,Spot 14,Occupied,2026-06-28T00:42:22.054695+00:00,2284,car,0.8525832295417786,1320,59.37737274169922,310.62646484375,98.10083770751953,329.9014892578125
2026-06-28T01:03:24.579897+00:00,spot_15,Spot 15,Empty,2026-06-28T00:29:22.432600+00:00,,,,,,,,
2026-06-28T01:03:24.579897+00:00,spot_16,Spot 16,Empty,2026-06-28T00:40:23.007320+00:00,,,,,,,,
2026-06-28T01:03:24.579897+00:00,spot_17,Spot 17,Empty,2026-06-27T23:10:22.647728+00:00,,,,,,,,
2026-06-28T01:04:22.083094+00:00,spot_1,Spot 1,Occupied,2026-06-28T01:02:24.426602+00:00,2293,truck,0.489860475063324,235,563.244873046875,310.5039978027344,617.317626953125,373.7633361816406
2026-06-28T01:04:22.083094+00:00,spot_2,Spot 2,Occupied,2026-06-28T00:57:23.071166+00:00,2193,car,0.8401907086372375,8219,502.2291259765625,325.62457275390625,544.5625,364.3896484375
2026-06-28T01:04:22.083094+00:00,spot_3,Spot 3,Empty,2026-06-27T22:45:22.600760+00:00,,,,,,,,
2026-06-28T01:04:22.083094+00:00,spot_4,Spot 4,Empty,2026-06-27T23:10:22.647728+00:00,,,,,,,,
2026-06-28T01:04:22.083094+00:00,spot_5,Spot 5,Occupied,2026-06-28T00:36:22.566457+00:00,2242,car,0.836798906326294,5218,333.9099426269531,320.78363037109375,400.0854797363281,359.64337158203125
2026-06-28T01:04:22.083094+00:00,spot_6,Spot 6,Occupied,2026-06-27T20:54:22.350568+00:00,2102,car,0.8578653335571289,16077,286.37188720703125,323.3211669921875,337.89739990234375,357.0257568359375
2026-06-28T01:04:22.083094+00:00,spot_7,Spot 7,Empty,2026-06-27T23:49:21.673139+00:00,,,,,,,,
2026-06-28T01:04:22.083094+00:00,spot_8,Spot 8,Occupied,2026-06-28T00:10:23.901515+00:00,2266,car,0.8883240222930908,3238,213.6329345703125,320.98028564453125,272.8410339355469,350.35308837890625
2026-06-28T01:04:22.083094+00:00,spot_9,Spot 9,Empty,2026-06-27T23:58:21.469762+00:00,,,,,,,,
2026-06-28T01:04:22.083094+00:00,spot_10,Spot 10,Empty,2026-06-28T00:10:23.901515+00:00,,,,,,,,
2026-06-28T01:04:22.083094+00:00,spot_11,Spot 11,Empty,2026-06-28T00:12:24.183484+00:00,,,,,,,,
2026-06-28T01:04:22.083094+00:00,spot_12,Spot 12,Empty,2026-06-28T00:07:24.795014+00:00,,,,,,,,
2026-06-28T01:04:22.083094+00:00,spot_13,Spot 13,Empty,2026-06-28T00:42:22.054695+00:00,,,,,,,,
2026-06-28T01:04:22.083094+00:00,spot_14,Spot 14,Occupied,2026-06-28T00:42:22.054695+00:00,2284,car,0.8525832295417786,1377,59.37737274169922,310.62646484375,98.10083770751953,329.9014892578125
2026-06-28T01:04:22.083094+00:00,spot_15,Spot 15,Empty,2026-06-28T00:29:22.432600+00:00,,,,,,,,
2026-06-28T01:04:22.083094+00:00,spot_16,Spot 16,Empty,2026-06-28T00:40:23.007320+00:00,,,,,,,,
2026-06-28T01:04:22.083094+00:00,spot_17,Spot 17,Empty,2026-06-27T23:10:22.647728+00:00,,,,,,,,
2026-06-28T01:05:34.117752+00:00,spot_1,Spot 1,Occupied,2026-06-28T01:02:24.426602+00:00,2293,truck,0.516054630279541,310,548.73583984375,310.29150390625,615.3865966796875,374.2593994140625
2026-06-28T01:05:34.117752+00:00,spot_2,Spot 2,Occupied,2026-06-28T00:57:23.071166+00:00,2193,car,0.7864460349082947,8294,502.2616882324219,320.50030517578125,544.796630859375,364.42230224609375
2026-06-28T01:05:34.117752+00:00,spot_3,Spot 3,Empty,2026-06-27T22:45:22.600760+00:00,,,,,,,,
2026-06-28T01:05:34.117752+00:00,spot_4,Spot 4,Empty,2026-06-27T23:10:22.647728+00:00,,,,,,,,
2026-06-28T01:05:34.117752+00:00,spot_5,Spot 5,Occupied,2026-06-28T00:36:22.566457+00:00,2242,car,0.8101957440376282,5293,333.93756103515625,320.74969482421875,397.56561279296875,360.19482421875
2026-06-28T01:05:34.117752+00:00,spot_6,Spot 6,Occupied,2026-06-27T20:54:22.350568+00:00,2102,car,0.8578489422798157,16152,286.61541748046875,323.76239013671875,338.32916259765625,357.14935302734375
2026-06-28T01:05:34.117752+00:00,spot_7,Spot 7,Empty,2026-06-27T23:49:21.673139+00:00,,,,,,,,
2026-06-28T01:05:34.117752+00:00,spot_8,Spot 8,Occupied,2026-06-28T00:10:23.901515+00:00,2266,car,0.8818535208702087,3313,213.47210693359375,320.47528076171875,272.8721923828125,350.02911376953125
2026-06-28T01:05:34.117752+00:00,spot_9,Spot 9,Empty,2026-06-27T23:58:21.469762+00:00,,,,,,,,
2026-06-28T01:05:34.117752+00:00,spot_10,Spot 10,Empty,2026-06-28T00:10:23.901515+00:00,,,,,,,,
2026-06-28T01:05:34.117752+00:00,spot_11,Spot 11,Empty,2026-06-28T00:12:24.183484+00:00,,,,,,,,
2026-06-28T01:05:34.117752+00:00,spot_12,Spot 12,Empty,2026-06-28T00:07:24.795014+00:00,,,,,,,,
2026-06-28T01:05:34.117752+00:00,spot_13,Spot 13,Empty,2026-06-28T00:42:22.054695+00:00,,,,,,,,
2026-06-28T01:05:34.117752+00:00,spot_14,Spot 14,Occupied,2026-06-28T00:42:22.054695+00:00,2284,car,0.8574532866477966,1452,59.009422302246094,310.8953857421875,98.41613006591797,329.304443359375
2026-06-28T01:05:34.117752+00:00,spot_15,Spot 15,Empty,2026-06-28T00:29:22.432600+00:00,,,,,,,,
2026-06-28T01:05:34.117752+00:00,spot_16,Spot 16,Empty,2026-06-28T00:40:23.007320+00:00,,,,,,,,
2026-06-28T01:05:34.117752+00:00,spot_17,Spot 17,Empty,2026-06-27T23:10:22.647728+00:00,,,,,,,,
2026-06-28T01:06:22.093337+00:00,spot_1,Spot 1,Occupied,2026-06-28T01:02:24.426602+00:00,2293,truck,0.516054630279541,355,548.73583984375,310.29150390625,615.3865966796875,374.2593994140625
2026-06-28T01:06:22.093337+00:00,spot_2,Spot 2,Occupied,2026-06-28T00:57:23.071166+00:00,2193,car,0.7864460349082947,8339,502.2616882324219,320.50030517578125,544.796630859375,364.42230224609375
2026-06-28T01:06:22.093337+00:00,spot_3,Spot 3,Empty,2026-06-27T22:45:22.600760+00:00,,,,,,,,
2026-06-28T01:06:22.093337+00:00,spot_4,Spot 4,Empty,2026-06-27T23:10:22.647728+00:00,,,,,,,,
2026-06-28T01:06:22.093337+00:00,spot_5,Spot 5,Occupied,2026-06-28T00:36:22.566457+00:00,2242,car,0.8101957440376282,5338,333.93756103515625,320.74969482421875,397.56561279296875,360.19482421875
2026-06-28T01:06:22.093337+00:00,spot_6,Spot 6,Occupied,2026-06-27T20:54:22.350568+00:00,2102,car,0.8578489422798157,16197,286.61541748046875,323.76239013671875,338.32916259765625,357.14935302734375
2026-06-28T01:06:22.093337+00:00,spot_7,Spot 7,Empty,2026-06-27T23:49:21.673139+00:00,,,,,,,,
2026-06-28T01:06:22.093337+00:00,spot_8,Spot 8,Occupied,2026-06-28T00:10:23.901515+00:00,2266,car,0.8818535208702087,3358,213.47210693359375,320.47528076171875,272.8721923828125,350.02911376953125
2026-06-28T01:06:22.093337+00:00,spot_9,Spot 9,Empty,2026-06-27T23:58:21.469762+00:00,,,,,,,,
2026-06-28T01:06:22.093337+00:00,spot_10,Spot 10,Empty,2026-06-28T00:10:23.901515+00:00,,,,,,,,
2026-06-28T01:06:22.093337+00:00,spot_11,Spot 11,Empty,2026-06-28T00:12:24.183484+00:00,,,,,,,,
2026-06-28T01:06:22.093337+00:00,spot_12,Spot 12,Empty,2026-06-28T00:07:24.795014+00:00,,,,,,,,
2026-06-28T01:06:22.093337+00:00,spot_13,Spot 13,Empty,2026-06-28T00:42:22.054695+00:00,,,,,,,,
2026-06-28T01:06:22.093337+00:00,spot_14,Spot 14,Occupied,2026-06-28T00:42:22.054695+00:00,2284,car,0.8574532866477966,1497,59.009422302246094,310.8953857421875,98.41613006591797,329.304443359375
2026-06-28T01:06:22.093337+00:00,spot_15,Spot 15,Empty,2026-06-28T00:29:22.432600+00:00,,,,,,,,
2026-06-28T01:06:22.093337+00:00,spot_16,Spot 16,Empty,2026-06-28T00:40:23.007320+00:00,,,,,,,,
2026-06-28T01:06:22.093337+00:00,spot_17,Spot 17,Empty,2026-06-27T23:10:22.647728+00:00,,,,,,,,
2026-06-28T01:07:23.770936+00:00,spot_1,Spot 1,Occupied,2026-06-28T01:02:24.426602+00:00,2293,truck,0.451484739780426,417,567.0918579101562,310.4146728515625,615.9213256835938,373.92822265625
2026-06-28T01:07:23.770936+00:00,spot_2,Spot 2,Occupied,2026-06-28T01:07:23.770936+00:00,2294,truck,0.3969750702381134,0,502.3780822753906,319.3070068359375,544.7586669921875,364.27685546875
2026-06-28T01:07:23.770936+00:00,spot_3,Spot 3,Empty,2026-06-27T22:45:22.600760+00:00,,,,,,,,
2026-06-28T01:07:23.770936+00:00,spot_4,Spot 4,Empty,2026-06-27T23:10:22.647728+00:00,,,,,,,,
2026-06-28T01:07:23.770936+00:00,spot_5,Spot 5,Occupied,2026-06-28T00:36:22.566457+00:00,2242,car,0.8217379450798035,5401,333.89923095703125,321.50634765625,397.32525634765625,359.8709716796875
2026-06-28T01:07:23.770936+00:00,spot_6,Spot 6,Occupied,2026-06-27T20:54:22.350568+00:00,2102,car,0.8596410155296326,16260,286.5784912109375,323.3970031738281,338.3052978515625,357.6827087402344
2026-06-28T01:07:23.770936+00:00,spot_7,Spot 7,Empty,2026-06-27T23:49:21.673139+00:00,,,,,,,,
2026-06-28T01:07:23.770936+00:00,spot_8,Spot 8,Occupied,2026-06-28T00:10:23.901515+00:00,2266,car,0.8955495357513428,3421,213.4112548828125,320.79937744140625,272.81610107421875,350.26116943359375
2026-06-28T01:07:23.770936+00:00,spot_9,Spot 9,Empty,2026-06-27T23:58:21.469762+00:00,,,,,,,,
2026-06-28T01:07:23.770936+00:00,spot_10,Spot 10,Empty,2026-06-28T00:10:23.901515+00:00,,,,,,,,
2026-06-28T01:07:23.770936+00:00,spot_11,Spot 11,Empty,2026-06-28T00:12:24.183484+00:00,,,,,,,,
2026-06-28T01:07:23.770936+00:00,spot_12,Spot 12,Empty,2026-06-28T00:07:24.795014+00:00,,,,,,,,
2026-06-28T01:07:23.770936+00:00,spot_13,Spot 13,Empty,2026-06-28T00:42:22.054695+00:00,,,,,,,,
2026-06-28T01:07:23.770936+00:00,spot_14,Spot 14,Occupied,2026-06-28T00:42:22.054695+00:00,2284,car,0.8707300424575806,1560,58.5246696472168,310.6905517578125,98.47587585449219,329.690185546875
2026-06-28T01:07:23.770936+00:00,spot_15,Spot 15,Empty,2026-06-28T00:29:22.432600+00:00,,,,,,,,
2026-06-28T01:07:23.770936+00:00,spot_16,Spot 16,Empty,2026-06-28T00:40:23.007320+00:00,,,,,,,,
2026-06-28T01:07:23.770936+00:00,spot_17,Spot 17,Empty,2026-06-27T23:10:22.647728+00:00,,,,,,,,
2026-06-28T01:08:23.092702+00:00,spot_1,Spot 1,Occupied,2026-06-28T01:08:23.092702+00:00,2295,car,0.37990865111351013,0,547.22900390625,319.902099609375,570.283203125,356.2255859375
2026-06-28T01:08:23.092702+00:00,spot_2,Spot 2,Occupied,2026-06-28T01:08:23.092702+00:00,2193,car,0.8741319179534912,8460,502.32781982421875,319.59490966796875,545.7230834960938,364.29583740234375
2026-06-28T01:08:23.092702+00:00,spot_3,Spot 3,Empty,2026-06-27T22:45:22.600760+00:00,,,,,,,,
2026-06-28T01:08:23.092702+00:00,spot_4,Spot 4,Empty,2026-06-27T23:10:22.647728+00:00,,,,,,,,
2026-06-28T01:08:23.092702+00:00,spot_5,Spot 5,Occupied,2026-06-28T00:36:22.566457+00:00,2242,car,0.8686059713363647,5460,333.74298095703125,320.93475341796875,400.42962646484375,360.07159423828125
2026-06-28T01:08:23.092702+00:00,spot_6,Spot 6,Occupied,2026-06-27T20:54:22.350568+00:00,2102,car,0.8669461011886597,16319,285.75555419921875,323.9157409667969,340.61737060546875,357.5457458496094
2026-06-28T01:08:23.092702+00:00,spot_7,Spot 7,Empty,2026-06-27T23:49:21.673139+00:00,,,,,,,,
2026-06-28T01:08:23.092702+00:00,spot_8,Spot 8,Occupied,2026-06-28T00:10:23.901515+00:00,2266,car,0.8854533433914185,3479,213.52932739257812,320.8501281738281,272.9646911621094,349.8151550292969
2026-06-28T01:08:23.092702+00:00,spot_9,Spot 9,Empty,2026-06-27T23:58:21.469762+00:00,,,,,,,,
2026-06-28T01:08:23.092702+00:00,spot_10,Spot 10,Empty,2026-06-28T00:10:23.901515+00:00,,,,,,,,
2026-06-28T01:08:23.092702+00:00,spot_11,Spot 11,Empty,2026-06-28T00:12:24.183484+00:00,,,,,,,,
2026-06-28T01:08:23.092702+00:00,spot_12,Spot 12,Empty,2026-06-28T00:07:24.795014+00:00,,,,,,,,
2026-06-28T01:08:23.092702+00:00,spot_13,Spot 13,Empty,2026-06-28T00:42:22.054695+00:00,,,,,,,,
2026-06-28T01:08:23.092702+00:00,spot_14,Spot 14,Occupied,2026-06-28T00:42:22.054695+00:00,2284,car,0.8698939085006714,1618,58.57225799560547,310.7052001953125,98.19693756103516,329.64105224609375
2026-06-28T01:08:23.092702+00:00,spot_15,Spot 15,Empty,2026-06-28T00:29:22.432600+00:00,,,,,,,,
2026-06-28T01:08:23.092702+00:00,spot_16,Spot 16,Empty,2026-06-28T00:40:23.007320+00:00,,,,,,,,
2026-06-28T01:08:23.092702+00:00,spot_17,Spot 17,Empty,2026-06-27T23:10:22.647728+00:00,,,,,,,,
2026-06-28T01:09:22.777301+00:00,spot_1,Spot 1,Occupied,2026-06-28T01:08:23.092702+00:00,2295,car,0.4650173485279083,60,547.073974609375,320.05303955078125,572.075927734375,356.2845458984375
2026-06-28T01:09:22.777301+00:00,spot_2,Spot 2,Occupied,2026-06-28T01:08:23.092702+00:00,2193,car,0.8204638957977295,8520,501.8389892578125,320.16998291015625,545.820068359375,364.48602294921875
2026-06-28T01:09:22.777301+00:00,spot_3,Spot 3,Empty,2026-06-27T22:45:22.600760+00:00,,,,,,,,
2026-06-28T01:09:22.777301+00:00,spot_4,Spot 4,Empty,2026-06-27T23:10:22.647728+00:00,,,,,,,,
2026-06-28T01:09:22.777301+00:00,spot_5,Spot 5,Occupied,2026-06-28T00:36:22.566457+00:00,2242,car,0.7968558669090271,5520,333.313232421875,320.6328430175781,400.1492919921875,359.9207458496094
2026-06-28T01:09:22.777301+00:00,spot_6,Spot 6,Occupied,2026-06-27T20:54:22.350568+00:00,2102,car,0.8618244528770447,16379,286.31683349609375,324.1241455078125,341.08978271484375,357.6531982421875
2026-06-28T01:09:22.777301+00:00,spot_7,Spot 7,Empty,2026-06-27T23:49:21.673139+00:00,,,,,,,,
2026-06-28T01:09:22.777301+00:00,spot_8,Spot 8,Occupied,2026-06-28T00:10:23.901515+00:00,2266,car,0.8977380394935608,3540,213.50863647460938,321.1222229003906,272.9339904785156,350.1335754394531
2026-06-28T01:09:22.777301+00:00,spot_9,Spot 9,Empty,2026-06-27T23:58:21.469762+00:00,,,,,,,,
2026-06-28T01:09:22.777301+00:00,spot_10,Spot 10,Empty,2026-06-28T00:10:23.901515+00:00,,,,,,,,
2026-06-28T01:09:22.777301+00:00,spot_11,Spot 11,Empty,2026-06-28T00:12:24.183484+00:00,,,,,,,,
2026-06-28T01:09:22.777301+00:00,spot_12,Spot 12,Empty,2026-06-28T00:07:24.795014+00:00,,,,,,,,
2026-06-28T01:09:22.777301+00:00,spot_13,Spot 13,Empty,2026-06-28T00:42:22.054695+00:00,,,,,,,,
2026-06-28T01:09:22.777301+00:00,spot_14,Spot 14,Occupied,2026-06-28T00:42:22.054695+00:00,2284,car,0.8703292012214661,1679,58.61582565307617,310.52679443359375,97.84657287597656,329.779541015625
2026-06-28T01:09:22.777301+00:00,spot_15,Spot 15,Empty,2026-06-28T00:29:22.432600+00:00,,,,,,,,
2026-06-28T01:09:22.777301+00:00,spot_16,Spot 16,Empty,2026-06-28T00:40:23.007320+00:00,,,,,,,,
2026-06-28T01:09:22.777301+00:00,spot_17,Spot 17,Empty,2026-06-27T23:10:22.647728+00:00,,,,,,,,
2026-06-28T01:10:24.136131+00:00,spot_1,Spot 1,Occupied,2026-06-28T01:10:24.136131+00:00,2293,truck,0.3650200068950653,597,566.3150634765625,311.4097900390625,615.6392822265625,373.624755859375
2026-06-28T01:10:24.136131+00:00,spot_2,Spot 2,Occupied,2026-06-28T01:08:23.092702+00:00,2193,car,0.8510580658912659,8581,502.10125732421875,319.784423828125,544.7915649414062,364.54791259765625
2026-06-28T01:10:24.136131+00:00,spot_3,Spot 3,Empty,2026-06-27T22:45:22.600760+00:00,,,,,,,,
2026-06-28T01:10:24.136131+00:00,spot_4,Spot 4,Empty,2026-06-27T23:10:22.647728+00:00,,,,,,,,
2026-06-28T01:10:24.136131+00:00,spot_5,Spot 5,Occupied,2026-06-28T00:36:22.566457+00:00,2242,car,0.7939893007278442,5580,334.16363525390625,320.85308837890625,395.25958251953125,360.20550537109375
2026-06-28T01:10:24.136131+00:00,spot_6,Spot 6,Occupied,2026-06-27T20:54:22.350568+00:00,2102,car,0.8837285041809082,16439,285.9035949707031,323.9964904785156,337.6450500488281,357.4640808105469
2026-06-28T01:10:24.136131+00:00,spot_7,Spot 7,Empty,2026-06-27T23:49:21.673139+00:00,,,,,,,,
2026-06-28T01:10:24.136131+00:00,spot_8,Spot 8,Occupied,2026-06-28T00:10:23.901515+00:00,2266,car,0.8990159630775452,3600,213.22332763671875,320.9388427734375,272.72186279296875,350.5679931640625
2026-06-28T01:10:24.136131+00:00,spot_9,Spot 9,Empty,2026-06-27T23:58:21.469762+00:00,,,,,,,,
2026-06-28T01:10:24.136131+00:00,spot_10,Spot 10,Empty,2026-06-28T00:10:23.901515+00:00,,,,,,,,
2026-06-28T01:10:24.136131+00:00,spot_11,Spot 11,Empty,2026-06-28T00:12:24.183484+00:00,,,,,,,,
2026-06-28T01:10:24.136131+00:00,spot_12,Spot 12,Empty,2026-06-28T00:07:24.795014+00:00,,,,,,,,
2026-06-28T01:10:24.136131+00:00,spot_13,Spot 13,Empty,2026-06-28T00:42:22.054695+00:00,,,,,,,,
2026-06-28T01:10:24.136131+00:00,spot_14,Spot 14,Occupied,2026-06-28T00:42:22.054695+00:00,2284,car,0.8520428538322449,1739,58.0713005065918,310.63580322265625,98.01268005371094,329.77496337890625
2026-06-28T01:10:24.136131+00:00,spot_15,Spot 15,Empty,2026-06-28T00:29:22.432600+00:00,,,,,,,,
2026-06-28T01:10:24.136131+00:00,spot_16,Spot 16,Empty,2026-06-28T00:40:23.007320+00:00,,,,,,,,
2026-06-28T01:10:24.136131+00:00,spot_17,Spot 17,Empty,2026-06-27T23:10:22.647728+00:00,,,,,,,,
2026-06-28T01:11:23.422962+00:00,spot_1,Spot 1,Occupied,2026-06-28T01:10:24.136131+00:00,2293,truck,0.3588450849056244,656,565.9422607421875,310.45989990234375,616.923828125,373.71221923828125
2026-06-28T01:11:23.422962+00:00,spot_2,Spot 2,Occupied,2026-06-28T01:08:23.092702+00:00,2193,car,0.8494617342948914,8640,502.3818054199219,319.506591796875,545.025634765625,363.9261474609375
2026-06-28T01:11:23.422962+00:00,spot_3,Spot 3,Empty,2026-06-27T22:45:22.600760+00:00,,,,,,,,
2026-06-28T01:11:23.422962+00:00,spot_4,Spot 4,Empty,2026-06-27T23:10:22.647728+00:00,,,,,,,,
2026-06-28T01:11:23.422962+00:00,spot_5,Spot 5,Occupied,2026-06-28T00:36:22.566457+00:00,2242,car,0.8398064374923706,5640,334.020751953125,320.84112548828125,399.7374267578125,360.11846923828125
2026-06-28T01:11:23.422962+00:00,spot_6,Spot 6,Occupied,2026-06-27T20:54:22.350568+00:00,2102,car,0.8303739428520203,16499,285.7498779296875,322.91607666015625,343.3365478515625,356.8773193359375
2026-06-28T01:11:23.422962+00:00,spot_7,Spot 7,Empty,2026-06-27T23:49:21.673139+00:00,,,,,,,,
2026-06-28T01:11:23.422962+00:00,spot_8,Spot 8,Occupied,2026-06-28T00:10:23.901515+00:00,2266,car,0.8815826773643494,3660,213.20489501953125,321.18450927734375,273.12255859375,350.24530029296875
2026-06-28T01:11:23.422962+00:00,spot_9,Spot 9,Empty,2026-06-27T23:58:21.469762+00:00,,,,,,,,
2026-06-28T01:11:23.422962+00:00,spot_10,Spot 10,Empty,2026-06-28T00:10:23.901515+00:00,,,,,,,,
2026-06-28T01:11:23.422962+00:00,spot_11,Spot 11,Empty,2026-06-28T00:12:24.183484+00:00,,,,,,,,
2026-06-28T01:11:23.422962+00:00,spot_12,Spot 12,Empty,2026-06-28T00:07:24.795014+00:00,,,,,,,,
2026-06-28T01:11:23.422962+00:00,spot_13,Spot 13,Empty,2026-06-28T00:42:22.054695+00:00,,,,,,,,
2026-06-28T01:11:23.422962+00:00,spot_14,Spot 14,Occupied,2026-06-28T00:42:22.054695+00:00,2284,car,0.8668609261512756,1798,58.2708740234375,310.529052734375,98.77552795410156,329.962890625
2026-06-28T01:11:23.422962+00:00,spot_15,Spot 15,Empty,2026-06-28T00:29:22.432600+00:00,,,,,,,,
2026-06-28T01:11:23.422962+00:00,spot_16,Spot 16,Empty,2026-06-28T00:40:23.007320+00:00,,,,,,,,
2026-06-28T01:11:23.422962+00:00,spot_17,Spot 17,Empty,2026-06-27T23:10:22.647728+00:00,,,,,,,,
2026-06-28T01:12:23.757980+00:00,spot_1,Spot 1,Occupied,2026-06-28T01:12:23.757980+00:00,2296,car,0.43777912855148315,121,567.2054443359375,315.1947326660156,615.6370849609375,374.1239318847656
2026-06-28T01:12:23.757980+00:00,spot_2,Spot 2,Occupied,2026-06-28T01:12:23.757980+00:00,2297,truck,0.4896908402442932,0,502.3430480957031,319.4678955078125,544.836669921875,364.3709716796875
2026-06-28T01:12:23.757980+00:00,spot_3,Spot 3,Empty,2026-06-27T22:45:22.600760+00:00,,,,,,,,
2026-06-28T01:12:23.757980+00:00,spot_4,Spot 4,Empty,2026-06-27T23:10:22.647728+00:00,,,,,,,,
2026-06-28T01:12:23.757980+00:00,spot_5,Spot 5,Occupied,2026-06-28T00:36:22.566457+00:00,2242,car,0.7820844650268555,5701,333.8674011230469,320.91119384765625,397.5100402832031,360.06182861328125
2026-06-28T01:12:23.757980+00:00,spot_6,Spot 6,Occupied,2026-06-27T20:54:22.350568+00:00,2102,car,0.8678013682365417,16560,286.003662109375,323.4742431640625,338.44921875,357.877685546875
2026-06-28T01:12:23.757980+00:00,spot_7,Spot 7,Empty,2026-06-27T23:49:21.673139+00:00,,,,,,,,
2026-06-28T01:12:23.757980+00:00,spot_8,Spot 8,Occupied,2026-06-28T00:10:23.901515+00:00,2266,car,0.8926023244857788,3721,213.20486450195312,320.4910583496094,273.13092041015625,350.1799011230469
2026-06-28T01:12:23.757980+00:00,spot_9,Spot 9,Empty,2026-06-27T23:58:21.469762+00:00,,,,,,,,
2026-06-28T01:12:23.757980+00:00,spot_10,Spot 10,Empty,2026-06-28T00:10:23.901515+00:00,,,,,,,,
2026-06-28T01:12:23.757980+00:00,spot_11,Spot 11,Empty,2026-06-28T00:12:24.183484+00:00,,,,,,,,
2026-06-28T01:12:23.757980+00:00,spot_12,Spot 12,Empty,2026-06-28T00:07:24.795014+00:00,,,,,,,,
2026-06-28T01:12:23.757980+00:00,spot_13,Spot 13,Empty,2026-06-28T00:42:22.054695+00:00,,,,,,,,
2026-06-28T01:12:23.757980+00:00,spot_14,Spot 14,Occupied,2026-06-28T00:42:22.054695+00:00,2284,car,0.8567551374435425,1860,58.00095748901367,310.45855712890625,98.28636169433594,329.6556396484375
2026-06-28T01:12:23.757980+00:00,spot_15,Spot 15,Empty,2026-06-28T00:29:22.432600+00:00,,,,,,,,
2026-06-28T01:12:23.757980+00:00,spot_16,Spot 16,Empty,2026-06-28T00:40:23.007320+00:00,,,,,,,,
2026-06-28T01:12:23.757980+00:00,spot_17,Spot 17,Empty,2026-06-27T23:10:22.647728+00:00,,,,,,,,
2026-06-28T01:13:23.450112+00:00,spot_1,Spot 1,Occupied,2026-06-28T01:13:23.450112+00:00,2298,car,0.48500603437423706,0,547.6004028320312,319.5579833984375,572.8045043945312,357.21484375
2026-06-28T01:13:23.450112+00:00,spot_2,Spot 2,Occupied,2026-06-28T01:13:23.450112+00:00,2193,car,0.7978160977363586,8761,502.1280517578125,320.62310791015625,544.9730224609375,364.43267822265625
2026-06-28T01:13:23.450112+00:00,spot_3,Spot 3,Empty,2026-06-27T22:45:22.600760+00:00,,,,,,,,
2026-06-28T01:13:23.450112+00:00,spot_4,Spot 4,Empty,2026-06-27T23:10:22.647728+00:00,,,,,,,,
2026-06-28T01:13:23.450112+00:00,spot_5,Spot 5,Occupied,2026-06-28T00:36:22.566457+00:00,2242,car,0.8126487135887146,5760,333.43212890625,320.68218994140625,399.849609375,360.38543701171875
2026-06-28T01:13:23.450112+00:00,spot_6,Spot 6,Occupied,2026-06-27T20:54:22.350568+00:00,2102,car,0.844813883304596,16619,286.697265625,323.7666015625,344.3634033203125,357.482666015625
2026-06-28T01:13:23.450112+00:00,spot_7,Spot 7,Empty,2026-06-27T23:49:21.673139+00:00,,,,,,,,
2026-06-28T01:13:23.450112+00:00,spot_8,Spot 8,Occupied,2026-06-28T00:10:23.901515+00:00,2266,car,0.8747953176498413,3780,213.04421997070312,320.5068359375,273.1713562011719,350.22802734375
2026-06-28T01:13:23.450112+00:00,spot_9,Spot 9,Empty,2026-06-27T23:58:21.469762+00:00,,,,,,,,
2026-06-28T01:13:23.450112+00:00,spot_10,Spot 10,Empty,2026-06-28T00:10:23.901515+00:00,,,,,,,,
2026-06-28T01:13:23.450112+00:00,spot_11,Spot 11,Empty,2026-06-28T00:12:24.183484+00:00,,,,,,,,
2026-06-28T01:13:23.450112+00:00,spot_12,Spot 12,Empty,2026-06-28T00:07:24.795014+00:00,,,,,,,,
2026-06-28T01:13:23.450112+00:00,spot_13,Spot 13,Empty,2026-06-28T00:42:22.054695+00:00,,,,,,,,
2026-06-28T01:13:23.450112+00:00,spot_14,Spot 14,Occupied,2026-06-28T00:42:22.054695+00:00,2284,car,0.8630139827728271,1919,58.074676513671875,310.76458740234375,98.15252685546875,329.90057373046875
2026-06-28T01:13:23.450112+00:00,spot_15,Spot 15,Empty,2026-06-28T00:29:22.432600+00:00,,,,,,,,
2026-06-28T01:13:23.450112+00:00,spot_16,Spot 16,Empty,2026-06-28T00:40:23.007320+00:00,,,,,,,,
2026-06-28T01:13:23.450112+00:00,spot_17,Spot 17,Empty,2026-06-27T23:10:22.647728+00:00,,,,,,,,
2026-06-28T01:14:23.238148+00:00,spot_1,Spot 1,Occupied,2026-06-28T01:14:23.238148+00:00,2296,car,0.37679150700569153,239,565.095458984375,310.8258056640625,618.4937744140625,374.8939208984375
2026-06-28T01:14:23.238148+00:00,spot_2,Spot 2,Occupied,2026-06-28T01:13:23.450112+00:00,2193,car,0.8389627933502197,8820,502.20318603515625,319.1673278808594,547.8704223632812,364.3675842285156
2026-06-28T01:14:23.238148+00:00,spot_3,Spot 3,Empty,2026-06-27T22:45:22.600760+00:00,,,,,,,,
2026-06-28T01:14:23.238148+00:00,spot_4,Spot 4,Empty,2026-06-27T23:10:22.647728+00:00,,,,,,,,
2026-06-28T01:14:23.238148+00:00,spot_5,Spot 5,Occupied,2026-06-28T00:36:22.566457+00:00,2242,car,0.8823145031929016,5820,333.89654541015625,320.6163330078125,400.185546875,360.355712890625
2026-06-28T01:14:23.238148+00:00,spot_6,Spot 6,Occupied,2026-06-27T20:54:22.350568+00:00,2102,car,0.8749046921730042,16679,285.83843994140625,323.3353271484375,343.78265380859375,358.154296875
2026-06-28T01:14:23.238148+00:00,spot_7,Spot 7,Empty,2026-06-27T23:49:21.673139+00:00,,,,,,,,
2026-06-28T01:14:23.238148+00:00,spot_8,Spot 8,Occupied,2026-06-28T00:10:23.901515+00:00,2266,car,0.8897461891174316,3840,213.18658447265625,321.623779296875,272.98162841796875,350.58447265625
2026-06-28T01:14:23.238148+00:00,spot_9,Spot 9,Empty,2026-06-27T23:58:21.469762+00:00,,,,,,,,
2026-06-28T01:14:23.238148+00:00,spot_10,Spot 10,Empty,2026-06-28T00:10:23.901515+00:00,,,,,,,,
2026-06-28T01:14:23.238148+00:00,spot_11,Spot 11,Empty,2026-06-28T00:12:24.183484+00:00,,,,,,,,
2026-06-28T01:14:23.238148+00:00,spot_12,Spot 12,Empty,2026-06-28T00:07:24.795014+00:00,,,,,,,,
2026-06-28T01:14:23.238148+00:00,spot_13,Spot 13,Empty,2026-06-28T00:42:22.054695+00:00,,,,,,,,
2026-06-28T01:14:23.238148+00:00,spot_14,Spot 14,Occupied,2026-06-28T00:42:22.054695+00:00,2284,car,0.8663308620452881,1978,58.823631286621094,310.91949462890625,97.7414321899414,329.828125
2026-06-28T01:14:23.238148+00:00,spot_15,Spot 15,Empty,2026-06-28T00:29:22.432600+00:00,,,,,,,,
2026-06-28T01:14:23.238148+00:00,spot_16,Spot 16,Empty,2026-06-28T00:40:23.007320+00:00,,,,,,,,
2026-06-28T01:14:23.238148+00:00,spot_17,Spot 17,Empty,2026-06-27T23:10:22.647728+00:00,,,,,,,,
2026-06-28T01:15:34.785019+00:00,spot_1,Spot 1,Occupied,2026-06-28T01:15:34.785019+00:00,2298,car,0.4919857978820801,133,546.3837280273438,319.8249206542969,569.4884643554688,355.6379699707031
2026-06-28T01:15:34.785019+00:00,spot_2,Spot 2,Occupied,2026-06-28T01:13:23.450112+00:00,2193,car,0.8715076446533203,8894,501.93670654296875,319.8092956542969,545.2138061523438,364.7714538574219
2026-06-28T01:15:34.785019+00:00,spot_3,Spot 3,Empty,2026-06-27T22:45:22.600760+00:00,,,,,,,,
2026-06-28T01:15:34.785019+00:00,spot_4,Spot 4,Empty,2026-06-27T23:10:22.647728+00:00,,,,,,,,
2026-06-28T01:15:34.785019+00:00,spot_5,Spot 5,Occupied,2026-06-28T00:36:22.566457+00:00,2242,car,0.8633652925491333,5893,333.36102294921875,321.00299072265625,399.78839111328125,360.33123779296875
2026-06-28T01:15:34.785019+00:00,spot_6,Spot 6,Occupied,2026-06-27T20:54:22.350568+00:00,2102,car,0.8514158725738525,16752,285.86090087890625,323.28369140625,345.14886474609375,357.4547119140625
2026-06-28T01:15:34.785019+00:00,spot_7,Spot 7,Empty,2026-06-27T23:49:21.673139+00:00,,,,,,,,
2026-06-28T01:15:34.785019+00:00,spot_8,Spot 8,Occupied,2026-06-28T00:10:23.901515+00:00,2266,car,0.8777715563774109,3913,212.70486450195312,321.321044921875,272.8592834472656,350.64898681640625
2026-06-28T01:15:34.785019+00:00,spot_9,Spot 9,Empty,2026-06-27T23:58:21.469762+00:00,,,,,,,,
2026-06-28T01:15:34.785019+00:00,spot_10,Spot 10,Empty,2026-06-28T00:10:23.901515+00:00,,,,,,,,
2026-06-28T01:15:34.785019+00:00,spot_11,Spot 11,Empty,2026-06-28T00:12:24.183484+00:00,,,,,,,,
2026-06-28T01:15:34.785019+00:00,spot_12,Spot 12,Empty,2026-06-28T00:07:24.795014+00:00,,,,,,,,
2026-06-28T01:15:34.785019+00:00,spot_13,Spot 13,Empty,2026-06-28T00:42:22.054695+00:00,,,,,,,,
2026-06-28T01:15:34.785019+00:00,spot_14,Spot 14,Occupied,2026-06-28T00:42:22.054695+00:00,2284,car,0.8598523736000061,2052,58.93476104736328,310.68682861328125,98.38231658935547,330.03082275390625
2026-06-28T01:15:34.785019+00:00,spot_15,Spot 15,Empty,2026-06-28T00:29:22.432600+00:00,,,,,,,,
2026-06-28T01:15:34.785019+00:00,spot_16,Spot 16,Empty,2026-06-28T00:40:23.007320+00:00,,,,,,,,
2026-06-28T01:15:34.785019+00:00,spot_17,Spot 17,Empty,2026-06-27T23:10:22.647728+00:00,,,,,,,,
2026-06-28T01:16:22.690425+00:00,spot_1,Spot 1,Occupied,2026-06-28T01:16:22.690425+00:00,2299,truck,0.37881335616111755,45,547.722412109375,309.7814636230469,616.06640625,373.8043518066406
2026-06-28T01:16:22.690425+00:00,spot_2,Spot 2,Occupied,2026-06-28T01:13:23.450112+00:00,2193,car,0.8104183077812195,8939,502.75390625,319.6231689453125,546.109130859375,364.202392578125
2026-06-28T01:16:22.690425+00:00,spot_3,Spot 3,Empty,2026-06-27T22:45:22.600760+00:00,,,,,,,,
2026-06-28T01:16:22.690425+00:00,spot_4,Spot 4,Empty,2026-06-27T23:10:22.647728+00:00,,,,,,,,
2026-06-28T01:16:22.690425+00:00,spot_5,Spot 5,Occupied,2026-06-28T00:36:22.566457+00:00,2242,car,0.8279398679733276,5939,333.73699951171875,320.5056457519531,400.33917236328125,360.3271789550781
2026-06-28T01:16:22.690425+00:00,spot_6,Spot 6,Occupied,2026-06-27T20:54:22.350568+00:00,2102,car,0.8147006630897522,16798,286.3885498046875,324.177734375,343.5804443359375,357.3349609375
2026-06-28T01:16:22.690425+00:00,spot_7,Spot 7,Empty,2026-06-27T23:49:21.673139+00:00,,,,,,,,
2026-06-28T01:16:22.690425+00:00,spot_8,Spot 8,Occupied,2026-06-28T00:10:23.901515+00:00,2266,car,0.8187333941459656,3958,213.45999145507812,320.707275390625,269.4770812988281,350.04693603515625
2026-06-28T01:16:22.690425+00:00,spot_9,Spot 9,Empty,2026-06-27T23:58:21.469762+00:00,,,,,,,,
2026-06-28T01:16:22.690425+00:00,spot_10,Spot 10,Empty,2026-06-28T00:10:23.901515+00:00,,,,,,,,
2026-06-28T01:16:22.690425+00:00,spot_11,Spot 11,Empty,2026-06-28T00:12:24.183484+00:00,,,,,,,,
2026-06-28T01:16:22.690425+00:00,spot_12,Spot 12,Empty,2026-06-28T00:07:24.795014+00:00,,,,,,,,
2026-06-28T01:16:22.690425+00:00,spot_13,Spot 13,Empty,2026-06-28T00:42:22.054695+00:00,,,,,,,,
2026-06-28T01:16:22.690425+00:00,spot_14,Spot 14,Occupied,2026-06-28T00:42:22.054695+00:00,2284,car,0.8706240653991699,2097,58.64936447143555,310.6405334472656,98.15299987792969,330.0679626464844
2026-06-28T01:16:22.690425+00:00,spot_15,Spot 15,Empty,2026-06-28T00:29:22.432600+00:00,,,,,,,,
2026-06-28T01:16:22.690425+00:00,spot_16,Spot 16,Empty,2026-06-28T00:40:23.007320+00:00,,,,,,,,
2026-06-28T01:16:22.690425+00:00,spot_17,Spot 17,Empty,2026-06-27T23:10:22.647728+00:00,,,,,,,,
2026-06-28T01:17:23.636075+00:00,spot_1,Spot 1,Occupied,2026-06-28T01:17:23.636075+00:00,2298,car,0.44290071725845337,240,546.0826416015625,319.9791564941406,571.6551513671875,355.7843933105469
2026-06-28T01:17:23.636075+00:00,spot_2,Spot 2,Occupied,2026-06-28T01:13:23.450112+00:00,2193,car,0.8091466426849365,9002,502.71844482421875,323.6470947265625,544.8187866210938,364.22955322265625
2026-06-28T01:17:23.636075+00:00,spot_3,Spot 3,Empty,2026-06-27T22:45:22.600760+00:00,,,,,,,,
2026-06-28T01:17:23.636075+00:00,spot_4,Spot 4,Empty,2026-06-27T23:10:22.647728+00:00,,,,,,,,
2026-06-28T01:17:23.636075+00:00,spot_5,Spot 5,Occupied,2026-06-28T00:36:22.566457+00:00,2242,car,0.756517767906189,6001,334.0517578125,320.3851318359375,398.9990234375,359.71630859375
2026-06-28T01:17:23.636075+00:00,spot_6,Spot 6,Occupied,2026-06-27T20:54:22.350568+00:00,2102,car,0.8564562797546387,16860,286.23736572265625,323.94378662109375,338.8468017578125,357.42877197265625
2026-06-28T01:17:23.636075+00:00,spot_7,Spot 7,Empty,2026-06-27T23:49:21.673139+00:00,,,,,,,,
2026-06-28T01:17:23.636075+00:00,spot_8,Spot 8,Occupied,2026-06-28T00:10:23.901515+00:00,2266,car,0.8385404944419861,4021,213.83453369140625,321.0064697265625,272.84588623046875,350.26507568359375
2026-06-28T01:17:23.636075+00:00,spot_9,Spot 9,Empty,2026-06-27T23:58:21.469762+00:00,,,,,,,,
2026-06-28T01:17:23.636075+00:00,spot_10,Spot 10,Empty,2026-06-28T00:10:23.901515+00:00,,,,,,,,
2026-06-28T01:17:23.636075+00:00,spot_11,Spot 11,Empty,2026-06-28T00:12:24.183484+00:00,,,,,,,,
2026-06-28T01:17:23.636075+00:00,spot_12,Spot 12,Empty,2026-06-28T00:07:24.795014+00:00,,,,,,,,
2026-06-28T01:17:23.636075+00:00,spot_13,Spot 13,Empty,2026-06-28T00:42:22.054695+00:00,,,,,,,,
2026-06-28T01:17:23.636075+00:00,spot_14,Spot 14,Occupied,2026-06-28T00:42:22.054695+00:00,2284,car,0.8598734140396118,2160,58.14854431152344,310.740966796875,98.42716979980469,330.086669921875
2026-06-28T01:17:23.636075+00:00,spot_15,Spot 15,Empty,2026-06-28T00:29:22.432600+00:00,,,,,,,,
2026-06-28T01:17:23.636075+00:00,spot_16,Spot 16,Empty,2026-06-28T00:40:23.007320+00:00,,,,,,,,
2026-06-28T01:17:23.636075+00:00,spot_17,Spot 17,Empty,2026-06-27T23:10:22.647728+00:00,,,,,,,,
2026-06-28T01:18:22.452296+00:00,spot_1,Spot 1,Occupied,2026-06-28T01:17:23.636075+00:00,2298,car,0.35345563292503357,298,547.28173828125,319.8274841308594,570.6728515625,356.7318420410156
2026-06-28T01:18:22.452296+00:00,spot_2,Spot 2,Occupied,2026-06-28T01:13:23.450112+00:00,2193,car,0.833094596862793,9059,502.078125,322.75823974609375,544.117431640625,364.05694580078125
2026-06-28T01:18:22.452296+00:00,spot_3,Spot 3,Empty,2026-06-27T22:45:22.600760+00:00,,,,,,,,
2026-06-28T01:18:22.452296+00:00,spot_4,Spot 4,Empty,2026-06-27T23:10:22.647728+00:00,,,,,,,,
2026-06-28T01:18:22.452296+00:00,spot_5,Spot 5,Occupied,2026-06-28T00:36:22.566457+00:00,2242,car,0.7972081303596497,6059,334.08563232421875,321.1730651855469,400.20513916015625,360.1718444824219
2026-06-28T01:18:22.452296+00:00,spot_6,Spot 6,Occupied,2026-06-27T20:54:22.350568+00:00,2102,car,0.8430845141410828,16918,286.13153076171875,323.42559814453125,339.8505859375,357.2093505859375
2026-06-28T01:18:22.452296+00:00,spot_7,Spot 7,Empty,2026-06-27T23:49:21.673139+00:00,,,,,,,,
2026-06-28T01:18:22.452296+00:00,spot_8,Spot 8,Occupied,2026-06-28T00:10:23.901515+00:00,2266,car,0.8917593359947205,4079,213.09197998046875,321.31640625,272.9038391113281,350.213134765625
2026-06-28T01:18:22.452296+00:00,spot_9,Spot 9,Empty,2026-06-27T23:58:21.469762+00:00,,,,,,,,
2026-06-28T01:18:22.452296+00:00,spot_10,Spot 10,Empty,2026-06-28T00:10:23.901515+00:00,,,,,,,,
2026-06-28T01:18:22.452296+00:00,spot_11,Spot 11,Empty,2026-06-28T00:12:24.183484+00:00,,,,,,,,
2026-06-28T01:18:22.452296+00:00,spot_12,Spot 12,Empty,2026-06-28T00:07:24.795014+00:00,,,,,,,,
2026-06-28T01:18:22.452296+00:00,spot_13,Spot 13,Empty,2026-06-28T00:42:22.054695+00:00,,,,,,,,
2026-06-28T01:18:22.452296+00:00,spot_14,Spot 14,Occupied,2026-06-28T00:42:22.054695+00:00,2284,car,0.8642998337745667,2218,58.27938461303711,310.966064453125,98.01260375976562,330.04150390625
2026-06-28T01:18:22.452296+00:00,spot_15,Spot 15,Empty,2026-06-28T00:29:22.432600+00:00,,,,,,,,
2026-06-28T01:18:22.452296+00:00,spot_16,Spot 16,Empty,2026-06-28T00:40:23.007320+00:00,,,,,,,,
2026-06-28T01:18:22.452296+00:00,spot_17,Spot 17,Empty,2026-06-27T23:10:22.647728+00:00,,,,,,,,
2026-06-28T01:19:23.326489+00:00,spot_1,Spot 1,Empty,2026-06-28T01:19:23.326489+00:00,,,,,,,,
2026-06-28T01:19:23.326489+00:00,spot_2,Spot 2,Occupied,2026-06-28T01:13:23.450112+00:00,2193,car,0.8138335347175598,9121,501.9215087890625,319.357421875,548.680419921875,364.343505859375
2026-06-28T01:19:23.326489+00:00,spot_3,Spot 3,Empty,2026-06-27T22:45:22.600760+00:00,,,,,,,,
2026-06-28T01:19:23.326489+00:00,spot_4,Spot 4,Empty,2026-06-27T23:10:22.647728+00:00,,,,,,,,
2026-06-28T01:19:23.326489+00:00,spot_5,Spot 5,Occupied,2026-06-28T00:36:22.566457+00:00,2242,car,0.836728036403656,6120,333.5523986816406,320.9094543457031,396.5853576660156,360.1999816894531
2026-06-28T01:19:23.326489+00:00,spot_6,Spot 6,Occupied,2026-06-27T20:54:22.350568+00:00,2102,car,0.8468487858772278,16979,285.7251892089844,323.3104248046875,342.5915832519531,357.30670166015625
2026-06-28T01:19:23.326489+00:00,spot_7,Spot 7,Empty,2026-06-27T23:49:21.673139+00:00,,,,,,,,
2026-06-28T01:19:23.326489+00:00,spot_8,Spot 8,Occupied,2026-06-28T00:10:23.901515+00:00,2266,car,0.8669679760932922,4140,213.30584716796875,321.0537414550781,272.7845458984375,350.5848693847656
2026-06-28T01:19:23.326489+00:00,spot_9,Spot 9,Empty,2026-06-27T23:58:21.469762+00:00,,,,,,,,
2026-06-28T01:19:23.326489+00:00,spot_10,Spot 10,Empty,2026-06-28T00:10:23.901515+00:00,,,,,,,,
2026-06-28T01:19:23.326489+00:00,spot_11,Spot 11,Empty,2026-06-28T00:12:24.183484+00:00,,,,,,,,
2026-06-28T01:19:23.326489+00:00,spot_12,Spot 12,Empty,2026-06-28T00:07:24.795014+00:00,,,,,,,,
2026-06-28T01:19:23.326489+00:00,spot_13,Spot 13,Empty,2026-06-28T00:42:22.054695+00:00,,,,,,,,
2026-06-28T01:19:23.326489+00:00,spot_14,Spot 14,Occupied,2026-06-28T00:42:22.054695+00:00,2284,car,0.8635185956954956,2279,58.72142028808594,310.8351135253906,98.02886962890625,330.0588073730469
2026-06-28T01:19:23.326489+00:00,spot_15,Spot 15,Empty,2026-06-28T00:29:22.432600+00:00,,,,,,,,
2026-06-28T01:19:23.326489+00:00,spot_16,Spot 16,Empty,2026-06-28T00:40:23.007320+00:00,,,,,,,,
2026-06-28T01:19:23.326489+00:00,spot_17,Spot 17,Empty,2026-06-27T23:10:22.647728+00:00,,,,,,,,
2026-06-28T01:20:23.600429+00:00,spot_1,Spot 1,Empty,2026-06-28T01:19:23.326489+00:00,,,,,,,,
2026-06-28T01:20:23.600429+00:00,spot_2,Spot 2,Occupied,2026-06-28T01:13:23.450112+00:00,2193,car,0.7641556859016418,9180,502.30731201171875,320.26336669921875,546.0900268554688,364.07244873046875
2026-06-28T01:20:23.600429+00:00,spot_3,Spot 3,Empty,2026-06-27T22:45:22.600760+00:00,,,,,,,,
2026-06-28T01:20:23.600429+00:00,spot_4,Spot 4,Empty,2026-06-27T23:10:22.647728+00:00,,,,,,,,
2026-06-28T01:20:23.600429+00:00,spot_5,Spot 5,Occupied,2026-06-28T00:36:22.566457+00:00,2242,car,0.7858361005783081,6179,333.7772216796875,320.69879150390625,398.0770263671875,360.3773193359375
2026-06-28T01:20:23.600429+00:00,spot_6,Spot 6,Occupied,2026-06-27T20:54:22.350568+00:00,2102,car,0.8708488941192627,17039,285.8814697265625,323.3665771484375,341.25262451171875,357.1490478515625
2026-06-28T01:20:23.600429+00:00,spot_7,Spot 7,Empty,2026-06-27T23:49:21.673139+00:00,,,,,,,,
2026-06-28T01:20:23.600429+00:00,spot_8,Spot 8,Occupied,2026-06-28T00:10:23.901515+00:00,2266,car,0.8835228681564331,4199,213.2928466796875,321.47601318359375,273.3338623046875,350.00689697265625
2026-06-28T01:20:23.600429+00:00,spot_9,Spot 9,Empty,2026-06-27T23:58:21.469762+00:00,,,,,,,,
2026-06-28T01:20:23.600429+00:00,spot_10,Spot 10,Empty,2026-06-28T00:10:23.901515+00:00,,,,,,,,
2026-06-28T01:20:23.600429+00:00,spot_11,Spot 11,Empty,2026-06-28T00:12:24.183484+00:00,,,,,,,,
2026-06-28T01:20:23.600429+00:00,spot_12,Spot 12,Empty,2026-06-28T00:07:24.795014+00:00,,,,,,,,
2026-06-28T01:20:23.600429+00:00,spot_13,Spot 13,Empty,2026-06-28T00:42:22.054695+00:00,,,,,,,,
2026-06-28T01:20:23.600429+00:00,spot_14,Spot 14,Occupied,2026-06-28T00:42:22.054695+00:00,2284,car,0.8521791696548462,2338,58.60389709472656,310.7917785644531,97.97325134277344,330.0474548339844
2026-06-28T01:20:23.600429+00:00,spot_15,Spot 15,Empty,2026-06-28T00:29:22.432600+00:00,,,,,,,,
2026-06-28T01:20:23.600429+00:00,spot_16,Spot 16,Empty,2026-06-28T00:40:23.007320+00:00,,,,,,,,
2026-06-28T01:20:23.600429+00:00,spot_17,Spot 17,Empty,2026-06-27T23:10:22.647728+00:00,,,,,,,,
2026-06-28T01:21:22.411606+00:00,spot_1,Spot 1,Empty,2026-06-28T01:19:23.326489+00:00,,,,,,,,
2026-06-28T01:21:22.411606+00:00,spot_2,Spot 2,Occupied,2026-06-28T01:13:23.450112+00:00,2193,car,0.7641556859016418,9240,502.30731201171875,320.26336669921875,546.0900268554688,364.07244873046875
2026-06-28T01:21:22.411606+00:00,spot_3,Spot 3,Empty,2026-06-27T22:45:22.600760+00:00,,,,,,,,
2026-06-28T01:21:22.411606+00:00,spot_4,Spot 4,Empty,2026-06-27T23:10:22.647728+00:00,,,,,,,,
2026-06-28T01:21:22.411606+00:00,spot_5,Spot 5,Occupied,2026-06-28T00:36:22.566457+00:00,2242,car,0.7858361005783081,6239,333.7772216796875,320.69879150390625,398.0770263671875,360.3773193359375
2026-06-28T01:21:22.411606+00:00,spot_6,Spot 6,Occupied,2026-06-27T20:54:22.350568+00:00,2102,car,0.8708488941192627,17098,285.8814697265625,323.3665771484375,341.25262451171875,357.1490478515625
2026-06-28T01:21:22.411606+00:00,spot_7,Spot 7,Empty,2026-06-27T23:49:21.673139+00:00,,,,,,,,
2026-06-28T01:21:22.411606+00:00,spot_8,Spot 8,Occupied,2026-06-28T00:10:23.901515+00:00,2266,car,0.8835228681564331,4259,213.2928466796875,321.47601318359375,273.3338623046875,350.00689697265625
2026-06-28T01:21:22.411606+00:00,spot_9,Spot 9,Empty,2026-06-27T23:58:21.469762+00:00,,,,,,,,
2026-06-28T01:21:22.411606+00:00,spot_10,Spot 10,Empty,2026-06-28T00:10:23.901515+00:00,,,,,,,,
2026-06-28T01:21:22.411606+00:00,spot_11,Spot 11,Empty,2026-06-28T00:12:24.183484+00:00,,,,,,,,
2026-06-28T01:21:22.411606+00:00,spot_12,Spot 12,Empty,2026-06-28T00:07:24.795014+00:00,,,,,,,,
2026-06-28T01:21:22.411606+00:00,spot_13,Spot 13,Empty,2026-06-28T00:42:22.054695+00:00,,,,,,,,
2026-06-28T01:21:22.411606+00:00,spot_14,Spot 14,Occupied,2026-06-28T00:42:22.054695+00:00,2284,car,0.8521791696548462,2398,58.60389709472656,310.7917785644531,97.97325134277344,330.0474548339844
2026-06-28T01:21:22.411606+00:00,spot_15,Spot 15,Empty,2026-06-28T00:29:22.432600+00:00,,,,,,,,
2026-06-28T01:21:22.411606+00:00,spot_16,Spot 16,Empty,2026-06-28T00:40:23.007320+00:00,,,,,,,,
2026-06-28T01:21:22.411606+00:00,spot_17,Spot 17,Empty,2026-06-27T23:10:22.647728+00:00,,,,,,,,
2026-06-28T01:22:23.212997+00:00,spot_1,Spot 1,Empty,2026-06-28T01:19:23.326489+00:00,,,,,,,,
2026-06-28T01:22:23.212997+00:00,spot_2,Spot 2,Occupied,2026-06-28T01:22:23.212997+00:00,2301,truck,0.4420563578605652,0,502.4503173828125,319.4527587890625,548.2845458984375,363.9901123046875
2026-06-28T01:22:23.212997+00:00,spot_3,Spot 3,Empty,2026-06-27T22:45:22.600760+00:00,,,,,,,,
2026-06-28T01:22:23.212997+00:00,spot_4,Spot 4,Empty,2026-06-27T23:10:22.647728+00:00,,,,,,,,
2026-06-28T01:22:23.212997+00:00,spot_5,Spot 5,Occupied,2026-06-28T00:36:22.566457+00:00,2242,car,0.8284685015678406,6300,333.982421875,320.94927978515625,400.004150390625,360.13299560546875
2026-06-28T01:22:23.212997+00:00,spot_6,Spot 6,Occupied,2026-06-27T20:54:22.350568+00:00,2102,car,0.8801444172859192,17159,285.96368408203125,323.72454833984375,338.13580322265625,357.75433349609375
2026-06-28T01:22:23.212997+00:00,spot_7,Spot 7,Empty,2026-06-27T23:49:21.673139+00:00,,,,,,,,
2026-06-28T01:22:23.212997+00:00,spot_8,Spot 8,Occupied,2026-06-28T00:10:23.901515+00:00,2266,car,0.8882780075073242,4320,213.69769287109375,320.95355224609375,272.1900329589844,350.54534912109375
2026-06-28T01:22:23.212997+00:00,spot_9,Spot 9,Empty,2026-06-27T23:58:21.469762+00:00,,,,,,,,
2026-06-28T01:22:23.212997+00:00,spot_10,Spot 10,Empty,2026-06-28T00:10:23.901515+00:00,,,,,,,,
2026-06-28T01:22:23.212997+00:00,spot_11,Spot 11,Empty,2026-06-28T00:12:24.183484+00:00,,,,,,,,
2026-06-28T01:22:23.212997+00:00,spot_12,Spot 12,Empty,2026-06-28T00:07:24.795014+00:00,,,,,,,,
2026-06-28T01:22:23.212997+00:00,spot_13,Spot 13,Empty,2026-06-28T00:42:22.054695+00:00,,,,,,,,
2026-06-28T01:22:23.212997+00:00,spot_14,Spot 14,Occupied,2026-06-28T00:42:22.054695+00:00,2284,car,0.8689209222793579,2459,58.74274444580078,310.8348083496094,98.25434112548828,329.8977355957031
2026-06-28T01:22:23.212997+00:00,spot_15,Spot 15,Empty,2026-06-28T00:29:22.432600+00:00,,,,,,,,
2026-06-28T01:22:23.212997+00:00,spot_16,Spot 16,Empty,2026-06-28T00:40:23.007320+00:00,,,,,,,,
2026-06-28T01:22:23.212997+00:00,spot_17,Spot 17,Empty,2026-06-27T23:10:22.647728+00:00,,,,,,,,
2026-06-28T01:23:23.828578+00:00,spot_1,Spot 1,Empty,2026-06-28T01:19:23.326489+00:00,,,,,,,,
2026-06-28T01:23:23.828578+00:00,spot_2,Spot 2,Occupied,2026-06-28T01:23:23.828578+00:00,2193,car,0.8277888894081116,9361,501.97735595703125,319.71612548828125,548.1869506835938,364.26116943359375
2026-06-28T01:23:23.828578+00:00,spot_3,Spot 3,Empty,2026-06-27T22:45:22.600760+00:00,,,,,,,,
2026-06-28T01:23:23.828578+00:00,spot_4,Spot 4,Empty,2026-06-27T23:10:22.647728+00:00,,,,,,,,
2026-06-28T01:23:23.828578+00:00,spot_5,Spot 5,Occupied,2026-06-28T00:36:22.566457+00:00,2242,car,0.7270498275756836,6360,334.320068359375,321.0335693359375,395.791259765625,360.235595703125
2026-06-28T01:23:23.828578+00:00,spot_6,Spot 6,Occupied,2026-06-27T20:54:22.350568+00:00,2102,car,0.8276879787445068,17219,286.4881591796875,323.061279296875,341.5030517578125,357.49127197265625
2026-06-28T01:23:23.828578+00:00,spot_7,Spot 7,Empty,2026-06-27T23:49:21.673139+00:00,,,,,,,,
2026-06-28T01:23:23.828578+00:00,spot_8,Spot 8,Occupied,2026-06-28T00:10:23.901515+00:00,2266,car,0.8702095150947571,4380,213.0760498046875,321.67724609375,273.2449035644531,350.3740234375
2026-06-28T01:23:23.828578+00:00,spot_9,Spot 9,Empty,2026-06-27T23:58:21.469762+00:00,,,,,,,,
2026-06-28T01:23:23.828578+00:00,spot_10,Spot 10,Empty,2026-06-28T00:10:23.901515+00:00,,,,,,,,
2026-06-28T01:23:23.828578+00:00,spot_11,Spot 11,Empty,2026-06-28T00:12:24.183484+00:00,,,,,,,,
2026-06-28T01:23:23.828578+00:00,spot_12,Spot 12,Empty,2026-06-28T00:07:24.795014+00:00,,,,,,,,
2026-06-28T01:23:23.828578+00:00,spot_13,Spot 13,Empty,2026-06-28T00:42:22.054695+00:00,,,,,,,,
2026-06-28T01:23:23.828578+00:00,spot_14,Spot 14,Occupied,2026-06-28T00:42:22.054695+00:00,2284,car,0.8405407667160034,2519,58.614559173583984,310.83990478515625,97.7325439453125,329.88922119140625
2026-06-28T01:23:23.828578+00:00,spot_15,Spot 15,Empty,2026-06-28T00:29:22.432600+00:00,,,,,,,,
2026-06-28T01:23:23.828578+00:00,spot_16,Spot 16,Empty,2026-06-28T00:40:23.007320+00:00,,,,,,,,
2026-06-28T01:23:23.828578+00:00,spot_17,Spot 17,Empty,2026-06-27T23:10:22.647728+00:00,,,,,,,,
2026-06-28T01:24:23.126994+00:00,spot_1,Spot 1,Empty,2026-06-28T01:19:23.326489+00:00,,,,,,,,
2026-06-28T01:24:23.126994+00:00,spot_2,Spot 2,Occupied,2026-06-28T01:23:23.828578+00:00,2193,car,0.677832305431366,9421,502.674560546875,321.17559814453125,548.4150390625,363.79522705078125
2026-06-28T01:24:23.126994+00:00,spot_3,Spot 3,Empty,2026-06-27T22:45:22.600760+00:00,,,,,,,,
2026-06-28T01:24:23.126994+00:00,spot_4,Spot 4,Empty,2026-06-27T23:10:22.647728+00:00,,,,,,,,
2026-06-28T01:24:23.126994+00:00,spot_5,Spot 5,Occupied,2026-06-28T00:36:22.566457+00:00,2242,car,0.8454837203025818,6420,333.70733642578125,320.6878356933594,400.41961669921875,360.5180358886719
2026-06-28T01:24:23.126994+00:00,spot_6,Spot 6,Occupied,2026-06-27T20:54:22.350568+00:00,2102,car,0.8015758395195007,17279,286.1637268066406,323.96966552734375,343.5215759277344,357.77435302734375
2026-06-28T01:24:23.126994+00:00,spot_7,Spot 7,Empty,2026-06-27T23:49:21.673139+00:00,,,,,,,,
2026-06-28T01:24:23.126994+00:00,spot_8,Spot 8,Occupied,2026-06-28T00:10:23.901515+00:00,2266,car,0.8730073571205139,4440,213.3779296875,321.0479736328125,272.6258239746094,350.268798828125
2026-06-28T01:24:23.126994+00:00,spot_9,Spot 9,Empty,2026-06-27T23:58:21.469762+00:00,,,,,,,,
2026-06-28T01:24:23.126994+00:00,spot_10,Spot 10,Empty,2026-06-28T00:10:23.901515+00:00,,,,,,,,
2026-06-28T01:24:23.126994+00:00,spot_11,Spot 11,Empty,2026-06-28T00:12:24.183484+00:00,,,,,,,,
2026-06-28T01:24:23.126994+00:00,spot_12,Spot 12,Empty,2026-06-28T00:07:24.795014+00:00,,,,,,,,
2026-06-28T01:24:23.126994+00:00,spot_13,Spot 13,Empty,2026-06-28T00:42:22.054695+00:00,,,,,,,,
2026-06-28T01:24:23.126994+00:00,spot_14,Spot 14,Occupied,2026-06-28T00:42:22.054695+00:00,2284,car,0.868545413017273,2579,58.74681091308594,310.91375732421875,98.13888549804688,330.0672607421875
2026-06-28T01:24:23.126994+00:00,spot_15,Spot 15,Empty,2026-06-28T00:29:22.432600+00:00,,,,,,,,
2026-06-28T01:24:23.126994+00:00,spot_16,Spot 16,Empty,2026-06-28T00:40:23.007320+00:00,,,,,,,,
2026-06-28T01:24:23.126994+00:00,spot_17,Spot 17,Empty,2026-06-27T23:10:22.647728+00:00,,,,,,,,
2026-06-28T01:25:29.867472+00:00,spot_1,Spot 1,Empty,2026-06-28T01:19:23.326489+00:00,,,,,,,,
2026-06-28T01:25:29.867472+00:00,spot_2,Spot 2,Occupied,2026-06-28T01:25:29.867472+00:00,2302,truck,0.4560543894767761,0,502.0584716796875,319.17095947265625,548.8001708984375,363.90460205078125
2026-06-28T01:25:29.867472+00:00,spot_3,Spot 3,Empty,2026-06-27T22:45:22.600760+00:00,,,,,,,,
2026-06-28T01:25:29.867472+00:00,spot_4,Spot 4,Empty,2026-06-27T23:10:22.647728+00:00,,,,,,,,
2026-06-28T01:25:29.867472+00:00,spot_5,Spot 5,Occupied,2026-06-28T00:36:22.566457+00:00,2242,car,0.8221492171287537,6489,333.64605712890625,320.94732666015625,400.39630126953125,360.60076904296875
2026-06-28T01:25:29.867472+00:00,spot_6,Spot 6,Occupied,2026-06-27T20:54:22.350568+00:00,2102,car,0.8485625982284546,17348,286.01312255859375,323.6682434082031,341.92401123046875,357.8369445800781
2026-06-28T01:25:29.867472+00:00,spot_7,Spot 7,Empty,2026-06-27T23:49:21.673139+00:00,,,,,,,,
2026-06-28T01:25:29.867472+00:00,spot_8,Spot 8,Occupied,2026-06-28T00:10:23.901515+00:00,2266,car,0.891136646270752,4509,213.53219604492188,321.40716552734375,273.1874084472656,350.397216796875
2026-06-28T01:25:29.867472+00:00,spot_9,Spot 9,Empty,2026-06-27T23:58:21.469762+00:00,,,,,,,,
2026-06-28T01:25:29.867472+00:00,spot_10,Spot 10,Empty,2026-06-28T00:10:23.901515+00:00,,,,,,,,
2026-06-28T01:25:29.867472+00:00,spot_11,Spot 11,Empty,2026-06-28T00:12:24.183484+00:00,,,,,,,,
2026-06-28T01:25:29.867472+00:00,spot_12,Spot 12,Empty,2026-06-28T00:07:24.795014+00:00,,,,,,,,
2026-06-28T01:25:29.867472+00:00,spot_13,Spot 13,Empty,2026-06-28T00:42:22.054695+00:00,,,,,,,,
2026-06-28T01:25:29.867472+00:00,spot_14,Spot 14,Occupied,2026-06-28T00:42:22.054695+00:00,2284,car,0.8728305101394653,2648,59.15248107910156,310.9328918457031,97.98661804199219,330.0560607910156
2026-06-28T01:25:29.867472+00:00,spot_15,Spot 15,Empty,2026-06-28T00:29:22.432600+00:00,,,,,,,,
2026-06-28T01:25:29.867472+00:00,spot_16,Spot 16,Empty,2026-06-28T00:40:23.007320+00:00,,,,,,,,
2026-06-28T01:25:29.867472+00:00,spot_17,Spot 17,Empty,2026-06-27T23:10:22.647728+00:00,,,,,,,,
2026-06-28T01:26:23.439788+00:00,spot_1,Spot 1,Empty,2026-06-28T01:19:23.326489+00:00,,,,,,,,
2026-06-28T01:26:23.439788+00:00,spot_2,Spot 2,Occupied,2026-06-28T01:26:23.439788+00:00,2193,car,0.8098611235618591,9545,502.1746826171875,319.5791015625,548.6661376953125,363.93603515625
2026-06-28T01:26:23.439788+00:00,spot_3,Spot 3,Empty,2026-06-27T22:45:22.600760+00:00,,,,,,,,
2026-06-28T01:26:23.439788+00:00,spot_4,Spot 4,Empty,2026-06-27T23:10:22.647728+00:00,,,,,,,,
2026-06-28T01:26:23.439788+00:00,spot_5,Spot 5,Occupied,2026-06-28T01:26:23.439788+00:00,2303,truck,0.43825098872184753,0,333.6484375,320.7530517578125,398.359375,359.53271484375
2026-06-28T01:26:23.439788+00:00,spot_6,Spot 6,Occupied,2026-06-27T20:54:22.350568+00:00,2102,car,0.8666852116584778,17403,286.2130432128906,323.52435302734375,337.2515563964844,357.32525634765625
2026-06-28T01:26:23.439788+00:00,spot_7,Spot 7,Empty,2026-06-27T23:49:21.673139+00:00,,,,,,,,
2026-06-28T01:26:23.439788+00:00,spot_8,Spot 8,Occupied,2026-06-28T00:10:23.901515+00:00,2266,car,0.8856608867645264,4564,213.31072998046875,320.69647216796875,272.2037353515625,350.30218505859375
2026-06-28T01:26:23.439788+00:00,spot_9,Spot 9,Empty,2026-06-27T23:58:21.469762+00:00,,,,,,,,
2026-06-28T01:26:23.439788+00:00,spot_10,Spot 10,Empty,2026-06-28T00:10:23.901515+00:00,,,,,,,,
2026-06-28T01:26:23.439788+00:00,spot_11,Spot 11,Empty,2026-06-28T00:12:24.183484+00:00,,,,,,,,
2026-06-28T01:26:23.439788+00:00,spot_12,Spot 12,Empty,2026-06-28T00:07:24.795014+00:00,,,,,,,,
2026-06-28T01:26:23.439788+00:00,spot_13,Spot 13,Empty,2026-06-28T00:42:22.054695+00:00,,,,,,,,
2026-06-28T01:26:23.439788+00:00,spot_14,Spot 14,Occupied,2026-06-28T00:42:22.054695+00:00,2284,car,0.8602599501609802,2703,58.7379150390625,310.573974609375,99.5770263671875,330.03900146484375
2026-06-28T01:26:23.439788+00:00,spot_15,Spot 15,Empty,2026-06-28T00:29:22.432600+00:00,,,,,,,,
2026-06-28T01:26:23.439788+00:00,spot_16,Spot 16,Empty,2026-06-28T00:40:23.007320+00:00,,,,,,,,
2026-06-28T01:26:23.439788+00:00,spot_17,Spot 17,Empty,2026-06-27T23:10:22.647728+00:00,,,,,,,,
2026-06-28T01:27:22.934359+00:00,spot_1,Spot 1,Empty,2026-06-28T01:19:23.326489+00:00,,,,,,,,
2026-06-28T01:27:22.934359+00:00,spot_2,Spot 2,Occupied,2026-06-28T01:26:23.439788+00:00,2193,car,0.7567490339279175,9601,502.1129150390625,318.8501281738281,548.7305908203125,364.4101867675781
2026-06-28T01:27:22.934359+00:00,spot_3,Spot 3,Empty,2026-06-27T22:45:22.600760+00:00,,,,,,,,
2026-06-28T01:27:22.934359+00:00,spot_4,Spot 4,Empty,2026-06-27T23:10:22.647728+00:00,,,,,,,,
2026-06-28T01:27:22.934359+00:00,spot_5,Spot 5,Occupied,2026-06-28T01:27:22.934359+00:00,2242,car,0.5487691164016724,6600,333.661865234375,320.55419921875,399.8560791015625,360.5963134765625
2026-06-28T01:27:22.934359+00:00,spot_6,Spot 6,Occupied,2026-06-27T20:54:22.350568+00:00,2102,car,0.8668767213821411,17459,285.9236755371094,324.115234375,341.5195007324219,357.21728515625
2026-06-28T01:27:22.934359+00:00,spot_7,Spot 7,Empty,2026-06-27T23:49:21.673139+00:00,,,,,,,,
2026-06-28T01:27:22.934359+00:00,spot_8,Spot 8,Occupied,2026-06-28T00:10:23.901515+00:00,2266,car,0.8938964009284973,4620,213.42889404296875,320.59881591796875,273.0379638671875,350.42803955078125
2026-06-28T01:27:22.934359+00:00,spot_9,Spot 9,Empty,2026-06-27T23:58:21.469762+00:00,,,,,,,,
2026-06-28T01:27:22.934359+00:00,spot_10,Spot 10,Empty,2026-06-28T00:10:23.901515+00:00,,,,,,,,
2026-06-28T01:27:22.934359+00:00,spot_11,Spot 11,Empty,2026-06-28T00:12:24.183484+00:00,,,,,,,,
2026-06-28T01:27:22.934359+00:00,spot_12,Spot 12,Empty,2026-06-28T00:07:24.795014+00:00,,,,,,,,
2026-06-28T01:27:22.934359+00:00,spot_13,Spot 13,Empty,2026-06-28T00:42:22.054695+00:00,,,,,,,,
2026-06-28T01:27:22.934359+00:00,spot_14,Spot 14,Occupied,2026-06-28T00:42:22.054695+00:00,2284,car,0.8509899377822876,2759,58.3265495300293,310.7021179199219,99.17353820800781,330.1283264160156
2026-06-28T01:27:22.934359+00:00,spot_15,Spot 15,Empty,2026-06-28T00:29:22.432600+00:00,,,,,,,,
2026-06-28T01:27:22.934359+00:00,spot_16,Spot 16,Empty,2026-06-28T00:40:23.007320+00:00,,,,,,,,
2026-06-28T01:27:22.934359+00:00,spot_17,Spot 17,Empty,2026-06-27T23:10:22.647728+00:00,,,,,,,,
2026-06-28T01:28:23.434728+00:00,spot_1,Spot 1,Empty,2026-06-28T01:19:23.326489+00:00,,,,,,,,
2026-06-28T01:28:23.434728+00:00,spot_2,Spot 2,Occupied,2026-06-28T01:26:23.439788+00:00,2193,car,0.7967065572738647,9661,502.0694580078125,319.21429443359375,548.1046142578125,364.05316162109375
2026-06-28T01:28:23.434728+00:00,spot_3,Spot 3,Empty,2026-06-27T22:45:22.600760+00:00,,,,,,,,
2026-06-28T01:28:23.434728+00:00,spot_4,Spot 4,Empty,2026-06-27T23:10:22.647728+00:00,,,,,,,,
2026-06-28T01:28:23.434728+00:00,spot_5,Spot 5,Occupied,2026-06-28T01:28:23.434728+00:00,2303,truck,0.4911774694919586,116,333.2753601074219,320.727294921875,400.3517761230469,360.419189453125
2026-06-28T01:28:23.434728+00:00,spot_6,Spot 6,Occupied,2026-06-27T20:54:22.350568+00:00,2102,car,0.8625290393829346,17520,285.7900085449219,323.8147277832031,342.6047668457031,357.3974914550781
2026-06-28T01:28:23.434728+00:00,spot_7,Spot 7,Empty,2026-06-27T23:49:21.673139+00:00,,,,,,,,
2026-06-28T01:28:23.434728+00:00,spot_8,Spot 8,Occupied,2026-06-28T00:10:23.901515+00:00,2266,car,0.8714624643325806,4680,212.96206665039062,322.15240478515625,272.5388488769531,350.15252685546875
2026-06-28T01:28:23.434728+00:00,spot_9,Spot 9,Empty,2026-06-27T23:58:21.469762+00:00,,,,,,,,
2026-06-28T01:28:23.434728+00:00,spot_10,Spot 10,Empty,2026-06-28T00:10:23.901515+00:00,,,,,,,,
2026-06-28T01:28:23.434728+00:00,spot_11,Spot 11,Empty,2026-06-28T00:12:24.183484+00:00,,,,,,,,
2026-06-28T01:28:23.434728+00:00,spot_12,Spot 12,Empty,2026-06-28T00:07:24.795014+00:00,,,,,,,,
2026-06-28T01:28:23.434728+00:00,spot_13,Spot 13,Empty,2026-06-28T00:42:22.054695+00:00,,,,,,,,
2026-06-28T01:28:23.434728+00:00,spot_14,Spot 14,Occupied,2026-06-28T00:42:22.054695+00:00,2284,car,0.856086254119873,2819,58.63758850097656,310.5491638183594,97.70326232910156,330.0075988769531
2026-06-28T01:28:23.434728+00:00,spot_15,Spot 15,Empty,2026-06-28T00:29:22.432600+00:00,,,,,,,,
2026-06-28T01:28:23.434728+00:00,spot_16,Spot 16,Empty,2026-06-28T00:40:23.007320+00:00,,,,,,,,
2026-06-28T01:28:23.434728+00:00,spot_17,Spot 17,Empty,2026-06-27T23:10:22.647728+00:00,,,,,,,,
2026-06-28T01:29:23.939642+00:00,spot_1,Spot 1,Empty,2026-06-28T01:19:23.326489+00:00,,,,,,,,
2026-06-28T01:29:23.939642+00:00,spot_2,Spot 2,Occupied,2026-06-28T01:26:23.439788+00:00,2193,car,0.5812773108482361,9721,502.0498962402344,320.2307434082031,547.1824951171875,363.5739440917969
2026-06-28T01:29:23.939642+00:00,spot_3,Spot 3,Empty,2026-06-27T22:45:22.600760+00:00,,,,,,,,
2026-06-28T01:29:23.939642+00:00,spot_4,Spot 4,Empty,2026-06-27T23:10:22.647728+00:00,,,,,,,,
2026-06-28T01:29:23.939642+00:00,spot_5,Spot 5,Occupied,2026-06-28T01:29:23.939642+00:00,2242,car,0.8051968216896057,6720,334.33209228515625,320.7369689941406,396.92962646484375,360.1299743652344
2026-06-28T01:29:23.939642+00:00,spot_6,Spot 6,Occupied,2026-06-27T20:54:22.350568+00:00,2102,car,0.835319459438324,17579,286.1588134765625,324.04833984375,339.211181640625,357.4010009765625
2026-06-28T01:29:23.939642+00:00,spot_7,Spot 7,Empty,2026-06-27T23:49:21.673139+00:00,,,,,,,,
2026-06-28T01:29:23.939642+00:00,spot_8,Spot 8,Occupied,2026-06-28T00:10:23.901515+00:00,2266,car,0.882988691329956,4740,213.80178833007812,321.5072021484375,272.9994201660156,350.5869140625
2026-06-28T01:29:23.939642+00:00,spot_9,Spot 9,Empty,2026-06-27T23:58:21.469762+00:00,,,,,,,,
2026-06-28T01:29:23.939642+00:00,spot_10,Spot 10,Empty,2026-06-28T00:10:23.901515+00:00,,,,,,,,
2026-06-28T01:29:23.939642+00:00,spot_11,Spot 11,Empty,2026-06-28T00:12:24.183484+00:00,,,,,,,,
2026-06-28T01:29:23.939642+00:00,spot_12,Spot 12,Empty,2026-06-28T00:07:24.795014+00:00,,,,,,,,
2026-06-28T01:29:23.939642+00:00,spot_13,Spot 13,Empty,2026-06-28T00:42:22.054695+00:00,,,,,,,,
2026-06-28T01:29:23.939642+00:00,spot_14,Spot 14,Occupied,2026-06-28T00:42:22.054695+00:00,2284,car,0.8533784747123718,2879,58.683135986328125,310.8059387207031,97.84761047363281,329.6796569824219
2026-06-28T01:29:23.939642+00:00,spot_15,Spot 15,Empty,2026-06-28T00:29:22.432600+00:00,,,,,,,,
2026-06-28T01:29:23.939642+00:00,spot_16,Spot 16,Empty,2026-06-28T00:40:23.007320+00:00,,,,,,,,
2026-06-28T01:29:23.939642+00:00,spot_17,Spot 17,Empty,2026-06-27T23:10:22.647728+00:00,,,,,,,,
2026-06-28T01:30:26.977794+00:00,spot_1,Spot 1,Empty,2026-06-28T01:19:23.326489+00:00,,,,,,,,
2026-06-28T01:30:26.977794+00:00,spot_2,Spot 2,Occupied,2026-06-28T01:26:23.439788+00:00,2193,car,0.7926937341690063,9784,501.818115234375,320.4478759765625,546.0789794921875,363.9066162109375
2026-06-28T01:30:26.977794+00:00,spot_3,Spot 3,Empty,2026-06-27T22:45:22.600760+00:00,,,,,,,,
2026-06-28T01:30:26.977794+00:00,spot_4,Spot 4,Empty,2026-06-27T23:10:22.647728+00:00,,,,,,,,
2026-06-28T01:30:26.977794+00:00,spot_5,Spot 5,Occupied,2026-06-28T01:29:23.939642+00:00,2242,car,0.8016401529312134,6783,334.12298583984375,321.0848693847656,400.43780517578125,360.1966247558594
2026-06-28T01:30:26.977794+00:00,spot_6,Spot 6,Occupied,2026-06-27T20:54:22.350568+00:00,2102,car,0.8635416626930237,17642,285.982666015625,323.20166015625,340.07977294921875,357.3419189453125
2026-06-28T01:30:26.977794+00:00,spot_7,Spot 7,Empty,2026-06-27T23:49:21.673139+00:00,,,,,,,,
2026-06-28T01:30:26.977794+00:00,spot_8,Spot 8,Occupied,2026-06-28T00:10:23.901515+00:00,2266,car,0.8733511567115784,4803,213.36782836914062,321.716552734375,272.2864990234375,350.1072998046875
2026-06-28T01:30:26.977794+00:00,spot_9,Spot 9,Empty,2026-06-27T23:58:21.469762+00:00,,,,,,,,
2026-06-28T01:30:26.977794+00:00,spot_10,Spot 10,Empty,2026-06-28T00:10:23.901515+00:00,,,,,,,,
2026-06-28T01:30:26.977794+00:00,spot_11,Spot 11,Empty,2026-06-28T00:12:24.183484+00:00,,,,,,,,
2026-06-28T01:30:26.977794+00:00,spot_12,Spot 12,Empty,2026-06-28T00:07:24.795014+00:00,,,,,,,,
2026-06-28T01:30:26.977794+00:00,spot_13,Spot 13,Empty,2026-06-28T00:42:22.054695+00:00,,,,,,,,
2026-06-28T01:30:26.977794+00:00,spot_14,Spot 14,Occupied,2026-06-28T00:42:22.054695+00:00,2284,car,0.8688490986824036,2942,58.883262634277344,310.88739013671875,97.94898223876953,329.76129150390625
2026-06-28T01:30:26.977794+00:00,spot_15,Spot 15,Empty,2026-06-28T00:29:22.432600+00:00,,,,,,,,
2026-06-28T01:30:26.977794+00:00,spot_16,Spot 16,Empty,2026-06-28T00:40:23.007320+00:00,,,,,,,,
2026-06-28T01:30:26.977794+00:00,spot_17,Spot 17,Empty,2026-06-27T23:10:22.647728+00:00,,,,,,,,
2026-06-28T01:31:23.908410+00:00,spot_1,Spot 1,Empty,2026-06-28T01:19:23.326489+00:00,,,,,,,,
2026-06-28T01:31:23.908410+00:00,spot_2,Spot 2,Occupied,2026-06-28T01:26:23.439788+00:00,2193,car,0.7434713244438171,9841,502.5188903808594,319.320068359375,548.4945068359375,363.9195556640625
2026-06-28T01:31:23.908410+00:00,spot_3,Spot 3,Empty,2026-06-27T22:45:22.600760+00:00,,,,,,,,
2026-06-28T01:31:23.908410+00:00,spot_4,Spot 4,Empty,2026-06-27T23:10:22.647728+00:00,,,,,,,,
2026-06-28T01:31:23.908410+00:00,spot_5,Spot 5,Occupied,2026-06-28T01:29:23.939642+00:00,2242,car,0.6732403039932251,6840,333.9480285644531,321.0133056640625,398.3933410644531,360.42120361328125
2026-06-28T01:31:23.908410+00:00,spot_6,Spot 6,Occupied,2026-06-27T20:54:22.350568+00:00,2102,car,0.855384349822998,17699,285.79150390625,323.4365234375,343.8629150390625,357.4869384765625
2026-06-28T01:31:23.908410+00:00,spot_7,Spot 7,Empty,2026-06-27T23:49:21.673139+00:00,,,,,,,,
2026-06-28T01:31:23.908410+00:00,spot_8,Spot 8,Occupied,2026-06-28T00:10:23.901515+00:00,2266,car,0.8854701519012451,4860,213.34048461914062,320.8177795410156,272.7636413574219,351.0014953613281
2026-06-28T01:31:23.908410+00:00,spot_9,Spot 9,Empty,2026-06-27T23:58:21.469762+00:00,,,,,,,,
2026-06-28T01:31:23.908410+00:00,spot_10,Spot 10,Empty,2026-06-28T00:10:23.901515+00:00,,,,,,,,
2026-06-28T01:31:23.908410+00:00,spot_11,Spot 11,Empty,2026-06-28T00:12:24.183484+00:00,,,,,,,,
2026-06-28T01:31:23.908410+00:00,spot_12,Spot 12,Empty,2026-06-28T00:07:24.795014+00:00,,,,,,,,
2026-06-28T01:31:23.908410+00:00,spot_13,Spot 13,Empty,2026-06-28T00:42:22.054695+00:00,,,,,,,,
2026-06-28T01:31:23.908410+00:00,spot_14,Spot 14,Occupied,2026-06-28T00:42:22.054695+00:00,2284,car,0.8554226160049438,2999,59.09779357910156,311.01727294921875,98.56103515625,329.8447265625
2026-06-28T01:31:23.908410+00:00,spot_15,Spot 15,Empty,2026-06-28T00:29:22.432600+00:00,,,,,,,,
2026-06-28T01:31:23.908410+00:00,spot_16,Spot 16,Empty,2026-06-28T00:40:23.007320+00:00,,,,,,,,
2026-06-28T01:31:23.908410+00:00,spot_17,Spot 17,Empty,2026-06-27T23:10:22.647728+00:00,,,,,,,,
2026-06-28T01:32:26.081572+00:00,spot_1,Spot 1,Empty,2026-06-28T01:19:23.326489+00:00,,,,,,,,
2026-06-28T01:32:26.081572+00:00,spot_2,Spot 2,Occupied,2026-06-28T01:26:23.439788+00:00,2193,car,0.6528189778327942,9905,501.9143371582031,320.105712890625,548.521484375,364.1536865234375
2026-06-28T01:32:26.081572+00:00,spot_3,Spot 3,Empty,2026-06-27T22:45:22.600760+00:00,,,,,,,,
2026-06-28T01:32:26.081572+00:00,spot_4,Spot 4,Empty,2026-06-27T23:10:22.647728+00:00,,,,,,,,
2026-06-28T01:32:26.081572+00:00,spot_5,Spot 5,Occupied,2026-06-28T01:29:23.939642+00:00,2242,car,0.6452991366386414,6904,334.0322265625,320.4613037109375,398.86126708984375,360.381103515625
2026-06-28T01:32:26.081572+00:00,spot_6,Spot 6,Occupied,2026-06-27T20:54:22.350568+00:00,2102,car,0.8134977221488953,17763,286.3125915527344,324.23651123046875,337.4964904785156,357.665771484375
2026-06-28T01:32:26.081572+00:00,spot_7,Spot 7,Empty,2026-06-27T23:49:21.673139+00:00,,,,,,,,
2026-06-28T01:32:26.081572+00:00,spot_8,Spot 8,Occupied,2026-06-28T00:10:23.901515+00:00,2266,car,0.7950709462165833,4924,213.5782470703125,321.62005615234375,268.2418212890625,350.15032958984375
2026-06-28T01:32:26.081572+00:00,spot_9,Spot 9,Empty,2026-06-27T23:58:21.469762+00:00,,,,,,,,
2026-06-28T01:32:26.081572+00:00,spot_10,Spot 10,Empty,2026-06-28T00:10:23.901515+00:00,,,,,,,,
2026-06-28T01:32:26.081572+00:00,spot_11,Spot 11,Empty,2026-06-28T00:12:24.183484+00:00,,,,,,,,
2026-06-28T01:32:26.081572+00:00,spot_12,Spot 12,Empty,2026-06-28T00:07:24.795014+00:00,,,,,,,,
2026-06-28T01:32:26.081572+00:00,spot_13,Spot 13,Empty,2026-06-28T00:42:22.054695+00:00,,,,,,,,
2026-06-28T01:32:26.081572+00:00,spot_14,Spot 14,Occupied,2026-06-28T00:42:22.054695+00:00,2284,car,0.8305474519729614,3063,58.83279800415039,311.28948974609375,98.15475463867188,330.0738525390625
2026-06-28T01:32:26.081572+00:00,spot_15,Spot 15,Empty,2026-06-28T00:29:22.432600+00:00,,,,,,,,
2026-06-28T01:32:26.081572+00:00,spot_16,Spot 16,Empty,2026-06-28T00:40:23.007320+00:00,,,,,,,,
2026-06-28T01:32:26.081572+00:00,spot_17,Spot 17,Empty,2026-06-27T23:10:22.647728+00:00,,,,,,,,
2026-06-28T01:33:23.070575+00:00,spot_1,Spot 1,Empty,2026-06-28T01:19:23.326489+00:00,,,,,,,,
2026-06-28T01:33:23.070575+00:00,spot_2,Spot 2,Occupied,2026-06-28T01:26:23.439788+00:00,2193,car,0.82955002784729,9960,502.25091552734375,319.2361755371094,547.5756225585938,364.1662902832031
2026-06-28T01:33:23.070575+00:00,spot_3,Spot 3,Empty,2026-06-27T22:45:22.600760+00:00,,,,,,,,
2026-06-28T01:33:23.070575+00:00,spot_4,Spot 4,Empty,2026-06-27T23:10:22.647728+00:00,,,,,,,,
2026-06-28T01:33:23.070575+00:00,spot_5,Spot 5,Occupied,2026-06-28T01:29:23.939642+00:00,2242,car,0.7901198863983154,6959,333.955810546875,320.91107177734375,400.5732421875,360.53167724609375
2026-06-28T01:33:23.070575+00:00,spot_6,Spot 6,Occupied,2026-06-27T20:54:22.350568+00:00,2102,car,0.8678823709487915,17819,286.47100830078125,323.5407409667969,341.00909423828125,357.2652282714844
2026-06-28T01:33:23.070575+00:00,spot_7,Spot 7,Empty,2026-06-27T23:49:21.673139+00:00,,,,,,,,
2026-06-28T01:33:23.070575+00:00,spot_8,Spot 8,Occupied,2026-06-28T00:10:23.901515+00:00,2266,car,0.8297755122184753,4979,213.56735229492188,320.619384765625,272.5242614746094,350.185302734375
2026-06-28T01:33:23.070575+00:00,spot_9,Spot 9,Empty,2026-06-27T23:58:21.469762+00:00,,,,,,,,
2026-06-28T01:33:23.070575+00:00,spot_10,Spot 10,Empty,2026-06-28T00:10:23.901515+00:00,,,,,,,,
2026-06-28T01:33:23.070575+00:00,spot_11,Spot 11,Empty,2026-06-28T00:12:24.183484+00:00,,,,,,,,
2026-06-28T01:33:23.070575+00:00,spot_12,Spot 12,Empty,2026-06-28T00:07:24.795014+00:00,,,,,,,,
2026-06-28T01:33:23.070575+00:00,spot_13,Spot 13,Empty,2026-06-28T00:42:22.054695+00:00,,,,,,,,
2026-06-28T01:33:23.070575+00:00,spot_14,Spot 14,Occupied,2026-06-28T00:42:22.054695+00:00,2284,car,0.8281552195549011,3118,59.16987609863281,310.98931884765625,99.01313781738281,329.92913818359375
2026-06-28T01:33:23.070575+00:00,spot_15,Spot 15,Empty,2026-06-28T00:29:22.432600+00:00,,,,,,,,
2026-06-28T01:33:23.070575+00:00,spot_16,Spot 16,Empty,2026-06-28T00:40:23.007320+00:00,,,,,,,,
2026-06-28T01:33:23.070575+00:00,spot_17,Spot 17,Empty,2026-06-27T23:10:22.647728+00:00,,,,,,,,
2026-06-28T01:34:22.800231+00:00,spot_1,Spot 1,Empty,2026-06-28T01:19:23.326489+00:00,,,,,,,,
2026-06-28T01:34:22.800231+00:00,spot_2,Spot 2,Occupied,2026-06-28T01:26:23.439788+00:00,2193,car,0.8542647361755371,10020,502.1539001464844,319.6337585449219,548.7896728515625,364.3231506347656
2026-06-28T01:34:22.800231+00:00,spot_3,Spot 3,Empty,2026-06-27T22:45:22.600760+00:00,,,,,,,,
2026-06-28T01:34:22.800231+00:00,spot_4,Spot 4,Empty,2026-06-27T23:10:22.647728+00:00,,,,,,,,
2026-06-28T01:34:22.800231+00:00,spot_5,Spot 5,Occupied,2026-06-28T01:29:23.939642+00:00,2242,car,0.7662256956100464,7019,333.95599365234375,321.0351257324219,400.64654541015625,360.7475280761719
2026-06-28T01:34:22.800231+00:00,spot_6,Spot 6,Occupied,2026-06-27T20:54:22.350568+00:00,2102,car,0.8519636392593384,17878,286.0740966796875,322.95635986328125,339.521240234375,357.21075439453125
2026-06-28T01:34:22.800231+00:00,spot_7,Spot 7,Empty,2026-06-27T23:49:21.673139+00:00,,,,,,,,
2026-06-28T01:34:22.800231+00:00,spot_8,Spot 8,Occupied,2026-06-28T00:10:23.901515+00:00,2266,car,0.863575279712677,5039,213.34469604492188,321.1413269042969,272.27496337890625,350.2619323730469
2026-06-28T01:34:22.800231+00:00,spot_9,Spot 9,Empty,2026-06-27T23:58:21.469762+00:00,,,,,,,,
2026-06-28T01:34:22.800231+00:00,spot_10,Spot 10,Empty,2026-06-28T00:10:23.901515+00:00,,,,,,,,
2026-06-28T01:34:22.800231+00:00,spot_11,Spot 11,Empty,2026-06-28T00:12:24.183484+00:00,,,,,,,,
2026-06-28T01:34:22.800231+00:00,spot_12,Spot 12,Empty,2026-06-28T00:07:24.795014+00:00,,,,,,,,
2026-06-28T01:34:22.800231+00:00,spot_13,Spot 13,Empty,2026-06-28T00:42:22.054695+00:00,,,,,,,,
2026-06-28T01:34:22.800231+00:00,spot_14,Spot 14,Occupied,2026-06-28T00:42:22.054695+00:00,2284,car,0.8712630867958069,3178,58.4710693359375,310.73687744140625,98.56903076171875,329.95269775390625
2026-06-28T01:34:22.800231+00:00,spot_15,Spot 15,Empty,2026-06-28T00:29:22.432600+00:00,,,,,,,,
2026-06-28T01:34:22.800231+00:00,spot_16,Spot 16,Empty,2026-06-28T00:40:23.007320+00:00,,,,,,,,
2026-06-28T01:34:22.800231+00:00,spot_17,Spot 17,Empty,2026-06-27T23:10:22.647728+00:00,,,,,,,,
2026-06-28T01:35:34.677943+00:00,spot_1,Spot 1,Empty,2026-06-28T01:19:23.326489+00:00,,,,,,,,
2026-06-28T01:35:34.677943+00:00,spot_2,Spot 2,Occupied,2026-06-28T01:26:23.439788+00:00,2193,car,0.8199299573898315,10095,502.74322509765625,319.370849609375,547.9744262695312,364.17718505859375
2026-06-28T01:35:34.677943+00:00,spot_3,Spot 3,Empty,2026-06-27T22:45:22.600760+00:00,,,,,,,,
2026-06-28T01:35:34.677943+00:00,spot_4,Spot 4,Empty,2026-06-27T23:10:22.647728+00:00,,,,,,,,
2026-06-28T01:35:34.677943+00:00,spot_5,Spot 5,Occupied,2026-06-28T01:29:23.939642+00:00,2242,car,0.8519698977470398,7094,334.03057861328125,321.06494140625,400.077392578125,360.3138427734375
2026-06-28T01:35:34.677943+00:00,spot_6,Spot 6,Occupied,2026-06-27T20:54:22.350568+00:00,2102,car,0.7832831144332886,17953,286.1149597167969,322.94403076171875,340.9452819824219,357.6552734375
2026-06-28T01:35:34.677943+00:00,spot_7,Spot 7,Empty,2026-06-27T23:49:21.673139+00:00,,,,,,,,
2026-06-28T01:35:34.677943+00:00,spot_8,Spot 8,Occupied,2026-06-28T00:10:23.901515+00:00,2266,car,0.8802531957626343,5114,213.54397583007812,320.93914794921875,272.7802429199219,350.16595458984375
2026-06-28T01:35:34.677943+00:00,spot_9,Spot 9,Empty,2026-06-27T23:58:21.469762+00:00,,,,,,,,
2026-06-28T01:35:34.677943+00:00,spot_10,Spot 10,Empty,2026-06-28T00:10:23.901515+00:00,,,,,,,,
2026-06-28T01:35:34.677943+00:00,spot_11,Spot 11,Empty,2026-06-28T00:12:24.183484+00:00,,,,,,,,
2026-06-28T01:35:34.677943+00:00,spot_12,Spot 12,Empty,2026-06-28T00:07:24.795014+00:00,,,,,,,,
2026-06-28T01:35:34.677943+00:00,spot_13,Spot 13,Empty,2026-06-28T00:42:22.054695+00:00,,,,,,,,
2026-06-28T01:35:34.677943+00:00,spot_14,Spot 14,Occupied,2026-06-28T00:42:22.054695+00:00,2284,car,0.8697502613067627,3253,58.711151123046875,310.95245361328125,98.05581665039062,329.98699951171875
2026-06-28T01:35:34.677943+00:00,spot_15,Spot 15,Empty,2026-06-28T00:29:22.432600+00:00,,,,,,,,
2026-06-28T01:35:34.677943+00:00,spot_16,Spot 16,Empty,2026-06-28T00:40:23.007320+00:00,,,,,,,,
2026-06-28T01:35:34.677943+00:00,spot_17,Spot 17,Empty,2026-06-27T23:10:22.647728+00:00,,,,,,,,
2026-06-28T01:36:22.549810+00:00,spot_1,Spot 1,Empty,2026-06-28T01:19:23.326489+00:00,,,,,,,,
2026-06-28T01:36:22.549810+00:00,spot_2,Spot 2,Occupied,2026-06-28T01:26:23.439788+00:00,2193,car,0.7906054854393005,10139,502.14990234375,319.838134765625,548.489013671875,364.120849609375
2026-06-28T01:36:22.549810+00:00,spot_3,Spot 3,Empty,2026-06-27T22:45:22.600760+00:00,,,,,,,,
2026-06-28T01:36:22.549810+00:00,spot_4,Spot 4,Empty,2026-06-27T23:10:22.647728+00:00,,,,,,,,
2026-06-28T01:36:22.549810+00:00,spot_5,Spot 5,Occupied,2026-06-28T01:29:23.939642+00:00,2242,car,0.8678849339485168,7138,333.9558410644531,320.8480224609375,400.1382141113281,360.40850830078125
2026-06-28T01:36:22.549810+00:00,spot_6,Spot 6,Occupied,2026-06-27T20:54:22.350568+00:00,2102,car,0.8487516641616821,17998,286.3843078613281,323.5773620605469,341.0500183105469,357.4795227050781
2026-06-28T01:36:22.549810+00:00,spot_7,Spot 7,Empty,2026-06-27T23:49:21.673139+00:00,,,,,,,,
2026-06-28T01:36:22.549810+00:00,spot_8,Spot 8,Occupied,2026-06-28T00:10:23.901515+00:00,2266,car,0.8923925757408142,5158,213.3424072265625,321.86370849609375,273.03997802734375,350.35491943359375
2026-06-28T01:36:22.549810+00:00,spot_9,Spot 9,Empty,2026-06-27T23:58:21.469762+00:00,,,,,,,,
2026-06-28T01:36:22.549810+00:00,spot_10,Spot 10,Empty,2026-06-28T00:10:23.901515+00:00,,,,,,,,
2026-06-28T01:36:22.549810+00:00,spot_11,Spot 11,Empty,2026-06-28T00:12:24.183484+00:00,,,,,,,,
2026-06-28T01:36:22.549810+00:00,spot_12,Spot 12,Empty,2026-06-28T00:07:24.795014+00:00,,,,,,,,
2026-06-28T01:36:22.549810+00:00,spot_13,Spot 13,Empty,2026-06-28T00:42:22.054695+00:00,,,,,,,,
2026-06-28T01:36:22.549810+00:00,spot_14,Spot 14,Occupied,2026-06-28T00:42:22.054695+00:00,2284,car,0.870970606803894,3297,58.897647857666016,310.99249267578125,97.60650634765625,330.06829833984375
2026-06-28T01:36:22.549810+00:00,spot_15,Spot 15,Empty,2026-06-28T00:29:22.432600+00:00,,,,,,,,
2026-06-28T01:36:22.549810+00:00,spot_16,Spot 16,Empty,2026-06-28T00:40:23.007320+00:00,,,,,,,,
2026-06-28T01:36:22.549810+00:00,spot_17,Spot 17,Empty,2026-06-27T23:10:22.647728+00:00,,,,,,,,
2026-06-28T01:37:22.438431+00:00,spot_1,Spot 1,Empty,2026-06-28T01:19:23.326489+00:00,,,,,,,,
2026-06-28T01:37:22.438431+00:00,spot_2,Spot 2,Occupied,2026-06-28T01:26:23.439788+00:00,2193,car,0.763745903968811,10199,502.2380676269531,319.2381591796875,547.9638671875,364.8157958984375
2026-06-28T01:37:22.438431+00:00,spot_3,Spot 3,Empty,2026-06-27T22:45:22.600760+00:00,,,,,,,,
2026-06-28T01:37:22.438431+00:00,spot_4,Spot 4,Empty,2026-06-27T23:10:22.647728+00:00,,,,,,,,
2026-06-28T01:37:22.438431+00:00,spot_5,Spot 5,Occupied,2026-06-28T01:29:23.939642+00:00,2242,car,0.8394415974617004,7199,333.6892395019531,321.08319091796875,398.9865417480469,360.5989990234375
2026-06-28T01:37:22.438431+00:00,spot_6,Spot 6,Occupied,2026-06-27T20:54:22.350568+00:00,2102,car,0.8651052117347717,18058,286.14532470703125,323.7423095703125,339.72149658203125,357.4915771484375
2026-06-28T01:37:22.438431+00:00,spot_7,Spot 7,Empty,2026-06-27T23:49:21.673139+00:00,,,,,,,,
2026-06-28T01:37:22.438431+00:00,spot_8,Spot 8,Occupied,2026-06-28T00:10:23.901515+00:00,2266,car,0.8702027797698975,5219,213.42459106445312,320.4072265625,272.9881896972656,350.5838623046875
2026-06-28T01:37:22.438431+00:00,spot_9,Spot 9,Empty,2026-06-27T23:58:21.469762+00:00,,,,,,,,
2026-06-28T01:37:22.438431+00:00,spot_10,Spot 10,Empty,2026-06-28T00:10:23.901515+00:00,,,,,,,,
2026-06-28T01:37:22.438431+00:00,spot_11,Spot 11,Empty,2026-06-28T00:12:24.183484+00:00,,,,,,,,
2026-06-28T01:37:22.438431+00:00,spot_12,Spot 12,Empty,2026-06-28T00:07:24.795014+00:00,,,,,,,,
2026-06-28T01:37:22.438431+00:00,spot_13,Spot 13,Empty,2026-06-28T00:42:22.054695+00:00,,,,,,,,
2026-06-28T01:37:22.438431+00:00,spot_14,Spot 14,Occupied,2026-06-28T00:42:22.054695+00:00,2284,car,0.8729304075241089,3358,58.839412689208984,311.0230712890625,98.01473999023438,329.92596435546875
2026-06-28T01:37:22.438431+00:00,spot_15,Spot 15,Empty,2026-06-28T00:29:22.432600+00:00,,,,,,,,
2026-06-28T01:37:22.438431+00:00,spot_16,Spot 16,Empty,2026-06-28T00:40:23.007320+00:00,,,,,,,,
2026-06-28T01:37:22.438431+00:00,spot_17,Spot 17,Empty,2026-06-27T23:10:22.647728+00:00,,,,,,,,
2026-06-28T01:38:22.297309+00:00,spot_1,Spot 1,Empty,2026-06-28T01:19:23.326489+00:00,,,,,,,,
2026-06-28T01:38:22.297309+00:00,spot_2,Spot 2,Occupied,2026-06-28T01:38:22.297309+00:00,2304,truck,0.3969661593437195,0,502.3321533203125,319.63482666015625,546.5111083984375,363.8480224609375
2026-06-28T01:38:22.297309+00:00,spot_3,Spot 3,Empty,2026-06-27T22:45:22.600760+00:00,,,,,,,,
2026-06-28T01:38:22.297309+00:00,spot_4,Spot 4,Empty,2026-06-27T23:10:22.647728+00:00,,,,,,,,
2026-06-28T01:38:22.297309+00:00,spot_5,Spot 5,Occupied,2026-06-28T01:29:23.939642+00:00,2242,car,0.8365792036056519,7259,333.57196044921875,321.31060791015625,398.5877685546875,360.30645751953125
2026-06-28T01:38:22.297309+00:00,spot_6,Spot 6,Occupied,2026-06-27T20:54:22.350568+00:00,2102,car,0.8653421998023987,18118,285.94696044921875,323.12371826171875,339.95318603515625,357.33233642578125
2026-06-28T01:38:22.297309+00:00,spot_7,Spot 7,Empty,2026-06-27T23:49:21.673139+00:00,,,,,,,,
2026-06-28T01:38:22.297309+00:00,spot_8,Spot 8,Occupied,2026-06-28T00:10:23.901515+00:00,2266,car,0.8880813121795654,5279,213.73599243164062,320.7804260253906,273.0091552734375,350.8573913574219
2026-06-28T01:38:22.297309+00:00,spot_9,Spot 9,Empty,2026-06-27T23:58:21.469762+00:00,,,,,,,,
2026-06-28T01:38:22.297309+00:00,spot_10,Spot 10,Empty,2026-06-28T00:10:23.901515+00:00,,,,,,,,
2026-06-28T01:38:22.297309+00:00,spot_11,Spot 11,Empty,2026-06-28T00:12:24.183484+00:00,,,,,,,,
2026-06-28T01:38:22.297309+00:00,spot_12,Spot 12,Empty,2026-06-28T00:07:24.795014+00:00,,,,,,,,
2026-06-28T01:38:22.297309+00:00,spot_13,Spot 13,Empty,2026-06-28T00:42:22.054695+00:00,,,,,,,,
2026-06-28T01:38:22.297309+00:00,spot_14,Spot 14,Occupied,2026-06-28T00:42:22.054695+00:00,2284,car,0.8637865781784058,3418,58.73954772949219,310.8835754394531,97.5400390625,330.0365905761719
2026-06-28T01:38:22.297309+00:00,spot_15,Spot 15,Empty,2026-06-28T00:29:22.432600+00:00,,,,,,,,
2026-06-28T01:38:22.297309+00:00,spot_16,Spot 16,Empty,2026-06-28T00:40:23.007320+00:00,,,,,,,,
2026-06-28T01:38:22.297309+00:00,spot_17,Spot 17,Empty,2026-06-27T23:10:22.647728+00:00,,,,,,,,
2026-06-28T01:39:23.311178+00:00,spot_1,Spot 1,Empty,2026-06-28T01:19:23.326489+00:00,,,,,,,,
2026-06-28T01:39:23.311178+00:00,spot_2,Spot 2,Occupied,2026-06-28T01:39:23.311178+00:00,2193,car,0.8413252830505371,10320,502.5080871582031,319.27288818359375,548.440185546875,364.25262451171875
2026-06-28T01:39:23.311178+00:00,spot_3,Spot 3,Empty,2026-06-27T22:45:22.600760+00:00,,,,,,,,
2026-06-28T01:39:23.311178+00:00,spot_4,Spot 4,Empty,2026-06-27T23:10:22.647728+00:00,,,,,,,,
2026-06-28T01:39:23.311178+00:00,spot_5,Spot 5,Occupied,2026-06-28T01:29:23.939642+00:00,2242,car,0.7739194631576538,7319,334.01806640625,321.307861328125,400.439208984375,360.4378662109375
2026-06-28T01:39:23.311178+00:00,spot_6,Spot 6,Occupied,2026-06-27T20:54:22.350568+00:00,2102,car,0.8639152646064758,18179,285.890869140625,323.469970703125,340.6318359375,357.637451171875
2026-06-28T01:39:23.311178+00:00,spot_7,Spot 7,Empty,2026-06-27T23:49:21.673139+00:00,,,,,,,,
2026-06-28T01:39:23.311178+00:00,spot_8,Spot 8,Occupied,2026-06-28T00:10:23.901515+00:00,2266,car,0.8667345643043518,5339,213.43325805664062,322.209716796875,272.26611328125,350.1553955078125
2026-06-28T01:39:23.311178+00:00,spot_9,Spot 9,Empty,2026-06-27T23:58:21.469762+00:00,,,,,,,,
2026-06-28T01:39:23.311178+00:00,spot_10,Spot 10,Empty,2026-06-28T00:10:23.901515+00:00,,,,,,,,
2026-06-28T01:39:23.311178+00:00,spot_11,Spot 11,Empty,2026-06-28T00:12:24.183484+00:00,,,,,,,,
2026-06-28T01:39:23.311178+00:00,spot_12,Spot 12,Empty,2026-06-28T00:07:24.795014+00:00,,,,,,,,
2026-06-28T01:39:23.311178+00:00,spot_13,Spot 13,Empty,2026-06-28T00:42:22.054695+00:00,,,,,,,,
2026-06-28T01:39:23.311178+00:00,spot_14,Spot 14,Occupied,2026-06-28T00:42:22.054695+00:00,2284,car,0.8667263388633728,3478,59.194393157958984,310.9457092285156,98.56082153320312,329.9495544433594
2026-06-28T01:39:23.311178+00:00,spot_15,Spot 15,Empty,2026-06-28T00:29:22.432600+00:00,,,,,,,,
2026-06-28T01:39:23.311178+00:00,spot_16,Spot 16,Empty,2026-06-28T00:40:23.007320+00:00,,,,,,,,
2026-06-28T01:39:23.311178+00:00,spot_17,Spot 17,Empty,2026-06-27T23:10:22.647728+00:00,,,,,,,,
2026-06-28T01:40:24.478518+00:00,spot_1,Spot 1,Empty,2026-06-28T01:19:23.326489+00:00,,,,,,,,
2026-06-28T01:40:24.478518+00:00,spot_2,Spot 2,Occupied,2026-06-28T01:39:23.311178+00:00,2193,car,0.6940070986747742,10381,501.87548828125,319.0367126464844,548.2818603515625,364.3273620605469
2026-06-28T01:40:24.478518+00:00,spot_3,Spot 3,Empty,2026-06-27T22:45:22.600760+00:00,,,,,,,,
2026-06-28T01:40:24.478518+00:00,spot_4,Spot 4,Empty,2026-06-27T23:10:22.647728+00:00,,,,,,,,
2026-06-28T01:40:24.478518+00:00,spot_5,Spot 5,Occupied,2026-06-28T01:29:23.939642+00:00,2242,car,0.7545236349105835,7380,334.3052978515625,320.77874755859375,398.98870849609375,360.53302001953125
2026-06-28T01:40:24.478518+00:00,spot_6,Spot 6,Occupied,2026-06-27T20:54:22.350568+00:00,2102,car,0.8286553025245667,18239,286.03076171875,323.55413818359375,342.3153076171875,357.12664794921875
2026-06-28T01:40:24.478518+00:00,spot_7,Spot 7,Empty,2026-06-27T23:49:21.673139+00:00,,,,,,,,
2026-06-28T01:40:24.478518+00:00,spot_8,Spot 8,Occupied,2026-06-28T00:10:23.901515+00:00,2266,car,0.8908701539039612,5400,213.4306640625,320.65362548828125,272.7157287597656,349.86578369140625
2026-06-28T01:40:24.478518+00:00,spot_9,Spot 9,Empty,2026-06-27T23:58:21.469762+00:00,,,,,,,,
2026-06-28T01:40:24.478518+00:00,spot_10,Spot 10,Empty,2026-06-28T00:10:23.901515+00:00,,,,,,,,
2026-06-28T01:40:24.478518+00:00,spot_11,Spot 11,Empty,2026-06-28T00:12:24.183484+00:00,,,,,,,,
2026-06-28T01:40:24.478518+00:00,spot_12,Spot 12,Empty,2026-06-28T00:07:24.795014+00:00,,,,,,,,
2026-06-28T01:40:24.478518+00:00,spot_13,Spot 13,Empty,2026-06-28T00:42:22.054695+00:00,,,,,,,,
2026-06-28T01:40:24.478518+00:00,spot_14,Spot 14,Occupied,2026-06-28T00:42:22.054695+00:00,2284,car,0.8797284960746765,3539,58.7941780090332,310.7803649902344,97.58967590332031,330.0585632324219
2026-06-28T01:40:24.478518+00:00,spot_15,Spot 15,Empty,2026-06-28T00:29:22.432600+00:00,,,,,,,,
2026-06-28T01:40:24.478518+00:00,spot_16,Spot 16,Empty,2026-06-28T00:40:23.007320+00:00,,,,,,,,
2026-06-28T01:40:24.478518+00:00,spot_17,Spot 17,Empty,2026-06-27T23:10:22.647728+00:00,,,,,,,,
2026-06-28T01:41:23.458077+00:00,spot_1,Spot 1,Empty,2026-06-28T01:19:23.326489+00:00,,,,,,,,
2026-06-28T01:41:23.458077+00:00,spot_2,Spot 2,Occupied,2026-06-28T01:41:23.458077+00:00,2305,truck,0.39743244647979736,0,502.2721252441406,319.0671081542969,547.3194580078125,363.9107971191406
2026-06-28T01:41:23.458077+00:00,spot_3,Spot 3,Empty,2026-06-27T22:45:22.600760+00:00,,,,,,,,
2026-06-28T01:41:23.458077+00:00,spot_4,Spot 4,Empty,2026-06-27T23:10:22.647728+00:00,,,,,,,,
2026-06-28T01:41:23.458077+00:00,spot_5,Spot 5,Occupied,2026-06-28T01:29:23.939642+00:00,2242,car,0.8258665204048157,7439,334.14727783203125,321.37689208984375,399.84539794921875,360.364501953125
2026-06-28T01:41:23.458077+00:00,spot_6,Spot 6,Occupied,2026-06-27T20:54:22.350568+00:00,2102,car,0.8654026985168457,18299,286.1258239746094,323.5278015136719,337.6648254394531,357.5373229980469
2026-06-28T01:41:23.458077+00:00,spot_7,Spot 7,Empty,2026-06-27T23:49:21.673139+00:00,,,,,,,,
2026-06-28T01:41:23.458077+00:00,spot_8,Spot 8,Occupied,2026-06-28T00:10:23.901515+00:00,2266,car,0.8967605829238892,5459,213.47445678710938,321.0893249511719,272.59893798828125,350.2970886230469
2026-06-28T01:41:23.458077+00:00,spot_9,Spot 9,Empty,2026-06-27T23:58:21.469762+00:00,,,,,,,,
2026-06-28T01:41:23.458077+00:00,spot_10,Spot 10,Empty,2026-06-28T00:10:23.901515+00:00,,,,,,,,
2026-06-28T01:41:23.458077+00:00,spot_11,Spot 11,Empty,2026-06-28T00:12:24.183484+00:00,,,,,,,,
2026-06-28T01:41:23.458077+00:00,spot_12,Spot 12,Empty,2026-06-28T00:07:24.795014+00:00,,,,,,,,
2026-06-28T01:41:23.458077+00:00,spot_13,Spot 13,Empty,2026-06-28T00:42:22.054695+00:00,,,,,,,,
2026-06-28T01:41:23.458077+00:00,spot_14,Spot 14,Occupied,2026-06-28T00:42:22.054695+00:00,2284,car,0.8647813200950623,3598,58.858882904052734,311.078369140625,98.306640625,329.9005126953125
2026-06-28T01:41:23.458077+00:00,spot_15,Spot 15,Empty,2026-06-28T00:29:22.432600+00:00,,,,,,,,
2026-06-28T01:41:23.458077+00:00,spot_16,Spot 16,Empty,2026-06-28T00:40:23.007320+00:00,,,,,,,,
2026-06-28T01:41:23.458077+00:00,spot_17,Spot 17,Empty,2026-06-27T23:10:22.647728+00:00,,,,,,,,
2026-06-28T01:42:22.340144+00:00,spot_1,Spot 1,Empty,2026-06-28T01:19:23.326489+00:00,,,,,,,,
2026-06-28T01:42:22.340144+00:00,spot_2,Spot 2,Occupied,2026-06-28T01:42:22.340144+00:00,2193,car,0.7065370082855225,10500,501.986328125,319.3658752441406,548.5723876953125,364.2424621582031
2026-06-28T01:42:22.340144+00:00,spot_3,Spot 3,Empty,2026-06-27T22:45:22.600760+00:00,,,,,,,,
2026-06-28T01:42:22.340144+00:00,spot_4,Spot 4,Empty,2026-06-27T23:10:22.647728+00:00,,,,,,,,
2026-06-28T01:42:22.340144+00:00,spot_5,Spot 5,Occupied,2026-06-28T01:29:23.939642+00:00,2242,car,0.861280620098114,7499,333.8890380859375,321.25830078125,399.017578125,360.356201171875
2026-06-28T01:42:22.340144+00:00,spot_6,Spot 6,Occupied,2026-06-27T20:54:22.350568+00:00,2102,car,0.8590378761291504,18358,286.2787170410156,323.15533447265625,339.5727844238281,357.69818115234375
2026-06-28T01:42:22.340144+00:00,spot_7,Spot 7,Empty,2026-06-27T23:49:21.673139+00:00,,,,,,,,
2026-06-28T01:42:22.340144+00:00,spot_8,Spot 8,Occupied,2026-06-28T00:10:23.901515+00:00,2266,car,0.8827846050262451,5519,213.64797973632812,321.2334289550781,273.0064392089844,350.3981628417969
2026-06-28T01:42:22.340144+00:00,spot_9,Spot 9,Empty,2026-06-27T23:58:21.469762+00:00,,,,,,,,
2026-06-28T01:42:22.340144+00:00,spot_10,Spot 10,Empty,2026-06-28T00:10:23.901515+00:00,,,,,,,,
2026-06-28T01:42:22.340144+00:00,spot_11,Spot 11,Empty,2026-06-28T00:12:24.183484+00:00,,,,,,,,
2026-06-28T01:42:22.340144+00:00,spot_12,Spot 12,Empty,2026-06-28T00:07:24.795014+00:00,,,,,,,,
2026-06-28T01:42:22.340144+00:00,spot_13,Spot 13,Empty,2026-06-28T00:42:22.054695+00:00,,,,,,,,
2026-06-28T01:42:22.340144+00:00,spot_14,Spot 14,Occupied,2026-06-28T00:42:22.054695+00:00,2284,car,0.8677328824996948,3658,58.91839599609375,310.998291015625,98.40129089355469,329.9937744140625
2026-06-28T01:42:22.340144+00:00,spot_15,Spot 15,Empty,2026-06-28T00:29:22.432600+00:00,,,,,,,,
2026-06-28T01:42:22.340144+00:00,spot_16,Spot 16,Empty,2026-06-28T00:40:23.007320+00:00,,,,,,,,
2026-06-28T01:42:22.340144+00:00,spot_17,Spot 17,Empty,2026-06-27T23:10:22.647728+00:00,,,,,,,,
2026-06-28T01:43:21.888281+00:00,spot_1,Spot 1,Empty,2026-06-28T01:19:23.326489+00:00,,,,,,,,
2026-06-28T01:43:21.888281+00:00,spot_2,Spot 2,Occupied,2026-06-28T01:42:22.340144+00:00,2193,car,0.7809305191040039,10560,502.3526611328125,319.62939453125,548.0322265625,364.970703125
2026-06-28T01:43:21.888281+00:00,spot_3,Spot 3,Empty,2026-06-27T22:45:22.600760+00:00,,,,,,,,
2026-06-28T01:43:21.888281+00:00,spot_4,Spot 4,Empty,2026-06-27T23:10:22.647728+00:00,,,,,,,,
2026-06-28T01:43:21.888281+00:00,spot_5,Spot 5,Occupied,2026-06-28T01:29:23.939642+00:00,2242,car,0.8424780368804932,7559,334.16839599609375,321.2271728515625,398.83673095703125,360.2852783203125
2026-06-28T01:43:21.888281+00:00,spot_6,Spot 6,Occupied,2026-06-27T20:54:22.350568+00:00,2102,car,0.8731817603111267,18418,285.98431396484375,324.1240539550781,342.07806396484375,357.6268615722656
2026-06-28T01:43:21.888281+00:00,spot_7,Spot 7,Empty,2026-06-27T23:49:21.673139+00:00,,,,,,,,
2026-06-28T01:43:21.888281+00:00,spot_8,Spot 8,Occupied,2026-06-28T00:10:23.901515+00:00,2266,car,0.8844851851463318,5579,213.58004760742188,320.9067077636719,272.7841491699219,350.2664489746094
2026-06-28T01:43:21.888281+00:00,spot_9,Spot 9,Empty,2026-06-27T23:58:21.469762+00:00,,,,,,,,
2026-06-28T01:43:21.888281+00:00,spot_10,Spot 10,Empty,2026-06-28T00:10:23.901515+00:00,,,,,,,,
2026-06-28T01:43:21.888281+00:00,spot_11,Spot 11,Empty,2026-06-28T00:12:24.183484+00:00,,,,,,,,
2026-06-28T01:43:21.888281+00:00,spot_12,Spot 12,Empty,2026-06-28T00:07:24.795014+00:00,,,,,,,,
2026-06-28T01:43:21.888281+00:00,spot_13,Spot 13,Empty,2026-06-28T00:42:22.054695+00:00,,,,,,,,
2026-06-28T01:43:21.888281+00:00,spot_14,Spot 14,Occupied,2026-06-28T00:42:22.054695+00:00,2284,car,0.8724581003189087,3718,58.79533386230469,311.00274658203125,98.23558044433594,330.20086669921875
2026-06-28T01:43:21.888281+00:00,spot_15,Spot 15,Empty,2026-06-28T00:29:22.432600+00:00,,,,,,,,
2026-06-28T01:43:21.888281+00:00,spot_16,Spot 16,Empty,2026-06-28T00:40:23.007320+00:00,,,,,,,,
2026-06-28T01:43:21.888281+00:00,spot_17,Spot 17,Empty,2026-06-27T23:10:22.647728+00:00,,,,,,,,
