timestamp_utc,spot_id,spot_label,status,status_since_utc,track_id,vehicle_type,confidence,dwell_seconds,bbox_x1,bbox_y1,bbox_x2,bbox_y2
2026-06-25T17:21:23.076477+00:00,spot_1,Spot 1,Empty,2026-06-25T14:27:40.405737+00:00,,,,,,,,
2026-06-25T17:21:23.076477+00:00,spot_2,Spot 2,Empty,2026-06-25T16:32:42.378422+00:00,,,,,,,,
2026-06-25T17:21:23.076477+00:00,spot_3,Spot 3,Occupied,2026-06-25T13:47:51.606073+00:00,484,car,0.8139922022819519,14093,442.18499755859375,327.1180419921875,489.034912109375,370.3848876953125
2026-06-25T17:21:23.076477+00:00,spot_4,Spot 4,Occupied,2026-06-25T17:01:21.992176+00:00,597,truck,0.5248246788978577,2160,386.72332763671875,303.0782470703125,443.19549560546875,366.74267578125
2026-06-25T17:21:23.076477+00:00,spot_5,Spot 5,Occupied,2026-06-25T17:08:24.308294+00:00,485,car,0.796233057975769,14041,335.075927734375,328.98052978515625,386.89825439453125,368.6937255859375
2026-06-25T17:21:23.076477+00:00,spot_6,Spot 6,Occupied,2026-06-25T15:29:21.478293+00:00,520,car,0.6843866109848022,9535,282.80828857421875,330.4312744140625,337.33880615234375,365.5135498046875
2026-06-25T17:21:23.076477+00:00,spot_7,Spot 7,Occupied,2026-06-25T17:03:22.006121+00:00,482,car,0.6546834707260132,14633,255.39723205566406,326.87200927734375,303.119873046875,360.32757568359375
2026-06-25T17:21:23.076477+00:00,spot_8,Spot 8,Occupied,2026-06-25T15:31:21.332955+00:00,549,car,0.8072722554206848,6602,187.52890014648438,328.03155517578125,242.70327758789062,353.28558349609375
2026-06-25T17:21:23.076477+00:00,spot_9,Spot 9,Occupied,2026-06-25T17:21:23.076477+00:00,622,truck,0.5221759676933289,0,154.44992065429688,323.4434509277344,192.93563842773438,352.0184020996094
2026-06-25T17:21:23.076477+00:00,spot_10,Spot 10,Empty,2026-06-24T21:26:02.440441+00:00,,,,,,,,
2026-06-25T17:21:23.076477+00:00,spot_11,Spot 11,Occupied,2026-06-25T15:54:05.228962+00:00,516,truck,0.7308845520019531,10102,82.91658020019531,309.23223876953125,153.5702667236328,347.64141845703125
2026-06-25T17:21:23.076477+00:00,spot_12,Spot 12,Empty,2026-06-25T15:54:05.228962+00:00,,,,,,,,
2026-06-25T17:21:23.076477+00:00,spot_13,Spot 13,Empty,2026-06-25T01:06:00.185180+00:00,,,,,,,,
2026-06-25T17:21:23.076477+00:00,spot_14,Spot 14,Empty,2026-06-25T17:21:23.076477+00:00,,,,,,,,
2026-06-25T17:21:23.076477+00:00,spot_15,Spot 15,Empty,2026-06-25T17:11:19.472437+00:00,,,,,,,,
2026-06-25T17:21:23.076477+00:00,spot_16,Spot 16,Empty,2026-06-25T17:17:42.394164+00:00,,,,,,,,
2026-06-25T17:21:23.076477+00:00,spot_17,Spot 17,Empty,2026-06-25T17:16:43.069687+00:00,,,,,,,,
2026-06-25T17:22:23.225747+00:00,spot_1,Spot 1,Empty,2026-06-25T14:27:40.405737+00:00,,,,,,,,
2026-06-25T17:22:23.225747+00:00,spot_2,Spot 2,Empty,2026-06-25T16:32:42.378422+00:00,,,,,,,,
2026-06-25T17:22:23.225747+00:00,spot_3,Spot 3,Occupied,2026-06-25T13:47:51.606073+00:00,484,car,0.8196930289268494,14157,442.21356201171875,326.97003173828125,489.44830322265625,370.54376220703125
2026-06-25T17:22:23.225747+00:00,spot_4,Spot 4,Occupied,2026-06-25T17:01:21.992176+00:00,597,truck,0.49765706062316895,2224,385.96514892578125,323.2380676269531,442.25994873046875,366.6461486816406
2026-06-25T17:22:23.225747+00:00,spot_5,Spot 5,Occupied,2026-06-25T17:08:24.308294+00:00,485,car,0.7995951771736145,14104,334.92437744140625,329.7610778808594,386.14849853515625,368.6835632324219
2026-06-25T17:22:23.225747+00:00,spot_6,Spot 6,Occupied,2026-06-25T15:29:21.478293+00:00,520,car,0.6125138401985168,9599,285.32147216796875,330.40557861328125,342.0474853515625,365.20391845703125
2026-06-25T17:22:23.225747+00:00,spot_7,Spot 7,Occupied,2026-06-25T17:03:22.006121+00:00,482,car,0.5861796140670776,14696,255.47055053710938,326.4151916503906,303.9197082519531,359.7732238769531
2026-06-25T17:22:23.225747+00:00,spot_8,Spot 8,Occupied,2026-06-25T15:31:21.332955+00:00,549,car,0.8445066809654236,6666,187.46072387695312,327.5953369140625,242.64779663085938,353.26318359375
2026-06-25T17:22:23.225747+00:00,spot_9,Spot 9,Occupied,2026-06-25T17:22:23.225747+00:00,623,car,0.3755890130996704,0,154.39947509765625,324.5233154296875,194.904296875,351.968017578125
2026-06-25T17:22:23.225747+00:00,spot_10,Spot 10,Empty,2026-06-24T21:26:02.440441+00:00,,,,,,,,
2026-06-25T17:22:23.225747+00:00,spot_11,Spot 11,Occupied,2026-06-25T15:54:05.228962+00:00,516,truck,0.7005290389060974,10166,81.04635620117188,309.4935607910156,154.23873901367188,347.9588928222656
2026-06-25T17:22:23.225747+00:00,spot_12,Spot 12,Empty,2026-06-25T15:54:05.228962+00:00,,,,,,,,
2026-06-25T17:22:23.225747+00:00,spot_13,Spot 13,Empty,2026-06-25T01:06:00.185180+00:00,,,,,,,,
2026-06-25T17:22:23.225747+00:00,spot_14,Spot 14,Occupied,2026-06-25T17:22:23.225747+00:00,618,truck,0.3784351050853729,605,54.616905212402344,312.26220703125,97.2571792602539,340.4527587890625
2026-06-25T17:22:23.225747+00:00,spot_15,Spot 15,Empty,2026-06-25T17:11:19.472437+00:00,,,,,,,,
2026-06-25T17:22:23.225747+00:00,spot_16,Spot 16,Empty,2026-06-25T17:17:42.394164+00:00,,,,,,,,
2026-06-25T17:22:23.225747+00:00,spot_17,Spot 17,Empty,2026-06-25T17:16:43.069687+00:00,,,,,,,,
2026-06-25T17:23:22.182639+00:00,spot_1,Spot 1,Empty,2026-06-25T14:27:40.405737+00:00,,,,,,,,
2026-06-25T17:23:22.182639+00:00,spot_2,Spot 2,Empty,2026-06-25T16:32:42.378422+00:00,,,,,,,,
2026-06-25T17:23:22.182639+00:00,spot_3,Spot 3,Occupied,2026-06-25T13:47:51.606073+00:00,484,car,0.8832197785377502,14212,442.44390869140625,326.37835693359375,489.33648681640625,371.0391845703125
2026-06-25T17:23:22.182639+00:00,spot_4,Spot 4,Occupied,2026-06-25T17:01:21.992176+00:00,597,truck,0.39630407094955444,2279,387.557861328125,323.4503479003906,436.3515625,366.7886657714844
2026-06-25T17:23:22.182639+00:00,spot_5,Spot 5,Occupied,2026-06-25T17:08:24.308294+00:00,485,car,0.7589648962020874,14159,335.1055908203125,329.5125427246094,387.02301025390625,368.1654357910156
2026-06-25T17:23:22.182639+00:00,spot_6,Spot 6,Occupied,2026-06-25T15:29:21.478293+00:00,520,car,0.6582085490226746,9654,284.30401611328125,329.911865234375,341.19757080078125,365.5177001953125
2026-06-25T17:23:22.182639+00:00,spot_7,Spot 7,Occupied,2026-06-25T17:03:22.006121+00:00,482,car,0.764846682548523,14751,255.5236053466797,326.7230224609375,303.79620361328125,360.233154296875
2026-06-25T17:23:22.182639+00:00,spot_8,Spot 8,Occupied,2026-06-25T15:31:21.332955+00:00,549,car,0.8258603811264038,6721,187.45953369140625,327.29779052734375,243.00213623046875,353.22235107421875
2026-06-25T17:23:22.182639+00:00,spot_9,Spot 9,Occupied,2026-06-25T17:23:22.182639+00:00,622,truck,0.44408392906188965,118,154.20242309570312,324.1131591796875,194.17800903320312,351.71923828125
2026-06-25T17:23:22.182639+00:00,spot_10,Spot 10,Empty,2026-06-24T21:26:02.440441+00:00,,,,,,,,
2026-06-25T17:23:22.182639+00:00,spot_11,Spot 11,Occupied,2026-06-25T15:54:05.228962+00:00,516,truck,0.7738410234451294,10221,79.52769470214844,309.4095458984375,154.49496459960938,347.85015869140625
2026-06-25T17:23:22.182639+00:00,spot_12,Spot 12,Empty,2026-06-25T15:54:05.228962+00:00,,,,,,,,
2026-06-25T17:23:22.182639+00:00,spot_13,Spot 13,Empty,2026-06-25T01:06:00.185180+00:00,,,,,,,,
2026-06-25T17:23:22.182639+00:00,spot_14,Spot 14,Empty,2026-06-25T17:23:22.182639+00:00,,,,,,,,
2026-06-25T17:23:22.182639+00:00,spot_15,Spot 15,Empty,2026-06-25T17:11:19.472437+00:00,,,,,,,,
2026-06-25T17:23:22.182639+00:00,spot_16,Spot 16,Empty,2026-06-25T17:17:42.394164+00:00,,,,,,,,
2026-06-25T17:23:22.182639+00:00,spot_17,Spot 17,Empty,2026-06-25T17:16:43.069687+00:00,,,,,,,,
2026-06-25T17:24:23.946646+00:00,spot_1,Spot 1,Empty,2026-06-25T14:27:40.405737+00:00,,,,,,,,
2026-06-25T17:24:23.946646+00:00,spot_2,Spot 2,Empty,2026-06-25T16:32:42.378422+00:00,,,,,,,,
2026-06-25T17:24:23.946646+00:00,spot_3,Spot 3,Occupied,2026-06-25T13:47:51.606073+00:00,484,car,0.8758285641670227,14274,442.3192443847656,327.63897705078125,488.5107116699219,370.61883544921875
2026-06-25T17:24:23.946646+00:00,spot_4,Spot 4,Occupied,2026-06-25T17:01:21.992176+00:00,597,truck,0.6037349700927734,2341,387.74798583984375,323.99517822265625,437.79986572265625,366.15106201171875
2026-06-25T17:24:23.946646+00:00,spot_5,Spot 5,Occupied,2026-06-25T17:24:23.946646+00:00,625,truck,0.3679448962211609,0,335.06915283203125,328.868896484375,387.80035400390625,368.911376953125
2026-06-25T17:24:23.946646+00:00,spot_6,Spot 6,Occupied,2026-06-25T15:29:21.478293+00:00,520,car,0.7649905681610107,9716,285.358154296875,329.392822265625,338.9608154296875,366.2919921875
2026-06-25T17:24:23.946646+00:00,spot_7,Spot 7,Occupied,2026-06-25T17:03:22.006121+00:00,482,car,0.7941953539848328,14814,255.5367431640625,327.36102294921875,305.5853271484375,360.65692138671875
2026-06-25T17:24:23.946646+00:00,spot_8,Spot 8,Occupied,2026-06-25T15:31:21.332955+00:00,549,car,0.7929702401161194,6783,188.17282104492188,327.25152587890625,241.62606811523438,353.4573974609375
2026-06-25T17:24:23.946646+00:00,spot_9,Spot 9,Occupied,2026-06-25T17:23:22.182639+00:00,622,truck,0.3756968379020691,181,154.51889038085938,324.01031494140625,192.82894897460938,351.77178955078125
2026-06-25T17:24:23.946646+00:00,spot_10,Spot 10,Empty,2026-06-24T21:26:02.440441+00:00,,,,,,,,
2026-06-25T17:24:23.946646+00:00,spot_11,Spot 11,Occupied,2026-06-25T15:54:05.228962+00:00,516,truck,0.7408527731895447,10283,79.38041687011719,308.5739440917969,150.0606689453125,348.0951843261719
2026-06-25T17:24:23.946646+00:00,spot_12,Spot 12,Empty,2026-06-25T15:54:05.228962+00:00,,,,,,,,
2026-06-25T17:24:23.946646+00:00,spot_13,Spot 13,Empty,2026-06-25T01:06:00.185180+00:00,,,,,,,,
2026-06-25T17:24:23.946646+00:00,spot_14,Spot 14,Occupied,2026-06-25T17:24:23.946646+00:00,618,truck,0.4052124321460724,722,54.481536865234375,315.3140869140625,83.59397888183594,340.94482421875
2026-06-25T17:24:23.946646+00:00,spot_15,Spot 15,Empty,2026-06-25T17:11:19.472437+00:00,,,,,,,,
2026-06-25T17:24:23.946646+00:00,spot_16,Spot 16,Occupied,2026-06-25T17:24:23.946646+00:00,624,car,0.4313186705112457,0,31.5123348236084,316.1026306152344,58.17540740966797,334.8004455566406
2026-06-25T17:24:23.946646+00:00,spot_17,Spot 17,Empty,2026-06-25T17:16:43.069687+00:00,,,,,,,,
2026-06-25T17:25:22.495862+00:00,spot_1,Spot 1,Empty,2026-06-25T14:27:40.405737+00:00,,,,,,,,
2026-06-25T17:25:22.495862+00:00,spot_2,Spot 2,Empty,2026-06-25T16:32:42.378422+00:00,,,,,,,,
2026-06-25T17:25:22.495862+00:00,spot_3,Spot 3,Occupied,2026-06-25T13:47:51.606073+00:00,484,car,0.8085004687309265,14334,441.58154296875,327.18255615234375,488.55584716796875,370.35980224609375
2026-06-25T17:25:22.495862+00:00,spot_4,Spot 4,Occupied,2026-06-25T17:01:21.992176+00:00,597,truck,0.5340536832809448,2401,387.203857421875,302.61676025390625,442.1959228515625,366.59637451171875
2026-06-25T17:25:22.495862+00:00,spot_5,Spot 5,Occupied,2026-06-25T17:25:22.495862+00:00,485,car,0.5921837091445923,14281,334.8471374511719,329.28070068359375,388.5123596191406,368.13201904296875
2026-06-25T17:25:22.495862+00:00,spot_6,Spot 6,Occupied,2026-06-25T15:29:21.478293+00:00,520,car,0.5561602115631104,9776,281.954345703125,329.78973388671875,340.4794921875,365.36431884765625
2026-06-25T17:25:22.495862+00:00,spot_7,Spot 7,Occupied,2026-06-25T17:03:22.006121+00:00,482,car,0.4898495078086853,14873,255.28794860839844,326.9017333984375,303.869873046875,359.841552734375
2026-06-25T17:25:22.495862+00:00,spot_8,Spot 8,Occupied,2026-06-25T15:31:21.332955+00:00,549,car,0.8475154638290405,6843,188.05902099609375,327.3506774902344,241.32061767578125,353.2888488769531
2026-06-25T17:25:22.495862+00:00,spot_9,Spot 9,Occupied,2026-06-25T17:23:22.182639+00:00,622,truck,0.42466920614242554,240,154.53707885742188,323.575927734375,192.74362182617188,351.680908203125
2026-06-25T17:25:22.495862+00:00,spot_10,Spot 10,Empty,2026-06-24T21:26:02.440441+00:00,,,,,,,,
2026-06-25T17:25:22.495862+00:00,spot_11,Spot 11,Occupied,2026-06-25T15:54:05.228962+00:00,516,truck,0.5969637632369995,10343,83.50051879882812,308.95867919921875,152.50320434570312,347.82708740234375
2026-06-25T17:25:22.495862+00:00,spot_12,Spot 12,Empty,2026-06-25T15:54:05.228962+00:00,,,,,,,,
2026-06-25T17:25:22.495862+00:00,spot_13,Spot 13,Empty,2026-06-25T01:06:00.185180+00:00,,,,,,,,
2026-06-25T17:25:22.495862+00:00,spot_14,Spot 14,Occupied,2026-06-25T17:24:23.946646+00:00,618,truck,0.4553336501121521,782,54.179771423339844,314.503173828125,84.9356918334961,340.262939453125
2026-06-25T17:25:22.495862+00:00,spot_15,Spot 15,Empty,2026-06-25T17:11:19.472437+00:00,,,,,,,,
2026-06-25T17:25:22.495862+00:00,spot_16,Spot 16,Occupied,2026-06-25T17:25:22.495862+00:00,626,truck,0.4253942668437958,0,21.701936721801758,314.66729736328125,58.30039978027344,335.17926025390625
2026-06-25T17:25:22.495862+00:00,spot_17,Spot 17,Empty,2026-06-25T17:16:43.069687+00:00,,,,,,,,
2026-06-25T17:26:24.008570+00:00,spot_1,Spot 1,Empty,2026-06-25T14:27:40.405737+00:00,,,,,,,,
2026-06-25T17:26:24.008570+00:00,spot_2,Spot 2,Empty,2026-06-25T16:32:42.378422+00:00,,,,,,,,
2026-06-25T17:26:24.008570+00:00,spot_3,Spot 3,Occupied,2026-06-25T13:47:51.606073+00:00,484,car,0.8028230667114258,14395,442.46563720703125,327.43359375,488.74114990234375,371.5084228515625
2026-06-25T17:26:24.008570+00:00,spot_4,Spot 4,Empty,2026-06-25T17:26:24.008570+00:00,,,,,,,,
2026-06-25T17:26:24.008570+00:00,spot_5,Spot 5,Occupied,2026-06-25T17:25:22.495862+00:00,485,car,0.8311578631401062,14343,334.89080810546875,329.63824462890625,390.65423583984375,367.68280029296875
2026-06-25T17:26:24.008570+00:00,spot_6,Spot 6,Occupied,2026-06-25T15:29:21.478293+00:00,520,car,0.6686288118362427,9837,283.74566650390625,330.8078308105469,341.35736083984375,364.8941345214844
2026-06-25T17:26:24.008570+00:00,spot_7,Spot 7,Occupied,2026-06-25T17:03:22.006121+00:00,482,car,0.7704843282699585,14935,255.372314453125,327.16119384765625,304.14215087890625,360.09075927734375
2026-06-25T17:26:24.008570+00:00,spot_8,Spot 8,Occupied,2026-06-25T15:31:21.332955+00:00,549,car,0.791957676410675,6904,187.4981689453125,327.1596984863281,241.143798828125,353.4005432128906
2026-06-25T17:26:24.008570+00:00,spot_9,Spot 9,Occupied,2026-06-25T17:23:22.182639+00:00,622,truck,0.3926604092121124,302,154.33169555664062,324.17193603515625,194.13192749023438,351.90948486328125
2026-06-25T17:26:24.008570+00:00,spot_10,Spot 10,Empty,2026-06-24T21:26:02.440441+00:00,,,,,,,,
2026-06-25T17:26:24.008570+00:00,spot_11,Spot 11,Occupied,2026-06-25T15:54:05.228962+00:00,516,truck,0.6977382302284241,10404,83.03353881835938,308.6906433105469,152.96121215820312,347.7876892089844
2026-06-25T17:26:24.008570+00:00,spot_12,Spot 12,Empty,2026-06-25T15:54:05.228962+00:00,,,,,,,,
2026-06-25T17:26:24.008570+00:00,spot_13,Spot 13,Empty,2026-06-25T01:06:00.185180+00:00,,,,,,,,
2026-06-25T17:26:24.008570+00:00,spot_14,Spot 14,Empty,2026-06-25T17:26:24.008570+00:00,,,,,,,,
2026-06-25T17:26:24.008570+00:00,spot_15,Spot 15,Empty,2026-06-25T17:11:19.472437+00:00,,,,,,,,
2026-06-25T17:26:24.008570+00:00,spot_16,Spot 16,Empty,2026-06-25T17:26:24.008570+00:00,,,,,,,,
2026-06-25T17:26:24.008570+00:00,spot_17,Spot 17,Empty,2026-06-25T17:16:43.069687+00:00,,,,,,,,
2026-06-25T17:27:21.991915+00:00,spot_1,Spot 1,Empty,2026-06-25T14:27:40.405737+00:00,,,,,,,,
2026-06-25T17:27:21.991915+00:00,spot_2,Spot 2,Empty,2026-06-25T16:32:42.378422+00:00,,,,,,,,
2026-06-25T17:27:21.991915+00:00,spot_3,Spot 3,Occupied,2026-06-25T13:47:51.606073+00:00,484,car,0.8540418148040771,14452,442.1878967285156,327.4788818359375,488.3252868652344,370.595458984375
2026-06-25T17:27:21.991915+00:00,spot_4,Spot 4,Occupied,2026-06-25T17:27:21.991915+00:00,597,truck,0.5884760022163391,2519,387.41107177734375,322.4842529296875,437.00885009765625,366.3792724609375
2026-06-25T17:27:21.991915+00:00,spot_5,Spot 5,Occupied,2026-06-25T17:25:22.495862+00:00,485,car,0.7097911834716797,14400,335.2974853515625,329.29193115234375,388.7261962890625,367.75396728515625
2026-06-25T17:27:21.991915+00:00,spot_6,Spot 6,Occupied,2026-06-25T15:29:21.478293+00:00,520,car,0.6300013661384583,9894,283.11944580078125,330.3781433105469,342.03436279296875,365.0928039550781
2026-06-25T17:27:21.991915+00:00,spot_7,Spot 7,Occupied,2026-06-25T17:03:22.006121+00:00,482,car,0.7512375712394714,14992,255.4575653076172,327.01702880859375,303.72674560546875,359.82354736328125
2026-06-25T17:27:21.991915+00:00,spot_8,Spot 8,Occupied,2026-06-25T15:31:21.332955+00:00,549,car,0.7265902757644653,6961,188.0013427734375,327.39312744140625,241.22515869140625,353.19073486328125
2026-06-25T17:27:21.991915+00:00,spot_9,Spot 9,Occupied,2026-06-25T17:23:22.182639+00:00,622,truck,0.5159483551979065,359,154.31492614746094,324.3597106933594,192.67408752441406,351.8561706542969
2026-06-25T17:27:21.991915+00:00,spot_10,Spot 10,Empty,2026-06-24T21:26:02.440441+00:00,,,,,,,,
2026-06-25T17:27:21.991915+00:00,spot_11,Spot 11,Occupied,2026-06-25T15:54:05.228962+00:00,516,truck,0.7654263973236084,10461,81.65261840820312,308.6744384765625,155.5235137939453,347.64794921875
2026-06-25T17:27:21.991915+00:00,spot_12,Spot 12,Empty,2026-06-25T15:54:05.228962+00:00,,,,,,,,
2026-06-25T17:27:21.991915+00:00,spot_13,Spot 13,Empty,2026-06-25T01:06:00.185180+00:00,,,,,,,,
2026-06-25T17:27:21.991915+00:00,spot_14,Spot 14,Occupied,2026-06-25T17:27:21.991915+00:00,618,truck,0.37199684977531433,900,54.38948059082031,314.88458251953125,86.85429382324219,340.365478515625
2026-06-25T17:27:21.991915+00:00,spot_15,Spot 15,Empty,2026-06-25T17:11:19.472437+00:00,,,,,,,,
2026-06-25T17:27:21.991915+00:00,spot_16,Spot 16,Occupied,2026-06-25T17:27:21.991915+00:00,626,truck,0.4613703489303589,118,31.0738525390625,315.291748046875,58.23103332519531,334.9454345703125
2026-06-25T17:27:21.991915+00:00,spot_17,Spot 17,Empty,2026-06-25T17:16:43.069687+00:00,,,,,,,,
2026-06-25T17:28:23.807109+00:00,spot_1,Spot 1,Empty,2026-06-25T14:27:40.405737+00:00,,,,,,,,
2026-06-25T17:28:23.807109+00:00,spot_2,Spot 2,Empty,2026-06-25T16:32:42.378422+00:00,,,,,,,,
2026-06-25T17:28:23.807109+00:00,spot_3,Spot 3,Occupied,2026-06-25T13:47:51.606073+00:00,484,car,0.8198018670082092,14515,441.9873046875,328.41729736328125,486.0576171875,370.5152587890625
2026-06-25T17:28:23.807109+00:00,spot_4,Spot 4,Occupied,2026-06-25T17:27:21.991915+00:00,597,truck,0.4698941707611084,2583,387.7814025878906,323.24072265625,434.9742126464844,365.6617431640625
2026-06-25T17:28:23.807109+00:00,spot_5,Spot 5,Occupied,2026-06-25T17:25:22.495862+00:00,485,car,0.8381243944168091,14463,335.134765625,329.50372314453125,388.7442626953125,367.95501708984375
2026-06-25T17:28:23.807109+00:00,spot_6,Spot 6,Occupied,2026-06-25T15:29:21.478293+00:00,520,car,0.7550861239433289,9958,283.4747314453125,329.8777770996094,341.90264892578125,365.0235900878906
2026-06-25T17:28:23.807109+00:00,spot_7,Spot 7,Occupied,2026-06-25T17:03:22.006121+00:00,482,car,0.8622844219207764,15055,255.6334228515625,326.98291015625,303.72869873046875,359.9725341796875
2026-06-25T17:28:23.807109+00:00,spot_8,Spot 8,Occupied,2026-06-25T15:31:21.332955+00:00,549,car,0.844832181930542,7024,187.52474975585938,327.193359375,241.31472778320312,352.98828125
2026-06-25T17:28:23.807109+00:00,spot_9,Spot 9,Occupied,2026-06-25T17:23:22.182639+00:00,622,truck,0.44927704334259033,422,154.42958068847656,324.65106201171875,192.68812561035156,351.91571044921875
2026-06-25T17:28:23.807109+00:00,spot_10,Spot 10,Empty,2026-06-24T21:26:02.440441+00:00,,,,,,,,
2026-06-25T17:28:23.807109+00:00,spot_11,Spot 11,Occupied,2026-06-25T15:54:05.228962+00:00,516,truck,0.7897622585296631,10525,82.23603820800781,308.6470031738281,152.851806640625,347.8712463378906
2026-06-25T17:28:23.807109+00:00,spot_12,Spot 12,Empty,2026-06-25T15:54:05.228962+00:00,,,,,,,,
2026-06-25T17:28:23.807109+00:00,spot_13,Spot 13,Empty,2026-06-25T01:06:00.185180+00:00,,,,,,,,
2026-06-25T17:28:23.807109+00:00,spot_14,Spot 14,Occupied,2026-06-25T17:27:21.991915+00:00,618,truck,0.4488978385925293,963,53.845367431640625,310.6432800292969,100.37763977050781,340.3742980957031
2026-06-25T17:28:23.807109+00:00,spot_15,Spot 15,Empty,2026-06-25T17:11:19.472437+00:00,,,,,,,,
2026-06-25T17:28:23.807109+00:00,spot_16,Spot 16,Occupied,2026-06-25T17:27:21.991915+00:00,626,truck,0.4756626784801483,181,23.536273956298828,314.92218017578125,59.14785385131836,334.76092529296875
2026-06-25T17:28:23.807109+00:00,spot_17,Spot 17,Empty,2026-06-25T17:16:43.069687+00:00,,,,,,,,
2026-06-25T17:29:22.944836+00:00,spot_1,Spot 1,Empty,2026-06-25T14:27:40.405737+00:00,,,,,,,,
2026-06-25T17:29:22.944836+00:00,spot_2,Spot 2,Empty,2026-06-25T16:32:42.378422+00:00,,,,,,,,
2026-06-25T17:29:22.944836+00:00,spot_3,Spot 3,Occupied,2026-06-25T13:47:51.606073+00:00,484,car,0.5830195546150208,14574,442.3626708984375,327.751220703125,488.28759765625,370.81591796875
2026-06-25T17:29:22.944836+00:00,spot_4,Spot 4,Occupied,2026-06-25T17:27:21.991915+00:00,597,truck,0.5956498980522156,2641,387.17364501953125,322.9114990234375,442.91961669921875,365.9794921875
2026-06-25T17:29:22.944836+00:00,spot_5,Spot 5,Occupied,2026-06-25T17:25:22.495862+00:00,485,car,0.6547078490257263,14521,335.3419189453125,329.705322265625,386.56756591796875,368.5306396484375
2026-06-25T17:29:22.944836+00:00,spot_6,Spot 6,Occupied,2026-06-25T15:29:21.478293+00:00,520,car,0.6992568373680115,10016,283.5803527832031,330.21173095703125,339.4574279785156,365.158203125
2026-06-25T17:29:22.944836+00:00,spot_7,Spot 7,Occupied,2026-06-25T17:03:22.006121+00:00,482,car,0.6341854333877563,15113,255.39749145507812,327.0616149902344,303.0332336425781,360.1700744628906
2026-06-25T17:29:22.944836+00:00,spot_8,Spot 8,Occupied,2026-06-25T15:31:21.332955+00:00,549,car,0.8124593496322632,7083,187.5194549560547,327.84307861328125,241.7440948486328,353.2314453125
2026-06-25T17:29:22.944836+00:00,spot_9,Spot 9,Occupied,2026-06-25T17:23:22.182639+00:00,622,truck,0.42565232515335083,480,154.37289428710938,324.1136779785156,193.0377197265625,351.9092102050781
2026-06-25T17:29:22.944836+00:00,spot_10,Spot 10,Empty,2026-06-24T21:26:02.440441+00:00,,,,,,,,
2026-06-25T17:29:22.944836+00:00,spot_11,Spot 11,Occupied,2026-06-25T15:54:05.228962+00:00,516,truck,0.7570804953575134,10583,80.24589538574219,309.0687255859375,153.16859436035156,347.94451904296875
2026-06-25T17:29:22.944836+00:00,spot_12,Spot 12,Empty,2026-06-25T15:54:05.228962+00:00,,,,,,,,
2026-06-25T17:29:22.944836+00:00,spot_13,Spot 13,Empty,2026-06-25T01:06:00.185180+00:00,,,,,,,,
2026-06-25T17:29:22.944836+00:00,spot_14,Spot 14,Occupied,2026-06-25T17:27:21.991915+00:00,618,truck,0.3512806296348572,1022,51.064083099365234,314.931396484375,83.04757690429688,340.40869140625
2026-06-25T17:29:22.944836+00:00,spot_15,Spot 15,Empty,2026-06-25T17:11:19.472437+00:00,,,,,,,,
2026-06-25T17:29:22.944836+00:00,spot_16,Spot 16,Occupied,2026-06-25T17:27:21.991915+00:00,626,truck,0.47939494252204895,240,31.34922218322754,315.4329833984375,58.29090118408203,334.7750244140625
2026-06-25T17:29:22.944836+00:00,spot_17,Spot 17,Empty,2026-06-25T17:16:43.069687+00:00,,,,,,,,
2026-06-25T17:30:26.372998+00:00,spot_1,Spot 1,Empty,2026-06-25T14:27:40.405737+00:00,,,,,,,,
2026-06-25T17:30:26.372998+00:00,spot_2,Spot 2,Empty,2026-06-25T16:32:42.378422+00:00,,,,,,,,
2026-06-25T17:30:26.372998+00:00,spot_3,Spot 3,Occupied,2026-06-25T13:47:51.606073+00:00,484,car,0.8556300401687622,14639,442.3074645996094,327.1387939453125,488.5102233886719,370.33636474609375
2026-06-25T17:30:26.372998+00:00,spot_4,Spot 4,Occupied,2026-06-25T17:30:26.372998+00:00,627,car,0.3630865216255188,0,387.644775390625,323.78436279296875,440.696044921875,366.306640625
2026-06-25T17:30:26.372998+00:00,spot_5,Spot 5,Occupied,2026-06-25T17:25:22.495862+00:00,485,car,0.746160626411438,14587,334.84527587890625,329.1033020019531,388.57391357421875,368.2987365722656
2026-06-25T17:30:26.372998+00:00,spot_6,Spot 6,Occupied,2026-06-25T15:29:21.478293+00:00,520,car,0.727636456489563,10082,282.8371276855469,330.1343688964844,341.2967224121094,365.1933898925781
2026-06-25T17:30:26.372998+00:00,spot_7,Spot 7,Occupied,2026-06-25T17:03:22.006121+00:00,482,car,0.6988210678100586,15179,255.23593139648438,326.526123046875,303.6671447753906,360.12451171875
2026-06-25T17:30:26.372998+00:00,spot_8,Spot 8,Occupied,2026-06-25T15:31:21.332955+00:00,549,car,0.8794922232627869,7148,187.74160766601562,327.7203369140625,242.28097534179688,353.321044921875
2026-06-25T17:30:26.372998+00:00,spot_9,Spot 9,Occupied,2026-06-25T17:23:22.182639+00:00,622,truck,0.44234949350357056,546,154.59494018554688,324.646240234375,198.04403686523438,351.9091796875
2026-06-25T17:30:26.372998+00:00,spot_10,Spot 10,Empty,2026-06-24T21:26:02.440441+00:00,,,,,,,,
2026-06-25T17:30:26.372998+00:00,spot_11,Spot 11,Occupied,2026-06-25T15:54:05.228962+00:00,516,truck,0.7540720105171204,10649,80.50875854492188,308.6123962402344,151.57522583007812,347.7034606933594
2026-06-25T17:30:26.372998+00:00,spot_12,Spot 12,Empty,2026-06-25T15:54:05.228962+00:00,,,,,,,,
2026-06-25T17:30:26.372998+00:00,spot_13,Spot 13,Empty,2026-06-25T01:06:00.185180+00:00,,,,,,,,
2026-06-25T17:30:26.372998+00:00,spot_14,Spot 14,Occupied,2026-06-25T17:27:21.991915+00:00,618,truck,0.40503934025764465,1087,52.73155975341797,315.9044189453125,83.82657623291016,340.3604736328125
2026-06-25T17:30:26.372998+00:00,spot_15,Spot 15,Empty,2026-06-25T17:11:19.472437+00:00,,,,,,,,
2026-06-25T17:30:26.372998+00:00,spot_16,Spot 16,Empty,2026-06-25T17:30:26.372998+00:00,,,,,,,,
2026-06-25T17:30:26.372998+00:00,spot_17,Spot 17,Empty,2026-06-25T17:16:43.069687+00:00,,,,,,,,
2026-06-25T17:31:21.744711+00:00,spot_1,Spot 1,Empty,2026-06-25T14:27:40.405737+00:00,,,,,,,,
2026-06-25T17:31:21.744711+00:00,spot_2,Spot 2,Empty,2026-06-25T16:32:42.378422+00:00,,,,,,,,
2026-06-25T17:31:21.744711+00:00,spot_3,Spot 3,Occupied,2026-06-25T13:47:51.606073+00:00,484,car,0.8554542064666748,14693,442.372314453125,327.61029052734375,489.3048095703125,371.15997314453125
2026-06-25T17:31:21.744711+00:00,spot_4,Spot 4,Occupied,2026-06-25T17:31:21.744711+00:00,597,truck,0.4839220643043518,2761,387.74420166015625,323.140380859375,442.20123291015625,366.46826171875
2026-06-25T17:31:21.744711+00:00,spot_5,Spot 5,Occupied,2026-06-25T17:25:22.495862+00:00,485,car,0.6720717549324036,14641,335.34857177734375,329.1156005859375,391.095458984375,368.49462890625
2026-06-25T17:31:21.744711+00:00,spot_6,Spot 6,Occupied,2026-06-25T15:29:21.478293+00:00,520,car,0.785387396812439,10136,283.9622497558594,330.23895263671875,341.8169860839844,365.1295166015625
2026-06-25T17:31:21.744711+00:00,spot_7,Spot 7,Occupied,2026-06-25T17:03:22.006121+00:00,482,car,0.7955971956253052,15233,255.44871520996094,326.5900573730469,303.9481201171875,359.9373474121094
2026-06-25T17:31:21.744711+00:00,spot_8,Spot 8,Occupied,2026-06-25T15:31:21.332955+00:00,549,car,0.8623770475387573,7202,187.89898681640625,327.72216796875,243.26174926757812,353.2930908203125
2026-06-25T17:31:21.744711+00:00,spot_9,Spot 9,Occupied,2026-06-25T17:23:22.182639+00:00,622,truck,0.4766412675380707,600,154.3244171142578,324.0390625,194.84681701660156,351.7181396484375
2026-06-25T17:31:21.744711+00:00,spot_10,Spot 10,Empty,2026-06-24T21:26:02.440441+00:00,,,,,,,,
2026-06-25T17:31:21.744711+00:00,spot_11,Spot 11,Occupied,2026-06-25T15:54:05.228962+00:00,516,truck,0.7687696218490601,10703,80.03825378417969,308.6935119628906,154.522216796875,347.6708679199219
2026-06-25T17:31:21.744711+00:00,spot_12,Spot 12,Empty,2026-06-25T15:54:05.228962+00:00,,,,,,,,
2026-06-25T17:31:21.744711+00:00,spot_13,Spot 13,Empty,2026-06-25T01:06:00.185180+00:00,,,,,,,,
2026-06-25T17:31:21.744711+00:00,spot_14,Spot 14,Empty,2026-06-25T17:31:21.744711+00:00,,,,,,,,
2026-06-25T17:31:21.744711+00:00,spot_15,Spot 15,Empty,2026-06-25T17:11:19.472437+00:00,,,,,,,,
2026-06-25T17:31:21.744711+00:00,spot_16,Spot 16,Occupied,2026-06-25T17:31:21.744711+00:00,626,truck,0.3872034549713135,359,21.661956787109375,314.95465087890625,60.76930236816406,334.63226318359375
2026-06-25T17:31:21.744711+00:00,spot_17,Spot 17,Empty,2026-06-25T17:16:43.069687+00:00,,,,,,,,
2026-06-25T17:32:40.542658+00:00,spot_1,Spot 1,Empty,2026-06-25T14:27:40.405737+00:00,,,,,,,,
2026-06-25T17:32:40.542658+00:00,spot_2,Spot 2,Empty,2026-06-25T16:32:42.378422+00:00,,,,,,,,
2026-06-25T17:32:40.542658+00:00,spot_3,Spot 3,Occupied,2026-06-25T13:47:51.606073+00:00,484,car,0.6683955192565918,14772,442.36376953125,327.37322998046875,488.8516845703125,370.98358154296875
2026-06-25T17:32:40.542658+00:00,spot_4,Spot 4,Occupied,2026-06-25T17:31:21.744711+00:00,597,truck,0.4059159457683563,2840,387.6948547363281,323.3935546875,435.0050354003906,367.01678466796875
2026-06-25T17:32:40.542658+00:00,spot_5,Spot 5,Occupied,2026-06-25T17:32:40.542658+00:00,628,truck,0.4609020948410034,0,334.95452880859375,327.9000549316406,386.38348388671875,368.3124694824219
2026-06-25T17:32:40.542658+00:00,spot_6,Spot 6,Occupied,2026-06-25T17:32:40.542658+00:00,629,truck,0.4387774169445038,0,281.910400390625,329.2893371582031,337.3516845703125,365.9535217285156
2026-06-25T17:32:40.542658+00:00,spot_7,Spot 7,Occupied,2026-06-25T17:03:22.006121+00:00,482,car,0.595879316329956,15312,255.5218505859375,326.8302917480469,303.7275390625,360.1072082519531
2026-06-25T17:32:40.542658+00:00,spot_8,Spot 8,Occupied,2026-06-25T15:31:21.332955+00:00,549,car,0.7857452630996704,7281,187.47837829589844,327.3658142089844,243.1384735107422,353.3398742675781
2026-06-25T17:32:40.542658+00:00,spot_9,Spot 9,Occupied,2026-06-25T17:23:22.182639+00:00,622,truck,0.3830263018608093,679,154.37298583984375,323.13385009765625,193.30120849609375,352.14630126953125
2026-06-25T17:32:40.542658+00:00,spot_10,Spot 10,Empty,2026-06-24T21:26:02.440441+00:00,,,,,,,,
2026-06-25T17:32:40.542658+00:00,spot_11,Spot 11,Occupied,2026-06-25T15:54:05.228962+00:00,516,truck,0.7721850872039795,10782,82.02687072753906,308.89227294921875,154.52479553222656,348.08221435546875
2026-06-25T17:32:40.542658+00:00,spot_12,Spot 12,Empty,2026-06-25T15:54:05.228962+00:00,,,,,,,,
2026-06-25T17:32:40.542658+00:00,spot_13,Spot 13,Empty,2026-06-25T01:06:00.185180+00:00,,,,,,,,
2026-06-25T17:32:40.542658+00:00,spot_14,Spot 14,Empty,2026-06-25T17:31:21.744711+00:00,,,,,,,,
2026-06-25T17:32:40.542658+00:00,spot_15,Spot 15,Empty,2026-06-25T17:11:19.472437+00:00,,,,,,,,
2026-06-25T17:32:40.542658+00:00,spot_16,Spot 16,Empty,2026-06-25T17:32:40.542658+00:00,,,,,,,,
2026-06-25T17:32:40.542658+00:00,spot_17,Spot 17,Empty,2026-06-25T17:16:43.069687+00:00,,,,,,,,
2026-06-25T17:33:42.255410+00:00,spot_1,Spot 1,Empty,2026-06-25T14:27:40.405737+00:00,,,,,,,,
2026-06-25T17:33:42.255410+00:00,spot_2,Spot 2,Empty,2026-06-25T16:32:42.378422+00:00,,,,,,,,
2026-06-25T17:33:42.255410+00:00,spot_3,Spot 3,Occupied,2026-06-25T13:47:51.606073+00:00,484,car,0.8613021373748779,14832,442.27374267578125,327.09716796875,489.18896484375,371.224609375
2026-06-25T17:33:42.255410+00:00,spot_4,Spot 4,Occupied,2026-06-25T17:31:21.744711+00:00,597,truck,0.40919288992881775,2899,386.202392578125,323.2749938964844,437.8028564453125,365.8809509277344
2026-06-25T17:33:42.255410+00:00,spot_5,Spot 5,Occupied,2026-06-25T17:33:42.255410+00:00,485,car,0.616202175617218,14780,334.62548828125,328.7253723144531,387.269287109375,368.0839538574219
2026-06-25T17:33:42.255410+00:00,spot_6,Spot 6,Occupied,2026-06-25T17:33:42.255410+00:00,520,car,0.6032045483589172,10274,285.6363525390625,330.23583984375,341.09527587890625,365.0869140625
2026-06-25T17:33:42.255410+00:00,spot_7,Spot 7,Occupied,2026-06-25T17:03:22.006121+00:00,482,car,0.5883887410163879,15372,255.51568603515625,326.3536376953125,303.599365234375,359.3936767578125
2026-06-25T17:33:42.255410+00:00,spot_8,Spot 8,Occupied,2026-06-25T15:31:21.332955+00:00,549,car,0.8283440470695496,7341,187.55323791503906,327.1826171875,241.57948303222656,353.39483642578125
2026-06-25T17:33:42.255410+00:00,spot_9,Spot 9,Occupied,2026-06-25T17:33:42.255410+00:00,630,car,0.521559476852417,0,154.28504943847656,323.8005676269531,194.61912536621094,351.4510803222656
2026-06-25T17:33:42.255410+00:00,spot_10,Spot 10,Empty,2026-06-24T21:26:02.440441+00:00,,,,,,,,
2026-06-25T17:33:42.255410+00:00,spot_11,Spot 11,Occupied,2026-06-25T15:54:05.228962+00:00,516,truck,0.7600281834602356,10841,80.47789001464844,309.064453125,154.613037109375,347.48828125
2026-06-25T17:33:42.255410+00:00,spot_12,Spot 12,Empty,2026-06-25T15:54:05.228962+00:00,,,,,,,,
2026-06-25T17:33:42.255410+00:00,spot_13,Spot 13,Empty,2026-06-25T01:06:00.185180+00:00,,,,,,,,
2026-06-25T17:33:42.255410+00:00,spot_14,Spot 14,Empty,2026-06-25T17:31:21.744711+00:00,,,,,,,,
2026-06-25T17:33:42.255410+00:00,spot_15,Spot 15,Empty,2026-06-25T17:11:19.472437+00:00,,,,,,,,
2026-06-25T17:33:42.255410+00:00,spot_16,Spot 16,Empty,2026-06-25T17:32:40.542658+00:00,,,,,,,,
2026-06-25T17:33:42.255410+00:00,spot_17,Spot 17,Empty,2026-06-25T17:16:43.069687+00:00,,,,,,,,
2026-06-25T17:34:33.409184+00:00,spot_1,Spot 1,Empty,2026-06-25T14:27:40.405737+00:00,,,,,,,,
2026-06-25T17:34:33.409184+00:00,spot_2,Spot 2,Empty,2026-06-25T16:32:42.378422+00:00,,,,,,,,
2026-06-25T17:34:33.409184+00:00,spot_3,Spot 3,Occupied,2026-06-25T13:47:51.606073+00:00,484,car,0.8246961236000061,14883,442.19134521484375,327.7724609375,488.89947509765625,371.678466796875
2026-06-25T17:34:33.409184+00:00,spot_4,Spot 4,Occupied,2026-06-25T17:31:21.744711+00:00,597,truck,0.6597655415534973,2950,387.3767395019531,323.123779296875,443.1327819824219,365.8778076171875
2026-06-25T17:34:33.409184+00:00,spot_5,Spot 5,Occupied,2026-06-25T17:33:42.255410+00:00,485,car,0.8192843794822693,14831,335.31646728515625,329.1241455078125,389.10076904296875,368.6038818359375
2026-06-25T17:34:33.409184+00:00,spot_6,Spot 6,Occupied,2026-06-25T17:33:42.255410+00:00,520,car,0.7114974856376648,10325,285.60601806640625,329.7965087890625,340.78619384765625,366.35186767578125
2026-06-25T17:34:33.409184+00:00,spot_7,Spot 7,Occupied,2026-06-25T17:03:22.006121+00:00,482,car,0.7852019667625427,15423,255.58963012695312,325.5457458496094,304.0140075683594,360.3503723144531
2026-06-25T17:34:33.409184+00:00,spot_8,Spot 8,Occupied,2026-06-25T15:31:21.332955+00:00,549,car,0.8359376192092896,7392,188.1212158203125,327.3060607910156,242.35089111328125,353.6416320800781
2026-06-25T17:34:33.409184+00:00,spot_9,Spot 9,Occupied,2026-06-25T17:34:33.409184+00:00,622,truck,0.49107834696769714,789,154.46746826171875,323.4496154785156,193.4930419921875,351.8031311035156
2026-06-25T17:34:33.409184+00:00,spot_10,Spot 10,Empty,2026-06-24T21:26:02.440441+00:00,,,,,,,,
2026-06-25T17:34:33.409184+00:00,spot_11,Spot 11,Occupied,2026-06-25T15:54:05.228962+00:00,516,truck,0.7810994982719421,10892,81.26419067382812,309.20404052734375,153.56900024414062,347.63934326171875
2026-06-25T17:34:33.409184+00:00,spot_12,Spot 12,Empty,2026-06-25T15:54:05.228962+00:00,,,,,,,,
2026-06-25T17:34:33.409184+00:00,spot_13,Spot 13,Empty,2026-06-25T01:06:00.185180+00:00,,,,,,,,
2026-06-25T17:34:33.409184+00:00,spot_14,Spot 14,Occupied,2026-06-25T17:34:33.409184+00:00,631,truck,0.43076786398887634,0,53.52669906616211,315.0680236816406,85.79373168945312,340.6641540527344
2026-06-25T17:34:33.409184+00:00,spot_15,Spot 15,Empty,2026-06-25T17:11:19.472437+00:00,,,,,,,,
2026-06-25T17:34:33.409184+00:00,spot_16,Spot 16,Empty,2026-06-25T17:32:40.542658+00:00,,,,,,,,
2026-06-25T17:34:33.409184+00:00,spot_17,Spot 17,Empty,2026-06-25T17:16:43.069687+00:00,,,,,,,,
2026-06-25T17:35:22.872584+00:00,spot_1,Spot 1,Empty,2026-06-25T14:27:40.405737+00:00,,,,,,,,
2026-06-25T17:35:22.872584+00:00,spot_2,Spot 2,Empty,2026-06-25T16:32:42.378422+00:00,,,,,,,,
2026-06-25T17:35:22.872584+00:00,spot_3,Spot 3,Occupied,2026-06-25T13:47:51.606073+00:00,484,car,0.8297746777534485,14933,441.94610595703125,326.93463134765625,488.9134521484375,371.61383056640625
2026-06-25T17:35:22.872584+00:00,spot_4,Spot 4,Empty,2026-06-25T17:35:22.872584+00:00,,,,,,,,
2026-06-25T17:35:22.872584+00:00,spot_5,Spot 5,Occupied,2026-06-25T17:33:42.255410+00:00,485,car,0.8496105670928955,14881,335.07080078125,329.4747314453125,387.60888671875,368.87060546875
2026-06-25T17:35:22.872584+00:00,spot_6,Spot 6,Occupied,2026-06-25T17:33:42.255410+00:00,520,car,0.7454537153244019,10375,281.4796142578125,330.12286376953125,339.51458740234375,365.13177490234375
2026-06-25T17:35:22.872584+00:00,spot_7,Spot 7,Occupied,2026-06-25T17:03:22.006121+00:00,482,car,0.704406201839447,15473,255.14923095703125,326.7113037109375,303.33538818359375,360.0245361328125
2026-06-25T17:35:22.872584+00:00,spot_8,Spot 8,Occupied,2026-06-25T15:31:21.332955+00:00,549,car,0.8527411222457886,7442,187.3927001953125,326.68768310546875,241.104248046875,353.290771484375
2026-06-25T17:35:22.872584+00:00,spot_9,Spot 9,Occupied,2026-06-25T17:34:33.409184+00:00,622,truck,0.3768707811832428,840,154.30157470703125,323.90350341796875,192.53256225585938,352.0264892578125
2026-06-25T17:35:22.872584+00:00,spot_10,Spot 10,Empty,2026-06-24T21:26:02.440441+00:00,,,,,,,,
2026-06-25T17:35:22.872584+00:00,spot_11,Spot 11,Occupied,2026-06-25T15:54:05.228962+00:00,516,truck,0.7810108065605164,10942,80.20317077636719,308.88140869140625,154.3349151611328,347.57135009765625
2026-06-25T17:35:22.872584+00:00,spot_12,Spot 12,Empty,2026-06-25T15:54:05.228962+00:00,,,,,,,,
2026-06-25T17:35:22.872584+00:00,spot_13,Spot 13,Empty,2026-06-25T01:06:00.185180+00:00,,,,,,,,
2026-06-25T17:35:22.872584+00:00,spot_14,Spot 14,Occupied,2026-06-25T17:34:33.409184+00:00,631,truck,0.4891536831855774,50,54.23581314086914,315.8183288574219,83.89639282226562,340.5274353027344
2026-06-25T17:35:22.872584+00:00,spot_15,Spot 15,Empty,2026-06-25T17:11:19.472437+00:00,,,,,,,,
2026-06-25T17:35:22.872584+00:00,spot_16,Spot 16,Empty,2026-06-25T17:32:40.542658+00:00,,,,,,,,
2026-06-25T17:35:22.872584+00:00,spot_17,Spot 17,Empty,2026-06-25T17:16:43.069687+00:00,,,,,,,,
2026-06-25T17:36:22.746738+00:00,spot_1,Spot 1,Empty,2026-06-25T14:27:40.405737+00:00,,,,,,,,
2026-06-25T17:36:22.746738+00:00,spot_2,Spot 2,Empty,2026-06-25T16:32:42.378422+00:00,,,,,,,,
2026-06-25T17:36:22.746738+00:00,spot_3,Spot 3,Occupied,2026-06-25T13:47:51.606073+00:00,484,car,0.8405863642692566,14993,442.1742858886719,327.25982666015625,489.1253967285156,370.88055419921875
2026-06-25T17:36:22.746738+00:00,spot_4,Spot 4,Occupied,2026-06-25T17:36:22.746738+00:00,597,truck,0.4648382067680359,3060,386.588623046875,323.2674560546875,442.153076171875,365.843505859375
2026-06-25T17:36:22.746738+00:00,spot_5,Spot 5,Occupied,2026-06-25T17:33:42.255410+00:00,485,car,0.7262684106826782,14941,335.43670654296875,329.21624755859375,388.47393798828125,368.40533447265625
2026-06-25T17:36:22.746738+00:00,spot_6,Spot 6,Occupied,2026-06-25T17:33:42.255410+00:00,520,car,0.605661928653717,10436,283.0045471191406,330.65899658203125,341.8495178222656,365.814453125
2026-06-25T17:36:22.746738+00:00,spot_7,Spot 7,Occupied,2026-06-25T17:03:22.006121+00:00,482,car,0.6232004165649414,15533,255.43060302734375,326.8565673828125,304.08978271484375,360.26220703125
2026-06-25T17:36:22.746738+00:00,spot_8,Spot 8,Occupied,2026-06-25T15:31:21.332955+00:00,549,car,0.8586265444755554,7502,187.6884765625,327.15484619140625,242.10391235351562,353.23358154296875
2026-06-25T17:36:22.746738+00:00,spot_9,Spot 9,Occupied,2026-06-25T17:34:33.409184+00:00,622,truck,0.49330440163612366,900,154.37738037109375,323.93426513671875,192.41656494140625,351.79864501953125
2026-06-25T17:36:22.746738+00:00,spot_10,Spot 10,Empty,2026-06-24T21:26:02.440441+00:00,,,,,,,,
2026-06-25T17:36:22.746738+00:00,spot_11,Spot 11,Occupied,2026-06-25T15:54:05.228962+00:00,516,truck,0.7734695672988892,11002,80.38479614257812,309.41815185546875,153.12692260742188,347.59588623046875
2026-06-25T17:36:22.746738+00:00,spot_12,Spot 12,Empty,2026-06-25T15:54:05.228962+00:00,,,,,,,,
2026-06-25T17:36:22.746738+00:00,spot_13,Spot 13,Empty,2026-06-25T01:06:00.185180+00:00,,,,,,,,
2026-06-25T17:36:22.746738+00:00,spot_14,Spot 14,Empty,2026-06-25T17:36:22.746738+00:00,,,,,,,,
2026-06-25T17:36:22.746738+00:00,spot_15,Spot 15,Empty,2026-06-25T17:11:19.472437+00:00,,,,,,,,
2026-06-25T17:36:22.746738+00:00,spot_16,Spot 16,Empty,2026-06-25T17:32:40.542658+00:00,,,,,,,,
2026-06-25T17:36:22.746738+00:00,spot_17,Spot 17,Empty,2026-06-25T17:16:43.069687+00:00,,,,,,,,
2026-06-25T17:37:21.572106+00:00,spot_1,Spot 1,Empty,2026-06-25T14:27:40.405737+00:00,,,,,,,,
2026-06-25T17:37:21.572106+00:00,spot_2,Spot 2,Empty,2026-06-25T16:32:42.378422+00:00,,,,,,,,
2026-06-25T17:37:21.572106+00:00,spot_3,Spot 3,Occupied,2026-06-25T13:47:51.606073+00:00,484,car,0.8405863642692566,15051,442.1742858886719,327.25982666015625,489.1253967285156,370.88055419921875
2026-06-25T17:37:21.572106+00:00,spot_4,Spot 4,Occupied,2026-06-25T17:36:22.746738+00:00,597,truck,0.4648382067680359,3119,386.588623046875,323.2674560546875,442.153076171875,365.843505859375
2026-06-25T17:37:21.572106+00:00,spot_5,Spot 5,Occupied,2026-06-25T17:33:42.255410+00:00,485,car,0.7262684106826782,14999,335.43670654296875,329.21624755859375,388.47393798828125,368.40533447265625
2026-06-25T17:37:21.572106+00:00,spot_6,Spot 6,Occupied,2026-06-25T17:33:42.255410+00:00,520,car,0.605661928653717,10494,283.0045471191406,330.65899658203125,341.8495178222656,365.814453125
2026-06-25T17:37:21.572106+00:00,spot_7,Spot 7,Occupied,2026-06-25T17:03:22.006121+00:00,482,car,0.6232004165649414,15591,255.43060302734375,326.8565673828125,304.08978271484375,360.26220703125
2026-06-25T17:37:21.572106+00:00,spot_8,Spot 8,Occupied,2026-06-25T15:31:21.332955+00:00,549,car,0.8586265444755554,7560,187.6884765625,327.15484619140625,242.10391235351562,353.23358154296875
2026-06-25T17:37:21.572106+00:00,spot_9,Spot 9,Occupied,2026-06-25T17:34:33.409184+00:00,622,truck,0.49330440163612366,958,154.37738037109375,323.93426513671875,192.41656494140625,351.79864501953125
2026-06-25T17:37:21.572106+00:00,spot_10,Spot 10,Empty,2026-06-24T21:26:02.440441+00:00,,,,,,,,
2026-06-25T17:37:21.572106+00:00,spot_11,Spot 11,Occupied,2026-06-25T15:54:05.228962+00:00,516,truck,0.7734695672988892,11061,80.38479614257812,309.41815185546875,153.12692260742188,347.59588623046875
2026-06-25T17:37:21.572106+00:00,spot_12,Spot 12,Empty,2026-06-25T15:54:05.228962+00:00,,,,,,,,
2026-06-25T17:37:21.572106+00:00,spot_13,Spot 13,Empty,2026-06-25T01:06:00.185180+00:00,,,,,,,,
2026-06-25T17:37:21.572106+00:00,spot_14,Spot 14,Empty,2026-06-25T17:36:22.746738+00:00,,,,,,,,
2026-06-25T17:37:21.572106+00:00,spot_15,Spot 15,Empty,2026-06-25T17:11:19.472437+00:00,,,,,,,,
2026-06-25T17:37:21.572106+00:00,spot_16,Spot 16,Empty,2026-06-25T17:32:40.542658+00:00,,,,,,,,
2026-06-25T17:37:21.572106+00:00,spot_17,Spot 17,Empty,2026-06-25T17:16:43.069687+00:00,,,,,,,,
2026-06-25T17:38:23.473553+00:00,spot_1,Spot 1,Empty,2026-06-25T14:27:40.405737+00:00,,,,,,,,
2026-06-25T17:38:23.473553+00:00,spot_2,Spot 2,Empty,2026-06-25T16:32:42.378422+00:00,,,,,,,,
2026-06-25T17:38:23.473553+00:00,spot_3,Spot 3,Occupied,2026-06-25T13:47:51.606073+00:00,484,car,0.8506787419319153,15115,442.5697021484375,328.07501220703125,488.9044189453125,371.09124755859375
2026-06-25T17:38:23.473553+00:00,spot_4,Spot 4,Occupied,2026-06-25T17:36:22.746738+00:00,597,truck,0.3580375611782074,3183,388.0137023925781,323.36126708984375,437.5531921386719,365.88458251953125
2026-06-25T17:38:23.473553+00:00,spot_5,Spot 5,Occupied,2026-06-25T17:33:42.255410+00:00,485,car,0.6721449494361877,15063,335.37725830078125,328.42706298828125,387.81158447265625,368.61053466796875
2026-06-25T17:38:23.473553+00:00,spot_6,Spot 6,Occupied,2026-06-25T17:33:42.255410+00:00,520,car,0.7535603046417236,10558,282.589599609375,330.0727233886719,341.0791015625,365.7168884277344
2026-06-25T17:38:23.473553+00:00,spot_7,Spot 7,Occupied,2026-06-25T17:03:22.006121+00:00,482,car,0.7194319367408752,15655,255.53463745117188,326.43560791015625,303.2500915527344,359.96124267578125
2026-06-25T17:38:23.473553+00:00,spot_8,Spot 8,Occupied,2026-06-25T17:38:23.473553+00:00,632,car,0.6896653771400452,0,207.50259399414062,325.55657958984375,264.2025146484375,358.87811279296875
2026-06-25T17:38:23.473553+00:00,spot_9,Spot 9,Occupied,2026-06-25T17:34:33.409184+00:00,622,truck,0.4526013731956482,1022,154.478271484375,323.7796936035156,193.61929321289062,351.6163635253906
2026-06-25T17:38:23.473553+00:00,spot_10,Spot 10,Occupied,2026-06-25T17:38:23.473553+00:00,549,car,0.7294299602508545,7624,187.96273803710938,327.27996826171875,224.40542602539062,352.54412841796875
2026-06-25T17:38:23.473553+00:00,spot_11,Spot 11,Occupied,2026-06-25T15:54:05.228962+00:00,516,truck,0.7234405875205994,11125,81.43745422363281,309.03265380859375,152.82257080078125,347.88458251953125
2026-06-25T17:38:23.473553+00:00,spot_12,Spot 12,Empty,2026-06-25T15:54:05.228962+00:00,,,,,,,,
2026-06-25T17:38:23.473553+00:00,spot_13,Spot 13,Empty,2026-06-25T01:06:00.185180+00:00,,,,,,,,
2026-06-25T17:38:23.473553+00:00,spot_14,Spot 14,Empty,2026-06-25T17:36:22.746738+00:00,,,,,,,,
2026-06-25T17:38:23.473553+00:00,spot_15,Spot 15,Empty,2026-06-25T17:11:19.472437+00:00,,,,,,,,
2026-06-25T17:38:23.473553+00:00,spot_16,Spot 16,Occupied,2026-06-25T17:38:23.473553+00:00,633,truck,0.355741024017334,0,30.692747116088867,315.5191650390625,59.06245422363281,334.71240234375
2026-06-25T17:38:23.473553+00:00,spot_17,Spot 17,Empty,2026-06-25T17:16:43.069687+00:00,,,,,,,,
2026-06-25T17:39:21.693105+00:00,spot_1,Spot 1,Empty,2026-06-25T14:27:40.405737+00:00,,,,,,,,
2026-06-25T17:39:21.693105+00:00,spot_2,Spot 2,Occupied,2026-06-25T17:39:21.693105+00:00,635,truck,0.42216867208480835,0,510.7113037109375,325.907470703125,549.2532958984375,370.9439697265625
2026-06-25T17:39:21.693105+00:00,spot_3,Spot 3,Occupied,2026-06-25T13:47:51.606073+00:00,484,car,0.8650417327880859,15172,442.0311584472656,327.50146484375,488.3522033691406,371.16162109375
2026-06-25T17:39:21.693105+00:00,spot_4,Spot 4,Occupied,2026-06-25T17:39:21.693105+00:00,636,car,0.4107532799243927,0,387.66949462890625,323.2703857421875,436.0068359375,366.1212158203125
2026-06-25T17:39:21.693105+00:00,spot_5,Spot 5,Occupied,2026-06-25T17:33:42.255410+00:00,485,car,0.6858210563659668,15120,334.777099609375,329.1610107421875,388.7734375,368.314208984375
2026-06-25T17:39:21.693105+00:00,spot_6,Spot 6,Occupied,2026-06-25T17:33:42.255410+00:00,520,car,0.7698242664337158,10614,285.7327880859375,330.220703125,337.7481689453125,365.2630615234375
2026-06-25T17:39:21.693105+00:00,spot_7,Spot 7,Occupied,2026-06-25T17:03:22.006121+00:00,482,car,0.5097727179527283,15712,255.00201416015625,326.9563903808594,303.9422607421875,360.3321838378906
2026-06-25T17:39:21.693105+00:00,spot_8,Spot 8,Occupied,2026-06-25T17:39:21.693105+00:00,634,truck,0.5917990207672119,0,207.45864868164062,320.5963134765625,263.7795715332031,358.840576171875
2026-06-25T17:39:21.693105+00:00,spot_9,Spot 9,Occupied,2026-06-25T17:34:33.409184+00:00,622,truck,0.396235853433609,1079,154.6187286376953,324.45941162109375,193.18540954589844,351.69512939453125
2026-06-25T17:39:21.693105+00:00,spot_10,Spot 10,Occupied,2026-06-25T17:38:23.473553+00:00,549,car,0.6756669878959656,7681,187.6414794921875,327.53436279296875,224.15020751953125,353.00238037109375
2026-06-25T17:39:21.693105+00:00,spot_11,Spot 11,Occupied,2026-06-25T15:54:05.228962+00:00,516,truck,0.7358313202857971,11181,79.96043395996094,308.935302734375,152.30738830566406,347.6265869140625
2026-06-25T17:39:21.693105+00:00,spot_12,Spot 12,Empty,2026-06-25T15:54:05.228962+00:00,,,,,,,,
2026-06-25T17:39:21.693105+00:00,spot_13,Spot 13,Empty,2026-06-25T01:06:00.185180+00:00,,,,,,,,
2026-06-25T17:39:21.693105+00:00,spot_14,Spot 14,Occupied,2026-06-25T17:39:21.693105+00:00,637,truck,0.3940868675708771,0,54.189537048339844,315.698974609375,83.4367446899414,340.2933349609375
2026-06-25T17:39:21.693105+00:00,spot_15,Spot 15,Empty,2026-06-25T17:11:19.472437+00:00,,,,,,,,
2026-06-25T17:39:21.693105+00:00,spot_16,Spot 16,Occupied,2026-06-25T17:38:23.473553+00:00,633,truck,0.3934935927391052,56,21.61486053466797,314.77557373046875,59.089752197265625,334.73638916015625
2026-06-25T17:39:21.693105+00:00,spot_17,Spot 17,Empty,2026-06-25T17:16:43.069687+00:00,,,,,,,,
2026-06-25T17:40:24.245355+00:00,spot_1,Spot 1,Empty,2026-06-25T14:27:40.405737+00:00,,,,,,,,
2026-06-25T17:40:24.245355+00:00,spot_2,Spot 2,Occupied,2026-06-25T17:39:21.693105+00:00,635,truck,0.4894358217716217,63,507.00408935546875,326.199462890625,548.9241333007812,368.14532470703125
2026-06-25T17:40:24.245355+00:00,spot_3,Spot 3,Occupied,2026-06-25T13:47:51.606073+00:00,484,car,0.7590290307998657,15235,442.19854736328125,334.21295166015625,485.04217529296875,371.21331787109375
2026-06-25T17:40:24.245355+00:00,spot_4,Spot 4,Empty,2026-06-25T17:40:24.245355+00:00,,,,,,,,
2026-06-25T17:40:24.245355+00:00,spot_5,Spot 5,Occupied,2026-06-25T17:33:42.255410+00:00,485,car,0.794596254825592,15183,335.5809631347656,329.771484375,388.4364929199219,368.33441162109375
2026-06-25T17:40:24.245355+00:00,spot_6,Spot 6,Occupied,2026-06-25T17:33:42.255410+00:00,520,car,0.8194167017936707,10678,284.8675231933594,330.08349609375,337.8794860839844,365.20263671875
2026-06-25T17:40:24.245355+00:00,spot_7,Spot 7,Occupied,2026-06-25T17:03:22.006121+00:00,482,car,0.780783474445343,15775,255.6114501953125,326.92913818359375,303.8956298828125,360.38983154296875
2026-06-25T17:40:24.245355+00:00,spot_8,Spot 8,Occupied,2026-06-25T17:40:24.245355+00:00,632,car,0.7842437028884888,119,207.213134765625,325.5605773925781,263.8455810546875,359.3943786621094
2026-06-25T17:40:24.245355+00:00,spot_9,Spot 9,Occupied,2026-06-25T17:34:33.409184+00:00,622,truck,0.3561859428882599,1142,154.5189208984375,325.14447021484375,191.22036743164062,351.68231201171875
2026-06-25T17:40:24.245355+00:00,spot_10,Spot 10,Occupied,2026-06-25T17:38:23.473553+00:00,549,car,0.5183683037757874,7744,187.44845581054688,327.17108154296875,219.49569702148438,353.19964599609375
2026-06-25T17:40:24.245355+00:00,spot_11,Spot 11,Occupied,2026-06-25T15:54:05.228962+00:00,516,truck,0.7224805951118469,11244,81.27333068847656,308.6905212402344,153.2785186767578,347.6866149902344
2026-06-25T17:40:24.245355+00:00,spot_12,Spot 12,Empty,2026-06-25T15:54:05.228962+00:00,,,,,,,,
2026-06-25T17:40:24.245355+00:00,spot_13,Spot 13,Empty,2026-06-25T01:06:00.185180+00:00,,,,,,,,
2026-06-25T17:40:24.245355+00:00,spot_14,Spot 14,Occupied,2026-06-25T17:39:21.693105+00:00,637,truck,0.46970194578170776,63,52.86908721923828,315.0294189453125,84.1000747680664,340.364501953125
2026-06-25T17:40:24.245355+00:00,spot_15,Spot 15,Empty,2026-06-25T17:11:19.472437+00:00,,,,,,,,
2026-06-25T17:40:24.245355+00:00,spot_16,Spot 16,Empty,2026-06-25T17:40:24.245355+00:00,,,,,,,,
2026-06-25T17:40:24.245355+00:00,spot_17,Spot 17,Empty,2026-06-25T17:16:43.069687+00:00,,,,,,,,
2026-06-25T17:41:24.152000+00:00,spot_1,Spot 1,Empty,2026-06-25T14:27:40.405737+00:00,,,,,,,,
2026-06-25T17:41:24.152000+00:00,spot_2,Spot 2,Occupied,2026-06-25T17:39:21.693105+00:00,635,truck,0.3814490735530853,123,507.51275634765625,323.93133544921875,548.5005493164062,367.77227783203125
2026-06-25T17:41:24.152000+00:00,spot_3,Spot 3,Occupied,2026-06-25T13:47:51.606073+00:00,484,car,0.8205496668815613,15295,442.2930908203125,327.26641845703125,488.93792724609375,370.58636474609375
2026-06-25T17:41:24.152000+00:00,spot_4,Spot 4,Occupied,2026-06-25T17:41:24.152000+00:00,636,car,0.4185223877429962,123,387.3603515625,323.0255126953125,433.34326171875,366.57330322265625
2026-06-25T17:41:24.152000+00:00,spot_5,Spot 5,Occupied,2026-06-25T17:33:42.255410+00:00,485,car,0.7506378889083862,15243,335.041259765625,328.7297668457031,388.8829345703125,368.7768859863281
2026-06-25T17:41:24.152000+00:00,spot_6,Spot 6,Occupied,2026-06-25T17:33:42.255410+00:00,520,car,0.7109882235527039,10738,282.0115661621094,329.682373046875,341.7587585449219,365.234375
2026-06-25T17:41:24.152000+00:00,spot_7,Spot 7,Occupied,2026-06-25T17:03:22.006121+00:00,482,car,0.7015649676322937,15835,255.32437133789062,326.81146240234375,303.6789855957031,359.91497802734375
2026-06-25T17:41:24.152000+00:00,spot_8,Spot 8,Occupied,2026-06-25T17:40:24.245355+00:00,632,car,0.47874516248703003,179,195.11062622070312,324.4761047363281,265.0220031738281,358.5285949707031
2026-06-25T17:41:24.152000+00:00,spot_9,Spot 9,Occupied,2026-06-25T17:34:33.409184+00:00,622,truck,0.44303813576698303,1202,154.37704467773438,324.521240234375,192.70950317382812,351.7418212890625
2026-06-25T17:41:24.152000+00:00,spot_10,Spot 10,Empty,2026-06-25T17:41:24.152000+00:00,,,,,,,,
2026-06-25T17:41:24.152000+00:00,spot_11,Spot 11,Occupied,2026-06-25T15:54:05.228962+00:00,516,truck,0.7569717764854431,11305,80.86578369140625,309.4594421386719,153.07337951660156,347.9280700683594
2026-06-25T17:41:24.152000+00:00,spot_12,Spot 12,Empty,2026-06-25T15:54:05.228962+00:00,,,,,,,,
2026-06-25T17:41:24.152000+00:00,spot_13,Spot 13,Empty,2026-06-25T01:06:00.185180+00:00,,,,,,,,
2026-06-25T17:41:24.152000+00:00,spot_14,Spot 14,Occupied,2026-06-25T17:39:21.693105+00:00,637,truck,0.39545220136642456,123,53.0152587890625,315.39593505859375,83.96417236328125,340.56683349609375
2026-06-25T17:41:24.152000+00:00,spot_15,Spot 15,Empty,2026-06-25T17:11:19.472437+00:00,,,,,,,,
2026-06-25T17:41:24.152000+00:00,spot_16,Spot 16,Empty,2026-06-25T17:40:24.245355+00:00,,,,,,,,
2026-06-25T17:41:24.152000+00:00,spot_17,Spot 17,Empty,2026-06-25T17:16:43.069687+00:00,,,,,,,,
2026-06-25T17:42:22.477853+00:00,spot_1,Spot 1,Empty,2026-06-25T14:27:40.405737+00:00,,,,,,,,
2026-06-25T17:42:22.477853+00:00,spot_2,Spot 2,Occupied,2026-06-25T17:39:21.693105+00:00,635,truck,0.46133527159690857,179,507.6958312988281,323.134033203125,546.8359375,367.70703125
2026-06-25T17:42:22.477853+00:00,spot_3,Spot 3,Occupied,2026-06-25T13:47:51.606073+00:00,484,car,0.6778377294540405,15351,442.51153564453125,326.9978332519531,488.94464111328125,371.0630187988281
2026-06-25T17:42:22.477853+00:00,spot_4,Spot 4,Occupied,2026-06-25T17:42:22.477853+00:00,638,truck,0.5132529735565186,0,387.15966796875,303.1974182128906,443.256591796875,366.8545227050781
2026-06-25T17:42:22.477853+00:00,spot_5,Spot 5,Occupied,2026-06-25T17:33:42.255410+00:00,485,car,0.7538319230079651,15299,335.3616638183594,328.643798828125,388.2016296386719,368.4222412109375
2026-06-25T17:42:22.477853+00:00,spot_6,Spot 6,Occupied,2026-06-25T17:33:42.255410+00:00,520,car,0.8002318739891052,10794,283.8663330078125,330.02880859375,342.2974853515625,366.077392578125
2026-06-25T17:42:22.477853+00:00,spot_7,Spot 7,Occupied,2026-06-25T17:03:22.006121+00:00,482,car,0.6253328919410706,15891,255.4326171875,326.0860595703125,304.60980224609375,360.1485595703125
2026-06-25T17:42:22.477853+00:00,spot_8,Spot 8,Occupied,2026-06-25T17:40:24.245355+00:00,632,car,0.4725096821784973,235,189.99185180664062,324.1300048828125,263.0043029785156,358.6124267578125
2026-06-25T17:42:22.477853+00:00,spot_9,Spot 9,Empty,2026-06-25T17:42:22.477853+00:00,,,,,,,,
2026-06-25T17:42:22.477853+00:00,spot_10,Spot 10,Empty,2026-06-25T17:41:24.152000+00:00,,,,,,,,
2026-06-25T17:42:22.477853+00:00,spot_11,Spot 11,Occupied,2026-06-25T15:54:05.228962+00:00,516,truck,0.7224958539009094,11361,81.06411743164062,308.56634521484375,154.30587768554688,348.11456298828125
2026-06-25T17:42:22.477853+00:00,spot_12,Spot 12,Empty,2026-06-25T15:54:05.228962+00:00,,,,,,,,
2026-06-25T17:42:22.477853+00:00,spot_13,Spot 13,Empty,2026-06-25T01:06:00.185180+00:00,,,,,,,,
2026-06-25T17:42:22.477853+00:00,spot_14,Spot 14,Empty,2026-06-25T17:42:22.477853+00:00,,,,,,,,
2026-06-25T17:42:22.477853+00:00,spot_15,Spot 15,Empty,2026-06-25T17:11:19.472437+00:00,,,,,,,,
2026-06-25T17:42:22.477853+00:00,spot_16,Spot 16,Empty,2026-06-25T17:40:24.245355+00:00,,,,,,,,
2026-06-25T17:42:22.477853+00:00,spot_17,Spot 17,Empty,2026-06-25T17:16:43.069687+00:00,,,,,,,,
2026-06-25T17:43:22.363491+00:00,spot_1,Spot 1,Empty,2026-06-25T14:27:40.405737+00:00,,,,,,,,
2026-06-25T17:43:22.363491+00:00,spot_2,Spot 2,Occupied,2026-06-25T17:39:21.693105+00:00,635,truck,0.6225312948226929,239,507.2581481933594,323.1891174316406,547.4949951171875,368.8619079589844
2026-06-25T17:43:22.363491+00:00,spot_3,Spot 3,Occupied,2026-06-25T13:47:51.606073+00:00,484,car,0.8102794885635376,15411,441.97900390625,327.1837158203125,488.78521728515625,371.50238037109375
2026-06-25T17:43:22.363491+00:00,spot_4,Spot 4,Occupied,2026-06-25T17:42:22.477853+00:00,638,truck,0.5558494329452515,60,387.057373046875,303.00335693359375,441.1177978515625,366.78863525390625
2026-06-25T17:43:22.363491+00:00,spot_5,Spot 5,Occupied,2026-06-25T17:33:42.255410+00:00,485,car,0.7609938979148865,15359,334.63238525390625,329.2042236328125,386.74554443359375,368.231689453125
2026-06-25T17:43:22.363491+00:00,spot_6,Spot 6,Occupied,2026-06-25T17:33:42.255410+00:00,520,car,0.7709712386131287,10854,282.45782470703125,330.03375244140625,342.64215087890625,366.0968017578125
2026-06-25T17:43:22.363491+00:00,spot_7,Spot 7,Occupied,2026-06-25T17:03:22.006121+00:00,482,car,0.5206079483032227,15951,255.61376953125,326.51116943359375,303.6510009765625,360.3411865234375
2026-06-25T17:43:22.363491+00:00,spot_8,Spot 8,Occupied,2026-06-25T17:40:24.245355+00:00,632,car,0.3752155900001526,296,206.21240234375,325.7951354980469,264.78802490234375,359.1112365722656
2026-06-25T17:43:22.363491+00:00,spot_9,Spot 9,Occupied,2026-06-25T17:43:22.363491+00:00,622,truck,0.41885361075401306,1318,154.5029296875,323.9351806640625,192.7099609375,352.0709228515625
2026-06-25T17:43:22.363491+00:00,spot_10,Spot 10,Empty,2026-06-25T17:41:24.152000+00:00,,,,,,,,
2026-06-25T17:43:22.363491+00:00,spot_11,Spot 11,Occupied,2026-06-25T15:54:05.228962+00:00,516,truck,0.6985600590705872,11421,84.39060974121094,309.1814270019531,153.0879669189453,347.7568054199219
2026-06-25T17:43:22.363491+00:00,spot_12,Spot 12,Empty,2026-06-25T15:54:05.228962+00:00,,,,,,,,
2026-06-25T17:43:22.363491+00:00,spot_13,Spot 13,Empty,2026-06-25T01:06:00.185180+00:00,,,,,,,,
2026-06-25T17:43:22.363491+00:00,spot_14,Spot 14,Empty,2026-06-25T17:42:22.477853+00:00,,,,,,,,
2026-06-25T17:43:22.363491+00:00,spot_15,Spot 15,Occupied,2026-06-25T17:43:22.363491+00:00,639,car,0.6030222177505493,0,31.93799591064453,316.0869140625,59.370140075683594,335.065185546875
2026-06-25T17:43:22.363491+00:00,spot_16,Spot 16,Occupied,2026-06-25T17:43:22.363491+00:00,640,car,0.45433929562568665,0,22.517990112304688,314.6260986328125,48.03205108642578,331.4866943359375
2026-06-25T17:43:22.363491+00:00,spot_17,Spot 17,Empty,2026-06-25T17:16:43.069687+00:00,,,,,,,,
2026-06-25T17:44:22.567950+00:00,spot_1,Spot 1,Empty,2026-06-25T14:27:40.405737+00:00,,,,,,,,
2026-06-25T17:44:22.567950+00:00,spot_2,Spot 2,Occupied,2026-06-25T17:44:22.567950+00:00,642,car,0.6184710264205933,0,507.1697692871094,327.9091796875,546.8179931640625,369.0814208984375
2026-06-25T17:44:22.567950+00:00,spot_3,Spot 3,Occupied,2026-06-25T13:47:51.606073+00:00,484,car,0.7044969797134399,15472,442.3260192871094,327.4338073730469,489.5108337402344,371.2010192871094
2026-06-25T17:44:22.567950+00:00,spot_4,Spot 4,Occupied,2026-06-25T17:42:22.477853+00:00,638,truck,0.707874059677124,120,387.12542724609375,302.5037841796875,441.82403564453125,367.471923828125
2026-06-25T17:44:22.567950+00:00,spot_5,Spot 5,Occupied,2026-06-25T17:33:42.255410+00:00,485,car,0.6049513220787048,15420,335.27899169921875,329.0338134765625,388.09344482421875,368.7425537109375
2026-06-25T17:44:22.567950+00:00,spot_6,Spot 6,Occupied,2026-06-25T17:33:42.255410+00:00,520,car,0.7121389508247375,10915,281.993896484375,329.600830078125,341.8623046875,365.1025390625
2026-06-25T17:44:22.567950+00:00,spot_7,Spot 7,Occupied,2026-06-25T17:03:22.006121+00:00,482,car,0.6055150032043457,16012,255.37533569335938,325.9644470214844,304.4697570800781,360.5082092285156
2026-06-25T17:44:22.567950+00:00,spot_8,Spot 8,Empty,2026-06-25T17:44:22.567950+00:00,,,,,,,,
2026-06-25T17:44:22.567950+00:00,spot_9,Spot 9,Occupied,2026-06-25T17:44:22.567950+00:00,643,car,0.54969322681427,0,154.54336547851562,323.96392822265625,191.50033569335938,351.77069091796875
2026-06-25T17:44:22.567950+00:00,spot_10,Spot 10,Empty,2026-06-25T17:41:24.152000+00:00,,,,,,,,
2026-06-25T17:44:22.567950+00:00,spot_11,Spot 11,Occupied,2026-06-25T15:54:05.228962+00:00,516,truck,0.7316758036613464,11481,80.3223876953125,309.1863708496094,152.49008178710938,348.0109558105469
2026-06-25T17:44:22.567950+00:00,spot_12,Spot 12,Empty,2026-06-25T15:54:05.228962+00:00,,,,,,,,
2026-06-25T17:44:22.567950+00:00,spot_13,Spot 13,Empty,2026-06-25T01:06:00.185180+00:00,,,,,,,,
2026-06-25T17:44:22.567950+00:00,spot_14,Spot 14,Occupied,2026-06-25T17:44:22.567950+00:00,637,truck,0.40325701236724854,300,52.757232666015625,310.0510559082031,101.20915222167969,340.5718078613281
2026-06-25T17:44:22.567950+00:00,spot_15,Spot 15,Occupied,2026-06-25T17:43:22.363491+00:00,639,car,0.5363311767578125,60,31.0419921875,316.85723876953125,59.363800048828125,335.1435546875
2026-06-25T17:44:22.567950+00:00,spot_16,Spot 16,Occupied,2026-06-25T17:43:22.363491+00:00,640,car,0.39417341351509094,60,21.773155212402344,314.7549133300781,57.945045471191406,330.7106018066406
2026-06-25T17:44:22.567950+00:00,spot_17,Spot 17,Empty,2026-06-25T17:16:43.069687+00:00,,,,,,,,
2026-06-25T17:45:20.644494+00:00,spot_1,Spot 1,Empty,2026-06-25T14:27:40.405737+00:00,,,,,,,,
2026-06-25T17:45:20.644494+00:00,spot_2,Spot 2,Occupied,2026-06-25T17:45:20.644494+00:00,645,bus,0.6074032187461853,0,507.10516357421875,291.96929931640625,561.0215454101562,369.08306884765625
2026-06-25T17:45:20.644494+00:00,spot_3,Spot 3,Occupied,2026-06-25T13:47:51.606073+00:00,484,car,0.7365766167640686,15531,441.9727783203125,327.15380859375,488.0877685546875,371.14892578125
2026-06-25T17:45:20.644494+00:00,spot_4,Spot 4,Occupied,2026-06-25T17:42:22.477853+00:00,638,truck,0.5729146003723145,180,384.0451965332031,322.6424255371094,441.4385681152344,367.4842834472656
2026-06-25T17:45:20.644494+00:00,spot_5,Spot 5,Occupied,2026-06-25T17:33:42.255410+00:00,485,car,0.8202151656150818,15479,335.30322265625,328.6739501953125,386.2637939453125,368.29547119140625
2026-06-25T17:45:20.644494+00:00,spot_6,Spot 6,Occupied,2026-06-25T17:33:42.255410+00:00,520,car,0.550406813621521,10974,282.6240234375,329.97772216796875,340.7908935546875,366.3939208984375
2026-06-25T17:45:20.644494+00:00,spot_7,Spot 7,Occupied,2026-06-25T17:45:20.644494+00:00,641,truck,0.5659871101379395,119,254.61798095703125,326.30853271484375,304.325927734375,359.89556884765625
2026-06-25T17:45:20.644494+00:00,spot_8,Spot 8,Occupied,2026-06-25T17:45:20.644494+00:00,646,car,0.5518383979797363,0,187.7352294921875,327.1880798339844,225.041748046875,354.2221374511719
2026-06-25T17:45:20.644494+00:00,spot_9,Spot 9,Occupied,2026-06-25T17:45:20.644494+00:00,622,truck,0.5068281292915344,1438,154.65341186523438,324.341064453125,193.08746337890625,352.168701171875
2026-06-25T17:45:20.644494+00:00,spot_10,Spot 10,Empty,2026-06-25T17:41:24.152000+00:00,,,,,,,,
2026-06-25T17:45:20.644494+00:00,spot_11,Spot 11,Occupied,2026-06-25T17:45:20.644494+00:00,644,car,0.809556782245636,0,86.20585632324219,326.4039001464844,143.8817901611328,357.0134582519531
2026-06-25T17:45:20.644494+00:00,spot_12,Spot 12,Occupied,2026-06-25T17:45:20.644494+00:00,516,truck,0.5443938374519348,11541,79.68402099609375,309.38739013671875,150.39944458007812,341.39215087890625
2026-06-25T17:45:20.644494+00:00,spot_13,Spot 13,Empty,2026-06-25T01:06:00.185180+00:00,,,,,,,,
2026-06-25T17:45:20.644494+00:00,spot_14,Spot 14,Empty,2026-06-25T17:45:20.644494+00:00,,,,,,,,
2026-06-25T17:45:20.644494+00:00,spot_15,Spot 15,Occupied,2026-06-25T17:43:22.363491+00:00,639,car,0.41736772656440735,119,30.759254455566406,316.928466796875,58.77812957763672,335.2891845703125
2026-06-25T17:45:20.644494+00:00,spot_16,Spot 16,Occupied,2026-06-25T17:43:22.363491+00:00,640,car,0.3832697570323944,119,21.652889251708984,314.42303466796875,48.78934097290039,331.4925537109375
2026-06-25T17:45:20.644494+00:00,spot_17,Spot 17,Empty,2026-06-25T17:16:43.069687+00:00,,,,,,,,
2026-06-25T17:46:21.346989+00:00,spot_1,Spot 1,Empty,2026-06-25T14:27:40.405737+00:00,,,,,,,,
2026-06-25T17:46:21.346989+00:00,spot_2,Spot 2,Occupied,2026-06-25T17:46:21.346989+00:00,635,truck,0.6727632880210876,418,507.2451171875,324.0805969238281,549.2786865234375,368.5367736816406
2026-06-25T17:46:21.346989+00:00,spot_3,Spot 3,Occupied,2026-06-25T13:47:51.606073+00:00,484,car,0.7134320139884949,15590,442.3070983886719,327.0892639160156,488.3238830566406,370.1925354003906
2026-06-25T17:46:21.346989+00:00,spot_4,Spot 4,Occupied,2026-06-25T17:42:22.477853+00:00,638,truck,0.5605359673500061,239,385.5321044921875,302.7481689453125,441.2958984375,366.5135498046875
2026-06-25T17:46:21.346989+00:00,spot_5,Spot 5,Occupied,2026-06-25T17:33:42.255410+00:00,485,car,0.5855814814567566,15538,335.36944580078125,328.79730224609375,384.70379638671875,369.08319091796875
2026-06-25T17:46:21.346989+00:00,spot_6,Spot 6,Occupied,2026-06-25T17:33:42.255410+00:00,520,car,0.6489425301551819,11033,283.4852294921875,329.42822265625,338.32275390625,365.2626953125
2026-06-25T17:46:21.346989+00:00,spot_7,Spot 7,Occupied,2026-06-25T17:46:21.346989+00:00,482,car,0.6399699449539185,16130,255.89205932617188,326.59674072265625,304.1759338378906,360.82867431640625
2026-06-25T17:46:21.346989+00:00,spot_8,Spot 8,Occupied,2026-06-25T17:45:20.644494+00:00,646,car,0.4953879415988922,59,187.891845703125,327.182373046875,218.717529296875,353.875244140625
2026-06-25T17:46:21.346989+00:00,spot_9,Spot 9,Occupied,2026-06-25T17:45:20.644494+00:00,622,truck,0.3545231819152832,1497,151.40757751464844,324.70147705078125,193.1987762451172,352.16351318359375
2026-06-25T17:46:21.346989+00:00,spot_10,Spot 10,Occupied,2026-06-25T17:46:21.346989+00:00,648,truck,0.4745284616947174,0,127.0422134399414,321.5356140136719,175.38809204101562,348.7337951660156
2026-06-25T17:46:21.346989+00:00,spot_11,Spot 11,Empty,2026-06-25T17:46:21.346989+00:00,,,,,,,,
2026-06-25T17:46:21.346989+00:00,spot_12,Spot 12,Occupied,2026-06-25T17:45:20.644494+00:00,516,truck,0.7051037549972534,11600,80.75733947753906,308.96337890625,144.82325744628906,348.0340576171875
2026-06-25T17:46:21.346989+00:00,spot_13,Spot 13,Empty,2026-06-25T01:06:00.185180+00:00,,,,,,,,
2026-06-25T17:46:21.346989+00:00,spot_14,Spot 14,Empty,2026-06-25T17:45:20.644494+00:00,,,,,,,,
2026-06-25T17:46:21.346989+00:00,spot_15,Spot 15,Empty,2026-06-25T17:46:21.346989+00:00,,,,,,,,
2026-06-25T17:46:21.346989+00:00,spot_16,Spot 16,Empty,2026-06-25T17:46:21.346989+00:00,,,,,,,,
2026-06-25T17:46:21.346989+00:00,spot_17,Spot 17,Empty,2026-06-25T17:16:43.069687+00:00,,,,,,,,
2026-06-25T17:47:20.421632+00:00,spot_1,Spot 1,Empty,2026-06-25T14:27:40.405737+00:00,,,,,,,,
2026-06-25T17:47:20.421632+00:00,spot_2,Spot 2,Occupied,2026-06-25T17:46:21.346989+00:00,635,truck,0.39881911873817444,478,507.0367431640625,324.9787902832031,545.83203125,367.8428649902344
2026-06-25T17:47:20.421632+00:00,spot_3,Spot 3,Occupied,2026-06-25T13:47:51.606073+00:00,484,car,0.7646726965904236,15650,442.37384033203125,328.7817687988281,488.78485107421875,371.8138732910156
2026-06-25T17:47:20.421632+00:00,spot_4,Spot 4,Occupied,2026-06-25T17:42:22.477853+00:00,638,truck,0.5107288360595703,298,387.64306640625,323.5025634765625,437.93212890625,367.302490234375
2026-06-25T17:47:20.421632+00:00,spot_5,Spot 5,Occupied,2026-06-25T17:33:42.255410+00:00,485,car,0.6079136729240417,15598,335.3575439453125,329.7227783203125,385.4144287109375,368.4644775390625
2026-06-25T17:47:20.421632+00:00,spot_6,Spot 6,Occupied,2026-06-25T17:33:42.255410+00:00,520,car,0.7918193936347961,11093,283.51458740234375,330.16253662109375,340.622802734375,365.46051025390625
2026-06-25T17:47:20.421632+00:00,spot_7,Spot 7,Occupied,2026-06-25T17:46:21.346989+00:00,482,car,0.6244480609893799,16190,255.5,326.3876037597656,303.47698974609375,359.7759704589844
2026-06-25T17:47:20.421632+00:00,spot_8,Spot 8,Occupied,2026-06-25T17:47:20.421632+00:00,649,car,0.5870951414108276,0,206.03424072265625,322.79974365234375,264.3229064941406,358.872314453125
2026-06-25T17:47:20.421632+00:00,spot_9,Spot 9,Occupied,2026-06-25T17:47:20.421632+00:00,646,car,0.5109679102897644,118,187.51434326171875,326.9136962890625,221.40478515625,352.6192626953125
2026-06-25T17:47:20.421632+00:00,spot_10,Spot 10,Occupied,2026-06-25T17:47:20.421632+00:00,650,car,0.4969680607318878,0,127.80720520019531,321.2318115234375,174.84767150878906,348.6806640625
2026-06-25T17:47:20.421632+00:00,spot_11,Spot 11,Empty,2026-06-25T17:46:21.346989+00:00,,,,,,,,
2026-06-25T17:47:20.421632+00:00,spot_12,Spot 12,Occupied,2026-06-25T17:45:20.644494+00:00,516,truck,0.6866764426231384,11660,82.28022766113281,309.0176086425781,143.4168243408203,347.7081604003906
2026-06-25T17:47:20.421632+00:00,spot_13,Spot 13,Empty,2026-06-25T01:06:00.185180+00:00,,,,,,,,
2026-06-25T17:47:20.421632+00:00,spot_14,Spot 14,Occupied,2026-06-25T17:47:20.421632+00:00,637,truck,0.3960542380809784,478,54.86941909790039,309.81719970703125,100.53182983398438,340.40570068359375
2026-06-25T17:47:20.421632+00:00,spot_15,Spot 15,Empty,2026-06-25T17:46:21.346989+00:00,,,,,,,,
2026-06-25T17:47:20.421632+00:00,spot_16,Spot 16,Occupied,2026-06-25T17:47:20.421632+00:00,651,truck,0.41454675793647766,0,23.475221633911133,314.47161865234375,58.48094177246094,335.11700439453125
2026-06-25T17:47:20.421632+00:00,spot_17,Spot 17,Empty,2026-06-25T17:16:43.069687+00:00,,,,,,,,
2026-06-25T17:48:38.642008+00:00,spot_1,Spot 1,Empty,2026-06-25T14:27:40.405737+00:00,,,,,,,,
2026-06-25T17:48:38.642008+00:00,spot_2,Spot 2,Occupied,2026-06-25T17:46:21.346989+00:00,635,truck,0.7202176451683044,557,507.37322998046875,322.6830749511719,549.3228149414062,367.9555969238281
2026-06-25T17:48:38.642008+00:00,spot_3,Spot 3,Occupied,2026-06-25T13:47:51.606073+00:00,484,car,0.8281984925270081,15729,442.222412109375,327.027587890625,488.423583984375,371.4638671875
2026-06-25T17:48:38.642008+00:00,spot_4,Spot 4,Occupied,2026-06-25T17:42:22.477853+00:00,638,truck,0.5525014996528625,377,387.45513916015625,323.3751220703125,433.96490478515625,367.272705078125
2026-06-25T17:48:38.642008+00:00,spot_5,Spot 5,Occupied,2026-06-25T17:33:42.255410+00:00,485,car,0.5612366795539856,15677,335.470703125,328.86993408203125,390.9378662109375,368.54730224609375
2026-06-25T17:48:38.642008+00:00,spot_6,Spot 6,Occupied,2026-06-25T17:33:42.255410+00:00,520,car,0.7618279457092285,11172,284.4268798828125,329.67578125,340.33984375,365.154052734375
2026-06-25T17:48:38.642008+00:00,spot_7,Spot 7,Occupied,2026-06-25T17:48:38.642008+00:00,652,truck,0.508463978767395,0,255.2362823486328,326.62091064453125,303.09698486328125,360.36761474609375
2026-06-25T17:48:38.642008+00:00,spot_8,Spot 8,Occupied,2026-06-25T17:47:20.421632+00:00,649,car,0.35828638076782227,79,207.91018676757812,322.7674560546875,257.3738708496094,358.6009521484375
2026-06-25T17:48:38.642008+00:00,spot_9,Spot 9,Occupied,2026-06-25T17:47:20.421632+00:00,646,car,0.3747243285179138,197,187.7918701171875,327.31793212890625,216.31460571289062,352.04156494140625
2026-06-25T17:48:38.642008+00:00,spot_10,Spot 10,Occupied,2026-06-25T17:47:20.421632+00:00,650,car,0.6132356524467468,79,127.035400390625,321.0477294921875,175.89675903320312,348.61456298828125
2026-06-25T17:48:38.642008+00:00,spot_11,Spot 11,Empty,2026-06-25T17:46:21.346989+00:00,,,,,,,,
2026-06-25T17:48:38.642008+00:00,spot_12,Spot 12,Occupied,2026-06-25T17:45:20.644494+00:00,516,truck,0.6602511405944824,11739,79.78073120117188,309.278076171875,143.62677001953125,347.9915771484375
2026-06-25T17:48:38.642008+00:00,spot_13,Spot 13,Empty,2026-06-25T01:06:00.185180+00:00,,,,,,,,
2026-06-25T17:48:38.642008+00:00,spot_14,Spot 14,Occupied,2026-06-25T17:47:20.421632+00:00,637,truck,0.352634459733963,557,54.16744613647461,310.40460205078125,99.2298583984375,340.24969482421875
2026-06-25T17:48:38.642008+00:00,spot_15,Spot 15,Occupied,2026-06-25T17:48:38.642008+00:00,651,truck,0.40286004543304443,79,31.200838088989258,315.49700927734375,58.86351013183594,334.86126708984375
2026-06-25T17:48:38.642008+00:00,spot_16,Spot 16,Empty,2026-06-25T17:48:38.642008+00:00,,,,,,,,
2026-06-25T17:48:38.642008+00:00,spot_17,Spot 17,Empty,2026-06-25T17:16:43.069687+00:00,,,,,,,,
2026-06-25T17:49:30.533371+00:00,spot_1,Spot 1,Empty,2026-06-25T14:27:40.405737+00:00,,,,,,,,
2026-06-25T17:49:30.533371+00:00,spot_2,Spot 2,Occupied,2026-06-25T17:46:21.346989+00:00,635,truck,0.565270185470581,608,508.05804443359375,322.6046142578125,547.8965454101562,368.0670166015625
2026-06-25T17:49:30.533371+00:00,spot_3,Spot 3,Occupied,2026-06-25T13:47:51.606073+00:00,484,car,0.8292385935783386,15780,442.2054748535156,328.6519470214844,488.6106262207031,371.1013488769531
2026-06-25T17:49:30.533371+00:00,spot_4,Spot 4,Occupied,2026-06-25T17:49:30.533371+00:00,655,car,0.4021313786506653,0,384.0369873046875,323.6334533691406,441.5296630859375,366.2477111816406
2026-06-25T17:49:30.533371+00:00,spot_5,Spot 5,Occupied,2026-06-25T17:33:42.255410+00:00,485,car,0.8533393144607544,15728,335.41070556640625,329.1700744628906,385.70770263671875,368.4380187988281
2026-06-25T17:49:30.533371+00:00,spot_6,Spot 6,Occupied,2026-06-25T17:33:42.255410+00:00,520,car,0.781657338142395,11223,282.98040771484375,329.85137939453125,340.59014892578125,365.79742431640625
2026-06-25T17:49:30.533371+00:00,spot_7,Spot 7,Occupied,2026-06-25T17:48:38.642008+00:00,652,truck,0.5685274004936218,50,255.1490478515625,326.48028564453125,303.0556640625,359.95672607421875
2026-06-25T17:49:30.533371+00:00,spot_8,Spot 8,Occupied,2026-06-25T17:49:30.533371+00:00,653,truck,0.4818924367427826,50,207.66714477539062,326.74212646484375,262.1067810058594,358.94854736328125
2026-06-25T17:49:30.533371+00:00,spot_9,Spot 9,Occupied,2026-06-25T17:49:30.533371+00:00,654,car,0.46783578395843506,0,151.9149169921875,324.9837341308594,194.01370239257812,351.8492736816406
2026-06-25T17:49:30.533371+00:00,spot_10,Spot 10,Occupied,2026-06-25T17:47:20.421632+00:00,650,car,0.6220069527626038,129,126.53102111816406,321.38720703125,175.23020935058594,348.94287109375
2026-06-25T17:49:30.533371+00:00,spot_11,Spot 11,Empty,2026-06-25T17:46:21.346989+00:00,,,,,,,,
2026-06-25T17:49:30.533371+00:00,spot_12,Spot 12,Occupied,2026-06-25T17:45:20.644494+00:00,516,truck,0.7395721077919006,11789,80.43482971191406,309.14434814453125,142.4188995361328,347.5872802734375
2026-06-25T17:49:30.533371+00:00,spot_13,Spot 13,Empty,2026-06-25T01:06:00.185180+00:00,,,,,,,,
2026-06-25T17:49:30.533371+00:00,spot_14,Spot 14,Empty,2026-06-25T17:49:30.533371+00:00,,,,,,,,
2026-06-25T17:49:30.533371+00:00,spot_15,Spot 15,Empty,2026-06-25T17:49:30.533371+00:00,,,,,,,,
2026-06-25T17:49:30.533371+00:00,spot_16,Spot 16,Empty,2026-06-25T17:48:38.642008+00:00,,,,,,,,
2026-06-25T17:49:30.533371+00:00,spot_17,Spot 17,Empty,2026-06-25T17:16:43.069687+00:00,,,,,,,,
2026-06-25T17:50:21.132709+00:00,spot_1,Spot 1,Empty,2026-06-25T14:27:40.405737+00:00,,,,,,,,
2026-06-25T17:50:21.132709+00:00,spot_2,Spot 2,Occupied,2026-06-25T17:46:21.346989+00:00,635,truck,0.5621994733810425,658,506.71484375,324.5244140625,545.6458740234375,368.6636962890625
2026-06-25T17:50:21.132709+00:00,spot_3,Spot 3,Occupied,2026-06-25T13:47:51.606073+00:00,484,car,0.7823114395141602,15831,442.30560302734375,327.91448974609375,488.70684814453125,371.44317626953125
2026-06-25T17:50:21.132709+00:00,spot_4,Spot 4,Occupied,2026-06-25T17:50:21.132709+00:00,638,truck,0.525494396686554,479,387.79901123046875,323.46038818359375,442.01971435546875,366.06805419921875
2026-06-25T17:50:21.132709+00:00,spot_5,Spot 5,Occupied,2026-06-25T17:33:42.255410+00:00,485,car,0.785630464553833,15779,335.12823486328125,329.5828552246094,387.45635986328125,368.3699645996094
2026-06-25T17:50:21.132709+00:00,spot_6,Spot 6,Occupied,2026-06-25T17:33:42.255410+00:00,520,car,0.7382296323776245,11273,284.0579833984375,329.94049072265625,338.64111328125,364.92559814453125
2026-06-25T17:50:21.132709+00:00,spot_7,Spot 7,Occupied,2026-06-25T17:50:21.132709+00:00,482,car,0.6934577822685242,16371,255.50537109375,326.80987548828125,303.50390625,360.6771240234375
2026-06-25T17:50:21.132709+00:00,spot_8,Spot 8,Occupied,2026-06-25T17:50:21.132709+00:00,649,car,0.6277905702590942,180,205.30828857421875,322.15869140625,264.1590270996094,359.60540771484375
2026-06-25T17:50:21.132709+00:00,spot_9,Spot 9,Occupied,2026-06-25T17:49:30.533371+00:00,654,car,0.39051443338394165,50,156.33877563476562,324.31646728515625,192.26907348632812,351.76080322265625
2026-06-25T17:50:21.132709+00:00,spot_10,Spot 10,Occupied,2026-06-25T17:47:20.421632+00:00,650,car,0.4466821253299713,180,127.10761260986328,321.59716796875,171.55328369140625,348.152099609375
2026-06-25T17:50:21.132709+00:00,spot_11,Spot 11,Empty,2026-06-25T17:46:21.346989+00:00,,,,,,,,
2026-06-25T17:50:21.132709+00:00,spot_12,Spot 12,Occupied,2026-06-25T17:45:20.644494+00:00,516,truck,0.6873288154602051,11840,80.94581604003906,309.00103759765625,142.80479431152344,347.38482666015625
2026-06-25T17:50:21.132709+00:00,spot_13,Spot 13,Empty,2026-06-25T01:06:00.185180+00:00,,,,,,,,
2026-06-25T17:50:21.132709+00:00,spot_14,Spot 14,Occupied,2026-06-25T17:50:21.132709+00:00,637,truck,0.41989976167678833,658,54.79447937011719,310.2877197265625,99.9976806640625,340.2830810546875
2026-06-25T17:50:21.132709+00:00,spot_15,Spot 15,Occupied,2026-06-25T17:50:21.132709+00:00,651,truck,0.43347811698913574,180,31.28589630126953,315.2431640625,58.78025817871094,334.904541015625
2026-06-25T17:50:21.132709+00:00,spot_16,Spot 16,Empty,2026-06-25T17:48:38.642008+00:00,,,,,,,,
2026-06-25T17:50:21.132709+00:00,spot_17,Spot 17,Empty,2026-06-25T17:16:43.069687+00:00,,,,,,,,
2026-06-25T17:51:20.247983+00:00,spot_1,Spot 1,Empty,2026-06-25T14:27:40.405737+00:00,,,,,,,,
2026-06-25T17:51:20.247983+00:00,spot_2,Spot 2,Occupied,2026-06-25T17:46:21.346989+00:00,635,truck,0.6261853575706482,718,507.9544372558594,326.22314453125,547.2313232421875,367.6435546875
2026-06-25T17:51:20.247983+00:00,spot_3,Spot 3,Occupied,2026-06-25T13:47:51.606073+00:00,484,car,0.8584597706794739,15891,442.31903076171875,327.36505126953125,489.32122802734375,370.81829833984375
2026-06-25T17:51:20.247983+00:00,spot_4,Spot 4,Occupied,2026-06-25T17:51:20.247983+00:00,655,car,0.39684221148490906,110,387.623779296875,323.1607971191406,434.76885986328125,366.4308776855469
2026-06-25T17:51:20.247983+00:00,spot_5,Spot 5,Occupied,2026-06-25T17:33:42.255410+00:00,485,car,0.7721718549728394,15838,335.5787353515625,329.16937255859375,388.1915283203125,368.47967529296875
2026-06-25T17:51:20.247983+00:00,spot_6,Spot 6,Occupied,2026-06-25T17:33:42.255410+00:00,520,car,0.703088641166687,11333,284.05328369140625,329.7454528808594,340.64959716796875,365.2463684082031
2026-06-25T17:51:20.247983+00:00,spot_7,Spot 7,Occupied,2026-06-25T17:50:21.132709+00:00,482,car,0.7352533340454102,16430,255.5028076171875,326.98846435546875,303.34613037109375,360.71209716796875
2026-06-25T17:51:20.247983+00:00,spot_8,Spot 8,Occupied,2026-06-25T17:50:21.132709+00:00,649,car,0.6665247678756714,240,207.464111328125,325.0965881347656,264.5967102050781,358.6384582519531
2026-06-25T17:51:20.247983+00:00,spot_9,Spot 9,Occupied,2026-06-25T17:49:30.533371+00:00,654,car,0.5124695301055908,110,155.8399658203125,326.01336669921875,194.176025390625,351.94207763671875
2026-06-25T17:51:20.247983+00:00,spot_10,Spot 10,Occupied,2026-06-25T17:47:20.421632+00:00,650,car,0.7089738845825195,240,126.65541076660156,321.5450439453125,176.04481506347656,348.408935546875
2026-06-25T17:51:20.247983+00:00,spot_11,Spot 11,Empty,2026-06-25T17:46:21.346989+00:00,,,,,,,,
2026-06-25T17:51:20.247983+00:00,spot_12,Spot 12,Occupied,2026-06-25T17:45:20.644494+00:00,516,truck,0.7220669984817505,11900,81.07200622558594,309.08984375,142.86578369140625,347.8896484375
2026-06-25T17:51:20.247983+00:00,spot_13,Spot 13,Empty,2026-06-25T01:06:00.185180+00:00,,,,,,,,
2026-06-25T17:51:20.247983+00:00,spot_14,Spot 14,Empty,2026-06-25T17:51:20.247983+00:00,,,,,,,,
2026-06-25T17:51:20.247983+00:00,spot_15,Spot 15,Empty,2026-06-25T17:51:20.247983+00:00,,,,,,,,
2026-06-25T17:51:20.247983+00:00,spot_16,Spot 16,Empty,2026-06-25T17:48:38.642008+00:00,,,,,,,,
2026-06-25T17:51:20.247983+00:00,spot_17,Spot 17,Empty,2026-06-25T17:16:43.069687+00:00,,,,,,,,
2026-06-25T17:52:20.929290+00:00,spot_1,Spot 1,Empty,2026-06-25T14:27:40.405737+00:00,,,,,,,,
2026-06-25T17:52:20.929290+00:00,spot_2,Spot 2,Occupied,2026-06-25T17:46:21.346989+00:00,635,truck,0.3861818313598633,779,506.3692626953125,324.0411376953125,548.102294921875,368.49810791015625
2026-06-25T17:52:20.929290+00:00,spot_3,Spot 3,Occupied,2026-06-25T13:47:51.606073+00:00,484,car,0.8184165954589844,15951,442.6226806640625,326.982666015625,489.269287109375,371.36566162109375
2026-06-25T17:52:20.929290+00:00,spot_4,Spot 4,Occupied,2026-06-25T17:52:20.929290+00:00,638,truck,0.5683538317680359,599,387.27716064453125,302.67620849609375,442.63238525390625,366.45697021484375
2026-06-25T17:52:20.929290+00:00,spot_5,Spot 5,Occupied,2026-06-25T17:33:42.255410+00:00,485,car,0.6080136895179749,15899,335.27386474609375,329.0967102050781,388.39349365234375,368.1231994628906
2026-06-25T17:52:20.929290+00:00,spot_6,Spot 6,Occupied,2026-06-25T17:52:20.929290+00:00,657,truck,0.4082634150981903,0,283.67510986328125,329.4141845703125,340.31402587890625,365.24853515625
2026-06-25T17:52:20.929290+00:00,spot_7,Spot 7,Occupied,2026-06-25T17:50:21.132709+00:00,482,car,0.4436585605144501,16491,255.44754028320312,326.268310546875,303.7878723144531,360.235107421875
2026-06-25T17:52:20.929290+00:00,spot_8,Spot 8,Occupied,2026-06-25T17:52:20.929290+00:00,653,truck,0.5226337909698486,221,207.54898071289062,324.80218505859375,264.3790588378906,359.07415771484375
2026-06-25T17:52:20.929290+00:00,spot_9,Spot 9,Occupied,2026-06-25T17:52:20.929290+00:00,656,truck,0.48506009578704834,0,155.33462524414062,324.5736389160156,193.52175903320312,352.0696105957031
2026-06-25T17:52:20.929290+00:00,spot_10,Spot 10,Occupied,2026-06-25T17:47:20.421632+00:00,650,car,0.5659437775611877,300,127.35617065429688,320.9918518066406,175.91583251953125,348.6706237792969
2026-06-25T17:52:20.929290+00:00,spot_11,Spot 11,Empty,2026-06-25T17:46:21.346989+00:00,,,,,,,,
2026-06-25T17:52:20.929290+00:00,spot_12,Spot 12,Occupied,2026-06-25T17:45:20.644494+00:00,516,truck,0.6982008218765259,11960,81.48147583007812,308.74993896484375,144.0260009765625,347.74334716796875
2026-06-25T17:52:20.929290+00:00,spot_13,Spot 13,Empty,2026-06-25T01:06:00.185180+00:00,,,,,,,,
2026-06-25T17:52:20.929290+00:00,spot_14,Spot 14,Occupied,2026-06-25T17:52:20.929290+00:00,637,truck,0.35654377937316895,779,53.887367248535156,315.88531494140625,85.1369857788086,339.35736083984375
2026-06-25T17:52:20.929290+00:00,spot_15,Spot 15,Empty,2026-06-25T17:51:20.247983+00:00,,,,,,,,
2026-06-25T17:52:20.929290+00:00,spot_16,Spot 16,Empty,2026-06-25T17:48:38.642008+00:00,,,,,,,,
2026-06-25T17:52:20.929290+00:00,spot_17,Spot 17,Empty,2026-06-25T17:16:43.069687+00:00,,,,,,,,
2026-06-25T17:53:20.478281+00:00,spot_1,Spot 1,Empty,2026-06-25T14:27:40.405737+00:00,,,,,,,,
2026-06-25T17:53:20.478281+00:00,spot_2,Spot 2,Occupied,2026-06-25T17:53:20.478281+00:00,659,bus,0.48004183173179626,0,507.1953125,291.4140625,545.628662109375,368.4251708984375
2026-06-25T17:53:20.478281+00:00,spot_3,Spot 3,Occupied,2026-06-25T13:47:51.606073+00:00,484,car,0.7426514029502869,16010,442.3669738769531,327.3620300292969,488.4111022949219,370.9154357910156
2026-06-25T17:53:20.478281+00:00,spot_4,Spot 4,Occupied,2026-06-25T17:52:20.929290+00:00,638,truck,0.5015146732330322,658,387.09808349609375,302.16021728515625,442.74639892578125,366.5941162109375
2026-06-25T17:53:20.478281+00:00,spot_5,Spot 5,Occupied,2026-06-25T17:33:42.255410+00:00,485,car,0.4322190284729004,15957,334.94342041015625,329.2978820800781,389.21820068359375,368.1743469238281
2026-06-25T17:53:20.478281+00:00,spot_6,Spot 6,Occupied,2026-06-25T17:53:20.478281+00:00,520,car,0.5368398427963257,11452,284.64471435546875,330.1087341308594,339.64300537109375,365.4153137207031
2026-06-25T17:53:20.478281+00:00,spot_7,Spot 7,Occupied,2026-06-25T17:50:21.132709+00:00,482,car,0.5501752495765686,16549,255.4816436767578,326.90576171875,303.58770751953125,360.62109375
2026-06-25T17:53:20.478281+00:00,spot_8,Spot 8,Occupied,2026-06-25T17:53:20.478281+00:00,649,car,0.6368460059165955,359,206.98196411132812,325.0523376464844,264.5605163574219,358.2283020019531
2026-06-25T17:53:20.478281+00:00,spot_9,Spot 9,Occupied,2026-06-25T17:53:20.478281+00:00,646,car,0.6231867671012878,478,187.65176391601562,326.99688720703125,225.732177734375,352.29754638671875
2026-06-25T17:53:20.478281+00:00,spot_10,Spot 10,Occupied,2026-06-25T17:47:20.421632+00:00,650,car,0.49646052718162537,359,127.16673278808594,321.155029296875,174.2820587158203,348.627197265625
2026-06-25T17:53:20.478281+00:00,spot_11,Spot 11,Empty,2026-06-25T17:46:21.346989+00:00,,,,,,,,
2026-06-25T17:53:20.478281+00:00,spot_12,Spot 12,Occupied,2026-06-25T17:45:20.644494+00:00,516,truck,0.7041805982589722,12019,82.0833740234375,308.9255065917969,142.06436157226562,347.9544372558594
2026-06-25T17:53:20.478281+00:00,spot_13,Spot 13,Empty,2026-06-25T01:06:00.185180+00:00,,,,,,,,
2026-06-25T17:53:20.478281+00:00,spot_14,Spot 14,Empty,2026-06-25T17:53:20.478281+00:00,,,,,,,,
2026-06-25T17:53:20.478281+00:00,spot_15,Spot 15,Occupied,2026-06-25T17:53:20.478281+00:00,651,truck,0.5032874941825867,359,31.401763916015625,315.6839599609375,59.128326416015625,334.75225830078125
2026-06-25T17:53:20.478281+00:00,spot_16,Spot 16,Empty,2026-06-25T17:48:38.642008+00:00,,,,,,,,
2026-06-25T17:53:20.478281+00:00,spot_17,Spot 17,Empty,2026-06-25T17:16:43.069687+00:00,,,,,,,,
2026-06-25T17:54:20.671794+00:00,spot_1,Spot 1,Empty,2026-06-25T14:27:40.405737+00:00,,,,,,,,
2026-06-25T17:54:20.671794+00:00,spot_2,Spot 2,Occupied,2026-06-25T17:53:20.478281+00:00,659,bus,0.48004183173179626,60,507.1953125,291.4140625,545.628662109375,368.4251708984375
2026-06-25T17:54:20.671794+00:00,spot_3,Spot 3,Occupied,2026-06-25T13:47:51.606073+00:00,484,car,0.7426514029502869,16070,442.3669738769531,327.3620300292969,488.4111022949219,370.9154357910156
2026-06-25T17:54:20.671794+00:00,spot_4,Spot 4,Occupied,2026-06-25T17:52:20.929290+00:00,638,truck,0.5015146732330322,718,387.09808349609375,302.16021728515625,442.74639892578125,366.5941162109375
2026-06-25T17:54:20.671794+00:00,spot_5,Spot 5,Occupied,2026-06-25T17:33:42.255410+00:00,485,car,0.4322190284729004,16018,334.94342041015625,329.2978820800781,389.21820068359375,368.1743469238281
2026-06-25T17:54:20.671794+00:00,spot_6,Spot 6,Occupied,2026-06-25T17:53:20.478281+00:00,520,car,0.5368398427963257,11513,284.64471435546875,330.1087341308594,339.64300537109375,365.4153137207031
2026-06-25T17:54:20.671794+00:00,spot_7,Spot 7,Occupied,2026-06-25T17:50:21.132709+00:00,482,car,0.5501752495765686,16610,255.4816436767578,326.90576171875,303.58770751953125,360.62109375
2026-06-25T17:54:20.671794+00:00,spot_8,Spot 8,Occupied,2026-06-25T17:53:20.478281+00:00,649,car,0.6368460059165955,419,206.98196411132812,325.0523376464844,264.5605163574219,358.2283020019531
2026-06-25T17:54:20.671794+00:00,spot_9,Spot 9,Occupied,2026-06-25T17:53:20.478281+00:00,646,car,0.6231867671012878,538,187.65176391601562,326.99688720703125,225.732177734375,352.29754638671875
2026-06-25T17:54:20.671794+00:00,spot_10,Spot 10,Occupied,2026-06-25T17:47:20.421632+00:00,650,car,0.49646052718162537,419,127.16673278808594,321.155029296875,174.2820587158203,348.627197265625
2026-06-25T17:54:20.671794+00:00,spot_11,Spot 11,Empty,2026-06-25T17:46:21.346989+00:00,,,,,,,,
2026-06-25T17:54:20.671794+00:00,spot_12,Spot 12,Occupied,2026-06-25T17:45:20.644494+00:00,516,truck,0.7041805982589722,12080,82.0833740234375,308.9255065917969,142.06436157226562,347.9544372558594
2026-06-25T17:54:20.671794+00:00,spot_13,Spot 13,Empty,2026-06-25T01:06:00.185180+00:00,,,,,,,,
2026-06-25T17:54:20.671794+00:00,spot_14,Spot 14,Empty,2026-06-25T17:53:20.478281+00:00,,,,,,,,
2026-06-25T17:54:20.671794+00:00,spot_15,Spot 15,Occupied,2026-06-25T17:53:20.478281+00:00,651,truck,0.5032874941825867,419,31.401763916015625,315.6839599609375,59.128326416015625,334.75225830078125
2026-06-25T17:54:20.671794+00:00,spot_16,Spot 16,Empty,2026-06-25T17:48:38.642008+00:00,,,,,,,,
2026-06-25T17:54:20.671794+00:00,spot_17,Spot 17,Empty,2026-06-25T17:16:43.069687+00:00,,,,,,,,
2026-06-25T17:55:20.388861+00:00,spot_1,Spot 1,Empty,2026-06-25T14:27:40.405737+00:00,,,,,,,,
2026-06-25T17:55:20.388861+00:00,spot_2,Spot 2,Occupied,2026-06-25T17:55:20.388861+00:00,635,truck,0.5365590453147888,957,506.5548095703125,324.55548095703125,546.2423095703125,367.98846435546875
2026-06-25T17:55:20.388861+00:00,spot_3,Spot 3,Occupied,2026-06-25T13:47:51.606073+00:00,484,car,0.7655565142631531,16130,442.21527099609375,328.06793212890625,488.0435791015625,370.83563232421875
2026-06-25T17:55:20.388861+00:00,spot_4,Spot 4,Occupied,2026-06-25T17:52:20.929290+00:00,638,truck,0.5487120151519775,778,387.4791259765625,320.986083984375,442.91485595703125,366.20166015625
2026-06-25T17:55:20.388861+00:00,spot_5,Spot 5,Occupied,2026-06-25T17:33:42.255410+00:00,485,car,0.4320757985115051,16077,335.4631042480469,329.0944519042969,388.5609436035156,368.3199157714844
2026-06-25T17:55:20.388861+00:00,spot_6,Spot 6,Occupied,2026-06-25T17:53:20.478281+00:00,520,car,0.782298743724823,11572,282.921630859375,329.7701416015625,336.9361572265625,365.117431640625
2026-06-25T17:55:20.388861+00:00,spot_7,Spot 7,Occupied,2026-06-25T17:50:21.132709+00:00,482,car,0.6638277173042297,16669,255.46395874023438,326.7442626953125,303.8554382324219,360.0382080078125
2026-06-25T17:55:20.388861+00:00,spot_8,Spot 8,Occupied,2026-06-25T17:53:20.478281+00:00,649,car,0.7007140517234802,479,207.24807739257812,320.9141845703125,264.4752502441406,358.5614013671875
2026-06-25T17:55:20.388861+00:00,spot_9,Spot 9,Occupied,2026-06-25T17:55:20.388861+00:00,660,car,0.49023154377937317,0,157.0994873046875,324.3744201660156,192.7349853515625,351.5318908691406
2026-06-25T17:55:20.388861+00:00,spot_10,Spot 10,Occupied,2026-06-25T17:47:20.421632+00:00,650,car,0.6660466194152832,479,126.81697845458984,321.05499267578125,175.28561401367188,348.43121337890625
2026-06-25T17:55:20.388861+00:00,spot_11,Spot 11,Empty,2026-06-25T17:46:21.346989+00:00,,,,,,,,
2026-06-25T17:55:20.388861+00:00,spot_12,Spot 12,Occupied,2026-06-25T17:45:20.644494+00:00,516,truck,0.7099816799163818,12139,81.68826293945312,308.98529052734375,144.36309814453125,347.53607177734375
2026-06-25T17:55:20.388861+00:00,spot_13,Spot 13,Empty,2026-06-25T01:06:00.185180+00:00,,,,,,,,
2026-06-25T17:55:20.388861+00:00,spot_14,Spot 14,Empty,2026-06-25T17:53:20.478281+00:00,,,,,,,,
2026-06-25T17:55:20.388861+00:00,spot_15,Spot 15,Occupied,2026-06-25T17:53:20.478281+00:00,651,truck,0.47264498472213745,479,31.282609939575195,315.73748779296875,59.02223205566406,335.07257080078125
2026-06-25T17:55:20.388861+00:00,spot_16,Spot 16,Empty,2026-06-25T17:48:38.642008+00:00,,,,,,,,
2026-06-25T17:55:20.388861+00:00,spot_17,Spot 17,Empty,2026-06-25T17:16:43.069687+00:00,,,,,,,,
2026-06-25T17:56:22.165172+00:00,spot_1,Spot 1,Empty,2026-06-25T14:27:40.405737+00:00,,,,,,,,
2026-06-25T17:56:22.165172+00:00,spot_2,Spot 2,Occupied,2026-06-25T17:55:20.388861+00:00,635,truck,0.40558987855911255,1018,507.64483642578125,324.66534423828125,546.3672485351562,368.31536865234375
2026-06-25T17:56:22.165172+00:00,spot_3,Spot 3,Occupied,2026-06-25T13:47:51.606073+00:00,484,car,0.6862205862998962,16190,442.13079833984375,327.93695068359375,488.2728271484375,370.48101806640625
2026-06-25T17:56:22.165172+00:00,spot_4,Spot 4,Occupied,2026-06-25T17:52:20.929290+00:00,638,truck,0.6389001607894897,839,387.5005798339844,322.71527099609375,443.1694030761719,366.96978759765625
2026-06-25T17:56:22.165172+00:00,spot_5,Spot 5,Occupied,2026-06-25T17:33:42.255410+00:00,485,car,0.7025611400604248,16138,335.145263671875,329.1625671386719,386.0706787109375,368.2105407714844
2026-06-25T17:56:22.165172+00:00,spot_6,Spot 6,Occupied,2026-06-25T17:53:20.478281+00:00,520,car,0.7507062554359436,11633,283.81689453125,330.3057556152344,340.225830078125,365.5154113769531
2026-06-25T17:56:22.165172+00:00,spot_7,Spot 7,Occupied,2026-06-25T17:50:21.132709+00:00,482,car,0.7689086198806763,16730,255.59603881835938,326.9847412109375,303.8063659667969,360.0877685546875
2026-06-25T17:56:22.165172+00:00,spot_8,Spot 8,Occupied,2026-06-25T17:53:20.478281+00:00,649,car,0.6826581954956055,540,207.44631958007812,324.9143981933594,264.5579528808594,359.0438537597656
2026-06-25T17:56:22.165172+00:00,spot_9,Spot 9,Occupied,2026-06-25T17:55:20.388861+00:00,660,car,0.4683251976966858,60,156.31265258789062,325.0224914550781,192.17196655273438,351.7198181152344
2026-06-25T17:56:22.165172+00:00,spot_10,Spot 10,Occupied,2026-06-25T17:47:20.421632+00:00,650,car,0.4874415695667267,540,127.18158721923828,321.0896911621094,176.38543701171875,348.6880798339844
2026-06-25T17:56:22.165172+00:00,spot_11,Spot 11,Empty,2026-06-25T17:46:21.346989+00:00,,,,,,,,
2026-06-25T17:56:22.165172+00:00,spot_12,Spot 12,Occupied,2026-06-25T17:45:20.644494+00:00,516,truck,0.6942322254180908,12200,81.3270263671875,309.1869812011719,143.27691650390625,347.9261779785156
2026-06-25T17:56:22.165172+00:00,spot_13,Spot 13,Empty,2026-06-25T01:06:00.185180+00:00,,,,,,,,
2026-06-25T17:56:22.165172+00:00,spot_14,Spot 14,Occupied,2026-06-25T17:56:22.165172+00:00,661,truck,0.4277568459510803,0,53.83338165283203,314.66082763671875,84.3393783569336,340.26800537109375
2026-06-25T17:56:22.165172+00:00,spot_15,Spot 15,Empty,2026-06-25T17:56:22.165172+00:00,,,,,,,,
2026-06-25T17:56:22.165172+00:00,spot_16,Spot 16,Empty,2026-06-25T17:48:38.642008+00:00,,,,,,,,
2026-06-25T17:56:22.165172+00:00,spot_17,Spot 17,Empty,2026-06-25T17:16:43.069687+00:00,,,,,,,,
2026-06-25T17:57:19.998291+00:00,spot_1,Spot 1,Empty,2026-06-25T14:27:40.405737+00:00,,,,,,,,
2026-06-25T17:57:19.998291+00:00,spot_2,Spot 2,Occupied,2026-06-25T17:55:20.388861+00:00,635,truck,0.4982607364654541,1078,506.82696533203125,328.69207763671875,546.0912475585938,367.77484130859375
2026-06-25T17:57:19.998291+00:00,spot_3,Spot 3,Occupied,2026-06-25T13:47:51.606073+00:00,484,car,0.8357616066932678,16250,442.032958984375,327.2569580078125,488.63385009765625,370.307861328125
2026-06-25T17:57:19.998291+00:00,spot_4,Spot 4,Occupied,2026-06-25T17:52:20.929290+00:00,638,truck,0.5938947796821594,898,387.6185302734375,302.4255676269531,443.97705078125,366.0806579589844
2026-06-25T17:57:19.998291+00:00,spot_5,Spot 5,Occupied,2026-06-25T17:33:42.255410+00:00,485,car,0.6376674175262451,16198,335.2763671875,329.326171875,386.0384521484375,368.7607421875
2026-06-25T17:57:19.998291+00:00,spot_6,Spot 6,Occupied,2026-06-25T17:53:20.478281+00:00,520,car,0.6705735325813293,11693,284.791259765625,329.28253173828125,340.7010498046875,364.88104248046875
2026-06-25T17:57:19.998291+00:00,spot_7,Spot 7,Occupied,2026-06-25T17:50:21.132709+00:00,482,car,0.7115759253501892,16790,255.5412139892578,326.6687316894531,303.23956298828125,360.2649230957031
2026-06-25T17:57:19.998291+00:00,spot_8,Spot 8,Occupied,2026-06-25T17:53:20.478281+00:00,649,car,0.7593212723731995,599,207.50048828125,325.06048583984375,264.35833740234375,358.57061767578125
2026-06-25T17:57:19.998291+00:00,spot_9,Spot 9,Occupied,2026-06-25T17:55:20.388861+00:00,660,car,0.45044106245040894,120,156.387451171875,325.79730224609375,193.9306640625,352.105712890625
2026-06-25T17:57:19.998291+00:00,spot_10,Spot 10,Occupied,2026-06-25T17:47:20.421632+00:00,650,car,0.4482191503047943,599,126.04359436035156,321.92803955078125,176.6299591064453,348.44964599609375
2026-06-25T17:57:19.998291+00:00,spot_11,Spot 11,Empty,2026-06-25T17:46:21.346989+00:00,,,,,,,,
2026-06-25T17:57:19.998291+00:00,spot_12,Spot 12,Occupied,2026-06-25T17:45:20.644494+00:00,516,truck,0.7249813079833984,12260,80.91551208496094,308.7564697265625,142.68716430664062,347.414306640625
2026-06-25T17:57:19.998291+00:00,spot_13,Spot 13,Empty,2026-06-25T01:06:00.185180+00:00,,,,,,,,
2026-06-25T17:57:19.998291+00:00,spot_14,Spot 14,Occupied,2026-06-25T17:56:22.165172+00:00,661,truck,0.49458834528923035,59,52.96478271484375,315.3023986816406,84.47355651855469,340.3114929199219
2026-06-25T17:57:19.998291+00:00,spot_15,Spot 15,Occupied,2026-06-25T17:57:19.998291+00:00,651,truck,0.38821500539779663,599,31.161775588989258,315.4886169433594,58.9207763671875,334.7806091308594
2026-06-25T17:57:19.998291+00:00,spot_16,Spot 16,Empty,2026-06-25T17:48:38.642008+00:00,,,,,,,,
2026-06-25T17:57:19.998291+00:00,spot_17,Spot 17,Empty,2026-06-25T17:16:43.069687+00:00,,,,,,,,
2026-06-25T17:58:22.292137+00:00,spot_1,Spot 1,Empty,2026-06-25T14:27:40.405737+00:00,,,,,,,,
2026-06-25T17:58:22.292137+00:00,spot_2,Spot 2,Occupied,2026-06-25T17:55:20.388861+00:00,635,truck,0.6721770167350769,1140,507.5985107421875,323.3948974609375,545.9825439453125,367.462646484375
2026-06-25T17:58:22.292137+00:00,spot_3,Spot 3,Occupied,2026-06-25T13:47:51.606073+00:00,484,car,0.8017687201499939,16313,442.33929443359375,327.3302307128906,489.70184326171875,370.0775451660156
2026-06-25T17:58:22.292137+00:00,spot_4,Spot 4,Occupied,2026-06-25T17:52:20.929290+00:00,638,truck,0.5852314829826355,961,387.75830078125,322.978271484375,443.517333984375,365.89080810546875
2026-06-25T17:58:22.292137+00:00,spot_5,Spot 5,Occupied,2026-06-25T17:33:42.255410+00:00,485,car,0.7498836517333984,16260,335.2010498046875,329.7994384765625,385.5443115234375,368.60650634765625
2026-06-25T17:58:22.292137+00:00,spot_6,Spot 6,Occupied,2026-06-25T17:53:20.478281+00:00,520,car,0.7252556085586548,11755,282.529052734375,330.1959228515625,338.6802978515625,364.673828125
2026-06-25T17:58:22.292137+00:00,spot_7,Spot 7,Occupied,2026-06-25T17:50:21.132709+00:00,482,car,0.723762571811676,16852,255.46453857421875,326.76129150390625,303.693115234375,360.19891357421875
2026-06-25T17:58:22.292137+00:00,spot_8,Spot 8,Occupied,2026-06-25T17:53:20.478281+00:00,649,car,0.7989292740821838,662,207.1820068359375,325.11651611328125,264.2581481933594,358.53057861328125
2026-06-25T17:58:22.292137+00:00,spot_9,Spot 9,Occupied,2026-06-25T17:55:20.388861+00:00,660,car,0.40808117389678955,182,156.78335571289062,325.0538330078125,203.72628784179688,351.88739013671875
2026-06-25T17:58:22.292137+00:00,spot_10,Spot 10,Occupied,2026-06-25T17:47:20.421632+00:00,650,car,0.6011207699775696,662,126.00373840332031,321.12908935546875,179.6468048095703,348.66778564453125
2026-06-25T17:58:22.292137+00:00,spot_11,Spot 11,Empty,2026-06-25T17:46:21.346989+00:00,,,,,,,,
2026-06-25T17:58:22.292137+00:00,spot_12,Spot 12,Occupied,2026-06-25T17:45:20.644494+00:00,516,truck,0.7080296874046326,12322,80.98757934570312,308.91351318359375,142.56666564941406,347.80413818359375
2026-06-25T17:58:22.292137+00:00,spot_13,Spot 13,Empty,2026-06-25T01:06:00.185180+00:00,,,,,,,,
2026-06-25T17:58:22.292137+00:00,spot_14,Spot 14,Empty,2026-06-25T17:58:22.292137+00:00,,,,,,,,
2026-06-25T17:58:22.292137+00:00,spot_15,Spot 15,Empty,2026-06-25T17:58:22.292137+00:00,,,,,,,,
2026-06-25T17:58:22.292137+00:00,spot_16,Spot 16,Empty,2026-06-25T17:48:38.642008+00:00,,,,,,,,
2026-06-25T17:58:22.292137+00:00,spot_17,Spot 17,Empty,2026-06-25T17:16:43.069687+00:00,,,,,,,,
2026-06-25T17:59:21.093943+00:00,spot_1,Spot 1,Occupied,2026-06-25T17:59:21.093943+00:00,663,truck,0.5485447645187378,0,566.9534912109375,315.265869140625,610.3900146484375,368.67779541015625
2026-06-25T17:59:21.093943+00:00,spot_2,Spot 2,Occupied,2026-06-25T17:55:20.388861+00:00,635,truck,0.6164779663085938,1199,508.28216552734375,324.5524597167969,547.0409545898438,366.9888610839844
2026-06-25T17:59:21.093943+00:00,spot_3,Spot 3,Occupied,2026-06-25T13:47:51.606073+00:00,484,car,0.827928364276886,16371,442.2857666015625,327.1427001953125,489.2105712890625,370.805908203125
2026-06-25T17:59:21.093943+00:00,spot_4,Spot 4,Occupied,2026-06-25T17:52:20.929290+00:00,638,truck,0.5681687593460083,1019,386.77081298828125,302.52008056640625,432.98834228515625,365.75665283203125
2026-06-25T17:59:21.093943+00:00,spot_5,Spot 5,Occupied,2026-06-25T17:33:42.255410+00:00,485,car,0.6067489981651306,16319,335.221435546875,328.4674072265625,386.276123046875,368.71868896484375
2026-06-25T17:59:21.093943+00:00,spot_6,Spot 6,Occupied,2026-06-25T17:53:20.478281+00:00,520,car,0.6548585295677185,11813,283.7373962402344,330.11785888671875,341.4232482910156,365.18377685546875
2026-06-25T17:59:21.093943+00:00,spot_7,Spot 7,Occupied,2026-06-25T17:50:21.132709+00:00,482,car,0.7481419444084167,16911,255.5592803955078,327.14727783203125,303.49871826171875,359.6595458984375
2026-06-25T17:59:21.093943+00:00,spot_8,Spot 8,Occupied,2026-06-25T17:53:20.478281+00:00,649,car,0.5924685597419739,720,207.32696533203125,324.7524108886719,263.9249267578125,358.9556579589844
2026-06-25T17:59:21.093943+00:00,spot_9,Spot 9,Occupied,2026-06-25T17:59:21.093943+00:00,646,car,0.6481218934059143,839,187.7489013671875,327.2247314453125,224.36517333984375,352.9642333984375
2026-06-25T17:59:21.093943+00:00,spot_10,Spot 10,Occupied,2026-06-25T17:47:20.421632+00:00,650,car,0.3844859302043915,720,127.56741333007812,321.20172119140625,172.689697265625,348.49346923828125
2026-06-25T17:59:21.093943+00:00,spot_11,Spot 11,Empty,2026-06-25T17:46:21.346989+00:00,,,,,,,,
2026-06-25T17:59:21.093943+00:00,spot_12,Spot 12,Occupied,2026-06-25T17:45:20.644494+00:00,516,truck,0.3735135495662689,12380,78.85092163085938,309.12506103515625,142.7723846435547,344.52288818359375
2026-06-25T17:59:21.093943+00:00,spot_13,Spot 13,Empty,2026-06-25T01:06:00.185180+00:00,,,,,,,,
2026-06-25T17:59:21.093943+00:00,spot_14,Spot 14,Occupied,2026-06-25T17:59:21.093943+00:00,661,truck,0.3745049238204956,180,63.430076599121094,315.5579528808594,84.5116958618164,340.1095275878906
2026-06-25T17:59:21.093943+00:00,spot_15,Spot 15,Empty,2026-06-25T17:58:22.292137+00:00,,,,,,,,
2026-06-25T17:59:21.093943+00:00,spot_16,Spot 16,Occupied,2026-06-25T17:59:21.093943+00:00,651,truck,0.4474760890007019,720,31.44411277770996,315.8453369140625,57.23419952392578,334.7076416015625
2026-06-25T17:59:21.093943+00:00,spot_17,Spot 17,Empty,2026-06-25T17:16:43.069687+00:00,,,,,,,,
2026-06-25T18:00:28.629038+00:00,spot_1,Spot 1,Occupied,2026-06-25T17:59:21.093943+00:00,663,truck,0.6793440580368042,69,566.93701171875,315.3394775390625,610.80078125,369.27252197265625
2026-06-25T18:00:28.629038+00:00,spot_2,Spot 2,Occupied,2026-06-25T17:55:20.388861+00:00,635,truck,0.5139303207397461,1268,507.9346923828125,299.763671875,549.4149169921875,367.3907470703125
2026-06-25T18:00:28.629038+00:00,spot_3,Spot 3,Occupied,2026-06-25T13:47:51.606073+00:00,484,car,0.7380098104476929,16440,441.766357421875,327.47357177734375,490.1898193359375,372.08819580078125
2026-06-25T18:00:28.629038+00:00,spot_4,Spot 4,Occupied,2026-06-25T17:52:20.929290+00:00,638,truck,0.3611867427825928,1089,387.08160400390625,322.83563232421875,431.93353271484375,365.90966796875
2026-06-25T18:00:28.629038+00:00,spot_5,Spot 5,Occupied,2026-06-25T17:33:42.255410+00:00,485,car,0.7667866945266724,16388,335.45733642578125,329.3101806640625,387.46954345703125,368.6883544921875
2026-06-25T18:00:28.629038+00:00,spot_6,Spot 6,Occupied,2026-06-25T17:53:20.478281+00:00,520,car,0.8087406158447266,11883,282.6307373046875,330.34002685546875,337.3431396484375,364.94708251953125
2026-06-25T18:00:28.629038+00:00,spot_7,Spot 7,Occupied,2026-06-25T17:50:21.132709+00:00,482,car,0.7959411144256592,16980,255.50509643554688,326.85467529296875,304.2438659667969,360.10540771484375
2026-06-25T18:00:28.629038+00:00,spot_8,Spot 8,Occupied,2026-06-25T17:53:20.478281+00:00,649,car,0.7702183127403259,790,207.7437744140625,324.50543212890625,264.40167236328125,359.14434814453125
2026-06-25T18:00:28.629038+00:00,spot_9,Spot 9,Occupied,2026-06-25T18:00:28.629038+00:00,660,car,0.4714473485946655,310,156.37240600585938,324.9018859863281,194.29550170898438,352.2879333496094
2026-06-25T18:00:28.629038+00:00,spot_10,Spot 10,Occupied,2026-06-25T17:47:20.421632+00:00,650,car,0.6876492500305176,790,126.9902114868164,321.15545654296875,172.58804321289062,348.71112060546875
2026-06-25T18:00:28.629038+00:00,spot_11,Spot 11,Empty,2026-06-25T17:46:21.346989+00:00,,,,,,,,
2026-06-25T18:00:28.629038+00:00,spot_12,Spot 12,Occupied,2026-06-25T17:45:20.644494+00:00,516,truck,0.6555408239364624,12450,77.15327453613281,308.85791015625,143.50497436523438,347.5233154296875
2026-06-25T18:00:28.629038+00:00,spot_13,Spot 13,Empty,2026-06-25T01:06:00.185180+00:00,,,,,,,,
2026-06-25T18:00:28.629038+00:00,spot_14,Spot 14,Empty,2026-06-25T18:00:28.629038+00:00,,,,,,,,
2026-06-25T18:00:28.629038+00:00,spot_15,Spot 15,Empty,2026-06-25T17:58:22.292137+00:00,,,,,,,,
2026-06-25T18:00:28.629038+00:00,spot_16,Spot 16,Empty,2026-06-25T18:00:28.629038+00:00,,,,,,,,
2026-06-25T18:00:28.629038+00:00,spot_17,Spot 17,Empty,2026-06-25T17:16:43.069687+00:00,,,,,,,,
2026-06-25T18:01:23.656384+00:00,spot_1,Spot 1,Occupied,2026-06-25T17:59:21.093943+00:00,663,truck,0.4294887185096741,121,565.8096313476562,290.3154602050781,611.0687866210938,369.1850891113281
2026-06-25T18:01:23.656384+00:00,spot_2,Spot 2,Occupied,2026-06-25T17:55:20.388861+00:00,635,truck,0.7335646152496338,1320,507.63226318359375,322.83990478515625,548.8654174804688,366.8748779296875
2026-06-25T18:01:23.656384+00:00,spot_3,Spot 3,Occupied,2026-06-25T18:01:23.656384+00:00,665,truck,0.3786347806453705,0,442.338134765625,327.92047119140625,489.12298583984375,370.91229248046875
2026-06-25T18:01:23.656384+00:00,spot_4,Spot 4,Occupied,2026-06-25T17:52:20.929290+00:00,638,truck,0.5255069732666016,1141,387.4879150390625,322.9251708984375,433.775390625,365.6893310546875
2026-06-25T18:01:23.656384+00:00,spot_5,Spot 5,Occupied,2026-06-25T17:33:42.255410+00:00,485,car,0.5154560208320618,16440,335.53643798828125,329.7315979003906,378.87713623046875,368.5550231933594
2026-06-25T18:01:23.656384+00:00,spot_6,Spot 6,Occupied,2026-06-25T17:53:20.478281+00:00,520,car,0.7365899085998535,11935,282.1817626953125,329.88934326171875,338.9786376953125,365.33099365234375
2026-06-25T18:01:23.656384+00:00,spot_7,Spot 7,Occupied,2026-06-25T17:50:21.132709+00:00,482,car,0.7919234037399292,17032,255.42306518554688,326.6469421386719,304.0636901855469,360.3767395019531
2026-06-25T18:01:23.656384+00:00,spot_8,Spot 8,Occupied,2026-06-25T17:53:20.478281+00:00,649,car,0.7717764377593994,842,206.95230102539062,323.836669921875,264.3703918457031,359.0679931640625
2026-06-25T18:01:23.656384+00:00,spot_9,Spot 9,Occupied,2026-06-25T18:01:23.656384+00:00,664,truck,0.4610091745853424,0,157.20472717285156,324.0334777832031,192.92002868652344,351.7201843261719
2026-06-25T18:01:23.656384+00:00,spot_10,Spot 10,Occupied,2026-06-25T17:47:20.421632+00:00,650,car,0.4756726026535034,842,127.25509643554688,321.52020263671875,171.79998779296875,348.3809814453125
2026-06-25T18:01:23.656384+00:00,spot_11,Spot 11,Empty,2026-06-25T17:46:21.346989+00:00,,,,,,,,
2026-06-25T18:01:23.656384+00:00,spot_12,Spot 12,Occupied,2026-06-25T17:45:20.644494+00:00,516,truck,0.6981682777404785,12502,77.85708618164062,308.554931640625,143.39419555664062,347.2618408203125
2026-06-25T18:01:23.656384+00:00,spot_13,Spot 13,Empty,2026-06-25T01:06:00.185180+00:00,,,,,,,,
2026-06-25T18:01:23.656384+00:00,spot_14,Spot 14,Empty,2026-06-25T18:00:28.629038+00:00,,,,,,,,
2026-06-25T18:01:23.656384+00:00,spot_15,Spot 15,Empty,2026-06-25T17:58:22.292137+00:00,,,,,,,,
2026-06-25T18:01:23.656384+00:00,spot_16,Spot 16,Occupied,2026-06-25T18:01:23.656384+00:00,651,truck,0.36378151178359985,842,31.146968841552734,315.34893798828125,58.45857620239258,334.80413818359375
2026-06-25T18:01:23.656384+00:00,spot_17,Spot 17,Empty,2026-06-25T17:16:43.069687+00:00,,,,,,,,
2026-06-25T18:02:22.959631+00:00,spot_1,Spot 1,Empty,2026-06-25T18:02:22.959631+00:00,,,,,,,,
2026-06-25T18:02:22.959631+00:00,spot_2,Spot 2,Occupied,2026-06-25T18:02:22.959631+00:00,666,car,0.37723255157470703,0,507.51739501953125,325.4783630371094,549.3226928710938,368.1429138183594
2026-06-25T18:02:22.959631+00:00,spot_3,Spot 3,Occupied,2026-06-25T18:02:22.959631+00:00,484,car,0.8427486419677734,16553,442.20281982421875,328.4686279296875,488.89190673828125,371.2020263671875
2026-06-25T18:02:22.959631+00:00,spot_4,Spot 4,Occupied,2026-06-25T17:52:20.929290+00:00,638,truck,0.5547100305557251,1201,386.9961242675781,321.41351318359375,442.5187072753906,365.630615234375
2026-06-25T18:02:22.959631+00:00,spot_5,Spot 5,Occupied,2026-06-25T17:33:42.255410+00:00,485,car,0.744801938533783,16500,335.4012451171875,328.8821105957031,387.19964599609375,368.7246398925781
2026-06-25T18:02:22.959631+00:00,spot_6,Spot 6,Occupied,2026-06-25T17:53:20.478281+00:00,520,car,0.7155905961990356,11995,284.49224853515625,329.5779724121094,339.78912353515625,365.3121643066406
2026-06-25T18:02:22.959631+00:00,spot_7,Spot 7,Occupied,2026-06-25T17:50:21.132709+00:00,482,car,0.7941600680351257,17092,255.38613891601562,326.78668212890625,303.3331604003906,360.5965576171875
2026-06-25T18:02:22.959631+00:00,spot_8,Spot 8,Occupied,2026-06-25T17:53:20.478281+00:00,649,car,0.6960376501083374,902,207.337890625,323.44683837890625,264.58428955078125,359.14239501953125
2026-06-25T18:02:22.959631+00:00,spot_9,Spot 9,Occupied,2026-06-25T18:01:23.656384+00:00,664,truck,0.46852320432662964,59,156.81790161132812,323.2491455078125,192.49166870117188,351.7908935546875
2026-06-25T18:02:22.959631+00:00,spot_10,Spot 10,Occupied,2026-06-25T18:02:22.959631+00:00,646,car,0.5687727928161621,1021,187.6962890625,327.5065612792969,224.918701171875,352.8885192871094
2026-06-25T18:02:22.959631+00:00,spot_11,Spot 11,Occupied,2026-06-25T18:02:22.959631+00:00,650,car,0.3802996873855591,902,127.19058990478516,324.28533935546875,159.56216430664062,348.62530517578125
2026-06-25T18:02:22.959631+00:00,spot_12,Spot 12,Occupied,2026-06-25T17:45:20.644494+00:00,516,truck,0.4285505414009094,12562,81.13496398925781,308.93701171875,142.70343017578125,347.442626953125
2026-06-25T18:02:22.959631+00:00,spot_13,Spot 13,Occupied,2026-06-25T18:02:22.959631+00:00,667,bus,0.35438528656959534,0,81.02560424804688,308.9132080078125,142.74111938476562,347.529541015625
2026-06-25T18:02:22.959631+00:00,spot_14,Spot 14,Empty,2026-06-25T18:00:28.629038+00:00,,,,,,,,
2026-06-25T18:02:22.959631+00:00,spot_15,Spot 15,Empty,2026-06-25T17:58:22.292137+00:00,,,,,,,,
2026-06-25T18:02:22.959631+00:00,spot_16,Spot 16,Occupied,2026-06-25T18:01:23.656384+00:00,651,truck,0.41692182421684265,902,31.298805236816406,315.71649169921875,58.205718994140625,334.94134521484375
2026-06-25T18:02:22.959631+00:00,spot_17,Spot 17,Empty,2026-06-25T17:16:43.069687+00:00,,,,,,,,
2026-06-25T18:03:20.871986+00:00,spot_1,Spot 1,Occupied,2026-06-25T18:03:20.871986+00:00,663,truck,0.5273364782333374,239,566.5883178710938,315.04620361328125,610.3756713867188,368.32708740234375
2026-06-25T18:03:20.871986+00:00,spot_2,Spot 2,Occupied,2026-06-25T18:03:20.871986+00:00,635,truck,0.7249035835266113,1438,507.78558349609375,322.07244873046875,546.8818969726562,367.16900634765625
2026-06-25T18:03:20.871986+00:00,spot_3,Spot 3,Occupied,2026-06-25T18:02:22.959631+00:00,484,car,0.8167711496353149,16610,441.95904541015625,327.32275390625,488.59014892578125,371.281005859375
2026-06-25T18:03:20.871986+00:00,spot_4,Spot 4,Empty,2026-06-25T18:03:20.871986+00:00,,,,,,,,
2026-06-25T18:03:20.871986+00:00,spot_5,Spot 5,Occupied,2026-06-25T17:33:42.255410+00:00,485,car,0.7771199941635132,16558,335.2275390625,329.65216064453125,389.0731201171875,368.58648681640625
2026-06-25T18:03:20.871986+00:00,spot_6,Spot 6,Occupied,2026-06-25T17:53:20.478281+00:00,520,car,0.7361976504325867,12053,285.5093994140625,330.35870361328125,342.2401123046875,365.16351318359375
2026-06-25T18:03:20.871986+00:00,spot_7,Spot 7,Occupied,2026-06-25T17:50:21.132709+00:00,482,car,0.6226520538330078,17150,255.45806884765625,326.55657958984375,304.38555908203125,360.24530029296875
2026-06-25T18:03:20.871986+00:00,spot_8,Spot 8,Occupied,2026-06-25T17:53:20.478281+00:00,649,car,0.7364776134490967,960,207.30255126953125,322.751220703125,264.0806884765625,358.9710693359375
2026-06-25T18:03:20.871986+00:00,spot_9,Spot 9,Occupied,2026-06-25T18:03:20.871986+00:00,660,car,0.47224846482276917,480,157.7138671875,324.90484619140625,192.964111328125,351.96624755859375
2026-06-25T18:03:20.871986+00:00,spot_10,Spot 10,Occupied,2026-06-25T18:03:20.871986+00:00,650,car,0.565872073173523,960,126.80695343017578,321.11822509765625,174.4501953125,348.34149169921875
2026-06-25T18:03:20.871986+00:00,spot_11,Spot 11,Empty,2026-06-25T18:03:20.871986+00:00,,,,,,,,
2026-06-25T18:03:20.871986+00:00,spot_12,Spot 12,Occupied,2026-06-25T17:45:20.644494+00:00,516,truck,0.5744907855987549,12620,81.63792419433594,309.0088806152344,143.36712646484375,347.6035461425781
2026-06-25T18:03:20.871986+00:00,spot_13,Spot 13,Empty,2026-06-25T18:03:20.871986+00:00,,,,,,,,
2026-06-25T18:03:20.871986+00:00,spot_14,Spot 14,Empty,2026-06-25T18:00:28.629038+00:00,,,,,,,,
2026-06-25T18:03:20.871986+00:00,spot_15,Spot 15,Empty,2026-06-25T17:58:22.292137+00:00,,,,,,,,
2026-06-25T18:03:20.871986+00:00,spot_16,Spot 16,Empty,2026-06-25T18:03:20.871986+00:00,,,,,,,,
2026-06-25T18:03:20.871986+00:00,spot_17,Spot 17,Empty,2026-06-25T17:16:43.069687+00:00,,,,,,,,
2026-06-25T18:04:41.507107+00:00,spot_1,Spot 1,Occupied,2026-06-25T18:04:41.507107+00:00,668,bus,0.8316658735275269,0,562.552490234375,287.13812255859375,610.740966796875,368.09466552734375
2026-06-25T18:04:41.507107+00:00,spot_2,Spot 2,Occupied,2026-06-25T18:04:41.507107+00:00,669,bus,0.46333757042884827,0,507.5947265625,289.20123291015625,547.3555908203125,367.6932373046875
2026-06-25T18:04:41.507107+00:00,spot_3,Spot 3,Occupied,2026-06-25T18:02:22.959631+00:00,484,car,0.8143619298934937,16696,442.1988830566406,327.236572265625,489.5165710449219,370.64349365234375
2026-06-25T18:04:41.507107+00:00,spot_4,Spot 4,Occupied,2026-06-25T18:04:41.507107+00:00,638,truck,0.7567715048789978,1344,387.46612548828125,323.35498046875,442.1263427734375,365.736328125
2026-06-25T18:04:41.507107+00:00,spot_5,Spot 5,Occupied,2026-06-25T17:33:42.255410+00:00,485,car,0.6398991346359253,16644,335.435791015625,329.17205810546875,388.32135009765625,368.29449462890625
2026-06-25T18:04:41.507107+00:00,spot_6,Spot 6,Occupied,2026-06-25T17:53:20.478281+00:00,520,car,0.6783400177955627,12138,285.80841064453125,330.076171875,341.76568603515625,364.9329833984375
2026-06-25T18:04:41.507107+00:00,spot_7,Spot 7,Occupied,2026-06-25T17:50:21.132709+00:00,482,car,0.6131463050842285,17236,255.55987548828125,327.01806640625,303.86590576171875,360.3546142578125
2026-06-25T18:04:41.507107+00:00,spot_8,Spot 8,Occupied,2026-06-25T17:53:20.478281+00:00,649,car,0.5798672437667847,1045,207.06454467773438,322.2632141113281,264.86700439453125,358.8548889160156
2026-06-25T18:04:41.507107+00:00,spot_9,Spot 9,Occupied,2026-06-25T18:03:20.871986+00:00,660,car,0.4153262674808502,566,157.81765747070312,324.4876708984375,192.98056030273438,351.537109375
2026-06-25T18:04:41.507107+00:00,spot_10,Spot 10,Occupied,2026-06-25T18:03:20.871986+00:00,650,car,0.5428150296211243,1045,126.9139404296875,321.36083984375,172.30972290039062,348.4053955078125
2026-06-25T18:04:41.507107+00:00,spot_11,Spot 11,Empty,2026-06-25T18:03:20.871986+00:00,,,,,,,,
2026-06-25T18:04:41.507107+00:00,spot_12,Spot 12,Occupied,2026-06-25T17:45:20.644494+00:00,516,truck,0.5773473978042603,12705,79.31744384765625,308.9549560546875,143.6692657470703,347.55072021484375
2026-06-25T18:04:41.507107+00:00,spot_13,Spot 13,Empty,2026-06-25T18:03:20.871986+00:00,,,,,,,,
2026-06-25T18:04:41.507107+00:00,spot_14,Spot 14,Empty,2026-06-25T18:00:28.629038+00:00,,,,,,,,
2026-06-25T18:04:41.507107+00:00,spot_15,Spot 15,Occupied,2026-06-25T18:04:41.507107+00:00,651,truck,0.4872238039970398,1045,31.081514358520508,315.3525085449219,59.253326416015625,334.8582458496094
2026-06-25T18:04:41.507107+00:00,spot_16,Spot 16,Empty,2026-06-25T18:03:20.871986+00:00,,,,,,,,
2026-06-25T18:04:41.507107+00:00,spot_17,Spot 17,Empty,2026-06-25T17:16:43.069687+00:00,,,,,,,,
2026-06-25T18:05:47.180074+00:00,spot_1,Spot 1,Occupied,2026-06-25T18:05:47.180074+00:00,663,truck,0.48632746934890747,385,566.33935546875,314.8628234863281,610.65087890625,368.3734436035156
2026-06-25T18:05:47.180074+00:00,spot_2,Spot 2,Occupied,2026-06-25T18:04:41.507107+00:00,669,bus,0.62245774269104,60,507.3003234863281,297.64447021484375,548.28271484375,368.005615234375
2026-06-25T18:05:47.180074+00:00,spot_3,Spot 3,Occupied,2026-06-25T18:02:22.959631+00:00,484,car,0.7328813076019287,16757,442.05462646484375,327.53973388671875,489.41326904296875,370.23199462890625
2026-06-25T18:05:47.180074+00:00,spot_4,Spot 4,Occupied,2026-06-25T18:04:41.507107+00:00,638,truck,0.637964129447937,1405,387.5633544921875,302.8251037597656,442.64501953125,365.8294372558594
2026-06-25T18:05:47.180074+00:00,spot_5,Spot 5,Occupied,2026-06-25T17:33:42.255410+00:00,485,car,0.6511354446411133,16705,335.2568664550781,329.7181396484375,387.7691955566406,368.099365234375
2026-06-25T18:05:47.180074+00:00,spot_6,Spot 6,Occupied,2026-06-25T17:53:20.478281+00:00,520,car,0.6810885071754456,12199,285.1864929199219,330.16552734375,340.0589294433594,365.08123779296875
2026-06-25T18:05:47.180074+00:00,spot_7,Spot 7,Occupied,2026-06-25T17:50:21.132709+00:00,482,car,0.524967610836029,17297,255.45196533203125,326.88177490234375,303.8092041015625,359.73016357421875
2026-06-25T18:05:47.180074+00:00,spot_8,Spot 8,Occupied,2026-06-25T17:53:20.478281+00:00,649,car,0.5733399391174316,1106,208.02774047851562,322.36260986328125,264.73638916015625,359.07879638671875
2026-06-25T18:05:47.180074+00:00,spot_9,Spot 9,Occupied,2026-06-25T18:03:20.871986+00:00,660,car,0.45352986454963684,627,154.983642578125,324.263427734375,191.20236206054688,351.65087890625
2026-06-25T18:05:47.180074+00:00,spot_10,Spot 10,Occupied,2026-06-25T18:03:20.871986+00:00,650,car,0.49198484420776367,1106,125.84591674804688,321.6895751953125,177.3399658203125,348.275146484375
2026-06-25T18:05:47.180074+00:00,spot_11,Spot 11,Empty,2026-06-25T18:03:20.871986+00:00,,,,,,,,
2026-06-25T18:05:47.180074+00:00,spot_12,Spot 12,Occupied,2026-06-25T17:45:20.644494+00:00,516,truck,0.6997096538543701,12766,78.57536315917969,309.1871337890625,143.13038635253906,347.402099609375
2026-06-25T18:05:47.180074+00:00,spot_13,Spot 13,Empty,2026-06-25T18:03:20.871986+00:00,,,,,,,,
2026-06-25T18:05:47.180074+00:00,spot_14,Spot 14,Occupied,2026-06-25T18:05:47.180074+00:00,670,truck,0.3591560423374176,0,63.04087448120117,317.0787353515625,84.19841003417969,339.947265625
2026-06-25T18:05:47.180074+00:00,spot_15,Spot 15,Empty,2026-06-25T18:05:47.180074+00:00,,,,,,,,
2026-06-25T18:05:47.180074+00:00,spot_16,Spot 16,Empty,2026-06-25T18:03:20.871986+00:00,,,,,,,,
2026-06-25T18:05:47.180074+00:00,spot_17,Spot 17,Empty,2026-06-25T17:16:43.069687+00:00,,,,,,,,
2026-06-25T18:06:38.418739+00:00,spot_1,Spot 1,Occupied,2026-06-25T18:05:47.180074+00:00,663,truck,0.6443066000938416,436,567.233642578125,316.0516357421875,610.69921875,367.3372802734375
2026-06-25T18:06:38.418739+00:00,spot_2,Spot 2,Occupied,2026-06-25T18:06:38.418739+00:00,672,truck,0.4624690115451813,0,507.0008544921875,323.66949462890625,546.8392333984375,368.08929443359375
2026-06-25T18:06:38.418739+00:00,spot_3,Spot 3,Occupied,2026-06-25T18:02:22.959631+00:00,484,car,0.7801148295402527,16808,442.21484375,327.08892822265625,489.355224609375,370.23284912109375
2026-06-25T18:06:38.418739+00:00,spot_4,Spot 4,Occupied,2026-06-25T18:04:41.507107+00:00,638,truck,0.6585095524787903,1456,387.7947998046875,302.6573486328125,442.4119873046875,365.2154541015625
2026-06-25T18:06:38.418739+00:00,spot_5,Spot 5,Occupied,2026-06-25T17:33:42.255410+00:00,485,car,0.5572806596755981,16756,335.36090087890625,329.2362060546875,389.4290771484375,368.1474609375
2026-06-25T18:06:38.418739+00:00,spot_6,Spot 6,Occupied,2026-06-25T17:53:20.478281+00:00,520,car,0.5942047834396362,12250,285.2861633300781,330.0556335449219,337.3225402832031,365.1508483886719
2026-06-25T18:06:38.418739+00:00,spot_7,Spot 7,Occupied,2026-06-25T17:50:21.132709+00:00,482,car,0.6326864957809448,17348,255.41929626464844,327.00604248046875,303.420166015625,360.04156494140625
2026-06-25T18:06:38.418739+00:00,spot_8,Spot 8,Occupied,2026-06-25T17:53:20.478281+00:00,649,car,0.6645998358726501,1157,207.99661254882812,325.4571838378906,264.4822082519531,358.3673400878906
2026-06-25T18:06:38.418739+00:00,spot_9,Spot 9,Occupied,2026-06-25T18:06:38.418739+00:00,646,car,0.659440279006958,1276,188.4404296875,327.99139404296875,224.64450073242188,352.56231689453125
2026-06-25T18:06:38.418739+00:00,spot_10,Spot 10,Empty,2026-06-25T18:06:38.418739+00:00,,,,,,,,
2026-06-25T18:06:38.418739+00:00,spot_11,Spot 11,Empty,2026-06-25T18:03:20.871986+00:00,,,,,,,,
2026-06-25T18:06:38.418739+00:00,spot_12,Spot 12,Occupied,2026-06-25T17:45:20.644494+00:00,516,truck,0.7468295097351074,12817,79.23548889160156,309.0390625,142.84161376953125,347.64404296875
2026-06-25T18:06:38.418739+00:00,spot_13,Spot 13,Empty,2026-06-25T18:03:20.871986+00:00,,,,,,,,
2026-06-25T18:06:38.418739+00:00,spot_14,Spot 14,Empty,2026-06-25T18:06:38.418739+00:00,,,,,,,,
2026-06-25T18:06:38.418739+00:00,spot_15,Spot 15,Empty,2026-06-25T18:05:47.180074+00:00,,,,,,,,
2026-06-25T18:06:38.418739+00:00,spot_16,Spot 16,Occupied,2026-06-25T18:06:38.418739+00:00,651,truck,0.3515395522117615,1157,31.44692039489746,315.5913391113281,58.08594512939453,334.9640197753906
2026-06-25T18:06:38.418739+00:00,spot_17,Spot 17,Empty,2026-06-25T17:16:43.069687+00:00,,,,,,,,
2026-06-25T18:07:32.241252+00:00,spot_1,Spot 1,Occupied,2026-06-25T18:07:32.241252+00:00,673,car,0.635543942451477,0,566.6632080078125,316.1558532714844,610.5113525390625,368.1564025878906
2026-06-25T18:07:32.241252+00:00,spot_2,Spot 2,Occupied,2026-06-25T18:07:32.241252+00:00,669,bus,0.5529480576515198,166,507.3819580078125,296.0501708984375,547.7646484375,368.1180419921875
2026-06-25T18:07:32.241252+00:00,spot_3,Spot 3,Occupied,2026-06-25T18:02:22.959631+00:00,484,car,0.7868199944496155,16862,442.058349609375,327.6671142578125,489.0484619140625,371.6192626953125
2026-06-25T18:07:32.241252+00:00,spot_4,Spot 4,Empty,2026-06-25T18:07:32.241252+00:00,,,,,,,,
2026-06-25T18:07:32.241252+00:00,spot_5,Spot 5,Occupied,2026-06-25T17:33:42.255410+00:00,485,car,0.725348174571991,16810,335.4376220703125,329.5560302734375,389.410400390625,368.25634765625
2026-06-25T18:07:32.241252+00:00,spot_6,Spot 6,Occupied,2026-06-25T17:53:20.478281+00:00,520,car,0.7994224429130554,12305,285.22601318359375,330.2466735839844,340.46356201171875,365.5763854980469
2026-06-25T18:07:32.241252+00:00,spot_7,Spot 7,Occupied,2026-06-25T17:50:21.132709+00:00,482,car,0.7139807343482971,17402,255.4864044189453,326.6011962890625,303.71429443359375,359.7623291015625
2026-06-25T18:07:32.241252+00:00,spot_8,Spot 8,Occupied,2026-06-25T17:53:20.478281+00:00,649,car,0.7595658898353577,1212,207.83566284179688,325.5348815917969,265.1507568359375,359.0288391113281
2026-06-25T18:07:32.241252+00:00,spot_9,Spot 9,Occupied,2026-06-25T18:07:32.241252+00:00,660,car,0.4458659589290619,732,154.43466186523438,324.61859130859375,190.87460327148438,351.75909423828125
2026-06-25T18:07:32.241252+00:00,spot_10,Spot 10,Occupied,2026-06-25T18:07:32.241252+00:00,650,car,0.4023246765136719,1212,127.09309387207031,321.5869445800781,173.2476348876953,348.8917541503906
2026-06-25T18:07:32.241252+00:00,spot_11,Spot 11,Empty,2026-06-25T18:03:20.871986+00:00,,,,,,,,
2026-06-25T18:07:32.241252+00:00,spot_12,Spot 12,Occupied,2026-06-25T17:45:20.644494+00:00,516,truck,0.6985891461372375,12872,80.75965881347656,309.1570129394531,143.69642639160156,347.5852355957031
2026-06-25T18:07:32.241252+00:00,spot_13,Spot 13,Empty,2026-06-25T18:03:20.871986+00:00,,,,,,,,
2026-06-25T18:07:32.241252+00:00,spot_14,Spot 14,Empty,2026-06-25T18:06:38.418739+00:00,,,,,,,,
2026-06-25T18:07:32.241252+00:00,spot_15,Spot 15,Empty,2026-06-25T18:05:47.180074+00:00,,,,,,,,
2026-06-25T18:07:32.241252+00:00,spot_16,Spot 16,Occupied,2026-06-25T18:07:32.241252+00:00,675,car,0.3856859505176544,0,31.72284698486328,315.827880859375,58.01753234863281,334.8497314453125
2026-06-25T18:07:32.241252+00:00,spot_17,Spot 17,Occupied,2026-06-25T18:07:32.241252+00:00,674,car,0.399714857339859,0,21.15526580810547,314.7373046875,44.68278503417969,331.7315673828125
2026-06-25T18:08:23.061954+00:00,spot_1,Spot 1,Occupied,2026-06-25T18:08:23.061954+00:00,663,truck,0.5669731497764587,542,567.1048583984375,317.19818115234375,610.2415771484375,367.92327880859375
2026-06-25T18:08:23.061954+00:00,spot_2,Spot 2,Occupied,2026-06-25T18:08:23.061954+00:00,672,truck,0.39201945066452026,105,508.317626953125,293.97882080078125,548.9666748046875,367.67828369140625
2026-06-25T18:08:23.061954+00:00,spot_3,Spot 3,Occupied,2026-06-25T18:02:22.959631+00:00,484,car,0.7915398478507996,16913,442.0074768066406,327.16656494140625,488.6752014160156,370.96636962890625
2026-06-25T18:08:23.061954+00:00,spot_4,Spot 4,Occupied,2026-06-25T18:08:23.061954+00:00,638,truck,0.578370988368988,1561,387.9080810546875,323.05023193359375,442.19525146484375,366.0089111328125
2026-06-25T18:08:23.061954+00:00,spot_5,Spot 5,Occupied,2026-06-25T17:33:42.255410+00:00,485,car,0.6142064332962036,16861,335.2969970703125,329.6480712890625,387.815185546875,367.8851318359375
2026-06-25T18:08:23.061954+00:00,spot_6,Spot 6,Occupied,2026-06-25T17:53:20.478281+00:00,520,car,0.7211433053016663,12356,283.1683044433594,329.6662902832031,342.1050109863281,364.8687438964844
2026-06-25T18:08:23.061954+00:00,spot_7,Spot 7,Occupied,2026-06-25T17:50:21.132709+00:00,482,car,0.6730701327323914,17453,255.47256469726562,326.7906494140625,303.5118103027344,360.00408935546875
2026-06-25T18:08:23.061954+00:00,spot_8,Spot 8,Occupied,2026-06-25T17:53:20.478281+00:00,649,car,0.6013521552085876,1262,207.63946533203125,325.5160217285156,264.92132568359375,358.7857971191406
2026-06-25T18:08:23.061954+00:00,spot_9,Spot 9,Occupied,2026-06-25T18:07:32.241252+00:00,660,car,0.3742498457431793,783,157.33065795898438,325.0461730957031,190.40011596679688,351.7197570800781
2026-06-25T18:08:23.061954+00:00,spot_10,Spot 10,Occupied,2026-06-25T18:08:23.061954+00:00,646,car,0.6009810566902161,1381,187.7887420654297,327.55535888671875,224.11985778808594,352.79595947265625
2026-06-25T18:08:23.061954+00:00,spot_11,Spot 11,Empty,2026-06-25T18:03:20.871986+00:00,,,,,,,,
2026-06-25T18:08:23.061954+00:00,spot_12,Spot 12,Occupied,2026-06-25T17:45:20.644494+00:00,516,truck,0.6745887398719788,12923,78.57649230957031,308.612548828125,143.36680603027344,347.4171142578125
2026-06-25T18:08:23.061954+00:00,spot_13,Spot 13,Empty,2026-06-25T18:03:20.871986+00:00,,,,,,,,
2026-06-25T18:08:23.061954+00:00,spot_14,Spot 14,Empty,2026-06-25T18:06:38.418739+00:00,,,,,,,,
2026-06-25T18:08:23.061954+00:00,spot_15,Spot 15,Empty,2026-06-25T18:05:47.180074+00:00,,,,,,,,
2026-06-25T18:08:23.061954+00:00,spot_16,Spot 16,Occupied,2026-06-25T18:08:23.061954+00:00,651,truck,0.41902026534080505,1262,22.90735626220703,315.07244873046875,57.112464904785156,334.88836669921875
2026-06-25T18:08:23.061954+00:00,spot_17,Spot 17,Empty,2026-06-25T18:08:23.061954+00:00,,,,,,,,
2026-06-25T18:09:22.680101+00:00,spot_1,Spot 1,Occupied,2026-06-25T18:08:23.061954+00:00,663,truck,0.3817148506641388,601,567.4044189453125,315.6910400390625,610.2047119140625,367.9697265625
2026-06-25T18:09:22.680101+00:00,spot_2,Spot 2,Occupied,2026-06-25T18:09:22.680101+00:00,671,car,0.6962153315544128,164,507.91265869140625,326.190673828125,546.8634643554688,367.89697265625
2026-06-25T18:09:22.680101+00:00,spot_3,Spot 3,Occupied,2026-06-25T18:02:22.959631+00:00,484,car,0.8571640849113464,16972,441.6208801269531,327.23419189453125,489.8747863769531,369.88092041015625
2026-06-25T18:09:22.680101+00:00,spot_4,Spot 4,Occupied,2026-06-25T18:08:23.061954+00:00,638,truck,0.4764661490917206,1620,386.1614990234375,302.9320373535156,442.7210693359375,366.6650085449219
2026-06-25T18:09:22.680101+00:00,spot_5,Spot 5,Occupied,2026-06-25T17:33:42.255410+00:00,485,car,0.7003757357597351,16920,335.52777099609375,329.32550048828125,386.41644287109375,368.1002197265625
2026-06-25T18:09:22.680101+00:00,spot_6,Spot 6,Occupied,2026-06-25T17:53:20.478281+00:00,520,car,0.8072399497032166,12415,285.215576171875,330.23333740234375,342.2874755859375,364.77325439453125
2026-06-25T18:09:22.680101+00:00,spot_7,Spot 7,Occupied,2026-06-25T17:50:21.132709+00:00,482,car,0.8164881467819214,17512,255.4521942138672,326.81549072265625,303.76324462890625,360.2833251953125
2026-06-25T18:09:22.680101+00:00,spot_8,Spot 8,Occupied,2026-06-25T17:53:20.478281+00:00,649,car,0.7886102199554443,1322,207.074951171875,325.7542724609375,263.851318359375,358.3800048828125
2026-06-25T18:09:22.680101+00:00,spot_9,Spot 9,Occupied,2026-06-25T18:09:22.680101+00:00,646,car,0.6092746257781982,1440,187.9528045654297,327.3860778808594,222.3175811767578,352.7408142089844
2026-06-25T18:09:22.680101+00:00,spot_10,Spot 10,Empty,2026-06-25T18:09:22.680101+00:00,,,,,,,,
2026-06-25T18:09:22.680101+00:00,spot_11,Spot 11,Occupied,2026-06-25T18:09:22.680101+00:00,650,car,0.35504406690597534,1322,126.49421691894531,323.91326904296875,160.4609832763672,348.60540771484375
2026-06-25T18:09:22.680101+00:00,spot_12,Spot 12,Occupied,2026-06-25T17:45:20.644494+00:00,516,truck,0.692776620388031,12982,80.08631896972656,308.78179931640625,142.7957305908203,347.42645263671875
2026-06-25T18:09:22.680101+00:00,spot_13,Spot 13,Empty,2026-06-25T18:03:20.871986+00:00,,,,,,,,
2026-06-25T18:09:22.680101+00:00,spot_14,Spot 14,Occupied,2026-06-25T18:09:22.680101+00:00,676,truck,0.48889344930648804,0,53.72214889526367,316.3741455078125,84.89530944824219,339.4132080078125
2026-06-25T18:09:22.680101+00:00,spot_15,Spot 15,Empty,2026-06-25T18:05:47.180074+00:00,,,,,,,,
2026-06-25T18:09:22.680101+00:00,spot_16,Spot 16,Empty,2026-06-25T18:09:22.680101+00:00,,,,,,,,
2026-06-25T18:09:22.680101+00:00,spot_17,Spot 17,Empty,2026-06-25T18:08:23.061954+00:00,,,,,,,,
2026-06-25T18:10:23.771753+00:00,spot_1,Spot 1,Occupied,2026-06-25T18:08:23.061954+00:00,663,truck,0.4376160204410553,662,566.928955078125,315.82275390625,610.429931640625,367.84405517578125
2026-06-25T18:10:23.771753+00:00,spot_2,Spot 2,Empty,2026-06-25T18:10:23.771753+00:00,,,,,,,,
2026-06-25T18:10:23.771753+00:00,spot_3,Spot 3,Occupied,2026-06-25T18:02:22.959631+00:00,484,car,0.8592891693115234,17034,442.4261474609375,327.69720458984375,489.07696533203125,371.03131103515625
2026-06-25T18:10:23.771753+00:00,spot_4,Spot 4,Occupied,2026-06-25T18:08:23.061954+00:00,638,truck,0.7146270275115967,1682,387.2801208496094,302.7581787109375,442.2328796386719,365.9813232421875
2026-06-25T18:10:23.771753+00:00,spot_5,Spot 5,Occupied,2026-06-25T17:33:42.255410+00:00,485,car,0.8016704320907593,16982,335.44329833984375,329.6741943359375,388.36663818359375,367.84747314453125
2026-06-25T18:10:23.771753+00:00,spot_6,Spot 6,Occupied,2026-06-25T17:53:20.478281+00:00,520,car,0.718561053276062,12476,282.734619140625,330.06280517578125,339.8408203125,364.89483642578125
2026-06-25T18:10:23.771753+00:00,spot_7,Spot 7,Occupied,2026-06-25T17:50:21.132709+00:00,482,car,0.8202149271965027,17574,255.50970458984375,327.0308837890625,303.95611572265625,360.089111328125
2026-06-25T18:10:23.771753+00:00,spot_8,Spot 8,Occupied,2026-06-25T17:53:20.478281+00:00,649,car,0.7969692349433899,1383,207.88107299804688,325.4668273925781,264.253173828125,358.7412414550781
2026-06-25T18:10:23.771753+00:00,spot_9,Spot 9,Occupied,2026-06-25T18:10:23.771753+00:00,660,car,0.363101065158844,904,154.9453125,324.34033203125,192.1170654296875,351.626708984375
2026-06-25T18:10:23.771753+00:00,spot_10,Spot 10,Occupied,2026-06-25T18:10:23.771753+00:00,646,car,0.7612706422805786,1502,187.809814453125,327.47088623046875,224.5731201171875,352.67364501953125
2026-06-25T18:10:23.771753+00:00,spot_11,Spot 11,Empty,2026-06-25T18:10:23.771753+00:00,,,,,,,,
2026-06-25T18:10:23.771753+00:00,spot_12,Spot 12,Occupied,2026-06-25T17:45:20.644494+00:00,516,truck,0.5873454809188843,13043,78.20851135253906,308.972412109375,142.4976806640625,347.53887939453125
2026-06-25T18:10:23.771753+00:00,spot_13,Spot 13,Empty,2026-06-25T18:03:20.871986+00:00,,,,,,,,
2026-06-25T18:10:23.771753+00:00,spot_14,Spot 14,Empty,2026-06-25T18:10:23.771753+00:00,,,,,,,,
2026-06-25T18:10:23.771753+00:00,spot_15,Spot 15,Empty,2026-06-25T18:05:47.180074+00:00,,,,,,,,
2026-06-25T18:10:23.771753+00:00,spot_16,Spot 16,Empty,2026-06-25T18:09:22.680101+00:00,,,,,,,,
2026-06-25T18:10:23.771753+00:00,spot_17,Spot 17,Empty,2026-06-25T18:08:23.061954+00:00,,,,,,,,
2026-06-25T18:11:22.061006+00:00,spot_1,Spot 1,Occupied,2026-06-25T18:08:23.061954+00:00,663,truck,0.40473440289497375,721,567.180419921875,316.0209045410156,610.357421875,368.0202331542969
2026-06-25T18:11:22.061006+00:00,spot_2,Spot 2,Empty,2026-06-25T18:10:23.771753+00:00,,,,,,,,
2026-06-25T18:11:22.061006+00:00,spot_3,Spot 3,Occupied,2026-06-25T18:02:22.959631+00:00,484,car,0.7746138572692871,17093,442.31451416015625,327.573974609375,489.02984619140625,370.66796875
2026-06-25T18:11:22.061006+00:00,spot_4,Spot 4,Occupied,2026-06-25T18:08:23.061954+00:00,638,truck,0.4421694874763489,1741,386.93060302734375,302.0963134765625,444.3385009765625,365.6728515625
2026-06-25T18:11:22.061006+00:00,spot_5,Spot 5,Occupied,2026-06-25T17:33:42.255410+00:00,485,car,0.5848832726478577,17041,335.15960693359375,329.86968994140625,388.65069580078125,367.96685791015625
2026-06-25T18:11:22.061006+00:00,spot_6,Spot 6,Occupied,2026-06-25T17:53:20.478281+00:00,520,car,0.781573474407196,12535,283.62750244140625,330.0685729980469,342.0208740234375,365.4100646972656
2026-06-25T18:11:22.061006+00:00,spot_7,Spot 7,Occupied,2026-06-25T17:50:21.132709+00:00,482,car,0.7516407370567322,17633,255.58050537109375,326.808349609375,304.64495849609375,360.0556640625
2026-06-25T18:11:22.061006+00:00,spot_8,Spot 8,Occupied,2026-06-25T17:53:20.478281+00:00,649,car,0.6436027884483337,1442,207.49942016601562,324.99310302734375,264.2527160644531,358.54180908203125
2026-06-25T18:11:22.061006+00:00,spot_9,Spot 9,Occupied,2026-06-25T18:11:22.061006+00:00,646,car,0.577947199344635,1561,187.64324951171875,327.5847473144531,223.66094970703125,353.0165100097656
2026-06-25T18:11:22.061006+00:00,spot_10,Spot 10,Occupied,2026-06-25T18:11:22.061006+00:00,650,car,0.48545268177986145,1442,126.51758575439453,321.63531494140625,176.180908203125,348.4580078125
2026-06-25T18:11:22.061006+00:00,spot_11,Spot 11,Empty,2026-06-25T18:10:23.771753+00:00,,,,,,,,
2026-06-25T18:11:22.061006+00:00,spot_12,Spot 12,Occupied,2026-06-25T18:11:22.061006+00:00,677,bus,0.4117630422115326,0,81.61872863769531,308.8914794921875,144.0480499267578,346.6025390625
2026-06-25T18:11:22.061006+00:00,spot_13,Spot 13,Empty,2026-06-25T18:03:20.871986+00:00,,,,,,,,
2026-06-25T18:11:22.061006+00:00,spot_14,Spot 14,Empty,2026-06-25T18:10:23.771753+00:00,,,,,,,,
2026-06-25T18:11:22.061006+00:00,spot_15,Spot 15,Empty,2026-06-25T18:05:47.180074+00:00,,,,,,,,
2026-06-25T18:11:22.061006+00:00,spot_16,Spot 16,Occupied,2026-06-25T18:11:22.061006+00:00,651,truck,0.3649769127368927,1442,31.11577606201172,315.7587890625,57.376953125,334.6170654296875
2026-06-25T18:11:22.061006+00:00,spot_17,Spot 17,Empty,2026-06-25T18:08:23.061954+00:00,,,,,,,,
2026-06-25T18:12:22.674470+00:00,spot_1,Spot 1,Occupied,2026-06-25T18:12:22.674470+00:00,678,truck,0.8716583251953125,0,407.523681640625,355.4531555175781,613.8447265625,440.8967590332031
2026-06-25T18:12:22.674470+00:00,spot_2,Spot 2,Empty,2026-06-25T18:10:23.771753+00:00,,,,,,,,
2026-06-25T18:12:22.674470+00:00,spot_3,Spot 3,Occupied,2026-06-25T18:02:22.959631+00:00,484,car,0.6991394758224487,17153,442.2803649902344,327.58251953125,487.9684143066406,369.399658203125
2026-06-25T18:12:22.674470+00:00,spot_4,Spot 4,Empty,2026-06-25T18:12:22.674470+00:00,,,,,,,,
2026-06-25T18:12:22.674470+00:00,spot_5,Spot 5,Occupied,2026-06-25T17:33:42.255410+00:00,485,car,0.6111850738525391,17101,335.002685546875,329.695068359375,388.770751953125,368.1610107421875
2026-06-25T18:12:22.674470+00:00,spot_6,Spot 6,Occupied,2026-06-25T17:53:20.478281+00:00,520,car,0.7055060863494873,12595,282.6629943847656,330.0362243652344,338.0144348144531,365.5746765136719
2026-06-25T18:12:22.674470+00:00,spot_7,Spot 7,Occupied,2026-06-25T17:50:21.132709+00:00,482,car,0.6827507615089417,17693,255.45556640625,326.96807861328125,303.83746337890625,360.25140380859375
2026-06-25T18:12:22.674470+00:00,spot_8,Spot 8,Occupied,2026-06-25T17:53:20.478281+00:00,649,car,0.7543575167655945,1502,207.66812133789062,325.65850830078125,264.9604797363281,358.38861083984375
2026-06-25T18:12:22.674470+00:00,spot_9,Spot 9,Occupied,2026-06-25T18:12:22.674470+00:00,660,car,0.36972013115882874,1023,153.45108032226562,324.6054382324219,194.06301879882812,351.6888122558594
2026-06-25T18:12:22.674470+00:00,spot_10,Spot 10,Occupied,2026-06-25T18:11:22.061006+00:00,650,car,0.43011462688446045,1502,126.27815246582031,320.7647705078125,172.0464324951172,348.69775390625
2026-06-25T18:12:22.674470+00:00,spot_11,Spot 11,Empty,2026-06-25T18:10:23.771753+00:00,,,,,,,,
2026-06-25T18:12:22.674470+00:00,spot_12,Spot 12,Occupied,2026-06-25T18:12:22.674470+00:00,516,truck,0.7104449272155762,13162,80.22215270996094,309.0460205078125,143.31568908691406,347.497314453125
2026-06-25T18:12:22.674470+00:00,spot_13,Spot 13,Empty,2026-06-25T18:03:20.871986+00:00,,,,,,,,
2026-06-25T18:12:22.674470+00:00,spot_14,Spot 14,Empty,2026-06-25T18:10:23.771753+00:00,,,,,,,,
2026-06-25T18:12:22.674470+00:00,spot_15,Spot 15,Empty,2026-06-25T18:05:47.180074+00:00,,,,,,,,
2026-06-25T18:12:22.674470+00:00,spot_16,Spot 16,Empty,2026-06-25T18:12:22.674470+00:00,,,,,,,,
2026-06-25T18:12:22.674470+00:00,spot_17,Spot 17,Empty,2026-06-25T18:08:23.061954+00:00,,,,,,,,
2026-06-25T18:13:23.388171+00:00,spot_1,Spot 1,Occupied,2026-06-25T18:13:23.388171+00:00,663,truck,0.37334129214286804,841,566.6411743164062,315.46417236328125,610.2693481445312,368.05511474609375
2026-06-25T18:13:23.388171+00:00,spot_2,Spot 2,Occupied,2026-06-25T18:13:23.388171+00:00,679,truck,0.4176378846168518,0,507.20318603515625,322.372314453125,547.5646362304688,367.788818359375
2026-06-25T18:13:23.388171+00:00,spot_3,Spot 3,Occupied,2026-06-25T18:02:22.959631+00:00,484,car,0.8607465028762817,17213,442.2950744628906,327.167236328125,488.2929382324219,370.7818603515625
2026-06-25T18:13:23.388171+00:00,spot_4,Spot 4,Occupied,2026-06-25T18:13:23.388171+00:00,638,truck,0.5602580308914185,1861,387.362060546875,302.2398681640625,442.4229736328125,366.038330078125
2026-06-25T18:13:23.388171+00:00,spot_5,Spot 5,Occupied,2026-06-25T17:33:42.255410+00:00,485,car,0.8011859655380249,17161,335.3125915527344,328.79705810546875,389.4134216308594,368.40570068359375
2026-06-25T18:13:23.388171+00:00,spot_6,Spot 6,Occupied,2026-06-25T17:53:20.478281+00:00,520,car,0.7821300625801086,12655,283.25152587890625,330.468505859375,340.51739501953125,365.0560302734375
2026-06-25T18:13:23.388171+00:00,spot_7,Spot 7,Occupied,2026-06-25T17:50:21.132709+00:00,482,car,0.752395510673523,17753,255.58917236328125,326.738525390625,303.65081787109375,358.53631591796875
2026-06-25T18:13:23.388171+00:00,spot_8,Spot 8,Occupied,2026-06-25T17:53:20.478281+00:00,649,car,0.7722123861312866,1562,207.99639892578125,325.41522216796875,264.0759582519531,358.76556396484375
2026-06-25T18:13:23.388171+00:00,spot_9,Spot 9,Occupied,2026-06-25T18:12:22.674470+00:00,660,car,0.49896952509880066,1083,153.71575927734375,324.5889892578125,190.74383544921875,351.8411865234375
2026-06-25T18:13:23.388171+00:00,spot_10,Spot 10,Occupied,2026-06-25T18:11:22.061006+00:00,650,car,0.6832504868507385,1562,127.34993743896484,321.44384765625,175.31417846679688,348.3421630859375
2026-06-25T18:13:23.388171+00:00,spot_11,Spot 11,Empty,2026-06-25T18:10:23.771753+00:00,,,,,,,,
2026-06-25T18:13:23.388171+00:00,spot_12,Spot 12,Occupied,2026-06-25T18:12:22.674470+00:00,516,truck,0.5713948011398315,13222,78.21104431152344,308.99530029296875,142.88998413085938,347.43267822265625
2026-06-25T18:13:23.388171+00:00,spot_13,Spot 13,Empty,2026-06-25T18:03:20.871986+00:00,,,,,,,,
2026-06-25T18:13:23.388171+00:00,spot_14,Spot 14,Empty,2026-06-25T18:10:23.771753+00:00,,,,,,,,
2026-06-25T18:13:23.388171+00:00,spot_15,Spot 15,Empty,2026-06-25T18:05:47.180074+00:00,,,,,,,,
2026-06-25T18:13:23.388171+00:00,spot_16,Spot 16,Empty,2026-06-25T18:12:22.674470+00:00,,,,,,,,
2026-06-25T18:13:23.388171+00:00,spot_17,Spot 17,Empty,2026-06-25T18:08:23.061954+00:00,,,,,,,,
2026-06-25T18:14:23.437221+00:00,spot_1,Spot 1,Occupied,2026-06-25T18:13:23.388171+00:00,663,truck,0.4060061275959015,902,566.8251953125,315.2359924316406,611.0445556640625,368.0998229980469
2026-06-25T18:14:23.437221+00:00,spot_2,Spot 2,Occupied,2026-06-25T18:14:23.437221+00:00,680,bus,0.45718809962272644,0,507.2495422363281,292.9307861328125,547.362060546875,367.205322265625
2026-06-25T18:14:23.437221+00:00,spot_3,Spot 3,Occupied,2026-06-25T18:02:22.959631+00:00,484,car,0.8191245794296265,17273,442.3798522949219,327.3990478515625,487.6933898925781,370.271728515625
2026-06-25T18:14:23.437221+00:00,spot_4,Spot 4,Occupied,2026-06-25T18:13:23.388171+00:00,638,truck,0.58669513463974,1921,387.2179870605469,322.842041015625,441.5345153808594,365.9085693359375
2026-06-25T18:14:23.437221+00:00,spot_5,Spot 5,Occupied,2026-06-25T17:33:42.255410+00:00,485,car,0.6252155303955078,17221,335.11761474609375,328.908203125,385.76287841796875,368.166259765625
2026-06-25T18:14:23.437221+00:00,spot_6,Spot 6,Occupied,2026-06-25T17:53:20.478281+00:00,520,car,0.7611989974975586,12716,283.9709167480469,330.1098327636719,337.2348937988281,365.0132751464844
2026-06-25T18:14:23.437221+00:00,spot_7,Spot 7,Occupied,2026-06-25T17:50:21.132709+00:00,482,car,0.7112683653831482,17813,255.53631591796875,327.10919189453125,303.296630859375,360.40069580078125
2026-06-25T18:14:23.437221+00:00,spot_8,Spot 8,Occupied,2026-06-25T17:53:20.478281+00:00,649,car,0.639911413192749,1622,207.63232421875,324.5198974609375,264.5400390625,358.644775390625
2026-06-25T18:14:23.437221+00:00,spot_9,Spot 9,Occupied,2026-06-25T18:14:23.437221+00:00,646,car,0.7027408480644226,1741,187.76712036132812,327.42120361328125,224.07028198242188,352.78179931640625
2026-06-25T18:14:23.437221+00:00,spot_10,Spot 10,Occupied,2026-06-25T18:11:22.061006+00:00,650,car,0.42199885845184326,1622,127.5834732055664,321.0169372558594,175.15481567382812,349.2233581542969
2026-06-25T18:14:23.437221+00:00,spot_11,Spot 11,Empty,2026-06-25T18:10:23.771753+00:00,,,,,,,,
2026-06-25T18:14:23.437221+00:00,spot_12,Spot 12,Occupied,2026-06-25T18:12:22.674470+00:00,516,truck,0.6729136109352112,13283,80.09608459472656,309.10009765625,143.2816619873047,347.436279296875
2026-06-25T18:14:23.437221+00:00,spot_13,Spot 13,Empty,2026-06-25T18:03:20.871986+00:00,,,,,,,,
2026-06-25T18:14:23.437221+00:00,spot_14,Spot 14,Empty,2026-06-25T18:10:23.771753+00:00,,,,,,,,
2026-06-25T18:14:23.437221+00:00,spot_15,Spot 15,Empty,2026-06-25T18:05:47.180074+00:00,,,,,,,,
2026-06-25T18:14:23.437221+00:00,spot_16,Spot 16,Empty,2026-06-25T18:12:22.674470+00:00,,,,,,,,
2026-06-25T18:14:23.437221+00:00,spot_17,Spot 17,Empty,2026-06-25T18:08:23.061954+00:00,,,,,,,,
2026-06-25T18:15:21.907794+00:00,spot_1,Spot 1,Occupied,2026-06-25T18:15:21.907794+00:00,681,bus,0.586406946182251,0,565.2396240234375,286.48663330078125,610.6624755859375,368.54425048828125
2026-06-25T18:15:21.907794+00:00,spot_2,Spot 2,Occupied,2026-06-25T18:15:21.907794+00:00,679,truck,0.5878134965896606,118,507.3451232910156,323.76629638671875,545.8560791015625,366.31622314453125
2026-06-25T18:15:21.907794+00:00,spot_3,Spot 3,Occupied,2026-06-25T18:02:22.959631+00:00,484,car,0.7288544178009033,17331,442.31610107421875,327.6602783203125,487.29754638671875,370.1395263671875
2026-06-25T18:15:21.907794+00:00,spot_4,Spot 4,Occupied,2026-06-25T18:13:23.388171+00:00,638,truck,0.4278138279914856,1979,387.15509033203125,323.609375,434.34149169921875,365.4927978515625
2026-06-25T18:15:21.907794+00:00,spot_5,Spot 5,Occupied,2026-06-25T17:33:42.255410+00:00,485,car,0.6506849527359009,17279,335.33905029296875,329.11505126953125,386.17120361328125,367.65362548828125
2026-06-25T18:15:21.907794+00:00,spot_6,Spot 6,Occupied,2026-06-25T17:53:20.478281+00:00,520,car,0.7725728750228882,12773,284.09759521484375,330.41900634765625,339.55963134765625,365.30023193359375
2026-06-25T18:15:21.907794+00:00,spot_7,Spot 7,Occupied,2026-06-25T17:50:21.132709+00:00,482,car,0.734767735004425,17871,255.4250946044922,326.93878173828125,303.34649658203125,360.14349365234375
2026-06-25T18:15:21.907794+00:00,spot_8,Spot 8,Occupied,2026-06-25T17:53:20.478281+00:00,649,car,0.7858416438102722,1680,206.87896728515625,325.63262939453125,264.13568115234375,358.58575439453125
2026-06-25T18:15:21.907794+00:00,spot_9,Spot 9,Occupied,2026-06-25T18:15:21.907794+00:00,660,car,0.5285329222679138,1201,157.31918334960938,324.94464111328125,193.13717651367188,351.99420166015625
2026-06-25T18:15:21.907794+00:00,spot_10,Spot 10,Occupied,2026-06-25T18:11:22.061006+00:00,650,car,0.6578871011734009,1680,127.17420959472656,321.8107604980469,175.00111389160156,348.8294982910156
2026-06-25T18:15:21.907794+00:00,spot_11,Spot 11,Empty,2026-06-25T18:10:23.771753+00:00,,,,,,,,
2026-06-25T18:15:21.907794+00:00,spot_12,Spot 12,Occupied,2026-06-25T18:12:22.674470+00:00,516,truck,0.7337794899940491,13340,79.82720947265625,308.80609130859375,143.8764190673828,347.40313720703125
2026-06-25T18:15:21.907794+00:00,spot_13,Spot 13,Empty,2026-06-25T18:03:20.871986+00:00,,,,,,,,
2026-06-25T18:15:21.907794+00:00,spot_14,Spot 14,Occupied,2026-06-25T18:15:21.907794+00:00,685,truck,0.35122478008270264,0,62.17225646972656,316.8601989746094,84.48147583007812,340.0388488769531
2026-06-25T18:15:21.907794+00:00,spot_15,Spot 15,Occupied,2026-06-25T18:15:21.907794+00:00,682,car,0.5858522057533264,0,30.00109100341797,315.78326416015625,63.318748474121094,334.63616943359375
2026-06-25T18:15:21.907794+00:00,spot_16,Spot 16,Occupied,2026-06-25T18:15:21.907794+00:00,684,car,0.3734225034713745,0,23.50078010559082,314.66021728515625,48.53511047363281,330.82598876953125
2026-06-25T18:15:21.907794+00:00,spot_17,Spot 17,Empty,2026-06-25T18:08:23.061954+00:00,,,,,,,,
2026-06-25T18:16:23.283316+00:00,spot_1,Spot 1,Occupied,2026-06-25T18:15:21.907794+00:00,681,bus,0.586406946182251,61,565.2396240234375,286.48663330078125,610.6624755859375,368.54425048828125
2026-06-25T18:16:23.283316+00:00,spot_2,Spot 2,Occupied,2026-06-25T18:15:21.907794+00:00,679,truck,0.5878134965896606,179,507.3451232910156,323.76629638671875,545.8560791015625,366.31622314453125
2026-06-25T18:16:23.283316+00:00,spot_3,Spot 3,Occupied,2026-06-25T18:02:22.959631+00:00,484,car,0.7288544178009033,17393,442.31610107421875,327.6602783203125,487.29754638671875,370.1395263671875
2026-06-25T18:16:23.283316+00:00,spot_4,Spot 4,Occupied,2026-06-25T18:13:23.388171+00:00,638,truck,0.4278138279914856,2041,387.15509033203125,323.609375,434.34149169921875,365.4927978515625
2026-06-25T18:16:23.283316+00:00,spot_5,Spot 5,Occupied,2026-06-25T17:33:42.255410+00:00,485,car,0.6506849527359009,17340,335.33905029296875,329.11505126953125,386.17120361328125,367.65362548828125
2026-06-25T18:16:23.283316+00:00,spot_6,Spot 6,Occupied,2026-06-25T17:53:20.478281+00:00,520,car,0.7725728750228882,12835,284.09759521484375,330.41900634765625,339.55963134765625,365.30023193359375
2026-06-25T18:16:23.283316+00:00,spot_7,Spot 7,Occupied,2026-06-25T17:50:21.132709+00:00,482,car,0.734767735004425,17932,255.4250946044922,326.93878173828125,303.34649658203125,360.14349365234375
2026-06-25T18:16:23.283316+00:00,spot_8,Spot 8,Occupied,2026-06-25T17:53:20.478281+00:00,649,car,0.7858416438102722,1742,206.87896728515625,325.63262939453125,264.13568115234375,358.58575439453125
2026-06-25T18:16:23.283316+00:00,spot_9,Spot 9,Occupied,2026-06-25T18:15:21.907794+00:00,660,car,0.5285329222679138,1262,157.31918334960938,324.94464111328125,193.13717651367188,351.99420166015625
2026-06-25T18:16:23.283316+00:00,spot_10,Spot 10,Occupied,2026-06-25T18:11:22.061006+00:00,650,car,0.6578871011734009,1742,127.17420959472656,321.8107604980469,175.00111389160156,348.8294982910156
2026-06-25T18:16:23.283316+00:00,spot_11,Spot 11,Empty,2026-06-25T18:10:23.771753+00:00,,,,,,,,
2026-06-25T18:16:23.283316+00:00,spot_12,Spot 12,Occupied,2026-06-25T18:12:22.674470+00:00,516,truck,0.7337794899940491,13402,79.82720947265625,308.80609130859375,143.8764190673828,347.40313720703125
2026-06-25T18:16:23.283316+00:00,spot_13,Spot 13,Empty,2026-06-25T18:03:20.871986+00:00,,,,,,,,
2026-06-25T18:16:23.283316+00:00,spot_14,Spot 14,Occupied,2026-06-25T18:15:21.907794+00:00,685,truck,0.35122478008270264,61,62.17225646972656,316.8601989746094,84.48147583007812,340.0388488769531
2026-06-25T18:16:23.283316+00:00,spot_15,Spot 15,Occupied,2026-06-25T18:15:21.907794+00:00,682,car,0.5858522057533264,61,30.00109100341797,315.78326416015625,63.318748474121094,334.63616943359375
2026-06-25T18:16:23.283316+00:00,spot_16,Spot 16,Occupied,2026-06-25T18:15:21.907794+00:00,684,car,0.3734225034713745,61,23.50078010559082,314.66021728515625,48.53511047363281,330.82598876953125
2026-06-25T18:16:23.283316+00:00,spot_17,Spot 17,Empty,2026-06-25T18:08:23.061954+00:00,,,,,,,,
2026-06-25T18:17:22.644612+00:00,spot_1,Spot 1,Occupied,2026-06-25T18:15:21.907794+00:00,681,bus,0.6271050572395325,121,564.5021362304688,287.05145263671875,610.8992309570312,368.26318359375
2026-06-25T18:17:22.644612+00:00,spot_2,Spot 2,Occupied,2026-06-25T18:15:21.907794+00:00,679,truck,0.5388659238815308,239,507.00537109375,322.5741271972656,547.0672607421875,367.9867858886719
2026-06-25T18:17:22.644612+00:00,spot_3,Spot 3,Occupied,2026-06-25T18:02:22.959631+00:00,484,car,0.7465649247169495,17452,442.05950927734375,327.35009765625,488.99041748046875,370.7642822265625
2026-06-25T18:17:22.644612+00:00,spot_4,Spot 4,Occupied,2026-06-25T18:13:23.388171+00:00,638,truck,0.4759892523288727,2101,386.8270263671875,323.30438232421875,441.8822021484375,365.23358154296875
2026-06-25T18:17:22.644612+00:00,spot_5,Spot 5,Occupied,2026-06-25T17:33:42.255410+00:00,485,car,0.7659223079681396,17400,335.22705078125,329.19659423828125,386.6656494140625,367.65814208984375
2026-06-25T18:17:22.644612+00:00,spot_6,Spot 6,Occupied,2026-06-25T17:53:20.478281+00:00,520,car,0.7990716099739075,12895,284.0826416015625,330.4527587890625,337.6004638671875,364.6541748046875
2026-06-25T18:17:22.644612+00:00,spot_7,Spot 7,Occupied,2026-06-25T17:50:21.132709+00:00,482,car,0.5784544944763184,17992,255.37474060058594,326.98016357421875,304.021240234375,359.95660400390625
2026-06-25T18:17:22.644612+00:00,spot_8,Spot 8,Occupied,2026-06-25T17:53:20.478281+00:00,649,car,0.6589539647102356,1802,207.71041870117188,325.4884948730469,264.59100341796875,358.4038391113281
2026-06-25T18:17:22.644612+00:00,spot_9,Spot 9,Occupied,2026-06-25T18:17:22.644612+00:00,646,car,0.45617929100990295,1921,187.58175659179688,327.3846740722656,216.02713012695312,352.7579650878906
2026-06-25T18:17:22.644612+00:00,spot_10,Spot 10,Occupied,2026-06-25T18:11:22.061006+00:00,650,car,0.47115883231163025,1802,126.9947280883789,321.64306640625,175.18240356445312,348.430908203125
2026-06-25T18:17:22.644612+00:00,spot_11,Spot 11,Empty,2026-06-25T18:10:23.771753+00:00,,,,,,,,
2026-06-25T18:17:22.644612+00:00,spot_12,Spot 12,Occupied,2026-06-25T18:12:22.674470+00:00,516,truck,0.6048197746276855,13462,83.36070251464844,309.1083984375,141.46446228027344,347.6024169921875
2026-06-25T18:17:22.644612+00:00,spot_13,Spot 13,Empty,2026-06-25T18:03:20.871986+00:00,,,,,,,,
2026-06-25T18:17:22.644612+00:00,spot_14,Spot 14,Occupied,2026-06-25T18:15:21.907794+00:00,685,truck,0.4095858335494995,121,56.15635681152344,317.56903076171875,85.09437561035156,340.097412109375
2026-06-25T18:17:22.644612+00:00,spot_15,Spot 15,Occupied,2026-06-25T18:17:22.644612+00:00,686,truck,0.4907141923904419,0,31.300472259521484,315.57562255859375,63.01290512084961,334.71075439453125
2026-06-25T18:17:22.644612+00:00,spot_16,Spot 16,Empty,2026-06-25T18:17:22.644612+00:00,,,,,,,,
2026-06-25T18:17:22.644612+00:00,spot_17,Spot 17,Empty,2026-06-25T18:08:23.061954+00:00,,,,,,,,
2026-06-25T18:18:40.882228+00:00,spot_1,Spot 1,Occupied,2026-06-25T18:18:40.882228+00:00,687,truck,0.41903817653656006,0,566.5390014648438,315.75640869140625,610.3684692382812,368.21453857421875
2026-06-25T18:18:40.882228+00:00,spot_2,Spot 2,Occupied,2026-06-25T18:18:40.882228+00:00,689,bus,0.3925412595272064,0,507.3878173828125,300.74896240234375,548.3890380859375,366.16729736328125
2026-06-25T18:18:40.882228+00:00,spot_3,Spot 3,Occupied,2026-06-25T18:02:22.959631+00:00,484,car,0.8261666893959045,17532,442.44317626953125,327.238037109375,488.55633544921875,370.31707763671875
2026-06-25T18:18:40.882228+00:00,spot_4,Spot 4,Occupied,2026-06-25T18:18:40.882228+00:00,688,car,0.39790666103363037,0,387.7924499511719,324.36749267578125,441.5717468261719,366.12408447265625
2026-06-25T18:18:40.882228+00:00,spot_5,Spot 5,Occupied,2026-06-25T17:33:42.255410+00:00,485,car,0.7167916297912598,17480,335.0968017578125,329.335693359375,387.40753173828125,367.921142578125
2026-06-25T18:18:40.882228+00:00,spot_6,Spot 6,Occupied,2026-06-25T17:53:20.478281+00:00,520,car,0.7328488230705261,12975,281.8699951171875,330.040771484375,342.1121826171875,364.749755859375
2026-06-25T18:18:40.882228+00:00,spot_7,Spot 7,Occupied,2026-06-25T17:50:21.132709+00:00,482,car,0.77553790807724,18072,255.53018188476562,326.69805908203125,303.6479187011719,359.49810791015625
2026-06-25T18:18:40.882228+00:00,spot_8,Spot 8,Occupied,2026-06-25T17:53:20.478281+00:00,649,car,0.7854135632514954,1881,207.23562622070312,325.12664794921875,264.2806091308594,358.587890625
2026-06-25T18:18:40.882228+00:00,spot_9,Spot 9,Occupied,2026-06-25T18:18:40.882228+00:00,660,car,0.42954036593437195,1402,156.61508178710938,325.0360107421875,192.70101928710938,351.75653076171875
2026-06-25T18:18:40.882228+00:00,spot_10,Spot 10,Occupied,2026-06-25T18:11:22.061006+00:00,650,car,0.5905820727348328,1881,126.02590942382812,321.1708984375,177.24490356445312,348.741455078125
2026-06-25T18:18:40.882228+00:00,spot_11,Spot 11,Empty,2026-06-25T18:10:23.771753+00:00,,,,,,,,
2026-06-25T18:18:40.882228+00:00,spot_12,Spot 12,Occupied,2026-06-25T18:12:22.674470+00:00,516,truck,0.5037049651145935,13542,94.45703125,309.17864990234375,142.93405151367188,347.29119873046875
2026-06-25T18:18:40.882228+00:00,spot_13,Spot 13,Empty,2026-06-25T18:03:20.871986+00:00,,,,,,,,
2026-06-25T18:18:40.882228+00:00,spot_14,Spot 14,Empty,2026-06-25T18:18:40.882228+00:00,,,,,,,,
2026-06-25T18:18:40.882228+00:00,spot_15,Spot 15,Occupied,2026-06-25T18:18:40.882228+00:00,682,car,0.6196405291557312,201,31.671842575073242,315.67181396484375,63.63153076171875,334.8236083984375
2026-06-25T18:18:40.882228+00:00,spot_16,Spot 16,Empty,2026-06-25T18:17:22.644612+00:00,,,,,,,,
2026-06-25T18:18:40.882228+00:00,spot_17,Spot 17,Empty,2026-06-25T18:08:23.061954+00:00,,,,,,,,
2026-06-25T18:19:34.777213+00:00,spot_1,Spot 1,Occupied,2026-06-25T18:18:40.882228+00:00,687,truck,0.7112472653388977,51,566.9558715820312,315.8818359375,610.4755249023438,367.9906005859375
2026-06-25T18:19:34.777213+00:00,spot_2,Spot 2,Occupied,2026-06-25T18:19:34.777213+00:00,679,truck,0.6369084119796753,371,507.46337890625,323.45440673828125,547.493896484375,367.16888427734375
2026-06-25T18:19:34.777213+00:00,spot_3,Spot 3,Occupied,2026-06-25T18:02:22.959631+00:00,484,car,0.8291741609573364,17584,442.2523193359375,327.52239990234375,488.57098388671875,370.519287109375
2026-06-25T18:19:34.777213+00:00,spot_4,Spot 4,Empty,2026-06-25T18:19:34.777213+00:00,,,,,,,,
2026-06-25T18:19:34.777213+00:00,spot_5,Spot 5,Occupied,2026-06-25T17:33:42.255410+00:00,485,car,0.7252426743507385,17532,334.8654479980469,329.2757873535156,387.8988342285156,367.9397888183594
2026-06-25T18:19:34.777213+00:00,spot_6,Spot 6,Occupied,2026-06-25T17:53:20.478281+00:00,520,car,0.8067439198493958,13026,283.0895080566406,329.96124267578125,341.9712219238281,365.15155029296875
2026-06-25T18:19:34.777213+00:00,spot_7,Spot 7,Occupied,2026-06-25T17:50:21.132709+00:00,482,car,0.5363690853118896,18124,255.336181640625,326.8955078125,303.6754150390625,359.95404052734375
2026-06-25T18:19:34.777213+00:00,spot_8,Spot 8,Occupied,2026-06-25T17:53:20.478281+00:00,649,car,0.5701478719711304,1933,207.6822509765625,324.2496337890625,264.3675842285156,358.13848876953125
2026-06-25T18:19:34.777213+00:00,spot_9,Spot 9,Occupied,2026-06-25T18:18:40.882228+00:00,660,car,0.375166654586792,1454,155.39810180664062,324.4343566894531,193.91796875,351.6236267089844
2026-06-25T18:19:34.777213+00:00,spot_10,Spot 10,Occupied,2026-06-25T18:11:22.061006+00:00,650,car,0.4629327356815338,1933,127.36986541748047,321.6734619140625,176.72772216796875,348.15411376953125
2026-06-25T18:19:34.777213+00:00,spot_11,Spot 11,Empty,2026-06-25T18:10:23.771753+00:00,,,,,,,,
2026-06-25T18:19:34.777213+00:00,spot_12,Spot 12,Occupied,2026-06-25T18:12:22.674470+00:00,516,truck,0.5608841180801392,13593,82.32876586914062,309.4468688964844,141.59616088867188,347.3668518066406
2026-06-25T18:19:34.777213+00:00,spot_13,Spot 13,Empty,2026-06-25T18:03:20.871986+00:00,,,,,,,,
2026-06-25T18:19:34.777213+00:00,spot_14,Spot 14,Empty,2026-06-25T18:18:40.882228+00:00,,,,,,,,
2026-06-25T18:19:34.777213+00:00,spot_15,Spot 15,Occupied,2026-06-25T18:18:40.882228+00:00,682,car,0.6961367130279541,253,30.694292068481445,315.9122314453125,64.49053955078125,334.7669677734375
2026-06-25T18:19:34.777213+00:00,spot_16,Spot 16,Empty,2026-06-25T18:17:22.644612+00:00,,,,,,,,
2026-06-25T18:19:34.777213+00:00,spot_17,Spot 17,Empty,2026-06-25T18:08:23.061954+00:00,,,,,,,,
2026-06-25T18:20:26.397510+00:00,spot_1,Spot 1,Occupied,2026-06-25T18:18:40.882228+00:00,687,truck,0.7112472653388977,105,566.9558715820312,315.8818359375,610.4755249023438,367.9906005859375
2026-06-25T18:20:26.397510+00:00,spot_2,Spot 2,Occupied,2026-06-25T18:19:34.777213+00:00,679,truck,0.6369084119796753,424,507.46337890625,323.45440673828125,547.493896484375,367.16888427734375
2026-06-25T18:20:26.397510+00:00,spot_3,Spot 3,Occupied,2026-06-25T18:02:22.959631+00:00,484,car,0.8291741609573364,17637,442.2523193359375,327.52239990234375,488.57098388671875,370.519287109375
2026-06-25T18:20:26.397510+00:00,spot_4,Spot 4,Empty,2026-06-25T18:19:34.777213+00:00,,,,,,,,
2026-06-25T18:20:26.397510+00:00,spot_5,Spot 5,Occupied,2026-06-25T17:33:42.255410+00:00,485,car,0.7252426743507385,17585,334.8654479980469,329.2757873535156,387.8988342285156,367.9397888183594
2026-06-25T18:20:26.397510+00:00,spot_6,Spot 6,Occupied,2026-06-25T17:53:20.478281+00:00,520,car,0.8067439198493958,13080,283.0895080566406,329.96124267578125,341.9712219238281,365.15155029296875
2026-06-25T18:20:26.397510+00:00,spot_7,Spot 7,Occupied,2026-06-25T17:50:21.132709+00:00,482,car,0.5363690853118896,18177,255.336181640625,326.8955078125,303.6754150390625,359.95404052734375
2026-06-25T18:20:26.397510+00:00,spot_8,Spot 8,Occupied,2026-06-25T17:53:20.478281+00:00,649,car,0.5701478719711304,1987,207.6822509765625,324.2496337890625,264.3675842285156,358.13848876953125
2026-06-25T18:20:26.397510+00:00,spot_9,Spot 9,Occupied,2026-06-25T18:18:40.882228+00:00,660,car,0.375166654586792,1507,155.39810180664062,324.4343566894531,193.91796875,351.6236267089844
2026-06-25T18:20:26.397510+00:00,spot_10,Spot 10,Occupied,2026-06-25T18:11:22.061006+00:00,650,car,0.4629327356815338,1987,127.36986541748047,321.6734619140625,176.72772216796875,348.15411376953125
2026-06-25T18:20:26.397510+00:00,spot_11,Spot 11,Empty,2026-06-25T18:10:23.771753+00:00,,,,,,,,
2026-06-25T18:20:26.397510+00:00,spot_12,Spot 12,Occupied,2026-06-25T18:12:22.674470+00:00,516,truck,0.5608841180801392,13647,82.32876586914062,309.4468688964844,141.59616088867188,347.3668518066406
2026-06-25T18:20:26.397510+00:00,spot_13,Spot 13,Empty,2026-06-25T18:03:20.871986+00:00,,,,,,,,
2026-06-25T18:20:26.397510+00:00,spot_14,Spot 14,Empty,2026-06-25T18:18:40.882228+00:00,,,,,,,,
2026-06-25T18:20:26.397510+00:00,spot_15,Spot 15,Occupied,2026-06-25T18:18:40.882228+00:00,682,car,0.6961367130279541,306,30.694292068481445,315.9122314453125,64.49053955078125,334.7669677734375
2026-06-25T18:20:26.397510+00:00,spot_16,Spot 16,Empty,2026-06-25T18:17:22.644612+00:00,,,,,,,,
2026-06-25T18:20:26.397510+00:00,spot_17,Spot 17,Empty,2026-06-25T18:08:23.061954+00:00,,,,,,,,
2026-06-25T18:21:21.461225+00:00,spot_1,Spot 1,Occupied,2026-06-25T18:21:21.461225+00:00,690,car,0.5254786610603333,0,567.0394897460938,315.5363464355469,611.0853881835938,367.7753601074219
2026-06-25T18:21:21.461225+00:00,spot_2,Spot 2,Occupied,2026-06-25T18:21:21.461225+00:00,693,car,0.40136078000068665,0,506.74896240234375,323.9757080078125,549.7008666992188,367.615966796875
2026-06-25T18:21:21.461225+00:00,spot_3,Spot 3,Occupied,2026-06-25T18:02:22.959631+00:00,484,car,0.8714057803153992,17691,441.931640625,327.73468017578125,488.6844482421875,370.5679931640625
2026-06-25T18:21:21.461225+00:00,spot_4,Spot 4,Occupied,2026-06-25T18:21:21.461225+00:00,692,truck,0.4218555688858032,0,385.22161865234375,322.06256103515625,434.53936767578125,365.4017333984375
2026-06-25T18:21:21.461225+00:00,spot_5,Spot 5,Occupied,2026-06-25T18:21:21.461225+00:00,691,truck,0.4857326149940491,0,335.10968017578125,329.29290771484375,386.97735595703125,367.26904296875
2026-06-25T18:21:21.461225+00:00,spot_6,Spot 6,Occupied,2026-06-25T17:53:20.478281+00:00,520,car,0.793813169002533,13134,284.1329345703125,329.97869873046875,338.4638671875,365.13446044921875
2026-06-25T18:21:21.461225+00:00,spot_7,Spot 7,Occupied,2026-06-25T17:50:21.132709+00:00,482,car,0.6919965744018555,18231,255.56045532226562,327.1865234375,304.0160217285156,359.7322998046875
2026-06-25T18:21:21.461225+00:00,spot_8,Spot 8,Occupied,2026-06-25T17:53:20.478281+00:00,649,car,0.6110819578170776,2040,206.98263549804688,325.27203369140625,264.6199035644531,358.158935546875
2026-06-25T18:21:21.461225+00:00,spot_9,Spot 9,Occupied,2026-06-25T18:18:40.882228+00:00,660,car,0.38677021861076355,1561,155.22877502441406,324.29266357421875,194.40272521972656,351.86639404296875
2026-06-25T18:21:21.461225+00:00,spot_10,Spot 10,Occupied,2026-06-25T18:11:22.061006+00:00,650,car,0.6224611401557922,2040,127.24810791015625,321.17620849609375,175.77853393554688,348.52630615234375
2026-06-25T18:21:21.461225+00:00,spot_11,Spot 11,Empty,2026-06-25T18:10:23.771753+00:00,,,,,,,,
2026-06-25T18:21:21.461225+00:00,spot_12,Spot 12,Occupied,2026-06-25T18:12:22.674470+00:00,516,truck,0.724766194820404,13701,81.99604797363281,309.0252685546875,141.5250701904297,347.359375
2026-06-25T18:21:21.461225+00:00,spot_13,Spot 13,Empty,2026-06-25T18:03:20.871986+00:00,,,,,,,,
2026-06-25T18:21:21.461225+00:00,spot_14,Spot 14,Empty,2026-06-25T18:18:40.882228+00:00,,,,,,,,
2026-06-25T18:21:21.461225+00:00,spot_15,Spot 15,Occupied,2026-06-25T18:18:40.882228+00:00,682,car,0.548259973526001,360,31.454124450683594,316.2068786621094,61.72227478027344,334.8891906738281
2026-06-25T18:21:21.461225+00:00,spot_16,Spot 16,Empty,2026-06-25T18:17:22.644612+00:00,,,,,,,,
2026-06-25T18:21:21.461225+00:00,spot_17,Spot 17,Empty,2026-06-25T18:08:23.061954+00:00,,,,,,,,
2026-06-25T18:22:23.775846+00:00,spot_1,Spot 1,Occupied,2026-06-25T18:22:23.775846+00:00,687,truck,0.5680651068687439,221,568.176513671875,316.19415283203125,610.620361328125,366.62359619140625
2026-06-25T18:22:23.775846+00:00,spot_2,Spot 2,Occupied,2026-06-25T18:22:23.775846+00:00,679,truck,0.4487628936767578,541,507.1858215332031,323.1468505859375,546.7626953125,367.37908935546875
2026-06-25T18:22:23.775846+00:00,spot_3,Spot 3,Occupied,2026-06-25T18:02:22.959631+00:00,484,car,0.7667790651321411,17754,442.0340576171875,327.5069580078125,488.84033203125,369.9718017578125
2026-06-25T18:22:23.775846+00:00,spot_4,Spot 4,Occupied,2026-06-25T18:21:21.461225+00:00,692,truck,0.4382002651691437,62,387.47900390625,303.13238525390625,434.798095703125,365.50677490234375
2026-06-25T18:22:23.775846+00:00,spot_5,Spot 5,Occupied,2026-06-25T18:22:23.775846+00:00,485,car,0.7612273097038269,17702,335.03070068359375,329.412353515625,390.5540771484375,367.366943359375
2026-06-25T18:22:23.775846+00:00,spot_6,Spot 6,Occupied,2026-06-25T17:53:20.478281+00:00,520,car,0.7769243717193604,13196,283.4410400390625,329.77069091796875,340.4287109375,365.03216552734375
2026-06-25T18:22:23.775846+00:00,spot_7,Spot 7,Occupied,2026-06-25T17:50:21.132709+00:00,482,car,0.7688132524490356,18294,255.42933654785156,326.9534912109375,303.9423828125,359.89599609375
2026-06-25T18:22:23.775846+00:00,spot_8,Spot 8,Occupied,2026-06-25T17:53:20.478281+00:00,649,car,0.7389116287231445,2103,207.026123046875,325.50030517578125,262.89410400390625,358.37908935546875
2026-06-25T18:22:23.775846+00:00,spot_9,Spot 9,Occupied,2026-06-25T18:18:40.882228+00:00,660,car,0.4767668545246124,1624,153.99642944335938,323.894287109375,192.29849243164062,351.5382080078125
2026-06-25T18:22:23.775846+00:00,spot_10,Spot 10,Occupied,2026-06-25T18:11:22.061006+00:00,650,car,0.47135061025619507,2103,127.58264923095703,321.4040832519531,172.42413330078125,348.3487854003906
2026-06-25T18:22:23.775846+00:00,spot_11,Spot 11,Empty,2026-06-25T18:10:23.771753+00:00,,,,,,,,
2026-06-25T18:22:23.775846+00:00,spot_12,Spot 12,Occupied,2026-06-25T18:12:22.674470+00:00,516,truck,0.42750850319862366,13763,80.67726135253906,308.9840087890625,141.8065185546875,347.247314453125
2026-06-25T18:22:23.775846+00:00,spot_13,Spot 13,Empty,2026-06-25T18:03:20.871986+00:00,,,,,,,,
2026-06-25T18:22:23.775846+00:00,spot_14,Spot 14,Empty,2026-06-25T18:18:40.882228+00:00,,,,,,,,
2026-06-25T18:22:23.775846+00:00,spot_15,Spot 15,Occupied,2026-06-25T18:18:40.882228+00:00,682,car,0.6595510244369507,423,30.754714965820312,315.618408203125,65.86315155029297,334.5533447265625
2026-06-25T18:22:23.775846+00:00,spot_16,Spot 16,Occupied,2026-06-25T18:22:23.775846+00:00,694,car,0.4260757863521576,0,21.05371856689453,315.04107666015625,46.503448486328125,331.96429443359375
2026-06-25T18:22:23.775846+00:00,spot_17,Spot 17,Empty,2026-06-25T18:08:23.061954+00:00,,,,,,,,
2026-06-25T18:23:22.644595+00:00,spot_1,Spot 1,Occupied,2026-06-25T18:22:23.775846+00:00,687,truck,0.538859486579895,280,567.333740234375,316.8900146484375,610.0830078125,366.9769287109375
2026-06-25T18:23:22.644595+00:00,spot_2,Spot 2,Occupied,2026-06-25T18:22:23.775846+00:00,679,truck,0.6379213929176331,599,507.0819091796875,324.2536315917969,548.5654296875,366.9504089355469
2026-06-25T18:23:22.644595+00:00,spot_3,Spot 3,Occupied,2026-06-25T18:02:22.959631+00:00,484,car,0.8416138887405396,17812,442.0794677734375,326.96435546875,488.8851318359375,370.01953125
2026-06-25T18:23:22.644595+00:00,spot_4,Spot 4,Occupied,2026-06-25T18:21:21.461225+00:00,692,truck,0.35482877492904663,121,387.78997802734375,324.3619689941406,441.11846923828125,365.7383728027344
2026-06-25T18:23:22.644595+00:00,spot_5,Spot 5,Occupied,2026-06-25T18:22:23.775846+00:00,485,car,0.750744104385376,17760,335.2304992675781,328.9278564453125,391.9836120605469,367.81884765625
2026-06-25T18:23:22.644595+00:00,spot_6,Spot 6,Occupied,2026-06-25T17:53:20.478281+00:00,520,car,0.8399525880813599,13255,284.03582763671875,329.51904296875,341.17779541015625,364.8299560546875
2026-06-25T18:23:22.644595+00:00,spot_7,Spot 7,Occupied,2026-06-25T17:50:21.132709+00:00,482,car,0.7973161339759827,18352,255.58367919921875,326.4324035644531,303.6400146484375,359.5320739746094
2026-06-25T18:23:22.644595+00:00,spot_8,Spot 8,Occupied,2026-06-25T17:53:20.478281+00:00,649,car,0.714307963848114,2162,206.83572387695312,325.6358337402344,263.8696594238281,358.3835144042969
2026-06-25T18:23:22.644595+00:00,spot_9,Spot 9,Occupied,2026-06-25T18:18:40.882228+00:00,660,car,0.4107193648815155,1682,155.50897216796875,324.37396240234375,192.5255126953125,351.4808349609375
2026-06-25T18:23:22.644595+00:00,spot_10,Spot 10,Occupied,2026-06-25T18:11:22.061006+00:00,650,car,0.5056498050689697,2162,126.90818786621094,320.861083984375,172.98814392089844,348.6279296875
2026-06-25T18:23:22.644595+00:00,spot_11,Spot 11,Empty,2026-06-25T18:10:23.771753+00:00,,,,,,,,
2026-06-25T18:23:22.644595+00:00,spot_12,Spot 12,Occupied,2026-06-25T18:12:22.674470+00:00,516,truck,0.6185145378112793,13822,82.24949645996094,309.21990966796875,142.65557861328125,347.33209228515625
2026-06-25T18:23:22.644595+00:00,spot_13,Spot 13,Empty,2026-06-25T18:03:20.871986+00:00,,,,,,,,
2026-06-25T18:23:22.644595+00:00,spot_14,Spot 14,Empty,2026-06-25T18:18:40.882228+00:00,,,,,,,,
2026-06-25T18:23:22.644595+00:00,spot_15,Spot 15,Occupied,2026-06-25T18:18:40.882228+00:00,682,car,0.46294674277305603,481,31.007659912109375,315.5754699707031,63.66241455078125,334.7599792480469
2026-06-25T18:23:22.644595+00:00,spot_16,Spot 16,Empty,2026-06-25T18:23:22.644595+00:00,,,,,,,,
2026-06-25T18:23:22.644595+00:00,spot_17,Spot 17,Empty,2026-06-25T18:08:23.061954+00:00,,,,,,,,
2026-06-25T18:24:23.279853+00:00,spot_1,Spot 1,Occupied,2026-06-25T18:24:23.279853+00:00,697,car,0.3817306160926819,0,567.255615234375,316.14654541015625,610.686279296875,367.59246826171875
2026-06-25T18:24:23.279853+00:00,spot_2,Spot 2,Empty,2026-06-25T18:24:23.279853+00:00,,,,,,,,
2026-06-25T18:24:23.279853+00:00,spot_3,Spot 3,Occupied,2026-06-25T18:02:22.959631+00:00,484,car,0.8146481513977051,17876,442.39813232421875,327.4267578125,489.42083740234375,370.11968994140625
2026-06-25T18:24:23.279853+00:00,spot_4,Spot 4,Occupied,2026-06-25T18:21:21.461225+00:00,692,truck,0.6007335782051086,185,387.43035888671875,302.7754821777344,442.06097412109375,365.0170593261719
2026-06-25T18:24:23.279853+00:00,spot_5,Spot 5,Occupied,2026-06-25T18:22:23.775846+00:00,485,car,0.5133780241012573,17824,335.1085205078125,329.2286071777344,385.9027099609375,367.6969909667969
2026-06-25T18:24:23.279853+00:00,spot_6,Spot 6,Occupied,2026-06-25T17:53:20.478281+00:00,520,car,0.6930071115493774,13319,283.0728759765625,330.31439208984375,342.0074462890625,364.94940185546875
2026-06-25T18:24:23.279853+00:00,spot_7,Spot 7,Occupied,2026-06-25T17:50:21.132709+00:00,482,car,0.6504054069519043,18416,255.5284423828125,326.54681396484375,303.71966552734375,359.70111083984375
2026-06-25T18:24:23.279853+00:00,spot_8,Spot 8,Occupied,2026-06-25T17:53:20.478281+00:00,649,car,0.6448357701301575,2226,207.35321044921875,324.3201904296875,263.6788330078125,358.04315185546875
2026-06-25T18:24:23.279853+00:00,spot_9,Spot 9,Occupied,2026-06-25T18:24:23.279853+00:00,646,car,0.7281376123428345,2345,188.11395263671875,327.414306640625,224.6876220703125,352.7906494140625
2026-06-25T18:24:23.279853+00:00,spot_10,Spot 10,Occupied,2026-06-25T18:11:22.061006+00:00,650,car,0.4651414155960083,2226,127.34017181396484,321.48760986328125,171.20822143554688,348.39013671875
2026-06-25T18:24:23.279853+00:00,spot_11,Spot 11,Empty,2026-06-25T18:10:23.771753+00:00,,,,,,,,
2026-06-25T18:24:23.279853+00:00,spot_12,Spot 12,Occupied,2026-06-25T18:24:23.279853+00:00,695,bus,0.5445029139518738,0,94.08692932128906,308.96417236328125,141.64305114746094,346.61944580078125
2026-06-25T18:24:23.279853+00:00,spot_13,Spot 13,Empty,2026-06-25T18:03:20.871986+00:00,,,,,,,,
2026-06-25T18:24:23.279853+00:00,spot_14,Spot 14,Empty,2026-06-25T18:18:40.882228+00:00,,,,,,,,
2026-06-25T18:24:23.279853+00:00,spot_15,Spot 15,Occupied,2026-06-25T18:18:40.882228+00:00,682,car,0.6267011165618896,545,31.103221893310547,315.7220764160156,63.80006790161133,334.9103698730469
2026-06-25T18:24:23.279853+00:00,spot_16,Spot 16,Empty,2026-06-25T18:23:22.644595+00:00,,,,,,,,
2026-06-25T18:24:23.279853+00:00,spot_17,Spot 17,Empty,2026-06-25T18:08:23.061954+00:00,,,,,,,,
2026-06-25T18:25:23.253248+00:00,spot_1,Spot 1,Occupied,2026-06-25T18:25:23.253248+00:00,687,truck,0.5009622573852539,401,567.8626708984375,315.3887939453125,610.2503662109375,366.2265625
2026-06-25T18:25:23.253248+00:00,spot_2,Spot 2,Occupied,2026-06-25T18:25:23.253248+00:00,679,truck,0.36175021529197693,720,507.1282958984375,323.77813720703125,547.362548828125,366.97064208984375
2026-06-25T18:25:23.253248+00:00,spot_3,Spot 3,Occupied,2026-06-25T18:02:22.959631+00:00,484,car,0.8340051174163818,17933,442.2029724121094,327.0047607421875,489.1342468261719,369.84228515625
2026-06-25T18:25:23.253248+00:00,spot_4,Spot 4,Occupied,2026-06-25T18:21:21.461225+00:00,692,truck,0.5758992433547974,242,387.87060546875,302.85894775390625,433.9815673828125,365.281005859375
2026-06-25T18:25:23.253248+00:00,spot_5,Spot 5,Occupied,2026-06-25T18:22:23.775846+00:00,485,car,0.6536334156990051,17881,335.12274169921875,329.01104736328125,388.86895751953125,367.7532958984375
2026-06-25T18:25:23.253248+00:00,spot_6,Spot 6,Occupied,2026-06-25T17:53:20.478281+00:00,520,car,0.8133887052536011,13376,283.999267578125,329.601318359375,342.0225830078125,364.7606201171875
2026-06-25T18:25:23.253248+00:00,spot_7,Spot 7,Occupied,2026-06-25T17:50:21.132709+00:00,482,car,0.6380057334899902,18473,255.5093536376953,326.5006103515625,303.85650634765625,359.767822265625
2026-06-25T18:25:23.253248+00:00,spot_8,Spot 8,Occupied,2026-06-25T17:53:20.478281+00:00,649,car,0.5694234371185303,2283,207.7138671875,324.94866943359375,263.6502685546875,357.76800537109375
2026-06-25T18:25:23.253248+00:00,spot_9,Spot 9,Occupied,2026-06-25T18:25:23.253248+00:00,660,car,0.353035569190979,1803,155.51429748535156,324.04803466796875,193.43104553222656,351.67388916015625
2026-06-25T18:25:23.253248+00:00,spot_10,Spot 10,Occupied,2026-06-25T18:11:22.061006+00:00,650,car,0.45229989290237427,2283,127.2738037109375,321.347412109375,171.62698364257812,348.1766357421875
2026-06-25T18:25:23.253248+00:00,spot_11,Spot 11,Empty,2026-06-25T18:10:23.771753+00:00,,,,,,,,
2026-06-25T18:25:23.253248+00:00,spot_12,Spot 12,Occupied,2026-06-25T18:25:23.253248+00:00,516,truck,0.4308111369609833,13943,93.97946166992188,308.98583984375,141.56649780273438,347.287841796875
2026-06-25T18:25:23.253248+00:00,spot_13,Spot 13,Empty,2026-06-25T18:03:20.871986+00:00,,,,,,,,
2026-06-25T18:25:23.253248+00:00,spot_14,Spot 14,Empty,2026-06-25T18:18:40.882228+00:00,,,,,,,,
2026-06-25T18:25:23.253248+00:00,spot_15,Spot 15,Occupied,2026-06-25T18:18:40.882228+00:00,682,car,0.5696747899055481,602,30.438636779785156,315.27783203125,65.596923828125,334.7122802734375
2026-06-25T18:25:23.253248+00:00,spot_16,Spot 16,Empty,2026-06-25T18:23:22.644595+00:00,,,,,,,,
2026-06-25T18:25:23.253248+00:00,spot_17,Spot 17,Empty,2026-06-25T18:08:23.061954+00:00,,,,,,,,
2026-06-25T18:26:24.126519+00:00,spot_1,Spot 1,Occupied,2026-06-25T18:25:23.253248+00:00,687,truck,0.4527150094509125,462,567.0859375,315.10333251953125,610.576171875,367.27337646484375
2026-06-25T18:26:24.126519+00:00,spot_2,Spot 2,Empty,2026-06-25T18:26:24.126519+00:00,,,,,,,,
2026-06-25T18:26:24.126519+00:00,spot_3,Spot 3,Occupied,2026-06-25T18:02:22.959631+00:00,484,car,0.863042414188385,17995,442.32147216796875,327.19189453125,488.78765869140625,370.0963134765625
2026-06-25T18:26:24.126519+00:00,spot_4,Spot 4,Occupied,2026-06-25T18:21:21.461225+00:00,692,truck,0.3518134653568268,303,387.69232177734375,302.8690185546875,442.00238037109375,364.787841796875
2026-06-25T18:26:24.126519+00:00,spot_5,Spot 5,Occupied,2026-06-25T18:22:23.775846+00:00,485,car,0.8071947693824768,17943,335.07366943359375,329.52484130859375,390.19232177734375,367.841796875
2026-06-25T18:26:24.126519+00:00,spot_6,Spot 6,Occupied,2026-06-25T17:53:20.478281+00:00,520,car,0.8205670714378357,13437,285.1190185546875,329.80767822265625,341.089599609375,364.81402587890625
2026-06-25T18:26:24.126519+00:00,spot_7,Spot 7,Occupied,2026-06-25T17:50:21.132709+00:00,482,car,0.7331581115722656,18535,255.50238037109375,327.3770751953125,303.51434326171875,359.6524658203125
2026-06-25T18:26:24.126519+00:00,spot_8,Spot 8,Occupied,2026-06-25T17:53:20.478281+00:00,649,car,0.7477091550827026,2344,208.213134765625,326.07391357421875,263.51806640625,357.94085693359375
2026-06-25T18:26:24.126519+00:00,spot_9,Spot 9,Occupied,2026-06-25T18:26:24.126519+00:00,698,truck,0.4192422330379486,61,154.8896484375,324.03753662109375,192.92535400390625,351.5390625
2026-06-25T18:26:24.126519+00:00,spot_10,Spot 10,Occupied,2026-06-25T18:11:22.061006+00:00,650,car,0.4681539833545685,2344,127.13304138183594,322.10516357421875,171.32908630371094,348.32867431640625
2026-06-25T18:26:24.126519+00:00,spot_11,Spot 11,Empty,2026-06-25T18:10:23.771753+00:00,,,,,,,,
2026-06-25T18:26:24.126519+00:00,spot_12,Spot 12,Occupied,2026-06-25T18:25:23.253248+00:00,516,truck,0.6290608048439026,14004,83.62608337402344,309.395263671875,142.15235900878906,347.01953125
2026-06-25T18:26:24.126519+00:00,spot_13,Spot 13,Empty,2026-06-25T18:03:20.871986+00:00,,,,,,,,
2026-06-25T18:26:24.126519+00:00,spot_14,Spot 14,Empty,2026-06-25T18:18:40.882228+00:00,,,,,,,,
2026-06-25T18:26:24.126519+00:00,spot_15,Spot 15,Occupied,2026-06-25T18:18:40.882228+00:00,682,car,0.5312573909759521,664,30.662269592285156,314.9630126953125,66.37683868408203,334.81451416015625
2026-06-25T18:26:24.126519+00:00,spot_16,Spot 16,Empty,2026-06-25T18:23:22.644595+00:00,,,,,,,,
2026-06-25T18:26:24.126519+00:00,spot_17,Spot 17,Empty,2026-06-25T18:08:23.061954+00:00,,,,,,,,
2026-06-25T18:27:22.833304+00:00,spot_1,Spot 1,Occupied,2026-06-25T18:27:22.833304+00:00,697,car,0.5395379066467285,175,567.1434326171875,316.32977294921875,610.6461181640625,366.8515625
2026-06-25T18:27:22.833304+00:00,spot_2,Spot 2,Occupied,2026-06-25T18:27:22.833304+00:00,700,car,0.4744563698768616,0,507.3919677734375,328.4289245605469,545.6474609375,366.5813293457031
2026-06-25T18:27:22.833304+00:00,spot_3,Spot 3,Occupied,2026-06-25T18:02:22.959631+00:00,484,car,0.8500146269798279,18052,442.13330078125,327.43463134765625,487.58367919921875,369.71331787109375
2026-06-25T18:27:22.833304+00:00,spot_4,Spot 4,Occupied,2026-06-25T18:27:22.833304+00:00,699,car,0.6584039926528931,57,387.32257080078125,326.566650390625,432.89849853515625,365.4136962890625
2026-06-25T18:27:22.833304+00:00,spot_5,Spot 5,Occupied,2026-06-25T18:22:23.775846+00:00,485,car,0.744905948638916,18000,334.8753662109375,329.3189697265625,388.6197509765625,367.423095703125
2026-06-25T18:27:22.833304+00:00,spot_6,Spot 6,Occupied,2026-06-25T17:53:20.478281+00:00,520,car,0.8486635684967041,13494,283.285400390625,329.9412841796875,342.580810546875,364.86773681640625
2026-06-25T18:27:22.833304+00:00,spot_7,Spot 7,Occupied,2026-06-25T17:50:21.132709+00:00,482,car,0.713704526424408,18592,255.56591796875,326.6497497558594,302.718017578125,359.2983093261719
2026-06-25T18:27:22.833304+00:00,spot_8,Spot 8,Occupied,2026-06-25T17:53:20.478281+00:00,649,car,0.6395333409309387,2401,208.55340576171875,325.0537109375,263.60235595703125,358.3603515625
2026-06-25T18:27:22.833304+00:00,spot_9,Spot 9,Occupied,2026-06-25T18:27:22.833304+00:00,660,car,0.41542676091194153,1922,153.6473388671875,325.3612060546875,193.859375,351.74481201171875
2026-06-25T18:27:22.833304+00:00,spot_10,Spot 10,Occupied,2026-06-25T18:11:22.061006+00:00,650,car,0.6721228361129761,2401,127.18887329101562,321.2818603515625,172.35504150390625,348.352783203125
2026-06-25T18:27:22.833304+00:00,spot_11,Spot 11,Empty,2026-06-25T18:10:23.771753+00:00,,,,,,,,
2026-06-25T18:27:22.833304+00:00,spot_12,Spot 12,Occupied,2026-06-25T18:25:23.253248+00:00,516,truck,0.7271143794059753,14061,81.92361450195312,308.70098876953125,142.47744750976562,347.30145263671875
2026-06-25T18:27:22.833304+00:00,spot_13,Spot 13,Empty,2026-06-25T18:03:20.871986+00:00,,,,,,,,
2026-06-25T18:27:22.833304+00:00,spot_14,Spot 14,Empty,2026-06-25T18:18:40.882228+00:00,,,,,,,,
2026-06-25T18:27:22.833304+00:00,spot_15,Spot 15,Occupied,2026-06-25T18:18:40.882228+00:00,682,car,0.5432355403900146,721,31.109617233276367,315.46807861328125,64.82041931152344,334.87603759765625
2026-06-25T18:27:22.833304+00:00,spot_16,Spot 16,Empty,2026-06-25T18:23:22.644595+00:00,,,,,,,,
2026-06-25T18:27:22.833304+00:00,spot_17,Spot 17,Empty,2026-06-25T18:08:23.061954+00:00,,,,,,,,
2026-06-25T18:28:22.840325+00:00,spot_1,Spot 1,Occupied,2026-06-25T18:27:22.833304+00:00,697,car,0.3962748646736145,236,566.8848876953125,316.2826843261719,610.3204345703125,366.3356628417969
2026-06-25T18:28:22.840325+00:00,spot_2,Spot 2,Occupied,2026-06-25T18:27:22.833304+00:00,700,car,0.7624951004981995,60,507.7043762207031,327.80328369140625,546.178955078125,366.63934326171875
2026-06-25T18:28:22.840325+00:00,spot_3,Spot 3,Occupied,2026-06-25T18:02:22.959631+00:00,484,car,0.8865740895271301,18113,442.3983154296875,327.53857421875,488.46142578125,369.951416015625
2026-06-25T18:28:22.840325+00:00,spot_4,Spot 4,Occupied,2026-06-25T18:28:22.840325+00:00,692,truck,0.5899715423583984,421,387.65924072265625,302.76251220703125,443.27496337890625,365.32159423828125
2026-06-25T18:28:22.840325+00:00,spot_5,Spot 5,Occupied,2026-06-25T18:22:23.775846+00:00,485,car,0.6977682113647461,18061,335.1826477050781,329.09979248046875,390.4230041503906,367.77105712890625
2026-06-25T18:28:22.840325+00:00,spot_6,Spot 6,Occupied,2026-06-25T17:53:20.478281+00:00,520,car,0.8196114301681519,13555,283.44757080078125,329.96380615234375,340.9559326171875,364.34515380859375
2026-06-25T18:28:22.840325+00:00,spot_7,Spot 7,Occupied,2026-06-25T17:50:21.132709+00:00,482,car,0.715199887752533,18653,255.50762939453125,326.92950439453125,303.39990234375,359.55438232421875
2026-06-25T18:28:22.840325+00:00,spot_8,Spot 8,Occupied,2026-06-25T17:53:20.478281+00:00,649,car,0.6620861291885376,2462,208.2239990234375,325.219482421875,263.48626708984375,358.41900634765625
2026-06-25T18:28:22.840325+00:00,spot_9,Spot 9,Occupied,2026-06-25T18:27:22.833304+00:00,660,car,0.6804686188697815,1983,156.42816162109375,325.8657531738281,192.74285888671875,351.7379455566406
2026-06-25T18:28:22.840325+00:00,spot_10,Spot 10,Occupied,2026-06-25T18:11:22.061006+00:00,650,car,0.4948897063732147,2462,126.85748291015625,322.96221923828125,174.87393188476562,348.28277587890625
2026-06-25T18:28:22.840325+00:00,spot_11,Spot 11,Empty,2026-06-25T18:10:23.771753+00:00,,,,,,,,
2026-06-25T18:28:22.840325+00:00,spot_12,Spot 12,Occupied,2026-06-25T18:25:23.253248+00:00,516,truck,0.7016022801399231,14122,80.24131774902344,309.04150390625,143.3617706298828,347.165283203125
2026-06-25T18:28:22.840325+00:00,spot_13,Spot 13,Empty,2026-06-25T18:03:20.871986+00:00,,,,,,,,
2026-06-25T18:28:22.840325+00:00,spot_14,Spot 14,Occupied,2026-06-25T18:28:22.840325+00:00,701,truck,0.4772867262363434,0,55.78596496582031,316.8482971191406,84.44692993164062,340.1643371582031
2026-06-25T18:28:22.840325+00:00,spot_15,Spot 15,Occupied,2026-06-25T18:18:40.882228+00:00,682,car,0.40459978580474854,781,31.084524154663086,315.26873779296875,67.84229278564453,334.9775390625
2026-06-25T18:28:22.840325+00:00,spot_16,Spot 16,Empty,2026-06-25T18:23:22.644595+00:00,,,,,,,,
2026-06-25T18:28:22.840325+00:00,spot_17,Spot 17,Empty,2026-06-25T18:08:23.061954+00:00,,,,,,,,
2026-06-25T18:29:22.781824+00:00,spot_1,Spot 1,Occupied,2026-06-25T18:27:22.833304+00:00,697,car,0.4127964377403259,296,566.7586669921875,316.4678955078125,610.3228759765625,367.52874755859375
2026-06-25T18:29:22.781824+00:00,spot_2,Spot 2,Occupied,2026-06-25T18:27:22.833304+00:00,700,car,0.352211594581604,120,507.73162841796875,324.166748046875,546.4457397460938,367.113037109375
2026-06-25T18:29:22.781824+00:00,spot_3,Spot 3,Occupied,2026-06-25T18:02:22.959631+00:00,484,car,0.8465704917907715,18172,442.29656982421875,327.191162109375,487.8616943359375,369.84130859375
2026-06-25T18:29:22.781824+00:00,spot_4,Spot 4,Occupied,2026-06-25T18:28:22.840325+00:00,692,truck,0.6650512218475342,481,387.3529052734375,302.1392822265625,443.364013671875,365.2889404296875
2026-06-25T18:29:22.781824+00:00,spot_5,Spot 5,Occupied,2026-06-25T18:22:23.775846+00:00,485,car,0.5891347527503967,18120,335.13922119140625,329.23455810546875,389.30419921875,367.82196044921875
2026-06-25T18:29:22.781824+00:00,spot_6,Spot 6,Occupied,2026-06-25T17:53:20.478281+00:00,520,car,0.8172869682312012,13615,284.3578796386719,330.1996765136719,338.3542785644531,364.9518127441406
2026-06-25T18:29:22.781824+00:00,spot_7,Spot 7,Occupied,2026-06-25T17:50:21.132709+00:00,482,car,0.544004499912262,18712,255.54075622558594,326.5736389160156,303.9376220703125,359.7888488769531
2026-06-25T18:29:22.781824+00:00,spot_8,Spot 8,Occupied,2026-06-25T17:53:20.478281+00:00,649,car,0.6947942972183228,2522,207.7872314453125,326.2429504394531,264.1195068359375,357.9867248535156
2026-06-25T18:29:22.781824+00:00,spot_9,Spot 9,Occupied,2026-06-25T18:27:22.833304+00:00,660,car,0.554768443107605,2042,156.95315551757812,325.1846618652344,192.97695922851562,351.7116394042969
2026-06-25T18:29:22.781824+00:00,spot_10,Spot 10,Occupied,2026-06-25T18:11:22.061006+00:00,650,car,0.5520395636558533,2522,127.22994995117188,322.4510498046875,172.41775512695312,348.3023681640625
2026-06-25T18:29:22.781824+00:00,spot_11,Spot 11,Empty,2026-06-25T18:10:23.771753+00:00,,,,,,,,
2026-06-25T18:29:22.781824+00:00,spot_12,Spot 12,Occupied,2026-06-25T18:25:23.253248+00:00,516,truck,0.6869899034500122,14182,81.59223937988281,308.689208984375,141.4164276123047,347.18603515625
2026-06-25T18:29:22.781824+00:00,spot_13,Spot 13,Empty,2026-06-25T18:03:20.871986+00:00,,,,,,,,
2026-06-25T18:29:22.781824+00:00,spot_14,Spot 14,Occupied,2026-06-25T18:28:22.840325+00:00,701,truck,0.3723641037940979,59,55.47541809082031,315.336669921875,85.18524169921875,340.24176025390625
2026-06-25T18:29:22.781824+00:00,spot_15,Spot 15,Occupied,2026-06-25T18:18:40.882228+00:00,682,car,0.5128114819526672,841,30.705955505371094,315.44921875,67.21517944335938,334.83551025390625
2026-06-25T18:29:22.781824+00:00,spot_16,Spot 16,Empty,2026-06-25T18:23:22.644595+00:00,,,,,,,,
2026-06-25T18:29:22.781824+00:00,spot_17,Spot 17,Empty,2026-06-25T18:08:23.061954+00:00,,,,,,,,
2026-06-25T18:30:24.537462+00:00,spot_1,Spot 1,Occupied,2026-06-25T18:27:22.833304+00:00,697,car,0.37032344937324524,359,567.4806518554688,316.27996826171875,610.5161743164062,367.40203857421875
2026-06-25T18:30:24.537462+00:00,spot_2,Spot 2,Occupied,2026-06-25T18:27:22.833304+00:00,700,car,0.6437729597091675,184,507.1482238769531,324.36328125,546.701416015625,367.18634033203125
2026-06-25T18:30:24.537462+00:00,spot_3,Spot 3,Occupied,2026-06-25T18:02:22.959631+00:00,484,car,0.8322046399116516,18236,441.9505615234375,327.55816650390625,488.7344970703125,369.51177978515625
2026-06-25T18:30:24.537462+00:00,spot_4,Spot 4,Occupied,2026-06-25T18:28:22.840325+00:00,692,truck,0.46433982253074646,545,387.12860107421875,302.6438293457031,440.70294189453125,365.5630187988281
2026-06-25T18:30:24.537462+00:00,spot_5,Spot 5,Occupied,2026-06-25T18:22:23.775846+00:00,485,car,0.6608898043632507,18184,335.16168212890625,329.28173828125,387.91888427734375,367.64239501953125
2026-06-25T18:30:24.537462+00:00,spot_6,Spot 6,Occupied,2026-06-25T17:53:20.478281+00:00,520,car,0.8437005877494812,13679,283.1142578125,329.482666015625,339.431884765625,364.6270751953125
2026-06-25T18:30:24.537462+00:00,spot_7,Spot 7,Occupied,2026-06-25T17:50:21.132709+00:00,482,car,0.8184157013893127,18776,255.62533569335938,326.58673095703125,303.4602966308594,359.60150146484375
2026-06-25T18:30:24.537462+00:00,spot_8,Spot 8,Occupied,2026-06-25T17:53:20.478281+00:00,649,car,0.6751734018325806,2586,207.8427734375,326.16259765625,263.75933837890625,358.093017578125
2026-06-25T18:30:24.537462+00:00,spot_9,Spot 9,Occupied,2026-06-25T18:27:22.833304+00:00,660,car,0.4148203730583191,2106,154.0880126953125,324.4495849609375,207.07269287109375,351.51544189453125
2026-06-25T18:30:24.537462+00:00,spot_10,Spot 10,Occupied,2026-06-25T18:30:24.537462+00:00,646,car,0.7640685439109802,2704,188.1924285888672,327.33709716796875,223.94944763183594,352.60638427734375
2026-06-25T18:30:24.537462+00:00,spot_11,Spot 11,Occupied,2026-06-25T18:30:24.537462+00:00,650,car,0.6254593133926392,2586,126.17575073242188,323.0729064941406,169.89529418945312,348.0202941894531
2026-06-25T18:30:24.537462+00:00,spot_12,Spot 12,Occupied,2026-06-25T18:25:23.253248+00:00,516,truck,0.6746666431427002,14246,79.51655578613281,308.30108642578125,141.72402954101562,347.10980224609375
2026-06-25T18:30:24.537462+00:00,spot_13,Spot 13,Empty,2026-06-25T18:03:20.871986+00:00,,,,,,,,
2026-06-25T18:30:24.537462+00:00,spot_14,Spot 14,Empty,2026-06-25T18:30:24.537462+00:00,,,,,,,,
2026-06-25T18:30:24.537462+00:00,spot_15,Spot 15,Occupied,2026-06-25T18:18:40.882228+00:00,682,car,0.4222610294818878,905,31.048507690429688,315.0331726074219,64.07633209228516,334.9084167480469
2026-06-25T18:30:24.537462+00:00,spot_16,Spot 16,Empty,2026-06-25T18:23:22.644595+00:00,,,,,,,,
2026-06-25T18:30:24.537462+00:00,spot_17,Spot 17,Empty,2026-06-25T18:08:23.061954+00:00,,,,,,,,
2026-06-25T18:31:26.003886+00:00,spot_1,Spot 1,Occupied,2026-06-25T18:27:22.833304+00:00,697,car,0.37829649448394775,423,567.2840576171875,315.563232421875,610.6898193359375,367.610595703125
2026-06-25T18:31:26.003886+00:00,spot_2,Spot 2,Occupied,2026-06-25T18:27:22.833304+00:00,700,car,0.6977296471595764,247,507.96795654296875,324.7930603027344,547.7352905273438,366.7785949707031
2026-06-25T18:31:26.003886+00:00,spot_3,Spot 3,Occupied,2026-06-25T18:02:22.959631+00:00,484,car,0.7783021330833435,18300,442.65301513671875,326.51153564453125,489.41058349609375,369.54791259765625
2026-06-25T18:31:26.003886+00:00,spot_4,Spot 4,Occupied,2026-06-25T18:28:22.840325+00:00,692,truck,0.6716138124465942,608,387.3418884277344,302.468505859375,440.0401916503906,365.876708984375
2026-06-25T18:31:26.003886+00:00,spot_5,Spot 5,Occupied,2026-06-25T18:22:23.775846+00:00,485,car,0.7440821528434753,18247,334.9056396484375,328.9923400878906,391.6968994140625,367.4398498535156
2026-06-25T18:31:26.003886+00:00,spot_6,Spot 6,Occupied,2026-06-25T17:53:20.478281+00:00,520,car,0.7150912880897522,13742,285.99859619140625,330.14447021484375,339.3885498046875,364.70269775390625
2026-06-25T18:31:26.003886+00:00,spot_7,Spot 7,Occupied,2026-06-25T17:50:21.132709+00:00,482,car,0.5764122605323792,18839,255.56082153320312,326.5079650878906,302.2569885253906,359.9743347167969
2026-06-25T18:31:26.003886+00:00,spot_8,Spot 8,Occupied,2026-06-25T17:53:20.478281+00:00,649,car,0.6083974838256836,2649,207.60574340820312,324.91278076171875,263.72119140625,358.2100830078125
2026-06-25T18:31:26.003886+00:00,spot_9,Spot 9,Occupied,2026-06-25T18:27:22.833304+00:00,660,car,0.44233793020248413,2170,157.29705810546875,324.9168701171875,193.321533203125,351.3604736328125
2026-06-25T18:31:26.003886+00:00,spot_10,Spot 10,Occupied,2026-06-25T18:31:26.003886+00:00,650,car,0.4485340714454651,2649,126.8013687133789,322.136962890625,175.94369506835938,348.1689453125
2026-06-25T18:31:26.003886+00:00,spot_11,Spot 11,Empty,2026-06-25T18:31:26.003886+00:00,,,,,,,,
2026-06-25T18:31:26.003886+00:00,spot_12,Spot 12,Occupied,2026-06-25T18:25:23.253248+00:00,516,truck,0.7372263073921204,14309,80.38729858398438,307.9281005859375,143.4883575439453,347.48907470703125
2026-06-25T18:31:26.003886+00:00,spot_13,Spot 13,Empty,2026-06-25T18:03:20.871986+00:00,,,,,,,,
2026-06-25T18:31:26.003886+00:00,spot_14,Spot 14,Occupied,2026-06-25T18:31:26.003886+00:00,701,truck,0.4247885048389435,186,55.552345275878906,315.7334899902344,85.16495513916016,340.0697937011719
2026-06-25T18:31:26.003886+00:00,spot_15,Spot 15,Occupied,2026-06-25T18:18:40.882228+00:00,682,car,0.49475520849227905,968,30.87432861328125,315.4970703125,64.71389770507812,334.736572265625
2026-06-25T18:31:26.003886+00:00,spot_16,Spot 16,Empty,2026-06-25T18:23:22.644595+00:00,,,,,,,,
2026-06-25T18:31:26.003886+00:00,spot_17,Spot 17,Empty,2026-06-25T18:08:23.061954+00:00,,,,,,,,
2026-06-25T18:32:42.712883+00:00,spot_1,Spot 1,Occupied,2026-06-25T18:27:22.833304+00:00,697,car,0.35400375723838806,497,567.194580078125,314.885986328125,610.181884765625,366.852783203125
2026-06-25T18:32:42.712883+00:00,spot_2,Spot 2,Occupied,2026-06-25T18:32:42.712883+00:00,703,truck,0.5032898783683777,0,507.8209228515625,322.9695129394531,547.4259033203125,366.9286193847656
2026-06-25T18:32:42.712883+00:00,spot_3,Spot 3,Occupied,2026-06-25T18:02:22.959631+00:00,484,car,0.8502732515335083,18374,442.5238037109375,327.16058349609375,488.52978515625,370.295654296875
2026-06-25T18:32:42.712883+00:00,spot_4,Spot 4,Occupied,2026-06-25T18:32:42.712883+00:00,702,car,0.525459885597229,0,387.5173034667969,326.26019287109375,434.8458557128906,365.71240234375
2026-06-25T18:32:42.712883+00:00,spot_5,Spot 5,Occupied,2026-06-25T18:22:23.775846+00:00,485,car,0.6781076192855835,18322,334.83563232421875,329.41754150390625,389.5184326171875,367.47930908203125
2026-06-25T18:32:42.712883+00:00,spot_6,Spot 6,Occupied,2026-06-25T17:53:20.478281+00:00,520,car,0.744540274143219,13816,283.45989990234375,329.654296875,337.5177001953125,365.002197265625
2026-06-25T18:32:42.712883+00:00,spot_7,Spot 7,Occupied,2026-06-25T17:50:21.132709+00:00,482,car,0.6710953712463379,18914,255.58746337890625,326.6309814453125,303.96160888671875,360.3411865234375
2026-06-25T18:32:42.712883+00:00,spot_8,Spot 8,Occupied,2026-06-25T17:53:20.478281+00:00,649,car,0.44214972853660583,2723,208.53207397460938,325.1929931640625,263.8265075683594,358.5250244140625
2026-06-25T18:32:42.712883+00:00,spot_9,Spot 9,Occupied,2026-06-25T18:32:42.712883+00:00,646,car,0.7315001487731934,2842,187.71719360351562,327.3281555175781,224.10427856445312,352.8173522949219
2026-06-25T18:32:42.712883+00:00,spot_10,Spot 10,Occupied,2026-06-25T18:31:26.003886+00:00,650,car,0.5318859219551086,2723,126.94648742675781,322.9254150390625,176.61366271972656,348.0986328125
2026-06-25T18:32:42.712883+00:00,spot_11,Spot 11,Empty,2026-06-25T18:31:26.003886+00:00,,,,,,,,
2026-06-25T18:32:42.712883+00:00,spot_12,Spot 12,Occupied,2026-06-25T18:25:23.253248+00:00,516,truck,0.7087056040763855,14383,79.07351684570312,308.06451416015625,142.9569854736328,347.58465576171875
2026-06-25T18:32:42.712883+00:00,spot_13,Spot 13,Empty,2026-06-25T18:03:20.871986+00:00,,,,,,,,
2026-06-25T18:32:42.712883+00:00,spot_14,Spot 14,Empty,2026-06-25T18:32:42.712883+00:00,,,,,,,,
2026-06-25T18:32:42.712883+00:00,spot_15,Spot 15,Occupied,2026-06-25T18:18:40.882228+00:00,682,car,0.517892599105835,1043,30.51361083984375,315.44189453125,64.74336242675781,334.38232421875
2026-06-25T18:32:42.712883+00:00,spot_16,Spot 16,Empty,2026-06-25T18:23:22.644595+00:00,,,,,,,,
2026-06-25T18:32:42.712883+00:00,spot_17,Spot 17,Empty,2026-06-25T18:08:23.061954+00:00,,,,,,,,
2026-06-25T18:33:45.375543+00:00,spot_1,Spot 1,Occupied,2026-06-25T18:33:45.375543+00:00,687,truck,0.5689484477043152,903,566.7499389648438,315.14019775390625,610.8231811523438,367.21917724609375
2026-06-25T18:33:45.375543+00:00,spot_2,Spot 2,Occupied,2026-06-25T18:32:42.712883+00:00,703,truck,0.6285505890846252,61,507.7789306640625,323.2711181640625,546.6072998046875,366.700439453125
2026-06-25T18:33:45.375543+00:00,spot_3,Spot 3,Occupied,2026-06-25T18:02:22.959631+00:00,484,car,0.6640412211418152,18435,442.033447265625,326.8687744140625,488.631591796875,369.94873046875
2026-06-25T18:33:45.375543+00:00,spot_4,Spot 4,Occupied,2026-06-25T18:33:45.375543+00:00,692,truck,0.7172034382820129,744,385.56439208984375,302.6590576171875,442.42181396484375,365.9012451171875
2026-06-25T18:33:45.375543+00:00,spot_5,Spot 5,Occupied,2026-06-25T18:22:23.775846+00:00,485,car,0.6834357380867004,18383,335.23187255859375,329.0206604003906,386.22601318359375,367.7301330566406
2026-06-25T18:33:45.375543+00:00,spot_6,Spot 6,Occupied,2026-06-25T17:53:20.478281+00:00,520,car,0.7766005992889404,13878,285.4315185546875,330.04376220703125,337.1368408203125,364.88519287109375
2026-06-25T18:33:45.375543+00:00,spot_7,Spot 7,Occupied,2026-06-25T17:50:21.132709+00:00,482,car,0.559824526309967,18975,255.62164306640625,327.28497314453125,285.177734375,359.83978271484375
2026-06-25T18:33:45.375543+00:00,spot_8,Spot 8,Occupied,2026-06-25T17:53:20.478281+00:00,649,car,0.5135936737060547,2784,207.53836059570312,324.4063415527344,262.628662109375,358.3315734863281
2026-06-25T18:33:45.375543+00:00,spot_9,Spot 9,Occupied,2026-06-25T18:33:45.375543+00:00,704,truck,0.5145441889762878,0,154.46646118164062,324.719970703125,193.40042114257812,351.9716796875
2026-06-25T18:33:45.375543+00:00,spot_10,Spot 10,Occupied,2026-06-25T18:33:45.375543+00:00,646,car,0.6225687265396118,2903,187.94473266601562,327.25396728515625,224.01174926757812,352.7313232421875
2026-06-25T18:33:45.375543+00:00,spot_11,Spot 11,Empty,2026-06-25T18:31:26.003886+00:00,,,,,,,,
2026-06-25T18:33:45.375543+00:00,spot_12,Spot 12,Occupied,2026-06-25T18:25:23.253248+00:00,516,truck,0.6166906356811523,14445,81.58235168457031,308.4811096191406,142.16200256347656,347.5365295410156
2026-06-25T18:33:45.375543+00:00,spot_13,Spot 13,Empty,2026-06-25T18:03:20.871986+00:00,,,,,,,,
2026-06-25T18:33:45.375543+00:00,spot_14,Spot 14,Empty,2026-06-25T18:32:42.712883+00:00,,,,,,,,
2026-06-25T18:33:45.375543+00:00,spot_15,Spot 15,Occupied,2026-06-25T18:18:40.882228+00:00,682,car,0.5662773847579956,1104,31.133323669433594,315.4956970214844,64.40144348144531,334.9953918457031
2026-06-25T18:33:45.375543+00:00,spot_16,Spot 16,Empty,2026-06-25T18:23:22.644595+00:00,,,,,,,,
2026-06-25T18:33:45.375543+00:00,spot_17,Spot 17,Empty,2026-06-25T18:08:23.061954+00:00,,,,,,,,
2026-06-25T18:34:37.387271+00:00,spot_1,Spot 1,Occupied,2026-06-25T18:33:45.375543+00:00,687,truck,0.6290988326072693,955,567.404296875,315.82867431640625,611.130859375,367.05657958984375
2026-06-25T18:34:37.387271+00:00,spot_2,Spot 2,Occupied,2026-06-25T18:32:42.712883+00:00,703,truck,0.41246935725212097,113,507.48223876953125,325.81317138671875,545.7308959960938,366.683349609375
2026-06-25T18:34:37.387271+00:00,spot_3,Spot 3,Occupied,2026-06-25T18:02:22.959631+00:00,484,car,0.6905167102813721,18487,442.38531494140625,326.9234619140625,489.2540283203125,370.3787841796875
2026-06-25T18:34:37.387271+00:00,spot_4,Spot 4,Occupied,2026-06-25T18:33:45.375543+00:00,692,truck,0.7767570614814758,796,387.25799560546875,302.66925048828125,433.52899169921875,365.86669921875
2026-06-25T18:34:37.387271+00:00,spot_5,Spot 5,Occupied,2026-06-25T18:34:37.387271+00:00,706,truck,0.4490363597869873,0,335.17108154296875,328.9045104980469,388.73748779296875,368.0739440917969
2026-06-25T18:34:37.387271+00:00,spot_6,Spot 6,Occupied,2026-06-25T17:53:20.478281+00:00,520,car,0.7415612936019897,13930,282.86590576171875,329.8071594238281,340.06878662109375,364.9841613769531
2026-06-25T18:34:37.387271+00:00,spot_7,Spot 7,Occupied,2026-06-25T17:50:21.132709+00:00,482,car,0.6132166385650635,19027,255.64724731445312,326.0986633300781,303.8878479003906,360.1363830566406
2026-06-25T18:34:37.387271+00:00,spot_8,Spot 8,Occupied,2026-06-25T17:53:20.478281+00:00,649,car,0.6820802688598633,2837,207.75503540039062,321.939697265625,263.3192443847656,358.5447998046875
2026-06-25T18:34:37.387271+00:00,spot_9,Spot 9,Occupied,2026-06-25T18:34:37.387271+00:00,707,car,0.44124525785446167,0,154.8956298828125,324.1990051269531,193.83584594726562,351.4021301269531
2026-06-25T18:34:37.387271+00:00,spot_10,Spot 10,Occupied,2026-06-25T18:33:45.375543+00:00,646,car,0.486985981464386,2955,187.69883728027344,327.02508544921875,224.32179260253906,353.04217529296875
2026-06-25T18:34:37.387271+00:00,spot_11,Spot 11,Occupied,2026-06-25T18:34:37.387271+00:00,650,car,0.4501672387123108,2837,126.09357452392578,323.8792724609375,161.73675537109375,348.31402587890625
2026-06-25T18:34:37.387271+00:00,spot_12,Spot 12,Occupied,2026-06-25T18:25:23.253248+00:00,516,truck,0.6541498899459839,14497,79.74388122558594,308.2928771972656,142.6328582763672,347.4933776855469
2026-06-25T18:34:37.387271+00:00,spot_13,Spot 13,Empty,2026-06-25T18:03:20.871986+00:00,,,,,,,,
2026-06-25T18:34:37.387271+00:00,spot_14,Spot 14,Occupied,2026-06-25T18:34:37.387271+00:00,705,truck,0.5102498531341553,0,55.36713409423828,316.8367004394531,83.9967269897461,340.1924133300781
2026-06-25T18:34:37.387271+00:00,spot_15,Spot 15,Occupied,2026-06-25T18:18:40.882228+00:00,682,car,0.6303714513778687,1156,31.05402374267578,315.6355285644531,66.11795806884766,334.3092346191406
2026-06-25T18:34:37.387271+00:00,spot_16,Spot 16,Empty,2026-06-25T18:23:22.644595+00:00,,,,,,,,
2026-06-25T18:34:37.387271+00:00,spot_17,Spot 17,Empty,2026-06-25T18:08:23.061954+00:00,,,,,,,,
2026-06-25T18:35:27.908092+00:00,spot_1,Spot 1,Occupied,2026-06-25T18:35:27.908092+00:00,697,car,0.607550859451294,661,567.056640625,315.3536376953125,610.802490234375,367.9805908203125
2026-06-25T18:35:27.908092+00:00,spot_2,Spot 2,Occupied,2026-06-25T18:32:42.712883+00:00,703,truck,0.6789827346801758,163,507.8086242675781,322.1148681640625,546.36767578125,366.9393310546875
2026-06-25T18:35:27.908092+00:00,spot_3,Spot 3,Occupied,2026-06-25T18:35:27.908092+00:00,708,truck,0.42158880829811096,0,442.3538818359375,326.566162109375,489.45281982421875,370.17059326171875
2026-06-25T18:35:27.908092+00:00,spot_4,Spot 4,Occupied,2026-06-25T18:33:45.375543+00:00,692,truck,0.5301951766014099,846,387.41217041015625,302.6884765625,441.2564697265625,365.8399658203125
2026-06-25T18:35:27.908092+00:00,spot_5,Spot 5,Occupied,2026-06-25T18:34:37.387271+00:00,706,truck,0.5977838039398193,50,335.5068359375,328.59918212890625,391.00390625,367.94671630859375
2026-06-25T18:35:27.908092+00:00,spot_6,Spot 6,Occupied,2026-06-25T17:53:20.478281+00:00,520,car,0.6645360589027405,13980,282.22357177734375,329.9809265136719,338.27386474609375,364.7957458496094
2026-06-25T18:35:27.908092+00:00,spot_7,Spot 7,Occupied,2026-06-25T17:50:21.132709+00:00,482,car,0.6210876703262329,19078,255.620849609375,325.96612548828125,304.00213623046875,360.11517333984375
2026-06-25T18:35:27.908092+00:00,spot_8,Spot 8,Occupied,2026-06-25T17:53:20.478281+00:00,649,car,0.5517772436141968,2887,207.94036865234375,325.4958801269531,263.10833740234375,358.5198059082031
2026-06-25T18:35:27.908092+00:00,spot_9,Spot 9,Occupied,2026-06-25T18:34:37.387271+00:00,707,car,0.35994112491607666,50,155.35934448242188,325.03564453125,194.66012573242188,351.65606689453125
2026-06-25T18:35:27.908092+00:00,spot_10,Spot 10,Occupied,2026-06-25T18:35:27.908092+00:00,650,car,0.4126773774623871,2887,127.10530090332031,323.7503662109375,176.0755157470703,348.1827392578125
2026-06-25T18:35:27.908092+00:00,spot_11,Spot 11,Empty,2026-06-25T18:35:27.908092+00:00,,,,,,,,
2026-06-25T18:35:27.908092+00:00,spot_12,Spot 12,Occupied,2026-06-25T18:25:23.253248+00:00,516,truck,0.6926974058151245,14547,79.87242126464844,308.73724365234375,142.7630615234375,347.41473388671875
2026-06-25T18:35:27.908092+00:00,spot_13,Spot 13,Empty,2026-06-25T18:03:20.871986+00:00,,,,,,,,
2026-06-25T18:35:27.908092+00:00,spot_14,Spot 14,Empty,2026-06-25T18:35:27.908092+00:00,,,,,,,,
2026-06-25T18:35:27.908092+00:00,spot_15,Spot 15,Occupied,2026-06-25T18:18:40.882228+00:00,682,car,0.5142147541046143,1206,31.12413215637207,315.66510009765625,63.43951416015625,334.93988037109375
2026-06-25T18:35:27.908092+00:00,spot_16,Spot 16,Empty,2026-06-25T18:23:22.644595+00:00,,,,,,,,
2026-06-25T18:35:27.908092+00:00,spot_17,Spot 17,Empty,2026-06-25T18:08:23.061954+00:00,,,,,,,,
2026-06-25T18:36:22.793594+00:00,spot_1,Spot 1,Occupied,2026-06-25T18:36:22.793594+00:00,687,truck,0.574089765548706,1060,566.6885986328125,315.60357666015625,610.6038818359375,368.3529052734375
2026-06-25T18:36:22.793594+00:00,spot_2,Spot 2,Occupied,2026-06-25T18:32:42.712883+00:00,703,truck,0.6206381916999817,219,507.6333923339844,323.0467529296875,548.4566650390625,367.031494140625
2026-06-25T18:36:22.793594+00:00,spot_3,Spot 3,Occupied,2026-06-25T18:36:22.793594+00:00,484,car,0.6494772434234619,18593,442.2274475097656,326.8209228515625,489.5575866699219,370.550048828125
2026-06-25T18:36:22.793594+00:00,spot_4,Spot 4,Occupied,2026-06-25T18:33:45.375543+00:00,692,truck,0.6645562648773193,901,387.0595703125,302.5989990234375,435.4990234375,366.39129638671875
2026-06-25T18:36:22.793594+00:00,spot_5,Spot 5,Occupied,2026-06-25T18:36:22.793594+00:00,485,car,0.7501620650291443,18541,335.449951171875,328.82537841796875,388.9493408203125,367.63177490234375
2026-06-25T18:36:22.793594+00:00,spot_6,Spot 6,Occupied,2026-06-25T17:53:20.478281+00:00,520,car,0.7864711880683899,14036,282.3870849609375,329.33831787109375,341.0794677734375,364.755859375
2026-06-25T18:36:22.793594+00:00,spot_7,Spot 7,Occupied,2026-06-25T17:50:21.132709+00:00,482,car,0.7122765779495239,19133,255.5181884765625,325.9944763183594,304.542236328125,360.0147399902344
2026-06-25T18:36:22.793594+00:00,spot_8,Spot 8,Occupied,2026-06-25T17:53:20.478281+00:00,649,car,0.7202276587486267,2942,207.661865234375,325.8934631347656,263.49658203125,358.0259094238281
2026-06-25T18:36:22.793594+00:00,spot_9,Spot 9,Occupied,2026-06-25T18:34:37.387271+00:00,707,car,0.36579224467277527,105,157.24813842773438,324.57470703125,192.93252563476562,351.75714111328125
2026-06-25T18:36:22.793594+00:00,spot_10,Spot 10,Occupied,2026-06-25T18:35:27.908092+00:00,650,car,0.5595554113388062,2942,126.62358093261719,322.2637939453125,176.46336364746094,348.74542236328125
2026-06-25T18:36:22.793594+00:00,spot_11,Spot 11,Empty,2026-06-25T18:35:27.908092+00:00,,,,,,,,
2026-06-25T18:36:22.793594+00:00,spot_12,Spot 12,Occupied,2026-06-25T18:25:23.253248+00:00,516,truck,0.7412871718406677,14603,78.9361572265625,308.4461669921875,142.19384765625,347.3275146484375
2026-06-25T18:36:22.793594+00:00,spot_13,Spot 13,Empty,2026-06-25T18:03:20.871986+00:00,,,,,,,,
2026-06-25T18:36:22.793594+00:00,spot_14,Spot 14,Occupied,2026-06-25T18:36:22.793594+00:00,705,truck,0.43731045722961426,105,55.481109619140625,316.12744140625,84.54879760742188,340.5484619140625
2026-06-25T18:36:22.793594+00:00,spot_15,Spot 15,Occupied,2026-06-25T18:18:40.882228+00:00,682,car,0.5264290571212769,1262,31.19933319091797,315.4251708984375,67.09658813476562,334.9482421875
2026-06-25T18:36:22.793594+00:00,spot_16,Spot 16,Empty,2026-06-25T18:23:22.644595+00:00,,,,,,,,
2026-06-25T18:36:22.793594+00:00,spot_17,Spot 17,Empty,2026-06-25T18:08:23.061954+00:00,,,,,,,,
2026-06-25T18:37:24.161488+00:00,spot_1,Spot 1,Occupied,2026-06-25T18:36:22.793594+00:00,687,truck,0.6639531254768372,1124,567.219482421875,315.4317626953125,610.4873046875,367.9449462890625
2026-06-25T18:37:24.161488+00:00,spot_2,Spot 2,Occupied,2026-06-25T18:32:42.712883+00:00,703,truck,0.5227970480918884,283,507.82525634765625,323.96923828125,548.2485961914062,366.33154296875
2026-06-25T18:37:24.161488+00:00,spot_3,Spot 3,Occupied,2026-06-25T18:37:24.161488+00:00,708,truck,0.4889587163925171,119,442.30096435546875,326.70703125,489.14727783203125,369.66510009765625
2026-06-25T18:37:24.161488+00:00,spot_4,Spot 4,Occupied,2026-06-25T18:33:45.375543+00:00,692,truck,0.6198264360427856,965,387.4840087890625,320.6532897949219,441.20263671875,365.7978820800781
2026-06-25T18:37:24.161488+00:00,spot_5,Spot 5,Occupied,2026-06-25T18:37:24.161488+00:00,706,truck,0.46518415212631226,169,335.087890625,329.02880859375,386.426025390625,367.780029296875
2026-06-25T18:37:24.161488+00:00,spot_6,Spot 6,Occupied,2026-06-25T17:53:20.478281+00:00,520,car,0.7263279557228088,14099,283.83978271484375,329.4769287109375,338.23004150390625,364.77294921875
2026-06-25T18:37:24.161488+00:00,spot_7,Spot 7,Occupied,2026-06-25T17:50:21.132709+00:00,482,car,0.6490033268928528,19197,255.52459716796875,326.02001953125,303.83917236328125,360.1197509765625
2026-06-25T18:37:24.161488+00:00,spot_8,Spot 8,Occupied,2026-06-25T17:53:20.478281+00:00,649,car,0.5802558660507202,3006,207.68960571289062,325.2657165527344,264.6371154785156,358.3661193847656
2026-06-25T18:37:24.161488+00:00,spot_9,Spot 9,Occupied,2026-06-25T18:37:24.161488+00:00,646,car,0.6998879909515381,3125,188.08331298828125,327.32757568359375,224.0458984375,352.85369873046875
2026-06-25T18:37:24.161488+00:00,spot_10,Spot 10,Occupied,2026-06-25T18:35:27.908092+00:00,650,car,0.5947312116622925,3006,125.73545837402344,320.8388366699219,175.6966094970703,348.5105895996094
2026-06-25T18:37:24.161488+00:00,spot_11,Spot 11,Empty,2026-06-25T18:35:27.908092+00:00,,,,,,,,
2026-06-25T18:37:24.161488+00:00,spot_12,Spot 12,Occupied,2026-06-25T18:25:23.253248+00:00,516,truck,0.6280973553657532,14666,80.24299621582031,308.12774658203125,143.69252014160156,347.0115966796875
2026-06-25T18:37:24.161488+00:00,spot_13,Spot 13,Empty,2026-06-25T18:03:20.871986+00:00,,,,,,,,
2026-06-25T18:37:24.161488+00:00,spot_14,Spot 14,Occupied,2026-06-25T18:36:22.793594+00:00,705,truck,0.3557838797569275,169,57.05633544921875,317.0224914550781,84.44830322265625,340.7424011230469
2026-06-25T18:37:24.161488+00:00,spot_15,Spot 15,Occupied,2026-06-25T18:18:40.882228+00:00,682,car,0.6733110547065735,1326,31.0570068359375,315.47613525390625,65.14895629882812,334.39251708984375
2026-06-25T18:37:24.161488+00:00,spot_16,Spot 16,Occupied,2026-06-25T18:37:24.161488+00:00,709,car,0.367207795381546,0,21.205360412597656,315.001220703125,45.21672058105469,331.6636962890625
2026-06-25T18:37:24.161488+00:00,spot_17,Spot 17,Empty,2026-06-25T18:08:23.061954+00:00,,,,,,,,
2026-06-25T18:38:34.118336+00:00,spot_1,Spot 1,Occupied,2026-06-25T18:38:34.118336+00:00,710,car,0.7908596992492676,0,567.20849609375,315.5985107421875,610.327880859375,367.51531982421875
2026-06-25T18:38:34.118336+00:00,spot_2,Spot 2,Occupied,2026-06-25T18:38:34.118336+00:00,711,bus,0.46420133113861084,0,507.3739013671875,292.75054931640625,547.47607421875,367.64971923828125
2026-06-25T18:38:34.118336+00:00,spot_3,Spot 3,Occupied,2026-06-25T18:38:34.118336+00:00,484,car,0.7454749345779419,18728,442.6885986328125,326.6555480957031,488.47442626953125,369.9433898925781
2026-06-25T18:38:34.118336+00:00,spot_4,Spot 4,Occupied,2026-06-25T18:33:45.375543+00:00,692,truck,0.7169121503829956,1036,387.40582275390625,302.4454650878906,443.12762451171875,365.6858215332031
2026-06-25T18:38:34.118336+00:00,spot_5,Spot 5,Occupied,2026-06-25T18:38:34.118336+00:00,485,car,0.8269132375717163,18676,335.3828125,328.75811767578125,387.7010498046875,367.92486572265625
2026-06-25T18:38:34.118336+00:00,spot_6,Spot 6,Occupied,2026-06-25T17:53:20.478281+00:00,520,car,0.7821203470230103,14170,284.02581787109375,329.4383850097656,341.26800537109375,365.2789611816406
2026-06-25T18:38:34.118336+00:00,spot_7,Spot 7,Occupied,2026-06-25T17:50:21.132709+00:00,482,car,0.7695209383964539,19268,255.4158935546875,326.20556640625,304.2415771484375,360.20062255859375
2026-06-25T18:38:34.118336+00:00,spot_8,Spot 8,Occupied,2026-06-25T17:53:20.478281+00:00,649,car,0.522722601890564,3077,207.50662231445312,325.420654296875,263.95831298828125,358.60009765625
2026-06-25T18:38:34.118336+00:00,spot_9,Spot 9,Occupied,2026-06-25T18:38:34.118336+00:00,704,truck,0.4087503254413605,292,156.943603515625,324.4522705078125,192.576416015625,351.558349609375
2026-06-25T18:38:34.118336+00:00,spot_10,Spot 10,Occupied,2026-06-25T18:35:27.908092+00:00,650,car,0.42068442702293396,3077,127.02626037597656,321.86102294921875,176.26951599121094,348.1708984375
2026-06-25T18:38:34.118336+00:00,spot_11,Spot 11,Empty,2026-06-25T18:35:27.908092+00:00,,,,,,,,
2026-06-25T18:38:34.118336+00:00,spot_12,Spot 12,Occupied,2026-06-25T18:25:23.253248+00:00,516,truck,0.6028822660446167,14737,79.17013549804688,307.79315185546875,143.46527099609375,347.34442138671875
2026-06-25T18:38:34.118336+00:00,spot_13,Spot 13,Empty,2026-06-25T18:03:20.871986+00:00,,,,,,,,
2026-06-25T18:38:34.118336+00:00,spot_14,Spot 14,Empty,2026-06-25T18:38:34.118336+00:00,,,,,,,,
2026-06-25T18:38:34.118336+00:00,spot_15,Spot 15,Occupied,2026-06-25T18:18:40.882228+00:00,682,car,0.6607158184051514,1396,30.679054260253906,315.7305908203125,66.42332458496094,334.61553955078125
2026-06-25T18:38:34.118336+00:00,spot_16,Spot 16,Occupied,2026-06-25T18:37:24.161488+00:00,709,car,0.42722007632255554,70,21.38705825805664,315.01953125,43.15694046020508,331.505126953125
2026-06-25T18:38:34.118336+00:00,spot_17,Spot 17,Empty,2026-06-25T18:08:23.061954+00:00,,,,,,,,
2026-06-25T18:39:37.071489+00:00,spot_1,Spot 1,Occupied,2026-06-25T18:39:37.071489+00:00,687,truck,0.6515220403671265,1255,567.3411865234375,315.5296936035156,610.7286376953125,367.3894348144531
2026-06-25T18:39:37.071489+00:00,spot_2,Spot 2,Occupied,2026-06-25T18:39:37.071489+00:00,703,truck,0.6805434823036194,413,507.3863525390625,323.14520263671875,547.9345703125,367.48236083984375
2026-06-25T18:39:37.071489+00:00,spot_3,Spot 3,Occupied,2026-06-25T18:38:34.118336+00:00,484,car,0.8257683515548706,18787,442.46246337890625,327.0655822753906,489.1231689453125,370.8834533691406
2026-06-25T18:39:37.071489+00:00,spot_4,Spot 4,Occupied,2026-06-25T18:33:45.375543+00:00,692,truck,0.5101804733276367,1096,387.509033203125,322.1876525878906,442.8885498046875,365.2502746582031
2026-06-25T18:39:37.071489+00:00,spot_5,Spot 5,Occupied,2026-06-25T18:39:37.071489+00:00,706,truck,0.45224273204803467,300,335.1739501953125,328.85455322265625,390.85784912109375,367.91033935546875
2026-06-25T18:39:37.071489+00:00,spot_6,Spot 6,Occupied,2026-06-25T17:53:20.478281+00:00,520,car,0.7799577116966248,14230,280.920166015625,329.1986083984375,341.16864013671875,364.9830322265625
2026-06-25T18:39:37.071489+00:00,spot_7,Spot 7,Occupied,2026-06-25T17:50:21.132709+00:00,482,car,0.7086431980133057,19327,255.4859161376953,325.43170166015625,303.23040771484375,359.67205810546875
2026-06-25T18:39:37.071489+00:00,spot_8,Spot 8,Occupied,2026-06-25T18:39:37.071489+00:00,646,car,0.585527777671814,3256,188.4950408935547,326.9482421875,225.5540008544922,352.9610595703125
2026-06-25T18:39:37.071489+00:00,spot_9,Spot 9,Empty,2026-06-25T18:39:37.071489+00:00,,,,,,,,
2026-06-25T18:39:37.071489+00:00,spot_10,Spot 10,Occupied,2026-06-25T18:35:27.908092+00:00,650,car,0.6560428738594055,3137,127.04389953613281,321.0806884765625,172.93983459472656,348.4571533203125
2026-06-25T18:39:37.071489+00:00,spot_11,Spot 11,Empty,2026-06-25T18:35:27.908092+00:00,,,,,,,,
2026-06-25T18:39:37.071489+00:00,spot_12,Spot 12,Occupied,2026-06-25T18:25:23.253248+00:00,516,truck,0.7102867364883423,14797,79.509765625,308.2943420410156,143.06910705566406,347.0650939941406
2026-06-25T18:39:37.071489+00:00,spot_13,Spot 13,Empty,2026-06-25T18:03:20.871986+00:00,,,,,,,,
2026-06-25T18:39:37.071489+00:00,spot_14,Spot 14,Empty,2026-06-25T18:38:34.118336+00:00,,,,,,,,
2026-06-25T18:39:37.071489+00:00,spot_15,Spot 15,Occupied,2026-06-25T18:18:40.882228+00:00,682,car,0.5584495067596436,1456,31.55738639831543,315.3587646484375,63.9476318359375,334.226318359375
2026-06-25T18:39:37.071489+00:00,spot_16,Spot 16,Empty,2026-06-25T18:39:37.071489+00:00,,,,,,,,
2026-06-25T18:39:37.071489+00:00,spot_17,Spot 17,Empty,2026-06-25T18:08:23.061954+00:00,,,,,,,,
2026-06-25T18:40:28.528150+00:00,spot_1,Spot 1,Occupied,2026-06-25T18:40:28.528150+00:00,710,car,0.7751550078392029,111,567.238525390625,315.91290283203125,610.7978515625,367.46063232421875
2026-06-25T18:40:28.528150+00:00,spot_2,Spot 2,Occupied,2026-06-25T18:39:37.071489+00:00,703,truck,0.485028475522995,465,507.47509765625,323.32269287109375,546.3697509765625,367.16925048828125
2026-06-25T18:40:28.528150+00:00,spot_3,Spot 3,Occupied,2026-06-25T18:38:34.118336+00:00,484,car,0.6328961253166199,18839,442.470703125,327.2428283691406,488.93695068359375,370.6803894042969
2026-06-25T18:40:28.528150+00:00,spot_4,Spot 4,Occupied,2026-06-25T18:33:45.375543+00:00,692,truck,0.699715256690979,1148,387.4630126953125,302.551513671875,443.02294921875,365.9185791015625
2026-06-25T18:40:28.528150+00:00,spot_5,Spot 5,Occupied,2026-06-25T18:40:28.528150+00:00,485,car,0.6630180478096008,18787,335.15130615234375,328.78277587890625,387.87786865234375,368.01202392578125
2026-06-25T18:40:28.528150+00:00,spot_6,Spot 6,Occupied,2026-06-25T17:53:20.478281+00:00,520,car,0.6689769625663757,14282,283.848388671875,329.0286865234375,340.4498291015625,365.052490234375
2026-06-25T18:40:28.528150+00:00,spot_7,Spot 7,Occupied,2026-06-25T17:50:21.132709+00:00,482,car,0.7033292651176453,19379,255.4964599609375,325.5694580078125,303.43804931640625,360.0299072265625
2026-06-25T18:40:28.528150+00:00,spot_8,Spot 8,Occupied,2026-06-25T18:40:28.528150+00:00,649,car,0.7181371450424194,3189,207.9691162109375,325.36956787109375,264.0611572265625,357.85113525390625
2026-06-25T18:40:28.528150+00:00,spot_9,Spot 9,Occupied,2026-06-25T18:40:28.528150+00:00,646,car,0.6393510699272156,3308,187.99310302734375,327.2635498046875,223.7232666015625,352.9627685546875
2026-06-25T18:40:28.528150+00:00,spot_10,Spot 10,Occupied,2026-06-25T18:35:27.908092+00:00,650,car,0.47874727845191956,3189,127.090576171875,321.8805847167969,176.95529174804688,348.5356140136719
2026-06-25T18:40:28.528150+00:00,spot_11,Spot 11,Empty,2026-06-25T18:35:27.908092+00:00,,,,,,,,
2026-06-25T18:40:28.528150+00:00,spot_12,Spot 12,Occupied,2026-06-25T18:25:23.253248+00:00,516,truck,0.7149436473846436,14849,79.26130676269531,308.4876403808594,142.3404083251953,347.5952453613281
2026-06-25T18:40:28.528150+00:00,spot_13,Spot 13,Empty,2026-06-25T18:03:20.871986+00:00,,,,,,,,
2026-06-25T18:40:28.528150+00:00,spot_14,Spot 14,Empty,2026-06-25T18:38:34.118336+00:00,,,,,,,,
2026-06-25T18:40:28.528150+00:00,spot_15,Spot 15,Occupied,2026-06-25T18:18:40.882228+00:00,682,car,0.3545679450035095,1508,28.603759765625,315.1441955566406,65.622314453125,334.3353576660156
2026-06-25T18:40:28.528150+00:00,spot_16,Spot 16,Empty,2026-06-25T18:39:37.071489+00:00,,,,,,,,
2026-06-25T18:40:28.528150+00:00,spot_17,Spot 17,Empty,2026-06-25T18:08:23.061954+00:00,,,,,,,,
2026-06-25T18:41:23.117630+00:00,spot_1,Spot 1,Occupied,2026-06-25T18:41:23.117630+00:00,687,truck,0.3680902123451233,1361,567.300048828125,315.108154296875,610.7301025390625,367.5
2026-06-25T18:41:23.117630+00:00,spot_2,Spot 2,Occupied,2026-06-25T18:39:37.071489+00:00,703,truck,0.632274866104126,519,507.27325439453125,322.6815185546875,549.3777465820312,367.1884765625
2026-06-25T18:41:23.117630+00:00,spot_3,Spot 3,Occupied,2026-06-25T18:38:34.118336+00:00,484,car,0.7503761649131775,18893,442.52679443359375,326.8002624511719,489.4722900390625,369.8410949707031
2026-06-25T18:41:23.117630+00:00,spot_4,Spot 4,Occupied,2026-06-25T18:33:45.375543+00:00,692,truck,0.6400406360626221,1202,387.4364013671875,302.75897216796875,442.7686767578125,366.01153564453125
2026-06-25T18:41:23.117630+00:00,spot_5,Spot 5,Occupied,2026-06-25T18:40:28.528150+00:00,485,car,0.8230616450309753,18841,335.24615478515625,328.92572021484375,389.64691162109375,368.1947021484375
2026-06-25T18:41:23.117630+00:00,spot_6,Spot 6,Occupied,2026-06-25T17:53:20.478281+00:00,520,car,0.7932584881782532,14336,283.906005859375,329.236083984375,341.5693359375,364.8798828125
2026-06-25T18:41:23.117630+00:00,spot_7,Spot 7,Occupied,2026-06-25T17:50:21.132709+00:00,482,car,0.7328353524208069,19433,255.5386505126953,325.821044921875,303.51300048828125,359.468017578125
2026-06-25T18:41:23.117630+00:00,spot_8,Spot 8,Occupied,2026-06-25T18:40:28.528150+00:00,649,car,0.45261743664741516,3243,207.98382568359375,324.1728210449219,263.3942565917969,358.9931335449219
2026-06-25T18:41:23.117630+00:00,spot_9,Spot 9,Occupied,2026-06-25T18:41:23.117630+00:00,712,car,0.4208475649356842,0,157.53860473632812,324.3815002441406,192.31179809570312,351.6783752441406
2026-06-25T18:41:23.117630+00:00,spot_10,Spot 10,Occupied,2026-06-25T18:35:27.908092+00:00,650,car,0.5493247509002686,3243,126.75532531738281,321.29443359375,174.9348602294922,348.031982421875
2026-06-25T18:41:23.117630+00:00,spot_11,Spot 11,Empty,2026-06-25T18:35:27.908092+00:00,,,,,,,,
2026-06-25T18:41:23.117630+00:00,spot_12,Spot 12,Occupied,2026-06-25T18:25:23.253248+00:00,516,truck,0.6344738602638245,14903,81.09172058105469,308.16015625,142.57835388183594,347.4644775390625
2026-06-25T18:41:23.117630+00:00,spot_13,Spot 13,Empty,2026-06-25T18:03:20.871986+00:00,,,,,,,,
2026-06-25T18:41:23.117630+00:00,spot_14,Spot 14,Empty,2026-06-25T18:38:34.118336+00:00,,,,,,,,
2026-06-25T18:41:23.117630+00:00,spot_15,Spot 15,Empty,2026-06-25T18:41:23.117630+00:00,,,,,,,,
2026-06-25T18:41:23.117630+00:00,spot_16,Spot 16,Empty,2026-06-25T18:39:37.071489+00:00,,,,,,,,
2026-06-25T18:41:23.117630+00:00,spot_17,Spot 17,Empty,2026-06-25T18:08:23.061954+00:00,,,,,,,,
2026-06-25T18:42:22.566019+00:00,spot_1,Spot 1,Occupied,2026-06-25T18:41:23.117630+00:00,687,truck,0.3680902123451233,1421,567.300048828125,315.108154296875,610.7301025390625,367.5
2026-06-25T18:42:22.566019+00:00,spot_2,Spot 2,Occupied,2026-06-25T18:39:37.071489+00:00,703,truck,0.632274866104126,579,507.27325439453125,322.6815185546875,549.3777465820312,367.1884765625
2026-06-25T18:42:22.566019+00:00,spot_3,Spot 3,Occupied,2026-06-25T18:38:34.118336+00:00,484,car,0.7503761649131775,18953,442.52679443359375,326.8002624511719,489.4722900390625,369.8410949707031
2026-06-25T18:42:22.566019+00:00,spot_4,Spot 4,Occupied,2026-06-25T18:33:45.375543+00:00,692,truck,0.6400406360626221,1262,387.4364013671875,302.75897216796875,442.7686767578125,366.01153564453125
2026-06-25T18:42:22.566019+00:00,spot_5,Spot 5,Occupied,2026-06-25T18:40:28.528150+00:00,485,car,0.8230616450309753,18901,335.24615478515625,328.92572021484375,389.64691162109375,368.1947021484375
2026-06-25T18:42:22.566019+00:00,spot_6,Spot 6,Occupied,2026-06-25T17:53:20.478281+00:00,520,car,0.7932584881782532,14396,283.906005859375,329.236083984375,341.5693359375,364.8798828125
2026-06-25T18:42:22.566019+00:00,spot_7,Spot 7,Occupied,2026-06-25T17:50:21.132709+00:00,482,car,0.7328353524208069,19493,255.5386505126953,325.821044921875,303.51300048828125,359.468017578125
2026-06-25T18:42:22.566019+00:00,spot_8,Spot 8,Occupied,2026-06-25T18:40:28.528150+00:00,649,car,0.45261743664741516,3303,207.98382568359375,324.1728210449219,263.3942565917969,358.9931335449219
2026-06-25T18:42:22.566019+00:00,spot_9,Spot 9,Occupied,2026-06-25T18:41:23.117630+00:00,712,car,0.4208475649356842,60,157.53860473632812,324.3815002441406,192.31179809570312,351.6783752441406
2026-06-25T18:42:22.566019+00:00,spot_10,Spot 10,Occupied,2026-06-25T18:35:27.908092+00:00,650,car,0.5493247509002686,3303,126.75532531738281,321.29443359375,174.9348602294922,348.031982421875
2026-06-25T18:42:22.566019+00:00,spot_11,Spot 11,Empty,2026-06-25T18:35:27.908092+00:00,,,,,,,,
2026-06-25T18:42:22.566019+00:00,spot_12,Spot 12,Occupied,2026-06-25T18:25:23.253248+00:00,516,truck,0.6344738602638245,14963,81.09172058105469,308.16015625,142.57835388183594,347.4644775390625
2026-06-25T18:42:22.566019+00:00,spot_13,Spot 13,Empty,2026-06-25T18:03:20.871986+00:00,,,,,,,,
2026-06-25T18:42:22.566019+00:00,spot_14,Spot 14,Empty,2026-06-25T18:38:34.118336+00:00,,,,,,,,
2026-06-25T18:42:22.566019+00:00,spot_15,Spot 15,Empty,2026-06-25T18:41:23.117630+00:00,,,,,,,,
2026-06-25T18:42:22.566019+00:00,spot_16,Spot 16,Empty,2026-06-25T18:39:37.071489+00:00,,,,,,,,
2026-06-25T18:42:22.566019+00:00,spot_17,Spot 17,Empty,2026-06-25T18:08:23.061954+00:00,,,,,,,,
2026-06-25T18:43:21.488326+00:00,spot_1,Spot 1,Occupied,2026-06-25T18:41:23.117630+00:00,687,truck,0.6052031517028809,1480,567.606201171875,315.24688720703125,610.453857421875,366.61151123046875
2026-06-25T18:43:21.488326+00:00,spot_2,Spot 2,Occupied,2026-06-25T18:39:37.071489+00:00,703,truck,0.5322219133377075,638,507.3724365234375,323.017578125,547.07275390625,366.7496337890625
2026-06-25T18:43:21.488326+00:00,spot_3,Spot 3,Occupied,2026-06-25T18:38:34.118336+00:00,484,car,0.8570616841316223,19013,442.25323486328125,327.064453125,489.30621337890625,370.99896240234375
2026-06-25T18:43:21.488326+00:00,spot_4,Spot 4,Occupied,2026-06-25T18:33:45.375543+00:00,692,truck,0.6019891500473022,1321,387.30438232421875,302.2535400390625,444.58013916015625,365.9632568359375
2026-06-25T18:43:21.488326+00:00,spot_5,Spot 5,Occupied,2026-06-25T18:40:28.528150+00:00,485,car,0.40822309255599976,18960,334.9939270019531,328.88897705078125,389.4015197753906,367.88336181640625
2026-06-25T18:43:21.488326+00:00,spot_6,Spot 6,Occupied,2026-06-25T17:53:20.478281+00:00,520,car,0.612801730632782,14455,284.69256591796875,329.2392578125,337.86187744140625,364.9390869140625
2026-06-25T18:43:21.488326+00:00,spot_7,Spot 7,Occupied,2026-06-25T17:50:21.132709+00:00,482,car,0.6632238626480103,19552,255.63156127929688,326.0183410644531,303.5221252441406,359.7917785644531
2026-06-25T18:43:21.488326+00:00,spot_8,Spot 8,Occupied,2026-06-25T18:40:28.528150+00:00,649,car,0.40694114565849304,3362,208.07260131835938,322.020263671875,261.4358215332031,359.30706787109375
2026-06-25T18:43:21.488326+00:00,spot_9,Spot 9,Occupied,2026-06-25T18:43:21.488326+00:00,714,truck,0.476830393075943,0,155.98284912109375,324.4800720214844,193.29052734375,351.5518493652344
2026-06-25T18:43:21.488326+00:00,spot_10,Spot 10,Occupied,2026-06-25T18:35:27.908092+00:00,650,car,0.5825682878494263,3362,126.82089233398438,320.7542724609375,175.00897216796875,348.2713623046875
2026-06-25T18:43:21.488326+00:00,spot_11,Spot 11,Empty,2026-06-25T18:35:27.908092+00:00,,,,,,,,
2026-06-25T18:43:21.488326+00:00,spot_12,Spot 12,Occupied,2026-06-25T18:25:23.253248+00:00,516,truck,0.6637244820594788,15022,79.20828247070312,307.95501708984375,144.26019287109375,347.03460693359375
2026-06-25T18:43:21.488326+00:00,spot_13,Spot 13,Empty,2026-06-25T18:03:20.871986+00:00,,,,,,,,
2026-06-25T18:43:21.488326+00:00,spot_14,Spot 14,Empty,2026-06-25T18:38:34.118336+00:00,,,,,,,,
2026-06-25T18:43:21.488326+00:00,spot_15,Spot 15,Occupied,2026-06-25T18:43:21.488326+00:00,682,car,0.4573911130428314,1681,31.460372924804688,315.23748779296875,65.5406265258789,334.24761962890625
2026-06-25T18:43:21.488326+00:00,spot_16,Spot 16,Empty,2026-06-25T18:39:37.071489+00:00,,,,,,,,
2026-06-25T18:43:21.488326+00:00,spot_17,Spot 17,Empty,2026-06-25T18:08:23.061954+00:00,,,,,,,,
2026-06-25T18:44:23.464661+00:00,spot_1,Spot 1,Occupied,2026-06-25T18:41:23.117630+00:00,687,truck,0.46848687529563904,1541,567.3367919921875,315.0252685546875,610.1551513671875,367.64691162109375
2026-06-25T18:44:23.464661+00:00,spot_2,Spot 2,Occupied,2026-06-25T18:44:23.464661+00:00,716,car,0.7790907025337219,0,507.4029235839844,323.3570556640625,546.9591064453125,367.57257080078125
2026-06-25T18:44:23.464661+00:00,spot_3,Spot 3,Occupied,2026-06-25T18:38:34.118336+00:00,484,car,0.849556028842926,19073,442.06890869140625,326.7709045410156,489.11260986328125,370.7086486816406
2026-06-25T18:44:23.464661+00:00,spot_4,Spot 4,Occupied,2026-06-25T18:33:45.375543+00:00,692,truck,0.7574280500411987,1382,387.5526123046875,302.50579833984375,435.1104736328125,366.28668212890625
2026-06-25T18:44:23.464661+00:00,spot_5,Spot 5,Occupied,2026-06-25T18:44:23.464661+00:00,713,truck,0.4517957866191864,60,334.8345947265625,328.96466064453125,389.5142822265625,367.82220458984375
2026-06-25T18:44:23.464661+00:00,spot_6,Spot 6,Occupied,2026-06-25T17:53:20.478281+00:00,520,car,0.7092662453651428,14516,283.3934631347656,329.01361083984375,339.1305847167969,364.59954833984375
2026-06-25T18:44:23.464661+00:00,spot_7,Spot 7,Occupied,2026-06-25T17:50:21.132709+00:00,482,car,0.5532752871513367,19613,255.5650177001953,326.0902099609375,303.04852294921875,359.3824462890625
2026-06-25T18:44:23.464661+00:00,spot_8,Spot 8,Occupied,2026-06-25T18:40:28.528150+00:00,649,car,0.5547136068344116,3423,207.10037231445312,325.47930908203125,264.1712951660156,358.2076416015625
2026-06-25T18:44:23.464661+00:00,spot_9,Spot 9,Occupied,2026-06-25T18:44:23.464661+00:00,646,car,0.6428378820419312,3541,187.9715576171875,327.29345703125,224.13143920898438,352.685546875
2026-06-25T18:44:23.464661+00:00,spot_10,Spot 10,Occupied,2026-06-25T18:35:27.908092+00:00,650,car,0.7165652513504028,3423,127.14710235595703,320.869873046875,175.8330078125,348.25018310546875
2026-06-25T18:44:23.464661+00:00,spot_11,Spot 11,Empty,2026-06-25T18:35:27.908092+00:00,,,,,,,,
2026-06-25T18:44:23.464661+00:00,spot_12,Spot 12,Occupied,2026-06-25T18:25:23.253248+00:00,516,truck,0.6272713541984558,15083,80.03732299804688,308.6515808105469,142.6849822998047,347.1470642089844
2026-06-25T18:44:23.464661+00:00,spot_13,Spot 13,Empty,2026-06-25T18:03:20.871986+00:00,,,,,,,,
2026-06-25T18:44:23.464661+00:00,spot_14,Spot 14,Empty,2026-06-25T18:38:34.118336+00:00,,,,,,,,
2026-06-25T18:44:23.464661+00:00,spot_15,Spot 15,Occupied,2026-06-25T18:43:21.488326+00:00,682,car,0.4173749089241028,1742,30.773847579956055,315.43792724609375,64.59135437011719,334.36395263671875
2026-06-25T18:44:23.464661+00:00,spot_16,Spot 16,Empty,2026-06-25T18:39:37.071489+00:00,,,,,,,,
2026-06-25T18:44:23.464661+00:00,spot_17,Spot 17,Empty,2026-06-25T18:08:23.061954+00:00,,,,,,,,
2026-06-25T18:45:23.152913+00:00,spot_1,Spot 1,Occupied,2026-06-25T18:41:23.117630+00:00,687,truck,0.790719747543335,1600,567.081787109375,315.68206787109375,610.17529296875,368.10382080078125
2026-06-25T18:45:23.152913+00:00,spot_2,Spot 2,Occupied,2026-06-25T18:45:23.152913+00:00,703,truck,0.6874910593032837,758,507.34307861328125,322.87158203125,547.1981811523438,367.0235595703125
2026-06-25T18:45:23.152913+00:00,spot_3,Spot 3,Occupied,2026-06-25T18:38:34.118336+00:00,484,car,0.7558026313781738,19133,442.2836608886719,327.0135803222656,489.0167541503906,370.4969177246094
2026-06-25T18:45:23.152913+00:00,spot_4,Spot 4,Occupied,2026-06-25T18:33:45.375543+00:00,692,truck,0.7793481945991516,1441,387.37615966796875,302.6617736816406,442.09674072265625,365.6014709472656
2026-06-25T18:45:23.152913+00:00,spot_5,Spot 5,Occupied,2026-06-25T18:45:23.152913+00:00,485,car,0.6791693568229675,19080,335.15057373046875,328.7354431152344,389.26971435546875,367.8515930175781
2026-06-25T18:45:23.152913+00:00,spot_6,Spot 6,Occupied,2026-06-25T17:53:20.478281+00:00,520,car,0.7292647361755371,14575,284.9300537109375,329.4395446777344,338.3668212890625,364.6562805175781
2026-06-25T18:45:23.152913+00:00,spot_7,Spot 7,Occupied,2026-06-25T17:50:21.132709+00:00,482,car,0.5788492560386658,19672,255.5341339111328,325.9554443359375,303.41961669921875,359.7218017578125
2026-06-25T18:45:23.152913+00:00,spot_8,Spot 8,Occupied,2026-06-25T18:40:28.528150+00:00,649,car,0.48884478211402893,3482,207.59478759765625,324.92645263671875,264.11285400390625,358.61700439453125
2026-06-25T18:45:23.152913+00:00,spot_9,Spot 9,Occupied,2026-06-25T18:45:23.152913+00:00,714,truck,0.49366486072540283,119,156.57672119140625,323.1761169433594,193.375244140625,351.6168518066406
2026-06-25T18:45:23.152913+00:00,spot_10,Spot 10,Occupied,2026-06-25T18:35:27.908092+00:00,650,car,0.4740567207336426,3482,127.27041625976562,320.95172119140625,173.123046875,348.39471435546875
2026-06-25T18:45:23.152913+00:00,spot_11,Spot 11,Empty,2026-06-25T18:35:27.908092+00:00,,,,,,,,
2026-06-25T18:45:23.152913+00:00,spot_12,Spot 12,Empty,2026-06-25T18:45:23.152913+00:00,,,,,,,,
2026-06-25T18:45:23.152913+00:00,spot_13,Spot 13,Occupied,2026-06-25T18:45:23.152913+00:00,516,truck,0.4859410524368286,15142,74.00471496582031,308.00872802734375,142.4932098388672,347.55096435546875
2026-06-25T18:45:23.152913+00:00,spot_14,Spot 14,Empty,2026-06-25T18:38:34.118336+00:00,,,,,,,,
2026-06-25T18:45:23.152913+00:00,spot_15,Spot 15,Occupied,2026-06-25T18:43:21.488326+00:00,682,car,0.6207693815231323,1801,30.667098999023438,315.33929443359375,64.59673309326172,334.792724609375
2026-06-25T18:45:23.152913+00:00,spot_16,Spot 16,Occupied,2026-06-25T18:45:23.152913+00:00,717,car,0.4538005292415619,0,21.100677490234375,314.2650146484375,45.08653259277344,330.83929443359375
2026-06-25T18:45:23.152913+00:00,spot_17,Spot 17,Empty,2026-06-25T18:08:23.061954+00:00,,,,,,,,
2026-06-25T18:46:41.669829+00:00,spot_1,Spot 1,Occupied,2026-06-25T18:46:41.669829+00:00,710,car,0.6037851572036743,485,567.33447265625,315.27862548828125,610.1591796875,367.23944091796875
2026-06-25T18:46:41.669829+00:00,spot_2,Spot 2,Empty,2026-06-25T18:46:41.669829+00:00,,,,,,,,
2026-06-25T18:46:41.669829+00:00,spot_3,Spot 3,Occupied,2026-06-25T18:38:34.118336+00:00,484,car,0.8486051559448242,19213,442.2523193359375,326.9712829589844,489.276611328125,370.0541687011719
2026-06-25T18:46:41.669829+00:00,spot_4,Spot 4,Occupied,2026-06-25T18:33:45.375543+00:00,692,truck,0.5042599439620972,1521,387.364013671875,301.6519775390625,443.167724609375,365.82977294921875
2026-06-25T18:46:41.669829+00:00,spot_5,Spot 5,Occupied,2026-06-25T18:45:23.152913+00:00,485,car,0.6827980875968933,19161,335.0160217285156,328.7635803222656,387.4625549316406,368.0580749511719
2026-06-25T18:46:41.669829+00:00,spot_6,Spot 6,Occupied,2026-06-25T17:53:20.478281+00:00,520,car,0.7561178803443909,14655,284.2149658203125,329.37603759765625,341.08349609375,364.85125732421875
2026-06-25T18:46:41.669829+00:00,spot_7,Spot 7,Occupied,2026-06-25T17:50:21.132709+00:00,482,car,0.7839040756225586,19753,255.46778869628906,325.84222412109375,303.5528564453125,360.03533935546875
2026-06-25T18:46:41.669829+00:00,spot_8,Spot 8,Occupied,2026-06-25T18:40:28.528150+00:00,649,car,0.6742507815361023,3562,207.47848510742188,325.1514892578125,264.3729553222656,358.52783203125
2026-06-25T18:46:41.669829+00:00,spot_9,Spot 9,Occupied,2026-06-25T18:45:23.152913+00:00,714,truck,0.43452340364456177,200,156.654296875,324.25933837890625,193.68307495117188,351.74652099609375
2026-06-25T18:46:41.669829+00:00,spot_10,Spot 10,Occupied,2026-06-25T18:46:41.669829+00:00,718,truck,0.36175307631492615,0,127.03105163574219,320.32476806640625,175.83436584472656,347.900634765625
2026-06-25T18:46:41.669829+00:00,spot_11,Spot 11,Empty,2026-06-25T18:35:27.908092+00:00,,,,,,,,
2026-06-25T18:46:41.669829+00:00,spot_12,Spot 12,Occupied,2026-06-25T18:46:41.669829+00:00,516,truck,0.6914660334587097,15222,80.11463928222656,308.342529296875,142.21224975585938,347.0457763671875
2026-06-25T18:46:41.669829+00:00,spot_13,Spot 13,Empty,2026-06-25T18:46:41.669829+00:00,,,,,,,,
2026-06-25T18:46:41.669829+00:00,spot_14,Spot 14,Empty,2026-06-25T18:38:34.118336+00:00,,,,,,,,
2026-06-25T18:46:41.669829+00:00,spot_15,Spot 15,Occupied,2026-06-25T18:43:21.488326+00:00,682,car,0.6200854778289795,1882,31.3310546875,315.37054443359375,66.31759643554688,334.33367919921875
2026-06-25T18:46:41.669829+00:00,spot_16,Spot 16,Occupied,2026-06-25T18:45:23.152913+00:00,717,car,0.43656477332115173,80,21.398536682128906,313.9908447265625,43.455162048339844,330.9549560546875
2026-06-25T18:46:41.669829+00:00,spot_17,Spot 17,Empty,2026-06-25T18:08:23.061954+00:00,,,,,,,,
2026-06-25T18:47:32.613580+00:00,spot_1,Spot 1,Occupied,2026-06-25T18:46:41.669829+00:00,710,car,0.6037851572036743,533,567.33447265625,315.27862548828125,610.1591796875,367.23944091796875
2026-06-25T18:47:32.613580+00:00,spot_2,Spot 2,Empty,2026-06-25T18:46:41.669829+00:00,,,,,,,,
2026-06-25T18:47:32.613580+00:00,spot_3,Spot 3,Occupied,2026-06-25T18:38:34.118336+00:00,484,car,0.8486051559448242,19262,442.2523193359375,326.9712829589844,489.276611328125,370.0541687011719
2026-06-25T18:47:32.613580+00:00,spot_4,Spot 4,Occupied,2026-06-25T18:33:45.375543+00:00,692,truck,0.5042599439620972,1570,387.364013671875,301.6519775390625,443.167724609375,365.82977294921875
2026-06-25T18:47:32.613580+00:00,spot_5,Spot 5,Occupied,2026-06-25T18:45:23.152913+00:00,485,car,0.6827980875968933,19210,335.0160217285156,328.7635803222656,387.4625549316406,368.0580749511719
2026-06-25T18:47:32.613580+00:00,spot_6,Spot 6,Occupied,2026-06-25T17:53:20.478281+00:00,520,car,0.7561178803443909,14704,284.2149658203125,329.37603759765625,341.08349609375,364.85125732421875
2026-06-25T18:47:32.613580+00:00,spot_7,Spot 7,Occupied,2026-06-25T17:50:21.132709+00:00,482,car,0.7839040756225586,19802,255.46778869628906,325.84222412109375,303.5528564453125,360.03533935546875
2026-06-25T18:47:32.613580+00:00,spot_8,Spot 8,Occupied,2026-06-25T18:40:28.528150+00:00,649,car,0.6742507815361023,3611,207.47848510742188,325.1514892578125,264.3729553222656,358.52783203125
2026-06-25T18:47:32.613580+00:00,spot_9,Spot 9,Occupied,2026-06-25T18:45:23.152913+00:00,714,truck,0.43452340364456177,249,156.654296875,324.25933837890625,193.68307495117188,351.74652099609375
2026-06-25T18:47:32.613580+00:00,spot_10,Spot 10,Occupied,2026-06-25T18:46:41.669829+00:00,718,truck,0.36175307631492615,48,127.03105163574219,320.32476806640625,175.83436584472656,347.900634765625
2026-06-25T18:47:32.613580+00:00,spot_11,Spot 11,Empty,2026-06-25T18:35:27.908092+00:00,,,,,,,,
2026-06-25T18:47:32.613580+00:00,spot_12,Spot 12,Occupied,2026-06-25T18:46:41.669829+00:00,516,truck,0.6914660334587097,15271,80.11463928222656,308.342529296875,142.21224975585938,347.0457763671875
2026-06-25T18:47:32.613580+00:00,spot_13,Spot 13,Empty,2026-06-25T18:46:41.669829+00:00,,,,,,,,
2026-06-25T18:47:32.613580+00:00,spot_14,Spot 14,Empty,2026-06-25T18:38:34.118336+00:00,,,,,,,,
2026-06-25T18:47:32.613580+00:00,spot_15,Spot 15,Occupied,2026-06-25T18:43:21.488326+00:00,682,car,0.6200854778289795,1930,31.3310546875,315.37054443359375,66.31759643554688,334.33367919921875
2026-06-25T18:47:32.613580+00:00,spot_16,Spot 16,Occupied,2026-06-25T18:45:23.152913+00:00,717,car,0.43656477332115173,129,21.398536682128906,313.9908447265625,43.455162048339844,330.9549560546875
2026-06-25T18:47:32.613580+00:00,spot_17,Spot 17,Empty,2026-06-25T18:08:23.061954+00:00,,,,,,,,
2026-06-25T18:48:23.212686+00:00,spot_1,Spot 1,Occupied,2026-06-25T18:48:23.212686+00:00,720,truck,0.6064707040786743,0,567.1575927734375,315.15887451171875,610.6571044921875,366.86212158203125
2026-06-25T18:48:23.212686+00:00,spot_2,Spot 2,Empty,2026-06-25T18:46:41.669829+00:00,,,,,,,,
2026-06-25T18:48:23.212686+00:00,spot_3,Spot 3,Occupied,2026-06-25T18:38:34.118336+00:00,484,car,0.89347243309021,19320,442.4481201171875,326.67413330078125,489.985107421875,370.08917236328125
2026-06-25T18:48:23.212686+00:00,spot_4,Spot 4,Occupied,2026-06-25T18:33:45.375543+00:00,692,truck,0.648496150970459,1629,387.4591979980469,302.4650573730469,443.0592956542969,365.9999694824219
2026-06-25T18:48:23.212686+00:00,spot_5,Spot 5,Occupied,2026-06-25T18:45:23.152913+00:00,485,car,0.7522783875465393,19268,335.14794921875,328.958251953125,390.28460693359375,368.1199951171875
2026-06-25T18:48:23.212686+00:00,spot_6,Spot 6,Occupied,2026-06-25T17:53:20.478281+00:00,520,car,0.6497542262077332,14763,283.22698974609375,329.2652893066406,337.46331787109375,364.5998840332031
2026-06-25T18:48:23.212686+00:00,spot_7,Spot 7,Occupied,2026-06-25T17:50:21.132709+00:00,482,car,0.5746996998786926,19860,255.5071563720703,325.59295654296875,301.34674072265625,359.99432373046875
2026-06-25T18:48:23.212686+00:00,spot_8,Spot 8,Occupied,2026-06-25T18:40:28.528150+00:00,649,car,0.4032767415046692,3670,207.98721313476562,322.0268859863281,263.1138000488281,359.3119812011719
2026-06-25T18:48:23.212686+00:00,spot_9,Spot 9,Occupied,2026-06-25T18:48:23.212686+00:00,719,car,0.6818244457244873,0,187.59219360351562,327.36419677734375,224.60177612304688,352.86944580078125
2026-06-25T18:48:23.212686+00:00,spot_10,Spot 10,Occupied,2026-06-25T18:48:23.212686+00:00,650,car,0.6560831069946289,3670,127.14788818359375,320.7458190917969,177.3011474609375,348.1004943847656
2026-06-25T18:48:23.212686+00:00,spot_11,Spot 11,Empty,2026-06-25T18:35:27.908092+00:00,,,,,,,,
2026-06-25T18:48:23.212686+00:00,spot_12,Spot 12,Occupied,2026-06-25T18:46:41.669829+00:00,516,truck,0.7545160055160522,15330,79.48747253417969,307.9070739746094,143.70648193359375,346.4505920410156
2026-06-25T18:48:23.212686+00:00,spot_13,Spot 13,Empty,2026-06-25T18:46:41.669829+00:00,,,,,,,,
2026-06-25T18:48:23.212686+00:00,spot_14,Spot 14,Occupied,2026-06-25T18:48:23.212686+00:00,722,truck,0.435081422328949,0,55.766334533691406,314.85107421875,84.3472671508789,340.12957763671875
2026-06-25T18:48:23.212686+00:00,spot_15,Spot 15,Empty,2026-06-25T18:48:23.212686+00:00,,,,,,,,
2026-06-25T18:48:23.212686+00:00,spot_16,Spot 16,Occupied,2026-06-25T18:48:23.212686+00:00,682,car,0.4206876754760742,1989,21.406314849853516,314.41363525390625,63.10060501098633,334.40008544921875
2026-06-25T18:48:23.212686+00:00,spot_17,Spot 17,Empty,2026-06-25T18:08:23.061954+00:00,,,,,,,,
2026-06-25T18:49:23.476622+00:00,spot_1,Spot 1,Occupied,2026-06-25T18:49:23.476622+00:00,710,car,0.5612385272979736,645,567.3182983398438,316.83587646484375,610.3667602539062,367.26361083984375
2026-06-25T18:49:23.476622+00:00,spot_2,Spot 2,Empty,2026-06-25T18:46:41.669829+00:00,,,,,,,,
2026-06-25T18:49:23.476622+00:00,spot_3,Spot 3,Occupied,2026-06-25T18:38:34.118336+00:00,484,car,0.835107147693634,19373,442.3228759765625,327.17919921875,488.38580322265625,370.3232421875
2026-06-25T18:49:23.476622+00:00,spot_4,Spot 4,Empty,2026-06-25T18:49:23.476622+00:00,,,,,,,,
2026-06-25T18:49:23.476622+00:00,spot_5,Spot 5,Occupied,2026-06-25T18:45:23.152913+00:00,485,car,0.778348982334137,19321,334.9986572265625,329.0145263671875,386.6453857421875,368.4346923828125
2026-06-25T18:49:23.476622+00:00,spot_6,Spot 6,Occupied,2026-06-25T17:53:20.478281+00:00,520,car,0.78325355052948,14816,282.59130859375,329.56817626953125,340.1708984375,365.10552978515625
2026-06-25T18:49:23.476622+00:00,spot_7,Spot 7,Occupied,2026-06-25T17:50:21.132709+00:00,482,car,0.795276403427124,19913,255.59986877441406,326.01898193359375,303.6988525390625,360.14019775390625
2026-06-25T18:49:23.476622+00:00,spot_8,Spot 8,Occupied,2026-06-25T18:40:28.528150+00:00,649,car,0.7419925332069397,3723,207.5672607421875,324.7101135253906,264.64892578125,358.8539733886719
2026-06-25T18:49:23.476622+00:00,spot_9,Spot 9,Occupied,2026-06-25T18:48:23.212686+00:00,719,car,0.5135660171508789,53,187.92330932617188,326.932373046875,222.42758178710938,352.64459228515625
2026-06-25T18:49:23.476622+00:00,spot_10,Spot 10,Occupied,2026-06-25T18:48:23.212686+00:00,650,car,0.5825242400169373,3723,126.94689178466797,320.3587646484375,173.884765625,348.5240478515625
2026-06-25T18:49:23.476622+00:00,spot_11,Spot 11,Empty,2026-06-25T18:35:27.908092+00:00,,,,,,,,
2026-06-25T18:49:23.476622+00:00,spot_12,Spot 12,Occupied,2026-06-25T18:46:41.669829+00:00,516,truck,0.7359610795974731,15383,80.29783630371094,308.19384765625,143.86456298828125,346.9937744140625
2026-06-25T18:49:23.476622+00:00,spot_13,Spot 13,Empty,2026-06-25T18:46:41.669829+00:00,,,,,,,,
2026-06-25T18:49:23.476622+00:00,spot_14,Spot 14,Empty,2026-06-25T18:49:23.476622+00:00,,,,,,,,
2026-06-25T18:49:23.476622+00:00,spot_15,Spot 15,Occupied,2026-06-25T18:49:23.476622+00:00,682,car,0.37007153034210205,2042,31.330284118652344,315.38397216796875,64.97061157226562,334.2938232421875
2026-06-25T18:49:23.476622+00:00,spot_16,Spot 16,Empty,2026-06-25T18:49:23.476622+00:00,,,,,,,,
2026-06-25T18:49:23.476622+00:00,spot_17,Spot 17,Empty,2026-06-25T18:08:23.061954+00:00,,,,,,,,
2026-06-25T18:50:24.739895+00:00,spot_1,Spot 1,Occupied,2026-06-25T18:50:24.739895+00:00,720,truck,0.528663158416748,115,567.4498291015625,319.00274658203125,610.2030029296875,366.33258056640625
2026-06-25T18:50:24.739895+00:00,spot_2,Spot 2,Empty,2026-06-25T18:46:41.669829+00:00,,,,,,,,
2026-06-25T18:50:24.739895+00:00,spot_3,Spot 3,Occupied,2026-06-25T18:38:34.118336+00:00,484,car,0.8206068277359009,19436,442.4028625488281,326.84375,488.9722595214844,370.01007080078125
2026-06-25T18:50:24.739895+00:00,spot_4,Spot 4,Occupied,2026-06-25T18:50:24.739895+00:00,692,truck,0.5650990605354309,1744,386.65625,302.53631591796875,443.3160400390625,366.68585205078125
2026-06-25T18:50:24.739895+00:00,spot_5,Spot 5,Occupied,2026-06-25T18:45:23.152913+00:00,485,car,0.5807363986968994,19384,334.814208984375,328.91156005859375,385.9542236328125,368.66546630859375
2026-06-25T18:50:24.739895+00:00,spot_6,Spot 6,Occupied,2026-06-25T17:53:20.478281+00:00,520,car,0.5831771492958069,14878,283.7928466796875,329.1284484863281,338.84039306640625,365.0919494628906
2026-06-25T18:50:24.739895+00:00,spot_7,Spot 7,Occupied,2026-06-25T17:50:21.132709+00:00,482,car,0.7495176792144775,19976,255.56094360351562,326.05963134765625,303.0491027832031,359.39605712890625
2026-06-25T18:50:24.739895+00:00,spot_8,Spot 8,Occupied,2026-06-25T18:40:28.528150+00:00,649,car,0.5668286681175232,3785,208.0286865234375,323.94561767578125,264.17352294921875,359.18304443359375
2026-06-25T18:50:24.739895+00:00,spot_9,Spot 9,Occupied,2026-06-25T18:48:23.212686+00:00,719,car,0.49699950218200684,115,187.97872924804688,327.2284851074219,219.92727661132812,352.5416564941406
2026-06-25T18:50:24.739895+00:00,spot_10,Spot 10,Occupied,2026-06-25T18:48:23.212686+00:00,650,car,0.6911477446556091,3785,126.57713317871094,320.75067138671875,174.9430694580078,348.296630859375
2026-06-25T18:50:24.739895+00:00,spot_11,Spot 11,Empty,2026-06-25T18:35:27.908092+00:00,,,,,,,,
2026-06-25T18:50:24.739895+00:00,spot_12,Spot 12,Occupied,2026-06-25T18:46:41.669829+00:00,516,truck,0.6904604434967041,15445,79.80282592773438,308.36895751953125,143.8100128173828,346.97357177734375
2026-06-25T18:50:24.739895+00:00,spot_13,Spot 13,Empty,2026-06-25T18:46:41.669829+00:00,,,,,,,,
2026-06-25T18:50:24.739895+00:00,spot_14,Spot 14,Occupied,2026-06-25T18:50:24.739895+00:00,722,truck,0.37633633613586426,115,55.891117095947266,317.7581787109375,84.73309326171875,339.76416015625
2026-06-25T18:50:24.739895+00:00,spot_15,Spot 15,Occupied,2026-06-25T18:49:23.476622+00:00,682,car,0.4512577950954437,2104,30.90717124938965,315.2122802734375,67.6484603881836,334.34759521484375
2026-06-25T18:50:24.739895+00:00,spot_16,Spot 16,Empty,2026-06-25T18:49:23.476622+00:00,,,,,,,,
2026-06-25T18:50:24.739895+00:00,spot_17,Spot 17,Empty,2026-06-25T18:08:23.061954+00:00,,,,,,,,
2026-06-25T18:51:23.157696+00:00,spot_1,Spot 1,Occupied,2026-06-25T18:51:23.157696+00:00,710,car,0.4336526095867157,765,567.2605590820312,315.61962890625,610.5386352539062,366.9425048828125
2026-06-25T18:51:23.157696+00:00,spot_2,Spot 2,Empty,2026-06-25T18:46:41.669829+00:00,,,,,,,,
2026-06-25T18:51:23.157696+00:00,spot_3,Spot 3,Occupied,2026-06-25T18:38:34.118336+00:00,484,car,0.8534960150718689,19493,442.04266357421875,327.5184326171875,488.42352294921875,370.71014404296875
2026-06-25T18:51:23.157696+00:00,spot_4,Spot 4,Occupied,2026-06-25T18:50:24.739895+00:00,692,truck,0.4405626058578491,1801,387.4600830078125,302.2500305175781,442.9429931640625,365.7462463378906
2026-06-25T18:51:23.157696+00:00,spot_5,Spot 5,Occupied,2026-06-25T18:45:23.152913+00:00,485,car,0.6564612984657288,19441,335.1796569824219,329.3489990234375,388.2645568847656,367.8763427734375
2026-06-25T18:51:23.157696+00:00,spot_6,Spot 6,Occupied,2026-06-25T17:53:20.478281+00:00,520,car,0.7469679713249207,14935,283.89337158203125,329.33819580078125,337.40679931640625,365.58428955078125
2026-06-25T18:51:23.157696+00:00,spot_7,Spot 7,Occupied,2026-06-25T17:50:21.132709+00:00,482,car,0.7548306584358215,20033,255.64608764648438,326.45654296875,303.6545104980469,359.5841064453125
2026-06-25T18:51:23.157696+00:00,spot_8,Spot 8,Occupied,2026-06-25T18:40:28.528150+00:00,649,car,0.7128209471702576,3842,207.71875,324.2718505859375,264.8077392578125,358.5614013671875
2026-06-25T18:51:23.157696+00:00,spot_9,Spot 9,Occupied,2026-06-25T18:51:23.157696+00:00,723,car,0.4234920144081116,0,153.556396484375,323.71173095703125,208.96063232421875,351.29876708984375
2026-06-25T18:51:23.157696+00:00,spot_10,Spot 10,Occupied,2026-06-25T18:48:23.212686+00:00,650,car,0.7048476934432983,3842,126.8420639038086,320.7220458984375,174.59762573242188,348.57666015625
2026-06-25T18:51:23.157696+00:00,spot_11,Spot 11,Empty,2026-06-25T18:35:27.908092+00:00,,,,,,,,
2026-06-25T18:51:23.157696+00:00,spot_12,Spot 12,Occupied,2026-06-25T18:46:41.669829+00:00,516,truck,0.687500536441803,15502,79.78329467773438,308.10284423828125,142.00350952148438,347.36749267578125
2026-06-25T18:51:23.157696+00:00,spot_13,Spot 13,Empty,2026-06-25T18:46:41.669829+00:00,,,,,,,,
2026-06-25T18:51:23.157696+00:00,spot_14,Spot 14,Occupied,2026-06-25T18:50:24.739895+00:00,722,truck,0.432819664478302,172,55.31805419921875,313.16436767578125,84.79234313964844,340.00689697265625
2026-06-25T18:51:23.157696+00:00,spot_15,Spot 15,Occupied,2026-06-25T18:49:23.476622+00:00,682,car,0.4594998359680176,2162,31.299579620361328,314.94970703125,63.89069747924805,334.4501953125
2026-06-25T18:51:23.157696+00:00,spot_16,Spot 16,Empty,2026-06-25T18:49:23.476622+00:00,,,,,,,,
2026-06-25T18:51:23.157696+00:00,spot_17,Spot 17,Empty,2026-06-25T18:08:23.061954+00:00,,,,,,,,
2026-06-25T18:52:24.039535+00:00,spot_1,Spot 1,Occupied,2026-06-25T18:51:23.157696+00:00,710,car,0.7554383277893066,826,567.2113647460938,315.63720703125,609.9462280273438,370.80419921875
2026-06-25T18:52:24.039535+00:00,spot_2,Spot 2,Empty,2026-06-25T18:46:41.669829+00:00,,,,,,,,
2026-06-25T18:52:24.039535+00:00,spot_3,Spot 3,Occupied,2026-06-25T18:38:34.118336+00:00,484,car,0.4306633472442627,19554,442.6693115234375,327.07427978515625,489.3123779296875,372.62884521484375
2026-06-25T18:52:24.039535+00:00,spot_4,Spot 4,Occupied,2026-06-25T18:50:24.739895+00:00,692,truck,0.7821588516235352,1862,387.47808837890625,302.61907958984375,442.59661865234375,365.95550537109375
2026-06-25T18:52:24.039535+00:00,spot_5,Spot 5,Occupied,2026-06-25T18:45:23.152913+00:00,485,car,0.5981244444847107,19502,335.35357666015625,328.99493408203125,390.9755859375,368.01617431640625
2026-06-25T18:52:24.039535+00:00,spot_6,Spot 6,Occupied,2026-06-25T17:53:20.478281+00:00,520,car,0.5907116532325745,14996,284.3519287109375,329.2203369140625,340.8485107421875,365.676025390625
2026-06-25T18:52:24.039535+00:00,spot_7,Spot 7,Occupied,2026-06-25T17:50:21.132709+00:00,482,car,0.8012276291847229,20094,255.6905517578125,326.574951171875,302.74334716796875,360.15283203125
2026-06-25T18:52:24.039535+00:00,spot_8,Spot 8,Occupied,2026-06-25T18:52:24.039535+00:00,725,truck,0.39153042435646057,0,207.73574829101562,324.1346740722656,262.0395202636719,359.2835388183594
2026-06-25T18:52:24.039535+00:00,spot_9,Spot 9,Occupied,2026-06-25T18:52:24.039535+00:00,719,car,0.7556299567222595,233,187.73263549804688,327.57293701171875,224.92660522460938,352.97174072265625
2026-06-25T18:52:24.039535+00:00,spot_10,Spot 10,Occupied,2026-06-25T18:48:23.212686+00:00,650,car,0.6165356636047363,3903,127.28402709960938,321.07366943359375,177.3621826171875,348.37896728515625
2026-06-25T18:52:24.039535+00:00,spot_11,Spot 11,Empty,2026-06-25T18:35:27.908092+00:00,,,,,,,,
2026-06-25T18:52:24.039535+00:00,spot_12,Spot 12,Occupied,2026-06-25T18:46:41.669829+00:00,516,truck,0.6581847667694092,15563,78.43258666992188,308.9156494140625,143.76109313964844,347.00299072265625
2026-06-25T18:52:24.039535+00:00,spot_13,Spot 13,Empty,2026-06-25T18:46:41.669829+00:00,,,,,,,,
2026-06-25T18:52:24.039535+00:00,spot_14,Spot 14,Empty,2026-06-25T18:52:24.039535+00:00,,,,,,,,
2026-06-25T18:52:24.039535+00:00,spot_15,Spot 15,Empty,2026-06-25T18:52:24.039535+00:00,,,,,,,,
2026-06-25T18:52:24.039535+00:00,spot_16,Spot 16,Occupied,2026-06-25T18:52:24.039535+00:00,682,car,0.5664104223251343,2223,23.865142822265625,314.92364501953125,61.20701599121094,333.9888916015625
2026-06-25T18:52:24.039535+00:00,spot_17,Spot 17,Empty,2026-06-25T18:08:23.061954+00:00,,,,,,,,
2026-06-25T18:53:22.124698+00:00,spot_1,Spot 1,Occupied,2026-06-25T18:53:22.124698+00:00,720,truck,0.4089911878108978,290,567.05322265625,315.14801025390625,610.447509765625,366.50335693359375
2026-06-25T18:53:22.124698+00:00,spot_2,Spot 2,Empty,2026-06-25T18:46:41.669829+00:00,,,,,,,,
2026-06-25T18:53:22.124698+00:00,spot_3,Spot 3,Occupied,2026-06-25T18:53:22.124698+00:00,724,truck,0.4368186295032501,57,442.31414794921875,327.1768798828125,488.78106689453125,370.2269287109375
2026-06-25T18:53:22.124698+00:00,spot_4,Spot 4,Occupied,2026-06-25T18:50:24.739895+00:00,692,truck,0.7665579319000244,1919,387.56243896484375,302.2181396484375,442.18414306640625,365.566162109375
2026-06-25T18:53:22.124698+00:00,spot_5,Spot 5,Occupied,2026-06-25T18:45:23.152913+00:00,485,car,0.5586183667182922,19559,335.0594787597656,329.2266845703125,385.9263610839844,368.4573974609375
2026-06-25T18:53:22.124698+00:00,spot_6,Spot 6,Occupied,2026-06-25T17:53:20.478281+00:00,520,car,0.5192742347717285,15053,282.069091796875,329.1632995605469,341.07666015625,364.5954895019531
2026-06-25T18:53:22.124698+00:00,spot_7,Spot 7,Occupied,2026-06-25T17:50:21.132709+00:00,482,car,0.4959810674190521,20151,255.50537109375,326.1265869140625,302.5072021484375,359.99658203125
2026-06-25T18:53:22.124698+00:00,spot_8,Spot 8,Occupied,2026-06-25T18:53:22.124698+00:00,649,car,0.6021815538406372,3960,207.9736328125,323.6709289550781,264.8348693847656,358.4350891113281
2026-06-25T18:53:22.124698+00:00,spot_9,Spot 9,Occupied,2026-06-25T18:52:24.039535+00:00,719,car,0.5185176134109497,290,188.04864501953125,327.20977783203125,224.03250122070312,352.99005126953125
2026-06-25T18:53:22.124698+00:00,spot_10,Spot 10,Occupied,2026-06-25T18:48:23.212686+00:00,650,car,0.556398868560791,3960,127.1351547241211,320.86212158203125,175.69485473632812,348.11883544921875
2026-06-25T18:53:22.124698+00:00,spot_11,Spot 11,Empty,2026-06-25T18:35:27.908092+00:00,,,,,,,,
2026-06-25T18:53:22.124698+00:00,spot_12,Spot 12,Occupied,2026-06-25T18:46:41.669829+00:00,516,truck,0.6957966685295105,15620,79.81919860839844,308.207763671875,142.56813049316406,346.72509765625
2026-06-25T18:53:22.124698+00:00,spot_13,Spot 13,Empty,2026-06-25T18:46:41.669829+00:00,,,,,,,,
2026-06-25T18:53:22.124698+00:00,spot_14,Spot 14,Empty,2026-06-25T18:52:24.039535+00:00,,,,,,,,
2026-06-25T18:53:22.124698+00:00,spot_15,Spot 15,Occupied,2026-06-25T18:53:22.124698+00:00,682,car,0.6195629835128784,2280,31.53392791748047,315.07275390625,63.441505432128906,334.3536376953125
2026-06-25T18:53:22.124698+00:00,spot_16,Spot 16,Occupied,2026-06-25T18:53:22.124698+00:00,726,car,0.42003658413887024,0,21.069355010986328,313.323486328125,48.40080642700195,330.1883544921875
2026-06-25T18:53:22.124698+00:00,spot_17,Spot 17,Empty,2026-06-25T18:08:23.061954+00:00,,,,,,,,
2026-06-25T18:54:22.784422+00:00,spot_1,Spot 1,Occupied,2026-06-25T18:53:22.124698+00:00,720,truck,0.5520985126495361,351,567.4497680664062,315.5255432128906,610.4719848632812,366.7062683105469
2026-06-25T18:54:22.784422+00:00,spot_2,Spot 2,Empty,2026-06-25T18:46:41.669829+00:00,,,,,,,,
2026-06-25T18:54:22.784422+00:00,spot_3,Spot 3,Occupied,2026-06-25T18:54:22.784422+00:00,484,car,0.8243018984794617,19672,442.1504211425781,326.769775390625,489.3338928222656,370.3829345703125
2026-06-25T18:54:22.784422+00:00,spot_4,Spot 4,Occupied,2026-06-25T18:50:24.739895+00:00,692,truck,0.7749586701393127,1980,387.2933654785156,302.15435791015625,442.5979919433594,366.30877685546875
2026-06-25T18:54:22.784422+00:00,spot_5,Spot 5,Occupied,2026-06-25T18:54:22.784422+00:00,728,truck,0.6074337363243103,0,334.8131103515625,328.9123229980469,386.18756103515625,367.6767272949219
2026-06-25T18:54:22.784422+00:00,spot_6,Spot 6,Occupied,2026-06-25T17:53:20.478281+00:00,520,car,0.4466497600078583,15114,283.05853271484375,329.219482421875,341.26104736328125,364.9549560546875
2026-06-25T18:54:22.784422+00:00,spot_7,Spot 7,Occupied,2026-06-25T18:54:22.784422+00:00,727,truck,0.6787614822387695,60,255.60304260253906,325.71771240234375,303.5926513671875,359.53790283203125
2026-06-25T18:54:22.784422+00:00,spot_8,Spot 8,Occupied,2026-06-25T18:54:22.784422+00:00,725,truck,0.4583131968975067,117,207.978759765625,325.5330810546875,258.3079528808594,357.9610595703125
2026-06-25T18:54:22.784422+00:00,spot_9,Spot 9,Occupied,2026-06-25T18:54:22.784422+00:00,730,truck,0.35931146144866943,0,157.10769653320312,324.33758544921875,193.40487670898438,351.27734375
2026-06-25T18:54:22.784422+00:00,spot_10,Spot 10,Occupied,2026-06-25T18:48:23.212686+00:00,650,car,0.5775684118270874,4021,126.7258529663086,320.95245361328125,176.64706420898438,348.55450439453125
2026-06-25T18:54:22.784422+00:00,spot_11,Spot 11,Empty,2026-06-25T18:35:27.908092+00:00,,,,,,,,
2026-06-25T18:54:22.784422+00:00,spot_12,Spot 12,Occupied,2026-06-25T18:46:41.669829+00:00,516,truck,0.6393561363220215,15681,80.03211975097656,308.2989501953125,143.47401428222656,347.2315673828125
2026-06-25T18:54:22.784422+00:00,spot_13,Spot 13,Empty,2026-06-25T18:46:41.669829+00:00,,,,,,,,
2026-06-25T18:54:22.784422+00:00,spot_14,Spot 14,Empty,2026-06-25T18:52:24.039535+00:00,,,,,,,,
2026-06-25T18:54:22.784422+00:00,spot_15,Spot 15,Occupied,2026-06-25T18:53:22.124698+00:00,682,car,0.5634654760360718,2341,31.368906021118164,315.3616943359375,68.1785659790039,334.15386962890625
2026-06-25T18:54:22.784422+00:00,spot_16,Spot 16,Empty,2026-06-25T18:54:22.784422+00:00,,,,,,,,
2026-06-25T18:54:22.784422+00:00,spot_17,Spot 17,Empty,2026-06-25T18:08:23.061954+00:00,,,,,,,,
2026-06-25T18:55:21.210619+00:00,spot_1,Spot 1,Occupied,2026-06-25T18:55:21.210619+00:00,710,car,0.45603644847869873,1004,567.5130615234375,314.2119445800781,610.6864013671875,367.1540222167969
2026-06-25T18:55:21.210619+00:00,spot_2,Spot 2,Empty,2026-06-25T18:46:41.669829+00:00,,,,,,,,
2026-06-25T18:55:21.210619+00:00,spot_3,Spot 3,Occupied,2026-06-25T18:54:22.784422+00:00,484,car,0.7789949774742126,19732,442.1320495605469,326.8232421875,489.1067199707031,370.3095703125
2026-06-25T18:55:21.210619+00:00,spot_4,Spot 4,Occupied,2026-06-25T18:50:24.739895+00:00,692,truck,0.7439382672309875,2040,387.1781005859375,302.57720947265625,441.5638427734375,366.05328369140625
2026-06-25T18:55:21.210619+00:00,spot_5,Spot 5,Occupied,2026-06-25T18:54:22.784422+00:00,728,truck,0.6317663192749023,60,335.0135498046875,328.23638916015625,387.65460205078125,368.26788330078125
2026-06-25T18:55:21.210619+00:00,spot_6,Spot 6,Occupied,2026-06-25T17:53:20.478281+00:00,520,car,0.6659576892852783,15174,283.9490966796875,328.9364013671875,339.66650390625,364.80914306640625
2026-06-25T18:55:21.210619+00:00,spot_7,Spot 7,Occupied,2026-06-25T18:54:22.784422+00:00,727,truck,0.49029970169067383,120,255.59500122070312,326.3994140625,303.1851501464844,359.9716796875
2026-06-25T18:55:21.210619+00:00,spot_8,Spot 8,Occupied,2026-06-25T18:55:21.210619+00:00,649,car,0.5844648480415344,4081,208.0478515625,325.0917663574219,264.82073974609375,358.1010437011719
2026-06-25T18:55:21.210619+00:00,spot_9,Spot 9,Occupied,2026-06-25T18:55:21.210619+00:00,719,car,0.4337867796421051,411,188.10211181640625,327.11041259765625,224.47735595703125,352.77850341796875
2026-06-25T18:55:21.210619+00:00,spot_10,Spot 10,Occupied,2026-06-25T18:48:23.212686+00:00,650,car,0.5993040204048157,4081,127.31302642822266,320.83953857421875,175.78475952148438,348.31085205078125
2026-06-25T18:55:21.210619+00:00,spot_11,Spot 11,Empty,2026-06-25T18:35:27.908092+00:00,,,,,,,,
2026-06-25T18:55:21.210619+00:00,spot_12,Spot 12,Occupied,2026-06-25T18:46:41.669829+00:00,516,truck,0.7107965350151062,15741,78.87298583984375,307.82501220703125,143.27670288085938,347.02227783203125
2026-06-25T18:55:21.210619+00:00,spot_13,Spot 13,Empty,2026-06-25T18:46:41.669829+00:00,,,,,,,,
2026-06-25T18:55:21.210619+00:00,spot_14,Spot 14,Empty,2026-06-25T18:52:24.039535+00:00,,,,,,,,
2026-06-25T18:55:21.210619+00:00,spot_15,Spot 15,Empty,2026-06-25T18:55:21.210619+00:00,,,,,,,,
2026-06-25T18:55:21.210619+00:00,spot_16,Spot 16,Occupied,2026-06-25T18:55:21.210619+00:00,726,car,0.3732699155807495,120,21.499040603637695,313.819091796875,42.94439697265625,331.0072021484375
2026-06-25T18:55:21.210619+00:00,spot_17,Spot 17,Empty,2026-06-25T18:08:23.061954+00:00,,,,,,,,
2026-06-25T18:56:23.520677+00:00,spot_1,Spot 1,Occupied,2026-06-25T18:56:23.520677+00:00,720,truck,0.47019848227500916,473,567.7652587890625,315.73455810546875,610.1522216796875,367.7255859375
2026-06-25T18:56:23.520677+00:00,spot_2,Spot 2,Empty,2026-06-25T18:46:41.669829+00:00,,,,,,,,
2026-06-25T18:56:23.520677+00:00,spot_3,Spot 3,Occupied,2026-06-25T18:54:22.784422+00:00,484,car,0.737427294254303,19793,442.35797119140625,327.0582275390625,488.91241455078125,370.566162109375
2026-06-25T18:56:23.520677+00:00,spot_4,Spot 4,Occupied,2026-06-25T18:50:24.739895+00:00,692,truck,0.5270177125930786,2102,387.486328125,302.66839599609375,442.36566162109375,366.20355224609375
2026-06-25T18:56:23.520677+00:00,spot_5,Spot 5,Occupied,2026-06-25T18:56:23.520677+00:00,731,car,0.7300260066986084,0,335.20794677734375,328.00213623046875,389.5833740234375,368.10443115234375
2026-06-25T18:56:23.520677+00:00,spot_6,Spot 6,Occupied,2026-06-25T17:53:20.478281+00:00,520,car,0.7461978793144226,15236,284.85296630859375,329.3557434082031,342.47430419921875,364.8609924316406
2026-06-25T18:56:23.520677+00:00,spot_7,Spot 7,Occupied,2026-06-25T18:56:23.520677+00:00,482,car,0.7868764400482178,20333,255.508056640625,326.3267822265625,304.1151123046875,359.2855224609375
2026-06-25T18:56:23.520677+00:00,spot_8,Spot 8,Occupied,2026-06-25T18:55:21.210619+00:00,649,car,0.5786330103874207,4143,207.53787231445312,325.128662109375,262.8540344238281,358.9703369140625
2026-06-25T18:56:23.520677+00:00,spot_9,Spot 9,Occupied,2026-06-25T18:56:23.520677+00:00,730,truck,0.48196595907211304,121,155.09613037109375,324.69049072265625,207.64898681640625,351.12908935546875
2026-06-25T18:56:23.520677+00:00,spot_10,Spot 10,Occupied,2026-06-25T18:48:23.212686+00:00,650,car,0.5839172005653381,4143,126.61457061767578,320.43841552734375,175.93426513671875,348.17083740234375
2026-06-25T18:56:23.520677+00:00,spot_11,Spot 11,Empty,2026-06-25T18:35:27.908092+00:00,,,,,,,,
2026-06-25T18:56:23.520677+00:00,spot_12,Spot 12,Occupied,2026-06-25T18:46:41.669829+00:00,516,truck,0.6328499913215637,15803,79.71421813964844,307.310791015625,143.62522888183594,347.0242919921875
2026-06-25T18:56:23.520677+00:00,spot_13,Spot 13,Empty,2026-06-25T18:46:41.669829+00:00,,,,,,,,
2026-06-25T18:56:23.520677+00:00,spot_14,Spot 14,Empty,2026-06-25T18:52:24.039535+00:00,,,,,,,,
2026-06-25T18:56:23.520677+00:00,spot_15,Spot 15,Empty,2026-06-25T18:55:21.210619+00:00,,,,,,,,
2026-06-25T18:56:23.520677+00:00,spot_16,Spot 16,Empty,2026-06-25T18:56:23.520677+00:00,,,,,,,,
2026-06-25T18:56:23.520677+00:00,spot_17,Spot 17,Empty,2026-06-25T18:08:23.061954+00:00,,,,,,,,
2026-06-25T18:57:20.914115+00:00,spot_1,Spot 1,Occupied,2026-06-25T18:57:20.914115+00:00,710,car,0.8554475903511047,1123,567.16259765625,315.2360534667969,610.29736328125,366.6947326660156
2026-06-25T18:57:20.914115+00:00,spot_2,Spot 2,Empty,2026-06-25T18:46:41.669829+00:00,,,,,,,,
2026-06-25T18:57:20.914115+00:00,spot_3,Spot 3,Occupied,2026-06-25T18:54:22.784422+00:00,484,car,0.8518282771110535,19851,442.1988525390625,326.9384460449219,489.310546875,370.5727844238281
2026-06-25T18:57:20.914115+00:00,spot_4,Spot 4,Occupied,2026-06-25T18:50:24.739895+00:00,692,truck,0.8001933693885803,2159,387.3275146484375,302.6217041015625,443.186279296875,365.8466796875
2026-06-25T18:57:20.914115+00:00,spot_5,Spot 5,Occupied,2026-06-25T18:56:23.520677+00:00,731,car,0.6388570666313171,57,334.7432861328125,328.74981689453125,386.180419921875,367.84625244140625
2026-06-25T18:57:20.914115+00:00,spot_6,Spot 6,Occupied,2026-06-25T18:57:20.914115+00:00,729,truck,0.4079696834087372,179,283.553955078125,328.9756164550781,341.913818359375,365.1402893066406
2026-06-25T18:57:20.914115+00:00,spot_7,Spot 7,Occupied,2026-06-25T18:57:20.914115+00:00,727,truck,0.5705610513687134,240,255.59478759765625,325.82574462890625,303.92315673828125,360.11724853515625
2026-06-25T18:57:20.914115+00:00,spot_8,Spot 8,Occupied,2026-06-25T18:55:21.210619+00:00,649,car,0.5640914440155029,4200,207.54052734375,324.771728515625,264.5437927246094,359.010498046875
2026-06-25T18:57:20.914115+00:00,spot_9,Spot 9,Occupied,2026-06-25T18:57:20.914115+00:00,732,car,0.39327943325042725,0,156.7454833984375,323.6731872558594,195.02349853515625,351.3669128417969
2026-06-25T18:57:20.914115+00:00,spot_10,Spot 10,Occupied,2026-06-25T18:48:23.212686+00:00,650,car,0.711370587348938,4200,127.126220703125,320.6358642578125,173.96163940429688,348.23291015625
2026-06-25T18:57:20.914115+00:00,spot_11,Spot 11,Empty,2026-06-25T18:35:27.908092+00:00,,,,,,,,
2026-06-25T18:57:20.914115+00:00,spot_12,Spot 12,Occupied,2026-06-25T18:46:41.669829+00:00,516,truck,0.3728436529636383,15860,79.09217834472656,308.09649658203125,141.7146759033203,346.63311767578125
2026-06-25T18:57:20.914115+00:00,spot_13,Spot 13,Empty,2026-06-25T18:46:41.669829+00:00,,,,,,,,
2026-06-25T18:57:20.914115+00:00,spot_14,Spot 14,Empty,2026-06-25T18:52:24.039535+00:00,,,,,,,,
2026-06-25T18:57:20.914115+00:00,spot_15,Spot 15,Occupied,2026-06-25T18:57:20.914115+00:00,682,car,0.5430256724357605,2520,31.38806915283203,315.44183349609375,67.39905548095703,334.25775146484375
2026-06-25T18:57:20.914115+00:00,spot_16,Spot 16,Empty,2026-06-25T18:56:23.520677+00:00,,,,,,,,
2026-06-25T18:57:20.914115+00:00,spot_17,Spot 17,Empty,2026-06-25T18:08:23.061954+00:00,,,,,,,,
2026-06-25T18:58:23.863388+00:00,spot_1,Spot 1,Occupied,2026-06-25T18:57:20.914115+00:00,710,car,0.8790924549102783,1185,566.9176025390625,315.47723388671875,609.844482421875,367.31219482421875
2026-06-25T18:58:23.863388+00:00,spot_2,Spot 2,Empty,2026-06-25T18:46:41.669829+00:00,,,,,,,,
2026-06-25T18:58:23.863388+00:00,spot_3,Spot 3,Occupied,2026-06-25T18:54:22.784422+00:00,484,car,0.7496989965438843,19913,442.30401611328125,326.896728515625,488.63104248046875,370.05712890625
2026-06-25T18:58:23.863388+00:00,spot_4,Spot 4,Occupied,2026-06-25T18:50:24.739895+00:00,692,truck,0.7554684281349182,2222,387.46282958984375,302.9517822265625,443.04937744140625,366.4217529296875
2026-06-25T18:58:23.863388+00:00,spot_5,Spot 5,Occupied,2026-06-25T18:56:23.520677+00:00,731,car,0.7596019506454468,120,335.192138671875,328.491455078125,389.23681640625,368.4912109375
2026-06-25T18:58:23.863388+00:00,spot_6,Spot 6,Occupied,2026-06-25T18:58:23.863388+00:00,520,car,0.6598256826400757,15356,282.1041259765625,329.27508544921875,341.49102783203125,365.49505615234375
2026-06-25T18:58:23.863388+00:00,spot_7,Spot 7,Occupied,2026-06-25T18:57:20.914115+00:00,727,truck,0.5832114815711975,302,255.66830444335938,326.28424072265625,303.7795104980469,360.299560546875
2026-06-25T18:58:23.863388+00:00,spot_8,Spot 8,Occupied,2026-06-25T18:55:21.210619+00:00,649,car,0.567908525466919,4263,208.15444946289062,322.02667236328125,264.0729064941406,358.98394775390625
2026-06-25T18:58:23.863388+00:00,spot_9,Spot 9,Occupied,2026-06-25T18:57:20.914115+00:00,732,car,0.41784948110580444,62,157.74420166015625,324.3827209472656,195.10906982421875,351.5515441894531
2026-06-25T18:58:23.863388+00:00,spot_10,Spot 10,Occupied,2026-06-25T18:48:23.212686+00:00,650,car,0.5633399486541748,4263,126.8187255859375,320.8719482421875,174.62722778320312,348.4456787109375
2026-06-25T18:58:23.863388+00:00,spot_11,Spot 11,Empty,2026-06-25T18:35:27.908092+00:00,,,,,,,,
2026-06-25T18:58:23.863388+00:00,spot_12,Spot 12,Occupied,2026-06-25T18:46:41.669829+00:00,516,truck,0.606623649597168,15923,79.24250793457031,308.1347961425781,143.8740692138672,347.6495666503906
2026-06-25T18:58:23.863388+00:00,spot_13,Spot 13,Empty,2026-06-25T18:46:41.669829+00:00,,,,,,,,
2026-06-25T18:58:23.863388+00:00,spot_14,Spot 14,Empty,2026-06-25T18:52:24.039535+00:00,,,,,,,,
2026-06-25T18:58:23.863388+00:00,spot_15,Spot 15,Occupied,2026-06-25T18:57:20.914115+00:00,682,car,0.4257334768772125,2582,30.672386169433594,315.0927429199219,67.7030258178711,334.1003723144531
2026-06-25T18:58:23.863388+00:00,spot_16,Spot 16,Empty,2026-06-25T18:56:23.520677+00:00,,,,,,,,
2026-06-25T18:58:23.863388+00:00,spot_17,Spot 17,Empty,2026-06-25T18:08:23.061954+00:00,,,,,,,,
2026-06-25T18:59:21.808570+00:00,spot_1,Spot 1,Occupied,2026-06-25T18:57:20.914115+00:00,710,car,0.8518432378768921,1243,567.00146484375,315.3576354980469,609.831298828125,367.3853454589844
2026-06-25T18:59:21.808570+00:00,spot_2,Spot 2,Empty,2026-06-25T18:46:41.669829+00:00,,,,,,,,
2026-06-25T18:59:21.808570+00:00,spot_3,Spot 3,Occupied,2026-06-25T18:54:22.784422+00:00,484,car,0.8655250072479248,19971,442.25274658203125,327.3392333984375,489.35089111328125,370.6539306640625
2026-06-25T18:59:21.808570+00:00,spot_4,Spot 4,Occupied,2026-06-25T18:50:24.739895+00:00,692,truck,0.6855433583259583,2279,387.353271484375,302.3572692871094,443.03369140625,367.0663146972656
2026-06-25T18:59:21.808570+00:00,spot_5,Spot 5,Occupied,2026-06-25T18:56:23.520677+00:00,731,car,0.7459550499916077,177,335.361572265625,328.2386474609375,389.318359375,368.10791015625
2026-06-25T18:59:21.808570+00:00,spot_6,Spot 6,Occupied,2026-06-25T18:58:23.863388+00:00,520,car,0.726214587688446,15414,282.88037109375,329.41571044921875,342.313232421875,365.31842041015625
2026-06-25T18:59:21.808570+00:00,spot_7,Spot 7,Occupied,2026-06-25T18:59:21.808570+00:00,482,car,0.7522557973861694,20511,255.426025390625,326.17236328125,303.71405029296875,359.68865966796875
2026-06-25T18:59:21.808570+00:00,spot_8,Spot 8,Occupied,2026-06-25T18:55:21.210619+00:00,649,car,0.6178795099258423,4320,207.49880981445312,324.62005615234375,263.8248291015625,358.70330810546875
2026-06-25T18:59:21.808570+00:00,spot_9,Spot 9,Occupied,2026-06-25T18:59:21.808570+00:00,730,truck,0.37519481778144836,299,157.24142456054688,324.60784912109375,209.55355834960938,351.41424560546875
2026-06-25T18:59:21.808570+00:00,spot_10,Spot 10,Occupied,2026-06-25T18:48:23.212686+00:00,650,car,0.6191547513008118,4320,126.52839660644531,321.61663818359375,177.5552520751953,348.25982666015625
2026-06-25T18:59:21.808570+00:00,spot_11,Spot 11,Empty,2026-06-25T18:35:27.908092+00:00,,,,,,,,
2026-06-25T18:59:21.808570+00:00,spot_12,Spot 12,Occupied,2026-06-25T18:46:41.669829+00:00,516,truck,0.5720664262771606,15981,77.29632568359375,308.261474609375,143.07693481445312,347.76422119140625
2026-06-25T18:59:21.808570+00:00,spot_13,Spot 13,Empty,2026-06-25T18:46:41.669829+00:00,,,,,,,,
2026-06-25T18:59:21.808570+00:00,spot_14,Spot 14,Empty,2026-06-25T18:52:24.039535+00:00,,,,,,,,
2026-06-25T18:59:21.808570+00:00,spot_15,Spot 15,Occupied,2026-06-25T18:57:20.914115+00:00,682,car,0.4334869980812073,2640,30.74812126159668,314.99786376953125,65.60545349121094,334.23773193359375
2026-06-25T18:59:21.808570+00:00,spot_16,Spot 16,Empty,2026-06-25T18:56:23.520677+00:00,,,,,,,,
2026-06-25T18:59:21.808570+00:00,spot_17,Spot 17,Empty,2026-06-25T18:08:23.061954+00:00,,,,,,,,
2026-06-25T19:00:47.798769+00:00,spot_1,Spot 1,Occupied,2026-06-25T18:57:20.914115+00:00,710,car,0.795430064201355,1332,567.2717895507812,315.4603271484375,610.9484252929688,366.92852783203125
2026-06-25T19:00:47.798769+00:00,spot_2,Spot 2,Empty,2026-06-25T18:46:41.669829+00:00,,,,,,,,
2026-06-25T19:00:47.798769+00:00,spot_3,Spot 3,Occupied,2026-06-25T18:54:22.784422+00:00,484,car,0.8783189058303833,20060,442.3759765625,326.9730224609375,488.92626953125,371.2059326171875
2026-06-25T19:00:47.798769+00:00,spot_4,Spot 4,Occupied,2026-06-25T18:50:24.739895+00:00,692,truck,0.7730925679206848,2369,387.51806640625,302.4638671875,442.985595703125,365.453125
2026-06-25T19:00:47.798769+00:00,spot_5,Spot 5,Occupied,2026-06-25T18:56:23.520677+00:00,731,car,0.4633147418498993,266,335.0523681640625,328.688232421875,389.18450927734375,367.416259765625
2026-06-25T19:00:47.798769+00:00,spot_6,Spot 6,Occupied,2026-06-25T18:58:23.863388+00:00,520,car,0.773779571056366,15503,283.71453857421875,329.6054992675781,339.65850830078125,364.7800598144531
2026-06-25T19:00:47.798769+00:00,spot_7,Spot 7,Occupied,2026-06-25T18:59:21.808570+00:00,482,car,0.5867103934288025,20600,255.5124969482422,325.6780700683594,304.10235595703125,359.7727966308594
2026-06-25T19:00:47.798769+00:00,spot_8,Spot 8,Occupied,2026-06-25T19:00:47.798769+00:00,735,truck,0.4136173129081726,0,208.78250122070312,325.6270751953125,264.7682800292969,358.96600341796875
2026-06-25T19:00:47.798769+00:00,spot_9,Spot 9,Occupied,2026-06-25T19:00:47.798769+00:00,732,car,0.3606145977973938,209,153.14047241210938,324.5162353515625,194.68600463867188,351.37451171875
2026-06-25T19:00:47.798769+00:00,spot_10,Spot 10,Occupied,2026-06-25T18:48:23.212686+00:00,650,car,0.6632713675498962,4410,126.80352783203125,320.4444580078125,175.83261108398438,348.26513671875
2026-06-25T19:00:47.798769+00:00,spot_11,Spot 11,Empty,2026-06-25T18:35:27.908092+00:00,,,,,,,,
2026-06-25T19:00:47.798769+00:00,spot_12,Spot 12,Occupied,2026-06-25T18:46:41.669829+00:00,516,truck,0.7158478498458862,16070,79.92428588867188,307.79888916015625,141.66163635253906,347.175048828125
2026-06-25T19:00:47.798769+00:00,spot_13,Spot 13,Empty,2026-06-25T18:46:41.669829+00:00,,,,,,,,
2026-06-25T19:00:47.798769+00:00,spot_14,Spot 14,Occupied,2026-06-25T19:00:47.798769+00:00,736,truck,0.36213788390159607,0,56.148597717285156,315.8099365234375,83.9309310913086,339.77685546875
2026-06-25T19:00:47.798769+00:00,spot_15,Spot 15,Occupied,2026-06-25T18:57:20.914115+00:00,682,car,0.5802264213562012,2729,31.09406280517578,315.21624755859375,64.99297332763672,334.02001953125
2026-06-25T19:00:47.798769+00:00,spot_16,Spot 16,Occupied,2026-06-25T19:00:47.798769+00:00,734,car,0.41396498680114746,0,22.09907341003418,313.73321533203125,43.98785400390625,330.550048828125
2026-06-25T19:00:47.798769+00:00,spot_17,Spot 17,Empty,2026-06-25T18:08:23.061954+00:00,,,,,,,,
2026-06-25T19:01:42.242497+00:00,spot_1,Spot 1,Occupied,2026-06-25T18:57:20.914115+00:00,710,car,0.7646392583847046,1384,567.1156005859375,315.9842529296875,610.2879638671875,368.0946044921875
2026-06-25T19:01:42.242497+00:00,spot_2,Spot 2,Empty,2026-06-25T18:46:41.669829+00:00,,,,,,,,
2026-06-25T19:01:42.242497+00:00,spot_3,Spot 3,Occupied,2026-06-25T18:54:22.784422+00:00,484,car,0.7583930492401123,20112,442.26580810546875,326.7000427246094,488.29498291015625,370.1555480957031
2026-06-25T19:01:42.242497+00:00,spot_4,Spot 4,Occupied,2026-06-25T18:50:24.739895+00:00,692,truck,0.7272634506225586,2420,387.5611572265625,302.317626953125,440.49072265625,365.44000244140625
2026-06-25T19:01:42.242497+00:00,spot_5,Spot 5,Occupied,2026-06-25T18:56:23.520677+00:00,731,car,0.6572965383529663,318,335.1617431640625,328.79010009765625,386.368408203125,367.88616943359375
2026-06-25T19:01:42.242497+00:00,spot_6,Spot 6,Occupied,2026-06-25T18:58:23.863388+00:00,520,car,0.6442074179649353,15554,284.9866638183594,329.30511474609375,342.1661682128906,364.50360107421875
2026-06-25T19:01:42.242497+00:00,spot_7,Spot 7,Occupied,2026-06-25T18:59:21.808570+00:00,482,car,0.6639924049377441,20652,255.40321350097656,325.79034423828125,304.5889892578125,359.92926025390625
2026-06-25T19:01:42.242497+00:00,spot_8,Spot 8,Occupied,2026-06-25T19:01:42.242497+00:00,649,car,0.7832889556884766,4461,207.65621948242188,324.49945068359375,265.4267272949219,358.29425048828125
2026-06-25T19:01:42.242497+00:00,spot_9,Spot 9,Occupied,2026-06-25T19:00:47.798769+00:00,732,car,0.41980403661727905,260,157.27032470703125,325.35931396484375,194.4166259765625,351.489990234375
2026-06-25T19:01:42.242497+00:00,spot_10,Spot 10,Occupied,2026-06-25T18:48:23.212686+00:00,650,car,0.6278536319732666,4461,126.90631103515625,320.6998291015625,176.17291259765625,348.0894775390625
2026-06-25T19:01:42.242497+00:00,spot_11,Spot 11,Empty,2026-06-25T18:35:27.908092+00:00,,,,,,,,
2026-06-25T19:01:42.242497+00:00,spot_12,Spot 12,Occupied,2026-06-25T18:46:41.669829+00:00,516,truck,0.6985200643539429,16121,79.50260925292969,308.2025146484375,142.89254760742188,346.9810791015625
2026-06-25T19:01:42.242497+00:00,spot_13,Spot 13,Empty,2026-06-25T18:46:41.669829+00:00,,,,,,,,
2026-06-25T19:01:42.242497+00:00,spot_14,Spot 14,Empty,2026-06-25T19:01:42.242497+00:00,,,,,,,,
2026-06-25T19:01:42.242497+00:00,spot_15,Spot 15,Occupied,2026-06-25T18:57:20.914115+00:00,682,car,0.5436217188835144,2780,31.103256225585938,314.89111328125,65.57019805908203,334.176513671875
2026-06-25T19:01:42.242497+00:00,spot_16,Spot 16,Occupied,2026-06-25T19:00:47.798769+00:00,734,car,0.361356645822525,51,20.65099334716797,313.58502197265625,44.379844665527344,330.98626708984375
2026-06-25T19:01:42.242497+00:00,spot_17,Spot 17,Empty,2026-06-25T18:08:23.061954+00:00,,,,,,,,
2026-06-25T19:02:32.689427+00:00,spot_1,Spot 1,Occupied,2026-06-25T18:57:20.914115+00:00,710,car,0.7658951282501221,1434,567.1179809570312,315.3133544921875,610.2431030273438,367.1123046875
2026-06-25T19:02:32.689427+00:00,spot_2,Spot 2,Empty,2026-06-25T18:46:41.669829+00:00,,,,,,,,
2026-06-25T19:02:32.689427+00:00,spot_3,Spot 3,Occupied,2026-06-25T18:54:22.784422+00:00,484,car,0.8008219003677368,20163,441.9952697753906,327.3192443847656,488.3283996582031,370.0829772949219
2026-06-25T19:02:32.689427+00:00,spot_4,Spot 4,Occupied,2026-06-25T18:50:24.739895+00:00,692,truck,0.571683943271637,2471,387.5118408203125,302.23687744140625,443.48699951171875,365.90570068359375
2026-06-25T19:02:32.689427+00:00,spot_5,Spot 5,Occupied,2026-06-25T19:02:32.689427+00:00,733,truck,0.36140966415405273,102,335.1134033203125,329.179931640625,387.8026123046875,367.61871337890625
2026-06-25T19:02:32.689427+00:00,spot_6,Spot 6,Occupied,2026-06-25T18:58:23.863388+00:00,520,car,0.707388699054718,15605,284.78759765625,329.02777099609375,342.5810546875,365.1956787109375
2026-06-25T19:02:32.689427+00:00,spot_7,Spot 7,Occupied,2026-06-25T18:59:21.808570+00:00,482,car,0.749655544757843,20702,255.48431396484375,325.9671630859375,303.82830810546875,359.777099609375
2026-06-25T19:02:32.689427+00:00,spot_8,Spot 8,Occupied,2026-06-25T19:01:42.242497+00:00,649,car,0.661133885383606,4512,207.862060546875,324.691162109375,265.0238037109375,358.27825927734375
2026-06-25T19:02:32.689427+00:00,spot_9,Spot 9,Occupied,2026-06-25T19:00:47.798769+00:00,732,car,0.39677688479423523,311,154.10118103027344,324.1790771484375,209.4834442138672,351.5347900390625
2026-06-25T19:02:32.689427+00:00,spot_10,Spot 10,Occupied,2026-06-25T18:48:23.212686+00:00,650,car,0.6902593970298767,4512,126.81259155273438,320.64581298828125,176.0498046875,348.23516845703125
2026-06-25T19:02:32.689427+00:00,spot_11,Spot 11,Empty,2026-06-25T18:35:27.908092+00:00,,,,,,,,
2026-06-25T19:02:32.689427+00:00,spot_12,Spot 12,Occupied,2026-06-25T18:46:41.669829+00:00,516,truck,0.7081572413444519,16172,80.03108215332031,308.4469299316406,143.66233825683594,347.3079528808594
2026-06-25T19:02:32.689427+00:00,spot_13,Spot 13,Empty,2026-06-25T18:46:41.669829+00:00,,,,,,,,
2026-06-25T19:02:32.689427+00:00,spot_14,Spot 14,Empty,2026-06-25T19:01:42.242497+00:00,,,,,,,,
2026-06-25T19:02:32.689427+00:00,spot_15,Spot 15,Occupied,2026-06-25T18:57:20.914115+00:00,682,car,0.6785252094268799,2831,31.49220085144043,315.02978515625,68.99684143066406,334.2957763671875
2026-06-25T19:02:32.689427+00:00,spot_16,Spot 16,Occupied,2026-06-25T19:00:47.798769+00:00,734,car,0.5424622893333435,102,20.30630874633789,313.397705078125,42.787052154541016,331.0765380859375
2026-06-25T19:02:32.689427+00:00,spot_17,Spot 17,Empty,2026-06-25T18:08:23.061954+00:00,,,,,,,,
2026-06-25T19:03:22.368486+00:00,spot_1,Spot 1,Occupied,2026-06-25T18:57:20.914115+00:00,710,car,0.7658951282501221,1484,567.1179809570312,315.3133544921875,610.2431030273438,367.1123046875
2026-06-25T19:03:22.368486+00:00,spot_2,Spot 2,Empty,2026-06-25T18:46:41.669829+00:00,,,,,,,,
2026-06-25T19:03:22.368486+00:00,spot_3,Spot 3,Occupied,2026-06-25T18:54:22.784422+00:00,484,car,0.8008219003677368,20212,441.9952697753906,327.3192443847656,488.3283996582031,370.0829772949219
2026-06-25T19:03:22.368486+00:00,spot_4,Spot 4,Occupied,2026-06-25T18:50:24.739895+00:00,692,truck,0.571683943271637,2520,387.5118408203125,302.23687744140625,443.48699951171875,365.90570068359375
2026-06-25T19:03:22.368486+00:00,spot_5,Spot 5,Occupied,2026-06-25T19:02:32.689427+00:00,733,truck,0.36140966415405273,151,335.1134033203125,329.179931640625,387.8026123046875,367.61871337890625
2026-06-25T19:03:22.368486+00:00,spot_6,Spot 6,Occupied,2026-06-25T18:58:23.863388+00:00,520,car,0.707388699054718,15654,284.78759765625,329.02777099609375,342.5810546875,365.1956787109375
2026-06-25T19:03:22.368486+00:00,spot_7,Spot 7,Occupied,2026-06-25T18:59:21.808570+00:00,482,car,0.749655544757843,20752,255.48431396484375,325.9671630859375,303.82830810546875,359.777099609375
2026-06-25T19:03:22.368486+00:00,spot_8,Spot 8,Occupied,2026-06-25T19:01:42.242497+00:00,649,car,0.661133885383606,4561,207.862060546875,324.691162109375,265.0238037109375,358.27825927734375
2026-06-25T19:03:22.368486+00:00,spot_9,Spot 9,Occupied,2026-06-25T19:00:47.798769+00:00,732,car,0.39677688479423523,360,154.10118103027344,324.1790771484375,209.4834442138672,351.5347900390625
2026-06-25T19:03:22.368486+00:00,spot_10,Spot 10,Occupied,2026-06-25T18:48:23.212686+00:00,650,car,0.6902593970298767,4561,126.81259155273438,320.64581298828125,176.0498046875,348.23516845703125
2026-06-25T19:03:22.368486+00:00,spot_11,Spot 11,Empty,2026-06-25T18:35:27.908092+00:00,,,,,,,,
2026-06-25T19:03:22.368486+00:00,spot_12,Spot 12,Occupied,2026-06-25T18:46:41.669829+00:00,516,truck,0.7081572413444519,16221,80.03108215332031,308.4469299316406,143.66233825683594,347.3079528808594
2026-06-25T19:03:22.368486+00:00,spot_13,Spot 13,Empty,2026-06-25T18:46:41.669829+00:00,,,,,,,,
2026-06-25T19:03:22.368486+00:00,spot_14,Spot 14,Empty,2026-06-25T19:01:42.242497+00:00,,,,,,,,
2026-06-25T19:03:22.368486+00:00,spot_15,Spot 15,Occupied,2026-06-25T18:57:20.914115+00:00,682,car,0.6785252094268799,2881,31.49220085144043,315.02978515625,68.99684143066406,334.2957763671875
2026-06-25T19:03:22.368486+00:00,spot_16,Spot 16,Occupied,2026-06-25T19:00:47.798769+00:00,734,car,0.5424622893333435,151,20.30630874633789,313.397705078125,42.787052154541016,331.0765380859375
2026-06-25T19:03:22.368486+00:00,spot_17,Spot 17,Empty,2026-06-25T18:08:23.061954+00:00,,,,,,,,
2026-06-25T19:04:23.903074+00:00,spot_1,Spot 1,Occupied,2026-06-25T19:04:23.903074+00:00,737,truck,0.7093033790588379,0,567.0350341796875,315.69146728515625,610.6473388671875,367.57928466796875
2026-06-25T19:04:23.903074+00:00,spot_2,Spot 2,Empty,2026-06-25T18:46:41.669829+00:00,,,,,,,,
2026-06-25T19:04:23.903074+00:00,spot_3,Spot 3,Occupied,2026-06-25T18:54:22.784422+00:00,484,car,0.8037800788879395,20274,442.37066650390625,326.896728515625,489.29119873046875,370.5982666015625
2026-06-25T19:04:23.903074+00:00,spot_4,Spot 4,Occupied,2026-06-25T18:50:24.739895+00:00,692,truck,0.7844714522361755,2582,386.9228515625,302.74591064453125,442.8582763671875,365.75018310546875
2026-06-25T19:04:23.903074+00:00,spot_5,Spot 5,Occupied,2026-06-25T19:04:23.903074+00:00,731,car,0.5494869351387024,480,334.9300537109375,328.66937255859375,387.957275390625,367.85284423828125
2026-06-25T19:04:23.903074+00:00,spot_6,Spot 6,Occupied,2026-06-25T18:58:23.863388+00:00,520,car,0.6681568622589111,15716,282.775634765625,329.5202941894531,342.50762939453125,364.3421936035156
2026-06-25T19:04:23.903074+00:00,spot_7,Spot 7,Occupied,2026-06-25T18:59:21.808570+00:00,482,car,0.6826334595680237,20814,255.51397705078125,326.41259765625,303.6357421875,359.64501953125
2026-06-25T19:04:23.903074+00:00,spot_8,Spot 8,Occupied,2026-06-25T19:01:42.242497+00:00,649,car,0.6312507390975952,4623,208.01608276367188,324.7109375,265.1304016113281,358.493408203125
2026-06-25T19:04:23.903074+00:00,spot_9,Spot 9,Occupied,2026-06-25T19:04:23.903074+00:00,719,car,0.7214136719703674,953,188.0584716796875,327.25225830078125,224.03802490234375,352.76727294921875
2026-06-25T19:04:23.903074+00:00,spot_10,Spot 10,Occupied,2026-06-25T18:48:23.212686+00:00,650,car,0.5847992300987244,4623,126.94475555419922,320.5657958984375,176.12554931640625,348.355712890625
2026-06-25T19:04:23.903074+00:00,spot_11,Spot 11,Empty,2026-06-25T18:35:27.908092+00:00,,,,,,,,
2026-06-25T19:04:23.903074+00:00,spot_12,Spot 12,Occupied,2026-06-25T18:46:41.669829+00:00,516,truck,0.4895001947879791,16283,81.78643798828125,307.69873046875,144.53660583496094,346.630126953125
2026-06-25T19:04:23.903074+00:00,spot_13,Spot 13,Empty,2026-06-25T18:46:41.669829+00:00,,,,,,,,
2026-06-25T19:04:23.903074+00:00,spot_14,Spot 14,Empty,2026-06-25T19:01:42.242497+00:00,,,,,,,,
2026-06-25T19:04:23.903074+00:00,spot_15,Spot 15,Occupied,2026-06-25T18:57:20.914115+00:00,682,car,0.4410061836242676,2943,31.40412139892578,315.1021423339844,65.11454010009766,334.1195983886719
2026-06-25T19:04:23.903074+00:00,spot_16,Spot 16,Empty,2026-06-25T19:04:23.903074+00:00,,,,,,,,
2026-06-25T19:04:23.903074+00:00,spot_17,Spot 17,Empty,2026-06-25T18:08:23.061954+00:00,,,,,,,,
2026-06-25T19:05:22.316956+00:00,spot_1,Spot 1,Occupied,2026-06-25T19:05:22.316956+00:00,710,car,0.7157947421073914,1604,567.0037841796875,316.4505615234375,610.0672607421875,367.218994140625
2026-06-25T19:05:22.316956+00:00,spot_2,Spot 2,Empty,2026-06-25T18:46:41.669829+00:00,,,,,,,,
2026-06-25T19:05:22.316956+00:00,spot_3,Spot 3,Occupied,2026-06-25T18:54:22.784422+00:00,484,car,0.7609522938728333,20332,442.26202392578125,326.68853759765625,489.1864013671875,370.22039794921875
2026-06-25T19:05:22.316956+00:00,spot_4,Spot 4,Occupied,2026-06-25T18:50:24.739895+00:00,692,truck,0.5495308637619019,2640,387.6829833984375,319.9012451171875,434.4996337890625,365.69189453125
2026-06-25T19:05:22.316956+00:00,spot_5,Spot 5,Occupied,2026-06-25T19:04:23.903074+00:00,731,car,0.7192370891571045,538,334.98248291015625,328.451904296875,385.79107666015625,368.3253173828125
2026-06-25T19:05:22.316956+00:00,spot_6,Spot 6,Occupied,2026-06-25T18:58:23.863388+00:00,520,car,0.692548394203186,15775,283.2154541015625,329.2156982421875,341.7811279296875,365.0733642578125
2026-06-25T19:05:22.316956+00:00,spot_7,Spot 7,Occupied,2026-06-25T18:59:21.808570+00:00,482,car,0.6532787680625916,20872,255.40023803710938,325.9660339355469,303.5578308105469,360.0005187988281
2026-06-25T19:05:22.316956+00:00,spot_8,Spot 8,Occupied,2026-06-25T19:01:42.242497+00:00,649,car,0.6145668029785156,4681,207.87786865234375,323.9261474609375,263.41229248046875,358.24066162109375
2026-06-25T19:05:22.316956+00:00,spot_9,Spot 9,Occupied,2026-06-25T19:05:22.316956+00:00,732,car,0.4108763337135315,481,154.453369140625,324.71685791015625,209.46099853515625,351.7344970703125
2026-06-25T19:05:22.316956+00:00,spot_10,Spot 10,Occupied,2026-06-25T18:48:23.212686+00:00,650,car,0.630477249622345,4681,127.1827621459961,320.85992431640625,175.66671752929688,348.14984130859375
2026-06-25T19:05:22.316956+00:00,spot_11,Spot 11,Empty,2026-06-25T18:35:27.908092+00:00,,,,,,,,
2026-06-25T19:05:22.316956+00:00,spot_12,Spot 12,Occupied,2026-06-25T18:46:41.669829+00:00,516,truck,0.6839542388916016,16341,80.0533447265625,307.81585693359375,143.3665771484375,346.92303466796875
2026-06-25T19:05:22.316956+00:00,spot_13,Spot 13,Empty,2026-06-25T18:46:41.669829+00:00,,,,,,,,
2026-06-25T19:05:22.316956+00:00,spot_14,Spot 14,Occupied,2026-06-25T19:05:22.316956+00:00,738,truck,0.3602098822593689,0,55.63175582885742,315.30108642578125,84.24314880371094,339.55010986328125
2026-06-25T19:05:22.316956+00:00,spot_15,Spot 15,Occupied,2026-06-25T18:57:20.914115+00:00,682,car,0.6040064096450806,3001,31.420494079589844,315.30035400390625,64.27718353271484,334.0672607421875
2026-06-25T19:05:22.316956+00:00,spot_16,Spot 16,Occupied,2026-06-25T19:05:22.316956+00:00,734,car,0.4509359300136566,271,21.158523559570312,313.256591796875,48.98478698730469,331.026611328125
2026-06-25T19:05:22.316956+00:00,spot_17,Spot 17,Empty,2026-06-25T18:08:23.061954+00:00,,,,,,,,
2026-06-25T19:06:25.299536+00:00,spot_1,Spot 1,Occupied,2026-06-25T19:05:22.316956+00:00,710,car,0.6823209524154663,1668,566.9912109375,315.60797119140625,610.32177734375,367.24334716796875
2026-06-25T19:06:25.299536+00:00,spot_2,Spot 2,Empty,2026-06-25T18:46:41.669829+00:00,,,,,,,,
2026-06-25T19:06:25.299536+00:00,spot_3,Spot 3,Occupied,2026-06-25T18:54:22.784422+00:00,484,car,0.8693760633468628,20397,442.2964782714844,326.8702087402344,489.2827453613281,370.3913879394531
2026-06-25T19:06:25.299536+00:00,spot_4,Spot 4,Occupied,2026-06-25T18:50:24.739895+00:00,692,truck,0.5619128942489624,2705,386.9826965332031,302.3326416015625,443.4300842285156,365.95458984375
2026-06-25T19:06:25.299536+00:00,spot_5,Spot 5,Occupied,2026-06-25T19:04:23.903074+00:00,731,car,0.5381932854652405,603,334.73297119140625,328.73797607421875,387.42254638671875,367.61749267578125
2026-06-25T19:06:25.299536+00:00,spot_6,Spot 6,Occupied,2026-06-25T19:06:25.299536+00:00,739,truck,0.40370848774909973,0,282.90667724609375,329.2066345214844,341.942626953125,364.4363708496094
2026-06-25T19:06:25.299536+00:00,spot_7,Spot 7,Empty,2026-06-25T19:06:25.299536+00:00,,,,,,,,
2026-06-25T19:06:25.299536+00:00,spot_8,Spot 8,Occupied,2026-06-25T19:06:25.299536+00:00,719,car,0.37216177582740784,1076,187.5472412109375,326.71929931640625,222.65020751953125,352.84234619140625
2026-06-25T19:06:25.299536+00:00,spot_9,Spot 9,Occupied,2026-06-25T19:05:22.316956+00:00,732,car,0.35385045409202576,545,155.1865997314453,323.99200439453125,193.31690979003906,351.26885986328125
2026-06-25T19:06:25.299536+00:00,spot_10,Spot 10,Occupied,2026-06-25T18:48:23.212686+00:00,650,car,0.7393355369567871,4746,127.41377258300781,320.4162292480469,173.71543884277344,347.8744812011719
2026-06-25T19:06:25.299536+00:00,spot_11,Spot 11,Empty,2026-06-25T18:35:27.908092+00:00,,,,,,,,
2026-06-25T19:06:25.299536+00:00,spot_12,Spot 12,Occupied,2026-06-25T18:46:41.669829+00:00,516,truck,0.6118425130844116,16406,80.19308471679688,308.52703857421875,143.6570587158203,346.83404541015625
2026-06-25T19:06:25.299536+00:00,spot_13,Spot 13,Empty,2026-06-25T18:46:41.669829+00:00,,,,,,,,
2026-06-25T19:06:25.299536+00:00,spot_14,Spot 14,Empty,2026-06-25T19:06:25.299536+00:00,,,,,,,,
2026-06-25T19:06:25.299536+00:00,spot_15,Spot 15,Occupied,2026-06-25T18:57:20.914115+00:00,682,car,0.5774627923965454,3065,31.226232528686523,315.2139892578125,68.04613494873047,334.91552734375
2026-06-25T19:06:25.299536+00:00,spot_16,Spot 16,Empty,2026-06-25T19:06:25.299536+00:00,,,,,,,,
2026-06-25T19:06:25.299536+00:00,spot_17,Spot 17,Empty,2026-06-25T18:08:23.061954+00:00,,,,,,,,
2026-06-25T19:07:22.787909+00:00,spot_1,Spot 1,Occupied,2026-06-25T19:05:22.316956+00:00,710,car,0.7849475145339966,1727,567.26953125,315.5191650390625,610.410888671875,367.07781982421875
2026-06-25T19:07:22.787909+00:00,spot_2,Spot 2,Empty,2026-06-25T18:46:41.669829+00:00,,,,,,,,
2026-06-25T19:07:22.787909+00:00,spot_3,Spot 3,Occupied,2026-06-25T18:54:22.784422+00:00,484,car,0.793177604675293,20455,442.0813903808594,327.19342041015625,488.4955749511719,369.89385986328125
2026-06-25T19:07:22.787909+00:00,spot_4,Spot 4,Occupied,2026-06-25T18:50:24.739895+00:00,692,truck,0.5167331099510193,2763,387.21014404296875,302.4842529296875,441.78302001953125,366.1839599609375
2026-06-25T19:07:22.787909+00:00,spot_5,Spot 5,Occupied,2026-06-25T19:07:22.787909+00:00,740,truck,0.41427484154701233,0,335.04827880859375,328.94036865234375,387.13592529296875,367.95635986328125
2026-06-25T19:07:22.787909+00:00,spot_6,Spot 6,Occupied,2026-06-25T19:07:22.787909+00:00,520,car,0.692326545715332,15897,282.5722961425781,329.1314392089844,338.5701599121094,364.9671936035156
2026-06-25T19:07:22.787909+00:00,spot_7,Spot 7,Empty,2026-06-25T19:06:25.299536+00:00,,,,,,,,
2026-06-25T19:07:22.787909+00:00,spot_8,Spot 8,Occupied,2026-06-25T19:07:22.787909+00:00,649,car,0.5126592516899109,4804,207.95355224609375,326.23907470703125,256.215087890625,358.03594970703125
2026-06-25T19:07:22.787909+00:00,spot_9,Spot 9,Occupied,2026-06-25T19:07:22.787909+00:00,719,car,0.4485281705856323,1134,187.66387939453125,327.2655029296875,224.42462158203125,353.0269775390625
2026-06-25T19:07:22.787909+00:00,spot_10,Spot 10,Occupied,2026-06-25T18:48:23.212686+00:00,650,car,0.5466729402542114,4804,127.05714416503906,320.652099609375,174.5283660888672,348.5517578125
2026-06-25T19:07:22.787909+00:00,spot_11,Spot 11,Empty,2026-06-25T18:35:27.908092+00:00,,,,,,,,
2026-06-25T19:07:22.787909+00:00,spot_12,Spot 12,Occupied,2026-06-25T18:46:41.669829+00:00,516,truck,0.7701647877693176,16464,79.18888854980469,308.0474548339844,142.1544189453125,347.4749450683594
2026-06-25T19:07:22.787909+00:00,spot_13,Spot 13,Empty,2026-06-25T18:46:41.669829+00:00,,,,,,,,
2026-06-25T19:07:22.787909+00:00,spot_14,Spot 14,Occupied,2026-06-25T19:07:22.787909+00:00,738,truck,0.41238638758659363,122,55.93955993652344,316.29766845703125,84.14312744140625,340.112060546875
2026-06-25T19:07:22.787909+00:00,spot_15,Spot 15,Occupied,2026-06-25T18:57:20.914115+00:00,682,car,0.35067278146743774,3124,31.016159057617188,314.7236328125,67.63491821289062,334.6116943359375
2026-06-25T19:07:22.787909+00:00,spot_16,Spot 16,Empty,2026-06-25T19:06:25.299536+00:00,,,,,,,,
2026-06-25T19:07:22.787909+00:00,spot_17,Spot 17,Empty,2026-06-25T18:08:23.061954+00:00,,,,,,,,
2026-06-25T19:08:24.408430+00:00,spot_1,Spot 1,Occupied,2026-06-25T19:05:22.316956+00:00,710,car,0.8395704030990601,1787,567.0722045898438,315.987548828125,609.3794555664062,368.70068359375
2026-06-25T19:08:24.408430+00:00,spot_2,Spot 2,Empty,2026-06-25T18:46:41.669829+00:00,,,,,,,,
2026-06-25T19:08:24.408430+00:00,spot_3,Spot 3,Occupied,2026-06-25T18:54:22.784422+00:00,484,car,0.6796081066131592,20515,442.2763671875,327.063720703125,489.0928955078125,369.90478515625
2026-06-25T19:08:24.408430+00:00,spot_4,Spot 4,Occupied,2026-06-25T18:50:24.739895+00:00,692,truck,0.6049392223358154,2824,387.4957275390625,302.7288818359375,443.3592529296875,366.4259033203125
2026-06-25T19:08:24.408430+00:00,spot_5,Spot 5,Occupied,2026-06-25T19:08:24.408430+00:00,731,car,0.8179494142532349,721,335.22308349609375,328.3198547363281,388.30279541015625,368.0986633300781
2026-06-25T19:08:24.408430+00:00,spot_6,Spot 6,Occupied,2026-06-25T19:07:22.787909+00:00,520,car,0.7774616479873657,15958,283.4532470703125,329.1829528808594,342.1781005859375,364.7272644042969
2026-06-25T19:08:24.408430+00:00,spot_7,Spot 7,Occupied,2026-06-25T19:08:24.408430+00:00,741,car,0.7305561304092407,0,255.4873809814453,326.11431884765625,303.08245849609375,359.32550048828125
2026-06-25T19:08:24.408430+00:00,spot_8,Spot 8,Occupied,2026-06-25T19:07:22.787909+00:00,649,car,0.35502004623413086,4865,208.48110961914062,325.6251220703125,263.407958984375,358.662109375
2026-06-25T19:08:24.408430+00:00,spot_9,Spot 9,Occupied,2026-06-25T19:08:24.408430+00:00,732,car,0.502147912979126,664,156.48812866210938,325.01312255859375,201.23025512695312,351.32598876953125
2026-06-25T19:08:24.408430+00:00,spot_10,Spot 10,Empty,2026-06-25T19:08:24.408430+00:00,,,,,,,,
2026-06-25T19:08:24.408430+00:00,spot_11,Spot 11,Empty,2026-06-25T18:35:27.908092+00:00,,,,,,,,
2026-06-25T19:08:24.408430+00:00,spot_12,Spot 12,Occupied,2026-06-25T18:46:41.669829+00:00,516,truck,0.5595568418502808,16525,80.77947998046875,308.51800537109375,141.8549346923828,347.0577392578125
2026-06-25T19:08:24.408430+00:00,spot_13,Spot 13,Empty,2026-06-25T18:46:41.669829+00:00,,,,,,,,
2026-06-25T19:08:24.408430+00:00,spot_14,Spot 14,Empty,2026-06-25T19:08:24.408430+00:00,,,,,,,,
2026-06-25T19:08:24.408430+00:00,spot_15,Spot 15,Empty,2026-06-25T19:08:24.408430+00:00,,,,,,,,
2026-06-25T19:08:24.408430+00:00,spot_16,Spot 16,Occupied,2026-06-25T19:08:24.408430+00:00,742,truck,0.47644171118736267,0,21.05620574951172,314.73419189453125,63.02814483642578,334.53265380859375
2026-06-25T19:08:24.408430+00:00,spot_17,Spot 17,Empty,2026-06-25T18:08:23.061954+00:00,,,,,,,,
2026-06-25T19:09:22.874572+00:00,spot_1,Spot 1,Occupied,2026-06-25T19:05:22.316956+00:00,710,car,0.5841048359870911,1844,566.6688232421875,314.76263427734375,609.411865234375,371.69549560546875
2026-06-25T19:09:22.874572+00:00,spot_2,Spot 2,Empty,2026-06-25T18:46:41.669829+00:00,,,,,,,,
2026-06-25T19:09:22.874572+00:00,spot_3,Spot 3,Occupied,2026-06-25T18:54:22.784422+00:00,484,car,0.8690980076789856,20572,442.20477294921875,327.05126953125,489.62713623046875,370.7862548828125
2026-06-25T19:09:22.874572+00:00,spot_4,Spot 4,Occupied,2026-06-25T18:50:24.739895+00:00,692,truck,0.6375155448913574,2881,387.6138610839844,302.9574890136719,433.4423522949219,365.8614807128906
2026-06-25T19:09:22.874572+00:00,spot_5,Spot 5,Occupied,2026-06-25T19:08:24.408430+00:00,731,car,0.6817538738250732,778,335.1356201171875,327.89129638671875,388.281494140625,367.69464111328125
2026-06-25T19:09:22.874572+00:00,spot_6,Spot 6,Occupied,2026-06-25T19:07:22.787909+00:00,520,car,0.7039185166358948,16015,286.11444091796875,329.6966552734375,341.21380615234375,364.5986328125
2026-06-25T19:09:22.874572+00:00,spot_7,Spot 7,Occupied,2026-06-25T19:08:24.408430+00:00,741,car,0.6377896666526794,56,255.63607788085938,325.8616027832031,304.0506286621094,360.5377502441406
2026-06-25T19:09:22.874572+00:00,spot_8,Spot 8,Occupied,2026-06-25T19:07:22.787909+00:00,649,car,0.5299433469772339,4922,207.4727783203125,325.50830078125,262.60601806640625,357.8095703125
2026-06-25T19:09:22.874572+00:00,spot_9,Spot 9,Occupied,2026-06-25T19:09:22.874572+00:00,719,car,0.50956130027771,1251,187.73739624023438,327.6074523925781,213.14840698242188,352.2048645019531
2026-06-25T19:09:22.874572+00:00,spot_10,Spot 10,Occupied,2026-06-25T19:09:22.874572+00:00,650,car,0.365566611289978,4922,126.37901306152344,320.69024658203125,175.98768615722656,347.81683349609375
2026-06-25T19:09:22.874572+00:00,spot_11,Spot 11,Empty,2026-06-25T18:35:27.908092+00:00,,,,,,,,
2026-06-25T19:09:22.874572+00:00,spot_12,Spot 12,Empty,2026-06-25T19:09:22.874572+00:00,,,,,,,,
2026-06-25T19:09:22.874572+00:00,spot_13,Spot 13,Occupied,2026-06-25T19:09:22.874572+00:00,516,truck,0.6646523475646973,16582,76.77386474609375,307.14813232421875,143.80426025390625,346.39483642578125
2026-06-25T19:09:22.874572+00:00,spot_14,Spot 14,Empty,2026-06-25T19:08:24.408430+00:00,,,,,,,,
2026-06-25T19:09:22.874572+00:00,spot_15,Spot 15,Occupied,2026-06-25T19:09:22.874572+00:00,682,car,0.45785507559776306,3241,29.169052124023438,314.4653015136719,63.51032257080078,333.6325378417969
2026-06-25T19:09:22.874572+00:00,spot_16,Spot 16,Empty,2026-06-25T19:09:22.874572+00:00,,,,,,,,
2026-06-25T19:09:22.874572+00:00,spot_17,Spot 17,Empty,2026-06-25T18:08:23.061954+00:00,,,,,,,,
2026-06-25T19:10:23.097228+00:00,spot_1,Spot 1,Occupied,2026-06-25T19:05:22.316956+00:00,710,car,0.6528393030166626,1905,566.8211059570312,315.54364013671875,609.1768188476562,368.34228515625
2026-06-25T19:10:23.097228+00:00,spot_2,Spot 2,Empty,2026-06-25T18:46:41.669829+00:00,,,,,,,,
2026-06-25T19:10:23.097228+00:00,spot_3,Spot 3,Occupied,2026-06-25T18:54:22.784422+00:00,484,car,0.7178071141242981,20633,432.3102722167969,325.421630859375,489.4842224121094,371.5086669921875
2026-06-25T19:10:23.097228+00:00,spot_4,Spot 4,Empty,2026-06-25T19:10:23.097228+00:00,,,,,,,,
2026-06-25T19:10:23.097228+00:00,spot_5,Spot 5,Occupied,2026-06-25T19:08:24.408430+00:00,731,car,0.6486578583717346,839,335.35931396484375,328.87939453125,384.82135009765625,368.0303955078125
2026-06-25T19:10:23.097228+00:00,spot_6,Spot 6,Occupied,2026-06-25T19:07:22.787909+00:00,520,car,0.8250296115875244,16076,281.029296875,329.4315185546875,342.563720703125,363.60552978515625
2026-06-25T19:10:23.097228+00:00,spot_7,Spot 7,Occupied,2026-06-25T19:08:24.408430+00:00,741,car,0.5874525308609009,117,255.58462524414062,326.1776123046875,305.0506896972656,357.142822265625
2026-06-25T19:10:23.097228+00:00,spot_8,Spot 8,Occupied,2026-06-25T19:07:22.787909+00:00,649,car,0.620582103729248,4983,207.8712158203125,324.69818115234375,262.42041015625,358.12335205078125
2026-06-25T19:10:23.097228+00:00,spot_9,Spot 9,Occupied,2026-06-25T19:10:23.097228+00:00,732,car,0.40240150690078735,782,157.19448852539062,325.8629150390625,194.10946655273438,350.6851806640625
2026-06-25T19:10:23.097228+00:00,spot_10,Spot 10,Occupied,2026-06-25T19:09:22.874572+00:00,650,car,0.3972373902797699,4983,125.80377960205078,321.1787109375,177.06878662109375,347.503173828125
2026-06-25T19:10:23.097228+00:00,spot_11,Spot 11,Empty,2026-06-25T18:35:27.908092+00:00,,,,,,,,
2026-06-25T19:10:23.097228+00:00,spot_12,Spot 12,Empty,2026-06-25T19:09:22.874572+00:00,,,,,,,,
2026-06-25T19:10:23.097228+00:00,spot_13,Spot 13,Occupied,2026-06-25T19:09:22.874572+00:00,516,truck,0.6907035708427429,16643,73.29849243164062,307.75836181640625,142.864501953125,346.52899169921875
2026-06-25T19:10:23.097228+00:00,spot_14,Spot 14,Empty,2026-06-25T19:08:24.408430+00:00,,,,,,,,
2026-06-25T19:10:23.097228+00:00,spot_15,Spot 15,Empty,2026-06-25T19:10:23.097228+00:00,,,,,,,,
2026-06-25T19:10:23.097228+00:00,spot_16,Spot 16,Occupied,2026-06-25T19:10:23.097228+00:00,682,car,0.5782414078712463,3302,29.356063842773438,314.38934326171875,62.90503692626953,333.09490966796875
2026-06-25T19:10:23.097228+00:00,spot_17,Spot 17,Empty,2026-06-25T18:08:23.061954+00:00,,,,,,,,
2026-06-25T19:11:21.097674+00:00,spot_1,Spot 1,Occupied,2026-06-25T19:05:22.316956+00:00,710,car,0.822902262210846,1963,566.658935546875,315.71435546875,608.963134765625,371.97271728515625
2026-06-25T19:11:21.097674+00:00,spot_2,Spot 2,Empty,2026-06-25T18:46:41.669829+00:00,,,,,,,,
2026-06-25T19:11:21.097674+00:00,spot_3,Spot 3,Occupied,2026-06-25T19:11:21.097674+00:00,743,bus,0.675822913646698,0,442.2381591796875,325.14508056640625,488.8740234375,370.78839111328125
2026-06-25T19:11:21.097674+00:00,spot_4,Spot 4,Occupied,2026-06-25T19:11:21.097674+00:00,692,truck,0.37421944737434387,2999,390.1231689453125,321.2607421875,436.64990234375,364.3951416015625
2026-06-25T19:11:21.097674+00:00,spot_5,Spot 5,Empty,2026-06-25T19:11:21.097674+00:00,,,,,,,,
2026-06-25T19:11:21.097674+00:00,spot_6,Spot 6,Occupied,2026-06-25T19:07:22.787909+00:00,520,car,0.6751541495323181,16134,285.202392578125,329.3406982421875,339.2847900390625,365.144775390625
2026-06-25T19:11:21.097674+00:00,spot_7,Spot 7,Occupied,2026-06-25T19:08:24.408430+00:00,741,car,0.7363132238388062,175,255.6281280517578,325.5155029296875,303.33233642578125,357.84765625
2026-06-25T19:11:21.097674+00:00,spot_8,Spot 8,Occupied,2026-06-25T19:11:21.097674+00:00,719,car,0.4608888328075409,1370,188.3313446044922,326.1854248046875,226.0745391845703,352.7559814453125
2026-06-25T19:11:21.097674+00:00,spot_9,Spot 9,Occupied,2026-06-25T19:10:23.097228+00:00,732,car,0.35856446623802185,839,156.02301025390625,324.65472412109375,195.0010986328125,350.505126953125
2026-06-25T19:11:21.097674+00:00,spot_10,Spot 10,Empty,2026-06-25T19:11:21.097674+00:00,,,,,,,,
2026-06-25T19:11:21.097674+00:00,spot_11,Spot 11,Occupied,2026-06-25T19:11:21.097674+00:00,650,car,0.4960070550441742,5040,126.43482971191406,323.15289306640625,160.24232482910156,347.33294677734375
2026-06-25T19:11:21.097674+00:00,spot_12,Spot 12,Occupied,2026-06-25T19:11:21.097674+00:00,516,truck,0.7094346880912781,16700,79.69528198242188,307.160888671875,143.19418334960938,346.73760986328125
2026-06-25T19:11:21.097674+00:00,spot_13,Spot 13,Empty,2026-06-25T19:11:21.097674+00:00,,,,,,,,
2026-06-25T19:11:21.097674+00:00,spot_14,Spot 14,Empty,2026-06-25T19:08:24.408430+00:00,,,,,,,,
2026-06-25T19:11:21.097674+00:00,spot_15,Spot 15,Occupied,2026-06-25T19:11:21.097674+00:00,682,car,0.505854606628418,3360,30.80719757080078,314.23504638671875,64.08995056152344,333.14764404296875
2026-06-25T19:11:21.097674+00:00,spot_16,Spot 16,Empty,2026-06-25T19:11:21.097674+00:00,,,,,,,,
2026-06-25T19:11:21.097674+00:00,spot_17,Spot 17,Empty,2026-06-25T18:08:23.061954+00:00,,,,,,,,
2026-06-25T19:12:40.934796+00:00,spot_1,Spot 1,Occupied,2026-06-25T19:05:22.316956+00:00,710,car,0.42647600173950195,2044,566.6849365234375,314.9118957519531,610.115966796875,367.4004821777344
2026-06-25T19:12:40.934796+00:00,spot_2,Spot 2,Empty,2026-06-25T18:46:41.669829+00:00,,,,,,,,
2026-06-25T19:12:40.934796+00:00,spot_3,Spot 3,Occupied,2026-06-25T19:11:21.097674+00:00,743,bus,0.8462545871734619,81,440.38616943359375,325.352783203125,488.49029541015625,370.8748779296875
2026-06-25T19:12:40.934796+00:00,spot_4,Spot 4,Empty,2026-06-25T19:12:40.934796+00:00,,,,,,,,
2026-06-25T19:12:40.934796+00:00,spot_5,Spot 5,Empty,2026-06-25T19:11:21.097674+00:00,,,,,,,,
2026-06-25T19:12:40.934796+00:00,spot_6,Spot 6,Occupied,2026-06-25T19:07:22.787909+00:00,520,car,0.6582892537117004,16215,282.84576416015625,329.1839904785156,337.00054931640625,364.9012756347656
2026-06-25T19:12:40.934796+00:00,spot_7,Spot 7,Occupied,2026-06-25T19:08:24.408430+00:00,741,car,0.741996169090271,256,255.72067260742188,326.13555908203125,303.7550354003906,359.2686767578125
2026-06-25T19:12:40.934796+00:00,spot_8,Spot 8,Occupied,2026-06-25T19:12:40.934796+00:00,649,car,0.6934972405433655,5121,207.174560546875,325.3387451171875,262.4642028808594,357.9869384765625
2026-06-25T19:12:40.934796+00:00,spot_9,Spot 9,Occupied,2026-06-25T19:10:23.097228+00:00,732,car,0.47760722041130066,921,151.4645538330078,323.6324462890625,192.71534729003906,351.3118896484375
2026-06-25T19:12:40.934796+00:00,spot_10,Spot 10,Occupied,2026-06-25T19:12:40.934796+00:00,650,car,0.6317480802536011,5121,126.44608306884766,320.47796630859375,175.78793334960938,347.98333740234375
2026-06-25T19:12:40.934796+00:00,spot_11,Spot 11,Empty,2026-06-25T19:12:40.934796+00:00,,,,,,,,
2026-06-25T19:12:40.934796+00:00,spot_12,Spot 12,Occupied,2026-06-25T19:11:21.097674+00:00,516,truck,0.6897940039634705,16782,79.903076171875,308.01971435546875,143.56790161132812,346.85443115234375
2026-06-25T19:12:40.934796+00:00,spot_13,Spot 13,Empty,2026-06-25T19:11:21.097674+00:00,,,,,,,,
2026-06-25T19:12:40.934796+00:00,spot_14,Spot 14,Occupied,2026-06-25T19:12:40.934796+00:00,746,truck,0.36125627160072327,0,61.9694709777832,318.04046630859375,84.03572082519531,339.44921875
2026-06-25T19:12:40.934796+00:00,spot_15,Spot 15,Occupied,2026-06-25T19:11:21.097674+00:00,682,car,0.5441078543663025,3441,31.32610321044922,314.846923828125,64.11492919921875,333.3372802734375
2026-06-25T19:12:40.934796+00:00,spot_16,Spot 16,Occupied,2026-06-25T19:12:40.934796+00:00,745,car,0.39311811327934265,0,21.80342674255371,313.5816650390625,45.523963928222656,329.3502197265625
2026-06-25T19:12:40.934796+00:00,spot_17,Spot 17,Empty,2026-06-25T18:08:23.061954+00:00,,,,,,,,
2026-06-25T19:13:36.380105+00:00,spot_1,Spot 1,Occupied,2026-06-25T19:05:22.316956+00:00,710,car,0.8468275666236877,2099,566.5626220703125,315.95965576171875,609.0396728515625,369.29156494140625
2026-06-25T19:13:36.380105+00:00,spot_2,Spot 2,Empty,2026-06-25T18:46:41.669829+00:00,,,,,,,,
2026-06-25T19:13:36.380105+00:00,spot_3,Spot 3,Occupied,2026-06-25T19:13:36.380105+00:00,747,truck,0.5320490598678589,0,442.55560302734375,325.3634033203125,488.6619873046875,373.330810546875
2026-06-25T19:13:36.380105+00:00,spot_4,Spot 4,Occupied,2026-06-25T19:13:36.380105+00:00,692,truck,0.5427427887916565,3135,389.014404296875,320.9496765136719,437.727294921875,368.1356506347656
2026-06-25T19:13:36.380105+00:00,spot_5,Spot 5,Empty,2026-06-25T19:11:21.097674+00:00,,,,,,,,
2026-06-25T19:13:36.380105+00:00,spot_6,Spot 6,Occupied,2026-06-25T19:07:22.787909+00:00,520,car,0.6075565218925476,16269,281.02215576171875,329.7376708984375,344.32086181640625,365.3975830078125
2026-06-25T19:13:36.380105+00:00,spot_7,Spot 7,Occupied,2026-06-25T19:08:24.408430+00:00,741,car,0.5554496049880981,311,255.61077880859375,326.27154541015625,303.920166015625,358.563720703125
2026-06-25T19:13:36.380105+00:00,spot_8,Spot 8,Occupied,2026-06-25T19:12:40.934796+00:00,649,car,0.6094040870666504,5176,208.00021362304688,325.28778076171875,262.6800231933594,358.01617431640625
2026-06-25T19:13:36.380105+00:00,spot_9,Spot 9,Occupied,2026-06-25T19:13:36.380105+00:00,719,car,0.3621940314769745,1506,187.4373779296875,327.42596435546875,216.13330078125,352.78875732421875
2026-06-25T19:13:36.380105+00:00,spot_10,Spot 10,Occupied,2026-06-25T19:12:40.934796+00:00,650,car,0.5143881440162659,5176,126.59919738769531,320.9334716796875,175.5342254638672,347.96270751953125
2026-06-25T19:13:36.380105+00:00,spot_11,Spot 11,Empty,2026-06-25T19:12:40.934796+00:00,,,,,,,,
2026-06-25T19:13:36.380105+00:00,spot_12,Spot 12,Occupied,2026-06-25T19:11:21.097674+00:00,516,truck,0.6237657070159912,16836,77.89247131347656,307.762939453125,143.49440002441406,346.7216796875
2026-06-25T19:13:36.380105+00:00,spot_13,Spot 13,Empty,2026-06-25T19:11:21.097674+00:00,,,,,,,,
2026-06-25T19:13:36.380105+00:00,spot_14,Spot 14,Empty,2026-06-25T19:13:36.380105+00:00,,,,,,,,
2026-06-25T19:13:36.380105+00:00,spot_15,Spot 15,Occupied,2026-06-25T19:11:21.097674+00:00,682,car,0.5065635442733765,3496,29.95168113708496,314.3610534667969,65.41837310791016,333.6532897949219
2026-06-25T19:13:36.380105+00:00,spot_16,Spot 16,Empty,2026-06-25T19:13:36.380105+00:00,,,,,,,,
2026-06-25T19:13:36.380105+00:00,spot_17,Spot 17,Empty,2026-06-25T18:08:23.061954+00:00,,,,,,,,
2026-06-25T19:14:27.809701+00:00,spot_1,Spot 1,Occupied,2026-06-25T19:05:22.316956+00:00,710,car,0.7908471822738647,2151,566.5982055664062,315.1101989746094,609.3115844726562,369.3196105957031
2026-06-25T19:14:27.809701+00:00,spot_2,Spot 2,Empty,2026-06-25T18:46:41.669829+00:00,,,,,,,,
2026-06-25T19:14:27.809701+00:00,spot_3,Spot 3,Occupied,2026-06-25T19:13:36.380105+00:00,747,truck,0.471227765083313,52,441.7427978515625,325.165283203125,489.309814453125,373.32666015625
2026-06-25T19:14:27.809701+00:00,spot_4,Spot 4,Occupied,2026-06-25T19:13:36.380105+00:00,692,truck,0.6754728555679321,3188,387.1023254394531,321.7527770996094,437.1937561035156,370.6140441894531
2026-06-25T19:14:27.809701+00:00,spot_5,Spot 5,Empty,2026-06-25T19:11:21.097674+00:00,,,,,,,,
2026-06-25T19:14:27.809701+00:00,spot_6,Spot 6,Occupied,2026-06-25T19:07:22.787909+00:00,520,car,0.8124470114707947,16322,282.0048828125,329.41766357421875,343.6861572265625,364.70806884765625
2026-06-25T19:14:27.809701+00:00,spot_7,Spot 7,Occupied,2026-06-25T19:08:24.408430+00:00,741,car,0.6327833533287048,364,255.5137481689453,326.0604248046875,303.18243408203125,358.9654541015625
2026-06-25T19:14:27.809701+00:00,spot_8,Spot 8,Occupied,2026-06-25T19:14:27.809701+00:00,719,car,0.5852988362312317,1559,189.4951629638672,326.8961181640625,225.2935028076172,352.837158203125
2026-06-25T19:14:27.809701+00:00,spot_9,Spot 9,Empty,2026-06-25T19:14:27.809701+00:00,,,,,,,,
2026-06-25T19:14:27.809701+00:00,spot_10,Spot 10,Occupied,2026-06-25T19:12:40.934796+00:00,650,car,0.3526301383972168,5229,126.26080322265625,320.97845458984375,176.76925659179688,347.61566162109375
2026-06-25T19:14:27.809701+00:00,spot_11,Spot 11,Empty,2026-06-25T19:12:40.934796+00:00,,,,,,,,
2026-06-25T19:14:27.809701+00:00,spot_12,Spot 12,Occupied,2026-06-25T19:11:21.097674+00:00,516,truck,0.6939422488212585,16889,80.29020690917969,307.62030029296875,142.3463897705078,346.20037841796875
2026-06-25T19:14:27.809701+00:00,spot_13,Spot 13,Empty,2026-06-25T19:11:21.097674+00:00,,,,,,,,
2026-06-25T19:14:27.809701+00:00,spot_14,Spot 14,Occupied,2026-06-25T19:14:27.809701+00:00,746,truck,0.4727343022823334,107,55.5715446472168,316.7122802734375,84.68296813964844,338.8839111328125
2026-06-25T19:14:27.809701+00:00,spot_15,Spot 15,Empty,2026-06-25T19:14:27.809701+00:00,,,,,,,,
2026-06-25T19:14:27.809701+00:00,spot_16,Spot 16,Occupied,2026-06-25T19:14:27.809701+00:00,682,car,0.6515547037124634,3548,22.443328857421875,313.9483642578125,66.71495056152344,333.5045166015625
2026-06-25T19:14:27.809701+00:00,spot_17,Spot 17,Empty,2026-06-25T18:08:23.061954+00:00,,,,,,,,
2026-06-25T19:15:22.164634+00:00,spot_1,Spot 1,Occupied,2026-06-25T19:15:22.164634+00:00,744,truck,0.4448806047439575,159,566.6221923828125,314.73321533203125,610.6199951171875,367.3673095703125
2026-06-25T19:15:22.164634+00:00,spot_2,Spot 2,Empty,2026-06-25T18:46:41.669829+00:00,,,,,,,,
2026-06-25T19:15:22.164634+00:00,spot_3,Spot 3,Occupied,2026-06-25T19:13:36.380105+00:00,747,truck,0.3790838122367859,104,441.48974609375,325.064453125,488.938720703125,374.1646728515625
2026-06-25T19:15:22.164634+00:00,spot_4,Spot 4,Occupied,2026-06-25T19:13:36.380105+00:00,692,truck,0.4536626935005188,3240,334.5898132324219,324.8094482421875,434.5140686035156,368.425048828125
2026-06-25T19:15:22.164634+00:00,spot_5,Spot 5,Occupied,2026-06-25T19:15:22.164634+00:00,752,car,0.35336893796920776,0,332.75811767578125,326.7091979980469,362.86846923828125,351.8446960449219
2026-06-25T19:15:22.164634+00:00,spot_6,Spot 6,Occupied,2026-06-25T19:07:22.787909+00:00,520,car,0.7725225687026978,16374,283.6156005859375,328.98736572265625,340.6214599609375,364.72845458984375
2026-06-25T19:15:22.164634+00:00,spot_7,Spot 7,Occupied,2026-06-25T19:08:24.408430+00:00,741,car,0.6299691200256348,416,255.54563903808594,325.35223388671875,302.9970703125,360.52691650390625
2026-06-25T19:15:22.164634+00:00,spot_8,Spot 8,Occupied,2026-06-25T19:15:22.164634+00:00,751,truck,0.3550305664539337,0,207.52734375,323.83154296875,263.51361083984375,357.65478515625
2026-06-25T19:15:22.164634+00:00,spot_9,Spot 9,Occupied,2026-06-25T19:15:22.164634+00:00,719,car,0.5002977848052979,1611,187.5083465576172,327.89276123046875,211.34886169433594,351.60211181640625
2026-06-25T19:15:22.164634+00:00,spot_10,Spot 10,Occupied,2026-06-25T19:12:40.934796+00:00,650,car,0.3545166254043579,5281,126.80701446533203,320.08392333984375,175.91265869140625,347.592041015625
2026-06-25T19:15:22.164634+00:00,spot_11,Spot 11,Empty,2026-06-25T19:12:40.934796+00:00,,,,,,,,
2026-06-25T19:15:22.164634+00:00,spot_12,Spot 12,Occupied,2026-06-25T19:11:21.097674+00:00,516,truck,0.7031375169754028,16941,81.46299743652344,307.7386474609375,143.91160583496094,346.7598876953125
2026-06-25T19:15:22.164634+00:00,spot_13,Spot 13,Empty,2026-06-25T19:11:21.097674+00:00,,,,,,,,
2026-06-25T19:15:22.164634+00:00,spot_14,Spot 14,Occupied,2026-06-25T19:14:27.809701+00:00,746,truck,0.35512837767601013,159,62.09184646606445,317.857666015625,84.09938049316406,339.2171630859375
2026-06-25T19:15:22.164634+00:00,spot_15,Spot 15,Occupied,2026-06-25T19:15:22.164634+00:00,682,car,0.719207763671875,3601,31.5672607421875,314.6840515136719,64.08370971679688,333.3094787597656
2026-06-25T19:15:22.164634+00:00,spot_16,Spot 16,Occupied,2026-06-25T19:15:22.164634+00:00,745,car,0.42848628759384155,159,21.792299270629883,313.10113525390625,47.01622009277344,330.35162353515625
2026-06-25T19:15:22.164634+00:00,spot_17,Spot 17,Empty,2026-06-25T18:08:23.061954+00:00,,,,,,,,
2026-06-25T19:16:35.898805+00:00,spot_1,Spot 1,Occupied,2026-06-25T19:16:35.898805+00:00,710,car,0.715304434299469,2281,566.9736328125,315.112060546875,610.358154296875,367.6280517578125
2026-06-25T19:16:35.898805+00:00,spot_2,Spot 2,Empty,2026-06-25T18:46:41.669829+00:00,,,,,,,,
2026-06-25T19:16:35.898805+00:00,spot_3,Spot 3,Occupied,2026-06-25T19:16:35.898805+00:00,753,bus,0.8047662377357483,0,442.3106384277344,325.6405944824219,488.7326965332031,371.7196350097656
2026-06-25T19:16:35.898805+00:00,spot_4,Spot 4,Empty,2026-06-25T19:16:35.898805+00:00,,,,,,,,
2026-06-25T19:16:35.898805+00:00,spot_5,Spot 5,Empty,2026-06-25T19:16:35.898805+00:00,,,,,,,,
2026-06-25T19:16:35.898805+00:00,spot_6,Spot 6,Occupied,2026-06-25T19:07:22.787909+00:00,520,car,0.8370150923728943,16452,283.2384033203125,329.51605224609375,339.93310546875,364.81512451171875
2026-06-25T19:16:35.898805+00:00,spot_7,Spot 7,Occupied,2026-06-25T19:08:24.408430+00:00,741,car,0.7384315133094788,494,255.50039672851562,325.2195739746094,303.4978332519531,359.2286682128906
2026-06-25T19:16:35.898805+00:00,spot_8,Spot 8,Occupied,2026-06-25T19:16:35.898805+00:00,649,car,0.6981797218322754,5359,207.31082153320312,324.50335693359375,262.8156433105469,357.9005126953125
2026-06-25T19:16:35.898805+00:00,spot_9,Spot 9,Occupied,2026-06-25T19:16:35.898805+00:00,754,car,0.5927032232284546,0,154.9359588623047,323.27264404296875,192.4388885498047,350.88714599609375
2026-06-25T19:16:35.898805+00:00,spot_10,Spot 10,Occupied,2026-06-25T19:12:40.934796+00:00,650,car,0.7560811638832092,5359,126.90504455566406,320.3005065917969,175.51478576660156,348.1506652832031
2026-06-25T19:16:35.898805+00:00,spot_11,Spot 11,Empty,2026-06-25T19:12:40.934796+00:00,,,,,,,,
2026-06-25T19:16:35.898805+00:00,spot_12,Spot 12,Occupied,2026-06-25T19:11:21.097674+00:00,516,truck,0.6480871438980103,17019,79.00794982910156,308.07452392578125,141.67640686035156,346.74688720703125
2026-06-25T19:16:35.898805+00:00,spot_13,Spot 13,Empty,2026-06-25T19:11:21.097674+00:00,,,,,,,,
2026-06-25T19:16:35.898805+00:00,spot_14,Spot 14,Empty,2026-06-25T19:16:35.898805+00:00,,,,,,,,
2026-06-25T19:16:35.898805+00:00,spot_15,Spot 15,Empty,2026-06-25T19:16:35.898805+00:00,,,,,,,,
2026-06-25T19:16:35.898805+00:00,spot_16,Spot 16,Empty,2026-06-25T19:16:35.898805+00:00,,,,,,,,
2026-06-25T19:16:35.898805+00:00,spot_17,Spot 17,Empty,2026-06-25T18:08:23.061954+00:00,,,,,,,,
2026-06-25T19:17:37.520353+00:00,spot_1,Spot 1,Empty,2026-06-25T19:17:37.520353+00:00,,,,,,,,
2026-06-25T19:17:37.520353+00:00,spot_2,Spot 2,Empty,2026-06-25T18:46:41.669829+00:00,,,,,,,,
2026-06-25T19:17:37.520353+00:00,spot_3,Spot 3,Occupied,2026-06-25T19:17:37.520353+00:00,747,truck,0.66790372133255,243,442.21783447265625,325.177978515625,488.75628662109375,371.158203125
2026-06-25T19:17:37.520353+00:00,spot_4,Spot 4,Occupied,2026-06-25T19:17:37.520353+00:00,692,truck,0.3555583357810974,3379,334.31024169921875,321.032470703125,441.13641357421875,369.1943359375
2026-06-25T19:17:37.520353+00:00,spot_5,Spot 5,Empty,2026-06-25T19:16:35.898805+00:00,,,,,,,,
2026-06-25T19:17:37.520353+00:00,spot_6,Spot 6,Occupied,2026-06-25T19:07:22.787909+00:00,520,car,0.6938111782073975,16513,286.18017578125,329.54937744140625,337.5712890625,365.20294189453125
2026-06-25T19:17:37.520353+00:00,spot_7,Spot 7,Occupied,2026-06-25T19:08:24.408430+00:00,741,car,0.7741076350212097,555,255.5499267578125,324.9300231933594,304.17236328125,358.7074279785156
2026-06-25T19:17:37.520353+00:00,spot_8,Spot 8,Occupied,2026-06-25T19:16:35.898805+00:00,649,car,0.6739410758018494,5420,207.16690063476562,325.1644287109375,262.7870788574219,357.9573974609375
2026-06-25T19:17:37.520353+00:00,spot_9,Spot 9,Occupied,2026-06-25T19:17:37.520353+00:00,719,car,0.39551377296447754,1750,188.16238403320312,327.43255615234375,215.57821655273438,353.10504150390625
2026-06-25T19:17:37.520353+00:00,spot_10,Spot 10,Empty,2026-06-25T19:17:37.520353+00:00,,,,,,,,
2026-06-25T19:17:37.520353+00:00,spot_11,Spot 11,Occupied,2026-06-25T19:17:37.520353+00:00,650,car,0.526852011680603,5420,126.80384063720703,320.49212646484375,171.47210693359375,347.8663330078125
2026-06-25T19:17:37.520353+00:00,spot_12,Spot 12,Occupied,2026-06-25T19:11:21.097674+00:00,516,truck,0.6684820055961609,17080,79.51042175292969,307.9319763183594,143.00401306152344,347.1368103027344
2026-06-25T19:17:37.520353+00:00,spot_13,Spot 13,Empty,2026-06-25T19:11:21.097674+00:00,,,,,,,,
2026-06-25T19:17:37.520353+00:00,spot_14,Spot 14,Empty,2026-06-25T19:16:35.898805+00:00,,,,,,,,
2026-06-25T19:17:37.520353+00:00,spot_15,Spot 15,Occupied,2026-06-25T19:17:37.520353+00:00,756,truck,0.35345980525016785,0,21.528892517089844,312.9574279785156,65.68746185302734,334.1224670410156
2026-06-25T19:17:37.520353+00:00,spot_16,Spot 16,Occupied,2026-06-25T19:17:37.520353+00:00,682,car,0.42972779273986816,3739,21.53569221496582,312.9154052734375,65.61338806152344,334.05224609375
2026-06-25T19:17:37.520353+00:00,spot_17,Spot 17,Empty,2026-06-25T18:08:23.061954+00:00,,,,,,,,
2026-06-25T19:18:48.119505+00:00,spot_1,Spot 1,Occupied,2026-06-25T19:18:48.119505+00:00,710,car,0.5775309801101685,2411,567.0164794921875,315.09857177734375,609.4599609375,366.844970703125
2026-06-25T19:18:48.119505+00:00,spot_2,Spot 2,Empty,2026-06-25T18:46:41.669829+00:00,,,,,,,,
2026-06-25T19:18:48.119505+00:00,spot_3,Spot 3,Occupied,2026-06-25T19:17:37.520353+00:00,747,truck,0.638964831829071,312,442.4114074707031,324.58001708984375,488.6450500488281,370.2376708984375
2026-06-25T19:18:48.119505+00:00,spot_4,Spot 4,Occupied,2026-06-25T19:18:48.119505+00:00,755,truck,0.6936373710632324,69,387.28680419921875,322.2101745605469,440.39532470703125,364.9519958496094
2026-06-25T19:18:48.119505+00:00,spot_5,Spot 5,Empty,2026-06-25T19:16:35.898805+00:00,,,,,,,,
2026-06-25T19:18:48.119505+00:00,spot_6,Spot 6,Occupied,2026-06-25T19:07:22.787909+00:00,520,car,0.745593249797821,16582,281.77825927734375,329.2186279296875,340.80120849609375,365.0189208984375
2026-06-25T19:18:48.119505+00:00,spot_7,Spot 7,Occupied,2026-06-25T19:08:24.408430+00:00,741,car,0.6650981903076172,624,255.51223754882812,326.1474914550781,306.1184387207031,358.6400451660156
2026-06-25T19:18:48.119505+00:00,spot_8,Spot 8,Occupied,2026-06-25T19:18:48.119505+00:00,719,car,0.6684707999229431,1819,187.935546875,325.7210998535156,225.58184814453125,353.4297790527344
2026-06-25T19:18:48.119505+00:00,spot_9,Spot 9,Occupied,2026-06-25T19:18:48.119505+00:00,754,car,0.4236338138580322,130,152.96759033203125,323.9224548339844,196.060791015625,350.5707092285156
2026-06-25T19:18:48.119505+00:00,spot_10,Spot 10,Occupied,2026-06-25T19:18:48.119505+00:00,650,car,0.5587469935417175,5489,126.37543487548828,320.7301025390625,173.39044189453125,347.9342041015625
2026-06-25T19:18:48.119505+00:00,spot_11,Spot 11,Empty,2026-06-25T19:18:48.119505+00:00,,,,,,,,
2026-06-25T19:18:48.119505+00:00,spot_12,Spot 12,Occupied,2026-06-25T19:11:21.097674+00:00,516,truck,0.6433496475219727,17149,78.25215148925781,307.2095947265625,144.22384643554688,346.36669921875
2026-06-25T19:18:48.119505+00:00,spot_13,Spot 13,Empty,2026-06-25T19:11:21.097674+00:00,,,,,,,,
2026-06-25T19:18:48.119505+00:00,spot_14,Spot 14,Empty,2026-06-25T19:16:35.898805+00:00,,,,,,,,
2026-06-25T19:18:48.119505+00:00,spot_15,Spot 15,Empty,2026-06-25T19:18:48.119505+00:00,,,,,,,,
2026-06-25T19:18:48.119505+00:00,spot_16,Spot 16,Occupied,2026-06-25T19:17:37.520353+00:00,682,car,0.7928996086120605,3808,21.28894805908203,314.30419921875,58.65232849121094,335.306884765625
2026-06-25T19:18:48.119505+00:00,spot_17,Spot 17,Empty,2026-06-25T18:08:23.061954+00:00,,,,,,,,
2026-06-25T19:19:39.724611+00:00,spot_1,Spot 1,Empty,2026-06-25T19:19:39.724611+00:00,,,,,,,,
2026-06-25T19:19:39.724611+00:00,spot_2,Spot 2,Empty,2026-06-25T18:46:41.669829+00:00,,,,,,,,
2026-06-25T19:19:39.724611+00:00,spot_3,Spot 3,Occupied,2026-06-25T19:17:37.520353+00:00,747,truck,0.49799180030822754,363,441.96258544921875,325.2598571777344,489.11639404296875,370.3306579589844
2026-06-25T19:19:39.724611+00:00,spot_4,Spot 4,Occupied,2026-06-25T19:18:48.119505+00:00,755,truck,0.3795216381549835,119,379.0873107910156,321.6983642578125,437.8268737792969,369.4892578125
2026-06-25T19:19:39.724611+00:00,spot_5,Spot 5,Empty,2026-06-25T19:16:35.898805+00:00,,,,,,,,
2026-06-25T19:19:39.724611+00:00,spot_6,Spot 6,Occupied,2026-06-25T19:07:22.787909+00:00,520,car,0.6231489181518555,16633,282.31463623046875,329.59979248046875,339.258544921875,365.9820556640625
2026-06-25T19:19:39.724611+00:00,spot_7,Spot 7,Occupied,2026-06-25T19:08:24.408430+00:00,741,car,0.7815737724304199,675,255.36474609375,325.81134033203125,303.8997802734375,358.48333740234375
2026-06-25T19:19:39.724611+00:00,spot_8,Spot 8,Occupied,2026-06-25T19:19:39.724611+00:00,649,car,0.5275154709815979,5540,207.94525146484375,324.9737548828125,262.5242004394531,357.94580078125
2026-06-25T19:19:39.724611+00:00,spot_9,Spot 9,Occupied,2026-06-25T19:18:48.119505+00:00,754,car,0.3639713525772095,181,155.71875,324.80645751953125,191.78057861328125,350.60260009765625
2026-06-25T19:19:39.724611+00:00,spot_10,Spot 10,Occupied,2026-06-25T19:18:48.119505+00:00,650,car,0.6406266093254089,5540,125.73226928710938,320.9486389160156,176.8270263671875,347.3250427246094
2026-06-25T19:19:39.724611+00:00,spot_11,Spot 11,Empty,2026-06-25T19:18:48.119505+00:00,,,,,,,,
2026-06-25T19:19:39.724611+00:00,spot_12,Spot 12,Empty,2026-06-25T19:19:39.724611+00:00,,,,,,,,
2026-06-25T19:19:39.724611+00:00,spot_13,Spot 13,Empty,2026-06-25T19:11:21.097674+00:00,,,,,,,,
2026-06-25T19:19:39.724611+00:00,spot_14,Spot 14,Occupied,2026-06-25T19:19:39.724611+00:00,516,truck,0.5417294502258301,17200,55.86790466308594,306.593994140625,142.3095703125,346.37432861328125
2026-06-25T19:19:39.724611+00:00,spot_15,Spot 15,Empty,2026-06-25T19:18:48.119505+00:00,,,,,,,,
2026-06-25T19:19:39.724611+00:00,spot_16,Spot 16,Occupied,2026-06-25T19:17:37.520353+00:00,682,car,0.5007514953613281,3859,21.161148071289062,313.48724365234375,48.808616638183594,330.67156982421875
2026-06-25T19:19:39.724611+00:00,spot_17,Spot 17,Empty,2026-06-25T18:08:23.061954+00:00,,,,,,,,
2026-06-25T19:20:31.677214+00:00,spot_1,Spot 1,Empty,2026-06-25T19:19:39.724611+00:00,,,,,,,,
2026-06-25T19:20:31.677214+00:00,spot_2,Spot 2,Empty,2026-06-25T18:46:41.669829+00:00,,,,,,,,
2026-06-25T19:20:31.677214+00:00,spot_3,Spot 3,Occupied,2026-06-25T19:20:31.677214+00:00,757,bus,0.8745825886726379,0,440.82659912109375,325.00970458984375,488.9122314453125,369.80438232421875
2026-06-25T19:20:31.677214+00:00,spot_4,Spot 4,Empty,2026-06-25T19:20:31.677214+00:00,,,,,,,,
2026-06-25T19:20:31.677214+00:00,spot_5,Spot 5,Empty,2026-06-25T19:16:35.898805+00:00,,,,,,,,
2026-06-25T19:20:31.677214+00:00,spot_6,Spot 6,Occupied,2026-06-25T19:07:22.787909+00:00,520,car,0.7881911396980286,16685,281.247314453125,329.0633544921875,342.55401611328125,364.6861572265625
2026-06-25T19:20:31.677214+00:00,spot_7,Spot 7,Occupied,2026-06-25T19:08:24.408430+00:00,741,car,0.7933544516563416,727,255.62689208984375,325.2530822753906,304.0968017578125,358.4733581542969
2026-06-25T19:20:31.677214+00:00,spot_8,Spot 8,Occupied,2026-06-25T19:19:39.724611+00:00,649,car,0.5877087712287903,5592,207.43646240234375,324.1317138671875,271.8618469238281,357.4927978515625
2026-06-25T19:20:31.677214+00:00,spot_9,Spot 9,Occupied,2026-06-25T19:18:48.119505+00:00,754,car,0.5981246829032898,232,157.505126953125,324.85772705078125,193.16961669921875,350.985595703125
2026-06-25T19:20:31.677214+00:00,spot_10,Spot 10,Occupied,2026-06-25T19:18:48.119505+00:00,650,car,0.5437206029891968,5592,126.14720153808594,320.6202392578125,175.9579315185547,347.4764404296875
2026-06-25T19:20:31.677214+00:00,spot_11,Spot 11,Empty,2026-06-25T19:18:48.119505+00:00,,,,,,,,
2026-06-25T19:20:31.677214+00:00,spot_12,Spot 12,Occupied,2026-06-25T19:20:31.677214+00:00,516,truck,0.7033073306083679,17252,79.21633911132812,307.83807373046875,143.283935546875,346.83233642578125
2026-06-25T19:20:31.677214+00:00,spot_13,Spot 13,Empty,2026-06-25T19:11:21.097674+00:00,,,,,,,,
2026-06-25T19:20:31.677214+00:00,spot_14,Spot 14,Occupied,2026-06-25T19:20:31.677214+00:00,758,truck,0.3557296395301819,0,61.059085845947266,317.6965026855469,84.35543823242188,339.0213928222656
2026-06-25T19:20:31.677214+00:00,spot_15,Spot 15,Empty,2026-06-25T19:18:48.119505+00:00,,,,,,,,
2026-06-25T19:20:31.677214+00:00,spot_16,Spot 16,Occupied,2026-06-25T19:17:37.520353+00:00,682,car,0.46332472562789917,3911,21.692975997924805,313.4488830566406,49.7462158203125,330.1088562011719
2026-06-25T19:20:31.677214+00:00,spot_17,Spot 17,Empty,2026-06-25T18:08:23.061954+00:00,,,,,,,,
2026-06-25T19:21:22.914543+00:00,spot_1,Spot 1,Occupied,2026-06-25T19:21:22.914543+00:00,710,car,0.7767994403839111,2564,565.708984375,314.5596923828125,609.21142578125,373.4786376953125
2026-06-25T19:21:22.914543+00:00,spot_2,Spot 2,Empty,2026-06-25T18:46:41.669829+00:00,,,,,,,,
2026-06-25T19:21:22.914543+00:00,spot_3,Spot 3,Empty,2026-06-25T19:21:22.914543+00:00,,,,,,,,
2026-06-25T19:21:22.914543+00:00,spot_4,Spot 4,Occupied,2026-06-25T19:21:22.914543+00:00,755,truck,0.41599196195602417,221,384.7464904785156,321.85791015625,433.4784851074219,368.17724609375
2026-06-25T19:21:22.914543+00:00,spot_5,Spot 5,Occupied,2026-06-25T19:21:22.914543+00:00,759,car,0.42789018154144287,0,335.07537841796875,328.7137451171875,385.85601806640625,371.2950439453125
2026-06-25T19:21:22.914543+00:00,spot_6,Spot 6,Occupied,2026-06-25T19:07:22.787909+00:00,520,car,0.8276844024658203,16735,286.29339599609375,329.4857177734375,341.84625244140625,365.716064453125
2026-06-25T19:21:22.914543+00:00,spot_7,Spot 7,Occupied,2026-06-25T19:08:24.408430+00:00,741,car,0.4042028784751892,777,272.3199462890625,326.42401123046875,303.1177978515625,358.28765869140625
2026-06-25T19:21:22.914543+00:00,spot_8,Spot 8,Occupied,2026-06-25T19:19:39.724611+00:00,649,car,0.7304483652114868,5642,208.26031494140625,325.0132141113281,257.4531555175781,357.7687683105469
2026-06-25T19:21:22.914543+00:00,spot_9,Spot 9,Occupied,2026-06-25T19:21:22.914543+00:00,719,car,0.5825132727622986,1972,187.78564453125,325.3012390136719,224.3533935546875,352.6256408691406
2026-06-25T19:21:22.914543+00:00,spot_10,Spot 10,Occupied,2026-06-25T19:18:48.119505+00:00,650,car,0.49060001969337463,5642,125.81149291992188,320.5119323730469,175.84890747070312,347.4055480957031
2026-06-25T19:21:22.914543+00:00,spot_11,Spot 11,Empty,2026-06-25T19:18:48.119505+00:00,,,,,,,,
2026-06-25T19:21:22.914543+00:00,spot_12,Spot 12,Empty,2026-06-25T19:21:22.914543+00:00,,,,,,,,
2026-06-25T19:21:22.914543+00:00,spot_13,Spot 13,Occupied,2026-06-25T19:21:22.914543+00:00,516,truck,0.7216632962226868,17302,72.68077087402344,305.7332763671875,144.04161071777344,346.8162841796875
2026-06-25T19:21:22.914543+00:00,spot_14,Spot 14,Empty,2026-06-25T19:21:22.914543+00:00,,,,,,,,
2026-06-25T19:21:22.914543+00:00,spot_15,Spot 15,Empty,2026-06-25T19:18:48.119505+00:00,,,,,,,,
2026-06-25T19:21:22.914543+00:00,spot_16,Spot 16,Occupied,2026-06-25T19:17:37.520353+00:00,682,car,0.729430615901947,3961,21.013118743896484,313.7691650390625,56.713008880615234,330.352294921875
2026-06-25T19:21:22.914543+00:00,spot_17,Spot 17,Empty,2026-06-25T18:08:23.061954+00:00,,,,,,,,
2026-06-25T19:22:23.491194+00:00,spot_1,Spot 1,Occupied,2026-06-25T19:21:22.914543+00:00,710,car,0.38548895716667175,2627,566.0975341796875,315.4552001953125,609.6636962890625,375.6051025390625
2026-06-25T19:22:23.491194+00:00,spot_2,Spot 2,Empty,2026-06-25T18:46:41.669829+00:00,,,,,,,,
2026-06-25T19:22:23.491194+00:00,spot_3,Spot 3,Occupied,2026-06-25T19:22:23.491194+00:00,757,bus,0.3928758203983307,112,442.128173828125,325.13427734375,489.1678466796875,372.0081787109375
2026-06-25T19:22:23.491194+00:00,spot_4,Spot 4,Occupied,2026-06-25T19:21:22.914543+00:00,755,truck,0.616392970085144,284,389.0331726074219,322.11883544921875,440.1195373535156,366.03375244140625
2026-06-25T19:22:23.491194+00:00,spot_5,Spot 5,Occupied,2026-06-25T19:21:22.914543+00:00,759,car,0.4043441116809845,63,335.2012023925781,328.9488525390625,387.3745422363281,369.2103271484375
2026-06-25T19:22:23.491194+00:00,spot_6,Spot 6,Occupied,2026-06-25T19:07:22.787909+00:00,520,car,0.8316813707351685,16798,284.94110107421875,329.6855163574219,337.72747802734375,364.7524108886719
2026-06-25T19:22:23.491194+00:00,spot_7,Spot 7,Occupied,2026-06-25T19:08:24.408430+00:00,741,car,0.6663879752159119,840,255.88673400878906,326.02716064453125,304.3399658203125,357.71466064453125
2026-06-25T19:22:23.491194+00:00,spot_8,Spot 8,Occupied,2026-06-25T19:19:39.724611+00:00,649,car,0.6438597440719604,5705,207.76226806640625,324.8545227050781,261.6231689453125,357.5743103027344
2026-06-25T19:22:23.491194+00:00,spot_9,Spot 9,Occupied,2026-06-25T19:21:22.914543+00:00,719,car,0.5980130434036255,2035,187.7615966796875,327.01409912109375,217.03662109375,352.30657958984375
2026-06-25T19:22:23.491194+00:00,spot_10,Spot 10,Occupied,2026-06-25T19:22:23.491194+00:00,754,car,0.4315413534641266,345,151.24749755859375,324.8404846191406,196.60687255859375,350.6985168457031
2026-06-25T19:22:23.491194+00:00,spot_11,Spot 11,Empty,2026-06-25T19:18:48.119505+00:00,,,,,,,,
2026-06-25T19:22:23.491194+00:00,spot_12,Spot 12,Empty,2026-06-25T19:21:22.914543+00:00,,,,,,,,
2026-06-25T19:22:23.491194+00:00,spot_13,Spot 13,Occupied,2026-06-25T19:21:22.914543+00:00,516,truck,0.517340362071991,17365,73.88829040527344,306.6759338378906,143.2630615234375,346.3388977050781
2026-06-25T19:22:23.491194+00:00,spot_14,Spot 14,Empty,2026-06-25T19:21:22.914543+00:00,,,,,,,,
2026-06-25T19:22:23.491194+00:00,spot_15,Spot 15,Empty,2026-06-25T19:18:48.119505+00:00,,,,,,,,
2026-06-25T19:22:23.491194+00:00,spot_16,Spot 16,Occupied,2026-06-25T19:17:37.520353+00:00,682,car,0.5477029085159302,4024,21.220935821533203,313.82489013671875,53.78803634643555,330.11431884765625
2026-06-25T19:22:23.491194+00:00,spot_17,Spot 17,Empty,2026-06-25T18:08:23.061954+00:00,,,,,,,,
2026-06-25T19:23:21.345715+00:00,spot_1,Spot 1,Occupied,2026-06-25T19:23:21.345715+00:00,760,truck,0.3584795892238617,0,560.1398315429688,287.85223388671875,610.0338745117188,376.08087158203125
2026-06-25T19:23:21.345715+00:00,spot_2,Spot 2,Empty,2026-06-25T18:46:41.669829+00:00,,,,,,,,
2026-06-25T19:23:21.345715+00:00,spot_3,Spot 3,Occupied,2026-06-25T19:22:23.491194+00:00,757,bus,0.5018825531005859,170,440.7641296386719,324.824462890625,488.7981262207031,374.5623779296875
2026-06-25T19:23:21.345715+00:00,spot_4,Spot 4,Occupied,2026-06-25T19:21:22.914543+00:00,755,truck,0.3797410726547241,342,386.97515869140625,320.8828125,433.5703125,366.8785400390625
2026-06-25T19:23:21.345715+00:00,spot_5,Spot 5,Occupied,2026-06-25T19:21:22.914543+00:00,759,car,0.41099220514297485,121,335.20367431640625,328.8110656738281,378.06231689453125,367.9698181152344
2026-06-25T19:23:21.345715+00:00,spot_6,Spot 6,Occupied,2026-06-25T19:07:22.787909+00:00,520,car,0.8316133618354797,16856,285.03155517578125,329.5024719238281,341.64471435546875,364.5270080566406
2026-06-25T19:23:21.345715+00:00,spot_7,Spot 7,Occupied,2026-06-25T19:08:24.408430+00:00,741,car,0.6053394079208374,898,255.65463256835938,326.17999267578125,302.6260070800781,357.17962646484375
2026-06-25T19:23:21.345715+00:00,spot_8,Spot 8,Occupied,2026-06-25T19:19:39.724611+00:00,649,car,0.6820300221443176,5763,208.40377807617188,325.4794921875,250.05856323242188,358.0604248046875
2026-06-25T19:23:21.345715+00:00,spot_9,Spot 9,Occupied,2026-06-25T19:21:22.914543+00:00,719,car,0.42829832434654236,2093,187.88099670410156,327.0772705078125,214.9735565185547,352.548583984375
2026-06-25T19:23:21.345715+00:00,spot_10,Spot 10,Occupied,2026-06-25T19:22:23.491194+00:00,754,car,0.4250413775444031,403,151.48147583007812,324.20458984375,193.51669311523438,349.794677734375
2026-06-25T19:23:21.345715+00:00,spot_11,Spot 11,Empty,2026-06-25T19:18:48.119505+00:00,,,,,,,,
2026-06-25T19:23:21.345715+00:00,spot_12,Spot 12,Empty,2026-06-25T19:21:22.914543+00:00,,,,,,,,
2026-06-25T19:23:21.345715+00:00,spot_13,Spot 13,Occupied,2026-06-25T19:21:22.914543+00:00,516,truck,0.5917803645133972,17423,73.64045715332031,306.4381103515625,143.24354553222656,346.456298828125
2026-06-25T19:23:21.345715+00:00,spot_14,Spot 14,Empty,2026-06-25T19:21:22.914543+00:00,,,,,,,,
2026-06-25T19:23:21.345715+00:00,spot_15,Spot 15,Empty,2026-06-25T19:18:48.119505+00:00,,,,,,,,
2026-06-25T19:23:21.345715+00:00,spot_16,Spot 16,Empty,2026-06-25T19:23:21.345715+00:00,,,,,,,,
2026-06-25T19:23:21.345715+00:00,spot_17,Spot 17,Empty,2026-06-25T18:08:23.061954+00:00,,,,,,,,
2026-06-25T19:24:45.346217+00:00,spot_1,Spot 1,Occupied,2026-06-25T19:24:45.346217+00:00,710,car,0.7849937677383423,2769,565.6472778320312,312.23724365234375,610.0449829101562,373.80950927734375
2026-06-25T19:24:45.346217+00:00,spot_2,Spot 2,Empty,2026-06-25T18:46:41.669829+00:00,,,,,,,,
2026-06-25T19:24:45.346217+00:00,spot_3,Spot 3,Occupied,2026-06-25T19:24:45.346217+00:00,761,car,0.8032337427139282,0,441.636474609375,327.56591796875,488.5821533203125,373.0811767578125
2026-06-25T19:24:45.346217+00:00,spot_4,Spot 4,Occupied,2026-06-25T19:21:22.914543+00:00,755,truck,0.47237515449523926,426,387.1134338378906,320.67724609375,436.4940490722656,364.8231201171875
2026-06-25T19:24:45.346217+00:00,spot_5,Spot 5,Occupied,2026-06-25T19:21:22.914543+00:00,759,car,0.6719118356704712,205,335.47344970703125,328.77960205078125,388.30902099609375,368.13018798828125
2026-06-25T19:24:45.346217+00:00,spot_6,Spot 6,Occupied,2026-06-25T19:07:22.787909+00:00,520,car,0.8162820935249329,16940,281.398681640625,329.2200927734375,338.6077880859375,364.21527099609375
2026-06-25T19:24:45.346217+00:00,spot_7,Spot 7,Occupied,2026-06-25T19:08:24.408430+00:00,741,car,0.7654834389686584,982,255.57577514648438,325.7996826171875,302.8377990722656,357.7275390625
2026-06-25T19:24:45.346217+00:00,spot_8,Spot 8,Occupied,2026-06-25T19:19:39.724611+00:00,649,car,0.7020016312599182,5847,208.07168579101562,324.23968505859375,263.9862976074219,357.47723388671875
2026-06-25T19:24:45.346217+00:00,spot_9,Spot 9,Occupied,2026-06-25T19:21:22.914543+00:00,719,car,0.40541377663612366,2177,187.6868896484375,327.3804931640625,211.17828369140625,352.4864501953125
2026-06-25T19:24:45.346217+00:00,spot_10,Spot 10,Occupied,2026-06-25T19:24:45.346217+00:00,762,car,0.5137661099433899,0,187.91720581054688,326.37567138671875,225.03359985351562,352.50677490234375
2026-06-25T19:24:45.346217+00:00,spot_11,Spot 11,Empty,2026-06-25T19:18:48.119505+00:00,,,,,,,,
2026-06-25T19:24:45.346217+00:00,spot_12,Spot 12,Occupied,2026-06-25T19:24:45.346217+00:00,516,truck,0.6757377982139587,17507,78.53157043457031,305.5792236328125,143.2793731689453,346.59521484375
2026-06-25T19:24:45.346217+00:00,spot_13,Spot 13,Empty,2026-06-25T19:24:45.346217+00:00,,,,,,,,
2026-06-25T19:24:45.346217+00:00,spot_14,Spot 14,Empty,2026-06-25T19:21:22.914543+00:00,,,,,,,,
2026-06-25T19:24:45.346217+00:00,spot_15,Spot 15,Empty,2026-06-25T19:18:48.119505+00:00,,,,,,,,
2026-06-25T19:24:45.346217+00:00,spot_16,Spot 16,Occupied,2026-06-25T19:24:45.346217+00:00,682,car,0.716334879398346,4166,21.47942352294922,313.5083312988281,50.87757873535156,330.1512756347656
2026-06-25T19:24:45.346217+00:00,spot_17,Spot 17,Empty,2026-06-25T18:08:23.061954+00:00,,,,,,,,
2026-06-25T19:25:42.945526+00:00,spot_1,Spot 1,Occupied,2026-06-25T19:24:45.346217+00:00,710,car,0.5745572447776794,2824,566.3817138671875,306.3135070800781,609.8875732421875,368.6014099121094
2026-06-25T19:25:42.945526+00:00,spot_2,Spot 2,Empty,2026-06-25T18:46:41.669829+00:00,,,,,,,,
2026-06-25T19:25:42.945526+00:00,spot_3,Spot 3,Empty,2026-06-25T19:25:42.945526+00:00,,,,,,,,
2026-06-25T19:25:42.945526+00:00,spot_4,Spot 4,Occupied,2026-06-25T19:21:22.914543+00:00,755,truck,0.3530484437942505,481,382.8329772949219,320.9637756347656,443.3136291503906,366.0879821777344
2026-06-25T19:25:42.945526+00:00,spot_5,Spot 5,Empty,2026-06-25T19:25:42.945526+00:00,,,,,,,,
2026-06-25T19:25:42.945526+00:00,spot_6,Spot 6,Occupied,2026-06-25T19:07:22.787909+00:00,520,car,0.6441673636436462,16995,283.6904296875,328.51556396484375,350.69342041015625,364.00872802734375
2026-06-25T19:25:42.945526+00:00,spot_7,Spot 7,Empty,2026-06-25T19:25:42.945526+00:00,,,,,,,,
2026-06-25T19:25:42.945526+00:00,spot_8,Spot 8,Occupied,2026-06-25T19:19:39.724611+00:00,649,car,0.7200382947921753,5902,207.85354614257812,318.552001953125,275.3531188964844,357.9395751953125
2026-06-25T19:25:42.945526+00:00,spot_9,Spot 9,Occupied,2026-06-25T19:25:42.945526+00:00,762,car,0.49837255477905273,55,188.44723510742188,325.24359130859375,225.17230224609375,352.67584228515625
2026-06-25T19:25:42.945526+00:00,spot_10,Spot 10,Occupied,2026-06-25T19:25:42.945526+00:00,754,car,0.423512727022171,542,155.65127563476562,322.0993347167969,191.35372924804688,350.2650451660156
2026-06-25T19:25:42.945526+00:00,spot_11,Spot 11,Occupied,2026-06-25T19:25:42.945526+00:00,763,car,0.5274541974067688,0,126.33000183105469,320.09381103515625,174.0463104248047,347.02471923828125
2026-06-25T19:25:42.945526+00:00,spot_12,Spot 12,Occupied,2026-06-25T19:24:45.346217+00:00,516,truck,0.7425498962402344,17562,77.67974853515625,306.2660217285156,143.89886474609375,346.4707336425781
2026-06-25T19:25:42.945526+00:00,spot_13,Spot 13,Empty,2026-06-25T19:24:45.346217+00:00,,,,,,,,
2026-06-25T19:25:42.945526+00:00,spot_14,Spot 14,Empty,2026-06-25T19:21:22.914543+00:00,,,,,,,,
2026-06-25T19:25:42.945526+00:00,spot_15,Spot 15,Empty,2026-06-25T19:18:48.119505+00:00,,,,,,,,
2026-06-25T19:25:42.945526+00:00,spot_16,Spot 16,Occupied,2026-06-25T19:24:45.346217+00:00,682,car,0.4418889284133911,4221,20.807815551757812,313.1148681640625,50.09272003173828,329.8349609375
2026-06-25T19:25:42.945526+00:00,spot_17,Spot 17,Empty,2026-06-25T18:08:23.061954+00:00,,,,,,,,
2026-06-25T19:26:33.611267+00:00,spot_1,Spot 1,Occupied,2026-06-25T19:26:33.611267+00:00,765,truck,0.40902411937713623,0,559.4287109375,287.9925537109375,609.872314453125,374.224853515625
2026-06-25T19:26:33.611267+00:00,spot_2,Spot 2,Empty,2026-06-25T18:46:41.669829+00:00,,,,,,,,
2026-06-25T19:26:33.611267+00:00,spot_3,Spot 3,Empty,2026-06-25T19:25:42.945526+00:00,,,,,,,,
2026-06-25T19:26:33.611267+00:00,spot_4,Spot 4,Empty,2026-06-25T19:26:33.611267+00:00,,,,,,,,
2026-06-25T19:26:33.611267+00:00,spot_5,Spot 5,Empty,2026-06-25T19:25:42.945526+00:00,,,,,,,,
2026-06-25T19:26:33.611267+00:00,spot_6,Spot 6,Occupied,2026-06-25T19:07:22.787909+00:00,520,car,0.8041389584541321,17046,283.617919921875,329.1147155761719,350.2977294921875,363.9917907714844
2026-06-25T19:26:33.611267+00:00,spot_7,Spot 7,Empty,2026-06-25T19:25:42.945526+00:00,,,,,,,,
2026-06-25T19:26:33.611267+00:00,spot_8,Spot 8,Occupied,2026-06-25T19:19:39.724611+00:00,649,car,0.7536625862121582,5953,208.24655151367188,322.84906005859375,275.2107238769531,357.3128662109375
2026-06-25T19:26:33.611267+00:00,spot_9,Spot 9,Occupied,2026-06-25T19:26:33.611267+00:00,754,car,0.39532017707824707,594,156.643798828125,323.3441162109375,192.7186279296875,350.15478515625
2026-06-25T19:26:33.611267+00:00,spot_10,Spot 10,Occupied,2026-06-25T19:26:33.611267+00:00,763,car,0.5259851813316345,51,126.3020248413086,319.7783203125,174.42129516601562,347.120849609375
2026-06-25T19:26:33.611267+00:00,spot_11,Spot 11,Empty,2026-06-25T19:26:33.611267+00:00,,,,,,,,
2026-06-25T19:26:33.611267+00:00,spot_12,Spot 12,Empty,2026-06-25T19:26:33.611267+00:00,,,,,,,,
2026-06-25T19:26:33.611267+00:00,spot_13,Spot 13,Occupied,2026-06-25T19:26:33.611267+00:00,516,truck,0.5401730537414551,17613,61.84407043457031,306.69500732421875,142.9776153564453,345.66082763671875
2026-06-25T19:26:33.611267+00:00,spot_14,Spot 14,Empty,2026-06-25T19:21:22.914543+00:00,,,,,,,,
2026-06-25T19:26:33.611267+00:00,spot_15,Spot 15,Empty,2026-06-25T19:18:48.119505+00:00,,,,,,,,
2026-06-25T19:26:33.611267+00:00,spot_16,Spot 16,Occupied,2026-06-25T19:24:45.346217+00:00,682,car,0.5384485721588135,4273,20.847097396850586,313.2093505859375,57.29143524169922,329.88299560546875
2026-06-25T19:26:33.611267+00:00,spot_17,Spot 17,Empty,2026-06-25T18:08:23.061954+00:00,,,,,,,,
2026-06-25T19:27:31.077171+00:00,spot_1,Spot 1,Empty,2026-06-25T19:27:31.077171+00:00,,,,,,,,
2026-06-25T19:27:31.077171+00:00,spot_2,Spot 2,Empty,2026-06-25T18:46:41.669829+00:00,,,,,,,,
2026-06-25T19:27:31.077171+00:00,spot_3,Spot 3,Empty,2026-06-25T19:25:42.945526+00:00,,,,,,,,
2026-06-25T19:27:31.077171+00:00,spot_4,Spot 4,Empty,2026-06-25T19:26:33.611267+00:00,,,,,,,,
2026-06-25T19:27:31.077171+00:00,spot_5,Spot 5,Empty,2026-06-25T19:25:42.945526+00:00,,,,,,,,
2026-06-25T19:27:31.077171+00:00,spot_6,Spot 6,Occupied,2026-06-25T19:07:22.787909+00:00,520,car,0.8329060077667236,17110,283.0502624511719,328.5804443359375,345.4037780761719,364.7843017578125
2026-06-25T19:27:31.077171+00:00,spot_7,Spot 7,Empty,2026-06-25T19:25:42.945526+00:00,,,,,,,,
2026-06-25T19:27:31.077171+00:00,spot_8,Spot 8,Occupied,2026-06-25T19:19:39.724611+00:00,649,car,0.5771944522857666,6017,207.90689086914062,322.84698486328125,275.01983642578125,358.11932373046875
2026-06-25T19:27:31.077171+00:00,spot_9,Spot 9,Occupied,2026-06-25T19:27:31.077171+00:00,762,car,0.6470875144004822,170,187.76657104492188,325.7095947265625,224.25381469726562,352.5748291015625
2026-06-25T19:27:31.077171+00:00,spot_10,Spot 10,Occupied,2026-06-25T19:27:31.077171+00:00,754,car,0.49517932534217834,658,155.21609497070312,324.8553466796875,191.94198608398438,349.2281494140625
2026-06-25T19:27:31.077171+00:00,spot_11,Spot 11,Occupied,2026-06-25T19:27:31.077171+00:00,763,car,0.5350433588027954,115,126.97702026367188,320.40826416015625,173.349365234375,347.11785888671875
2026-06-25T19:27:31.077171+00:00,spot_12,Spot 12,Occupied,2026-06-25T19:27:31.077171+00:00,516,truck,0.7382746934890747,17677,79.47651672363281,307.0760498046875,142.13682556152344,346.42626953125
2026-06-25T19:27:31.077171+00:00,spot_13,Spot 13,Empty,2026-06-25T19:27:31.077171+00:00,,,,,,,,
2026-06-25T19:27:31.077171+00:00,spot_14,Spot 14,Empty,2026-06-25T19:21:22.914543+00:00,,,,,,,,
2026-06-25T19:27:31.077171+00:00,spot_15,Spot 15,Empty,2026-06-25T19:18:48.119505+00:00,,,,,,,,
2026-06-25T19:27:31.077171+00:00,spot_16,Spot 16,Occupied,2026-06-25T19:24:45.346217+00:00,682,car,0.545066773891449,4337,20.933542251586914,313.129638671875,57.163963317871094,329.9259033203125
2026-06-25T19:27:31.077171+00:00,spot_17,Spot 17,Empty,2026-06-25T18:08:23.061954+00:00,,,,,,,,
2026-06-25T19:28:30.919827+00:00,spot_1,Spot 1,Occupied,2026-06-25T19:28:30.919827+00:00,710,car,0.3565519154071808,2994,566.601806640625,307.0494384765625,609.697021484375,370.46533203125
2026-06-25T19:28:30.919827+00:00,spot_2,Spot 2,Empty,2026-06-25T18:46:41.669829+00:00,,,,,,,,
2026-06-25T19:28:30.919827+00:00,spot_3,Spot 3,Empty,2026-06-25T19:25:42.945526+00:00,,,,,,,,
2026-06-25T19:28:30.919827+00:00,spot_4,Spot 4,Empty,2026-06-25T19:26:33.611267+00:00,,,,,,,,
2026-06-25T19:28:30.919827+00:00,spot_5,Spot 5,Empty,2026-06-25T19:25:42.945526+00:00,,,,,,,,
2026-06-25T19:28:30.919827+00:00,spot_6,Spot 6,Occupied,2026-06-25T19:07:22.787909+00:00,520,car,0.8155128359794617,17164,283.6628112792969,328.8280944824219,348.9349670410156,364.4261169433594
2026-06-25T19:28:30.919827+00:00,spot_7,Spot 7,Occupied,2026-06-25T19:28:30.919827+00:00,649,car,0.7255761027336121,6071,207.22439575195312,322.7952880859375,275.636474609375,356.681640625
2026-06-25T19:28:30.919827+00:00,spot_8,Spot 8,Occupied,2026-06-25T19:28:30.919827+00:00,762,car,0.494812935590744,224,188.339111328125,324.5494079589844,226.91256713867188,352.5589294433594
2026-06-25T19:28:30.919827+00:00,spot_9,Spot 9,Occupied,2026-06-25T19:28:30.919827+00:00,754,car,0.40610983967781067,712,158.29998779296875,323.1769714355469,195.682861328125,350.2536315917969
2026-06-25T19:28:30.919827+00:00,spot_10,Spot 10,Occupied,2026-06-25T19:28:30.919827+00:00,763,car,0.5125946402549744,169,127.36862182617188,320.36541748046875,175.97647094726562,347.27618408203125
2026-06-25T19:28:30.919827+00:00,spot_11,Spot 11,Empty,2026-06-25T19:28:30.919827+00:00,,,,,,,,
2026-06-25T19:28:30.919827+00:00,spot_12,Spot 12,Empty,2026-06-25T19:28:30.919827+00:00,,,,,,,,
2026-06-25T19:28:30.919827+00:00,spot_13,Spot 13,Occupied,2026-06-25T19:28:30.919827+00:00,516,truck,0.6120006442070007,17731,73.53150939941406,306.823486328125,144.5032196044922,345.48126220703125
2026-06-25T19:28:30.919827+00:00,spot_14,Spot 14,Empty,2026-06-25T19:21:22.914543+00:00,,,,,,,,
2026-06-25T19:28:30.919827+00:00,spot_15,Spot 15,Empty,2026-06-25T19:18:48.119505+00:00,,,,,,,,
2026-06-25T19:28:30.919827+00:00,spot_16,Spot 16,Occupied,2026-06-25T19:24:45.346217+00:00,682,car,0.6806555986404419,4391,20.574939727783203,312.95166015625,48.333805084228516,329.9119873046875
2026-06-25T19:28:30.919827+00:00,spot_17,Spot 17,Empty,2026-06-25T18:08:23.061954+00:00,,,,,,,,
2026-06-25T19:29:22.034045+00:00,spot_1,Spot 1,Occupied,2026-06-25T19:28:30.919827+00:00,710,car,0.3565519154071808,3045,566.601806640625,307.0494384765625,609.697021484375,370.46533203125
2026-06-25T19:29:22.034045+00:00,spot_2,Spot 2,Empty,2026-06-25T18:46:41.669829+00:00,,,,,,,,
2026-06-25T19:29:22.034045+00:00,spot_3,Spot 3,Empty,2026-06-25T19:25:42.945526+00:00,,,,,,,,
2026-06-25T19:29:22.034045+00:00,spot_4,Spot 4,Empty,2026-06-25T19:26:33.611267+00:00,,,,,,,,
2026-06-25T19:29:22.034045+00:00,spot_5,Spot 5,Empty,2026-06-25T19:25:42.945526+00:00,,,,,,,,
2026-06-25T19:29:22.034045+00:00,spot_6,Spot 6,Occupied,2026-06-25T19:07:22.787909+00:00,520,car,0.8155128359794617,17216,283.6628112792969,328.8280944824219,348.9349670410156,364.4261169433594
2026-06-25T19:29:22.034045+00:00,spot_7,Spot 7,Occupied,2026-06-25T19:28:30.919827+00:00,649,car,0.7255761027336121,6122,207.22439575195312,322.7952880859375,275.636474609375,356.681640625
2026-06-25T19:29:22.034045+00:00,spot_8,Spot 8,Occupied,2026-06-25T19:28:30.919827+00:00,762,car,0.494812935590744,275,188.339111328125,324.5494079589844,226.91256713867188,352.5589294433594
2026-06-25T19:29:22.034045+00:00,spot_9,Spot 9,Occupied,2026-06-25T19:28:30.919827+00:00,754,car,0.40610983967781067,763,158.29998779296875,323.1769714355469,195.682861328125,350.2536315917969
2026-06-25T19:29:22.034045+00:00,spot_10,Spot 10,Occupied,2026-06-25T19:28:30.919827+00:00,763,car,0.5125946402549744,220,127.36862182617188,320.36541748046875,175.97647094726562,347.27618408203125
2026-06-25T19:29:22.034045+00:00,spot_11,Spot 11,Empty,2026-06-25T19:28:30.919827+00:00,,,,,,,,
2026-06-25T19:29:22.034045+00:00,spot_12,Spot 12,Empty,2026-06-25T19:28:30.919827+00:00,,,,,,,,
2026-06-25T19:29:22.034045+00:00,spot_13,Spot 13,Occupied,2026-06-25T19:28:30.919827+00:00,516,truck,0.6120006442070007,17782,73.53150939941406,306.823486328125,144.5032196044922,345.48126220703125
2026-06-25T19:29:22.034045+00:00,spot_14,Spot 14,Empty,2026-06-25T19:21:22.914543+00:00,,,,,,,,
2026-06-25T19:29:22.034045+00:00,spot_15,Spot 15,Empty,2026-06-25T19:18:48.119505+00:00,,,,,,,,
2026-06-25T19:29:22.034045+00:00,spot_16,Spot 16,Occupied,2026-06-25T19:24:45.346217+00:00,682,car,0.6806555986404419,4442,20.574939727783203,312.95166015625,48.333805084228516,329.9119873046875
2026-06-25T19:29:22.034045+00:00,spot_17,Spot 17,Empty,2026-06-25T18:08:23.061954+00:00,,,,,,,,
2026-06-25T19:30:25.322185+00:00,spot_1,Spot 1,Occupied,2026-06-25T19:30:25.322185+00:00,766,truck,0.4315626621246338,0,567.1641235351562,314.87408447265625,610.5160522460938,367.54718017578125
2026-06-25T19:30:25.322185+00:00,spot_2,Spot 2,Empty,2026-06-25T18:46:41.669829+00:00,,,,,,,,
2026-06-25T19:30:25.322185+00:00,spot_3,Spot 3,Empty,2026-06-25T19:25:42.945526+00:00,,,,,,,,
2026-06-25T19:30:25.322185+00:00,spot_4,Spot 4,Empty,2026-06-25T19:26:33.611267+00:00,,,,,,,,
2026-06-25T19:30:25.322185+00:00,spot_5,Spot 5,Empty,2026-06-25T19:25:42.945526+00:00,,,,,,,,
2026-06-25T19:30:25.322185+00:00,spot_6,Spot 6,Empty,2026-06-25T19:30:25.322185+00:00,,,,,,,,
2026-06-25T19:30:25.322185+00:00,spot_7,Spot 7,Empty,2026-06-25T19:30:25.322185+00:00,,,,,,,,
2026-06-25T19:30:25.322185+00:00,spot_8,Spot 8,Occupied,2026-06-25T19:30:25.322185+00:00,649,car,0.8190746307373047,6186,207.14837646484375,323.92193603515625,274.6250915527344,357.2591552734375
2026-06-25T19:30:25.322185+00:00,spot_9,Spot 9,Occupied,2026-06-25T19:30:25.322185+00:00,762,car,0.6634149551391602,339,187.55918884277344,327.63385009765625,211.1844940185547,351.76043701171875
2026-06-25T19:30:25.322185+00:00,spot_10,Spot 10,Occupied,2026-06-25T19:28:30.919827+00:00,763,car,0.5383167862892151,284,126.56537628173828,320.17071533203125,175.11480712890625,347.39874267578125
2026-06-25T19:30:25.322185+00:00,spot_11,Spot 11,Occupied,2026-06-25T19:30:25.322185+00:00,754,car,0.4398885667324066,827,157.39854431152344,322.35003662109375,191.90480041503906,349.71575927734375
2026-06-25T19:30:25.322185+00:00,spot_12,Spot 12,Occupied,2026-06-25T19:30:25.322185+00:00,516,truck,0.7517682909965515,17847,79.25544738769531,307.5770263671875,143.2649383544922,346.7281494140625
2026-06-25T19:30:25.322185+00:00,spot_13,Spot 13,Empty,2026-06-25T19:30:25.322185+00:00,,,,,,,,
2026-06-25T19:30:25.322185+00:00,spot_14,Spot 14,Empty,2026-06-25T19:21:22.914543+00:00,,,,,,,,
2026-06-25T19:30:25.322185+00:00,spot_15,Spot 15,Empty,2026-06-25T19:18:48.119505+00:00,,,,,,,,
2026-06-25T19:30:25.322185+00:00,spot_16,Spot 16,Empty,2026-06-25T19:30:25.322185+00:00,,,,,,,,
2026-06-25T19:30:25.322185+00:00,spot_17,Spot 17,Empty,2026-06-25T18:08:23.061954+00:00,,,,,,,,
2026-06-25T19:31:22.113201+00:00,spot_1,Spot 1,Occupied,2026-06-25T19:30:25.322185+00:00,766,truck,0.4315626621246338,54,567.1641235351562,314.87408447265625,610.5160522460938,367.54718017578125
2026-06-25T19:31:22.113201+00:00,spot_2,Spot 2,Empty,2026-06-25T18:46:41.669829+00:00,,,,,,,,
2026-06-25T19:31:22.113201+00:00,spot_3,Spot 3,Empty,2026-06-25T19:25:42.945526+00:00,,,,,,,,
2026-06-25T19:31:22.113201+00:00,spot_4,Spot 4,Empty,2026-06-25T19:26:33.611267+00:00,,,,,,,,
2026-06-25T19:31:22.113201+00:00,spot_5,Spot 5,Empty,2026-06-25T19:25:42.945526+00:00,,,,,,,,
2026-06-25T19:31:22.113201+00:00,spot_6,Spot 6,Empty,2026-06-25T19:30:25.322185+00:00,,,,,,,,
2026-06-25T19:31:22.113201+00:00,spot_7,Spot 7,Empty,2026-06-25T19:30:25.322185+00:00,,,,,,,,
2026-06-25T19:31:22.113201+00:00,spot_8,Spot 8,Occupied,2026-06-25T19:30:25.322185+00:00,649,car,0.8190746307373047,6241,207.14837646484375,323.92193603515625,274.6250915527344,357.2591552734375
2026-06-25T19:31:22.113201+00:00,spot_9,Spot 9,Occupied,2026-06-25T19:30:25.322185+00:00,762,car,0.6634149551391602,394,187.55918884277344,327.63385009765625,211.1844940185547,351.76043701171875
2026-06-25T19:31:22.113201+00:00,spot_10,Spot 10,Occupied,2026-06-25T19:28:30.919827+00:00,763,car,0.5383167862892151,339,126.56537628173828,320.17071533203125,175.11480712890625,347.39874267578125
2026-06-25T19:31:22.113201+00:00,spot_11,Spot 11,Occupied,2026-06-25T19:30:25.322185+00:00,754,car,0.4398885667324066,882,157.39854431152344,322.35003662109375,191.90480041503906,349.71575927734375
2026-06-25T19:31:22.113201+00:00,spot_12,Spot 12,Occupied,2026-06-25T19:30:25.322185+00:00,516,truck,0.7517682909965515,17901,79.25544738769531,307.5770263671875,143.2649383544922,346.7281494140625
2026-06-25T19:31:22.113201+00:00,spot_13,Spot 13,Empty,2026-06-25T19:30:25.322185+00:00,,,,,,,,
2026-06-25T19:31:22.113201+00:00,spot_14,Spot 14,Empty,2026-06-25T19:21:22.914543+00:00,,,,,,,,
2026-06-25T19:31:22.113201+00:00,spot_15,Spot 15,Empty,2026-06-25T19:18:48.119505+00:00,,,,,,,,
2026-06-25T19:31:22.113201+00:00,spot_16,Spot 16,Empty,2026-06-25T19:30:25.322185+00:00,,,,,,,,
2026-06-25T19:31:22.113201+00:00,spot_17,Spot 17,Empty,2026-06-25T18:08:23.061954+00:00,,,,,,,,
2026-06-25T19:32:24.038939+00:00,spot_1,Spot 1,Occupied,2026-06-25T19:32:24.038939+00:00,710,car,0.5360681414604187,3226,566.4840087890625,313.8108825683594,609.8275146484375,367.6553649902344
2026-06-25T19:32:24.038939+00:00,spot_2,Spot 2,Empty,2026-06-25T18:46:41.669829+00:00,,,,,,,,
2026-06-25T19:32:24.038939+00:00,spot_3,Spot 3,Empty,2026-06-25T19:25:42.945526+00:00,,,,,,,,
2026-06-25T19:32:24.038939+00:00,spot_4,Spot 4,Empty,2026-06-25T19:26:33.611267+00:00,,,,,,,,
2026-06-25T19:32:24.038939+00:00,spot_5,Spot 5,Empty,2026-06-25T19:25:42.945526+00:00,,,,,,,,
2026-06-25T19:32:24.038939+00:00,spot_6,Spot 6,Empty,2026-06-25T19:30:25.322185+00:00,,,,,,,,
2026-06-25T19:32:24.038939+00:00,spot_7,Spot 7,Empty,2026-06-25T19:30:25.322185+00:00,,,,,,,,
2026-06-25T19:32:24.038939+00:00,spot_8,Spot 8,Occupied,2026-06-25T19:30:25.322185+00:00,649,car,0.7838543653488159,6304,207.8275146484375,322.86822509765625,274.7106018066406,358.24578857421875
2026-06-25T19:32:24.038939+00:00,spot_9,Spot 9,Occupied,2026-06-25T19:30:25.322185+00:00,762,car,0.5608564019203186,457,187.98585510253906,326.63385009765625,223.8607940673828,352.45989990234375
2026-06-25T19:32:24.038939+00:00,spot_10,Spot 10,Occupied,2026-06-25T19:28:30.919827+00:00,763,car,0.47379422187805176,401,126.28572845458984,320.2779846191406,176.78567504882812,347.8547058105469
2026-06-25T19:32:24.038939+00:00,spot_11,Spot 11,Empty,2026-06-25T19:32:24.038939+00:00,,,,,,,,
2026-06-25T19:32:24.038939+00:00,spot_12,Spot 12,Occupied,2026-06-25T19:30:25.322185+00:00,516,truck,0.7217839956283569,17964,81.0782470703125,307.53643798828125,141.46890258789062,346.30059814453125
2026-06-25T19:32:24.038939+00:00,spot_13,Spot 13,Empty,2026-06-25T19:30:25.322185+00:00,,,,,,,,
2026-06-25T19:32:24.038939+00:00,spot_14,Spot 14,Empty,2026-06-25T19:21:22.914543+00:00,,,,,,,,
2026-06-25T19:32:24.038939+00:00,spot_15,Spot 15,Empty,2026-06-25T19:18:48.119505+00:00,,,,,,,,
2026-06-25T19:32:24.038939+00:00,spot_16,Spot 16,Occupied,2026-06-25T19:32:24.038939+00:00,767,car,0.3892707824707031,0,21.631446838378906,313.73333740234375,56.59681701660156,330.40631103515625
2026-06-25T19:32:24.038939+00:00,spot_17,Spot 17,Empty,2026-06-25T18:08:23.061954+00:00,,,,,,,,
2026-06-25T19:33:21.541933+00:00,spot_1,Spot 1,Empty,2026-06-25T19:33:21.541933+00:00,,,,,,,,
2026-06-25T19:33:21.541933+00:00,spot_2,Spot 2,Empty,2026-06-25T18:46:41.669829+00:00,,,,,,,,
2026-06-25T19:33:21.541933+00:00,spot_3,Spot 3,Empty,2026-06-25T19:25:42.945526+00:00,,,,,,,,
2026-06-25T19:33:21.541933+00:00,spot_4,Spot 4,Occupied,2026-06-25T19:33:21.541933+00:00,768,car,0.8163071274757385,0,252.315673828125,370.08837890625,424.68084716796875,446.07421875
2026-06-25T19:33:21.541933+00:00,spot_5,Spot 5,Empty,2026-06-25T19:25:42.945526+00:00,,,,,,,,
2026-06-25T19:33:21.541933+00:00,spot_6,Spot 6,Empty,2026-06-25T19:30:25.322185+00:00,,,,,,,,
2026-06-25T19:33:21.541933+00:00,spot_7,Spot 7,Empty,2026-06-25T19:30:25.322185+00:00,,,,,,,,
2026-06-25T19:33:21.541933+00:00,spot_8,Spot 8,Occupied,2026-06-25T19:30:25.322185+00:00,649,car,0.7703234553337097,6362,207.68045043945312,319.81341552734375,275.6568298339844,357.53814697265625
2026-06-25T19:33:21.541933+00:00,spot_9,Spot 9,Occupied,2026-06-25T19:30:25.322185+00:00,762,car,0.4874393939971924,515,188.9888916015625,325.8616943359375,219.32199096679688,352.5594482421875
2026-06-25T19:33:21.541933+00:00,spot_10,Spot 10,Empty,2026-06-25T19:33:21.541933+00:00,,,,,,,,
2026-06-25T19:33:21.541933+00:00,spot_11,Spot 11,Empty,2026-06-25T19:32:24.038939+00:00,,,,,,,,
2026-06-25T19:33:21.541933+00:00,spot_12,Spot 12,Occupied,2026-06-25T19:30:25.322185+00:00,516,truck,0.7242789268493652,18022,77.76976013183594,306.85076904296875,143.06396484375,346.46832275390625
2026-06-25T19:33:21.541933+00:00,spot_13,Spot 13,Empty,2026-06-25T19:30:25.322185+00:00,,,,,,,,
2026-06-25T19:33:21.541933+00:00,spot_14,Spot 14,Empty,2026-06-25T19:21:22.914543+00:00,,,,,,,,
2026-06-25T19:33:21.541933+00:00,spot_15,Spot 15,Empty,2026-06-25T19:18:48.119505+00:00,,,,,,,,
2026-06-25T19:33:21.541933+00:00,spot_16,Spot 16,Occupied,2026-06-25T19:32:24.038939+00:00,767,car,0.6521693468093872,58,21.151954650878906,313.99920654296875,56.82349395751953,330.05596923828125
2026-06-25T19:33:21.541933+00:00,spot_17,Spot 17,Empty,2026-06-25T18:08:23.061954+00:00,,,,,,,,
2026-06-25T19:34:23.258475+00:00,spot_1,Spot 1,Occupied,2026-06-25T19:34:23.258475+00:00,710,car,0.7735439538955688,3345,565.6849365234375,313.57977294921875,609.5623779296875,371.2523193359375
2026-06-25T19:34:23.258475+00:00,spot_2,Spot 2,Empty,2026-06-25T18:46:41.669829+00:00,,,,,,,,
2026-06-25T19:34:23.258475+00:00,spot_3,Spot 3,Occupied,2026-06-25T19:34:23.258475+00:00,769,bus,0.7009037733078003,0,448.68048095703125,320.10986328125,496.48919677734375,368.26397705078125
2026-06-25T19:34:23.258475+00:00,spot_4,Spot 4,Empty,2026-06-25T19:34:23.258475+00:00,,,,,,,,
2026-06-25T19:34:23.258475+00:00,spot_5,Spot 5,Empty,2026-06-25T19:25:42.945526+00:00,,,,,,,,
2026-06-25T19:34:23.258475+00:00,spot_6,Spot 6,Empty,2026-06-25T19:30:25.322185+00:00,,,,,,,,
2026-06-25T19:34:23.258475+00:00,spot_7,Spot 7,Empty,2026-06-25T19:30:25.322185+00:00,,,,,,,,
2026-06-25T19:34:23.258475+00:00,spot_8,Spot 8,Occupied,2026-06-25T19:30:25.322185+00:00,649,car,0.7732594609260559,6423,207.90988159179688,319.855712890625,275.5664367675781,357.28759765625
2026-06-25T19:34:23.258475+00:00,spot_9,Spot 9,Occupied,2026-06-25T19:30:25.322185+00:00,762,car,0.6752771139144897,576,187.96633911132812,326.70361328125,223.31637573242188,352.8917236328125
2026-06-25T19:34:23.258475+00:00,spot_10,Spot 10,Occupied,2026-06-25T19:34:23.258475+00:00,763,car,0.5781781673431396,521,126.33810424804688,320.40850830078125,176.43096923828125,347.2462158203125
2026-06-25T19:34:23.258475+00:00,spot_11,Spot 11,Empty,2026-06-25T19:32:24.038939+00:00,,,,,,,,
2026-06-25T19:34:23.258475+00:00,spot_12,Spot 12,Empty,2026-06-25T19:34:23.258475+00:00,,,,,,,,
2026-06-25T19:34:23.258475+00:00,spot_13,Spot 13,Occupied,2026-06-25T19:34:23.258475+00:00,516,truck,0.6996501684188843,18083,72.05491638183594,307.55816650390625,142.83253479003906,346.15533447265625
2026-06-25T19:34:23.258475+00:00,spot_14,Spot 14,Empty,2026-06-25T19:21:22.914543+00:00,,,,,,,,
2026-06-25T19:34:23.258475+00:00,spot_15,Spot 15,Empty,2026-06-25T19:18:48.119505+00:00,,,,,,,,
2026-06-25T19:34:23.258475+00:00,spot_16,Spot 16,Empty,2026-06-25T19:34:23.258475+00:00,,,,,,,,
2026-06-25T19:34:23.258475+00:00,spot_17,Spot 17,Empty,2026-06-25T18:08:23.061954+00:00,,,,,,,,
2026-06-25T19:35:21.097893+00:00,spot_1,Spot 1,Occupied,2026-06-25T19:34:23.258475+00:00,710,car,0.8049780130386353,3403,565.8472900390625,314.7301330566406,610.0877685546875,369.8771667480469
2026-06-25T19:35:21.097893+00:00,spot_2,Spot 2,Empty,2026-06-25T18:46:41.669829+00:00,,,,,,,,
2026-06-25T19:35:21.097893+00:00,spot_3,Spot 3,Occupied,2026-06-25T19:35:21.097893+00:00,770,truck,0.6674322485923767,0,448.85400390625,320.23443603515625,498.3057861328125,368.56231689453125
2026-06-25T19:35:21.097893+00:00,spot_4,Spot 4,Empty,2026-06-25T19:34:23.258475+00:00,,,,,,,,
2026-06-25T19:35:21.097893+00:00,spot_5,Spot 5,Empty,2026-06-25T19:25:42.945526+00:00,,,,,,,,
2026-06-25T19:35:21.097893+00:00,spot_6,Spot 6,Empty,2026-06-25T19:30:25.322185+00:00,,,,,,,,
2026-06-25T19:35:21.097893+00:00,spot_7,Spot 7,Empty,2026-06-25T19:30:25.322185+00:00,,,,,,,,
2026-06-25T19:35:21.097893+00:00,spot_8,Spot 8,Occupied,2026-06-25T19:30:25.322185+00:00,649,car,0.7749514579772949,6481,208.17080688476562,323.84149169921875,275.37005615234375,357.239501953125
2026-06-25T19:35:21.097893+00:00,spot_9,Spot 9,Occupied,2026-06-25T19:30:25.322185+00:00,762,car,0.7156410217285156,634,187.72866821289062,325.8539733886719,224.43280029296875,352.3561706542969
2026-06-25T19:35:21.097893+00:00,spot_10,Spot 10,Occupied,2026-06-25T19:35:21.097893+00:00,772,car,0.42003145813941956,0,156.38137817382812,325.5612487792969,193.26583862304688,350.0293884277344
2026-06-25T19:35:21.097893+00:00,spot_11,Spot 11,Empty,2026-06-25T19:32:24.038939+00:00,,,,,,,,
2026-06-25T19:35:21.097893+00:00,spot_12,Spot 12,Empty,2026-06-25T19:34:23.258475+00:00,,,,,,,,
2026-06-25T19:35:21.097893+00:00,spot_13,Spot 13,Occupied,2026-06-25T19:34:23.258475+00:00,516,truck,0.6093698143959045,18141,76.52842712402344,306.9930114746094,144.5677032470703,346.1795349121094
2026-06-25T19:35:21.097893+00:00,spot_14,Spot 14,Empty,2026-06-25T19:21:22.914543+00:00,,,,,,,,
2026-06-25T19:35:21.097893+00:00,spot_15,Spot 15,Occupied,2026-06-25T19:35:21.097893+00:00,771,car,0.5155544281005859,0,35.180274963378906,317.1158447265625,58.40233612060547,332.859619140625
2026-06-25T19:35:21.097893+00:00,spot_16,Spot 16,Occupied,2026-06-25T19:35:21.097893+00:00,767,car,0.38383999466896057,176,21.058303833007812,313.02276611328125,48.20958709716797,330.09320068359375
2026-06-25T19:35:21.097893+00:00,spot_17,Spot 17,Empty,2026-06-25T18:08:23.061954+00:00,,,,,,,,
2026-06-25T19:36:23.119637+00:00,spot_1,Spot 1,Empty,2026-06-25T19:36:23.119637+00:00,,,,,,,,
2026-06-25T19:36:23.119637+00:00,spot_2,Spot 2,Empty,2026-06-25T18:46:41.669829+00:00,,,,,,,,
2026-06-25T19:36:23.119637+00:00,spot_3,Spot 3,Occupied,2026-06-25T19:35:21.097893+00:00,770,truck,0.6952616572380066,61,448.86578369140625,319.788818359375,498.33013916015625,369.06976318359375
2026-06-25T19:36:23.119637+00:00,spot_4,Spot 4,Empty,2026-06-25T19:34:23.258475+00:00,,,,,,,,
2026-06-25T19:36:23.119637+00:00,spot_5,Spot 5,Empty,2026-06-25T19:25:42.945526+00:00,,,,,,,,
2026-06-25T19:36:23.119637+00:00,spot_6,Spot 6,Empty,2026-06-25T19:30:25.322185+00:00,,,,,,,,
2026-06-25T19:36:23.119637+00:00,spot_7,Spot 7,Empty,2026-06-25T19:30:25.322185+00:00,,,,,,,,
2026-06-25T19:36:23.119637+00:00,spot_8,Spot 8,Occupied,2026-06-25T19:30:25.322185+00:00,649,car,0.8319143056869507,6542,208.19659423828125,323.666259765625,274.98602294921875,357.1776123046875
2026-06-25T19:36:23.119637+00:00,spot_9,Spot 9,Occupied,2026-06-25T19:36:23.119637+00:00,772,car,0.4002646207809448,61,157.35708618164062,324.9502258300781,191.79165649414062,350.0327453613281
2026-06-25T19:36:23.119637+00:00,spot_10,Spot 10,Occupied,2026-06-25T19:36:23.119637+00:00,763,car,0.6918299198150635,640,125.93292236328125,320.14801025390625,176.7275390625,347.06219482421875
2026-06-25T19:36:23.119637+00:00,spot_11,Spot 11,Empty,2026-06-25T19:32:24.038939+00:00,,,,,,,,
2026-06-25T19:36:23.119637+00:00,spot_12,Spot 12,Empty,2026-06-25T19:34:23.258475+00:00,,,,,,,,
2026-06-25T19:36:23.119637+00:00,spot_13,Spot 13,Occupied,2026-06-25T19:34:23.258475+00:00,516,truck,0.6761232614517212,18202,72.73513793945312,306.8465576171875,142.34024047851562,346.4302978515625
2026-06-25T19:36:23.119637+00:00,spot_14,Spot 14,Empty,2026-06-25T19:21:22.914543+00:00,,,,,,,,
2026-06-25T19:36:23.119637+00:00,spot_15,Spot 15,Occupied,2026-06-25T19:35:21.097893+00:00,771,car,0.48503822088241577,61,33.958946228027344,317.0752868652344,57.05134582519531,332.9728698730469
2026-06-25T19:36:23.119637+00:00,spot_16,Spot 16,Occupied,2026-06-25T19:35:21.097893+00:00,767,car,0.47811925411224365,238,21.164112091064453,314.7393493652344,45.5086784362793,329.9753723144531
2026-06-25T19:36:23.119637+00:00,spot_17,Spot 17,Empty,2026-06-25T18:08:23.061954+00:00,,,,,,,,
2026-06-25T19:37:21.603694+00:00,spot_1,Spot 1,Empty,2026-06-25T19:36:23.119637+00:00,,,,,,,,
2026-06-25T19:37:21.603694+00:00,spot_2,Spot 2,Empty,2026-06-25T18:46:41.669829+00:00,,,,,,,,
2026-06-25T19:37:21.603694+00:00,spot_3,Spot 3,Occupied,2026-06-25T19:35:21.097893+00:00,770,truck,0.6659218072891235,120,448.9297180175781,318.70184326171875,499.4004821777344,368.52154541015625
2026-06-25T19:37:21.603694+00:00,spot_4,Spot 4,Empty,2026-06-25T19:34:23.258475+00:00,,,,,,,,
2026-06-25T19:37:21.603694+00:00,spot_5,Spot 5,Empty,2026-06-25T19:25:42.945526+00:00,,,,,,,,
2026-06-25T19:37:21.603694+00:00,spot_6,Spot 6,Empty,2026-06-25T19:30:25.322185+00:00,,,,,,,,
2026-06-25T19:37:21.603694+00:00,spot_7,Spot 7,Empty,2026-06-25T19:30:25.322185+00:00,,,,,,,,
2026-06-25T19:37:21.603694+00:00,spot_8,Spot 8,Occupied,2026-06-25T19:30:25.322185+00:00,649,car,0.7340561151504517,6601,207.5799560546875,320.7912902832031,274.89727783203125,357.0072937011719
2026-06-25T19:37:21.603694+00:00,spot_9,Spot 9,Occupied,2026-06-25T19:36:23.119637+00:00,772,car,0.4908824563026428,120,156.25674438476562,324.5816650390625,196.32156372070312,349.94317626953125
2026-06-25T19:37:21.603694+00:00,spot_10,Spot 10,Occupied,2026-06-25T19:36:23.119637+00:00,763,car,0.7053818702697754,699,125.86567687988281,320.328125,176.6957550048828,347.2733154296875
2026-06-25T19:37:21.603694+00:00,spot_11,Spot 11,Empty,2026-06-25T19:32:24.038939+00:00,,,,,,,,
2026-06-25T19:37:21.603694+00:00,spot_12,Spot 12,Occupied,2026-06-25T19:37:21.603694+00:00,516,truck,0.38202905654907227,18262,78.96710205078125,306.78070068359375,142.07589721679688,346.8936767578125
2026-06-25T19:37:21.603694+00:00,spot_13,Spot 13,Empty,2026-06-25T19:37:21.603694+00:00,,,,,,,,
2026-06-25T19:37:21.603694+00:00,spot_14,Spot 14,Empty,2026-06-25T19:21:22.914543+00:00,,,,,,,,
2026-06-25T19:37:21.603694+00:00,spot_15,Spot 15,Occupied,2026-06-25T19:35:21.097893+00:00,771,car,0.6585906147956848,120,31.170303344726562,316.7557373046875,57.515159606933594,332.976318359375
2026-06-25T19:37:21.603694+00:00,spot_16,Spot 16,Occupied,2026-06-25T19:35:21.097893+00:00,767,car,0.6465083956718445,297,21.140380859375,313.01275634765625,42.773040771484375,329.73382568359375
2026-06-25T19:37:21.603694+00:00,spot_17,Spot 17,Empty,2026-06-25T18:08:23.061954+00:00,,,,,,,,
2026-06-25T19:38:22.353030+00:00,spot_1,Spot 1,Occupied,2026-06-25T19:38:22.353030+00:00,773,car,0.6451519727706909,0,566.1375732421875,314.8533935546875,609.7655029296875,370.7362060546875
2026-06-25T19:38:22.353030+00:00,spot_2,Spot 2,Empty,2026-06-25T18:46:41.669829+00:00,,,,,,,,
2026-06-25T19:38:22.353030+00:00,spot_3,Spot 3,Occupied,2026-06-25T19:35:21.097893+00:00,770,truck,0.7591066360473633,181,448.861083984375,318.76898193359375,497.6676025390625,369.57379150390625
2026-06-25T19:38:22.353030+00:00,spot_4,Spot 4,Empty,2026-06-25T19:34:23.258475+00:00,,,,,,,,
2026-06-25T19:38:22.353030+00:00,spot_5,Spot 5,Empty,2026-06-25T19:25:42.945526+00:00,,,,,,,,
2026-06-25T19:38:22.353030+00:00,spot_6,Spot 6,Empty,2026-06-25T19:30:25.322185+00:00,,,,,,,,
2026-06-25T19:38:22.353030+00:00,spot_7,Spot 7,Empty,2026-06-25T19:30:25.322185+00:00,,,,,,,,
2026-06-25T19:38:22.353030+00:00,spot_8,Spot 8,Occupied,2026-06-25T19:30:25.322185+00:00,649,car,0.7787853479385376,6662,207.86920166015625,322.36865234375,276.370361328125,356.845458984375
2026-06-25T19:38:22.353030+00:00,spot_9,Spot 9,Occupied,2026-06-25T19:38:22.353030+00:00,762,car,0.6629850268363953,815,187.9984130859375,326.27618408203125,223.93951416015625,352.39898681640625
2026-06-25T19:38:22.353030+00:00,spot_10,Spot 10,Occupied,2026-06-25T19:38:22.353030+00:00,772,car,0.4853050112724304,181,157.17001342773438,324.56219482421875,192.41445922851562,349.64129638671875
2026-06-25T19:38:22.353030+00:00,spot_11,Spot 11,Empty,2026-06-25T19:32:24.038939+00:00,,,,,,,,
2026-06-25T19:38:22.353030+00:00,spot_12,Spot 12,Empty,2026-06-25T19:38:22.353030+00:00,,,,,,,,
2026-06-25T19:38:22.353030+00:00,spot_13,Spot 13,Empty,2026-06-25T19:37:21.603694+00:00,,,,,,,,
2026-06-25T19:38:22.353030+00:00,spot_14,Spot 14,Empty,2026-06-25T19:21:22.914543+00:00,,,,,,,,
2026-06-25T19:38:22.353030+00:00,spot_15,Spot 15,Occupied,2026-06-25T19:35:21.097893+00:00,771,car,0.6425895094871521,181,31.27872085571289,316.61676025390625,57.17167282104492,333.08245849609375
2026-06-25T19:38:22.353030+00:00,spot_16,Spot 16,Occupied,2026-06-25T19:35:21.097893+00:00,767,car,0.510120689868927,358,21.26982879638672,313.00421142578125,42.30647277832031,329.77154541015625
2026-06-25T19:38:22.353030+00:00,spot_17,Spot 17,Empty,2026-06-25T18:08:23.061954+00:00,,,,,,,,
2026-06-25T19:39:20.446186+00:00,spot_1,Spot 1,Occupied,2026-06-25T19:38:22.353030+00:00,773,car,0.49929022789001465,58,566.0965576171875,314.71142578125,609.505615234375,374.1434326171875
2026-06-25T19:39:20.446186+00:00,spot_2,Spot 2,Empty,2026-06-25T18:46:41.669829+00:00,,,,,,,,
2026-06-25T19:39:20.446186+00:00,spot_3,Spot 3,Occupied,2026-06-25T19:35:21.097893+00:00,770,truck,0.6067997813224792,239,449.28375244140625,319.93206787109375,498.17474365234375,368.5438232421875
2026-06-25T19:39:20.446186+00:00,spot_4,Spot 4,Empty,2026-06-25T19:34:23.258475+00:00,,,,,,,,
2026-06-25T19:39:20.446186+00:00,spot_5,Spot 5,Empty,2026-06-25T19:25:42.945526+00:00,,,,,,,,
2026-06-25T19:39:20.446186+00:00,spot_6,Spot 6,Empty,2026-06-25T19:30:25.322185+00:00,,,,,,,,
2026-06-25T19:39:20.446186+00:00,spot_7,Spot 7,Empty,2026-06-25T19:30:25.322185+00:00,,,,,,,,
2026-06-25T19:39:20.446186+00:00,spot_8,Spot 8,Occupied,2026-06-25T19:30:25.322185+00:00,649,car,0.6505663394927979,6720,207.89425659179688,320.8216247558594,278.7369689941406,356.6486511230469
2026-06-25T19:39:20.446186+00:00,spot_9,Spot 9,Occupied,2026-06-25T19:39:20.446186+00:00,772,car,0.418643057346344,239,156.8778076171875,324.7596435546875,200.684814453125,349.156005859375
2026-06-25T19:39:20.446186+00:00,spot_10,Spot 10,Occupied,2026-06-25T19:39:20.446186+00:00,762,car,0.47759389877319336,873,187.8397674560547,324.52972412109375,222.83604431152344,352.45599365234375
2026-06-25T19:39:20.446186+00:00,spot_11,Spot 11,Occupied,2026-06-25T19:39:20.446186+00:00,763,car,0.45698457956314087,818,128.01235961914062,320.82781982421875,159.69137573242188,346.78985595703125
2026-06-25T19:39:20.446186+00:00,spot_12,Spot 12,Empty,2026-06-25T19:38:22.353030+00:00,,,,,,,,
2026-06-25T19:39:20.446186+00:00,spot_13,Spot 13,Empty,2026-06-25T19:37:21.603694+00:00,,,,,,,,
2026-06-25T19:39:20.446186+00:00,spot_14,Spot 14,Empty,2026-06-25T19:21:22.914543+00:00,,,,,,,,
2026-06-25T19:39:20.446186+00:00,spot_15,Spot 15,Occupied,2026-06-25T19:35:21.097893+00:00,771,car,0.6778063178062439,239,31.415620803833008,316.96087646484375,58.856414794921875,332.89178466796875
2026-06-25T19:39:20.446186+00:00,spot_16,Spot 16,Occupied,2026-06-25T19:35:21.097893+00:00,767,car,0.5837447643280029,416,21.259445190429688,312.97698974609375,46.130592346191406,329.50518798828125
2026-06-25T19:39:20.446186+00:00,spot_17,Spot 17,Empty,2026-06-25T18:08:23.061954+00:00,,,,,,,,
2026-06-25T19:40:41.770523+00:00,spot_1,Spot 1,Occupied,2026-06-25T19:38:22.353030+00:00,773,car,0.6870071291923523,140,565.6694946289062,310.03057861328125,609.8171997070312,372.76788330078125
2026-06-25T19:40:41.770523+00:00,spot_2,Spot 2,Empty,2026-06-25T18:46:41.669829+00:00,,,,,,,,
2026-06-25T19:40:41.770523+00:00,spot_3,Spot 3,Occupied,2026-06-25T19:35:21.097893+00:00,770,truck,0.6406320929527283,321,448.6568603515625,319.5849914550781,498.5323486328125,369.2089538574219
2026-06-25T19:40:41.770523+00:00,spot_4,Spot 4,Empty,2026-06-25T19:34:23.258475+00:00,,,,,,,,
2026-06-25T19:40:41.770523+00:00,spot_5,Spot 5,Empty,2026-06-25T19:25:42.945526+00:00,,,,,,,,
2026-06-25T19:40:41.770523+00:00,spot_6,Spot 6,Empty,2026-06-25T19:30:25.322185+00:00,,,,,,,,
2026-06-25T19:40:41.770523+00:00,spot_7,Spot 7,Empty,2026-06-25T19:30:25.322185+00:00,,,,,,,,
2026-06-25T19:40:41.770523+00:00,spot_8,Spot 8,Occupied,2026-06-25T19:30:25.322185+00:00,649,car,0.7371673583984375,6802,207.88473510742188,319.228515625,274.9118347167969,356.85552978515625
2026-06-25T19:40:41.770523+00:00,spot_9,Spot 9,Empty,2026-06-25T19:40:41.770523+00:00,,,,,,,,
2026-06-25T19:40:41.770523+00:00,spot_10,Spot 10,Occupied,2026-06-25T19:40:41.770523+00:00,772,car,0.41064339876174927,321,156.50564575195312,323.9976806640625,192.4456787109375,349.4718017578125
2026-06-25T19:40:41.770523+00:00,spot_11,Spot 11,Occupied,2026-06-25T19:39:20.446186+00:00,763,car,0.5668298602104187,900,127.6449203491211,321.241455078125,160.08847045898438,346.55328369140625
2026-06-25T19:40:41.770523+00:00,spot_12,Spot 12,Empty,2026-06-25T19:38:22.353030+00:00,,,,,,,,
2026-06-25T19:40:41.770523+00:00,spot_13,Spot 13,Empty,2026-06-25T19:37:21.603694+00:00,,,,,,,,
2026-06-25T19:40:41.770523+00:00,spot_14,Spot 14,Empty,2026-06-25T19:21:22.914543+00:00,,,,,,,,
2026-06-25T19:40:41.770523+00:00,spot_15,Spot 15,Occupied,2026-06-25T19:35:21.097893+00:00,771,car,0.6465107798576355,321,29.40430450439453,316.7118225097656,58.25914764404297,332.9762268066406
2026-06-25T19:40:41.770523+00:00,spot_16,Spot 16,Occupied,2026-06-25T19:35:21.097893+00:00,767,car,0.581373393535614,498,21.376026153564453,313.25445556640625,44.744205474853516,329.38507080078125
2026-06-25T19:40:41.770523+00:00,spot_17,Spot 17,Empty,2026-06-25T18:08:23.061954+00:00,,,,,,,,
2026-06-25T19:41:25.874389+00:00,spot_1,Spot 1,Occupied,2026-06-25T19:38:22.353030+00:00,773,car,0.7797113060951233,193,566.29931640625,313.26641845703125,610.09716796875,370.3990478515625
2026-06-25T19:41:25.874389+00:00,spot_2,Spot 2,Empty,2026-06-25T18:46:41.669829+00:00,,,,,,,,
2026-06-25T19:41:25.874389+00:00,spot_3,Spot 3,Occupied,2026-06-25T19:35:21.097893+00:00,770,truck,0.7618294954299927,374,449.2142333984375,320.23822021484375,501.2178955078125,367.89874267578125
2026-06-25T19:41:25.874389+00:00,spot_4,Spot 4,Empty,2026-06-25T19:34:23.258475+00:00,,,,,,,,
2026-06-25T19:41:25.874389+00:00,spot_5,Spot 5,Empty,2026-06-25T19:25:42.945526+00:00,,,,,,,,
2026-06-25T19:41:25.874389+00:00,spot_6,Spot 6,Empty,2026-06-25T19:30:25.322185+00:00,,,,,,,,
2026-06-25T19:41:25.874389+00:00,spot_7,Spot 7,Empty,2026-06-25T19:30:25.322185+00:00,,,,,,,,
2026-06-25T19:41:25.874389+00:00,spot_8,Spot 8,Occupied,2026-06-25T19:30:25.322185+00:00,649,car,0.7286899089813232,6855,207.4932861328125,320.348876953125,276.05126953125,357.449462890625
2026-06-25T19:41:25.874389+00:00,spot_9,Spot 9,Occupied,2026-06-25T19:41:25.874389+00:00,772,car,0.38454464077949524,374,158.00839233398438,321.78338623046875,192.39151000976562,350.46099853515625
2026-06-25T19:41:25.874389+00:00,spot_10,Spot 10,Empty,2026-06-25T19:41:25.874389+00:00,,,,,,,,
2026-06-25T19:41:25.874389+00:00,spot_11,Spot 11,Occupied,2026-06-25T19:39:20.446186+00:00,763,car,0.575461745262146,953,127.36165618896484,320.12042236328125,171.80416870117188,347.174072265625
2026-06-25T19:41:25.874389+00:00,spot_12,Spot 12,Occupied,2026-06-25T19:41:25.874389+00:00,774,bus,0.41331157088279724,0,83.83433532714844,307.41497802734375,143.99098205566406,346.70806884765625
2026-06-25T19:41:25.874389+00:00,spot_13,Spot 13,Empty,2026-06-25T19:37:21.603694+00:00,,,,,,,,
2026-06-25T19:41:25.874389+00:00,spot_14,Spot 14,Empty,2026-06-25T19:21:22.914543+00:00,,,,,,,,
2026-06-25T19:41:25.874389+00:00,spot_15,Spot 15,Occupied,2026-06-25T19:35:21.097893+00:00,771,car,0.642890453338623,374,31.110885620117188,317.70562744140625,65.69677734375,332.95599365234375
2026-06-25T19:41:25.874389+00:00,spot_16,Spot 16,Occupied,2026-06-25T19:35:21.097893+00:00,767,car,0.5389429330825806,551,20.60369873046875,313.2193603515625,44.13763427734375,329.92059326171875
2026-06-25T19:41:25.874389+00:00,spot_17,Spot 17,Empty,2026-06-25T18:08:23.061954+00:00,,,,,,,,
2026-06-25T19:41:53.732903+00:00,spot_1,Spot 1,Occupied,2026-06-25T19:38:22.353030+00:00,773,car,0.7797113060951233,220,566.29931640625,313.26641845703125,610.09716796875,370.3990478515625
2026-06-25T19:41:53.732903+00:00,spot_2,Spot 2,Empty,2026-06-25T18:46:41.669829+00:00,,,,,,,,
2026-06-25T19:41:53.732903+00:00,spot_3,Spot 3,Occupied,2026-06-25T19:35:21.097893+00:00,770,truck,0.7618294954299927,401,449.2142333984375,320.23822021484375,501.2178955078125,367.89874267578125
2026-06-25T19:41:53.732903+00:00,spot_4,Spot 4,Empty,2026-06-25T19:34:23.258475+00:00,,,,,,,,
2026-06-25T19:41:53.732903+00:00,spot_5,Spot 5,Empty,2026-06-25T19:25:42.945526+00:00,,,,,,,,
2026-06-25T19:41:53.732903+00:00,spot_6,Spot 6,Empty,2026-06-25T19:30:25.322185+00:00,,,,,,,,
2026-06-25T19:41:53.732903+00:00,spot_7,Spot 7,Empty,2026-06-25T19:30:25.322185+00:00,,,,,,,,
2026-06-25T19:41:53.732903+00:00,spot_8,Spot 8,Occupied,2026-06-25T19:30:25.322185+00:00,649,car,0.7286899089813232,6883,207.4932861328125,320.348876953125,276.05126953125,357.449462890625
2026-06-25T19:41:53.732903+00:00,spot_9,Spot 9,Occupied,2026-06-25T19:41:53.732903+00:00,772,car,0.38454464077949524,401,158.00839233398438,321.78338623046875,192.39151000976562,350.46099853515625
2026-06-25T19:41:53.732903+00:00,spot_10,Spot 10,Empty,2026-06-25T19:41:53.732903+00:00,,,,,,,,
2026-06-25T19:41:53.732903+00:00,spot_11,Spot 11,Occupied,2026-06-25T19:39:20.446186+00:00,763,car,0.575461745262146,980,127.36165618896484,320.12042236328125,171.80416870117188,347.174072265625
2026-06-25T19:41:53.732903+00:00,spot_12,Spot 12,Occupied,2026-06-25T19:41:53.732903+00:00,774,bus,0.41331157088279724,0,83.83433532714844,307.41497802734375,143.99098205566406,346.70806884765625
2026-06-25T19:41:53.732903+00:00,spot_13,Spot 13,Empty,2026-06-25T19:37:21.603694+00:00,,,,,,,,
2026-06-25T19:41:53.732903+00:00,spot_14,Spot 14,Empty,2026-06-25T19:21:22.914543+00:00,,,,,,,,
2026-06-25T19:41:53.732903+00:00,spot_15,Spot 15,Occupied,2026-06-25T19:35:21.097893+00:00,771,car,0.642890453338623,401,31.110885620117188,317.70562744140625,65.69677734375,332.95599365234375
2026-06-25T19:41:53.732903+00:00,spot_16,Spot 16,Occupied,2026-06-25T19:35:21.097893+00:00,767,car,0.5389429330825806,578,20.60369873046875,313.2193603515625,44.13763427734375,329.92059326171875
2026-06-25T19:41:53.732903+00:00,spot_17,Spot 17,Empty,2026-06-25T18:08:23.061954+00:00,,,,,,,,
2026-06-25T19:42:57.817466+00:00,spot_1,Spot 1,Occupied,2026-06-25T19:38:22.353030+00:00,773,car,0.7965013980865479,277,566.6094970703125,315.318603515625,609.6339111328125,367.79168701171875
2026-06-25T19:42:57.817466+00:00,spot_2,Spot 2,Empty,2026-06-25T18:46:41.669829+00:00,,,,,,,,
2026-06-25T19:42:57.817466+00:00,spot_3,Spot 3,Occupied,2026-06-25T19:42:57.817466+00:00,776,car,0.4760934114456177,0,449.41033935546875,319.90667724609375,500.54425048828125,367.89117431640625
2026-06-25T19:42:57.817466+00:00,spot_4,Spot 4,Empty,2026-06-25T19:34:23.258475+00:00,,,,,,,,
2026-06-25T19:42:57.817466+00:00,spot_5,Spot 5,Empty,2026-06-25T19:25:42.945526+00:00,,,,,,,,
2026-06-25T19:42:57.817466+00:00,spot_6,Spot 6,Empty,2026-06-25T19:30:25.322185+00:00,,,,,,,,
2026-06-25T19:42:57.817466+00:00,spot_7,Spot 7,Empty,2026-06-25T19:30:25.322185+00:00,,,,,,,,
2026-06-25T19:42:57.817466+00:00,spot_8,Spot 8,Occupied,2026-06-25T19:30:25.322185+00:00,649,car,0.7353850603103638,6939,207.91998291015625,323.32012939453125,276.21649169921875,357.2166748046875
2026-06-25T19:42:57.817466+00:00,spot_9,Spot 9,Occupied,2026-06-25T19:42:57.817466+00:00,777,car,0.4604056775569916,0,188.18344116210938,327.817138671875,211.09194946289062,351.417236328125
2026-06-25T19:42:57.817466+00:00,spot_10,Spot 10,Empty,2026-06-25T19:41:53.732903+00:00,,,,,,,,
2026-06-25T19:42:57.817466+00:00,spot_11,Spot 11,Empty,2026-06-25T19:42:57.817466+00:00,,,,,,,,
2026-06-25T19:42:57.817466+00:00,spot_12,Spot 12,Occupied,2026-06-25T19:42:57.817466+00:00,775,truck,0.651313304901123,0,82.33938598632812,307.9566955566406,144.1214141845703,346.7284240722656
2026-06-25T19:42:57.817466+00:00,spot_13,Spot 13,Empty,2026-06-25T19:37:21.603694+00:00,,,,,,,,
2026-06-25T19:42:57.817466+00:00,spot_14,Spot 14,Empty,2026-06-25T19:21:22.914543+00:00,,,,,,,,
2026-06-25T19:42:57.817466+00:00,spot_15,Spot 15,Occupied,2026-06-25T19:35:21.097893+00:00,771,car,0.7769566178321838,458,30.423198699951172,317.7944030761719,60.929134368896484,333.2963562011719
2026-06-25T19:42:57.817466+00:00,spot_16,Spot 16,Occupied,2026-06-25T19:35:21.097893+00:00,767,car,0.44635117053985596,635,21.397544860839844,313.27349853515625,47.60442352294922,329.86199951171875
2026-06-25T19:42:57.817466+00:00,spot_17,Spot 17,Empty,2026-06-25T18:08:23.061954+00:00,,,,,,,,
2026-06-25T19:43:50.968363+00:00,spot_1,Spot 1,Empty,2026-06-25T19:43:50.968363+00:00,,,,,,,,
2026-06-25T19:43:50.968363+00:00,spot_2,Spot 2,Empty,2026-06-25T18:46:41.669829+00:00,,,,,,,,
2026-06-25T19:43:50.968363+00:00,spot_3,Spot 3,Occupied,2026-06-25T19:42:57.817466+00:00,776,car,0.7560738325119019,50,448.41912841796875,320.5244140625,498.85791015625,368.34619140625
2026-06-25T19:43:50.968363+00:00,spot_4,Spot 4,Empty,2026-06-25T19:34:23.258475+00:00,,,,,,,,
2026-06-25T19:43:50.968363+00:00,spot_5,Spot 5,Empty,2026-06-25T19:25:42.945526+00:00,,,,,,,,
2026-06-25T19:43:50.968363+00:00,spot_6,Spot 6,Empty,2026-06-25T19:30:25.322185+00:00,,,,,,,,
2026-06-25T19:43:50.968363+00:00,spot_7,Spot 7,Empty,2026-06-25T19:30:25.322185+00:00,,,,,,,,
2026-06-25T19:43:50.968363+00:00,spot_8,Spot 8,Occupied,2026-06-25T19:30:25.322185+00:00,649,car,0.8002867102622986,6990,208.34320068359375,323.9769592285156,274.00433349609375,357.1152648925781
2026-06-25T19:43:50.968363+00:00,spot_9,Spot 9,Occupied,2026-06-25T19:42:57.817466+00:00,777,car,0.4786440134048462,50,187.8004150390625,327.82733154296875,211.15869140625,352.21490478515625
2026-06-25T19:43:50.968363+00:00,spot_10,Spot 10,Occupied,2026-06-25T19:43:50.968363+00:00,763,car,0.4762830138206482,1088,127.5050048828125,320.308349609375,175.88714599609375,347.3011474609375
2026-06-25T19:43:50.968363+00:00,spot_11,Spot 11,Occupied,2026-06-25T19:43:50.968363+00:00,772,car,0.3941672742366791,509,157.21844482421875,322.35247802734375,190.837890625,350.382568359375
2026-06-25T19:43:50.968363+00:00,spot_12,Spot 12,Occupied,2026-06-25T19:42:57.817466+00:00,775,truck,0.6669126152992249,50,77.91789245605469,307.67144775390625,143.31581115722656,346.46343994140625
2026-06-25T19:43:50.968363+00:00,spot_13,Spot 13,Empty,2026-06-25T19:37:21.603694+00:00,,,,,,,,
2026-06-25T19:43:50.968363+00:00,spot_14,Spot 14,Empty,2026-06-25T19:21:22.914543+00:00,,,,,,,,
2026-06-25T19:43:50.968363+00:00,spot_15,Spot 15,Occupied,2026-06-25T19:35:21.097893+00:00,771,car,0.699979305267334,509,31.009017944335938,317.789306640625,64.9906997680664,333.4176025390625
2026-06-25T19:43:50.968363+00:00,spot_16,Spot 16,Occupied,2026-06-25T19:35:21.097893+00:00,767,car,0.5618776679039001,686,23.219768524169922,313.577880859375,48.42818832397461,330.2362060546875
2026-06-25T19:43:50.968363+00:00,spot_17,Spot 17,Empty,2026-06-25T18:08:23.061954+00:00,,,,,,,,
2026-06-25T19:44:23.963285+00:00,spot_1,Spot 1,Occupied,2026-06-25T19:44:23.963285+00:00,773,car,0.6565425992012024,363,567.1290283203125,318.3193359375,611.1524658203125,367.9635009765625
2026-06-25T19:44:23.963285+00:00,spot_2,Spot 2,Empty,2026-06-25T18:46:41.669829+00:00,,,,,,,,
2026-06-25T19:44:23.963285+00:00,spot_3,Spot 3,Occupied,2026-06-25T19:44:23.963285+00:00,775,car,0.6861312985420227,0,448.73931884765625,320.7796630859375,499.43682861328125,368.568603515625
2026-06-25T19:44:23.963285+00:00,spot_4,Spot 4,Empty,2026-06-25T19:34:23.258475+00:00,,,,,,,,
2026-06-25T19:44:23.963285+00:00,spot_5,Spot 5,Empty,2026-06-25T19:25:42.945526+00:00,,,,,,,,
2026-06-25T19:44:23.963285+00:00,spot_6,Spot 6,Empty,2026-06-25T19:30:25.322185+00:00,,,,,,,,
2026-06-25T19:44:23.963285+00:00,spot_7,Spot 7,Empty,2026-06-25T19:30:25.322185+00:00,,,,,,,,
2026-06-25T19:44:23.963285+00:00,spot_8,Spot 8,Occupied,2026-06-25T19:30:25.322185+00:00,649,car,0.8192145824432373,7026,209.15127563476562,324.05792236328125,274.7257995605469,357.63446044921875
2026-06-25T19:44:23.963285+00:00,spot_9,Spot 9,Occupied,2026-06-25T19:44:23.963285+00:00,772,car,0.45856818556785583,544,156.26010131835938,323.03912353515625,192.35537719726562,350.53277587890625
2026-06-25T19:44:23.963285+00:00,spot_10,Spot 10,Occupied,2026-06-25T19:43:50.968363+00:00,763,car,0.6390416622161865,1123,127.64215087890625,320.472900390625,174.45361328125,347.4898681640625
2026-06-25T19:44:23.963285+00:00,spot_11,Spot 11,Empty,2026-06-25T19:44:23.963285+00:00,,,,,,,,
2026-06-25T19:44:23.963285+00:00,spot_12,Spot 12,Occupied,2026-06-25T19:44:23.963285+00:00,777,truck,0.38577795028686523,0,78.74742126464844,308.4328918457031,144.03225708007812,347.3390197753906
2026-06-25T19:44:23.963285+00:00,spot_13,Spot 13,Occupied,2026-06-25T19:44:23.963285+00:00,774,bus,0.43765988945961,170,78.59541320800781,308.37811279296875,144.08087158203125,347.52294921875
2026-06-25T19:44:23.963285+00:00,spot_14,Spot 14,Empty,2026-06-25T19:21:22.914543+00:00,,,,,,,,
2026-06-25T19:44:23.963285+00:00,spot_15,Spot 15,Occupied,2026-06-25T19:35:21.097893+00:00,771,car,0.7676461338996887,544,30.867063522338867,318.1008605957031,60.554595947265625,333.7621765136719
2026-06-25T19:44:23.963285+00:00,spot_16,Spot 16,Occupied,2026-06-25T19:35:21.097893+00:00,767,car,0.5421124696731567,721,20.952312469482422,314.2840576171875,46.36416244506836,330.1539306640625
2026-06-25T19:44:23.963285+00:00,spot_17,Spot 17,Empty,2026-06-25T18:08:23.061954+00:00,,,,,,,,
2026-06-25T19:44:57.966984+00:00,spot_1,Spot 1,Occupied,2026-06-25T19:44:23.963285+00:00,773,car,0.6565425992012024,399,567.1290283203125,318.3193359375,611.1524658203125,367.9635009765625
2026-06-25T19:44:57.966984+00:00,spot_2,Spot 2,Empty,2026-06-25T18:46:41.669829+00:00,,,,,,,,
2026-06-25T19:44:57.966984+00:00,spot_3,Spot 3,Occupied,2026-06-25T19:44:23.963285+00:00,775,car,0.6861312985420227,35,448.73931884765625,320.7796630859375,499.43682861328125,368.568603515625
2026-06-25T19:44:57.966984+00:00,spot_4,Spot 4,Empty,2026-06-25T19:34:23.258475+00:00,,,,,,,,
2026-06-25T19:44:57.966984+00:00,spot_5,Spot 5,Empty,2026-06-25T19:25:42.945526+00:00,,,,,,,,
2026-06-25T19:44:57.966984+00:00,spot_6,Spot 6,Empty,2026-06-25T19:30:25.322185+00:00,,,,,,,,
2026-06-25T19:44:57.966984+00:00,spot_7,Spot 7,Empty,2026-06-25T19:30:25.322185+00:00,,,,,,,,
2026-06-25T19:44:57.966984+00:00,spot_8,Spot 8,Occupied,2026-06-25T19:30:25.322185+00:00,649,car,0.8192145824432373,7061,209.15127563476562,324.05792236328125,274.7257995605469,357.63446044921875
2026-06-25T19:44:57.966984+00:00,spot_9,Spot 9,Occupied,2026-06-25T19:44:23.963285+00:00,772,car,0.45856818556785583,580,156.26010131835938,323.03912353515625,192.35537719726562,350.53277587890625
2026-06-25T19:44:57.966984+00:00,spot_10,Spot 10,Occupied,2026-06-25T19:43:50.968363+00:00,763,car,0.6390416622161865,1159,127.64215087890625,320.472900390625,174.45361328125,347.4898681640625
2026-06-25T19:44:57.966984+00:00,spot_11,Spot 11,Empty,2026-06-25T19:44:23.963285+00:00,,,,,,,,
2026-06-25T19:44:57.966984+00:00,spot_12,Spot 12,Occupied,2026-06-25T19:44:23.963285+00:00,777,truck,0.38577795028686523,35,78.74742126464844,308.4328918457031,144.03225708007812,347.3390197753906
2026-06-25T19:44:57.966984+00:00,spot_13,Spot 13,Occupied,2026-06-25T19:44:23.963285+00:00,774,bus,0.43765988945961,205,78.59541320800781,308.37811279296875,144.08087158203125,347.52294921875
2026-06-25T19:44:57.966984+00:00,spot_14,Spot 14,Empty,2026-06-25T19:21:22.914543+00:00,,,,,,,,
2026-06-25T19:44:57.966984+00:00,spot_15,Spot 15,Occupied,2026-06-25T19:35:21.097893+00:00,771,car,0.7676461338996887,580,30.867063522338867,318.1008605957031,60.554595947265625,333.7621765136719
2026-06-25T19:44:57.966984+00:00,spot_16,Spot 16,Occupied,2026-06-25T19:35:21.097893+00:00,767,car,0.5421124696731567,757,20.952312469482422,314.2840576171875,46.36416244506836,330.1539306640625
2026-06-25T19:44:57.966984+00:00,spot_17,Spot 17,Empty,2026-06-25T18:08:23.061954+00:00,,,,,,,,
2026-06-25T19:45:53.178862+00:00,spot_1,Spot 1,Occupied,2026-06-25T19:45:53.178862+00:00,779,bus,0.6140466332435608,0,561.2316284179688,287.27667236328125,610.2803344726562,372.8909912109375
2026-06-25T19:45:53.178862+00:00,spot_2,Spot 2,Empty,2026-06-25T18:46:41.669829+00:00,,,,,,,,
2026-06-25T19:45:53.178862+00:00,spot_3,Spot 3,Occupied,2026-06-25T19:45:53.178862+00:00,778,truck,0.6187714338302612,0,449.24664306640625,320.53570556640625,498.46087646484375,368.77447509765625
2026-06-25T19:45:53.178862+00:00,spot_4,Spot 4,Empty,2026-06-25T19:34:23.258475+00:00,,,,,,,,
2026-06-25T19:45:53.178862+00:00,spot_5,Spot 5,Empty,2026-06-25T19:25:42.945526+00:00,,,,,,,,
2026-06-25T19:45:53.178862+00:00,spot_6,Spot 6,Empty,2026-06-25T19:30:25.322185+00:00,,,,,,,,
2026-06-25T19:45:53.178862+00:00,spot_7,Spot 7,Empty,2026-06-25T19:30:25.322185+00:00,,,,,,,,
2026-06-25T19:45:53.178862+00:00,spot_8,Spot 8,Occupied,2026-06-25T19:30:25.322185+00:00,649,car,0.7408792972564697,7113,208.36245727539062,323.2020263671875,276.17315673828125,358.20294189453125
2026-06-25T19:45:53.178862+00:00,spot_9,Spot 9,Occupied,2026-06-25T19:44:23.963285+00:00,772,car,0.613163948059082,631,155.244140625,325.92413330078125,192.79632568359375,350.38177490234375
2026-06-25T19:45:53.178862+00:00,spot_10,Spot 10,Occupied,2026-06-25T19:43:50.968363+00:00,763,car,0.6793995499610901,1210,126.510986328125,320.6474609375,175.20538330078125,347.98809814453125
2026-06-25T19:45:53.178862+00:00,spot_11,Spot 11,Empty,2026-06-25T19:44:23.963285+00:00,,,,,,,,
2026-06-25T19:45:53.178862+00:00,spot_12,Spot 12,Occupied,2026-06-25T19:44:23.963285+00:00,777,truck,0.5136903524398804,87,82.17491149902344,307.59503173828125,143.0657196044922,346.63983154296875
2026-06-25T19:45:53.178862+00:00,spot_13,Spot 13,Empty,2026-06-25T19:45:53.178862+00:00,,,,,,,,
2026-06-25T19:45:53.178862+00:00,spot_14,Spot 14,Empty,2026-06-25T19:21:22.914543+00:00,,,,,,,,
2026-06-25T19:45:53.178862+00:00,spot_15,Spot 15,Occupied,2026-06-25T19:35:21.097893+00:00,771,car,0.7464578151702881,631,33.23401641845703,317.6434326171875,65.45674896240234,333.3719482421875
2026-06-25T19:45:53.178862+00:00,spot_16,Spot 16,Occupied,2026-06-25T19:35:21.097893+00:00,767,car,0.6160390973091125,808,21.363636016845703,314.35809326171875,45.03676986694336,330.85345458984375
2026-06-25T19:45:53.178862+00:00,spot_17,Spot 17,Empty,2026-06-25T18:08:23.061954+00:00,,,,,,,,
2026-06-25T19:46:44.903241+00:00,spot_1,Spot 1,Occupied,2026-06-25T19:46:44.903241+00:00,773,car,0.8222002983093262,502,566.9486083984375,314.5181884765625,610.3919677734375,369.5068359375
2026-06-25T19:46:44.903241+00:00,spot_2,Spot 2,Empty,2026-06-25T18:46:41.669829+00:00,,,,,,,,
2026-06-25T19:46:44.903241+00:00,spot_3,Spot 3,Occupied,2026-06-25T19:46:44.903241+00:00,775,car,0.668893575668335,138,449.3711853027344,320.81982421875,500.1037292480469,369.2159423828125
2026-06-25T19:46:44.903241+00:00,spot_4,Spot 4,Empty,2026-06-25T19:34:23.258475+00:00,,,,,,,,
2026-06-25T19:46:44.903241+00:00,spot_5,Spot 5,Empty,2026-06-25T19:25:42.945526+00:00,,,,,,,,
2026-06-25T19:46:44.903241+00:00,spot_6,Spot 6,Empty,2026-06-25T19:30:25.322185+00:00,,,,,,,,
2026-06-25T19:46:44.903241+00:00,spot_7,Spot 7,Empty,2026-06-25T19:30:25.322185+00:00,,,,,,,,
2026-06-25T19:46:44.903241+00:00,spot_8,Spot 8,Occupied,2026-06-25T19:30:25.322185+00:00,649,car,0.8152320384979248,7164,207.99725341796875,324.0074157714844,275.0376892089844,357.3053283691406
2026-06-25T19:46:44.903241+00:00,spot_9,Spot 9,Occupied,2026-06-25T19:44:23.963285+00:00,772,car,0.39359942078590393,683,150.320068359375,322.9574279785156,191.0142822265625,350.5281066894531
2026-06-25T19:46:44.903241+00:00,spot_10,Spot 10,Occupied,2026-06-25T19:43:50.968363+00:00,763,car,0.5565904378890991,1262,126.56329345703125,320.14056396484375,175.84744262695312,347.70355224609375
2026-06-25T19:46:44.903241+00:00,spot_11,Spot 11,Empty,2026-06-25T19:44:23.963285+00:00,,,,,,,,
2026-06-25T19:46:44.903241+00:00,spot_12,Spot 12,Occupied,2026-06-25T19:44:23.963285+00:00,777,truck,0.6743475198745728,138,80.3160400390625,307.67755126953125,142.51785278320312,346.72637939453125
2026-06-25T19:46:44.903241+00:00,spot_13,Spot 13,Empty,2026-06-25T19:45:53.178862+00:00,,,,,,,,
2026-06-25T19:46:44.903241+00:00,spot_14,Spot 14,Empty,2026-06-25T19:21:22.914543+00:00,,,,,,,,
2026-06-25T19:46:44.903241+00:00,spot_15,Spot 15,Occupied,2026-06-25T19:35:21.097893+00:00,771,car,0.7126690745353699,683,30.61372947692871,317.7813720703125,63.238426208496094,333.7242431640625
2026-06-25T19:46:44.903241+00:00,spot_16,Spot 16,Occupied,2026-06-25T19:35:21.097893+00:00,767,car,0.6130470037460327,860,21.800121307373047,313.64666748046875,48.19736099243164,329.93243408203125
2026-06-25T19:46:44.903241+00:00,spot_17,Spot 17,Empty,2026-06-25T18:08:23.061954+00:00,,,,,,,,
2026-06-25T19:47:38.128119+00:00,spot_1,Spot 1,Occupied,2026-06-25T19:46:44.903241+00:00,773,car,0.534975528717041,564,566.9209594726562,305.91400146484375,610.2077026367188,368.77081298828125
2026-06-25T19:47:38.128119+00:00,spot_2,Spot 2,Empty,2026-06-25T18:46:41.669829+00:00,,,,,,,,
2026-06-25T19:47:38.128119+00:00,spot_3,Spot 3,Occupied,2026-06-25T19:47:38.128119+00:00,778,truck,0.7238290905952454,113,449.1845703125,320.41082763671875,498.812255859375,368.73004150390625
2026-06-25T19:47:38.128119+00:00,spot_4,Spot 4,Empty,2026-06-25T19:34:23.258475+00:00,,,,,,,,
2026-06-25T19:47:38.128119+00:00,spot_5,Spot 5,Empty,2026-06-25T19:25:42.945526+00:00,,,,,,,,
2026-06-25T19:47:38.128119+00:00,spot_6,Spot 6,Empty,2026-06-25T19:30:25.322185+00:00,,,,,,,,
2026-06-25T19:47:38.128119+00:00,spot_7,Spot 7,Empty,2026-06-25T19:30:25.322185+00:00,,,,,,,,
2026-06-25T19:47:38.128119+00:00,spot_8,Spot 8,Occupied,2026-06-25T19:30:25.322185+00:00,649,car,0.8190519213676453,7226,208.14215087890625,324.3670654296875,274.9287109375,358.69970703125
2026-06-25T19:47:38.128119+00:00,spot_9,Spot 9,Occupied,2026-06-25T19:44:23.963285+00:00,772,car,0.6463623046875,745,157.75027465820312,323.387939453125,191.26016235351562,350.6923828125
2026-06-25T19:47:38.128119+00:00,spot_10,Spot 10,Occupied,2026-06-25T19:43:50.968363+00:00,763,car,0.7562784552574158,1324,125.34559631347656,320.2625732421875,176.06394958496094,347.3072509765625
2026-06-25T19:47:38.128119+00:00,spot_11,Spot 11,Empty,2026-06-25T19:44:23.963285+00:00,,,,,,,,
2026-06-25T19:47:38.128119+00:00,spot_12,Spot 12,Occupied,2026-06-25T19:44:23.963285+00:00,777,truck,0.5603132843971252,200,72.8487548828125,316.3310852050781,131.3135528564453,341.4096374511719
2026-06-25T19:47:38.128119+00:00,spot_13,Spot 13,Empty,2026-06-25T19:45:53.178862+00:00,,,,,,,,
2026-06-25T19:47:38.128119+00:00,spot_14,Spot 14,Empty,2026-06-25T19:21:22.914543+00:00,,,,,,,,
2026-06-25T19:47:38.128119+00:00,spot_15,Spot 15,Occupied,2026-06-25T19:35:21.097893+00:00,771,car,0.6390779614448547,745,39.076873779296875,317.7225646972656,64.22628784179688,332.9156188964844
2026-06-25T19:47:38.128119+00:00,spot_16,Spot 16,Occupied,2026-06-25T19:47:38.128119+00:00,780,truck,0.6273485422134399,0,7.264411926269531,319.578369140625,49.86566162109375,362.145263671875
2026-06-25T19:47:38.128119+00:00,spot_17,Spot 17,Empty,2026-06-25T18:08:23.061954+00:00,,,,,,,,
2026-06-25T19:47:52.285160+00:00,spot_1,Spot 1,Occupied,2026-06-25T19:47:52.285160+00:00,786,car,0.534975528717041,0,566.9209594726562,305.91400146484375,610.2077026367188,368.77081298828125
2026-06-25T19:47:52.285160+00:00,spot_2,Spot 2,Empty,2026-06-25T18:46:41.669829+00:00,,,,,,,,
2026-06-25T19:47:52.285160+00:00,spot_3,Spot 3,Occupied,2026-06-25T19:47:52.285160+00:00,780,truck,0.7238290905952454,0,449.1845703125,320.41082763671875,498.812255859375,368.73004150390625
2026-06-25T19:47:52.285160+00:00,spot_4,Spot 4,Empty,2026-06-25T19:34:23.258475+00:00,,,,,,,,
2026-06-25T19:47:52.285160+00:00,spot_5,Spot 5,Empty,2026-06-25T19:25:42.945526+00:00,,,,,,,,
2026-06-25T19:47:52.285160+00:00,spot_6,Spot 6,Empty,2026-06-25T19:30:25.322185+00:00,,,,,,,,
2026-06-25T19:47:52.285160+00:00,spot_7,Spot 7,Empty,2026-06-25T19:30:25.322185+00:00,,,,,,,,
2026-06-25T19:47:52.285160+00:00,spot_8,Spot 8,Occupied,2026-06-25T19:47:52.285160+00:00,778,car,0.8190519213676453,0,208.14215087890625,324.3670654296875,274.9287109375,358.69970703125
2026-06-25T19:47:52.285160+00:00,spot_9,Spot 9,Occupied,2026-06-25T19:47:52.285160+00:00,781,car,0.6463623046875,0,157.75027465820312,323.387939453125,191.26016235351562,350.6923828125
2026-06-25T19:47:52.285160+00:00,spot_10,Spot 10,Occupied,2026-06-25T19:47:52.285160+00:00,779,car,0.7562784552574158,0,125.34559631347656,320.2625732421875,176.06394958496094,347.3072509765625
2026-06-25T19:47:52.285160+00:00,spot_11,Spot 11,Empty,2026-06-25T19:44:23.963285+00:00,,,,,,,,
2026-06-25T19:47:52.285160+00:00,spot_12,Spot 12,Occupied,2026-06-25T19:47:52.285160+00:00,784,truck,0.5603132843971252,0,72.8487548828125,316.3310852050781,131.3135528564453,341.4096374511719
2026-06-25T19:47:52.285160+00:00,spot_13,Spot 13,Empty,2026-06-25T19:45:53.178862+00:00,,,,,,,,
2026-06-25T19:47:52.285160+00:00,spot_14,Spot 14,Empty,2026-06-25T19:21:22.914543+00:00,,,,,,,,
2026-06-25T19:47:52.285160+00:00,spot_15,Spot 15,Occupied,2026-06-25T19:47:52.285160+00:00,782,car,0.6390779614448547,0,39.076873779296875,317.7225646972656,64.22628784179688,332.9156188964844
2026-06-25T19:47:52.285160+00:00,spot_16,Spot 16,Occupied,2026-06-25T19:47:52.285160+00:00,783,truck,0.6273485422134399,0,7.264411926269531,319.578369140625,49.86566162109375,362.145263671875
2026-06-25T19:47:52.285160+00:00,spot_17,Spot 17,Empty,2026-06-25T18:08:23.061954+00:00,,,,,,,,
2026-06-25T19:48:49.714599+00:00,spot_1,Spot 1,Occupied,2026-06-25T19:47:52.285160+00:00,786,car,0.6308189034461975,48,566.5941162109375,306.1040954589844,610.177490234375,367.2966003417969
2026-06-25T19:48:49.714599+00:00,spot_2,Spot 2,Empty,2026-06-25T18:46:41.669829+00:00,,,,,,,,
2026-06-25T19:48:49.714599+00:00,spot_3,Spot 3,Occupied,2026-06-25T19:47:52.285160+00:00,780,truck,0.41461804509162903,48,449.26617431640625,320.41241455078125,497.89422607421875,369.11737060546875
2026-06-25T19:48:49.714599+00:00,spot_4,Spot 4,Empty,2026-06-25T19:34:23.258475+00:00,,,,,,,,
2026-06-25T19:48:49.714599+00:00,spot_5,Spot 5,Empty,2026-06-25T19:25:42.945526+00:00,,,,,,,,
2026-06-25T19:48:49.714599+00:00,spot_6,Spot 6,Empty,2026-06-25T19:30:25.322185+00:00,,,,,,,,
2026-06-25T19:48:49.714599+00:00,spot_7,Spot 7,Empty,2026-06-25T19:30:25.322185+00:00,,,,,,,,
2026-06-25T19:48:49.714599+00:00,spot_8,Spot 8,Occupied,2026-06-25T19:47:52.285160+00:00,778,car,0.7982317805290222,48,207.35421752929688,323.1443786621094,275.8978271484375,358.1152038574219
2026-06-25T19:48:49.714599+00:00,spot_9,Spot 9,Occupied,2026-06-25T19:47:52.285160+00:00,781,car,0.6116809844970703,48,156.8638916015625,324.30010986328125,192.4830322265625,350.88592529296875
2026-06-25T19:48:49.714599+00:00,spot_10,Spot 10,Occupied,2026-06-25T19:47:52.285160+00:00,779,car,0.7751181125640869,48,125.36123657226562,320.589599609375,177.134033203125,347.69744873046875
2026-06-25T19:48:49.714599+00:00,spot_11,Spot 11,Empty,2026-06-25T19:44:23.963285+00:00,,,,,,,,
2026-06-25T19:48:49.714599+00:00,spot_12,Spot 12,Occupied,2026-06-25T19:47:52.285160+00:00,784,truck,0.5327185988426208,48,72.81535339355469,316.392578125,130.9452362060547,341.5238037109375
2026-06-25T19:48:49.714599+00:00,spot_13,Spot 13,Empty,2026-06-25T19:45:53.178862+00:00,,,,,,,,
2026-06-25T19:48:49.714599+00:00,spot_14,Spot 14,Empty,2026-06-25T19:21:22.914543+00:00,,,,,,,,
2026-06-25T19:48:49.714599+00:00,spot_15,Spot 15,Occupied,2026-06-25T19:47:52.285160+00:00,782,car,0.7968006134033203,48,30.72467613220215,317.97528076171875,60.329368591308594,334.05120849609375
2026-06-25T19:48:49.714599+00:00,spot_16,Spot 16,Occupied,2026-06-25T19:48:49.714599+00:00,787,car,0.6885351538658142,0,20.958351135253906,314.0870361328125,46.03295135498047,330.017333984375
2026-06-25T19:48:49.714599+00:00,spot_17,Spot 17,Empty,2026-06-25T18:08:23.061954+00:00,,,,,,,,
2026-06-25T19:49:41.787319+00:00,spot_1,Spot 1,Occupied,2026-06-25T19:47:52.285160+00:00,786,car,0.6111997365951538,98,566.3696899414062,306.201904296875,610.0104370117188,367.721923828125
2026-06-25T19:49:41.787319+00:00,spot_2,Spot 2,Empty,2026-06-25T18:46:41.669829+00:00,,,,,,,,
2026-06-25T19:49:41.787319+00:00,spot_3,Spot 3,Occupied,2026-06-25T19:47:52.285160+00:00,780,truck,0.7647408246994019,98,449.40631103515625,319.9271240234375,498.8236083984375,368.63232421875
2026-06-25T19:49:41.787319+00:00,spot_4,Spot 4,Empty,2026-06-25T19:34:23.258475+00:00,,,,,,,,
2026-06-25T19:49:41.787319+00:00,spot_5,Spot 5,Empty,2026-06-25T19:25:42.945526+00:00,,,,,,,,
2026-06-25T19:49:41.787319+00:00,spot_6,Spot 6,Empty,2026-06-25T19:30:25.322185+00:00,,,,,,,,
2026-06-25T19:49:41.787319+00:00,spot_7,Spot 7,Empty,2026-06-25T19:30:25.322185+00:00,,,,,,,,
2026-06-25T19:49:41.787319+00:00,spot_8,Spot 8,Occupied,2026-06-25T19:47:52.285160+00:00,778,car,0.8199663758277893,98,207.87643432617188,323.8716125488281,275.9665832519531,357.9656677246094
2026-06-25T19:49:41.787319+00:00,spot_9,Spot 9,Occupied,2026-06-25T19:47:52.285160+00:00,781,car,0.6172957420349121,98,156.8984375,324.5224304199219,193.51971435546875,350.9958801269531
2026-06-25T19:49:41.787319+00:00,spot_10,Spot 10,Occupied,2026-06-25T19:47:52.285160+00:00,779,car,0.800701916217804,98,125.55332946777344,320.49713134765625,175.2360382080078,347.50006103515625
2026-06-25T19:49:41.787319+00:00,spot_11,Spot 11,Empty,2026-06-25T19:44:23.963285+00:00,,,,,,,,
2026-06-25T19:49:41.787319+00:00,spot_12,Spot 12,Occupied,2026-06-25T19:47:52.285160+00:00,784,truck,0.582589864730835,98,72.40953063964844,316.5072021484375,130.53250122070312,341.584228515625
2026-06-25T19:49:41.787319+00:00,spot_13,Spot 13,Empty,2026-06-25T19:45:53.178862+00:00,,,,,,,,
2026-06-25T19:49:41.787319+00:00,spot_14,Spot 14,Empty,2026-06-25T19:21:22.914543+00:00,,,,,,,,
2026-06-25T19:49:41.787319+00:00,spot_15,Spot 15,Occupied,2026-06-25T19:47:52.285160+00:00,782,car,0.7881709337234497,98,31.10234832763672,317.9960632324219,60.298431396484375,333.8240051269531
2026-06-25T19:49:41.787319+00:00,spot_16,Spot 16,Occupied,2026-06-25T19:48:49.714599+00:00,787,car,0.49737197160720825,49,21.621551513671875,314.79718017578125,46.80958557128906,330.08599853515625
2026-06-25T19:49:41.787319+00:00,spot_17,Spot 17,Empty,2026-06-25T18:08:23.061954+00:00,,,,,,,,
2026-06-25T19:50:21.188167+00:00,spot_1,Spot 1,Occupied,2026-06-25T19:50:21.188167+00:00,788,bus,0.425801545381546,0,565.2547607421875,291.6751708984375,610.0972900390625,372.936279296875
2026-06-25T19:50:21.188167+00:00,spot_2,Spot 2,Empty,2026-06-25T18:46:41.669829+00:00,,,,,,,,
2026-06-25T19:50:21.188167+00:00,spot_3,Spot 3,Occupied,2026-06-25T19:47:52.285160+00:00,780,truck,0.5348682999610901,148,448.9490966796875,320.65997314453125,498.004150390625,369.25518798828125
2026-06-25T19:50:21.188167+00:00,spot_4,Spot 4,Empty,2026-06-25T19:34:23.258475+00:00,,,,,,,,
2026-06-25T19:50:21.188167+00:00,spot_5,Spot 5,Empty,2026-06-25T19:25:42.945526+00:00,,,,,,,,
2026-06-25T19:50:21.188167+00:00,spot_6,Spot 6,Empty,2026-06-25T19:30:25.322185+00:00,,,,,,,,
2026-06-25T19:50:21.188167+00:00,spot_7,Spot 7,Empty,2026-06-25T19:30:25.322185+00:00,,,,,,,,
2026-06-25T19:50:21.188167+00:00,spot_8,Spot 8,Occupied,2026-06-25T19:47:52.285160+00:00,778,car,0.7927716970443726,148,207.75076293945312,319.79998779296875,274.4844055175781,357.72442626953125
2026-06-25T19:50:21.188167+00:00,spot_9,Spot 9,Occupied,2026-06-25T19:47:52.285160+00:00,781,car,0.4033297598361969,148,155.41299438476562,323.7012939453125,195.61062622070312,350.847900390625
2026-06-25T19:50:21.188167+00:00,spot_10,Spot 10,Occupied,2026-06-25T19:47:52.285160+00:00,779,car,0.677152156829834,148,125.36431884765625,320.33349609375,173.53262329101562,347.9794921875
2026-06-25T19:50:21.188167+00:00,spot_11,Spot 11,Empty,2026-06-25T19:44:23.963285+00:00,,,,,,,,
2026-06-25T19:50:21.188167+00:00,spot_12,Spot 12,Occupied,2026-06-25T19:47:52.285160+00:00,784,truck,0.5993399620056152,148,72.60934448242188,316.31842041015625,130.947021484375,341.69317626953125
2026-06-25T19:50:21.188167+00:00,spot_13,Spot 13,Empty,2026-06-25T19:45:53.178862+00:00,,,,,,,,
2026-06-25T19:50:21.188167+00:00,spot_14,Spot 14,Empty,2026-06-25T19:21:22.914543+00:00,,,,,,,,
2026-06-25T19:50:21.188167+00:00,spot_15,Spot 15,Occupied,2026-06-25T19:47:52.285160+00:00,782,car,0.7463558912277222,148,32.48496627807617,318.40802001953125,60.219661712646484,333.52130126953125
2026-06-25T19:50:21.188167+00:00,spot_16,Spot 16,Occupied,2026-06-25T19:48:49.714599+00:00,787,car,0.5223327875137329,0,21.060604095458984,314.558837890625,41.06732940673828,330.767822265625
2026-06-25T19:50:21.188167+00:00,spot_17,Spot 17,Empty,2026-06-25T18:08:23.061954+00:00,,,,,,,,
2026-06-25T19:50:52.728305+00:00,spot_1,Spot 1,Occupied,2026-06-25T19:50:21.188167+00:00,788,bus,0.425801545381546,29,565.2547607421875,291.6751708984375,610.0972900390625,372.936279296875
2026-06-25T19:50:52.728305+00:00,spot_2,Spot 2,Empty,2026-06-25T18:46:41.669829+00:00,,,,,,,,
2026-06-25T19:50:52.728305+00:00,spot_3,Spot 3,Occupied,2026-06-25T19:47:52.285160+00:00,780,truck,0.5348682999610901,177,448.9490966796875,320.65997314453125,498.004150390625,369.25518798828125
2026-06-25T19:50:52.728305+00:00,spot_4,Spot 4,Empty,2026-06-25T19:34:23.258475+00:00,,,,,,,,
2026-06-25T19:50:52.728305+00:00,spot_5,Spot 5,Empty,2026-06-25T19:25:42.945526+00:00,,,,,,,,
2026-06-25T19:50:52.728305+00:00,spot_6,Spot 6,Empty,2026-06-25T19:30:25.322185+00:00,,,,,,,,
2026-06-25T19:50:52.728305+00:00,spot_7,Spot 7,Empty,2026-06-25T19:30:25.322185+00:00,,,,,,,,
2026-06-25T19:50:52.728305+00:00,spot_8,Spot 8,Occupied,2026-06-25T19:47:52.285160+00:00,778,car,0.7927716970443726,177,207.75076293945312,319.79998779296875,274.4844055175781,357.72442626953125
2026-06-25T19:50:52.728305+00:00,spot_9,Spot 9,Occupied,2026-06-25T19:47:52.285160+00:00,781,car,0.4033297598361969,177,155.41299438476562,323.7012939453125,195.61062622070312,350.847900390625
2026-06-25T19:50:52.728305+00:00,spot_10,Spot 10,Occupied,2026-06-25T19:47:52.285160+00:00,779,car,0.677152156829834,177,125.36431884765625,320.33349609375,173.53262329101562,347.9794921875
2026-06-25T19:50:52.728305+00:00,spot_11,Spot 11,Empty,2026-06-25T19:44:23.963285+00:00,,,,,,,,
2026-06-25T19:50:52.728305+00:00,spot_12,Spot 12,Occupied,2026-06-25T19:47:52.285160+00:00,784,truck,0.5993399620056152,177,72.60934448242188,316.31842041015625,130.947021484375,341.69317626953125
2026-06-25T19:50:52.728305+00:00,spot_13,Spot 13,Empty,2026-06-25T19:45:53.178862+00:00,,,,,,,,
2026-06-25T19:50:52.728305+00:00,spot_14,Spot 14,Empty,2026-06-25T19:21:22.914543+00:00,,,,,,,,
2026-06-25T19:50:52.728305+00:00,spot_15,Spot 15,Occupied,2026-06-25T19:47:52.285160+00:00,782,car,0.7463558912277222,177,32.48496627807617,318.40802001953125,60.219661712646484,333.52130126953125
2026-06-25T19:50:52.728305+00:00,spot_16,Spot 16,Occupied,2026-06-25T19:48:49.714599+00:00,787,car,0.5223327875137329,29,21.060604095458984,314.558837890625,41.06732940673828,330.767822265625
2026-06-25T19:50:52.728305+00:00,spot_17,Spot 17,Empty,2026-06-25T18:08:23.061954+00:00,,,,,,,,
2026-06-25T19:51:46.628112+00:00,spot_1,Spot 1,Occupied,2026-06-25T19:51:46.628112+00:00,789,car,0.7677736878395081,0,566.6298828125,315.0345153808594,609.70556640625,369.3229675292969
2026-06-25T19:51:46.628112+00:00,spot_2,Spot 2,Empty,2026-06-25T18:46:41.669829+00:00,,,,,,,,
2026-06-25T19:51:46.628112+00:00,spot_3,Spot 3,Occupied,2026-06-25T19:47:52.285160+00:00,780,truck,0.6758427619934082,222,449.13201904296875,320.320556640625,499.4744873046875,368.5465087890625
2026-06-25T19:51:46.628112+00:00,spot_4,Spot 4,Empty,2026-06-25T19:34:23.258475+00:00,,,,,,,,
2026-06-25T19:51:46.628112+00:00,spot_5,Spot 5,Occupied,2026-06-25T19:51:46.628112+00:00,791,car,0.41737884283065796,0,335.8724060058594,334.7720031738281,363.6562194824219,346.4889221191406
2026-06-25T19:51:46.628112+00:00,spot_6,Spot 6,Empty,2026-06-25T19:30:25.322185+00:00,,,,,,,,
2026-06-25T19:51:46.628112+00:00,spot_7,Spot 7,Empty,2026-06-25T19:30:25.322185+00:00,,,,,,,,
2026-06-25T19:51:46.628112+00:00,spot_8,Spot 8,Occupied,2026-06-25T19:47:52.285160+00:00,778,car,0.7940376996994019,222,208.29061889648438,324.11376953125,274.64947509765625,358.0069580078125
2026-06-25T19:51:46.628112+00:00,spot_9,Spot 9,Occupied,2026-06-25T19:47:52.285160+00:00,781,car,0.3772668242454529,222,157.79617309570312,324.6565246582031,192.22335815429688,350.9568176269531
2026-06-25T19:51:46.628112+00:00,spot_10,Spot 10,Occupied,2026-06-25T19:47:52.285160+00:00,779,car,0.8245289921760559,222,125.83219146728516,320.4442443847656,176.44772338867188,347.5620422363281
2026-06-25T19:51:46.628112+00:00,spot_11,Spot 11,Empty,2026-06-25T19:44:23.963285+00:00,,,,,,,,
2026-06-25T19:51:46.628112+00:00,spot_12,Spot 12,Occupied,2026-06-25T19:51:46.628112+00:00,792,car,0.3625505566596985,0,72.76510620117188,316.45263671875,130.0507049560547,340.6810302734375
2026-06-25T19:51:46.628112+00:00,spot_13,Spot 13,Empty,2026-06-25T19:45:53.178862+00:00,,,,,,,,
2026-06-25T19:51:46.628112+00:00,spot_14,Spot 14,Empty,2026-06-25T19:21:22.914543+00:00,,,,,,,,
2026-06-25T19:51:46.628112+00:00,spot_15,Spot 15,Occupied,2026-06-25T19:47:52.285160+00:00,782,car,0.7726128101348877,222,32.04335021972656,318.0663146972656,64.76588439941406,333.5411071777344
2026-06-25T19:51:46.628112+00:00,spot_16,Spot 16,Occupied,2026-06-25T19:48:49.714599+00:00,787,car,0.5857922434806824,74,22.25592803955078,314.42315673828125,47.766204833984375,330.49407958984375
2026-06-25T19:51:46.628112+00:00,spot_17,Spot 17,Empty,2026-06-25T18:08:23.061954+00:00,,,,,,,,
2026-06-25T19:52:58.805889+00:00,spot_1,Spot 1,Occupied,2026-06-25T19:51:46.628112+00:00,789,car,0.8098233938217163,80,566.7357177734375,314.37615966796875,610.0013427734375,366.94610595703125
2026-06-25T19:52:58.805889+00:00,spot_2,Spot 2,Empty,2026-06-25T18:46:41.669829+00:00,,,,,,,,
2026-06-25T19:52:58.805889+00:00,spot_3,Spot 3,Occupied,2026-06-25T19:47:52.285160+00:00,780,truck,0.42842578887939453,303,448.62890625,320.736083984375,498.7801513671875,368.618896484375
2026-06-25T19:52:58.805889+00:00,spot_4,Spot 4,Empty,2026-06-25T19:34:23.258475+00:00,,,,,,,,
2026-06-25T19:52:58.805889+00:00,spot_5,Spot 5,Empty,2026-06-25T19:52:58.805889+00:00,,,,,,,,
2026-06-25T19:52:58.805889+00:00,spot_6,Spot 6,Empty,2026-06-25T19:30:25.322185+00:00,,,,,,,,
2026-06-25T19:52:58.805889+00:00,spot_7,Spot 7,Empty,2026-06-25T19:30:25.322185+00:00,,,,,,,,
2026-06-25T19:52:58.805889+00:00,spot_8,Spot 8,Occupied,2026-06-25T19:47:52.285160+00:00,778,car,0.7813988924026489,303,207.5592041015625,324.280029296875,274.9468078613281,358.172607421875
2026-06-25T19:52:58.805889+00:00,spot_9,Spot 9,Occupied,2026-06-25T19:47:52.285160+00:00,781,car,0.6465029120445251,303,158.04669189453125,324.3802185058594,192.9927978515625,351.1004333496094
2026-06-25T19:52:58.805889+00:00,spot_10,Spot 10,Occupied,2026-06-25T19:47:52.285160+00:00,779,car,0.8016671538352966,303,125.17560577392578,320.6983947753906,174.7974853515625,347.7869567871094
2026-06-25T19:52:58.805889+00:00,spot_11,Spot 11,Empty,2026-06-25T19:44:23.963285+00:00,,,,,,,,
2026-06-25T19:52:58.805889+00:00,spot_12,Spot 12,Occupied,2026-06-25T19:52:58.805889+00:00,784,truck,0.5410024523735046,303,73.06526184082031,316.61639404296875,130.8831787109375,341.74560546875
2026-06-25T19:52:58.805889+00:00,spot_13,Spot 13,Empty,2026-06-25T19:45:53.178862+00:00,,,,,,,,
2026-06-25T19:52:58.805889+00:00,spot_14,Spot 14,Empty,2026-06-25T19:21:22.914543+00:00,,,,,,,,
2026-06-25T19:52:58.805889+00:00,spot_15,Spot 15,Occupied,2026-06-25T19:47:52.285160+00:00,782,car,0.7766768932342529,303,30.90898895263672,317.90380859375,63.68553924560547,334.01123046875
2026-06-25T19:52:58.805889+00:00,spot_16,Spot 16,Occupied,2026-06-25T19:48:49.714599+00:00,787,car,0.6979908347129822,155,21.209957122802734,314.6192932128906,46.709590911865234,330.1966857910156
2026-06-25T19:52:58.805889+00:00,spot_17,Spot 17,Empty,2026-06-25T18:08:23.061954+00:00,,,,,,,,
2026-06-25T19:53:59.984024+00:00,spot_1,Spot 1,Occupied,2026-06-25T19:51:46.628112+00:00,789,car,0.5101900696754456,137,566.566162109375,312.8216552734375,609.55615234375,367.6246337890625
2026-06-25T19:53:59.984024+00:00,spot_2,Spot 2,Empty,2026-06-25T18:46:41.669829+00:00,,,,,,,,
2026-06-25T19:53:59.984024+00:00,spot_3,Spot 3,Occupied,2026-06-25T19:47:52.285160+00:00,780,truck,0.5561286807060242,360,448.9329833984375,320.6584167480469,499.283935546875,369.2867126464844
2026-06-25T19:53:59.984024+00:00,spot_4,Spot 4,Empty,2026-06-25T19:34:23.258475+00:00,,,,,,,,
2026-06-25T19:53:59.984024+00:00,spot_5,Spot 5,Empty,2026-06-25T19:52:58.805889+00:00,,,,,,,,
2026-06-25T19:53:59.984024+00:00,spot_6,Spot 6,Empty,2026-06-25T19:30:25.322185+00:00,,,,,,,,
2026-06-25T19:53:59.984024+00:00,spot_7,Spot 7,Empty,2026-06-25T19:30:25.322185+00:00,,,,,,,,
2026-06-25T19:53:59.984024+00:00,spot_8,Spot 8,Occupied,2026-06-25T19:47:52.285160+00:00,778,car,0.7170103192329407,360,208.29965209960938,322.3414306640625,275.18817138671875,357.93780517578125
2026-06-25T19:53:59.984024+00:00,spot_9,Spot 9,Occupied,2026-06-25T19:53:59.984024+00:00,790,car,0.5807942152023315,137,188.33438110351562,326.93011474609375,223.33953857421875,352.73101806640625
2026-06-25T19:53:59.984024+00:00,spot_10,Spot 10,Occupied,2026-06-25T19:47:52.285160+00:00,779,car,0.5532023906707764,360,125.24435424804688,320.85711669921875,178.92593383789062,347.81915283203125
2026-06-25T19:53:59.984024+00:00,spot_11,Spot 11,Empty,2026-06-25T19:44:23.963285+00:00,,,,,,,,
2026-06-25T19:53:59.984024+00:00,spot_12,Spot 12,Occupied,2026-06-25T19:52:58.805889+00:00,784,truck,0.6257407665252686,360,72.30538940429688,316.8138427734375,130.50814819335938,341.759765625
2026-06-25T19:53:59.984024+00:00,spot_13,Spot 13,Empty,2026-06-25T19:45:53.178862+00:00,,,,,,,,
2026-06-25T19:53:59.984024+00:00,spot_14,Spot 14,Empty,2026-06-25T19:21:22.914543+00:00,,,,,,,,
2026-06-25T19:53:59.984024+00:00,spot_15,Spot 15,Occupied,2026-06-25T19:47:52.285160+00:00,782,car,0.8070995211601257,360,30.50739860534668,318.1058349609375,61.08294677734375,333.9227294921875
2026-06-25T19:53:59.984024+00:00,spot_16,Spot 16,Occupied,2026-06-25T19:48:49.714599+00:00,787,car,0.7225969433784485,212,21.07964324951172,313.9742431640625,47.3924560546875,330.4644775390625
2026-06-25T19:53:59.984024+00:00,spot_17,Spot 17,Empty,2026-06-25T18:08:23.061954+00:00,,,,,,,,
2026-06-25T19:54:58.946745+00:00,spot_1,Spot 1,Occupied,2026-06-25T19:54:58.946745+00:00,790,car,0.795793890953064,0,566.2164306640625,316.9991455078125,609.89013671875,366.94024658203125
2026-06-25T19:54:58.946745+00:00,spot_2,Spot 2,Empty,2026-06-25T18:46:41.669829+00:00,,,,,,,,
2026-06-25T19:54:58.946745+00:00,spot_3,Spot 3,Occupied,2026-06-25T19:54:58.946745+00:00,795,truck,0.6422510743141174,0,449.12725830078125,320.35870361328125,498.75299072265625,368.71014404296875
2026-06-25T19:54:58.946745+00:00,spot_4,Spot 4,Empty,2026-06-25T19:34:23.258475+00:00,,,,,,,,
2026-06-25T19:54:58.946745+00:00,spot_5,Spot 5,Empty,2026-06-25T19:52:58.805889+00:00,,,,,,,,
2026-06-25T19:54:58.946745+00:00,spot_6,Spot 6,Empty,2026-06-25T19:30:25.322185+00:00,,,,,,,,
2026-06-25T19:54:58.946745+00:00,spot_7,Spot 7,Empty,2026-06-25T19:30:25.322185+00:00,,,,,,,,
2026-06-25T19:54:58.946745+00:00,spot_8,Spot 8,Occupied,2026-06-25T19:54:58.946745+00:00,789,car,0.8380427956581116,0,208.32644653320312,324.3037109375,275.3827209472656,357.956787109375
2026-06-25T19:54:58.946745+00:00,spot_9,Spot 9,Occupied,2026-06-25T19:54:58.946745+00:00,797,car,0.5076576471328735,0,157.74200439453125,323.20135498046875,193.32421875,350.50408935546875
2026-06-25T19:54:58.946745+00:00,spot_10,Spot 10,Occupied,2026-06-25T19:54:58.946745+00:00,792,car,0.7822362184524536,0,125.58405303955078,320.35980224609375,174.7125244140625,348.074951171875
2026-06-25T19:54:58.946745+00:00,spot_11,Spot 11,Empty,2026-06-25T19:44:23.963285+00:00,,,,,,,,
2026-06-25T19:54:58.946745+00:00,spot_12,Spot 12,Occupied,2026-06-25T19:54:58.946745+00:00,793,truck,0.6676921248435974,0,72.7652587890625,316.56671142578125,130.59860229492188,341.94952392578125
2026-06-25T19:54:58.946745+00:00,spot_13,Spot 13,Empty,2026-06-25T19:45:53.178862+00:00,,,,,,,,
2026-06-25T19:54:58.946745+00:00,spot_14,Spot 14,Empty,2026-06-25T19:21:22.914543+00:00,,,,,,,,
2026-06-25T19:54:58.946745+00:00,spot_15,Spot 15,Occupied,2026-06-25T19:54:58.946745+00:00,791,car,0.7906221151351929,0,30.99279022216797,318.051513671875,60.50701141357422,333.7432861328125
2026-06-25T19:54:58.946745+00:00,spot_16,Spot 16,Occupied,2026-06-25T19:54:58.946745+00:00,796,car,0.5652124881744385,0,20.879026412963867,315.04864501953125,44.31925964355469,330.47735595703125
2026-06-25T19:54:58.946745+00:00,spot_17,Spot 17,Empty,2026-06-25T18:08:23.061954+00:00,,,,,,,,
2026-06-25T19:55:52.240793+00:00,spot_1,Spot 1,Occupied,2026-06-25T19:54:58.946745+00:00,790,car,0.4143086373806,26,565.0502319335938,316.319091796875,609.6751098632812,372.1251220703125
2026-06-25T19:55:52.240793+00:00,spot_2,Spot 2,Empty,2026-06-25T18:46:41.669829+00:00,,,,,,,,
2026-06-25T19:55:52.240793+00:00,spot_3,Spot 3,Occupied,2026-06-25T19:55:52.240793+00:00,798,car,0.7776784896850586,0,448.9305725097656,320.2269287109375,498.0989685058594,369.36456298828125
2026-06-25T19:55:52.240793+00:00,spot_4,Spot 4,Empty,2026-06-25T19:34:23.258475+00:00,,,,,,,,
2026-06-25T19:55:52.240793+00:00,spot_5,Spot 5,Empty,2026-06-25T19:52:58.805889+00:00,,,,,,,,
2026-06-25T19:55:52.240793+00:00,spot_6,Spot 6,Empty,2026-06-25T19:30:25.322185+00:00,,,,,,,,
2026-06-25T19:55:52.240793+00:00,spot_7,Spot 7,Empty,2026-06-25T19:30:25.322185+00:00,,,,,,,,
2026-06-25T19:55:52.240793+00:00,spot_8,Spot 8,Occupied,2026-06-25T19:54:58.946745+00:00,789,car,0.7380664348602295,26,208.5531005859375,321.18670654296875,276.607666015625,358.36334228515625
2026-06-25T19:55:52.240793+00:00,spot_9,Spot 9,Occupied,2026-06-25T19:54:58.946745+00:00,797,car,0.5863932967185974,26,158.831298828125,323.7718505859375,193.4674072265625,350.918212890625
2026-06-25T19:55:52.240793+00:00,spot_10,Spot 10,Occupied,2026-06-25T19:54:58.946745+00:00,792,car,0.7603452801704407,26,125.53028869628906,320.607177734375,174.5758514404297,347.78857421875
2026-06-25T19:55:52.240793+00:00,spot_11,Spot 11,Empty,2026-06-25T19:44:23.963285+00:00,,,,,,,,
2026-06-25T19:55:52.240793+00:00,spot_12,Spot 12,Occupied,2026-06-25T19:55:52.240793+00:00,799,car,0.512731671333313,0,73.04127502441406,316.16729736328125,130.58154296875,340.95538330078125
2026-06-25T19:55:52.240793+00:00,spot_13,Spot 13,Empty,2026-06-25T19:45:53.178862+00:00,,,,,,,,
2026-06-25T19:55:52.240793+00:00,spot_14,Spot 14,Empty,2026-06-25T19:21:22.914543+00:00,,,,,,,,
2026-06-25T19:55:52.240793+00:00,spot_15,Spot 15,Empty,2026-06-25T19:55:52.240793+00:00,,,,,,,,
2026-06-25T19:55:52.240793+00:00,spot_16,Spot 16,Occupied,2026-06-25T19:55:52.240793+00:00,791,car,0.6537983417510986,26,7.912895202636719,316.44744873046875,56.513221740722656,339.88531494140625
2026-06-25T19:55:52.240793+00:00,spot_17,Spot 17,Empty,2026-06-25T18:08:23.061954+00:00,,,,,,,,
2026-06-25T19:56:56.602736+00:00,spot_1,Spot 1,Occupied,2026-06-25T19:54:58.946745+00:00,790,car,0.6525485515594482,90,565.9466552734375,318.13812255859375,609.8475341796875,370.27691650390625
2026-06-25T19:56:56.602736+00:00,spot_2,Spot 2,Empty,2026-06-25T18:46:41.669829+00:00,,,,,,,,
2026-06-25T19:56:56.602736+00:00,spot_3,Spot 3,Occupied,2026-06-25T19:55:52.240793+00:00,798,car,0.5889530777931213,64,449.23333740234375,320.6033020019531,498.38128662109375,369.2946472167969
2026-06-25T19:56:56.602736+00:00,spot_4,Spot 4,Empty,2026-06-25T19:34:23.258475+00:00,,,,,,,,
2026-06-25T19:56:56.602736+00:00,spot_5,Spot 5,Empty,2026-06-25T19:52:58.805889+00:00,,,,,,,,
2026-06-25T19:56:56.602736+00:00,spot_6,Spot 6,Empty,2026-06-25T19:30:25.322185+00:00,,,,,,,,
2026-06-25T19:56:56.602736+00:00,spot_7,Spot 7,Empty,2026-06-25T19:30:25.322185+00:00,,,,,,,,
2026-06-25T19:56:56.602736+00:00,spot_8,Spot 8,Occupied,2026-06-25T19:54:58.946745+00:00,789,car,0.6863244771957397,90,208.17819213867188,322.3685302734375,275.5496520996094,357.6944580078125
2026-06-25T19:56:56.602736+00:00,spot_9,Spot 9,Occupied,2026-06-25T19:54:58.946745+00:00,797,car,0.5888664722442627,90,154.09161376953125,325.71826171875,191.92657470703125,350.46875
2026-06-25T19:56:56.602736+00:00,spot_10,Spot 10,Occupied,2026-06-25T19:54:58.946745+00:00,792,car,0.6905066967010498,90,125.29322052001953,320.245849609375,176.55609130859375,347.36480712890625
2026-06-25T19:56:56.602736+00:00,spot_11,Spot 11,Empty,2026-06-25T19:44:23.963285+00:00,,,,,,,,
2026-06-25T19:56:56.602736+00:00,spot_12,Spot 12,Occupied,2026-06-25T19:56:56.602736+00:00,793,truck,0.7165402770042419,90,73.20783996582031,315.7119140625,130.7126007080078,342.2303466796875
2026-06-25T19:56:56.602736+00:00,spot_13,Spot 13,Empty,2026-06-25T19:45:53.178862+00:00,,,,,,,,
2026-06-25T19:56:56.602736+00:00,spot_14,Spot 14,Empty,2026-06-25T19:21:22.914543+00:00,,,,,,,,
2026-06-25T19:56:56.602736+00:00,spot_15,Spot 15,Empty,2026-06-25T19:55:52.240793+00:00,,,,,,,,
2026-06-25T19:56:56.602736+00:00,spot_16,Spot 16,Occupied,2026-06-25T19:56:56.602736+00:00,796,car,0.36185020208358765,90,22.528181076049805,313.65594482421875,41.73872375488281,330.284423828125
2026-06-25T19:56:56.602736+00:00,spot_17,Spot 17,Empty,2026-06-25T18:08:23.061954+00:00,,,,,,,,
2026-06-25T19:57:58.390538+00:00,spot_1,Spot 1,Occupied,2026-06-25T19:54:58.946745+00:00,790,car,0.7565411925315857,153,566.4366455078125,317.52301025390625,609.7257080078125,367.46173095703125
2026-06-25T19:57:58.390538+00:00,spot_2,Spot 2,Empty,2026-06-25T18:46:41.669829+00:00,,,,,,,,
2026-06-25T19:57:58.390538+00:00,spot_3,Spot 3,Occupied,2026-06-25T19:57:58.390538+00:00,795,truck,0.5971022844314575,153,448.62799072265625,320.3480224609375,498.36541748046875,369.44110107421875
2026-06-25T19:57:58.390538+00:00,spot_4,Spot 4,Occupied,2026-06-25T19:57:58.390538+00:00,800,bus,0.7926111221313477,0,231.8394317626953,320.5330810546875,452.22711181640625,425.900146484375
2026-06-25T19:57:58.390538+00:00,spot_5,Spot 5,Empty,2026-06-25T19:52:58.805889+00:00,,,,,,,,
2026-06-25T19:57:58.390538+00:00,spot_6,Spot 6,Empty,2026-06-25T19:30:25.322185+00:00,,,,,,,,
2026-06-25T19:57:58.390538+00:00,spot_7,Spot 7,Empty,2026-06-25T19:30:25.322185+00:00,,,,,,,,
2026-06-25T19:57:58.390538+00:00,spot_8,Spot 8,Occupied,2026-06-25T19:57:58.390538+00:00,801,truck,0.5935011506080627,0,207.71981811523438,319.46563720703125,256.7420959472656,358.45806884765625
2026-06-25T19:57:58.390538+00:00,spot_9,Spot 9,Occupied,2026-06-25T19:54:58.946745+00:00,797,car,0.45273131132125854,153,156.59808349609375,324.6266174316406,195.815185546875,350.1485290527344
2026-06-25T19:57:58.390538+00:00,spot_10,Spot 10,Occupied,2026-06-25T19:54:58.946745+00:00,792,car,0.735429048538208,153,125.22716522216797,320.1444091796875,177.02508544921875,347.51007080078125
2026-06-25T19:57:58.390538+00:00,spot_11,Spot 11,Empty,2026-06-25T19:44:23.963285+00:00,,,,,,,,
2026-06-25T19:57:58.390538+00:00,spot_12,Spot 12,Occupied,2026-06-25T19:56:56.602736+00:00,793,truck,0.6489235758781433,153,72.92715454101562,316.083251953125,131.1860809326172,341.0721435546875
2026-06-25T19:57:58.390538+00:00,spot_13,Spot 13,Empty,2026-06-25T19:45:53.178862+00:00,,,,,,,,
2026-06-25T19:57:58.390538+00:00,spot_14,Spot 14,Empty,2026-06-25T19:21:22.914543+00:00,,,,,,,,
2026-06-25T19:57:58.390538+00:00,spot_15,Spot 15,Empty,2026-06-25T19:55:52.240793+00:00,,,,,,,,
2026-06-25T19:57:58.390538+00:00,spot_16,Spot 16,Occupied,2026-06-25T19:56:56.602736+00:00,796,car,0.4836660325527191,153,22.535085678100586,313.6688232421875,44.109535217285156,330.587158203125
2026-06-25T19:57:58.390538+00:00,spot_17,Spot 17,Empty,2026-06-25T18:08:23.061954+00:00,,,,,,,,
2026-06-25T19:58:52.150905+00:00,spot_1,Spot 1,Empty,2026-06-25T19:58:52.150905+00:00,,,,,,,,
2026-06-25T19:58:52.150905+00:00,spot_2,Spot 2,Empty,2026-06-25T18:46:41.669829+00:00,,,,,,,,
2026-06-25T19:58:52.150905+00:00,spot_3,Spot 3,Occupied,2026-06-25T19:57:58.390538+00:00,795,truck,0.6345972418785095,206,448.934814453125,319.73388671875,498.1883544921875,368.60882568359375
2026-06-25T19:58:52.150905+00:00,spot_4,Spot 4,Empty,2026-06-25T19:58:52.150905+00:00,,,,,,,,
2026-06-25T19:58:52.150905+00:00,spot_5,Spot 5,Empty,2026-06-25T19:52:58.805889+00:00,,,,,,,,
2026-06-25T19:58:52.150905+00:00,spot_6,Spot 6,Empty,2026-06-25T19:30:25.322185+00:00,,,,,,,,
2026-06-25T19:58:52.150905+00:00,spot_7,Spot 7,Empty,2026-06-25T19:30:25.322185+00:00,,,,,,,,
2026-06-25T19:58:52.150905+00:00,spot_8,Spot 8,Occupied,2026-06-25T19:58:52.150905+00:00,789,car,0.7236221432685852,206,207.71685791015625,322.5146789550781,275.9642333984375,356.8716125488281
2026-06-25T19:58:52.150905+00:00,spot_9,Spot 9,Occupied,2026-06-25T19:54:58.946745+00:00,797,car,0.48412761092185974,206,155.33901977539062,324.90582275390625,195.37454223632812,349.78314208984375
2026-06-25T19:58:52.150905+00:00,spot_10,Spot 10,Occupied,2026-06-25T19:54:58.946745+00:00,792,car,0.7141076922416687,206,125.36224365234375,320.42718505859375,177.32662963867188,347.34014892578125
2026-06-25T19:58:52.150905+00:00,spot_11,Spot 11,Empty,2026-06-25T19:44:23.963285+00:00,,,,,,,,
2026-06-25T19:58:52.150905+00:00,spot_12,Spot 12,Occupied,2026-06-25T19:56:56.602736+00:00,793,truck,0.6422653198242188,206,72.99774169921875,315.8617858886719,130.69146728515625,341.6704406738281
2026-06-25T19:58:52.150905+00:00,spot_13,Spot 13,Empty,2026-06-25T19:45:53.178862+00:00,,,,,,,,
2026-06-25T19:58:52.150905+00:00,spot_14,Spot 14,Empty,2026-06-25T19:21:22.914543+00:00,,,,,,,,
2026-06-25T19:58:52.150905+00:00,spot_15,Spot 15,Empty,2026-06-25T19:55:52.240793+00:00,,,,,,,,
2026-06-25T19:58:52.150905+00:00,spot_16,Spot 16,Occupied,2026-06-25T19:56:56.602736+00:00,796,car,0.6268615126609802,206,21.34785270690918,312.9276123046875,44.87492370605469,329.7601318359375
2026-06-25T19:58:52.150905+00:00,spot_17,Spot 17,Empty,2026-06-25T18:08:23.061954+00:00,,,,,,,,
2026-06-25T19:59:51.783029+00:00,spot_1,Spot 1,Occupied,2026-06-25T19:59:51.783029+00:00,790,car,0.43988949060440063,263,564.8095703125,316.08843994140625,609.7762451171875,372.20343017578125
2026-06-25T19:59:51.783029+00:00,spot_2,Spot 2,Empty,2026-06-25T18:46:41.669829+00:00,,,,,,,,
2026-06-25T19:59:51.783029+00:00,spot_3,Spot 3,Occupied,2026-06-25T19:57:58.390538+00:00,795,truck,0.6539192199707031,263,448.673828125,320.15447998046875,498.400390625,368.82110595703125
2026-06-25T19:59:51.783029+00:00,spot_4,Spot 4,Empty,2026-06-25T19:58:52.150905+00:00,,,,,,,,
2026-06-25T19:59:51.783029+00:00,spot_5,Spot 5,Empty,2026-06-25T19:52:58.805889+00:00,,,,,,,,
2026-06-25T19:59:51.783029+00:00,spot_6,Spot 6,Empty,2026-06-25T19:30:25.322185+00:00,,,,,,,,
2026-06-25T19:59:51.783029+00:00,spot_7,Spot 7,Empty,2026-06-25T19:30:25.322185+00:00,,,,,,,,
2026-06-25T19:59:51.783029+00:00,spot_8,Spot 8,Occupied,2026-06-25T19:58:52.150905+00:00,789,car,0.7286086082458496,263,207.9644775390625,322.6845703125,275.5712890625,357.2406005859375
2026-06-25T19:59:51.783029+00:00,spot_9,Spot 9,Occupied,2026-06-25T19:54:58.946745+00:00,797,car,0.6241400837898254,263,157.94442749023438,324.7375183105469,197.39004516601562,349.3780212402344
2026-06-25T19:59:51.783029+00:00,spot_10,Spot 10,Occupied,2026-06-25T19:54:58.946745+00:00,792,car,0.7405327558517456,263,125.95025634765625,320.1901550292969,175.18881225585938,347.0885314941406
2026-06-25T19:59:51.783029+00:00,spot_11,Spot 11,Empty,2026-06-25T19:44:23.963285+00:00,,,,,,,,
2026-06-25T19:59:51.783029+00:00,spot_12,Spot 12,Occupied,2026-06-25T19:59:51.783029+00:00,802,car,0.37055009603500366,0,73.48246765136719,315.6551818847656,130.60499572753906,340.6023254394531
2026-06-25T19:59:51.783029+00:00,spot_13,Spot 13,Empty,2026-06-25T19:45:53.178862+00:00,,,,,,,,
2026-06-25T19:59:51.783029+00:00,spot_14,Spot 14,Empty,2026-06-25T19:21:22.914543+00:00,,,,,,,,
2026-06-25T19:59:51.783029+00:00,spot_15,Spot 15,Empty,2026-06-25T19:55:52.240793+00:00,,,,,,,,
2026-06-25T19:59:51.783029+00:00,spot_16,Spot 16,Empty,2026-06-25T19:59:51.783029+00:00,,,,,,,,
2026-06-25T19:59:51.783029+00:00,spot_17,Spot 17,Empty,2026-06-25T18:08:23.061954+00:00,,,,,,,,
2026-06-25T20:00:47.580841+00:00,spot_1,Spot 1,Occupied,2026-06-25T19:59:51.783029+00:00,790,car,0.43988949060440063,318,564.8095703125,316.08843994140625,609.7762451171875,372.20343017578125
2026-06-25T20:00:47.580841+00:00,spot_2,Spot 2,Empty,2026-06-25T18:46:41.669829+00:00,,,,,,,,
2026-06-25T20:00:47.580841+00:00,spot_3,Spot 3,Occupied,2026-06-25T19:57:58.390538+00:00,795,truck,0.6539192199707031,318,448.673828125,320.15447998046875,498.400390625,368.82110595703125
2026-06-25T20:00:47.580841+00:00,spot_4,Spot 4,Empty,2026-06-25T19:58:52.150905+00:00,,,,,,,,
2026-06-25T20:00:47.580841+00:00,spot_5,Spot 5,Empty,2026-06-25T19:52:58.805889+00:00,,,,,,,,
2026-06-25T20:00:47.580841+00:00,spot_6,Spot 6,Empty,2026-06-25T19:30:25.322185+00:00,,,,,,,,
2026-06-25T20:00:47.580841+00:00,spot_7,Spot 7,Empty,2026-06-25T19:30:25.322185+00:00,,,,,,,,
2026-06-25T20:00:47.580841+00:00,spot_8,Spot 8,Occupied,2026-06-25T19:58:52.150905+00:00,789,car,0.7286086082458496,318,207.9644775390625,322.6845703125,275.5712890625,357.2406005859375
2026-06-25T20:00:47.580841+00:00,spot_9,Spot 9,Occupied,2026-06-25T19:54:58.946745+00:00,797,car,0.6241400837898254,318,157.94442749023438,324.7375183105469,197.39004516601562,349.3780212402344
2026-06-25T20:00:47.580841+00:00,spot_10,Spot 10,Occupied,2026-06-25T19:54:58.946745+00:00,792,car,0.7405327558517456,318,125.95025634765625,320.1901550292969,175.18881225585938,347.0885314941406
2026-06-25T20:00:47.580841+00:00,spot_11,Spot 11,Empty,2026-06-25T19:44:23.963285+00:00,,,,,,,,
2026-06-25T20:00:47.580841+00:00,spot_12,Spot 12,Occupied,2026-06-25T19:59:51.783029+00:00,802,car,0.37055009603500366,55,73.48246765136719,315.6551818847656,130.60499572753906,340.6023254394531
2026-06-25T20:00:47.580841+00:00,spot_13,Spot 13,Empty,2026-06-25T19:45:53.178862+00:00,,,,,,,,
2026-06-25T20:00:47.580841+00:00,spot_14,Spot 14,Empty,2026-06-25T19:21:22.914543+00:00,,,,,,,,
2026-06-25T20:00:47.580841+00:00,spot_15,Spot 15,Empty,2026-06-25T19:55:52.240793+00:00,,,,,,,,
2026-06-25T20:00:47.580841+00:00,spot_16,Spot 16,Empty,2026-06-25T19:59:51.783029+00:00,,,,,,,,
2026-06-25T20:00:47.580841+00:00,spot_17,Spot 17,Empty,2026-06-25T18:08:23.061954+00:00,,,,,,,,
2026-06-25T20:01:49.022464+00:00,spot_1,Spot 1,Occupied,2026-06-25T19:59:51.783029+00:00,790,car,0.44702011346817017,379,564.9971923828125,318.8760986328125,609.723388671875,370.3111572265625
2026-06-25T20:01:49.022464+00:00,spot_2,Spot 2,Empty,2026-06-25T18:46:41.669829+00:00,,,,,,,,
2026-06-25T20:01:49.022464+00:00,spot_3,Spot 3,Occupied,2026-06-25T19:57:58.390538+00:00,795,truck,0.5391848683357239,379,448.9855651855469,319.24542236328125,500.2209777832031,368.841796875
2026-06-25T20:01:49.022464+00:00,spot_4,Spot 4,Empty,2026-06-25T19:58:52.150905+00:00,,,,,,,,
2026-06-25T20:01:49.022464+00:00,spot_5,Spot 5,Empty,2026-06-25T19:52:58.805889+00:00,,,,,,,,
2026-06-25T20:01:49.022464+00:00,spot_6,Spot 6,Empty,2026-06-25T19:30:25.322185+00:00,,,,,,,,
2026-06-25T20:01:49.022464+00:00,spot_7,Spot 7,Empty,2026-06-25T19:30:25.322185+00:00,,,,,,,,
2026-06-25T20:01:49.022464+00:00,spot_8,Spot 8,Occupied,2026-06-25T19:58:52.150905+00:00,789,car,0.7789626121520996,379,207.85662841796875,319.84796142578125,276.0579528808594,357.62457275390625
2026-06-25T20:01:49.022464+00:00,spot_9,Spot 9,Occupied,2026-06-25T19:54:58.946745+00:00,797,car,0.7000478506088257,379,152.89987182617188,324.7760009765625,196.24783325195312,349.47930908203125
2026-06-25T20:01:49.022464+00:00,spot_10,Spot 10,Occupied,2026-06-25T19:54:58.946745+00:00,792,car,0.6921096444129944,379,125.39035034179688,320.0250244140625,176.92535400390625,346.8841552734375
2026-06-25T20:01:49.022464+00:00,spot_11,Spot 11,Empty,2026-06-25T19:44:23.963285+00:00,,,,,,,,
2026-06-25T20:01:49.022464+00:00,spot_12,Spot 12,Occupied,2026-06-25T19:59:51.783029+00:00,802,car,0.4626281261444092,116,73.12362670898438,315.47161865234375,130.76547241210938,340.793212890625
2026-06-25T20:01:49.022464+00:00,spot_13,Spot 13,Empty,2026-06-25T19:45:53.178862+00:00,,,,,,,,
2026-06-25T20:01:49.022464+00:00,spot_14,Spot 14,Empty,2026-06-25T19:21:22.914543+00:00,,,,,,,,
2026-06-25T20:01:49.022464+00:00,spot_15,Spot 15,Empty,2026-06-25T19:55:52.240793+00:00,,,,,,,,
2026-06-25T20:01:49.022464+00:00,spot_16,Spot 16,Empty,2026-06-25T19:59:51.783029+00:00,,,,,,,,
2026-06-25T20:01:49.022464+00:00,spot_17,Spot 17,Empty,2026-06-25T18:08:23.061954+00:00,,,,,,,,
2026-06-25T20:03:05.570177+00:00,spot_1,Spot 1,Occupied,2026-06-25T19:59:51.783029+00:00,790,car,0.7315716743469238,458,566.8829345703125,313.43878173828125,610.6622314453125,367.40667724609375
2026-06-25T20:03:05.570177+00:00,spot_2,Spot 2,Empty,2026-06-25T18:46:41.669829+00:00,,,,,,,,
2026-06-25T20:03:05.570177+00:00,spot_3,Spot 3,Occupied,2026-06-25T19:57:58.390538+00:00,795,truck,0.624582052230835,458,449.3970947265625,320.282958984375,501.82373046875,368.438232421875
2026-06-25T20:03:05.570177+00:00,spot_4,Spot 4,Empty,2026-06-25T19:58:52.150905+00:00,,,,,,,,
2026-06-25T20:03:05.570177+00:00,spot_5,Spot 5,Empty,2026-06-25T19:52:58.805889+00:00,,,,,,,,
2026-06-25T20:03:05.570177+00:00,spot_6,Spot 6,Empty,2026-06-25T19:30:25.322185+00:00,,,,,,,,
2026-06-25T20:03:05.570177+00:00,spot_7,Spot 7,Empty,2026-06-25T19:30:25.322185+00:00,,,,,,,,
2026-06-25T20:03:05.570177+00:00,spot_8,Spot 8,Occupied,2026-06-25T19:58:52.150905+00:00,789,car,0.803562343120575,458,207.86993408203125,324.01519775390625,275.47393798828125,357.45648193359375
2026-06-25T20:03:05.570177+00:00,spot_9,Spot 9,Occupied,2026-06-25T19:54:58.946745+00:00,797,car,0.642540454864502,458,157.35186767578125,322.4814453125,196.311279296875,350.4471435546875
2026-06-25T20:03:05.570177+00:00,spot_10,Spot 10,Occupied,2026-06-25T20:03:05.570177+00:00,794,car,0.711969256401062,458,187.74365234375,326.0062561035156,223.9881591796875,352.4162292480469
2026-06-25T20:03:05.570177+00:00,spot_11,Spot 11,Occupied,2026-06-25T20:03:05.570177+00:00,792,car,0.747228741645813,458,125.40434265136719,319.8436584472656,174.8252716064453,346.9170227050781
2026-06-25T20:03:05.570177+00:00,spot_12,Spot 12,Occupied,2026-06-25T20:03:05.570177+00:00,793,truck,0.6178205013275146,458,72.908447265625,315.99102783203125,130.69674682617188,341.71795654296875
2026-06-25T20:03:05.570177+00:00,spot_13,Spot 13,Empty,2026-06-25T19:45:53.178862+00:00,,,,,,,,
2026-06-25T20:03:05.570177+00:00,spot_14,Spot 14,Empty,2026-06-25T19:21:22.914543+00:00,,,,,,,,
2026-06-25T20:03:05.570177+00:00,spot_15,Spot 15,Empty,2026-06-25T19:55:52.240793+00:00,,,,,,,,
2026-06-25T20:03:05.570177+00:00,spot_16,Spot 16,Occupied,2026-06-25T20:03:05.570177+00:00,803,car,0.48342978954315186,0,22.75032615661621,313.77703857421875,45.863853454589844,330.01165771484375
2026-06-25T20:03:05.570177+00:00,spot_17,Spot 17,Empty,2026-06-25T18:08:23.061954+00:00,,,,,,,,
2026-06-25T20:04:01.490019+00:00,spot_1,Spot 1,Occupied,2026-06-25T19:59:51.783029+00:00,790,car,0.7343889474868774,515,567.0863647460938,314.5958251953125,610.5077514648438,369.35784912109375
2026-06-25T20:04:01.490019+00:00,spot_2,Spot 2,Empty,2026-06-25T18:46:41.669829+00:00,,,,,,,,
2026-06-25T20:04:01.490019+00:00,spot_3,Spot 3,Occupied,2026-06-25T19:57:58.390538+00:00,795,truck,0.6528007984161377,515,449.37396240234375,319.3905029296875,500.19049072265625,368.5089111328125
2026-06-25T20:04:01.490019+00:00,spot_4,Spot 4,Empty,2026-06-25T19:58:52.150905+00:00,,,,,,,,
2026-06-25T20:04:01.490019+00:00,spot_5,Spot 5,Empty,2026-06-25T19:52:58.805889+00:00,,,,,,,,
2026-06-25T20:04:01.490019+00:00,spot_6,Spot 6,Empty,2026-06-25T19:30:25.322185+00:00,,,,,,,,
2026-06-25T20:04:01.490019+00:00,spot_7,Spot 7,Empty,2026-06-25T19:30:25.322185+00:00,,,,,,,,
2026-06-25T20:04:01.490019+00:00,spot_8,Spot 8,Occupied,2026-06-25T19:58:52.150905+00:00,789,car,0.7979040145874023,515,207.7568359375,323.248046875,276.45709228515625,357.55560302734375
2026-06-25T20:04:01.490019+00:00,spot_9,Spot 9,Occupied,2026-06-25T19:54:58.946745+00:00,797,car,0.6242863535881042,515,153.35745239257812,323.4692687988281,192.80178833007812,350.4593200683594
2026-06-25T20:04:01.490019+00:00,spot_10,Spot 10,Occupied,2026-06-25T20:04:01.490019+00:00,792,car,0.7090480923652649,515,125.69631958007812,319.852783203125,176.40704345703125,347.4249267578125
2026-06-25T20:04:01.490019+00:00,spot_11,Spot 11,Empty,2026-06-25T20:04:01.490019+00:00,,,,,,,,
2026-06-25T20:04:01.490019+00:00,spot_12,Spot 12,Occupied,2026-06-25T20:03:05.570177+00:00,793,truck,0.6037746071815491,515,73.50836181640625,316.22357177734375,131.04257202148438,340.9022216796875
2026-06-25T20:04:01.490019+00:00,spot_13,Spot 13,Empty,2026-06-25T19:45:53.178862+00:00,,,,,,,,
2026-06-25T20:04:01.490019+00:00,spot_14,Spot 14,Empty,2026-06-25T19:21:22.914543+00:00,,,,,,,,
2026-06-25T20:04:01.490019+00:00,spot_15,Spot 15,Empty,2026-06-25T19:55:52.240793+00:00,,,,,,,,
2026-06-25T20:04:01.490019+00:00,spot_16,Spot 16,Occupied,2026-06-25T20:03:05.570177+00:00,803,car,0.5022029876708984,56,21.470172882080078,314.0553894042969,45.44514083862305,330.0870666503906
2026-06-25T20:04:01.490019+00:00,spot_17,Spot 17,Empty,2026-06-25T18:08:23.061954+00:00,,,,,,,,
2026-06-25T20:04:54.575359+00:00,spot_1,Spot 1,Occupied,2026-06-25T19:59:51.783029+00:00,790,car,0.7343889474868774,569,567.0863647460938,314.5958251953125,610.5077514648438,369.35784912109375
2026-06-25T20:04:54.575359+00:00,spot_2,Spot 2,Empty,2026-06-25T18:46:41.669829+00:00,,,,,,,,
2026-06-25T20:04:54.575359+00:00,spot_3,Spot 3,Occupied,2026-06-25T19:57:58.390538+00:00,795,truck,0.6528007984161377,569,449.37396240234375,319.3905029296875,500.19049072265625,368.5089111328125
2026-06-25T20:04:54.575359+00:00,spot_4,Spot 4,Empty,2026-06-25T19:58:52.150905+00:00,,,,,,,,
2026-06-25T20:04:54.575359+00:00,spot_5,Spot 5,Empty,2026-06-25T19:52:58.805889+00:00,,,,,,,,
2026-06-25T20:04:54.575359+00:00,spot_6,Spot 6,Empty,2026-06-25T19:30:25.322185+00:00,,,,,,,,
2026-06-25T20:04:54.575359+00:00,spot_7,Spot 7,Empty,2026-06-25T19:30:25.322185+00:00,,,,,,,,
2026-06-25T20:04:54.575359+00:00,spot_8,Spot 8,Occupied,2026-06-25T19:58:52.150905+00:00,789,car,0.7979040145874023,569,207.7568359375,323.248046875,276.45709228515625,357.55560302734375
2026-06-25T20:04:54.575359+00:00,spot_9,Spot 9,Occupied,2026-06-25T19:54:58.946745+00:00,797,car,0.6242863535881042,569,153.35745239257812,323.4692687988281,192.80178833007812,350.4593200683594
2026-06-25T20:04:54.575359+00:00,spot_10,Spot 10,Occupied,2026-06-25T20:04:01.490019+00:00,792,car,0.7090480923652649,569,125.69631958007812,319.852783203125,176.40704345703125,347.4249267578125
2026-06-25T20:04:54.575359+00:00,spot_11,Spot 11,Empty,2026-06-25T20:04:01.490019+00:00,,,,,,,,
2026-06-25T20:04:54.575359+00:00,spot_12,Spot 12,Occupied,2026-06-25T20:03:05.570177+00:00,793,truck,0.6037746071815491,569,73.50836181640625,316.22357177734375,131.04257202148438,340.9022216796875
2026-06-25T20:04:54.575359+00:00,spot_13,Spot 13,Empty,2026-06-25T19:45:53.178862+00:00,,,,,,,,
2026-06-25T20:04:54.575359+00:00,spot_14,Spot 14,Empty,2026-06-25T19:21:22.914543+00:00,,,,,,,,
2026-06-25T20:04:54.575359+00:00,spot_15,Spot 15,Empty,2026-06-25T19:55:52.240793+00:00,,,,,,,,
2026-06-25T20:04:54.575359+00:00,spot_16,Spot 16,Occupied,2026-06-25T20:03:05.570177+00:00,803,car,0.5022029876708984,110,21.470172882080078,314.0553894042969,45.44514083862305,330.0870666503906
2026-06-25T20:04:54.575359+00:00,spot_17,Spot 17,Empty,2026-06-25T18:08:23.061954+00:00,,,,,,,,
2026-06-25T20:05:56.745804+00:00,spot_1,Spot 1,Occupied,2026-06-25T19:59:51.783029+00:00,790,car,0.8197247982025146,629,566.9097900390625,312.78985595703125,610.1622314453125,367.73968505859375
2026-06-25T20:05:56.745804+00:00,spot_2,Spot 2,Empty,2026-06-25T18:46:41.669829+00:00,,,,,,,,
2026-06-25T20:05:56.745804+00:00,spot_3,Spot 3,Occupied,2026-06-25T19:57:58.390538+00:00,795,truck,0.42772188782691956,629,449.468505859375,320.58642578125,498.652587890625,368.7572021484375
2026-06-25T20:05:56.745804+00:00,spot_4,Spot 4,Empty,2026-06-25T19:58:52.150905+00:00,,,,,,,,
2026-06-25T20:05:56.745804+00:00,spot_5,Spot 5,Empty,2026-06-25T19:52:58.805889+00:00,,,,,,,,
2026-06-25T20:05:56.745804+00:00,spot_6,Spot 6,Empty,2026-06-25T19:30:25.322185+00:00,,,,,,,,
2026-06-25T20:05:56.745804+00:00,spot_7,Spot 7,Empty,2026-06-25T19:30:25.322185+00:00,,,,,,,,
2026-06-25T20:05:56.745804+00:00,spot_8,Spot 8,Occupied,2026-06-25T19:58:52.150905+00:00,789,car,0.7950334548950195,629,208.123046875,320.49267578125,275.34283447265625,358.05792236328125
2026-06-25T20:05:56.745804+00:00,spot_9,Spot 9,Occupied,2026-06-25T19:54:58.946745+00:00,797,car,0.525464653968811,629,156.7248077392578,323.82080078125,191.8605499267578,350.302001953125
2026-06-25T20:05:56.745804+00:00,spot_10,Spot 10,Occupied,2026-06-25T20:04:01.490019+00:00,792,car,0.7944561243057251,629,125.60346984863281,319.7505187988281,176.39695739746094,347.4977111816406
2026-06-25T20:05:56.745804+00:00,spot_11,Spot 11,Empty,2026-06-25T20:04:01.490019+00:00,,,,,,,,
2026-06-25T20:05:56.745804+00:00,spot_12,Spot 12,Occupied,2026-06-25T20:03:05.570177+00:00,793,truck,0.47455698251724243,629,73.258056640625,315.91455078125,131.4049072265625,341.3546142578125
2026-06-25T20:05:56.745804+00:00,spot_13,Spot 13,Empty,2026-06-25T19:45:53.178862+00:00,,,,,,,,
2026-06-25T20:05:56.745804+00:00,spot_14,Spot 14,Empty,2026-06-25T19:21:22.914543+00:00,,,,,,,,
2026-06-25T20:05:56.745804+00:00,spot_15,Spot 15,Occupied,2026-06-25T20:05:56.745804+00:00,806,car,0.4010870158672333,0,30.80815887451172,312.5814514160156,74.68620300292969,335.8188781738281
2026-06-25T20:05:56.745804+00:00,spot_16,Spot 16,Occupied,2026-06-25T20:03:05.570177+00:00,803,car,0.5615012645721436,170,22.563560485839844,313.713623046875,47.411903381347656,330.2178955078125
2026-06-25T20:05:56.745804+00:00,spot_17,Spot 17,Empty,2026-06-25T18:08:23.061954+00:00,,,,,,,,
2026-06-25T20:06:50.049428+00:00,spot_1,Spot 1,Occupied,2026-06-25T19:59:51.783029+00:00,790,car,0.7970870733261108,680,566.4598388671875,305.68548583984375,610.2154541015625,369.97064208984375
2026-06-25T20:06:50.049428+00:00,spot_2,Spot 2,Empty,2026-06-25T18:46:41.669829+00:00,,,,,,,,
2026-06-25T20:06:50.049428+00:00,spot_3,Spot 3,Occupied,2026-06-25T19:57:58.390538+00:00,795,truck,0.4995611011981964,680,449.1231689453125,320.62713623046875,498.5008544921875,368.95172119140625
2026-06-25T20:06:50.049428+00:00,spot_4,Spot 4,Empty,2026-06-25T19:58:52.150905+00:00,,,,,,,,
2026-06-25T20:06:50.049428+00:00,spot_5,Spot 5,Empty,2026-06-25T19:52:58.805889+00:00,,,,,,,,
2026-06-25T20:06:50.049428+00:00,spot_6,Spot 6,Empty,2026-06-25T19:30:25.322185+00:00,,,,,,,,
2026-06-25T20:06:50.049428+00:00,spot_7,Spot 7,Empty,2026-06-25T19:30:25.322185+00:00,,,,,,,,
2026-06-25T20:06:50.049428+00:00,spot_8,Spot 8,Occupied,2026-06-25T19:58:52.150905+00:00,789,car,0.8346383571624756,680,207.5740966796875,324.24652099609375,275.7131042480469,357.7703857421875
2026-06-25T20:06:50.049428+00:00,spot_9,Spot 9,Occupied,2026-06-25T19:54:58.946745+00:00,797,car,0.3717440366744995,680,157.97698974609375,324.34710693359375,191.390380859375,350.55999755859375
2026-06-25T20:06:50.049428+00:00,spot_10,Spot 10,Occupied,2026-06-25T20:04:01.490019+00:00,792,car,0.7934312224388123,680,125.47676849365234,320.165283203125,174.90139770507812,347.85406494140625
2026-06-25T20:06:50.049428+00:00,spot_11,Spot 11,Empty,2026-06-25T20:04:01.490019+00:00,,,,,,,,
2026-06-25T20:06:50.049428+00:00,spot_12,Spot 12,Occupied,2026-06-25T20:03:05.570177+00:00,793,truck,0.5188376307487488,680,70.81251525878906,316.50732421875,130.77142333984375,342.0814208984375
2026-06-25T20:06:50.049428+00:00,spot_13,Spot 13,Empty,2026-06-25T19:45:53.178862+00:00,,,,,,,,
2026-06-25T20:06:50.049428+00:00,spot_14,Spot 14,Empty,2026-06-25T19:21:22.914543+00:00,,,,,,,,
2026-06-25T20:06:50.049428+00:00,spot_15,Spot 15,Occupied,2026-06-25T20:05:56.745804+00:00,806,car,0.37718507647514343,51,30.796232223510742,313.05303955078125,77.39414978027344,336.33062744140625
2026-06-25T20:06:50.049428+00:00,spot_16,Spot 16,Occupied,2026-06-25T20:03:05.570177+00:00,803,car,0.48453962802886963,221,21.383729934692383,313.4385070800781,47.59986877441406,330.4407653808594
2026-06-25T20:06:50.049428+00:00,spot_17,Spot 17,Empty,2026-06-25T18:08:23.061954+00:00,,,,,,,,
2026-06-25T20:07:40.627659+00:00,spot_1,Spot 1,Occupied,2026-06-25T19:59:51.783029+00:00,790,car,0.7930958867073059,730,566.3705444335938,317.6287536621094,609.7742309570312,367.9049377441406
2026-06-25T20:07:40.627659+00:00,spot_2,Spot 2,Empty,2026-06-25T18:46:41.669829+00:00,,,,,,,,
2026-06-25T20:07:40.627659+00:00,spot_3,Spot 3,Occupied,2026-06-25T19:57:58.390538+00:00,795,truck,0.5003576278686523,730,449.0889892578125,320.31512451171875,498.3062744140625,369.17657470703125
2026-06-25T20:07:40.627659+00:00,spot_4,Spot 4,Empty,2026-06-25T19:58:52.150905+00:00,,,,,,,,
2026-06-25T20:07:40.627659+00:00,spot_5,Spot 5,Empty,2026-06-25T19:52:58.805889+00:00,,,,,,,,
2026-06-25T20:07:40.627659+00:00,spot_6,Spot 6,Empty,2026-06-25T19:30:25.322185+00:00,,,,,,,,
2026-06-25T20:07:40.627659+00:00,spot_7,Spot 7,Empty,2026-06-25T19:30:25.322185+00:00,,,,,,,,
2026-06-25T20:07:40.627659+00:00,spot_8,Spot 8,Occupied,2026-06-25T19:58:52.150905+00:00,789,car,0.8338195085525513,730,208.01190185546875,321.9976806640625,274.61065673828125,357.56011962890625
2026-06-25T20:07:40.627659+00:00,spot_9,Spot 9,Occupied,2026-06-25T20:07:40.627659+00:00,794,car,0.6238344311714172,730,188.541748046875,327.34967041015625,216.15179443359375,352.5914306640625
2026-06-25T20:07:40.627659+00:00,spot_10,Spot 10,Occupied,2026-06-25T20:04:01.490019+00:00,792,car,0.6517413258552551,730,125.01956176757812,320.2674560546875,177.78390502929688,347.8944091796875
2026-06-25T20:07:40.627659+00:00,spot_11,Spot 11,Occupied,2026-06-25T20:07:40.627659+00:00,797,car,0.5455564260482788,730,152.05255126953125,323.71826171875,191.69192504882812,350.7491455078125
2026-06-25T20:07:40.627659+00:00,spot_12,Spot 12,Occupied,2026-06-25T20:03:05.570177+00:00,793,truck,0.6303011775016785,730,71.53895568847656,316.3380432128906,130.9975128173828,341.5838928222656
2026-06-25T20:07:40.627659+00:00,spot_13,Spot 13,Empty,2026-06-25T19:45:53.178862+00:00,,,,,,,,
2026-06-25T20:07:40.627659+00:00,spot_14,Spot 14,Empty,2026-06-25T19:21:22.914543+00:00,,,,,,,,
2026-06-25T20:07:40.627659+00:00,spot_15,Spot 15,Occupied,2026-06-25T20:05:56.745804+00:00,806,car,0.3935825824737549,100,30.691774368286133,313.52960205078125,77.22862243652344,336.43743896484375
2026-06-25T20:07:40.627659+00:00,spot_16,Spot 16,Occupied,2026-06-25T20:03:05.570177+00:00,803,car,0.624408483505249,271,21.5253963470459,313.8837890625,47.28559112548828,330.47509765625
2026-06-25T20:07:40.627659+00:00,spot_17,Spot 17,Empty,2026-06-25T18:08:23.061954+00:00,,,,,,,,
2026-06-25T20:08:32.308188+00:00,spot_1,Spot 1,Occupied,2026-06-25T20:08:32.308188+00:00,807,truck,0.4492991864681244,0,559.4234619140625,287.5841064453125,610.7440185546875,372.793212890625
2026-06-25T20:08:32.308188+00:00,spot_2,Spot 2,Empty,2026-06-25T18:46:41.669829+00:00,,,,,,,,
2026-06-25T20:08:32.308188+00:00,spot_3,Spot 3,Occupied,2026-06-25T20:08:32.308188+00:00,804,car,0.7170087695121765,151,448.7823486328125,320.2037048339844,498.509521484375,369.0021057128906
2026-06-25T20:08:32.308188+00:00,spot_4,Spot 4,Empty,2026-06-25T19:58:52.150905+00:00,,,,,,,,
2026-06-25T20:08:32.308188+00:00,spot_5,Spot 5,Empty,2026-06-25T19:52:58.805889+00:00,,,,,,,,
2026-06-25T20:08:32.308188+00:00,spot_6,Spot 6,Empty,2026-06-25T19:30:25.322185+00:00,,,,,,,,
2026-06-25T20:08:32.308188+00:00,spot_7,Spot 7,Empty,2026-06-25T19:30:25.322185+00:00,,,,,,,,
2026-06-25T20:08:32.308188+00:00,spot_8,Spot 8,Occupied,2026-06-25T19:58:52.150905+00:00,789,car,0.7851240634918213,781,207.51712036132812,319.4764404296875,276.049072265625,357.7747802734375
2026-06-25T20:08:32.308188+00:00,spot_9,Spot 9,Occupied,2026-06-25T20:08:32.308188+00:00,797,car,0.3816581070423126,781,157.25747680664062,324.160400390625,192.86691284179688,350.325439453125
2026-06-25T20:08:32.308188+00:00,spot_10,Spot 10,Occupied,2026-06-25T20:04:01.490019+00:00,792,car,0.549610435962677,781,125.37944793701172,320.3672790527344,177.18182373046875,347.7275695800781
2026-06-25T20:08:32.308188+00:00,spot_11,Spot 11,Empty,2026-06-25T20:08:32.308188+00:00,,,,,,,,
2026-06-25T20:08:32.308188+00:00,spot_12,Spot 12,Occupied,2026-06-25T20:08:32.308188+00:00,805,car,0.4988102614879608,151,73.44380187988281,316.011962890625,130.78343200683594,341.46441650390625
2026-06-25T20:08:32.308188+00:00,spot_13,Spot 13,Empty,2026-06-25T19:45:53.178862+00:00,,,,,,,,
2026-06-25T20:08:32.308188+00:00,spot_14,Spot 14,Empty,2026-06-25T19:21:22.914543+00:00,,,,,,,,
2026-06-25T20:08:32.308188+00:00,spot_15,Spot 15,Empty,2026-06-25T20:08:32.308188+00:00,,,,,,,,
2026-06-25T20:08:32.308188+00:00,spot_16,Spot 16,Occupied,2026-06-25T20:03:05.570177+00:00,803,car,0.40619128942489624,322,22.03624725341797,314.33294677734375,41.01139831542969,330.59716796875
2026-06-25T20:08:32.308188+00:00,spot_17,Spot 17,Empty,2026-06-25T18:08:23.061954+00:00,,,,,,,,
2026-06-25T20:09:20.413261+00:00,spot_1,Spot 1,Occupied,2026-06-25T20:09:20.413261+00:00,790,car,0.6964355707168579,834,564.6541748046875,306.3388671875,610.1197509765625,371.5858154296875
2026-06-25T20:09:20.413261+00:00,spot_2,Spot 2,Empty,2026-06-25T18:46:41.669829+00:00,,,,,,,,
2026-06-25T20:09:20.413261+00:00,spot_3,Spot 3,Occupied,2026-06-25T20:09:20.413261+00:00,795,truck,0.6816141605377197,834,449.16748046875,319.62884521484375,500.177490234375,368.44561767578125
2026-06-25T20:09:20.413261+00:00,spot_4,Spot 4,Empty,2026-06-25T19:58:52.150905+00:00,,,,,,,,
2026-06-25T20:09:20.413261+00:00,spot_5,Spot 5,Empty,2026-06-25T19:52:58.805889+00:00,,,,,,,,
2026-06-25T20:09:20.413261+00:00,spot_6,Spot 6,Empty,2026-06-25T19:30:25.322185+00:00,,,,,,,,
2026-06-25T20:09:20.413261+00:00,spot_7,Spot 7,Empty,2026-06-25T19:30:25.322185+00:00,,,,,,,,
2026-06-25T20:09:20.413261+00:00,spot_8,Spot 8,Occupied,2026-06-25T19:58:52.150905+00:00,789,car,0.7679994106292725,834,207.82891845703125,322.2567138671875,275.09234619140625,358.0284423828125
2026-06-25T20:09:20.413261+00:00,spot_9,Spot 9,Occupied,2026-06-25T20:09:20.413261+00:00,794,car,0.44123566150665283,834,189.597412109375,326.1742858886719,223.9708251953125,352.7054138183594
2026-06-25T20:09:20.413261+00:00,spot_10,Spot 10,Occupied,2026-06-25T20:04:01.490019+00:00,792,car,0.5736377835273743,834,125.4232177734375,320.80780029296875,176.94961547851562,347.450439453125
2026-06-25T20:09:20.413261+00:00,spot_11,Spot 11,Empty,2026-06-25T20:08:32.308188+00:00,,,,,,,,
2026-06-25T20:09:20.413261+00:00,spot_12,Spot 12,Occupied,2026-06-25T20:08:32.308188+00:00,805,car,0.4471929371356964,204,73.09648132324219,316.21136474609375,131.19093322753906,341.23101806640625
2026-06-25T20:09:20.413261+00:00,spot_13,Spot 13,Empty,2026-06-25T19:45:53.178862+00:00,,,,,,,,
2026-06-25T20:09:20.413261+00:00,spot_14,Spot 14,Empty,2026-06-25T19:21:22.914543+00:00,,,,,,,,
2026-06-25T20:09:20.413261+00:00,spot_15,Spot 15,Empty,2026-06-25T20:08:32.308188+00:00,,,,,,,,
2026-06-25T20:09:20.413261+00:00,spot_16,Spot 16,Occupied,2026-06-25T20:03:05.570177+00:00,803,car,0.4505060017108917,375,21.703105926513672,314.09381103515625,41.20155334472656,330.44097900390625
2026-06-25T20:09:20.413261+00:00,spot_17,Spot 17,Empty,2026-06-25T18:08:23.061954+00:00,,,,,,,,
2026-06-25T20:10:17.838277+00:00,spot_1,Spot 1,Occupied,2026-06-25T20:09:20.413261+00:00,790,car,0.7780570387840271,889,566.9622802734375,315.69122314453125,610.3599853515625,367.24176025390625
2026-06-25T20:10:17.838277+00:00,spot_2,Spot 2,Empty,2026-06-25T18:46:41.669829+00:00,,,,,,,,
2026-06-25T20:10:17.838277+00:00,spot_3,Spot 3,Occupied,2026-06-25T20:09:20.413261+00:00,795,truck,0.7003883719444275,889,448.8193359375,320.2564697265625,498.5992431640625,369.0616455078125
2026-06-25T20:10:17.838277+00:00,spot_4,Spot 4,Empty,2026-06-25T19:58:52.150905+00:00,,,,,,,,
2026-06-25T20:10:17.838277+00:00,spot_5,Spot 5,Empty,2026-06-25T19:52:58.805889+00:00,,,,,,,,
2026-06-25T20:10:17.838277+00:00,spot_6,Spot 6,Empty,2026-06-25T19:30:25.322185+00:00,,,,,,,,
2026-06-25T20:10:17.838277+00:00,spot_7,Spot 7,Empty,2026-06-25T19:30:25.322185+00:00,,,,,,,,
2026-06-25T20:10:17.838277+00:00,spot_8,Spot 8,Occupied,2026-06-25T19:58:52.150905+00:00,789,car,0.8414389491081238,889,207.7177734375,324.0854187011719,274.939208984375,357.7540588378906
2026-06-25T20:10:17.838277+00:00,spot_9,Spot 9,Occupied,2026-06-25T20:09:20.413261+00:00,794,car,0.48603203892707825,889,190.34512329101562,327.96966552734375,212.10403442382812,352.68170166015625
2026-06-25T20:10:17.838277+00:00,spot_10,Spot 10,Occupied,2026-06-25T20:10:17.838277+00:00,797,car,0.7236521244049072,889,155.18756103515625,321.7808837890625,191.8887939453125,350.6175537109375
2026-06-25T20:10:17.838277+00:00,spot_11,Spot 11,Occupied,2026-06-25T20:10:17.838277+00:00,792,car,0.8171842694282532,889,125.8277587890625,319.819580078125,174.19247436523438,347.365234375
2026-06-25T20:10:17.838277+00:00,spot_12,Spot 12,Occupied,2026-06-25T20:10:17.838277+00:00,793,truck,0.5695134401321411,889,71.76742553710938,316.22052001953125,130.81117248535156,341.93841552734375
2026-06-25T20:10:17.838277+00:00,spot_13,Spot 13,Empty,2026-06-25T19:45:53.178862+00:00,,,,,,,,
2026-06-25T20:10:17.838277+00:00,spot_14,Spot 14,Empty,2026-06-25T19:21:22.914543+00:00,,,,,,,,
2026-06-25T20:10:17.838277+00:00,spot_15,Spot 15,Occupied,2026-06-25T20:10:17.838277+00:00,808,truck,0.3775491714477539,0,30.860334396362305,312.677490234375,78.54124450683594,335.9580078125
2026-06-25T20:10:17.838277+00:00,spot_16,Spot 16,Occupied,2026-06-25T20:03:05.570177+00:00,803,car,0.6433984041213989,430,22.168445587158203,313.77886962890625,47.08822250366211,329.8988037109375
2026-06-25T20:10:17.838277+00:00,spot_17,Spot 17,Empty,2026-06-25T18:08:23.061954+00:00,,,,,,,,
2026-06-25T20:10:52.413783+00:00,spot_1,Spot 1,Occupied,2026-06-25T20:10:52.413783+00:00,800,car,0.7780570387840271,0,566.9622802734375,315.69122314453125,610.3599853515625,367.24176025390625
2026-06-25T20:10:52.413783+00:00,spot_2,Spot 2,Empty,2026-06-25T18:46:41.669829+00:00,,,,,,,,
2026-06-25T20:10:52.413783+00:00,spot_3,Spot 3,Occupied,2026-06-25T20:10:52.413783+00:00,802,truck,0.7003883719444275,0,448.8193359375,320.2564697265625,498.5992431640625,369.0616455078125
2026-06-25T20:10:52.413783+00:00,spot_4,Spot 4,Empty,2026-06-25T19:58:52.150905+00:00,,,,,,,,
2026-06-25T20:10:52.413783+00:00,spot_5,Spot 5,Empty,2026-06-25T19:52:58.805889+00:00,,,,,,,,
2026-06-25T20:10:52.413783+00:00,spot_6,Spot 6,Empty,2026-06-25T19:30:25.322185+00:00,,,,,,,,
2026-06-25T20:10:52.413783+00:00,spot_7,Spot 7,Empty,2026-06-25T19:30:25.322185+00:00,,,,,,,,
2026-06-25T20:10:52.413783+00:00,spot_8,Spot 8,Occupied,2026-06-25T20:10:52.413783+00:00,798,car,0.8414389491081238,0,207.7177734375,324.0854187011719,274.939208984375,357.7540588378906
2026-06-25T20:10:52.413783+00:00,spot_9,Spot 9,Occupied,2026-06-25T20:10:52.413783+00:00,805,car,0.48603203892707825,0,190.34512329101562,327.96966552734375,212.10403442382812,352.68170166015625
2026-06-25T20:10:52.413783+00:00,spot_10,Spot 10,Occupied,2026-06-25T20:10:52.413783+00:00,801,car,0.7236521244049072,0,155.18756103515625,321.7808837890625,191.8887939453125,350.6175537109375
2026-06-25T20:10:52.413783+00:00,spot_11,Spot 11,Occupied,2026-06-25T20:10:52.413783+00:00,799,car,0.8171842694282532,0,125.8277587890625,319.819580078125,174.19247436523438,347.365234375
2026-06-25T20:10:52.413783+00:00,spot_12,Spot 12,Occupied,2026-06-25T20:10:52.413783+00:00,804,truck,0.5695134401321411,0,71.76742553710938,316.22052001953125,130.81117248535156,341.93841552734375
2026-06-25T20:10:52.413783+00:00,spot_13,Spot 13,Empty,2026-06-25T19:45:53.178862+00:00,,,,,,,,
2026-06-25T20:10:52.413783+00:00,spot_14,Spot 14,Empty,2026-06-25T19:21:22.914543+00:00,,,,,,,,
2026-06-25T20:10:52.413783+00:00,spot_15,Spot 15,Occupied,2026-06-25T20:10:52.413783+00:00,806,truck,0.3775491714477539,0,30.860334396362305,312.677490234375,78.54124450683594,335.9580078125
2026-06-25T20:10:52.413783+00:00,spot_16,Spot 16,Occupied,2026-06-25T20:03:05.570177+00:00,803,car,0.6433984041213989,0,22.168445587158203,313.77886962890625,47.08822250366211,329.8988037109375
2026-06-25T20:10:52.413783+00:00,spot_17,Spot 17,Empty,2026-06-25T18:08:23.061954+00:00,,,,,,,,
2026-06-25T20:11:35.081306+00:00,spot_1,Spot 1,Occupied,2026-06-25T20:10:52.413783+00:00,800,car,0.49169352650642395,35,564.7481689453125,304.2940673828125,609.4913330078125,372.6080322265625
2026-06-25T20:11:35.081306+00:00,spot_2,Spot 2,Empty,2026-06-25T18:46:41.669829+00:00,,,,,,,,
2026-06-25T20:11:35.081306+00:00,spot_3,Spot 3,Occupied,2026-06-25T20:10:52.413783+00:00,802,truck,0.6599440574645996,35,447.6334228515625,320.10009765625,498.3841552734375,368.1571044921875
2026-06-25T20:11:35.081306+00:00,spot_4,Spot 4,Empty,2026-06-25T19:58:52.150905+00:00,,,,,,,,
2026-06-25T20:11:35.081306+00:00,spot_5,Spot 5,Empty,2026-06-25T19:52:58.805889+00:00,,,,,,,,
2026-06-25T20:11:35.081306+00:00,spot_6,Spot 6,Empty,2026-06-25T19:30:25.322185+00:00,,,,,,,,
2026-06-25T20:11:35.081306+00:00,spot_7,Spot 7,Empty,2026-06-25T19:30:25.322185+00:00,,,,,,,,
2026-06-25T20:11:35.081306+00:00,spot_8,Spot 8,Occupied,2026-06-25T20:10:52.413783+00:00,798,car,0.7840189933776855,35,207.3701171875,319.237548828125,274.47601318359375,357.883056640625
2026-06-25T20:11:35.081306+00:00,spot_9,Spot 9,Occupied,2026-06-25T20:11:35.081306+00:00,801,car,0.3605761229991913,35,156.11480712890625,325.57672119140625,194.1195068359375,350.54412841796875
2026-06-25T20:11:35.081306+00:00,spot_10,Spot 10,Occupied,2026-06-25T20:11:35.081306+00:00,799,car,0.501192569732666,35,125.60847473144531,320.46502685546875,176.40992736816406,347.38818359375
2026-06-25T20:11:35.081306+00:00,spot_11,Spot 11,Empty,2026-06-25T20:11:35.081306+00:00,,,,,,,,
2026-06-25T20:11:35.081306+00:00,spot_12,Spot 12,Occupied,2026-06-25T20:10:52.413783+00:00,804,truck,0.7702356576919556,35,73.90626525878906,316.31201171875,130.97293090820312,341.483642578125
2026-06-25T20:11:35.081306+00:00,spot_13,Spot 13,Empty,2026-06-25T19:45:53.178862+00:00,,,,,,,,
2026-06-25T20:11:35.081306+00:00,spot_14,Spot 14,Empty,2026-06-25T19:21:22.914543+00:00,,,,,,,,
2026-06-25T20:11:35.081306+00:00,spot_15,Spot 15,Empty,2026-06-25T20:11:35.081306+00:00,,,,,,,,
2026-06-25T20:11:35.081306+00:00,spot_16,Spot 16,Empty,2026-06-25T20:11:35.081306+00:00,,,,,,,,
2026-06-25T20:11:35.081306+00:00,spot_17,Spot 17,Empty,2026-06-25T18:08:23.061954+00:00,,,,,,,,
2026-06-25T20:12:50.638594+00:00,spot_1,Spot 1,Occupied,2026-06-25T20:10:52.413783+00:00,800,car,0.6970366835594177,121,566.6683349609375,319.59527587890625,609.790771484375,369.25982666015625
2026-06-25T20:12:50.638594+00:00,spot_2,Spot 2,Empty,2026-06-25T18:46:41.669829+00:00,,,,,,,,
2026-06-25T20:12:50.638594+00:00,spot_3,Spot 3,Occupied,2026-06-25T20:10:52.413783+00:00,802,truck,0.7779939770698547,121,448.759033203125,320.26702880859375,499.13031005859375,369.15411376953125
2026-06-25T20:12:50.638594+00:00,spot_4,Spot 4,Empty,2026-06-25T19:58:52.150905+00:00,,,,,,,,
2026-06-25T20:12:50.638594+00:00,spot_5,Spot 5,Empty,2026-06-25T19:52:58.805889+00:00,,,,,,,,
2026-06-25T20:12:50.638594+00:00,spot_6,Spot 6,Empty,2026-06-25T19:30:25.322185+00:00,,,,,,,,
2026-06-25T20:12:50.638594+00:00,spot_7,Spot 7,Empty,2026-06-25T19:30:25.322185+00:00,,,,,,,,
2026-06-25T20:12:50.638594+00:00,spot_8,Spot 8,Occupied,2026-06-25T20:10:52.413783+00:00,798,car,0.6606582999229431,121,207.83969116210938,323.8265075683594,274.09075927734375,357.4416198730469
2026-06-25T20:12:50.638594+00:00,spot_9,Spot 9,Occupied,2026-06-25T20:12:50.638594+00:00,805,car,0.594230055809021,121,187.55264282226562,326.8376770019531,222.90966796875,352.8169250488281
2026-06-25T20:12:50.638594+00:00,spot_10,Spot 10,Occupied,2026-06-25T20:12:50.638594+00:00,801,car,0.6216654181480408,121,154.28506469726562,323.5486145019531,192.74673461914062,350.5337219238281
2026-06-25T20:12:50.638594+00:00,spot_11,Spot 11,Occupied,2026-06-25T20:12:50.638594+00:00,799,car,0.6306474208831787,121,125.24015808105469,320.36077880859375,174.07188415527344,347.65399169921875
2026-06-25T20:12:50.638594+00:00,spot_12,Spot 12,Occupied,2026-06-25T20:10:52.413783+00:00,804,truck,0.731874406337738,121,73.71014404296875,316.4639892578125,130.83885192871094,341.1640625
2026-06-25T20:12:50.638594+00:00,spot_13,Spot 13,Empty,2026-06-25T19:45:53.178862+00:00,,,,,,,,
2026-06-25T20:12:50.638594+00:00,spot_14,Spot 14,Empty,2026-06-25T19:21:22.914543+00:00,,,,,,,,
2026-06-25T20:12:50.638594+00:00,spot_15,Spot 15,Empty,2026-06-25T20:11:35.081306+00:00,,,,,,,,
2026-06-25T20:12:50.638594+00:00,spot_16,Spot 16,Occupied,2026-06-25T20:12:50.638594+00:00,803,car,0.45533743500709534,121,21.254899978637695,314.3277282714844,43.865142822265625,330.1498718261719
2026-06-25T20:12:50.638594+00:00,spot_17,Spot 17,Empty,2026-06-25T18:08:23.061954+00:00,,,,,,,,
2026-06-25T20:13:11.274932+00:00,spot_1,Spot 1,Occupied,2026-06-25T20:10:52.413783+00:00,800,car,0.6970366835594177,137,566.6683349609375,319.59527587890625,609.790771484375,369.25982666015625
2026-06-25T20:13:11.274932+00:00,spot_2,Spot 2,Empty,2026-06-25T18:46:41.669829+00:00,,,,,,,,
2026-06-25T20:13:11.274932+00:00,spot_3,Spot 3,Occupied,2026-06-25T20:10:52.413783+00:00,802,truck,0.7779939770698547,137,448.759033203125,320.26702880859375,499.13031005859375,369.15411376953125
2026-06-25T20:13:11.274932+00:00,spot_4,Spot 4,Empty,2026-06-25T19:58:52.150905+00:00,,,,,,,,
2026-06-25T20:13:11.274932+00:00,spot_5,Spot 5,Empty,2026-06-25T19:52:58.805889+00:00,,,,,,,,
2026-06-25T20:13:11.274932+00:00,spot_6,Spot 6,Empty,2026-06-25T19:30:25.322185+00:00,,,,,,,,
2026-06-25T20:13:11.274932+00:00,spot_7,Spot 7,Empty,2026-06-25T19:30:25.322185+00:00,,,,,,,,
2026-06-25T20:13:11.274932+00:00,spot_8,Spot 8,Occupied,2026-06-25T20:10:52.413783+00:00,798,car,0.6606582999229431,137,207.83969116210938,323.8265075683594,274.09075927734375,357.4416198730469
2026-06-25T20:13:11.274932+00:00,spot_9,Spot 9,Occupied,2026-06-25T20:13:11.274932+00:00,805,car,0.594230055809021,137,187.55264282226562,326.8376770019531,222.90966796875,352.8169250488281
2026-06-25T20:13:11.274932+00:00,spot_10,Spot 10,Occupied,2026-06-25T20:13:11.274932+00:00,801,car,0.6216654181480408,137,154.28506469726562,323.5486145019531,192.74673461914062,350.5337219238281
2026-06-25T20:13:11.274932+00:00,spot_11,Spot 11,Occupied,2026-06-25T20:13:11.274932+00:00,799,car,0.6306474208831787,137,125.24015808105469,320.36077880859375,174.07188415527344,347.65399169921875
2026-06-25T20:13:11.274932+00:00,spot_12,Spot 12,Occupied,2026-06-25T20:10:52.413783+00:00,804,truck,0.731874406337738,137,73.71014404296875,316.4639892578125,130.83885192871094,341.1640625
2026-06-25T20:13:11.274932+00:00,spot_13,Spot 13,Empty,2026-06-25T19:45:53.178862+00:00,,,,,,,,
2026-06-25T20:13:11.274932+00:00,spot_14,Spot 14,Empty,2026-06-25T19:21:22.914543+00:00,,,,,,,,
2026-06-25T20:13:11.274932+00:00,spot_15,Spot 15,Empty,2026-06-25T20:11:35.081306+00:00,,,,,,,,
2026-06-25T20:13:11.274932+00:00,spot_16,Spot 16,Occupied,2026-06-25T20:13:11.274932+00:00,803,car,0.45533743500709534,137,21.254899978637695,314.3277282714844,43.865142822265625,330.1498718261719
2026-06-25T20:13:11.274932+00:00,spot_17,Spot 17,Empty,2026-06-25T18:08:23.061954+00:00,,,,,,,,
2026-06-25T20:13:55.876448+00:00,spot_1,Spot 1,Occupied,2026-06-25T20:10:52.413783+00:00,800,car,0.5985131859779358,182,564.3946533203125,314.83502197265625,609.36669921875,372.30572509765625
2026-06-25T20:13:55.876448+00:00,spot_2,Spot 2,Empty,2026-06-25T18:46:41.669829+00:00,,,,,,,,
2026-06-25T20:13:55.876448+00:00,spot_3,Spot 3,Occupied,2026-06-25T20:10:52.413783+00:00,802,truck,0.5835028290748596,182,448.6072082519531,320.04888916015625,499.3240051269531,368.52056884765625
2026-06-25T20:13:55.876448+00:00,spot_4,Spot 4,Empty,2026-06-25T19:58:52.150905+00:00,,,,,,,,
2026-06-25T20:13:55.876448+00:00,spot_5,Spot 5,Empty,2026-06-25T19:52:58.805889+00:00,,,,,,,,
2026-06-25T20:13:55.876448+00:00,spot_6,Spot 6,Empty,2026-06-25T19:30:25.322185+00:00,,,,,,,,
2026-06-25T20:13:55.876448+00:00,spot_7,Spot 7,Empty,2026-06-25T19:30:25.322185+00:00,,,,,,,,
2026-06-25T20:13:55.876448+00:00,spot_8,Spot 8,Occupied,2026-06-25T20:10:52.413783+00:00,798,car,0.6099210977554321,182,207.77706909179688,322.7803955078125,275.43475341796875,357.4718017578125
2026-06-25T20:13:55.876448+00:00,spot_9,Spot 9,Occupied,2026-06-25T20:13:55.876448+00:00,809,car,0.3714649975299835,0,188.8482208251953,328.010009765625,211.96580505371094,352.510009765625
2026-06-25T20:13:55.876448+00:00,spot_10,Spot 10,Occupied,2026-06-25T20:13:55.876448+00:00,799,car,0.35784557461738586,182,125.96896362304688,320.58056640625,175.82479858398438,346.93377685546875
2026-06-25T20:13:55.876448+00:00,spot_11,Spot 11,Occupied,2026-06-25T20:13:55.876448+00:00,807,car,0.6053409576416016,0,126.08148193359375,323.6628112792969,158.30816650390625,346.7800598144531
2026-06-25T20:13:55.876448+00:00,spot_12,Spot 12,Occupied,2026-06-25T20:13:55.876448+00:00,808,car,0.5243021845817566,0,73.06015014648438,315.9458923339844,131.05526733398438,341.7333679199219
2026-06-25T20:13:55.876448+00:00,spot_13,Spot 13,Occupied,2026-06-25T20:13:55.876448+00:00,804,truck,0.5276210308074951,182,73.01104736328125,316.0830993652344,131.070068359375,341.6918029785156
2026-06-25T20:13:55.876448+00:00,spot_14,Spot 14,Empty,2026-06-25T19:21:22.914543+00:00,,,,,,,,
2026-06-25T20:13:55.876448+00:00,spot_15,Spot 15,Empty,2026-06-25T20:11:35.081306+00:00,,,,,,,,
2026-06-25T20:13:55.876448+00:00,spot_16,Spot 16,Occupied,2026-06-25T20:13:11.274932+00:00,803,car,0.48721539974212646,182,21.249584197998047,314.3760986328125,42.298561096191406,329.9527587890625
2026-06-25T20:13:55.876448+00:00,spot_17,Spot 17,Empty,2026-06-25T18:08:23.061954+00:00,,,,,,,,
2026-06-25T20:14:56.389176+00:00,spot_1,Spot 1,Occupied,2026-06-25T20:10:52.413783+00:00,800,car,0.6102484464645386,247,565.1979370117188,315.63372802734375,609.4744262695312,367.40765380859375
2026-06-25T20:14:56.389176+00:00,spot_2,Spot 2,Empty,2026-06-25T18:46:41.669829+00:00,,,,,,,,
2026-06-25T20:14:56.389176+00:00,spot_3,Spot 3,Occupied,2026-06-25T20:10:52.413783+00:00,802,truck,0.6481210589408875,247,449.063232421875,319.9209899902344,498.44775390625,367.8061828613281
2026-06-25T20:14:56.389176+00:00,spot_4,Spot 4,Empty,2026-06-25T19:58:52.150905+00:00,,,,,,,,
2026-06-25T20:14:56.389176+00:00,spot_5,Spot 5,Empty,2026-06-25T19:52:58.805889+00:00,,,,,,,,
2026-06-25T20:14:56.389176+00:00,spot_6,Spot 6,Empty,2026-06-25T19:30:25.322185+00:00,,,,,,,,
2026-06-25T20:14:56.389176+00:00,spot_7,Spot 7,Empty,2026-06-25T19:30:25.322185+00:00,,,,,,,,
2026-06-25T20:14:56.389176+00:00,spot_8,Spot 8,Occupied,2026-06-25T20:10:52.413783+00:00,798,car,0.635903000831604,247,207.44775390625,321.5582275390625,275.89111328125,357.085205078125
2026-06-25T20:14:56.389176+00:00,spot_9,Spot 9,Occupied,2026-06-25T20:13:55.876448+00:00,809,car,0.6602789163589478,64,187.52455139160156,328.19927978515625,210.94920349121094,352.60992431640625
2026-06-25T20:14:56.389176+00:00,spot_10,Spot 10,Occupied,2026-06-25T20:13:55.876448+00:00,799,car,0.6315996050834656,247,125.65595245361328,319.91497802734375,175.7879638671875,347.09271240234375
2026-06-25T20:14:56.389176+00:00,spot_11,Spot 11,Occupied,2026-06-25T20:14:56.389176+00:00,801,car,0.6371493935585022,247,157.3465576171875,323.24267578125,191.72109985351562,350.1319580078125
2026-06-25T20:14:56.389176+00:00,spot_12,Spot 12,Occupied,2026-06-25T20:14:56.389176+00:00,804,truck,0.4697818160057068,247,71.75730895996094,316.3075866699219,130.526611328125,341.2868957519531
2026-06-25T20:14:56.389176+00:00,spot_13,Spot 13,Empty,2026-06-25T20:14:56.389176+00:00,,,,,,,,
2026-06-25T20:14:56.389176+00:00,spot_14,Spot 14,Empty,2026-06-25T19:21:22.914543+00:00,,,,,,,,
2026-06-25T20:14:56.389176+00:00,spot_15,Spot 15,Occupied,2026-06-25T20:14:56.389176+00:00,810,truck,0.46193182468414307,0,30.795774459838867,312.7890625,78.21598815917969,334.72467041015625
2026-06-25T20:14:56.389176+00:00,spot_16,Spot 16,Occupied,2026-06-25T20:13:11.274932+00:00,803,car,0.5486548542976379,247,21.492116928100586,313.32403564453125,46.69322967529297,330.23309326171875
2026-06-25T20:14:56.389176+00:00,spot_17,Spot 17,Empty,2026-06-25T18:08:23.061954+00:00,,,,,,,,
2026-06-25T20:16:01.125188+00:00,spot_1,Spot 1,Occupied,2026-06-25T20:10:52.413783+00:00,800,car,0.6443771719932556,306,565.4971313476562,313.69610595703125,610.0902709960938,371.02642822265625
2026-06-25T20:16:01.125188+00:00,spot_2,Spot 2,Empty,2026-06-25T18:46:41.669829+00:00,,,,,,,,
2026-06-25T20:16:01.125188+00:00,spot_3,Spot 3,Occupied,2026-06-25T20:16:01.125188+00:00,809,car,0.48288917541503906,0,448.8154296875,319.46514892578125,498.61126708984375,368.09149169921875
2026-06-25T20:16:01.125188+00:00,spot_4,Spot 4,Empty,2026-06-25T19:58:52.150905+00:00,,,,,,,,
2026-06-25T20:16:01.125188+00:00,spot_5,Spot 5,Empty,2026-06-25T19:52:58.805889+00:00,,,,,,,,
2026-06-25T20:16:01.125188+00:00,spot_6,Spot 6,Empty,2026-06-25T19:30:25.322185+00:00,,,,,,,,
2026-06-25T20:16:01.125188+00:00,spot_7,Spot 7,Empty,2026-06-25T19:30:25.322185+00:00,,,,,,,,
2026-06-25T20:16:01.125188+00:00,spot_8,Spot 8,Occupied,2026-06-25T20:10:52.413783+00:00,798,car,0.7816540598869324,306,207.52200317382812,318.7064208984375,275.14837646484375,357.0133056640625
2026-06-25T20:16:01.125188+00:00,spot_9,Spot 9,Occupied,2026-06-25T20:15:03.169348+00:00,805,car,0.6550792455673218,306,188.289306640625,325.7690734863281,223.69784545898438,352.6350402832031
2026-06-25T20:16:01.125188+00:00,spot_10,Spot 10,Occupied,2026-06-25T20:16:01.125188+00:00,801,car,0.6753553152084351,306,152.054931640625,323.22918701171875,195.01937866210938,349.69281005859375
2026-06-25T20:16:01.125188+00:00,spot_11,Spot 11,Occupied,2026-06-25T20:16:01.125188+00:00,799,car,0.49395281076431274,306,125.90681457519531,320.75775146484375,170.95811462402344,347.186279296875
2026-06-25T20:16:01.125188+00:00,spot_12,Spot 12,Occupied,2026-06-25T20:15:03.169348+00:00,804,truck,0.7072728276252747,306,73.11961364746094,315.9078063964844,130.98619079589844,341.6887512207031
2026-06-25T20:16:01.125188+00:00,spot_13,Spot 13,Empty,2026-06-25T20:15:03.169348+00:00,,,,,,,,
2026-06-25T20:16:01.125188+00:00,spot_14,Spot 14,Empty,2026-06-25T19:21:22.914543+00:00,,,,,,,,
2026-06-25T20:16:01.125188+00:00,spot_15,Spot 15,Empty,2026-06-25T20:16:01.125188+00:00,,,,,,,,
2026-06-25T20:16:01.125188+00:00,spot_16,Spot 16,Occupied,2026-06-25T20:13:11.274932+00:00,803,car,0.5594435334205627,306,21.32706069946289,313.7213439941406,45.913211822509766,329.5813293457031
2026-06-25T20:16:01.125188+00:00,spot_17,Spot 17,Empty,2026-06-25T18:08:23.061954+00:00,,,,,,,,
2026-06-25T20:17:00.908160+00:00,spot_1,Spot 1,Occupied,2026-06-25T20:10:52.413783+00:00,800,car,0.686032235622406,362,566.687255859375,316.2717590332031,610.136474609375,367.0580749511719
2026-06-25T20:17:00.908160+00:00,spot_2,Spot 2,Empty,2026-06-25T18:46:41.669829+00:00,,,,,,,,
2026-06-25T20:17:00.908160+00:00,spot_3,Spot 3,Occupied,2026-06-25T20:17:00.908160+00:00,802,truck,0.5331845283508301,362,449.67376708984375,319.60791015625,498.59771728515625,368.268310546875
2026-06-25T20:17:00.908160+00:00,spot_4,Spot 4,Empty,2026-06-25T19:58:52.150905+00:00,,,,,,,,
2026-06-25T20:17:00.908160+00:00,spot_5,Spot 5,Empty,2026-06-25T19:52:58.805889+00:00,,,,,,,,
2026-06-25T20:17:00.908160+00:00,spot_6,Spot 6,Empty,2026-06-25T19:30:25.322185+00:00,,,,,,,,
2026-06-25T20:17:00.908160+00:00,spot_7,Spot 7,Empty,2026-06-25T19:30:25.322185+00:00,,,,,,,,
2026-06-25T20:17:00.908160+00:00,spot_8,Spot 8,Occupied,2026-06-25T20:10:52.413783+00:00,798,car,0.7115616798400879,362,207.3409423828125,319.202880859375,276.4287109375,357.3028564453125
2026-06-25T20:17:00.908160+00:00,spot_9,Spot 9,Occupied,2026-06-25T20:17:00.908160+00:00,801,car,0.6022774577140808,362,158.26174926757812,322.8841552734375,193.6337890625,350.000244140625
2026-06-25T20:17:00.908160+00:00,spot_10,Spot 10,Occupied,2026-06-25T20:17:00.908160+00:00,805,car,0.46237489581108093,362,190.6285400390625,324.9852294921875,224.73358154296875,352.128662109375
2026-06-25T20:17:00.908160+00:00,spot_11,Spot 11,Occupied,2026-06-25T20:16:01.125188+00:00,799,car,0.6687904596328735,362,125.8189697265625,320.32940673828125,166.95175170898438,346.74969482421875
2026-06-25T20:17:00.908160+00:00,spot_12,Spot 12,Occupied,2026-06-25T20:17:00.908160+00:00,807,car,0.5575242042541504,111,72.15815734863281,315.5267333984375,130.5771942138672,340.66766357421875
2026-06-25T20:17:00.908160+00:00,spot_13,Spot 13,Empty,2026-06-25T20:15:03.169348+00:00,,,,,,,,
2026-06-25T20:17:00.908160+00:00,spot_14,Spot 14,Empty,2026-06-25T19:21:22.914543+00:00,,,,,,,,
2026-06-25T20:17:00.908160+00:00,spot_15,Spot 15,Empty,2026-06-25T20:16:01.125188+00:00,,,,,,,,
2026-06-25T20:17:00.908160+00:00,spot_16,Spot 16,Occupied,2026-06-25T20:13:11.274932+00:00,803,car,0.6114499568939209,362,20.725799560546875,313.04559326171875,48.02610778808594,330.07550048828125
2026-06-25T20:17:00.908160+00:00,spot_17,Spot 17,Empty,2026-06-25T18:08:23.061954+00:00,,,,,,,,
2026-06-25T20:17:52.677650+00:00,spot_1,Spot 1,Occupied,2026-06-25T20:10:52.413783+00:00,800,car,0.7465282678604126,411,566.6763916015625,315.92608642578125,609.9254150390625,369.01263427734375
2026-06-25T20:17:52.677650+00:00,spot_2,Spot 2,Empty,2026-06-25T18:46:41.669829+00:00,,,,,,,,
2026-06-25T20:17:52.677650+00:00,spot_3,Spot 3,Occupied,2026-06-25T20:17:00.908160+00:00,802,truck,0.7829909324645996,411,449.16265869140625,318.9300537109375,498.966552734375,368.0643310546875
2026-06-25T20:17:52.677650+00:00,spot_4,Spot 4,Empty,2026-06-25T19:58:52.150905+00:00,,,,,,,,
2026-06-25T20:17:52.677650+00:00,spot_5,Spot 5,Empty,2026-06-25T19:52:58.805889+00:00,,,,,,,,
2026-06-25T20:17:52.677650+00:00,spot_6,Spot 6,Empty,2026-06-25T19:30:25.322185+00:00,,,,,,,,
2026-06-25T20:17:52.677650+00:00,spot_7,Spot 7,Empty,2026-06-25T19:30:25.322185+00:00,,,,,,,,
2026-06-25T20:17:52.677650+00:00,spot_8,Spot 8,Occupied,2026-06-25T20:10:52.413783+00:00,798,car,0.6547614932060242,411,207.34719848632812,322.0035705566406,276.0356750488281,357.9079895019531
2026-06-25T20:17:52.677650+00:00,spot_9,Spot 9,Occupied,2026-06-25T20:17:52.677650+00:00,805,car,0.6461778879165649,411,188.59262084960938,325.3407287597656,223.33224487304688,352.3251037597656
2026-06-25T20:17:52.677650+00:00,spot_10,Spot 10,Occupied,2026-06-25T20:17:52.677650+00:00,801,car,0.6240178942680359,411,153.98260498046875,323.50811767578125,196.0064697265625,349.68536376953125
2026-06-25T20:17:52.677650+00:00,spot_11,Spot 11,Occupied,2026-06-25T20:16:01.125188+00:00,799,car,0.5094383358955383,411,125.84222412109375,322.04132080078125,159.84927368164062,346.65057373046875
2026-06-25T20:17:52.677650+00:00,spot_12,Spot 12,Occupied,2026-06-25T20:17:52.677650+00:00,804,truck,0.456905722618103,411,72.97547912597656,315.67608642578125,131.40467834472656,340.75921630859375
2026-06-25T20:17:52.677650+00:00,spot_13,Spot 13,Empty,2026-06-25T20:15:03.169348+00:00,,,,,,,,
2026-06-25T20:17:52.677650+00:00,spot_14,Spot 14,Empty,2026-06-25T19:21:22.914543+00:00,,,,,,,,
2026-06-25T20:17:52.677650+00:00,spot_15,Spot 15,Empty,2026-06-25T20:16:01.125188+00:00,,,,,,,,
2026-06-25T20:17:52.677650+00:00,spot_16,Spot 16,Occupied,2026-06-25T20:13:11.274932+00:00,803,car,0.5934640765190125,411,21.99349021911621,313.5617980957031,44.48491668701172,330.0323181152344
2026-06-25T20:17:52.677650+00:00,spot_17,Spot 17,Empty,2026-06-25T18:08:23.061954+00:00,,,,,,,,
2026-06-25T20:18:44.036098+00:00,spot_1,Spot 1,Occupied,2026-06-25T20:10:52.413783+00:00,800,car,0.8066587448120117,463,566.634521484375,313.3404846191406,609.894775390625,366.8616027832031
2026-06-25T20:18:44.036098+00:00,spot_2,Spot 2,Empty,2026-06-25T18:46:41.669829+00:00,,,,,,,,
2026-06-25T20:18:44.036098+00:00,spot_3,Spot 3,Occupied,2026-06-25T20:17:00.908160+00:00,802,truck,0.7053590416908264,463,449.3051452636719,319.83807373046875,498.4446105957031,367.91851806640625
2026-06-25T20:18:44.036098+00:00,spot_4,Spot 4,Empty,2026-06-25T19:58:52.150905+00:00,,,,,,,,
2026-06-25T20:18:44.036098+00:00,spot_5,Spot 5,Empty,2026-06-25T19:52:58.805889+00:00,,,,,,,,
2026-06-25T20:18:44.036098+00:00,spot_6,Spot 6,Empty,2026-06-25T19:30:25.322185+00:00,,,,,,,,
2026-06-25T20:18:44.036098+00:00,spot_7,Spot 7,Empty,2026-06-25T19:30:25.322185+00:00,,,,,,,,
2026-06-25T20:18:44.036098+00:00,spot_8,Spot 8,Occupied,2026-06-25T20:10:52.413783+00:00,798,car,0.7165331244468689,463,207.55657958984375,318.8719177246094,274.5742492675781,358.2388000488281
2026-06-25T20:18:44.036098+00:00,spot_9,Spot 9,Occupied,2026-06-25T20:18:44.036098+00:00,801,car,0.5581045150756836,463,154.21609497070312,322.244873046875,197.74978637695312,349.884033203125
2026-06-25T20:18:44.036098+00:00,spot_10,Spot 10,Occupied,2026-06-25T20:18:44.036098+00:00,799,car,0.7454246282577515,463,125.89482879638672,320.4117126464844,176.9986572265625,347.0810241699219
2026-06-25T20:18:44.036098+00:00,spot_11,Spot 11,Empty,2026-06-25T20:18:44.036098+00:00,,,,,,,,
2026-06-25T20:18:44.036098+00:00,spot_12,Spot 12,Occupied,2026-06-25T20:17:52.677650+00:00,804,truck,0.6540719866752625,463,72.81930541992188,316.11181640625,130.44007873535156,341.1695556640625
2026-06-25T20:18:44.036098+00:00,spot_13,Spot 13,Empty,2026-06-25T20:15:03.169348+00:00,,,,,,,,
2026-06-25T20:18:44.036098+00:00,spot_14,Spot 14,Empty,2026-06-25T19:21:22.914543+00:00,,,,,,,,
2026-06-25T20:18:44.036098+00:00,spot_15,Spot 15,Empty,2026-06-25T20:16:01.125188+00:00,,,,,,,,
2026-06-25T20:18:44.036098+00:00,spot_16,Spot 16,Occupied,2026-06-25T20:13:11.274932+00:00,803,car,0.5597288608551025,463,21.68537712097168,313.3480224609375,43.98439025878906,329.8641357421875
2026-06-25T20:18:44.036098+00:00,spot_17,Spot 17,Empty,2026-06-25T18:08:23.061954+00:00,,,,,,,,
2026-06-25T20:19:50.538833+00:00,spot_1,Spot 1,Occupied,2026-06-25T20:10:52.413783+00:00,800,car,0.7852959036827087,538,566.6344604492188,315.33782958984375,610.1171264648438,368.12152099609375
2026-06-25T20:19:50.538833+00:00,spot_2,Spot 2,Empty,2026-06-25T18:46:41.669829+00:00,,,,,,,,
2026-06-25T20:19:50.538833+00:00,spot_3,Spot 3,Occupied,2026-06-25T20:17:00.908160+00:00,802,truck,0.6611135601997375,538,448.6319580078125,319.5791015625,498.572998046875,367.792236328125
2026-06-25T20:19:50.538833+00:00,spot_4,Spot 4,Empty,2026-06-25T19:58:52.150905+00:00,,,,,,,,
2026-06-25T20:19:50.538833+00:00,spot_5,Spot 5,Empty,2026-06-25T19:52:58.805889+00:00,,,,,,,,
2026-06-25T20:19:50.538833+00:00,spot_6,Spot 6,Empty,2026-06-25T19:30:25.322185+00:00,,,,,,,,
2026-06-25T20:19:50.538833+00:00,spot_7,Spot 7,Empty,2026-06-25T19:30:25.322185+00:00,,,,,,,,
2026-06-25T20:19:50.538833+00:00,spot_8,Spot 8,Occupied,2026-06-25T20:10:52.413783+00:00,798,car,0.7718376517295837,538,208.18856811523438,323.644775390625,275.7362365722656,357.44287109375
2026-06-25T20:19:50.538833+00:00,spot_9,Spot 9,Occupied,2026-06-25T20:18:44.036098+00:00,801,car,0.7391176223754883,538,156.80450439453125,323.0673828125,192.83615112304688,349.5531005859375
2026-06-25T20:19:50.538833+00:00,spot_10,Spot 10,Occupied,2026-06-25T20:18:44.036098+00:00,799,car,0.5898120999336243,538,125.3851318359375,320.40802001953125,175.94097900390625,347.09259033203125
2026-06-25T20:19:50.538833+00:00,spot_11,Spot 11,Empty,2026-06-25T20:18:44.036098+00:00,,,,,,,,
2026-06-25T20:19:50.538833+00:00,spot_12,Spot 12,Occupied,2026-06-25T20:17:52.677650+00:00,804,truck,0.5508428812026978,538,72.59686279296875,315.7127685546875,130.35964965820312,340.933837890625
2026-06-25T20:19:50.538833+00:00,spot_13,Spot 13,Empty,2026-06-25T20:15:03.169348+00:00,,,,,,,,
2026-06-25T20:19:50.538833+00:00,spot_14,Spot 14,Empty,2026-06-25T19:21:22.914543+00:00,,,,,,,,
2026-06-25T20:19:50.538833+00:00,spot_15,Spot 15,Empty,2026-06-25T20:16:01.125188+00:00,,,,,,,,
2026-06-25T20:19:50.538833+00:00,spot_16,Spot 16,Occupied,2026-06-25T20:13:11.274932+00:00,803,car,0.617579996585846,538,21.570144653320312,313.6651611328125,42.20386505126953,330.0560302734375
2026-06-25T20:19:50.538833+00:00,spot_17,Spot 17,Empty,2026-06-25T18:08:23.061954+00:00,,,,,,,,
2026-06-25T20:20:15.023284+00:00,spot_1,Spot 1,Occupied,2026-06-25T20:10:52.413783+00:00,800,car,0.7852959036827087,562,566.6344604492188,315.33782958984375,610.1171264648438,368.12152099609375
2026-06-25T20:20:15.023284+00:00,spot_2,Spot 2,Empty,2026-06-25T18:46:41.669829+00:00,,,,,,,,
2026-06-25T20:20:15.023284+00:00,spot_3,Spot 3,Occupied,2026-06-25T20:17:00.908160+00:00,802,truck,0.6611135601997375,562,448.6319580078125,319.5791015625,498.572998046875,367.792236328125
2026-06-25T20:20:15.023284+00:00,spot_4,Spot 4,Empty,2026-06-25T19:58:52.150905+00:00,,,,,,,,
2026-06-25T20:20:15.023284+00:00,spot_5,Spot 5,Empty,2026-06-25T19:52:58.805889+00:00,,,,,,,,
2026-06-25T20:20:15.023284+00:00,spot_6,Spot 6,Empty,2026-06-25T19:30:25.322185+00:00,,,,,,,,
2026-06-25T20:20:15.023284+00:00,spot_7,Spot 7,Empty,2026-06-25T19:30:25.322185+00:00,,,,,,,,
2026-06-25T20:20:15.023284+00:00,spot_8,Spot 8,Occupied,2026-06-25T20:10:52.413783+00:00,798,car,0.7718376517295837,562,208.18856811523438,323.644775390625,275.7362365722656,357.44287109375
2026-06-25T20:20:15.023284+00:00,spot_9,Spot 9,Occupied,2026-06-25T20:18:44.036098+00:00,801,car,0.7391176223754883,562,156.80450439453125,323.0673828125,192.83615112304688,349.5531005859375
2026-06-25T20:20:15.023284+00:00,spot_10,Spot 10,Occupied,2026-06-25T20:18:44.036098+00:00,799,car,0.5898120999336243,562,125.3851318359375,320.40802001953125,175.94097900390625,347.09259033203125
2026-06-25T20:20:15.023284+00:00,spot_11,Spot 11,Empty,2026-06-25T20:18:44.036098+00:00,,,,,,,,
2026-06-25T20:20:15.023284+00:00,spot_12,Spot 12,Occupied,2026-06-25T20:17:52.677650+00:00,804,truck,0.5508428812026978,562,72.59686279296875,315.7127685546875,130.35964965820312,340.933837890625
2026-06-25T20:20:15.023284+00:00,spot_13,Spot 13,Empty,2026-06-25T20:15:03.169348+00:00,,,,,,,,
2026-06-25T20:20:15.023284+00:00,spot_14,Spot 14,Empty,2026-06-25T19:21:22.914543+00:00,,,,,,,,
2026-06-25T20:20:15.023284+00:00,spot_15,Spot 15,Empty,2026-06-25T20:16:01.125188+00:00,,,,,,,,
2026-06-25T20:20:15.023284+00:00,spot_16,Spot 16,Occupied,2026-06-25T20:13:11.274932+00:00,803,car,0.617579996585846,562,21.570144653320312,313.6651611328125,42.20386505126953,330.0560302734375
2026-06-25T20:20:15.023284+00:00,spot_17,Spot 17,Empty,2026-06-25T18:08:23.061954+00:00,,,,,,,,
2026-06-25T20:21:04.038927+00:00,spot_1,Spot 1,Occupied,2026-06-25T20:10:52.413783+00:00,800,car,0.8102973103523254,608,566.4423217773438,317.3453674316406,609.4841918945312,368.7908630371094
2026-06-25T20:21:04.038927+00:00,spot_2,Spot 2,Empty,2026-06-25T18:46:41.669829+00:00,,,,,,,,
2026-06-25T20:21:04.038927+00:00,spot_3,Spot 3,Occupied,2026-06-25T20:17:00.908160+00:00,802,truck,0.7838023900985718,608,448.0731506347656,319.32952880859375,499.1229553222656,367.32269287109375
2026-06-25T20:21:04.038927+00:00,spot_4,Spot 4,Empty,2026-06-25T19:58:52.150905+00:00,,,,,,,,
2026-06-25T20:21:04.038927+00:00,spot_5,Spot 5,Empty,2026-06-25T19:52:58.805889+00:00,,,,,,,,
2026-06-25T20:21:04.038927+00:00,spot_6,Spot 6,Empty,2026-06-25T19:30:25.322185+00:00,,,,,,,,
2026-06-25T20:21:04.038927+00:00,spot_7,Spot 7,Empty,2026-06-25T19:30:25.322185+00:00,,,,,,,,
2026-06-25T20:21:04.038927+00:00,spot_8,Spot 8,Occupied,2026-06-25T20:10:52.413783+00:00,798,car,0.796249270439148,608,207.41195678710938,318.9853515625,276.0934753417969,357.4244384765625
2026-06-25T20:21:04.038927+00:00,spot_9,Spot 9,Occupied,2026-06-25T20:18:44.036098+00:00,801,car,0.5580506324768066,608,154.02987670898438,321.60174560546875,191.74954223632812,349.09222412109375
2026-06-25T20:21:04.038927+00:00,spot_10,Spot 10,Occupied,2026-06-25T20:18:44.036098+00:00,799,car,0.49812936782836914,608,126.6513671875,320.34967041015625,175.91424560546875,346.70159912109375
2026-06-25T20:21:04.038927+00:00,spot_11,Spot 11,Empty,2026-06-25T20:18:44.036098+00:00,,,,,,,,
2026-06-25T20:21:04.038927+00:00,spot_12,Spot 12,Occupied,2026-06-25T20:21:04.038927+00:00,807,car,0.561004638671875,357,72.7203369140625,315.18743896484375,130.47750854492188,340.48187255859375
2026-06-25T20:21:04.038927+00:00,spot_13,Spot 13,Empty,2026-06-25T20:15:03.169348+00:00,,,,,,,,
2026-06-25T20:21:04.038927+00:00,spot_14,Spot 14,Empty,2026-06-25T19:21:22.914543+00:00,,,,,,,,
2026-06-25T20:21:04.038927+00:00,spot_15,Spot 15,Empty,2026-06-25T20:16:01.125188+00:00,,,,,,,,
2026-06-25T20:21:04.038927+00:00,spot_16,Spot 16,Occupied,2026-06-25T20:13:11.274932+00:00,803,car,0.5597147345542908,608,22.743120193481445,313.4773864746094,44.812255859375,329.5339660644531
2026-06-25T20:21:04.038927+00:00,spot_17,Spot 17,Empty,2026-06-25T18:08:23.061954+00:00,,,,,,,,
2026-06-25T20:22:03.089374+00:00,spot_1,Spot 1,Occupied,2026-06-25T20:10:52.413783+00:00,800,car,0.5037290453910828,680,566.1573486328125,312.1929931640625,609.9647216796875,367.92578125
2026-06-25T20:22:03.089374+00:00,spot_2,Spot 2,Empty,2026-06-25T18:46:41.669829+00:00,,,,,,,,
2026-06-25T20:22:03.089374+00:00,spot_3,Spot 3,Occupied,2026-06-25T20:22:03.089374+00:00,810,car,0.6237674951553345,0,448.91766357421875,319.4561767578125,498.69366455078125,367.7620849609375
2026-06-25T20:22:03.089374+00:00,spot_4,Spot 4,Empty,2026-06-25T19:58:52.150905+00:00,,,,,,,,
2026-06-25T20:22:03.089374+00:00,spot_5,Spot 5,Empty,2026-06-25T19:52:58.805889+00:00,,,,,,,,
2026-06-25T20:22:03.089374+00:00,spot_6,Spot 6,Empty,2026-06-25T19:30:25.322185+00:00,,,,,,,,
2026-06-25T20:22:03.089374+00:00,spot_7,Spot 7,Empty,2026-06-25T19:30:25.322185+00:00,,,,,,,,
2026-06-25T20:22:03.089374+00:00,spot_8,Spot 8,Occupied,2026-06-25T20:10:52.413783+00:00,798,car,0.7241563200950623,680,207.7510986328125,322.45257568359375,275.3292236328125,356.57086181640625
2026-06-25T20:22:03.089374+00:00,spot_9,Spot 9,Occupied,2026-06-25T20:18:44.036098+00:00,801,car,0.701119065284729,680,157.32342529296875,323.15966796875,195.6356201171875,349.9755859375
2026-06-25T20:22:03.089374+00:00,spot_10,Spot 10,Occupied,2026-06-25T20:22:03.089374+00:00,805,car,0.6710408329963684,680,187.88150024414062,324.3495178222656,224.80648803710938,351.9728088378906
2026-06-25T20:22:03.089374+00:00,spot_11,Spot 11,Occupied,2026-06-25T20:22:03.089374+00:00,799,car,0.6991990804672241,680,125.5763168334961,320.11297607421875,175.47518920898438,346.525634765625
2026-06-25T20:22:03.089374+00:00,spot_12,Spot 12,Occupied,2026-06-25T20:21:04.038927+00:00,807,car,0.6495888233184814,429,73.00849914550781,315.3887939453125,130.48104858398438,340.9112548828125
2026-06-25T20:22:03.089374+00:00,spot_13,Spot 13,Empty,2026-06-25T20:15:03.169348+00:00,,,,,,,,
2026-06-25T20:22:03.089374+00:00,spot_14,Spot 14,Empty,2026-06-25T19:21:22.914543+00:00,,,,,,,,
2026-06-25T20:22:03.089374+00:00,spot_15,Spot 15,Empty,2026-06-25T20:16:01.125188+00:00,,,,,,,,
2026-06-25T20:22:03.089374+00:00,spot_16,Spot 16,Occupied,2026-06-25T20:13:11.274932+00:00,803,car,0.5465469360351562,680,21.195261001586914,313.1151428222656,47.93675994873047,329.8114929199219
2026-06-25T20:22:03.089374+00:00,spot_17,Spot 17,Empty,2026-06-25T18:08:23.061954+00:00,,,,,,,,
2026-06-25T20:23:22.010203+00:00,spot_1,Spot 1,Occupied,2026-06-25T20:10:52.413783+00:00,800,car,0.7367448210716248,743,566.717529296875,314.16650390625,610.0859375,367.1937255859375
2026-06-25T20:23:22.010203+00:00,spot_2,Spot 2,Empty,2026-06-25T18:46:41.669829+00:00,,,,,,,,
2026-06-25T20:23:22.010203+00:00,spot_3,Spot 3,Occupied,2026-06-25T20:23:22.010203+00:00,802,truck,0.7830030918121338,743,449.19219970703125,319.26617431640625,500.33221435546875,369.18548583984375
2026-06-25T20:23:22.010203+00:00,spot_4,Spot 4,Empty,2026-06-25T19:58:52.150905+00:00,,,,,,,,
2026-06-25T20:23:22.010203+00:00,spot_5,Spot 5,Empty,2026-06-25T19:52:58.805889+00:00,,,,,,,,
2026-06-25T20:23:22.010203+00:00,spot_6,Spot 6,Empty,2026-06-25T19:30:25.322185+00:00,,,,,,,,
2026-06-25T20:23:22.010203+00:00,spot_7,Spot 7,Empty,2026-06-25T19:30:25.322185+00:00,,,,,,,,
2026-06-25T20:23:22.010203+00:00,spot_8,Spot 8,Occupied,2026-06-25T20:10:52.413783+00:00,798,car,0.7922118902206421,743,206.95571899414062,320.6548767089844,274.2777404785156,357.2327575683594
2026-06-25T20:23:22.010203+00:00,spot_9,Spot 9,Occupied,2026-06-25T20:18:44.036098+00:00,801,car,0.6848060488700867,743,156.75384521484375,321.59210205078125,193.33636474609375,350.10931396484375
2026-06-25T20:23:22.010203+00:00,spot_10,Spot 10,Occupied,2026-06-25T20:22:03.089374+00:00,805,car,0.5391078591346741,743,187.94354248046875,326.6515808105469,217.29443359375,352.4057312011719
2026-06-25T20:23:22.010203+00:00,spot_11,Spot 11,Occupied,2026-06-25T20:22:03.089374+00:00,799,car,0.7142727971076965,743,126.015380859375,320.1795959472656,174.16864013671875,346.8454895019531
2026-06-25T20:23:22.010203+00:00,spot_12,Spot 12,Occupied,2026-06-25T20:23:22.010203+00:00,812,truck,0.5965614318847656,0,72.34806823730469,315.7162780761719,130.5028076171875,341.1205749511719
2026-06-25T20:23:22.010203+00:00,spot_13,Spot 13,Empty,2026-06-25T20:15:03.169348+00:00,,,,,,,,
2026-06-25T20:23:22.010203+00:00,spot_14,Spot 14,Empty,2026-06-25T19:21:22.914543+00:00,,,,,,,,
2026-06-25T20:23:22.010203+00:00,spot_15,Spot 15,Empty,2026-06-25T20:16:01.125188+00:00,,,,,,,,
2026-06-25T20:23:22.010203+00:00,spot_16,Spot 16,Occupied,2026-06-25T20:13:11.274932+00:00,803,car,0.4969189465045929,743,21.237213134765625,313.3359069824219,47.078880310058594,330.1764221191406
2026-06-25T20:23:22.010203+00:00,spot_17,Spot 17,Empty,2026-06-25T18:08:23.061954+00:00,,,,,,,,
2026-06-25T20:24:20.123284+00:00,spot_1,Spot 1,Occupied,2026-06-25T20:10:52.413783+00:00,800,car,0.6450421214103699,803,566.9373779296875,318.83221435546875,610.0159912109375,367.31561279296875
2026-06-25T20:24:20.123284+00:00,spot_2,Spot 2,Empty,2026-06-25T18:46:41.669829+00:00,,,,,,,,
2026-06-25T20:24:20.123284+00:00,spot_3,Spot 3,Occupied,2026-06-25T20:23:22.010203+00:00,802,truck,0.7672029137611389,803,449.0567626953125,320.0171813964844,498.68310546875,368.0444641113281
2026-06-25T20:24:20.123284+00:00,spot_4,Spot 4,Empty,2026-06-25T19:58:52.150905+00:00,,,,,,,,
2026-06-25T20:24:20.123284+00:00,spot_5,Spot 5,Occupied,2026-06-25T20:24:20.123284+00:00,813,truck,0.8579726815223694,0,323.8533935546875,319.7330322265625,400.3697509765625,368.31005859375
2026-06-25T20:24:20.123284+00:00,spot_6,Spot 6,Empty,2026-06-25T19:30:25.322185+00:00,,,,,,,,
2026-06-25T20:24:20.123284+00:00,spot_7,Spot 7,Empty,2026-06-25T19:30:25.322185+00:00,,,,,,,,
2026-06-25T20:24:20.123284+00:00,spot_8,Spot 8,Occupied,2026-06-25T20:10:52.413783+00:00,798,car,0.8045757412910461,803,206.98202514648438,323.846923828125,274.0224609375,357.53271484375
2026-06-25T20:24:20.123284+00:00,spot_9,Spot 9,Occupied,2026-06-25T20:24:20.123284+00:00,805,car,0.5455628633499146,803,187.62088012695312,327.4031982421875,212.00198364257812,352.577880859375
2026-06-25T20:24:20.123284+00:00,spot_10,Spot 10,Occupied,2026-06-25T20:24:20.123284+00:00,799,car,0.7884889245033264,803,125.8287353515625,320.21588134765625,176.62081909179688,347.09564208984375
2026-06-25T20:24:20.123284+00:00,spot_11,Spot 11,Empty,2026-06-25T20:24:20.123284+00:00,,,,,,,,
2026-06-25T20:24:20.123284+00:00,spot_12,Spot 12,Occupied,2026-06-25T20:24:20.123284+00:00,807,car,0.5537470579147339,552,70.8115234375,315.74798583984375,130.98431396484375,341.74237060546875
2026-06-25T20:24:20.123284+00:00,spot_13,Spot 13,Empty,2026-06-25T20:15:03.169348+00:00,,,,,,,,
2026-06-25T20:24:20.123284+00:00,spot_14,Spot 14,Empty,2026-06-25T19:21:22.914543+00:00,,,,,,,,
2026-06-25T20:24:20.123284+00:00,spot_15,Spot 15,Empty,2026-06-25T20:16:01.125188+00:00,,,,,,,,
2026-06-25T20:24:20.123284+00:00,spot_16,Spot 16,Occupied,2026-06-25T20:13:11.274932+00:00,803,car,0.7508085370063782,803,21.066068649291992,313.7493896484375,47.01457214355469,330.196044921875
2026-06-25T20:24:20.123284+00:00,spot_17,Spot 17,Empty,2026-06-25T18:08:23.061954+00:00,,,,,,,,
2026-06-25T20:27:24.576680+00:00,spot_1,Spot 1,Empty,2026-06-25T20:27:24.576680+00:00,,,,,,,,
2026-06-25T20:27:24.576680+00:00,spot_2,Spot 2,Occupied,2026-06-25T20:27:24.576680+00:00,814,car,0.8916702270507812,0,434.2259521484375,346.4798583984375,579.16650390625,415.7108154296875
2026-06-25T20:27:24.576680+00:00,spot_3,Spot 3,Occupied,2026-06-25T20:27:24.576680+00:00,820,truck,0.5209349989891052,0,449.2922668457031,320.265869140625,499.0459899902344,366.28302001953125
2026-06-25T20:27:24.576680+00:00,spot_4,Spot 4,Empty,2026-06-25T19:58:52.150905+00:00,,,,,,,,
2026-06-25T20:27:24.576680+00:00,spot_5,Spot 5,Occupied,2026-06-25T20:27:24.576680+00:00,816,truck,0.8601164221763611,0,324.2764892578125,319.5220947265625,400.54193115234375,368.51226806640625
2026-06-25T20:27:24.576680+00:00,spot_6,Spot 6,Empty,2026-06-25T19:30:25.322185+00:00,,,,,,,,
2026-06-25T20:27:24.576680+00:00,spot_7,Spot 7,Empty,2026-06-25T19:30:25.322185+00:00,,,,,,,,
2026-06-25T20:27:24.576680+00:00,spot_8,Spot 8,Occupied,2026-06-25T20:27:24.576680+00:00,817,car,0.827381432056427,0,206.8843994140625,319.2562255859375,275.2471923828125,357.341064453125
2026-06-25T20:27:24.576680+00:00,spot_9,Spot 9,Occupied,2026-06-25T20:27:24.576680+00:00,819,car,0.576562225818634,0,186.93572998046875,327.30328369140625,215.29791259765625,352.23236083984375
2026-06-25T20:27:24.576680+00:00,spot_10,Spot 10,Occupied,2026-06-25T20:27:24.576680+00:00,815,car,0.8897731900215149,0,125.21533966064453,319.9253845214844,177.67230224609375,347.4360656738281
2026-06-25T20:27:24.576680+00:00,spot_11,Spot 11,Empty,2026-06-25T20:24:20.123284+00:00,,,,,,,,
2026-06-25T20:27:24.576680+00:00,spot_12,Spot 12,Occupied,2026-06-25T20:27:24.576680+00:00,822,truck,0.3957028090953827,0,73.00532531738281,316.13348388671875,120.2742919921875,341.39337158203125
2026-06-25T20:27:24.576680+00:00,spot_13,Spot 13,Empty,2026-06-25T20:15:03.169348+00:00,,,,,,,,
2026-06-25T20:27:24.576680+00:00,spot_14,Spot 14,Empty,2026-06-25T19:21:22.914543+00:00,,,,,,,,
2026-06-25T20:27:24.576680+00:00,spot_15,Spot 15,Empty,2026-06-25T20:16:01.125188+00:00,,,,,,,,
2026-06-25T20:27:24.576680+00:00,spot_16,Spot 16,Occupied,2026-06-25T20:27:24.576680+00:00,818,car,0.6942200660705566,0,20.915603637695312,313.64886474609375,48.01654052734375,330.12066650390625
2026-06-25T20:27:24.576680+00:00,spot_17,Spot 17,Empty,2026-06-25T18:08:23.061954+00:00,,,,,,,,
2026-06-25T20:28:24.267513+00:00,spot_1,Spot 1,Empty,2026-06-25T20:27:24.576680+00:00,,,,,,,,
2026-06-25T20:28:24.267513+00:00,spot_2,Spot 2,Empty,2026-06-25T20:28:24.267513+00:00,,,,,,,,
2026-06-25T20:28:24.267513+00:00,spot_3,Spot 3,Occupied,2026-06-25T20:28:24.267513+00:00,824,car,0.4714554250240326,0,448.93017578125,320.0208740234375,498.30810546875,369.1116943359375
2026-06-25T20:28:24.267513+00:00,spot_4,Spot 4,Empty,2026-06-25T19:58:52.150905+00:00,,,,,,,,
2026-06-25T20:28:24.267513+00:00,spot_5,Spot 5,Occupied,2026-06-25T20:27:24.576680+00:00,816,truck,0.8715175986289978,60,324.44696044921875,319.3570556640625,400.96441650390625,368.450927734375
2026-06-25T20:28:24.267513+00:00,spot_6,Spot 6,Empty,2026-06-25T19:30:25.322185+00:00,,,,,,,,
2026-06-25T20:28:24.267513+00:00,spot_7,Spot 7,Empty,2026-06-25T19:30:25.322185+00:00,,,,,,,,
2026-06-25T20:28:24.267513+00:00,spot_8,Spot 8,Occupied,2026-06-25T20:27:24.576680+00:00,817,car,0.6609069108963013,60,207.07562255859375,322.56201171875,275.9282531738281,357.3109130859375
2026-06-25T20:28:24.267513+00:00,spot_9,Spot 9,Occupied,2026-06-25T20:27:24.576680+00:00,819,car,0.6148306727409363,60,187.83294677734375,325.8803405761719,223.4122314453125,352.2921447753906
2026-06-25T20:28:24.267513+00:00,spot_10,Spot 10,Occupied,2026-06-25T20:27:24.576680+00:00,815,car,0.8617998361587524,60,125.53652954101562,320.4207763671875,177.10595703125,347.07891845703125
2026-06-25T20:28:24.267513+00:00,spot_11,Spot 11,Empty,2026-06-25T20:24:20.123284+00:00,,,,,,,,
2026-06-25T20:28:24.267513+00:00,spot_12,Spot 12,Empty,2026-06-25T20:28:24.267513+00:00,,,,,,,,
2026-06-25T20:28:24.267513+00:00,spot_13,Spot 13,Occupied,2026-06-25T20:28:24.267513+00:00,822,truck,0.3784846365451813,60,57.85552978515625,314.4073486328125,111.96510314941406,339.2652587890625
2026-06-25T20:28:24.267513+00:00,spot_14,Spot 14,Empty,2026-06-25T19:21:22.914543+00:00,,,,,,,,
2026-06-25T20:28:24.267513+00:00,spot_15,Spot 15,Empty,2026-06-25T20:16:01.125188+00:00,,,,,,,,
2026-06-25T20:28:24.267513+00:00,spot_16,Spot 16,Occupied,2026-06-25T20:28:24.267513+00:00,823,car,0.7240447998046875,0,4.885608673095703,322.30841064453125,53.15521240234375,351.35162353515625
2026-06-25T20:28:24.267513+00:00,spot_17,Spot 17,Empty,2026-06-25T18:08:23.061954+00:00,,,,,,,,
2026-06-25T20:29:21.242571+00:00,spot_1,Spot 1,Empty,2026-06-25T20:27:24.576680+00:00,,,,,,,,
2026-06-25T20:29:21.242571+00:00,spot_2,Spot 2,Empty,2026-06-25T20:28:24.267513+00:00,,,,,,,,
2026-06-25T20:29:21.242571+00:00,spot_3,Spot 3,Occupied,2026-06-25T20:29:21.242571+00:00,820,truck,0.7055697441101074,114,448.9007568359375,319.2774353027344,498.5277099609375,368.5881042480469
2026-06-25T20:29:21.242571+00:00,spot_4,Spot 4,Empty,2026-06-25T19:58:52.150905+00:00,,,,,,,,
2026-06-25T20:29:21.242571+00:00,spot_5,Spot 5,Occupied,2026-06-25T20:27:24.576680+00:00,816,truck,0.8793051242828369,114,324.71551513671875,319.13604736328125,400.95318603515625,368.55230712890625
2026-06-25T20:29:21.242571+00:00,spot_6,Spot 6,Empty,2026-06-25T19:30:25.322185+00:00,,,,,,,,
2026-06-25T20:29:21.242571+00:00,spot_7,Spot 7,Empty,2026-06-25T19:30:25.322185+00:00,,,,,,,,
2026-06-25T20:29:21.242571+00:00,spot_8,Spot 8,Occupied,2026-06-25T20:27:24.576680+00:00,817,car,0.7504327297210693,114,207.7239990234375,322.6121826171875,274.55596923828125,357.44720458984375
2026-06-25T20:29:21.242571+00:00,spot_9,Spot 9,Occupied,2026-06-25T20:27:24.576680+00:00,819,car,0.688404381275177,114,187.45423889160156,325.5711669921875,224.05332946777344,352.34375
2026-06-25T20:29:21.242571+00:00,spot_10,Spot 10,Occupied,2026-06-25T20:27:24.576680+00:00,815,car,0.8758992552757263,114,125.58631134033203,320.36761474609375,176.76519775390625,347.04718017578125
2026-06-25T20:29:21.242571+00:00,spot_11,Spot 11,Empty,2026-06-25T20:24:20.123284+00:00,,,,,,,,
2026-06-25T20:29:21.242571+00:00,spot_12,Spot 12,Empty,2026-06-25T20:28:24.267513+00:00,,,,,,,,
2026-06-25T20:29:21.242571+00:00,spot_13,Spot 13,Empty,2026-06-25T20:29:21.242571+00:00,,,,,,,,
2026-06-25T20:29:21.242571+00:00,spot_14,Spot 14,Empty,2026-06-25T19:21:22.914543+00:00,,,,,,,,
2026-06-25T20:29:21.242571+00:00,spot_15,Spot 15,Empty,2026-06-25T20:16:01.125188+00:00,,,,,,,,
2026-06-25T20:29:21.242571+00:00,spot_16,Spot 16,Occupied,2026-06-25T20:29:21.242571+00:00,818,car,0.5621994733810425,114,21.885536193847656,313.708740234375,43.125511169433594,330.100830078125
2026-06-25T20:29:21.242571+00:00,spot_17,Spot 17,Empty,2026-06-25T18:08:23.061954+00:00,,,,,,,,
2026-06-25T20:30:24.654811+00:00,spot_1,Spot 1,Empty,2026-06-25T20:27:24.576680+00:00,,,,,,,,
2026-06-25T20:30:24.654811+00:00,spot_2,Spot 2,Occupied,2026-06-25T20:30:24.654811+00:00,826,bus,0.6843406558036804,0,495.3084411621094,298.0684814453125,551.0487060546875,376.48779296875
2026-06-25T20:30:24.654811+00:00,spot_3,Spot 3,Occupied,2026-06-25T20:29:21.242571+00:00,820,truck,0.7382675409317017,179,448.079833984375,319.0548095703125,496.873046875,367.06524658203125
2026-06-25T20:30:24.654811+00:00,spot_4,Spot 4,Empty,2026-06-25T19:58:52.150905+00:00,,,,,,,,
2026-06-25T20:30:24.654811+00:00,spot_5,Spot 5,Occupied,2026-06-25T20:27:24.576680+00:00,816,truck,0.8549612760543823,179,324.366943359375,319.21136474609375,400.7965087890625,368.3544921875
2026-06-25T20:30:24.654811+00:00,spot_6,Spot 6,Empty,2026-06-25T19:30:25.322185+00:00,,,,,,,,
2026-06-25T20:30:24.654811+00:00,spot_7,Spot 7,Empty,2026-06-25T19:30:25.322185+00:00,,,,,,,,
2026-06-25T20:30:24.654811+00:00,spot_8,Spot 8,Occupied,2026-06-25T20:27:24.576680+00:00,817,car,0.7378407120704651,179,207.57720947265625,323.0501708984375,275.127197265625,356.865234375
2026-06-25T20:30:24.654811+00:00,spot_9,Spot 9,Occupied,2026-06-25T20:27:24.576680+00:00,819,car,0.5965444445610046,179,187.84548950195312,325.65252685546875,223.16586303710938,352.36956787109375
2026-06-25T20:30:24.654811+00:00,spot_10,Spot 10,Occupied,2026-06-25T20:27:24.576680+00:00,815,car,0.8777965903282166,179,125.52951049804688,320.6922607421875,176.75558471679688,347.1512451171875
2026-06-25T20:30:24.654811+00:00,spot_11,Spot 11,Empty,2026-06-25T20:24:20.123284+00:00,,,,,,,,
2026-06-25T20:30:24.654811+00:00,spot_12,Spot 12,Occupied,2026-06-25T20:30:24.654811+00:00,825,car,0.7795559167861938,0,86.88119506835938,318.33935546875,135.5172882080078,340.087646484375
2026-06-25T20:30:24.654811+00:00,spot_13,Spot 13,Empty,2026-06-25T20:29:21.242571+00:00,,,,,,,,
2026-06-25T20:30:24.654811+00:00,spot_14,Spot 14,Occupied,2026-06-25T20:30:24.654811+00:00,822,truck,0.37723231315612793,179,31.37908935546875,312.91558837890625,95.84100341796875,339.21112060546875
2026-06-25T20:30:24.654811+00:00,spot_15,Spot 15,Empty,2026-06-25T20:16:01.125188+00:00,,,,,,,,
2026-06-25T20:30:24.654811+00:00,spot_16,Spot 16,Occupied,2026-06-25T20:29:21.242571+00:00,818,car,0.5665071606636047,179,21.984451293945312,313.8653259277344,41.967552185058594,330.1166687011719
2026-06-25T20:30:24.654811+00:00,spot_17,Spot 17,Empty,2026-06-25T18:08:23.061954+00:00,,,,,,,,
2026-06-25T20:33:06.124504+00:00,spot_1,Spot 1,Empty,2026-06-25T20:27:24.576680+00:00,,,,,,,,
2026-06-25T20:33:06.124504+00:00,spot_2,Spot 2,Occupied,2026-06-25T20:33:06.124504+00:00,828,bus,0.7917081713676453,0,494.49945068359375,296.6060485839844,550.9500122070312,376.0542297363281
2026-06-25T20:33:06.124504+00:00,spot_3,Spot 3,Occupied,2026-06-25T20:33:06.124504+00:00,830,truck,0.6968863606452942,0,449.0970764160156,319.36553955078125,497.0975646972656,368.7249755859375
2026-06-25T20:33:06.124504+00:00,spot_4,Spot 4,Empty,2026-06-25T19:58:52.150905+00:00,,,,,,,,
2026-06-25T20:33:06.124504+00:00,spot_5,Spot 5,Occupied,2026-06-25T20:33:06.124504+00:00,827,truck,0.7944254875183105,0,325.1978759765625,319.2752685546875,400.7197265625,368.31060791015625
2026-06-25T20:33:06.124504+00:00,spot_6,Spot 6,Empty,2026-06-25T19:30:25.322185+00:00,,,,,,,,
2026-06-25T20:33:06.124504+00:00,spot_7,Spot 7,Empty,2026-06-25T19:30:25.322185+00:00,,,,,,,,
2026-06-25T20:33:06.124504+00:00,spot_8,Spot 8,Occupied,2026-06-25T20:33:06.124504+00:00,826,car,0.8344597220420837,0,206.82235717773438,318.6950378417969,275.9877624511719,357.3700256347656
2026-06-25T20:33:06.124504+00:00,spot_9,Spot 9,Occupied,2026-06-25T20:33:06.124504+00:00,831,car,0.6485716104507446,0,187.34750366210938,324.0343933105469,223.91647338867188,351.9112854003906
2026-06-25T20:33:06.124504+00:00,spot_10,Spot 10,Occupied,2026-06-25T20:33:06.124504+00:00,825,car,0.8857656121253967,0,125.75152587890625,320.345458984375,177.1805419921875,346.9625244140625
2026-06-25T20:33:06.124504+00:00,spot_11,Spot 11,Empty,2026-06-25T20:24:20.123284+00:00,,,,,,,,
2026-06-25T20:33:06.124504+00:00,spot_12,Spot 12,Occupied,2026-06-25T20:33:06.124504+00:00,829,car,0.773497462272644,0,86.99470520019531,318.35736083984375,135.4434356689453,339.83343505859375
2026-06-25T20:33:06.124504+00:00,spot_13,Spot 13,Empty,2026-06-25T20:29:21.242571+00:00,,,,,,,,
2026-06-25T20:33:06.124504+00:00,spot_14,Spot 14,Empty,2026-06-25T20:33:06.124504+00:00,,,,,,,,
2026-06-25T20:33:06.124504+00:00,spot_15,Spot 15,Empty,2026-06-25T20:16:01.125188+00:00,,,,,,,,
2026-06-25T20:33:06.124504+00:00,spot_16,Spot 16,Occupied,2026-06-25T20:33:06.124504+00:00,832,car,0.6241682767868042,0,21.047391891479492,312.88287353515625,43.63566589355469,329.45806884765625
2026-06-25T20:33:06.124504+00:00,spot_17,Spot 17,Empty,2026-06-25T18:08:23.061954+00:00,,,,,,,,
2026-06-25T20:35:11.878697+00:00,spot_1,Spot 1,Empty,2026-06-25T20:27:24.576680+00:00,,,,,,,,
2026-06-25T20:35:11.878697+00:00,spot_2,Spot 2,Occupied,2026-06-25T20:33:06.124504+00:00,828,bus,0.7867868542671204,123,495.03662109375,297.32061767578125,549.457275390625,375.4794921875
2026-06-25T20:35:11.878697+00:00,spot_3,Spot 3,Occupied,2026-06-25T20:33:06.124504+00:00,830,truck,0.6064424514770508,123,449.09814453125,320.01788330078125,496.4688720703125,369.69073486328125
2026-06-25T20:35:11.878697+00:00,spot_4,Spot 4,Empty,2026-06-25T19:58:52.150905+00:00,,,,,,,,
2026-06-25T20:35:11.878697+00:00,spot_5,Spot 5,Occupied,2026-06-25T20:33:06.124504+00:00,827,truck,0.850794792175293,123,324.6443786621094,319.27044677734375,400.4133605957031,368.667236328125
2026-06-25T20:35:11.878697+00:00,spot_6,Spot 6,Empty,2026-06-25T19:30:25.322185+00:00,,,,,,,,
2026-06-25T20:35:11.878697+00:00,spot_7,Spot 7,Empty,2026-06-25T19:30:25.322185+00:00,,,,,,,,
2026-06-25T20:35:11.878697+00:00,spot_8,Spot 8,Occupied,2026-06-25T20:33:06.124504+00:00,826,car,0.7742593884468079,123,207.81881713867188,322.86370849609375,273.6827087402344,357.21295166015625
2026-06-25T20:35:11.878697+00:00,spot_9,Spot 9,Occupied,2026-06-25T20:33:06.124504+00:00,831,car,0.3956688344478607,123,187.09182739257812,326.45574951171875,217.20468139648438,352.300537109375
2026-06-25T20:35:11.878697+00:00,spot_10,Spot 10,Occupied,2026-06-25T20:33:06.124504+00:00,825,car,0.8411416411399841,123,126.076171875,320.02691650390625,177.4451904296875,347.19012451171875
2026-06-25T20:35:11.878697+00:00,spot_11,Spot 11,Empty,2026-06-25T20:24:20.123284+00:00,,,,,,,,
2026-06-25T20:35:11.878697+00:00,spot_12,Spot 12,Occupied,2026-06-25T20:33:06.124504+00:00,829,car,0.733169436454773,123,86.42758178710938,318.8458557128906,135.4248809814453,340.0914611816406
2026-06-25T20:35:11.878697+00:00,spot_13,Spot 13,Empty,2026-06-25T20:29:21.242571+00:00,,,,,,,,
2026-06-25T20:35:11.878697+00:00,spot_14,Spot 14,Occupied,2026-06-25T20:35:11.878697+00:00,833,truck,0.5822753310203552,0,55.15076446533203,314.130859375,98.39167022705078,339.165771484375
2026-06-25T20:35:11.878697+00:00,spot_15,Spot 15,Occupied,2026-06-25T20:35:11.878697+00:00,834,car,0.47514107823371887,0,30.82571029663086,313.3282165527344,63.687374114990234,335.2560729980469
2026-06-25T20:35:11.878697+00:00,spot_16,Spot 16,Occupied,2026-06-25T20:33:06.124504+00:00,832,car,0.6651646494865417,123,22.03211212158203,313.44232177734375,46.97328186035156,330.04815673828125
2026-06-25T20:35:11.878697+00:00,spot_17,Spot 17,Empty,2026-06-25T18:08:23.061954+00:00,,,,,,,,
2026-06-25T20:36:47.607831+00:00,spot_1,Spot 1,Empty,2026-06-25T20:27:24.576680+00:00,,,,,,,,
2026-06-25T20:36:47.607831+00:00,spot_2,Spot 2,Occupied,2026-06-25T20:33:06.124504+00:00,828,bus,0.8067317605018616,222,494.81231689453125,298.1169738769531,549.8998413085938,375.9337463378906
2026-06-25T20:36:47.607831+00:00,spot_3,Spot 3,Occupied,2026-06-25T20:33:06.124504+00:00,830,truck,0.6693565845489502,222,449.4136962890625,319.7224426269531,496.99700927734375,369.7608337402344
2026-06-25T20:36:47.607831+00:00,spot_4,Spot 4,Empty,2026-06-25T19:58:52.150905+00:00,,,,,,,,
2026-06-25T20:36:47.607831+00:00,spot_5,Spot 5,Occupied,2026-06-25T20:33:06.124504+00:00,827,truck,0.8623404502868652,222,324.91693115234375,319.46630859375,400.44757080078125,368.5411376953125
2026-06-25T20:36:47.607831+00:00,spot_6,Spot 6,Empty,2026-06-25T19:30:25.322185+00:00,,,,,,,,
2026-06-25T20:36:47.607831+00:00,spot_7,Spot 7,Occupied,2026-06-25T20:36:47.607831+00:00,826,car,0.7915781140327454,222,207.76901245117188,319.13262939453125,274.6400451660156,357.34381103515625
2026-06-25T20:36:47.607831+00:00,spot_8,Spot 8,Occupied,2026-06-25T20:36:47.607831+00:00,831,car,0.4447072446346283,222,187.302734375,323.0733947753906,229.00479125976562,352.1712951660156
2026-06-25T20:36:47.607831+00:00,spot_9,Spot 9,Empty,2026-06-25T20:36:47.607831+00:00,,,,,,,,
2026-06-25T20:36:47.607831+00:00,spot_10,Spot 10,Occupied,2026-06-25T20:33:06.124504+00:00,825,car,0.8735895752906799,222,125.21867370605469,320.44415283203125,176.8080596923828,347.21026611328125
2026-06-25T20:36:47.607831+00:00,spot_11,Spot 11,Empty,2026-06-25T20:24:20.123284+00:00,,,,,,,,
2026-06-25T20:36:47.607831+00:00,spot_12,Spot 12,Occupied,2026-06-25T20:33:06.124504+00:00,829,car,0.5957041382789612,222,86.44668579101562,318.9498596191406,126.17828369140625,340.1548156738281
2026-06-25T20:36:47.607831+00:00,spot_13,Spot 13,Occupied,2026-06-25T20:36:47.607831+00:00,833,truck,0.6443053483963013,99,55.45228576660156,313.83416748046875,98.76737976074219,339.46295166015625
2026-06-25T20:36:47.607831+00:00,spot_14,Spot 14,Empty,2026-06-25T20:36:47.607831+00:00,,,,,,,,
2026-06-25T20:36:47.607831+00:00,spot_15,Spot 15,Empty,2026-06-25T20:36:47.607831+00:00,,,,,,,,
2026-06-25T20:36:47.607831+00:00,spot_16,Spot 16,Occupied,2026-06-25T20:33:06.124504+00:00,832,car,0.540864884853363,222,21.60877227783203,314.22210693359375,46.45808410644531,330.38189697265625
2026-06-25T20:36:47.607831+00:00,spot_17,Spot 17,Empty,2026-06-25T18:08:23.061954+00:00,,,,,,,,
2026-06-25T20:40:31.153736+00:00,spot_1,Spot 1,Empty,2026-06-25T20:27:24.576680+00:00,,,,,,,,
2026-06-25T20:40:31.153736+00:00,spot_2,Spot 2,Occupied,2026-06-25T20:40:31.153736+00:00,838,bus,0.8060721755027771,0,495.24560546875,297.4519958496094,550.3441162109375,376.6118469238281
2026-06-25T20:40:31.153736+00:00,spot_3,Spot 3,Occupied,2026-06-25T20:40:31.153736+00:00,839,truck,0.744949221611023,0,448.591796875,319.46728515625,497.59136962890625,369.2740478515625
2026-06-25T20:40:31.153736+00:00,spot_4,Spot 4,Empty,2026-06-25T19:58:52.150905+00:00,,,,,,,,
2026-06-25T20:40:31.153736+00:00,spot_5,Spot 5,Occupied,2026-06-25T20:40:31.153736+00:00,835,truck,0.8722281455993652,0,325.6347961425781,319.24005126953125,400.6949157714844,368.94061279296875
2026-06-25T20:40:31.153736+00:00,spot_6,Spot 6,Empty,2026-06-25T19:30:25.322185+00:00,,,,,,,,
2026-06-25T20:40:31.153736+00:00,spot_7,Spot 7,Empty,2026-06-25T20:40:31.153736+00:00,,,,,,,,
2026-06-25T20:40:31.153736+00:00,spot_8,Spot 8,Occupied,2026-06-25T20:40:31.153736+00:00,840,car,0.6935998201370239,0,207.66659545898438,321.0115966796875,275.5455627441406,356.9752197265625
2026-06-25T20:40:31.153736+00:00,spot_9,Spot 9,Occupied,2026-06-25T20:40:31.153736+00:00,843,car,0.5799160003662109,0,187.875244140625,325.47998046875,223.4296875,352.3739013671875
2026-06-25T20:40:31.153736+00:00,spot_10,Spot 10,Occupied,2026-06-25T20:40:31.153736+00:00,836,car,0.8445523977279663,0,125.43865966796875,320.9229736328125,178.02371215820312,347.19091796875
2026-06-25T20:40:31.153736+00:00,spot_11,Spot 11,Empty,2026-06-25T20:24:20.123284+00:00,,,,,,,,
2026-06-25T20:40:31.153736+00:00,spot_12,Spot 12,Occupied,2026-06-25T20:40:31.153736+00:00,837,car,0.8079134821891785,0,86.877685546875,318.574951171875,133.13368225097656,340.19732666015625
2026-06-25T20:40:31.153736+00:00,spot_13,Spot 13,Empty,2026-06-25T20:40:31.153736+00:00,,,,,,,,
2026-06-25T20:40:31.153736+00:00,spot_14,Spot 14,Occupied,2026-06-25T20:40:31.153736+00:00,841,truck,0.6669555306434631,0,43.45602035522461,313.6300964355469,96.836669921875,339.3587951660156
2026-06-25T20:40:31.153736+00:00,spot_15,Spot 15,Empty,2026-06-25T20:36:47.607831+00:00,,,,,,,,
2026-06-25T20:40:31.153736+00:00,spot_16,Spot 16,Occupied,2026-06-25T20:40:31.153736+00:00,842,car,0.6510331630706787,0,22.520082473754883,313.5179443359375,41.55165100097656,330.399658203125
2026-06-25T20:40:31.153736+00:00,spot_17,Spot 17,Empty,2026-06-25T18:08:23.061954+00:00,,,,,,,,
2026-06-25T20:41:45.721011+00:00,spot_1,Spot 1,Empty,2026-06-25T20:27:24.576680+00:00,,,,,,,,
2026-06-25T20:41:45.721011+00:00,spot_2,Spot 2,Occupied,2026-06-25T20:40:31.153736+00:00,838,bus,0.8170769810676575,70,494.6615295410156,297.2862548828125,550.3546142578125,375.474853515625
2026-06-25T20:41:45.721011+00:00,spot_3,Spot 3,Occupied,2026-06-25T20:40:31.153736+00:00,839,truck,0.5914109945297241,70,448.7702941894531,319.2862548828125,495.5743103027344,369.0113525390625
2026-06-25T20:41:45.721011+00:00,spot_4,Spot 4,Empty,2026-06-25T19:58:52.150905+00:00,,,,,,,,
2026-06-25T20:41:45.721011+00:00,spot_5,Spot 5,Occupied,2026-06-25T20:40:31.153736+00:00,835,truck,0.8940955996513367,70,324.95379638671875,319.4851379394531,400.67303466796875,368.4394226074219
2026-06-25T20:41:45.721011+00:00,spot_6,Spot 6,Empty,2026-06-25T19:30:25.322185+00:00,,,,,,,,
2026-06-25T20:41:45.721011+00:00,spot_7,Spot 7,Empty,2026-06-25T20:40:31.153736+00:00,,,,,,,,
2026-06-25T20:41:45.721011+00:00,spot_8,Spot 8,Occupied,2026-06-25T20:40:31.153736+00:00,840,car,0.6627246141433716,70,208.0205078125,323.10906982421875,275.58001708984375,356.8323974609375
2026-06-25T20:41:45.721011+00:00,spot_9,Spot 9,Occupied,2026-06-25T20:40:31.153736+00:00,843,car,0.6640624403953552,70,187.83157348632812,324.8062438964844,223.89913940429688,352.3761901855469
2026-06-25T20:41:45.721011+00:00,spot_10,Spot 10,Occupied,2026-06-25T20:40:31.153736+00:00,836,car,0.8566107153892517,70,125.14118957519531,321.45550537109375,176.9196319580078,347.205322265625
2026-06-25T20:41:45.721011+00:00,spot_11,Spot 11,Empty,2026-06-25T20:24:20.123284+00:00,,,,,,,,
2026-06-25T20:41:45.721011+00:00,spot_12,Spot 12,Occupied,2026-06-25T20:40:31.153736+00:00,837,car,0.7971680164337158,70,83.179443359375,318.61334228515625,135.20574951171875,340.38214111328125
2026-06-25T20:41:45.721011+00:00,spot_13,Spot 13,Occupied,2026-06-25T20:41:45.721011+00:00,844,car,0.40982383489608765,0,55.59028244018555,314.68902587890625,99.31144714355469,339.43695068359375
2026-06-25T20:41:45.721011+00:00,spot_14,Spot 14,Empty,2026-06-25T20:41:45.721011+00:00,,,,,,,,
2026-06-25T20:41:45.721011+00:00,spot_15,Spot 15,Empty,2026-06-25T20:36:47.607831+00:00,,,,,,,,
2026-06-25T20:41:45.721011+00:00,spot_16,Spot 16,Occupied,2026-06-25T20:40:31.153736+00:00,842,car,0.5466015338897705,70,22.81841278076172,313.75872802734375,42.67676544189453,329.442138671875
2026-06-25T20:41:45.721011+00:00,spot_17,Spot 17,Empty,2026-06-25T18:08:23.061954+00:00,,,,,,,,
2026-06-25T20:43:14.925600+00:00,spot_1,Spot 1,Empty,2026-06-25T20:27:24.576680+00:00,,,,,,,,
2026-06-25T20:43:14.925600+00:00,spot_2,Spot 2,Empty,2026-06-25T20:43:14.925600+00:00,,,,,,,,
2026-06-25T20:43:14.925600+00:00,spot_3,Spot 3,Occupied,2026-06-25T20:40:31.153736+00:00,839,truck,0.6087239980697632,163,462.883056640625,318.4521484375,499.7537841796875,368.305908203125
2026-06-25T20:43:14.925600+00:00,spot_4,Spot 4,Occupied,2026-06-25T20:43:14.925600+00:00,845,truck,0.7886462807655334,0,320.98028564453125,321.1689453125,471.80352783203125,408.4449462890625
2026-06-25T20:43:14.925600+00:00,spot_5,Spot 5,Occupied,2026-06-25T20:40:31.153736+00:00,835,truck,0.38122880458831787,163,325.22125244140625,319.21051025390625,384.86614990234375,356.46319580078125
2026-06-25T20:43:14.925600+00:00,spot_6,Spot 6,Empty,2026-06-25T19:30:25.322185+00:00,,,,,,,,
2026-06-25T20:43:14.925600+00:00,spot_7,Spot 7,Empty,2026-06-25T20:40:31.153736+00:00,,,,,,,,
2026-06-25T20:43:14.925600+00:00,spot_8,Spot 8,Occupied,2026-06-25T20:40:31.153736+00:00,840,car,0.787665605545044,163,207.29421997070312,318.4373779296875,276.0950012207031,356.5775146484375
2026-06-25T20:43:14.925600+00:00,spot_9,Spot 9,Occupied,2026-06-25T20:40:31.153736+00:00,843,car,0.7114095687866211,163,187.18019104003906,325.3900146484375,223.1205291748047,351.7626953125
2026-06-25T20:43:14.925600+00:00,spot_10,Spot 10,Empty,2026-06-25T20:43:14.925600+00:00,,,,,,,,
2026-06-25T20:43:14.925600+00:00,spot_11,Spot 11,Empty,2026-06-25T20:24:20.123284+00:00,,,,,,,,
2026-06-25T20:43:14.925600+00:00,spot_12,Spot 12,Occupied,2026-06-25T20:40:31.153736+00:00,837,car,0.82680743932724,163,86.66622924804688,318.3561706542969,135.63742065429688,340.0210266113281
2026-06-25T20:43:14.925600+00:00,spot_13,Spot 13,Empty,2026-06-25T20:43:14.925600+00:00,,,,,,,,
2026-06-25T20:43:14.925600+00:00,spot_14,Spot 14,Empty,2026-06-25T20:41:45.721011+00:00,,,,,,,,
2026-06-25T20:43:14.925600+00:00,spot_15,Spot 15,Empty,2026-06-25T20:36:47.607831+00:00,,,,,,,,
2026-06-25T20:43:14.925600+00:00,spot_16,Spot 16,Occupied,2026-06-25T20:40:31.153736+00:00,842,car,0.5869950652122498,163,22.846405029296875,313.4818115234375,43.015525817871094,329.904052734375
2026-06-25T20:43:14.925600+00:00,spot_17,Spot 17,Empty,2026-06-25T18:08:23.061954+00:00,,,,,,,,
2026-06-25T20:44:21.813899+00:00,spot_1,Spot 1,Empty,2026-06-25T20:27:24.576680+00:00,,,,,,,,
2026-06-25T20:44:21.813899+00:00,spot_2,Spot 2,Empty,2026-06-25T20:43:14.925600+00:00,,,,,,,,
2026-06-25T20:44:21.813899+00:00,spot_3,Spot 3,Occupied,2026-06-25T20:44:21.813899+00:00,847,car,0.4188394248485565,0,449.43206787109375,319.62030029296875,498.58489990234375,368.47125244140625
2026-06-25T20:44:21.813899+00:00,spot_4,Spot 4,Empty,2026-06-25T20:44:21.813899+00:00,,,,,,,,
2026-06-25T20:44:21.813899+00:00,spot_5,Spot 5,Occupied,2026-06-25T20:40:31.153736+00:00,835,truck,0.8765990734100342,228,325.54547119140625,319.25433349609375,400.6424560546875,368.2103271484375
2026-06-25T20:44:21.813899+00:00,spot_6,Spot 6,Empty,2026-06-25T19:30:25.322185+00:00,,,,,,,,
2026-06-25T20:44:21.813899+00:00,spot_7,Spot 7,Empty,2026-06-25T20:40:31.153736+00:00,,,,,,,,
2026-06-25T20:44:21.813899+00:00,spot_8,Spot 8,Occupied,2026-06-25T20:40:31.153736+00:00,840,car,0.6948220133781433,228,207.29150390625,319.6222229003906,274.663818359375,356.6361999511719
2026-06-25T20:44:21.813899+00:00,spot_9,Spot 9,Occupied,2026-06-25T20:40:31.153736+00:00,843,car,0.6573148369789124,228,187.31756591796875,324.3878173828125,223.9034423828125,352.1741943359375
2026-06-25T20:44:21.813899+00:00,spot_10,Spot 10,Empty,2026-06-25T20:43:14.925600+00:00,,,,,,,,
2026-06-25T20:44:21.813899+00:00,spot_11,Spot 11,Empty,2026-06-25T20:24:20.123284+00:00,,,,,,,,
2026-06-25T20:44:21.813899+00:00,spot_12,Spot 12,Occupied,2026-06-25T20:40:31.153736+00:00,837,car,0.8214532732963562,228,86.70204162597656,318.094970703125,135.9221954345703,340.21044921875
2026-06-25T20:44:21.813899+00:00,spot_13,Spot 13,Empty,2026-06-25T20:43:14.925600+00:00,,,,,,,,
2026-06-25T20:44:21.813899+00:00,spot_14,Spot 14,Occupied,2026-06-25T20:44:21.813899+00:00,846,truck,0.499957799911499,0,55.32497024536133,314.3057861328125,98.26661682128906,339.1038818359375
2026-06-25T20:44:21.813899+00:00,spot_15,Spot 15,Empty,2026-06-25T20:36:47.607831+00:00,,,,,,,,
2026-06-25T20:44:21.813899+00:00,spot_16,Spot 16,Occupied,2026-06-25T20:40:31.153736+00:00,842,car,0.6384521126747131,228,22.822917938232422,313.76116943359375,40.71271896362305,330.32745361328125
2026-06-25T20:44:21.813899+00:00,spot_17,Spot 17,Empty,2026-06-25T18:08:23.061954+00:00,,,,,,,,
2026-06-25T20:45:33.981185+00:00,spot_1,Spot 1,Empty,2026-06-25T20:27:24.576680+00:00,,,,,,,,
2026-06-25T20:45:33.981185+00:00,spot_2,Spot 2,Empty,2026-06-25T20:43:14.925600+00:00,,,,,,,,
2026-06-25T20:45:33.981185+00:00,spot_3,Spot 3,Occupied,2026-06-25T20:45:33.981185+00:00,839,truck,0.47149983048439026,300,449.10040283203125,319.61187744140625,497.06500244140625,368.40765380859375
2026-06-25T20:45:33.981185+00:00,spot_4,Spot 4,Empty,2026-06-25T20:44:21.813899+00:00,,,,,,,,
2026-06-25T20:45:33.981185+00:00,spot_5,Spot 5,Occupied,2026-06-25T20:40:31.153736+00:00,835,truck,0.8594410419464111,300,324.7940368652344,319.24676513671875,400.5520324707031,368.14459228515625
2026-06-25T20:45:33.981185+00:00,spot_6,Spot 6,Empty,2026-06-25T19:30:25.322185+00:00,,,,,,,,
2026-06-25T20:45:33.981185+00:00,spot_7,Spot 7,Empty,2026-06-25T20:40:31.153736+00:00,,,,,,,,
2026-06-25T20:45:33.981185+00:00,spot_8,Spot 8,Occupied,2026-06-25T20:40:31.153736+00:00,840,car,0.7097870111465454,300,207.3262939453125,320.2625732421875,275.3504638671875,356.491943359375
2026-06-25T20:45:33.981185+00:00,spot_9,Spot 9,Occupied,2026-06-25T20:40:31.153736+00:00,843,car,0.696718156337738,300,187.50762939453125,324.58648681640625,224.5716552734375,352.15655517578125
2026-06-25T20:45:33.981185+00:00,spot_10,Spot 10,Empty,2026-06-25T20:43:14.925600+00:00,,,,,,,,
2026-06-25T20:45:33.981185+00:00,spot_11,Spot 11,Occupied,2026-06-25T20:45:33.981185+00:00,848,car,0.8957318663597107,0,122.56228637695312,322.44195556640625,176.08462524414062,347.18682861328125
2026-06-25T20:45:33.981185+00:00,spot_12,Spot 12,Occupied,2026-06-25T20:40:31.153736+00:00,837,car,0.8024023175239563,300,85.77218627929688,318.198974609375,131.69253540039062,339.98980712890625
2026-06-25T20:45:33.981185+00:00,spot_13,Spot 13,Empty,2026-06-25T20:43:14.925600+00:00,,,,,,,,
2026-06-25T20:45:33.981185+00:00,spot_14,Spot 14,Occupied,2026-06-25T20:44:21.813899+00:00,846,truck,0.5895077586174011,71,35.325592041015625,312.525146484375,92.45845031738281,336.4534912109375
2026-06-25T20:45:33.981185+00:00,spot_15,Spot 15,Empty,2026-06-25T20:36:47.607831+00:00,,,,,,,,
2026-06-25T20:45:33.981185+00:00,spot_16,Spot 16,Occupied,2026-06-25T20:40:31.153736+00:00,842,car,0.6915541291236877,300,22.90157127380371,313.3272705078125,43.439308166503906,329.87451171875
2026-06-25T20:45:33.981185+00:00,spot_17,Spot 17,Empty,2026-06-25T18:08:23.061954+00:00,,,,,,,,
2026-06-25T20:46:46.492469+00:00,spot_1,Spot 1,Empty,2026-06-25T20:27:24.576680+00:00,,,,,,,,
2026-06-25T20:46:46.492469+00:00,spot_2,Spot 2,Empty,2026-06-25T20:43:14.925600+00:00,,,,,,,,
2026-06-25T20:46:46.492469+00:00,spot_3,Spot 3,Occupied,2026-06-25T20:46:46.492469+00:00,847,car,0.7913779020309448,143,449.1490478515625,320.105712890625,496.461669921875,367.51513671875
2026-06-25T20:46:46.492469+00:00,spot_4,Spot 4,Empty,2026-06-25T20:44:21.813899+00:00,,,,,,,,
2026-06-25T20:46:46.492469+00:00,spot_5,Spot 5,Occupied,2026-06-25T20:40:31.153736+00:00,835,truck,0.8233644366264343,372,324.1524963378906,319.1613464355469,400.4905700683594,368.3179016113281
2026-06-25T20:46:46.492469+00:00,spot_6,Spot 6,Empty,2026-06-25T19:30:25.322185+00:00,,,,,,,,
2026-06-25T20:46:46.492469+00:00,spot_7,Spot 7,Empty,2026-06-25T20:40:31.153736+00:00,,,,,,,,
2026-06-25T20:46:46.492469+00:00,spot_8,Spot 8,Occupied,2026-06-25T20:40:31.153736+00:00,840,car,0.7763035893440247,372,207.9007568359375,321.2801513671875,275.4749450683594,357.04638671875
2026-06-25T20:46:46.492469+00:00,spot_9,Spot 9,Occupied,2026-06-25T20:40:31.153736+00:00,843,car,0.5287618041038513,372,187.06158447265625,324.9105224609375,222.2080078125,351.475830078125
2026-06-25T20:46:46.492469+00:00,spot_10,Spot 10,Empty,2026-06-25T20:43:14.925600+00:00,,,,,,,,
2026-06-25T20:46:46.492469+00:00,spot_11,Spot 11,Occupied,2026-06-25T20:45:33.981185+00:00,848,car,0.8900699019432068,72,122.85623931884766,322.16656494140625,176.24569702148438,346.959716796875
2026-06-25T20:46:46.492469+00:00,spot_12,Spot 12,Occupied,2026-06-25T20:40:31.153736+00:00,837,car,0.7730906009674072,372,85.04104614257812,317.75726318359375,132.53964233398438,340.05657958984375
2026-06-25T20:46:46.492469+00:00,spot_13,Spot 13,Empty,2026-06-25T20:43:14.925600+00:00,,,,,,,,
2026-06-25T20:46:46.492469+00:00,spot_14,Spot 14,Occupied,2026-06-25T20:44:21.813899+00:00,846,truck,0.5686689019203186,143,31.44687843322754,312.64898681640625,90.25862884521484,336.25872802734375
2026-06-25T20:46:46.492469+00:00,spot_15,Spot 15,Empty,2026-06-25T20:36:47.607831+00:00,,,,,,,,
2026-06-25T20:46:46.492469+00:00,spot_16,Spot 16,Occupied,2026-06-25T20:40:31.153736+00:00,842,car,0.672035813331604,372,21.506729125976562,313.2445373535156,47.438758850097656,329.8013000488281
2026-06-25T20:46:46.492469+00:00,spot_17,Spot 17,Empty,2026-06-25T18:08:23.061954+00:00,,,,,,,,
2026-06-25T20:47:56.915174+00:00,spot_1,Spot 1,Empty,2026-06-25T20:27:24.576680+00:00,,,,,,,,
2026-06-25T20:47:56.915174+00:00,spot_2,Spot 2,Empty,2026-06-25T20:43:14.925600+00:00,,,,,,,,
2026-06-25T20:47:56.915174+00:00,spot_3,Spot 3,Occupied,2026-06-25T20:46:46.492469+00:00,847,car,0.8418662548065186,214,448.8932800292969,319.8616943359375,498.5296325683594,366.5689697265625
2026-06-25T20:47:56.915174+00:00,spot_4,Spot 4,Empty,2026-06-25T20:44:21.813899+00:00,,,,,,,,
2026-06-25T20:47:56.915174+00:00,spot_5,Spot 5,Occupied,2026-06-25T20:40:31.153736+00:00,835,truck,0.8865092396736145,442,324.02984619140625,319.2001953125,400.96038818359375,368.3463134765625
2026-06-25T20:47:56.915174+00:00,spot_6,Spot 6,Empty,2026-06-25T19:30:25.322185+00:00,,,,,,,,
2026-06-25T20:47:56.915174+00:00,spot_7,Spot 7,Empty,2026-06-25T20:40:31.153736+00:00,,,,,,,,
2026-06-25T20:47:56.915174+00:00,spot_8,Spot 8,Occupied,2026-06-25T20:40:31.153736+00:00,840,car,0.8087261915206909,442,206.98162841796875,318.2418212890625,275.2586669921875,356.3172607421875
2026-06-25T20:47:56.915174+00:00,spot_9,Spot 9,Occupied,2026-06-25T20:40:31.153736+00:00,843,car,0.7334643006324768,442,186.95626831054688,324.52001953125,223.76763916015625,351.7847900390625
2026-06-25T20:47:56.915174+00:00,spot_10,Spot 10,Empty,2026-06-25T20:43:14.925600+00:00,,,,,,,,
2026-06-25T20:47:56.915174+00:00,spot_11,Spot 11,Occupied,2026-06-25T20:45:33.981185+00:00,848,car,0.8973307609558105,142,122.69841766357422,322.01934814453125,176.087646484375,347.15447998046875
2026-06-25T20:47:56.915174+00:00,spot_12,Spot 12,Occupied,2026-06-25T20:40:31.153736+00:00,837,car,0.7773692011833191,442,85.6246566772461,318.4617614746094,127.6146011352539,340.0908508300781
2026-06-25T20:47:56.915174+00:00,spot_13,Spot 13,Empty,2026-06-25T20:43:14.925600+00:00,,,,,,,,
2026-06-25T20:47:56.915174+00:00,spot_14,Spot 14,Occupied,2026-06-25T20:44:21.813899+00:00,846,truck,0.498125821352005,214,32.873626708984375,312.594482421875,91.73038482666016,336.0478515625
2026-06-25T20:47:56.915174+00:00,spot_15,Spot 15,Empty,2026-06-25T20:36:47.607831+00:00,,,,,,,,
2026-06-25T20:47:56.915174+00:00,spot_16,Spot 16,Occupied,2026-06-25T20:40:31.153736+00:00,842,car,0.6348288059234619,442,21.65631866455078,312.97088623046875,48.10823059082031,329.96624755859375
2026-06-25T20:47:56.915174+00:00,spot_17,Spot 17,Empty,2026-06-25T18:08:23.061954+00:00,,,,,,,,
2026-06-25T20:49:09.138163+00:00,spot_1,Spot 1,Empty,2026-06-25T20:27:24.576680+00:00,,,,,,,,
2026-06-25T20:49:09.138163+00:00,spot_2,Spot 2,Empty,2026-06-25T20:43:14.925600+00:00,,,,,,,,
2026-06-25T20:49:09.138163+00:00,spot_3,Spot 3,Occupied,2026-06-25T20:49:09.138163+00:00,850,truck,0.41340360045433044,0,449.226806640625,319.54962158203125,498.7060546875,366.24957275390625
2026-06-25T20:49:09.138163+00:00,spot_4,Spot 4,Empty,2026-06-25T20:44:21.813899+00:00,,,,,,,,
2026-06-25T20:49:09.138163+00:00,spot_5,Spot 5,Occupied,2026-06-25T20:40:31.153736+00:00,835,truck,0.8776412010192871,515,324.46722412109375,319.1816101074219,400.7042236328125,367.8179016113281
2026-06-25T20:49:09.138163+00:00,spot_6,Spot 6,Empty,2026-06-25T19:30:25.322185+00:00,,,,,,,,
2026-06-25T20:49:09.138163+00:00,spot_7,Spot 7,Empty,2026-06-25T20:40:31.153736+00:00,,,,,,,,
2026-06-25T20:49:09.138163+00:00,spot_8,Spot 8,Occupied,2026-06-25T20:40:31.153736+00:00,840,car,0.7918912172317505,515,207.30062866210938,320.78961181640625,274.8699035644531,356.21148681640625
2026-06-25T20:49:09.138163+00:00,spot_9,Spot 9,Occupied,2026-06-25T20:40:31.153736+00:00,843,car,0.5281184911727905,515,187.22262573242188,324.149169921875,223.70333862304688,351.5618896484375
2026-06-25T20:49:09.138163+00:00,spot_10,Spot 10,Empty,2026-06-25T20:43:14.925600+00:00,,,,,,,,
2026-06-25T20:49:09.138163+00:00,spot_11,Spot 11,Occupied,2026-06-25T20:45:33.981185+00:00,848,car,0.8916914463043213,215,123.0112075805664,322.10833740234375,176.28445434570312,346.81396484375
2026-06-25T20:49:09.138163+00:00,spot_12,Spot 12,Occupied,2026-06-25T20:40:31.153736+00:00,837,car,0.777495265007019,515,85.71871948242188,318.20672607421875,131.88217163085938,339.70208740234375
2026-06-25T20:49:09.138163+00:00,spot_13,Spot 13,Empty,2026-06-25T20:43:14.925600+00:00,,,,,,,,
2026-06-25T20:49:09.138163+00:00,spot_14,Spot 14,Occupied,2026-06-25T20:44:21.813899+00:00,846,truck,0.38752710819244385,286,31.110626220703125,312.01776123046875,86.8995132446289,336.25067138671875
2026-06-25T20:49:09.138163+00:00,spot_15,Spot 15,Occupied,2026-06-25T20:49:09.138163+00:00,849,car,0.5019909739494324,0,31.002092361450195,311.99847412109375,86.585693359375,336.17376708984375
2026-06-25T20:49:09.138163+00:00,spot_16,Spot 16,Occupied,2026-06-25T20:40:31.153736+00:00,842,car,0.6322486400604248,515,21.69422149658203,312.73175048828125,44.091285705566406,329.46527099609375
2026-06-25T20:49:09.138163+00:00,spot_17,Spot 17,Empty,2026-06-25T18:08:23.061954+00:00,,,,,,,,
2026-06-25T20:50:23.909550+00:00,spot_1,Spot 1,Empty,2026-06-25T20:27:24.576680+00:00,,,,,,,,
2026-06-25T20:50:23.909550+00:00,spot_2,Spot 2,Empty,2026-06-25T20:43:14.925600+00:00,,,,,,,,
2026-06-25T20:50:23.909550+00:00,spot_3,Spot 3,Occupied,2026-06-25T20:49:09.138163+00:00,850,truck,0.4463886618614197,75,449.03338623046875,318.9957275390625,498.5250244140625,367.7344970703125
2026-06-25T20:50:23.909550+00:00,spot_4,Spot 4,Empty,2026-06-25T20:44:21.813899+00:00,,,,,,,,
2026-06-25T20:50:23.909550+00:00,spot_5,Spot 5,Occupied,2026-06-25T20:40:31.153736+00:00,835,truck,0.85834139585495,590,324.79815673828125,319.19818115234375,400.60699462890625,368.12677001953125
2026-06-25T20:50:23.909550+00:00,spot_6,Spot 6,Empty,2026-06-25T19:30:25.322185+00:00,,,,,,,,
2026-06-25T20:50:23.909550+00:00,spot_7,Spot 7,Empty,2026-06-25T20:40:31.153736+00:00,,,,,,,,
2026-06-25T20:50:23.909550+00:00,spot_8,Spot 8,Occupied,2026-06-25T20:40:31.153736+00:00,840,car,0.7743318676948547,590,207.74697875976562,321.6846618652344,275.8340148925781,356.7711486816406
2026-06-25T20:50:23.909550+00:00,spot_9,Spot 9,Occupied,2026-06-25T20:40:31.153736+00:00,843,car,0.530517041683197,590,187.22718811035156,324.4851379394531,224.2382354736328,351.3001403808594
2026-06-25T20:50:23.909550+00:00,spot_10,Spot 10,Empty,2026-06-25T20:43:14.925600+00:00,,,,,,,,
2026-06-25T20:50:23.909550+00:00,spot_11,Spot 11,Occupied,2026-06-25T20:45:33.981185+00:00,848,car,0.8994102478027344,290,122.61787414550781,322.0687255859375,176.40306091308594,347.060546875
2026-06-25T20:50:23.909550+00:00,spot_12,Spot 12,Occupied,2026-06-25T20:40:31.153736+00:00,837,car,0.8117508888244629,590,85.66302490234375,318.400146484375,132.51739501953125,339.861083984375
2026-06-25T20:50:23.909550+00:00,spot_13,Spot 13,Empty,2026-06-25T20:43:14.925600+00:00,,,,,,,,
2026-06-25T20:50:23.909550+00:00,spot_14,Spot 14,Occupied,2026-06-25T20:50:23.909550+00:00,849,car,0.5413615107536316,75,33.37188720703125,312.798583984375,93.00105285644531,336.114501953125
2026-06-25T20:50:23.909550+00:00,spot_15,Spot 15,Empty,2026-06-25T20:50:23.909550+00:00,,,,,,,,
2026-06-25T20:50:23.909550+00:00,spot_16,Spot 16,Occupied,2026-06-25T20:40:31.153736+00:00,842,car,0.6347850561141968,590,21.61602783203125,313.14349365234375,40.911598205566406,329.53240966796875
2026-06-25T20:50:23.909550+00:00,spot_17,Spot 17,Empty,2026-06-25T18:08:23.061954+00:00,,,,,,,,
2026-06-25T20:51:25.737041+00:00,spot_1,Spot 1,Empty,2026-06-25T20:27:24.576680+00:00,,,,,,,,
2026-06-25T20:51:25.737041+00:00,spot_2,Spot 2,Empty,2026-06-25T20:43:14.925600+00:00,,,,,,,,
2026-06-25T20:51:25.737041+00:00,spot_3,Spot 3,Occupied,2026-06-25T20:51:25.737041+00:00,847,car,0.7709984183311462,421,449.0300598144531,319.50811767578125,498.0375061035156,367.4554443359375
2026-06-25T20:51:25.737041+00:00,spot_4,Spot 4,Empty,2026-06-25T20:44:21.813899+00:00,,,,,,,,
2026-06-25T20:51:25.737041+00:00,spot_5,Spot 5,Occupied,2026-06-25T20:40:31.153736+00:00,835,truck,0.8323468565940857,650,324.2995910644531,319.2060241699219,400.5255432128906,368.4941711425781
2026-06-25T20:51:25.737041+00:00,spot_6,Spot 6,Empty,2026-06-25T19:30:25.322185+00:00,,,,,,,,
2026-06-25T20:51:25.737041+00:00,spot_7,Spot 7,Empty,2026-06-25T20:40:31.153736+00:00,,,,,,,,
2026-06-25T20:51:25.737041+00:00,spot_8,Spot 8,Occupied,2026-06-25T20:40:31.153736+00:00,840,car,0.7769307494163513,650,207.76629638671875,321.748291015625,275.28125,356.5081787109375
2026-06-25T20:51:25.737041+00:00,spot_9,Spot 9,Occupied,2026-06-25T20:40:31.153736+00:00,843,car,0.7446072101593018,650,187.21453857421875,324.70953369140625,223.1983642578125,351.72357177734375
2026-06-25T20:51:25.737041+00:00,spot_10,Spot 10,Empty,2026-06-25T20:43:14.925600+00:00,,,,,,,,
2026-06-25T20:51:25.737041+00:00,spot_11,Spot 11,Occupied,2026-06-25T20:45:33.981185+00:00,848,car,0.8930643796920776,350,123.01167297363281,322.16070556640625,176.0711212158203,346.9945068359375
2026-06-25T20:51:25.737041+00:00,spot_12,Spot 12,Occupied,2026-06-25T20:40:31.153736+00:00,837,car,0.7711321115493774,650,85.810791015625,317.77825927734375,130.06069946289062,340.00579833984375
2026-06-25T20:51:25.737041+00:00,spot_13,Spot 13,Empty,2026-06-25T20:43:14.925600+00:00,,,,,,,,
2026-06-25T20:51:25.737041+00:00,spot_14,Spot 14,Occupied,2026-06-25T20:50:23.909550+00:00,849,car,0.38004034757614136,135,31.971040725708008,312.6854248046875,91.09486389160156,336.1165771484375
2026-06-25T20:51:25.737041+00:00,spot_15,Spot 15,Empty,2026-06-25T20:50:23.909550+00:00,,,,,,,,
2026-06-25T20:51:25.737041+00:00,spot_16,Spot 16,Occupied,2026-06-25T20:40:31.153736+00:00,842,car,0.7052387595176697,650,22.024295806884766,313.17169189453125,47.96519088745117,329.77142333984375
2026-06-25T20:51:25.737041+00:00,spot_17,Spot 17,Empty,2026-06-25T18:08:23.061954+00:00,,,,,,,,
2026-06-25T20:52:43.458079+00:00,spot_1,Spot 1,Empty,2026-06-25T20:27:24.576680+00:00,,,,,,,,
2026-06-25T20:52:43.458079+00:00,spot_2,Spot 2,Empty,2026-06-25T20:43:14.925600+00:00,,,,,,,,
2026-06-25T20:52:43.458079+00:00,spot_3,Spot 3,Occupied,2026-06-25T20:51:25.737041+00:00,847,car,0.7769476771354675,502,449.2198181152344,319.7821044921875,498.0071716308594,368.06231689453125
2026-06-25T20:52:43.458079+00:00,spot_4,Spot 4,Empty,2026-06-25T20:44:21.813899+00:00,,,,,,,,
2026-06-25T20:52:43.458079+00:00,spot_5,Spot 5,Occupied,2026-06-25T20:40:31.153736+00:00,835,truck,0.8345027565956116,730,324.05682373046875,319.48785400390625,400.48980712890625,368.20684814453125
2026-06-25T20:52:43.458079+00:00,spot_6,Spot 6,Empty,2026-06-25T19:30:25.322185+00:00,,,,,,,,
2026-06-25T20:52:43.458079+00:00,spot_7,Spot 7,Empty,2026-06-25T20:40:31.153736+00:00,,,,,,,,
2026-06-25T20:52:43.458079+00:00,spot_8,Spot 8,Occupied,2026-06-25T20:40:31.153736+00:00,840,car,0.7972992062568665,730,207.37823486328125,318.5213623046875,276.06903076171875,356.7718505859375
2026-06-25T20:52:43.458079+00:00,spot_9,Spot 9,Occupied,2026-06-25T20:40:31.153736+00:00,843,car,0.5909108519554138,730,187.44577026367188,325.72186279296875,220.69790649414062,351.87774658203125
2026-06-25T20:52:43.458079+00:00,spot_10,Spot 10,Empty,2026-06-25T20:43:14.925600+00:00,,,,,,,,
2026-06-25T20:52:43.458079+00:00,spot_11,Spot 11,Occupied,2026-06-25T20:45:33.981185+00:00,848,car,0.8868659734725952,430,122.8707504272461,322.2640686035156,176.08621215820312,347.0498352050781
2026-06-25T20:52:43.458079+00:00,spot_12,Spot 12,Occupied,2026-06-25T20:40:31.153736+00:00,837,car,0.801991879940033,730,85.73043823242188,318.2515869140625,131.75294494628906,339.9527587890625
2026-06-25T20:52:43.458079+00:00,spot_13,Spot 13,Empty,2026-06-25T20:43:14.925600+00:00,,,,,,,,
2026-06-25T20:52:43.458079+00:00,spot_14,Spot 14,Occupied,2026-06-25T20:50:23.909550+00:00,849,car,0.5253193378448486,215,46.582374572753906,312.7928771972656,88.24291229248047,336.0768127441406
2026-06-25T20:52:43.458079+00:00,spot_15,Spot 15,Empty,2026-06-25T20:50:23.909550+00:00,,,,,,,,
2026-06-25T20:52:43.458079+00:00,spot_16,Spot 16,Occupied,2026-06-25T20:40:31.153736+00:00,842,car,0.7131267786026001,730,21.780527114868164,313.1025390625,47.78942108154297,330.038330078125
2026-06-25T20:52:43.458079+00:00,spot_17,Spot 17,Empty,2026-06-25T18:08:23.061954+00:00,,,,,,,,
2026-06-25T20:53:50.651626+00:00,spot_1,Spot 1,Empty,2026-06-25T20:27:24.576680+00:00,,,,,,,,
2026-06-25T20:53:50.651626+00:00,spot_2,Spot 2,Empty,2026-06-25T20:43:14.925600+00:00,,,,,,,,
2026-06-25T20:53:50.651626+00:00,spot_3,Spot 3,Occupied,2026-06-25T20:53:50.651626+00:00,851,truck,0.3929360806941986,0,449.15771484375,319.5987548828125,499.67242431640625,367.4500732421875
2026-06-25T20:53:50.651626+00:00,spot_4,Spot 4,Empty,2026-06-25T20:44:21.813899+00:00,,,,,,,,
2026-06-25T20:53:50.651626+00:00,spot_5,Spot 5,Occupied,2026-06-25T20:40:31.153736+00:00,835,truck,0.8464260101318359,797,325.03009033203125,319.3851318359375,400.31268310546875,368.4193115234375
2026-06-25T20:53:50.651626+00:00,spot_6,Spot 6,Empty,2026-06-25T19:30:25.322185+00:00,,,,,,,,
2026-06-25T20:53:50.651626+00:00,spot_7,Spot 7,Empty,2026-06-25T20:40:31.153736+00:00,,,,,,,,
2026-06-25T20:53:50.651626+00:00,spot_8,Spot 8,Occupied,2026-06-25T20:40:31.153736+00:00,840,car,0.7882075905799866,797,207.36444091796875,319.3485107421875,275.53729248046875,356.65924072265625
2026-06-25T20:53:50.651626+00:00,spot_9,Spot 9,Occupied,2026-06-25T20:40:31.153736+00:00,843,car,0.6382468938827515,797,187.62435913085938,325.10723876953125,225.92239379882812,351.59356689453125
2026-06-25T20:53:50.651626+00:00,spot_10,Spot 10,Empty,2026-06-25T20:43:14.925600+00:00,,,,,,,,
2026-06-25T20:53:50.651626+00:00,spot_11,Spot 11,Occupied,2026-06-25T20:45:33.981185+00:00,848,car,0.8943549990653992,497,122.604736328125,321.9340515136719,176.3720703125,347.1235046386719
2026-06-25T20:53:50.651626+00:00,spot_12,Spot 12,Occupied,2026-06-25T20:40:31.153736+00:00,837,car,0.7343769073486328,797,85.63764953613281,318.3887023925781,131.54078674316406,339.9802551269531
2026-06-25T20:53:50.651626+00:00,spot_13,Spot 13,Empty,2026-06-25T20:43:14.925600+00:00,,,,,,,,
2026-06-25T20:53:50.651626+00:00,spot_14,Spot 14,Occupied,2026-06-25T20:50:23.909550+00:00,849,car,0.3526577651500702,282,32.88684844970703,312.7642822265625,90.74755859375,336.1685791015625
2026-06-25T20:53:50.651626+00:00,spot_15,Spot 15,Empty,2026-06-25T20:50:23.909550+00:00,,,,,,,,
2026-06-25T20:53:50.651626+00:00,spot_16,Spot 16,Occupied,2026-06-25T20:40:31.153736+00:00,842,car,0.7258396148681641,797,21.1282958984375,313.27081298828125,45.83720397949219,329.89288330078125
2026-06-25T20:53:50.651626+00:00,spot_17,Spot 17,Empty,2026-06-25T18:08:23.061954+00:00,,,,,,,,
2026-06-25T20:54:53.777174+00:00,spot_1,Spot 1,Empty,2026-06-25T20:27:24.576680+00:00,,,,,,,,
2026-06-25T20:54:53.777174+00:00,spot_2,Spot 2,Empty,2026-06-25T20:43:14.925600+00:00,,,,,,,,
2026-06-25T20:54:53.777174+00:00,spot_3,Spot 3,Occupied,2026-06-25T20:54:53.777174+00:00,847,car,0.43993812799453735,656,449.43927001953125,319.8973693847656,497.90692138671875,368.8408508300781
2026-06-25T20:54:53.777174+00:00,spot_4,Spot 4,Empty,2026-06-25T20:44:21.813899+00:00,,,,,,,,
2026-06-25T20:54:53.777174+00:00,spot_5,Spot 5,Occupied,2026-06-25T20:40:31.153736+00:00,835,truck,0.8643295764923096,885,324.88885498046875,319.3192443847656,400.62103271484375,368.5123596191406
2026-06-25T20:54:53.777174+00:00,spot_6,Spot 6,Empty,2026-06-25T19:30:25.322185+00:00,,,,,,,,
2026-06-25T20:54:53.777174+00:00,spot_7,Spot 7,Empty,2026-06-25T20:40:31.153736+00:00,,,,,,,,
2026-06-25T20:54:53.777174+00:00,spot_8,Spot 8,Occupied,2026-06-25T20:40:31.153736+00:00,840,car,0.7088564038276672,885,207.68594360351562,321.4172668457031,275.42181396484375,357.1903991699219
2026-06-25T20:54:53.777174+00:00,spot_9,Spot 9,Occupied,2026-06-25T20:40:31.153736+00:00,843,car,0.584274172782898,885,187.0264892578125,326.09130859375,224.1962890625,351.623291015625
2026-06-25T20:54:53.777174+00:00,spot_10,Spot 10,Empty,2026-06-25T20:43:14.925600+00:00,,,,,,,,
2026-06-25T20:54:53.777174+00:00,spot_11,Spot 11,Occupied,2026-06-25T20:45:33.981185+00:00,848,car,0.8894782662391663,585,122.78118896484375,322.6328125,176.03024291992188,347.1005859375
2026-06-25T20:54:53.777174+00:00,spot_12,Spot 12,Occupied,2026-06-25T20:40:31.153736+00:00,837,car,0.8087553381919861,885,85.26869201660156,318.53045654296875,131.3639373779297,340.15850830078125
2026-06-25T20:54:53.777174+00:00,spot_13,Spot 13,Empty,2026-06-25T20:43:14.925600+00:00,,,,,,,,
2026-06-25T20:54:53.777174+00:00,spot_14,Spot 14,Occupied,2026-06-25T20:50:23.909550+00:00,849,car,0.6779418587684631,369,37.89073181152344,312.8433837890625,90.83543395996094,336.37835693359375
2026-06-25T20:54:53.777174+00:00,spot_15,Spot 15,Empty,2026-06-25T20:50:23.909550+00:00,,,,,,,,
2026-06-25T20:54:53.777174+00:00,spot_16,Spot 16,Occupied,2026-06-25T20:40:31.153736+00:00,842,car,0.6582931280136108,885,21.07350730895996,313.2329406738281,45.85224151611328,329.9789733886719
2026-06-25T20:54:53.777174+00:00,spot_17,Spot 17,Empty,2026-06-25T18:08:23.061954+00:00,,,,,,,,
2026-06-25T20:56:20.544046+00:00,spot_1,Spot 1,Empty,2026-06-25T20:27:24.576680+00:00,,,,,,,,
2026-06-25T20:56:20.544046+00:00,spot_2,Spot 2,Empty,2026-06-25T20:43:14.925600+00:00,,,,,,,,
2026-06-25T20:56:20.544046+00:00,spot_3,Spot 3,Occupied,2026-06-25T20:54:53.777174+00:00,847,car,0.7271092534065247,727,449.1386413574219,319.65802001953125,498.2900085449219,368.5859375
2026-06-25T20:56:20.544046+00:00,spot_4,Spot 4,Empty,2026-06-25T20:44:21.813899+00:00,,,,,,,,
2026-06-25T20:56:20.544046+00:00,spot_5,Spot 5,Occupied,2026-06-25T20:40:31.153736+00:00,835,truck,0.8421669602394104,956,324.6993713378906,319.393798828125,400.3468322753906,368.6478271484375
2026-06-25T20:56:20.544046+00:00,spot_6,Spot 6,Empty,2026-06-25T19:30:25.322185+00:00,,,,,,,,
2026-06-25T20:56:20.544046+00:00,spot_7,Spot 7,Empty,2026-06-25T20:40:31.153736+00:00,,,,,,,,
2026-06-25T20:56:20.544046+00:00,spot_8,Spot 8,Occupied,2026-06-25T20:40:31.153736+00:00,840,car,0.7551825642585754,956,206.57455444335938,318.7762451171875,275.8343811035156,357.0423583984375
2026-06-25T20:56:20.544046+00:00,spot_9,Spot 9,Occupied,2026-06-25T20:40:31.153736+00:00,843,car,0.6370819211006165,956,187.08355712890625,324.5768737792969,223.507080078125,352.1004943847656
2026-06-25T20:56:20.544046+00:00,spot_10,Spot 10,Empty,2026-06-25T20:43:14.925600+00:00,,,,,,,,
2026-06-25T20:56:20.544046+00:00,spot_11,Spot 11,Occupied,2026-06-25T20:45:33.981185+00:00,848,car,0.8909637331962585,656,122.65525817871094,322.4310302734375,176.2549285888672,347.0872802734375
2026-06-25T20:56:20.544046+00:00,spot_12,Spot 12,Occupied,2026-06-25T20:40:31.153736+00:00,837,car,0.7991121411323547,956,85.71366882324219,318.62237548828125,132.40774536132812,340.14215087890625
2026-06-25T20:56:20.544046+00:00,spot_13,Spot 13,Empty,2026-06-25T20:43:14.925600+00:00,,,,,,,,
2026-06-25T20:56:20.544046+00:00,spot_14,Spot 14,Occupied,2026-06-25T20:56:20.544046+00:00,852,truck,0.4125218093395233,0,31.52642250061035,312.80572509765625,91.75997161865234,336.30181884765625
2026-06-25T20:56:20.544046+00:00,spot_15,Spot 15,Empty,2026-06-25T20:50:23.909550+00:00,,,,,,,,
2026-06-25T20:56:20.544046+00:00,spot_16,Spot 16,Occupied,2026-06-25T20:40:31.153736+00:00,842,car,0.7185988426208496,956,20.754785537719727,313.078369140625,47.07056427001953,329.8544921875
2026-06-25T20:56:20.544046+00:00,spot_17,Spot 17,Empty,2026-06-25T18:08:23.061954+00:00,,,,,,,,
2026-06-25T20:57:26.548514+00:00,spot_1,Spot 1,Empty,2026-06-25T20:27:24.576680+00:00,,,,,,,,
2026-06-25T20:57:26.548514+00:00,spot_2,Spot 2,Empty,2026-06-25T20:43:14.925600+00:00,,,,,,,,
2026-06-25T20:57:26.548514+00:00,spot_3,Spot 3,Occupied,2026-06-25T20:54:53.777174+00:00,847,car,0.41794273257255554,790,449.23016357421875,319.4757080078125,498.572509765625,368.362060546875
2026-06-25T20:57:26.548514+00:00,spot_4,Spot 4,Empty,2026-06-25T20:44:21.813899+00:00,,,,,,,,
2026-06-25T20:57:26.548514+00:00,spot_5,Spot 5,Occupied,2026-06-25T20:40:31.153736+00:00,835,truck,0.7929500341415405,1019,325.4140625,319.2496643066406,400.6463623046875,368.4493713378906
2026-06-25T20:57:26.548514+00:00,spot_6,Spot 6,Empty,2026-06-25T19:30:25.322185+00:00,,,,,,,,
2026-06-25T20:57:26.548514+00:00,spot_7,Spot 7,Empty,2026-06-25T20:40:31.153736+00:00,,,,,,,,
2026-06-25T20:57:26.548514+00:00,spot_8,Spot 8,Occupied,2026-06-25T20:40:31.153736+00:00,840,car,0.7759685516357422,1019,207.27105712890625,321.67474365234375,275.26318359375,356.70257568359375
2026-06-25T20:57:26.548514+00:00,spot_9,Spot 9,Occupied,2026-06-25T20:40:31.153736+00:00,843,car,0.6776015162467957,1019,187.7197265625,325.98724365234375,223.84982299804688,351.84991455078125
2026-06-25T20:57:26.548514+00:00,spot_10,Spot 10,Empty,2026-06-25T20:43:14.925600+00:00,,,,,,,,
2026-06-25T20:57:26.548514+00:00,spot_11,Spot 11,Occupied,2026-06-25T20:45:33.981185+00:00,848,car,0.8946664333343506,719,122.66810607910156,321.46063232421875,176.41880798339844,347.26727294921875
2026-06-25T20:57:26.548514+00:00,spot_12,Spot 12,Occupied,2026-06-25T20:40:31.153736+00:00,837,car,0.8298565149307251,1019,86.05935668945312,318.2864990234375,132.4514617919922,340.03466796875
2026-06-25T20:57:26.548514+00:00,spot_13,Spot 13,Empty,2026-06-25T20:43:14.925600+00:00,,,,,,,,
2026-06-25T20:57:26.548514+00:00,spot_14,Spot 14,Occupied,2026-06-25T20:57:26.548514+00:00,853,car,0.7069026827812195,0,31.97332000732422,312.8712158203125,90.54718017578125,336.2413330078125
2026-06-25T20:57:26.548514+00:00,spot_15,Spot 15,Empty,2026-06-25T20:50:23.909550+00:00,,,,,,,,
2026-06-25T20:57:26.548514+00:00,spot_16,Spot 16,Occupied,2026-06-25T20:40:31.153736+00:00,842,car,0.657394528388977,1019,21.01947593688965,313.37353515625,47.80614471435547,330.0780029296875
2026-06-25T20:57:26.548514+00:00,spot_17,Spot 17,Empty,2026-06-25T18:08:23.061954+00:00,,,,,,,,
2026-06-25T20:58:35.750203+00:00,spot_1,Spot 1,Empty,2026-06-25T20:27:24.576680+00:00,,,,,,,,
2026-06-25T20:58:35.750203+00:00,spot_2,Spot 2,Empty,2026-06-25T20:43:14.925600+00:00,,,,,,,,
2026-06-25T20:58:35.750203+00:00,spot_3,Spot 3,Occupied,2026-06-25T20:54:53.777174+00:00,847,car,0.46742910146713257,862,449.2176208496094,319.26959228515625,498.8907775878906,368.23236083984375
2026-06-25T20:58:35.750203+00:00,spot_4,Spot 4,Empty,2026-06-25T20:44:21.813899+00:00,,,,,,,,
2026-06-25T20:58:35.750203+00:00,spot_5,Spot 5,Occupied,2026-06-25T20:40:31.153736+00:00,835,truck,0.8601513504981995,1090,324.6841125488281,319.38623046875,400.1561584472656,368.306884765625
2026-06-25T20:58:35.750203+00:00,spot_6,Spot 6,Empty,2026-06-25T19:30:25.322185+00:00,,,,,,,,
2026-06-25T20:58:35.750203+00:00,spot_7,Spot 7,Empty,2026-06-25T20:40:31.153736+00:00,,,,,,,,
2026-06-25T20:58:35.750203+00:00,spot_8,Spot 8,Occupied,2026-06-25T20:40:31.153736+00:00,840,car,0.7832289338111877,1090,208.158203125,322.20721435546875,274.9974060058594,356.93914794921875
2026-06-25T20:58:35.750203+00:00,spot_9,Spot 9,Occupied,2026-06-25T20:40:31.153736+00:00,843,car,0.5803086161613464,1090,188.32261657714844,326.4049377441406,224.35386657714844,351.8603210449219
2026-06-25T20:58:35.750203+00:00,spot_10,Spot 10,Empty,2026-06-25T20:43:14.925600+00:00,,,,,,,,
2026-06-25T20:58:35.750203+00:00,spot_11,Spot 11,Occupied,2026-06-25T20:45:33.981185+00:00,848,car,0.8951061367988586,790,122.61909484863281,321.4866638183594,176.1405792236328,347.0472106933594
2026-06-25T20:58:35.750203+00:00,spot_12,Spot 12,Occupied,2026-06-25T20:40:31.153736+00:00,837,car,0.7782451510429382,1090,85.66456604003906,318.27587890625,131.3937225341797,340.1756591796875
2026-06-25T20:58:35.750203+00:00,spot_13,Spot 13,Empty,2026-06-25T20:43:14.925600+00:00,,,,,,,,
2026-06-25T20:58:35.750203+00:00,spot_14,Spot 14,Occupied,2026-06-25T20:56:20.544046+00:00,852,truck,0.4954816401004791,134,31.936439514160156,312.6053161621094,91.09925079345703,336.2616271972656
2026-06-25T20:58:35.750203+00:00,spot_15,Spot 15,Empty,2026-06-25T20:50:23.909550+00:00,,,,,,,,
2026-06-25T20:58:35.750203+00:00,spot_16,Spot 16,Occupied,2026-06-25T20:40:31.153736+00:00,842,car,0.688780665397644,1090,20.886425018310547,313.2164306640625,47.000125885009766,330.18310546875
2026-06-25T20:58:35.750203+00:00,spot_17,Spot 17,Empty,2026-06-25T18:08:23.061954+00:00,,,,,,,,
2026-06-25T20:59:46.512424+00:00,spot_1,Spot 1,Empty,2026-06-25T20:27:24.576680+00:00,,,,,,,,
2026-06-25T20:59:46.512424+00:00,spot_2,Spot 2,Empty,2026-06-25T20:43:14.925600+00:00,,,,,,,,
2026-06-25T20:59:46.512424+00:00,spot_3,Spot 3,Occupied,2026-06-25T20:54:53.777174+00:00,847,car,0.3988049328327179,926,449.0264892578125,319.5361328125,497.924560546875,368.2899169921875
2026-06-25T20:59:46.512424+00:00,spot_4,Spot 4,Empty,2026-06-25T20:44:21.813899+00:00,,,,,,,,
2026-06-25T20:59:46.512424+00:00,spot_5,Spot 5,Occupied,2026-06-25T20:40:31.153736+00:00,835,truck,0.8471367359161377,1154,324.9561767578125,319.25177001953125,400.56414794921875,368.2569580078125
2026-06-25T20:59:46.512424+00:00,spot_6,Spot 6,Empty,2026-06-25T19:30:25.322185+00:00,,,,,,,,
2026-06-25T20:59:46.512424+00:00,spot_7,Spot 7,Empty,2026-06-25T20:40:31.153736+00:00,,,,,,,,
2026-06-25T20:59:46.512424+00:00,spot_8,Spot 8,Occupied,2026-06-25T20:40:31.153736+00:00,840,car,0.7801234126091003,1154,207.7047119140625,322.1644287109375,275.4447021484375,357.03173828125
2026-06-25T20:59:46.512424+00:00,spot_9,Spot 9,Occupied,2026-06-25T20:40:31.153736+00:00,843,car,0.5932192802429199,1154,189.04031372070312,326.0367431640625,223.91473388671875,351.6192626953125
2026-06-25T20:59:46.512424+00:00,spot_10,Spot 10,Empty,2026-06-25T20:43:14.925600+00:00,,,,,,,,
2026-06-25T20:59:46.512424+00:00,spot_11,Spot 11,Occupied,2026-06-25T20:45:33.981185+00:00,848,car,0.8954298496246338,854,122.65647888183594,322.1846923828125,176.26426696777344,347.12713623046875
2026-06-25T20:59:46.512424+00:00,spot_12,Spot 12,Occupied,2026-06-25T20:40:31.153736+00:00,837,car,0.8151692748069763,1154,85.774658203125,318.289794921875,132.06411743164062,340.0555419921875
2026-06-25T20:59:46.512424+00:00,spot_13,Spot 13,Empty,2026-06-25T20:43:14.925600+00:00,,,,,,,,
2026-06-25T20:59:46.512424+00:00,spot_14,Spot 14,Occupied,2026-06-25T20:59:46.512424+00:00,854,car,0.647546648979187,0,31.99098014831543,312.728515625,90.33004760742188,336.2598876953125
2026-06-25T20:59:46.512424+00:00,spot_15,Spot 15,Empty,2026-06-25T20:50:23.909550+00:00,,,,,,,,
2026-06-25T20:59:46.512424+00:00,spot_16,Spot 16,Occupied,2026-06-25T20:40:31.153736+00:00,842,car,0.7267583012580872,1154,21.418720245361328,313.39398193359375,48.11653518676758,329.968994140625
2026-06-25T20:59:46.512424+00:00,spot_17,Spot 17,Empty,2026-06-25T18:08:23.061954+00:00,,,,,,,,
2026-06-25T21:00:54.325817+00:00,spot_1,Spot 1,Empty,2026-06-25T20:27:24.576680+00:00,,,,,,,,
2026-06-25T21:00:54.325817+00:00,spot_2,Spot 2,Empty,2026-06-25T20:43:14.925600+00:00,,,,,,,,
2026-06-25T21:00:54.325817+00:00,spot_3,Spot 3,Occupied,2026-06-25T21:00:54.325817+00:00,853,truck,0.47444140911102295,134,449.3118896484375,319.3392333984375,499.40716552734375,367.91162109375
2026-06-25T21:00:54.325817+00:00,spot_4,Spot 4,Empty,2026-06-25T20:44:21.813899+00:00,,,,,,,,
2026-06-25T21:00:54.325817+00:00,spot_5,Spot 5,Occupied,2026-06-25T20:40:31.153736+00:00,835,truck,0.8461069464683533,1224,325.01934814453125,319.2901611328125,400.67095947265625,368.2723388671875
2026-06-25T21:00:54.325817+00:00,spot_6,Spot 6,Empty,2026-06-25T19:30:25.322185+00:00,,,,,,,,
2026-06-25T21:00:54.325817+00:00,spot_7,Spot 7,Empty,2026-06-25T20:40:31.153736+00:00,,,,,,,,
2026-06-25T21:00:54.325817+00:00,spot_8,Spot 8,Occupied,2026-06-25T20:40:31.153736+00:00,840,car,0.8258057832717896,1224,207.76776123046875,322.5438232421875,277.947021484375,356.93701171875
2026-06-25T21:00:54.325817+00:00,spot_9,Spot 9,Occupied,2026-06-25T20:40:31.153736+00:00,843,car,0.6253780126571655,1224,187.11627197265625,325.34326171875,224.19473266601562,351.6051025390625
2026-06-25T21:00:54.325817+00:00,spot_10,Spot 10,Empty,2026-06-25T20:43:14.925600+00:00,,,,,,,,
2026-06-25T21:00:54.325817+00:00,spot_11,Spot 11,Occupied,2026-06-25T20:45:33.981185+00:00,848,car,0.8934435248374939,924,122.75857543945312,322.05767822265625,176.43399047851562,347.04852294921875
2026-06-25T21:00:54.325817+00:00,spot_12,Spot 12,Occupied,2026-06-25T20:40:31.153736+00:00,837,car,0.7771250009536743,1224,85.95579528808594,318.3360290527344,130.9268035888672,340.0552062988281
2026-06-25T21:00:54.325817+00:00,spot_13,Spot 13,Empty,2026-06-25T20:43:14.925600+00:00,,,,,,,,
2026-06-25T21:00:54.325817+00:00,spot_14,Spot 14,Occupied,2026-06-25T21:00:54.325817+00:00,852,truck,0.42109912633895874,268,31.31153106689453,312.86309814453125,90.68534851074219,336.21173095703125
2026-06-25T21:00:54.325817+00:00,spot_15,Spot 15,Empty,2026-06-25T20:50:23.909550+00:00,,,,,,,,
2026-06-25T21:00:54.325817+00:00,spot_16,Spot 16,Occupied,2026-06-25T20:40:31.153736+00:00,842,car,0.6008762717247009,1224,21.91338348388672,313.35491943359375,47.92534637451172,329.87322998046875
2026-06-25T21:00:54.325817+00:00,spot_17,Spot 17,Empty,2026-06-25T18:08:23.061954+00:00,,,,,,,,
2026-06-25T21:01:58.277233+00:00,spot_1,Spot 1,Empty,2026-06-25T20:27:24.576680+00:00,,,,,,,,
2026-06-25T21:01:58.277233+00:00,spot_2,Spot 2,Empty,2026-06-25T20:43:14.925600+00:00,,,,,,,,
2026-06-25T21:01:58.277233+00:00,spot_3,Spot 3,Occupied,2026-06-25T21:01:58.277233+00:00,847,car,0.7385517954826355,1063,449.3409423828125,319.63140869140625,498.9625244140625,366.78668212890625
2026-06-25T21:01:58.277233+00:00,spot_4,Spot 4,Empty,2026-06-25T20:44:21.813899+00:00,,,,,,,,
2026-06-25T21:01:58.277233+00:00,spot_5,Spot 5,Occupied,2026-06-25T20:40:31.153736+00:00,835,truck,0.859439492225647,1291,324.54315185546875,318.98468017578125,400.69195556640625,367.9835205078125
2026-06-25T21:01:58.277233+00:00,spot_6,Spot 6,Empty,2026-06-25T19:30:25.322185+00:00,,,,,,,,
2026-06-25T21:01:58.277233+00:00,spot_7,Spot 7,Empty,2026-06-25T20:40:31.153736+00:00,,,,,,,,
2026-06-25T21:01:58.277233+00:00,spot_8,Spot 8,Occupied,2026-06-25T20:40:31.153736+00:00,840,car,0.7570784687995911,1291,207.31893920898438,322.663330078125,275.4786071777344,356.747802734375
2026-06-25T21:01:58.277233+00:00,spot_9,Spot 9,Occupied,2026-06-25T20:40:31.153736+00:00,843,car,0.7258819341659546,1291,187.1831817626953,324.38165283203125,224.42164611816406,351.90753173828125
2026-06-25T21:01:58.277233+00:00,spot_10,Spot 10,Empty,2026-06-25T20:43:14.925600+00:00,,,,,,,,
2026-06-25T21:01:58.277233+00:00,spot_11,Spot 11,Occupied,2026-06-25T20:45:33.981185+00:00,848,car,0.8962357640266418,991,122.7758560180664,322.2261962890625,176.32723999023438,346.983154296875
2026-06-25T21:01:58.277233+00:00,spot_12,Spot 12,Occupied,2026-06-25T20:40:31.153736+00:00,837,car,0.8143407702445984,1291,85.59878540039062,317.9068603515625,131.59637451171875,339.922119140625
2026-06-25T21:01:58.277233+00:00,spot_13,Spot 13,Empty,2026-06-25T20:43:14.925600+00:00,,,,,,,,
2026-06-25T21:01:58.277233+00:00,spot_14,Spot 14,Occupied,2026-06-25T21:01:58.277233+00:00,854,car,0.517268717288971,136,34.17314910888672,312.86083984375,91.34732818603516,336.0762939453125
2026-06-25T21:01:58.277233+00:00,spot_15,Spot 15,Empty,2026-06-25T20:50:23.909550+00:00,,,,,,,,
2026-06-25T21:01:58.277233+00:00,spot_16,Spot 16,Occupied,2026-06-25T20:40:31.153736+00:00,842,car,0.6677926182746887,1291,21.115570068359375,312.9651794433594,48.27948760986328,329.7313537597656
2026-06-25T21:01:58.277233+00:00,spot_17,Spot 17,Empty,2026-06-25T18:08:23.061954+00:00,,,,,,,,
2026-06-25T21:03:15.136348+00:00,spot_1,Spot 1,Empty,2026-06-25T20:27:24.576680+00:00,,,,,,,,
2026-06-25T21:03:15.136348+00:00,spot_2,Spot 2,Empty,2026-06-25T20:43:14.925600+00:00,,,,,,,,
2026-06-25T21:03:15.136348+00:00,spot_3,Spot 3,Occupied,2026-06-25T21:03:15.136348+00:00,853,truck,0.5790138840675354,272,449.533447265625,319.41015625,498.353759765625,367.11767578125
2026-06-25T21:03:15.136348+00:00,spot_4,Spot 4,Empty,2026-06-25T20:44:21.813899+00:00,,,,,,,,
2026-06-25T21:03:15.136348+00:00,spot_5,Spot 5,Occupied,2026-06-25T20:40:31.153736+00:00,835,truck,0.891332745552063,1363,324.77435302734375,319.0552673339844,400.66168212890625,367.0498962402344
2026-06-25T21:03:15.136348+00:00,spot_6,Spot 6,Empty,2026-06-25T19:30:25.322185+00:00,,,,,,,,
2026-06-25T21:03:15.136348+00:00,spot_7,Spot 7,Empty,2026-06-25T20:40:31.153736+00:00,,,,,,,,
2026-06-25T21:03:15.136348+00:00,spot_8,Spot 8,Occupied,2026-06-25T20:40:31.153736+00:00,840,car,0.8210921883583069,1363,207.82894897460938,322.0869140625,275.60675048828125,356.494140625
2026-06-25T21:03:15.136348+00:00,spot_9,Spot 9,Occupied,2026-06-25T20:40:31.153736+00:00,843,car,0.6555360555648804,1363,187.557861328125,324.1481018066406,225.8116455078125,351.3176574707031
2026-06-25T21:03:15.136348+00:00,spot_10,Spot 10,Empty,2026-06-25T20:43:14.925600+00:00,,,,,,,,
2026-06-25T21:03:15.136348+00:00,spot_11,Spot 11,Occupied,2026-06-25T20:45:33.981185+00:00,848,car,0.898540735244751,1063,123.14982604980469,322.1810302734375,176.4111785888672,346.5914306640625
2026-06-25T21:03:15.136348+00:00,spot_12,Spot 12,Occupied,2026-06-25T20:40:31.153736+00:00,837,car,0.7315298318862915,1363,85.8577880859375,317.76824951171875,129.70481872558594,339.71173095703125
2026-06-25T21:03:15.136348+00:00,spot_13,Spot 13,Empty,2026-06-25T20:43:14.925600+00:00,,,,,,,,
2026-06-25T21:03:15.136348+00:00,spot_14,Spot 14,Occupied,2026-06-25T21:01:58.277233+00:00,854,car,0.4386701285839081,208,34.17210388183594,312.57861328125,91.31019592285156,336.3065185546875
2026-06-25T21:03:15.136348+00:00,spot_15,Spot 15,Empty,2026-06-25T20:50:23.909550+00:00,,,,,,,,
2026-06-25T21:03:15.136348+00:00,spot_16,Spot 16,Occupied,2026-06-25T20:40:31.153736+00:00,842,car,0.6724207997322083,1363,22.73611831665039,312.80450439453125,45.8862419128418,329.5189208984375
2026-06-25T21:03:15.136348+00:00,spot_17,Spot 17,Empty,2026-06-25T18:08:23.061954+00:00,,,,,,,,
2026-06-25T21:04:11.943652+00:00,spot_1,Spot 1,Empty,2026-06-25T20:27:24.576680+00:00,,,,,,,,
2026-06-25T21:04:11.943652+00:00,spot_2,Spot 2,Empty,2026-06-25T20:43:14.925600+00:00,,,,,,,,
2026-06-25T21:04:11.943652+00:00,spot_3,Spot 3,Occupied,2026-06-25T21:03:15.136348+00:00,853,truck,0.7659079432487488,327,449.24609375,319.2686462402344,499.0269775390625,367.2110290527344
2026-06-25T21:04:11.943652+00:00,spot_4,Spot 4,Empty,2026-06-25T20:44:21.813899+00:00,,,,,,,,
2026-06-25T21:04:11.943652+00:00,spot_5,Spot 5,Occupied,2026-06-25T20:40:31.153736+00:00,835,truck,0.8612069487571716,1418,325.50006103515625,319.16461181640625,400.57122802734375,367.58734130859375
2026-06-25T21:04:11.943652+00:00,spot_6,Spot 6,Empty,2026-06-25T19:30:25.322185+00:00,,,,,,,,
2026-06-25T21:04:11.943652+00:00,spot_7,Spot 7,Empty,2026-06-25T20:40:31.153736+00:00,,,,,,,,
2026-06-25T21:04:11.943652+00:00,spot_8,Spot 8,Occupied,2026-06-25T20:40:31.153736+00:00,840,car,0.7768974900245667,1418,206.35015869140625,320.25054931640625,275.9471435546875,356.65594482421875
2026-06-25T21:04:11.943652+00:00,spot_9,Spot 9,Occupied,2026-06-25T20:40:31.153736+00:00,843,car,0.6811021566390991,1418,187.55438232421875,323.1601867675781,223.46417236328125,351.5068054199219
2026-06-25T21:04:11.943652+00:00,spot_10,Spot 10,Empty,2026-06-25T20:43:14.925600+00:00,,,,,,,,
2026-06-25T21:04:11.943652+00:00,spot_11,Spot 11,Occupied,2026-06-25T20:45:33.981185+00:00,848,car,0.8866502642631531,1118,123.06608581542969,322.4373779296875,175.43821716308594,346.8875732421875
2026-06-25T21:04:11.943652+00:00,spot_12,Spot 12,Occupied,2026-06-25T20:40:31.153736+00:00,837,car,0.8130078911781311,1418,84.48356628417969,317.8185729980469,132.3295440673828,339.9421081542969
2026-06-25T21:04:11.943652+00:00,spot_13,Spot 13,Empty,2026-06-25T20:43:14.925600+00:00,,,,,,,,
2026-06-25T21:04:11.943652+00:00,spot_14,Spot 14,Occupied,2026-06-25T21:04:11.943652+00:00,852,truck,0.39252737164497375,462,34.889190673828125,312.6724853515625,88.44407653808594,336.134521484375
2026-06-25T21:04:11.943652+00:00,spot_15,Spot 15,Empty,2026-06-25T20:50:23.909550+00:00,,,,,,,,
2026-06-25T21:04:11.943652+00:00,spot_16,Spot 16,Occupied,2026-06-25T20:40:31.153736+00:00,842,car,0.7107992768287659,1418,21.37464714050293,312.8577575683594,44.22320556640625,329.3923034667969
2026-06-25T21:04:11.943652+00:00,spot_17,Spot 17,Empty,2026-06-25T18:08:23.061954+00:00,,,,,,,,
2026-06-25T21:05:02.747844+00:00,spot_1,Spot 1,Empty,2026-06-25T20:27:24.576680+00:00,,,,,,,,
2026-06-25T21:05:02.747844+00:00,spot_2,Spot 2,Empty,2026-06-25T20:43:14.925600+00:00,,,,,,,,
2026-06-25T21:05:02.747844+00:00,spot_3,Spot 3,Occupied,2026-06-25T21:03:15.136348+00:00,853,truck,0.7659079432487488,380,449.24609375,319.2686462402344,499.0269775390625,367.2110290527344
2026-06-25T21:05:02.747844+00:00,spot_4,Spot 4,Empty,2026-06-25T20:44:21.813899+00:00,,,,,,,,
2026-06-25T21:05:02.747844+00:00,spot_5,Spot 5,Occupied,2026-06-25T20:40:31.153736+00:00,835,truck,0.8612069487571716,1471,325.50006103515625,319.16461181640625,400.57122802734375,367.58734130859375
2026-06-25T21:05:02.747844+00:00,spot_6,Spot 6,Empty,2026-06-25T19:30:25.322185+00:00,,,,,,,,
2026-06-25T21:05:02.747844+00:00,spot_7,Spot 7,Empty,2026-06-25T20:40:31.153736+00:00,,,,,,,,
2026-06-25T21:05:02.747844+00:00,spot_8,Spot 8,Occupied,2026-06-25T20:40:31.153736+00:00,840,car,0.7768974900245667,1471,206.35015869140625,320.25054931640625,275.9471435546875,356.65594482421875
2026-06-25T21:05:02.747844+00:00,spot_9,Spot 9,Occupied,2026-06-25T20:40:31.153736+00:00,843,car,0.6811021566390991,1471,187.55438232421875,323.1601867675781,223.46417236328125,351.5068054199219
2026-06-25T21:05:02.747844+00:00,spot_10,Spot 10,Empty,2026-06-25T20:43:14.925600+00:00,,,,,,,,
2026-06-25T21:05:02.747844+00:00,spot_11,Spot 11,Occupied,2026-06-25T20:45:33.981185+00:00,848,car,0.8866502642631531,1171,123.06608581542969,322.4373779296875,175.43821716308594,346.8875732421875
2026-06-25T21:05:02.747844+00:00,spot_12,Spot 12,Occupied,2026-06-25T20:40:31.153736+00:00,837,car,0.8130078911781311,1471,84.48356628417969,317.8185729980469,132.3295440673828,339.9421081542969
2026-06-25T21:05:02.747844+00:00,spot_13,Spot 13,Empty,2026-06-25T20:43:14.925600+00:00,,,,,,,,
2026-06-25T21:05:02.747844+00:00,spot_14,Spot 14,Occupied,2026-06-25T21:04:11.943652+00:00,852,truck,0.39252737164497375,514,34.889190673828125,312.6724853515625,88.44407653808594,336.134521484375
2026-06-25T21:05:02.747844+00:00,spot_15,Spot 15,Empty,2026-06-25T20:50:23.909550+00:00,,,,,,,,
2026-06-25T21:05:02.747844+00:00,spot_16,Spot 16,Occupied,2026-06-25T20:40:31.153736+00:00,842,car,0.7107992768287659,1471,21.37464714050293,312.8577575683594,44.22320556640625,329.3923034667969
2026-06-25T21:05:02.747844+00:00,spot_17,Spot 17,Empty,2026-06-25T18:08:23.061954+00:00,,,,,,,,
2026-06-25T21:06:05.582434+00:00,spot_1,Spot 1,Empty,2026-06-25T20:27:24.576680+00:00,,,,,,,,
2026-06-25T21:06:05.582434+00:00,spot_2,Spot 2,Empty,2026-06-25T20:43:14.925600+00:00,,,,,,,,
2026-06-25T21:06:05.582434+00:00,spot_3,Spot 3,Occupied,2026-06-25T21:03:15.136348+00:00,853,truck,0.47906526923179626,444,449.27197265625,319.752197265625,498.046630859375,367.45733642578125
2026-06-25T21:06:05.582434+00:00,spot_4,Spot 4,Empty,2026-06-25T20:44:21.813899+00:00,,,,,,,,
2026-06-25T21:06:05.582434+00:00,spot_5,Spot 5,Occupied,2026-06-25T20:40:31.153736+00:00,835,truck,0.8697795271873474,1534,325.40582275390625,319.2293701171875,400.58892822265625,368.2572021484375
2026-06-25T21:06:05.582434+00:00,spot_6,Spot 6,Empty,2026-06-25T19:30:25.322185+00:00,,,,,,,,
2026-06-25T21:06:05.582434+00:00,spot_7,Spot 7,Empty,2026-06-25T20:40:31.153736+00:00,,,,,,,,
2026-06-25T21:06:05.582434+00:00,spot_8,Spot 8,Occupied,2026-06-25T20:40:31.153736+00:00,840,car,0.776541531085968,1534,207.14614868164062,319.128662109375,275.2146911621094,356.4910888671875
2026-06-25T21:06:05.582434+00:00,spot_9,Spot 9,Occupied,2026-06-25T20:40:31.153736+00:00,843,car,0.7129837274551392,1534,187.22604370117188,323.11669921875,223.83334350585938,350.9403076171875
2026-06-25T21:06:05.582434+00:00,spot_10,Spot 10,Empty,2026-06-25T20:43:14.925600+00:00,,,,,,,,
2026-06-25T21:06:05.582434+00:00,spot_11,Spot 11,Occupied,2026-06-25T20:45:33.981185+00:00,848,car,0.8877630233764648,1234,122.88739013671875,322.38458251953125,176.22146606445312,347.05975341796875
2026-06-25T21:06:05.582434+00:00,spot_12,Spot 12,Occupied,2026-06-25T20:40:31.153736+00:00,837,car,0.8161733746528625,1534,85.3994140625,317.6239013671875,132.00711059570312,339.96270751953125
2026-06-25T21:06:05.582434+00:00,spot_13,Spot 13,Empty,2026-06-25T20:43:14.925600+00:00,,,,,,,,
2026-06-25T21:06:05.582434+00:00,spot_14,Spot 14,Occupied,2026-06-25T21:04:11.943652+00:00,852,truck,0.47282111644744873,578,31.29155731201172,312.8399963378906,87.71013641357422,336.2898254394531
2026-06-25T21:06:05.582434+00:00,spot_15,Spot 15,Occupied,2026-06-25T21:06:05.582434+00:00,854,car,0.42789509892463684,380,31.28466033935547,312.8211669921875,87.49005126953125,336.226318359375
2026-06-25T21:06:05.582434+00:00,spot_16,Spot 16,Occupied,2026-06-25T20:40:31.153736+00:00,842,car,0.6464909315109253,1534,20.752300262451172,312.9635009765625,45.968563079833984,329.8497314453125
2026-06-25T21:06:05.582434+00:00,spot_17,Spot 17,Empty,2026-06-25T18:08:23.061954+00:00,,,,,,,,
2026-06-25T21:07:10.819387+00:00,spot_1,Spot 1,Empty,2026-06-25T20:27:24.576680+00:00,,,,,,,,
2026-06-25T21:07:10.819387+00:00,spot_2,Spot 2,Empty,2026-06-25T20:43:14.925600+00:00,,,,,,,,
2026-06-25T21:07:10.819387+00:00,spot_3,Spot 3,Occupied,2026-06-25T21:07:10.819387+00:00,855,car,0.4486255943775177,62,449.44842529296875,319.5889892578125,499.3194580078125,366.782958984375
2026-06-25T21:07:10.819387+00:00,spot_4,Spot 4,Empty,2026-06-25T20:44:21.813899+00:00,,,,,,,,
2026-06-25T21:07:10.819387+00:00,spot_5,Spot 5,Occupied,2026-06-25T20:40:31.153736+00:00,835,truck,0.8504494428634644,1597,324.70751953125,318.940673828125,400.385009765625,368.002197265625
2026-06-25T21:07:10.819387+00:00,spot_6,Spot 6,Empty,2026-06-25T19:30:25.322185+00:00,,,,,,,,
2026-06-25T21:07:10.819387+00:00,spot_7,Spot 7,Empty,2026-06-25T20:40:31.153736+00:00,,,,,,,,
2026-06-25T21:07:10.819387+00:00,spot_8,Spot 8,Occupied,2026-06-25T20:40:31.153736+00:00,840,car,0.6618140339851379,1597,208.19082641601562,319.6295166015625,275.8630676269531,356.6146240234375
2026-06-25T21:07:10.819387+00:00,spot_9,Spot 9,Occupied,2026-06-25T20:40:31.153736+00:00,843,car,0.7213747501373291,1597,187.43499755859375,324.94720458984375,223.03472900390625,351.13702392578125
2026-06-25T21:07:10.819387+00:00,spot_10,Spot 10,Empty,2026-06-25T20:43:14.925600+00:00,,,,,,,,
2026-06-25T21:07:10.819387+00:00,spot_11,Spot 11,Occupied,2026-06-25T20:45:33.981185+00:00,848,car,0.8969779014587402,1297,122.69732666015625,322.1536865234375,176.05853271484375,346.9359130859375
2026-06-25T21:07:10.819387+00:00,spot_12,Spot 12,Occupied,2026-06-25T20:40:31.153736+00:00,837,car,0.8265669345855713,1597,85.62767028808594,318.1636047363281,132.01516723632812,339.9771423339844
2026-06-25T21:07:10.819387+00:00,spot_13,Spot 13,Empty,2026-06-25T20:43:14.925600+00:00,,,,,,,,
2026-06-25T21:07:10.819387+00:00,spot_14,Spot 14,Occupied,2026-06-25T21:04:11.943652+00:00,852,truck,0.5314784646034241,641,32.32469177246094,312.8192138671875,92.38593292236328,336.1932373046875
2026-06-25T21:07:10.819387+00:00,spot_15,Spot 15,Empty,2026-06-25T21:07:10.819387+00:00,,,,,,,,
2026-06-25T21:07:10.819387+00:00,spot_16,Spot 16,Occupied,2026-06-25T20:40:31.153736+00:00,842,car,0.5750700235366821,1597,21.40781021118164,312.9093933105469,42.425106048583984,329.6034240722656
2026-06-25T21:07:10.819387+00:00,spot_17,Spot 17,Empty,2026-06-25T18:08:23.061954+00:00,,,,,,,,
2026-06-25T21:08:14.285155+00:00,spot_1,Spot 1,Empty,2026-06-25T20:27:24.576680+00:00,,,,,,,,
2026-06-25T21:08:14.285155+00:00,spot_2,Spot 2,Empty,2026-06-25T20:43:14.925600+00:00,,,,,,,,
2026-06-25T21:08:14.285155+00:00,spot_3,Spot 3,Occupied,2026-06-25T21:08:14.285155+00:00,853,truck,0.7371959090232849,570,449.4195556640625,319.192626953125,499.0775146484375,367.25341796875
2026-06-25T21:08:14.285155+00:00,spot_4,Spot 4,Empty,2026-06-25T20:44:21.813899+00:00,,,,,,,,
2026-06-25T21:08:14.285155+00:00,spot_5,Spot 5,Occupied,2026-06-25T20:40:31.153736+00:00,835,truck,0.8719051480293274,1661,324.75726318359375,318.97186279296875,401.09478759765625,368.08087158203125
2026-06-25T21:08:14.285155+00:00,spot_6,Spot 6,Empty,2026-06-25T19:30:25.322185+00:00,,,,,,,,
2026-06-25T21:08:14.285155+00:00,spot_7,Spot 7,Empty,2026-06-25T20:40:31.153736+00:00,,,,,,,,
2026-06-25T21:08:14.285155+00:00,spot_8,Spot 8,Occupied,2026-06-25T20:40:31.153736+00:00,840,car,0.7909437417984009,1661,208.53524780273438,321.733642578125,275.5484924316406,356.361572265625
2026-06-25T21:08:14.285155+00:00,spot_9,Spot 9,Occupied,2026-06-25T20:40:31.153736+00:00,843,car,0.7470600605010986,1661,187.62091064453125,324.83551025390625,223.79541015625,351.68170166015625
2026-06-25T21:08:14.285155+00:00,spot_10,Spot 10,Empty,2026-06-25T20:43:14.925600+00:00,,,,,,,,
2026-06-25T21:08:14.285155+00:00,spot_11,Spot 11,Occupied,2026-06-25T20:45:33.981185+00:00,848,car,0.9012792706489563,1361,122.89714050292969,322.159912109375,175.84629821777344,346.76788330078125
2026-06-25T21:08:14.285155+00:00,spot_12,Spot 12,Occupied,2026-06-25T20:40:31.153736+00:00,837,car,0.7898192405700684,1661,84.879638671875,317.8152160644531,129.66354370117188,339.8412780761719
2026-06-25T21:08:14.285155+00:00,spot_13,Spot 13,Empty,2026-06-25T20:43:14.925600+00:00,,,,,,,,
2026-06-25T21:08:14.285155+00:00,spot_14,Spot 14,Occupied,2026-06-25T21:04:11.943652+00:00,852,truck,0.5625489950180054,704,30.60956573486328,312.43878173828125,90.19132995605469,335.98492431640625
2026-06-25T21:08:14.285155+00:00,spot_15,Spot 15,Empty,2026-06-25T21:07:10.819387+00:00,,,,,,,,
2026-06-25T21:08:14.285155+00:00,spot_16,Spot 16,Occupied,2026-06-25T20:40:31.153736+00:00,842,car,0.6919726133346558,1661,21.276473999023438,312.66168212890625,42.923851013183594,329.43212890625
2026-06-25T21:08:14.285155+00:00,spot_17,Spot 17,Empty,2026-06-25T18:08:23.061954+00:00,,,,,,,,
2026-06-25T21:09:13.343921+00:00,spot_1,Spot 1,Empty,2026-06-25T20:27:24.576680+00:00,,,,,,,,
2026-06-25T21:09:13.343921+00:00,spot_2,Spot 2,Empty,2026-06-25T20:43:14.925600+00:00,,,,,,,,
2026-06-25T21:09:13.343921+00:00,spot_3,Spot 3,Occupied,2026-06-25T21:08:14.285155+00:00,853,truck,0.6225398182868958,628,449.68475341796875,318.50628662109375,499.06768798828125,367.6610107421875
2026-06-25T21:09:13.343921+00:00,spot_4,Spot 4,Empty,2026-06-25T20:44:21.813899+00:00,,,,,,,,
2026-06-25T21:09:13.343921+00:00,spot_5,Spot 5,Occupied,2026-06-25T20:40:31.153736+00:00,835,truck,0.8290494680404663,1719,324.6463623046875,318.84490966796875,400.75634765625,367.48651123046875
2026-06-25T21:09:13.343921+00:00,spot_6,Spot 6,Empty,2026-06-25T19:30:25.322185+00:00,,,,,,,,
2026-06-25T21:09:13.343921+00:00,spot_7,Spot 7,Empty,2026-06-25T20:40:31.153736+00:00,,,,,,,,
2026-06-25T21:09:13.343921+00:00,spot_8,Spot 8,Occupied,2026-06-25T20:40:31.153736+00:00,840,car,0.7638337016105652,1719,208.23770141601562,320.51806640625,274.8645935058594,356.27545166015625
2026-06-25T21:09:13.343921+00:00,spot_9,Spot 9,Occupied,2026-06-25T20:40:31.153736+00:00,843,car,0.7548828721046448,1719,187.5895538330078,324.84857177734375,223.9720001220703,351.46307373046875
2026-06-25T21:09:13.343921+00:00,spot_10,Spot 10,Empty,2026-06-25T20:43:14.925600+00:00,,,,,,,,
2026-06-25T21:09:13.343921+00:00,spot_11,Spot 11,Occupied,2026-06-25T20:45:33.981185+00:00,848,car,0.8985100984573364,1419,123.08870697021484,321.98626708984375,176.03329467773438,346.79339599609375
2026-06-25T21:09:13.343921+00:00,spot_12,Spot 12,Occupied,2026-06-25T20:40:31.153736+00:00,837,car,0.7788720726966858,1719,84.37742614746094,317.852294921875,126.84466552734375,339.9359130859375
2026-06-25T21:09:13.343921+00:00,spot_13,Spot 13,Empty,2026-06-25T20:43:14.925600+00:00,,,,,,,,
2026-06-25T21:09:13.343921+00:00,spot_14,Spot 14,Empty,2026-06-25T21:09:13.343921+00:00,,,,,,,,
2026-06-25T21:09:13.343921+00:00,spot_15,Spot 15,Occupied,2026-06-25T21:09:13.343921+00:00,852,truck,0.4741888642311096,762,31.630760192871094,312.7015380859375,85.25985717773438,336.0997314453125
2026-06-25T21:09:13.343921+00:00,spot_16,Spot 16,Occupied,2026-06-25T20:40:31.153736+00:00,842,car,0.7169644832611084,1719,21.718730926513672,312.52490234375,45.02878952026367,329.5460205078125
2026-06-25T21:09:13.343921+00:00,spot_17,Spot 17,Empty,2026-06-25T18:08:23.061954+00:00,,,,,,,,
2026-06-25T21:10:03.600456+00:00,spot_1,Spot 1,Empty,2026-06-25T20:27:24.576680+00:00,,,,,,,,
2026-06-25T21:10:03.600456+00:00,spot_2,Spot 2,Empty,2026-06-25T20:43:14.925600+00:00,,,,,,,,
2026-06-25T21:10:03.600456+00:00,spot_3,Spot 3,Occupied,2026-06-25T21:08:14.285155+00:00,853,truck,0.7120239734649658,692,449.463623046875,318.91290283203125,498.5443115234375,366.46624755859375
2026-06-25T21:10:03.600456+00:00,spot_4,Spot 4,Empty,2026-06-25T20:44:21.813899+00:00,,,,,,,,
2026-06-25T21:10:03.600456+00:00,spot_5,Spot 5,Occupied,2026-06-25T20:40:31.153736+00:00,835,truck,0.8605359792709351,1782,324.388916015625,318.9027099609375,400.57958984375,367.0487060546875
2026-06-25T21:10:03.600456+00:00,spot_6,Spot 6,Empty,2026-06-25T19:30:25.322185+00:00,,,,,,,,
2026-06-25T21:10:03.600456+00:00,spot_7,Spot 7,Empty,2026-06-25T20:40:31.153736+00:00,,,,,,,,
2026-06-25T21:10:03.600456+00:00,spot_8,Spot 8,Occupied,2026-06-25T20:40:31.153736+00:00,840,car,0.7307577729225159,1782,206.99505615234375,323.00885009765625,275.3814697265625,355.574462890625
2026-06-25T21:10:03.600456+00:00,spot_9,Spot 9,Occupied,2026-06-25T20:40:31.153736+00:00,843,car,0.6790066361427307,1782,187.42071533203125,324.340576171875,223.81854248046875,351.3646240234375
2026-06-25T21:10:03.600456+00:00,spot_10,Spot 10,Empty,2026-06-25T20:43:14.925600+00:00,,,,,,,,
2026-06-25T21:10:03.600456+00:00,spot_11,Spot 11,Occupied,2026-06-25T20:45:33.981185+00:00,848,car,0.9005793929100037,1482,122.98451232910156,322.20257568359375,176.1459503173828,346.62396240234375
2026-06-25T21:10:03.600456+00:00,spot_12,Spot 12,Occupied,2026-06-25T20:40:31.153736+00:00,837,car,0.7859821319580078,1782,85.55992126464844,317.527099609375,131.23741149902344,339.17449951171875
2026-06-25T21:10:03.600456+00:00,spot_13,Spot 13,Empty,2026-06-25T20:43:14.925600+00:00,,,,,,,,
2026-06-25T21:10:03.600456+00:00,spot_14,Spot 14,Occupied,2026-06-25T21:10:03.600456+00:00,852,truck,0.4864032566547394,826,31.495851516723633,312.42779541015625,91.38679504394531,336.02496337890625
2026-06-25T21:10:03.600456+00:00,spot_15,Spot 15,Empty,2026-06-25T21:10:03.600456+00:00,,,,,,,,
2026-06-25T21:10:03.600456+00:00,spot_16,Spot 16,Occupied,2026-06-25T20:40:31.153736+00:00,842,car,0.7111861109733582,1782,21.694961547851562,312.70697021484375,43.26347351074219,329.16510009765625
2026-06-25T21:10:03.600456+00:00,spot_17,Spot 17,Empty,2026-06-25T18:08:23.061954+00:00,,,,,,,,
2026-06-25T21:11:24.612782+00:00,spot_1,Spot 1,Empty,2026-06-25T20:27:24.576680+00:00,,,,,,,,
2026-06-25T21:11:24.612782+00:00,spot_2,Spot 2,Empty,2026-06-25T20:43:14.925600+00:00,,,,,,,,
2026-06-25T21:11:24.612782+00:00,spot_3,Spot 3,Occupied,2026-06-25T21:08:14.285155+00:00,853,truck,0.7469373345375061,764,449.4637145996094,319.37646484375,498.3293151855469,367.604248046875
2026-06-25T21:11:24.612782+00:00,spot_4,Spot 4,Empty,2026-06-25T20:44:21.813899+00:00,,,,,,,,
2026-06-25T21:11:24.612782+00:00,spot_5,Spot 5,Occupied,2026-06-25T20:40:31.153736+00:00,835,truck,0.8239574432373047,1854,325.45489501953125,319.0842590332031,400.52728271484375,368.0262145996094
2026-06-25T21:11:24.612782+00:00,spot_6,Spot 6,Empty,2026-06-25T19:30:25.322185+00:00,,,,,,,,
2026-06-25T21:11:24.612782+00:00,spot_7,Spot 7,Empty,2026-06-25T20:40:31.153736+00:00,,,,,,,,
2026-06-25T21:11:24.612782+00:00,spot_8,Spot 8,Occupied,2026-06-25T20:40:31.153736+00:00,840,car,0.7975879311561584,1854,207.208251953125,319.49566650390625,276.3479309082031,355.86944580078125
2026-06-25T21:11:24.612782+00:00,spot_9,Spot 9,Occupied,2026-06-25T20:40:31.153736+00:00,843,car,0.49528467655181885,1854,187.49322509765625,324.0123596191406,223.05551147460938,350.5558166503906
2026-06-25T21:11:24.612782+00:00,spot_10,Spot 10,Empty,2026-06-25T20:43:14.925600+00:00,,,,,,,,
2026-06-25T21:11:24.612782+00:00,spot_11,Spot 11,Occupied,2026-06-25T20:45:33.981185+00:00,848,car,0.9012777805328369,1554,122.84169006347656,322.3294677734375,176.49391174316406,346.383544921875
2026-06-25T21:11:24.612782+00:00,spot_12,Spot 12,Occupied,2026-06-25T20:40:31.153736+00:00,837,car,0.7516469359397888,1854,85.9520263671875,317.7125244140625,132.49107360839844,339.9306640625
2026-06-25T21:11:24.612782+00:00,spot_13,Spot 13,Empty,2026-06-25T20:43:14.925600+00:00,,,,,,,,
2026-06-25T21:11:24.612782+00:00,spot_14,Spot 14,Occupied,2026-06-25T21:10:03.600456+00:00,852,truck,0.49452781677246094,898,31.14210319519043,312.7127380371094,90.9876708984375,336.2093811035156
2026-06-25T21:11:24.612782+00:00,spot_15,Spot 15,Empty,2026-06-25T21:10:03.600456+00:00,,,,,,,,
2026-06-25T21:11:24.612782+00:00,spot_16,Spot 16,Occupied,2026-06-25T20:40:31.153736+00:00,842,car,0.582958996295929,1854,21.673864364624023,312.63262939453125,47.79596710205078,329.22235107421875
2026-06-25T21:11:24.612782+00:00,spot_17,Spot 17,Empty,2026-06-25T18:08:23.061954+00:00,,,,,,,,
2026-06-25T21:12:24.485053+00:00,spot_1,Spot 1,Empty,2026-06-25T20:27:24.576680+00:00,,,,,,,,
2026-06-25T21:12:24.485053+00:00,spot_2,Spot 2,Empty,2026-06-25T20:43:14.925600+00:00,,,,,,,,
2026-06-25T21:12:24.485053+00:00,spot_3,Spot 3,Occupied,2026-06-25T21:08:14.285155+00:00,853,truck,0.6600444316864014,822,449.3001708984375,319.3323974609375,498.408447265625,367.50299072265625
2026-06-25T21:12:24.485053+00:00,spot_4,Spot 4,Empty,2026-06-25T20:44:21.813899+00:00,,,,,,,,
2026-06-25T21:12:24.485053+00:00,spot_5,Spot 5,Occupied,2026-06-25T20:40:31.153736+00:00,835,truck,0.8979181051254272,1912,325.6602783203125,319.08929443359375,400.3994140625,367.2205810546875
2026-06-25T21:12:24.485053+00:00,spot_6,Spot 6,Empty,2026-06-25T19:30:25.322185+00:00,,,,,,,,
2026-06-25T21:12:24.485053+00:00,spot_7,Spot 7,Empty,2026-06-25T20:40:31.153736+00:00,,,,,,,,
2026-06-25T21:12:24.485053+00:00,spot_8,Spot 8,Occupied,2026-06-25T20:40:31.153736+00:00,840,car,0.8081010580062866,1912,207.55245971679688,323.3758544921875,275.0409240722656,355.9755859375
2026-06-25T21:12:24.485053+00:00,spot_9,Spot 9,Occupied,2026-06-25T20:40:31.153736+00:00,843,car,0.572476327419281,1912,187.54150390625,325.1955261230469,222.48858642578125,351.0055847167969
2026-06-25T21:12:24.485053+00:00,spot_10,Spot 10,Empty,2026-06-25T20:43:14.925600+00:00,,,,,,,,
2026-06-25T21:12:24.485053+00:00,spot_11,Spot 11,Occupied,2026-06-25T20:45:33.981185+00:00,848,car,0.8994128704071045,1612,122.98278045654297,322.420166015625,176.022705078125,346.53192138671875
2026-06-25T21:12:24.485053+00:00,spot_12,Spot 12,Occupied,2026-06-25T20:40:31.153736+00:00,837,car,0.8240929841995239,1912,85.41107177734375,317.9742126464844,132.4581298828125,339.7242736816406
2026-06-25T21:12:24.485053+00:00,spot_13,Spot 13,Empty,2026-06-25T20:43:14.925600+00:00,,,,,,,,
2026-06-25T21:12:24.485053+00:00,spot_14,Spot 14,Occupied,2026-06-25T21:10:03.600456+00:00,852,truck,0.42985260486602783,956,32.208824157714844,312.645263671875,91.3409194946289,336.1180419921875
2026-06-25T21:12:24.485053+00:00,spot_15,Spot 15,Empty,2026-06-25T21:10:03.600456+00:00,,,,,,,,
2026-06-25T21:12:24.485053+00:00,spot_16,Spot 16,Occupied,2026-06-25T20:40:31.153736+00:00,842,car,0.4696311950683594,1912,21.91094970703125,312.55096435546875,42.73387145996094,329.32904052734375
2026-06-25T21:12:24.485053+00:00,spot_17,Spot 17,Empty,2026-06-25T18:08:23.061954+00:00,,,,,,,,
2026-06-25T21:13:24.383966+00:00,spot_1,Spot 1,Empty,2026-06-25T20:27:24.576680+00:00,,,,,,,,
2026-06-25T21:13:24.383966+00:00,spot_2,Spot 2,Empty,2026-06-25T20:43:14.925600+00:00,,,,,,,,
2026-06-25T21:13:24.383966+00:00,spot_3,Spot 3,Occupied,2026-06-25T21:08:14.285155+00:00,853,truck,0.7051630020141602,882,449.6396484375,319.38934326171875,498.3099365234375,368.04779052734375
2026-06-25T21:13:24.383966+00:00,spot_4,Spot 4,Empty,2026-06-25T20:44:21.813899+00:00,,,,,,,,
2026-06-25T21:13:24.383966+00:00,spot_5,Spot 5,Occupied,2026-06-25T20:40:31.153736+00:00,835,truck,0.8674086928367615,1973,324.34814453125,319.11004638671875,400.45703125,367.85577392578125
2026-06-25T21:13:24.383966+00:00,spot_6,Spot 6,Empty,2026-06-25T19:30:25.322185+00:00,,,,,,,,
2026-06-25T21:13:24.383966+00:00,spot_7,Spot 7,Empty,2026-06-25T20:40:31.153736+00:00,,,,,,,,
2026-06-25T21:13:24.383966+00:00,spot_8,Spot 8,Occupied,2026-06-25T20:40:31.153736+00:00,840,car,0.8425115942955017,1973,207.66488647460938,321.2964782714844,275.7590026855469,356.2408142089844
2026-06-25T21:13:24.383966+00:00,spot_9,Spot 9,Occupied,2026-06-25T20:40:31.153736+00:00,843,car,0.6294567584991455,1973,187.32550048828125,323.4394836425781,222.87042236328125,351.2198791503906
2026-06-25T21:13:24.383966+00:00,spot_10,Spot 10,Empty,2026-06-25T20:43:14.925600+00:00,,,,,,,,
2026-06-25T21:13:24.383966+00:00,spot_11,Spot 11,Occupied,2026-06-25T20:45:33.981185+00:00,848,car,0.8962686061859131,1673,123.02175903320312,321.7948303222656,175.89703369140625,346.4938049316406
2026-06-25T21:13:24.383966+00:00,spot_12,Spot 12,Occupied,2026-06-25T20:40:31.153736+00:00,837,car,0.8188856244087219,1973,84.63908386230469,317.72076416015625,132.36044311523438,339.69000244140625
2026-06-25T21:13:24.383966+00:00,spot_13,Spot 13,Empty,2026-06-25T20:43:14.925600+00:00,,,,,,,,
2026-06-25T21:13:24.383966+00:00,spot_14,Spot 14,Occupied,2026-06-25T21:10:03.600456+00:00,852,truck,0.5477790236473083,1016,31.54829978942871,312.77276611328125,91.52465057373047,336.12933349609375
2026-06-25T21:13:24.383966+00:00,spot_15,Spot 15,Empty,2026-06-25T21:10:03.600456+00:00,,,,,,,,
2026-06-25T21:13:24.383966+00:00,spot_16,Spot 16,Occupied,2026-06-25T20:40:31.153736+00:00,842,car,0.6373072862625122,1973,21.46775245666504,312.76153564453125,44.25635528564453,329.19647216796875
2026-06-25T21:13:24.383966+00:00,spot_17,Spot 17,Empty,2026-06-25T18:08:23.061954+00:00,,,,,,,,
2026-06-25T21:14:25.082103+00:00,spot_1,Spot 1,Empty,2026-06-25T20:27:24.576680+00:00,,,,,,,,
2026-06-25T21:14:25.082103+00:00,spot_2,Spot 2,Empty,2026-06-25T20:43:14.925600+00:00,,,,,,,,
2026-06-25T21:14:25.082103+00:00,spot_3,Spot 3,Occupied,2026-06-25T21:08:14.285155+00:00,853,truck,0.4885159432888031,942,449.6912536621094,319.40557861328125,499.4269714355469,368.69073486328125
2026-06-25T21:14:25.082103+00:00,spot_4,Spot 4,Empty,2026-06-25T20:44:21.813899+00:00,,,,,,,,
2026-06-25T21:14:25.082103+00:00,spot_5,Spot 5,Occupied,2026-06-25T20:40:31.153736+00:00,835,truck,0.8587679266929626,2033,325.1205139160156,319.05267333984375,400.7243347167969,367.64849853515625
2026-06-25T21:14:25.082103+00:00,spot_6,Spot 6,Empty,2026-06-25T19:30:25.322185+00:00,,,,,,,,
2026-06-25T21:14:25.082103+00:00,spot_7,Spot 7,Empty,2026-06-25T20:40:31.153736+00:00,,,,,,,,
2026-06-25T21:14:25.082103+00:00,spot_8,Spot 8,Occupied,2026-06-25T20:40:31.153736+00:00,840,car,0.8324599266052246,2033,206.9786376953125,318.614013671875,275.5098876953125,356.5589599609375
2026-06-25T21:14:25.082103+00:00,spot_9,Spot 9,Occupied,2026-06-25T20:40:31.153736+00:00,843,car,0.5803782939910889,2033,187.3606719970703,323.5064697265625,224.1724090576172,351.2742919921875
2026-06-25T21:14:25.082103+00:00,spot_10,Spot 10,Empty,2026-06-25T20:43:14.925600+00:00,,,,,,,,
2026-06-25T21:14:25.082103+00:00,spot_11,Spot 11,Occupied,2026-06-25T20:45:33.981185+00:00,848,car,0.9030703902244568,1732,123.05343627929688,322.38592529296875,176.654541015625,346.68634033203125
2026-06-25T21:14:25.082103+00:00,spot_12,Spot 12,Occupied,2026-06-25T20:40:31.153736+00:00,837,car,0.8086085915565491,2033,84.52976989746094,317.91845703125,132.5834503173828,339.892822265625
2026-06-25T21:14:25.082103+00:00,spot_13,Spot 13,Empty,2026-06-25T20:43:14.925600+00:00,,,,,,,,
2026-06-25T21:14:25.082103+00:00,spot_14,Spot 14,Empty,2026-06-25T21:14:25.082103+00:00,,,,,,,,
2026-06-25T21:14:25.082103+00:00,spot_15,Spot 15,Occupied,2026-06-25T21:14:25.082103+00:00,856,car,0.6331872940063477,0,31.432640075683594,312.7799072265625,82.846923828125,335.9915771484375
2026-06-25T21:14:25.082103+00:00,spot_16,Spot 16,Occupied,2026-06-25T20:40:31.153736+00:00,842,car,0.6189606189727783,2033,21.581527709960938,312.5542907714844,43.559478759765625,329.4801330566406
2026-06-25T21:14:25.082103+00:00,spot_17,Spot 17,Empty,2026-06-25T18:08:23.061954+00:00,,,,,,,,
2026-06-25T21:15:17.122237+00:00,spot_1,Spot 1,Empty,2026-06-25T20:27:24.576680+00:00,,,,,,,,
2026-06-25T21:15:17.122237+00:00,spot_2,Spot 2,Empty,2026-06-25T20:43:14.925600+00:00,,,,,,,,
2026-06-25T21:15:17.122237+00:00,spot_3,Spot 3,Occupied,2026-06-25T21:08:14.285155+00:00,853,truck,0.7515829801559448,992,449.42413330078125,319.65216064453125,498.86822509765625,368.028076171875
2026-06-25T21:15:17.122237+00:00,spot_4,Spot 4,Empty,2026-06-25T20:44:21.813899+00:00,,,,,,,,
2026-06-25T21:15:17.122237+00:00,spot_5,Spot 5,Occupied,2026-06-25T20:40:31.153736+00:00,835,truck,0.8728459477424622,2083,325.85809326171875,318.9775390625,400.55682373046875,367.646484375
2026-06-25T21:15:17.122237+00:00,spot_6,Spot 6,Empty,2026-06-25T19:30:25.322185+00:00,,,,,,,,
2026-06-25T21:15:17.122237+00:00,spot_7,Spot 7,Empty,2026-06-25T20:40:31.153736+00:00,,,,,,,,
2026-06-25T21:15:17.122237+00:00,spot_8,Spot 8,Occupied,2026-06-25T20:40:31.153736+00:00,840,car,0.8138302564620972,2083,206.4837646484375,318.5750427246094,275.4036560058594,356.4112243652344
2026-06-25T21:15:17.122237+00:00,spot_9,Spot 9,Occupied,2026-06-25T20:40:31.153736+00:00,843,car,0.5944163203239441,2083,187.24447631835938,323.79241943359375,223.96530151367188,351.3836669921875
2026-06-25T21:15:17.122237+00:00,spot_10,Spot 10,Empty,2026-06-25T20:43:14.925600+00:00,,,,,,,,
2026-06-25T21:15:17.122237+00:00,spot_11,Spot 11,Occupied,2026-06-25T20:45:33.981185+00:00,848,car,0.8954760432243347,1783,123.170166015625,322.05047607421875,176.64688110351562,346.60516357421875
2026-06-25T21:15:17.122237+00:00,spot_12,Spot 12,Occupied,2026-06-25T20:40:31.153736+00:00,837,car,0.7729529142379761,2083,85.53157043457031,317.99755859375,130.76893615722656,339.8726806640625
2026-06-25T21:15:17.122237+00:00,spot_13,Spot 13,Empty,2026-06-25T20:43:14.925600+00:00,,,,,,,,
2026-06-25T21:15:17.122237+00:00,spot_14,Spot 14,Occupied,2026-06-25T21:15:17.122237+00:00,852,truck,0.45100629329681396,1127,31.63251304626465,312.6768798828125,88.60082244873047,336.077880859375
2026-06-25T21:15:17.122237+00:00,spot_15,Spot 15,Empty,2026-06-25T21:15:17.122237+00:00,,,,,,,,
2026-06-25T21:15:17.122237+00:00,spot_16,Spot 16,Occupied,2026-06-25T20:40:31.153736+00:00,842,car,0.5708524584770203,2083,20.86945343017578,313.04083251953125,44.475746154785156,329.56500244140625
2026-06-25T21:15:17.122237+00:00,spot_17,Spot 17,Empty,2026-06-25T18:08:23.061954+00:00,,,,,,,,
2026-06-25T21:16:09.965552+00:00,spot_1,Spot 1,Empty,2026-06-25T20:27:24.576680+00:00,,,,,,,,
2026-06-25T21:16:09.965552+00:00,spot_2,Spot 2,Empty,2026-06-25T20:43:14.925600+00:00,,,,,,,,
2026-06-25T21:16:09.965552+00:00,spot_3,Spot 3,Occupied,2026-06-25T21:08:14.285155+00:00,853,truck,0.6931233406066895,1046,449.371337890625,319.434326171875,498.5269775390625,368.849609375
2026-06-25T21:16:09.965552+00:00,spot_4,Spot 4,Empty,2026-06-25T20:44:21.813899+00:00,,,,,,,,
2026-06-25T21:16:09.965552+00:00,spot_5,Spot 5,Occupied,2026-06-25T20:40:31.153736+00:00,835,truck,0.8694679737091064,2136,325.52728271484375,319.1153564453125,400.50579833984375,367.800048828125
2026-06-25T21:16:09.965552+00:00,spot_6,Spot 6,Empty,2026-06-25T19:30:25.322185+00:00,,,,,,,,
2026-06-25T21:16:09.965552+00:00,spot_7,Spot 7,Empty,2026-06-25T20:40:31.153736+00:00,,,,,,,,
2026-06-25T21:16:09.965552+00:00,spot_8,Spot 8,Occupied,2026-06-25T20:40:31.153736+00:00,840,car,0.7757413387298584,2136,206.91244506835938,322.3847961425781,274.7772521972656,356.3388977050781
2026-06-25T21:16:09.965552+00:00,spot_9,Spot 9,Occupied,2026-06-25T20:40:31.153736+00:00,843,car,0.6388465166091919,2136,187.49224853515625,324.62322998046875,224.79583740234375,351.53118896484375
2026-06-25T21:16:09.965552+00:00,spot_10,Spot 10,Empty,2026-06-25T20:43:14.925600+00:00,,,,,,,,
2026-06-25T21:16:09.965552+00:00,spot_11,Spot 11,Occupied,2026-06-25T20:45:33.981185+00:00,848,car,0.8999503254890442,1836,122.97657775878906,322.4566650390625,176.27919006347656,346.688232421875
2026-06-25T21:16:09.965552+00:00,spot_12,Spot 12,Occupied,2026-06-25T20:40:31.153736+00:00,837,car,0.804053008556366,2136,84.47322082519531,317.6785583496094,132.37704467773438,339.7342834472656
2026-06-25T21:16:09.965552+00:00,spot_13,Spot 13,Empty,2026-06-25T20:43:14.925600+00:00,,,,,,,,
2026-06-25T21:16:09.965552+00:00,spot_14,Spot 14,Occupied,2026-06-25T21:16:09.965552+00:00,856,car,0.4345906674861908,103,37.39636993408203,312.5301513671875,89.6046371459961,336.12359619140625
2026-06-25T21:16:09.965552+00:00,spot_15,Spot 15,Empty,2026-06-25T21:15:17.122237+00:00,,,,,,,,
2026-06-25T21:16:09.965552+00:00,spot_16,Spot 16,Occupied,2026-06-25T20:40:31.153736+00:00,842,car,0.5932482481002808,2136,21.006912231445312,312.98040771484375,43.06642150878906,329.45916748046875
2026-06-25T21:16:09.965552+00:00,spot_17,Spot 17,Empty,2026-06-25T18:08:23.061954+00:00,,,,,,,,
2026-06-25T21:16:59.613813+00:00,spot_1,Spot 1,Empty,2026-06-25T20:27:24.576680+00:00,,,,,,,,
2026-06-25T21:16:59.613813+00:00,spot_2,Spot 2,Empty,2026-06-25T20:43:14.925600+00:00,,,,,,,,
2026-06-25T21:16:59.613813+00:00,spot_3,Spot 3,Occupied,2026-06-25T21:08:14.285155+00:00,853,truck,0.7547814249992371,1095,449.3791809082031,319.23309326171875,498.7138366699219,368.29107666015625
2026-06-25T21:16:59.613813+00:00,spot_4,Spot 4,Empty,2026-06-25T20:44:21.813899+00:00,,,,,,,,
2026-06-25T21:16:59.613813+00:00,spot_5,Spot 5,Occupied,2026-06-25T20:40:31.153736+00:00,835,truck,0.8902915120124817,2186,325.64349365234375,318.9620666503906,400.61688232421875,367.2862243652344
2026-06-25T21:16:59.613813+00:00,spot_6,Spot 6,Empty,2026-06-25T19:30:25.322185+00:00,,,,,,,,
2026-06-25T21:16:59.613813+00:00,spot_7,Spot 7,Empty,2026-06-25T20:40:31.153736+00:00,,,,,,,,
2026-06-25T21:16:59.613813+00:00,spot_8,Spot 8,Occupied,2026-06-25T20:40:31.153736+00:00,840,car,0.8311877846717834,2186,205.57565307617188,322.76171875,274.5931701660156,355.897705078125
2026-06-25T21:16:59.613813+00:00,spot_9,Spot 9,Occupied,2026-06-25T20:40:31.153736+00:00,843,car,0.6242239475250244,2186,187.5300750732422,324.43292236328125,223.97792053222656,351.04302978515625
2026-06-25T21:16:59.613813+00:00,spot_10,Spot 10,Empty,2026-06-25T20:43:14.925600+00:00,,,,,,,,
2026-06-25T21:16:59.613813+00:00,spot_11,Spot 11,Occupied,2026-06-25T20:45:33.981185+00:00,848,car,0.9038126468658447,1886,123.21530151367188,322.12060546875,176.36880493164062,346.5791015625
2026-06-25T21:16:59.613813+00:00,spot_12,Spot 12,Occupied,2026-06-25T20:40:31.153736+00:00,837,car,0.8386706113815308,2186,84.68190002441406,317.6919250488281,133.3300323486328,339.7848205566406
2026-06-25T21:16:59.613813+00:00,spot_13,Spot 13,Empty,2026-06-25T20:43:14.925600+00:00,,,,,,,,
2026-06-25T21:16:59.613813+00:00,spot_14,Spot 14,Occupied,2026-06-25T21:16:09.965552+00:00,856,car,0.4441797733306885,153,40.76251220703125,312.61749267578125,89.52748107910156,336.20245361328125
2026-06-25T21:16:59.613813+00:00,spot_15,Spot 15,Empty,2026-06-25T21:15:17.122237+00:00,,,,,,,,
2026-06-25T21:16:59.613813+00:00,spot_16,Spot 16,Occupied,2026-06-25T20:40:31.153736+00:00,842,car,0.68610680103302,2186,22.239503860473633,312.6807861328125,43.77845764160156,329.5430908203125
2026-06-25T21:16:59.613813+00:00,spot_17,Spot 17,Empty,2026-06-25T18:08:23.061954+00:00,,,,,,,,
2026-06-25T21:17:54.112111+00:00,spot_1,Spot 1,Empty,2026-06-25T20:27:24.576680+00:00,,,,,,,,
2026-06-25T21:17:54.112111+00:00,spot_2,Spot 2,Empty,2026-06-25T20:43:14.925600+00:00,,,,,,,,
2026-06-25T21:17:54.112111+00:00,spot_3,Spot 3,Occupied,2026-06-25T21:08:14.285155+00:00,853,truck,0.749566376209259,1148,449.5552978515625,318.535400390625,499.053955078125,368.25714111328125
2026-06-25T21:17:54.112111+00:00,spot_4,Spot 4,Occupied,2026-06-25T21:17:54.112111+00:00,858,truck,0.7821857929229736,0,386.551513671875,300.8817138671875,446.917724609375,368.7169189453125
2026-06-25T21:17:54.112111+00:00,spot_5,Spot 5,Occupied,2026-06-25T20:40:31.153736+00:00,835,truck,0.8159130215644836,2239,325.53961181640625,319.39202880859375,398.57171630859375,367.50091552734375
2026-06-25T21:17:54.112111+00:00,spot_6,Spot 6,Empty,2026-06-25T19:30:25.322185+00:00,,,,,,,,
2026-06-25T21:17:54.112111+00:00,spot_7,Spot 7,Empty,2026-06-25T20:40:31.153736+00:00,,,,,,,,
2026-06-25T21:17:54.112111+00:00,spot_8,Spot 8,Occupied,2026-06-25T20:40:31.153736+00:00,840,car,0.8297759294509888,2239,207.9000244140625,322.4891357421875,275.15997314453125,356.541748046875
2026-06-25T21:17:54.112111+00:00,spot_9,Spot 9,Occupied,2026-06-25T20:40:31.153736+00:00,843,car,0.6519997715950012,2239,187.58682250976562,324.67376708984375,225.0537109375,350.740966796875
2026-06-25T21:17:54.112111+00:00,spot_10,Spot 10,Empty,2026-06-25T20:43:14.925600+00:00,,,,,,,,
2026-06-25T21:17:54.112111+00:00,spot_11,Spot 11,Occupied,2026-06-25T20:45:33.981185+00:00,848,car,0.8937187790870667,1939,123.03303527832031,321.969482421875,176.5320281982422,346.4852294921875
2026-06-25T21:17:54.112111+00:00,spot_12,Spot 12,Occupied,2026-06-25T20:40:31.153736+00:00,837,car,0.7721943259239197,2239,86.343994140625,318.136474609375,131.69577026367188,339.529052734375
2026-06-25T21:17:54.112111+00:00,spot_13,Spot 13,Empty,2026-06-25T20:43:14.925600+00:00,,,,,,,,
2026-06-25T21:17:54.112111+00:00,spot_14,Spot 14,Occupied,2026-06-25T21:17:54.112111+00:00,852,truck,0.6376380920410156,1283,31.219467163085938,312.50396728515625,90.16763305664062,336.28948974609375
2026-06-25T21:17:54.112111+00:00,spot_15,Spot 15,Empty,2026-06-25T21:15:17.122237+00:00,,,,,,,,
2026-06-25T21:17:54.112111+00:00,spot_16,Spot 16,Occupied,2026-06-25T20:40:31.153736+00:00,842,car,0.7219145894050598,2239,21.81078338623047,312.8806457519531,46.200401306152344,329.5005798339844
2026-06-25T21:17:54.112111+00:00,spot_17,Spot 17,Empty,2026-06-25T18:08:23.061954+00:00,,,,,,,,
2026-06-25T21:19:16.637259+00:00,spot_1,Spot 1,Empty,2026-06-25T20:27:24.576680+00:00,,,,,,,,
2026-06-25T21:19:16.637259+00:00,spot_2,Spot 2,Empty,2026-06-25T20:43:14.925600+00:00,,,,,,,,
2026-06-25T21:19:16.637259+00:00,spot_3,Spot 3,Occupied,2026-06-25T21:08:14.285155+00:00,853,truck,0.7226354479789734,1234,449.57916259765625,318.6374206542969,500.86041259765625,368.3724670410156
2026-06-25T21:19:16.637259+00:00,spot_4,Spot 4,Empty,2026-06-25T21:19:16.637259+00:00,,,,,,,,
2026-06-25T21:19:16.637259+00:00,spot_5,Spot 5,Occupied,2026-06-25T20:40:31.153736+00:00,835,truck,0.8275583386421204,2325,325.53253173828125,319.39794921875,398.49896240234375,367.9459228515625
2026-06-25T21:19:16.637259+00:00,spot_6,Spot 6,Empty,2026-06-25T19:30:25.322185+00:00,,,,,,,,
2026-06-25T21:19:16.637259+00:00,spot_7,Spot 7,Empty,2026-06-25T20:40:31.153736+00:00,,,,,,,,
2026-06-25T21:19:16.637259+00:00,spot_8,Spot 8,Occupied,2026-06-25T20:40:31.153736+00:00,840,car,0.7717834115028381,2325,207.35400390625,319.5987548828125,275.5530090332031,356.4522705078125
2026-06-25T21:19:16.637259+00:00,spot_9,Spot 9,Occupied,2026-06-25T20:40:31.153736+00:00,843,car,0.49881792068481445,2325,187.34127807617188,324.82061767578125,223.82876586914062,351.12896728515625
2026-06-25T21:19:16.637259+00:00,spot_10,Spot 10,Empty,2026-06-25T20:43:14.925600+00:00,,,,,,,,
2026-06-25T21:19:16.637259+00:00,spot_11,Spot 11,Occupied,2026-06-25T20:45:33.981185+00:00,848,car,0.8974783420562744,2025,122.89401245117188,321.9407043457031,176.61465454101562,346.7049255371094
2026-06-25T21:19:16.637259+00:00,spot_12,Spot 12,Occupied,2026-06-25T20:40:31.153736+00:00,837,car,0.7891936898231506,2325,85.9749755859375,317.89453125,132.3113250732422,339.8990478515625
2026-06-25T21:19:16.637259+00:00,spot_13,Spot 13,Empty,2026-06-25T20:43:14.925600+00:00,,,,,,,,
2026-06-25T21:19:16.637259+00:00,spot_14,Spot 14,Occupied,2026-06-25T21:17:54.112111+00:00,852,truck,0.40196239948272705,1368,47.1121826171875,312.78973388671875,91.63414001464844,336.29949951171875
2026-06-25T21:19:16.637259+00:00,spot_15,Spot 15,Empty,2026-06-25T21:15:17.122237+00:00,,,,,,,,
2026-06-25T21:19:16.637259+00:00,spot_16,Spot 16,Occupied,2026-06-25T20:40:31.153736+00:00,842,car,0.5106812119483948,2325,21.34734344482422,312.51934814453125,47.305816650390625,328.806884765625
2026-06-25T21:19:16.637259+00:00,spot_17,Spot 17,Empty,2026-06-25T18:08:23.061954+00:00,,,,,,,,
2026-06-25T21:20:20.337118+00:00,spot_1,Spot 1,Empty,2026-06-25T20:27:24.576680+00:00,,,,,,,,
2026-06-25T21:20:20.337118+00:00,spot_2,Spot 2,Empty,2026-06-25T20:43:14.925600+00:00,,,,,,,,
2026-06-25T21:20:20.337118+00:00,spot_3,Spot 3,Occupied,2026-06-25T21:08:14.285155+00:00,853,truck,0.7146782279014587,1297,449.7512512207031,319.3888244628906,498.2359924316406,368.4123229980469
2026-06-25T21:20:20.337118+00:00,spot_4,Spot 4,Occupied,2026-06-25T21:20:20.337118+00:00,858,truck,0.40860143303871155,148,387.3916015625,300.77099609375,446.86474609375,368.4212646484375
2026-06-25T21:20:20.337118+00:00,spot_5,Spot 5,Occupied,2026-06-25T20:40:31.153736+00:00,835,truck,0.8036407828330994,2387,325.38397216796875,319.10260009765625,393.69757080078125,368.11138916015625
2026-06-25T21:20:20.337118+00:00,spot_6,Spot 6,Empty,2026-06-25T19:30:25.322185+00:00,,,,,,,,
2026-06-25T21:20:20.337118+00:00,spot_7,Spot 7,Empty,2026-06-25T20:40:31.153736+00:00,,,,,,,,
2026-06-25T21:20:20.337118+00:00,spot_8,Spot 8,Occupied,2026-06-25T20:40:31.153736+00:00,840,car,0.8028124570846558,2387,207.38262939453125,320.13482666015625,277.0008544921875,356.47357177734375
2026-06-25T21:20:20.337118+00:00,spot_9,Spot 9,Occupied,2026-06-25T20:40:31.153736+00:00,843,car,0.702417254447937,2387,187.63568115234375,325.6495056152344,224.12014770507812,351.5584411621094
2026-06-25T21:20:20.337118+00:00,spot_10,Spot 10,Empty,2026-06-25T20:43:14.925600+00:00,,,,,,,,
2026-06-25T21:20:20.337118+00:00,spot_11,Spot 11,Occupied,2026-06-25T20:45:33.981185+00:00,848,car,0.8965597152709961,2087,123.03483581542969,322.080322265625,176.3636016845703,346.939453125
2026-06-25T21:20:20.337118+00:00,spot_12,Spot 12,Occupied,2026-06-25T20:40:31.153736+00:00,837,car,0.7859974503517151,2387,85.68698120117188,317.78607177734375,130.4380645751953,339.84698486328125
2026-06-25T21:20:20.337118+00:00,spot_13,Spot 13,Empty,2026-06-25T20:43:14.925600+00:00,,,,,,,,
2026-06-25T21:20:20.337118+00:00,spot_14,Spot 14,Occupied,2026-06-25T21:17:54.112111+00:00,852,truck,0.3565864562988281,1431,31.104307174682617,312.51324462890625,90.60604858398438,336.13140869140625
2026-06-25T21:20:20.337118+00:00,spot_15,Spot 15,Empty,2026-06-25T21:15:17.122237+00:00,,,,,,,,
2026-06-25T21:20:20.337118+00:00,spot_16,Spot 16,Occupied,2026-06-25T20:40:31.153736+00:00,842,car,0.6156582832336426,2387,21.290557861328125,313.04205322265625,47.41758728027344,329.61724853515625
2026-06-25T21:20:20.337118+00:00,spot_17,Spot 17,Empty,2026-06-25T18:08:23.061954+00:00,,,,,,,,
2026-06-25T21:21:19.913950+00:00,spot_1,Spot 1,Empty,2026-06-25T20:27:24.576680+00:00,,,,,,,,
2026-06-25T21:21:19.913950+00:00,spot_2,Spot 2,Empty,2026-06-25T20:43:14.925600+00:00,,,,,,,,
2026-06-25T21:21:19.913950+00:00,spot_3,Spot 3,Occupied,2026-06-25T21:08:14.285155+00:00,853,truck,0.7755568027496338,1356,449.8021240234375,318.48248291015625,499.25537109375,368.64312744140625
2026-06-25T21:21:19.913950+00:00,spot_4,Spot 4,Occupied,2026-06-25T21:20:20.337118+00:00,858,truck,0.6301254630088806,208,387.2078857421875,299.8123779296875,446.895751953125,368.1727294921875
2026-06-25T21:21:19.913950+00:00,spot_5,Spot 5,Occupied,2026-06-25T20:40:31.153736+00:00,835,truck,0.7994681000709534,2447,324.9893798828125,319.19580078125,391.5718994140625,367.677490234375
2026-06-25T21:21:19.913950+00:00,spot_6,Spot 6,Empty,2026-06-25T19:30:25.322185+00:00,,,,,,,,
2026-06-25T21:21:19.913950+00:00,spot_7,Spot 7,Empty,2026-06-25T20:40:31.153736+00:00,,,,,,,,
2026-06-25T21:21:19.913950+00:00,spot_8,Spot 8,Occupied,2026-06-25T20:40:31.153736+00:00,840,car,0.7868878245353699,2447,207.22537231445312,320.2364501953125,277.3057556152344,356.384765625
2026-06-25T21:21:19.913950+00:00,spot_9,Spot 9,Occupied,2026-06-25T20:40:31.153736+00:00,843,car,0.6048847436904907,2447,187.29421997070312,325.5906982421875,223.3870849609375,350.9952392578125
2026-06-25T21:21:19.913950+00:00,spot_10,Spot 10,Empty,2026-06-25T20:43:14.925600+00:00,,,,,,,,
2026-06-25T21:21:19.913950+00:00,spot_11,Spot 11,Occupied,2026-06-25T20:45:33.981185+00:00,848,car,0.899543821811676,2147,122.92841339111328,321.6114501953125,176.1492919921875,347.0072021484375
2026-06-25T21:21:19.913950+00:00,spot_12,Spot 12,Occupied,2026-06-25T20:40:31.153736+00:00,837,car,0.8444589972496033,2447,86.17062377929688,317.86865234375,132.3430938720703,339.942138671875
2026-06-25T21:21:19.913950+00:00,spot_13,Spot 13,Empty,2026-06-25T20:43:14.925600+00:00,,,,,,,,
2026-06-25T21:21:19.913950+00:00,spot_14,Spot 14,Occupied,2026-06-25T21:21:19.913950+00:00,859,car,0.3703230023384094,0,46.07991027832031,312.83294677734375,91.53781127929688,336.07415771484375
2026-06-25T21:21:19.913950+00:00,spot_15,Spot 15,Empty,2026-06-25T21:15:17.122237+00:00,,,,,,,,
2026-06-25T21:21:19.913950+00:00,spot_16,Spot 16,Occupied,2026-06-25T20:40:31.153736+00:00,842,car,0.5382848381996155,2447,22.22372055053711,313.06500244140625,45.96076583862305,329.51470947265625
2026-06-25T21:21:19.913950+00:00,spot_17,Spot 17,Empty,2026-06-25T18:08:23.061954+00:00,,,,,,,,
2026-06-25T21:22:14.063916+00:00,spot_1,Spot 1,Empty,2026-06-25T20:27:24.576680+00:00,,,,,,,,
2026-06-25T21:22:14.063916+00:00,spot_2,Spot 2,Empty,2026-06-25T20:43:14.925600+00:00,,,,,,,,
2026-06-25T21:22:14.063916+00:00,spot_3,Spot 3,Occupied,2026-06-25T21:08:14.285155+00:00,853,truck,0.7190951704978943,1410,449.77801513671875,319.3780517578125,498.22967529296875,368.665771484375
2026-06-25T21:22:14.063916+00:00,spot_4,Spot 4,Occupied,2026-06-25T21:22:14.063916+00:00,860,car,0.4310169219970703,0,387.1348876953125,328.169189453125,433.227294921875,368.3408203125
2026-06-25T21:22:14.063916+00:00,spot_5,Spot 5,Occupied,2026-06-25T20:40:31.153736+00:00,835,truck,0.83223956823349,2500,324.71942138671875,319.24755859375,392.11602783203125,368.2615966796875
2026-06-25T21:22:14.063916+00:00,spot_6,Spot 6,Empty,2026-06-25T19:30:25.322185+00:00,,,,,,,,
2026-06-25T21:22:14.063916+00:00,spot_7,Spot 7,Empty,2026-06-25T20:40:31.153736+00:00,,,,,,,,
2026-06-25T21:22:14.063916+00:00,spot_8,Spot 8,Occupied,2026-06-25T20:40:31.153736+00:00,840,car,0.8120064735412598,2500,206.63107299804688,320.67572021484375,275.93585205078125,356.59503173828125
2026-06-25T21:22:14.063916+00:00,spot_9,Spot 9,Occupied,2026-06-25T20:40:31.153736+00:00,843,car,0.6467273831367493,2500,187.38034057617188,324.48028564453125,223.65219116210938,351.22393798828125
2026-06-25T21:22:14.063916+00:00,spot_10,Spot 10,Empty,2026-06-25T20:43:14.925600+00:00,,,,,,,,
2026-06-25T21:22:14.063916+00:00,spot_11,Spot 11,Occupied,2026-06-25T20:45:33.981185+00:00,848,car,0.8995376825332642,2200,122.90199279785156,322.30780029296875,176.22462463378906,346.748291015625
2026-06-25T21:22:14.063916+00:00,spot_12,Spot 12,Occupied,2026-06-25T20:40:31.153736+00:00,837,car,0.831299901008606,2500,85.06597900390625,317.7987060546875,132.1553955078125,340.057861328125
2026-06-25T21:22:14.063916+00:00,spot_13,Spot 13,Empty,2026-06-25T20:43:14.925600+00:00,,,,,,,,
2026-06-25T21:22:14.063916+00:00,spot_14,Spot 14,Occupied,2026-06-25T21:21:19.913950+00:00,859,car,0.5523001551628113,53,31.630653381347656,312.62548828125,91.1295166015625,336.015625
2026-06-25T21:22:14.063916+00:00,spot_15,Spot 15,Empty,2026-06-25T21:15:17.122237+00:00,,,,,,,,
2026-06-25T21:22:14.063916+00:00,spot_16,Spot 16,Occupied,2026-06-25T20:40:31.153736+00:00,842,car,0.7298835515975952,2500,21.796367645263672,312.78839111328125,45.36263656616211,329.42633056640625
2026-06-25T21:22:14.063916+00:00,spot_17,Spot 17,Empty,2026-06-25T18:08:23.061954+00:00,,,,,,,,
2026-06-25T21:23:13.870976+00:00,spot_1,Spot 1,Empty,2026-06-25T20:27:24.576680+00:00,,,,,,,,
2026-06-25T21:23:13.870976+00:00,spot_2,Spot 2,Empty,2026-06-25T20:43:14.925600+00:00,,,,,,,,
2026-06-25T21:23:13.870976+00:00,spot_3,Spot 3,Occupied,2026-06-25T21:08:14.285155+00:00,853,truck,0.8050652742385864,1470,449.8135070800781,319.12005615234375,498.4714660644531,368.44146728515625
2026-06-25T21:23:13.870976+00:00,spot_4,Spot 4,Occupied,2026-06-25T21:22:14.063916+00:00,860,car,0.6157665848731995,60,387.0272216796875,328.3247375488281,433.04669189453125,368.7422180175781
2026-06-25T21:23:13.870976+00:00,spot_5,Spot 5,Occupied,2026-06-25T20:40:31.153736+00:00,835,truck,0.7347570061683655,2561,325.14794921875,318.951171875,393.9764404296875,368.34442138671875
2026-06-25T21:23:13.870976+00:00,spot_6,Spot 6,Empty,2026-06-25T19:30:25.322185+00:00,,,,,,,,
2026-06-25T21:23:13.870976+00:00,spot_7,Spot 7,Empty,2026-06-25T20:40:31.153736+00:00,,,,,,,,
2026-06-25T21:23:13.870976+00:00,spot_8,Spot 8,Occupied,2026-06-25T20:40:31.153736+00:00,840,car,0.8379312753677368,2561,206.14019775390625,320.0693054199219,274.6869201660156,356.1479797363281
2026-06-25T21:23:13.870976+00:00,spot_9,Spot 9,Occupied,2026-06-25T20:40:31.153736+00:00,843,car,0.5702875852584839,2561,187.60023498535156,323.7489013671875,222.1248016357422,351.393310546875
2026-06-25T21:23:13.870976+00:00,spot_10,Spot 10,Empty,2026-06-25T20:43:14.925600+00:00,,,,,,,,
2026-06-25T21:23:13.870976+00:00,spot_11,Spot 11,Occupied,2026-06-25T20:45:33.981185+00:00,848,car,0.8975443840026855,2261,122.95941162109375,322.18023681640625,176.23419189453125,346.71527099609375
2026-06-25T21:23:13.870976+00:00,spot_12,Spot 12,Occupied,2026-06-25T20:40:31.153736+00:00,837,car,0.8237506747245789,2561,84.72396850585938,318.1637268066406,132.829833984375,339.8017272949219
2026-06-25T21:23:13.870976+00:00,spot_13,Spot 13,Empty,2026-06-25T20:43:14.925600+00:00,,,,,,,,
2026-06-25T21:23:13.870976+00:00,spot_14,Spot 14,Occupied,2026-06-25T21:23:13.870976+00:00,852,truck,0.39606472849845886,1604,34.53395080566406,312.44586181640625,92.53102111816406,336.06585693359375
2026-06-25T21:23:13.870976+00:00,spot_15,Spot 15,Empty,2026-06-25T21:15:17.122237+00:00,,,,,,,,
2026-06-25T21:23:13.870976+00:00,spot_16,Spot 16,Occupied,2026-06-25T20:40:31.153736+00:00,842,car,0.6536113619804382,2561,20.917808532714844,312.8780517578125,43.27623748779297,329.4552001953125
2026-06-25T21:23:13.870976+00:00,spot_17,Spot 17,Empty,2026-06-25T18:08:23.061954+00:00,,,,,,,,
2026-06-25T21:24:05.484403+00:00,spot_1,Spot 1,Empty,2026-06-25T20:27:24.576680+00:00,,,,,,,,
2026-06-25T21:24:05.484403+00:00,spot_2,Spot 2,Empty,2026-06-25T20:43:14.925600+00:00,,,,,,,,
2026-06-25T21:24:05.484403+00:00,spot_3,Spot 3,Occupied,2026-06-25T21:08:14.285155+00:00,853,truck,0.8050652742385864,1524,449.8135070800781,319.12005615234375,498.4714660644531,368.44146728515625
2026-06-25T21:24:05.484403+00:00,spot_4,Spot 4,Occupied,2026-06-25T21:22:14.063916+00:00,860,car,0.6157665848731995,114,387.0272216796875,328.3247375488281,433.04669189453125,368.7422180175781
2026-06-25T21:24:05.484403+00:00,spot_5,Spot 5,Occupied,2026-06-25T20:40:31.153736+00:00,835,truck,0.7347570061683655,2615,325.14794921875,318.951171875,393.9764404296875,368.34442138671875
2026-06-25T21:24:05.484403+00:00,spot_6,Spot 6,Empty,2026-06-25T19:30:25.322185+00:00,,,,,,,,
2026-06-25T21:24:05.484403+00:00,spot_7,Spot 7,Empty,2026-06-25T20:40:31.153736+00:00,,,,,,,,
2026-06-25T21:24:05.484403+00:00,spot_8,Spot 8,Occupied,2026-06-25T20:40:31.153736+00:00,840,car,0.8379312753677368,2615,206.14019775390625,320.0693054199219,274.6869201660156,356.1479797363281
2026-06-25T21:24:05.484403+00:00,spot_9,Spot 9,Occupied,2026-06-25T20:40:31.153736+00:00,843,car,0.5702875852584839,2615,187.60023498535156,323.7489013671875,222.1248016357422,351.393310546875
2026-06-25T21:24:05.484403+00:00,spot_10,Spot 10,Empty,2026-06-25T20:43:14.925600+00:00,,,,,,,,
2026-06-25T21:24:05.484403+00:00,spot_11,Spot 11,Occupied,2026-06-25T20:45:33.981185+00:00,848,car,0.8975443840026855,2314,122.95941162109375,322.18023681640625,176.23419189453125,346.71527099609375
2026-06-25T21:24:05.484403+00:00,spot_12,Spot 12,Occupied,2026-06-25T20:40:31.153736+00:00,837,car,0.8237506747245789,2615,84.72396850585938,318.1637268066406,132.829833984375,339.8017272949219
2026-06-25T21:24:05.484403+00:00,spot_13,Spot 13,Empty,2026-06-25T20:43:14.925600+00:00,,,,,,,,
2026-06-25T21:24:05.484403+00:00,spot_14,Spot 14,Occupied,2026-06-25T21:23:13.870976+00:00,852,truck,0.39606472849845886,1658,34.53395080566406,312.44586181640625,92.53102111816406,336.06585693359375
2026-06-25T21:24:05.484403+00:00,spot_15,Spot 15,Empty,2026-06-25T21:15:17.122237+00:00,,,,,,,,
2026-06-25T21:24:05.484403+00:00,spot_16,Spot 16,Occupied,2026-06-25T20:40:31.153736+00:00,842,car,0.6536113619804382,2615,20.917808532714844,312.8780517578125,43.27623748779297,329.4552001953125
2026-06-25T21:24:05.484403+00:00,spot_17,Spot 17,Empty,2026-06-25T18:08:23.061954+00:00,,,,,,,,
2026-06-25T21:25:07.985422+00:00,spot_1,Spot 1,Empty,2026-06-25T20:27:24.576680+00:00,,,,,,,,
2026-06-25T21:25:07.985422+00:00,spot_2,Spot 2,Empty,2026-06-25T20:43:14.925600+00:00,,,,,,,,
2026-06-25T21:25:07.985422+00:00,spot_3,Spot 3,Occupied,2026-06-25T21:08:14.285155+00:00,853,truck,0.7900460362434387,1585,449.83905029296875,319.19512939453125,498.22515869140625,368.48406982421875
2026-06-25T21:25:07.985422+00:00,spot_4,Spot 4,Occupied,2026-06-25T21:25:07.985422+00:00,861,truck,0.6623553037643433,0,387.90826416015625,321.9576416015625,446.68743896484375,367.8876953125
2026-06-25T21:25:07.985422+00:00,spot_5,Spot 5,Occupied,2026-06-25T20:40:31.153736+00:00,835,truck,0.8052452802658081,2675,324.73919677734375,318.7818603515625,394.9046630859375,367.37060546875
2026-06-25T21:25:07.985422+00:00,spot_6,Spot 6,Empty,2026-06-25T19:30:25.322185+00:00,,,,,,,,
2026-06-25T21:25:07.985422+00:00,spot_7,Spot 7,Empty,2026-06-25T20:40:31.153736+00:00,,,,,,,,
2026-06-25T21:25:07.985422+00:00,spot_8,Spot 8,Occupied,2026-06-25T20:40:31.153736+00:00,840,car,0.7425737977027893,2675,207.23345947265625,322.87347412109375,274.6395263671875,356.05682373046875
2026-06-25T21:25:07.985422+00:00,spot_9,Spot 9,Occupied,2026-06-25T20:40:31.153736+00:00,843,car,0.7150178551673889,2675,187.50973510742188,324.50604248046875,225.12673950195312,351.43536376953125
2026-06-25T21:25:07.985422+00:00,spot_10,Spot 10,Empty,2026-06-25T20:43:14.925600+00:00,,,,,,,,
2026-06-25T21:25:07.985422+00:00,spot_11,Spot 11,Occupied,2026-06-25T20:45:33.981185+00:00,848,car,0.9021588563919067,2375,123.12915802001953,322.19219970703125,176.31890869140625,346.7391357421875
2026-06-25T21:25:07.985422+00:00,spot_12,Spot 12,Occupied,2026-06-25T20:40:31.153736+00:00,837,car,0.6648523211479187,2675,83.86949157714844,317.7652587890625,127.64358520507812,339.708984375
2026-06-25T21:25:07.985422+00:00,spot_13,Spot 13,Empty,2026-06-25T20:43:14.925600+00:00,,,,,,,,
2026-06-25T21:25:07.985422+00:00,spot_14,Spot 14,Empty,2026-06-25T21:25:07.985422+00:00,,,,,,,,
2026-06-25T21:25:07.985422+00:00,spot_15,Spot 15,Occupied,2026-06-25T21:25:07.985422+00:00,852,truck,0.5244574546813965,1719,31.39886474609375,312.3280029296875,81.31645965576172,335.756591796875
2026-06-25T21:25:07.985422+00:00,spot_16,Spot 16,Occupied,2026-06-25T20:40:31.153736+00:00,842,car,0.6113869547843933,2675,22.226043701171875,312.86492919921875,42.8890380859375,329.38946533203125
2026-06-25T21:25:07.985422+00:00,spot_17,Spot 17,Empty,2026-06-25T18:08:23.061954+00:00,,,,,,,,
2026-06-25T21:25:59.910217+00:00,spot_1,Spot 1,Empty,2026-06-25T20:27:24.576680+00:00,,,,,,,,
2026-06-25T21:25:59.910217+00:00,spot_2,Spot 2,Empty,2026-06-25T20:43:14.925600+00:00,,,,,,,,
2026-06-25T21:25:59.910217+00:00,spot_3,Spot 3,Occupied,2026-06-25T21:08:14.285155+00:00,853,truck,0.6949377059936523,1647,449.89862060546875,319.19793701171875,498.12335205078125,368.36016845703125
2026-06-25T21:25:59.910217+00:00,spot_4,Spot 4,Occupied,2026-06-25T21:25:07.985422+00:00,861,truck,0.36471283435821533,62,388.03375244140625,300.5057373046875,447.04083251953125,368.038330078125
2026-06-25T21:25:59.910217+00:00,spot_5,Spot 5,Occupied,2026-06-25T20:40:31.153736+00:00,835,truck,0.8430895805358887,2738,325.3055419921875,318.87548828125,392.275146484375,367.3551025390625
2026-06-25T21:25:59.910217+00:00,spot_6,Spot 6,Empty,2026-06-25T19:30:25.322185+00:00,,,,,,,,
2026-06-25T21:25:59.910217+00:00,spot_7,Spot 7,Empty,2026-06-25T20:40:31.153736+00:00,,,,,,,,
2026-06-25T21:25:59.910217+00:00,spot_8,Spot 8,Occupied,2026-06-25T20:40:31.153736+00:00,840,car,0.6265199184417725,2738,206.77264404296875,322.5987548828125,275.3878173828125,355.994140625
2026-06-25T21:25:59.910217+00:00,spot_9,Spot 9,Occupied,2026-06-25T20:40:31.153736+00:00,843,car,0.6596059799194336,2738,187.60348510742188,324.03369140625,223.67385864257812,351.0120849609375
2026-06-25T21:25:59.910217+00:00,spot_10,Spot 10,Empty,2026-06-25T20:43:14.925600+00:00,,,,,,,,
2026-06-25T21:25:59.910217+00:00,spot_11,Spot 11,Occupied,2026-06-25T20:45:33.981185+00:00,848,car,0.8988836407661438,2438,123.12252807617188,321.89837646484375,176.35867309570312,346.50823974609375
2026-06-25T21:25:59.910217+00:00,spot_12,Spot 12,Occupied,2026-06-25T20:40:31.153736+00:00,837,car,0.8369600772857666,2738,87.25936889648438,317.44854736328125,132.8512420654297,339.831787109375
2026-06-25T21:25:59.910217+00:00,spot_13,Spot 13,Empty,2026-06-25T20:43:14.925600+00:00,,,,,,,,
2026-06-25T21:25:59.910217+00:00,spot_14,Spot 14,Empty,2026-06-25T21:25:07.985422+00:00,,,,,,,,
2026-06-25T21:25:59.910217+00:00,spot_15,Spot 15,Occupied,2026-06-25T21:25:59.910217+00:00,862,car,0.8029270172119141,0,32.278045654296875,317.74761962890625,71.44015502929688,333.03424072265625
2026-06-25T21:25:59.910217+00:00,spot_16,Spot 16,Occupied,2026-06-25T20:40:31.153736+00:00,842,car,0.7112887501716614,2738,22.234291076660156,312.7834167480469,44.63465881347656,329.3649597167969
2026-06-25T21:25:59.910217+00:00,spot_17,Spot 17,Empty,2026-06-25T18:08:23.061954+00:00,,,,,,,,
2026-06-25T21:27:19.709625+00:00,spot_1,Spot 1,Empty,2026-06-25T20:27:24.576680+00:00,,,,,,,,
2026-06-25T21:27:19.709625+00:00,spot_2,Spot 2,Empty,2026-06-25T20:43:14.925600+00:00,,,,,,,,
2026-06-25T21:27:19.709625+00:00,spot_3,Spot 3,Occupied,2026-06-25T21:08:14.285155+00:00,853,truck,0.7432059049606323,1718,450.0712890625,319.16107177734375,499.920166015625,367.30364990234375
2026-06-25T21:27:19.709625+00:00,spot_4,Spot 4,Occupied,2026-06-25T21:25:07.985422+00:00,861,truck,0.5172508358955383,133,388.0516357421875,272.75860595703125,448.3897705078125,368.12799072265625
2026-06-25T21:27:19.709625+00:00,spot_5,Spot 5,Occupied,2026-06-25T20:40:31.153736+00:00,835,truck,0.8584797978401184,2808,325.42681884765625,318.8150634765625,393.99407958984375,367.16064453125
2026-06-25T21:27:19.709625+00:00,spot_6,Spot 6,Empty,2026-06-25T19:30:25.322185+00:00,,,,,,,,
2026-06-25T21:27:19.709625+00:00,spot_7,Spot 7,Empty,2026-06-25T20:40:31.153736+00:00,,,,,,,,
2026-06-25T21:27:19.709625+00:00,spot_8,Spot 8,Occupied,2026-06-25T20:40:31.153736+00:00,840,car,0.6912838816642761,2808,207.5501708984375,322.2900390625,273.68328857421875,356.1478271484375
2026-06-25T21:27:19.709625+00:00,spot_9,Spot 9,Occupied,2026-06-25T20:40:31.153736+00:00,843,car,0.7082003951072693,2808,187.593505859375,324.4346923828125,224.5103759765625,351.11114501953125
2026-06-25T21:27:19.709625+00:00,spot_10,Spot 10,Empty,2026-06-25T20:43:14.925600+00:00,,,,,,,,
2026-06-25T21:27:19.709625+00:00,spot_11,Spot 11,Occupied,2026-06-25T20:45:33.981185+00:00,848,car,0.9017752408981323,2508,123.29794311523438,322.1151123046875,176.2598876953125,346.2276611328125
2026-06-25T21:27:19.709625+00:00,spot_12,Spot 12,Occupied,2026-06-25T20:40:31.153736+00:00,837,car,0.8171113133430481,2808,87.16712951660156,317.5191650390625,131.7954559326172,339.3787841796875
2026-06-25T21:27:19.709625+00:00,spot_13,Spot 13,Empty,2026-06-25T20:43:14.925600+00:00,,,,,,,,
2026-06-25T21:27:19.709625+00:00,spot_14,Spot 14,Empty,2026-06-25T21:25:07.985422+00:00,,,,,,,,
2026-06-25T21:27:19.709625+00:00,spot_15,Spot 15,Occupied,2026-06-25T21:25:59.910217+00:00,862,car,0.7833090424537659,70,30.899620056152344,318.07037353515625,72.57514953613281,332.97515869140625
2026-06-25T21:27:19.709625+00:00,spot_16,Spot 16,Occupied,2026-06-25T20:40:31.153736+00:00,842,car,0.6106588840484619,2808,22.301021575927734,312.72650146484375,44.76144790649414,329.41943359375
2026-06-25T21:27:19.709625+00:00,spot_17,Spot 17,Empty,2026-06-25T18:08:23.061954+00:00,,,,,,,,
2026-06-25T21:28:17.240655+00:00,spot_1,Spot 1,Empty,2026-06-25T20:27:24.576680+00:00,,,,,,,,
2026-06-25T21:28:17.240655+00:00,spot_2,Spot 2,Empty,2026-06-25T20:43:14.925600+00:00,,,,,,,,
2026-06-25T21:28:17.240655+00:00,spot_3,Spot 3,Occupied,2026-06-25T21:08:14.285155+00:00,853,truck,0.7432059049606323,1776,450.0712890625,319.16107177734375,499.920166015625,367.30364990234375
2026-06-25T21:28:17.240655+00:00,spot_4,Spot 4,Occupied,2026-06-25T21:25:07.985422+00:00,861,truck,0.5172508358955383,190,388.0516357421875,272.75860595703125,448.3897705078125,368.12799072265625
2026-06-25T21:28:17.240655+00:00,spot_5,Spot 5,Occupied,2026-06-25T20:40:31.153736+00:00,835,truck,0.8584797978401184,2866,325.42681884765625,318.8150634765625,393.99407958984375,367.16064453125
2026-06-25T21:28:17.240655+00:00,spot_6,Spot 6,Empty,2026-06-25T19:30:25.322185+00:00,,,,,,,,
2026-06-25T21:28:17.240655+00:00,spot_7,Spot 7,Empty,2026-06-25T20:40:31.153736+00:00,,,,,,,,
2026-06-25T21:28:17.240655+00:00,spot_8,Spot 8,Occupied,2026-06-25T20:40:31.153736+00:00,840,car,0.6912838816642761,2866,207.5501708984375,322.2900390625,273.68328857421875,356.1478271484375
2026-06-25T21:28:17.240655+00:00,spot_9,Spot 9,Occupied,2026-06-25T20:40:31.153736+00:00,843,car,0.7082003951072693,2866,187.593505859375,324.4346923828125,224.5103759765625,351.11114501953125
2026-06-25T21:28:17.240655+00:00,spot_10,Spot 10,Empty,2026-06-25T20:43:14.925600+00:00,,,,,,,,
2026-06-25T21:28:17.240655+00:00,spot_11,Spot 11,Occupied,2026-06-25T20:45:33.981185+00:00,848,car,0.9017752408981323,2566,123.29794311523438,322.1151123046875,176.2598876953125,346.2276611328125
2026-06-25T21:28:17.240655+00:00,spot_12,Spot 12,Occupied,2026-06-25T20:40:31.153736+00:00,837,car,0.8171113133430481,2866,87.16712951660156,317.5191650390625,131.7954559326172,339.3787841796875
2026-06-25T21:28:17.240655+00:00,spot_13,Spot 13,Empty,2026-06-25T20:43:14.925600+00:00,,,,,,,,
2026-06-25T21:28:17.240655+00:00,spot_14,Spot 14,Empty,2026-06-25T21:25:07.985422+00:00,,,,,,,,
2026-06-25T21:28:17.240655+00:00,spot_15,Spot 15,Occupied,2026-06-25T21:25:59.910217+00:00,862,car,0.7833090424537659,128,30.899620056152344,318.07037353515625,72.57514953613281,332.97515869140625
2026-06-25T21:28:17.240655+00:00,spot_16,Spot 16,Occupied,2026-06-25T20:40:31.153736+00:00,842,car,0.6106588840484619,2866,22.301021575927734,312.72650146484375,44.76144790649414,329.41943359375
2026-06-25T21:28:17.240655+00:00,spot_17,Spot 17,Empty,2026-06-25T18:08:23.061954+00:00,,,,,,,,
2026-06-25T21:29:17.669999+00:00,spot_1,Spot 1,Empty,2026-06-25T20:27:24.576680+00:00,,,,,,,,
2026-06-25T21:29:17.669999+00:00,spot_2,Spot 2,Empty,2026-06-25T20:43:14.925600+00:00,,,,,,,,
2026-06-25T21:29:17.669999+00:00,spot_3,Spot 3,Occupied,2026-06-25T21:08:14.285155+00:00,853,truck,0.7709497213363647,1835,450.28857421875,318.8070983886719,499.5367431640625,367.9369812011719
2026-06-25T21:29:17.669999+00:00,spot_4,Spot 4,Occupied,2026-06-25T21:25:07.985422+00:00,861,truck,0.3712225556373596,250,388.17669677734375,298.9822082519531,447.8192138671875,368.2496032714844
2026-06-25T21:29:17.669999+00:00,spot_5,Spot 5,Occupied,2026-06-25T20:40:31.153736+00:00,835,truck,0.8308984637260437,2926,324.6640625,318.856201171875,395.4715576171875,367.30908203125
2026-06-25T21:29:17.669999+00:00,spot_6,Spot 6,Empty,2026-06-25T19:30:25.322185+00:00,,,,,,,,
2026-06-25T21:29:17.669999+00:00,spot_7,Spot 7,Empty,2026-06-25T20:40:31.153736+00:00,,,,,,,,
2026-06-25T21:29:17.669999+00:00,spot_8,Spot 8,Occupied,2026-06-25T20:40:31.153736+00:00,840,car,0.8037150502204895,2926,207.50448608398438,322.55047607421875,277.2672424316406,355.17523193359375
2026-06-25T21:29:17.669999+00:00,spot_9,Spot 9,Occupied,2026-06-25T20:40:31.153736+00:00,843,car,0.5389097929000854,2926,187.8848114013672,324.3629150390625,225.07957458496094,351.3504638671875
2026-06-25T21:29:17.669999+00:00,spot_10,Spot 10,Empty,2026-06-25T20:43:14.925600+00:00,,,,,,,,
2026-06-25T21:29:17.669999+00:00,spot_11,Spot 11,Occupied,2026-06-25T20:45:33.981185+00:00,848,car,0.9050593972206116,2626,123.24032592773438,322.0602722167969,176.51895141601562,346.1239929199219
2026-06-25T21:29:17.669999+00:00,spot_12,Spot 12,Occupied,2026-06-25T20:40:31.153736+00:00,837,car,0.8471487164497375,2926,87.46749877929688,317.393310546875,131.6780242919922,339.089111328125
2026-06-25T21:29:17.669999+00:00,spot_13,Spot 13,Empty,2026-06-25T20:43:14.925600+00:00,,,,,,,,
2026-06-25T21:29:17.669999+00:00,spot_14,Spot 14,Empty,2026-06-25T21:25:07.985422+00:00,,,,,,,,
2026-06-25T21:29:17.669999+00:00,spot_15,Spot 15,Occupied,2026-06-25T21:25:59.910217+00:00,862,car,0.8127603530883789,187,31.50701141357422,317.20330810546875,72.32129669189453,332.88720703125
2026-06-25T21:29:17.669999+00:00,spot_16,Spot 16,Occupied,2026-06-25T20:40:31.153736+00:00,842,car,0.6688215732574463,2926,22.96611785888672,312.6858215332031,44.39691925048828,328.6756286621094
2026-06-25T21:29:17.669999+00:00,spot_17,Spot 17,Empty,2026-06-25T18:08:23.061954+00:00,,,,,,,,
2026-06-25T21:30:22.253213+00:00,spot_1,Spot 1,Empty,2026-06-25T20:27:24.576680+00:00,,,,,,,,
2026-06-25T21:30:22.253213+00:00,spot_2,Spot 2,Empty,2026-06-25T20:43:14.925600+00:00,,,,,,,,
2026-06-25T21:30:22.253213+00:00,spot_3,Spot 3,Occupied,2026-06-25T21:08:14.285155+00:00,853,truck,0.7013242244720459,1898,450.3837890625,318.93609619140625,500.162841796875,367.640625
2026-06-25T21:30:22.253213+00:00,spot_4,Spot 4,Occupied,2026-06-25T21:25:07.985422+00:00,861,truck,0.8049076199531555,313,387.28411865234375,288.38250732421875,448.46185302734375,367.77728271484375
2026-06-25T21:30:22.253213+00:00,spot_5,Spot 5,Occupied,2026-06-25T20:40:31.153736+00:00,835,truck,0.8535334467887878,2989,325.2079772949219,318.6959533691406,392.9897766113281,367.3720397949219
2026-06-25T21:30:22.253213+00:00,spot_6,Spot 6,Empty,2026-06-25T19:30:25.322185+00:00,,,,,,,,
2026-06-25T21:30:22.253213+00:00,spot_7,Spot 7,Empty,2026-06-25T20:40:31.153736+00:00,,,,,,,,
2026-06-25T21:30:22.253213+00:00,spot_8,Spot 8,Occupied,2026-06-25T20:40:31.153736+00:00,840,car,0.773794412612915,2989,207.7484130859375,322.72052001953125,274.4893798828125,355.6405029296875
2026-06-25T21:30:22.253213+00:00,spot_9,Spot 9,Occupied,2026-06-25T20:40:31.153736+00:00,843,car,0.4087991714477539,2989,188.39259338378906,323.4856872558594,227.7523956298828,350.6159973144531
2026-06-25T21:30:22.253213+00:00,spot_10,Spot 10,Empty,2026-06-25T20:43:14.925600+00:00,,,,,,,,
2026-06-25T21:30:22.253213+00:00,spot_11,Spot 11,Occupied,2026-06-25T20:45:33.981185+00:00,848,car,0.8994570374488831,2689,123.23395538330078,322.2606201171875,176.34393310546875,346.04150390625
2026-06-25T21:30:22.253213+00:00,spot_12,Spot 12,Occupied,2026-06-25T20:40:31.153736+00:00,837,car,0.7947445511817932,2989,87.48051452636719,317.3153076171875,132.95230102539062,339.364501953125
2026-06-25T21:30:22.253213+00:00,spot_13,Spot 13,Empty,2026-06-25T20:43:14.925600+00:00,,,,,,,,
2026-06-25T21:30:22.253213+00:00,spot_14,Spot 14,Empty,2026-06-25T21:25:07.985422+00:00,,,,,,,,
2026-06-25T21:30:22.253213+00:00,spot_15,Spot 15,Occupied,2026-06-25T21:25:59.910217+00:00,862,car,0.8406614065170288,250,31.35187530517578,316.9664306640625,72.63092803955078,332.8765869140625
2026-06-25T21:30:22.253213+00:00,spot_16,Spot 16,Occupied,2026-06-25T20:40:31.153736+00:00,842,car,0.6268173456192017,2989,22.83628273010254,312.55810546875,44.21002960205078,328.9422607421875
2026-06-25T21:30:22.253213+00:00,spot_17,Spot 17,Empty,2026-06-25T18:08:23.061954+00:00,,,,,,,,
2026-06-25T21:31:21.614808+00:00,spot_1,Spot 1,Empty,2026-06-25T20:27:24.576680+00:00,,,,,,,,
2026-06-25T21:31:21.614808+00:00,spot_2,Spot 2,Empty,2026-06-25T20:43:14.925600+00:00,,,,,,,,
2026-06-25T21:31:21.614808+00:00,spot_3,Spot 3,Occupied,2026-06-25T21:08:14.285155+00:00,853,truck,0.7043335437774658,1958,450.15948486328125,318.9931640625,499.54229736328125,367.9375
2026-06-25T21:31:21.614808+00:00,spot_4,Spot 4,Occupied,2026-06-25T21:25:07.985422+00:00,861,truck,0.3531893789768219,372,388.39569091796875,288.5810852050781,447.93865966796875,367.8244934082031
2026-06-25T21:31:21.614808+00:00,spot_5,Spot 5,Occupied,2026-06-25T20:40:31.153736+00:00,835,truck,0.8502009510993958,3048,325.79095458984375,318.73211669921875,392.58294677734375,367.20709228515625
2026-06-25T21:31:21.614808+00:00,spot_6,Spot 6,Empty,2026-06-25T19:30:25.322185+00:00,,,,,,,,
2026-06-25T21:31:21.614808+00:00,spot_7,Spot 7,Empty,2026-06-25T20:40:31.153736+00:00,,,,,,,,
2026-06-25T21:31:21.614808+00:00,spot_8,Spot 8,Occupied,2026-06-25T20:40:31.153736+00:00,840,car,0.7117654085159302,3048,207.66445922851562,320.53363037109375,275.2849426269531,356.14630126953125
2026-06-25T21:31:21.614808+00:00,spot_9,Spot 9,Occupied,2026-06-25T20:40:31.153736+00:00,843,car,0.618232250213623,3048,187.92172241210938,325.0418701171875,220.46133422851562,351.0477294921875
2026-06-25T21:31:21.614808+00:00,spot_10,Spot 10,Empty,2026-06-25T20:43:14.925600+00:00,,,,,,,,
2026-06-25T21:31:21.614808+00:00,spot_11,Spot 11,Occupied,2026-06-25T20:45:33.981185+00:00,848,car,0.904107928276062,2748,123.31649780273438,322.127197265625,176.25790405273438,346.01220703125
2026-06-25T21:31:21.614808+00:00,spot_12,Spot 12,Occupied,2026-06-25T20:40:31.153736+00:00,837,car,0.8225460648536682,3048,87.41084289550781,317.6326904296875,132.65538024902344,339.37335205078125
2026-06-25T21:31:21.614808+00:00,spot_13,Spot 13,Empty,2026-06-25T20:43:14.925600+00:00,,,,,,,,
2026-06-25T21:31:21.614808+00:00,spot_14,Spot 14,Empty,2026-06-25T21:25:07.985422+00:00,,,,,,,,
2026-06-25T21:31:21.614808+00:00,spot_15,Spot 15,Occupied,2026-06-25T21:25:59.910217+00:00,862,car,0.8070496320724487,310,31.745223999023438,316.73577880859375,72.65316772460938,332.77117919921875
2026-06-25T21:31:21.614808+00:00,spot_16,Spot 16,Occupied,2026-06-25T20:40:31.153736+00:00,842,car,0.5443860292434692,3048,22.170381546020508,312.4455261230469,43.357269287109375,328.3693542480469
2026-06-25T21:31:21.614808+00:00,spot_17,Spot 17,Empty,2026-06-25T18:08:23.061954+00:00,,,,,,,,
2026-06-25T21:32:26.616436+00:00,spot_1,Spot 1,Empty,2026-06-25T20:27:24.576680+00:00,,,,,,,,
2026-06-25T21:32:26.616436+00:00,spot_2,Spot 2,Empty,2026-06-25T20:43:14.925600+00:00,,,,,,,,
2026-06-25T21:32:26.616436+00:00,spot_3,Spot 3,Occupied,2026-06-25T21:08:14.285155+00:00,853,truck,0.8002341389656067,2024,450.03070068359375,319.12628173828125,498.3646240234375,367.66680908203125
2026-06-25T21:32:26.616436+00:00,spot_4,Spot 4,Occupied,2026-06-25T21:32:26.616436+00:00,865,car,0.391781747341156,0,418.258544921875,323.73681640625,448.5384521484375,354.2882080078125
2026-06-25T21:32:26.616436+00:00,spot_5,Spot 5,Occupied,2026-06-25T20:40:31.153736+00:00,835,truck,0.8295838236808777,3115,325.5458068847656,318.584716796875,394.2975769042969,367.4525146484375
2026-06-25T21:32:26.616436+00:00,spot_6,Spot 6,Empty,2026-06-25T19:30:25.322185+00:00,,,,,,,,
2026-06-25T21:32:26.616436+00:00,spot_7,Spot 7,Empty,2026-06-25T20:40:31.153736+00:00,,,,,,,,
2026-06-25T21:32:26.616436+00:00,spot_8,Spot 8,Occupied,2026-06-25T20:40:31.153736+00:00,840,car,0.833987295627594,3115,207.18106079101562,322.4173278808594,276.3294982910156,355.4183044433594
2026-06-25T21:32:26.616436+00:00,spot_9,Spot 9,Occupied,2026-06-25T20:40:31.153736+00:00,843,car,0.6007097959518433,3115,187.68115234375,324.3299560546875,224.76776123046875,351.3006591796875
2026-06-25T21:32:26.616436+00:00,spot_10,Spot 10,Empty,2026-06-25T20:43:14.925600+00:00,,,,,,,,
2026-06-25T21:32:26.616436+00:00,spot_11,Spot 11,Occupied,2026-06-25T20:45:33.981185+00:00,848,car,0.9001334309577942,2815,123.2694320678711,321.8886413574219,176.46102905273438,345.9491882324219
2026-06-25T21:32:26.616436+00:00,spot_12,Spot 12,Occupied,2026-06-25T20:40:31.153736+00:00,837,car,0.8580061793327332,3115,87.46780395507812,317.1192626953125,131.37237548828125,339.1055908203125
2026-06-25T21:32:26.616436+00:00,spot_13,Spot 13,Empty,2026-06-25T20:43:14.925600+00:00,,,,,,,,
2026-06-25T21:32:26.616436+00:00,spot_14,Spot 14,Empty,2026-06-25T21:25:07.985422+00:00,,,,,,,,
2026-06-25T21:32:26.616436+00:00,spot_15,Spot 15,Occupied,2026-06-25T21:25:59.910217+00:00,862,car,0.8152397871017456,376,31.36951446533203,317.472900390625,72.49674224853516,332.982666015625
2026-06-25T21:32:26.616436+00:00,spot_16,Spot 16,Occupied,2026-06-25T20:40:31.153736+00:00,842,car,0.6511633396148682,3115,24.645557403564453,312.87310791015625,47.337459564208984,328.46966552734375
2026-06-25T21:32:26.616436+00:00,spot_17,Spot 17,Empty,2026-06-25T18:08:23.061954+00:00,,,,,,,,
2026-06-25T21:33:24.282312+00:00,spot_1,Spot 1,Empty,2026-06-25T20:27:24.576680+00:00,,,,,,,,
2026-06-25T21:33:24.282312+00:00,spot_2,Spot 2,Empty,2026-06-25T20:43:14.925600+00:00,,,,,,,,
2026-06-25T21:33:24.282312+00:00,spot_3,Spot 3,Occupied,2026-06-25T21:08:14.285155+00:00,853,truck,0.6420378088951111,2080,450.15740966796875,318.98846435546875,498.384765625,367.7626953125
2026-06-25T21:33:24.282312+00:00,spot_4,Spot 4,Occupied,2026-06-25T21:33:24.282312+00:00,861,truck,0.42285630106925964,494,387.7879638671875,295.37042236328125,447.5087890625,369.02001953125
2026-06-25T21:33:24.282312+00:00,spot_5,Spot 5,Occupied,2026-06-25T20:40:31.153736+00:00,835,truck,0.849687933921814,3170,325.5511474609375,318.54132080078125,394.8468017578125,367.25604248046875
2026-06-25T21:33:24.282312+00:00,spot_6,Spot 6,Empty,2026-06-25T19:30:25.322185+00:00,,,,,,,,
2026-06-25T21:33:24.282312+00:00,spot_7,Spot 7,Empty,2026-06-25T20:40:31.153736+00:00,,,,,,,,
2026-06-25T21:33:24.282312+00:00,spot_8,Spot 8,Occupied,2026-06-25T20:40:31.153736+00:00,840,car,0.7866778373718262,3170,206.62548828125,322.5035095214844,274.99615478515625,355.7164611816406
2026-06-25T21:33:24.282312+00:00,spot_9,Spot 9,Occupied,2026-06-25T20:40:31.153736+00:00,843,car,0.6905751824378967,3170,188.0640869140625,324.11883544921875,225.25775146484375,350.98333740234375
2026-06-25T21:33:24.282312+00:00,spot_10,Spot 10,Empty,2026-06-25T20:43:14.925600+00:00,,,,,,,,
2026-06-25T21:33:24.282312+00:00,spot_11,Spot 11,Occupied,2026-06-25T20:45:33.981185+00:00,848,car,0.9015331268310547,2870,123.4133071899414,322.1175842285156,176.38955688476562,346.0502624511719
2026-06-25T21:33:24.282312+00:00,spot_12,Spot 12,Occupied,2026-06-25T20:40:31.153736+00:00,837,car,0.8432496786117554,3170,87.454345703125,317.06689453125,131.63723754882812,339.0853271484375
2026-06-25T21:33:24.282312+00:00,spot_13,Spot 13,Empty,2026-06-25T20:43:14.925600+00:00,,,,,,,,
2026-06-25T21:33:24.282312+00:00,spot_14,Spot 14,Empty,2026-06-25T21:25:07.985422+00:00,,,,,,,,
2026-06-25T21:33:24.282312+00:00,spot_15,Spot 15,Occupied,2026-06-25T21:25:59.910217+00:00,862,car,0.8192398548126221,432,32.263404846191406,317.1274719238281,72.72704315185547,332.6927795410156
2026-06-25T21:33:24.282312+00:00,spot_16,Spot 16,Occupied,2026-06-25T20:40:31.153736+00:00,842,car,0.49295827746391296,3170,23.202518463134766,312.80517578125,43.66756820678711,328.6015625
2026-06-25T21:33:24.282312+00:00,spot_17,Spot 17,Empty,2026-06-25T18:08:23.061954+00:00,,,,,,,,
2026-06-25T21:34:38.676771+00:00,spot_1,Spot 1,Empty,2026-06-25T20:27:24.576680+00:00,,,,,,,,
2026-06-25T21:34:38.676771+00:00,spot_2,Spot 2,Empty,2026-06-25T20:43:14.925600+00:00,,,,,,,,
2026-06-25T21:34:38.676771+00:00,spot_3,Spot 3,Occupied,2026-06-25T21:08:14.285155+00:00,853,truck,0.620834231376648,2155,450.2694091796875,318.70123291015625,499.260986328125,366.89141845703125
2026-06-25T21:34:38.676771+00:00,spot_4,Spot 4,Occupied,2026-06-25T21:33:24.282312+00:00,861,truck,0.5660457015037537,570,387.81787109375,296.415771484375,447.86279296875,367.576171875
2026-06-25T21:34:38.676771+00:00,spot_5,Spot 5,Occupied,2026-06-25T20:40:31.153736+00:00,835,truck,0.8179836273193359,3246,325.3230895996094,318.61785888671875,395.2283020019531,367.7010498046875
2026-06-25T21:34:38.676771+00:00,spot_6,Spot 6,Empty,2026-06-25T19:30:25.322185+00:00,,,,,,,,
2026-06-25T21:34:38.676771+00:00,spot_7,Spot 7,Empty,2026-06-25T20:40:31.153736+00:00,,,,,,,,
2026-06-25T21:34:38.676771+00:00,spot_8,Spot 8,Occupied,2026-06-25T20:40:31.153736+00:00,840,car,0.7160869836807251,3246,207.160400390625,321.2520751953125,275.1163330078125,355.3157958984375
2026-06-25T21:34:38.676771+00:00,spot_9,Spot 9,Occupied,2026-06-25T20:40:31.153736+00:00,843,car,0.628706693649292,3246,188.02969360351562,324.045654296875,224.12551879882812,350.8994140625
2026-06-25T21:34:38.676771+00:00,spot_10,Spot 10,Empty,2026-06-25T20:43:14.925600+00:00,,,,,,,,
2026-06-25T21:34:38.676771+00:00,spot_11,Spot 11,Occupied,2026-06-25T20:45:33.981185+00:00,848,car,0.9013655185699463,2946,123.40247344970703,321.83978271484375,176.283203125,345.92388916015625
2026-06-25T21:34:38.676771+00:00,spot_12,Spot 12,Occupied,2026-06-25T20:40:31.153736+00:00,837,car,0.8374888896942139,3246,87.49641418457031,316.9870910644531,131.17958068847656,338.9193420410156
2026-06-25T21:34:38.676771+00:00,spot_13,Spot 13,Empty,2026-06-25T20:43:14.925600+00:00,,,,,,,,
2026-06-25T21:34:38.676771+00:00,spot_14,Spot 14,Empty,2026-06-25T21:25:07.985422+00:00,,,,,,,,
2026-06-25T21:34:38.676771+00:00,spot_15,Spot 15,Occupied,2026-06-25T21:25:59.910217+00:00,862,car,0.8339105248451233,507,31.78955078125,315.85308837890625,72.4825210571289,332.46173095703125
2026-06-25T21:34:38.676771+00:00,spot_16,Spot 16,Occupied,2026-06-25T20:40:31.153736+00:00,842,car,0.6939286589622498,3246,25.02208709716797,312.692626953125,43.608497619628906,328.62518310546875
2026-06-25T21:34:38.676771+00:00,spot_17,Spot 17,Empty,2026-06-25T18:08:23.061954+00:00,,,,,,,,
2026-06-25T21:35:45.314707+00:00,spot_1,Spot 1,Empty,2026-06-25T20:27:24.576680+00:00,,,,,,,,
2026-06-25T21:35:45.314707+00:00,spot_2,Spot 2,Empty,2026-06-25T20:43:14.925600+00:00,,,,,,,,
2026-06-25T21:35:45.314707+00:00,spot_3,Spot 3,Occupied,2026-06-25T21:08:14.285155+00:00,853,truck,0.7106543779373169,2222,450.17266845703125,316.86859130859375,500.89306640625,367.739013671875
2026-06-25T21:35:45.314707+00:00,spot_4,Spot 4,Occupied,2026-06-25T21:33:24.282312+00:00,861,truck,0.40070903301239014,637,387.68212890625,288.06402587890625,448.13031005859375,368.06365966796875
2026-06-25T21:35:45.314707+00:00,spot_5,Spot 5,Occupied,2026-06-25T20:40:31.153736+00:00,835,truck,0.8579242825508118,3313,324.8592834472656,318.12701416015625,394.9167785644531,367.09857177734375
2026-06-25T21:35:45.314707+00:00,spot_6,Spot 6,Empty,2026-06-25T19:30:25.322185+00:00,,,,,,,,
2026-06-25T21:35:45.314707+00:00,spot_7,Spot 7,Empty,2026-06-25T20:40:31.153736+00:00,,,,,,,,
2026-06-25T21:35:45.314707+00:00,spot_8,Spot 8,Occupied,2026-06-25T20:40:31.153736+00:00,840,car,0.46903786063194275,3313,205.81573486328125,321.99090576171875,273.593017578125,355.72381591796875
2026-06-25T21:35:45.314707+00:00,spot_9,Spot 9,Occupied,2026-06-25T20:40:31.153736+00:00,843,car,0.510833203792572,3313,187.80245971679688,322.99273681640625,223.52462768554688,350.88055419921875
2026-06-25T21:35:45.314707+00:00,spot_10,Spot 10,Empty,2026-06-25T20:43:14.925600+00:00,,,,,,,,
2026-06-25T21:35:45.314707+00:00,spot_11,Spot 11,Occupied,2026-06-25T20:45:33.981185+00:00,848,car,0.8991836309432983,3012,123.42269134521484,322.19140625,176.51467895507812,345.9385986328125
2026-06-25T21:35:45.314707+00:00,spot_12,Spot 12,Occupied,2026-06-25T20:40:31.153736+00:00,837,car,0.8188895583152771,3313,87.57649230957031,317.267822265625,133.3449249267578,339.25592041015625
2026-06-25T21:35:45.314707+00:00,spot_13,Spot 13,Empty,2026-06-25T20:43:14.925600+00:00,,,,,,,,
2026-06-25T21:35:45.314707+00:00,spot_14,Spot 14,Empty,2026-06-25T21:25:07.985422+00:00,,,,,,,,
2026-06-25T21:35:45.314707+00:00,spot_15,Spot 15,Occupied,2026-06-25T21:25:59.910217+00:00,862,car,0.7664359211921692,574,31.10091209411621,315.6136474609375,72.4523696899414,332.5506591796875
2026-06-25T21:35:45.314707+00:00,spot_16,Spot 16,Occupied,2026-06-25T20:40:31.153736+00:00,842,car,0.5436822772026062,3313,23.240341186523438,312.78204345703125,43.248817443847656,328.35064697265625
2026-06-25T21:35:45.314707+00:00,spot_17,Spot 17,Empty,2026-06-25T18:08:23.061954+00:00,,,,,,,,
2026-06-25T21:36:44.196005+00:00,spot_1,Spot 1,Empty,2026-06-25T20:27:24.576680+00:00,,,,,,,,
2026-06-25T21:36:44.196005+00:00,spot_2,Spot 2,Empty,2026-06-25T20:43:14.925600+00:00,,,,,,,,
2026-06-25T21:36:44.196005+00:00,spot_3,Spot 3,Occupied,2026-06-25T21:08:14.285155+00:00,853,truck,0.7692008018493652,2279,449.77655029296875,319.1527099609375,499.19451904296875,367.61492919921875
2026-06-25T21:36:44.196005+00:00,spot_4,Spot 4,Occupied,2026-06-25T21:33:24.282312+00:00,861,truck,0.6981930732727051,694,387.91375732421875,288.5673828125,447.83203125,367.8505859375
2026-06-25T21:36:44.196005+00:00,spot_5,Spot 5,Occupied,2026-06-25T20:40:31.153736+00:00,835,truck,0.8482030630111694,3369,325.46478271484375,318.7467956542969,392.5013427734375,367.0490417480469
2026-06-25T21:36:44.196005+00:00,spot_6,Spot 6,Empty,2026-06-25T19:30:25.322185+00:00,,,,,,,,
2026-06-25T21:36:44.196005+00:00,spot_7,Spot 7,Empty,2026-06-25T20:40:31.153736+00:00,,,,,,,,
2026-06-25T21:36:44.196005+00:00,spot_8,Spot 8,Occupied,2026-06-25T20:40:31.153736+00:00,840,car,0.6821919679641724,3369,206.44805908203125,322.05718994140625,275.1439514160156,355.73040771484375
2026-06-25T21:36:44.196005+00:00,spot_9,Spot 9,Occupied,2026-06-25T20:40:31.153736+00:00,843,car,0.5990859866142273,3369,187.6119384765625,324.2524719238281,223.138916015625,350.6921691894531
2026-06-25T21:36:44.196005+00:00,spot_10,Spot 10,Empty,2026-06-25T20:43:14.925600+00:00,,,,,,,,
2026-06-25T21:36:44.196005+00:00,spot_11,Spot 11,Occupied,2026-06-25T20:45:33.981185+00:00,848,car,0.8990518450737,3069,123.48837280273438,322.01513671875,176.61984252929688,346.17584228515625
2026-06-25T21:36:44.196005+00:00,spot_12,Spot 12,Occupied,2026-06-25T20:40:31.153736+00:00,837,car,0.8526132702827454,3369,87.30685424804688,317.17523193359375,132.55868530273438,339.22442626953125
2026-06-25T21:36:44.196005+00:00,spot_13,Spot 13,Empty,2026-06-25T20:43:14.925600+00:00,,,,,,,,
2026-06-25T21:36:44.196005+00:00,spot_14,Spot 14,Empty,2026-06-25T21:25:07.985422+00:00,,,,,,,,
2026-06-25T21:36:44.196005+00:00,spot_15,Spot 15,Occupied,2026-06-25T21:25:59.910217+00:00,862,car,0.8180474042892456,631,30.836244583129883,317.05157470703125,72.51277160644531,332.5638427734375
2026-06-25T21:36:44.196005+00:00,spot_16,Spot 16,Occupied,2026-06-25T20:40:31.153736+00:00,842,car,0.6320082545280457,3369,22.309104919433594,312.79986572265625,45.60609436035156,328.3255615234375
2026-06-25T21:36:44.196005+00:00,spot_17,Spot 17,Empty,2026-06-25T18:08:23.061954+00:00,,,,,,,,
2026-06-25T21:37:44.506259+00:00,spot_1,Spot 1,Empty,2026-06-25T20:27:24.576680+00:00,,,,,,,,
2026-06-25T21:37:44.506259+00:00,spot_2,Spot 2,Empty,2026-06-25T20:43:14.925600+00:00,,,,,,,,
2026-06-25T21:37:44.506259+00:00,spot_3,Spot 3,Occupied,2026-06-25T21:08:14.285155+00:00,853,truck,0.745297908782959,2339,450.17791748046875,318.96563720703125,498.855224609375,367.8802490234375
2026-06-25T21:37:44.506259+00:00,spot_4,Spot 4,Occupied,2026-06-25T21:37:44.506259+00:00,866,car,0.4743809998035431,0,387.63818359375,327.2801208496094,434.12847900390625,368.6743469238281
2026-06-25T21:37:44.506259+00:00,spot_5,Spot 5,Occupied,2026-06-25T20:40:31.153736+00:00,835,truck,0.8548533916473389,3430,325.626953125,318.79608154296875,391.9617919921875,366.53009033203125
2026-06-25T21:37:44.506259+00:00,spot_6,Spot 6,Empty,2026-06-25T19:30:25.322185+00:00,,,,,,,,
2026-06-25T21:37:44.506259+00:00,spot_7,Spot 7,Empty,2026-06-25T20:40:31.153736+00:00,,,,,,,,
2026-06-25T21:37:44.506259+00:00,spot_8,Spot 8,Occupied,2026-06-25T20:40:31.153736+00:00,840,car,0.6793322563171387,3430,206.90261840820312,321.5376281738281,275.0539245605469,355.4711608886719
2026-06-25T21:37:44.506259+00:00,spot_9,Spot 9,Occupied,2026-06-25T20:40:31.153736+00:00,843,car,0.5069223046302795,3430,187.7620849609375,323.173583984375,224.27081298828125,351.027587890625
2026-06-25T21:37:44.506259+00:00,spot_10,Spot 10,Empty,2026-06-25T20:43:14.925600+00:00,,,,,,,,
2026-06-25T21:37:44.506259+00:00,spot_11,Spot 11,Occupied,2026-06-25T20:45:33.981185+00:00,848,car,0.9004928469657898,3130,123.37479400634766,322.14630126953125,176.43716430664062,345.9432373046875
2026-06-25T21:37:44.506259+00:00,spot_12,Spot 12,Occupied,2026-06-25T20:40:31.153736+00:00,837,car,0.8506185412406921,3430,87.494873046875,317.0785827636719,132.4597930908203,339.0274353027344
2026-06-25T21:37:44.506259+00:00,spot_13,Spot 13,Empty,2026-06-25T20:43:14.925600+00:00,,,,,,,,
2026-06-25T21:37:44.506259+00:00,spot_14,Spot 14,Empty,2026-06-25T21:25:07.985422+00:00,,,,,,,,
2026-06-25T21:37:44.506259+00:00,spot_15,Spot 15,Occupied,2026-06-25T21:25:59.910217+00:00,862,car,0.8055082559585571,691,31.684288024902344,317.2115173339844,72.32638549804688,332.8973083496094
2026-06-25T21:37:44.506259+00:00,spot_16,Spot 16,Occupied,2026-06-25T20:40:31.153736+00:00,842,car,0.6339829564094543,3430,23.07520866394043,312.6075439453125,46.74760437011719,328.5369873046875
2026-06-25T21:37:44.506259+00:00,spot_17,Spot 17,Empty,2026-06-25T18:08:23.061954+00:00,,,,,,,,
2026-06-25T21:38:46.239037+00:00,spot_1,Spot 1,Empty,2026-06-25T20:27:24.576680+00:00,,,,,,,,
2026-06-25T21:38:46.239037+00:00,spot_2,Spot 2,Empty,2026-06-25T20:43:14.925600+00:00,,,,,,,,
2026-06-25T21:38:46.239037+00:00,spot_3,Spot 3,Occupied,2026-06-25T21:08:14.285155+00:00,853,truck,0.5433779954910278,2401,449.7435302734375,319.36614990234375,497.80908203125,367.10675048828125
2026-06-25T21:38:46.239037+00:00,spot_4,Spot 4,Occupied,2026-06-25T21:38:46.239037+00:00,861,truck,0.5853034853935242,816,387.5842590332031,287.9732666015625,447.3313293457031,367.4019775390625
2026-06-25T21:38:46.239037+00:00,spot_5,Spot 5,Occupied,2026-06-25T20:40:31.153736+00:00,835,truck,0.8499326109886169,3492,324.74224853515625,318.78778076171875,392.50091552734375,366.73876953125
2026-06-25T21:38:46.239037+00:00,spot_6,Spot 6,Empty,2026-06-25T19:30:25.322185+00:00,,,,,,,,
2026-06-25T21:38:46.239037+00:00,spot_7,Spot 7,Empty,2026-06-25T20:40:31.153736+00:00,,,,,,,,
2026-06-25T21:38:46.239037+00:00,spot_8,Spot 8,Occupied,2026-06-25T20:40:31.153736+00:00,840,car,0.45546090602874756,3492,196.0753173828125,321.535888671875,274.14794921875,356.18560791015625
2026-06-25T21:38:46.239037+00:00,spot_9,Spot 9,Empty,2026-06-25T21:38:46.239037+00:00,,,,,,,,
2026-06-25T21:38:46.239037+00:00,spot_10,Spot 10,Empty,2026-06-25T20:43:14.925600+00:00,,,,,,,,
2026-06-25T21:38:46.239037+00:00,spot_11,Spot 11,Occupied,2026-06-25T20:45:33.981185+00:00,848,car,0.9010732173919678,3192,123.13121795654297,322.0393371582031,176.42694091796875,346.2577819824219
2026-06-25T21:38:46.239037+00:00,spot_12,Spot 12,Occupied,2026-06-25T20:40:31.153736+00:00,837,car,0.7731345891952515,3492,87.41383361816406,317.1026306152344,131.1678924560547,339.0576477050781
2026-06-25T21:38:46.239037+00:00,spot_13,Spot 13,Empty,2026-06-25T20:43:14.925600+00:00,,,,,,,,
2026-06-25T21:38:46.239037+00:00,spot_14,Spot 14,Empty,2026-06-25T21:25:07.985422+00:00,,,,,,,,
2026-06-25T21:38:46.239037+00:00,spot_15,Spot 15,Occupied,2026-06-25T21:25:59.910217+00:00,862,car,0.7795441746711731,753,31.091203689575195,317.58148193359375,72.23255920410156,332.83123779296875
2026-06-25T21:38:46.239037+00:00,spot_16,Spot 16,Occupied,2026-06-25T20:40:31.153736+00:00,842,car,0.7392623424530029,3492,23.01349639892578,312.57623291015625,48.57611846923828,327.93505859375
2026-06-25T21:38:46.239037+00:00,spot_17,Spot 17,Empty,2026-06-25T18:08:23.061954+00:00,,,,,,,,
2026-06-25T21:39:37.717262+00:00,spot_1,Spot 1,Empty,2026-06-25T20:27:24.576680+00:00,,,,,,,,
2026-06-25T21:39:37.717262+00:00,spot_2,Spot 2,Empty,2026-06-25T20:43:14.925600+00:00,,,,,,,,
2026-06-25T21:39:37.717262+00:00,spot_3,Spot 3,Occupied,2026-06-25T21:08:14.285155+00:00,853,truck,0.5433779954910278,2452,449.7435302734375,319.36614990234375,497.80908203125,367.10675048828125
2026-06-25T21:39:37.717262+00:00,spot_4,Spot 4,Occupied,2026-06-25T21:38:46.239037+00:00,861,truck,0.5853034853935242,867,387.5842590332031,287.9732666015625,447.3313293457031,367.4019775390625
2026-06-25T21:39:37.717262+00:00,spot_5,Spot 5,Occupied,2026-06-25T20:40:31.153736+00:00,835,truck,0.8499326109886169,3543,324.74224853515625,318.78778076171875,392.50091552734375,366.73876953125
2026-06-25T21:39:37.717262+00:00,spot_6,Spot 6,Empty,2026-06-25T19:30:25.322185+00:00,,,,,,,,
2026-06-25T21:39:37.717262+00:00,spot_7,Spot 7,Empty,2026-06-25T20:40:31.153736+00:00,,,,,,,,
2026-06-25T21:39:37.717262+00:00,spot_8,Spot 8,Occupied,2026-06-25T20:40:31.153736+00:00,840,car,0.45546090602874756,3543,196.0753173828125,321.535888671875,274.14794921875,356.18560791015625
2026-06-25T21:39:37.717262+00:00,spot_9,Spot 9,Empty,2026-06-25T21:38:46.239037+00:00,,,,,,,,
2026-06-25T21:39:37.717262+00:00,spot_10,Spot 10,Empty,2026-06-25T20:43:14.925600+00:00,,,,,,,,
2026-06-25T21:39:37.717262+00:00,spot_11,Spot 11,Occupied,2026-06-25T20:45:33.981185+00:00,848,car,0.9010732173919678,3243,123.13121795654297,322.0393371582031,176.42694091796875,346.2577819824219
2026-06-25T21:39:37.717262+00:00,spot_12,Spot 12,Occupied,2026-06-25T20:40:31.153736+00:00,837,car,0.7731345891952515,3543,87.41383361816406,317.1026306152344,131.1678924560547,339.0576477050781
2026-06-25T21:39:37.717262+00:00,spot_13,Spot 13,Empty,2026-06-25T20:43:14.925600+00:00,,,,,,,,
2026-06-25T21:39:37.717262+00:00,spot_14,Spot 14,Empty,2026-06-25T21:25:07.985422+00:00,,,,,,,,
2026-06-25T21:39:37.717262+00:00,spot_15,Spot 15,Occupied,2026-06-25T21:25:59.910217+00:00,862,car,0.7795441746711731,804,31.091203689575195,317.58148193359375,72.23255920410156,332.83123779296875
2026-06-25T21:39:37.717262+00:00,spot_16,Spot 16,Occupied,2026-06-25T20:40:31.153736+00:00,842,car,0.7392623424530029,3543,23.01349639892578,312.57623291015625,48.57611846923828,327.93505859375
2026-06-25T21:39:37.717262+00:00,spot_17,Spot 17,Empty,2026-06-25T18:08:23.061954+00:00,,,,,,,,
2026-06-25T21:40:30.592880+00:00,spot_1,Spot 1,Empty,2026-06-25T20:27:24.576680+00:00,,,,,,,,
2026-06-25T21:40:30.592880+00:00,spot_2,Spot 2,Empty,2026-06-25T20:43:14.925600+00:00,,,,,,,,
2026-06-25T21:40:30.592880+00:00,spot_3,Spot 3,Occupied,2026-06-25T21:08:14.285155+00:00,853,truck,0.6548322439193726,2506,449.86920166015625,318.97967529296875,500.44390869140625,367.2320556640625
2026-06-25T21:40:30.592880+00:00,spot_4,Spot 4,Occupied,2026-06-25T21:40:30.592880+00:00,866,car,0.4014168977737427,166,386.98199462890625,323.480224609375,447.37200927734375,367.87017822265625
2026-06-25T21:40:30.592880+00:00,spot_5,Spot 5,Occupied,2026-06-25T20:40:31.153736+00:00,835,truck,0.8327694535255432,3597,325.8551025390625,319.0220947265625,393.76824951171875,367.1162109375
2026-06-25T21:40:30.592880+00:00,spot_6,Spot 6,Empty,2026-06-25T19:30:25.322185+00:00,,,,,,,,
2026-06-25T21:40:30.592880+00:00,spot_7,Spot 7,Empty,2026-06-25T20:40:31.153736+00:00,,,,,,,,
2026-06-25T21:40:30.592880+00:00,spot_8,Spot 8,Occupied,2026-06-25T20:40:31.153736+00:00,840,car,0.5830990672111511,3597,188.49664306640625,319.03076171875,278.92230224609375,355.7979736328125
2026-06-25T21:40:30.592880+00:00,spot_9,Spot 9,Empty,2026-06-25T21:38:46.239037+00:00,,,,,,,,
2026-06-25T21:40:30.592880+00:00,spot_10,Spot 10,Empty,2026-06-25T20:43:14.925600+00:00,,,,,,,,
2026-06-25T21:40:30.592880+00:00,spot_11,Spot 11,Occupied,2026-06-25T20:45:33.981185+00:00,848,car,0.8946682214736938,3297,122.83892822265625,321.95977783203125,176.58602905273438,346.00469970703125
2026-06-25T21:40:30.592880+00:00,spot_12,Spot 12,Occupied,2026-06-25T20:40:31.153736+00:00,837,car,0.8085787296295166,3597,87.24685668945312,316.9957275390625,133.62393188476562,339.05230712890625
2026-06-25T21:40:30.592880+00:00,spot_13,Spot 13,Empty,2026-06-25T20:43:14.925600+00:00,,,,,,,,
2026-06-25T21:40:30.592880+00:00,spot_14,Spot 14,Empty,2026-06-25T21:25:07.985422+00:00,,,,,,,,
2026-06-25T21:40:30.592880+00:00,spot_15,Spot 15,Occupied,2026-06-25T21:25:59.910217+00:00,862,car,0.8271552324295044,858,30.559776306152344,316.264404296875,71.48448181152344,332.208251953125
2026-06-25T21:40:30.592880+00:00,spot_16,Spot 16,Occupied,2026-06-25T20:40:31.153736+00:00,842,car,0.6812517046928406,3597,23.505516052246094,312.7796630859375,47.939208984375,328.76177978515625
2026-06-25T21:40:30.592880+00:00,spot_17,Spot 17,Empty,2026-06-25T18:08:23.061954+00:00,,,,,,,,
2026-06-25T21:41:21.109945+00:00,spot_1,Spot 1,Empty,2026-06-25T20:27:24.576680+00:00,,,,,,,,
2026-06-25T21:41:21.109945+00:00,spot_2,Spot 2,Empty,2026-06-25T20:43:14.925600+00:00,,,,,,,,
2026-06-25T21:41:21.109945+00:00,spot_3,Spot 3,Occupied,2026-06-25T21:08:14.285155+00:00,853,truck,0.7666355967521667,2556,449.48431396484375,318.8880615234375,498.91461181640625,367.7349853515625
2026-06-25T21:41:21.109945+00:00,spot_4,Spot 4,Occupied,2026-06-25T21:41:21.109945+00:00,861,truck,0.4371100068092346,971,387.59271240234375,322.98443603515625,447.85418701171875,367.95184326171875
2026-06-25T21:41:21.109945+00:00,spot_5,Spot 5,Occupied,2026-06-25T20:40:31.153736+00:00,835,truck,0.8428586721420288,3647,325.7000732421875,319.09210205078125,392.3602294921875,367.09283447265625
2026-06-25T21:41:21.109945+00:00,spot_6,Spot 6,Empty,2026-06-25T19:30:25.322185+00:00,,,,,,,,
2026-06-25T21:41:21.109945+00:00,spot_7,Spot 7,Empty,2026-06-25T20:40:31.153736+00:00,,,,,,,,
2026-06-25T21:41:21.109945+00:00,spot_8,Spot 8,Occupied,2026-06-25T20:40:31.153736+00:00,840,car,0.5688181519508362,3647,188.42535400390625,319.0679931640625,275.1580810546875,355.454833984375
2026-06-25T21:41:21.109945+00:00,spot_9,Spot 9,Empty,2026-06-25T21:38:46.239037+00:00,,,,,,,,
2026-06-25T21:41:21.109945+00:00,spot_10,Spot 10,Empty,2026-06-25T20:43:14.925600+00:00,,,,,,,,
2026-06-25T21:41:21.109945+00:00,spot_11,Spot 11,Occupied,2026-06-25T20:45:33.981185+00:00,848,car,0.9051313400268555,3347,123.25940704345703,322.24456787109375,176.30889892578125,345.9512939453125
2026-06-25T21:41:21.109945+00:00,spot_12,Spot 12,Occupied,2026-06-25T20:40:31.153736+00:00,837,car,0.8465445637702942,3647,87.324462890625,317.38348388671875,132.21807861328125,339.19989013671875
2026-06-25T21:41:21.109945+00:00,spot_13,Spot 13,Empty,2026-06-25T20:43:14.925600+00:00,,,,,,,,
2026-06-25T21:41:21.109945+00:00,spot_14,Spot 14,Empty,2026-06-25T21:25:07.985422+00:00,,,,,,,,
2026-06-25T21:41:21.109945+00:00,spot_15,Spot 15,Occupied,2026-06-25T21:25:59.910217+00:00,862,car,0.7975367307662964,908,31.009262084960938,316.39404296875,71.22824096679688,332.67645263671875
2026-06-25T21:41:21.109945+00:00,spot_16,Spot 16,Occupied,2026-06-25T20:40:31.153736+00:00,842,car,0.6358868479728699,3647,24.054088592529297,312.72100830078125,43.50864028930664,328.7872314453125
2026-06-25T21:41:21.109945+00:00,spot_17,Spot 17,Empty,2026-06-25T18:08:23.061954+00:00,,,,,,,,
2026-06-25T21:42:25.179027+00:00,spot_1,Spot 1,Empty,2026-06-25T20:27:24.576680+00:00,,,,,,,,
2026-06-25T21:42:25.179027+00:00,spot_2,Spot 2,Empty,2026-06-25T20:43:14.925600+00:00,,,,,,,,
2026-06-25T21:42:25.179027+00:00,spot_3,Spot 3,Occupied,2026-06-25T21:08:14.285155+00:00,853,truck,0.7450540065765381,2628,449.8756408691406,318.86834716796875,498.9944763183594,367.11236572265625
2026-06-25T21:42:25.179027+00:00,spot_4,Spot 4,Occupied,2026-06-25T21:41:21.109945+00:00,861,truck,0.4303930401802063,1043,387.62359619140625,299.4842529296875,445.80633544921875,367.62451171875
2026-06-25T21:42:25.179027+00:00,spot_5,Spot 5,Occupied,2026-06-25T20:40:31.153736+00:00,835,truck,0.8723551630973816,3719,325.72174072265625,318.80584716796875,395.09161376953125,367.20477294921875
2026-06-25T21:42:25.179027+00:00,spot_6,Spot 6,Empty,2026-06-25T19:30:25.322185+00:00,,,,,,,,
2026-06-25T21:42:25.179027+00:00,spot_7,Spot 7,Empty,2026-06-25T20:40:31.153736+00:00,,,,,,,,
2026-06-25T21:42:25.179027+00:00,spot_8,Spot 8,Occupied,2026-06-25T20:40:31.153736+00:00,840,car,0.5947163105010986,3719,206.12005615234375,322.5223388671875,275.3108825683594,355.8504638671875
2026-06-25T21:42:25.179027+00:00,spot_9,Spot 9,Empty,2026-06-25T21:38:46.239037+00:00,,,,,,,,
2026-06-25T21:42:25.179027+00:00,spot_10,Spot 10,Empty,2026-06-25T20:43:14.925600+00:00,,,,,,,,
2026-06-25T21:42:25.179027+00:00,spot_11,Spot 11,Occupied,2026-06-25T20:45:33.981185+00:00,848,car,0.8999088406562805,3419,123.37910461425781,321.7918701171875,175.99012756347656,345.92578125
2026-06-25T21:42:25.179027+00:00,spot_12,Spot 12,Occupied,2026-06-25T20:40:31.153736+00:00,837,car,0.7765687704086304,3719,87.51339721679688,317.2889099121094,127.95166015625,339.1988830566406
2026-06-25T21:42:25.179027+00:00,spot_13,Spot 13,Empty,2026-06-25T20:43:14.925600+00:00,,,,,,,,
2026-06-25T21:42:25.179027+00:00,spot_14,Spot 14,Empty,2026-06-25T21:25:07.985422+00:00,,,,,,,,
2026-06-25T21:42:25.179027+00:00,spot_15,Spot 15,Occupied,2026-06-25T21:25:59.910217+00:00,862,car,0.8198133111000061,980,32.329200744628906,316.62841796875,72.19949340820312,332.506591796875
2026-06-25T21:42:25.179027+00:00,spot_16,Spot 16,Occupied,2026-06-25T20:40:31.153736+00:00,842,car,0.5364222526550293,3719,22.716033935546875,312.59625244140625,44.746177673339844,328.4332275390625
2026-06-25T21:42:25.179027+00:00,spot_17,Spot 17,Empty,2026-06-25T18:08:23.061954+00:00,,,,,,,,
2026-06-25T21:43:25.258272+00:00,spot_1,Spot 1,Empty,2026-06-25T20:27:24.576680+00:00,,,,,,,,
2026-06-25T21:43:25.258272+00:00,spot_2,Spot 2,Empty,2026-06-25T20:43:14.925600+00:00,,,,,,,,
2026-06-25T21:43:25.258272+00:00,spot_3,Spot 3,Occupied,2026-06-25T21:08:14.285155+00:00,853,truck,0.7548814415931702,2681,450.01312255859375,318.52227783203125,499.68939208984375,366.78497314453125
2026-06-25T21:43:25.258272+00:00,spot_4,Spot 4,Occupied,2026-06-25T21:41:21.109945+00:00,861,truck,0.5595399141311646,1096,387.63665771484375,322.8659362792969,447.09490966796875,367.1366271972656
2026-06-25T21:43:25.258272+00:00,spot_5,Spot 5,Occupied,2026-06-25T20:40:31.153736+00:00,835,truck,0.8506933450698853,3772,325.0411376953125,318.7210693359375,399.08612060546875,366.894287109375
2026-06-25T21:43:25.258272+00:00,spot_6,Spot 6,Empty,2026-06-25T19:30:25.322185+00:00,,,,,,,,
2026-06-25T21:43:25.258272+00:00,spot_7,Spot 7,Empty,2026-06-25T20:40:31.153736+00:00,,,,,,,,
2026-06-25T21:43:25.258272+00:00,spot_8,Spot 8,Occupied,2026-06-25T20:40:31.153736+00:00,840,car,0.6594762802124023,3772,210.48052978515625,322.0980224609375,277.2393798828125,355.570068359375
2026-06-25T21:43:25.258272+00:00,spot_9,Spot 9,Occupied,2026-06-25T21:43:25.258272+00:00,867,car,0.45818936824798584,0,187.3749237060547,326.21331787109375,207.61351013183594,350.494873046875
2026-06-25T21:43:25.258272+00:00,spot_10,Spot 10,Empty,2026-06-25T20:43:14.925600+00:00,,,,,,,,
2026-06-25T21:43:25.258272+00:00,spot_11,Spot 11,Occupied,2026-06-25T20:45:33.981185+00:00,848,car,0.9008173942565918,3472,123.31629180908203,321.81103515625,175.95782470703125,346.3154296875
2026-06-25T21:43:25.258272+00:00,spot_12,Spot 12,Occupied,2026-06-25T20:40:31.153736+00:00,837,car,0.7984910607337952,3772,87.31373596191406,317.4621887207031,132.15269470214844,338.7643127441406
2026-06-25T21:43:25.258272+00:00,spot_13,Spot 13,Empty,2026-06-25T20:43:14.925600+00:00,,,,,,,,
2026-06-25T21:43:25.258272+00:00,spot_14,Spot 14,Empty,2026-06-25T21:25:07.985422+00:00,,,,,,,,
2026-06-25T21:43:25.258272+00:00,spot_15,Spot 15,Occupied,2026-06-25T21:25:59.910217+00:00,862,car,0.8696961998939514,1033,32.924652099609375,316.2969970703125,72.67434692382812,332.337890625
2026-06-25T21:43:25.258272+00:00,spot_16,Spot 16,Occupied,2026-06-25T20:40:31.153736+00:00,842,car,0.7163851261138916,3772,23.029211044311523,312.2235107421875,47.26757049560547,328.7498779296875
2026-06-25T21:43:25.258272+00:00,spot_17,Spot 17,Empty,2026-06-25T18:08:23.061954+00:00,,,,,,,,
2026-06-25T21:44:26.264543+00:00,spot_1,Spot 1,Empty,2026-06-25T20:27:24.576680+00:00,,,,,,,,
2026-06-25T21:44:26.264543+00:00,spot_2,Spot 2,Empty,2026-06-25T20:43:14.925600+00:00,,,,,,,,
2026-06-25T21:44:26.264543+00:00,spot_3,Spot 3,Occupied,2026-06-25T21:08:14.285155+00:00,853,truck,0.6534576416015625,2745,449.8594970703125,319.08062744140625,499.3302001953125,366.94464111328125
2026-06-25T21:44:26.264543+00:00,spot_4,Spot 4,Occupied,2026-06-25T21:41:21.109945+00:00,861,truck,0.6447988748550415,1160,385.29022216796875,291.64556884765625,447.89581298828125,367.6627197265625
2026-06-25T21:44:26.264543+00:00,spot_5,Spot 5,Occupied,2026-06-25T20:40:31.153736+00:00,835,truck,0.8071548938751221,3836,325.75653076171875,318.92779541015625,387.60833740234375,367.36224365234375
2026-06-25T21:44:26.264543+00:00,spot_6,Spot 6,Empty,2026-06-25T19:30:25.322185+00:00,,,,,,,,
2026-06-25T21:44:26.264543+00:00,spot_7,Spot 7,Empty,2026-06-25T20:40:31.153736+00:00,,,,,,,,
2026-06-25T21:44:26.264543+00:00,spot_8,Spot 8,Occupied,2026-06-25T20:40:31.153736+00:00,840,car,0.5547048449516296,3836,203.89578247070312,322.43585205078125,275.3453369140625,356.76934814453125
2026-06-25T21:44:26.264543+00:00,spot_9,Spot 9,Occupied,2026-06-25T21:43:25.258272+00:00,867,car,0.5489460229873657,63,188.03321838378906,322.6373596191406,218.88697814941406,350.7036437988281
2026-06-25T21:44:26.264543+00:00,spot_10,Spot 10,Empty,2026-06-25T20:43:14.925600+00:00,,,,,,,,
2026-06-25T21:44:26.264543+00:00,spot_11,Spot 11,Occupied,2026-06-25T20:45:33.981185+00:00,848,car,0.8947046995162964,3536,123.1284408569336,322.4627990722656,176.23019409179688,346.2359924316406
2026-06-25T21:44:26.264543+00:00,spot_12,Spot 12,Occupied,2026-06-25T20:40:31.153736+00:00,837,car,0.8333391547203064,3836,87.61030578613281,317.3719177246094,131.7339324951172,339.0785827636719
2026-06-25T21:44:26.264543+00:00,spot_13,Spot 13,Empty,2026-06-25T20:43:14.925600+00:00,,,,,,,,
2026-06-25T21:44:26.264543+00:00,spot_14,Spot 14,Empty,2026-06-25T21:25:07.985422+00:00,,,,,,,,
2026-06-25T21:44:26.264543+00:00,spot_15,Spot 15,Occupied,2026-06-25T21:25:59.910217+00:00,862,car,0.8258695602416992,1097,32.80284118652344,316.3210754394531,72.66796875,332.3851013183594
2026-06-25T21:44:26.264543+00:00,spot_16,Spot 16,Occupied,2026-06-25T20:40:31.153736+00:00,842,car,0.7313669323921204,3836,22.431440353393555,312.4609375,48.05168151855469,328.8575439453125
2026-06-25T21:44:26.264543+00:00,spot_17,Spot 17,Empty,2026-06-25T18:08:23.061954+00:00,,,,,,,,
2026-06-25T21:45:25.004724+00:00,spot_1,Spot 1,Empty,2026-06-25T20:27:24.576680+00:00,,,,,,,,
2026-06-25T21:45:25.004724+00:00,spot_2,Spot 2,Empty,2026-06-25T20:43:14.925600+00:00,,,,,,,,
2026-06-25T21:45:25.004724+00:00,spot_3,Spot 3,Occupied,2026-06-25T21:08:14.285155+00:00,853,truck,0.6502981185913086,2803,449.34295654296875,318.95562744140625,499.83270263671875,367.25970458984375
2026-06-25T21:45:25.004724+00:00,spot_4,Spot 4,Occupied,2026-06-25T21:41:21.109945+00:00,861,truck,0.519511342048645,1217,382.7571105957031,287.24053955078125,447.6429138183594,367.36126708984375
2026-06-25T21:45:25.004724+00:00,spot_5,Spot 5,Occupied,2026-06-25T20:40:31.153736+00:00,835,truck,0.7916991710662842,3893,325.118408203125,319.2374572753906,393.42169189453125,366.7557067871094
2026-06-25T21:45:25.004724+00:00,spot_6,Spot 6,Empty,2026-06-25T19:30:25.322185+00:00,,,,,,,,
2026-06-25T21:45:25.004724+00:00,spot_7,Spot 7,Occupied,2026-06-25T21:45:25.004724+00:00,868,car,0.59546959400177,0,229.63873291015625,318.454345703125,277.25262451171875,346.2242431640625
2026-06-25T21:45:25.004724+00:00,spot_8,Spot 8,Occupied,2026-06-25T20:40:31.153736+00:00,840,car,0.5264076590538025,3893,206.5923614501953,324.58233642578125,252.70936584472656,355.7298583984375
2026-06-25T21:45:25.004724+00:00,spot_9,Spot 9,Occupied,2026-06-25T21:43:25.258272+00:00,867,car,0.3652910590171814,121,187.80477905273438,324.67852783203125,226.19021606445312,350.62603759765625
2026-06-25T21:45:25.004724+00:00,spot_10,Spot 10,Empty,2026-06-25T20:43:14.925600+00:00,,,,,,,,
2026-06-25T21:45:25.004724+00:00,spot_11,Spot 11,Occupied,2026-06-25T20:45:33.981185+00:00,848,car,0.8979468941688538,3593,123.28126525878906,321.928466796875,176.53916931152344,346.077880859375
2026-06-25T21:45:25.004724+00:00,spot_12,Spot 12,Occupied,2026-06-25T20:40:31.153736+00:00,837,car,0.8507108688354492,3893,87.569580078125,317.31097412109375,133.46054077148438,339.10211181640625
2026-06-25T21:45:25.004724+00:00,spot_13,Spot 13,Empty,2026-06-25T20:43:14.925600+00:00,,,,,,,,
2026-06-25T21:45:25.004724+00:00,spot_14,Spot 14,Empty,2026-06-25T21:25:07.985422+00:00,,,,,,,,
2026-06-25T21:45:25.004724+00:00,spot_15,Spot 15,Occupied,2026-06-25T21:25:59.910217+00:00,862,car,0.8635989427566528,1155,31.766464233398438,316.71331787109375,72.39691162109375,332.39337158203125
2026-06-25T21:45:25.004724+00:00,spot_16,Spot 16,Occupied,2026-06-25T20:40:31.153736+00:00,842,car,0.6553407311439514,3893,22.62352752685547,312.62384033203125,48.35804748535156,328.63653564453125
2026-06-25T21:45:25.004724+00:00,spot_17,Spot 17,Empty,2026-06-25T18:08:23.061954+00:00,,,,,,,,
2026-06-25T21:46:25.799680+00:00,spot_1,Spot 1,Occupied,2026-06-25T21:46:25.799680+00:00,870,car,0.3839225471019745,0,570.537353515625,327.8224182128906,615.85009765625,373.4084167480469
2026-06-25T21:46:25.799680+00:00,spot_2,Spot 2,Empty,2026-06-25T20:43:14.925600+00:00,,,,,,,,
2026-06-25T21:46:25.799680+00:00,spot_3,Spot 3,Occupied,2026-06-25T21:08:14.285155+00:00,853,truck,0.7261012196540833,2864,449.8199157714844,318.9056396484375,499.3554992675781,367.1900634765625
2026-06-25T21:46:25.799680+00:00,spot_4,Spot 4,Occupied,2026-06-25T21:41:21.109945+00:00,861,truck,0.44777911901474,1279,387.8807373046875,321.9808349609375,448.0274658203125,368.266845703125
2026-06-25T21:46:25.799680+00:00,spot_5,Spot 5,Occupied,2026-06-25T20:40:31.153736+00:00,835,truck,0.8663864135742188,3954,325.58282470703125,318.66632080078125,391.3814697265625,367.32275390625
2026-06-25T21:46:25.799680+00:00,spot_6,Spot 6,Empty,2026-06-25T19:30:25.322185+00:00,,,,,,,,
2026-06-25T21:46:25.799680+00:00,spot_7,Spot 7,Empty,2026-06-25T21:46:25.799680+00:00,,,,,,,,
2026-06-25T21:46:25.799680+00:00,spot_8,Spot 8,Occupied,2026-06-25T20:40:31.153736+00:00,840,car,0.7353755831718445,3954,205.46731567382812,322.21710205078125,275.9948425292969,356.08697509765625
2026-06-25T21:46:25.799680+00:00,spot_9,Spot 9,Occupied,2026-06-25T21:43:25.258272+00:00,867,car,0.39527663588523865,182,187.75436401367188,323.6245422363281,221.05728149414062,350.8594665527344
2026-06-25T21:46:25.799680+00:00,spot_10,Spot 10,Empty,2026-06-25T20:43:14.925600+00:00,,,,,,,,
2026-06-25T21:46:25.799680+00:00,spot_11,Spot 11,Occupied,2026-06-25T20:45:33.981185+00:00,848,car,0.8949396014213562,3654,123.28079986572266,322.26165771484375,176.54281616210938,346.10284423828125
2026-06-25T21:46:25.799680+00:00,spot_12,Spot 12,Occupied,2026-06-25T20:40:31.153736+00:00,837,car,0.8270151019096375,3954,87.52073669433594,317.42547607421875,130.46237182617188,339.24908447265625
2026-06-25T21:46:25.799680+00:00,spot_13,Spot 13,Empty,2026-06-25T20:43:14.925600+00:00,,,,,,,,
2026-06-25T21:46:25.799680+00:00,spot_14,Spot 14,Empty,2026-06-25T21:25:07.985422+00:00,,,,,,,,
2026-06-25T21:46:25.799680+00:00,spot_15,Spot 15,Occupied,2026-06-25T21:25:59.910217+00:00,862,car,0.7926909923553467,1216,30.679136276245117,316.0650634765625,72.41731262207031,332.78094482421875
2026-06-25T21:46:25.799680+00:00,spot_16,Spot 16,Occupied,2026-06-25T20:40:31.153736+00:00,842,car,0.5851300954818726,3954,22.580989837646484,312.58099365234375,44.02467727661133,329.02813720703125
2026-06-25T21:46:25.799680+00:00,spot_17,Spot 17,Empty,2026-06-25T18:08:23.061954+00:00,,,,,,,,
2026-06-25T21:47:22.781573+00:00,spot_1,Spot 1,Empty,2026-06-25T21:47:22.781573+00:00,,,,,,,,
2026-06-25T21:47:22.781573+00:00,spot_2,Spot 2,Empty,2026-06-25T20:43:14.925600+00:00,,,,,,,,
2026-06-25T21:47:22.781573+00:00,spot_3,Spot 3,Occupied,2026-06-25T21:08:14.285155+00:00,853,truck,0.7099072933197021,2920,450.13897705078125,316.6156005859375,500.98846435546875,366.649169921875
2026-06-25T21:47:22.781573+00:00,spot_4,Spot 4,Occupied,2026-06-25T21:41:21.109945+00:00,861,truck,0.4685054123401642,1335,387.795166015625,321.69415283203125,447.9017333984375,367.453857421875
2026-06-25T21:47:22.781573+00:00,spot_5,Spot 5,Empty,2026-06-25T21:47:22.781573+00:00,,,,,,,,
2026-06-25T21:47:22.781573+00:00,spot_6,Spot 6,Empty,2026-06-25T19:30:25.322185+00:00,,,,,,,,
2026-06-25T21:47:22.781573+00:00,spot_7,Spot 7,Empty,2026-06-25T21:46:25.799680+00:00,,,,,,,,
2026-06-25T21:47:22.781573+00:00,spot_8,Spot 8,Occupied,2026-06-25T20:40:31.153736+00:00,840,car,0.6011388301849365,4011,188.03134155273438,321.67022705078125,277.8241882324219,355.49810791015625
2026-06-25T21:47:22.781573+00:00,spot_9,Spot 9,Empty,2026-06-25T21:47:22.781573+00:00,,,,,,,,
2026-06-25T21:47:22.781573+00:00,spot_10,Spot 10,Empty,2026-06-25T20:43:14.925600+00:00,,,,,,,,
2026-06-25T21:47:22.781573+00:00,spot_11,Spot 11,Occupied,2026-06-25T20:45:33.981185+00:00,848,car,0.8992653489112854,3711,123.0066909790039,322.2532958984375,176.42214965820312,346.0731201171875
2026-06-25T21:47:22.781573+00:00,spot_12,Spot 12,Occupied,2026-06-25T20:40:31.153736+00:00,837,car,0.8341296315193176,4011,87.60696411132812,317.30078125,132.1705780029297,339.07611083984375
2026-06-25T21:47:22.781573+00:00,spot_13,Spot 13,Empty,2026-06-25T20:43:14.925600+00:00,,,,,,,,
2026-06-25T21:47:22.781573+00:00,spot_14,Spot 14,Empty,2026-06-25T21:25:07.985422+00:00,,,,,,,,
2026-06-25T21:47:22.781573+00:00,spot_15,Spot 15,Occupied,2026-06-25T21:25:59.910217+00:00,862,car,0.8234965801239014,1272,32.61335754394531,316.5527038574219,72.05157470703125,332.3113708496094
2026-06-25T21:47:22.781573+00:00,spot_16,Spot 16,Occupied,2026-06-25T20:40:31.153736+00:00,842,car,0.5920240879058838,4011,22.604080200195312,312.7508544921875,43.07123565673828,328.8809814453125
2026-06-25T21:47:22.781573+00:00,spot_17,Spot 17,Empty,2026-06-25T18:08:23.061954+00:00,,,,,,,,
2026-06-25T21:48:17.332657+00:00,spot_1,Spot 1,Occupied,2026-06-25T21:48:17.332657+00:00,871,truck,0.44873058795928955,0,570.5383911132812,320.00689697265625,619.1251831054688,388.23614501953125
2026-06-25T21:48:17.332657+00:00,spot_2,Spot 2,Empty,2026-06-25T20:43:14.925600+00:00,,,,,,,,
2026-06-25T21:48:17.332657+00:00,spot_3,Spot 3,Occupied,2026-06-25T21:08:14.285155+00:00,853,truck,0.6343464851379395,2974,450.282470703125,319.21173095703125,498.559326171875,367.08258056640625
2026-06-25T21:48:17.332657+00:00,spot_4,Spot 4,Empty,2026-06-25T21:48:17.332657+00:00,,,,,,,,
2026-06-25T21:48:17.332657+00:00,spot_5,Spot 5,Occupied,2026-06-25T21:48:17.332657+00:00,872,car,0.4081246852874756,0,335.6234130859375,333.4775390625,365.15570068359375,345.63232421875
2026-06-25T21:48:17.332657+00:00,spot_6,Spot 6,Empty,2026-06-25T19:30:25.322185+00:00,,,,,,,,
2026-06-25T21:48:17.332657+00:00,spot_7,Spot 7,Empty,2026-06-25T21:46:25.799680+00:00,,,,,,,,
2026-06-25T21:48:17.332657+00:00,spot_8,Spot 8,Occupied,2026-06-25T20:40:31.153736+00:00,840,car,0.6405522227287292,4065,205.17123413085938,322.79608154296875,274.09185791015625,355.87762451171875
2026-06-25T21:48:17.332657+00:00,spot_9,Spot 9,Occupied,2026-06-25T21:48:17.332657+00:00,867,car,0.44724759459495544,293,187.93292236328125,324.55206298828125,223.60858154296875,349.49639892578125
2026-06-25T21:48:17.332657+00:00,spot_10,Spot 10,Empty,2026-06-25T20:43:14.925600+00:00,,,,,,,,
2026-06-25T21:48:17.332657+00:00,spot_11,Spot 11,Occupied,2026-06-25T20:45:33.981185+00:00,848,car,0.9017899632453918,3765,123.37579345703125,322.4650573730469,176.2864990234375,345.8369445800781
2026-06-25T21:48:17.332657+00:00,spot_12,Spot 12,Occupied,2026-06-25T20:40:31.153736+00:00,837,car,0.8493057489395142,4065,87.56402587890625,317.45477294921875,132.24334716796875,339.27130126953125
2026-06-25T21:48:17.332657+00:00,spot_13,Spot 13,Empty,2026-06-25T20:43:14.925600+00:00,,,,,,,,
2026-06-25T21:48:17.332657+00:00,spot_14,Spot 14,Empty,2026-06-25T21:25:07.985422+00:00,,,,,,,,
2026-06-25T21:48:17.332657+00:00,spot_15,Spot 15,Occupied,2026-06-25T21:25:59.910217+00:00,862,car,0.8190925121307373,1326,30.692283630371094,316.3248596191406,72.13737487792969,332.5580749511719
2026-06-25T21:48:17.332657+00:00,spot_16,Spot 16,Occupied,2026-06-25T20:40:31.153736+00:00,842,car,0.6629897952079773,4065,22.027183532714844,312.56768798828125,43.46488952636719,328.46051025390625
2026-06-25T21:48:17.332657+00:00,spot_17,Spot 17,Empty,2026-06-25T18:08:23.061954+00:00,,,,,,,,
2026-06-25T21:49:17.204738+00:00,spot_1,Spot 1,Occupied,2026-06-25T21:48:17.332657+00:00,871,truck,0.5575533509254456,58,570.4019775390625,318.45123291015625,615.8126220703125,374.86480712890625
2026-06-25T21:49:17.204738+00:00,spot_2,Spot 2,Empty,2026-06-25T20:43:14.925600+00:00,,,,,,,,
2026-06-25T21:49:17.204738+00:00,spot_3,Spot 3,Occupied,2026-06-25T21:49:17.204738+00:00,873,car,0.6551953554153442,0,449.83416748046875,318.93499755859375,499.4056396484375,366.86163330078125
2026-06-25T21:49:17.204738+00:00,spot_4,Spot 4,Empty,2026-06-25T21:48:17.332657+00:00,,,,,,,,
2026-06-25T21:49:17.204738+00:00,spot_5,Spot 5,Occupied,2026-06-25T21:48:17.332657+00:00,872,car,0.4614065885543823,58,335.8101806640625,333.03564453125,352.794677734375,343.9345703125
2026-06-25T21:49:17.204738+00:00,spot_6,Spot 6,Empty,2026-06-25T19:30:25.322185+00:00,,,,,,,,
2026-06-25T21:49:17.204738+00:00,spot_7,Spot 7,Empty,2026-06-25T21:46:25.799680+00:00,,,,,,,,
2026-06-25T21:49:17.204738+00:00,spot_8,Spot 8,Occupied,2026-06-25T20:40:31.153736+00:00,840,car,0.7302913665771484,4124,207.6173095703125,321.61785888671875,277.164306640625,355.87115478515625
2026-06-25T21:49:17.204738+00:00,spot_9,Spot 9,Occupied,2026-06-25T21:48:17.332657+00:00,867,car,0.4761003255844116,352,187.96908569335938,323.6739807128906,224.44149780273438,349.9093322753906
2026-06-25T21:49:17.204738+00:00,spot_10,Spot 10,Empty,2026-06-25T20:43:14.925600+00:00,,,,,,,,
2026-06-25T21:49:17.204738+00:00,spot_11,Spot 11,Occupied,2026-06-25T20:45:33.981185+00:00,848,car,0.8994975686073303,3824,123.17044067382812,321.7505798339844,176.14718627929688,345.9816589355469
2026-06-25T21:49:17.204738+00:00,spot_12,Spot 12,Occupied,2026-06-25T20:40:31.153736+00:00,837,car,0.8105781674385071,4124,87.48233032226562,317.29632568359375,132.75843811035156,338.99224853515625
2026-06-25T21:49:17.204738+00:00,spot_13,Spot 13,Empty,2026-06-25T20:43:14.925600+00:00,,,,,,,,
2026-06-25T21:49:17.204738+00:00,spot_14,Spot 14,Empty,2026-06-25T21:25:07.985422+00:00,,,,,,,,
2026-06-25T21:49:17.204738+00:00,spot_15,Spot 15,Occupied,2026-06-25T21:25:59.910217+00:00,862,car,0.8830873966217041,1385,33.30970001220703,316.3504638671875,72.24989318847656,332.52777099609375
2026-06-25T21:49:17.204738+00:00,spot_16,Spot 16,Occupied,2026-06-25T20:40:31.153736+00:00,842,car,0.6670375466346741,4124,22.782241821289062,312.31072998046875,47.0606689453125,328.86456298828125
2026-06-25T21:49:17.204738+00:00,spot_17,Spot 17,Empty,2026-06-25T18:08:23.061954+00:00,,,,,,,,
2026-06-25T21:50:40.389621+00:00,spot_1,Spot 1,Occupied,2026-06-25T21:48:17.332657+00:00,871,truck,0.4411601424217224,142,570.408935546875,319.79931640625,616.181884765625,373.5927734375
2026-06-25T21:50:40.389621+00:00,spot_2,Spot 2,Empty,2026-06-25T20:43:14.925600+00:00,,,,,,,,
2026-06-25T21:50:40.389621+00:00,spot_3,Spot 3,Occupied,2026-06-25T21:50:40.389621+00:00,853,truck,0.5092326402664185,3117,449.7300720214844,315.83343505859375,501.8846740722656,366.63897705078125
2026-06-25T21:50:40.389621+00:00,spot_4,Spot 4,Empty,2026-06-25T21:48:17.332657+00:00,,,,,,,,
2026-06-25T21:50:40.389621+00:00,spot_5,Spot 5,Occupied,2026-06-25T21:48:17.332657+00:00,872,car,0.5420485734939575,142,336.18878173828125,333.33892822265625,352.68304443359375,343.8304443359375
2026-06-25T21:50:40.389621+00:00,spot_6,Spot 6,Empty,2026-06-25T19:30:25.322185+00:00,,,,,,,,
2026-06-25T21:50:40.389621+00:00,spot_7,Spot 7,Empty,2026-06-25T21:46:25.799680+00:00,,,,,,,,
2026-06-25T21:50:40.389621+00:00,spot_8,Spot 8,Occupied,2026-06-25T20:40:31.153736+00:00,840,car,0.46645230054855347,4208,211.76522827148438,322.0057678222656,276.04583740234375,355.8085632324219
2026-06-25T21:50:40.389621+00:00,spot_9,Spot 9,Occupied,2026-06-25T21:48:17.332657+00:00,867,car,0.5205293893814087,436,187.6465301513672,327.38409423828125,208.24522399902344,350.90435791015625
2026-06-25T21:50:40.389621+00:00,spot_10,Spot 10,Empty,2026-06-25T20:43:14.925600+00:00,,,,,,,,
2026-06-25T21:50:40.389621+00:00,spot_11,Spot 11,Occupied,2026-06-25T20:45:33.981185+00:00,848,car,0.897226870059967,3908,123.29058074951172,321.94256591796875,176.25408935546875,346.2813720703125
2026-06-25T21:50:40.389621+00:00,spot_12,Spot 12,Occupied,2026-06-25T20:40:31.153736+00:00,837,car,0.7938904166221619,4208,87.52473449707031,317.5673828125,131.0959930419922,339.3072509765625
2026-06-25T21:50:40.389621+00:00,spot_13,Spot 13,Empty,2026-06-25T20:43:14.925600+00:00,,,,,,,,
2026-06-25T21:50:40.389621+00:00,spot_14,Spot 14,Empty,2026-06-25T21:25:07.985422+00:00,,,,,,,,
2026-06-25T21:50:40.389621+00:00,spot_15,Spot 15,Occupied,2026-06-25T21:25:59.910217+00:00,862,car,0.8529198169708252,1469,30.760528564453125,316.2698974609375,72.07640075683594,332.72314453125
2026-06-25T21:50:40.389621+00:00,spot_16,Spot 16,Occupied,2026-06-25T20:40:31.153736+00:00,842,car,0.778160572052002,4208,22.39240074157715,312.6082763671875,47.53350067138672,328.876708984375
2026-06-25T21:50:40.389621+00:00,spot_17,Spot 17,Empty,2026-06-25T18:08:23.061954+00:00,,,,,,,,
2026-06-25T21:51:41.788629+00:00,spot_1,Spot 1,Occupied,2026-06-25T21:48:17.332657+00:00,871,truck,0.4449050724506378,201,570.1350708007812,318.25958251953125,616.2118530273438,373.45904541015625
2026-06-25T21:51:41.788629+00:00,spot_2,Spot 2,Empty,2026-06-25T20:43:14.925600+00:00,,,,,,,,
2026-06-25T21:51:41.788629+00:00,spot_3,Spot 3,Occupied,2026-06-25T21:50:40.389621+00:00,853,truck,0.7172847986221313,3176,449.7715759277344,318.71246337890625,499.3894348144531,366.64422607421875
2026-06-25T21:51:41.788629+00:00,spot_4,Spot 4,Empty,2026-06-25T21:48:17.332657+00:00,,,,,,,,
2026-06-25T21:51:41.788629+00:00,spot_5,Spot 5,Occupied,2026-06-25T21:48:17.332657+00:00,872,car,0.3540681004524231,201,335.6962890625,333.246337890625,353.614501953125,344.04449462890625
2026-06-25T21:51:41.788629+00:00,spot_6,Spot 6,Empty,2026-06-25T19:30:25.322185+00:00,,,,,,,,
2026-06-25T21:51:41.788629+00:00,spot_7,Spot 7,Empty,2026-06-25T21:46:25.799680+00:00,,,,,,,,
2026-06-25T21:51:41.788629+00:00,spot_8,Spot 8,Occupied,2026-06-25T20:40:31.153736+00:00,840,car,0.6897916793823242,4266,205.45404052734375,319.9329528808594,275.498779296875,355.8349914550781
2026-06-25T21:51:41.788629+00:00,spot_9,Spot 9,Occupied,2026-06-25T21:48:17.332657+00:00,867,car,0.35912880301475525,494,187.78253173828125,328.8987121582031,203.96942138671875,350.5346984863281
2026-06-25T21:51:41.788629+00:00,spot_10,Spot 10,Empty,2026-06-25T20:43:14.925600+00:00,,,,,,,,
2026-06-25T21:51:41.788629+00:00,spot_11,Spot 11,Occupied,2026-06-25T20:45:33.981185+00:00,848,car,0.8923898339271545,3966,122.85411834716797,321.8486328125,176.470703125,346.3343505859375
2026-06-25T21:51:41.788629+00:00,spot_12,Spot 12,Occupied,2026-06-25T20:40:31.153736+00:00,837,car,0.7644375562667847,4266,87.66250610351562,317.7635498046875,129.52352905273438,339.204345703125
2026-06-25T21:51:41.788629+00:00,spot_13,Spot 13,Empty,2026-06-25T20:43:14.925600+00:00,,,,,,,,
2026-06-25T21:51:41.788629+00:00,spot_14,Spot 14,Empty,2026-06-25T21:25:07.985422+00:00,,,,,,,,
2026-06-25T21:51:41.788629+00:00,spot_15,Spot 15,Occupied,2026-06-25T21:25:59.910217+00:00,862,car,0.8493022322654724,1528,30.658998489379883,316.6318359375,72.83529663085938,332.8570556640625
2026-06-25T21:51:41.788629+00:00,spot_16,Spot 16,Occupied,2026-06-25T20:40:31.153736+00:00,842,car,0.7778234481811523,4266,22.839828491210938,312.57415771484375,47.794334411621094,329.14776611328125
2026-06-25T21:51:41.788629+00:00,spot_17,Spot 17,Empty,2026-06-25T18:08:23.061954+00:00,,,,,,,,
2026-06-25T21:52:32.401670+00:00,spot_1,Spot 1,Occupied,2026-06-25T21:52:32.401670+00:00,875,bus,0.769328773021698,0,570.3958129882812,289.6414794921875,616.2138061523438,373.41973876953125
2026-06-25T21:52:32.401670+00:00,spot_2,Spot 2,Empty,2026-06-25T20:43:14.925600+00:00,,,,,,,,
2026-06-25T21:52:32.401670+00:00,spot_3,Spot 3,Occupied,2026-06-25T21:50:40.389621+00:00,853,truck,0.6566967964172363,3227,448.63372802734375,319.16571044921875,498.090576171875,367.10595703125
2026-06-25T21:52:32.401670+00:00,spot_4,Spot 4,Occupied,2026-06-25T21:52:32.401670+00:00,877,truck,0.35791656374931335,0,387.6709899902344,326.99755859375,434.4148864746094,367.236328125
2026-06-25T21:52:32.401670+00:00,spot_5,Spot 5,Empty,2026-06-25T21:52:32.401670+00:00,,,,,,,,
2026-06-25T21:52:32.401670+00:00,spot_6,Spot 6,Empty,2026-06-25T19:30:25.322185+00:00,,,,,,,,
2026-06-25T21:52:32.401670+00:00,spot_7,Spot 7,Empty,2026-06-25T21:46:25.799680+00:00,,,,,,,,
2026-06-25T21:52:32.401670+00:00,spot_8,Spot 8,Occupied,2026-06-25T20:40:31.153736+00:00,840,car,0.500983715057373,4318,205.16241455078125,320.18792724609375,276.44476318359375,355.91607666015625
2026-06-25T21:52:32.401670+00:00,spot_9,Spot 9,Empty,2026-06-25T21:52:32.401670+00:00,,,,,,,,
2026-06-25T21:52:32.401670+00:00,spot_10,Spot 10,Empty,2026-06-25T20:43:14.925600+00:00,,,,,,,,
2026-06-25T21:52:32.401670+00:00,spot_11,Spot 11,Occupied,2026-06-25T20:45:33.981185+00:00,848,car,0.8993440270423889,4018,123.17477416992188,321.99053955078125,176.243896484375,346.217529296875
2026-06-25T21:52:32.401670+00:00,spot_12,Spot 12,Occupied,2026-06-25T20:40:31.153736+00:00,837,car,0.7932749390602112,4318,87.14997863769531,317.30181884765625,129.40623474121094,339.27911376953125
2026-06-25T21:52:32.401670+00:00,spot_13,Spot 13,Empty,2026-06-25T20:43:14.925600+00:00,,,,,,,,
2026-06-25T21:52:32.401670+00:00,spot_14,Spot 14,Empty,2026-06-25T21:25:07.985422+00:00,,,,,,,,
2026-06-25T21:52:32.401670+00:00,spot_15,Spot 15,Occupied,2026-06-25T21:25:59.910217+00:00,862,car,0.8257767558097839,1579,30.28913116455078,317.82391357421875,72.04657745361328,332.89215087890625
2026-06-25T21:52:32.401670+00:00,spot_16,Spot 16,Occupied,2026-06-25T20:40:31.153736+00:00,842,car,0.6921908855438232,4318,22.573272705078125,312.4529724121094,45.037864685058594,328.5838317871094
2026-06-25T21:52:32.401670+00:00,spot_17,Spot 17,Empty,2026-06-25T18:08:23.061954+00:00,,,,,,,,
2026-06-25T21:53:23.723389+00:00,spot_1,Spot 1,Occupied,2026-06-25T21:53:23.723389+00:00,871,truck,0.7028993964195251,303,570.376220703125,317.5947265625,615.849853515625,373.7474365234375
2026-06-25T21:53:23.723389+00:00,spot_2,Spot 2,Empty,2026-06-25T20:43:14.925600+00:00,,,,,,,,
2026-06-25T21:53:23.723389+00:00,spot_3,Spot 3,Occupied,2026-06-25T21:50:40.389621+00:00,853,truck,0.5545870661735535,3278,449.8518371582031,318.6966552734375,498.6968688964844,366.8172607421875
2026-06-25T21:53:23.723389+00:00,spot_4,Spot 4,Empty,2026-06-25T21:53:23.723389+00:00,,,,,,,,
2026-06-25T21:53:23.723389+00:00,spot_5,Spot 5,Empty,2026-06-25T21:52:32.401670+00:00,,,,,,,,
2026-06-25T21:53:23.723389+00:00,spot_6,Spot 6,Empty,2026-06-25T19:30:25.322185+00:00,,,,,,,,
2026-06-25T21:53:23.723389+00:00,spot_7,Spot 7,Empty,2026-06-25T21:46:25.799680+00:00,,,,,,,,
2026-06-25T21:53:23.723389+00:00,spot_8,Spot 8,Occupied,2026-06-25T20:40:31.153736+00:00,840,car,0.7959184646606445,4369,207.81051635742188,321.8714294433594,275.6050109863281,355.7939147949219
2026-06-25T21:53:23.723389+00:00,spot_9,Spot 9,Empty,2026-06-25T21:52:32.401670+00:00,,,,,,,,
2026-06-25T21:53:23.723389+00:00,spot_10,Spot 10,Empty,2026-06-25T20:43:14.925600+00:00,,,,,,,,
2026-06-25T21:53:23.723389+00:00,spot_11,Spot 11,Occupied,2026-06-25T20:45:33.981185+00:00,848,car,0.8955734372138977,4069,123.06088256835938,321.6206359863281,176.38446044921875,346.2384948730469
2026-06-25T21:53:23.723389+00:00,spot_12,Spot 12,Occupied,2026-06-25T20:40:31.153736+00:00,837,car,0.8261179327964783,4369,87.56440734863281,317.45458984375,132.97994995117188,339.1085205078125
2026-06-25T21:53:23.723389+00:00,spot_13,Spot 13,Empty,2026-06-25T20:43:14.925600+00:00,,,,,,,,
2026-06-25T21:53:23.723389+00:00,spot_14,Spot 14,Empty,2026-06-25T21:25:07.985422+00:00,,,,,,,,
2026-06-25T21:53:23.723389+00:00,spot_15,Spot 15,Occupied,2026-06-25T21:25:59.910217+00:00,862,car,0.8200527429580688,1630,32.59309387207031,316.4762878417969,72.24078369140625,332.6321716308594
2026-06-25T21:53:23.723389+00:00,spot_16,Spot 16,Occupied,2026-06-25T20:40:31.153736+00:00,842,car,0.684231698513031,4369,22.724252700805664,312.74444580078125,48.52558135986328,328.89971923828125
2026-06-25T21:53:23.723389+00:00,spot_17,Spot 17,Empty,2026-06-25T18:08:23.061954+00:00,,,,,,,,
2026-06-25T21:54:18.140246+00:00,spot_1,Spot 1,Occupied,2026-06-25T21:53:23.723389+00:00,871,truck,0.7028993964195251,360,570.376220703125,317.5947265625,615.849853515625,373.7474365234375
2026-06-25T21:54:18.140246+00:00,spot_2,Spot 2,Empty,2026-06-25T20:43:14.925600+00:00,,,,,,,,
2026-06-25T21:54:18.140246+00:00,spot_3,Spot 3,Occupied,2026-06-25T21:50:40.389621+00:00,853,truck,0.5545870661735535,3335,449.8518371582031,318.6966552734375,498.6968688964844,366.8172607421875
2026-06-25T21:54:18.140246+00:00,spot_4,Spot 4,Empty,2026-06-25T21:53:23.723389+00:00,,,,,,,,
2026-06-25T21:54:18.140246+00:00,spot_5,Spot 5,Empty,2026-06-25T21:52:32.401670+00:00,,,,,,,,
2026-06-25T21:54:18.140246+00:00,spot_6,Spot 6,Empty,2026-06-25T19:30:25.322185+00:00,,,,,,,,
2026-06-25T21:54:18.140246+00:00,spot_7,Spot 7,Empty,2026-06-25T21:46:25.799680+00:00,,,,,,,,
2026-06-25T21:54:18.140246+00:00,spot_8,Spot 8,Occupied,2026-06-25T20:40:31.153736+00:00,840,car,0.7959184646606445,4425,207.81051635742188,321.8714294433594,275.6050109863281,355.7939147949219
2026-06-25T21:54:18.140246+00:00,spot_9,Spot 9,Empty,2026-06-25T21:52:32.401670+00:00,,,,,,,,
2026-06-25T21:54:18.140246+00:00,spot_10,Spot 10,Empty,2026-06-25T20:43:14.925600+00:00,,,,,,,,
2026-06-25T21:54:18.140246+00:00,spot_11,Spot 11,Occupied,2026-06-25T20:45:33.981185+00:00,848,car,0.8955734372138977,4125,123.06088256835938,321.6206359863281,176.38446044921875,346.2384948730469
2026-06-25T21:54:18.140246+00:00,spot_12,Spot 12,Occupied,2026-06-25T20:40:31.153736+00:00,837,car,0.8261179327964783,4425,87.56440734863281,317.45458984375,132.97994995117188,339.1085205078125
2026-06-25T21:54:18.140246+00:00,spot_13,Spot 13,Empty,2026-06-25T20:43:14.925600+00:00,,,,,,,,
2026-06-25T21:54:18.140246+00:00,spot_14,Spot 14,Empty,2026-06-25T21:25:07.985422+00:00,,,,,,,,
2026-06-25T21:54:18.140246+00:00,spot_15,Spot 15,Occupied,2026-06-25T21:25:59.910217+00:00,862,car,0.8200527429580688,1687,32.59309387207031,316.4762878417969,72.24078369140625,332.6321716308594
2026-06-25T21:54:18.140246+00:00,spot_16,Spot 16,Occupied,2026-06-25T20:40:31.153736+00:00,842,car,0.684231698513031,4425,22.724252700805664,312.74444580078125,48.52558135986328,328.89971923828125
2026-06-25T21:54:18.140246+00:00,spot_17,Spot 17,Empty,2026-06-25T18:08:23.061954+00:00,,,,,,,,
2026-06-25T21:55:18.718575+00:00,spot_1,Spot 1,Occupied,2026-06-25T21:55:18.718575+00:00,881,car,0.42201489210128784,0,570.208740234375,318.74420166015625,616.055419921875,374.49188232421875
2026-06-25T21:55:18.718575+00:00,spot_2,Spot 2,Empty,2026-06-25T20:43:14.925600+00:00,,,,,,,,
2026-06-25T21:55:18.718575+00:00,spot_3,Spot 3,Occupied,2026-06-25T21:50:40.389621+00:00,853,truck,0.6242270469665527,3395,449.4241638183594,318.67950439453125,498.9638977050781,366.35833740234375
2026-06-25T21:55:18.718575+00:00,spot_4,Spot 4,Occupied,2026-06-25T21:55:18.718575+00:00,877,truck,0.5179966688156128,168,387.8229675292969,301.6978759765625,447.7749938964844,367.32525634765625
2026-06-25T21:55:18.718575+00:00,spot_5,Spot 5,Occupied,2026-06-25T21:55:18.718575+00:00,880,car,0.4438045024871826,0,335.93170166015625,333.09600830078125,352.76287841796875,343.34088134765625
2026-06-25T21:55:18.718575+00:00,spot_6,Spot 6,Empty,2026-06-25T19:30:25.322185+00:00,,,,,,,,
2026-06-25T21:55:18.718575+00:00,spot_7,Spot 7,Occupied,2026-06-25T21:55:18.718575+00:00,878,car,0.5343887209892273,0,228.21868896484375,316.66790771484375,277.4656677246094,345.68731689453125
2026-06-25T21:55:18.718575+00:00,spot_8,Spot 8,Occupied,2026-06-25T20:40:31.153736+00:00,840,car,0.7350887656211853,4486,205.55703735351562,322.97723388671875,269.4268798828125,355.89013671875
2026-06-25T21:55:18.718575+00:00,spot_9,Spot 9,Occupied,2026-06-25T21:55:18.718575+00:00,879,car,0.4718458652496338,0,187.41519165039062,324.77630615234375,223.82400512695312,349.06231689453125
2026-06-25T21:55:18.718575+00:00,spot_10,Spot 10,Empty,2026-06-25T20:43:14.925600+00:00,,,,,,,,
2026-06-25T21:55:18.718575+00:00,spot_11,Spot 11,Occupied,2026-06-25T20:45:33.981185+00:00,848,car,0.9032915830612183,4186,123.22208404541016,321.53948974609375,176.34970092773438,346.056884765625
2026-06-25T21:55:18.718575+00:00,spot_12,Spot 12,Occupied,2026-06-25T20:40:31.153736+00:00,837,car,0.8191627264022827,4486,87.3653564453125,317.1538391113281,133.71688842773438,338.9921569824219
2026-06-25T21:55:18.718575+00:00,spot_13,Spot 13,Empty,2026-06-25T20:43:14.925600+00:00,,,,,,,,
2026-06-25T21:55:18.718575+00:00,spot_14,Spot 14,Empty,2026-06-25T21:25:07.985422+00:00,,,,,,,,
2026-06-25T21:55:18.718575+00:00,spot_15,Spot 15,Occupied,2026-06-25T21:25:59.910217+00:00,862,car,0.8103979825973511,1747,31.358932495117188,316.01898193359375,72.50763702392578,332.717041015625
2026-06-25T21:55:18.718575+00:00,spot_16,Spot 16,Occupied,2026-06-25T20:40:31.153736+00:00,842,car,0.5863990783691406,4486,22.74856185913086,312.54876708984375,47.49753952026367,328.87579345703125
2026-06-25T21:55:18.718575+00:00,spot_17,Spot 17,Empty,2026-06-25T18:08:23.061954+00:00,,,,,,,,
2026-06-25T21:56:23.400797+00:00,spot_1,Spot 1,Occupied,2026-06-25T21:55:18.718575+00:00,881,car,0.7307578921318054,63,570.434326171875,317.74298095703125,616.097412109375,374.434326171875
2026-06-25T21:56:23.400797+00:00,spot_2,Spot 2,Empty,2026-06-25T20:43:14.925600+00:00,,,,,,,,
2026-06-25T21:56:23.400797+00:00,spot_3,Spot 3,Occupied,2026-06-25T21:56:23.400797+00:00,882,car,0.40895336866378784,0,449.4405517578125,318.95867919921875,500.226318359375,366.28973388671875
2026-06-25T21:56:23.400797+00:00,spot_4,Spot 4,Occupied,2026-06-25T21:55:18.718575+00:00,877,truck,0.4160849153995514,232,387.7281799316406,280.750244140625,448.0002746582031,366.787109375
2026-06-25T21:56:23.400797+00:00,spot_5,Spot 5,Empty,2026-06-25T21:56:23.400797+00:00,,,,,,,,
2026-06-25T21:56:23.400797+00:00,spot_6,Spot 6,Empty,2026-06-25T19:30:25.322185+00:00,,,,,,,,
2026-06-25T21:56:23.400797+00:00,spot_7,Spot 7,Empty,2026-06-25T21:56:23.400797+00:00,,,,,,,,
2026-06-25T21:56:23.400797+00:00,spot_8,Spot 8,Occupied,2026-06-25T20:40:31.153736+00:00,840,car,0.739560067653656,4550,207.42489624023438,322.38446044921875,276.00347900390625,355.61846923828125
2026-06-25T21:56:23.400797+00:00,spot_9,Spot 9,Empty,2026-06-25T21:56:23.400797+00:00,,,,,,,,
2026-06-25T21:56:23.400797+00:00,spot_10,Spot 10,Empty,2026-06-25T20:43:14.925600+00:00,,,,,,,,
2026-06-25T21:56:23.400797+00:00,spot_11,Spot 11,Occupied,2026-06-25T20:45:33.981185+00:00,848,car,0.8955739140510559,4250,122.72660827636719,321.77301025390625,176.56166076660156,346.29364013671875
2026-06-25T21:56:23.400797+00:00,spot_12,Spot 12,Occupied,2026-06-25T20:40:31.153736+00:00,837,car,0.8226510882377625,4550,87.61166381835938,317.5906677246094,131.2330322265625,339.1191101074219
2026-06-25T21:56:23.400797+00:00,spot_13,Spot 13,Empty,2026-06-25T20:43:14.925600+00:00,,,,,,,,
2026-06-25T21:56:23.400797+00:00,spot_14,Spot 14,Empty,2026-06-25T21:25:07.985422+00:00,,,,,,,,
2026-06-25T21:56:23.400797+00:00,spot_15,Spot 15,Occupied,2026-06-25T21:25:59.910217+00:00,862,car,0.8373126983642578,1811,30.986312866210938,316.661865234375,71.39335632324219,332.6026611328125
2026-06-25T21:56:23.400797+00:00,spot_16,Spot 16,Occupied,2026-06-25T20:40:31.153736+00:00,842,car,0.7535576820373535,4550,22.96820640563965,312.6119079589844,48.136741638183594,329.1496887207031
2026-06-25T21:56:23.400797+00:00,spot_17,Spot 17,Empty,2026-06-25T18:08:23.061954+00:00,,,,,,,,
2026-06-25T21:57:38.496699+00:00,spot_1,Spot 1,Occupied,2026-06-25T21:57:38.496699+00:00,884,bus,0.6070953011512756,0,570.447021484375,317.9942626953125,615.052734375,372.3031005859375
2026-06-25T21:57:38.496699+00:00,spot_2,Spot 2,Empty,2026-06-25T20:43:14.925600+00:00,,,,,,,,
2026-06-25T21:57:38.496699+00:00,spot_3,Spot 3,Occupied,2026-06-25T21:56:23.400797+00:00,882,car,0.4399348497390747,76,450.48406982421875,319.01068115234375,499.1363525390625,365.66497802734375
2026-06-25T21:57:38.496699+00:00,spot_4,Spot 4,Occupied,2026-06-25T21:57:38.496699+00:00,883,bus,0.8091182708740234,0,387.639404296875,288.5628662109375,448.583251953125,366.5399169921875
2026-06-25T21:57:38.496699+00:00,spot_5,Spot 5,Empty,2026-06-25T21:56:23.400797+00:00,,,,,,,,
2026-06-25T21:57:38.496699+00:00,spot_6,Spot 6,Empty,2026-06-25T19:30:25.322185+00:00,,,,,,,,
2026-06-25T21:57:38.496699+00:00,spot_7,Spot 7,Empty,2026-06-25T21:56:23.400797+00:00,,,,,,,,
2026-06-25T21:57:38.496699+00:00,spot_8,Spot 8,Occupied,2026-06-25T20:40:31.153736+00:00,840,car,0.4804348647594452,4626,189.0479736328125,321.43939208984375,272.30517578125,356.03741455078125
2026-06-25T21:57:38.496699+00:00,spot_9,Spot 9,Empty,2026-06-25T21:56:23.400797+00:00,,,,,,,,
2026-06-25T21:57:38.496699+00:00,spot_10,Spot 10,Empty,2026-06-25T20:43:14.925600+00:00,,,,,,,,
2026-06-25T21:57:38.496699+00:00,spot_11,Spot 11,Occupied,2026-06-25T20:45:33.981185+00:00,848,car,0.89793860912323,4326,123.3177719116211,321.8038330078125,176.32241821289062,345.89251708984375
2026-06-25T21:57:38.496699+00:00,spot_12,Spot 12,Occupied,2026-06-25T20:40:31.153736+00:00,837,car,0.8366891145706177,4626,87.58586120605469,317.060302734375,130.23434448242188,339.03948974609375
2026-06-25T21:57:38.496699+00:00,spot_13,Spot 13,Empty,2026-06-25T20:43:14.925600+00:00,,,,,,,,
2026-06-25T21:57:38.496699+00:00,spot_14,Spot 14,Empty,2026-06-25T21:25:07.985422+00:00,,,,,,,,
2026-06-25T21:57:38.496699+00:00,spot_15,Spot 15,Occupied,2026-06-25T21:25:59.910217+00:00,862,car,0.8187486529350281,1887,31.64288330078125,317.377197265625,71.67665100097656,332.7010498046875
2026-06-25T21:57:38.496699+00:00,spot_16,Spot 16,Occupied,2026-06-25T20:40:31.153736+00:00,842,car,0.678468644618988,4626,21.95159339904785,312.6381530761719,44.27503204345703,328.4544372558594
2026-06-25T21:57:38.496699+00:00,spot_17,Spot 17,Empty,2026-06-25T18:08:23.061954+00:00,,,,,,,,
2026-06-25T21:58:34.547890+00:00,spot_1,Spot 1,Occupied,2026-06-25T21:58:34.547890+00:00,881,car,0.7627771496772766,194,570.7955322265625,320.156494140625,616.6783447265625,372.763916015625
2026-06-25T21:58:34.547890+00:00,spot_2,Spot 2,Empty,2026-06-25T20:43:14.925600+00:00,,,,,,,,
2026-06-25T21:58:34.547890+00:00,spot_3,Spot 3,Occupied,2026-06-25T21:58:34.547890+00:00,853,truck,0.6566756963729858,3589,449.93798828125,318.85968017578125,499.4622802734375,366.19293212890625
2026-06-25T21:58:34.547890+00:00,spot_4,Spot 4,Empty,2026-06-25T21:58:34.547890+00:00,,,,,,,,
2026-06-25T21:58:34.547890+00:00,spot_5,Spot 5,Empty,2026-06-25T21:56:23.400797+00:00,,,,,,,,
2026-06-25T21:58:34.547890+00:00,spot_6,Spot 6,Empty,2026-06-25T19:30:25.322185+00:00,,,,,,,,
2026-06-25T21:58:34.547890+00:00,spot_7,Spot 7,Empty,2026-06-25T21:56:23.400797+00:00,,,,,,,,
2026-06-25T21:58:34.547890+00:00,spot_8,Spot 8,Occupied,2026-06-25T21:58:34.547890+00:00,885,motorcycle,0.4095464050769806,0,193.28121948242188,328.69171142578125,219.89303588867188,361.32733154296875
2026-06-25T21:58:34.547890+00:00,spot_9,Spot 9,Empty,2026-06-25T21:56:23.400797+00:00,,,,,,,,
2026-06-25T21:58:34.547890+00:00,spot_10,Spot 10,Empty,2026-06-25T20:43:14.925600+00:00,,,,,,,,
2026-06-25T21:58:34.547890+00:00,spot_11,Spot 11,Occupied,2026-06-25T20:45:33.981185+00:00,848,car,0.9013171195983887,4380,123.44728088378906,321.7142333984375,175.99073791503906,345.8677978515625
2026-06-25T21:58:34.547890+00:00,spot_12,Spot 12,Occupied,2026-06-25T20:40:31.153736+00:00,837,car,0.8350692391395569,4680,87.46257019042969,317.0574951171875,134.05538940429688,339.057861328125
2026-06-25T21:58:34.547890+00:00,spot_13,Spot 13,Empty,2026-06-25T20:43:14.925600+00:00,,,,,,,,
2026-06-25T21:58:34.547890+00:00,spot_14,Spot 14,Empty,2026-06-25T21:25:07.985422+00:00,,,,,,,,
2026-06-25T21:58:34.547890+00:00,spot_15,Spot 15,Occupied,2026-06-25T21:25:59.910217+00:00,862,car,0.7582369446754456,1941,30.560813903808594,317.2540588378906,72.22021484375,332.7796936035156
2026-06-25T21:58:34.547890+00:00,spot_16,Spot 16,Occupied,2026-06-25T20:40:31.153736+00:00,842,car,0.6492164134979248,4680,22.464454650878906,312.53125,44.353065490722656,328.616455078125
2026-06-25T21:58:34.547890+00:00,spot_17,Spot 17,Empty,2026-06-25T18:08:23.061954+00:00,,,,,,,,
2026-06-25T21:59:24.532810+00:00,spot_1,Spot 1,Occupied,2026-06-25T21:58:34.547890+00:00,881,car,0.7627771496772766,243,570.7955322265625,320.156494140625,616.6783447265625,372.763916015625
2026-06-25T21:59:24.532810+00:00,spot_2,Spot 2,Empty,2026-06-25T20:43:14.925600+00:00,,,,,,,,
2026-06-25T21:59:24.532810+00:00,spot_3,Spot 3,Occupied,2026-06-25T21:58:34.547890+00:00,853,truck,0.6566756963729858,3639,449.93798828125,318.85968017578125,499.4622802734375,366.19293212890625
2026-06-25T21:59:24.532810+00:00,spot_4,Spot 4,Empty,2026-06-25T21:58:34.547890+00:00,,,,,,,,
2026-06-25T21:59:24.532810+00:00,spot_5,Spot 5,Empty,2026-06-25T21:56:23.400797+00:00,,,,,,,,
2026-06-25T21:59:24.532810+00:00,spot_6,Spot 6,Empty,2026-06-25T19:30:25.322185+00:00,,,,,,,,
2026-06-25T21:59:24.532810+00:00,spot_7,Spot 7,Empty,2026-06-25T21:56:23.400797+00:00,,,,,,,,
2026-06-25T21:59:24.532810+00:00,spot_8,Spot 8,Occupied,2026-06-25T21:58:34.547890+00:00,885,motorcycle,0.4095464050769806,49,193.28121948242188,328.69171142578125,219.89303588867188,361.32733154296875
2026-06-25T21:59:24.532810+00:00,spot_9,Spot 9,Empty,2026-06-25T21:56:23.400797+00:00,,,,,,,,
2026-06-25T21:59:24.532810+00:00,spot_10,Spot 10,Empty,2026-06-25T20:43:14.925600+00:00,,,,,,,,
2026-06-25T21:59:24.532810+00:00,spot_11,Spot 11,Occupied,2026-06-25T20:45:33.981185+00:00,848,car,0.9013171195983887,4429,123.44728088378906,321.7142333984375,175.99073791503906,345.8677978515625
2026-06-25T21:59:24.532810+00:00,spot_12,Spot 12,Occupied,2026-06-25T20:40:31.153736+00:00,837,car,0.8350692391395569,4729,87.46257019042969,317.0574951171875,134.05538940429688,339.057861328125
2026-06-25T21:59:24.532810+00:00,spot_13,Spot 13,Empty,2026-06-25T20:43:14.925600+00:00,,,,,,,,
2026-06-25T21:59:24.532810+00:00,spot_14,Spot 14,Empty,2026-06-25T21:25:07.985422+00:00,,,,,,,,
2026-06-25T21:59:24.532810+00:00,spot_15,Spot 15,Occupied,2026-06-25T21:25:59.910217+00:00,862,car,0.7582369446754456,1991,30.560813903808594,317.2540588378906,72.22021484375,332.7796936035156
2026-06-25T21:59:24.532810+00:00,spot_16,Spot 16,Occupied,2026-06-25T20:40:31.153736+00:00,842,car,0.6492164134979248,4729,22.464454650878906,312.53125,44.353065490722656,328.616455078125
2026-06-25T21:59:24.532810+00:00,spot_17,Spot 17,Empty,2026-06-25T18:08:23.061954+00:00,,,,,,,,
2026-06-25T22:00:22.253301+00:00,spot_1,Spot 1,Occupied,2026-06-25T22:00:22.253301+00:00,884,bus,0.6064971089363098,170,570.3760986328125,297.8877258300781,617.26025390625,373.2043151855469
2026-06-25T22:00:22.253301+00:00,spot_2,Spot 2,Empty,2026-06-25T20:43:14.925600+00:00,,,,,,,,
2026-06-25T22:00:22.253301+00:00,spot_3,Spot 3,Occupied,2026-06-25T21:58:34.547890+00:00,853,truck,0.3773582875728607,3705,449.7562255859375,319.0565185546875,499.2020263671875,365.657470703125
2026-06-25T22:00:22.253301+00:00,spot_4,Spot 4,Empty,2026-06-25T21:58:34.547890+00:00,,,,,,,,
2026-06-25T22:00:22.253301+00:00,spot_5,Spot 5,Empty,2026-06-25T21:56:23.400797+00:00,,,,,,,,
2026-06-25T22:00:22.253301+00:00,spot_6,Spot 6,Empty,2026-06-25T19:30:25.322185+00:00,,,,,,,,
2026-06-25T22:00:22.253301+00:00,spot_7,Spot 7,Empty,2026-06-25T21:56:23.400797+00:00,,,,,,,,
2026-06-25T22:00:22.253301+00:00,spot_8,Spot 8,Occupied,2026-06-25T22:00:22.253301+00:00,840,car,0.48939624428749084,4796,189.76766967773438,322.48980712890625,269.57135009765625,356.22686767578125
2026-06-25T22:00:22.253301+00:00,spot_9,Spot 9,Empty,2026-06-25T21:56:23.400797+00:00,,,,,,,,
2026-06-25T22:00:22.253301+00:00,spot_10,Spot 10,Empty,2026-06-25T20:43:14.925600+00:00,,,,,,,,
2026-06-25T22:00:22.253301+00:00,spot_11,Spot 11,Occupied,2026-06-25T20:45:33.981185+00:00,848,car,0.8979745507240295,4496,123.16926574707031,321.68280029296875,176.37672424316406,345.99005126953125
2026-06-25T22:00:22.253301+00:00,spot_12,Spot 12,Occupied,2026-06-25T20:40:31.153736+00:00,837,car,0.8182622194290161,4796,87.52711486816406,317.01385498046875,133.09954833984375,339.0732421875
2026-06-25T22:00:22.253301+00:00,spot_13,Spot 13,Empty,2026-06-25T20:43:14.925600+00:00,,,,,,,,
2026-06-25T22:00:22.253301+00:00,spot_14,Spot 14,Empty,2026-06-25T21:25:07.985422+00:00,,,,,,,,
2026-06-25T22:00:22.253301+00:00,spot_15,Spot 15,Occupied,2026-06-25T21:25:59.910217+00:00,862,car,0.7753718495368958,2057,30.83409881591797,318.70843505859375,72.02665710449219,332.37347412109375
2026-06-25T22:00:22.253301+00:00,spot_16,Spot 16,Occupied,2026-06-25T20:40:31.153736+00:00,842,car,0.7335944771766663,4796,22.756065368652344,312.57830810546875,44.899810791015625,328.56707763671875
2026-06-25T22:00:22.253301+00:00,spot_17,Spot 17,Empty,2026-06-25T18:08:23.061954+00:00,,,,,,,,
2026-06-25T22:01:23.867035+00:00,spot_1,Spot 1,Empty,2026-06-25T22:01:23.867035+00:00,,,,,,,,
2026-06-25T22:01:23.867035+00:00,spot_2,Spot 2,Empty,2026-06-25T20:43:14.925600+00:00,,,,,,,,
2026-06-25T22:01:23.867035+00:00,spot_3,Spot 3,Occupied,2026-06-25T21:58:34.547890+00:00,853,truck,0.45878130197525024,3758,450.163818359375,318.9002685546875,498.508056640625,366.4224853515625
2026-06-25T22:01:23.867035+00:00,spot_4,Spot 4,Empty,2026-06-25T21:58:34.547890+00:00,,,,,,,,
2026-06-25T22:01:23.867035+00:00,spot_5,Spot 5,Empty,2026-06-25T21:56:23.400797+00:00,,,,,,,,
2026-06-25T22:01:23.867035+00:00,spot_6,Spot 6,Empty,2026-06-25T19:30:25.322185+00:00,,,,,,,,
2026-06-25T22:01:23.867035+00:00,spot_7,Spot 7,Empty,2026-06-25T21:56:23.400797+00:00,,,,,,,,
2026-06-25T22:01:23.867035+00:00,spot_8,Spot 8,Occupied,2026-06-25T22:00:22.253301+00:00,840,car,0.5603196620941162,4848,189.73117065429688,323.1967468261719,268.4651184082031,356.0273132324219
2026-06-25T22:01:23.867035+00:00,spot_9,Spot 9,Empty,2026-06-25T21:56:23.400797+00:00,,,,,,,,
2026-06-25T22:01:23.867035+00:00,spot_10,Spot 10,Empty,2026-06-25T20:43:14.925600+00:00,,,,,,,,
2026-06-25T22:01:23.867035+00:00,spot_11,Spot 11,Occupied,2026-06-25T20:45:33.981185+00:00,848,car,0.8994578123092651,4548,123.25822448730469,321.59033203125,175.93031311035156,345.999267578125
2026-06-25T22:01:23.867035+00:00,spot_12,Spot 12,Occupied,2026-06-25T20:40:31.153736+00:00,837,car,0.8467932343482971,4848,87.53042602539062,317.15966796875,132.05633544921875,338.90625
2026-06-25T22:01:23.867035+00:00,spot_13,Spot 13,Empty,2026-06-25T20:43:14.925600+00:00,,,,,,,,
2026-06-25T22:01:23.867035+00:00,spot_14,Spot 14,Empty,2026-06-25T21:25:07.985422+00:00,,,,,,,,
2026-06-25T22:01:23.867035+00:00,spot_15,Spot 15,Occupied,2026-06-25T21:25:59.910217+00:00,862,car,0.797635018825531,2110,31.741004943847656,317.11639404296875,71.62698364257812,332.58465576171875
2026-06-25T22:01:23.867035+00:00,spot_16,Spot 16,Occupied,2026-06-25T20:40:31.153736+00:00,842,car,0.6188404560089111,4848,21.92675018310547,312.3311767578125,43.319000244140625,328.53955078125
2026-06-25T22:01:23.867035+00:00,spot_17,Spot 17,Empty,2026-06-25T18:08:23.061954+00:00,,,,,,,,
2026-06-25T22:02:16.064214+00:00,spot_1,Spot 1,Occupied,2026-06-25T22:02:16.064214+00:00,884,bus,0.5639777183532715,276,570.6765747070312,317.52557373046875,617.2382202148438,372.23492431640625
2026-06-25T22:02:16.064214+00:00,spot_2,Spot 2,Empty,2026-06-25T20:43:14.925600+00:00,,,,,,,,
2026-06-25T22:02:16.064214+00:00,spot_3,Spot 3,Occupied,2026-06-25T22:02:16.064214+00:00,882,car,0.5522282123565674,352,450.6143493652344,318.9884033203125,498.3509826660156,366.4659423828125
2026-06-25T22:02:16.064214+00:00,spot_4,Spot 4,Occupied,2026-06-25T22:02:16.064214+00:00,886,bus,0.44287604093551636,0,387.526611328125,288.9395751953125,447.662109375,366.967041015625
2026-06-25T22:02:16.064214+00:00,spot_5,Spot 5,Empty,2026-06-25T21:56:23.400797+00:00,,,,,,,,
2026-06-25T22:02:16.064214+00:00,spot_6,Spot 6,Empty,2026-06-25T19:30:25.322185+00:00,,,,,,,,
2026-06-25T22:02:16.064214+00:00,spot_7,Spot 7,Empty,2026-06-25T21:56:23.400797+00:00,,,,,,,,
2026-06-25T22:02:16.064214+00:00,spot_8,Spot 8,Occupied,2026-06-25T22:00:22.253301+00:00,840,car,0.6920645236968994,4902,201.33767700195312,322.41802978515625,269.40252685546875,355.21588134765625
2026-06-25T22:02:16.064214+00:00,spot_9,Spot 9,Empty,2026-06-25T21:56:23.400797+00:00,,,,,,,,
2026-06-25T22:02:16.064214+00:00,spot_10,Spot 10,Empty,2026-06-25T20:43:14.925600+00:00,,,,,,,,
2026-06-25T22:02:16.064214+00:00,spot_11,Spot 11,Occupied,2026-06-25T20:45:33.981185+00:00,848,car,0.8994624614715576,4602,123.36465454101562,321.83349609375,176.31024169921875,345.9881591796875
2026-06-25T22:02:16.064214+00:00,spot_12,Spot 12,Occupied,2026-06-25T20:40:31.153736+00:00,837,car,0.8179157972335815,4902,87.55728149414062,317.10955810546875,132.979736328125,338.94647216796875
2026-06-25T22:02:16.064214+00:00,spot_13,Spot 13,Empty,2026-06-25T20:43:14.925600+00:00,,,,,,,,
2026-06-25T22:02:16.064214+00:00,spot_14,Spot 14,Empty,2026-06-25T21:25:07.985422+00:00,,,,,,,,
2026-06-25T22:02:16.064214+00:00,spot_15,Spot 15,Occupied,2026-06-25T21:25:59.910217+00:00,862,car,0.723038911819458,2164,32.390235900878906,316.87298583984375,71.4371337890625,332.7398681640625
2026-06-25T22:02:16.064214+00:00,spot_16,Spot 16,Occupied,2026-06-25T20:40:31.153736+00:00,842,car,0.6968290209770203,4902,22.021865844726562,312.59954833984375,47.83319091796875,328.98193359375
2026-06-25T22:02:16.064214+00:00,spot_17,Spot 17,Empty,2026-06-25T18:08:23.061954+00:00,,,,,,,,
2026-06-25T22:03:15.749580+00:00,spot_1,Spot 1,Empty,2026-06-25T22:03:15.749580+00:00,,,,,,,,
2026-06-25T22:03:15.749580+00:00,spot_2,Spot 2,Empty,2026-06-25T20:43:14.925600+00:00,,,,,,,,
2026-06-25T22:03:15.749580+00:00,spot_3,Spot 3,Occupied,2026-06-25T22:02:16.064214+00:00,882,car,0.5631686449050903,410,450.2962646484375,318.7643127441406,499.44287109375,365.4928894042969
2026-06-25T22:03:15.749580+00:00,spot_4,Spot 4,Occupied,2026-06-25T22:03:15.749580+00:00,887,car,0.6273969411849976,0,387.66387939453125,326.60028076171875,433.56622314453125,366.51263427734375
2026-06-25T22:03:15.749580+00:00,spot_5,Spot 5,Empty,2026-06-25T21:56:23.400797+00:00,,,,,,,,
2026-06-25T22:03:15.749580+00:00,spot_6,Spot 6,Empty,2026-06-25T19:30:25.322185+00:00,,,,,,,,
2026-06-25T22:03:15.749580+00:00,spot_7,Spot 7,Empty,2026-06-25T21:56:23.400797+00:00,,,,,,,,
2026-06-25T22:03:15.749580+00:00,spot_8,Spot 8,Occupied,2026-06-25T22:00:22.253301+00:00,840,car,0.765543520450592,4960,187.90237426757812,321.84442138671875,269.7882385253906,355.49163818359375
2026-06-25T22:03:15.749580+00:00,spot_9,Spot 9,Empty,2026-06-25T21:56:23.400797+00:00,,,,,,,,
2026-06-25T22:03:15.749580+00:00,spot_10,Spot 10,Empty,2026-06-25T20:43:14.925600+00:00,,,,,,,,
2026-06-25T22:03:15.749580+00:00,spot_11,Spot 11,Occupied,2026-06-25T20:45:33.981185+00:00,848,car,0.9039953947067261,4660,123.19693756103516,321.95318603515625,176.50094604492188,345.91510009765625
2026-06-25T22:03:15.749580+00:00,spot_12,Spot 12,Occupied,2026-06-25T20:40:31.153736+00:00,837,car,0.8487920165061951,4960,87.51481628417969,317.05438232421875,131.932861328125,339.01104736328125
2026-06-25T22:03:15.749580+00:00,spot_13,Spot 13,Empty,2026-06-25T20:43:14.925600+00:00,,,,,,,,
2026-06-25T22:03:15.749580+00:00,spot_14,Spot 14,Empty,2026-06-25T21:25:07.985422+00:00,,,,,,,,
2026-06-25T22:03:15.749580+00:00,spot_15,Spot 15,Occupied,2026-06-25T21:25:59.910217+00:00,862,car,0.8202963471412659,2222,31.650711059570312,315.78839111328125,71.8073501586914,332.38958740234375
2026-06-25T22:03:15.749580+00:00,spot_16,Spot 16,Occupied,2026-06-25T20:40:31.153736+00:00,842,car,0.6661520004272461,4960,21.412933349609375,312.38372802734375,43.329925537109375,328.50115966796875
2026-06-25T22:03:15.749580+00:00,spot_17,Spot 17,Empty,2026-06-25T18:08:23.061954+00:00,,,,,,,,
2026-06-25T22:04:07.792977+00:00,spot_1,Spot 1,Occupied,2026-06-25T22:04:07.792977+00:00,884,bus,0.5590697526931763,389,570.733154296875,287.75494384765625,618.2120361328125,372.42095947265625
2026-06-25T22:04:07.792977+00:00,spot_2,Spot 2,Empty,2026-06-25T20:43:14.925600+00:00,,,,,,,,
2026-06-25T22:04:07.792977+00:00,spot_3,Spot 3,Occupied,2026-06-25T22:04:07.792977+00:00,853,truck,0.6026948094367981,3925,450.33807373046875,318.504150390625,499.79779052734375,366.34423828125
2026-06-25T22:04:07.792977+00:00,spot_4,Spot 4,Occupied,2026-06-25T22:04:07.792977+00:00,889,truck,0.36235925555229187,0,387.64129638671875,288.9677734375,448.79510498046875,366.5640869140625
2026-06-25T22:04:07.792977+00:00,spot_5,Spot 5,Empty,2026-06-25T21:56:23.400797+00:00,,,,,,,,
2026-06-25T22:04:07.792977+00:00,spot_6,Spot 6,Empty,2026-06-25T19:30:25.322185+00:00,,,,,,,,
2026-06-25T22:04:07.792977+00:00,spot_7,Spot 7,Empty,2026-06-25T21:56:23.400797+00:00,,,,,,,,
2026-06-25T22:04:07.792977+00:00,spot_8,Spot 8,Occupied,2026-06-25T22:00:22.253301+00:00,840,car,0.8814764022827148,5015,188.04449462890625,324.6060791015625,241.6363525390625,350.764892578125
2026-06-25T22:04:07.792977+00:00,spot_9,Spot 9,Empty,2026-06-25T21:56:23.400797+00:00,,,,,,,,
2026-06-25T22:04:07.792977+00:00,spot_10,Spot 10,Occupied,2026-06-25T22:04:07.792977+00:00,888,car,0.8201010823249817,0,131.494873046875,346.38336181640625,175.53399658203125,389.00592041015625
2026-06-25T22:04:07.792977+00:00,spot_11,Spot 11,Occupied,2026-06-25T20:45:33.981185+00:00,848,car,0.8368461728096008,4715,123.28721618652344,321.9100341796875,176.3855743408203,345.097412109375
2026-06-25T22:04:07.792977+00:00,spot_12,Spot 12,Occupied,2026-06-25T20:40:31.153736+00:00,837,car,0.8187544941902161,5015,87.61343383789062,317.1313171386719,132.72598266601562,339.0155334472656
2026-06-25T22:04:07.792977+00:00,spot_13,Spot 13,Empty,2026-06-25T20:43:14.925600+00:00,,,,,,,,
2026-06-25T22:04:07.792977+00:00,spot_14,Spot 14,Empty,2026-06-25T21:25:07.985422+00:00,,,,,,,,
2026-06-25T22:04:07.792977+00:00,spot_15,Spot 15,Occupied,2026-06-25T21:25:59.910217+00:00,862,car,0.7855790853500366,2277,32.66725158691406,317.70709228515625,72.04300689697266,332.64447021484375
2026-06-25T22:04:07.792977+00:00,spot_16,Spot 16,Occupied,2026-06-25T20:40:31.153736+00:00,842,car,0.6396775841712952,5015,21.819427490234375,312.3243408203125,43.86663818359375,328.1812744140625
2026-06-25T22:04:07.792977+00:00,spot_17,Spot 17,Empty,2026-06-25T18:08:23.061954+00:00,,,,,,,,
2026-06-25T22:05:11.680793+00:00,spot_1,Spot 1,Occupied,2026-06-25T22:04:07.792977+00:00,884,bus,0.4128914475440979,454,570.6759643554688,287.44415283203125,617.6575317382812,372.13555908203125
2026-06-25T22:05:11.680793+00:00,spot_2,Spot 2,Empty,2026-06-25T20:43:14.925600+00:00,,,,,,,,
2026-06-25T22:05:11.680793+00:00,spot_3,Spot 3,Occupied,2026-06-25T22:05:11.680793+00:00,882,car,0.4963851869106293,530,450.6910095214844,318.9419860839844,499.7392272949219,365.4778137207031
2026-06-25T22:05:11.680793+00:00,spot_4,Spot 4,Occupied,2026-06-25T22:05:11.680793+00:00,886,bus,0.6831548810005188,177,387.51519775390625,286.9937744140625,448.25421142578125,366.147216796875
2026-06-25T22:05:11.680793+00:00,spot_5,Spot 5,Empty,2026-06-25T21:56:23.400797+00:00,,,,,,,,
2026-06-25T22:05:11.680793+00:00,spot_6,Spot 6,Empty,2026-06-25T19:30:25.322185+00:00,,,,,,,,
2026-06-25T22:05:11.680793+00:00,spot_7,Spot 7,Empty,2026-06-25T21:56:23.400797+00:00,,,,,,,,
2026-06-25T22:05:11.680793+00:00,spot_8,Spot 8,Occupied,2026-06-25T22:00:22.253301+00:00,840,car,0.8886576890945435,5080,187.50009155273438,324.14227294921875,240.06137084960938,350.55169677734375
2026-06-25T22:05:11.680793+00:00,spot_9,Spot 9,Empty,2026-06-25T21:56:23.400797+00:00,,,,,,,,
2026-06-25T22:05:11.680793+00:00,spot_10,Spot 10,Empty,2026-06-25T22:05:11.680793+00:00,,,,,,,,
2026-06-25T22:05:11.680793+00:00,spot_11,Spot 11,Occupied,2026-06-25T20:45:33.981185+00:00,848,car,0.9006749987602234,4780,123.39655303955078,321.79656982421875,176.2900390625,345.94415283203125
2026-06-25T22:05:11.680793+00:00,spot_12,Spot 12,Occupied,2026-06-25T20:40:31.153736+00:00,837,car,0.8315478563308716,5080,87.55218505859375,317.24591064453125,134.55282592773438,338.97808837890625
2026-06-25T22:05:11.680793+00:00,spot_13,Spot 13,Empty,2026-06-25T20:43:14.925600+00:00,,,,,,,,
2026-06-25T22:05:11.680793+00:00,spot_14,Spot 14,Empty,2026-06-25T21:25:07.985422+00:00,,,,,,,,
2026-06-25T22:05:11.680793+00:00,spot_15,Spot 15,Occupied,2026-06-25T21:25:59.910217+00:00,862,car,0.7278753519058228,2342,33.076499938964844,317.1771240234375,70.70121765136719,332.397705078125
2026-06-25T22:05:11.680793+00:00,spot_16,Spot 16,Occupied,2026-06-25T20:40:31.153736+00:00,842,car,0.5617107152938843,5080,22.57740020751953,312.3966064453125,46.88269805908203,328.4117431640625
2026-06-25T22:05:11.680793+00:00,spot_17,Spot 17,Empty,2026-06-25T18:08:23.061954+00:00,,,,,,,,
2026-06-25T22:06:17.064821+00:00,spot_1,Spot 1,Empty,2026-06-25T22:06:17.064821+00:00,,,,,,,,
2026-06-25T22:06:17.064821+00:00,spot_2,Spot 2,Empty,2026-06-25T20:43:14.925600+00:00,,,,,,,,
2026-06-25T22:06:17.064821+00:00,spot_3,Spot 3,Occupied,2026-06-25T22:06:17.064821+00:00,853,truck,0.6354135870933533,4071,450.2943420410156,318.7113342285156,498.4642639160156,365.8081359863281
2026-06-25T22:06:17.064821+00:00,spot_4,Spot 4,Occupied,2026-06-25T22:06:17.064821+00:00,889,truck,0.35433945059776306,145,387.77410888671875,287.27374267578125,449.97369384765625,367.23590087890625
2026-06-25T22:06:17.064821+00:00,spot_5,Spot 5,Empty,2026-06-25T21:56:23.400797+00:00,,,,,,,,
2026-06-25T22:06:17.064821+00:00,spot_6,Spot 6,Empty,2026-06-25T19:30:25.322185+00:00,,,,,,,,
2026-06-25T22:06:17.064821+00:00,spot_7,Spot 7,Empty,2026-06-25T21:56:23.400797+00:00,,,,,,,,
2026-06-25T22:06:17.064821+00:00,spot_8,Spot 8,Occupied,2026-06-25T22:00:22.253301+00:00,840,car,0.8834103941917419,5161,187.780029296875,323.88671875,240.97747802734375,350.25738525390625
2026-06-25T22:06:17.064821+00:00,spot_9,Spot 9,Empty,2026-06-25T21:56:23.400797+00:00,,,,,,,,
2026-06-25T22:06:17.064821+00:00,spot_10,Spot 10,Empty,2026-06-25T22:05:11.680793+00:00,,,,,,,,
2026-06-25T22:06:17.064821+00:00,spot_11,Spot 11,Occupied,2026-06-25T20:45:33.981185+00:00,848,car,0.90253084897995,4861,123.07305908203125,321.6961669921875,176.32644653320312,346.03106689453125
2026-06-25T22:06:17.064821+00:00,spot_12,Spot 12,Occupied,2026-06-25T20:40:31.153736+00:00,837,car,0.8272838592529297,5161,87.53770446777344,316.9507751464844,133.63047790527344,339.0773010253906
2026-06-25T22:06:17.064821+00:00,spot_13,Spot 13,Empty,2026-06-25T20:43:14.925600+00:00,,,,,,,,
2026-06-25T22:06:17.064821+00:00,spot_14,Spot 14,Empty,2026-06-25T21:25:07.985422+00:00,,,,,,,,
2026-06-25T22:06:17.064821+00:00,spot_15,Spot 15,Occupied,2026-06-25T21:25:59.910217+00:00,862,car,0.7181969881057739,2423,31.193649291992188,316.84295654296875,71.87076568603516,332.55291748046875
2026-06-25T22:06:17.064821+00:00,spot_16,Spot 16,Occupied,2026-06-25T20:40:31.153736+00:00,842,car,0.572969913482666,5161,22.005908966064453,312.4382019042969,43.19843673706055,328.6910705566406
2026-06-25T22:06:17.064821+00:00,spot_17,Spot 17,Empty,2026-06-25T18:08:23.061954+00:00,,,,,,,,
2026-06-25T22:07:38.402474+00:00,spot_1,Spot 1,Occupied,2026-06-25T22:07:38.402474+00:00,884,bus,0.8016957640647888,600,570.926025390625,287.76275634765625,616.52392578125,372.1112060546875
2026-06-25T22:07:38.402474+00:00,spot_2,Spot 2,Empty,2026-06-25T20:43:14.925600+00:00,,,,,,,,
2026-06-25T22:07:38.402474+00:00,spot_3,Spot 3,Occupied,2026-06-25T22:06:17.064821+00:00,853,truck,0.4287170469760895,4135,449.9275207519531,318.524169921875,499.3854064941406,366.1895751953125
2026-06-25T22:07:38.402474+00:00,spot_4,Spot 4,Occupied,2026-06-25T22:06:17.064821+00:00,889,truck,0.4886076748371124,210,387.82275390625,321.45611572265625,446.866943359375,366.41534423828125
2026-06-25T22:07:38.402474+00:00,spot_5,Spot 5,Empty,2026-06-25T21:56:23.400797+00:00,,,,,,,,
2026-06-25T22:07:38.402474+00:00,spot_6,Spot 6,Empty,2026-06-25T19:30:25.322185+00:00,,,,,,,,
2026-06-25T22:07:38.402474+00:00,spot_7,Spot 7,Empty,2026-06-25T21:56:23.400797+00:00,,,,,,,,
2026-06-25T22:07:38.402474+00:00,spot_8,Spot 8,Occupied,2026-06-25T22:00:22.253301+00:00,840,car,0.8808324933052063,5226,187.90109252929688,324.4722900390625,242.37478637695312,350.781982421875
2026-06-25T22:07:38.402474+00:00,spot_9,Spot 9,Empty,2026-06-25T21:56:23.400797+00:00,,,,,,,,
2026-06-25T22:07:38.402474+00:00,spot_10,Spot 10,Empty,2026-06-25T22:05:11.680793+00:00,,,,,,,,
2026-06-25T22:07:38.402474+00:00,spot_11,Spot 11,Occupied,2026-06-25T20:45:33.981185+00:00,848,car,0.9004968404769897,4926,123.40496826171875,321.7027893066406,176.15176391601562,345.9742126464844
2026-06-25T22:07:38.402474+00:00,spot_12,Spot 12,Occupied,2026-06-25T20:40:31.153736+00:00,837,car,0.8372328281402588,5226,87.49089050292969,317.09796142578125,133.4045867919922,338.931640625
2026-06-25T22:07:38.402474+00:00,spot_13,Spot 13,Empty,2026-06-25T20:43:14.925600+00:00,,,,,,,,
2026-06-25T22:07:38.402474+00:00,spot_14,Spot 14,Empty,2026-06-25T21:25:07.985422+00:00,,,,,,,,
2026-06-25T22:07:38.402474+00:00,spot_15,Spot 15,Occupied,2026-06-25T21:25:59.910217+00:00,862,car,0.7825349569320679,2488,34.60804748535156,316.90106201171875,71.58956146240234,332.02215576171875
2026-06-25T22:07:38.402474+00:00,spot_16,Spot 16,Occupied,2026-06-25T20:40:31.153736+00:00,842,car,0.5620412826538086,5226,22.375137329101562,312.1072692871094,44.695587158203125,328.4116516113281
2026-06-25T22:07:38.402474+00:00,spot_17,Spot 17,Empty,2026-06-25T18:08:23.061954+00:00,,,,,,,,
2026-06-25T22:08:38.045462+00:00,spot_1,Spot 1,Occupied,2026-06-25T22:08:38.045462+00:00,891,car,0.4584071934223175,0,570.704345703125,330.427490234375,615.40625,372.90167236328125
2026-06-25T22:08:38.045462+00:00,spot_2,Spot 2,Empty,2026-06-25T20:43:14.925600+00:00,,,,,,,,
2026-06-25T22:08:38.045462+00:00,spot_3,Spot 3,Occupied,2026-06-25T22:08:38.045462+00:00,882,car,0.5896974802017212,733,450.2264099121094,318.8074645996094,496.4376525878906,365.9388732910156
2026-06-25T22:08:38.045462+00:00,spot_4,Spot 4,Empty,2026-06-25T22:08:38.045462+00:00,,,,,,,,
2026-06-25T22:08:38.045462+00:00,spot_5,Spot 5,Empty,2026-06-25T21:56:23.400797+00:00,,,,,,,,
2026-06-25T22:08:38.045462+00:00,spot_6,Spot 6,Empty,2026-06-25T19:30:25.322185+00:00,,,,,,,,
2026-06-25T22:08:38.045462+00:00,spot_7,Spot 7,Empty,2026-06-25T21:56:23.400797+00:00,,,,,,,,
2026-06-25T22:08:38.045462+00:00,spot_8,Spot 8,Occupied,2026-06-25T22:00:22.253301+00:00,840,car,0.8876608610153198,5283,188.09585571289062,323.9818115234375,241.9302978515625,350.53271484375
2026-06-25T22:08:38.045462+00:00,spot_9,Spot 9,Empty,2026-06-25T21:56:23.400797+00:00,,,,,,,,
2026-06-25T22:08:38.045462+00:00,spot_10,Spot 10,Empty,2026-06-25T22:05:11.680793+00:00,,,,,,,,
2026-06-25T22:08:38.045462+00:00,spot_11,Spot 11,Occupied,2026-06-25T20:45:33.981185+00:00,848,car,0.9028580188751221,4983,123.17455291748047,321.6627197265625,176.44012451171875,345.9490966796875
2026-06-25T22:08:38.045462+00:00,spot_12,Spot 12,Occupied,2026-06-25T20:40:31.153736+00:00,837,car,0.8440367579460144,5283,87.53353881835938,316.9497375488281,133.2457275390625,338.9842834472656
2026-06-25T22:08:38.045462+00:00,spot_13,Spot 13,Empty,2026-06-25T20:43:14.925600+00:00,,,,,,,,
2026-06-25T22:08:38.045462+00:00,spot_14,Spot 14,Empty,2026-06-25T21:25:07.985422+00:00,,,,,,,,
2026-06-25T22:08:38.045462+00:00,spot_15,Spot 15,Occupied,2026-06-25T21:25:59.910217+00:00,862,car,0.6654691696166992,2545,32.41729736328125,315.2611083984375,72.35484313964844,332.247802734375
2026-06-25T22:08:38.045462+00:00,spot_16,Spot 16,Occupied,2026-06-25T20:40:31.153736+00:00,842,car,0.4393784999847412,5283,22.67032241821289,312.46539306640625,44.851558685302734,328.84576416015625
2026-06-25T22:08:38.045462+00:00,spot_17,Spot 17,Empty,2026-06-25T18:08:23.061954+00:00,,,,,,,,
2026-06-25T22:09:29.291831+00:00,spot_1,Spot 1,Occupied,2026-06-25T22:09:29.291831+00:00,884,bus,0.5200433135032654,709,570.5440063476562,288.2125244140625,616.3661499023438,372.76904296875
2026-06-25T22:09:29.291831+00:00,spot_2,Spot 2,Empty,2026-06-25T20:43:14.925600+00:00,,,,,,,,
2026-06-25T22:09:29.291831+00:00,spot_3,Spot 3,Occupied,2026-06-25T22:09:29.291831+00:00,853,truck,0.6130377054214478,4244,450.393310546875,319.01666259765625,497.54840087890625,366.13531494140625
2026-06-25T22:09:29.291831+00:00,spot_4,Spot 4,Empty,2026-06-25T22:08:38.045462+00:00,,,,,,,,
2026-06-25T22:09:29.291831+00:00,spot_5,Spot 5,Empty,2026-06-25T21:56:23.400797+00:00,,,,,,,,
2026-06-25T22:09:29.291831+00:00,spot_6,Spot 6,Empty,2026-06-25T19:30:25.322185+00:00,,,,,,,,
2026-06-25T22:09:29.291831+00:00,spot_7,Spot 7,Empty,2026-06-25T21:56:23.400797+00:00,,,,,,,,
2026-06-25T22:09:29.291831+00:00,spot_8,Spot 8,Occupied,2026-06-25T22:00:22.253301+00:00,840,car,0.8913759589195251,5335,187.42501831054688,324.0854187011719,241.78494262695312,350.7692565917969
2026-06-25T22:09:29.291831+00:00,spot_9,Spot 9,Empty,2026-06-25T21:56:23.400797+00:00,,,,,,,,
2026-06-25T22:09:29.291831+00:00,spot_10,Spot 10,Empty,2026-06-25T22:05:11.680793+00:00,,,,,,,,
2026-06-25T22:09:29.291831+00:00,spot_11,Spot 11,Occupied,2026-06-25T20:45:33.981185+00:00,848,car,0.9060481786727905,5035,123.37459564208984,321.5990905761719,176.36575317382812,345.9476013183594
2026-06-25T22:09:29.291831+00:00,spot_12,Spot 12,Occupied,2026-06-25T20:40:31.153736+00:00,837,car,0.8137413263320923,5335,87.35597229003906,316.9545593261719,131.0509796142578,338.8924865722656
2026-06-25T22:09:29.291831+00:00,spot_13,Spot 13,Empty,2026-06-25T20:43:14.925600+00:00,,,,,,,,
2026-06-25T22:09:29.291831+00:00,spot_14,Spot 14,Empty,2026-06-25T21:25:07.985422+00:00,,,,,,,,
2026-06-25T22:09:29.291831+00:00,spot_15,Spot 15,Occupied,2026-06-25T21:25:59.910217+00:00,862,car,0.7906590104103088,2597,30.625274658203125,314.5096435546875,71.69523620605469,332.358154296875
2026-06-25T22:09:29.291831+00:00,spot_16,Spot 16,Occupied,2026-06-25T20:40:31.153736+00:00,842,car,0.5467440485954285,5335,22.421634674072266,312.46649169921875,43.162288665771484,328.67974853515625
2026-06-25T22:09:29.291831+00:00,spot_17,Spot 17,Empty,2026-06-25T18:08:23.061954+00:00,,,,,,,,
2026-06-25T22:10:23.911289+00:00,spot_1,Spot 1,Occupied,2026-06-25T22:10:23.911289+00:00,891,car,0.4238522946834564,106,570.6243896484375,321.63079833984375,616.0650634765625,372.83721923828125
2026-06-25T22:10:23.911289+00:00,spot_2,Spot 2,Empty,2026-06-25T20:43:14.925600+00:00,,,,,,,,
2026-06-25T22:10:23.911289+00:00,spot_3,Spot 3,Occupied,2026-06-25T22:09:29.291831+00:00,853,truck,0.555283784866333,4299,450.5418395996094,318.87615966796875,497.6742248535156,366.88604736328125
2026-06-25T22:10:23.911289+00:00,spot_4,Spot 4,Empty,2026-06-25T22:08:38.045462+00:00,,,,,,,,
2026-06-25T22:10:23.911289+00:00,spot_5,Spot 5,Empty,2026-06-25T21:56:23.400797+00:00,,,,,,,,
2026-06-25T22:10:23.911289+00:00,spot_6,Spot 6,Empty,2026-06-25T19:30:25.322185+00:00,,,,,,,,
2026-06-25T22:10:23.911289+00:00,spot_7,Spot 7,Empty,2026-06-25T21:56:23.400797+00:00,,,,,,,,
2026-06-25T22:10:23.911289+00:00,spot_8,Spot 8,Occupied,2026-06-25T22:00:22.253301+00:00,840,car,0.8829508423805237,5390,187.7108154296875,324.3519287109375,240.6485595703125,350.728271484375
2026-06-25T22:10:23.911289+00:00,spot_9,Spot 9,Empty,2026-06-25T21:56:23.400797+00:00,,,,,,,,
2026-06-25T22:10:23.911289+00:00,spot_10,Spot 10,Empty,2026-06-25T22:05:11.680793+00:00,,,,,,,,
2026-06-25T22:10:23.911289+00:00,spot_11,Spot 11,Occupied,2026-06-25T20:45:33.981185+00:00,848,car,0.9024755954742432,5090,123.44889831542969,321.578857421875,176.4993438720703,345.8646240234375
2026-06-25T22:10:23.911289+00:00,spot_12,Spot 12,Occupied,2026-06-25T20:40:31.153736+00:00,837,car,0.8260321021080017,5390,87.46987915039062,317.08154296875,133.42987060546875,339.1845703125
2026-06-25T22:10:23.911289+00:00,spot_13,Spot 13,Empty,2026-06-25T20:43:14.925600+00:00,,,,,,,,
2026-06-25T22:10:23.911289+00:00,spot_14,Spot 14,Empty,2026-06-25T21:25:07.985422+00:00,,,,,,,,
2026-06-25T22:10:23.911289+00:00,spot_15,Spot 15,Occupied,2026-06-25T21:25:59.910217+00:00,862,car,0.7383192777633667,2651,31.202726364135742,318.1890869140625,71.76646423339844,332.18798828125
2026-06-25T22:10:23.911289+00:00,spot_16,Spot 16,Occupied,2026-06-25T20:40:31.153736+00:00,842,car,0.6061686277389526,5390,22.687667846679688,312.51409912109375,44.380126953125,328.57025146484375
2026-06-25T22:10:23.911289+00:00,spot_17,Spot 17,Empty,2026-06-25T18:08:23.061954+00:00,,,,,,,,
2026-06-25T22:11:23.539185+00:00,spot_1,Spot 1,Occupied,2026-06-25T22:11:23.539185+00:00,884,bus,0.366166889667511,822,570.5621337890625,286.7626953125,616.0069580078125,372.3701171875
2026-06-25T22:11:23.539185+00:00,spot_2,Spot 2,Empty,2026-06-25T20:43:14.925600+00:00,,,,,,,,
2026-06-25T22:11:23.539185+00:00,spot_3,Spot 3,Occupied,2026-06-25T22:09:29.291831+00:00,853,truck,0.3593781888484955,4358,447.3219909667969,319.10223388671875,499.3376770019531,366.12274169921875
2026-06-25T22:11:23.539185+00:00,spot_4,Spot 4,Occupied,2026-06-25T22:11:23.539185+00:00,892,bus,0.5063363313674927,0,387.66339111328125,285.88427734375,436.54345703125,366.629638671875
2026-06-25T22:11:23.539185+00:00,spot_5,Spot 5,Empty,2026-06-25T21:56:23.400797+00:00,,,,,,,,
2026-06-25T22:11:23.539185+00:00,spot_6,Spot 6,Empty,2026-06-25T19:30:25.322185+00:00,,,,,,,,
2026-06-25T22:11:23.539185+00:00,spot_7,Spot 7,Empty,2026-06-25T21:56:23.400797+00:00,,,,,,,,
2026-06-25T22:11:23.539185+00:00,spot_8,Spot 8,Occupied,2026-06-25T22:00:22.253301+00:00,840,car,0.8901083469390869,5449,187.7420654296875,324.1644592285156,241.6103515625,350.7473449707031
2026-06-25T22:11:23.539185+00:00,spot_9,Spot 9,Empty,2026-06-25T21:56:23.400797+00:00,,,,,,,,
2026-06-25T22:11:23.539185+00:00,spot_10,Spot 10,Empty,2026-06-25T22:05:11.680793+00:00,,,,,,,,
2026-06-25T22:11:23.539185+00:00,spot_11,Spot 11,Occupied,2026-06-25T20:45:33.981185+00:00,848,car,0.9067996144294739,5149,123.41191101074219,321.89874267578125,176.3446502685547,346.00848388671875
2026-06-25T22:11:23.539185+00:00,spot_12,Spot 12,Occupied,2026-06-25T20:40:31.153736+00:00,837,car,0.8435298204421997,5449,87.55470275878906,316.5909118652344,133.8345489501953,338.8799133300781
2026-06-25T22:11:23.539185+00:00,spot_13,Spot 13,Empty,2026-06-25T20:43:14.925600+00:00,,,,,,,,
2026-06-25T22:11:23.539185+00:00,spot_14,Spot 14,Empty,2026-06-25T21:25:07.985422+00:00,,,,,,,,
2026-06-25T22:11:23.539185+00:00,spot_15,Spot 15,Occupied,2026-06-25T21:25:59.910217+00:00,862,car,0.7606390118598938,2710,30.65390968322754,317.1104736328125,70.68146514892578,332.3001708984375
2026-06-25T22:11:23.539185+00:00,spot_16,Spot 16,Occupied,2026-06-25T20:40:31.153736+00:00,842,car,0.6210867762565613,5449,21.935640335083008,312.4071960449219,44.50297546386719,328.2421569824219
2026-06-25T22:11:23.539185+00:00,spot_17,Spot 17,Empty,2026-06-25T18:08:23.061954+00:00,,,,,,,,
2026-06-25T22:12:19.672388+00:00,spot_1,Spot 1,Occupied,2026-06-25T22:11:23.539185+00:00,884,bus,0.7716003656387329,880,570.4630126953125,319.25244140625,616.9569091796875,372.185302734375
2026-06-25T22:12:19.672388+00:00,spot_2,Spot 2,Empty,2026-06-25T20:43:14.925600+00:00,,,,,,,,
2026-06-25T22:12:19.672388+00:00,spot_3,Spot 3,Occupied,2026-06-25T22:12:19.672388+00:00,893,bus,0.6556472182273865,57,449.04144287109375,318.9779357910156,499.72650146484375,366.2106018066406
2026-06-25T22:12:19.672388+00:00,spot_4,Spot 4,Occupied,2026-06-25T22:12:19.672388+00:00,895,truck,0.42171627283096313,0,387.5260925292969,327.76507568359375,433.7108459472656,366.38323974609375
2026-06-25T22:12:19.672388+00:00,spot_5,Spot 5,Empty,2026-06-25T21:56:23.400797+00:00,,,,,,,,
2026-06-25T22:12:19.672388+00:00,spot_6,Spot 6,Empty,2026-06-25T19:30:25.322185+00:00,,,,,,,,
2026-06-25T22:12:19.672388+00:00,spot_7,Spot 7,Empty,2026-06-25T21:56:23.400797+00:00,,,,,,,,
2026-06-25T22:12:19.672388+00:00,spot_8,Spot 8,Occupied,2026-06-25T22:00:22.253301+00:00,840,car,0.8813447952270508,5506,187.7537841796875,324.93292236328125,241.57650756835938,351.11322021484375
2026-06-25T22:12:19.672388+00:00,spot_9,Spot 9,Empty,2026-06-25T21:56:23.400797+00:00,,,,,,,,
2026-06-25T22:12:19.672388+00:00,spot_10,Spot 10,Empty,2026-06-25T22:05:11.680793+00:00,,,,,,,,
2026-06-25T22:12:19.672388+00:00,spot_11,Spot 11,Occupied,2026-06-25T20:45:33.981185+00:00,848,car,0.893516480922699,5206,123.19351196289062,321.8192138671875,176.69174194335938,346.11962890625
2026-06-25T22:12:19.672388+00:00,spot_12,Spot 12,Occupied,2026-06-25T20:40:31.153736+00:00,837,car,0.754821240901947,5506,87.39067077636719,317.29498291015625,130.65145874023438,338.49859619140625
2026-06-25T22:12:19.672388+00:00,spot_13,Spot 13,Empty,2026-06-25T20:43:14.925600+00:00,,,,,,,,
2026-06-25T22:12:19.672388+00:00,spot_14,Spot 14,Empty,2026-06-25T21:25:07.985422+00:00,,,,,,,,
2026-06-25T22:12:19.672388+00:00,spot_15,Spot 15,Occupied,2026-06-25T21:25:59.910217+00:00,862,car,0.7416579127311707,2768,30.682998657226562,316.34197998046875,68.22185516357422,332.57208251953125
2026-06-25T22:12:19.672388+00:00,spot_16,Spot 16,Occupied,2026-06-25T20:40:31.153736+00:00,842,car,0.6911661028862,5506,21.757701873779297,312.5198974609375,47.2081413269043,328.676513671875
2026-06-25T22:12:19.672388+00:00,spot_17,Spot 17,Empty,2026-06-25T18:08:23.061954+00:00,,,,,,,,
2026-06-25T22:13:18.474031+00:00,spot_1,Spot 1,Occupied,2026-06-25T22:11:23.539185+00:00,884,bus,0.5577519536018372,938,570.72509765625,325.2822265625,616.65283203125,372.88360595703125
2026-06-25T22:13:18.474031+00:00,spot_2,Spot 2,Empty,2026-06-25T20:43:14.925600+00:00,,,,,,,,
2026-06-25T22:13:18.474031+00:00,spot_3,Spot 3,Occupied,2026-06-25T22:12:19.672388+00:00,893,bus,0.713766872882843,115,449.721923828125,318.93975830078125,498.4921875,365.7489013671875
2026-06-25T22:13:18.474031+00:00,spot_4,Spot 4,Occupied,2026-06-25T22:12:19.672388+00:00,895,truck,0.4272312521934509,57,388.2037353515625,327.3051452636719,433.607177734375,365.9543151855469
2026-06-25T22:13:18.474031+00:00,spot_5,Spot 5,Empty,2026-06-25T21:56:23.400797+00:00,,,,,,,,
2026-06-25T22:13:18.474031+00:00,spot_6,Spot 6,Empty,2026-06-25T19:30:25.322185+00:00,,,,,,,,
2026-06-25T22:13:18.474031+00:00,spot_7,Spot 7,Empty,2026-06-25T21:56:23.400797+00:00,,,,,,,,
2026-06-25T22:13:18.474031+00:00,spot_8,Spot 8,Occupied,2026-06-25T22:00:22.253301+00:00,840,car,0.8815724849700928,5564,188.32952880859375,324.2254638671875,241.39105224609375,350.74365234375
2026-06-25T22:13:18.474031+00:00,spot_9,Spot 9,Empty,2026-06-25T21:56:23.400797+00:00,,,,,,,,
2026-06-25T22:13:18.474031+00:00,spot_10,Spot 10,Empty,2026-06-25T22:05:11.680793+00:00,,,,,,,,
2026-06-25T22:13:18.474031+00:00,spot_11,Spot 11,Occupied,2026-06-25T20:45:33.981185+00:00,848,car,0.9035946726799011,5264,123.31417846679688,321.83978271484375,176.58447265625,345.86444091796875
2026-06-25T22:13:18.474031+00:00,spot_12,Spot 12,Occupied,2026-06-25T20:40:31.153736+00:00,837,car,0.8320763111114502,5564,87.45504760742188,316.6239929199219,132.98178100585938,338.9517517089844
2026-06-25T22:13:18.474031+00:00,spot_13,Spot 13,Empty,2026-06-25T20:43:14.925600+00:00,,,,,,,,
2026-06-25T22:13:18.474031+00:00,spot_14,Spot 14,Empty,2026-06-25T21:25:07.985422+00:00,,,,,,,,
2026-06-25T22:13:18.474031+00:00,spot_15,Spot 15,Occupied,2026-06-25T21:25:59.910217+00:00,862,car,0.7885478734970093,2826,28.91112518310547,314.6352844238281,72.0058364868164,332.1824035644531
2026-06-25T22:13:18.474031+00:00,spot_16,Spot 16,Occupied,2026-06-25T20:40:31.153736+00:00,842,car,0.664577066898346,5564,22.509260177612305,312.4547119140625,44.672607421875,328.11376953125
2026-06-25T22:13:18.474031+00:00,spot_17,Spot 17,Empty,2026-06-25T18:08:23.061954+00:00,,,,,,,,
2026-06-25T22:14:10.322858+00:00,spot_1,Spot 1,Occupied,2026-06-25T22:14:10.322858+00:00,898,truck,0.38195887207984924,0,570.348388671875,320.528564453125,617.278076171875,373.12890625
2026-06-25T22:14:10.322858+00:00,spot_2,Spot 2,Empty,2026-06-25T20:43:14.925600+00:00,,,,,,,,
2026-06-25T22:14:10.322858+00:00,spot_3,Spot 3,Occupied,2026-06-25T22:14:10.322858+00:00,897,truck,0.4493164122104645,0,449.8585205078125,319.1273193359375,498.3826904296875,366.00347900390625
2026-06-25T22:14:10.322858+00:00,spot_4,Spot 4,Occupied,2026-06-25T22:14:10.322858+00:00,894,car,0.6905688643455505,128,387.9591979980469,327.7890625,433.8836975097656,367.1859130859375
2026-06-25T22:14:10.322858+00:00,spot_5,Spot 5,Empty,2026-06-25T21:56:23.400797+00:00,,,,,,,,
2026-06-25T22:14:10.322858+00:00,spot_6,Spot 6,Empty,2026-06-25T19:30:25.322185+00:00,,,,,,,,
2026-06-25T22:14:10.322858+00:00,spot_7,Spot 7,Empty,2026-06-25T21:56:23.400797+00:00,,,,,,,,
2026-06-25T22:14:10.322858+00:00,spot_8,Spot 8,Occupied,2026-06-25T22:00:22.253301+00:00,840,car,0.8916213512420654,5634,188.46604919433594,323.5549621582031,240.9943389892578,350.5165710449219
2026-06-25T22:14:10.322858+00:00,spot_9,Spot 9,Empty,2026-06-25T21:56:23.400797+00:00,,,,,,,,
2026-06-25T22:14:10.322858+00:00,spot_10,Spot 10,Empty,2026-06-25T22:05:11.680793+00:00,,,,,,,,
2026-06-25T22:14:10.322858+00:00,spot_11,Spot 11,Occupied,2026-06-25T20:45:33.981185+00:00,848,car,0.9037913680076599,5334,123.32073974609375,321.7318115234375,176.13510131835938,345.75390625
2026-06-25T22:14:10.322858+00:00,spot_12,Spot 12,Occupied,2026-06-25T20:40:31.153736+00:00,837,car,0.8403158187866211,5634,87.39300537109375,316.82794189453125,133.0146026611328,339.04998779296875
2026-06-25T22:14:10.322858+00:00,spot_13,Spot 13,Empty,2026-06-25T20:43:14.925600+00:00,,,,,,,,
2026-06-25T22:14:10.322858+00:00,spot_14,Spot 14,Empty,2026-06-25T21:25:07.985422+00:00,,,,,,,,
2026-06-25T22:14:10.322858+00:00,spot_15,Spot 15,Occupied,2026-06-25T21:25:59.910217+00:00,862,car,0.6633086800575256,2896,29.836355209350586,313.1949462890625,71.78874969482422,332.39874267578125
2026-06-25T22:14:10.322858+00:00,spot_16,Spot 16,Occupied,2026-06-25T20:40:31.153736+00:00,842,car,0.5809305310249329,5634,20.15821075439453,312.5179443359375,42.245147705078125,328.65576171875
2026-06-25T22:14:10.322858+00:00,spot_17,Spot 17,Empty,2026-06-25T18:08:23.061954+00:00,,,,,,,,
2026-06-25T22:15:34.376740+00:00,spot_1,Spot 1,Occupied,2026-06-25T22:15:34.376740+00:00,896,car,0.7037783861160278,68,570.70556640625,326.02886962890625,616.489013671875,373.15557861328125
2026-06-25T22:15:34.376740+00:00,spot_2,Spot 2,Empty,2026-06-25T20:43:14.925600+00:00,,,,,,,,
2026-06-25T22:15:34.376740+00:00,spot_3,Spot 3,Occupied,2026-06-25T22:14:10.322858+00:00,897,truck,0.39863505959510803,68,449.985107421875,319.0390625,498.724853515625,366.734375
2026-06-25T22:15:34.376740+00:00,spot_4,Spot 4,Empty,2026-06-25T22:15:34.376740+00:00,,,,,,,,
2026-06-25T22:15:34.376740+00:00,spot_5,Spot 5,Empty,2026-06-25T21:56:23.400797+00:00,,,,,,,,
2026-06-25T22:15:34.376740+00:00,spot_6,Spot 6,Empty,2026-06-25T19:30:25.322185+00:00,,,,,,,,
2026-06-25T22:15:34.376740+00:00,spot_7,Spot 7,Empty,2026-06-25T21:56:23.400797+00:00,,,,,,,,
2026-06-25T22:15:34.376740+00:00,spot_8,Spot 8,Occupied,2026-06-25T22:00:22.253301+00:00,840,car,0.889136791229248,5703,188.55337524414062,323.97491455078125,241.33621215820312,350.60833740234375
2026-06-25T22:15:34.376740+00:00,spot_9,Spot 9,Empty,2026-06-25T21:56:23.400797+00:00,,,,,,,,
2026-06-25T22:15:34.376740+00:00,spot_10,Spot 10,Empty,2026-06-25T22:05:11.680793+00:00,,,,,,,,
2026-06-25T22:15:34.376740+00:00,spot_11,Spot 11,Occupied,2026-06-25T20:45:33.981185+00:00,848,car,0.8990795016288757,5403,123.45094299316406,321.33746337890625,176.33631896972656,345.835205078125
2026-06-25T22:15:34.376740+00:00,spot_12,Spot 12,Occupied,2026-06-25T20:40:31.153736+00:00,837,car,0.8477636575698853,5703,87.38331604003906,316.63543701171875,133.56700134277344,339.04071044921875
2026-06-25T22:15:34.376740+00:00,spot_13,Spot 13,Empty,2026-06-25T20:43:14.925600+00:00,,,,,,,,
2026-06-25T22:15:34.376740+00:00,spot_14,Spot 14,Empty,2026-06-25T21:25:07.985422+00:00,,,,,,,,
2026-06-25T22:15:34.376740+00:00,spot_15,Spot 15,Occupied,2026-06-25T21:25:59.910217+00:00,862,car,0.7055534720420837,2964,30.51526641845703,313.9444274902344,72.38031768798828,332.2132873535156
2026-06-25T22:15:34.376740+00:00,spot_16,Spot 16,Occupied,2026-06-25T20:40:31.153736+00:00,842,car,0.6511651277542114,5703,22.68813705444336,312.0645446777344,43.82973098754883,328.5356140136719
2026-06-25T22:15:34.376740+00:00,spot_17,Spot 17,Empty,2026-06-25T18:08:23.061954+00:00,,,,,,,,
2026-06-25T22:16:38.601150+00:00,spot_1,Spot 1,Empty,2026-06-25T22:16:38.601150+00:00,,,,,,,,
2026-06-25T22:16:38.601150+00:00,spot_2,Spot 2,Empty,2026-06-25T20:43:14.925600+00:00,,,,,,,,
2026-06-25T22:16:38.601150+00:00,spot_3,Spot 3,Occupied,2026-06-25T22:14:10.322858+00:00,897,truck,0.3852348327636719,129,449.43243408203125,319.00128173828125,495.55169677734375,365.610107421875
2026-06-25T22:16:38.601150+00:00,spot_4,Spot 4,Occupied,2026-06-25T22:16:38.601150+00:00,900,bus,0.5793004631996155,0,387.34222412109375,289.7137756347656,445.2781982421875,366.2684631347656
2026-06-25T22:16:38.601150+00:00,spot_5,Spot 5,Empty,2026-06-25T21:56:23.400797+00:00,,,,,,,,
2026-06-25T22:16:38.601150+00:00,spot_6,Spot 6,Empty,2026-06-25T19:30:25.322185+00:00,,,,,,,,
2026-06-25T22:16:38.601150+00:00,spot_7,Spot 7,Empty,2026-06-25T21:56:23.400797+00:00,,,,,,,,
2026-06-25T22:16:38.601150+00:00,spot_8,Spot 8,Occupied,2026-06-25T22:00:22.253301+00:00,840,car,0.8901205062866211,5764,188.78411865234375,323.12322998046875,241.942626953125,349.96258544921875
2026-06-25T22:16:38.601150+00:00,spot_9,Spot 9,Empty,2026-06-25T21:56:23.400797+00:00,,,,,,,,
2026-06-25T22:16:38.601150+00:00,spot_10,Spot 10,Empty,2026-06-25T22:05:11.680793+00:00,,,,,,,,
2026-06-25T22:16:38.601150+00:00,spot_11,Spot 11,Occupied,2026-06-25T20:45:33.981185+00:00,848,car,0.9018082022666931,5464,123.24314880371094,321.2392883300781,176.50718688964844,345.8207702636719
2026-06-25T22:16:38.601150+00:00,spot_12,Spot 12,Occupied,2026-06-25T20:40:31.153736+00:00,837,car,0.8196954727172852,5764,87.5035400390625,316.5855407714844,133.27984619140625,338.8130187988281
2026-06-25T22:16:38.601150+00:00,spot_13,Spot 13,Empty,2026-06-25T20:43:14.925600+00:00,,,,,,,,
2026-06-25T22:16:38.601150+00:00,spot_14,Spot 14,Empty,2026-06-25T21:25:07.985422+00:00,,,,,,,,
2026-06-25T22:16:38.601150+00:00,spot_15,Spot 15,Occupied,2026-06-25T21:25:59.910217+00:00,862,car,0.7836119532585144,3026,30.31329345703125,314.2308654785156,71.24472045898438,331.8902893066406
2026-06-25T22:16:38.601150+00:00,spot_16,Spot 16,Occupied,2026-06-25T20:40:31.153736+00:00,842,car,0.59421306848526,5764,21.896772384643555,311.9012451171875,43.57756042480469,328.3770751953125
2026-06-25T22:16:38.601150+00:00,spot_17,Spot 17,Empty,2026-06-25T18:08:23.061954+00:00,,,,,,,,
2026-06-25T22:17:39.249778+00:00,spot_1,Spot 1,Empty,2026-06-25T22:16:38.601150+00:00,,,,,,,,
2026-06-25T22:17:39.249778+00:00,spot_2,Spot 2,Empty,2026-06-25T20:43:14.925600+00:00,,,,,,,,
2026-06-25T22:17:39.249778+00:00,spot_3,Spot 3,Empty,2026-06-25T22:17:39.249778+00:00,,,,,,,,
2026-06-25T22:17:39.249778+00:00,spot_4,Spot 4,Occupied,2026-06-25T22:17:39.249778+00:00,901,car,0.7240152955055237,0,388.22821044921875,327.85693359375,433.61163330078125,366.85687255859375
2026-06-25T22:17:39.249778+00:00,spot_5,Spot 5,Empty,2026-06-25T21:56:23.400797+00:00,,,,,,,,
2026-06-25T22:17:39.249778+00:00,spot_6,Spot 6,Empty,2026-06-25T19:30:25.322185+00:00,,,,,,,,
2026-06-25T22:17:39.249778+00:00,spot_7,Spot 7,Empty,2026-06-25T21:56:23.400797+00:00,,,,,,,,
2026-06-25T22:17:39.249778+00:00,spot_8,Spot 8,Occupied,2026-06-25T22:00:22.253301+00:00,840,car,0.8909519910812378,5825,188.00741577148438,324.04608154296875,241.59255981445312,350.58758544921875
2026-06-25T22:17:39.249778+00:00,spot_9,Spot 9,Empty,2026-06-25T21:56:23.400797+00:00,,,,,,,,
2026-06-25T22:17:39.249778+00:00,spot_10,Spot 10,Empty,2026-06-25T22:05:11.680793+00:00,,,,,,,,
2026-06-25T22:17:39.249778+00:00,spot_11,Spot 11,Occupied,2026-06-25T20:45:33.981185+00:00,848,car,0.8985954523086548,5525,123.3109359741211,321.3116760253906,176.24893188476562,345.9159240722656
2026-06-25T22:17:39.249778+00:00,spot_12,Spot 12,Occupied,2026-06-25T20:40:31.153736+00:00,837,car,0.7090451121330261,5825,87.59988403320312,316.89849853515625,133.06820678710938,338.882568359375
2026-06-25T22:17:39.249778+00:00,spot_13,Spot 13,Empty,2026-06-25T20:43:14.925600+00:00,,,,,,,,
2026-06-25T22:17:39.249778+00:00,spot_14,Spot 14,Empty,2026-06-25T21:25:07.985422+00:00,,,,,,,,
2026-06-25T22:17:39.249778+00:00,spot_15,Spot 15,Occupied,2026-06-25T21:25:59.910217+00:00,862,car,0.7109243273735046,3087,30.928199768066406,314.6072692871094,71.5307846069336,332.0993957519531
2026-06-25T22:17:39.249778+00:00,spot_16,Spot 16,Occupied,2026-06-25T20:40:31.153736+00:00,842,car,0.6338207125663757,5825,21.35848045349121,312.32330322265625,43.830970764160156,328.73016357421875
2026-06-25T22:17:39.249778+00:00,spot_17,Spot 17,Empty,2026-06-25T18:08:23.061954+00:00,,,,,,,,
2026-06-25T22:18:32.188184+00:00,spot_1,Spot 1,Empty,2026-06-25T22:16:38.601150+00:00,,,,,,,,
2026-06-25T22:18:32.188184+00:00,spot_2,Spot 2,Empty,2026-06-25T20:43:14.925600+00:00,,,,,,,,
2026-06-25T22:18:32.188184+00:00,spot_3,Spot 3,Empty,2026-06-25T22:17:39.249778+00:00,,,,,,,,
2026-06-25T22:18:32.188184+00:00,spot_4,Spot 4,Occupied,2026-06-25T22:17:39.249778+00:00,901,car,0.4045991003513336,52,387.9454345703125,324.9417724609375,433.947021484375,367.435302734375
2026-06-25T22:18:32.188184+00:00,spot_5,Spot 5,Empty,2026-06-25T21:56:23.400797+00:00,,,,,,,,
2026-06-25T22:18:32.188184+00:00,spot_6,Spot 6,Empty,2026-06-25T19:30:25.322185+00:00,,,,,,,,
2026-06-25T22:18:32.188184+00:00,spot_7,Spot 7,Empty,2026-06-25T21:56:23.400797+00:00,,,,,,,,
2026-06-25T22:18:32.188184+00:00,spot_8,Spot 8,Occupied,2026-06-25T22:00:22.253301+00:00,840,car,0.8822335004806519,5877,186.95462036132812,323.95904541015625,240.86862182617188,350.60870361328125
2026-06-25T22:18:32.188184+00:00,spot_9,Spot 9,Empty,2026-06-25T21:56:23.400797+00:00,,,,,,,,
2026-06-25T22:18:32.188184+00:00,spot_10,Spot 10,Empty,2026-06-25T22:05:11.680793+00:00,,,,,,,,
2026-06-25T22:18:32.188184+00:00,spot_11,Spot 11,Occupied,2026-06-25T20:45:33.981185+00:00,848,car,0.8977273106575012,5577,123.1073989868164,321.48822021484375,176.40145874023438,345.94989013671875
2026-06-25T22:18:32.188184+00:00,spot_12,Spot 12,Occupied,2026-06-25T20:40:31.153736+00:00,837,car,0.8531796932220459,5877,87.44886779785156,316.7044677734375,133.96353149414062,338.8963623046875
2026-06-25T22:18:32.188184+00:00,spot_13,Spot 13,Empty,2026-06-25T20:43:14.925600+00:00,,,,,,,,
2026-06-25T22:18:32.188184+00:00,spot_14,Spot 14,Empty,2026-06-25T21:25:07.985422+00:00,,,,,,,,
2026-06-25T22:18:32.188184+00:00,spot_15,Spot 15,Occupied,2026-06-25T21:25:59.910217+00:00,862,car,0.8056954741477966,3139,30.526763916015625,315.1696472167969,71.29452514648438,332.2424011230469
2026-06-25T22:18:32.188184+00:00,spot_16,Spot 16,Occupied,2026-06-25T20:40:31.153736+00:00,842,car,0.6721575260162354,5877,21.225324630737305,312.09259033203125,43.924102783203125,328.23785400390625
2026-06-25T22:18:32.188184+00:00,spot_17,Spot 17,Empty,2026-06-25T18:08:23.061954+00:00,,,,,,,,
2026-06-25T22:19:33.866713+00:00,spot_1,Spot 1,Empty,2026-06-25T22:16:38.601150+00:00,,,,,,,,
2026-06-25T22:19:33.866713+00:00,spot_2,Spot 2,Empty,2026-06-25T20:43:14.925600+00:00,,,,,,,,
2026-06-25T22:19:33.866713+00:00,spot_3,Spot 3,Empty,2026-06-25T22:17:39.249778+00:00,,,,,,,,
2026-06-25T22:19:33.866713+00:00,spot_4,Spot 4,Occupied,2026-06-25T22:17:39.249778+00:00,901,car,0.5498266220092773,114,388.0738525390625,325.92620849609375,434.0931396484375,366.78082275390625
2026-06-25T22:19:33.866713+00:00,spot_5,Spot 5,Empty,2026-06-25T21:56:23.400797+00:00,,,,,,,,
2026-06-25T22:19:33.866713+00:00,spot_6,Spot 6,Empty,2026-06-25T19:30:25.322185+00:00,,,,,,,,
2026-06-25T22:19:33.866713+00:00,spot_7,Spot 7,Empty,2026-06-25T21:56:23.400797+00:00,,,,,,,,
2026-06-25T22:19:33.866713+00:00,spot_8,Spot 8,Occupied,2026-06-25T22:00:22.253301+00:00,840,car,0.8766136765480042,5940,187.3056640625,324.078125,241.69992065429688,351.00927734375
2026-06-25T22:19:33.866713+00:00,spot_9,Spot 9,Empty,2026-06-25T21:56:23.400797+00:00,,,,,,,,
2026-06-25T22:19:33.866713+00:00,spot_10,Spot 10,Empty,2026-06-25T22:05:11.680793+00:00,,,,,,,,
2026-06-25T22:19:33.866713+00:00,spot_11,Spot 11,Occupied,2026-06-25T20:45:33.981185+00:00,848,car,0.902912974357605,5640,123.16464233398438,321.56646728515625,176.56295776367188,345.99749755859375
2026-06-25T22:19:33.866713+00:00,spot_12,Spot 12,Occupied,2026-06-25T20:40:31.153736+00:00,837,car,0.8204250335693359,5940,87.45771789550781,316.97454833984375,133.0234832763672,338.9654541015625
2026-06-25T22:19:33.866713+00:00,spot_13,Spot 13,Empty,2026-06-25T20:43:14.925600+00:00,,,,,,,,
2026-06-25T22:19:33.866713+00:00,spot_14,Spot 14,Empty,2026-06-25T21:25:07.985422+00:00,,,,,,,,
2026-06-25T22:19:33.866713+00:00,spot_15,Spot 15,Occupied,2026-06-25T21:25:59.910217+00:00,862,car,0.8260456919670105,3202,31.147750854492188,314.60955810546875,70.86917114257812,332.16278076171875
2026-06-25T22:19:33.866713+00:00,spot_16,Spot 16,Occupied,2026-06-25T20:40:31.153736+00:00,842,car,0.6785860061645508,5940,21.03174591064453,312.1771240234375,44.309608459472656,328.4937744140625
2026-06-25T22:19:33.866713+00:00,spot_17,Spot 17,Empty,2026-06-25T18:08:23.061954+00:00,,,,,,,,
2026-06-25T22:20:27.336909+00:00,spot_1,Spot 1,Empty,2026-06-25T22:16:38.601150+00:00,,,,,,,,
2026-06-25T22:20:27.336909+00:00,spot_2,Spot 2,Empty,2026-06-25T20:43:14.925600+00:00,,,,,,,,
2026-06-25T22:20:27.336909+00:00,spot_3,Spot 3,Empty,2026-06-25T22:17:39.249778+00:00,,,,,,,,
2026-06-25T22:20:27.336909+00:00,spot_4,Spot 4,Occupied,2026-06-25T22:17:39.249778+00:00,901,car,0.7284001708030701,169,388.1528625488281,329.82171630859375,433.4970397949219,368.13714599609375
2026-06-25T22:20:27.336909+00:00,spot_5,Spot 5,Empty,2026-06-25T21:56:23.400797+00:00,,,,,,,,
2026-06-25T22:20:27.336909+00:00,spot_6,Spot 6,Empty,2026-06-25T19:30:25.322185+00:00,,,,,,,,
2026-06-25T22:20:27.336909+00:00,spot_7,Spot 7,Empty,2026-06-25T21:56:23.400797+00:00,,,,,,,,
2026-06-25T22:20:27.336909+00:00,spot_8,Spot 8,Occupied,2026-06-25T22:00:22.253301+00:00,840,car,0.8635689616203308,5995,188.11590576171875,325.2640380859375,241.8914794921875,350.6531982421875
2026-06-25T22:20:27.336909+00:00,spot_9,Spot 9,Empty,2026-06-25T21:56:23.400797+00:00,,,,,,,,
2026-06-25T22:20:27.336909+00:00,spot_10,Spot 10,Empty,2026-06-25T22:05:11.680793+00:00,,,,,,,,
2026-06-25T22:20:27.336909+00:00,spot_11,Spot 11,Occupied,2026-06-25T20:45:33.981185+00:00,848,car,0.9001508951187134,5695,122.90939331054688,320.95281982421875,176.36123657226562,345.75775146484375
2026-06-25T22:20:27.336909+00:00,spot_12,Spot 12,Occupied,2026-06-25T20:40:31.153736+00:00,837,car,0.7879721522331238,5995,87.39730834960938,316.84576416015625,133.4102325439453,339.06451416015625
2026-06-25T22:20:27.336909+00:00,spot_13,Spot 13,Empty,2026-06-25T20:43:14.925600+00:00,,,,,,,,
2026-06-25T22:20:27.336909+00:00,spot_14,Spot 14,Empty,2026-06-25T21:25:07.985422+00:00,,,,,,,,
2026-06-25T22:20:27.336909+00:00,spot_15,Spot 15,Occupied,2026-06-25T21:25:59.910217+00:00,862,car,0.7591387629508972,3256,30.687471389770508,316.0243835449219,71.12057495117188,332.0763244628906
2026-06-25T22:20:27.336909+00:00,spot_16,Spot 16,Occupied,2026-06-25T20:40:31.153736+00:00,842,car,0.5225626826286316,5995,22.254833221435547,312.0570068359375,44.96329879760742,328.6934814453125
2026-06-25T22:20:27.336909+00:00,spot_17,Spot 17,Empty,2026-06-25T18:08:23.061954+00:00,,,,,,,,
