timestamp_utc,spot_id,spot_label,status,status_since_utc,track_id,vehicle_type,confidence,dwell_seconds,bbox_x1,bbox_y1,bbox_x2,bbox_y2
2026-07-12T03:11:27.642619+00:00,spot_1,Spot 1,Empty,2026-07-12T03:02:26.651889+00:00,,,,,,,,
2026-07-12T03:11:27.642619+00:00,spot_2,Spot 2,Empty,2026-07-12T03:02:26.651924+00:00,,,,,,,,
2026-07-12T03:11:27.642619+00:00,spot_3,Spot 3,Empty,2026-07-12T03:02:26.651934+00:00,,,,,,,,
2026-07-12T03:11:27.642619+00:00,spot_4,Spot 4,Empty,2026-07-12T03:02:26.651943+00:00,,,,,,,,
2026-07-12T03:11:27.642619+00:00,spot_5,Spot 5,Empty,2026-07-12T03:11:27.642619+00:00,,,,,,,,
2026-07-12T03:11:27.642619+00:00,spot_6,Spot 6,Empty,2026-07-12T03:02:26.651957+00:00,,,,,,,,
2026-07-12T03:11:27.642619+00:00,spot_7,Spot 7,Empty,2026-07-12T03:02:26.651964+00:00,,,,,,,,
2026-07-12T03:11:27.642619+00:00,spot_8,Spot 8,Occupied,2026-07-12T03:02:19.316671+00:00,7,car,0.7963786125183105,2941,213.49005126953125,321.7540588378906,271.9305419921875,348.1803283691406
2026-07-12T03:11:27.642619+00:00,spot_9,Spot 9,Empty,2026-07-12T03:02:26.651977+00:00,,,,,,,,
2026-07-12T03:11:27.642619+00:00,spot_10,Spot 10,Empty,2026-07-12T03:06:19.142482+00:00,,,,,,,,
2026-07-12T03:11:27.642619+00:00,spot_11,Spot 11,Empty,2026-07-12T03:03:18.523817+00:00,,,,,,,,
2026-07-12T03:11:27.642619+00:00,spot_12,Spot 12,Empty,2026-07-12T03:11:27.642619+00:00,,,,,,,,
2026-07-12T03:11:27.642619+00:00,spot_13,Spot 13,Empty,2026-07-12T03:02:26.652004+00:00,,,,,,,,
2026-07-12T03:11:27.642619+00:00,spot_14,Spot 14,Empty,2026-07-12T03:02:26.652011+00:00,,,,,,,,
2026-07-12T03:11:27.642619+00:00,spot_15,Spot 15,Empty,2026-07-12T03:02:26.652017+00:00,,,,,,,,
2026-07-12T03:11:27.642619+00:00,spot_16,Spot 16,Empty,2026-07-12T03:02:26.652024+00:00,,,,,,,,
2026-07-12T03:11:27.642619+00:00,spot_17,Spot 17,Empty,2026-07-12T03:02:26.652031+00:00,,,,,,,,
2026-07-12T03:12:19.185279+00:00,spot_1,Spot 1,Empty,2026-07-12T03:02:26.651889+00:00,,,,,,,,
2026-07-12T03:12:19.185279+00:00,spot_2,Spot 2,Empty,2026-07-12T03:02:26.651924+00:00,,,,,,,,
2026-07-12T03:12:19.185279+00:00,spot_3,Spot 3,Empty,2026-07-12T03:02:26.651934+00:00,,,,,,,,
2026-07-12T03:12:19.185279+00:00,spot_4,Spot 4,Empty,2026-07-12T03:02:26.651943+00:00,,,,,,,,
2026-07-12T03:12:19.185279+00:00,spot_5,Spot 5,Empty,2026-07-12T03:11:27.642619+00:00,,,,,,,,
2026-07-12T03:12:19.185279+00:00,spot_6,Spot 6,Empty,2026-07-12T03:02:26.651957+00:00,,,,,,,,
2026-07-12T03:12:19.185279+00:00,spot_7,Spot 7,Empty,2026-07-12T03:02:26.651964+00:00,,,,,,,,
2026-07-12T03:12:19.185279+00:00,spot_8,Spot 8,Occupied,2026-07-12T03:02:19.316671+00:00,7,car,0.7963786125183105,2995,213.49005126953125,321.7540588378906,271.9305419921875,348.1803283691406
2026-07-12T03:12:19.185279+00:00,spot_9,Spot 9,Empty,2026-07-12T03:02:26.651977+00:00,,,,,,,,
2026-07-12T03:12:19.185279+00:00,spot_10,Spot 10,Empty,2026-07-12T03:06:19.142482+00:00,,,,,,,,
2026-07-12T03:12:19.185279+00:00,spot_11,Spot 11,Empty,2026-07-12T03:03:18.523817+00:00,,,,,,,,
2026-07-12T03:12:19.185279+00:00,spot_12,Spot 12,Empty,2026-07-12T03:11:27.642619+00:00,,,,,,,,
2026-07-12T03:12:19.185279+00:00,spot_13,Spot 13,Empty,2026-07-12T03:02:26.652004+00:00,,,,,,,,
2026-07-12T03:12:19.185279+00:00,spot_14,Spot 14,Empty,2026-07-12T03:02:26.652011+00:00,,,,,,,,
2026-07-12T03:12:19.185279+00:00,spot_15,Spot 15,Empty,2026-07-12T03:02:26.652017+00:00,,,,,,,,
2026-07-12T03:12:19.185279+00:00,spot_16,Spot 16,Empty,2026-07-12T03:02:26.652024+00:00,,,,,,,,
2026-07-12T03:12:19.185279+00:00,spot_17,Spot 17,Empty,2026-07-12T03:02:26.652031+00:00,,,,,,,,
2026-07-12T03:13:19.805624+00:00,spot_1,Spot 1,Empty,2026-07-12T03:02:26.651889+00:00,,,,,,,,
2026-07-12T03:13:19.805624+00:00,spot_2,Spot 2,Empty,2026-07-12T03:02:26.651924+00:00,,,,,,,,
2026-07-12T03:13:19.805624+00:00,spot_3,Spot 3,Empty,2026-07-12T03:02:26.651934+00:00,,,,,,,,
2026-07-12T03:13:19.805624+00:00,spot_4,Spot 4,Empty,2026-07-12T03:02:26.651943+00:00,,,,,,,,
2026-07-12T03:13:19.805624+00:00,spot_5,Spot 5,Occupied,2026-07-12T03:13:19.805624+00:00,25,car,0.621965229511261,770,337.934814453125,325.5484619140625,363.8216552734375,337.2113037109375
2026-07-12T03:13:19.805624+00:00,spot_6,Spot 6,Empty,2026-07-12T03:02:26.651957+00:00,,,,,,,,
2026-07-12T03:13:19.805624+00:00,spot_7,Spot 7,Empty,2026-07-12T03:02:26.651964+00:00,,,,,,,,
2026-07-12T03:13:19.805624+00:00,spot_8,Spot 8,Occupied,2026-07-12T03:02:19.316671+00:00,7,car,0.8489052057266235,3053,213.25714111328125,322.2852783203125,271.9825439453125,348.9287109375
2026-07-12T03:13:19.805624+00:00,spot_9,Spot 9,Empty,2026-07-12T03:02:26.651977+00:00,,,,,,,,
2026-07-12T03:13:19.805624+00:00,spot_10,Spot 10,Empty,2026-07-12T03:06:19.142482+00:00,,,,,,,,
2026-07-12T03:13:19.805624+00:00,spot_11,Spot 11,Empty,2026-07-12T03:03:18.523817+00:00,,,,,,,,
2026-07-12T03:13:19.805624+00:00,spot_12,Spot 12,Occupied,2026-07-12T03:13:19.805624+00:00,10,car,0.6005368232727051,2918,92.30873107910156,317.57586669921875,138.3914031982422,332.91546630859375
2026-07-12T03:13:19.805624+00:00,spot_13,Spot 13,Empty,2026-07-12T03:02:26.652004+00:00,,,,,,,,
2026-07-12T03:13:19.805624+00:00,spot_14,Spot 14,Empty,2026-07-12T03:02:26.652011+00:00,,,,,,,,
2026-07-12T03:13:19.805624+00:00,spot_15,Spot 15,Empty,2026-07-12T03:02:26.652017+00:00,,,,,,,,
2026-07-12T03:13:19.805624+00:00,spot_16,Spot 16,Empty,2026-07-12T03:02:26.652024+00:00,,,,,,,,
2026-07-12T03:13:19.805624+00:00,spot_17,Spot 17,Empty,2026-07-12T03:02:26.652031+00:00,,,,,,,,
2026-07-12T03:14:20.461486+00:00,spot_1,Spot 1,Empty,2026-07-12T03:02:26.651889+00:00,,,,,,,,
2026-07-12T03:14:20.461486+00:00,spot_2,Spot 2,Empty,2026-07-12T03:02:26.651924+00:00,,,,,,,,
2026-07-12T03:14:20.461486+00:00,spot_3,Spot 3,Empty,2026-07-12T03:02:26.651934+00:00,,,,,,,,
2026-07-12T03:14:20.461486+00:00,spot_4,Spot 4,Empty,2026-07-12T03:02:26.651943+00:00,,,,,,,,
2026-07-12T03:14:20.461486+00:00,spot_5,Spot 5,Empty,2026-07-12T03:14:20.461486+00:00,,,,,,,,
2026-07-12T03:14:20.461486+00:00,spot_6,Spot 6,Empty,2026-07-12T03:02:26.651957+00:00,,,,,,,,
2026-07-12T03:14:20.461486+00:00,spot_7,Spot 7,Empty,2026-07-12T03:02:26.651964+00:00,,,,,,,,
2026-07-12T03:14:20.461486+00:00,spot_8,Spot 8,Occupied,2026-07-12T03:02:19.316671+00:00,7,car,0.8142217993736267,3117,213.34414672851562,322.6331481933594,272.4815979003906,348.1809387207031
2026-07-12T03:14:20.461486+00:00,spot_9,Spot 9,Empty,2026-07-12T03:02:26.651977+00:00,,,,,,,,
2026-07-12T03:14:20.461486+00:00,spot_10,Spot 10,Empty,2026-07-12T03:06:19.142482+00:00,,,,,,,,
2026-07-12T03:14:20.461486+00:00,spot_11,Spot 11,Empty,2026-07-12T03:03:18.523817+00:00,,,,,,,,
2026-07-12T03:14:20.461486+00:00,spot_12,Spot 12,Empty,2026-07-12T03:14:20.461486+00:00,,,,,,,,
2026-07-12T03:14:20.461486+00:00,spot_13,Spot 13,Empty,2026-07-12T03:02:26.652004+00:00,,,,,,,,
2026-07-12T03:14:20.461486+00:00,spot_14,Spot 14,Empty,2026-07-12T03:02:26.652011+00:00,,,,,,,,
2026-07-12T03:14:20.461486+00:00,spot_15,Spot 15,Empty,2026-07-12T03:02:26.652017+00:00,,,,,,,,
2026-07-12T03:14:20.461486+00:00,spot_16,Spot 16,Empty,2026-07-12T03:02:26.652024+00:00,,,,,,,,
2026-07-12T03:14:20.461486+00:00,spot_17,Spot 17,Empty,2026-07-12T03:02:26.652031+00:00,,,,,,,,
2026-07-12T03:15:19.334548+00:00,spot_1,Spot 1,Empty,2026-07-12T03:02:26.651889+00:00,,,,,,,,
2026-07-12T03:15:19.334548+00:00,spot_2,Spot 2,Empty,2026-07-12T03:02:26.651924+00:00,,,,,,,,
2026-07-12T03:15:19.334548+00:00,spot_3,Spot 3,Empty,2026-07-12T03:02:26.651934+00:00,,,,,,,,
2026-07-12T03:15:19.334548+00:00,spot_4,Spot 4,Empty,2026-07-12T03:02:26.651943+00:00,,,,,,,,
2026-07-12T03:15:19.334548+00:00,spot_5,Spot 5,Occupied,2026-07-12T03:15:19.334548+00:00,25,car,0.5491781234741211,888,339.0668029785156,325.1142578125,362.6769104003906,336.94580078125
2026-07-12T03:15:19.334548+00:00,spot_6,Spot 6,Empty,2026-07-12T03:02:26.651957+00:00,,,,,,,,
2026-07-12T03:15:19.334548+00:00,spot_7,Spot 7,Empty,2026-07-12T03:02:26.651964+00:00,,,,,,,,
2026-07-12T03:15:19.334548+00:00,spot_8,Spot 8,Occupied,2026-07-12T03:02:19.316671+00:00,7,car,0.8213256001472473,3172,212.90853881835938,321.91290283203125,272.1779479980469,348.4364013671875
2026-07-12T03:15:19.334548+00:00,spot_9,Spot 9,Empty,2026-07-12T03:02:26.651977+00:00,,,,,,,,
2026-07-12T03:15:19.334548+00:00,spot_10,Spot 10,Empty,2026-07-12T03:06:19.142482+00:00,,,,,,,,
2026-07-12T03:15:19.334548+00:00,spot_11,Spot 11,Empty,2026-07-12T03:03:18.523817+00:00,,,,,,,,
2026-07-12T03:15:19.334548+00:00,spot_12,Spot 12,Occupied,2026-07-12T03:15:19.334548+00:00,10,car,0.6595616936683655,3037,93.05973815917969,317.15008544921875,137.06170654296875,333.11761474609375
2026-07-12T03:15:19.334548+00:00,spot_13,Spot 13,Empty,2026-07-12T03:02:26.652004+00:00,,,,,,,,
2026-07-12T03:15:19.334548+00:00,spot_14,Spot 14,Empty,2026-07-12T03:02:26.652011+00:00,,,,,,,,
2026-07-12T03:15:19.334548+00:00,spot_15,Spot 15,Empty,2026-07-12T03:02:26.652017+00:00,,,,,,,,
2026-07-12T03:15:19.334548+00:00,spot_16,Spot 16,Empty,2026-07-12T03:02:26.652024+00:00,,,,,,,,
2026-07-12T03:15:19.334548+00:00,spot_17,Spot 17,Empty,2026-07-12T03:02:26.652031+00:00,,,,,,,,
2026-07-12T03:16:20.075827+00:00,spot_1,Spot 1,Empty,2026-07-12T03:02:26.651889+00:00,,,,,,,,
2026-07-12T03:16:20.075827+00:00,spot_2,Spot 2,Empty,2026-07-12T03:02:26.651924+00:00,,,,,,,,
2026-07-12T03:16:20.075827+00:00,spot_3,Spot 3,Empty,2026-07-12T03:02:26.651934+00:00,,,,,,,,
2026-07-12T03:16:20.075827+00:00,spot_4,Spot 4,Empty,2026-07-12T03:02:26.651943+00:00,,,,,,,,
2026-07-12T03:16:20.075827+00:00,spot_5,Spot 5,Empty,2026-07-12T03:16:20.075827+00:00,,,,,,,,
2026-07-12T03:16:20.075827+00:00,spot_6,Spot 6,Empty,2026-07-12T03:02:26.651957+00:00,,,,,,,,
2026-07-12T03:16:20.075827+00:00,spot_7,Spot 7,Empty,2026-07-12T03:02:26.651964+00:00,,,,,,,,
2026-07-12T03:16:20.075827+00:00,spot_8,Spot 8,Occupied,2026-07-12T03:02:19.316671+00:00,7,car,0.8444335460662842,3237,212.7353515625,322.1761779785156,271.96954345703125,349.2122497558594
2026-07-12T03:16:20.075827+00:00,spot_9,Spot 9,Empty,2026-07-12T03:02:26.651977+00:00,,,,,,,,
2026-07-12T03:16:20.075827+00:00,spot_10,Spot 10,Empty,2026-07-12T03:06:19.142482+00:00,,,,,,,,
2026-07-12T03:16:20.075827+00:00,spot_11,Spot 11,Empty,2026-07-12T03:03:18.523817+00:00,,,,,,,,
2026-07-12T03:16:20.075827+00:00,spot_12,Spot 12,Occupied,2026-07-12T03:15:19.334548+00:00,10,car,0.6653547286987305,3102,93.48489379882812,317.6593017578125,136.74520874023438,332.962158203125
2026-07-12T03:16:20.075827+00:00,spot_13,Spot 13,Empty,2026-07-12T03:02:26.652004+00:00,,,,,,,,
2026-07-12T03:16:20.075827+00:00,spot_14,Spot 14,Empty,2026-07-12T03:02:26.652011+00:00,,,,,,,,
2026-07-12T03:16:20.075827+00:00,spot_15,Spot 15,Empty,2026-07-12T03:02:26.652017+00:00,,,,,,,,
2026-07-12T03:16:20.075827+00:00,spot_16,Spot 16,Empty,2026-07-12T03:02:26.652024+00:00,,,,,,,,
2026-07-12T03:16:20.075827+00:00,spot_17,Spot 17,Empty,2026-07-12T03:02:26.652031+00:00,,,,,,,,
2026-07-12T03:17:18.942217+00:00,spot_1,Spot 1,Empty,2026-07-12T03:02:26.651889+00:00,,,,,,,,
2026-07-12T03:17:18.942217+00:00,spot_2,Spot 2,Empty,2026-07-12T03:02:26.651924+00:00,,,,,,,,
2026-07-12T03:17:18.942217+00:00,spot_3,Spot 3,Empty,2026-07-12T03:02:26.651934+00:00,,,,,,,,
2026-07-12T03:17:18.942217+00:00,spot_4,Spot 4,Empty,2026-07-12T03:02:26.651943+00:00,,,,,,,,
2026-07-12T03:17:18.942217+00:00,spot_5,Spot 5,Empty,2026-07-12T03:16:20.075827+00:00,,,,,,,,
2026-07-12T03:17:18.942217+00:00,spot_6,Spot 6,Empty,2026-07-12T03:02:26.651957+00:00,,,,,,,,
2026-07-12T03:17:18.942217+00:00,spot_7,Spot 7,Empty,2026-07-12T03:02:26.651964+00:00,,,,,,,,
2026-07-12T03:17:18.942217+00:00,spot_8,Spot 8,Occupied,2026-07-12T03:02:19.316671+00:00,7,car,0.817118763923645,3299,213.39236450195312,322.350341796875,271.57965087890625,349.3370361328125
2026-07-12T03:17:18.942217+00:00,spot_9,Spot 9,Empty,2026-07-12T03:02:26.651977+00:00,,,,,,,,
2026-07-12T03:17:18.942217+00:00,spot_10,Spot 10,Empty,2026-07-12T03:06:19.142482+00:00,,,,,,,,
2026-07-12T03:17:18.942217+00:00,spot_11,Spot 11,Empty,2026-07-12T03:03:18.523817+00:00,,,,,,,,
2026-07-12T03:17:18.942217+00:00,spot_12,Spot 12,Occupied,2026-07-12T03:15:19.334548+00:00,10,car,0.395442396402359,3164,93.008544921875,316.6888427734375,135.04367065429688,332.2132568359375
2026-07-12T03:17:18.942217+00:00,spot_13,Spot 13,Empty,2026-07-12T03:02:26.652004+00:00,,,,,,,,
2026-07-12T03:17:18.942217+00:00,spot_14,Spot 14,Empty,2026-07-12T03:02:26.652011+00:00,,,,,,,,
2026-07-12T03:17:18.942217+00:00,spot_15,Spot 15,Empty,2026-07-12T03:02:26.652017+00:00,,,,,,,,
2026-07-12T03:17:18.942217+00:00,spot_16,Spot 16,Empty,2026-07-12T03:02:26.652024+00:00,,,,,,,,
2026-07-12T03:17:18.942217+00:00,spot_17,Spot 17,Empty,2026-07-12T03:02:26.652031+00:00,,,,,,,,
2026-07-12T03:18:20.574572+00:00,spot_1,Spot 1,Empty,2026-07-12T03:02:26.651889+00:00,,,,,,,,
2026-07-12T03:18:20.574572+00:00,spot_2,Spot 2,Empty,2026-07-12T03:02:26.651924+00:00,,,,,,,,
2026-07-12T03:18:20.574572+00:00,spot_3,Spot 3,Empty,2026-07-12T03:02:26.651934+00:00,,,,,,,,
2026-07-12T03:18:20.574572+00:00,spot_4,Spot 4,Empty,2026-07-12T03:02:26.651943+00:00,,,,,,,,
2026-07-12T03:18:20.574572+00:00,spot_5,Spot 5,Empty,2026-07-12T03:16:20.075827+00:00,,,,,,,,
2026-07-12T03:18:20.574572+00:00,spot_6,Spot 6,Empty,2026-07-12T03:02:26.651957+00:00,,,,,,,,
2026-07-12T03:18:20.574572+00:00,spot_7,Spot 7,Empty,2026-07-12T03:02:26.651964+00:00,,,,,,,,
2026-07-12T03:18:20.574572+00:00,spot_8,Spot 8,Occupied,2026-07-12T03:02:19.316671+00:00,7,car,0.7870861887931824,3357,212.39508056640625,322.166259765625,271.63446044921875,348.6346435546875
2026-07-12T03:18:20.574572+00:00,spot_9,Spot 9,Empty,2026-07-12T03:02:26.651977+00:00,,,,,,,,
2026-07-12T03:18:20.574572+00:00,spot_10,Spot 10,Empty,2026-07-12T03:06:19.142482+00:00,,,,,,,,
2026-07-12T03:18:20.574572+00:00,spot_11,Spot 11,Empty,2026-07-12T03:03:18.523817+00:00,,,,,,,,
2026-07-12T03:18:20.574572+00:00,spot_12,Spot 12,Empty,2026-07-12T03:18:20.574572+00:00,,,,,,,,
2026-07-12T03:18:20.574572+00:00,spot_13,Spot 13,Empty,2026-07-12T03:02:26.652004+00:00,,,,,,,,
2026-07-12T03:18:20.574572+00:00,spot_14,Spot 14,Empty,2026-07-12T03:02:26.652011+00:00,,,,,,,,
2026-07-12T03:18:20.574572+00:00,spot_15,Spot 15,Empty,2026-07-12T03:02:26.652017+00:00,,,,,,,,
2026-07-12T03:18:20.574572+00:00,spot_16,Spot 16,Empty,2026-07-12T03:02:26.652024+00:00,,,,,,,,
2026-07-12T03:18:20.574572+00:00,spot_17,Spot 17,Empty,2026-07-12T03:02:26.652031+00:00,,,,,,,,
2026-07-12T03:19:18.489230+00:00,spot_1,Spot 1,Empty,2026-07-12T03:02:26.651889+00:00,,,,,,,,
2026-07-12T03:19:18.489230+00:00,spot_2,Spot 2,Empty,2026-07-12T03:02:26.651924+00:00,,,,,,,,
2026-07-12T03:19:18.489230+00:00,spot_3,Spot 3,Empty,2026-07-12T03:02:26.651934+00:00,,,,,,,,
2026-07-12T03:19:18.489230+00:00,spot_4,Spot 4,Empty,2026-07-12T03:02:26.651943+00:00,,,,,,,,
2026-07-12T03:19:18.489230+00:00,spot_5,Spot 5,Empty,2026-07-12T03:16:20.075827+00:00,,,,,,,,
2026-07-12T03:19:18.489230+00:00,spot_6,Spot 6,Empty,2026-07-12T03:02:26.651957+00:00,,,,,,,,
2026-07-12T03:19:18.489230+00:00,spot_7,Spot 7,Empty,2026-07-12T03:02:26.651964+00:00,,,,,,,,
2026-07-12T03:19:18.489230+00:00,spot_8,Spot 8,Occupied,2026-07-12T03:02:19.316671+00:00,7,car,0.8087261915206909,3411,211.96975708007812,322.451416015625,272.0386657714844,347.8267822265625
2026-07-12T03:19:18.489230+00:00,spot_9,Spot 9,Empty,2026-07-12T03:02:26.651977+00:00,,,,,,,,
2026-07-12T03:19:18.489230+00:00,spot_10,Spot 10,Empty,2026-07-12T03:06:19.142482+00:00,,,,,,,,
2026-07-12T03:19:18.489230+00:00,spot_11,Spot 11,Empty,2026-07-12T03:03:18.523817+00:00,,,,,,,,
2026-07-12T03:19:18.489230+00:00,spot_12,Spot 12,Empty,2026-07-12T03:18:20.574572+00:00,,,,,,,,
2026-07-12T03:19:18.489230+00:00,spot_13,Spot 13,Empty,2026-07-12T03:02:26.652004+00:00,,,,,,,,
2026-07-12T03:19:18.489230+00:00,spot_14,Spot 14,Empty,2026-07-12T03:02:26.652011+00:00,,,,,,,,
2026-07-12T03:19:18.489230+00:00,spot_15,Spot 15,Empty,2026-07-12T03:02:26.652017+00:00,,,,,,,,
2026-07-12T03:19:18.489230+00:00,spot_16,Spot 16,Empty,2026-07-12T03:02:26.652024+00:00,,,,,,,,
2026-07-12T03:19:18.489230+00:00,spot_17,Spot 17,Empty,2026-07-12T03:02:26.652031+00:00,,,,,,,,
2026-07-12T03:20:19.664403+00:00,spot_1,Spot 1,Empty,2026-07-12T03:02:26.651889+00:00,,,,,,,,
2026-07-12T03:20:19.664403+00:00,spot_2,Spot 2,Empty,2026-07-12T03:02:26.651924+00:00,,,,,,,,
2026-07-12T03:20:19.664403+00:00,spot_3,Spot 3,Empty,2026-07-12T03:02:26.651934+00:00,,,,,,,,
2026-07-12T03:20:19.664403+00:00,spot_4,Spot 4,Empty,2026-07-12T03:02:26.651943+00:00,,,,,,,,
2026-07-12T03:20:19.664403+00:00,spot_5,Spot 5,Empty,2026-07-12T03:16:20.075827+00:00,,,,,,,,
2026-07-12T03:20:19.664403+00:00,spot_6,Spot 6,Empty,2026-07-12T03:02:26.651957+00:00,,,,,,,,
2026-07-12T03:20:19.664403+00:00,spot_7,Spot 7,Empty,2026-07-12T03:02:26.651964+00:00,,,,,,,,
2026-07-12T03:20:19.664403+00:00,spot_8,Spot 8,Occupied,2026-07-12T03:02:19.316671+00:00,7,car,0.5055344700813293,3477,214.47601318359375,322.27093505859375,271.978515625,348.6746826171875
2026-07-12T03:20:19.664403+00:00,spot_9,Spot 9,Empty,2026-07-12T03:02:26.651977+00:00,,,,,,,,
2026-07-12T03:20:19.664403+00:00,spot_10,Spot 10,Empty,2026-07-12T03:06:19.142482+00:00,,,,,,,,
2026-07-12T03:20:19.664403+00:00,spot_11,Spot 11,Empty,2026-07-12T03:03:18.523817+00:00,,,,,,,,
2026-07-12T03:20:19.664403+00:00,spot_12,Spot 12,Empty,2026-07-12T03:18:20.574572+00:00,,,,,,,,
2026-07-12T03:20:19.664403+00:00,spot_13,Spot 13,Empty,2026-07-12T03:02:26.652004+00:00,,,,,,,,
2026-07-12T03:20:19.664403+00:00,spot_14,Spot 14,Empty,2026-07-12T03:02:26.652011+00:00,,,,,,,,
2026-07-12T03:20:19.664403+00:00,spot_15,Spot 15,Empty,2026-07-12T03:02:26.652017+00:00,,,,,,,,
2026-07-12T03:20:19.664403+00:00,spot_16,Spot 16,Empty,2026-07-12T03:02:26.652024+00:00,,,,,,,,
2026-07-12T03:20:19.664403+00:00,spot_17,Spot 17,Empty,2026-07-12T03:02:26.652031+00:00,,,,,,,,
2026-07-12T03:21:18.940370+00:00,spot_1,Spot 1,Empty,2026-07-12T03:02:26.651889+00:00,,,,,,,,
2026-07-12T03:21:18.940370+00:00,spot_2,Spot 2,Empty,2026-07-12T03:02:26.651924+00:00,,,,,,,,
2026-07-12T03:21:18.940370+00:00,spot_3,Spot 3,Empty,2026-07-12T03:02:26.651934+00:00,,,,,,,,
2026-07-12T03:21:18.940370+00:00,spot_4,Spot 4,Empty,2026-07-12T03:02:26.651943+00:00,,,,,,,,
2026-07-12T03:21:18.940370+00:00,spot_5,Spot 5,Empty,2026-07-12T03:16:20.075827+00:00,,,,,,,,
2026-07-12T03:21:18.940370+00:00,spot_6,Spot 6,Empty,2026-07-12T03:02:26.651957+00:00,,,,,,,,
2026-07-12T03:21:18.940370+00:00,spot_7,Spot 7,Empty,2026-07-12T03:02:26.651964+00:00,,,,,,,,
2026-07-12T03:21:18.940370+00:00,spot_8,Spot 8,Occupied,2026-07-12T03:21:18.940370+00:00,29,car,0.4121028780937195,0,211.35594177246094,327.9166259765625,240.16893005371094,347.720947265625
2026-07-12T03:21:18.940370+00:00,spot_9,Spot 9,Empty,2026-07-12T03:02:26.651977+00:00,,,,,,,,
2026-07-12T03:21:18.940370+00:00,spot_10,Spot 10,Empty,2026-07-12T03:06:19.142482+00:00,,,,,,,,
2026-07-12T03:21:18.940370+00:00,spot_11,Spot 11,Empty,2026-07-12T03:03:18.523817+00:00,,,,,,,,
2026-07-12T03:21:18.940370+00:00,spot_12,Spot 12,Occupied,2026-07-12T03:21:18.940370+00:00,28,car,0.4140596389770508,0,88.61219787597656,314.01055908203125,136.21995544433594,332.94671630859375
2026-07-12T03:21:18.940370+00:00,spot_13,Spot 13,Empty,2026-07-12T03:02:26.652004+00:00,,,,,,,,
2026-07-12T03:21:18.940370+00:00,spot_14,Spot 14,Empty,2026-07-12T03:02:26.652011+00:00,,,,,,,,
2026-07-12T03:21:18.940370+00:00,spot_15,Spot 15,Empty,2026-07-12T03:02:26.652017+00:00,,,,,,,,
2026-07-12T03:21:18.940370+00:00,spot_16,Spot 16,Empty,2026-07-12T03:02:26.652024+00:00,,,,,,,,
2026-07-12T03:21:18.940370+00:00,spot_17,Spot 17,Empty,2026-07-12T03:02:26.652031+00:00,,,,,,,,
2026-07-12T03:22:19.442603+00:00,spot_1,Spot 1,Empty,2026-07-12T03:02:26.651889+00:00,,,,,,,,
2026-07-12T03:22:19.442603+00:00,spot_2,Spot 2,Empty,2026-07-12T03:02:26.651924+00:00,,,,,,,,
2026-07-12T03:22:19.442603+00:00,spot_3,Spot 3,Empty,2026-07-12T03:02:26.651934+00:00,,,,,,,,
2026-07-12T03:22:19.442603+00:00,spot_4,Spot 4,Empty,2026-07-12T03:02:26.651943+00:00,,,,,,,,
2026-07-12T03:22:19.442603+00:00,spot_5,Spot 5,Empty,2026-07-12T03:16:20.075827+00:00,,,,,,,,
2026-07-12T03:22:19.442603+00:00,spot_6,Spot 6,Empty,2026-07-12T03:02:26.651957+00:00,,,,,,,,
2026-07-12T03:22:19.442603+00:00,spot_7,Spot 7,Empty,2026-07-12T03:02:26.651964+00:00,,,,,,,,
2026-07-12T03:22:19.442603+00:00,spot_8,Spot 8,Occupied,2026-07-12T03:22:19.442603+00:00,7,car,0.6576610207557678,3611,211.96435546875,321.725341796875,271.6160888671875,347.7244873046875
2026-07-12T03:22:19.442603+00:00,spot_9,Spot 9,Empty,2026-07-12T03:02:26.651977+00:00,,,,,,,,
2026-07-12T03:22:19.442603+00:00,spot_10,Spot 10,Empty,2026-07-12T03:06:19.142482+00:00,,,,,,,,
2026-07-12T03:22:19.442603+00:00,spot_11,Spot 11,Empty,2026-07-12T03:03:18.523817+00:00,,,,,,,,
2026-07-12T03:22:19.442603+00:00,spot_12,Spot 12,Empty,2026-07-12T03:22:19.442603+00:00,,,,,,,,
2026-07-12T03:22:19.442603+00:00,spot_13,Spot 13,Empty,2026-07-12T03:02:26.652004+00:00,,,,,,,,
2026-07-12T03:22:19.442603+00:00,spot_14,Spot 14,Empty,2026-07-12T03:02:26.652011+00:00,,,,,,,,
2026-07-12T03:22:19.442603+00:00,spot_15,Spot 15,Empty,2026-07-12T03:02:26.652017+00:00,,,,,,,,
2026-07-12T03:22:19.442603+00:00,spot_16,Spot 16,Empty,2026-07-12T03:02:26.652024+00:00,,,,,,,,
2026-07-12T03:22:19.442603+00:00,spot_17,Spot 17,Empty,2026-07-12T03:02:26.652031+00:00,,,,,,,,
2026-07-12T03:23:38.012831+00:00,spot_1,Spot 1,Empty,2026-07-12T03:02:26.651889+00:00,,,,,,,,
2026-07-12T03:23:38.012831+00:00,spot_2,Spot 2,Empty,2026-07-12T03:02:26.651924+00:00,,,,,,,,
2026-07-12T03:23:38.012831+00:00,spot_3,Spot 3,Empty,2026-07-12T03:02:26.651934+00:00,,,,,,,,
2026-07-12T03:23:38.012831+00:00,spot_4,Spot 4,Empty,2026-07-12T03:02:26.651943+00:00,,,,,,,,
2026-07-12T03:23:38.012831+00:00,spot_5,Spot 5,Empty,2026-07-12T03:16:20.075827+00:00,,,,,,,,
2026-07-12T03:23:38.012831+00:00,spot_6,Spot 6,Empty,2026-07-12T03:02:26.651957+00:00,,,,,,,,
2026-07-12T03:23:38.012831+00:00,spot_7,Spot 7,Empty,2026-07-12T03:02:26.651964+00:00,,,,,,,,
2026-07-12T03:23:38.012831+00:00,spot_8,Spot 8,Occupied,2026-07-12T03:22:19.442603+00:00,7,car,0.46231400966644287,3676,211.74966430664062,323.01123046875,271.4655456542969,348.36083984375
2026-07-12T03:23:38.012831+00:00,spot_9,Spot 9,Empty,2026-07-12T03:02:26.651977+00:00,,,,,,,,
2026-07-12T03:23:38.012831+00:00,spot_10,Spot 10,Empty,2026-07-12T03:06:19.142482+00:00,,,,,,,,
2026-07-12T03:23:38.012831+00:00,spot_11,Spot 11,Empty,2026-07-12T03:03:18.523817+00:00,,,,,,,,
2026-07-12T03:23:38.012831+00:00,spot_12,Spot 12,Empty,2026-07-12T03:22:19.442603+00:00,,,,,,,,
2026-07-12T03:23:38.012831+00:00,spot_13,Spot 13,Empty,2026-07-12T03:02:26.652004+00:00,,,,,,,,
2026-07-12T03:23:38.012831+00:00,spot_14,Spot 14,Empty,2026-07-12T03:02:26.652011+00:00,,,,,,,,
2026-07-12T03:23:38.012831+00:00,spot_15,Spot 15,Empty,2026-07-12T03:02:26.652017+00:00,,,,,,,,
2026-07-12T03:23:38.012831+00:00,spot_16,Spot 16,Empty,2026-07-12T03:02:26.652024+00:00,,,,,,,,
2026-07-12T03:23:38.012831+00:00,spot_17,Spot 17,Empty,2026-07-12T03:02:26.652031+00:00,,,,,,,,
2026-07-12T03:24:35.076917+00:00,spot_1,Spot 1,Empty,2026-07-12T03:02:26.651889+00:00,,,,,,,,
2026-07-12T03:24:35.076917+00:00,spot_2,Spot 2,Empty,2026-07-12T03:02:26.651924+00:00,,,,,,,,
2026-07-12T03:24:35.076917+00:00,spot_3,Spot 3,Empty,2026-07-12T03:02:26.651934+00:00,,,,,,,,
2026-07-12T03:24:35.076917+00:00,spot_4,Spot 4,Empty,2026-07-12T03:02:26.651943+00:00,,,,,,,,
2026-07-12T03:24:35.076917+00:00,spot_5,Spot 5,Empty,2026-07-12T03:16:20.075827+00:00,,,,,,,,
2026-07-12T03:24:35.076917+00:00,spot_6,Spot 6,Empty,2026-07-12T03:02:26.651957+00:00,,,,,,,,
2026-07-12T03:24:35.076917+00:00,spot_7,Spot 7,Empty,2026-07-12T03:02:26.651964+00:00,,,,,,,,
2026-07-12T03:24:35.076917+00:00,spot_8,Spot 8,Occupied,2026-07-12T03:22:19.442603+00:00,7,car,0.3774481415748596,3733,213.7734375,323.0653076171875,271.96600341796875,348.7572021484375
2026-07-12T03:24:35.076917+00:00,spot_9,Spot 9,Empty,2026-07-12T03:02:26.651977+00:00,,,,,,,,
2026-07-12T03:24:35.076917+00:00,spot_10,Spot 10,Empty,2026-07-12T03:06:19.142482+00:00,,,,,,,,
2026-07-12T03:24:35.076917+00:00,spot_11,Spot 11,Empty,2026-07-12T03:03:18.523817+00:00,,,,,,,,
2026-07-12T03:24:35.076917+00:00,spot_12,Spot 12,Empty,2026-07-12T03:22:19.442603+00:00,,,,,,,,
2026-07-12T03:24:35.076917+00:00,spot_13,Spot 13,Empty,2026-07-12T03:02:26.652004+00:00,,,,,,,,
2026-07-12T03:24:35.076917+00:00,spot_14,Spot 14,Empty,2026-07-12T03:02:26.652011+00:00,,,,,,,,
2026-07-12T03:24:35.076917+00:00,spot_15,Spot 15,Empty,2026-07-12T03:02:26.652017+00:00,,,,,,,,
2026-07-12T03:24:35.076917+00:00,spot_16,Spot 16,Empty,2026-07-12T03:02:26.652024+00:00,,,,,,,,
2026-07-12T03:24:35.076917+00:00,spot_17,Spot 17,Empty,2026-07-12T03:02:26.652031+00:00,,,,,,,,
2026-07-12T03:25:22.474401+00:00,spot_1,Spot 1,Empty,2026-07-12T03:02:26.651889+00:00,,,,,,,,
2026-07-12T03:25:22.474401+00:00,spot_2,Spot 2,Empty,2026-07-12T03:02:26.651924+00:00,,,,,,,,
2026-07-12T03:25:22.474401+00:00,spot_3,Spot 3,Empty,2026-07-12T03:02:26.651934+00:00,,,,,,,,
2026-07-12T03:25:22.474401+00:00,spot_4,Spot 4,Empty,2026-07-12T03:02:26.651943+00:00,,,,,,,,
2026-07-12T03:25:22.474401+00:00,spot_5,Spot 5,Empty,2026-07-12T03:16:20.075827+00:00,,,,,,,,
2026-07-12T03:25:22.474401+00:00,spot_6,Spot 6,Empty,2026-07-12T03:02:26.651957+00:00,,,,,,,,
2026-07-12T03:25:22.474401+00:00,spot_7,Spot 7,Empty,2026-07-12T03:02:26.651964+00:00,,,,,,,,
2026-07-12T03:25:22.474401+00:00,spot_8,Spot 8,Occupied,2026-07-12T03:22:19.442603+00:00,7,car,0.5580503940582275,3776,212.33389282226562,322.15338134765625,271.6271667480469,347.96075439453125
2026-07-12T03:25:22.474401+00:00,spot_9,Spot 9,Empty,2026-07-12T03:02:26.651977+00:00,,,,,,,,
2026-07-12T03:25:22.474401+00:00,spot_10,Spot 10,Empty,2026-07-12T03:06:19.142482+00:00,,,,,,,,
2026-07-12T03:25:22.474401+00:00,spot_11,Spot 11,Empty,2026-07-12T03:03:18.523817+00:00,,,,,,,,
2026-07-12T03:25:22.474401+00:00,spot_12,Spot 12,Empty,2026-07-12T03:22:19.442603+00:00,,,,,,,,
2026-07-12T03:25:22.474401+00:00,spot_13,Spot 13,Empty,2026-07-12T03:02:26.652004+00:00,,,,,,,,
2026-07-12T03:25:22.474401+00:00,spot_14,Spot 14,Empty,2026-07-12T03:02:26.652011+00:00,,,,,,,,
2026-07-12T03:25:22.474401+00:00,spot_15,Spot 15,Empty,2026-07-12T03:02:26.652017+00:00,,,,,,,,
2026-07-12T03:25:22.474401+00:00,spot_16,Spot 16,Empty,2026-07-12T03:02:26.652024+00:00,,,,,,,,
2026-07-12T03:25:22.474401+00:00,spot_17,Spot 17,Empty,2026-07-12T03:02:26.652031+00:00,,,,,,,,
2026-07-12T03:26:19.160369+00:00,spot_1,Spot 1,Empty,2026-07-12T03:02:26.651889+00:00,,,,,,,,
2026-07-12T03:26:19.160369+00:00,spot_2,Spot 2,Empty,2026-07-12T03:02:26.651924+00:00,,,,,,,,
2026-07-12T03:26:19.160369+00:00,spot_3,Spot 3,Empty,2026-07-12T03:02:26.651934+00:00,,,,,,,,
2026-07-12T03:26:19.160369+00:00,spot_4,Spot 4,Empty,2026-07-12T03:02:26.651943+00:00,,,,,,,,
2026-07-12T03:26:19.160369+00:00,spot_5,Spot 5,Empty,2026-07-12T03:16:20.075827+00:00,,,,,,,,
2026-07-12T03:26:19.160369+00:00,spot_6,Spot 6,Empty,2026-07-12T03:02:26.651957+00:00,,,,,,,,
2026-07-12T03:26:19.160369+00:00,spot_7,Spot 7,Empty,2026-07-12T03:02:26.651964+00:00,,,,,,,,
2026-07-12T03:26:19.160369+00:00,spot_8,Spot 8,Occupied,2026-07-12T03:22:19.442603+00:00,7,car,0.36987146735191345,3839,205.7978515625,323.3480224609375,271.038818359375,348.156494140625
2026-07-12T03:26:19.160369+00:00,spot_9,Spot 9,Empty,2026-07-12T03:02:26.651977+00:00,,,,,,,,
2026-07-12T03:26:19.160369+00:00,spot_10,Spot 10,Empty,2026-07-12T03:06:19.142482+00:00,,,,,,,,
2026-07-12T03:26:19.160369+00:00,spot_11,Spot 11,Empty,2026-07-12T03:03:18.523817+00:00,,,,,,,,
2026-07-12T03:26:19.160369+00:00,spot_12,Spot 12,Empty,2026-07-12T03:22:19.442603+00:00,,,,,,,,
2026-07-12T03:26:19.160369+00:00,spot_13,Spot 13,Empty,2026-07-12T03:02:26.652004+00:00,,,,,,,,
2026-07-12T03:26:19.160369+00:00,spot_14,Spot 14,Empty,2026-07-12T03:02:26.652011+00:00,,,,,,,,
2026-07-12T03:26:19.160369+00:00,spot_15,Spot 15,Empty,2026-07-12T03:02:26.652017+00:00,,,,,,,,
2026-07-12T03:26:19.160369+00:00,spot_16,Spot 16,Empty,2026-07-12T03:02:26.652024+00:00,,,,,,,,
2026-07-12T03:26:19.160369+00:00,spot_17,Spot 17,Empty,2026-07-12T03:02:26.652031+00:00,,,,,,,,
2026-07-12T03:27:23.784023+00:00,spot_1,Spot 1,Empty,2026-07-12T03:02:26.651889+00:00,,,,,,,,
2026-07-12T03:27:23.784023+00:00,spot_2,Spot 2,Empty,2026-07-12T03:02:26.651924+00:00,,,,,,,,
2026-07-12T03:27:23.784023+00:00,spot_3,Spot 3,Empty,2026-07-12T03:02:26.651934+00:00,,,,,,,,
2026-07-12T03:27:23.784023+00:00,spot_4,Spot 4,Empty,2026-07-12T03:02:26.651943+00:00,,,,,,,,
2026-07-12T03:27:23.784023+00:00,spot_5,Spot 5,Empty,2026-07-12T03:16:20.075827+00:00,,,,,,,,
2026-07-12T03:27:23.784023+00:00,spot_6,Spot 6,Empty,2026-07-12T03:02:26.651957+00:00,,,,,,,,
2026-07-12T03:27:23.784023+00:00,spot_7,Spot 7,Empty,2026-07-12T03:02:26.651964+00:00,,,,,,,,
2026-07-12T03:27:23.784023+00:00,spot_8,Spot 8,Empty,2026-07-12T03:27:23.784023+00:00,,,,,,,,
2026-07-12T03:27:23.784023+00:00,spot_9,Spot 9,Empty,2026-07-12T03:02:26.651977+00:00,,,,,,,,
2026-07-12T03:27:23.784023+00:00,spot_10,Spot 10,Empty,2026-07-12T03:06:19.142482+00:00,,,,,,,,
2026-07-12T03:27:23.784023+00:00,spot_11,Spot 11,Empty,2026-07-12T03:03:18.523817+00:00,,,,,,,,
2026-07-12T03:27:23.784023+00:00,spot_12,Spot 12,Empty,2026-07-12T03:22:19.442603+00:00,,,,,,,,
2026-07-12T03:27:23.784023+00:00,spot_13,Spot 13,Empty,2026-07-12T03:02:26.652004+00:00,,,,,,,,
2026-07-12T03:27:23.784023+00:00,spot_14,Spot 14,Empty,2026-07-12T03:02:26.652011+00:00,,,,,,,,
2026-07-12T03:27:23.784023+00:00,spot_15,Spot 15,Empty,2026-07-12T03:02:26.652017+00:00,,,,,,,,
2026-07-12T03:27:23.784023+00:00,spot_16,Spot 16,Empty,2026-07-12T03:02:26.652024+00:00,,,,,,,,
2026-07-12T03:27:23.784023+00:00,spot_17,Spot 17,Empty,2026-07-12T03:02:26.652031+00:00,,,,,,,,
2026-07-12T03:28:17.833860+00:00,spot_1,Spot 1,Empty,2026-07-12T03:02:26.651889+00:00,,,,,,,,
2026-07-12T03:28:17.833860+00:00,spot_2,Spot 2,Empty,2026-07-12T03:02:26.651924+00:00,,,,,,,,
2026-07-12T03:28:17.833860+00:00,spot_3,Spot 3,Empty,2026-07-12T03:02:26.651934+00:00,,,,,,,,
2026-07-12T03:28:17.833860+00:00,spot_4,Spot 4,Empty,2026-07-12T03:02:26.651943+00:00,,,,,,,,
2026-07-12T03:28:17.833860+00:00,spot_5,Spot 5,Empty,2026-07-12T03:16:20.075827+00:00,,,,,,,,
2026-07-12T03:28:17.833860+00:00,spot_6,Spot 6,Empty,2026-07-12T03:02:26.651957+00:00,,,,,,,,
2026-07-12T03:28:17.833860+00:00,spot_7,Spot 7,Empty,2026-07-12T03:02:26.651964+00:00,,,,,,,,
2026-07-12T03:28:17.833860+00:00,spot_8,Spot 8,Empty,2026-07-12T03:27:23.784023+00:00,,,,,,,,
2026-07-12T03:28:17.833860+00:00,spot_9,Spot 9,Empty,2026-07-12T03:02:26.651977+00:00,,,,,,,,
2026-07-12T03:28:17.833860+00:00,spot_10,Spot 10,Empty,2026-07-12T03:06:19.142482+00:00,,,,,,,,
2026-07-12T03:28:17.833860+00:00,spot_11,Spot 11,Empty,2026-07-12T03:03:18.523817+00:00,,,,,,,,
2026-07-12T03:28:17.833860+00:00,spot_12,Spot 12,Empty,2026-07-12T03:22:19.442603+00:00,,,,,,,,
2026-07-12T03:28:17.833860+00:00,spot_13,Spot 13,Empty,2026-07-12T03:02:26.652004+00:00,,,,,,,,
2026-07-12T03:28:17.833860+00:00,spot_14,Spot 14,Empty,2026-07-12T03:02:26.652011+00:00,,,,,,,,
2026-07-12T03:28:17.833860+00:00,spot_15,Spot 15,Empty,2026-07-12T03:02:26.652017+00:00,,,,,,,,
2026-07-12T03:28:17.833860+00:00,spot_16,Spot 16,Empty,2026-07-12T03:02:26.652024+00:00,,,,,,,,
2026-07-12T03:28:17.833860+00:00,spot_17,Spot 17,Empty,2026-07-12T03:02:26.652031+00:00,,,,,,,,
2026-07-12T03:29:18.551020+00:00,spot_1,Spot 1,Empty,2026-07-12T03:02:26.651889+00:00,,,,,,,,
2026-07-12T03:29:18.551020+00:00,spot_2,Spot 2,Empty,2026-07-12T03:02:26.651924+00:00,,,,,,,,
2026-07-12T03:29:18.551020+00:00,spot_3,Spot 3,Empty,2026-07-12T03:02:26.651934+00:00,,,,,,,,
2026-07-12T03:29:18.551020+00:00,spot_4,Spot 4,Empty,2026-07-12T03:02:26.651943+00:00,,,,,,,,
2026-07-12T03:29:18.551020+00:00,spot_5,Spot 5,Empty,2026-07-12T03:16:20.075827+00:00,,,,,,,,
2026-07-12T03:29:18.551020+00:00,spot_6,Spot 6,Empty,2026-07-12T03:02:26.651957+00:00,,,,,,,,
2026-07-12T03:29:18.551020+00:00,spot_7,Spot 7,Empty,2026-07-12T03:02:26.651964+00:00,,,,,,,,
2026-07-12T03:29:18.551020+00:00,spot_8,Spot 8,Empty,2026-07-12T03:27:23.784023+00:00,,,,,,,,
2026-07-12T03:29:18.551020+00:00,spot_9,Spot 9,Empty,2026-07-12T03:02:26.651977+00:00,,,,,,,,
2026-07-12T03:29:18.551020+00:00,spot_10,Spot 10,Empty,2026-07-12T03:06:19.142482+00:00,,,,,,,,
2026-07-12T03:29:18.551020+00:00,spot_11,Spot 11,Empty,2026-07-12T03:03:18.523817+00:00,,,,,,,,
2026-07-12T03:29:18.551020+00:00,spot_12,Spot 12,Empty,2026-07-12T03:22:19.442603+00:00,,,,,,,,
2026-07-12T03:29:18.551020+00:00,spot_13,Spot 13,Empty,2026-07-12T03:02:26.652004+00:00,,,,,,,,
2026-07-12T03:29:18.551020+00:00,spot_14,Spot 14,Empty,2026-07-12T03:02:26.652011+00:00,,,,,,,,
2026-07-12T03:29:18.551020+00:00,spot_15,Spot 15,Empty,2026-07-12T03:02:26.652017+00:00,,,,,,,,
2026-07-12T03:29:18.551020+00:00,spot_16,Spot 16,Empty,2026-07-12T03:02:26.652024+00:00,,,,,,,,
2026-07-12T03:29:18.551020+00:00,spot_17,Spot 17,Empty,2026-07-12T03:02:26.652031+00:00,,,,,,,,
2026-07-12T03:30:21.056838+00:00,spot_1,Spot 1,Empty,2026-07-12T03:02:26.651889+00:00,,,,,,,,
2026-07-12T03:30:21.056838+00:00,spot_2,Spot 2,Empty,2026-07-12T03:02:26.651924+00:00,,,,,,,,
2026-07-12T03:30:21.056838+00:00,spot_3,Spot 3,Empty,2026-07-12T03:02:26.651934+00:00,,,,,,,,
2026-07-12T03:30:21.056838+00:00,spot_4,Spot 4,Empty,2026-07-12T03:02:26.651943+00:00,,,,,,,,
2026-07-12T03:30:21.056838+00:00,spot_5,Spot 5,Empty,2026-07-12T03:16:20.075827+00:00,,,,,,,,
2026-07-12T03:30:21.056838+00:00,spot_6,Spot 6,Empty,2026-07-12T03:02:26.651957+00:00,,,,,,,,
2026-07-12T03:30:21.056838+00:00,spot_7,Spot 7,Empty,2026-07-12T03:02:26.651964+00:00,,,,,,,,
2026-07-12T03:30:21.056838+00:00,spot_8,Spot 8,Empty,2026-07-12T03:27:23.784023+00:00,,,,,,,,
2026-07-12T03:30:21.056838+00:00,spot_9,Spot 9,Empty,2026-07-12T03:02:26.651977+00:00,,,,,,,,
2026-07-12T03:30:21.056838+00:00,spot_10,Spot 10,Empty,2026-07-12T03:06:19.142482+00:00,,,,,,,,
2026-07-12T03:30:21.056838+00:00,spot_11,Spot 11,Empty,2026-07-12T03:03:18.523817+00:00,,,,,,,,
2026-07-12T03:30:21.056838+00:00,spot_12,Spot 12,Empty,2026-07-12T03:22:19.442603+00:00,,,,,,,,
2026-07-12T03:30:21.056838+00:00,spot_13,Spot 13,Empty,2026-07-12T03:02:26.652004+00:00,,,,,,,,
2026-07-12T03:30:21.056838+00:00,spot_14,Spot 14,Empty,2026-07-12T03:02:26.652011+00:00,,,,,,,,
2026-07-12T03:30:21.056838+00:00,spot_15,Spot 15,Empty,2026-07-12T03:02:26.652017+00:00,,,,,,,,
2026-07-12T03:30:21.056838+00:00,spot_16,Spot 16,Empty,2026-07-12T03:02:26.652024+00:00,,,,,,,,
2026-07-12T03:30:21.056838+00:00,spot_17,Spot 17,Empty,2026-07-12T03:02:26.652031+00:00,,,,,,,,
2026-07-12T03:31:18.833343+00:00,spot_1,Spot 1,Empty,2026-07-12T03:02:26.651889+00:00,,,,,,,,
2026-07-12T03:31:18.833343+00:00,spot_2,Spot 2,Empty,2026-07-12T03:02:26.651924+00:00,,,,,,,,
2026-07-12T03:31:18.833343+00:00,spot_3,Spot 3,Empty,2026-07-12T03:02:26.651934+00:00,,,,,,,,
2026-07-12T03:31:18.833343+00:00,spot_4,Spot 4,Empty,2026-07-12T03:02:26.651943+00:00,,,,,,,,
2026-07-12T03:31:18.833343+00:00,spot_5,Spot 5,Empty,2026-07-12T03:16:20.075827+00:00,,,,,,,,
2026-07-12T03:31:18.833343+00:00,spot_6,Spot 6,Empty,2026-07-12T03:02:26.651957+00:00,,,,,,,,
2026-07-12T03:31:18.833343+00:00,spot_7,Spot 7,Empty,2026-07-12T03:02:26.651964+00:00,,,,,,,,
2026-07-12T03:31:18.833343+00:00,spot_8,Spot 8,Empty,2026-07-12T03:27:23.784023+00:00,,,,,,,,
2026-07-12T03:31:18.833343+00:00,spot_9,Spot 9,Empty,2026-07-12T03:02:26.651977+00:00,,,,,,,,
2026-07-12T03:31:18.833343+00:00,spot_10,Spot 10,Empty,2026-07-12T03:06:19.142482+00:00,,,,,,,,
2026-07-12T03:31:18.833343+00:00,spot_11,Spot 11,Empty,2026-07-12T03:03:18.523817+00:00,,,,,,,,
2026-07-12T03:31:18.833343+00:00,spot_12,Spot 12,Empty,2026-07-12T03:22:19.442603+00:00,,,,,,,,
2026-07-12T03:31:18.833343+00:00,spot_13,Spot 13,Empty,2026-07-12T03:02:26.652004+00:00,,,,,,,,
2026-07-12T03:31:18.833343+00:00,spot_14,Spot 14,Empty,2026-07-12T03:02:26.652011+00:00,,,,,,,,
2026-07-12T03:31:18.833343+00:00,spot_15,Spot 15,Empty,2026-07-12T03:02:26.652017+00:00,,,,,,,,
2026-07-12T03:31:18.833343+00:00,spot_16,Spot 16,Empty,2026-07-12T03:02:26.652024+00:00,,,,,,,,
2026-07-12T03:31:18.833343+00:00,spot_17,Spot 17,Empty,2026-07-12T03:02:26.652031+00:00,,,,,,,,
2026-07-12T03:32:19.227950+00:00,spot_1,Spot 1,Empty,2026-07-12T03:02:26.651889+00:00,,,,,,,,
2026-07-12T03:32:19.227950+00:00,spot_2,Spot 2,Empty,2026-07-12T03:02:26.651924+00:00,,,,,,,,
2026-07-12T03:32:19.227950+00:00,spot_3,Spot 3,Empty,2026-07-12T03:02:26.651934+00:00,,,,,,,,
2026-07-12T03:32:19.227950+00:00,spot_4,Spot 4,Empty,2026-07-12T03:02:26.651943+00:00,,,,,,,,
2026-07-12T03:32:19.227950+00:00,spot_5,Spot 5,Empty,2026-07-12T03:16:20.075827+00:00,,,,,,,,
2026-07-12T03:32:19.227950+00:00,spot_6,Spot 6,Empty,2026-07-12T03:02:26.651957+00:00,,,,,,,,
2026-07-12T03:32:19.227950+00:00,spot_7,Spot 7,Empty,2026-07-12T03:02:26.651964+00:00,,,,,,,,
2026-07-12T03:32:19.227950+00:00,spot_8,Spot 8,Empty,2026-07-12T03:27:23.784023+00:00,,,,,,,,
2026-07-12T03:32:19.227950+00:00,spot_9,Spot 9,Empty,2026-07-12T03:02:26.651977+00:00,,,,,,,,
2026-07-12T03:32:19.227950+00:00,spot_10,Spot 10,Empty,2026-07-12T03:06:19.142482+00:00,,,,,,,,
2026-07-12T03:32:19.227950+00:00,spot_11,Spot 11,Empty,2026-07-12T03:03:18.523817+00:00,,,,,,,,
2026-07-12T03:32:19.227950+00:00,spot_12,Spot 12,Empty,2026-07-12T03:22:19.442603+00:00,,,,,,,,
2026-07-12T03:32:19.227950+00:00,spot_13,Spot 13,Empty,2026-07-12T03:02:26.652004+00:00,,,,,,,,
2026-07-12T03:32:19.227950+00:00,spot_14,Spot 14,Empty,2026-07-12T03:02:26.652011+00:00,,,,,,,,
2026-07-12T03:32:19.227950+00:00,spot_15,Spot 15,Empty,2026-07-12T03:02:26.652017+00:00,,,,,,,,
2026-07-12T03:32:19.227950+00:00,spot_16,Spot 16,Empty,2026-07-12T03:02:26.652024+00:00,,,,,,,,
2026-07-12T03:32:19.227950+00:00,spot_17,Spot 17,Empty,2026-07-12T03:02:26.652031+00:00,,,,,,,,
2026-07-12T03:33:19.576478+00:00,spot_1,Spot 1,Empty,2026-07-12T03:02:26.651889+00:00,,,,,,,,
2026-07-12T03:33:19.576478+00:00,spot_2,Spot 2,Empty,2026-07-12T03:02:26.651924+00:00,,,,,,,,
2026-07-12T03:33:19.576478+00:00,spot_3,Spot 3,Empty,2026-07-12T03:02:26.651934+00:00,,,,,,,,
2026-07-12T03:33:19.576478+00:00,spot_4,Spot 4,Empty,2026-07-12T03:02:26.651943+00:00,,,,,,,,
2026-07-12T03:33:19.576478+00:00,spot_5,Spot 5,Empty,2026-07-12T03:16:20.075827+00:00,,,,,,,,
2026-07-12T03:33:19.576478+00:00,spot_6,Spot 6,Empty,2026-07-12T03:02:26.651957+00:00,,,,,,,,
2026-07-12T03:33:19.576478+00:00,spot_7,Spot 7,Empty,2026-07-12T03:02:26.651964+00:00,,,,,,,,
2026-07-12T03:33:19.576478+00:00,spot_8,Spot 8,Empty,2026-07-12T03:27:23.784023+00:00,,,,,,,,
2026-07-12T03:33:19.576478+00:00,spot_9,Spot 9,Empty,2026-07-12T03:02:26.651977+00:00,,,,,,,,
2026-07-12T03:33:19.576478+00:00,spot_10,Spot 10,Empty,2026-07-12T03:06:19.142482+00:00,,,,,,,,
2026-07-12T03:33:19.576478+00:00,spot_11,Spot 11,Empty,2026-07-12T03:03:18.523817+00:00,,,,,,,,
2026-07-12T03:33:19.576478+00:00,spot_12,Spot 12,Empty,2026-07-12T03:22:19.442603+00:00,,,,,,,,
2026-07-12T03:33:19.576478+00:00,spot_13,Spot 13,Empty,2026-07-12T03:02:26.652004+00:00,,,,,,,,
2026-07-12T03:33:19.576478+00:00,spot_14,Spot 14,Empty,2026-07-12T03:02:26.652011+00:00,,,,,,,,
2026-07-12T03:33:19.576478+00:00,spot_15,Spot 15,Empty,2026-07-12T03:02:26.652017+00:00,,,,,,,,
2026-07-12T03:33:19.576478+00:00,spot_16,Spot 16,Empty,2026-07-12T03:02:26.652024+00:00,,,,,,,,
2026-07-12T03:33:19.576478+00:00,spot_17,Spot 17,Empty,2026-07-12T03:02:26.652031+00:00,,,,,,,,
2026-07-12T03:34:19.240456+00:00,spot_1,Spot 1,Empty,2026-07-12T03:02:26.651889+00:00,,,,,,,,
2026-07-12T03:34:19.240456+00:00,spot_2,Spot 2,Empty,2026-07-12T03:02:26.651924+00:00,,,,,,,,
2026-07-12T03:34:19.240456+00:00,spot_3,Spot 3,Empty,2026-07-12T03:02:26.651934+00:00,,,,,,,,
2026-07-12T03:34:19.240456+00:00,spot_4,Spot 4,Empty,2026-07-12T03:02:26.651943+00:00,,,,,,,,
2026-07-12T03:34:19.240456+00:00,spot_5,Spot 5,Empty,2026-07-12T03:16:20.075827+00:00,,,,,,,,
2026-07-12T03:34:19.240456+00:00,spot_6,Spot 6,Empty,2026-07-12T03:02:26.651957+00:00,,,,,,,,
2026-07-12T03:34:19.240456+00:00,spot_7,Spot 7,Empty,2026-07-12T03:02:26.651964+00:00,,,,,,,,
2026-07-12T03:34:19.240456+00:00,spot_8,Spot 8,Occupied,2026-07-12T03:34:19.240456+00:00,30,car,0.36845606565475464,0,210.17520141601562,328.6475830078125,240.04299926757812,347.2962646484375
2026-07-12T03:34:19.240456+00:00,spot_9,Spot 9,Empty,2026-07-12T03:02:26.651977+00:00,,,,,,,,
2026-07-12T03:34:19.240456+00:00,spot_10,Spot 10,Empty,2026-07-12T03:06:19.142482+00:00,,,,,,,,
2026-07-12T03:34:19.240456+00:00,spot_11,Spot 11,Empty,2026-07-12T03:03:18.523817+00:00,,,,,,,,
2026-07-12T03:34:19.240456+00:00,spot_12,Spot 12,Empty,2026-07-12T03:22:19.442603+00:00,,,,,,,,
2026-07-12T03:34:19.240456+00:00,spot_13,Spot 13,Empty,2026-07-12T03:02:26.652004+00:00,,,,,,,,
2026-07-12T03:34:19.240456+00:00,spot_14,Spot 14,Empty,2026-07-12T03:02:26.652011+00:00,,,,,,,,
2026-07-12T03:34:19.240456+00:00,spot_15,Spot 15,Empty,2026-07-12T03:02:26.652017+00:00,,,,,,,,
2026-07-12T03:34:19.240456+00:00,spot_16,Spot 16,Empty,2026-07-12T03:02:26.652024+00:00,,,,,,,,
2026-07-12T03:34:19.240456+00:00,spot_17,Spot 17,Empty,2026-07-12T03:02:26.652031+00:00,,,,,,,,
2026-07-12T03:35:19.865408+00:00,spot_1,Spot 1,Empty,2026-07-12T03:02:26.651889+00:00,,,,,,,,
2026-07-12T03:35:19.865408+00:00,spot_2,Spot 2,Empty,2026-07-12T03:02:26.651924+00:00,,,,,,,,
2026-07-12T03:35:19.865408+00:00,spot_3,Spot 3,Empty,2026-07-12T03:02:26.651934+00:00,,,,,,,,
2026-07-12T03:35:19.865408+00:00,spot_4,Spot 4,Empty,2026-07-12T03:02:26.651943+00:00,,,,,,,,
2026-07-12T03:35:19.865408+00:00,spot_5,Spot 5,Empty,2026-07-12T03:16:20.075827+00:00,,,,,,,,
2026-07-12T03:35:19.865408+00:00,spot_6,Spot 6,Empty,2026-07-12T03:02:26.651957+00:00,,,,,,,,
2026-07-12T03:35:19.865408+00:00,spot_7,Spot 7,Empty,2026-07-12T03:02:26.651964+00:00,,,,,,,,
2026-07-12T03:35:19.865408+00:00,spot_8,Spot 8,Occupied,2026-07-12T03:34:19.240456+00:00,30,car,0.37455248832702637,57,211.57476806640625,327.5008544921875,240.4439697265625,346.7032470703125
2026-07-12T03:35:19.865408+00:00,spot_9,Spot 9,Empty,2026-07-12T03:02:26.651977+00:00,,,,,,,,
2026-07-12T03:35:19.865408+00:00,spot_10,Spot 10,Empty,2026-07-12T03:06:19.142482+00:00,,,,,,,,
2026-07-12T03:35:19.865408+00:00,spot_11,Spot 11,Empty,2026-07-12T03:03:18.523817+00:00,,,,,,,,
2026-07-12T03:35:19.865408+00:00,spot_12,Spot 12,Empty,2026-07-12T03:22:19.442603+00:00,,,,,,,,
2026-07-12T03:35:19.865408+00:00,spot_13,Spot 13,Empty,2026-07-12T03:02:26.652004+00:00,,,,,,,,
2026-07-12T03:35:19.865408+00:00,spot_14,Spot 14,Empty,2026-07-12T03:02:26.652011+00:00,,,,,,,,
2026-07-12T03:35:19.865408+00:00,spot_15,Spot 15,Empty,2026-07-12T03:02:26.652017+00:00,,,,,,,,
2026-07-12T03:35:19.865408+00:00,spot_16,Spot 16,Empty,2026-07-12T03:02:26.652024+00:00,,,,,,,,
2026-07-12T03:35:19.865408+00:00,spot_17,Spot 17,Empty,2026-07-12T03:02:26.652031+00:00,,,,,,,,
2026-07-12T03:36:18.913002+00:00,spot_1,Spot 1,Empty,2026-07-12T03:02:26.651889+00:00,,,,,,,,
2026-07-12T03:36:18.913002+00:00,spot_2,Spot 2,Empty,2026-07-12T03:02:26.651924+00:00,,,,,,,,
2026-07-12T03:36:18.913002+00:00,spot_3,Spot 3,Empty,2026-07-12T03:02:26.651934+00:00,,,,,,,,
2026-07-12T03:36:18.913002+00:00,spot_4,Spot 4,Empty,2026-07-12T03:02:26.651943+00:00,,,,,,,,
2026-07-12T03:36:18.913002+00:00,spot_5,Spot 5,Empty,2026-07-12T03:16:20.075827+00:00,,,,,,,,
2026-07-12T03:36:18.913002+00:00,spot_6,Spot 6,Empty,2026-07-12T03:02:26.651957+00:00,,,,,,,,
2026-07-12T03:36:18.913002+00:00,spot_7,Spot 7,Empty,2026-07-12T03:02:26.651964+00:00,,,,,,,,
2026-07-12T03:36:18.913002+00:00,spot_8,Spot 8,Empty,2026-07-12T03:36:18.913002+00:00,,,,,,,,
2026-07-12T03:36:18.913002+00:00,spot_9,Spot 9,Empty,2026-07-12T03:02:26.651977+00:00,,,,,,,,
2026-07-12T03:36:18.913002+00:00,spot_10,Spot 10,Empty,2026-07-12T03:06:19.142482+00:00,,,,,,,,
2026-07-12T03:36:18.913002+00:00,spot_11,Spot 11,Empty,2026-07-12T03:03:18.523817+00:00,,,,,,,,
2026-07-12T03:36:18.913002+00:00,spot_12,Spot 12,Empty,2026-07-12T03:22:19.442603+00:00,,,,,,,,
2026-07-12T03:36:18.913002+00:00,spot_13,Spot 13,Empty,2026-07-12T03:02:26.652004+00:00,,,,,,,,
2026-07-12T03:36:18.913002+00:00,spot_14,Spot 14,Empty,2026-07-12T03:02:26.652011+00:00,,,,,,,,
2026-07-12T03:36:18.913002+00:00,spot_15,Spot 15,Empty,2026-07-12T03:02:26.652017+00:00,,,,,,,,
2026-07-12T03:36:18.913002+00:00,spot_16,Spot 16,Empty,2026-07-12T03:02:26.652024+00:00,,,,,,,,
2026-07-12T03:36:18.913002+00:00,spot_17,Spot 17,Empty,2026-07-12T03:02:26.652031+00:00,,,,,,,,
2026-07-12T03:37:19.457249+00:00,spot_1,Spot 1,Empty,2026-07-12T03:02:26.651889+00:00,,,,,,,,
2026-07-12T03:37:19.457249+00:00,spot_2,Spot 2,Empty,2026-07-12T03:02:26.651924+00:00,,,,,,,,
2026-07-12T03:37:19.457249+00:00,spot_3,Spot 3,Empty,2026-07-12T03:02:26.651934+00:00,,,,,,,,
2026-07-12T03:37:19.457249+00:00,spot_4,Spot 4,Empty,2026-07-12T03:02:26.651943+00:00,,,,,,,,
2026-07-12T03:37:19.457249+00:00,spot_5,Spot 5,Empty,2026-07-12T03:16:20.075827+00:00,,,,,,,,
2026-07-12T03:37:19.457249+00:00,spot_6,Spot 6,Empty,2026-07-12T03:02:26.651957+00:00,,,,,,,,
2026-07-12T03:37:19.457249+00:00,spot_7,Spot 7,Empty,2026-07-12T03:02:26.651964+00:00,,,,,,,,
2026-07-12T03:37:19.457249+00:00,spot_8,Spot 8,Empty,2026-07-12T03:36:18.913002+00:00,,,,,,,,
2026-07-12T03:37:19.457249+00:00,spot_9,Spot 9,Empty,2026-07-12T03:02:26.651977+00:00,,,,,,,,
2026-07-12T03:37:19.457249+00:00,spot_10,Spot 10,Empty,2026-07-12T03:06:19.142482+00:00,,,,,,,,
2026-07-12T03:37:19.457249+00:00,spot_11,Spot 11,Empty,2026-07-12T03:03:18.523817+00:00,,,,,,,,
2026-07-12T03:37:19.457249+00:00,spot_12,Spot 12,Empty,2026-07-12T03:22:19.442603+00:00,,,,,,,,
2026-07-12T03:37:19.457249+00:00,spot_13,Spot 13,Empty,2026-07-12T03:02:26.652004+00:00,,,,,,,,
2026-07-12T03:37:19.457249+00:00,spot_14,Spot 14,Empty,2026-07-12T03:02:26.652011+00:00,,,,,,,,
2026-07-12T03:37:19.457249+00:00,spot_15,Spot 15,Empty,2026-07-12T03:02:26.652017+00:00,,,,,,,,
2026-07-12T03:37:19.457249+00:00,spot_16,Spot 16,Empty,2026-07-12T03:02:26.652024+00:00,,,,,,,,
2026-07-12T03:37:19.457249+00:00,spot_17,Spot 17,Empty,2026-07-12T03:02:26.652031+00:00,,,,,,,,
2026-07-12T03:38:18.940718+00:00,spot_1,Spot 1,Empty,2026-07-12T03:02:26.651889+00:00,,,,,,,,
2026-07-12T03:38:18.940718+00:00,spot_2,Spot 2,Empty,2026-07-12T03:02:26.651924+00:00,,,,,,,,
2026-07-12T03:38:18.940718+00:00,spot_3,Spot 3,Empty,2026-07-12T03:02:26.651934+00:00,,,,,,,,
2026-07-12T03:38:18.940718+00:00,spot_4,Spot 4,Empty,2026-07-12T03:02:26.651943+00:00,,,,,,,,
2026-07-12T03:38:18.940718+00:00,spot_5,Spot 5,Empty,2026-07-12T03:16:20.075827+00:00,,,,,,,,
2026-07-12T03:38:18.940718+00:00,spot_6,Spot 6,Empty,2026-07-12T03:02:26.651957+00:00,,,,,,,,
2026-07-12T03:38:18.940718+00:00,spot_7,Spot 7,Empty,2026-07-12T03:02:26.651964+00:00,,,,,,,,
2026-07-12T03:38:18.940718+00:00,spot_8,Spot 8,Empty,2026-07-12T03:36:18.913002+00:00,,,,,,,,
2026-07-12T03:38:18.940718+00:00,spot_9,Spot 9,Empty,2026-07-12T03:02:26.651977+00:00,,,,,,,,
2026-07-12T03:38:18.940718+00:00,spot_10,Spot 10,Empty,2026-07-12T03:06:19.142482+00:00,,,,,,,,
2026-07-12T03:38:18.940718+00:00,spot_11,Spot 11,Empty,2026-07-12T03:03:18.523817+00:00,,,,,,,,
2026-07-12T03:38:18.940718+00:00,spot_12,Spot 12,Empty,2026-07-12T03:22:19.442603+00:00,,,,,,,,
2026-07-12T03:38:18.940718+00:00,spot_13,Spot 13,Empty,2026-07-12T03:02:26.652004+00:00,,,,,,,,
2026-07-12T03:38:18.940718+00:00,spot_14,Spot 14,Empty,2026-07-12T03:02:26.652011+00:00,,,,,,,,
2026-07-12T03:38:18.940718+00:00,spot_15,Spot 15,Empty,2026-07-12T03:02:26.652017+00:00,,,,,,,,
2026-07-12T03:38:18.940718+00:00,spot_16,Spot 16,Empty,2026-07-12T03:02:26.652024+00:00,,,,,,,,
2026-07-12T03:38:18.940718+00:00,spot_17,Spot 17,Empty,2026-07-12T03:02:26.652031+00:00,,,,,,,,
2026-07-12T03:39:20.654222+00:00,spot_1,Spot 1,Empty,2026-07-12T03:02:26.651889+00:00,,,,,,,,
2026-07-12T03:39:20.654222+00:00,spot_2,Spot 2,Empty,2026-07-12T03:02:26.651924+00:00,,,,,,,,
2026-07-12T03:39:20.654222+00:00,spot_3,Spot 3,Empty,2026-07-12T03:02:26.651934+00:00,,,,,,,,
2026-07-12T03:39:20.654222+00:00,spot_4,Spot 4,Empty,2026-07-12T03:02:26.651943+00:00,,,,,,,,
2026-07-12T03:39:20.654222+00:00,spot_5,Spot 5,Empty,2026-07-12T03:16:20.075827+00:00,,,,,,,,
2026-07-12T03:39:20.654222+00:00,spot_6,Spot 6,Empty,2026-07-12T03:02:26.651957+00:00,,,,,,,,
2026-07-12T03:39:20.654222+00:00,spot_7,Spot 7,Empty,2026-07-12T03:02:26.651964+00:00,,,,,,,,
2026-07-12T03:39:20.654222+00:00,spot_8,Spot 8,Empty,2026-07-12T03:36:18.913002+00:00,,,,,,,,
2026-07-12T03:39:20.654222+00:00,spot_9,Spot 9,Empty,2026-07-12T03:02:26.651977+00:00,,,,,,,,
2026-07-12T03:39:20.654222+00:00,spot_10,Spot 10,Empty,2026-07-12T03:06:19.142482+00:00,,,,,,,,
2026-07-12T03:39:20.654222+00:00,spot_11,Spot 11,Empty,2026-07-12T03:03:18.523817+00:00,,,,,,,,
2026-07-12T03:39:20.654222+00:00,spot_12,Spot 12,Empty,2026-07-12T03:22:19.442603+00:00,,,,,,,,
2026-07-12T03:39:20.654222+00:00,spot_13,Spot 13,Empty,2026-07-12T03:02:26.652004+00:00,,,,,,,,
2026-07-12T03:39:20.654222+00:00,spot_14,Spot 14,Empty,2026-07-12T03:02:26.652011+00:00,,,,,,,,
2026-07-12T03:39:20.654222+00:00,spot_15,Spot 15,Empty,2026-07-12T03:02:26.652017+00:00,,,,,,,,
2026-07-12T03:39:20.654222+00:00,spot_16,Spot 16,Empty,2026-07-12T03:02:26.652024+00:00,,,,,,,,
2026-07-12T03:39:20.654222+00:00,spot_17,Spot 17,Empty,2026-07-12T03:02:26.652031+00:00,,,,,,,,
2026-07-12T03:40:19.076767+00:00,spot_1,Spot 1,Empty,2026-07-12T03:02:26.651889+00:00,,,,,,,,
2026-07-12T03:40:19.076767+00:00,spot_2,Spot 2,Empty,2026-07-12T03:02:26.651924+00:00,,,,,,,,
2026-07-12T03:40:19.076767+00:00,spot_3,Spot 3,Empty,2026-07-12T03:02:26.651934+00:00,,,,,,,,
2026-07-12T03:40:19.076767+00:00,spot_4,Spot 4,Empty,2026-07-12T03:02:26.651943+00:00,,,,,,,,
2026-07-12T03:40:19.076767+00:00,spot_5,Spot 5,Empty,2026-07-12T03:16:20.075827+00:00,,,,,,,,
2026-07-12T03:40:19.076767+00:00,spot_6,Spot 6,Empty,2026-07-12T03:02:26.651957+00:00,,,,,,,,
2026-07-12T03:40:19.076767+00:00,spot_7,Spot 7,Empty,2026-07-12T03:02:26.651964+00:00,,,,,,,,
2026-07-12T03:40:19.076767+00:00,spot_8,Spot 8,Empty,2026-07-12T03:36:18.913002+00:00,,,,,,,,
2026-07-12T03:40:19.076767+00:00,spot_9,Spot 9,Empty,2026-07-12T03:02:26.651977+00:00,,,,,,,,
2026-07-12T03:40:19.076767+00:00,spot_10,Spot 10,Empty,2026-07-12T03:06:19.142482+00:00,,,,,,,,
2026-07-12T03:40:19.076767+00:00,spot_11,Spot 11,Empty,2026-07-12T03:03:18.523817+00:00,,,,,,,,
2026-07-12T03:40:19.076767+00:00,spot_12,Spot 12,Empty,2026-07-12T03:22:19.442603+00:00,,,,,,,,
2026-07-12T03:40:19.076767+00:00,spot_13,Spot 13,Empty,2026-07-12T03:02:26.652004+00:00,,,,,,,,
2026-07-12T03:40:19.076767+00:00,spot_14,Spot 14,Empty,2026-07-12T03:02:26.652011+00:00,,,,,,,,
2026-07-12T03:40:19.076767+00:00,spot_15,Spot 15,Empty,2026-07-12T03:02:26.652017+00:00,,,,,,,,
2026-07-12T03:40:19.076767+00:00,spot_16,Spot 16,Empty,2026-07-12T03:02:26.652024+00:00,,,,,,,,
2026-07-12T03:40:19.076767+00:00,spot_17,Spot 17,Empty,2026-07-12T03:02:26.652031+00:00,,,,,,,,
2026-07-12T03:41:19.882359+00:00,spot_1,Spot 1,Empty,2026-07-12T03:02:26.651889+00:00,,,,,,,,
2026-07-12T03:41:19.882359+00:00,spot_2,Spot 2,Empty,2026-07-12T03:02:26.651924+00:00,,,,,,,,
2026-07-12T03:41:19.882359+00:00,spot_3,Spot 3,Empty,2026-07-12T03:02:26.651934+00:00,,,,,,,,
2026-07-12T03:41:19.882359+00:00,spot_4,Spot 4,Empty,2026-07-12T03:02:26.651943+00:00,,,,,,,,
2026-07-12T03:41:19.882359+00:00,spot_5,Spot 5,Empty,2026-07-12T03:16:20.075827+00:00,,,,,,,,
2026-07-12T03:41:19.882359+00:00,spot_6,Spot 6,Empty,2026-07-12T03:02:26.651957+00:00,,,,,,,,
2026-07-12T03:41:19.882359+00:00,spot_7,Spot 7,Empty,2026-07-12T03:02:26.651964+00:00,,,,,,,,
2026-07-12T03:41:19.882359+00:00,spot_8,Spot 8,Occupied,2026-07-12T03:41:19.882359+00:00,31,car,0.6826146841049194,0,211.40939331054688,328.1842041015625,240.96969604492188,347.30718994140625
2026-07-12T03:41:19.882359+00:00,spot_9,Spot 9,Empty,2026-07-12T03:02:26.651977+00:00,,,,,,,,
2026-07-12T03:41:19.882359+00:00,spot_10,Spot 10,Empty,2026-07-12T03:06:19.142482+00:00,,,,,,,,
2026-07-12T03:41:19.882359+00:00,spot_11,Spot 11,Empty,2026-07-12T03:03:18.523817+00:00,,,,,,,,
2026-07-12T03:41:19.882359+00:00,spot_12,Spot 12,Empty,2026-07-12T03:22:19.442603+00:00,,,,,,,,
2026-07-12T03:41:19.882359+00:00,spot_13,Spot 13,Empty,2026-07-12T03:02:26.652004+00:00,,,,,,,,
2026-07-12T03:41:19.882359+00:00,spot_14,Spot 14,Empty,2026-07-12T03:02:26.652011+00:00,,,,,,,,
2026-07-12T03:41:19.882359+00:00,spot_15,Spot 15,Empty,2026-07-12T03:02:26.652017+00:00,,,,,,,,
2026-07-12T03:41:19.882359+00:00,spot_16,Spot 16,Empty,2026-07-12T03:02:26.652024+00:00,,,,,,,,
2026-07-12T03:41:19.882359+00:00,spot_17,Spot 17,Empty,2026-07-12T03:02:26.652031+00:00,,,,,,,,
2026-07-12T03:42:18.818118+00:00,spot_1,Spot 1,Empty,2026-07-12T03:02:26.651889+00:00,,,,,,,,
2026-07-12T03:42:18.818118+00:00,spot_2,Spot 2,Empty,2026-07-12T03:02:26.651924+00:00,,,,,,,,
2026-07-12T03:42:18.818118+00:00,spot_3,Spot 3,Empty,2026-07-12T03:02:26.651934+00:00,,,,,,,,
2026-07-12T03:42:18.818118+00:00,spot_4,Spot 4,Empty,2026-07-12T03:02:26.651943+00:00,,,,,,,,
2026-07-12T03:42:18.818118+00:00,spot_5,Spot 5,Empty,2026-07-12T03:16:20.075827+00:00,,,,,,,,
2026-07-12T03:42:18.818118+00:00,spot_6,Spot 6,Empty,2026-07-12T03:02:26.651957+00:00,,,,,,,,
2026-07-12T03:42:18.818118+00:00,spot_7,Spot 7,Empty,2026-07-12T03:02:26.651964+00:00,,,,,,,,
2026-07-12T03:42:18.818118+00:00,spot_8,Spot 8,Empty,2026-07-12T03:42:18.818118+00:00,,,,,,,,
2026-07-12T03:42:18.818118+00:00,spot_9,Spot 9,Empty,2026-07-12T03:02:26.651977+00:00,,,,,,,,
2026-07-12T03:42:18.818118+00:00,spot_10,Spot 10,Empty,2026-07-12T03:06:19.142482+00:00,,,,,,,,
2026-07-12T03:42:18.818118+00:00,spot_11,Spot 11,Empty,2026-07-12T03:03:18.523817+00:00,,,,,,,,
2026-07-12T03:42:18.818118+00:00,spot_12,Spot 12,Empty,2026-07-12T03:22:19.442603+00:00,,,,,,,,
2026-07-12T03:42:18.818118+00:00,spot_13,Spot 13,Empty,2026-07-12T03:02:26.652004+00:00,,,,,,,,
2026-07-12T03:42:18.818118+00:00,spot_14,Spot 14,Empty,2026-07-12T03:02:26.652011+00:00,,,,,,,,
2026-07-12T03:42:18.818118+00:00,spot_15,Spot 15,Empty,2026-07-12T03:02:26.652017+00:00,,,,,,,,
2026-07-12T03:42:18.818118+00:00,spot_16,Spot 16,Empty,2026-07-12T03:02:26.652024+00:00,,,,,,,,
2026-07-12T03:42:18.818118+00:00,spot_17,Spot 17,Empty,2026-07-12T03:02:26.652031+00:00,,,,,,,,
2026-07-12T03:43:18.993980+00:00,spot_1,Spot 1,Empty,2026-07-12T03:02:26.651889+00:00,,,,,,,,
2026-07-12T03:43:18.993980+00:00,spot_2,Spot 2,Empty,2026-07-12T03:02:26.651924+00:00,,,,,,,,
2026-07-12T03:43:18.993980+00:00,spot_3,Spot 3,Empty,2026-07-12T03:02:26.651934+00:00,,,,,,,,
2026-07-12T03:43:18.993980+00:00,spot_4,Spot 4,Empty,2026-07-12T03:02:26.651943+00:00,,,,,,,,
2026-07-12T03:43:18.993980+00:00,spot_5,Spot 5,Empty,2026-07-12T03:16:20.075827+00:00,,,,,,,,
2026-07-12T03:43:18.993980+00:00,spot_6,Spot 6,Empty,2026-07-12T03:02:26.651957+00:00,,,,,,,,
2026-07-12T03:43:18.993980+00:00,spot_7,Spot 7,Empty,2026-07-12T03:02:26.651964+00:00,,,,,,,,
2026-07-12T03:43:18.993980+00:00,spot_8,Spot 8,Empty,2026-07-12T03:42:18.818118+00:00,,,,,,,,
2026-07-12T03:43:18.993980+00:00,spot_9,Spot 9,Empty,2026-07-12T03:02:26.651977+00:00,,,,,,,,
2026-07-12T03:43:18.993980+00:00,spot_10,Spot 10,Empty,2026-07-12T03:06:19.142482+00:00,,,,,,,,
2026-07-12T03:43:18.993980+00:00,spot_11,Spot 11,Empty,2026-07-12T03:03:18.523817+00:00,,,,,,,,
2026-07-12T03:43:18.993980+00:00,spot_12,Spot 12,Empty,2026-07-12T03:22:19.442603+00:00,,,,,,,,
2026-07-12T03:43:18.993980+00:00,spot_13,Spot 13,Empty,2026-07-12T03:02:26.652004+00:00,,,,,,,,
2026-07-12T03:43:18.993980+00:00,spot_14,Spot 14,Empty,2026-07-12T03:02:26.652011+00:00,,,,,,,,
2026-07-12T03:43:18.993980+00:00,spot_15,Spot 15,Empty,2026-07-12T03:02:26.652017+00:00,,,,,,,,
2026-07-12T03:43:18.993980+00:00,spot_16,Spot 16,Empty,2026-07-12T03:02:26.652024+00:00,,,,,,,,
2026-07-12T03:43:18.993980+00:00,spot_17,Spot 17,Empty,2026-07-12T03:02:26.652031+00:00,,,,,,,,
2026-07-12T03:44:18.334619+00:00,spot_1,Spot 1,Empty,2026-07-12T03:02:26.651889+00:00,,,,,,,,
2026-07-12T03:44:18.334619+00:00,spot_2,Spot 2,Empty,2026-07-12T03:02:26.651924+00:00,,,,,,,,
2026-07-12T03:44:18.334619+00:00,spot_3,Spot 3,Empty,2026-07-12T03:02:26.651934+00:00,,,,,,,,
2026-07-12T03:44:18.334619+00:00,spot_4,Spot 4,Empty,2026-07-12T03:02:26.651943+00:00,,,,,,,,
2026-07-12T03:44:18.334619+00:00,spot_5,Spot 5,Empty,2026-07-12T03:16:20.075827+00:00,,,,,,,,
2026-07-12T03:44:18.334619+00:00,spot_6,Spot 6,Empty,2026-07-12T03:02:26.651957+00:00,,,,,,,,
2026-07-12T03:44:18.334619+00:00,spot_7,Spot 7,Empty,2026-07-12T03:02:26.651964+00:00,,,,,,,,
2026-07-12T03:44:18.334619+00:00,spot_8,Spot 8,Empty,2026-07-12T03:42:18.818118+00:00,,,,,,,,
2026-07-12T03:44:18.334619+00:00,spot_9,Spot 9,Empty,2026-07-12T03:02:26.651977+00:00,,,,,,,,
2026-07-12T03:44:18.334619+00:00,spot_10,Spot 10,Empty,2026-07-12T03:06:19.142482+00:00,,,,,,,,
2026-07-12T03:44:18.334619+00:00,spot_11,Spot 11,Empty,2026-07-12T03:03:18.523817+00:00,,,,,,,,
2026-07-12T03:44:18.334619+00:00,spot_12,Spot 12,Empty,2026-07-12T03:22:19.442603+00:00,,,,,,,,
2026-07-12T03:44:18.334619+00:00,spot_13,Spot 13,Empty,2026-07-12T03:02:26.652004+00:00,,,,,,,,
2026-07-12T03:44:18.334619+00:00,spot_14,Spot 14,Empty,2026-07-12T03:02:26.652011+00:00,,,,,,,,
2026-07-12T03:44:18.334619+00:00,spot_15,Spot 15,Empty,2026-07-12T03:02:26.652017+00:00,,,,,,,,
2026-07-12T03:44:18.334619+00:00,spot_16,Spot 16,Empty,2026-07-12T03:02:26.652024+00:00,,,,,,,,
2026-07-12T03:44:18.334619+00:00,spot_17,Spot 17,Empty,2026-07-12T03:02:26.652031+00:00,,,,,,,,
2026-07-12T03:45:20.905047+00:00,spot_1,Spot 1,Empty,2026-07-12T03:02:26.651889+00:00,,,,,,,,
2026-07-12T03:45:20.905047+00:00,spot_2,Spot 2,Empty,2026-07-12T03:02:26.651924+00:00,,,,,,,,
2026-07-12T03:45:20.905047+00:00,spot_3,Spot 3,Empty,2026-07-12T03:02:26.651934+00:00,,,,,,,,
2026-07-12T03:45:20.905047+00:00,spot_4,Spot 4,Empty,2026-07-12T03:02:26.651943+00:00,,,,,,,,
2026-07-12T03:45:20.905047+00:00,spot_5,Spot 5,Empty,2026-07-12T03:16:20.075827+00:00,,,,,,,,
2026-07-12T03:45:20.905047+00:00,spot_6,Spot 6,Empty,2026-07-12T03:02:26.651957+00:00,,,,,,,,
2026-07-12T03:45:20.905047+00:00,spot_7,Spot 7,Empty,2026-07-12T03:02:26.651964+00:00,,,,,,,,
2026-07-12T03:45:20.905047+00:00,spot_8,Spot 8,Empty,2026-07-12T03:42:18.818118+00:00,,,,,,,,
2026-07-12T03:45:20.905047+00:00,spot_9,Spot 9,Empty,2026-07-12T03:02:26.651977+00:00,,,,,,,,
2026-07-12T03:45:20.905047+00:00,spot_10,Spot 10,Empty,2026-07-12T03:06:19.142482+00:00,,,,,,,,
2026-07-12T03:45:20.905047+00:00,spot_11,Spot 11,Empty,2026-07-12T03:03:18.523817+00:00,,,,,,,,
2026-07-12T03:45:20.905047+00:00,spot_12,Spot 12,Empty,2026-07-12T03:22:19.442603+00:00,,,,,,,,
2026-07-12T03:45:20.905047+00:00,spot_13,Spot 13,Empty,2026-07-12T03:02:26.652004+00:00,,,,,,,,
2026-07-12T03:45:20.905047+00:00,spot_14,Spot 14,Empty,2026-07-12T03:02:26.652011+00:00,,,,,,,,
2026-07-12T03:45:20.905047+00:00,spot_15,Spot 15,Empty,2026-07-12T03:02:26.652017+00:00,,,,,,,,
2026-07-12T03:45:20.905047+00:00,spot_16,Spot 16,Empty,2026-07-12T03:02:26.652024+00:00,,,,,,,,
2026-07-12T03:45:20.905047+00:00,spot_17,Spot 17,Empty,2026-07-12T03:02:26.652031+00:00,,,,,,,,
2026-07-12T03:46:19.048173+00:00,spot_1,Spot 1,Empty,2026-07-12T03:02:26.651889+00:00,,,,,,,,
2026-07-12T03:46:19.048173+00:00,spot_2,Spot 2,Empty,2026-07-12T03:02:26.651924+00:00,,,,,,,,
2026-07-12T03:46:19.048173+00:00,spot_3,Spot 3,Empty,2026-07-12T03:02:26.651934+00:00,,,,,,,,
2026-07-12T03:46:19.048173+00:00,spot_4,Spot 4,Empty,2026-07-12T03:02:26.651943+00:00,,,,,,,,
2026-07-12T03:46:19.048173+00:00,spot_5,Spot 5,Empty,2026-07-12T03:16:20.075827+00:00,,,,,,,,
2026-07-12T03:46:19.048173+00:00,spot_6,Spot 6,Empty,2026-07-12T03:02:26.651957+00:00,,,,,,,,
2026-07-12T03:46:19.048173+00:00,spot_7,Spot 7,Empty,2026-07-12T03:02:26.651964+00:00,,,,,,,,
2026-07-12T03:46:19.048173+00:00,spot_8,Spot 8,Empty,2026-07-12T03:42:18.818118+00:00,,,,,,,,
2026-07-12T03:46:19.048173+00:00,spot_9,Spot 9,Empty,2026-07-12T03:02:26.651977+00:00,,,,,,,,
2026-07-12T03:46:19.048173+00:00,spot_10,Spot 10,Empty,2026-07-12T03:06:19.142482+00:00,,,,,,,,
2026-07-12T03:46:19.048173+00:00,spot_11,Spot 11,Empty,2026-07-12T03:03:18.523817+00:00,,,,,,,,
2026-07-12T03:46:19.048173+00:00,spot_12,Spot 12,Empty,2026-07-12T03:22:19.442603+00:00,,,,,,,,
2026-07-12T03:46:19.048173+00:00,spot_13,Spot 13,Empty,2026-07-12T03:02:26.652004+00:00,,,,,,,,
2026-07-12T03:46:19.048173+00:00,spot_14,Spot 14,Empty,2026-07-12T03:02:26.652011+00:00,,,,,,,,
2026-07-12T03:46:19.048173+00:00,spot_15,Spot 15,Empty,2026-07-12T03:02:26.652017+00:00,,,,,,,,
2026-07-12T03:46:19.048173+00:00,spot_16,Spot 16,Empty,2026-07-12T03:02:26.652024+00:00,,,,,,,,
2026-07-12T03:46:19.048173+00:00,spot_17,Spot 17,Empty,2026-07-12T03:02:26.652031+00:00,,,,,,,,
2026-07-12T03:47:20.601118+00:00,spot_1,Spot 1,Empty,2026-07-12T03:02:26.651889+00:00,,,,,,,,
2026-07-12T03:47:20.601118+00:00,spot_2,Spot 2,Empty,2026-07-12T03:02:26.651924+00:00,,,,,,,,
2026-07-12T03:47:20.601118+00:00,spot_3,Spot 3,Empty,2026-07-12T03:02:26.651934+00:00,,,,,,,,
2026-07-12T03:47:20.601118+00:00,spot_4,Spot 4,Empty,2026-07-12T03:02:26.651943+00:00,,,,,,,,
2026-07-12T03:47:20.601118+00:00,spot_5,Spot 5,Empty,2026-07-12T03:16:20.075827+00:00,,,,,,,,
2026-07-12T03:47:20.601118+00:00,spot_6,Spot 6,Empty,2026-07-12T03:02:26.651957+00:00,,,,,,,,
2026-07-12T03:47:20.601118+00:00,spot_7,Spot 7,Empty,2026-07-12T03:02:26.651964+00:00,,,,,,,,
2026-07-12T03:47:20.601118+00:00,spot_8,Spot 8,Empty,2026-07-12T03:42:18.818118+00:00,,,,,,,,
2026-07-12T03:47:20.601118+00:00,spot_9,Spot 9,Empty,2026-07-12T03:02:26.651977+00:00,,,,,,,,
2026-07-12T03:47:20.601118+00:00,spot_10,Spot 10,Empty,2026-07-12T03:06:19.142482+00:00,,,,,,,,
2026-07-12T03:47:20.601118+00:00,spot_11,Spot 11,Empty,2026-07-12T03:03:18.523817+00:00,,,,,,,,
2026-07-12T03:47:20.601118+00:00,spot_12,Spot 12,Empty,2026-07-12T03:22:19.442603+00:00,,,,,,,,
2026-07-12T03:47:20.601118+00:00,spot_13,Spot 13,Empty,2026-07-12T03:02:26.652004+00:00,,,,,,,,
2026-07-12T03:47:20.601118+00:00,spot_14,Spot 14,Empty,2026-07-12T03:02:26.652011+00:00,,,,,,,,
2026-07-12T03:47:20.601118+00:00,spot_15,Spot 15,Empty,2026-07-12T03:02:26.652017+00:00,,,,,,,,
2026-07-12T03:47:20.601118+00:00,spot_16,Spot 16,Empty,2026-07-12T03:02:26.652024+00:00,,,,,,,,
2026-07-12T03:47:20.601118+00:00,spot_17,Spot 17,Empty,2026-07-12T03:02:26.652031+00:00,,,,,,,,
2026-07-12T03:48:18.140522+00:00,spot_1,Spot 1,Empty,2026-07-12T03:02:26.651889+00:00,,,,,,,,
2026-07-12T03:48:18.140522+00:00,spot_2,Spot 2,Empty,2026-07-12T03:02:26.651924+00:00,,,,,,,,
2026-07-12T03:48:18.140522+00:00,spot_3,Spot 3,Empty,2026-07-12T03:02:26.651934+00:00,,,,,,,,
2026-07-12T03:48:18.140522+00:00,spot_4,Spot 4,Empty,2026-07-12T03:02:26.651943+00:00,,,,,,,,
2026-07-12T03:48:18.140522+00:00,spot_5,Spot 5,Empty,2026-07-12T03:16:20.075827+00:00,,,,,,,,
2026-07-12T03:48:18.140522+00:00,spot_6,Spot 6,Empty,2026-07-12T03:02:26.651957+00:00,,,,,,,,
2026-07-12T03:48:18.140522+00:00,spot_7,Spot 7,Empty,2026-07-12T03:02:26.651964+00:00,,,,,,,,
2026-07-12T03:48:18.140522+00:00,spot_8,Spot 8,Occupied,2026-07-12T03:48:18.140522+00:00,32,car,0.5227265954017639,0,211.49197387695312,322.197998046875,271.3776550292969,346.98577880859375
2026-07-12T03:48:18.140522+00:00,spot_9,Spot 9,Empty,2026-07-12T03:02:26.651977+00:00,,,,,,,,
2026-07-12T03:48:18.140522+00:00,spot_10,Spot 10,Empty,2026-07-12T03:06:19.142482+00:00,,,,,,,,
2026-07-12T03:48:18.140522+00:00,spot_11,Spot 11,Empty,2026-07-12T03:03:18.523817+00:00,,,,,,,,
2026-07-12T03:48:18.140522+00:00,spot_12,Spot 12,Empty,2026-07-12T03:22:19.442603+00:00,,,,,,,,
2026-07-12T03:48:18.140522+00:00,spot_13,Spot 13,Empty,2026-07-12T03:02:26.652004+00:00,,,,,,,,
2026-07-12T03:48:18.140522+00:00,spot_14,Spot 14,Empty,2026-07-12T03:02:26.652011+00:00,,,,,,,,
2026-07-12T03:48:18.140522+00:00,spot_15,Spot 15,Empty,2026-07-12T03:02:26.652017+00:00,,,,,,,,
2026-07-12T03:48:18.140522+00:00,spot_16,Spot 16,Empty,2026-07-12T03:02:26.652024+00:00,,,,,,,,
2026-07-12T03:48:18.140522+00:00,spot_17,Spot 17,Empty,2026-07-12T03:02:26.652031+00:00,,,,,,,,
2026-07-12T03:49:19.520619+00:00,spot_1,Spot 1,Empty,2026-07-12T03:02:26.651889+00:00,,,,,,,,
2026-07-12T03:49:19.520619+00:00,spot_2,Spot 2,Empty,2026-07-12T03:02:26.651924+00:00,,,,,,,,
2026-07-12T03:49:19.520619+00:00,spot_3,Spot 3,Empty,2026-07-12T03:02:26.651934+00:00,,,,,,,,
2026-07-12T03:49:19.520619+00:00,spot_4,Spot 4,Empty,2026-07-12T03:02:26.651943+00:00,,,,,,,,
2026-07-12T03:49:19.520619+00:00,spot_5,Spot 5,Empty,2026-07-12T03:16:20.075827+00:00,,,,,,,,
2026-07-12T03:49:19.520619+00:00,spot_6,Spot 6,Empty,2026-07-12T03:02:26.651957+00:00,,,,,,,,
2026-07-12T03:49:19.520619+00:00,spot_7,Spot 7,Empty,2026-07-12T03:02:26.651964+00:00,,,,,,,,
2026-07-12T03:49:19.520619+00:00,spot_8,Spot 8,Empty,2026-07-12T03:49:19.520619+00:00,,,,,,,,
2026-07-12T03:49:19.520619+00:00,spot_9,Spot 9,Empty,2026-07-12T03:02:26.651977+00:00,,,,,,,,
2026-07-12T03:49:19.520619+00:00,spot_10,Spot 10,Empty,2026-07-12T03:06:19.142482+00:00,,,,,,,,
2026-07-12T03:49:19.520619+00:00,spot_11,Spot 11,Empty,2026-07-12T03:03:18.523817+00:00,,,,,,,,
2026-07-12T03:49:19.520619+00:00,spot_12,Spot 12,Empty,2026-07-12T03:22:19.442603+00:00,,,,,,,,
2026-07-12T03:49:19.520619+00:00,spot_13,Spot 13,Empty,2026-07-12T03:02:26.652004+00:00,,,,,,,,
2026-07-12T03:49:19.520619+00:00,spot_14,Spot 14,Empty,2026-07-12T03:02:26.652011+00:00,,,,,,,,
2026-07-12T03:49:19.520619+00:00,spot_15,Spot 15,Empty,2026-07-12T03:02:26.652017+00:00,,,,,,,,
2026-07-12T03:49:19.520619+00:00,spot_16,Spot 16,Empty,2026-07-12T03:02:26.652024+00:00,,,,,,,,
2026-07-12T03:49:19.520619+00:00,spot_17,Spot 17,Empty,2026-07-12T03:02:26.652031+00:00,,,,,,,,
2026-07-12T03:50:19.320361+00:00,spot_1,Spot 1,Empty,2026-07-12T03:02:26.651889+00:00,,,,,,,,
2026-07-12T03:50:19.320361+00:00,spot_2,Spot 2,Empty,2026-07-12T03:02:26.651924+00:00,,,,,,,,
2026-07-12T03:50:19.320361+00:00,spot_3,Spot 3,Empty,2026-07-12T03:02:26.651934+00:00,,,,,,,,
2026-07-12T03:50:19.320361+00:00,spot_4,Spot 4,Empty,2026-07-12T03:02:26.651943+00:00,,,,,,,,
2026-07-12T03:50:19.320361+00:00,spot_5,Spot 5,Empty,2026-07-12T03:16:20.075827+00:00,,,,,,,,
2026-07-12T03:50:19.320361+00:00,spot_6,Spot 6,Empty,2026-07-12T03:02:26.651957+00:00,,,,,,,,
2026-07-12T03:50:19.320361+00:00,spot_7,Spot 7,Empty,2026-07-12T03:02:26.651964+00:00,,,,,,,,
2026-07-12T03:50:19.320361+00:00,spot_8,Spot 8,Empty,2026-07-12T03:49:19.520619+00:00,,,,,,,,
2026-07-12T03:50:19.320361+00:00,spot_9,Spot 9,Empty,2026-07-12T03:02:26.651977+00:00,,,,,,,,
2026-07-12T03:50:19.320361+00:00,spot_10,Spot 10,Empty,2026-07-12T03:06:19.142482+00:00,,,,,,,,
2026-07-12T03:50:19.320361+00:00,spot_11,Spot 11,Empty,2026-07-12T03:03:18.523817+00:00,,,,,,,,
2026-07-12T03:50:19.320361+00:00,spot_12,Spot 12,Empty,2026-07-12T03:22:19.442603+00:00,,,,,,,,
2026-07-12T03:50:19.320361+00:00,spot_13,Spot 13,Empty,2026-07-12T03:02:26.652004+00:00,,,,,,,,
2026-07-12T03:50:19.320361+00:00,spot_14,Spot 14,Empty,2026-07-12T03:02:26.652011+00:00,,,,,,,,
2026-07-12T03:50:19.320361+00:00,spot_15,Spot 15,Empty,2026-07-12T03:02:26.652017+00:00,,,,,,,,
2026-07-12T03:50:19.320361+00:00,spot_16,Spot 16,Empty,2026-07-12T03:02:26.652024+00:00,,,,,,,,
2026-07-12T03:50:19.320361+00:00,spot_17,Spot 17,Empty,2026-07-12T03:02:26.652031+00:00,,,,,,,,
2026-07-12T03:51:19.851420+00:00,spot_1,Spot 1,Empty,2026-07-12T03:02:26.651889+00:00,,,,,,,,
2026-07-12T03:51:19.851420+00:00,spot_2,Spot 2,Empty,2026-07-12T03:02:26.651924+00:00,,,,,,,,
2026-07-12T03:51:19.851420+00:00,spot_3,Spot 3,Empty,2026-07-12T03:02:26.651934+00:00,,,,,,,,
2026-07-12T03:51:19.851420+00:00,spot_4,Spot 4,Empty,2026-07-12T03:02:26.651943+00:00,,,,,,,,
2026-07-12T03:51:19.851420+00:00,spot_5,Spot 5,Empty,2026-07-12T03:16:20.075827+00:00,,,,,,,,
2026-07-12T03:51:19.851420+00:00,spot_6,Spot 6,Empty,2026-07-12T03:02:26.651957+00:00,,,,,,,,
2026-07-12T03:51:19.851420+00:00,spot_7,Spot 7,Empty,2026-07-12T03:02:26.651964+00:00,,,,,,,,
2026-07-12T03:51:19.851420+00:00,spot_8,Spot 8,Empty,2026-07-12T03:49:19.520619+00:00,,,,,,,,
2026-07-12T03:51:19.851420+00:00,spot_9,Spot 9,Empty,2026-07-12T03:02:26.651977+00:00,,,,,,,,
2026-07-12T03:51:19.851420+00:00,spot_10,Spot 10,Empty,2026-07-12T03:06:19.142482+00:00,,,,,,,,
2026-07-12T03:51:19.851420+00:00,spot_11,Spot 11,Empty,2026-07-12T03:03:18.523817+00:00,,,,,,,,
2026-07-12T03:51:19.851420+00:00,spot_12,Spot 12,Empty,2026-07-12T03:22:19.442603+00:00,,,,,,,,
2026-07-12T03:51:19.851420+00:00,spot_13,Spot 13,Empty,2026-07-12T03:02:26.652004+00:00,,,,,,,,
2026-07-12T03:51:19.851420+00:00,spot_14,Spot 14,Empty,2026-07-12T03:02:26.652011+00:00,,,,,,,,
2026-07-12T03:51:19.851420+00:00,spot_15,Spot 15,Empty,2026-07-12T03:02:26.652017+00:00,,,,,,,,
2026-07-12T03:51:19.851420+00:00,spot_16,Spot 16,Empty,2026-07-12T03:02:26.652024+00:00,,,,,,,,
2026-07-12T03:51:19.851420+00:00,spot_17,Spot 17,Empty,2026-07-12T03:02:26.652031+00:00,,,,,,,,
2026-07-12T03:52:18.623992+00:00,spot_1,Spot 1,Empty,2026-07-12T03:02:26.651889+00:00,,,,,,,,
2026-07-12T03:52:18.623992+00:00,spot_2,Spot 2,Empty,2026-07-12T03:02:26.651924+00:00,,,,,,,,
2026-07-12T03:52:18.623992+00:00,spot_3,Spot 3,Empty,2026-07-12T03:02:26.651934+00:00,,,,,,,,
2026-07-12T03:52:18.623992+00:00,spot_4,Spot 4,Empty,2026-07-12T03:02:26.651943+00:00,,,,,,,,
2026-07-12T03:52:18.623992+00:00,spot_5,Spot 5,Empty,2026-07-12T03:16:20.075827+00:00,,,,,,,,
2026-07-12T03:52:18.623992+00:00,spot_6,Spot 6,Empty,2026-07-12T03:02:26.651957+00:00,,,,,,,,
2026-07-12T03:52:18.623992+00:00,spot_7,Spot 7,Empty,2026-07-12T03:02:26.651964+00:00,,,,,,,,
2026-07-12T03:52:18.623992+00:00,spot_8,Spot 8,Occupied,2026-07-12T03:52:18.623992+00:00,33,car,0.4538905918598175,0,211.12030029296875,327.61456298828125,239.88604736328125,346.44427490234375
2026-07-12T03:52:18.623992+00:00,spot_9,Spot 9,Empty,2026-07-12T03:02:26.651977+00:00,,,,,,,,
2026-07-12T03:52:18.623992+00:00,spot_10,Spot 10,Empty,2026-07-12T03:06:19.142482+00:00,,,,,,,,
2026-07-12T03:52:18.623992+00:00,spot_11,Spot 11,Empty,2026-07-12T03:03:18.523817+00:00,,,,,,,,
2026-07-12T03:52:18.623992+00:00,spot_12,Spot 12,Empty,2026-07-12T03:22:19.442603+00:00,,,,,,,,
2026-07-12T03:52:18.623992+00:00,spot_13,Spot 13,Empty,2026-07-12T03:02:26.652004+00:00,,,,,,,,
2026-07-12T03:52:18.623992+00:00,spot_14,Spot 14,Empty,2026-07-12T03:02:26.652011+00:00,,,,,,,,
2026-07-12T03:52:18.623992+00:00,spot_15,Spot 15,Empty,2026-07-12T03:02:26.652017+00:00,,,,,,,,
2026-07-12T03:52:18.623992+00:00,spot_16,Spot 16,Empty,2026-07-12T03:02:26.652024+00:00,,,,,,,,
2026-07-12T03:52:18.623992+00:00,spot_17,Spot 17,Empty,2026-07-12T03:02:26.652031+00:00,,,,,,,,
2026-07-12T03:53:19.330606+00:00,spot_1,Spot 1,Empty,2026-07-12T03:02:26.651889+00:00,,,,,,,,
2026-07-12T03:53:19.330606+00:00,spot_2,Spot 2,Empty,2026-07-12T03:02:26.651924+00:00,,,,,,,,
2026-07-12T03:53:19.330606+00:00,spot_3,Spot 3,Empty,2026-07-12T03:02:26.651934+00:00,,,,,,,,
2026-07-12T03:53:19.330606+00:00,spot_4,Spot 4,Empty,2026-07-12T03:02:26.651943+00:00,,,,,,,,
2026-07-12T03:53:19.330606+00:00,spot_5,Spot 5,Empty,2026-07-12T03:16:20.075827+00:00,,,,,,,,
2026-07-12T03:53:19.330606+00:00,spot_6,Spot 6,Empty,2026-07-12T03:02:26.651957+00:00,,,,,,,,
2026-07-12T03:53:19.330606+00:00,spot_7,Spot 7,Empty,2026-07-12T03:02:26.651964+00:00,,,,,,,,
2026-07-12T03:53:19.330606+00:00,spot_8,Spot 8,Empty,2026-07-12T03:53:19.330606+00:00,,,,,,,,
2026-07-12T03:53:19.330606+00:00,spot_9,Spot 9,Empty,2026-07-12T03:02:26.651977+00:00,,,,,,,,
2026-07-12T03:53:19.330606+00:00,spot_10,Spot 10,Empty,2026-07-12T03:06:19.142482+00:00,,,,,,,,
2026-07-12T03:53:19.330606+00:00,spot_11,Spot 11,Empty,2026-07-12T03:03:18.523817+00:00,,,,,,,,
2026-07-12T03:53:19.330606+00:00,spot_12,Spot 12,Empty,2026-07-12T03:22:19.442603+00:00,,,,,,,,
2026-07-12T03:53:19.330606+00:00,spot_13,Spot 13,Empty,2026-07-12T03:02:26.652004+00:00,,,,,,,,
2026-07-12T03:53:19.330606+00:00,spot_14,Spot 14,Empty,2026-07-12T03:02:26.652011+00:00,,,,,,,,
2026-07-12T03:53:19.330606+00:00,spot_15,Spot 15,Empty,2026-07-12T03:02:26.652017+00:00,,,,,,,,
2026-07-12T03:53:19.330606+00:00,spot_16,Spot 16,Empty,2026-07-12T03:02:26.652024+00:00,,,,,,,,
2026-07-12T03:53:19.330606+00:00,spot_17,Spot 17,Empty,2026-07-12T03:02:26.652031+00:00,,,,,,,,
2026-07-12T03:54:19.800533+00:00,spot_1,Spot 1,Empty,2026-07-12T03:02:26.651889+00:00,,,,,,,,
2026-07-12T03:54:19.800533+00:00,spot_2,Spot 2,Empty,2026-07-12T03:02:26.651924+00:00,,,,,,,,
2026-07-12T03:54:19.800533+00:00,spot_3,Spot 3,Empty,2026-07-12T03:02:26.651934+00:00,,,,,,,,
2026-07-12T03:54:19.800533+00:00,spot_4,Spot 4,Empty,2026-07-12T03:02:26.651943+00:00,,,,,,,,
2026-07-12T03:54:19.800533+00:00,spot_5,Spot 5,Empty,2026-07-12T03:16:20.075827+00:00,,,,,,,,
2026-07-12T03:54:19.800533+00:00,spot_6,Spot 6,Empty,2026-07-12T03:02:26.651957+00:00,,,,,,,,
2026-07-12T03:54:19.800533+00:00,spot_7,Spot 7,Empty,2026-07-12T03:02:26.651964+00:00,,,,,,,,
2026-07-12T03:54:19.800533+00:00,spot_8,Spot 8,Empty,2026-07-12T03:53:19.330606+00:00,,,,,,,,
2026-07-12T03:54:19.800533+00:00,spot_9,Spot 9,Empty,2026-07-12T03:02:26.651977+00:00,,,,,,,,
2026-07-12T03:54:19.800533+00:00,spot_10,Spot 10,Empty,2026-07-12T03:06:19.142482+00:00,,,,,,,,
2026-07-12T03:54:19.800533+00:00,spot_11,Spot 11,Empty,2026-07-12T03:03:18.523817+00:00,,,,,,,,
2026-07-12T03:54:19.800533+00:00,spot_12,Spot 12,Empty,2026-07-12T03:22:19.442603+00:00,,,,,,,,
2026-07-12T03:54:19.800533+00:00,spot_13,Spot 13,Occupied,2026-07-12T03:54:19.800533+00:00,34,car,0.39807596802711487,0,37.4510498046875,325.5203857421875,104.52159118652344,372.941650390625
2026-07-12T03:54:19.800533+00:00,spot_14,Spot 14,Empty,2026-07-12T03:02:26.652011+00:00,,,,,,,,
2026-07-12T03:54:19.800533+00:00,spot_15,Spot 15,Empty,2026-07-12T03:02:26.652017+00:00,,,,,,,,
2026-07-12T03:54:19.800533+00:00,spot_16,Spot 16,Empty,2026-07-12T03:02:26.652024+00:00,,,,,,,,
2026-07-12T03:54:19.800533+00:00,spot_17,Spot 17,Empty,2026-07-12T03:02:26.652031+00:00,,,,,,,,
2026-07-12T03:55:21.762742+00:00,spot_1,Spot 1,Empty,2026-07-12T03:02:26.651889+00:00,,,,,,,,
2026-07-12T03:55:21.762742+00:00,spot_2,Spot 2,Empty,2026-07-12T03:02:26.651924+00:00,,,,,,,,
2026-07-12T03:55:21.762742+00:00,spot_3,Spot 3,Empty,2026-07-12T03:02:26.651934+00:00,,,,,,,,
2026-07-12T03:55:21.762742+00:00,spot_4,Spot 4,Empty,2026-07-12T03:02:26.651943+00:00,,,,,,,,
2026-07-12T03:55:21.762742+00:00,spot_5,Spot 5,Empty,2026-07-12T03:16:20.075827+00:00,,,,,,,,
2026-07-12T03:55:21.762742+00:00,spot_6,Spot 6,Empty,2026-07-12T03:02:26.651957+00:00,,,,,,,,
2026-07-12T03:55:21.762742+00:00,spot_7,Spot 7,Empty,2026-07-12T03:02:26.651964+00:00,,,,,,,,
2026-07-12T03:55:21.762742+00:00,spot_8,Spot 8,Occupied,2026-07-12T03:55:21.762742+00:00,35,car,0.41464513540267944,0,212.32749938964844,328.137939453125,240.0552215576172,346.482666015625
2026-07-12T03:55:21.762742+00:00,spot_9,Spot 9,Empty,2026-07-12T03:02:26.651977+00:00,,,,,,,,
2026-07-12T03:55:21.762742+00:00,spot_10,Spot 10,Empty,2026-07-12T03:06:19.142482+00:00,,,,,,,,
2026-07-12T03:55:21.762742+00:00,spot_11,Spot 11,Empty,2026-07-12T03:03:18.523817+00:00,,,,,,,,
2026-07-12T03:55:21.762742+00:00,spot_12,Spot 12,Empty,2026-07-12T03:22:19.442603+00:00,,,,,,,,
2026-07-12T03:55:21.762742+00:00,spot_13,Spot 13,Empty,2026-07-12T03:55:21.762742+00:00,,,,,,,,
2026-07-12T03:55:21.762742+00:00,spot_14,Spot 14,Empty,2026-07-12T03:02:26.652011+00:00,,,,,,,,
2026-07-12T03:55:21.762742+00:00,spot_15,Spot 15,Empty,2026-07-12T03:02:26.652017+00:00,,,,,,,,
2026-07-12T03:55:21.762742+00:00,spot_16,Spot 16,Empty,2026-07-12T03:02:26.652024+00:00,,,,,,,,
2026-07-12T03:55:21.762742+00:00,spot_17,Spot 17,Empty,2026-07-12T03:02:26.652031+00:00,,,,,,,,
2026-07-12T03:56:19.557911+00:00,spot_1,Spot 1,Empty,2026-07-12T03:02:26.651889+00:00,,,,,,,,
2026-07-12T03:56:19.557911+00:00,spot_2,Spot 2,Empty,2026-07-12T03:02:26.651924+00:00,,,,,,,,
2026-07-12T03:56:19.557911+00:00,spot_3,Spot 3,Empty,2026-07-12T03:02:26.651934+00:00,,,,,,,,
2026-07-12T03:56:19.557911+00:00,spot_4,Spot 4,Empty,2026-07-12T03:02:26.651943+00:00,,,,,,,,
2026-07-12T03:56:19.557911+00:00,spot_5,Spot 5,Empty,2026-07-12T03:16:20.075827+00:00,,,,,,,,
2026-07-12T03:56:19.557911+00:00,spot_6,Spot 6,Empty,2026-07-12T03:02:26.651957+00:00,,,,,,,,
2026-07-12T03:56:19.557911+00:00,spot_7,Spot 7,Empty,2026-07-12T03:02:26.651964+00:00,,,,,,,,
2026-07-12T03:56:19.557911+00:00,spot_8,Spot 8,Empty,2026-07-12T03:56:19.557911+00:00,,,,,,,,
2026-07-12T03:56:19.557911+00:00,spot_9,Spot 9,Empty,2026-07-12T03:02:26.651977+00:00,,,,,,,,
2026-07-12T03:56:19.557911+00:00,spot_10,Spot 10,Empty,2026-07-12T03:06:19.142482+00:00,,,,,,,,
2026-07-12T03:56:19.557911+00:00,spot_11,Spot 11,Empty,2026-07-12T03:03:18.523817+00:00,,,,,,,,
2026-07-12T03:56:19.557911+00:00,spot_12,Spot 12,Empty,2026-07-12T03:22:19.442603+00:00,,,,,,,,
2026-07-12T03:56:19.557911+00:00,spot_13,Spot 13,Empty,2026-07-12T03:55:21.762742+00:00,,,,,,,,
2026-07-12T03:56:19.557911+00:00,spot_14,Spot 14,Empty,2026-07-12T03:02:26.652011+00:00,,,,,,,,
2026-07-12T03:56:19.557911+00:00,spot_15,Spot 15,Empty,2026-07-12T03:02:26.652017+00:00,,,,,,,,
2026-07-12T03:56:19.557911+00:00,spot_16,Spot 16,Empty,2026-07-12T03:02:26.652024+00:00,,,,,,,,
2026-07-12T03:56:19.557911+00:00,spot_17,Spot 17,Empty,2026-07-12T03:02:26.652031+00:00,,,,,,,,
2026-07-12T03:57:21.219132+00:00,spot_1,Spot 1,Empty,2026-07-12T03:02:26.651889+00:00,,,,,,,,
2026-07-12T03:57:21.219132+00:00,spot_2,Spot 2,Empty,2026-07-12T03:02:26.651924+00:00,,,,,,,,
2026-07-12T03:57:21.219132+00:00,spot_3,Spot 3,Empty,2026-07-12T03:02:26.651934+00:00,,,,,,,,
2026-07-12T03:57:21.219132+00:00,spot_4,Spot 4,Empty,2026-07-12T03:02:26.651943+00:00,,,,,,,,
2026-07-12T03:57:21.219132+00:00,spot_5,Spot 5,Empty,2026-07-12T03:16:20.075827+00:00,,,,,,,,
2026-07-12T03:57:21.219132+00:00,spot_6,Spot 6,Empty,2026-07-12T03:02:26.651957+00:00,,,,,,,,
2026-07-12T03:57:21.219132+00:00,spot_7,Spot 7,Empty,2026-07-12T03:02:26.651964+00:00,,,,,,,,
2026-07-12T03:57:21.219132+00:00,spot_8,Spot 8,Empty,2026-07-12T03:56:19.557911+00:00,,,,,,,,
2026-07-12T03:57:21.219132+00:00,spot_9,Spot 9,Empty,2026-07-12T03:02:26.651977+00:00,,,,,,,,
2026-07-12T03:57:21.219132+00:00,spot_10,Spot 10,Empty,2026-07-12T03:06:19.142482+00:00,,,,,,,,
2026-07-12T03:57:21.219132+00:00,spot_11,Spot 11,Empty,2026-07-12T03:03:18.523817+00:00,,,,,,,,
2026-07-12T03:57:21.219132+00:00,spot_12,Spot 12,Empty,2026-07-12T03:22:19.442603+00:00,,,,,,,,
2026-07-12T03:57:21.219132+00:00,spot_13,Spot 13,Empty,2026-07-12T03:55:21.762742+00:00,,,,,,,,
2026-07-12T03:57:21.219132+00:00,spot_14,Spot 14,Empty,2026-07-12T03:02:26.652011+00:00,,,,,,,,
2026-07-12T03:57:21.219132+00:00,spot_15,Spot 15,Empty,2026-07-12T03:02:26.652017+00:00,,,,,,,,
2026-07-12T03:57:21.219132+00:00,spot_16,Spot 16,Empty,2026-07-12T03:02:26.652024+00:00,,,,,,,,
2026-07-12T03:57:21.219132+00:00,spot_17,Spot 17,Empty,2026-07-12T03:02:26.652031+00:00,,,,,,,,
2026-07-12T03:58:19.959045+00:00,spot_1,Spot 1,Empty,2026-07-12T03:02:26.651889+00:00,,,,,,,,
2026-07-12T03:58:19.959045+00:00,spot_2,Spot 2,Empty,2026-07-12T03:02:26.651924+00:00,,,,,,,,
2026-07-12T03:58:19.959045+00:00,spot_3,Spot 3,Empty,2026-07-12T03:02:26.651934+00:00,,,,,,,,
2026-07-12T03:58:19.959045+00:00,spot_4,Spot 4,Empty,2026-07-12T03:02:26.651943+00:00,,,,,,,,
2026-07-12T03:58:19.959045+00:00,spot_5,Spot 5,Empty,2026-07-12T03:16:20.075827+00:00,,,,,,,,
2026-07-12T03:58:19.959045+00:00,spot_6,Spot 6,Empty,2026-07-12T03:02:26.651957+00:00,,,,,,,,
2026-07-12T03:58:19.959045+00:00,spot_7,Spot 7,Empty,2026-07-12T03:02:26.651964+00:00,,,,,,,,
2026-07-12T03:58:19.959045+00:00,spot_8,Spot 8,Empty,2026-07-12T03:56:19.557911+00:00,,,,,,,,
2026-07-12T03:58:19.959045+00:00,spot_9,Spot 9,Empty,2026-07-12T03:02:26.651977+00:00,,,,,,,,
2026-07-12T03:58:19.959045+00:00,spot_10,Spot 10,Empty,2026-07-12T03:06:19.142482+00:00,,,,,,,,
2026-07-12T03:58:19.959045+00:00,spot_11,Spot 11,Empty,2026-07-12T03:03:18.523817+00:00,,,,,,,,
2026-07-12T03:58:19.959045+00:00,spot_12,Spot 12,Empty,2026-07-12T03:22:19.442603+00:00,,,,,,,,
2026-07-12T03:58:19.959045+00:00,spot_13,Spot 13,Empty,2026-07-12T03:55:21.762742+00:00,,,,,,,,
2026-07-12T03:58:19.959045+00:00,spot_14,Spot 14,Empty,2026-07-12T03:02:26.652011+00:00,,,,,,,,
2026-07-12T03:58:19.959045+00:00,spot_15,Spot 15,Empty,2026-07-12T03:02:26.652017+00:00,,,,,,,,
2026-07-12T03:58:19.959045+00:00,spot_16,Spot 16,Empty,2026-07-12T03:02:26.652024+00:00,,,,,,,,
2026-07-12T03:58:19.959045+00:00,spot_17,Spot 17,Empty,2026-07-12T03:02:26.652031+00:00,,,,,,,,
2026-07-12T03:59:19.524894+00:00,spot_1,Spot 1,Empty,2026-07-12T03:02:26.651889+00:00,,,,,,,,
2026-07-12T03:59:19.524894+00:00,spot_2,Spot 2,Empty,2026-07-12T03:02:26.651924+00:00,,,,,,,,
2026-07-12T03:59:19.524894+00:00,spot_3,Spot 3,Empty,2026-07-12T03:02:26.651934+00:00,,,,,,,,
2026-07-12T03:59:19.524894+00:00,spot_4,Spot 4,Empty,2026-07-12T03:02:26.651943+00:00,,,,,,,,
2026-07-12T03:59:19.524894+00:00,spot_5,Spot 5,Empty,2026-07-12T03:16:20.075827+00:00,,,,,,,,
2026-07-12T03:59:19.524894+00:00,spot_6,Spot 6,Empty,2026-07-12T03:02:26.651957+00:00,,,,,,,,
2026-07-12T03:59:19.524894+00:00,spot_7,Spot 7,Empty,2026-07-12T03:02:26.651964+00:00,,,,,,,,
2026-07-12T03:59:19.524894+00:00,spot_8,Spot 8,Empty,2026-07-12T03:56:19.557911+00:00,,,,,,,,
2026-07-12T03:59:19.524894+00:00,spot_9,Spot 9,Empty,2026-07-12T03:02:26.651977+00:00,,,,,,,,
2026-07-12T03:59:19.524894+00:00,spot_10,Spot 10,Empty,2026-07-12T03:06:19.142482+00:00,,,,,,,,
2026-07-12T03:59:19.524894+00:00,spot_11,Spot 11,Empty,2026-07-12T03:03:18.523817+00:00,,,,,,,,
2026-07-12T03:59:19.524894+00:00,spot_12,Spot 12,Empty,2026-07-12T03:22:19.442603+00:00,,,,,,,,
2026-07-12T03:59:19.524894+00:00,spot_13,Spot 13,Empty,2026-07-12T03:55:21.762742+00:00,,,,,,,,
2026-07-12T03:59:19.524894+00:00,spot_14,Spot 14,Empty,2026-07-12T03:02:26.652011+00:00,,,,,,,,
2026-07-12T03:59:19.524894+00:00,spot_15,Spot 15,Empty,2026-07-12T03:02:26.652017+00:00,,,,,,,,
2026-07-12T03:59:19.524894+00:00,spot_16,Spot 16,Empty,2026-07-12T03:02:26.652024+00:00,,,,,,,,
2026-07-12T03:59:19.524894+00:00,spot_17,Spot 17,Empty,2026-07-12T03:02:26.652031+00:00,,,,,,,,
2026-07-12T04:00:27.872768+00:00,spot_1,Spot 1,Empty,2026-07-12T03:02:26.651889+00:00,,,,,,,,
2026-07-12T04:00:27.872768+00:00,spot_2,Spot 2,Empty,2026-07-12T03:02:26.651924+00:00,,,,,,,,
2026-07-12T04:00:27.872768+00:00,spot_3,Spot 3,Empty,2026-07-12T03:02:26.651934+00:00,,,,,,,,
2026-07-12T04:00:27.872768+00:00,spot_4,Spot 4,Empty,2026-07-12T03:02:26.651943+00:00,,,,,,,,
2026-07-12T04:00:27.872768+00:00,spot_5,Spot 5,Empty,2026-07-12T03:16:20.075827+00:00,,,,,,,,
2026-07-12T04:00:27.872768+00:00,spot_6,Spot 6,Empty,2026-07-12T03:02:26.651957+00:00,,,,,,,,
2026-07-12T04:00:27.872768+00:00,spot_7,Spot 7,Empty,2026-07-12T03:02:26.651964+00:00,,,,,,,,
2026-07-12T04:00:27.872768+00:00,spot_8,Spot 8,Empty,2026-07-12T03:56:19.557911+00:00,,,,,,,,
2026-07-12T04:00:27.872768+00:00,spot_9,Spot 9,Empty,2026-07-12T03:02:26.651977+00:00,,,,,,,,
2026-07-12T04:00:27.872768+00:00,spot_10,Spot 10,Empty,2026-07-12T03:06:19.142482+00:00,,,,,,,,
2026-07-12T04:00:27.872768+00:00,spot_11,Spot 11,Empty,2026-07-12T03:03:18.523817+00:00,,,,,,,,
2026-07-12T04:00:27.872768+00:00,spot_12,Spot 12,Empty,2026-07-12T03:22:19.442603+00:00,,,,,,,,
2026-07-12T04:00:27.872768+00:00,spot_13,Spot 13,Empty,2026-07-12T03:55:21.762742+00:00,,,,,,,,
2026-07-12T04:00:27.872768+00:00,spot_14,Spot 14,Empty,2026-07-12T03:02:26.652011+00:00,,,,,,,,
2026-07-12T04:00:27.872768+00:00,spot_15,Spot 15,Empty,2026-07-12T03:02:26.652017+00:00,,,,,,,,
2026-07-12T04:00:27.872768+00:00,spot_16,Spot 16,Empty,2026-07-12T03:02:26.652024+00:00,,,,,,,,
2026-07-12T04:00:27.872768+00:00,spot_17,Spot 17,Empty,2026-07-12T03:02:26.652031+00:00,,,,,,,,
2026-07-12T04:01:19.857787+00:00,spot_1,Spot 1,Empty,2026-07-12T03:02:26.651889+00:00,,,,,,,,
2026-07-12T04:01:19.857787+00:00,spot_2,Spot 2,Empty,2026-07-12T03:02:26.651924+00:00,,,,,,,,
2026-07-12T04:01:19.857787+00:00,spot_3,Spot 3,Empty,2026-07-12T03:02:26.651934+00:00,,,,,,,,
2026-07-12T04:01:19.857787+00:00,spot_4,Spot 4,Empty,2026-07-12T03:02:26.651943+00:00,,,,,,,,
2026-07-12T04:01:19.857787+00:00,spot_5,Spot 5,Empty,2026-07-12T03:16:20.075827+00:00,,,,,,,,
2026-07-12T04:01:19.857787+00:00,spot_6,Spot 6,Empty,2026-07-12T03:02:26.651957+00:00,,,,,,,,
2026-07-12T04:01:19.857787+00:00,spot_7,Spot 7,Empty,2026-07-12T03:02:26.651964+00:00,,,,,,,,
2026-07-12T04:01:19.857787+00:00,spot_8,Spot 8,Empty,2026-07-12T03:56:19.557911+00:00,,,,,,,,
2026-07-12T04:01:19.857787+00:00,spot_9,Spot 9,Empty,2026-07-12T03:02:26.651977+00:00,,,,,,,,
2026-07-12T04:01:19.857787+00:00,spot_10,Spot 10,Empty,2026-07-12T03:06:19.142482+00:00,,,,,,,,
2026-07-12T04:01:19.857787+00:00,spot_11,Spot 11,Empty,2026-07-12T03:03:18.523817+00:00,,,,,,,,
2026-07-12T04:01:19.857787+00:00,spot_12,Spot 12,Empty,2026-07-12T03:22:19.442603+00:00,,,,,,,,
2026-07-12T04:01:19.857787+00:00,spot_13,Spot 13,Empty,2026-07-12T03:55:21.762742+00:00,,,,,,,,
2026-07-12T04:01:19.857787+00:00,spot_14,Spot 14,Empty,2026-07-12T03:02:26.652011+00:00,,,,,,,,
2026-07-12T04:01:19.857787+00:00,spot_15,Spot 15,Empty,2026-07-12T03:02:26.652017+00:00,,,,,,,,
2026-07-12T04:01:19.857787+00:00,spot_16,Spot 16,Empty,2026-07-12T03:02:26.652024+00:00,,,,,,,,
2026-07-12T04:01:19.857787+00:00,spot_17,Spot 17,Empty,2026-07-12T03:02:26.652031+00:00,,,,,,,,
2026-07-12T04:02:19.904402+00:00,spot_1,Spot 1,Empty,2026-07-12T03:02:26.651889+00:00,,,,,,,,
2026-07-12T04:02:19.904402+00:00,spot_2,Spot 2,Empty,2026-07-12T03:02:26.651924+00:00,,,,,,,,
2026-07-12T04:02:19.904402+00:00,spot_3,Spot 3,Empty,2026-07-12T03:02:26.651934+00:00,,,,,,,,
2026-07-12T04:02:19.904402+00:00,spot_4,Spot 4,Empty,2026-07-12T03:02:26.651943+00:00,,,,,,,,
2026-07-12T04:02:19.904402+00:00,spot_5,Spot 5,Empty,2026-07-12T03:16:20.075827+00:00,,,,,,,,
2026-07-12T04:02:19.904402+00:00,spot_6,Spot 6,Empty,2026-07-12T03:02:26.651957+00:00,,,,,,,,
2026-07-12T04:02:19.904402+00:00,spot_7,Spot 7,Empty,2026-07-12T03:02:26.651964+00:00,,,,,,,,
2026-07-12T04:02:19.904402+00:00,spot_8,Spot 8,Empty,2026-07-12T03:56:19.557911+00:00,,,,,,,,
2026-07-12T04:02:19.904402+00:00,spot_9,Spot 9,Empty,2026-07-12T03:02:26.651977+00:00,,,,,,,,
2026-07-12T04:02:19.904402+00:00,spot_10,Spot 10,Empty,2026-07-12T03:06:19.142482+00:00,,,,,,,,
2026-07-12T04:02:19.904402+00:00,spot_11,Spot 11,Empty,2026-07-12T03:03:18.523817+00:00,,,,,,,,
2026-07-12T04:02:19.904402+00:00,spot_12,Spot 12,Empty,2026-07-12T03:22:19.442603+00:00,,,,,,,,
2026-07-12T04:02:19.904402+00:00,spot_13,Spot 13,Empty,2026-07-12T03:55:21.762742+00:00,,,,,,,,
2026-07-12T04:02:19.904402+00:00,spot_14,Spot 14,Empty,2026-07-12T03:02:26.652011+00:00,,,,,,,,
2026-07-12T04:02:19.904402+00:00,spot_15,Spot 15,Empty,2026-07-12T03:02:26.652017+00:00,,,,,,,,
2026-07-12T04:02:19.904402+00:00,spot_16,Spot 16,Empty,2026-07-12T03:02:26.652024+00:00,,,,,,,,
2026-07-12T04:02:19.904402+00:00,spot_17,Spot 17,Empty,2026-07-12T03:02:26.652031+00:00,,,,,,,,
2026-07-12T04:03:18.816489+00:00,spot_1,Spot 1,Empty,2026-07-12T03:02:26.651889+00:00,,,,,,,,
2026-07-12T04:03:18.816489+00:00,spot_2,Spot 2,Empty,2026-07-12T03:02:26.651924+00:00,,,,,,,,
2026-07-12T04:03:18.816489+00:00,spot_3,Spot 3,Empty,2026-07-12T03:02:26.651934+00:00,,,,,,,,
2026-07-12T04:03:18.816489+00:00,spot_4,Spot 4,Empty,2026-07-12T03:02:26.651943+00:00,,,,,,,,
2026-07-12T04:03:18.816489+00:00,spot_5,Spot 5,Empty,2026-07-12T03:16:20.075827+00:00,,,,,,,,
2026-07-12T04:03:18.816489+00:00,spot_6,Spot 6,Empty,2026-07-12T03:02:26.651957+00:00,,,,,,,,
2026-07-12T04:03:18.816489+00:00,spot_7,Spot 7,Empty,2026-07-12T03:02:26.651964+00:00,,,,,,,,
2026-07-12T04:03:18.816489+00:00,spot_8,Spot 8,Empty,2026-07-12T03:56:19.557911+00:00,,,,,,,,
2026-07-12T04:03:18.816489+00:00,spot_9,Spot 9,Empty,2026-07-12T03:02:26.651977+00:00,,,,,,,,
2026-07-12T04:03:18.816489+00:00,spot_10,Spot 10,Empty,2026-07-12T03:06:19.142482+00:00,,,,,,,,
2026-07-12T04:03:18.816489+00:00,spot_11,Spot 11,Empty,2026-07-12T03:03:18.523817+00:00,,,,,,,,
2026-07-12T04:03:18.816489+00:00,spot_12,Spot 12,Empty,2026-07-12T03:22:19.442603+00:00,,,,,,,,
2026-07-12T04:03:18.816489+00:00,spot_13,Spot 13,Empty,2026-07-12T03:55:21.762742+00:00,,,,,,,,
2026-07-12T04:03:18.816489+00:00,spot_14,Spot 14,Empty,2026-07-12T03:02:26.652011+00:00,,,,,,,,
2026-07-12T04:03:18.816489+00:00,spot_15,Spot 15,Empty,2026-07-12T03:02:26.652017+00:00,,,,,,,,
2026-07-12T04:03:18.816489+00:00,spot_16,Spot 16,Empty,2026-07-12T03:02:26.652024+00:00,,,,,,,,
2026-07-12T04:03:18.816489+00:00,spot_17,Spot 17,Empty,2026-07-12T03:02:26.652031+00:00,,,,,,,,
2026-07-12T04:04:21.142156+00:00,spot_1,Spot 1,Empty,2026-07-12T03:02:26.651889+00:00,,,,,,,,
2026-07-12T04:04:21.142156+00:00,spot_2,Spot 2,Empty,2026-07-12T03:02:26.651924+00:00,,,,,,,,
2026-07-12T04:04:21.142156+00:00,spot_3,Spot 3,Empty,2026-07-12T03:02:26.651934+00:00,,,,,,,,
2026-07-12T04:04:21.142156+00:00,spot_4,Spot 4,Empty,2026-07-12T03:02:26.651943+00:00,,,,,,,,
2026-07-12T04:04:21.142156+00:00,spot_5,Spot 5,Empty,2026-07-12T03:16:20.075827+00:00,,,,,,,,
2026-07-12T04:04:21.142156+00:00,spot_6,Spot 6,Empty,2026-07-12T03:02:26.651957+00:00,,,,,,,,
2026-07-12T04:04:21.142156+00:00,spot_7,Spot 7,Empty,2026-07-12T03:02:26.651964+00:00,,,,,,,,
2026-07-12T04:04:21.142156+00:00,spot_8,Spot 8,Empty,2026-07-12T03:56:19.557911+00:00,,,,,,,,
2026-07-12T04:04:21.142156+00:00,spot_9,Spot 9,Empty,2026-07-12T03:02:26.651977+00:00,,,,,,,,
2026-07-12T04:04:21.142156+00:00,spot_10,Spot 10,Empty,2026-07-12T03:06:19.142482+00:00,,,,,,,,
2026-07-12T04:04:21.142156+00:00,spot_11,Spot 11,Empty,2026-07-12T03:03:18.523817+00:00,,,,,,,,
2026-07-12T04:04:21.142156+00:00,spot_12,Spot 12,Empty,2026-07-12T03:22:19.442603+00:00,,,,,,,,
2026-07-12T04:04:21.142156+00:00,spot_13,Spot 13,Empty,2026-07-12T03:55:21.762742+00:00,,,,,,,,
2026-07-12T04:04:21.142156+00:00,spot_14,Spot 14,Empty,2026-07-12T03:02:26.652011+00:00,,,,,,,,
2026-07-12T04:04:21.142156+00:00,spot_15,Spot 15,Empty,2026-07-12T03:02:26.652017+00:00,,,,,,,,
2026-07-12T04:04:21.142156+00:00,spot_16,Spot 16,Empty,2026-07-12T03:02:26.652024+00:00,,,,,,,,
2026-07-12T04:04:21.142156+00:00,spot_17,Spot 17,Empty,2026-07-12T03:02:26.652031+00:00,,,,,,,,
2026-07-12T04:05:20.023063+00:00,spot_1,Spot 1,Empty,2026-07-12T03:02:26.651889+00:00,,,,,,,,
2026-07-12T04:05:20.023063+00:00,spot_2,Spot 2,Empty,2026-07-12T03:02:26.651924+00:00,,,,,,,,
2026-07-12T04:05:20.023063+00:00,spot_3,Spot 3,Empty,2026-07-12T03:02:26.651934+00:00,,,,,,,,
2026-07-12T04:05:20.023063+00:00,spot_4,Spot 4,Empty,2026-07-12T03:02:26.651943+00:00,,,,,,,,
2026-07-12T04:05:20.023063+00:00,spot_5,Spot 5,Empty,2026-07-12T03:16:20.075827+00:00,,,,,,,,
2026-07-12T04:05:20.023063+00:00,spot_6,Spot 6,Empty,2026-07-12T03:02:26.651957+00:00,,,,,,,,
2026-07-12T04:05:20.023063+00:00,spot_7,Spot 7,Empty,2026-07-12T03:02:26.651964+00:00,,,,,,,,
2026-07-12T04:05:20.023063+00:00,spot_8,Spot 8,Empty,2026-07-12T03:56:19.557911+00:00,,,,,,,,
2026-07-12T04:05:20.023063+00:00,spot_9,Spot 9,Empty,2026-07-12T03:02:26.651977+00:00,,,,,,,,
2026-07-12T04:05:20.023063+00:00,spot_10,Spot 10,Empty,2026-07-12T03:06:19.142482+00:00,,,,,,,,
2026-07-12T04:05:20.023063+00:00,spot_11,Spot 11,Empty,2026-07-12T03:03:18.523817+00:00,,,,,,,,
2026-07-12T04:05:20.023063+00:00,spot_12,Spot 12,Empty,2026-07-12T03:22:19.442603+00:00,,,,,,,,
2026-07-12T04:05:20.023063+00:00,spot_13,Spot 13,Empty,2026-07-12T03:55:21.762742+00:00,,,,,,,,
2026-07-12T04:05:20.023063+00:00,spot_14,Spot 14,Empty,2026-07-12T03:02:26.652011+00:00,,,,,,,,
2026-07-12T04:05:20.023063+00:00,spot_15,Spot 15,Empty,2026-07-12T03:02:26.652017+00:00,,,,,,,,
2026-07-12T04:05:20.023063+00:00,spot_16,Spot 16,Empty,2026-07-12T03:02:26.652024+00:00,,,,,,,,
2026-07-12T04:05:20.023063+00:00,spot_17,Spot 17,Empty,2026-07-12T03:02:26.652031+00:00,,,,,,,,
2026-07-12T04:06:18.780128+00:00,spot_1,Spot 1,Empty,2026-07-12T03:02:26.651889+00:00,,,,,,,,
2026-07-12T04:06:18.780128+00:00,spot_2,Spot 2,Empty,2026-07-12T03:02:26.651924+00:00,,,,,,,,
2026-07-12T04:06:18.780128+00:00,spot_3,Spot 3,Empty,2026-07-12T03:02:26.651934+00:00,,,,,,,,
2026-07-12T04:06:18.780128+00:00,spot_4,Spot 4,Empty,2026-07-12T03:02:26.651943+00:00,,,,,,,,
2026-07-12T04:06:18.780128+00:00,spot_5,Spot 5,Empty,2026-07-12T03:16:20.075827+00:00,,,,,,,,
2026-07-12T04:06:18.780128+00:00,spot_6,Spot 6,Empty,2026-07-12T03:02:26.651957+00:00,,,,,,,,
2026-07-12T04:06:18.780128+00:00,spot_7,Spot 7,Empty,2026-07-12T03:02:26.651964+00:00,,,,,,,,
2026-07-12T04:06:18.780128+00:00,spot_8,Spot 8,Empty,2026-07-12T03:56:19.557911+00:00,,,,,,,,
2026-07-12T04:06:18.780128+00:00,spot_9,Spot 9,Empty,2026-07-12T03:02:26.651977+00:00,,,,,,,,
2026-07-12T04:06:18.780128+00:00,spot_10,Spot 10,Empty,2026-07-12T03:06:19.142482+00:00,,,,,,,,
2026-07-12T04:06:18.780128+00:00,spot_11,Spot 11,Empty,2026-07-12T03:03:18.523817+00:00,,,,,,,,
2026-07-12T04:06:18.780128+00:00,spot_12,Spot 12,Empty,2026-07-12T03:22:19.442603+00:00,,,,,,,,
2026-07-12T04:06:18.780128+00:00,spot_13,Spot 13,Empty,2026-07-12T03:55:21.762742+00:00,,,,,,,,
2026-07-12T04:06:18.780128+00:00,spot_14,Spot 14,Empty,2026-07-12T03:02:26.652011+00:00,,,,,,,,
2026-07-12T04:06:18.780128+00:00,spot_15,Spot 15,Empty,2026-07-12T03:02:26.652017+00:00,,,,,,,,
2026-07-12T04:06:18.780128+00:00,spot_16,Spot 16,Empty,2026-07-12T03:02:26.652024+00:00,,,,,,,,
2026-07-12T04:06:18.780128+00:00,spot_17,Spot 17,Empty,2026-07-12T03:02:26.652031+00:00,,,,,,,,
2026-07-12T04:07:20.173677+00:00,spot_1,Spot 1,Empty,2026-07-12T03:02:26.651889+00:00,,,,,,,,
2026-07-12T04:07:20.173677+00:00,spot_2,Spot 2,Empty,2026-07-12T03:02:26.651924+00:00,,,,,,,,
2026-07-12T04:07:20.173677+00:00,spot_3,Spot 3,Empty,2026-07-12T03:02:26.651934+00:00,,,,,,,,
2026-07-12T04:07:20.173677+00:00,spot_4,Spot 4,Empty,2026-07-12T03:02:26.651943+00:00,,,,,,,,
2026-07-12T04:07:20.173677+00:00,spot_5,Spot 5,Empty,2026-07-12T03:16:20.075827+00:00,,,,,,,,
2026-07-12T04:07:20.173677+00:00,spot_6,Spot 6,Empty,2026-07-12T03:02:26.651957+00:00,,,,,,,,
2026-07-12T04:07:20.173677+00:00,spot_7,Spot 7,Empty,2026-07-12T03:02:26.651964+00:00,,,,,,,,
2026-07-12T04:07:20.173677+00:00,spot_8,Spot 8,Empty,2026-07-12T03:56:19.557911+00:00,,,,,,,,
2026-07-12T04:07:20.173677+00:00,spot_9,Spot 9,Empty,2026-07-12T03:02:26.651977+00:00,,,,,,,,
2026-07-12T04:07:20.173677+00:00,spot_10,Spot 10,Empty,2026-07-12T03:06:19.142482+00:00,,,,,,,,
2026-07-12T04:07:20.173677+00:00,spot_11,Spot 11,Empty,2026-07-12T03:03:18.523817+00:00,,,,,,,,
2026-07-12T04:07:20.173677+00:00,spot_12,Spot 12,Empty,2026-07-12T03:22:19.442603+00:00,,,,,,,,
2026-07-12T04:07:20.173677+00:00,spot_13,Spot 13,Empty,2026-07-12T03:55:21.762742+00:00,,,,,,,,
2026-07-12T04:07:20.173677+00:00,spot_14,Spot 14,Empty,2026-07-12T03:02:26.652011+00:00,,,,,,,,
2026-07-12T04:07:20.173677+00:00,spot_15,Spot 15,Empty,2026-07-12T03:02:26.652017+00:00,,,,,,,,
2026-07-12T04:07:20.173677+00:00,spot_16,Spot 16,Empty,2026-07-12T03:02:26.652024+00:00,,,,,,,,
2026-07-12T04:07:20.173677+00:00,spot_17,Spot 17,Empty,2026-07-12T03:02:26.652031+00:00,,,,,,,,
2026-07-12T04:08:20.024578+00:00,spot_1,Spot 1,Empty,2026-07-12T03:02:26.651889+00:00,,,,,,,,
2026-07-12T04:08:20.024578+00:00,spot_2,Spot 2,Empty,2026-07-12T03:02:26.651924+00:00,,,,,,,,
2026-07-12T04:08:20.024578+00:00,spot_3,Spot 3,Empty,2026-07-12T03:02:26.651934+00:00,,,,,,,,
2026-07-12T04:08:20.024578+00:00,spot_4,Spot 4,Empty,2026-07-12T03:02:26.651943+00:00,,,,,,,,
2026-07-12T04:08:20.024578+00:00,spot_5,Spot 5,Empty,2026-07-12T03:16:20.075827+00:00,,,,,,,,
2026-07-12T04:08:20.024578+00:00,spot_6,Spot 6,Empty,2026-07-12T03:02:26.651957+00:00,,,,,,,,
2026-07-12T04:08:20.024578+00:00,spot_7,Spot 7,Empty,2026-07-12T03:02:26.651964+00:00,,,,,,,,
2026-07-12T04:08:20.024578+00:00,spot_8,Spot 8,Empty,2026-07-12T03:56:19.557911+00:00,,,,,,,,
2026-07-12T04:08:20.024578+00:00,spot_9,Spot 9,Empty,2026-07-12T03:02:26.651977+00:00,,,,,,,,
2026-07-12T04:08:20.024578+00:00,spot_10,Spot 10,Empty,2026-07-12T03:06:19.142482+00:00,,,,,,,,
2026-07-12T04:08:20.024578+00:00,spot_11,Spot 11,Empty,2026-07-12T03:03:18.523817+00:00,,,,,,,,
2026-07-12T04:08:20.024578+00:00,spot_12,Spot 12,Empty,2026-07-12T03:22:19.442603+00:00,,,,,,,,
2026-07-12T04:08:20.024578+00:00,spot_13,Spot 13,Empty,2026-07-12T03:55:21.762742+00:00,,,,,,,,
2026-07-12T04:08:20.024578+00:00,spot_14,Spot 14,Empty,2026-07-12T03:02:26.652011+00:00,,,,,,,,
2026-07-12T04:08:20.024578+00:00,spot_15,Spot 15,Empty,2026-07-12T03:02:26.652017+00:00,,,,,,,,
2026-07-12T04:08:20.024578+00:00,spot_16,Spot 16,Empty,2026-07-12T03:02:26.652024+00:00,,,,,,,,
2026-07-12T04:08:20.024578+00:00,spot_17,Spot 17,Empty,2026-07-12T03:02:26.652031+00:00,,,,,,,,
2026-07-12T04:09:20.415258+00:00,spot_1,Spot 1,Empty,2026-07-12T03:02:26.651889+00:00,,,,,,,,
2026-07-12T04:09:20.415258+00:00,spot_2,Spot 2,Empty,2026-07-12T03:02:26.651924+00:00,,,,,,,,
2026-07-12T04:09:20.415258+00:00,spot_3,Spot 3,Empty,2026-07-12T03:02:26.651934+00:00,,,,,,,,
2026-07-12T04:09:20.415258+00:00,spot_4,Spot 4,Empty,2026-07-12T03:02:26.651943+00:00,,,,,,,,
2026-07-12T04:09:20.415258+00:00,spot_5,Spot 5,Empty,2026-07-12T03:16:20.075827+00:00,,,,,,,,
2026-07-12T04:09:20.415258+00:00,spot_6,Spot 6,Empty,2026-07-12T03:02:26.651957+00:00,,,,,,,,
2026-07-12T04:09:20.415258+00:00,spot_7,Spot 7,Empty,2026-07-12T03:02:26.651964+00:00,,,,,,,,
2026-07-12T04:09:20.415258+00:00,spot_8,Spot 8,Empty,2026-07-12T03:56:19.557911+00:00,,,,,,,,
2026-07-12T04:09:20.415258+00:00,spot_9,Spot 9,Empty,2026-07-12T03:02:26.651977+00:00,,,,,,,,
2026-07-12T04:09:20.415258+00:00,spot_10,Spot 10,Empty,2026-07-12T03:06:19.142482+00:00,,,,,,,,
2026-07-12T04:09:20.415258+00:00,spot_11,Spot 11,Empty,2026-07-12T03:03:18.523817+00:00,,,,,,,,
2026-07-12T04:09:20.415258+00:00,spot_12,Spot 12,Empty,2026-07-12T03:22:19.442603+00:00,,,,,,,,
2026-07-12T04:09:20.415258+00:00,spot_13,Spot 13,Empty,2026-07-12T03:55:21.762742+00:00,,,,,,,,
2026-07-12T04:09:20.415258+00:00,spot_14,Spot 14,Empty,2026-07-12T03:02:26.652011+00:00,,,,,,,,
2026-07-12T04:09:20.415258+00:00,spot_15,Spot 15,Empty,2026-07-12T03:02:26.652017+00:00,,,,,,,,
2026-07-12T04:09:20.415258+00:00,spot_16,Spot 16,Empty,2026-07-12T03:02:26.652024+00:00,,,,,,,,
2026-07-12T04:09:20.415258+00:00,spot_17,Spot 17,Empty,2026-07-12T03:02:26.652031+00:00,,,,,,,,
2026-07-12T04:10:18.962145+00:00,spot_1,Spot 1,Empty,2026-07-12T03:02:26.651889+00:00,,,,,,,,
2026-07-12T04:10:18.962145+00:00,spot_2,Spot 2,Empty,2026-07-12T03:02:26.651924+00:00,,,,,,,,
2026-07-12T04:10:18.962145+00:00,spot_3,Spot 3,Empty,2026-07-12T03:02:26.651934+00:00,,,,,,,,
2026-07-12T04:10:18.962145+00:00,spot_4,Spot 4,Empty,2026-07-12T03:02:26.651943+00:00,,,,,,,,
2026-07-12T04:10:18.962145+00:00,spot_5,Spot 5,Empty,2026-07-12T03:16:20.075827+00:00,,,,,,,,
2026-07-12T04:10:18.962145+00:00,spot_6,Spot 6,Empty,2026-07-12T03:02:26.651957+00:00,,,,,,,,
2026-07-12T04:10:18.962145+00:00,spot_7,Spot 7,Empty,2026-07-12T03:02:26.651964+00:00,,,,,,,,
2026-07-12T04:10:18.962145+00:00,spot_8,Spot 8,Empty,2026-07-12T03:56:19.557911+00:00,,,,,,,,
2026-07-12T04:10:18.962145+00:00,spot_9,Spot 9,Empty,2026-07-12T03:02:26.651977+00:00,,,,,,,,
2026-07-12T04:10:18.962145+00:00,spot_10,Spot 10,Empty,2026-07-12T03:06:19.142482+00:00,,,,,,,,
2026-07-12T04:10:18.962145+00:00,spot_11,Spot 11,Empty,2026-07-12T03:03:18.523817+00:00,,,,,,,,
2026-07-12T04:10:18.962145+00:00,spot_12,Spot 12,Empty,2026-07-12T03:22:19.442603+00:00,,,,,,,,
2026-07-12T04:10:18.962145+00:00,spot_13,Spot 13,Empty,2026-07-12T03:55:21.762742+00:00,,,,,,,,
2026-07-12T04:10:18.962145+00:00,spot_14,Spot 14,Empty,2026-07-12T03:02:26.652011+00:00,,,,,,,,
2026-07-12T04:10:18.962145+00:00,spot_15,Spot 15,Empty,2026-07-12T03:02:26.652017+00:00,,,,,,,,
2026-07-12T04:10:18.962145+00:00,spot_16,Spot 16,Empty,2026-07-12T03:02:26.652024+00:00,,,,,,,,
2026-07-12T04:10:18.962145+00:00,spot_17,Spot 17,Empty,2026-07-12T03:02:26.652031+00:00,,,,,,,,
2026-07-12T04:11:27.185646+00:00,spot_1,Spot 1,Empty,2026-07-12T03:02:26.651889+00:00,,,,,,,,
2026-07-12T04:11:27.185646+00:00,spot_2,Spot 2,Empty,2026-07-12T03:02:26.651924+00:00,,,,,,,,
2026-07-12T04:11:27.185646+00:00,spot_3,Spot 3,Empty,2026-07-12T03:02:26.651934+00:00,,,,,,,,
2026-07-12T04:11:27.185646+00:00,spot_4,Spot 4,Empty,2026-07-12T03:02:26.651943+00:00,,,,,,,,
2026-07-12T04:11:27.185646+00:00,spot_5,Spot 5,Empty,2026-07-12T03:16:20.075827+00:00,,,,,,,,
2026-07-12T04:11:27.185646+00:00,spot_6,Spot 6,Empty,2026-07-12T03:02:26.651957+00:00,,,,,,,,
2026-07-12T04:11:27.185646+00:00,spot_7,Spot 7,Empty,2026-07-12T03:02:26.651964+00:00,,,,,,,,
2026-07-12T04:11:27.185646+00:00,spot_8,Spot 8,Empty,2026-07-12T03:56:19.557911+00:00,,,,,,,,
2026-07-12T04:11:27.185646+00:00,spot_9,Spot 9,Empty,2026-07-12T03:02:26.651977+00:00,,,,,,,,
2026-07-12T04:11:27.185646+00:00,spot_10,Spot 10,Empty,2026-07-12T03:06:19.142482+00:00,,,,,,,,
2026-07-12T04:11:27.185646+00:00,spot_11,Spot 11,Empty,2026-07-12T03:03:18.523817+00:00,,,,,,,,
2026-07-12T04:11:27.185646+00:00,spot_12,Spot 12,Empty,2026-07-12T03:22:19.442603+00:00,,,,,,,,
2026-07-12T04:11:27.185646+00:00,spot_13,Spot 13,Empty,2026-07-12T03:55:21.762742+00:00,,,,,,,,
2026-07-12T04:11:27.185646+00:00,spot_14,Spot 14,Empty,2026-07-12T03:02:26.652011+00:00,,,,,,,,
2026-07-12T04:11:27.185646+00:00,spot_15,Spot 15,Empty,2026-07-12T03:02:26.652017+00:00,,,,,,,,
2026-07-12T04:11:27.185646+00:00,spot_16,Spot 16,Empty,2026-07-12T03:02:26.652024+00:00,,,,,,,,
2026-07-12T04:11:27.185646+00:00,spot_17,Spot 17,Empty,2026-07-12T03:02:26.652031+00:00,,,,,,,,
2026-07-12T04:12:19.431801+00:00,spot_1,Spot 1,Empty,2026-07-12T03:02:26.651889+00:00,,,,,,,,
2026-07-12T04:12:19.431801+00:00,spot_2,Spot 2,Empty,2026-07-12T03:02:26.651924+00:00,,,,,,,,
2026-07-12T04:12:19.431801+00:00,spot_3,Spot 3,Empty,2026-07-12T03:02:26.651934+00:00,,,,,,,,
2026-07-12T04:12:19.431801+00:00,spot_4,Spot 4,Empty,2026-07-12T03:02:26.651943+00:00,,,,,,,,
2026-07-12T04:12:19.431801+00:00,spot_5,Spot 5,Empty,2026-07-12T03:16:20.075827+00:00,,,,,,,,
2026-07-12T04:12:19.431801+00:00,spot_6,Spot 6,Empty,2026-07-12T03:02:26.651957+00:00,,,,,,,,
2026-07-12T04:12:19.431801+00:00,spot_7,Spot 7,Empty,2026-07-12T03:02:26.651964+00:00,,,,,,,,
2026-07-12T04:12:19.431801+00:00,spot_8,Spot 8,Empty,2026-07-12T03:56:19.557911+00:00,,,,,,,,
2026-07-12T04:12:19.431801+00:00,spot_9,Spot 9,Empty,2026-07-12T03:02:26.651977+00:00,,,,,,,,
2026-07-12T04:12:19.431801+00:00,spot_10,Spot 10,Empty,2026-07-12T03:06:19.142482+00:00,,,,,,,,
2026-07-12T04:12:19.431801+00:00,spot_11,Spot 11,Empty,2026-07-12T03:03:18.523817+00:00,,,,,,,,
2026-07-12T04:12:19.431801+00:00,spot_12,Spot 12,Empty,2026-07-12T03:22:19.442603+00:00,,,,,,,,
2026-07-12T04:12:19.431801+00:00,spot_13,Spot 13,Empty,2026-07-12T03:55:21.762742+00:00,,,,,,,,
2026-07-12T04:12:19.431801+00:00,spot_14,Spot 14,Empty,2026-07-12T03:02:26.652011+00:00,,,,,,,,
2026-07-12T04:12:19.431801+00:00,spot_15,Spot 15,Empty,2026-07-12T03:02:26.652017+00:00,,,,,,,,
2026-07-12T04:12:19.431801+00:00,spot_16,Spot 16,Empty,2026-07-12T03:02:26.652024+00:00,,,,,,,,
2026-07-12T04:12:19.431801+00:00,spot_17,Spot 17,Empty,2026-07-12T03:02:26.652031+00:00,,,,,,,,
2026-07-12T04:13:20.609877+00:00,spot_1,Spot 1,Empty,2026-07-12T03:02:26.651889+00:00,,,,,,,,
2026-07-12T04:13:20.609877+00:00,spot_2,Spot 2,Empty,2026-07-12T03:02:26.651924+00:00,,,,,,,,
2026-07-12T04:13:20.609877+00:00,spot_3,Spot 3,Empty,2026-07-12T03:02:26.651934+00:00,,,,,,,,
2026-07-12T04:13:20.609877+00:00,spot_4,Spot 4,Empty,2026-07-12T03:02:26.651943+00:00,,,,,,,,
2026-07-12T04:13:20.609877+00:00,spot_5,Spot 5,Empty,2026-07-12T03:16:20.075827+00:00,,,,,,,,
2026-07-12T04:13:20.609877+00:00,spot_6,Spot 6,Empty,2026-07-12T03:02:26.651957+00:00,,,,,,,,
2026-07-12T04:13:20.609877+00:00,spot_7,Spot 7,Empty,2026-07-12T03:02:26.651964+00:00,,,,,,,,
2026-07-12T04:13:20.609877+00:00,spot_8,Spot 8,Empty,2026-07-12T03:56:19.557911+00:00,,,,,,,,
2026-07-12T04:13:20.609877+00:00,spot_9,Spot 9,Empty,2026-07-12T03:02:26.651977+00:00,,,,,,,,
2026-07-12T04:13:20.609877+00:00,spot_10,Spot 10,Empty,2026-07-12T03:06:19.142482+00:00,,,,,,,,
2026-07-12T04:13:20.609877+00:00,spot_11,Spot 11,Empty,2026-07-12T03:03:18.523817+00:00,,,,,,,,
2026-07-12T04:13:20.609877+00:00,spot_12,Spot 12,Empty,2026-07-12T03:22:19.442603+00:00,,,,,,,,
2026-07-12T04:13:20.609877+00:00,spot_13,Spot 13,Empty,2026-07-12T03:55:21.762742+00:00,,,,,,,,
2026-07-12T04:13:20.609877+00:00,spot_14,Spot 14,Empty,2026-07-12T03:02:26.652011+00:00,,,,,,,,
2026-07-12T04:13:20.609877+00:00,spot_15,Spot 15,Empty,2026-07-12T03:02:26.652017+00:00,,,,,,,,
2026-07-12T04:13:20.609877+00:00,spot_16,Spot 16,Empty,2026-07-12T03:02:26.652024+00:00,,,,,,,,
2026-07-12T04:13:20.609877+00:00,spot_17,Spot 17,Empty,2026-07-12T03:02:26.652031+00:00,,,,,,,,
2026-07-12T04:14:26.338026+00:00,spot_1,Spot 1,Empty,2026-07-12T03:02:26.651889+00:00,,,,,,,,
2026-07-12T04:14:26.338026+00:00,spot_2,Spot 2,Empty,2026-07-12T03:02:26.651924+00:00,,,,,,,,
2026-07-12T04:14:26.338026+00:00,spot_3,Spot 3,Empty,2026-07-12T03:02:26.651934+00:00,,,,,,,,
2026-07-12T04:14:26.338026+00:00,spot_4,Spot 4,Empty,2026-07-12T03:02:26.651943+00:00,,,,,,,,
2026-07-12T04:14:26.338026+00:00,spot_5,Spot 5,Empty,2026-07-12T03:16:20.075827+00:00,,,,,,,,
2026-07-12T04:14:26.338026+00:00,spot_6,Spot 6,Empty,2026-07-12T03:02:26.651957+00:00,,,,,,,,
2026-07-12T04:14:26.338026+00:00,spot_7,Spot 7,Empty,2026-07-12T03:02:26.651964+00:00,,,,,,,,
2026-07-12T04:14:26.338026+00:00,spot_8,Spot 8,Empty,2026-07-12T03:56:19.557911+00:00,,,,,,,,
2026-07-12T04:14:26.338026+00:00,spot_9,Spot 9,Empty,2026-07-12T03:02:26.651977+00:00,,,,,,,,
2026-07-12T04:14:26.338026+00:00,spot_10,Spot 10,Empty,2026-07-12T03:06:19.142482+00:00,,,,,,,,
2026-07-12T04:14:26.338026+00:00,spot_11,Spot 11,Empty,2026-07-12T03:03:18.523817+00:00,,,,,,,,
2026-07-12T04:14:26.338026+00:00,spot_12,Spot 12,Empty,2026-07-12T03:22:19.442603+00:00,,,,,,,,
2026-07-12T04:14:26.338026+00:00,spot_13,Spot 13,Empty,2026-07-12T03:55:21.762742+00:00,,,,,,,,
2026-07-12T04:14:26.338026+00:00,spot_14,Spot 14,Empty,2026-07-12T03:02:26.652011+00:00,,,,,,,,
2026-07-12T04:14:26.338026+00:00,spot_15,Spot 15,Empty,2026-07-12T03:02:26.652017+00:00,,,,,,,,
2026-07-12T04:14:26.338026+00:00,spot_16,Spot 16,Empty,2026-07-12T03:02:26.652024+00:00,,,,,,,,
2026-07-12T04:14:26.338026+00:00,spot_17,Spot 17,Empty,2026-07-12T03:02:26.652031+00:00,,,,,,,,
2026-07-12T04:15:20.050866+00:00,spot_1,Spot 1,Empty,2026-07-12T03:02:26.651889+00:00,,,,,,,,
2026-07-12T04:15:20.050866+00:00,spot_2,Spot 2,Empty,2026-07-12T03:02:26.651924+00:00,,,,,,,,
2026-07-12T04:15:20.050866+00:00,spot_3,Spot 3,Empty,2026-07-12T03:02:26.651934+00:00,,,,,,,,
2026-07-12T04:15:20.050866+00:00,spot_4,Spot 4,Empty,2026-07-12T03:02:26.651943+00:00,,,,,,,,
2026-07-12T04:15:20.050866+00:00,spot_5,Spot 5,Empty,2026-07-12T03:16:20.075827+00:00,,,,,,,,
2026-07-12T04:15:20.050866+00:00,spot_6,Spot 6,Empty,2026-07-12T03:02:26.651957+00:00,,,,,,,,
2026-07-12T04:15:20.050866+00:00,spot_7,Spot 7,Empty,2026-07-12T03:02:26.651964+00:00,,,,,,,,
2026-07-12T04:15:20.050866+00:00,spot_8,Spot 8,Empty,2026-07-12T03:56:19.557911+00:00,,,,,,,,
2026-07-12T04:15:20.050866+00:00,spot_9,Spot 9,Empty,2026-07-12T03:02:26.651977+00:00,,,,,,,,
2026-07-12T04:15:20.050866+00:00,spot_10,Spot 10,Empty,2026-07-12T03:06:19.142482+00:00,,,,,,,,
2026-07-12T04:15:20.050866+00:00,spot_11,Spot 11,Empty,2026-07-12T03:03:18.523817+00:00,,,,,,,,
2026-07-12T04:15:20.050866+00:00,spot_12,Spot 12,Empty,2026-07-12T03:22:19.442603+00:00,,,,,,,,
2026-07-12T04:15:20.050866+00:00,spot_13,Spot 13,Empty,2026-07-12T03:55:21.762742+00:00,,,,,,,,
2026-07-12T04:15:20.050866+00:00,spot_14,Spot 14,Empty,2026-07-12T03:02:26.652011+00:00,,,,,,,,
2026-07-12T04:15:20.050866+00:00,spot_15,Spot 15,Empty,2026-07-12T03:02:26.652017+00:00,,,,,,,,
2026-07-12T04:15:20.050866+00:00,spot_16,Spot 16,Empty,2026-07-12T03:02:26.652024+00:00,,,,,,,,
2026-07-12T04:15:20.050866+00:00,spot_17,Spot 17,Empty,2026-07-12T03:02:26.652031+00:00,,,,,,,,
2026-07-12T04:16:29.332005+00:00,spot_1,Spot 1,Empty,2026-07-12T03:02:26.651889+00:00,,,,,,,,
2026-07-12T04:16:29.332005+00:00,spot_2,Spot 2,Empty,2026-07-12T03:02:26.651924+00:00,,,,,,,,
2026-07-12T04:16:29.332005+00:00,spot_3,Spot 3,Empty,2026-07-12T03:02:26.651934+00:00,,,,,,,,
2026-07-12T04:16:29.332005+00:00,spot_4,Spot 4,Empty,2026-07-12T03:02:26.651943+00:00,,,,,,,,
2026-07-12T04:16:29.332005+00:00,spot_5,Spot 5,Empty,2026-07-12T03:16:20.075827+00:00,,,,,,,,
2026-07-12T04:16:29.332005+00:00,spot_6,Spot 6,Empty,2026-07-12T03:02:26.651957+00:00,,,,,,,,
2026-07-12T04:16:29.332005+00:00,spot_7,Spot 7,Empty,2026-07-12T03:02:26.651964+00:00,,,,,,,,
2026-07-12T04:16:29.332005+00:00,spot_8,Spot 8,Empty,2026-07-12T03:56:19.557911+00:00,,,,,,,,
2026-07-12T04:16:29.332005+00:00,spot_9,Spot 9,Empty,2026-07-12T03:02:26.651977+00:00,,,,,,,,
2026-07-12T04:16:29.332005+00:00,spot_10,Spot 10,Empty,2026-07-12T03:06:19.142482+00:00,,,,,,,,
2026-07-12T04:16:29.332005+00:00,spot_11,Spot 11,Empty,2026-07-12T03:03:18.523817+00:00,,,,,,,,
2026-07-12T04:16:29.332005+00:00,spot_12,Spot 12,Empty,2026-07-12T03:22:19.442603+00:00,,,,,,,,
2026-07-12T04:16:29.332005+00:00,spot_13,Spot 13,Empty,2026-07-12T03:55:21.762742+00:00,,,,,,,,
2026-07-12T04:16:29.332005+00:00,spot_14,Spot 14,Empty,2026-07-12T03:02:26.652011+00:00,,,,,,,,
2026-07-12T04:16:29.332005+00:00,spot_15,Spot 15,Empty,2026-07-12T03:02:26.652017+00:00,,,,,,,,
2026-07-12T04:16:29.332005+00:00,spot_16,Spot 16,Empty,2026-07-12T03:02:26.652024+00:00,,,,,,,,
2026-07-12T04:16:29.332005+00:00,spot_17,Spot 17,Empty,2026-07-12T03:02:26.652031+00:00,,,,,,,,
2026-07-12T04:17:20.409876+00:00,spot_1,Spot 1,Empty,2026-07-12T03:02:26.651889+00:00,,,,,,,,
2026-07-12T04:17:20.409876+00:00,spot_2,Spot 2,Empty,2026-07-12T03:02:26.651924+00:00,,,,,,,,
2026-07-12T04:17:20.409876+00:00,spot_3,Spot 3,Empty,2026-07-12T03:02:26.651934+00:00,,,,,,,,
2026-07-12T04:17:20.409876+00:00,spot_4,Spot 4,Empty,2026-07-12T03:02:26.651943+00:00,,,,,,,,
2026-07-12T04:17:20.409876+00:00,spot_5,Spot 5,Empty,2026-07-12T03:16:20.075827+00:00,,,,,,,,
2026-07-12T04:17:20.409876+00:00,spot_6,Spot 6,Empty,2026-07-12T03:02:26.651957+00:00,,,,,,,,
2026-07-12T04:17:20.409876+00:00,spot_7,Spot 7,Empty,2026-07-12T03:02:26.651964+00:00,,,,,,,,
2026-07-12T04:17:20.409876+00:00,spot_8,Spot 8,Empty,2026-07-12T03:56:19.557911+00:00,,,,,,,,
2026-07-12T04:17:20.409876+00:00,spot_9,Spot 9,Empty,2026-07-12T03:02:26.651977+00:00,,,,,,,,
2026-07-12T04:17:20.409876+00:00,spot_10,Spot 10,Empty,2026-07-12T03:06:19.142482+00:00,,,,,,,,
2026-07-12T04:17:20.409876+00:00,spot_11,Spot 11,Empty,2026-07-12T03:03:18.523817+00:00,,,,,,,,
2026-07-12T04:17:20.409876+00:00,spot_12,Spot 12,Empty,2026-07-12T03:22:19.442603+00:00,,,,,,,,
2026-07-12T04:17:20.409876+00:00,spot_13,Spot 13,Empty,2026-07-12T03:55:21.762742+00:00,,,,,,,,
2026-07-12T04:17:20.409876+00:00,spot_14,Spot 14,Empty,2026-07-12T03:02:26.652011+00:00,,,,,,,,
2026-07-12T04:17:20.409876+00:00,spot_15,Spot 15,Empty,2026-07-12T03:02:26.652017+00:00,,,,,,,,
2026-07-12T04:17:20.409876+00:00,spot_16,Spot 16,Empty,2026-07-12T03:02:26.652024+00:00,,,,,,,,
2026-07-12T04:17:20.409876+00:00,spot_17,Spot 17,Empty,2026-07-12T03:02:26.652031+00:00,,,,,,,,
2026-07-12T04:18:19.326932+00:00,spot_1,Spot 1,Empty,2026-07-12T03:02:26.651889+00:00,,,,,,,,
2026-07-12T04:18:19.326932+00:00,spot_2,Spot 2,Empty,2026-07-12T03:02:26.651924+00:00,,,,,,,,
2026-07-12T04:18:19.326932+00:00,spot_3,Spot 3,Empty,2026-07-12T03:02:26.651934+00:00,,,,,,,,
2026-07-12T04:18:19.326932+00:00,spot_4,Spot 4,Empty,2026-07-12T03:02:26.651943+00:00,,,,,,,,
2026-07-12T04:18:19.326932+00:00,spot_5,Spot 5,Empty,2026-07-12T03:16:20.075827+00:00,,,,,,,,
2026-07-12T04:18:19.326932+00:00,spot_6,Spot 6,Empty,2026-07-12T03:02:26.651957+00:00,,,,,,,,
2026-07-12T04:18:19.326932+00:00,spot_7,Spot 7,Empty,2026-07-12T03:02:26.651964+00:00,,,,,,,,
2026-07-12T04:18:19.326932+00:00,spot_8,Spot 8,Empty,2026-07-12T03:56:19.557911+00:00,,,,,,,,
2026-07-12T04:18:19.326932+00:00,spot_9,Spot 9,Empty,2026-07-12T03:02:26.651977+00:00,,,,,,,,
2026-07-12T04:18:19.326932+00:00,spot_10,Spot 10,Empty,2026-07-12T03:06:19.142482+00:00,,,,,,,,
2026-07-12T04:18:19.326932+00:00,spot_11,Spot 11,Empty,2026-07-12T03:03:18.523817+00:00,,,,,,,,
2026-07-12T04:18:19.326932+00:00,spot_12,Spot 12,Empty,2026-07-12T03:22:19.442603+00:00,,,,,,,,
2026-07-12T04:18:19.326932+00:00,spot_13,Spot 13,Empty,2026-07-12T03:55:21.762742+00:00,,,,,,,,
2026-07-12T04:18:19.326932+00:00,spot_14,Spot 14,Empty,2026-07-12T03:02:26.652011+00:00,,,,,,,,
2026-07-12T04:18:19.326932+00:00,spot_15,Spot 15,Empty,2026-07-12T03:02:26.652017+00:00,,,,,,,,
2026-07-12T04:18:19.326932+00:00,spot_16,Spot 16,Empty,2026-07-12T03:02:26.652024+00:00,,,,,,,,
2026-07-12T04:18:19.326932+00:00,spot_17,Spot 17,Empty,2026-07-12T03:02:26.652031+00:00,,,,,,,,
2026-07-12T04:19:19.114897+00:00,spot_1,Spot 1,Empty,2026-07-12T03:02:26.651889+00:00,,,,,,,,
2026-07-12T04:19:19.114897+00:00,spot_2,Spot 2,Empty,2026-07-12T03:02:26.651924+00:00,,,,,,,,
2026-07-12T04:19:19.114897+00:00,spot_3,Spot 3,Empty,2026-07-12T03:02:26.651934+00:00,,,,,,,,
2026-07-12T04:19:19.114897+00:00,spot_4,Spot 4,Empty,2026-07-12T03:02:26.651943+00:00,,,,,,,,
2026-07-12T04:19:19.114897+00:00,spot_5,Spot 5,Empty,2026-07-12T03:16:20.075827+00:00,,,,,,,,
2026-07-12T04:19:19.114897+00:00,spot_6,Spot 6,Empty,2026-07-12T03:02:26.651957+00:00,,,,,,,,
2026-07-12T04:19:19.114897+00:00,spot_7,Spot 7,Empty,2026-07-12T03:02:26.651964+00:00,,,,,,,,
2026-07-12T04:19:19.114897+00:00,spot_8,Spot 8,Empty,2026-07-12T03:56:19.557911+00:00,,,,,,,,
2026-07-12T04:19:19.114897+00:00,spot_9,Spot 9,Empty,2026-07-12T03:02:26.651977+00:00,,,,,,,,
2026-07-12T04:19:19.114897+00:00,spot_10,Spot 10,Empty,2026-07-12T03:06:19.142482+00:00,,,,,,,,
2026-07-12T04:19:19.114897+00:00,spot_11,Spot 11,Empty,2026-07-12T03:03:18.523817+00:00,,,,,,,,
2026-07-12T04:19:19.114897+00:00,spot_12,Spot 12,Empty,2026-07-12T03:22:19.442603+00:00,,,,,,,,
2026-07-12T04:19:19.114897+00:00,spot_13,Spot 13,Empty,2026-07-12T03:55:21.762742+00:00,,,,,,,,
2026-07-12T04:19:19.114897+00:00,spot_14,Spot 14,Empty,2026-07-12T03:02:26.652011+00:00,,,,,,,,
2026-07-12T04:19:19.114897+00:00,spot_15,Spot 15,Empty,2026-07-12T03:02:26.652017+00:00,,,,,,,,
2026-07-12T04:19:19.114897+00:00,spot_16,Spot 16,Empty,2026-07-12T03:02:26.652024+00:00,,,,,,,,
2026-07-12T04:19:19.114897+00:00,spot_17,Spot 17,Empty,2026-07-12T03:02:26.652031+00:00,,,,,,,,
2026-07-12T04:20:21.461394+00:00,spot_1,Spot 1,Empty,2026-07-12T03:02:26.651889+00:00,,,,,,,,
2026-07-12T04:20:21.461394+00:00,spot_2,Spot 2,Empty,2026-07-12T03:02:26.651924+00:00,,,,,,,,
2026-07-12T04:20:21.461394+00:00,spot_3,Spot 3,Empty,2026-07-12T03:02:26.651934+00:00,,,,,,,,
2026-07-12T04:20:21.461394+00:00,spot_4,Spot 4,Empty,2026-07-12T03:02:26.651943+00:00,,,,,,,,
2026-07-12T04:20:21.461394+00:00,spot_5,Spot 5,Empty,2026-07-12T03:16:20.075827+00:00,,,,,,,,
2026-07-12T04:20:21.461394+00:00,spot_6,Spot 6,Empty,2026-07-12T03:02:26.651957+00:00,,,,,,,,
2026-07-12T04:20:21.461394+00:00,spot_7,Spot 7,Empty,2026-07-12T03:02:26.651964+00:00,,,,,,,,
2026-07-12T04:20:21.461394+00:00,spot_8,Spot 8,Empty,2026-07-12T03:56:19.557911+00:00,,,,,,,,
2026-07-12T04:20:21.461394+00:00,spot_9,Spot 9,Empty,2026-07-12T03:02:26.651977+00:00,,,,,,,,
2026-07-12T04:20:21.461394+00:00,spot_10,Spot 10,Empty,2026-07-12T03:06:19.142482+00:00,,,,,,,,
2026-07-12T04:20:21.461394+00:00,spot_11,Spot 11,Empty,2026-07-12T03:03:18.523817+00:00,,,,,,,,
2026-07-12T04:20:21.461394+00:00,spot_12,Spot 12,Empty,2026-07-12T03:22:19.442603+00:00,,,,,,,,
2026-07-12T04:20:21.461394+00:00,spot_13,Spot 13,Empty,2026-07-12T03:55:21.762742+00:00,,,,,,,,
2026-07-12T04:20:21.461394+00:00,spot_14,Spot 14,Empty,2026-07-12T03:02:26.652011+00:00,,,,,,,,
2026-07-12T04:20:21.461394+00:00,spot_15,Spot 15,Empty,2026-07-12T03:02:26.652017+00:00,,,,,,,,
2026-07-12T04:20:21.461394+00:00,spot_16,Spot 16,Empty,2026-07-12T03:02:26.652024+00:00,,,,,,,,
2026-07-12T04:20:21.461394+00:00,spot_17,Spot 17,Empty,2026-07-12T03:02:26.652031+00:00,,,,,,,,
2026-07-12T04:21:19.254024+00:00,spot_1,Spot 1,Empty,2026-07-12T03:02:26.651889+00:00,,,,,,,,
2026-07-12T04:21:19.254024+00:00,spot_2,Spot 2,Empty,2026-07-12T03:02:26.651924+00:00,,,,,,,,
2026-07-12T04:21:19.254024+00:00,spot_3,Spot 3,Empty,2026-07-12T03:02:26.651934+00:00,,,,,,,,
2026-07-12T04:21:19.254024+00:00,spot_4,Spot 4,Empty,2026-07-12T03:02:26.651943+00:00,,,,,,,,
2026-07-12T04:21:19.254024+00:00,spot_5,Spot 5,Empty,2026-07-12T03:16:20.075827+00:00,,,,,,,,
2026-07-12T04:21:19.254024+00:00,spot_6,Spot 6,Empty,2026-07-12T03:02:26.651957+00:00,,,,,,,,
2026-07-12T04:21:19.254024+00:00,spot_7,Spot 7,Empty,2026-07-12T03:02:26.651964+00:00,,,,,,,,
2026-07-12T04:21:19.254024+00:00,spot_8,Spot 8,Empty,2026-07-12T03:56:19.557911+00:00,,,,,,,,
2026-07-12T04:21:19.254024+00:00,spot_9,Spot 9,Empty,2026-07-12T03:02:26.651977+00:00,,,,,,,,
2026-07-12T04:21:19.254024+00:00,spot_10,Spot 10,Empty,2026-07-12T03:06:19.142482+00:00,,,,,,,,
2026-07-12T04:21:19.254024+00:00,spot_11,Spot 11,Empty,2026-07-12T03:03:18.523817+00:00,,,,,,,,
2026-07-12T04:21:19.254024+00:00,spot_12,Spot 12,Empty,2026-07-12T03:22:19.442603+00:00,,,,,,,,
2026-07-12T04:21:19.254024+00:00,spot_13,Spot 13,Empty,2026-07-12T03:55:21.762742+00:00,,,,,,,,
2026-07-12T04:21:19.254024+00:00,spot_14,Spot 14,Empty,2026-07-12T03:02:26.652011+00:00,,,,,,,,
2026-07-12T04:21:19.254024+00:00,spot_15,Spot 15,Empty,2026-07-12T03:02:26.652017+00:00,,,,,,,,
2026-07-12T04:21:19.254024+00:00,spot_16,Spot 16,Empty,2026-07-12T03:02:26.652024+00:00,,,,,,,,
2026-07-12T04:21:19.254024+00:00,spot_17,Spot 17,Empty,2026-07-12T03:02:26.652031+00:00,,,,,,,,
2026-07-12T04:22:18.739312+00:00,spot_1,Spot 1,Empty,2026-07-12T03:02:26.651889+00:00,,,,,,,,
2026-07-12T04:22:18.739312+00:00,spot_2,Spot 2,Empty,2026-07-12T03:02:26.651924+00:00,,,,,,,,
2026-07-12T04:22:18.739312+00:00,spot_3,Spot 3,Empty,2026-07-12T03:02:26.651934+00:00,,,,,,,,
2026-07-12T04:22:18.739312+00:00,spot_4,Spot 4,Empty,2026-07-12T03:02:26.651943+00:00,,,,,,,,
2026-07-12T04:22:18.739312+00:00,spot_5,Spot 5,Empty,2026-07-12T03:16:20.075827+00:00,,,,,,,,
2026-07-12T04:22:18.739312+00:00,spot_6,Spot 6,Empty,2026-07-12T03:02:26.651957+00:00,,,,,,,,
2026-07-12T04:22:18.739312+00:00,spot_7,Spot 7,Empty,2026-07-12T03:02:26.651964+00:00,,,,,,,,
2026-07-12T04:22:18.739312+00:00,spot_8,Spot 8,Empty,2026-07-12T03:56:19.557911+00:00,,,,,,,,
2026-07-12T04:22:18.739312+00:00,spot_9,Spot 9,Empty,2026-07-12T03:02:26.651977+00:00,,,,,,,,
2026-07-12T04:22:18.739312+00:00,spot_10,Spot 10,Empty,2026-07-12T03:06:19.142482+00:00,,,,,,,,
2026-07-12T04:22:18.739312+00:00,spot_11,Spot 11,Empty,2026-07-12T03:03:18.523817+00:00,,,,,,,,
2026-07-12T04:22:18.739312+00:00,spot_12,Spot 12,Empty,2026-07-12T03:22:19.442603+00:00,,,,,,,,
2026-07-12T04:22:18.739312+00:00,spot_13,Spot 13,Empty,2026-07-12T03:55:21.762742+00:00,,,,,,,,
2026-07-12T04:22:18.739312+00:00,spot_14,Spot 14,Empty,2026-07-12T03:02:26.652011+00:00,,,,,,,,
2026-07-12T04:22:18.739312+00:00,spot_15,Spot 15,Empty,2026-07-12T03:02:26.652017+00:00,,,,,,,,
2026-07-12T04:22:18.739312+00:00,spot_16,Spot 16,Empty,2026-07-12T03:02:26.652024+00:00,,,,,,,,
2026-07-12T04:22:18.739312+00:00,spot_17,Spot 17,Empty,2026-07-12T03:02:26.652031+00:00,,,,,,,,
2026-07-12T04:23:19.077063+00:00,spot_1,Spot 1,Empty,2026-07-12T03:02:26.651889+00:00,,,,,,,,
2026-07-12T04:23:19.077063+00:00,spot_2,Spot 2,Empty,2026-07-12T03:02:26.651924+00:00,,,,,,,,
2026-07-12T04:23:19.077063+00:00,spot_3,Spot 3,Empty,2026-07-12T03:02:26.651934+00:00,,,,,,,,
2026-07-12T04:23:19.077063+00:00,spot_4,Spot 4,Empty,2026-07-12T03:02:26.651943+00:00,,,,,,,,
2026-07-12T04:23:19.077063+00:00,spot_5,Spot 5,Empty,2026-07-12T03:16:20.075827+00:00,,,,,,,,
2026-07-12T04:23:19.077063+00:00,spot_6,Spot 6,Empty,2026-07-12T03:02:26.651957+00:00,,,,,,,,
2026-07-12T04:23:19.077063+00:00,spot_7,Spot 7,Empty,2026-07-12T03:02:26.651964+00:00,,,,,,,,
2026-07-12T04:23:19.077063+00:00,spot_8,Spot 8,Empty,2026-07-12T03:56:19.557911+00:00,,,,,,,,
2026-07-12T04:23:19.077063+00:00,spot_9,Spot 9,Empty,2026-07-12T03:02:26.651977+00:00,,,,,,,,
2026-07-12T04:23:19.077063+00:00,spot_10,Spot 10,Empty,2026-07-12T03:06:19.142482+00:00,,,,,,,,
2026-07-12T04:23:19.077063+00:00,spot_11,Spot 11,Empty,2026-07-12T03:03:18.523817+00:00,,,,,,,,
2026-07-12T04:23:19.077063+00:00,spot_12,Spot 12,Empty,2026-07-12T03:22:19.442603+00:00,,,,,,,,
2026-07-12T04:23:19.077063+00:00,spot_13,Spot 13,Empty,2026-07-12T03:55:21.762742+00:00,,,,,,,,
2026-07-12T04:23:19.077063+00:00,spot_14,Spot 14,Empty,2026-07-12T03:02:26.652011+00:00,,,,,,,,
2026-07-12T04:23:19.077063+00:00,spot_15,Spot 15,Empty,2026-07-12T03:02:26.652017+00:00,,,,,,,,
2026-07-12T04:23:19.077063+00:00,spot_16,Spot 16,Empty,2026-07-12T03:02:26.652024+00:00,,,,,,,,
2026-07-12T04:23:19.077063+00:00,spot_17,Spot 17,Empty,2026-07-12T03:02:26.652031+00:00,,,,,,,,
2026-07-12T04:24:18.990344+00:00,spot_1,Spot 1,Empty,2026-07-12T03:02:26.651889+00:00,,,,,,,,
2026-07-12T04:24:18.990344+00:00,spot_2,Spot 2,Empty,2026-07-12T03:02:26.651924+00:00,,,,,,,,
2026-07-12T04:24:18.990344+00:00,spot_3,Spot 3,Empty,2026-07-12T03:02:26.651934+00:00,,,,,,,,
2026-07-12T04:24:18.990344+00:00,spot_4,Spot 4,Empty,2026-07-12T03:02:26.651943+00:00,,,,,,,,
2026-07-12T04:24:18.990344+00:00,spot_5,Spot 5,Empty,2026-07-12T03:16:20.075827+00:00,,,,,,,,
2026-07-12T04:24:18.990344+00:00,spot_6,Spot 6,Empty,2026-07-12T03:02:26.651957+00:00,,,,,,,,
2026-07-12T04:24:18.990344+00:00,spot_7,Spot 7,Empty,2026-07-12T03:02:26.651964+00:00,,,,,,,,
2026-07-12T04:24:18.990344+00:00,spot_8,Spot 8,Empty,2026-07-12T03:56:19.557911+00:00,,,,,,,,
2026-07-12T04:24:18.990344+00:00,spot_9,Spot 9,Empty,2026-07-12T03:02:26.651977+00:00,,,,,,,,
2026-07-12T04:24:18.990344+00:00,spot_10,Spot 10,Empty,2026-07-12T03:06:19.142482+00:00,,,,,,,,
2026-07-12T04:24:18.990344+00:00,spot_11,Spot 11,Empty,2026-07-12T03:03:18.523817+00:00,,,,,,,,
2026-07-12T04:24:18.990344+00:00,spot_12,Spot 12,Empty,2026-07-12T03:22:19.442603+00:00,,,,,,,,
2026-07-12T04:24:18.990344+00:00,spot_13,Spot 13,Empty,2026-07-12T03:55:21.762742+00:00,,,,,,,,
2026-07-12T04:24:18.990344+00:00,spot_14,Spot 14,Empty,2026-07-12T03:02:26.652011+00:00,,,,,,,,
2026-07-12T04:24:18.990344+00:00,spot_15,Spot 15,Empty,2026-07-12T03:02:26.652017+00:00,,,,,,,,
2026-07-12T04:24:18.990344+00:00,spot_16,Spot 16,Empty,2026-07-12T03:02:26.652024+00:00,,,,,,,,
2026-07-12T04:24:18.990344+00:00,spot_17,Spot 17,Empty,2026-07-12T03:02:26.652031+00:00,,,,,,,,
2026-07-12T04:25:20.896348+00:00,spot_1,Spot 1,Empty,2026-07-12T03:02:26.651889+00:00,,,,,,,,
2026-07-12T04:25:20.896348+00:00,spot_2,Spot 2,Empty,2026-07-12T03:02:26.651924+00:00,,,,,,,,
2026-07-12T04:25:20.896348+00:00,spot_3,Spot 3,Empty,2026-07-12T03:02:26.651934+00:00,,,,,,,,
2026-07-12T04:25:20.896348+00:00,spot_4,Spot 4,Empty,2026-07-12T03:02:26.651943+00:00,,,,,,,,
2026-07-12T04:25:20.896348+00:00,spot_5,Spot 5,Empty,2026-07-12T03:16:20.075827+00:00,,,,,,,,
2026-07-12T04:25:20.896348+00:00,spot_6,Spot 6,Empty,2026-07-12T03:02:26.651957+00:00,,,,,,,,
2026-07-12T04:25:20.896348+00:00,spot_7,Spot 7,Empty,2026-07-12T03:02:26.651964+00:00,,,,,,,,
2026-07-12T04:25:20.896348+00:00,spot_8,Spot 8,Empty,2026-07-12T03:56:19.557911+00:00,,,,,,,,
2026-07-12T04:25:20.896348+00:00,spot_9,Spot 9,Empty,2026-07-12T03:02:26.651977+00:00,,,,,,,,
2026-07-12T04:25:20.896348+00:00,spot_10,Spot 10,Empty,2026-07-12T03:06:19.142482+00:00,,,,,,,,
2026-07-12T04:25:20.896348+00:00,spot_11,Spot 11,Empty,2026-07-12T03:03:18.523817+00:00,,,,,,,,
2026-07-12T04:25:20.896348+00:00,spot_12,Spot 12,Empty,2026-07-12T03:22:19.442603+00:00,,,,,,,,
2026-07-12T04:25:20.896348+00:00,spot_13,Spot 13,Empty,2026-07-12T03:55:21.762742+00:00,,,,,,,,
2026-07-12T04:25:20.896348+00:00,spot_14,Spot 14,Empty,2026-07-12T03:02:26.652011+00:00,,,,,,,,
2026-07-12T04:25:20.896348+00:00,spot_15,Spot 15,Empty,2026-07-12T03:02:26.652017+00:00,,,,,,,,
2026-07-12T04:25:20.896348+00:00,spot_16,Spot 16,Empty,2026-07-12T03:02:26.652024+00:00,,,,,,,,
2026-07-12T04:25:20.896348+00:00,spot_17,Spot 17,Empty,2026-07-12T03:02:26.652031+00:00,,,,,,,,
2026-07-12T04:26:19.168601+00:00,spot_1,Spot 1,Empty,2026-07-12T03:02:26.651889+00:00,,,,,,,,
2026-07-12T04:26:19.168601+00:00,spot_2,Spot 2,Empty,2026-07-12T03:02:26.651924+00:00,,,,,,,,
2026-07-12T04:26:19.168601+00:00,spot_3,Spot 3,Empty,2026-07-12T03:02:26.651934+00:00,,,,,,,,
2026-07-12T04:26:19.168601+00:00,spot_4,Spot 4,Empty,2026-07-12T03:02:26.651943+00:00,,,,,,,,
2026-07-12T04:26:19.168601+00:00,spot_5,Spot 5,Empty,2026-07-12T03:16:20.075827+00:00,,,,,,,,
2026-07-12T04:26:19.168601+00:00,spot_6,Spot 6,Empty,2026-07-12T03:02:26.651957+00:00,,,,,,,,
2026-07-12T04:26:19.168601+00:00,spot_7,Spot 7,Empty,2026-07-12T03:02:26.651964+00:00,,,,,,,,
2026-07-12T04:26:19.168601+00:00,spot_8,Spot 8,Empty,2026-07-12T03:56:19.557911+00:00,,,,,,,,
2026-07-12T04:26:19.168601+00:00,spot_9,Spot 9,Empty,2026-07-12T03:02:26.651977+00:00,,,,,,,,
2026-07-12T04:26:19.168601+00:00,spot_10,Spot 10,Empty,2026-07-12T03:06:19.142482+00:00,,,,,,,,
2026-07-12T04:26:19.168601+00:00,spot_11,Spot 11,Empty,2026-07-12T03:03:18.523817+00:00,,,,,,,,
2026-07-12T04:26:19.168601+00:00,spot_12,Spot 12,Empty,2026-07-12T03:22:19.442603+00:00,,,,,,,,
2026-07-12T04:26:19.168601+00:00,spot_13,Spot 13,Empty,2026-07-12T03:55:21.762742+00:00,,,,,,,,
2026-07-12T04:26:19.168601+00:00,spot_14,Spot 14,Empty,2026-07-12T03:02:26.652011+00:00,,,,,,,,
2026-07-12T04:26:19.168601+00:00,spot_15,Spot 15,Empty,2026-07-12T03:02:26.652017+00:00,,,,,,,,
2026-07-12T04:26:19.168601+00:00,spot_16,Spot 16,Empty,2026-07-12T03:02:26.652024+00:00,,,,,,,,
2026-07-12T04:26:19.168601+00:00,spot_17,Spot 17,Empty,2026-07-12T03:02:26.652031+00:00,,,,,,,,
2026-07-12T04:27:20.733875+00:00,spot_1,Spot 1,Empty,2026-07-12T03:02:26.651889+00:00,,,,,,,,
2026-07-12T04:27:20.733875+00:00,spot_2,Spot 2,Empty,2026-07-12T03:02:26.651924+00:00,,,,,,,,
2026-07-12T04:27:20.733875+00:00,spot_3,Spot 3,Empty,2026-07-12T03:02:26.651934+00:00,,,,,,,,
2026-07-12T04:27:20.733875+00:00,spot_4,Spot 4,Empty,2026-07-12T03:02:26.651943+00:00,,,,,,,,
2026-07-12T04:27:20.733875+00:00,spot_5,Spot 5,Empty,2026-07-12T03:16:20.075827+00:00,,,,,,,,
2026-07-12T04:27:20.733875+00:00,spot_6,Spot 6,Empty,2026-07-12T03:02:26.651957+00:00,,,,,,,,
2026-07-12T04:27:20.733875+00:00,spot_7,Spot 7,Empty,2026-07-12T03:02:26.651964+00:00,,,,,,,,
2026-07-12T04:27:20.733875+00:00,spot_8,Spot 8,Empty,2026-07-12T03:56:19.557911+00:00,,,,,,,,
2026-07-12T04:27:20.733875+00:00,spot_9,Spot 9,Empty,2026-07-12T03:02:26.651977+00:00,,,,,,,,
2026-07-12T04:27:20.733875+00:00,spot_10,Spot 10,Empty,2026-07-12T03:06:19.142482+00:00,,,,,,,,
2026-07-12T04:27:20.733875+00:00,spot_11,Spot 11,Empty,2026-07-12T03:03:18.523817+00:00,,,,,,,,
2026-07-12T04:27:20.733875+00:00,spot_12,Spot 12,Empty,2026-07-12T03:22:19.442603+00:00,,,,,,,,
2026-07-12T04:27:20.733875+00:00,spot_13,Spot 13,Empty,2026-07-12T03:55:21.762742+00:00,,,,,,,,
2026-07-12T04:27:20.733875+00:00,spot_14,Spot 14,Empty,2026-07-12T03:02:26.652011+00:00,,,,,,,,
2026-07-12T04:27:20.733875+00:00,spot_15,Spot 15,Empty,2026-07-12T03:02:26.652017+00:00,,,,,,,,
2026-07-12T04:27:20.733875+00:00,spot_16,Spot 16,Empty,2026-07-12T03:02:26.652024+00:00,,,,,,,,
2026-07-12T04:27:20.733875+00:00,spot_17,Spot 17,Empty,2026-07-12T03:02:26.652031+00:00,,,,,,,,
2026-07-12T04:28:18.461370+00:00,spot_1,Spot 1,Empty,2026-07-12T03:02:26.651889+00:00,,,,,,,,
2026-07-12T04:28:18.461370+00:00,spot_2,Spot 2,Empty,2026-07-12T03:02:26.651924+00:00,,,,,,,,
2026-07-12T04:28:18.461370+00:00,spot_3,Spot 3,Empty,2026-07-12T03:02:26.651934+00:00,,,,,,,,
2026-07-12T04:28:18.461370+00:00,spot_4,Spot 4,Empty,2026-07-12T03:02:26.651943+00:00,,,,,,,,
2026-07-12T04:28:18.461370+00:00,spot_5,Spot 5,Empty,2026-07-12T03:16:20.075827+00:00,,,,,,,,
2026-07-12T04:28:18.461370+00:00,spot_6,Spot 6,Empty,2026-07-12T03:02:26.651957+00:00,,,,,,,,
2026-07-12T04:28:18.461370+00:00,spot_7,Spot 7,Empty,2026-07-12T03:02:26.651964+00:00,,,,,,,,
2026-07-12T04:28:18.461370+00:00,spot_8,Spot 8,Occupied,2026-07-12T04:28:18.461370+00:00,36,car,0.3624240756034851,0,213.6285400390625,321.6549987792969,272.3055419921875,347.3652648925781
2026-07-12T04:28:18.461370+00:00,spot_9,Spot 9,Empty,2026-07-12T03:02:26.651977+00:00,,,,,,,,
2026-07-12T04:28:18.461370+00:00,spot_10,Spot 10,Empty,2026-07-12T03:06:19.142482+00:00,,,,,,,,
2026-07-12T04:28:18.461370+00:00,spot_11,Spot 11,Empty,2026-07-12T03:03:18.523817+00:00,,,,,,,,
2026-07-12T04:28:18.461370+00:00,spot_12,Spot 12,Empty,2026-07-12T03:22:19.442603+00:00,,,,,,,,
2026-07-12T04:28:18.461370+00:00,spot_13,Spot 13,Empty,2026-07-12T03:55:21.762742+00:00,,,,,,,,
2026-07-12T04:28:18.461370+00:00,spot_14,Spot 14,Empty,2026-07-12T03:02:26.652011+00:00,,,,,,,,
2026-07-12T04:28:18.461370+00:00,spot_15,Spot 15,Empty,2026-07-12T03:02:26.652017+00:00,,,,,,,,
2026-07-12T04:28:18.461370+00:00,spot_16,Spot 16,Empty,2026-07-12T03:02:26.652024+00:00,,,,,,,,
2026-07-12T04:28:18.461370+00:00,spot_17,Spot 17,Empty,2026-07-12T03:02:26.652031+00:00,,,,,,,,
2026-07-12T04:29:18.045144+00:00,spot_1,Spot 1,Empty,2026-07-12T03:02:26.651889+00:00,,,,,,,,
2026-07-12T04:29:18.045144+00:00,spot_2,Spot 2,Empty,2026-07-12T03:02:26.651924+00:00,,,,,,,,
2026-07-12T04:29:18.045144+00:00,spot_3,Spot 3,Empty,2026-07-12T03:02:26.651934+00:00,,,,,,,,
2026-07-12T04:29:18.045144+00:00,spot_4,Spot 4,Empty,2026-07-12T03:02:26.651943+00:00,,,,,,,,
2026-07-12T04:29:18.045144+00:00,spot_5,Spot 5,Empty,2026-07-12T03:16:20.075827+00:00,,,,,,,,
2026-07-12T04:29:18.045144+00:00,spot_6,Spot 6,Empty,2026-07-12T03:02:26.651957+00:00,,,,,,,,
2026-07-12T04:29:18.045144+00:00,spot_7,Spot 7,Empty,2026-07-12T03:02:26.651964+00:00,,,,,,,,
2026-07-12T04:29:18.045144+00:00,spot_8,Spot 8,Empty,2026-07-12T04:29:18.045144+00:00,,,,,,,,
2026-07-12T04:29:18.045144+00:00,spot_9,Spot 9,Empty,2026-07-12T03:02:26.651977+00:00,,,,,,,,
2026-07-12T04:29:18.045144+00:00,spot_10,Spot 10,Empty,2026-07-12T03:06:19.142482+00:00,,,,,,,,
2026-07-12T04:29:18.045144+00:00,spot_11,Spot 11,Empty,2026-07-12T03:03:18.523817+00:00,,,,,,,,
2026-07-12T04:29:18.045144+00:00,spot_12,Spot 12,Empty,2026-07-12T03:22:19.442603+00:00,,,,,,,,
2026-07-12T04:29:18.045144+00:00,spot_13,Spot 13,Empty,2026-07-12T03:55:21.762742+00:00,,,,,,,,
2026-07-12T04:29:18.045144+00:00,spot_14,Spot 14,Empty,2026-07-12T03:02:26.652011+00:00,,,,,,,,
2026-07-12T04:29:18.045144+00:00,spot_15,Spot 15,Empty,2026-07-12T03:02:26.652017+00:00,,,,,,,,
2026-07-12T04:29:18.045144+00:00,spot_16,Spot 16,Empty,2026-07-12T03:02:26.652024+00:00,,,,,,,,
2026-07-12T04:29:18.045144+00:00,spot_17,Spot 17,Empty,2026-07-12T03:02:26.652031+00:00,,,,,,,,
2026-07-12T04:30:23.381093+00:00,spot_1,Spot 1,Empty,2026-07-12T03:02:26.651889+00:00,,,,,,,,
2026-07-12T04:30:23.381093+00:00,spot_2,Spot 2,Empty,2026-07-12T03:02:26.651924+00:00,,,,,,,,
2026-07-12T04:30:23.381093+00:00,spot_3,Spot 3,Empty,2026-07-12T03:02:26.651934+00:00,,,,,,,,
2026-07-12T04:30:23.381093+00:00,spot_4,Spot 4,Empty,2026-07-12T03:02:26.651943+00:00,,,,,,,,
2026-07-12T04:30:23.381093+00:00,spot_5,Spot 5,Empty,2026-07-12T03:16:20.075827+00:00,,,,,,,,
2026-07-12T04:30:23.381093+00:00,spot_6,Spot 6,Empty,2026-07-12T03:02:26.651957+00:00,,,,,,,,
2026-07-12T04:30:23.381093+00:00,spot_7,Spot 7,Empty,2026-07-12T03:02:26.651964+00:00,,,,,,,,
2026-07-12T04:30:23.381093+00:00,spot_8,Spot 8,Empty,2026-07-12T04:29:18.045144+00:00,,,,,,,,
2026-07-12T04:30:23.381093+00:00,spot_9,Spot 9,Empty,2026-07-12T03:02:26.651977+00:00,,,,,,,,
2026-07-12T04:30:23.381093+00:00,spot_10,Spot 10,Empty,2026-07-12T03:06:19.142482+00:00,,,,,,,,
2026-07-12T04:30:23.381093+00:00,spot_11,Spot 11,Empty,2026-07-12T03:03:18.523817+00:00,,,,,,,,
2026-07-12T04:30:23.381093+00:00,spot_12,Spot 12,Empty,2026-07-12T03:22:19.442603+00:00,,,,,,,,
2026-07-12T04:30:23.381093+00:00,spot_13,Spot 13,Empty,2026-07-12T03:55:21.762742+00:00,,,,,,,,
2026-07-12T04:30:23.381093+00:00,spot_14,Spot 14,Empty,2026-07-12T03:02:26.652011+00:00,,,,,,,,
2026-07-12T04:30:23.381093+00:00,spot_15,Spot 15,Empty,2026-07-12T03:02:26.652017+00:00,,,,,,,,
2026-07-12T04:30:23.381093+00:00,spot_16,Spot 16,Empty,2026-07-12T03:02:26.652024+00:00,,,,,,,,
2026-07-12T04:30:23.381093+00:00,spot_17,Spot 17,Empty,2026-07-12T03:02:26.652031+00:00,,,,,,,,
2026-07-12T04:31:18.236237+00:00,spot_1,Spot 1,Empty,2026-07-12T03:02:26.651889+00:00,,,,,,,,
2026-07-12T04:31:18.236237+00:00,spot_2,Spot 2,Empty,2026-07-12T03:02:26.651924+00:00,,,,,,,,
2026-07-12T04:31:18.236237+00:00,spot_3,Spot 3,Empty,2026-07-12T03:02:26.651934+00:00,,,,,,,,
2026-07-12T04:31:18.236237+00:00,spot_4,Spot 4,Empty,2026-07-12T03:02:26.651943+00:00,,,,,,,,
2026-07-12T04:31:18.236237+00:00,spot_5,Spot 5,Empty,2026-07-12T03:16:20.075827+00:00,,,,,,,,
2026-07-12T04:31:18.236237+00:00,spot_6,Spot 6,Empty,2026-07-12T03:02:26.651957+00:00,,,,,,,,
2026-07-12T04:31:18.236237+00:00,spot_7,Spot 7,Empty,2026-07-12T03:02:26.651964+00:00,,,,,,,,
2026-07-12T04:31:18.236237+00:00,spot_8,Spot 8,Empty,2026-07-12T04:29:18.045144+00:00,,,,,,,,
2026-07-12T04:31:18.236237+00:00,spot_9,Spot 9,Empty,2026-07-12T03:02:26.651977+00:00,,,,,,,,
2026-07-12T04:31:18.236237+00:00,spot_10,Spot 10,Empty,2026-07-12T03:06:19.142482+00:00,,,,,,,,
2026-07-12T04:31:18.236237+00:00,spot_11,Spot 11,Empty,2026-07-12T03:03:18.523817+00:00,,,,,,,,
2026-07-12T04:31:18.236237+00:00,spot_12,Spot 12,Empty,2026-07-12T03:22:19.442603+00:00,,,,,,,,
2026-07-12T04:31:18.236237+00:00,spot_13,Spot 13,Empty,2026-07-12T03:55:21.762742+00:00,,,,,,,,
2026-07-12T04:31:18.236237+00:00,spot_14,Spot 14,Empty,2026-07-12T03:02:26.652011+00:00,,,,,,,,
2026-07-12T04:31:18.236237+00:00,spot_15,Spot 15,Empty,2026-07-12T03:02:26.652017+00:00,,,,,,,,
2026-07-12T04:31:18.236237+00:00,spot_16,Spot 16,Empty,2026-07-12T03:02:26.652024+00:00,,,,,,,,
2026-07-12T04:31:18.236237+00:00,spot_17,Spot 17,Empty,2026-07-12T03:02:26.652031+00:00,,,,,,,,
2026-07-12T04:32:18.906871+00:00,spot_1,Spot 1,Empty,2026-07-12T03:02:26.651889+00:00,,,,,,,,
2026-07-12T04:32:18.906871+00:00,spot_2,Spot 2,Empty,2026-07-12T03:02:26.651924+00:00,,,,,,,,
2026-07-12T04:32:18.906871+00:00,spot_3,Spot 3,Empty,2026-07-12T03:02:26.651934+00:00,,,,,,,,
2026-07-12T04:32:18.906871+00:00,spot_4,Spot 4,Empty,2026-07-12T03:02:26.651943+00:00,,,,,,,,
2026-07-12T04:32:18.906871+00:00,spot_5,Spot 5,Empty,2026-07-12T03:16:20.075827+00:00,,,,,,,,
2026-07-12T04:32:18.906871+00:00,spot_6,Spot 6,Empty,2026-07-12T03:02:26.651957+00:00,,,,,,,,
2026-07-12T04:32:18.906871+00:00,spot_7,Spot 7,Empty,2026-07-12T03:02:26.651964+00:00,,,,,,,,
2026-07-12T04:32:18.906871+00:00,spot_8,Spot 8,Empty,2026-07-12T04:29:18.045144+00:00,,,,,,,,
2026-07-12T04:32:18.906871+00:00,spot_9,Spot 9,Empty,2026-07-12T03:02:26.651977+00:00,,,,,,,,
2026-07-12T04:32:18.906871+00:00,spot_10,Spot 10,Empty,2026-07-12T03:06:19.142482+00:00,,,,,,,,
2026-07-12T04:32:18.906871+00:00,spot_11,Spot 11,Empty,2026-07-12T03:03:18.523817+00:00,,,,,,,,
2026-07-12T04:32:18.906871+00:00,spot_12,Spot 12,Empty,2026-07-12T03:22:19.442603+00:00,,,,,,,,
2026-07-12T04:32:18.906871+00:00,spot_13,Spot 13,Empty,2026-07-12T03:55:21.762742+00:00,,,,,,,,
2026-07-12T04:32:18.906871+00:00,spot_14,Spot 14,Empty,2026-07-12T03:02:26.652011+00:00,,,,,,,,
2026-07-12T04:32:18.906871+00:00,spot_15,Spot 15,Empty,2026-07-12T03:02:26.652017+00:00,,,,,,,,
2026-07-12T04:32:18.906871+00:00,spot_16,Spot 16,Empty,2026-07-12T03:02:26.652024+00:00,,,,,,,,
2026-07-12T04:32:18.906871+00:00,spot_17,Spot 17,Empty,2026-07-12T03:02:26.652031+00:00,,,,,,,,
2026-07-12T04:33:18.058482+00:00,spot_1,Spot 1,Empty,2026-07-12T03:02:26.651889+00:00,,,,,,,,
2026-07-12T04:33:18.058482+00:00,spot_2,Spot 2,Empty,2026-07-12T03:02:26.651924+00:00,,,,,,,,
2026-07-12T04:33:18.058482+00:00,spot_3,Spot 3,Empty,2026-07-12T03:02:26.651934+00:00,,,,,,,,
2026-07-12T04:33:18.058482+00:00,spot_4,Spot 4,Empty,2026-07-12T03:02:26.651943+00:00,,,,,,,,
2026-07-12T04:33:18.058482+00:00,spot_5,Spot 5,Empty,2026-07-12T03:16:20.075827+00:00,,,,,,,,
2026-07-12T04:33:18.058482+00:00,spot_6,Spot 6,Empty,2026-07-12T03:02:26.651957+00:00,,,,,,,,
2026-07-12T04:33:18.058482+00:00,spot_7,Spot 7,Empty,2026-07-12T03:02:26.651964+00:00,,,,,,,,
2026-07-12T04:33:18.058482+00:00,spot_8,Spot 8,Empty,2026-07-12T04:29:18.045144+00:00,,,,,,,,
2026-07-12T04:33:18.058482+00:00,spot_9,Spot 9,Empty,2026-07-12T03:02:26.651977+00:00,,,,,,,,
2026-07-12T04:33:18.058482+00:00,spot_10,Spot 10,Empty,2026-07-12T03:06:19.142482+00:00,,,,,,,,
2026-07-12T04:33:18.058482+00:00,spot_11,Spot 11,Empty,2026-07-12T03:03:18.523817+00:00,,,,,,,,
2026-07-12T04:33:18.058482+00:00,spot_12,Spot 12,Empty,2026-07-12T03:22:19.442603+00:00,,,,,,,,
2026-07-12T04:33:18.058482+00:00,spot_13,Spot 13,Occupied,2026-07-12T04:33:18.058482+00:00,37,car,0.4509895145893097,0,88.77039337158203,320.4949035644531,104.09532928466797,328.4934387207031
2026-07-12T04:33:18.058482+00:00,spot_14,Spot 14,Empty,2026-07-12T03:02:26.652011+00:00,,,,,,,,
2026-07-12T04:33:18.058482+00:00,spot_15,Spot 15,Empty,2026-07-12T03:02:26.652017+00:00,,,,,,,,
2026-07-12T04:33:18.058482+00:00,spot_16,Spot 16,Empty,2026-07-12T03:02:26.652024+00:00,,,,,,,,
2026-07-12T04:33:18.058482+00:00,spot_17,Spot 17,Empty,2026-07-12T03:02:26.652031+00:00,,,,,,,,
2026-07-12T04:34:19.150717+00:00,spot_1,Spot 1,Empty,2026-07-12T03:02:26.651889+00:00,,,,,,,,
2026-07-12T04:34:19.150717+00:00,spot_2,Spot 2,Empty,2026-07-12T03:02:26.651924+00:00,,,,,,,,
2026-07-12T04:34:19.150717+00:00,spot_3,Spot 3,Empty,2026-07-12T03:02:26.651934+00:00,,,,,,,,
2026-07-12T04:34:19.150717+00:00,spot_4,Spot 4,Empty,2026-07-12T03:02:26.651943+00:00,,,,,,,,
2026-07-12T04:34:19.150717+00:00,spot_5,Spot 5,Empty,2026-07-12T03:16:20.075827+00:00,,,,,,,,
2026-07-12T04:34:19.150717+00:00,spot_6,Spot 6,Empty,2026-07-12T03:02:26.651957+00:00,,,,,,,,
2026-07-12T04:34:19.150717+00:00,spot_7,Spot 7,Empty,2026-07-12T03:02:26.651964+00:00,,,,,,,,
2026-07-12T04:34:19.150717+00:00,spot_8,Spot 8,Empty,2026-07-12T04:29:18.045144+00:00,,,,,,,,
2026-07-12T04:34:19.150717+00:00,spot_9,Spot 9,Empty,2026-07-12T03:02:26.651977+00:00,,,,,,,,
2026-07-12T04:34:19.150717+00:00,spot_10,Spot 10,Empty,2026-07-12T03:06:19.142482+00:00,,,,,,,,
2026-07-12T04:34:19.150717+00:00,spot_11,Spot 11,Empty,2026-07-12T03:03:18.523817+00:00,,,,,,,,
2026-07-12T04:34:19.150717+00:00,spot_12,Spot 12,Empty,2026-07-12T03:22:19.442603+00:00,,,,,,,,
2026-07-12T04:34:19.150717+00:00,spot_13,Spot 13,Empty,2026-07-12T04:34:19.150717+00:00,,,,,,,,
2026-07-12T04:34:19.150717+00:00,spot_14,Spot 14,Empty,2026-07-12T03:02:26.652011+00:00,,,,,,,,
2026-07-12T04:34:19.150717+00:00,spot_15,Spot 15,Empty,2026-07-12T03:02:26.652017+00:00,,,,,,,,
2026-07-12T04:34:19.150717+00:00,spot_16,Spot 16,Empty,2026-07-12T03:02:26.652024+00:00,,,,,,,,
2026-07-12T04:34:19.150717+00:00,spot_17,Spot 17,Empty,2026-07-12T03:02:26.652031+00:00,,,,,,,,
2026-07-12T04:35:19.525723+00:00,spot_1,Spot 1,Empty,2026-07-12T03:02:26.651889+00:00,,,,,,,,
2026-07-12T04:35:19.525723+00:00,spot_2,Spot 2,Empty,2026-07-12T03:02:26.651924+00:00,,,,,,,,
2026-07-12T04:35:19.525723+00:00,spot_3,Spot 3,Empty,2026-07-12T03:02:26.651934+00:00,,,,,,,,
2026-07-12T04:35:19.525723+00:00,spot_4,Spot 4,Empty,2026-07-12T03:02:26.651943+00:00,,,,,,,,
2026-07-12T04:35:19.525723+00:00,spot_5,Spot 5,Empty,2026-07-12T03:16:20.075827+00:00,,,,,,,,
2026-07-12T04:35:19.525723+00:00,spot_6,Spot 6,Empty,2026-07-12T03:02:26.651957+00:00,,,,,,,,
2026-07-12T04:35:19.525723+00:00,spot_7,Spot 7,Empty,2026-07-12T03:02:26.651964+00:00,,,,,,,,
2026-07-12T04:35:19.525723+00:00,spot_8,Spot 8,Empty,2026-07-12T04:29:18.045144+00:00,,,,,,,,
2026-07-12T04:35:19.525723+00:00,spot_9,Spot 9,Empty,2026-07-12T03:02:26.651977+00:00,,,,,,,,
2026-07-12T04:35:19.525723+00:00,spot_10,Spot 10,Empty,2026-07-12T03:06:19.142482+00:00,,,,,,,,
2026-07-12T04:35:19.525723+00:00,spot_11,Spot 11,Empty,2026-07-12T03:03:18.523817+00:00,,,,,,,,
2026-07-12T04:35:19.525723+00:00,spot_12,Spot 12,Empty,2026-07-12T03:22:19.442603+00:00,,,,,,,,
2026-07-12T04:35:19.525723+00:00,spot_13,Spot 13,Empty,2026-07-12T04:34:19.150717+00:00,,,,,,,,
2026-07-12T04:35:19.525723+00:00,spot_14,Spot 14,Empty,2026-07-12T03:02:26.652011+00:00,,,,,,,,
2026-07-12T04:35:19.525723+00:00,spot_15,Spot 15,Empty,2026-07-12T03:02:26.652017+00:00,,,,,,,,
2026-07-12T04:35:19.525723+00:00,spot_16,Spot 16,Empty,2026-07-12T03:02:26.652024+00:00,,,,,,,,
2026-07-12T04:35:19.525723+00:00,spot_17,Spot 17,Empty,2026-07-12T03:02:26.652031+00:00,,,,,,,,
2026-07-12T04:36:18.289951+00:00,spot_1,Spot 1,Empty,2026-07-12T03:02:26.651889+00:00,,,,,,,,
2026-07-12T04:36:18.289951+00:00,spot_2,Spot 2,Empty,2026-07-12T03:02:26.651924+00:00,,,,,,,,
2026-07-12T04:36:18.289951+00:00,spot_3,Spot 3,Empty,2026-07-12T03:02:26.651934+00:00,,,,,,,,
2026-07-12T04:36:18.289951+00:00,spot_4,Spot 4,Empty,2026-07-12T03:02:26.651943+00:00,,,,,,,,
2026-07-12T04:36:18.289951+00:00,spot_5,Spot 5,Empty,2026-07-12T03:16:20.075827+00:00,,,,,,,,
2026-07-12T04:36:18.289951+00:00,spot_6,Spot 6,Empty,2026-07-12T03:02:26.651957+00:00,,,,,,,,
2026-07-12T04:36:18.289951+00:00,spot_7,Spot 7,Empty,2026-07-12T03:02:26.651964+00:00,,,,,,,,
2026-07-12T04:36:18.289951+00:00,spot_8,Spot 8,Empty,2026-07-12T04:29:18.045144+00:00,,,,,,,,
2026-07-12T04:36:18.289951+00:00,spot_9,Spot 9,Empty,2026-07-12T03:02:26.651977+00:00,,,,,,,,
2026-07-12T04:36:18.289951+00:00,spot_10,Spot 10,Empty,2026-07-12T03:06:19.142482+00:00,,,,,,,,
2026-07-12T04:36:18.289951+00:00,spot_11,Spot 11,Empty,2026-07-12T03:03:18.523817+00:00,,,,,,,,
2026-07-12T04:36:18.289951+00:00,spot_12,Spot 12,Empty,2026-07-12T03:22:19.442603+00:00,,,,,,,,
2026-07-12T04:36:18.289951+00:00,spot_13,Spot 13,Empty,2026-07-12T04:34:19.150717+00:00,,,,,,,,
2026-07-12T04:36:18.289951+00:00,spot_14,Spot 14,Empty,2026-07-12T03:02:26.652011+00:00,,,,,,,,
2026-07-12T04:36:18.289951+00:00,spot_15,Spot 15,Empty,2026-07-12T03:02:26.652017+00:00,,,,,,,,
2026-07-12T04:36:18.289951+00:00,spot_16,Spot 16,Empty,2026-07-12T03:02:26.652024+00:00,,,,,,,,
2026-07-12T04:36:18.289951+00:00,spot_17,Spot 17,Empty,2026-07-12T03:02:26.652031+00:00,,,,,,,,
2026-07-12T04:37:21.114530+00:00,spot_1,Spot 1,Empty,2026-07-12T03:02:26.651889+00:00,,,,,,,,
2026-07-12T04:37:21.114530+00:00,spot_2,Spot 2,Empty,2026-07-12T03:02:26.651924+00:00,,,,,,,,
2026-07-12T04:37:21.114530+00:00,spot_3,Spot 3,Empty,2026-07-12T03:02:26.651934+00:00,,,,,,,,
2026-07-12T04:37:21.114530+00:00,spot_4,Spot 4,Empty,2026-07-12T03:02:26.651943+00:00,,,,,,,,
2026-07-12T04:37:21.114530+00:00,spot_5,Spot 5,Empty,2026-07-12T03:16:20.075827+00:00,,,,,,,,
2026-07-12T04:37:21.114530+00:00,spot_6,Spot 6,Empty,2026-07-12T03:02:26.651957+00:00,,,,,,,,
2026-07-12T04:37:21.114530+00:00,spot_7,Spot 7,Empty,2026-07-12T03:02:26.651964+00:00,,,,,,,,
2026-07-12T04:37:21.114530+00:00,spot_8,Spot 8,Occupied,2026-07-12T04:37:21.114530+00:00,38,car,0.37470510601997375,0,212.26690673828125,321.589599609375,272.2098388671875,347.0513916015625
2026-07-12T04:37:21.114530+00:00,spot_9,Spot 9,Empty,2026-07-12T03:02:26.651977+00:00,,,,,,,,
2026-07-12T04:37:21.114530+00:00,spot_10,Spot 10,Empty,2026-07-12T03:06:19.142482+00:00,,,,,,,,
2026-07-12T04:37:21.114530+00:00,spot_11,Spot 11,Empty,2026-07-12T03:03:18.523817+00:00,,,,,,,,
2026-07-12T04:37:21.114530+00:00,spot_12,Spot 12,Empty,2026-07-12T03:22:19.442603+00:00,,,,,,,,
2026-07-12T04:37:21.114530+00:00,spot_13,Spot 13,Empty,2026-07-12T04:34:19.150717+00:00,,,,,,,,
2026-07-12T04:37:21.114530+00:00,spot_14,Spot 14,Empty,2026-07-12T03:02:26.652011+00:00,,,,,,,,
2026-07-12T04:37:21.114530+00:00,spot_15,Spot 15,Empty,2026-07-12T03:02:26.652017+00:00,,,,,,,,
2026-07-12T04:37:21.114530+00:00,spot_16,Spot 16,Empty,2026-07-12T03:02:26.652024+00:00,,,,,,,,
2026-07-12T04:37:21.114530+00:00,spot_17,Spot 17,Empty,2026-07-12T03:02:26.652031+00:00,,,,,,,,
2026-07-12T04:38:18.725909+00:00,spot_1,Spot 1,Empty,2026-07-12T03:02:26.651889+00:00,,,,,,,,
2026-07-12T04:38:18.725909+00:00,spot_2,Spot 2,Empty,2026-07-12T03:02:26.651924+00:00,,,,,,,,
2026-07-12T04:38:18.725909+00:00,spot_3,Spot 3,Empty,2026-07-12T03:02:26.651934+00:00,,,,,,,,
2026-07-12T04:38:18.725909+00:00,spot_4,Spot 4,Empty,2026-07-12T03:02:26.651943+00:00,,,,,,,,
2026-07-12T04:38:18.725909+00:00,spot_5,Spot 5,Empty,2026-07-12T03:16:20.075827+00:00,,,,,,,,
2026-07-12T04:38:18.725909+00:00,spot_6,Spot 6,Empty,2026-07-12T03:02:26.651957+00:00,,,,,,,,
2026-07-12T04:38:18.725909+00:00,spot_7,Spot 7,Empty,2026-07-12T03:02:26.651964+00:00,,,,,,,,
2026-07-12T04:38:18.725909+00:00,spot_8,Spot 8,Empty,2026-07-12T04:38:18.725909+00:00,,,,,,,,
2026-07-12T04:38:18.725909+00:00,spot_9,Spot 9,Empty,2026-07-12T03:02:26.651977+00:00,,,,,,,,
2026-07-12T04:38:18.725909+00:00,spot_10,Spot 10,Empty,2026-07-12T03:06:19.142482+00:00,,,,,,,,
2026-07-12T04:38:18.725909+00:00,spot_11,Spot 11,Empty,2026-07-12T03:03:18.523817+00:00,,,,,,,,
2026-07-12T04:38:18.725909+00:00,spot_12,Spot 12,Empty,2026-07-12T03:22:19.442603+00:00,,,,,,,,
2026-07-12T04:38:18.725909+00:00,spot_13,Spot 13,Empty,2026-07-12T04:34:19.150717+00:00,,,,,,,,
2026-07-12T04:38:18.725909+00:00,spot_14,Spot 14,Empty,2026-07-12T03:02:26.652011+00:00,,,,,,,,
2026-07-12T04:38:18.725909+00:00,spot_15,Spot 15,Empty,2026-07-12T03:02:26.652017+00:00,,,,,,,,
2026-07-12T04:38:18.725909+00:00,spot_16,Spot 16,Empty,2026-07-12T03:02:26.652024+00:00,,,,,,,,
2026-07-12T04:38:18.725909+00:00,spot_17,Spot 17,Empty,2026-07-12T03:02:26.652031+00:00,,,,,,,,
2026-07-12T04:39:19.975463+00:00,spot_1,Spot 1,Empty,2026-07-12T03:02:26.651889+00:00,,,,,,,,
2026-07-12T04:39:19.975463+00:00,spot_2,Spot 2,Empty,2026-07-12T03:02:26.651924+00:00,,,,,,,,
2026-07-12T04:39:19.975463+00:00,spot_3,Spot 3,Empty,2026-07-12T03:02:26.651934+00:00,,,,,,,,
2026-07-12T04:39:19.975463+00:00,spot_4,Spot 4,Empty,2026-07-12T03:02:26.651943+00:00,,,,,,,,
2026-07-12T04:39:19.975463+00:00,spot_5,Spot 5,Empty,2026-07-12T03:16:20.075827+00:00,,,,,,,,
2026-07-12T04:39:19.975463+00:00,spot_6,Spot 6,Empty,2026-07-12T03:02:26.651957+00:00,,,,,,,,
2026-07-12T04:39:19.975463+00:00,spot_7,Spot 7,Empty,2026-07-12T03:02:26.651964+00:00,,,,,,,,
2026-07-12T04:39:19.975463+00:00,spot_8,Spot 8,Empty,2026-07-12T04:38:18.725909+00:00,,,,,,,,
2026-07-12T04:39:19.975463+00:00,spot_9,Spot 9,Empty,2026-07-12T03:02:26.651977+00:00,,,,,,,,
2026-07-12T04:39:19.975463+00:00,spot_10,Spot 10,Empty,2026-07-12T03:06:19.142482+00:00,,,,,,,,
2026-07-12T04:39:19.975463+00:00,spot_11,Spot 11,Empty,2026-07-12T03:03:18.523817+00:00,,,,,,,,
2026-07-12T04:39:19.975463+00:00,spot_12,Spot 12,Empty,2026-07-12T03:22:19.442603+00:00,,,,,,,,
2026-07-12T04:39:19.975463+00:00,spot_13,Spot 13,Empty,2026-07-12T04:34:19.150717+00:00,,,,,,,,
2026-07-12T04:39:19.975463+00:00,spot_14,Spot 14,Empty,2026-07-12T03:02:26.652011+00:00,,,,,,,,
2026-07-12T04:39:19.975463+00:00,spot_15,Spot 15,Empty,2026-07-12T03:02:26.652017+00:00,,,,,,,,
2026-07-12T04:39:19.975463+00:00,spot_16,Spot 16,Empty,2026-07-12T03:02:26.652024+00:00,,,,,,,,
2026-07-12T04:39:19.975463+00:00,spot_17,Spot 17,Empty,2026-07-12T03:02:26.652031+00:00,,,,,,,,
2026-07-12T04:40:19.124363+00:00,spot_1,Spot 1,Empty,2026-07-12T03:02:26.651889+00:00,,,,,,,,
2026-07-12T04:40:19.124363+00:00,spot_2,Spot 2,Empty,2026-07-12T03:02:26.651924+00:00,,,,,,,,
2026-07-12T04:40:19.124363+00:00,spot_3,Spot 3,Empty,2026-07-12T03:02:26.651934+00:00,,,,,,,,
2026-07-12T04:40:19.124363+00:00,spot_4,Spot 4,Empty,2026-07-12T03:02:26.651943+00:00,,,,,,,,
2026-07-12T04:40:19.124363+00:00,spot_5,Spot 5,Empty,2026-07-12T03:16:20.075827+00:00,,,,,,,,
2026-07-12T04:40:19.124363+00:00,spot_6,Spot 6,Empty,2026-07-12T03:02:26.651957+00:00,,,,,,,,
2026-07-12T04:40:19.124363+00:00,spot_7,Spot 7,Empty,2026-07-12T03:02:26.651964+00:00,,,,,,,,
2026-07-12T04:40:19.124363+00:00,spot_8,Spot 8,Empty,2026-07-12T04:38:18.725909+00:00,,,,,,,,
2026-07-12T04:40:19.124363+00:00,spot_9,Spot 9,Empty,2026-07-12T03:02:26.651977+00:00,,,,,,,,
2026-07-12T04:40:19.124363+00:00,spot_10,Spot 10,Empty,2026-07-12T03:06:19.142482+00:00,,,,,,,,
2026-07-12T04:40:19.124363+00:00,spot_11,Spot 11,Empty,2026-07-12T03:03:18.523817+00:00,,,,,,,,
2026-07-12T04:40:19.124363+00:00,spot_12,Spot 12,Empty,2026-07-12T03:22:19.442603+00:00,,,,,,,,
2026-07-12T04:40:19.124363+00:00,spot_13,Spot 13,Empty,2026-07-12T04:34:19.150717+00:00,,,,,,,,
2026-07-12T04:40:19.124363+00:00,spot_14,Spot 14,Empty,2026-07-12T03:02:26.652011+00:00,,,,,,,,
2026-07-12T04:40:19.124363+00:00,spot_15,Spot 15,Empty,2026-07-12T03:02:26.652017+00:00,,,,,,,,
2026-07-12T04:40:19.124363+00:00,spot_16,Spot 16,Empty,2026-07-12T03:02:26.652024+00:00,,,,,,,,
2026-07-12T04:40:19.124363+00:00,spot_17,Spot 17,Empty,2026-07-12T03:02:26.652031+00:00,,,,,,,,
2026-07-12T04:41:18.379880+00:00,spot_1,Spot 1,Empty,2026-07-12T03:02:26.651889+00:00,,,,,,,,
2026-07-12T04:41:18.379880+00:00,spot_2,Spot 2,Empty,2026-07-12T03:02:26.651924+00:00,,,,,,,,
2026-07-12T04:41:18.379880+00:00,spot_3,Spot 3,Empty,2026-07-12T03:02:26.651934+00:00,,,,,,,,
2026-07-12T04:41:18.379880+00:00,spot_4,Spot 4,Empty,2026-07-12T03:02:26.651943+00:00,,,,,,,,
2026-07-12T04:41:18.379880+00:00,spot_5,Spot 5,Empty,2026-07-12T03:16:20.075827+00:00,,,,,,,,
2026-07-12T04:41:18.379880+00:00,spot_6,Spot 6,Empty,2026-07-12T03:02:26.651957+00:00,,,,,,,,
2026-07-12T04:41:18.379880+00:00,spot_7,Spot 7,Empty,2026-07-12T03:02:26.651964+00:00,,,,,,,,
2026-07-12T04:41:18.379880+00:00,spot_8,Spot 8,Empty,2026-07-12T04:38:18.725909+00:00,,,,,,,,
2026-07-12T04:41:18.379880+00:00,spot_9,Spot 9,Empty,2026-07-12T03:02:26.651977+00:00,,,,,,,,
2026-07-12T04:41:18.379880+00:00,spot_10,Spot 10,Empty,2026-07-12T03:06:19.142482+00:00,,,,,,,,
2026-07-12T04:41:18.379880+00:00,spot_11,Spot 11,Empty,2026-07-12T03:03:18.523817+00:00,,,,,,,,
2026-07-12T04:41:18.379880+00:00,spot_12,Spot 12,Empty,2026-07-12T03:22:19.442603+00:00,,,,,,,,
2026-07-12T04:41:18.379880+00:00,spot_13,Spot 13,Empty,2026-07-12T04:34:19.150717+00:00,,,,,,,,
2026-07-12T04:41:18.379880+00:00,spot_14,Spot 14,Empty,2026-07-12T03:02:26.652011+00:00,,,,,,,,
2026-07-12T04:41:18.379880+00:00,spot_15,Spot 15,Empty,2026-07-12T03:02:26.652017+00:00,,,,,,,,
2026-07-12T04:41:18.379880+00:00,spot_16,Spot 16,Empty,2026-07-12T03:02:26.652024+00:00,,,,,,,,
2026-07-12T04:41:18.379880+00:00,spot_17,Spot 17,Empty,2026-07-12T03:02:26.652031+00:00,,,,,,,,
2026-07-12T04:42:18.620083+00:00,spot_1,Spot 1,Empty,2026-07-12T03:02:26.651889+00:00,,,,,,,,
2026-07-12T04:42:18.620083+00:00,spot_2,Spot 2,Empty,2026-07-12T03:02:26.651924+00:00,,,,,,,,
2026-07-12T04:42:18.620083+00:00,spot_3,Spot 3,Empty,2026-07-12T03:02:26.651934+00:00,,,,,,,,
2026-07-12T04:42:18.620083+00:00,spot_4,Spot 4,Empty,2026-07-12T03:02:26.651943+00:00,,,,,,,,
2026-07-12T04:42:18.620083+00:00,spot_5,Spot 5,Empty,2026-07-12T03:16:20.075827+00:00,,,,,,,,
2026-07-12T04:42:18.620083+00:00,spot_6,Spot 6,Empty,2026-07-12T03:02:26.651957+00:00,,,,,,,,
2026-07-12T04:42:18.620083+00:00,spot_7,Spot 7,Empty,2026-07-12T03:02:26.651964+00:00,,,,,,,,
2026-07-12T04:42:18.620083+00:00,spot_8,Spot 8,Empty,2026-07-12T04:38:18.725909+00:00,,,,,,,,
2026-07-12T04:42:18.620083+00:00,spot_9,Spot 9,Empty,2026-07-12T03:02:26.651977+00:00,,,,,,,,
2026-07-12T04:42:18.620083+00:00,spot_10,Spot 10,Empty,2026-07-12T03:06:19.142482+00:00,,,,,,,,
2026-07-12T04:42:18.620083+00:00,spot_11,Spot 11,Empty,2026-07-12T03:03:18.523817+00:00,,,,,,,,
2026-07-12T04:42:18.620083+00:00,spot_12,Spot 12,Empty,2026-07-12T03:22:19.442603+00:00,,,,,,,,
2026-07-12T04:42:18.620083+00:00,spot_13,Spot 13,Empty,2026-07-12T04:34:19.150717+00:00,,,,,,,,
2026-07-12T04:42:18.620083+00:00,spot_14,Spot 14,Empty,2026-07-12T03:02:26.652011+00:00,,,,,,,,
2026-07-12T04:42:18.620083+00:00,spot_15,Spot 15,Empty,2026-07-12T03:02:26.652017+00:00,,,,,,,,
2026-07-12T04:42:18.620083+00:00,spot_16,Spot 16,Empty,2026-07-12T03:02:26.652024+00:00,,,,,,,,
2026-07-12T04:42:18.620083+00:00,spot_17,Spot 17,Empty,2026-07-12T03:02:26.652031+00:00,,,,,,,,
2026-07-12T04:43:18.874716+00:00,spot_1,Spot 1,Empty,2026-07-12T03:02:26.651889+00:00,,,,,,,,
2026-07-12T04:43:18.874716+00:00,spot_2,Spot 2,Empty,2026-07-12T03:02:26.651924+00:00,,,,,,,,
2026-07-12T04:43:18.874716+00:00,spot_3,Spot 3,Empty,2026-07-12T03:02:26.651934+00:00,,,,,,,,
2026-07-12T04:43:18.874716+00:00,spot_4,Spot 4,Empty,2026-07-12T03:02:26.651943+00:00,,,,,,,,
2026-07-12T04:43:18.874716+00:00,spot_5,Spot 5,Empty,2026-07-12T03:16:20.075827+00:00,,,,,,,,
2026-07-12T04:43:18.874716+00:00,spot_6,Spot 6,Empty,2026-07-12T03:02:26.651957+00:00,,,,,,,,
2026-07-12T04:43:18.874716+00:00,spot_7,Spot 7,Empty,2026-07-12T03:02:26.651964+00:00,,,,,,,,
2026-07-12T04:43:18.874716+00:00,spot_8,Spot 8,Empty,2026-07-12T04:38:18.725909+00:00,,,,,,,,
2026-07-12T04:43:18.874716+00:00,spot_9,Spot 9,Empty,2026-07-12T03:02:26.651977+00:00,,,,,,,,
2026-07-12T04:43:18.874716+00:00,spot_10,Spot 10,Empty,2026-07-12T03:06:19.142482+00:00,,,,,,,,
2026-07-12T04:43:18.874716+00:00,spot_11,Spot 11,Empty,2026-07-12T03:03:18.523817+00:00,,,,,,,,
2026-07-12T04:43:18.874716+00:00,spot_12,Spot 12,Empty,2026-07-12T03:22:19.442603+00:00,,,,,,,,
2026-07-12T04:43:18.874716+00:00,spot_13,Spot 13,Empty,2026-07-12T04:34:19.150717+00:00,,,,,,,,
2026-07-12T04:43:18.874716+00:00,spot_14,Spot 14,Empty,2026-07-12T03:02:26.652011+00:00,,,,,,,,
2026-07-12T04:43:18.874716+00:00,spot_15,Spot 15,Empty,2026-07-12T03:02:26.652017+00:00,,,,,,,,
2026-07-12T04:43:18.874716+00:00,spot_16,Spot 16,Empty,2026-07-12T03:02:26.652024+00:00,,,,,,,,
2026-07-12T04:43:18.874716+00:00,spot_17,Spot 17,Empty,2026-07-12T03:02:26.652031+00:00,,,,,,,,
2026-07-12T04:44:17.942759+00:00,spot_1,Spot 1,Empty,2026-07-12T03:02:26.651889+00:00,,,,,,,,
2026-07-12T04:44:17.942759+00:00,spot_2,Spot 2,Empty,2026-07-12T03:02:26.651924+00:00,,,,,,,,
2026-07-12T04:44:17.942759+00:00,spot_3,Spot 3,Empty,2026-07-12T03:02:26.651934+00:00,,,,,,,,
2026-07-12T04:44:17.942759+00:00,spot_4,Spot 4,Empty,2026-07-12T03:02:26.651943+00:00,,,,,,,,
2026-07-12T04:44:17.942759+00:00,spot_5,Spot 5,Empty,2026-07-12T03:16:20.075827+00:00,,,,,,,,
2026-07-12T04:44:17.942759+00:00,spot_6,Spot 6,Empty,2026-07-12T03:02:26.651957+00:00,,,,,,,,
2026-07-12T04:44:17.942759+00:00,spot_7,Spot 7,Empty,2026-07-12T03:02:26.651964+00:00,,,,,,,,
2026-07-12T04:44:17.942759+00:00,spot_8,Spot 8,Empty,2026-07-12T04:38:18.725909+00:00,,,,,,,,
2026-07-12T04:44:17.942759+00:00,spot_9,Spot 9,Empty,2026-07-12T03:02:26.651977+00:00,,,,,,,,
2026-07-12T04:44:17.942759+00:00,spot_10,Spot 10,Empty,2026-07-12T03:06:19.142482+00:00,,,,,,,,
2026-07-12T04:44:17.942759+00:00,spot_11,Spot 11,Empty,2026-07-12T03:03:18.523817+00:00,,,,,,,,
2026-07-12T04:44:17.942759+00:00,spot_12,Spot 12,Empty,2026-07-12T03:22:19.442603+00:00,,,,,,,,
2026-07-12T04:44:17.942759+00:00,spot_13,Spot 13,Empty,2026-07-12T04:34:19.150717+00:00,,,,,,,,
2026-07-12T04:44:17.942759+00:00,spot_14,Spot 14,Empty,2026-07-12T03:02:26.652011+00:00,,,,,,,,
2026-07-12T04:44:17.942759+00:00,spot_15,Spot 15,Empty,2026-07-12T03:02:26.652017+00:00,,,,,,,,
2026-07-12T04:44:17.942759+00:00,spot_16,Spot 16,Empty,2026-07-12T03:02:26.652024+00:00,,,,,,,,
2026-07-12T04:44:17.942759+00:00,spot_17,Spot 17,Empty,2026-07-12T03:02:26.652031+00:00,,,,,,,,
2026-07-12T04:45:20.917860+00:00,spot_1,Spot 1,Empty,2026-07-12T03:02:26.651889+00:00,,,,,,,,
2026-07-12T04:45:20.917860+00:00,spot_2,Spot 2,Empty,2026-07-12T03:02:26.651924+00:00,,,,,,,,
2026-07-12T04:45:20.917860+00:00,spot_3,Spot 3,Empty,2026-07-12T03:02:26.651934+00:00,,,,,,,,
2026-07-12T04:45:20.917860+00:00,spot_4,Spot 4,Empty,2026-07-12T03:02:26.651943+00:00,,,,,,,,
2026-07-12T04:45:20.917860+00:00,spot_5,Spot 5,Empty,2026-07-12T03:16:20.075827+00:00,,,,,,,,
2026-07-12T04:45:20.917860+00:00,spot_6,Spot 6,Empty,2026-07-12T03:02:26.651957+00:00,,,,,,,,
2026-07-12T04:45:20.917860+00:00,spot_7,Spot 7,Empty,2026-07-12T03:02:26.651964+00:00,,,,,,,,
2026-07-12T04:45:20.917860+00:00,spot_8,Spot 8,Empty,2026-07-12T04:38:18.725909+00:00,,,,,,,,
2026-07-12T04:45:20.917860+00:00,spot_9,Spot 9,Empty,2026-07-12T03:02:26.651977+00:00,,,,,,,,
2026-07-12T04:45:20.917860+00:00,spot_10,Spot 10,Empty,2026-07-12T03:06:19.142482+00:00,,,,,,,,
2026-07-12T04:45:20.917860+00:00,spot_11,Spot 11,Empty,2026-07-12T03:03:18.523817+00:00,,,,,,,,
2026-07-12T04:45:20.917860+00:00,spot_12,Spot 12,Empty,2026-07-12T03:22:19.442603+00:00,,,,,,,,
2026-07-12T04:45:20.917860+00:00,spot_13,Spot 13,Empty,2026-07-12T04:34:19.150717+00:00,,,,,,,,
2026-07-12T04:45:20.917860+00:00,spot_14,Spot 14,Empty,2026-07-12T03:02:26.652011+00:00,,,,,,,,
2026-07-12T04:45:20.917860+00:00,spot_15,Spot 15,Empty,2026-07-12T03:02:26.652017+00:00,,,,,,,,
2026-07-12T04:45:20.917860+00:00,spot_16,Spot 16,Empty,2026-07-12T03:02:26.652024+00:00,,,,,,,,
2026-07-12T04:45:20.917860+00:00,spot_17,Spot 17,Empty,2026-07-12T03:02:26.652031+00:00,,,,,,,,
2026-07-12T04:46:18.119335+00:00,spot_1,Spot 1,Empty,2026-07-12T03:02:26.651889+00:00,,,,,,,,
2026-07-12T04:46:18.119335+00:00,spot_2,Spot 2,Empty,2026-07-12T03:02:26.651924+00:00,,,,,,,,
2026-07-12T04:46:18.119335+00:00,spot_3,Spot 3,Empty,2026-07-12T03:02:26.651934+00:00,,,,,,,,
2026-07-12T04:46:18.119335+00:00,spot_4,Spot 4,Empty,2026-07-12T03:02:26.651943+00:00,,,,,,,,
2026-07-12T04:46:18.119335+00:00,spot_5,Spot 5,Empty,2026-07-12T03:16:20.075827+00:00,,,,,,,,
2026-07-12T04:46:18.119335+00:00,spot_6,Spot 6,Empty,2026-07-12T03:02:26.651957+00:00,,,,,,,,
2026-07-12T04:46:18.119335+00:00,spot_7,Spot 7,Empty,2026-07-12T03:02:26.651964+00:00,,,,,,,,
2026-07-12T04:46:18.119335+00:00,spot_8,Spot 8,Empty,2026-07-12T04:38:18.725909+00:00,,,,,,,,
2026-07-12T04:46:18.119335+00:00,spot_9,Spot 9,Empty,2026-07-12T03:02:26.651977+00:00,,,,,,,,
2026-07-12T04:46:18.119335+00:00,spot_10,Spot 10,Empty,2026-07-12T03:06:19.142482+00:00,,,,,,,,
2026-07-12T04:46:18.119335+00:00,spot_11,Spot 11,Empty,2026-07-12T03:03:18.523817+00:00,,,,,,,,
2026-07-12T04:46:18.119335+00:00,spot_12,Spot 12,Empty,2026-07-12T03:22:19.442603+00:00,,,,,,,,
2026-07-12T04:46:18.119335+00:00,spot_13,Spot 13,Empty,2026-07-12T04:34:19.150717+00:00,,,,,,,,
2026-07-12T04:46:18.119335+00:00,spot_14,Spot 14,Empty,2026-07-12T03:02:26.652011+00:00,,,,,,,,
2026-07-12T04:46:18.119335+00:00,spot_15,Spot 15,Empty,2026-07-12T03:02:26.652017+00:00,,,,,,,,
2026-07-12T04:46:18.119335+00:00,spot_16,Spot 16,Empty,2026-07-12T03:02:26.652024+00:00,,,,,,,,
2026-07-12T04:46:18.119335+00:00,spot_17,Spot 17,Empty,2026-07-12T03:02:26.652031+00:00,,,,,,,,
2026-07-12T04:47:19.494166+00:00,spot_1,Spot 1,Empty,2026-07-12T03:02:26.651889+00:00,,,,,,,,
2026-07-12T04:47:19.494166+00:00,spot_2,Spot 2,Empty,2026-07-12T03:02:26.651924+00:00,,,,,,,,
2026-07-12T04:47:19.494166+00:00,spot_3,Spot 3,Empty,2026-07-12T03:02:26.651934+00:00,,,,,,,,
2026-07-12T04:47:19.494166+00:00,spot_4,Spot 4,Empty,2026-07-12T03:02:26.651943+00:00,,,,,,,,
2026-07-12T04:47:19.494166+00:00,spot_5,Spot 5,Empty,2026-07-12T03:16:20.075827+00:00,,,,,,,,
2026-07-12T04:47:19.494166+00:00,spot_6,Spot 6,Empty,2026-07-12T03:02:26.651957+00:00,,,,,,,,
2026-07-12T04:47:19.494166+00:00,spot_7,Spot 7,Empty,2026-07-12T03:02:26.651964+00:00,,,,,,,,
2026-07-12T04:47:19.494166+00:00,spot_8,Spot 8,Empty,2026-07-12T04:38:18.725909+00:00,,,,,,,,
2026-07-12T04:47:19.494166+00:00,spot_9,Spot 9,Empty,2026-07-12T03:02:26.651977+00:00,,,,,,,,
2026-07-12T04:47:19.494166+00:00,spot_10,Spot 10,Empty,2026-07-12T03:06:19.142482+00:00,,,,,,,,
2026-07-12T04:47:19.494166+00:00,spot_11,Spot 11,Empty,2026-07-12T03:03:18.523817+00:00,,,,,,,,
2026-07-12T04:47:19.494166+00:00,spot_12,Spot 12,Empty,2026-07-12T03:22:19.442603+00:00,,,,,,,,
2026-07-12T04:47:19.494166+00:00,spot_13,Spot 13,Empty,2026-07-12T04:34:19.150717+00:00,,,,,,,,
2026-07-12T04:47:19.494166+00:00,spot_14,Spot 14,Empty,2026-07-12T03:02:26.652011+00:00,,,,,,,,
2026-07-12T04:47:19.494166+00:00,spot_15,Spot 15,Empty,2026-07-12T03:02:26.652017+00:00,,,,,,,,
2026-07-12T04:47:19.494166+00:00,spot_16,Spot 16,Empty,2026-07-12T03:02:26.652024+00:00,,,,,,,,
2026-07-12T04:47:19.494166+00:00,spot_17,Spot 17,Empty,2026-07-12T03:02:26.652031+00:00,,,,,,,,
2026-07-12T04:48:19.524463+00:00,spot_1,Spot 1,Empty,2026-07-12T03:02:26.651889+00:00,,,,,,,,
2026-07-12T04:48:19.524463+00:00,spot_2,Spot 2,Empty,2026-07-12T03:02:26.651924+00:00,,,,,,,,
2026-07-12T04:48:19.524463+00:00,spot_3,Spot 3,Empty,2026-07-12T03:02:26.651934+00:00,,,,,,,,
2026-07-12T04:48:19.524463+00:00,spot_4,Spot 4,Empty,2026-07-12T03:02:26.651943+00:00,,,,,,,,
2026-07-12T04:48:19.524463+00:00,spot_5,Spot 5,Empty,2026-07-12T03:16:20.075827+00:00,,,,,,,,
2026-07-12T04:48:19.524463+00:00,spot_6,Spot 6,Empty,2026-07-12T03:02:26.651957+00:00,,,,,,,,
2026-07-12T04:48:19.524463+00:00,spot_7,Spot 7,Empty,2026-07-12T03:02:26.651964+00:00,,,,,,,,
2026-07-12T04:48:19.524463+00:00,spot_8,Spot 8,Empty,2026-07-12T04:38:18.725909+00:00,,,,,,,,
2026-07-12T04:48:19.524463+00:00,spot_9,Spot 9,Empty,2026-07-12T03:02:26.651977+00:00,,,,,,,,
2026-07-12T04:48:19.524463+00:00,spot_10,Spot 10,Empty,2026-07-12T03:06:19.142482+00:00,,,,,,,,
2026-07-12T04:48:19.524463+00:00,spot_11,Spot 11,Empty,2026-07-12T03:03:18.523817+00:00,,,,,,,,
2026-07-12T04:48:19.524463+00:00,spot_12,Spot 12,Empty,2026-07-12T03:22:19.442603+00:00,,,,,,,,
2026-07-12T04:48:19.524463+00:00,spot_13,Spot 13,Empty,2026-07-12T04:34:19.150717+00:00,,,,,,,,
2026-07-12T04:48:19.524463+00:00,spot_14,Spot 14,Empty,2026-07-12T03:02:26.652011+00:00,,,,,,,,
2026-07-12T04:48:19.524463+00:00,spot_15,Spot 15,Empty,2026-07-12T03:02:26.652017+00:00,,,,,,,,
2026-07-12T04:48:19.524463+00:00,spot_16,Spot 16,Empty,2026-07-12T03:02:26.652024+00:00,,,,,,,,
2026-07-12T04:48:19.524463+00:00,spot_17,Spot 17,Empty,2026-07-12T03:02:26.652031+00:00,,,,,,,,
2026-07-12T04:49:19.433081+00:00,spot_1,Spot 1,Empty,2026-07-12T03:02:26.651889+00:00,,,,,,,,
2026-07-12T04:49:19.433081+00:00,spot_2,Spot 2,Empty,2026-07-12T03:02:26.651924+00:00,,,,,,,,
2026-07-12T04:49:19.433081+00:00,spot_3,Spot 3,Empty,2026-07-12T03:02:26.651934+00:00,,,,,,,,
2026-07-12T04:49:19.433081+00:00,spot_4,Spot 4,Empty,2026-07-12T03:02:26.651943+00:00,,,,,,,,
2026-07-12T04:49:19.433081+00:00,spot_5,Spot 5,Empty,2026-07-12T03:16:20.075827+00:00,,,,,,,,
2026-07-12T04:49:19.433081+00:00,spot_6,Spot 6,Empty,2026-07-12T03:02:26.651957+00:00,,,,,,,,
2026-07-12T04:49:19.433081+00:00,spot_7,Spot 7,Empty,2026-07-12T03:02:26.651964+00:00,,,,,,,,
2026-07-12T04:49:19.433081+00:00,spot_8,Spot 8,Empty,2026-07-12T04:38:18.725909+00:00,,,,,,,,
2026-07-12T04:49:19.433081+00:00,spot_9,Spot 9,Empty,2026-07-12T03:02:26.651977+00:00,,,,,,,,
2026-07-12T04:49:19.433081+00:00,spot_10,Spot 10,Empty,2026-07-12T03:06:19.142482+00:00,,,,,,,,
2026-07-12T04:49:19.433081+00:00,spot_11,Spot 11,Empty,2026-07-12T03:03:18.523817+00:00,,,,,,,,
2026-07-12T04:49:19.433081+00:00,spot_12,Spot 12,Empty,2026-07-12T03:22:19.442603+00:00,,,,,,,,
2026-07-12T04:49:19.433081+00:00,spot_13,Spot 13,Empty,2026-07-12T04:34:19.150717+00:00,,,,,,,,
2026-07-12T04:49:19.433081+00:00,spot_14,Spot 14,Empty,2026-07-12T03:02:26.652011+00:00,,,,,,,,
2026-07-12T04:49:19.433081+00:00,spot_15,Spot 15,Empty,2026-07-12T03:02:26.652017+00:00,,,,,,,,
2026-07-12T04:49:19.433081+00:00,spot_16,Spot 16,Empty,2026-07-12T03:02:26.652024+00:00,,,,,,,,
2026-07-12T04:49:19.433081+00:00,spot_17,Spot 17,Empty,2026-07-12T03:02:26.652031+00:00,,,,,,,,
2026-07-12T04:50:20.195516+00:00,spot_1,Spot 1,Empty,2026-07-12T03:02:26.651889+00:00,,,,,,,,
2026-07-12T04:50:20.195516+00:00,spot_2,Spot 2,Empty,2026-07-12T03:02:26.651924+00:00,,,,,,,,
2026-07-12T04:50:20.195516+00:00,spot_3,Spot 3,Empty,2026-07-12T03:02:26.651934+00:00,,,,,,,,
2026-07-12T04:50:20.195516+00:00,spot_4,Spot 4,Empty,2026-07-12T03:02:26.651943+00:00,,,,,,,,
2026-07-12T04:50:20.195516+00:00,spot_5,Spot 5,Empty,2026-07-12T03:16:20.075827+00:00,,,,,,,,
2026-07-12T04:50:20.195516+00:00,spot_6,Spot 6,Empty,2026-07-12T03:02:26.651957+00:00,,,,,,,,
2026-07-12T04:50:20.195516+00:00,spot_7,Spot 7,Empty,2026-07-12T03:02:26.651964+00:00,,,,,,,,
2026-07-12T04:50:20.195516+00:00,spot_8,Spot 8,Empty,2026-07-12T04:38:18.725909+00:00,,,,,,,,
2026-07-12T04:50:20.195516+00:00,spot_9,Spot 9,Empty,2026-07-12T03:02:26.651977+00:00,,,,,,,,
2026-07-12T04:50:20.195516+00:00,spot_10,Spot 10,Empty,2026-07-12T03:06:19.142482+00:00,,,,,,,,
2026-07-12T04:50:20.195516+00:00,spot_11,Spot 11,Empty,2026-07-12T03:03:18.523817+00:00,,,,,,,,
2026-07-12T04:50:20.195516+00:00,spot_12,Spot 12,Empty,2026-07-12T03:22:19.442603+00:00,,,,,,,,
2026-07-12T04:50:20.195516+00:00,spot_13,Spot 13,Empty,2026-07-12T04:34:19.150717+00:00,,,,,,,,
2026-07-12T04:50:20.195516+00:00,spot_14,Spot 14,Empty,2026-07-12T03:02:26.652011+00:00,,,,,,,,
2026-07-12T04:50:20.195516+00:00,spot_15,Spot 15,Empty,2026-07-12T03:02:26.652017+00:00,,,,,,,,
2026-07-12T04:50:20.195516+00:00,spot_16,Spot 16,Empty,2026-07-12T03:02:26.652024+00:00,,,,,,,,
2026-07-12T04:50:20.195516+00:00,spot_17,Spot 17,Empty,2026-07-12T03:02:26.652031+00:00,,,,,,,,
2026-07-12T04:51:18.075685+00:00,spot_1,Spot 1,Empty,2026-07-12T03:02:26.651889+00:00,,,,,,,,
2026-07-12T04:51:18.075685+00:00,spot_2,Spot 2,Empty,2026-07-12T03:02:26.651924+00:00,,,,,,,,
2026-07-12T04:51:18.075685+00:00,spot_3,Spot 3,Empty,2026-07-12T03:02:26.651934+00:00,,,,,,,,
2026-07-12T04:51:18.075685+00:00,spot_4,Spot 4,Empty,2026-07-12T03:02:26.651943+00:00,,,,,,,,
2026-07-12T04:51:18.075685+00:00,spot_5,Spot 5,Empty,2026-07-12T03:16:20.075827+00:00,,,,,,,,
2026-07-12T04:51:18.075685+00:00,spot_6,Spot 6,Empty,2026-07-12T03:02:26.651957+00:00,,,,,,,,
2026-07-12T04:51:18.075685+00:00,spot_7,Spot 7,Empty,2026-07-12T03:02:26.651964+00:00,,,,,,,,
2026-07-12T04:51:18.075685+00:00,spot_8,Spot 8,Empty,2026-07-12T04:38:18.725909+00:00,,,,,,,,
2026-07-12T04:51:18.075685+00:00,spot_9,Spot 9,Empty,2026-07-12T03:02:26.651977+00:00,,,,,,,,
2026-07-12T04:51:18.075685+00:00,spot_10,Spot 10,Empty,2026-07-12T03:06:19.142482+00:00,,,,,,,,
2026-07-12T04:51:18.075685+00:00,spot_11,Spot 11,Empty,2026-07-12T03:03:18.523817+00:00,,,,,,,,
2026-07-12T04:51:18.075685+00:00,spot_12,Spot 12,Empty,2026-07-12T03:22:19.442603+00:00,,,,,,,,
2026-07-12T04:51:18.075685+00:00,spot_13,Spot 13,Empty,2026-07-12T04:34:19.150717+00:00,,,,,,,,
2026-07-12T04:51:18.075685+00:00,spot_14,Spot 14,Empty,2026-07-12T03:02:26.652011+00:00,,,,,,,,
2026-07-12T04:51:18.075685+00:00,spot_15,Spot 15,Empty,2026-07-12T03:02:26.652017+00:00,,,,,,,,
2026-07-12T04:51:18.075685+00:00,spot_16,Spot 16,Empty,2026-07-12T03:02:26.652024+00:00,,,,,,,,
2026-07-12T04:51:18.075685+00:00,spot_17,Spot 17,Empty,2026-07-12T03:02:26.652031+00:00,,,,,,,,
2026-07-12T04:52:18.964845+00:00,spot_1,Spot 1,Empty,2026-07-12T03:02:26.651889+00:00,,,,,,,,
2026-07-12T04:52:18.964845+00:00,spot_2,Spot 2,Empty,2026-07-12T03:02:26.651924+00:00,,,,,,,,
2026-07-12T04:52:18.964845+00:00,spot_3,Spot 3,Empty,2026-07-12T03:02:26.651934+00:00,,,,,,,,
2026-07-12T04:52:18.964845+00:00,spot_4,Spot 4,Empty,2026-07-12T03:02:26.651943+00:00,,,,,,,,
2026-07-12T04:52:18.964845+00:00,spot_5,Spot 5,Empty,2026-07-12T03:16:20.075827+00:00,,,,,,,,
2026-07-12T04:52:18.964845+00:00,spot_6,Spot 6,Empty,2026-07-12T03:02:26.651957+00:00,,,,,,,,
2026-07-12T04:52:18.964845+00:00,spot_7,Spot 7,Empty,2026-07-12T03:02:26.651964+00:00,,,,,,,,
2026-07-12T04:52:18.964845+00:00,spot_8,Spot 8,Empty,2026-07-12T04:38:18.725909+00:00,,,,,,,,
2026-07-12T04:52:18.964845+00:00,spot_9,Spot 9,Empty,2026-07-12T03:02:26.651977+00:00,,,,,,,,
2026-07-12T04:52:18.964845+00:00,spot_10,Spot 10,Empty,2026-07-12T03:06:19.142482+00:00,,,,,,,,
2026-07-12T04:52:18.964845+00:00,spot_11,Spot 11,Empty,2026-07-12T03:03:18.523817+00:00,,,,,,,,
2026-07-12T04:52:18.964845+00:00,spot_12,Spot 12,Empty,2026-07-12T03:22:19.442603+00:00,,,,,,,,
2026-07-12T04:52:18.964845+00:00,spot_13,Spot 13,Empty,2026-07-12T04:34:19.150717+00:00,,,,,,,,
2026-07-12T04:52:18.964845+00:00,spot_14,Spot 14,Empty,2026-07-12T03:02:26.652011+00:00,,,,,,,,
2026-07-12T04:52:18.964845+00:00,spot_15,Spot 15,Empty,2026-07-12T03:02:26.652017+00:00,,,,,,,,
2026-07-12T04:52:18.964845+00:00,spot_16,Spot 16,Empty,2026-07-12T03:02:26.652024+00:00,,,,,,,,
2026-07-12T04:52:18.964845+00:00,spot_17,Spot 17,Empty,2026-07-12T03:02:26.652031+00:00,,,,,,,,
2026-07-12T04:53:26.617683+00:00,spot_1,Spot 1,Empty,2026-07-12T03:02:26.651889+00:00,,,,,,,,
2026-07-12T04:53:26.617683+00:00,spot_2,Spot 2,Empty,2026-07-12T03:02:26.651924+00:00,,,,,,,,
2026-07-12T04:53:26.617683+00:00,spot_3,Spot 3,Empty,2026-07-12T03:02:26.651934+00:00,,,,,,,,
2026-07-12T04:53:26.617683+00:00,spot_4,Spot 4,Empty,2026-07-12T03:02:26.651943+00:00,,,,,,,,
2026-07-12T04:53:26.617683+00:00,spot_5,Spot 5,Empty,2026-07-12T03:16:20.075827+00:00,,,,,,,,
2026-07-12T04:53:26.617683+00:00,spot_6,Spot 6,Empty,2026-07-12T03:02:26.651957+00:00,,,,,,,,
2026-07-12T04:53:26.617683+00:00,spot_7,Spot 7,Empty,2026-07-12T03:02:26.651964+00:00,,,,,,,,
2026-07-12T04:53:26.617683+00:00,spot_8,Spot 8,Empty,2026-07-12T04:38:18.725909+00:00,,,,,,,,
2026-07-12T04:53:26.617683+00:00,spot_9,Spot 9,Empty,2026-07-12T03:02:26.651977+00:00,,,,,,,,
2026-07-12T04:53:26.617683+00:00,spot_10,Spot 10,Empty,2026-07-12T03:06:19.142482+00:00,,,,,,,,
2026-07-12T04:53:26.617683+00:00,spot_11,Spot 11,Empty,2026-07-12T03:03:18.523817+00:00,,,,,,,,
2026-07-12T04:53:26.617683+00:00,spot_12,Spot 12,Empty,2026-07-12T03:22:19.442603+00:00,,,,,,,,
2026-07-12T04:53:26.617683+00:00,spot_13,Spot 13,Empty,2026-07-12T04:34:19.150717+00:00,,,,,,,,
2026-07-12T04:53:26.617683+00:00,spot_14,Spot 14,Empty,2026-07-12T03:02:26.652011+00:00,,,,,,,,
2026-07-12T04:53:26.617683+00:00,spot_15,Spot 15,Empty,2026-07-12T03:02:26.652017+00:00,,,,,,,,
2026-07-12T04:53:26.617683+00:00,spot_16,Spot 16,Empty,2026-07-12T03:02:26.652024+00:00,,,,,,,,
2026-07-12T04:53:26.617683+00:00,spot_17,Spot 17,Empty,2026-07-12T03:02:26.652031+00:00,,,,,,,,
2026-07-12T04:54:18.633123+00:00,spot_1,Spot 1,Empty,2026-07-12T03:02:26.651889+00:00,,,,,,,,
2026-07-12T04:54:18.633123+00:00,spot_2,Spot 2,Empty,2026-07-12T03:02:26.651924+00:00,,,,,,,,
2026-07-12T04:54:18.633123+00:00,spot_3,Spot 3,Empty,2026-07-12T03:02:26.651934+00:00,,,,,,,,
2026-07-12T04:54:18.633123+00:00,spot_4,Spot 4,Empty,2026-07-12T03:02:26.651943+00:00,,,,,,,,
2026-07-12T04:54:18.633123+00:00,spot_5,Spot 5,Empty,2026-07-12T03:16:20.075827+00:00,,,,,,,,
2026-07-12T04:54:18.633123+00:00,spot_6,Spot 6,Empty,2026-07-12T03:02:26.651957+00:00,,,,,,,,
2026-07-12T04:54:18.633123+00:00,spot_7,Spot 7,Empty,2026-07-12T03:02:26.651964+00:00,,,,,,,,
2026-07-12T04:54:18.633123+00:00,spot_8,Spot 8,Empty,2026-07-12T04:38:18.725909+00:00,,,,,,,,
2026-07-12T04:54:18.633123+00:00,spot_9,Spot 9,Empty,2026-07-12T03:02:26.651977+00:00,,,,,,,,
2026-07-12T04:54:18.633123+00:00,spot_10,Spot 10,Empty,2026-07-12T03:06:19.142482+00:00,,,,,,,,
2026-07-12T04:54:18.633123+00:00,spot_11,Spot 11,Empty,2026-07-12T03:03:18.523817+00:00,,,,,,,,
2026-07-12T04:54:18.633123+00:00,spot_12,Spot 12,Empty,2026-07-12T03:22:19.442603+00:00,,,,,,,,
2026-07-12T04:54:18.633123+00:00,spot_13,Spot 13,Empty,2026-07-12T04:34:19.150717+00:00,,,,,,,,
2026-07-12T04:54:18.633123+00:00,spot_14,Spot 14,Empty,2026-07-12T03:02:26.652011+00:00,,,,,,,,
2026-07-12T04:54:18.633123+00:00,spot_15,Spot 15,Empty,2026-07-12T03:02:26.652017+00:00,,,,,,,,
2026-07-12T04:54:18.633123+00:00,spot_16,Spot 16,Empty,2026-07-12T03:02:26.652024+00:00,,,,,,,,
2026-07-12T04:54:18.633123+00:00,spot_17,Spot 17,Empty,2026-07-12T03:02:26.652031+00:00,,,,,,,,
2026-07-12T04:55:20.742110+00:00,spot_1,Spot 1,Empty,2026-07-12T03:02:26.651889+00:00,,,,,,,,
2026-07-12T04:55:20.742110+00:00,spot_2,Spot 2,Empty,2026-07-12T03:02:26.651924+00:00,,,,,,,,
2026-07-12T04:55:20.742110+00:00,spot_3,Spot 3,Empty,2026-07-12T03:02:26.651934+00:00,,,,,,,,
2026-07-12T04:55:20.742110+00:00,spot_4,Spot 4,Empty,2026-07-12T03:02:26.651943+00:00,,,,,,,,
2026-07-12T04:55:20.742110+00:00,spot_5,Spot 5,Empty,2026-07-12T03:16:20.075827+00:00,,,,,,,,
2026-07-12T04:55:20.742110+00:00,spot_6,Spot 6,Empty,2026-07-12T03:02:26.651957+00:00,,,,,,,,
2026-07-12T04:55:20.742110+00:00,spot_7,Spot 7,Empty,2026-07-12T03:02:26.651964+00:00,,,,,,,,
2026-07-12T04:55:20.742110+00:00,spot_8,Spot 8,Empty,2026-07-12T04:38:18.725909+00:00,,,,,,,,
2026-07-12T04:55:20.742110+00:00,spot_9,Spot 9,Empty,2026-07-12T03:02:26.651977+00:00,,,,,,,,
2026-07-12T04:55:20.742110+00:00,spot_10,Spot 10,Empty,2026-07-12T03:06:19.142482+00:00,,,,,,,,
2026-07-12T04:55:20.742110+00:00,spot_11,Spot 11,Empty,2026-07-12T03:03:18.523817+00:00,,,,,,,,
2026-07-12T04:55:20.742110+00:00,spot_12,Spot 12,Empty,2026-07-12T03:22:19.442603+00:00,,,,,,,,
2026-07-12T04:55:20.742110+00:00,spot_13,Spot 13,Empty,2026-07-12T04:34:19.150717+00:00,,,,,,,,
2026-07-12T04:55:20.742110+00:00,spot_14,Spot 14,Empty,2026-07-12T03:02:26.652011+00:00,,,,,,,,
2026-07-12T04:55:20.742110+00:00,spot_15,Spot 15,Empty,2026-07-12T03:02:26.652017+00:00,,,,,,,,
2026-07-12T04:55:20.742110+00:00,spot_16,Spot 16,Empty,2026-07-12T03:02:26.652024+00:00,,,,,,,,
2026-07-12T04:55:20.742110+00:00,spot_17,Spot 17,Empty,2026-07-12T03:02:26.652031+00:00,,,,,,,,
2026-07-12T04:56:19.414216+00:00,spot_1,Spot 1,Empty,2026-07-12T03:02:26.651889+00:00,,,,,,,,
2026-07-12T04:56:19.414216+00:00,spot_2,Spot 2,Empty,2026-07-12T03:02:26.651924+00:00,,,,,,,,
2026-07-12T04:56:19.414216+00:00,spot_3,Spot 3,Empty,2026-07-12T03:02:26.651934+00:00,,,,,,,,
2026-07-12T04:56:19.414216+00:00,spot_4,Spot 4,Empty,2026-07-12T03:02:26.651943+00:00,,,,,,,,
2026-07-12T04:56:19.414216+00:00,spot_5,Spot 5,Empty,2026-07-12T03:16:20.075827+00:00,,,,,,,,
2026-07-12T04:56:19.414216+00:00,spot_6,Spot 6,Empty,2026-07-12T03:02:26.651957+00:00,,,,,,,,
2026-07-12T04:56:19.414216+00:00,spot_7,Spot 7,Empty,2026-07-12T03:02:26.651964+00:00,,,,,,,,
2026-07-12T04:56:19.414216+00:00,spot_8,Spot 8,Empty,2026-07-12T04:38:18.725909+00:00,,,,,,,,
2026-07-12T04:56:19.414216+00:00,spot_9,Spot 9,Empty,2026-07-12T03:02:26.651977+00:00,,,,,,,,
2026-07-12T04:56:19.414216+00:00,spot_10,Spot 10,Empty,2026-07-12T03:06:19.142482+00:00,,,,,,,,
2026-07-12T04:56:19.414216+00:00,spot_11,Spot 11,Empty,2026-07-12T03:03:18.523817+00:00,,,,,,,,
2026-07-12T04:56:19.414216+00:00,spot_12,Spot 12,Empty,2026-07-12T03:22:19.442603+00:00,,,,,,,,
2026-07-12T04:56:19.414216+00:00,spot_13,Spot 13,Empty,2026-07-12T04:34:19.150717+00:00,,,,,,,,
2026-07-12T04:56:19.414216+00:00,spot_14,Spot 14,Empty,2026-07-12T03:02:26.652011+00:00,,,,,,,,
2026-07-12T04:56:19.414216+00:00,spot_15,Spot 15,Empty,2026-07-12T03:02:26.652017+00:00,,,,,,,,
2026-07-12T04:56:19.414216+00:00,spot_16,Spot 16,Empty,2026-07-12T03:02:26.652024+00:00,,,,,,,,
2026-07-12T04:56:19.414216+00:00,spot_17,Spot 17,Empty,2026-07-12T03:02:26.652031+00:00,,,,,,,,
2026-07-12T04:57:18.943314+00:00,spot_1,Spot 1,Empty,2026-07-12T03:02:26.651889+00:00,,,,,,,,
2026-07-12T04:57:18.943314+00:00,spot_2,Spot 2,Empty,2026-07-12T03:02:26.651924+00:00,,,,,,,,
2026-07-12T04:57:18.943314+00:00,spot_3,Spot 3,Empty,2026-07-12T03:02:26.651934+00:00,,,,,,,,
2026-07-12T04:57:18.943314+00:00,spot_4,Spot 4,Empty,2026-07-12T03:02:26.651943+00:00,,,,,,,,
2026-07-12T04:57:18.943314+00:00,spot_5,Spot 5,Empty,2026-07-12T03:16:20.075827+00:00,,,,,,,,
2026-07-12T04:57:18.943314+00:00,spot_6,Spot 6,Empty,2026-07-12T03:02:26.651957+00:00,,,,,,,,
2026-07-12T04:57:18.943314+00:00,spot_7,Spot 7,Empty,2026-07-12T03:02:26.651964+00:00,,,,,,,,
2026-07-12T04:57:18.943314+00:00,spot_8,Spot 8,Empty,2026-07-12T04:38:18.725909+00:00,,,,,,,,
2026-07-12T04:57:18.943314+00:00,spot_9,Spot 9,Empty,2026-07-12T03:02:26.651977+00:00,,,,,,,,
2026-07-12T04:57:18.943314+00:00,spot_10,Spot 10,Empty,2026-07-12T03:06:19.142482+00:00,,,,,,,,
2026-07-12T04:57:18.943314+00:00,spot_11,Spot 11,Empty,2026-07-12T03:03:18.523817+00:00,,,,,,,,
2026-07-12T04:57:18.943314+00:00,spot_12,Spot 12,Empty,2026-07-12T03:22:19.442603+00:00,,,,,,,,
2026-07-12T04:57:18.943314+00:00,spot_13,Spot 13,Empty,2026-07-12T04:34:19.150717+00:00,,,,,,,,
2026-07-12T04:57:18.943314+00:00,spot_14,Spot 14,Empty,2026-07-12T03:02:26.652011+00:00,,,,,,,,
2026-07-12T04:57:18.943314+00:00,spot_15,Spot 15,Empty,2026-07-12T03:02:26.652017+00:00,,,,,,,,
2026-07-12T04:57:18.943314+00:00,spot_16,Spot 16,Empty,2026-07-12T03:02:26.652024+00:00,,,,,,,,
2026-07-12T04:57:18.943314+00:00,spot_17,Spot 17,Empty,2026-07-12T03:02:26.652031+00:00,,,,,,,,
2026-07-12T04:58:17.840827+00:00,spot_1,Spot 1,Empty,2026-07-12T03:02:26.651889+00:00,,,,,,,,
2026-07-12T04:58:17.840827+00:00,spot_2,Spot 2,Empty,2026-07-12T03:02:26.651924+00:00,,,,,,,,
2026-07-12T04:58:17.840827+00:00,spot_3,Spot 3,Empty,2026-07-12T03:02:26.651934+00:00,,,,,,,,
2026-07-12T04:58:17.840827+00:00,spot_4,Spot 4,Empty,2026-07-12T03:02:26.651943+00:00,,,,,,,,
2026-07-12T04:58:17.840827+00:00,spot_5,Spot 5,Empty,2026-07-12T03:16:20.075827+00:00,,,,,,,,
2026-07-12T04:58:17.840827+00:00,spot_6,Spot 6,Empty,2026-07-12T03:02:26.651957+00:00,,,,,,,,
2026-07-12T04:58:17.840827+00:00,spot_7,Spot 7,Empty,2026-07-12T03:02:26.651964+00:00,,,,,,,,
2026-07-12T04:58:17.840827+00:00,spot_8,Spot 8,Empty,2026-07-12T04:38:18.725909+00:00,,,,,,,,
2026-07-12T04:58:17.840827+00:00,spot_9,Spot 9,Empty,2026-07-12T03:02:26.651977+00:00,,,,,,,,
2026-07-12T04:58:17.840827+00:00,spot_10,Spot 10,Empty,2026-07-12T03:06:19.142482+00:00,,,,,,,,
2026-07-12T04:58:17.840827+00:00,spot_11,Spot 11,Empty,2026-07-12T03:03:18.523817+00:00,,,,,,,,
2026-07-12T04:58:17.840827+00:00,spot_12,Spot 12,Empty,2026-07-12T03:22:19.442603+00:00,,,,,,,,
2026-07-12T04:58:17.840827+00:00,spot_13,Spot 13,Empty,2026-07-12T04:34:19.150717+00:00,,,,,,,,
2026-07-12T04:58:17.840827+00:00,spot_14,Spot 14,Empty,2026-07-12T03:02:26.652011+00:00,,,,,,,,
2026-07-12T04:58:17.840827+00:00,spot_15,Spot 15,Empty,2026-07-12T03:02:26.652017+00:00,,,,,,,,
2026-07-12T04:58:17.840827+00:00,spot_16,Spot 16,Empty,2026-07-12T03:02:26.652024+00:00,,,,,,,,
2026-07-12T04:58:17.840827+00:00,spot_17,Spot 17,Empty,2026-07-12T03:02:26.652031+00:00,,,,,,,,
2026-07-12T04:59:20.089269+00:00,spot_1,Spot 1,Empty,2026-07-12T03:02:26.651889+00:00,,,,,,,,
2026-07-12T04:59:20.089269+00:00,spot_2,Spot 2,Empty,2026-07-12T03:02:26.651924+00:00,,,,,,,,
2026-07-12T04:59:20.089269+00:00,spot_3,Spot 3,Empty,2026-07-12T03:02:26.651934+00:00,,,,,,,,
2026-07-12T04:59:20.089269+00:00,spot_4,Spot 4,Empty,2026-07-12T03:02:26.651943+00:00,,,,,,,,
2026-07-12T04:59:20.089269+00:00,spot_5,Spot 5,Empty,2026-07-12T03:16:20.075827+00:00,,,,,,,,
2026-07-12T04:59:20.089269+00:00,spot_6,Spot 6,Empty,2026-07-12T03:02:26.651957+00:00,,,,,,,,
2026-07-12T04:59:20.089269+00:00,spot_7,Spot 7,Empty,2026-07-12T03:02:26.651964+00:00,,,,,,,,
2026-07-12T04:59:20.089269+00:00,spot_8,Spot 8,Empty,2026-07-12T04:38:18.725909+00:00,,,,,,,,
2026-07-12T04:59:20.089269+00:00,spot_9,Spot 9,Empty,2026-07-12T03:02:26.651977+00:00,,,,,,,,
2026-07-12T04:59:20.089269+00:00,spot_10,Spot 10,Empty,2026-07-12T03:06:19.142482+00:00,,,,,,,,
2026-07-12T04:59:20.089269+00:00,spot_11,Spot 11,Empty,2026-07-12T03:03:18.523817+00:00,,,,,,,,
2026-07-12T04:59:20.089269+00:00,spot_12,Spot 12,Empty,2026-07-12T03:22:19.442603+00:00,,,,,,,,
2026-07-12T04:59:20.089269+00:00,spot_13,Spot 13,Empty,2026-07-12T04:34:19.150717+00:00,,,,,,,,
2026-07-12T04:59:20.089269+00:00,spot_14,Spot 14,Empty,2026-07-12T03:02:26.652011+00:00,,,,,,,,
2026-07-12T04:59:20.089269+00:00,spot_15,Spot 15,Empty,2026-07-12T03:02:26.652017+00:00,,,,,,,,
2026-07-12T04:59:20.089269+00:00,spot_16,Spot 16,Empty,2026-07-12T03:02:26.652024+00:00,,,,,,,,
2026-07-12T04:59:20.089269+00:00,spot_17,Spot 17,Empty,2026-07-12T03:02:26.652031+00:00,,,,,,,,
2026-07-12T05:00:22.758126+00:00,spot_1,Spot 1,Empty,2026-07-12T03:02:26.651889+00:00,,,,,,,,
2026-07-12T05:00:22.758126+00:00,spot_2,Spot 2,Empty,2026-07-12T03:02:26.651924+00:00,,,,,,,,
2026-07-12T05:00:22.758126+00:00,spot_3,Spot 3,Empty,2026-07-12T03:02:26.651934+00:00,,,,,,,,
2026-07-12T05:00:22.758126+00:00,spot_4,Spot 4,Empty,2026-07-12T03:02:26.651943+00:00,,,,,,,,
2026-07-12T05:00:22.758126+00:00,spot_5,Spot 5,Empty,2026-07-12T03:16:20.075827+00:00,,,,,,,,
2026-07-12T05:00:22.758126+00:00,spot_6,Spot 6,Empty,2026-07-12T03:02:26.651957+00:00,,,,,,,,
2026-07-12T05:00:22.758126+00:00,spot_7,Spot 7,Empty,2026-07-12T03:02:26.651964+00:00,,,,,,,,
2026-07-12T05:00:22.758126+00:00,spot_8,Spot 8,Empty,2026-07-12T04:38:18.725909+00:00,,,,,,,,
2026-07-12T05:00:22.758126+00:00,spot_9,Spot 9,Empty,2026-07-12T03:02:26.651977+00:00,,,,,,,,
2026-07-12T05:00:22.758126+00:00,spot_10,Spot 10,Empty,2026-07-12T03:06:19.142482+00:00,,,,,,,,
2026-07-12T05:00:22.758126+00:00,spot_11,Spot 11,Empty,2026-07-12T03:03:18.523817+00:00,,,,,,,,
2026-07-12T05:00:22.758126+00:00,spot_12,Spot 12,Empty,2026-07-12T03:22:19.442603+00:00,,,,,,,,
2026-07-12T05:00:22.758126+00:00,spot_13,Spot 13,Empty,2026-07-12T04:34:19.150717+00:00,,,,,,,,
2026-07-12T05:00:22.758126+00:00,spot_14,Spot 14,Empty,2026-07-12T03:02:26.652011+00:00,,,,,,,,
2026-07-12T05:00:22.758126+00:00,spot_15,Spot 15,Empty,2026-07-12T03:02:26.652017+00:00,,,,,,,,
2026-07-12T05:00:22.758126+00:00,spot_16,Spot 16,Empty,2026-07-12T03:02:26.652024+00:00,,,,,,,,
2026-07-12T05:00:22.758126+00:00,spot_17,Spot 17,Empty,2026-07-12T03:02:26.652031+00:00,,,,,,,,
2026-07-12T05:01:19.430532+00:00,spot_1,Spot 1,Empty,2026-07-12T03:02:26.651889+00:00,,,,,,,,
2026-07-12T05:01:19.430532+00:00,spot_2,Spot 2,Empty,2026-07-12T03:02:26.651924+00:00,,,,,,,,
2026-07-12T05:01:19.430532+00:00,spot_3,Spot 3,Empty,2026-07-12T03:02:26.651934+00:00,,,,,,,,
2026-07-12T05:01:19.430532+00:00,spot_4,Spot 4,Empty,2026-07-12T03:02:26.651943+00:00,,,,,,,,
2026-07-12T05:01:19.430532+00:00,spot_5,Spot 5,Empty,2026-07-12T03:16:20.075827+00:00,,,,,,,,
2026-07-12T05:01:19.430532+00:00,spot_6,Spot 6,Empty,2026-07-12T03:02:26.651957+00:00,,,,,,,,
2026-07-12T05:01:19.430532+00:00,spot_7,Spot 7,Empty,2026-07-12T03:02:26.651964+00:00,,,,,,,,
2026-07-12T05:01:19.430532+00:00,spot_8,Spot 8,Empty,2026-07-12T04:38:18.725909+00:00,,,,,,,,
2026-07-12T05:01:19.430532+00:00,spot_9,Spot 9,Empty,2026-07-12T03:02:26.651977+00:00,,,,,,,,
2026-07-12T05:01:19.430532+00:00,spot_10,Spot 10,Empty,2026-07-12T03:06:19.142482+00:00,,,,,,,,
2026-07-12T05:01:19.430532+00:00,spot_11,Spot 11,Empty,2026-07-12T03:03:18.523817+00:00,,,,,,,,
2026-07-12T05:01:19.430532+00:00,spot_12,Spot 12,Empty,2026-07-12T03:22:19.442603+00:00,,,,,,,,
2026-07-12T05:01:19.430532+00:00,spot_13,Spot 13,Empty,2026-07-12T04:34:19.150717+00:00,,,,,,,,
2026-07-12T05:01:19.430532+00:00,spot_14,Spot 14,Empty,2026-07-12T03:02:26.652011+00:00,,,,,,,,
2026-07-12T05:01:19.430532+00:00,spot_15,Spot 15,Empty,2026-07-12T03:02:26.652017+00:00,,,,,,,,
2026-07-12T05:01:19.430532+00:00,spot_16,Spot 16,Empty,2026-07-12T03:02:26.652024+00:00,,,,,,,,
2026-07-12T05:01:19.430532+00:00,spot_17,Spot 17,Empty,2026-07-12T03:02:26.652031+00:00,,,,,,,,
2026-07-12T05:02:24.731239+00:00,spot_1,Spot 1,Empty,2026-07-12T03:02:26.651889+00:00,,,,,,,,
2026-07-12T05:02:24.731239+00:00,spot_2,Spot 2,Empty,2026-07-12T03:02:26.651924+00:00,,,,,,,,
2026-07-12T05:02:24.731239+00:00,spot_3,Spot 3,Empty,2026-07-12T03:02:26.651934+00:00,,,,,,,,
2026-07-12T05:02:24.731239+00:00,spot_4,Spot 4,Empty,2026-07-12T03:02:26.651943+00:00,,,,,,,,
2026-07-12T05:02:24.731239+00:00,spot_5,Spot 5,Empty,2026-07-12T03:16:20.075827+00:00,,,,,,,,
2026-07-12T05:02:24.731239+00:00,spot_6,Spot 6,Empty,2026-07-12T03:02:26.651957+00:00,,,,,,,,
2026-07-12T05:02:24.731239+00:00,spot_7,Spot 7,Empty,2026-07-12T03:02:26.651964+00:00,,,,,,,,
2026-07-12T05:02:24.731239+00:00,spot_8,Spot 8,Empty,2026-07-12T04:38:18.725909+00:00,,,,,,,,
2026-07-12T05:02:24.731239+00:00,spot_9,Spot 9,Empty,2026-07-12T03:02:26.651977+00:00,,,,,,,,
2026-07-12T05:02:24.731239+00:00,spot_10,Spot 10,Empty,2026-07-12T03:06:19.142482+00:00,,,,,,,,
2026-07-12T05:02:24.731239+00:00,spot_11,Spot 11,Empty,2026-07-12T03:03:18.523817+00:00,,,,,,,,
2026-07-12T05:02:24.731239+00:00,spot_12,Spot 12,Empty,2026-07-12T03:22:19.442603+00:00,,,,,,,,
2026-07-12T05:02:24.731239+00:00,spot_13,Spot 13,Empty,2026-07-12T04:34:19.150717+00:00,,,,,,,,
2026-07-12T05:02:24.731239+00:00,spot_14,Spot 14,Empty,2026-07-12T03:02:26.652011+00:00,,,,,,,,
2026-07-12T05:02:24.731239+00:00,spot_15,Spot 15,Empty,2026-07-12T03:02:26.652017+00:00,,,,,,,,
2026-07-12T05:02:24.731239+00:00,spot_16,Spot 16,Empty,2026-07-12T03:02:26.652024+00:00,,,,,,,,
2026-07-12T05:02:24.731239+00:00,spot_17,Spot 17,Empty,2026-07-12T03:02:26.652031+00:00,,,,,,,,
2026-07-12T05:03:22.335244+00:00,spot_1,Spot 1,Empty,2026-07-12T03:02:26.651889+00:00,,,,,,,,
2026-07-12T05:03:22.335244+00:00,spot_2,Spot 2,Empty,2026-07-12T03:02:26.651924+00:00,,,,,,,,
2026-07-12T05:03:22.335244+00:00,spot_3,Spot 3,Empty,2026-07-12T03:02:26.651934+00:00,,,,,,,,
2026-07-12T05:03:22.335244+00:00,spot_4,Spot 4,Empty,2026-07-12T03:02:26.651943+00:00,,,,,,,,
2026-07-12T05:03:22.335244+00:00,spot_5,Spot 5,Empty,2026-07-12T03:16:20.075827+00:00,,,,,,,,
2026-07-12T05:03:22.335244+00:00,spot_6,Spot 6,Empty,2026-07-12T03:02:26.651957+00:00,,,,,,,,
2026-07-12T05:03:22.335244+00:00,spot_7,Spot 7,Empty,2026-07-12T03:02:26.651964+00:00,,,,,,,,
2026-07-12T05:03:22.335244+00:00,spot_8,Spot 8,Empty,2026-07-12T04:38:18.725909+00:00,,,,,,,,
2026-07-12T05:03:22.335244+00:00,spot_9,Spot 9,Empty,2026-07-12T03:02:26.651977+00:00,,,,,,,,
2026-07-12T05:03:22.335244+00:00,spot_10,Spot 10,Empty,2026-07-12T03:06:19.142482+00:00,,,,,,,,
2026-07-12T05:03:22.335244+00:00,spot_11,Spot 11,Empty,2026-07-12T03:03:18.523817+00:00,,,,,,,,
2026-07-12T05:03:22.335244+00:00,spot_12,Spot 12,Empty,2026-07-12T03:22:19.442603+00:00,,,,,,,,
2026-07-12T05:03:22.335244+00:00,spot_13,Spot 13,Empty,2026-07-12T04:34:19.150717+00:00,,,,,,,,
2026-07-12T05:03:22.335244+00:00,spot_14,Spot 14,Empty,2026-07-12T03:02:26.652011+00:00,,,,,,,,
2026-07-12T05:03:22.335244+00:00,spot_15,Spot 15,Empty,2026-07-12T03:02:26.652017+00:00,,,,,,,,
2026-07-12T05:03:22.335244+00:00,spot_16,Spot 16,Empty,2026-07-12T03:02:26.652024+00:00,,,,,,,,
2026-07-12T05:03:22.335244+00:00,spot_17,Spot 17,Empty,2026-07-12T03:02:26.652031+00:00,,,,,,,,
2026-07-12T05:04:19.083365+00:00,spot_1,Spot 1,Empty,2026-07-12T03:02:26.651889+00:00,,,,,,,,
2026-07-12T05:04:19.083365+00:00,spot_2,Spot 2,Empty,2026-07-12T03:02:26.651924+00:00,,,,,,,,
2026-07-12T05:04:19.083365+00:00,spot_3,Spot 3,Empty,2026-07-12T03:02:26.651934+00:00,,,,,,,,
2026-07-12T05:04:19.083365+00:00,spot_4,Spot 4,Empty,2026-07-12T03:02:26.651943+00:00,,,,,,,,
2026-07-12T05:04:19.083365+00:00,spot_5,Spot 5,Empty,2026-07-12T03:16:20.075827+00:00,,,,,,,,
2026-07-12T05:04:19.083365+00:00,spot_6,Spot 6,Empty,2026-07-12T03:02:26.651957+00:00,,,,,,,,
2026-07-12T05:04:19.083365+00:00,spot_7,Spot 7,Empty,2026-07-12T03:02:26.651964+00:00,,,,,,,,
2026-07-12T05:04:19.083365+00:00,spot_8,Spot 8,Empty,2026-07-12T04:38:18.725909+00:00,,,,,,,,
2026-07-12T05:04:19.083365+00:00,spot_9,Spot 9,Empty,2026-07-12T03:02:26.651977+00:00,,,,,,,,
2026-07-12T05:04:19.083365+00:00,spot_10,Spot 10,Empty,2026-07-12T03:06:19.142482+00:00,,,,,,,,
2026-07-12T05:04:19.083365+00:00,spot_11,Spot 11,Empty,2026-07-12T03:03:18.523817+00:00,,,,,,,,
2026-07-12T05:04:19.083365+00:00,spot_12,Spot 12,Empty,2026-07-12T03:22:19.442603+00:00,,,,,,,,
2026-07-12T05:04:19.083365+00:00,spot_13,Spot 13,Empty,2026-07-12T04:34:19.150717+00:00,,,,,,,,
2026-07-12T05:04:19.083365+00:00,spot_14,Spot 14,Empty,2026-07-12T03:02:26.652011+00:00,,,,,,,,
2026-07-12T05:04:19.083365+00:00,spot_15,Spot 15,Empty,2026-07-12T03:02:26.652017+00:00,,,,,,,,
2026-07-12T05:04:19.083365+00:00,spot_16,Spot 16,Empty,2026-07-12T03:02:26.652024+00:00,,,,,,,,
2026-07-12T05:04:19.083365+00:00,spot_17,Spot 17,Empty,2026-07-12T03:02:26.652031+00:00,,,,,,,,
2026-07-12T05:05:19.733871+00:00,spot_1,Spot 1,Empty,2026-07-12T03:02:26.651889+00:00,,,,,,,,
2026-07-12T05:05:19.733871+00:00,spot_2,Spot 2,Empty,2026-07-12T03:02:26.651924+00:00,,,,,,,,
2026-07-12T05:05:19.733871+00:00,spot_3,Spot 3,Empty,2026-07-12T03:02:26.651934+00:00,,,,,,,,
2026-07-12T05:05:19.733871+00:00,spot_4,Spot 4,Empty,2026-07-12T03:02:26.651943+00:00,,,,,,,,
2026-07-12T05:05:19.733871+00:00,spot_5,Spot 5,Empty,2026-07-12T03:16:20.075827+00:00,,,,,,,,
2026-07-12T05:05:19.733871+00:00,spot_6,Spot 6,Empty,2026-07-12T03:02:26.651957+00:00,,,,,,,,
2026-07-12T05:05:19.733871+00:00,spot_7,Spot 7,Empty,2026-07-12T03:02:26.651964+00:00,,,,,,,,
2026-07-12T05:05:19.733871+00:00,spot_8,Spot 8,Empty,2026-07-12T04:38:18.725909+00:00,,,,,,,,
2026-07-12T05:05:19.733871+00:00,spot_9,Spot 9,Empty,2026-07-12T03:02:26.651977+00:00,,,,,,,,
2026-07-12T05:05:19.733871+00:00,spot_10,Spot 10,Empty,2026-07-12T03:06:19.142482+00:00,,,,,,,,
2026-07-12T05:05:19.733871+00:00,spot_11,Spot 11,Empty,2026-07-12T03:03:18.523817+00:00,,,,,,,,
2026-07-12T05:05:19.733871+00:00,spot_12,Spot 12,Empty,2026-07-12T03:22:19.442603+00:00,,,,,,,,
2026-07-12T05:05:19.733871+00:00,spot_13,Spot 13,Empty,2026-07-12T04:34:19.150717+00:00,,,,,,,,
2026-07-12T05:05:19.733871+00:00,spot_14,Spot 14,Empty,2026-07-12T03:02:26.652011+00:00,,,,,,,,
2026-07-12T05:05:19.733871+00:00,spot_15,Spot 15,Empty,2026-07-12T03:02:26.652017+00:00,,,,,,,,
2026-07-12T05:05:19.733871+00:00,spot_16,Spot 16,Empty,2026-07-12T03:02:26.652024+00:00,,,,,,,,
2026-07-12T05:05:19.733871+00:00,spot_17,Spot 17,Empty,2026-07-12T03:02:26.652031+00:00,,,,,,,,
2026-07-12T05:06:20.323212+00:00,spot_1,Spot 1,Empty,2026-07-12T03:02:26.651889+00:00,,,,,,,,
2026-07-12T05:06:20.323212+00:00,spot_2,Spot 2,Empty,2026-07-12T03:02:26.651924+00:00,,,,,,,,
2026-07-12T05:06:20.323212+00:00,spot_3,Spot 3,Empty,2026-07-12T03:02:26.651934+00:00,,,,,,,,
2026-07-12T05:06:20.323212+00:00,spot_4,Spot 4,Empty,2026-07-12T03:02:26.651943+00:00,,,,,,,,
2026-07-12T05:06:20.323212+00:00,spot_5,Spot 5,Empty,2026-07-12T03:16:20.075827+00:00,,,,,,,,
2026-07-12T05:06:20.323212+00:00,spot_6,Spot 6,Empty,2026-07-12T03:02:26.651957+00:00,,,,,,,,
2026-07-12T05:06:20.323212+00:00,spot_7,Spot 7,Empty,2026-07-12T03:02:26.651964+00:00,,,,,,,,
2026-07-12T05:06:20.323212+00:00,spot_8,Spot 8,Empty,2026-07-12T04:38:18.725909+00:00,,,,,,,,
2026-07-12T05:06:20.323212+00:00,spot_9,Spot 9,Empty,2026-07-12T03:02:26.651977+00:00,,,,,,,,
2026-07-12T05:06:20.323212+00:00,spot_10,Spot 10,Empty,2026-07-12T03:06:19.142482+00:00,,,,,,,,
2026-07-12T05:06:20.323212+00:00,spot_11,Spot 11,Empty,2026-07-12T03:03:18.523817+00:00,,,,,,,,
2026-07-12T05:06:20.323212+00:00,spot_12,Spot 12,Empty,2026-07-12T03:22:19.442603+00:00,,,,,,,,
2026-07-12T05:06:20.323212+00:00,spot_13,Spot 13,Empty,2026-07-12T04:34:19.150717+00:00,,,,,,,,
2026-07-12T05:06:20.323212+00:00,spot_14,Spot 14,Empty,2026-07-12T03:02:26.652011+00:00,,,,,,,,
2026-07-12T05:06:20.323212+00:00,spot_15,Spot 15,Empty,2026-07-12T03:02:26.652017+00:00,,,,,,,,
2026-07-12T05:06:20.323212+00:00,spot_16,Spot 16,Empty,2026-07-12T03:02:26.652024+00:00,,,,,,,,
2026-07-12T05:06:20.323212+00:00,spot_17,Spot 17,Empty,2026-07-12T03:02:26.652031+00:00,,,,,,,,
2026-07-12T05:07:37.406305+00:00,spot_1,Spot 1,Empty,2026-07-12T03:02:26.651889+00:00,,,,,,,,
2026-07-12T05:07:37.406305+00:00,spot_2,Spot 2,Empty,2026-07-12T03:02:26.651924+00:00,,,,,,,,
2026-07-12T05:07:37.406305+00:00,spot_3,Spot 3,Empty,2026-07-12T03:02:26.651934+00:00,,,,,,,,
2026-07-12T05:07:37.406305+00:00,spot_4,Spot 4,Empty,2026-07-12T03:02:26.651943+00:00,,,,,,,,
2026-07-12T05:07:37.406305+00:00,spot_5,Spot 5,Empty,2026-07-12T03:16:20.075827+00:00,,,,,,,,
2026-07-12T05:07:37.406305+00:00,spot_6,Spot 6,Empty,2026-07-12T03:02:26.651957+00:00,,,,,,,,
2026-07-12T05:07:37.406305+00:00,spot_7,Spot 7,Empty,2026-07-12T03:02:26.651964+00:00,,,,,,,,
2026-07-12T05:07:37.406305+00:00,spot_8,Spot 8,Empty,2026-07-12T04:38:18.725909+00:00,,,,,,,,
2026-07-12T05:07:37.406305+00:00,spot_9,Spot 9,Empty,2026-07-12T03:02:26.651977+00:00,,,,,,,,
2026-07-12T05:07:37.406305+00:00,spot_10,Spot 10,Empty,2026-07-12T03:06:19.142482+00:00,,,,,,,,
2026-07-12T05:07:37.406305+00:00,spot_11,Spot 11,Empty,2026-07-12T03:03:18.523817+00:00,,,,,,,,
2026-07-12T05:07:37.406305+00:00,spot_12,Spot 12,Empty,2026-07-12T03:22:19.442603+00:00,,,,,,,,
2026-07-12T05:07:37.406305+00:00,spot_13,Spot 13,Empty,2026-07-12T04:34:19.150717+00:00,,,,,,,,
2026-07-12T05:07:37.406305+00:00,spot_14,Spot 14,Empty,2026-07-12T03:02:26.652011+00:00,,,,,,,,
2026-07-12T05:07:37.406305+00:00,spot_15,Spot 15,Empty,2026-07-12T03:02:26.652017+00:00,,,,,,,,
2026-07-12T05:07:37.406305+00:00,spot_16,Spot 16,Empty,2026-07-12T03:02:26.652024+00:00,,,,,,,,
2026-07-12T05:07:37.406305+00:00,spot_17,Spot 17,Empty,2026-07-12T03:02:26.652031+00:00,,,,,,,,
2026-07-12T05:08:39.237486+00:00,spot_1,Spot 1,Empty,2026-07-12T03:02:26.651889+00:00,,,,,,,,
2026-07-12T05:08:39.237486+00:00,spot_2,Spot 2,Empty,2026-07-12T03:02:26.651924+00:00,,,,,,,,
2026-07-12T05:08:39.237486+00:00,spot_3,Spot 3,Empty,2026-07-12T03:02:26.651934+00:00,,,,,,,,
2026-07-12T05:08:39.237486+00:00,spot_4,Spot 4,Empty,2026-07-12T03:02:26.651943+00:00,,,,,,,,
2026-07-12T05:08:39.237486+00:00,spot_5,Spot 5,Empty,2026-07-12T03:16:20.075827+00:00,,,,,,,,
2026-07-12T05:08:39.237486+00:00,spot_6,Spot 6,Empty,2026-07-12T03:02:26.651957+00:00,,,,,,,,
2026-07-12T05:08:39.237486+00:00,spot_7,Spot 7,Empty,2026-07-12T03:02:26.651964+00:00,,,,,,,,
2026-07-12T05:08:39.237486+00:00,spot_8,Spot 8,Empty,2026-07-12T04:38:18.725909+00:00,,,,,,,,
2026-07-12T05:08:39.237486+00:00,spot_9,Spot 9,Empty,2026-07-12T03:02:26.651977+00:00,,,,,,,,
2026-07-12T05:08:39.237486+00:00,spot_10,Spot 10,Empty,2026-07-12T03:06:19.142482+00:00,,,,,,,,
2026-07-12T05:08:39.237486+00:00,spot_11,Spot 11,Empty,2026-07-12T03:03:18.523817+00:00,,,,,,,,
2026-07-12T05:08:39.237486+00:00,spot_12,Spot 12,Empty,2026-07-12T03:22:19.442603+00:00,,,,,,,,
2026-07-12T05:08:39.237486+00:00,spot_13,Spot 13,Empty,2026-07-12T04:34:19.150717+00:00,,,,,,,,
2026-07-12T05:08:39.237486+00:00,spot_14,Spot 14,Empty,2026-07-12T03:02:26.652011+00:00,,,,,,,,
2026-07-12T05:08:39.237486+00:00,spot_15,Spot 15,Empty,2026-07-12T03:02:26.652017+00:00,,,,,,,,
2026-07-12T05:08:39.237486+00:00,spot_16,Spot 16,Empty,2026-07-12T03:02:26.652024+00:00,,,,,,,,
2026-07-12T05:08:39.237486+00:00,spot_17,Spot 17,Empty,2026-07-12T03:02:26.652031+00:00,,,,,,,,
2026-07-12T05:09:42.477789+00:00,spot_1,Spot 1,Empty,2026-07-12T03:02:26.651889+00:00,,,,,,,,
2026-07-12T05:09:42.477789+00:00,spot_2,Spot 2,Empty,2026-07-12T03:02:26.651924+00:00,,,,,,,,
2026-07-12T05:09:42.477789+00:00,spot_3,Spot 3,Empty,2026-07-12T03:02:26.651934+00:00,,,,,,,,
2026-07-12T05:09:42.477789+00:00,spot_4,Spot 4,Empty,2026-07-12T03:02:26.651943+00:00,,,,,,,,
2026-07-12T05:09:42.477789+00:00,spot_5,Spot 5,Empty,2026-07-12T03:16:20.075827+00:00,,,,,,,,
2026-07-12T05:09:42.477789+00:00,spot_6,Spot 6,Empty,2026-07-12T03:02:26.651957+00:00,,,,,,,,
2026-07-12T05:09:42.477789+00:00,spot_7,Spot 7,Empty,2026-07-12T03:02:26.651964+00:00,,,,,,,,
2026-07-12T05:09:42.477789+00:00,spot_8,Spot 8,Empty,2026-07-12T04:38:18.725909+00:00,,,,,,,,
2026-07-12T05:09:42.477789+00:00,spot_9,Spot 9,Empty,2026-07-12T03:02:26.651977+00:00,,,,,,,,
2026-07-12T05:09:42.477789+00:00,spot_10,Spot 10,Empty,2026-07-12T03:06:19.142482+00:00,,,,,,,,
2026-07-12T05:09:42.477789+00:00,spot_11,Spot 11,Empty,2026-07-12T03:03:18.523817+00:00,,,,,,,,
2026-07-12T05:09:42.477789+00:00,spot_12,Spot 12,Empty,2026-07-12T03:22:19.442603+00:00,,,,,,,,
2026-07-12T05:09:42.477789+00:00,spot_13,Spot 13,Empty,2026-07-12T04:34:19.150717+00:00,,,,,,,,
2026-07-12T05:09:42.477789+00:00,spot_14,Spot 14,Empty,2026-07-12T03:02:26.652011+00:00,,,,,,,,
2026-07-12T05:09:42.477789+00:00,spot_15,Spot 15,Empty,2026-07-12T03:02:26.652017+00:00,,,,,,,,
2026-07-12T05:09:42.477789+00:00,spot_16,Spot 16,Empty,2026-07-12T03:02:26.652024+00:00,,,,,,,,
2026-07-12T05:09:42.477789+00:00,spot_17,Spot 17,Empty,2026-07-12T03:02:26.652031+00:00,,,,,,,,
2026-07-12T05:10:49.775060+00:00,spot_1,Spot 1,Empty,2026-07-12T03:02:26.651889+00:00,,,,,,,,
2026-07-12T05:10:49.775060+00:00,spot_2,Spot 2,Empty,2026-07-12T03:02:26.651924+00:00,,,,,,,,
2026-07-12T05:10:49.775060+00:00,spot_3,Spot 3,Empty,2026-07-12T03:02:26.651934+00:00,,,,,,,,
2026-07-12T05:10:49.775060+00:00,spot_4,Spot 4,Empty,2026-07-12T03:02:26.651943+00:00,,,,,,,,
2026-07-12T05:10:49.775060+00:00,spot_5,Spot 5,Empty,2026-07-12T03:16:20.075827+00:00,,,,,,,,
2026-07-12T05:10:49.775060+00:00,spot_6,Spot 6,Empty,2026-07-12T03:02:26.651957+00:00,,,,,,,,
2026-07-12T05:10:49.775060+00:00,spot_7,Spot 7,Empty,2026-07-12T03:02:26.651964+00:00,,,,,,,,
2026-07-12T05:10:49.775060+00:00,spot_8,Spot 8,Empty,2026-07-12T04:38:18.725909+00:00,,,,,,,,
2026-07-12T05:10:49.775060+00:00,spot_9,Spot 9,Empty,2026-07-12T03:02:26.651977+00:00,,,,,,,,
2026-07-12T05:10:49.775060+00:00,spot_10,Spot 10,Empty,2026-07-12T03:06:19.142482+00:00,,,,,,,,
2026-07-12T05:10:49.775060+00:00,spot_11,Spot 11,Empty,2026-07-12T03:03:18.523817+00:00,,,,,,,,
2026-07-12T05:10:49.775060+00:00,spot_12,Spot 12,Empty,2026-07-12T03:22:19.442603+00:00,,,,,,,,
2026-07-12T05:10:49.775060+00:00,spot_13,Spot 13,Empty,2026-07-12T04:34:19.150717+00:00,,,,,,,,
2026-07-12T05:10:49.775060+00:00,spot_14,Spot 14,Empty,2026-07-12T03:02:26.652011+00:00,,,,,,,,
2026-07-12T05:10:49.775060+00:00,spot_15,Spot 15,Empty,2026-07-12T03:02:26.652017+00:00,,,,,,,,
2026-07-12T05:10:49.775060+00:00,spot_16,Spot 16,Empty,2026-07-12T03:02:26.652024+00:00,,,,,,,,
2026-07-12T05:10:49.775060+00:00,spot_17,Spot 17,Empty,2026-07-12T03:02:26.652031+00:00,,,,,,,,
2026-07-12T05:11:46.489586+00:00,spot_1,Spot 1,Empty,2026-07-12T03:02:26.651889+00:00,,,,,,,,
2026-07-12T05:11:46.489586+00:00,spot_2,Spot 2,Empty,2026-07-12T03:02:26.651924+00:00,,,,,,,,
2026-07-12T05:11:46.489586+00:00,spot_3,Spot 3,Empty,2026-07-12T03:02:26.651934+00:00,,,,,,,,
2026-07-12T05:11:46.489586+00:00,spot_4,Spot 4,Empty,2026-07-12T03:02:26.651943+00:00,,,,,,,,
2026-07-12T05:11:46.489586+00:00,spot_5,Spot 5,Empty,2026-07-12T03:16:20.075827+00:00,,,,,,,,
2026-07-12T05:11:46.489586+00:00,spot_6,Spot 6,Empty,2026-07-12T03:02:26.651957+00:00,,,,,,,,
2026-07-12T05:11:46.489586+00:00,spot_7,Spot 7,Empty,2026-07-12T03:02:26.651964+00:00,,,,,,,,
2026-07-12T05:11:46.489586+00:00,spot_8,Spot 8,Empty,2026-07-12T04:38:18.725909+00:00,,,,,,,,
2026-07-12T05:11:46.489586+00:00,spot_9,Spot 9,Empty,2026-07-12T03:02:26.651977+00:00,,,,,,,,
2026-07-12T05:11:46.489586+00:00,spot_10,Spot 10,Empty,2026-07-12T03:06:19.142482+00:00,,,,,,,,
2026-07-12T05:11:46.489586+00:00,spot_11,Spot 11,Empty,2026-07-12T03:03:18.523817+00:00,,,,,,,,
2026-07-12T05:11:46.489586+00:00,spot_12,Spot 12,Empty,2026-07-12T03:22:19.442603+00:00,,,,,,,,
2026-07-12T05:11:46.489586+00:00,spot_13,Spot 13,Empty,2026-07-12T04:34:19.150717+00:00,,,,,,,,
2026-07-12T05:11:46.489586+00:00,spot_14,Spot 14,Empty,2026-07-12T03:02:26.652011+00:00,,,,,,,,
2026-07-12T05:11:46.489586+00:00,spot_15,Spot 15,Empty,2026-07-12T03:02:26.652017+00:00,,,,,,,,
2026-07-12T05:11:46.489586+00:00,spot_16,Spot 16,Empty,2026-07-12T03:02:26.652024+00:00,,,,,,,,
2026-07-12T05:11:46.489586+00:00,spot_17,Spot 17,Empty,2026-07-12T03:02:26.652031+00:00,,,,,,,,
2026-07-12T05:12:42.802779+00:00,spot_1,Spot 1,Empty,2026-07-12T03:02:26.651889+00:00,,,,,,,,
2026-07-12T05:12:42.802779+00:00,spot_2,Spot 2,Empty,2026-07-12T03:02:26.651924+00:00,,,,,,,,
2026-07-12T05:12:42.802779+00:00,spot_3,Spot 3,Empty,2026-07-12T03:02:26.651934+00:00,,,,,,,,
2026-07-12T05:12:42.802779+00:00,spot_4,Spot 4,Empty,2026-07-12T03:02:26.651943+00:00,,,,,,,,
2026-07-12T05:12:42.802779+00:00,spot_5,Spot 5,Empty,2026-07-12T03:16:20.075827+00:00,,,,,,,,
2026-07-12T05:12:42.802779+00:00,spot_6,Spot 6,Empty,2026-07-12T03:02:26.651957+00:00,,,,,,,,
2026-07-12T05:12:42.802779+00:00,spot_7,Spot 7,Empty,2026-07-12T03:02:26.651964+00:00,,,,,,,,
2026-07-12T05:12:42.802779+00:00,spot_8,Spot 8,Occupied,2026-07-12T05:12:42.802779+00:00,39,car,0.3709089756011963,0,208.57070922851562,327.26165771484375,240.25430297851562,350.54583740234375
2026-07-12T05:12:42.802779+00:00,spot_9,Spot 9,Empty,2026-07-12T03:02:26.651977+00:00,,,,,,,,
2026-07-12T05:12:42.802779+00:00,spot_10,Spot 10,Empty,2026-07-12T03:06:19.142482+00:00,,,,,,,,
2026-07-12T05:12:42.802779+00:00,spot_11,Spot 11,Empty,2026-07-12T03:03:18.523817+00:00,,,,,,,,
2026-07-12T05:12:42.802779+00:00,spot_12,Spot 12,Empty,2026-07-12T03:22:19.442603+00:00,,,,,,,,
2026-07-12T05:12:42.802779+00:00,spot_13,Spot 13,Empty,2026-07-12T04:34:19.150717+00:00,,,,,,,,
2026-07-12T05:12:42.802779+00:00,spot_14,Spot 14,Empty,2026-07-12T03:02:26.652011+00:00,,,,,,,,
2026-07-12T05:12:42.802779+00:00,spot_15,Spot 15,Empty,2026-07-12T03:02:26.652017+00:00,,,,,,,,
2026-07-12T05:12:42.802779+00:00,spot_16,Spot 16,Empty,2026-07-12T03:02:26.652024+00:00,,,,,,,,
2026-07-12T05:12:42.802779+00:00,spot_17,Spot 17,Empty,2026-07-12T03:02:26.652031+00:00,,,,,,,,
2026-07-12T05:13:30.065072+00:00,spot_1,Spot 1,Empty,2026-07-12T03:02:26.651889+00:00,,,,,,,,
2026-07-12T05:13:30.065072+00:00,spot_2,Spot 2,Empty,2026-07-12T03:02:26.651924+00:00,,,,,,,,
2026-07-12T05:13:30.065072+00:00,spot_3,Spot 3,Empty,2026-07-12T03:02:26.651934+00:00,,,,,,,,
2026-07-12T05:13:30.065072+00:00,spot_4,Spot 4,Empty,2026-07-12T03:02:26.651943+00:00,,,,,,,,
2026-07-12T05:13:30.065072+00:00,spot_5,Spot 5,Empty,2026-07-12T03:16:20.075827+00:00,,,,,,,,
2026-07-12T05:13:30.065072+00:00,spot_6,Spot 6,Empty,2026-07-12T03:02:26.651957+00:00,,,,,,,,
2026-07-12T05:13:30.065072+00:00,spot_7,Spot 7,Empty,2026-07-12T03:02:26.651964+00:00,,,,,,,,
2026-07-12T05:13:30.065072+00:00,spot_8,Spot 8,Empty,2026-07-12T05:13:30.065072+00:00,,,,,,,,
2026-07-12T05:13:30.065072+00:00,spot_9,Spot 9,Empty,2026-07-12T03:02:26.651977+00:00,,,,,,,,
2026-07-12T05:13:30.065072+00:00,spot_10,Spot 10,Empty,2026-07-12T03:06:19.142482+00:00,,,,,,,,
2026-07-12T05:13:30.065072+00:00,spot_11,Spot 11,Empty,2026-07-12T03:03:18.523817+00:00,,,,,,,,
2026-07-12T05:13:30.065072+00:00,spot_12,Spot 12,Empty,2026-07-12T03:22:19.442603+00:00,,,,,,,,
2026-07-12T05:13:30.065072+00:00,spot_13,Spot 13,Empty,2026-07-12T04:34:19.150717+00:00,,,,,,,,
2026-07-12T05:13:30.065072+00:00,spot_14,Spot 14,Empty,2026-07-12T03:02:26.652011+00:00,,,,,,,,
2026-07-12T05:13:30.065072+00:00,spot_15,Spot 15,Empty,2026-07-12T03:02:26.652017+00:00,,,,,,,,
2026-07-12T05:13:30.065072+00:00,spot_16,Spot 16,Empty,2026-07-12T03:02:26.652024+00:00,,,,,,,,
2026-07-12T05:13:30.065072+00:00,spot_17,Spot 17,Empty,2026-07-12T03:02:26.652031+00:00,,,,,,,,
2026-07-12T05:14:37.955458+00:00,spot_1,Spot 1,Empty,2026-07-12T03:02:26.651889+00:00,,,,,,,,
2026-07-12T05:14:37.955458+00:00,spot_2,Spot 2,Empty,2026-07-12T03:02:26.651924+00:00,,,,,,,,
2026-07-12T05:14:37.955458+00:00,spot_3,Spot 3,Empty,2026-07-12T03:02:26.651934+00:00,,,,,,,,
2026-07-12T05:14:37.955458+00:00,spot_4,Spot 4,Empty,2026-07-12T03:02:26.651943+00:00,,,,,,,,
2026-07-12T05:14:37.955458+00:00,spot_5,Spot 5,Empty,2026-07-12T03:16:20.075827+00:00,,,,,,,,
2026-07-12T05:14:37.955458+00:00,spot_6,Spot 6,Empty,2026-07-12T03:02:26.651957+00:00,,,,,,,,
2026-07-12T05:14:37.955458+00:00,spot_7,Spot 7,Empty,2026-07-12T03:02:26.651964+00:00,,,,,,,,
2026-07-12T05:14:37.955458+00:00,spot_8,Spot 8,Empty,2026-07-12T05:13:30.065072+00:00,,,,,,,,
2026-07-12T05:14:37.955458+00:00,spot_9,Spot 9,Empty,2026-07-12T03:02:26.651977+00:00,,,,,,,,
2026-07-12T05:14:37.955458+00:00,spot_10,Spot 10,Empty,2026-07-12T03:06:19.142482+00:00,,,,,,,,
2026-07-12T05:14:37.955458+00:00,spot_11,Spot 11,Empty,2026-07-12T03:03:18.523817+00:00,,,,,,,,
2026-07-12T05:14:37.955458+00:00,spot_12,Spot 12,Empty,2026-07-12T03:22:19.442603+00:00,,,,,,,,
2026-07-12T05:14:37.955458+00:00,spot_13,Spot 13,Empty,2026-07-12T04:34:19.150717+00:00,,,,,,,,
2026-07-12T05:14:37.955458+00:00,spot_14,Spot 14,Empty,2026-07-12T03:02:26.652011+00:00,,,,,,,,
2026-07-12T05:14:37.955458+00:00,spot_15,Spot 15,Empty,2026-07-12T03:02:26.652017+00:00,,,,,,,,
2026-07-12T05:14:37.955458+00:00,spot_16,Spot 16,Empty,2026-07-12T03:02:26.652024+00:00,,,,,,,,
2026-07-12T05:14:37.955458+00:00,spot_17,Spot 17,Empty,2026-07-12T03:02:26.652031+00:00,,,,,,,,
2026-07-12T05:15:37.751704+00:00,spot_1,Spot 1,Empty,2026-07-12T03:02:26.651889+00:00,,,,,,,,
2026-07-12T05:15:37.751704+00:00,spot_2,Spot 2,Empty,2026-07-12T03:02:26.651924+00:00,,,,,,,,
2026-07-12T05:15:37.751704+00:00,spot_3,Spot 3,Empty,2026-07-12T03:02:26.651934+00:00,,,,,,,,
2026-07-12T05:15:37.751704+00:00,spot_4,Spot 4,Empty,2026-07-12T03:02:26.651943+00:00,,,,,,,,
2026-07-12T05:15:37.751704+00:00,spot_5,Spot 5,Empty,2026-07-12T03:16:20.075827+00:00,,,,,,,,
2026-07-12T05:15:37.751704+00:00,spot_6,Spot 6,Empty,2026-07-12T03:02:26.651957+00:00,,,,,,,,
2026-07-12T05:15:37.751704+00:00,spot_7,Spot 7,Empty,2026-07-12T03:02:26.651964+00:00,,,,,,,,
2026-07-12T05:15:37.751704+00:00,spot_8,Spot 8,Empty,2026-07-12T05:13:30.065072+00:00,,,,,,,,
2026-07-12T05:15:37.751704+00:00,spot_9,Spot 9,Empty,2026-07-12T03:02:26.651977+00:00,,,,,,,,
2026-07-12T05:15:37.751704+00:00,spot_10,Spot 10,Empty,2026-07-12T03:06:19.142482+00:00,,,,,,,,
2026-07-12T05:15:37.751704+00:00,spot_11,Spot 11,Empty,2026-07-12T03:03:18.523817+00:00,,,,,,,,
2026-07-12T05:15:37.751704+00:00,spot_12,Spot 12,Empty,2026-07-12T03:22:19.442603+00:00,,,,,,,,
2026-07-12T05:15:37.751704+00:00,spot_13,Spot 13,Empty,2026-07-12T04:34:19.150717+00:00,,,,,,,,
2026-07-12T05:15:37.751704+00:00,spot_14,Spot 14,Empty,2026-07-12T03:02:26.652011+00:00,,,,,,,,
2026-07-12T05:15:37.751704+00:00,spot_15,Spot 15,Empty,2026-07-12T03:02:26.652017+00:00,,,,,,,,
2026-07-12T05:15:37.751704+00:00,spot_16,Spot 16,Empty,2026-07-12T03:02:26.652024+00:00,,,,,,,,
2026-07-12T05:15:37.751704+00:00,spot_17,Spot 17,Empty,2026-07-12T03:02:26.652031+00:00,,,,,,,,
2026-07-12T05:16:30.478674+00:00,spot_1,Spot 1,Empty,2026-07-12T03:02:26.651889+00:00,,,,,,,,
2026-07-12T05:16:30.478674+00:00,spot_2,Spot 2,Empty,2026-07-12T03:02:26.651924+00:00,,,,,,,,
2026-07-12T05:16:30.478674+00:00,spot_3,Spot 3,Empty,2026-07-12T03:02:26.651934+00:00,,,,,,,,
2026-07-12T05:16:30.478674+00:00,spot_4,Spot 4,Empty,2026-07-12T03:02:26.651943+00:00,,,,,,,,
2026-07-12T05:16:30.478674+00:00,spot_5,Spot 5,Empty,2026-07-12T03:16:20.075827+00:00,,,,,,,,
2026-07-12T05:16:30.478674+00:00,spot_6,Spot 6,Empty,2026-07-12T03:02:26.651957+00:00,,,,,,,,
2026-07-12T05:16:30.478674+00:00,spot_7,Spot 7,Empty,2026-07-12T03:02:26.651964+00:00,,,,,,,,
2026-07-12T05:16:30.478674+00:00,spot_8,Spot 8,Empty,2026-07-12T05:13:30.065072+00:00,,,,,,,,
2026-07-12T05:16:30.478674+00:00,spot_9,Spot 9,Empty,2026-07-12T03:02:26.651977+00:00,,,,,,,,
2026-07-12T05:16:30.478674+00:00,spot_10,Spot 10,Empty,2026-07-12T03:06:19.142482+00:00,,,,,,,,
2026-07-12T05:16:30.478674+00:00,spot_11,Spot 11,Empty,2026-07-12T03:03:18.523817+00:00,,,,,,,,
2026-07-12T05:16:30.478674+00:00,spot_12,Spot 12,Empty,2026-07-12T03:22:19.442603+00:00,,,,,,,,
2026-07-12T05:16:30.478674+00:00,spot_13,Spot 13,Empty,2026-07-12T04:34:19.150717+00:00,,,,,,,,
2026-07-12T05:16:30.478674+00:00,spot_14,Spot 14,Empty,2026-07-12T03:02:26.652011+00:00,,,,,,,,
2026-07-12T05:16:30.478674+00:00,spot_15,Spot 15,Empty,2026-07-12T03:02:26.652017+00:00,,,,,,,,
2026-07-12T05:16:30.478674+00:00,spot_16,Spot 16,Empty,2026-07-12T03:02:26.652024+00:00,,,,,,,,
2026-07-12T05:16:30.478674+00:00,spot_17,Spot 17,Empty,2026-07-12T03:02:26.652031+00:00,,,,,,,,
2026-07-12T05:17:38.913208+00:00,spot_1,Spot 1,Empty,2026-07-12T03:02:26.651889+00:00,,,,,,,,
2026-07-12T05:17:38.913208+00:00,spot_2,Spot 2,Empty,2026-07-12T03:02:26.651924+00:00,,,,,,,,
2026-07-12T05:17:38.913208+00:00,spot_3,Spot 3,Empty,2026-07-12T03:02:26.651934+00:00,,,,,,,,
2026-07-12T05:17:38.913208+00:00,spot_4,Spot 4,Empty,2026-07-12T03:02:26.651943+00:00,,,,,,,,
2026-07-12T05:17:38.913208+00:00,spot_5,Spot 5,Empty,2026-07-12T03:16:20.075827+00:00,,,,,,,,
2026-07-12T05:17:38.913208+00:00,spot_6,Spot 6,Empty,2026-07-12T03:02:26.651957+00:00,,,,,,,,
2026-07-12T05:17:38.913208+00:00,spot_7,Spot 7,Empty,2026-07-12T03:02:26.651964+00:00,,,,,,,,
2026-07-12T05:17:38.913208+00:00,spot_8,Spot 8,Empty,2026-07-12T05:13:30.065072+00:00,,,,,,,,
2026-07-12T05:17:38.913208+00:00,spot_9,Spot 9,Empty,2026-07-12T03:02:26.651977+00:00,,,,,,,,
2026-07-12T05:17:38.913208+00:00,spot_10,Spot 10,Empty,2026-07-12T03:06:19.142482+00:00,,,,,,,,
2026-07-12T05:17:38.913208+00:00,spot_11,Spot 11,Empty,2026-07-12T03:03:18.523817+00:00,,,,,,,,
2026-07-12T05:17:38.913208+00:00,spot_12,Spot 12,Empty,2026-07-12T03:22:19.442603+00:00,,,,,,,,
2026-07-12T05:17:38.913208+00:00,spot_13,Spot 13,Empty,2026-07-12T04:34:19.150717+00:00,,,,,,,,
2026-07-12T05:17:38.913208+00:00,spot_14,Spot 14,Empty,2026-07-12T03:02:26.652011+00:00,,,,,,,,
2026-07-12T05:17:38.913208+00:00,spot_15,Spot 15,Empty,2026-07-12T03:02:26.652017+00:00,,,,,,,,
2026-07-12T05:17:38.913208+00:00,spot_16,Spot 16,Empty,2026-07-12T03:02:26.652024+00:00,,,,,,,,
2026-07-12T05:17:38.913208+00:00,spot_17,Spot 17,Empty,2026-07-12T03:02:26.652031+00:00,,,,,,,,
2026-07-12T05:18:37.119139+00:00,spot_1,Spot 1,Empty,2026-07-12T03:02:26.651889+00:00,,,,,,,,
2026-07-12T05:18:37.119139+00:00,spot_2,Spot 2,Empty,2026-07-12T03:02:26.651924+00:00,,,,,,,,
2026-07-12T05:18:37.119139+00:00,spot_3,Spot 3,Empty,2026-07-12T03:02:26.651934+00:00,,,,,,,,
2026-07-12T05:18:37.119139+00:00,spot_4,Spot 4,Empty,2026-07-12T03:02:26.651943+00:00,,,,,,,,
2026-07-12T05:18:37.119139+00:00,spot_5,Spot 5,Empty,2026-07-12T03:16:20.075827+00:00,,,,,,,,
2026-07-12T05:18:37.119139+00:00,spot_6,Spot 6,Empty,2026-07-12T03:02:26.651957+00:00,,,,,,,,
2026-07-12T05:18:37.119139+00:00,spot_7,Spot 7,Empty,2026-07-12T03:02:26.651964+00:00,,,,,,,,
2026-07-12T05:18:37.119139+00:00,spot_8,Spot 8,Empty,2026-07-12T05:13:30.065072+00:00,,,,,,,,
2026-07-12T05:18:37.119139+00:00,spot_9,Spot 9,Empty,2026-07-12T03:02:26.651977+00:00,,,,,,,,
2026-07-12T05:18:37.119139+00:00,spot_10,Spot 10,Empty,2026-07-12T03:06:19.142482+00:00,,,,,,,,
2026-07-12T05:18:37.119139+00:00,spot_11,Spot 11,Empty,2026-07-12T03:03:18.523817+00:00,,,,,,,,
2026-07-12T05:18:37.119139+00:00,spot_12,Spot 12,Empty,2026-07-12T03:22:19.442603+00:00,,,,,,,,
2026-07-12T05:18:37.119139+00:00,spot_13,Spot 13,Empty,2026-07-12T04:34:19.150717+00:00,,,,,,,,
2026-07-12T05:18:37.119139+00:00,spot_14,Spot 14,Empty,2026-07-12T03:02:26.652011+00:00,,,,,,,,
2026-07-12T05:18:37.119139+00:00,spot_15,Spot 15,Empty,2026-07-12T03:02:26.652017+00:00,,,,,,,,
2026-07-12T05:18:37.119139+00:00,spot_16,Spot 16,Empty,2026-07-12T03:02:26.652024+00:00,,,,,,,,
2026-07-12T05:18:37.119139+00:00,spot_17,Spot 17,Empty,2026-07-12T03:02:26.652031+00:00,,,,,,,,
2026-07-12T05:19:33.074593+00:00,spot_1,Spot 1,Empty,2026-07-12T03:02:26.651889+00:00,,,,,,,,
2026-07-12T05:19:33.074593+00:00,spot_2,Spot 2,Empty,2026-07-12T03:02:26.651924+00:00,,,,,,,,
2026-07-12T05:19:33.074593+00:00,spot_3,Spot 3,Empty,2026-07-12T03:02:26.651934+00:00,,,,,,,,
2026-07-12T05:19:33.074593+00:00,spot_4,Spot 4,Empty,2026-07-12T03:02:26.651943+00:00,,,,,,,,
2026-07-12T05:19:33.074593+00:00,spot_5,Spot 5,Empty,2026-07-12T03:16:20.075827+00:00,,,,,,,,
2026-07-12T05:19:33.074593+00:00,spot_6,Spot 6,Empty,2026-07-12T03:02:26.651957+00:00,,,,,,,,
2026-07-12T05:19:33.074593+00:00,spot_7,Spot 7,Empty,2026-07-12T03:02:26.651964+00:00,,,,,,,,
2026-07-12T05:19:33.074593+00:00,spot_8,Spot 8,Empty,2026-07-12T05:13:30.065072+00:00,,,,,,,,
2026-07-12T05:19:33.074593+00:00,spot_9,Spot 9,Empty,2026-07-12T03:02:26.651977+00:00,,,,,,,,
2026-07-12T05:19:33.074593+00:00,spot_10,Spot 10,Empty,2026-07-12T03:06:19.142482+00:00,,,,,,,,
2026-07-12T05:19:33.074593+00:00,spot_11,Spot 11,Empty,2026-07-12T03:03:18.523817+00:00,,,,,,,,
2026-07-12T05:19:33.074593+00:00,spot_12,Spot 12,Empty,2026-07-12T03:22:19.442603+00:00,,,,,,,,
2026-07-12T05:19:33.074593+00:00,spot_13,Spot 13,Empty,2026-07-12T04:34:19.150717+00:00,,,,,,,,
2026-07-12T05:19:33.074593+00:00,spot_14,Spot 14,Empty,2026-07-12T03:02:26.652011+00:00,,,,,,,,
2026-07-12T05:19:33.074593+00:00,spot_15,Spot 15,Empty,2026-07-12T03:02:26.652017+00:00,,,,,,,,
2026-07-12T05:19:33.074593+00:00,spot_16,Spot 16,Empty,2026-07-12T03:02:26.652024+00:00,,,,,,,,
2026-07-12T05:19:33.074593+00:00,spot_17,Spot 17,Empty,2026-07-12T03:02:26.652031+00:00,,,,,,,,
2026-07-12T05:20:18.905894+00:00,spot_1,Spot 1,Empty,2026-07-12T03:02:26.651889+00:00,,,,,,,,
2026-07-12T05:20:18.905894+00:00,spot_2,Spot 2,Empty,2026-07-12T03:02:26.651924+00:00,,,,,,,,
2026-07-12T05:20:18.905894+00:00,spot_3,Spot 3,Empty,2026-07-12T03:02:26.651934+00:00,,,,,,,,
2026-07-12T05:20:18.905894+00:00,spot_4,Spot 4,Empty,2026-07-12T03:02:26.651943+00:00,,,,,,,,
2026-07-12T05:20:18.905894+00:00,spot_5,Spot 5,Empty,2026-07-12T03:16:20.075827+00:00,,,,,,,,
2026-07-12T05:20:18.905894+00:00,spot_6,Spot 6,Empty,2026-07-12T03:02:26.651957+00:00,,,,,,,,
2026-07-12T05:20:18.905894+00:00,spot_7,Spot 7,Empty,2026-07-12T03:02:26.651964+00:00,,,,,,,,
2026-07-12T05:20:18.905894+00:00,spot_8,Spot 8,Empty,2026-07-12T05:13:30.065072+00:00,,,,,,,,
2026-07-12T05:20:18.905894+00:00,spot_9,Spot 9,Empty,2026-07-12T03:02:26.651977+00:00,,,,,,,,
2026-07-12T05:20:18.905894+00:00,spot_10,Spot 10,Empty,2026-07-12T03:06:19.142482+00:00,,,,,,,,
2026-07-12T05:20:18.905894+00:00,spot_11,Spot 11,Empty,2026-07-12T03:03:18.523817+00:00,,,,,,,,
2026-07-12T05:20:18.905894+00:00,spot_12,Spot 12,Empty,2026-07-12T03:22:19.442603+00:00,,,,,,,,
2026-07-12T05:20:18.905894+00:00,spot_13,Spot 13,Empty,2026-07-12T04:34:19.150717+00:00,,,,,,,,
2026-07-12T05:20:18.905894+00:00,spot_14,Spot 14,Empty,2026-07-12T03:02:26.652011+00:00,,,,,,,,
2026-07-12T05:20:18.905894+00:00,spot_15,Spot 15,Empty,2026-07-12T03:02:26.652017+00:00,,,,,,,,
2026-07-12T05:20:18.905894+00:00,spot_16,Spot 16,Empty,2026-07-12T03:02:26.652024+00:00,,,,,,,,
2026-07-12T05:20:18.905894+00:00,spot_17,Spot 17,Empty,2026-07-12T03:02:26.652031+00:00,,,,,,,,
2026-07-12T05:21:28.436996+00:00,spot_1,Spot 1,Empty,2026-07-12T03:02:26.651889+00:00,,,,,,,,
2026-07-12T05:21:28.436996+00:00,spot_2,Spot 2,Empty,2026-07-12T03:02:26.651924+00:00,,,,,,,,
2026-07-12T05:21:28.436996+00:00,spot_3,Spot 3,Empty,2026-07-12T03:02:26.651934+00:00,,,,,,,,
2026-07-12T05:21:28.436996+00:00,spot_4,Spot 4,Empty,2026-07-12T03:02:26.651943+00:00,,,,,,,,
2026-07-12T05:21:28.436996+00:00,spot_5,Spot 5,Empty,2026-07-12T03:16:20.075827+00:00,,,,,,,,
2026-07-12T05:21:28.436996+00:00,spot_6,Spot 6,Empty,2026-07-12T03:02:26.651957+00:00,,,,,,,,
2026-07-12T05:21:28.436996+00:00,spot_7,Spot 7,Empty,2026-07-12T03:02:26.651964+00:00,,,,,,,,
2026-07-12T05:21:28.436996+00:00,spot_8,Spot 8,Empty,2026-07-12T05:13:30.065072+00:00,,,,,,,,
2026-07-12T05:21:28.436996+00:00,spot_9,Spot 9,Empty,2026-07-12T03:02:26.651977+00:00,,,,,,,,
2026-07-12T05:21:28.436996+00:00,spot_10,Spot 10,Empty,2026-07-12T03:06:19.142482+00:00,,,,,,,,
2026-07-12T05:21:28.436996+00:00,spot_11,Spot 11,Empty,2026-07-12T03:03:18.523817+00:00,,,,,,,,
2026-07-12T05:21:28.436996+00:00,spot_12,Spot 12,Empty,2026-07-12T03:22:19.442603+00:00,,,,,,,,
2026-07-12T05:21:28.436996+00:00,spot_13,Spot 13,Empty,2026-07-12T04:34:19.150717+00:00,,,,,,,,
2026-07-12T05:21:28.436996+00:00,spot_14,Spot 14,Empty,2026-07-12T03:02:26.652011+00:00,,,,,,,,
2026-07-12T05:21:28.436996+00:00,spot_15,Spot 15,Empty,2026-07-12T03:02:26.652017+00:00,,,,,,,,
2026-07-12T05:21:28.436996+00:00,spot_16,Spot 16,Empty,2026-07-12T03:02:26.652024+00:00,,,,,,,,
2026-07-12T05:21:28.436996+00:00,spot_17,Spot 17,Empty,2026-07-12T03:02:26.652031+00:00,,,,,,,,
2026-07-12T05:22:18.405523+00:00,spot_1,Spot 1,Empty,2026-07-12T03:02:26.651889+00:00,,,,,,,,
2026-07-12T05:22:18.405523+00:00,spot_2,Spot 2,Empty,2026-07-12T03:02:26.651924+00:00,,,,,,,,
2026-07-12T05:22:18.405523+00:00,spot_3,Spot 3,Empty,2026-07-12T03:02:26.651934+00:00,,,,,,,,
2026-07-12T05:22:18.405523+00:00,spot_4,Spot 4,Empty,2026-07-12T03:02:26.651943+00:00,,,,,,,,
2026-07-12T05:22:18.405523+00:00,spot_5,Spot 5,Empty,2026-07-12T03:16:20.075827+00:00,,,,,,,,
2026-07-12T05:22:18.405523+00:00,spot_6,Spot 6,Empty,2026-07-12T03:02:26.651957+00:00,,,,,,,,
2026-07-12T05:22:18.405523+00:00,spot_7,Spot 7,Empty,2026-07-12T03:02:26.651964+00:00,,,,,,,,
2026-07-12T05:22:18.405523+00:00,spot_8,Spot 8,Empty,2026-07-12T05:13:30.065072+00:00,,,,,,,,
2026-07-12T05:22:18.405523+00:00,spot_9,Spot 9,Empty,2026-07-12T03:02:26.651977+00:00,,,,,,,,
2026-07-12T05:22:18.405523+00:00,spot_10,Spot 10,Empty,2026-07-12T03:06:19.142482+00:00,,,,,,,,
2026-07-12T05:22:18.405523+00:00,spot_11,Spot 11,Empty,2026-07-12T03:03:18.523817+00:00,,,,,,,,
2026-07-12T05:22:18.405523+00:00,spot_12,Spot 12,Empty,2026-07-12T03:22:19.442603+00:00,,,,,,,,
2026-07-12T05:22:18.405523+00:00,spot_13,Spot 13,Empty,2026-07-12T04:34:19.150717+00:00,,,,,,,,
2026-07-12T05:22:18.405523+00:00,spot_14,Spot 14,Empty,2026-07-12T03:02:26.652011+00:00,,,,,,,,
2026-07-12T05:22:18.405523+00:00,spot_15,Spot 15,Empty,2026-07-12T03:02:26.652017+00:00,,,,,,,,
2026-07-12T05:22:18.405523+00:00,spot_16,Spot 16,Empty,2026-07-12T03:02:26.652024+00:00,,,,,,,,
2026-07-12T05:22:18.405523+00:00,spot_17,Spot 17,Empty,2026-07-12T03:02:26.652031+00:00,,,,,,,,
2026-07-12T05:23:25.084946+00:00,spot_1,Spot 1,Empty,2026-07-12T03:02:26.651889+00:00,,,,,,,,
2026-07-12T05:23:25.084946+00:00,spot_2,Spot 2,Empty,2026-07-12T03:02:26.651924+00:00,,,,,,,,
2026-07-12T05:23:25.084946+00:00,spot_3,Spot 3,Empty,2026-07-12T03:02:26.651934+00:00,,,,,,,,
2026-07-12T05:23:25.084946+00:00,spot_4,Spot 4,Empty,2026-07-12T03:02:26.651943+00:00,,,,,,,,
2026-07-12T05:23:25.084946+00:00,spot_5,Spot 5,Empty,2026-07-12T03:16:20.075827+00:00,,,,,,,,
2026-07-12T05:23:25.084946+00:00,spot_6,Spot 6,Empty,2026-07-12T03:02:26.651957+00:00,,,,,,,,
2026-07-12T05:23:25.084946+00:00,spot_7,Spot 7,Empty,2026-07-12T03:02:26.651964+00:00,,,,,,,,
2026-07-12T05:23:25.084946+00:00,spot_8,Spot 8,Empty,2026-07-12T05:13:30.065072+00:00,,,,,,,,
2026-07-12T05:23:25.084946+00:00,spot_9,Spot 9,Empty,2026-07-12T03:02:26.651977+00:00,,,,,,,,
2026-07-12T05:23:25.084946+00:00,spot_10,Spot 10,Empty,2026-07-12T03:06:19.142482+00:00,,,,,,,,
2026-07-12T05:23:25.084946+00:00,spot_11,Spot 11,Empty,2026-07-12T03:03:18.523817+00:00,,,,,,,,
2026-07-12T05:23:25.084946+00:00,spot_12,Spot 12,Empty,2026-07-12T03:22:19.442603+00:00,,,,,,,,
2026-07-12T05:23:25.084946+00:00,spot_13,Spot 13,Empty,2026-07-12T04:34:19.150717+00:00,,,,,,,,
2026-07-12T05:23:25.084946+00:00,spot_14,Spot 14,Empty,2026-07-12T03:02:26.652011+00:00,,,,,,,,
2026-07-12T05:23:25.084946+00:00,spot_15,Spot 15,Empty,2026-07-12T03:02:26.652017+00:00,,,,,,,,
2026-07-12T05:23:25.084946+00:00,spot_16,Spot 16,Empty,2026-07-12T03:02:26.652024+00:00,,,,,,,,
2026-07-12T05:23:25.084946+00:00,spot_17,Spot 17,Empty,2026-07-12T03:02:26.652031+00:00,,,,,,,,
2026-07-12T05:24:18.909972+00:00,spot_1,Spot 1,Empty,2026-07-12T03:02:26.651889+00:00,,,,,,,,
2026-07-12T05:24:18.909972+00:00,spot_2,Spot 2,Empty,2026-07-12T03:02:26.651924+00:00,,,,,,,,
2026-07-12T05:24:18.909972+00:00,spot_3,Spot 3,Empty,2026-07-12T03:02:26.651934+00:00,,,,,,,,
2026-07-12T05:24:18.909972+00:00,spot_4,Spot 4,Empty,2026-07-12T03:02:26.651943+00:00,,,,,,,,
2026-07-12T05:24:18.909972+00:00,spot_5,Spot 5,Empty,2026-07-12T03:16:20.075827+00:00,,,,,,,,
2026-07-12T05:24:18.909972+00:00,spot_6,Spot 6,Empty,2026-07-12T03:02:26.651957+00:00,,,,,,,,
2026-07-12T05:24:18.909972+00:00,spot_7,Spot 7,Empty,2026-07-12T03:02:26.651964+00:00,,,,,,,,
2026-07-12T05:24:18.909972+00:00,spot_8,Spot 8,Empty,2026-07-12T05:13:30.065072+00:00,,,,,,,,
2026-07-12T05:24:18.909972+00:00,spot_9,Spot 9,Empty,2026-07-12T03:02:26.651977+00:00,,,,,,,,
2026-07-12T05:24:18.909972+00:00,spot_10,Spot 10,Empty,2026-07-12T03:06:19.142482+00:00,,,,,,,,
2026-07-12T05:24:18.909972+00:00,spot_11,Spot 11,Empty,2026-07-12T03:03:18.523817+00:00,,,,,,,,
2026-07-12T05:24:18.909972+00:00,spot_12,Spot 12,Empty,2026-07-12T03:22:19.442603+00:00,,,,,,,,
2026-07-12T05:24:18.909972+00:00,spot_13,Spot 13,Empty,2026-07-12T04:34:19.150717+00:00,,,,,,,,
2026-07-12T05:24:18.909972+00:00,spot_14,Spot 14,Empty,2026-07-12T03:02:26.652011+00:00,,,,,,,,
2026-07-12T05:24:18.909972+00:00,spot_15,Spot 15,Empty,2026-07-12T03:02:26.652017+00:00,,,,,,,,
2026-07-12T05:24:18.909972+00:00,spot_16,Spot 16,Empty,2026-07-12T03:02:26.652024+00:00,,,,,,,,
2026-07-12T05:24:18.909972+00:00,spot_17,Spot 17,Empty,2026-07-12T03:02:26.652031+00:00,,,,,,,,
2026-07-12T05:25:20.861253+00:00,spot_1,Spot 1,Empty,2026-07-12T03:02:26.651889+00:00,,,,,,,,
2026-07-12T05:25:20.861253+00:00,spot_2,Spot 2,Empty,2026-07-12T03:02:26.651924+00:00,,,,,,,,
2026-07-12T05:25:20.861253+00:00,spot_3,Spot 3,Empty,2026-07-12T03:02:26.651934+00:00,,,,,,,,
2026-07-12T05:25:20.861253+00:00,spot_4,Spot 4,Empty,2026-07-12T03:02:26.651943+00:00,,,,,,,,
2026-07-12T05:25:20.861253+00:00,spot_5,Spot 5,Empty,2026-07-12T03:16:20.075827+00:00,,,,,,,,
2026-07-12T05:25:20.861253+00:00,spot_6,Spot 6,Empty,2026-07-12T03:02:26.651957+00:00,,,,,,,,
2026-07-12T05:25:20.861253+00:00,spot_7,Spot 7,Empty,2026-07-12T03:02:26.651964+00:00,,,,,,,,
2026-07-12T05:25:20.861253+00:00,spot_8,Spot 8,Empty,2026-07-12T05:13:30.065072+00:00,,,,,,,,
2026-07-12T05:25:20.861253+00:00,spot_9,Spot 9,Empty,2026-07-12T03:02:26.651977+00:00,,,,,,,,
2026-07-12T05:25:20.861253+00:00,spot_10,Spot 10,Empty,2026-07-12T03:06:19.142482+00:00,,,,,,,,
2026-07-12T05:25:20.861253+00:00,spot_11,Spot 11,Empty,2026-07-12T03:03:18.523817+00:00,,,,,,,,
2026-07-12T05:25:20.861253+00:00,spot_12,Spot 12,Empty,2026-07-12T03:22:19.442603+00:00,,,,,,,,
2026-07-12T05:25:20.861253+00:00,spot_13,Spot 13,Empty,2026-07-12T04:34:19.150717+00:00,,,,,,,,
2026-07-12T05:25:20.861253+00:00,spot_14,Spot 14,Empty,2026-07-12T03:02:26.652011+00:00,,,,,,,,
2026-07-12T05:25:20.861253+00:00,spot_15,Spot 15,Empty,2026-07-12T03:02:26.652017+00:00,,,,,,,,
2026-07-12T05:25:20.861253+00:00,spot_16,Spot 16,Empty,2026-07-12T03:02:26.652024+00:00,,,,,,,,
2026-07-12T05:25:20.861253+00:00,spot_17,Spot 17,Empty,2026-07-12T03:02:26.652031+00:00,,,,,,,,
2026-07-12T05:26:18.698411+00:00,spot_1,Spot 1,Empty,2026-07-12T03:02:26.651889+00:00,,,,,,,,
2026-07-12T05:26:18.698411+00:00,spot_2,Spot 2,Empty,2026-07-12T03:02:26.651924+00:00,,,,,,,,
2026-07-12T05:26:18.698411+00:00,spot_3,Spot 3,Empty,2026-07-12T03:02:26.651934+00:00,,,,,,,,
2026-07-12T05:26:18.698411+00:00,spot_4,Spot 4,Empty,2026-07-12T03:02:26.651943+00:00,,,,,,,,
2026-07-12T05:26:18.698411+00:00,spot_5,Spot 5,Empty,2026-07-12T03:16:20.075827+00:00,,,,,,,,
2026-07-12T05:26:18.698411+00:00,spot_6,Spot 6,Empty,2026-07-12T03:02:26.651957+00:00,,,,,,,,
2026-07-12T05:26:18.698411+00:00,spot_7,Spot 7,Empty,2026-07-12T03:02:26.651964+00:00,,,,,,,,
2026-07-12T05:26:18.698411+00:00,spot_8,Spot 8,Empty,2026-07-12T05:13:30.065072+00:00,,,,,,,,
2026-07-12T05:26:18.698411+00:00,spot_9,Spot 9,Empty,2026-07-12T03:02:26.651977+00:00,,,,,,,,
2026-07-12T05:26:18.698411+00:00,spot_10,Spot 10,Empty,2026-07-12T03:06:19.142482+00:00,,,,,,,,
2026-07-12T05:26:18.698411+00:00,spot_11,Spot 11,Empty,2026-07-12T03:03:18.523817+00:00,,,,,,,,
2026-07-12T05:26:18.698411+00:00,spot_12,Spot 12,Empty,2026-07-12T03:22:19.442603+00:00,,,,,,,,
2026-07-12T05:26:18.698411+00:00,spot_13,Spot 13,Empty,2026-07-12T04:34:19.150717+00:00,,,,,,,,
2026-07-12T05:26:18.698411+00:00,spot_14,Spot 14,Empty,2026-07-12T03:02:26.652011+00:00,,,,,,,,
2026-07-12T05:26:18.698411+00:00,spot_15,Spot 15,Empty,2026-07-12T03:02:26.652017+00:00,,,,,,,,
2026-07-12T05:26:18.698411+00:00,spot_16,Spot 16,Empty,2026-07-12T03:02:26.652024+00:00,,,,,,,,
2026-07-12T05:26:18.698411+00:00,spot_17,Spot 17,Empty,2026-07-12T03:02:26.652031+00:00,,,,,,,,
2026-07-12T05:27:18.233209+00:00,spot_1,Spot 1,Empty,2026-07-12T03:02:26.651889+00:00,,,,,,,,
2026-07-12T05:27:18.233209+00:00,spot_2,Spot 2,Empty,2026-07-12T03:02:26.651924+00:00,,,,,,,,
2026-07-12T05:27:18.233209+00:00,spot_3,Spot 3,Empty,2026-07-12T03:02:26.651934+00:00,,,,,,,,
2026-07-12T05:27:18.233209+00:00,spot_4,Spot 4,Empty,2026-07-12T03:02:26.651943+00:00,,,,,,,,
2026-07-12T05:27:18.233209+00:00,spot_5,Spot 5,Empty,2026-07-12T03:16:20.075827+00:00,,,,,,,,
2026-07-12T05:27:18.233209+00:00,spot_6,Spot 6,Empty,2026-07-12T03:02:26.651957+00:00,,,,,,,,
2026-07-12T05:27:18.233209+00:00,spot_7,Spot 7,Empty,2026-07-12T03:02:26.651964+00:00,,,,,,,,
2026-07-12T05:27:18.233209+00:00,spot_8,Spot 8,Empty,2026-07-12T05:13:30.065072+00:00,,,,,,,,
2026-07-12T05:27:18.233209+00:00,spot_9,Spot 9,Empty,2026-07-12T03:02:26.651977+00:00,,,,,,,,
2026-07-12T05:27:18.233209+00:00,spot_10,Spot 10,Empty,2026-07-12T03:06:19.142482+00:00,,,,,,,,
2026-07-12T05:27:18.233209+00:00,spot_11,Spot 11,Empty,2026-07-12T03:03:18.523817+00:00,,,,,,,,
2026-07-12T05:27:18.233209+00:00,spot_12,Spot 12,Empty,2026-07-12T03:22:19.442603+00:00,,,,,,,,
2026-07-12T05:27:18.233209+00:00,spot_13,Spot 13,Empty,2026-07-12T04:34:19.150717+00:00,,,,,,,,
2026-07-12T05:27:18.233209+00:00,spot_14,Spot 14,Empty,2026-07-12T03:02:26.652011+00:00,,,,,,,,
2026-07-12T05:27:18.233209+00:00,spot_15,Spot 15,Empty,2026-07-12T03:02:26.652017+00:00,,,,,,,,
2026-07-12T05:27:18.233209+00:00,spot_16,Spot 16,Empty,2026-07-12T03:02:26.652024+00:00,,,,,,,,
2026-07-12T05:27:18.233209+00:00,spot_17,Spot 17,Empty,2026-07-12T03:02:26.652031+00:00,,,,,,,,
2026-07-12T05:28:21.453495+00:00,spot_1,Spot 1,Empty,2026-07-12T03:02:26.651889+00:00,,,,,,,,
2026-07-12T05:28:21.453495+00:00,spot_2,Spot 2,Empty,2026-07-12T03:02:26.651924+00:00,,,,,,,,
2026-07-12T05:28:21.453495+00:00,spot_3,Spot 3,Empty,2026-07-12T03:02:26.651934+00:00,,,,,,,,
2026-07-12T05:28:21.453495+00:00,spot_4,Spot 4,Empty,2026-07-12T03:02:26.651943+00:00,,,,,,,,
2026-07-12T05:28:21.453495+00:00,spot_5,Spot 5,Empty,2026-07-12T03:16:20.075827+00:00,,,,,,,,
2026-07-12T05:28:21.453495+00:00,spot_6,Spot 6,Empty,2026-07-12T03:02:26.651957+00:00,,,,,,,,
2026-07-12T05:28:21.453495+00:00,spot_7,Spot 7,Empty,2026-07-12T03:02:26.651964+00:00,,,,,,,,
2026-07-12T05:28:21.453495+00:00,spot_8,Spot 8,Empty,2026-07-12T05:13:30.065072+00:00,,,,,,,,
2026-07-12T05:28:21.453495+00:00,spot_9,Spot 9,Empty,2026-07-12T03:02:26.651977+00:00,,,,,,,,
2026-07-12T05:28:21.453495+00:00,spot_10,Spot 10,Empty,2026-07-12T03:06:19.142482+00:00,,,,,,,,
2026-07-12T05:28:21.453495+00:00,spot_11,Spot 11,Empty,2026-07-12T03:03:18.523817+00:00,,,,,,,,
2026-07-12T05:28:21.453495+00:00,spot_12,Spot 12,Empty,2026-07-12T03:22:19.442603+00:00,,,,,,,,
2026-07-12T05:28:21.453495+00:00,spot_13,Spot 13,Empty,2026-07-12T04:34:19.150717+00:00,,,,,,,,
2026-07-12T05:28:21.453495+00:00,spot_14,Spot 14,Empty,2026-07-12T03:02:26.652011+00:00,,,,,,,,
2026-07-12T05:28:21.453495+00:00,spot_15,Spot 15,Empty,2026-07-12T03:02:26.652017+00:00,,,,,,,,
2026-07-12T05:28:21.453495+00:00,spot_16,Spot 16,Empty,2026-07-12T03:02:26.652024+00:00,,,,,,,,
2026-07-12T05:28:21.453495+00:00,spot_17,Spot 17,Empty,2026-07-12T03:02:26.652031+00:00,,,,,,,,
2026-07-12T05:29:18.615113+00:00,spot_1,Spot 1,Empty,2026-07-12T03:02:26.651889+00:00,,,,,,,,
2026-07-12T05:29:18.615113+00:00,spot_2,Spot 2,Empty,2026-07-12T03:02:26.651924+00:00,,,,,,,,
2026-07-12T05:29:18.615113+00:00,spot_3,Spot 3,Empty,2026-07-12T03:02:26.651934+00:00,,,,,,,,
2026-07-12T05:29:18.615113+00:00,spot_4,Spot 4,Empty,2026-07-12T03:02:26.651943+00:00,,,,,,,,
2026-07-12T05:29:18.615113+00:00,spot_5,Spot 5,Empty,2026-07-12T03:16:20.075827+00:00,,,,,,,,
2026-07-12T05:29:18.615113+00:00,spot_6,Spot 6,Empty,2026-07-12T03:02:26.651957+00:00,,,,,,,,
2026-07-12T05:29:18.615113+00:00,spot_7,Spot 7,Empty,2026-07-12T03:02:26.651964+00:00,,,,,,,,
2026-07-12T05:29:18.615113+00:00,spot_8,Spot 8,Empty,2026-07-12T05:13:30.065072+00:00,,,,,,,,
2026-07-12T05:29:18.615113+00:00,spot_9,Spot 9,Empty,2026-07-12T03:02:26.651977+00:00,,,,,,,,
2026-07-12T05:29:18.615113+00:00,spot_10,Spot 10,Empty,2026-07-12T03:06:19.142482+00:00,,,,,,,,
2026-07-12T05:29:18.615113+00:00,spot_11,Spot 11,Empty,2026-07-12T03:03:18.523817+00:00,,,,,,,,
2026-07-12T05:29:18.615113+00:00,spot_12,Spot 12,Empty,2026-07-12T03:22:19.442603+00:00,,,,,,,,
2026-07-12T05:29:18.615113+00:00,spot_13,Spot 13,Empty,2026-07-12T04:34:19.150717+00:00,,,,,,,,
2026-07-12T05:29:18.615113+00:00,spot_14,Spot 14,Empty,2026-07-12T03:02:26.652011+00:00,,,,,,,,
2026-07-12T05:29:18.615113+00:00,spot_15,Spot 15,Empty,2026-07-12T03:02:26.652017+00:00,,,,,,,,
2026-07-12T05:29:18.615113+00:00,spot_16,Spot 16,Empty,2026-07-12T03:02:26.652024+00:00,,,,,,,,
2026-07-12T05:29:18.615113+00:00,spot_17,Spot 17,Empty,2026-07-12T03:02:26.652031+00:00,,,,,,,,
2026-07-12T05:30:25.813559+00:00,spot_1,Spot 1,Empty,2026-07-12T03:02:26.651889+00:00,,,,,,,,
2026-07-12T05:30:25.813559+00:00,spot_2,Spot 2,Empty,2026-07-12T03:02:26.651924+00:00,,,,,,,,
2026-07-12T05:30:25.813559+00:00,spot_3,Spot 3,Empty,2026-07-12T03:02:26.651934+00:00,,,,,,,,
2026-07-12T05:30:25.813559+00:00,spot_4,Spot 4,Empty,2026-07-12T03:02:26.651943+00:00,,,,,,,,
2026-07-12T05:30:25.813559+00:00,spot_5,Spot 5,Empty,2026-07-12T03:16:20.075827+00:00,,,,,,,,
2026-07-12T05:30:25.813559+00:00,spot_6,Spot 6,Empty,2026-07-12T03:02:26.651957+00:00,,,,,,,,
2026-07-12T05:30:25.813559+00:00,spot_7,Spot 7,Empty,2026-07-12T03:02:26.651964+00:00,,,,,,,,
2026-07-12T05:30:25.813559+00:00,spot_8,Spot 8,Empty,2026-07-12T05:13:30.065072+00:00,,,,,,,,
2026-07-12T05:30:25.813559+00:00,spot_9,Spot 9,Empty,2026-07-12T03:02:26.651977+00:00,,,,,,,,
2026-07-12T05:30:25.813559+00:00,spot_10,Spot 10,Empty,2026-07-12T03:06:19.142482+00:00,,,,,,,,
2026-07-12T05:30:25.813559+00:00,spot_11,Spot 11,Empty,2026-07-12T03:03:18.523817+00:00,,,,,,,,
2026-07-12T05:30:25.813559+00:00,spot_12,Spot 12,Empty,2026-07-12T03:22:19.442603+00:00,,,,,,,,
2026-07-12T05:30:25.813559+00:00,spot_13,Spot 13,Empty,2026-07-12T04:34:19.150717+00:00,,,,,,,,
2026-07-12T05:30:25.813559+00:00,spot_14,Spot 14,Empty,2026-07-12T03:02:26.652011+00:00,,,,,,,,
2026-07-12T05:30:25.813559+00:00,spot_15,Spot 15,Empty,2026-07-12T03:02:26.652017+00:00,,,,,,,,
2026-07-12T05:30:25.813559+00:00,spot_16,Spot 16,Empty,2026-07-12T03:02:26.652024+00:00,,,,,,,,
2026-07-12T05:30:25.813559+00:00,spot_17,Spot 17,Empty,2026-07-12T03:02:26.652031+00:00,,,,,,,,
2026-07-12T05:31:18.552722+00:00,spot_1,Spot 1,Empty,2026-07-12T03:02:26.651889+00:00,,,,,,,,
2026-07-12T05:31:18.552722+00:00,spot_2,Spot 2,Empty,2026-07-12T03:02:26.651924+00:00,,,,,,,,
2026-07-12T05:31:18.552722+00:00,spot_3,Spot 3,Empty,2026-07-12T03:02:26.651934+00:00,,,,,,,,
2026-07-12T05:31:18.552722+00:00,spot_4,Spot 4,Empty,2026-07-12T03:02:26.651943+00:00,,,,,,,,
2026-07-12T05:31:18.552722+00:00,spot_5,Spot 5,Empty,2026-07-12T03:16:20.075827+00:00,,,,,,,,
2026-07-12T05:31:18.552722+00:00,spot_6,Spot 6,Empty,2026-07-12T03:02:26.651957+00:00,,,,,,,,
2026-07-12T05:31:18.552722+00:00,spot_7,Spot 7,Empty,2026-07-12T03:02:26.651964+00:00,,,,,,,,
2026-07-12T05:31:18.552722+00:00,spot_8,Spot 8,Empty,2026-07-12T05:13:30.065072+00:00,,,,,,,,
2026-07-12T05:31:18.552722+00:00,spot_9,Spot 9,Empty,2026-07-12T03:02:26.651977+00:00,,,,,,,,
2026-07-12T05:31:18.552722+00:00,spot_10,Spot 10,Empty,2026-07-12T03:06:19.142482+00:00,,,,,,,,
2026-07-12T05:31:18.552722+00:00,spot_11,Spot 11,Empty,2026-07-12T03:03:18.523817+00:00,,,,,,,,
2026-07-12T05:31:18.552722+00:00,spot_12,Spot 12,Empty,2026-07-12T03:22:19.442603+00:00,,,,,,,,
2026-07-12T05:31:18.552722+00:00,spot_13,Spot 13,Empty,2026-07-12T04:34:19.150717+00:00,,,,,,,,
2026-07-12T05:31:18.552722+00:00,spot_14,Spot 14,Empty,2026-07-12T03:02:26.652011+00:00,,,,,,,,
2026-07-12T05:31:18.552722+00:00,spot_15,Spot 15,Empty,2026-07-12T03:02:26.652017+00:00,,,,,,,,
2026-07-12T05:31:18.552722+00:00,spot_16,Spot 16,Empty,2026-07-12T03:02:26.652024+00:00,,,,,,,,
2026-07-12T05:31:18.552722+00:00,spot_17,Spot 17,Empty,2026-07-12T03:02:26.652031+00:00,,,,,,,,
2026-07-12T05:32:17.936789+00:00,spot_1,Spot 1,Empty,2026-07-12T03:02:26.651889+00:00,,,,,,,,
2026-07-12T05:32:17.936789+00:00,spot_2,Spot 2,Empty,2026-07-12T03:02:26.651924+00:00,,,,,,,,
2026-07-12T05:32:17.936789+00:00,spot_3,Spot 3,Empty,2026-07-12T03:02:26.651934+00:00,,,,,,,,
2026-07-12T05:32:17.936789+00:00,spot_4,Spot 4,Empty,2026-07-12T03:02:26.651943+00:00,,,,,,,,
2026-07-12T05:32:17.936789+00:00,spot_5,Spot 5,Empty,2026-07-12T03:16:20.075827+00:00,,,,,,,,
2026-07-12T05:32:17.936789+00:00,spot_6,Spot 6,Empty,2026-07-12T03:02:26.651957+00:00,,,,,,,,
2026-07-12T05:32:17.936789+00:00,spot_7,Spot 7,Empty,2026-07-12T03:02:26.651964+00:00,,,,,,,,
2026-07-12T05:32:17.936789+00:00,spot_8,Spot 8,Empty,2026-07-12T05:13:30.065072+00:00,,,,,,,,
2026-07-12T05:32:17.936789+00:00,spot_9,Spot 9,Empty,2026-07-12T03:02:26.651977+00:00,,,,,,,,
2026-07-12T05:32:17.936789+00:00,spot_10,Spot 10,Empty,2026-07-12T03:06:19.142482+00:00,,,,,,,,
2026-07-12T05:32:17.936789+00:00,spot_11,Spot 11,Empty,2026-07-12T03:03:18.523817+00:00,,,,,,,,
2026-07-12T05:32:17.936789+00:00,spot_12,Spot 12,Empty,2026-07-12T03:22:19.442603+00:00,,,,,,,,
2026-07-12T05:32:17.936789+00:00,spot_13,Spot 13,Empty,2026-07-12T04:34:19.150717+00:00,,,,,,,,
2026-07-12T05:32:17.936789+00:00,spot_14,Spot 14,Empty,2026-07-12T03:02:26.652011+00:00,,,,,,,,
2026-07-12T05:32:17.936789+00:00,spot_15,Spot 15,Empty,2026-07-12T03:02:26.652017+00:00,,,,,,,,
2026-07-12T05:32:17.936789+00:00,spot_16,Spot 16,Empty,2026-07-12T03:02:26.652024+00:00,,,,,,,,
2026-07-12T05:32:17.936789+00:00,spot_17,Spot 17,Empty,2026-07-12T03:02:26.652031+00:00,,,,,,,,
2026-07-12T05:33:36.579214+00:00,spot_1,Spot 1,Empty,2026-07-12T03:02:26.651889+00:00,,,,,,,,
2026-07-12T05:33:36.579214+00:00,spot_2,Spot 2,Empty,2026-07-12T03:02:26.651924+00:00,,,,,,,,
2026-07-12T05:33:36.579214+00:00,spot_3,Spot 3,Empty,2026-07-12T03:02:26.651934+00:00,,,,,,,,
2026-07-12T05:33:36.579214+00:00,spot_4,Spot 4,Empty,2026-07-12T03:02:26.651943+00:00,,,,,,,,
2026-07-12T05:33:36.579214+00:00,spot_5,Spot 5,Empty,2026-07-12T03:16:20.075827+00:00,,,,,,,,
2026-07-12T05:33:36.579214+00:00,spot_6,Spot 6,Empty,2026-07-12T03:02:26.651957+00:00,,,,,,,,
2026-07-12T05:33:36.579214+00:00,spot_7,Spot 7,Empty,2026-07-12T03:02:26.651964+00:00,,,,,,,,
2026-07-12T05:33:36.579214+00:00,spot_8,Spot 8,Empty,2026-07-12T05:13:30.065072+00:00,,,,,,,,
2026-07-12T05:33:36.579214+00:00,spot_9,Spot 9,Empty,2026-07-12T03:02:26.651977+00:00,,,,,,,,
2026-07-12T05:33:36.579214+00:00,spot_10,Spot 10,Empty,2026-07-12T03:06:19.142482+00:00,,,,,,,,
2026-07-12T05:33:36.579214+00:00,spot_11,Spot 11,Empty,2026-07-12T03:03:18.523817+00:00,,,,,,,,
2026-07-12T05:33:36.579214+00:00,spot_12,Spot 12,Empty,2026-07-12T03:22:19.442603+00:00,,,,,,,,
2026-07-12T05:33:36.579214+00:00,spot_13,Spot 13,Empty,2026-07-12T04:34:19.150717+00:00,,,,,,,,
2026-07-12T05:33:36.579214+00:00,spot_14,Spot 14,Empty,2026-07-12T03:02:26.652011+00:00,,,,,,,,
2026-07-12T05:33:36.579214+00:00,spot_15,Spot 15,Empty,2026-07-12T03:02:26.652017+00:00,,,,,,,,
2026-07-12T05:33:36.579214+00:00,spot_16,Spot 16,Empty,2026-07-12T03:02:26.652024+00:00,,,,,,,,
2026-07-12T05:33:36.579214+00:00,spot_17,Spot 17,Empty,2026-07-12T03:02:26.652031+00:00,,,,,,,,
2026-07-12T05:34:24.176629+00:00,spot_1,Spot 1,Empty,2026-07-12T03:02:26.651889+00:00,,,,,,,,
2026-07-12T05:34:24.176629+00:00,spot_2,Spot 2,Empty,2026-07-12T03:02:26.651924+00:00,,,,,,,,
2026-07-12T05:34:24.176629+00:00,spot_3,Spot 3,Empty,2026-07-12T03:02:26.651934+00:00,,,,,,,,
2026-07-12T05:34:24.176629+00:00,spot_4,Spot 4,Empty,2026-07-12T03:02:26.651943+00:00,,,,,,,,
2026-07-12T05:34:24.176629+00:00,spot_5,Spot 5,Empty,2026-07-12T03:16:20.075827+00:00,,,,,,,,
2026-07-12T05:34:24.176629+00:00,spot_6,Spot 6,Empty,2026-07-12T03:02:26.651957+00:00,,,,,,,,
2026-07-12T05:34:24.176629+00:00,spot_7,Spot 7,Empty,2026-07-12T03:02:26.651964+00:00,,,,,,,,
2026-07-12T05:34:24.176629+00:00,spot_8,Spot 8,Empty,2026-07-12T05:13:30.065072+00:00,,,,,,,,
2026-07-12T05:34:24.176629+00:00,spot_9,Spot 9,Empty,2026-07-12T03:02:26.651977+00:00,,,,,,,,
2026-07-12T05:34:24.176629+00:00,spot_10,Spot 10,Empty,2026-07-12T03:06:19.142482+00:00,,,,,,,,
2026-07-12T05:34:24.176629+00:00,spot_11,Spot 11,Empty,2026-07-12T03:03:18.523817+00:00,,,,,,,,
2026-07-12T05:34:24.176629+00:00,spot_12,Spot 12,Empty,2026-07-12T03:22:19.442603+00:00,,,,,,,,
2026-07-12T05:34:24.176629+00:00,spot_13,Spot 13,Empty,2026-07-12T04:34:19.150717+00:00,,,,,,,,
2026-07-12T05:34:24.176629+00:00,spot_14,Spot 14,Empty,2026-07-12T03:02:26.652011+00:00,,,,,,,,
2026-07-12T05:34:24.176629+00:00,spot_15,Spot 15,Empty,2026-07-12T03:02:26.652017+00:00,,,,,,,,
2026-07-12T05:34:24.176629+00:00,spot_16,Spot 16,Empty,2026-07-12T03:02:26.652024+00:00,,,,,,,,
2026-07-12T05:34:24.176629+00:00,spot_17,Spot 17,Empty,2026-07-12T03:02:26.652031+00:00,,,,,,,,
2026-07-12T05:35:27.535060+00:00,spot_1,Spot 1,Empty,2026-07-12T03:02:26.651889+00:00,,,,,,,,
2026-07-12T05:35:27.535060+00:00,spot_2,Spot 2,Empty,2026-07-12T03:02:26.651924+00:00,,,,,,,,
2026-07-12T05:35:27.535060+00:00,spot_3,Spot 3,Empty,2026-07-12T03:02:26.651934+00:00,,,,,,,,
2026-07-12T05:35:27.535060+00:00,spot_4,Spot 4,Empty,2026-07-12T03:02:26.651943+00:00,,,,,,,,
2026-07-12T05:35:27.535060+00:00,spot_5,Spot 5,Empty,2026-07-12T03:16:20.075827+00:00,,,,,,,,
2026-07-12T05:35:27.535060+00:00,spot_6,Spot 6,Empty,2026-07-12T03:02:26.651957+00:00,,,,,,,,
2026-07-12T05:35:27.535060+00:00,spot_7,Spot 7,Empty,2026-07-12T03:02:26.651964+00:00,,,,,,,,
2026-07-12T05:35:27.535060+00:00,spot_8,Spot 8,Empty,2026-07-12T05:13:30.065072+00:00,,,,,,,,
2026-07-12T05:35:27.535060+00:00,spot_9,Spot 9,Empty,2026-07-12T03:02:26.651977+00:00,,,,,,,,
2026-07-12T05:35:27.535060+00:00,spot_10,Spot 10,Empty,2026-07-12T03:06:19.142482+00:00,,,,,,,,
2026-07-12T05:35:27.535060+00:00,spot_11,Spot 11,Empty,2026-07-12T03:03:18.523817+00:00,,,,,,,,
2026-07-12T05:35:27.535060+00:00,spot_12,Spot 12,Empty,2026-07-12T03:22:19.442603+00:00,,,,,,,,
2026-07-12T05:35:27.535060+00:00,spot_13,Spot 13,Empty,2026-07-12T04:34:19.150717+00:00,,,,,,,,
2026-07-12T05:35:27.535060+00:00,spot_14,Spot 14,Empty,2026-07-12T03:02:26.652011+00:00,,,,,,,,
2026-07-12T05:35:27.535060+00:00,spot_15,Spot 15,Empty,2026-07-12T03:02:26.652017+00:00,,,,,,,,
2026-07-12T05:35:27.535060+00:00,spot_16,Spot 16,Empty,2026-07-12T03:02:26.652024+00:00,,,,,,,,
2026-07-12T05:35:27.535060+00:00,spot_17,Spot 17,Empty,2026-07-12T03:02:26.652031+00:00,,,,,,,,
2026-07-12T05:36:19.973298+00:00,spot_1,Spot 1,Empty,2026-07-12T03:02:26.651889+00:00,,,,,,,,
2026-07-12T05:36:19.973298+00:00,spot_2,Spot 2,Empty,2026-07-12T03:02:26.651924+00:00,,,,,,,,
2026-07-12T05:36:19.973298+00:00,spot_3,Spot 3,Empty,2026-07-12T03:02:26.651934+00:00,,,,,,,,
2026-07-12T05:36:19.973298+00:00,spot_4,Spot 4,Empty,2026-07-12T03:02:26.651943+00:00,,,,,,,,
2026-07-12T05:36:19.973298+00:00,spot_5,Spot 5,Empty,2026-07-12T03:16:20.075827+00:00,,,,,,,,
2026-07-12T05:36:19.973298+00:00,spot_6,Spot 6,Empty,2026-07-12T03:02:26.651957+00:00,,,,,,,,
2026-07-12T05:36:19.973298+00:00,spot_7,Spot 7,Empty,2026-07-12T03:02:26.651964+00:00,,,,,,,,
2026-07-12T05:36:19.973298+00:00,spot_8,Spot 8,Empty,2026-07-12T05:13:30.065072+00:00,,,,,,,,
2026-07-12T05:36:19.973298+00:00,spot_9,Spot 9,Empty,2026-07-12T03:02:26.651977+00:00,,,,,,,,
2026-07-12T05:36:19.973298+00:00,spot_10,Spot 10,Empty,2026-07-12T03:06:19.142482+00:00,,,,,,,,
2026-07-12T05:36:19.973298+00:00,spot_11,Spot 11,Empty,2026-07-12T03:03:18.523817+00:00,,,,,,,,
2026-07-12T05:36:19.973298+00:00,spot_12,Spot 12,Empty,2026-07-12T03:22:19.442603+00:00,,,,,,,,
2026-07-12T05:36:19.973298+00:00,spot_13,Spot 13,Empty,2026-07-12T04:34:19.150717+00:00,,,,,,,,
2026-07-12T05:36:19.973298+00:00,spot_14,Spot 14,Empty,2026-07-12T03:02:26.652011+00:00,,,,,,,,
2026-07-12T05:36:19.973298+00:00,spot_15,Spot 15,Empty,2026-07-12T03:02:26.652017+00:00,,,,,,,,
2026-07-12T05:36:19.973298+00:00,spot_16,Spot 16,Empty,2026-07-12T03:02:26.652024+00:00,,,,,,,,
2026-07-12T05:36:19.973298+00:00,spot_17,Spot 17,Empty,2026-07-12T03:02:26.652031+00:00,,,,,,,,
2026-07-12T05:37:18.412265+00:00,spot_1,Spot 1,Empty,2026-07-12T03:02:26.651889+00:00,,,,,,,,
2026-07-12T05:37:18.412265+00:00,spot_2,Spot 2,Empty,2026-07-12T03:02:26.651924+00:00,,,,,,,,
2026-07-12T05:37:18.412265+00:00,spot_3,Spot 3,Empty,2026-07-12T03:02:26.651934+00:00,,,,,,,,
2026-07-12T05:37:18.412265+00:00,spot_4,Spot 4,Empty,2026-07-12T03:02:26.651943+00:00,,,,,,,,
2026-07-12T05:37:18.412265+00:00,spot_5,Spot 5,Empty,2026-07-12T03:16:20.075827+00:00,,,,,,,,
2026-07-12T05:37:18.412265+00:00,spot_6,Spot 6,Empty,2026-07-12T03:02:26.651957+00:00,,,,,,,,
2026-07-12T05:37:18.412265+00:00,spot_7,Spot 7,Empty,2026-07-12T03:02:26.651964+00:00,,,,,,,,
2026-07-12T05:37:18.412265+00:00,spot_8,Spot 8,Occupied,2026-07-12T05:37:18.412265+00:00,40,car,0.3718010485172272,0,210.1820068359375,324.6407470703125,272.760009765625,347.215576171875
2026-07-12T05:37:18.412265+00:00,spot_9,Spot 9,Empty,2026-07-12T03:02:26.651977+00:00,,,,,,,,
2026-07-12T05:37:18.412265+00:00,spot_10,Spot 10,Empty,2026-07-12T03:06:19.142482+00:00,,,,,,,,
2026-07-12T05:37:18.412265+00:00,spot_11,Spot 11,Empty,2026-07-12T03:03:18.523817+00:00,,,,,,,,
2026-07-12T05:37:18.412265+00:00,spot_12,Spot 12,Empty,2026-07-12T03:22:19.442603+00:00,,,,,,,,
2026-07-12T05:37:18.412265+00:00,spot_13,Spot 13,Empty,2026-07-12T04:34:19.150717+00:00,,,,,,,,
2026-07-12T05:37:18.412265+00:00,spot_14,Spot 14,Empty,2026-07-12T03:02:26.652011+00:00,,,,,,,,
2026-07-12T05:37:18.412265+00:00,spot_15,Spot 15,Empty,2026-07-12T03:02:26.652017+00:00,,,,,,,,
2026-07-12T05:37:18.412265+00:00,spot_16,Spot 16,Empty,2026-07-12T03:02:26.652024+00:00,,,,,,,,
2026-07-12T05:37:18.412265+00:00,spot_17,Spot 17,Empty,2026-07-12T03:02:26.652031+00:00,,,,,,,,
2026-07-12T05:38:18.326414+00:00,spot_1,Spot 1,Empty,2026-07-12T03:02:26.651889+00:00,,,,,,,,
2026-07-12T05:38:18.326414+00:00,spot_2,Spot 2,Empty,2026-07-12T03:02:26.651924+00:00,,,,,,,,
2026-07-12T05:38:18.326414+00:00,spot_3,Spot 3,Empty,2026-07-12T03:02:26.651934+00:00,,,,,,,,
2026-07-12T05:38:18.326414+00:00,spot_4,Spot 4,Empty,2026-07-12T03:02:26.651943+00:00,,,,,,,,
2026-07-12T05:38:18.326414+00:00,spot_5,Spot 5,Empty,2026-07-12T03:16:20.075827+00:00,,,,,,,,
2026-07-12T05:38:18.326414+00:00,spot_6,Spot 6,Empty,2026-07-12T03:02:26.651957+00:00,,,,,,,,
2026-07-12T05:38:18.326414+00:00,spot_7,Spot 7,Empty,2026-07-12T03:02:26.651964+00:00,,,,,,,,
2026-07-12T05:38:18.326414+00:00,spot_8,Spot 8,Empty,2026-07-12T05:38:18.326414+00:00,,,,,,,,
2026-07-12T05:38:18.326414+00:00,spot_9,Spot 9,Empty,2026-07-12T03:02:26.651977+00:00,,,,,,,,
2026-07-12T05:38:18.326414+00:00,spot_10,Spot 10,Empty,2026-07-12T03:06:19.142482+00:00,,,,,,,,
2026-07-12T05:38:18.326414+00:00,spot_11,Spot 11,Empty,2026-07-12T03:03:18.523817+00:00,,,,,,,,
2026-07-12T05:38:18.326414+00:00,spot_12,Spot 12,Empty,2026-07-12T03:22:19.442603+00:00,,,,,,,,
2026-07-12T05:38:18.326414+00:00,spot_13,Spot 13,Empty,2026-07-12T04:34:19.150717+00:00,,,,,,,,
2026-07-12T05:38:18.326414+00:00,spot_14,Spot 14,Empty,2026-07-12T03:02:26.652011+00:00,,,,,,,,
2026-07-12T05:38:18.326414+00:00,spot_15,Spot 15,Empty,2026-07-12T03:02:26.652017+00:00,,,,,,,,
2026-07-12T05:38:18.326414+00:00,spot_16,Spot 16,Empty,2026-07-12T03:02:26.652024+00:00,,,,,,,,
2026-07-12T05:38:18.326414+00:00,spot_17,Spot 17,Empty,2026-07-12T03:02:26.652031+00:00,,,,,,,,
2026-07-12T05:39:20.357171+00:00,spot_1,Spot 1,Empty,2026-07-12T03:02:26.651889+00:00,,,,,,,,
2026-07-12T05:39:20.357171+00:00,spot_2,Spot 2,Empty,2026-07-12T03:02:26.651924+00:00,,,,,,,,
2026-07-12T05:39:20.357171+00:00,spot_3,Spot 3,Empty,2026-07-12T03:02:26.651934+00:00,,,,,,,,
2026-07-12T05:39:20.357171+00:00,spot_4,Spot 4,Empty,2026-07-12T03:02:26.651943+00:00,,,,,,,,
2026-07-12T05:39:20.357171+00:00,spot_5,Spot 5,Empty,2026-07-12T03:16:20.075827+00:00,,,,,,,,
2026-07-12T05:39:20.357171+00:00,spot_6,Spot 6,Empty,2026-07-12T03:02:26.651957+00:00,,,,,,,,
2026-07-12T05:39:20.357171+00:00,spot_7,Spot 7,Empty,2026-07-12T03:02:26.651964+00:00,,,,,,,,
2026-07-12T05:39:20.357171+00:00,spot_8,Spot 8,Empty,2026-07-12T05:38:18.326414+00:00,,,,,,,,
2026-07-12T05:39:20.357171+00:00,spot_9,Spot 9,Empty,2026-07-12T03:02:26.651977+00:00,,,,,,,,
2026-07-12T05:39:20.357171+00:00,spot_10,Spot 10,Empty,2026-07-12T03:06:19.142482+00:00,,,,,,,,
2026-07-12T05:39:20.357171+00:00,spot_11,Spot 11,Empty,2026-07-12T03:03:18.523817+00:00,,,,,,,,
2026-07-12T05:39:20.357171+00:00,spot_12,Spot 12,Empty,2026-07-12T03:22:19.442603+00:00,,,,,,,,
2026-07-12T05:39:20.357171+00:00,spot_13,Spot 13,Empty,2026-07-12T04:34:19.150717+00:00,,,,,,,,
2026-07-12T05:39:20.357171+00:00,spot_14,Spot 14,Empty,2026-07-12T03:02:26.652011+00:00,,,,,,,,
2026-07-12T05:39:20.357171+00:00,spot_15,Spot 15,Empty,2026-07-12T03:02:26.652017+00:00,,,,,,,,
2026-07-12T05:39:20.357171+00:00,spot_16,Spot 16,Empty,2026-07-12T03:02:26.652024+00:00,,,,,,,,
2026-07-12T05:39:20.357171+00:00,spot_17,Spot 17,Empty,2026-07-12T03:02:26.652031+00:00,,,,,,,,
2026-07-12T05:40:20.882631+00:00,spot_1,Spot 1,Empty,2026-07-12T03:02:26.651889+00:00,,,,,,,,
2026-07-12T05:40:20.882631+00:00,spot_2,Spot 2,Empty,2026-07-12T03:02:26.651924+00:00,,,,,,,,
2026-07-12T05:40:20.882631+00:00,spot_3,Spot 3,Empty,2026-07-12T03:02:26.651934+00:00,,,,,,,,
2026-07-12T05:40:20.882631+00:00,spot_4,Spot 4,Empty,2026-07-12T03:02:26.651943+00:00,,,,,,,,
2026-07-12T05:40:20.882631+00:00,spot_5,Spot 5,Empty,2026-07-12T03:16:20.075827+00:00,,,,,,,,
2026-07-12T05:40:20.882631+00:00,spot_6,Spot 6,Empty,2026-07-12T03:02:26.651957+00:00,,,,,,,,
2026-07-12T05:40:20.882631+00:00,spot_7,Spot 7,Empty,2026-07-12T03:02:26.651964+00:00,,,,,,,,
2026-07-12T05:40:20.882631+00:00,spot_8,Spot 8,Empty,2026-07-12T05:38:18.326414+00:00,,,,,,,,
2026-07-12T05:40:20.882631+00:00,spot_9,Spot 9,Empty,2026-07-12T03:02:26.651977+00:00,,,,,,,,
2026-07-12T05:40:20.882631+00:00,spot_10,Spot 10,Empty,2026-07-12T03:06:19.142482+00:00,,,,,,,,
2026-07-12T05:40:20.882631+00:00,spot_11,Spot 11,Empty,2026-07-12T03:03:18.523817+00:00,,,,,,,,
2026-07-12T05:40:20.882631+00:00,spot_12,Spot 12,Empty,2026-07-12T03:22:19.442603+00:00,,,,,,,,
2026-07-12T05:40:20.882631+00:00,spot_13,Spot 13,Empty,2026-07-12T04:34:19.150717+00:00,,,,,,,,
2026-07-12T05:40:20.882631+00:00,spot_14,Spot 14,Empty,2026-07-12T03:02:26.652011+00:00,,,,,,,,
2026-07-12T05:40:20.882631+00:00,spot_15,Spot 15,Empty,2026-07-12T03:02:26.652017+00:00,,,,,,,,
2026-07-12T05:40:20.882631+00:00,spot_16,Spot 16,Empty,2026-07-12T03:02:26.652024+00:00,,,,,,,,
2026-07-12T05:40:20.882631+00:00,spot_17,Spot 17,Empty,2026-07-12T03:02:26.652031+00:00,,,,,,,,
2026-07-12T05:41:20.640543+00:00,spot_1,Spot 1,Empty,2026-07-12T03:02:26.651889+00:00,,,,,,,,
2026-07-12T05:41:20.640543+00:00,spot_2,Spot 2,Empty,2026-07-12T03:02:26.651924+00:00,,,,,,,,
2026-07-12T05:41:20.640543+00:00,spot_3,Spot 3,Empty,2026-07-12T03:02:26.651934+00:00,,,,,,,,
2026-07-12T05:41:20.640543+00:00,spot_4,Spot 4,Empty,2026-07-12T03:02:26.651943+00:00,,,,,,,,
2026-07-12T05:41:20.640543+00:00,spot_5,Spot 5,Empty,2026-07-12T03:16:20.075827+00:00,,,,,,,,
2026-07-12T05:41:20.640543+00:00,spot_6,Spot 6,Empty,2026-07-12T03:02:26.651957+00:00,,,,,,,,
2026-07-12T05:41:20.640543+00:00,spot_7,Spot 7,Empty,2026-07-12T03:02:26.651964+00:00,,,,,,,,
2026-07-12T05:41:20.640543+00:00,spot_8,Spot 8,Empty,2026-07-12T05:38:18.326414+00:00,,,,,,,,
2026-07-12T05:41:20.640543+00:00,spot_9,Spot 9,Empty,2026-07-12T03:02:26.651977+00:00,,,,,,,,
2026-07-12T05:41:20.640543+00:00,spot_10,Spot 10,Empty,2026-07-12T03:06:19.142482+00:00,,,,,,,,
2026-07-12T05:41:20.640543+00:00,spot_11,Spot 11,Empty,2026-07-12T03:03:18.523817+00:00,,,,,,,,
2026-07-12T05:41:20.640543+00:00,spot_12,Spot 12,Empty,2026-07-12T03:22:19.442603+00:00,,,,,,,,
2026-07-12T05:41:20.640543+00:00,spot_13,Spot 13,Empty,2026-07-12T04:34:19.150717+00:00,,,,,,,,
2026-07-12T05:41:20.640543+00:00,spot_14,Spot 14,Empty,2026-07-12T03:02:26.652011+00:00,,,,,,,,
2026-07-12T05:41:20.640543+00:00,spot_15,Spot 15,Empty,2026-07-12T03:02:26.652017+00:00,,,,,,,,
2026-07-12T05:41:20.640543+00:00,spot_16,Spot 16,Empty,2026-07-12T03:02:26.652024+00:00,,,,,,,,
2026-07-12T05:41:20.640543+00:00,spot_17,Spot 17,Empty,2026-07-12T03:02:26.652031+00:00,,,,,,,,
2026-07-12T05:42:19.850138+00:00,spot_1,Spot 1,Empty,2026-07-12T03:02:26.651889+00:00,,,,,,,,
2026-07-12T05:42:19.850138+00:00,spot_2,Spot 2,Empty,2026-07-12T03:02:26.651924+00:00,,,,,,,,
2026-07-12T05:42:19.850138+00:00,spot_3,Spot 3,Empty,2026-07-12T03:02:26.651934+00:00,,,,,,,,
2026-07-12T05:42:19.850138+00:00,spot_4,Spot 4,Empty,2026-07-12T03:02:26.651943+00:00,,,,,,,,
2026-07-12T05:42:19.850138+00:00,spot_5,Spot 5,Empty,2026-07-12T03:16:20.075827+00:00,,,,,,,,
2026-07-12T05:42:19.850138+00:00,spot_6,Spot 6,Empty,2026-07-12T03:02:26.651957+00:00,,,,,,,,
2026-07-12T05:42:19.850138+00:00,spot_7,Spot 7,Empty,2026-07-12T03:02:26.651964+00:00,,,,,,,,
2026-07-12T05:42:19.850138+00:00,spot_8,Spot 8,Empty,2026-07-12T05:38:18.326414+00:00,,,,,,,,
2026-07-12T05:42:19.850138+00:00,spot_9,Spot 9,Empty,2026-07-12T03:02:26.651977+00:00,,,,,,,,
2026-07-12T05:42:19.850138+00:00,spot_10,Spot 10,Empty,2026-07-12T03:06:19.142482+00:00,,,,,,,,
2026-07-12T05:42:19.850138+00:00,spot_11,Spot 11,Empty,2026-07-12T03:03:18.523817+00:00,,,,,,,,
2026-07-12T05:42:19.850138+00:00,spot_12,Spot 12,Empty,2026-07-12T03:22:19.442603+00:00,,,,,,,,
2026-07-12T05:42:19.850138+00:00,spot_13,Spot 13,Empty,2026-07-12T04:34:19.150717+00:00,,,,,,,,
2026-07-12T05:42:19.850138+00:00,spot_14,Spot 14,Empty,2026-07-12T03:02:26.652011+00:00,,,,,,,,
2026-07-12T05:42:19.850138+00:00,spot_15,Spot 15,Empty,2026-07-12T03:02:26.652017+00:00,,,,,,,,
2026-07-12T05:42:19.850138+00:00,spot_16,Spot 16,Empty,2026-07-12T03:02:26.652024+00:00,,,,,,,,
2026-07-12T05:42:19.850138+00:00,spot_17,Spot 17,Empty,2026-07-12T03:02:26.652031+00:00,,,,,,,,
2026-07-12T05:43:18.208043+00:00,spot_1,Spot 1,Empty,2026-07-12T03:02:26.651889+00:00,,,,,,,,
2026-07-12T05:43:18.208043+00:00,spot_2,Spot 2,Empty,2026-07-12T03:02:26.651924+00:00,,,,,,,,
2026-07-12T05:43:18.208043+00:00,spot_3,Spot 3,Empty,2026-07-12T03:02:26.651934+00:00,,,,,,,,
2026-07-12T05:43:18.208043+00:00,spot_4,Spot 4,Empty,2026-07-12T03:02:26.651943+00:00,,,,,,,,
2026-07-12T05:43:18.208043+00:00,spot_5,Spot 5,Empty,2026-07-12T03:16:20.075827+00:00,,,,,,,,
2026-07-12T05:43:18.208043+00:00,spot_6,Spot 6,Empty,2026-07-12T03:02:26.651957+00:00,,,,,,,,
2026-07-12T05:43:18.208043+00:00,spot_7,Spot 7,Empty,2026-07-12T03:02:26.651964+00:00,,,,,,,,
2026-07-12T05:43:18.208043+00:00,spot_8,Spot 8,Empty,2026-07-12T05:38:18.326414+00:00,,,,,,,,
2026-07-12T05:43:18.208043+00:00,spot_9,Spot 9,Empty,2026-07-12T03:02:26.651977+00:00,,,,,,,,
2026-07-12T05:43:18.208043+00:00,spot_10,Spot 10,Empty,2026-07-12T03:06:19.142482+00:00,,,,,,,,
2026-07-12T05:43:18.208043+00:00,spot_11,Spot 11,Empty,2026-07-12T03:03:18.523817+00:00,,,,,,,,
2026-07-12T05:43:18.208043+00:00,spot_12,Spot 12,Empty,2026-07-12T03:22:19.442603+00:00,,,,,,,,
2026-07-12T05:43:18.208043+00:00,spot_13,Spot 13,Empty,2026-07-12T04:34:19.150717+00:00,,,,,,,,
2026-07-12T05:43:18.208043+00:00,spot_14,Spot 14,Empty,2026-07-12T03:02:26.652011+00:00,,,,,,,,
2026-07-12T05:43:18.208043+00:00,spot_15,Spot 15,Empty,2026-07-12T03:02:26.652017+00:00,,,,,,,,
2026-07-12T05:43:18.208043+00:00,spot_16,Spot 16,Empty,2026-07-12T03:02:26.652024+00:00,,,,,,,,
2026-07-12T05:43:18.208043+00:00,spot_17,Spot 17,Empty,2026-07-12T03:02:26.652031+00:00,,,,,,,,
2026-07-12T05:44:19.021419+00:00,spot_1,Spot 1,Empty,2026-07-12T03:02:26.651889+00:00,,,,,,,,
2026-07-12T05:44:19.021419+00:00,spot_2,Spot 2,Empty,2026-07-12T03:02:26.651924+00:00,,,,,,,,
2026-07-12T05:44:19.021419+00:00,spot_3,Spot 3,Empty,2026-07-12T03:02:26.651934+00:00,,,,,,,,
2026-07-12T05:44:19.021419+00:00,spot_4,Spot 4,Empty,2026-07-12T03:02:26.651943+00:00,,,,,,,,
2026-07-12T05:44:19.021419+00:00,spot_5,Spot 5,Empty,2026-07-12T03:16:20.075827+00:00,,,,,,,,
2026-07-12T05:44:19.021419+00:00,spot_6,Spot 6,Empty,2026-07-12T03:02:26.651957+00:00,,,,,,,,
2026-07-12T05:44:19.021419+00:00,spot_7,Spot 7,Empty,2026-07-12T03:02:26.651964+00:00,,,,,,,,
2026-07-12T05:44:19.021419+00:00,spot_8,Spot 8,Empty,2026-07-12T05:38:18.326414+00:00,,,,,,,,
2026-07-12T05:44:19.021419+00:00,spot_9,Spot 9,Empty,2026-07-12T03:02:26.651977+00:00,,,,,,,,
2026-07-12T05:44:19.021419+00:00,spot_10,Spot 10,Empty,2026-07-12T03:06:19.142482+00:00,,,,,,,,
2026-07-12T05:44:19.021419+00:00,spot_11,Spot 11,Empty,2026-07-12T03:03:18.523817+00:00,,,,,,,,
2026-07-12T05:44:19.021419+00:00,spot_12,Spot 12,Empty,2026-07-12T03:22:19.442603+00:00,,,,,,,,
2026-07-12T05:44:19.021419+00:00,spot_13,Spot 13,Empty,2026-07-12T04:34:19.150717+00:00,,,,,,,,
2026-07-12T05:44:19.021419+00:00,spot_14,Spot 14,Empty,2026-07-12T03:02:26.652011+00:00,,,,,,,,
2026-07-12T05:44:19.021419+00:00,spot_15,Spot 15,Empty,2026-07-12T03:02:26.652017+00:00,,,,,,,,
2026-07-12T05:44:19.021419+00:00,spot_16,Spot 16,Empty,2026-07-12T03:02:26.652024+00:00,,,,,,,,
2026-07-12T05:44:19.021419+00:00,spot_17,Spot 17,Empty,2026-07-12T03:02:26.652031+00:00,,,,,,,,
2026-07-12T05:45:19.780929+00:00,spot_1,Spot 1,Empty,2026-07-12T03:02:26.651889+00:00,,,,,,,,
2026-07-12T05:45:19.780929+00:00,spot_2,Spot 2,Empty,2026-07-12T03:02:26.651924+00:00,,,,,,,,
2026-07-12T05:45:19.780929+00:00,spot_3,Spot 3,Empty,2026-07-12T03:02:26.651934+00:00,,,,,,,,
2026-07-12T05:45:19.780929+00:00,spot_4,Spot 4,Empty,2026-07-12T03:02:26.651943+00:00,,,,,,,,
2026-07-12T05:45:19.780929+00:00,spot_5,Spot 5,Empty,2026-07-12T03:16:20.075827+00:00,,,,,,,,
2026-07-12T05:45:19.780929+00:00,spot_6,Spot 6,Empty,2026-07-12T03:02:26.651957+00:00,,,,,,,,
2026-07-12T05:45:19.780929+00:00,spot_7,Spot 7,Empty,2026-07-12T03:02:26.651964+00:00,,,,,,,,
2026-07-12T05:45:19.780929+00:00,spot_8,Spot 8,Empty,2026-07-12T05:38:18.326414+00:00,,,,,,,,
2026-07-12T05:45:19.780929+00:00,spot_9,Spot 9,Empty,2026-07-12T03:02:26.651977+00:00,,,,,,,,
2026-07-12T05:45:19.780929+00:00,spot_10,Spot 10,Empty,2026-07-12T03:06:19.142482+00:00,,,,,,,,
2026-07-12T05:45:19.780929+00:00,spot_11,Spot 11,Empty,2026-07-12T03:03:18.523817+00:00,,,,,,,,
2026-07-12T05:45:19.780929+00:00,spot_12,Spot 12,Empty,2026-07-12T03:22:19.442603+00:00,,,,,,,,
2026-07-12T05:45:19.780929+00:00,spot_13,Spot 13,Empty,2026-07-12T04:34:19.150717+00:00,,,,,,,,
2026-07-12T05:45:19.780929+00:00,spot_14,Spot 14,Empty,2026-07-12T03:02:26.652011+00:00,,,,,,,,
2026-07-12T05:45:19.780929+00:00,spot_15,Spot 15,Empty,2026-07-12T03:02:26.652017+00:00,,,,,,,,
2026-07-12T05:45:19.780929+00:00,spot_16,Spot 16,Empty,2026-07-12T03:02:26.652024+00:00,,,,,,,,
2026-07-12T05:45:19.780929+00:00,spot_17,Spot 17,Empty,2026-07-12T03:02:26.652031+00:00,,,,,,,,
2026-07-12T05:46:18.467011+00:00,spot_1,Spot 1,Empty,2026-07-12T03:02:26.651889+00:00,,,,,,,,
2026-07-12T05:46:18.467011+00:00,spot_2,Spot 2,Empty,2026-07-12T03:02:26.651924+00:00,,,,,,,,
2026-07-12T05:46:18.467011+00:00,spot_3,Spot 3,Empty,2026-07-12T03:02:26.651934+00:00,,,,,,,,
2026-07-12T05:46:18.467011+00:00,spot_4,Spot 4,Empty,2026-07-12T03:02:26.651943+00:00,,,,,,,,
2026-07-12T05:46:18.467011+00:00,spot_5,Spot 5,Empty,2026-07-12T03:16:20.075827+00:00,,,,,,,,
2026-07-12T05:46:18.467011+00:00,spot_6,Spot 6,Empty,2026-07-12T03:02:26.651957+00:00,,,,,,,,
2026-07-12T05:46:18.467011+00:00,spot_7,Spot 7,Empty,2026-07-12T03:02:26.651964+00:00,,,,,,,,
2026-07-12T05:46:18.467011+00:00,spot_8,Spot 8,Empty,2026-07-12T05:38:18.326414+00:00,,,,,,,,
2026-07-12T05:46:18.467011+00:00,spot_9,Spot 9,Empty,2026-07-12T03:02:26.651977+00:00,,,,,,,,
2026-07-12T05:46:18.467011+00:00,spot_10,Spot 10,Empty,2026-07-12T03:06:19.142482+00:00,,,,,,,,
2026-07-12T05:46:18.467011+00:00,spot_11,Spot 11,Empty,2026-07-12T03:03:18.523817+00:00,,,,,,,,
2026-07-12T05:46:18.467011+00:00,spot_12,Spot 12,Empty,2026-07-12T03:22:19.442603+00:00,,,,,,,,
2026-07-12T05:46:18.467011+00:00,spot_13,Spot 13,Empty,2026-07-12T04:34:19.150717+00:00,,,,,,,,
2026-07-12T05:46:18.467011+00:00,spot_14,Spot 14,Empty,2026-07-12T03:02:26.652011+00:00,,,,,,,,
2026-07-12T05:46:18.467011+00:00,spot_15,Spot 15,Empty,2026-07-12T03:02:26.652017+00:00,,,,,,,,
2026-07-12T05:46:18.467011+00:00,spot_16,Spot 16,Empty,2026-07-12T03:02:26.652024+00:00,,,,,,,,
2026-07-12T05:46:18.467011+00:00,spot_17,Spot 17,Empty,2026-07-12T03:02:26.652031+00:00,,,,,,,,
2026-07-12T05:47:30.908666+00:00,spot_1,Spot 1,Empty,2026-07-12T03:02:26.651889+00:00,,,,,,,,
2026-07-12T05:47:30.908666+00:00,spot_2,Spot 2,Empty,2026-07-12T03:02:26.651924+00:00,,,,,,,,
2026-07-12T05:47:30.908666+00:00,spot_3,Spot 3,Empty,2026-07-12T03:02:26.651934+00:00,,,,,,,,
2026-07-12T05:47:30.908666+00:00,spot_4,Spot 4,Empty,2026-07-12T03:02:26.651943+00:00,,,,,,,,
2026-07-12T05:47:30.908666+00:00,spot_5,Spot 5,Empty,2026-07-12T03:16:20.075827+00:00,,,,,,,,
2026-07-12T05:47:30.908666+00:00,spot_6,Spot 6,Empty,2026-07-12T03:02:26.651957+00:00,,,,,,,,
2026-07-12T05:47:30.908666+00:00,spot_7,Spot 7,Empty,2026-07-12T03:02:26.651964+00:00,,,,,,,,
2026-07-12T05:47:30.908666+00:00,spot_8,Spot 8,Empty,2026-07-12T05:38:18.326414+00:00,,,,,,,,
2026-07-12T05:47:30.908666+00:00,spot_9,Spot 9,Empty,2026-07-12T03:02:26.651977+00:00,,,,,,,,
2026-07-12T05:47:30.908666+00:00,spot_10,Spot 10,Empty,2026-07-12T03:06:19.142482+00:00,,,,,,,,
2026-07-12T05:47:30.908666+00:00,spot_11,Spot 11,Empty,2026-07-12T03:03:18.523817+00:00,,,,,,,,
2026-07-12T05:47:30.908666+00:00,spot_12,Spot 12,Empty,2026-07-12T03:22:19.442603+00:00,,,,,,,,
2026-07-12T05:47:30.908666+00:00,spot_13,Spot 13,Empty,2026-07-12T04:34:19.150717+00:00,,,,,,,,
2026-07-12T05:47:30.908666+00:00,spot_14,Spot 14,Empty,2026-07-12T03:02:26.652011+00:00,,,,,,,,
2026-07-12T05:47:30.908666+00:00,spot_15,Spot 15,Empty,2026-07-12T03:02:26.652017+00:00,,,,,,,,
2026-07-12T05:47:30.908666+00:00,spot_16,Spot 16,Empty,2026-07-12T03:02:26.652024+00:00,,,,,,,,
2026-07-12T05:47:30.908666+00:00,spot_17,Spot 17,Empty,2026-07-12T03:02:26.652031+00:00,,,,,,,,
2026-07-12T05:48:19.902918+00:00,spot_1,Spot 1,Empty,2026-07-12T03:02:26.651889+00:00,,,,,,,,
2026-07-12T05:48:19.902918+00:00,spot_2,Spot 2,Empty,2026-07-12T03:02:26.651924+00:00,,,,,,,,
2026-07-12T05:48:19.902918+00:00,spot_3,Spot 3,Empty,2026-07-12T03:02:26.651934+00:00,,,,,,,,
2026-07-12T05:48:19.902918+00:00,spot_4,Spot 4,Empty,2026-07-12T03:02:26.651943+00:00,,,,,,,,
2026-07-12T05:48:19.902918+00:00,spot_5,Spot 5,Empty,2026-07-12T03:16:20.075827+00:00,,,,,,,,
2026-07-12T05:48:19.902918+00:00,spot_6,Spot 6,Empty,2026-07-12T03:02:26.651957+00:00,,,,,,,,
2026-07-12T05:48:19.902918+00:00,spot_7,Spot 7,Empty,2026-07-12T03:02:26.651964+00:00,,,,,,,,
2026-07-12T05:48:19.902918+00:00,spot_8,Spot 8,Empty,2026-07-12T05:38:18.326414+00:00,,,,,,,,
2026-07-12T05:48:19.902918+00:00,spot_9,Spot 9,Empty,2026-07-12T03:02:26.651977+00:00,,,,,,,,
2026-07-12T05:48:19.902918+00:00,spot_10,Spot 10,Empty,2026-07-12T03:06:19.142482+00:00,,,,,,,,
2026-07-12T05:48:19.902918+00:00,spot_11,Spot 11,Empty,2026-07-12T03:03:18.523817+00:00,,,,,,,,
2026-07-12T05:48:19.902918+00:00,spot_12,Spot 12,Empty,2026-07-12T03:22:19.442603+00:00,,,,,,,,
2026-07-12T05:48:19.902918+00:00,spot_13,Spot 13,Empty,2026-07-12T04:34:19.150717+00:00,,,,,,,,
2026-07-12T05:48:19.902918+00:00,spot_14,Spot 14,Empty,2026-07-12T03:02:26.652011+00:00,,,,,,,,
2026-07-12T05:48:19.902918+00:00,spot_15,Spot 15,Empty,2026-07-12T03:02:26.652017+00:00,,,,,,,,
2026-07-12T05:48:19.902918+00:00,spot_16,Spot 16,Empty,2026-07-12T03:02:26.652024+00:00,,,,,,,,
2026-07-12T05:48:19.902918+00:00,spot_17,Spot 17,Empty,2026-07-12T03:02:26.652031+00:00,,,,,,,,
2026-07-12T05:49:19.422049+00:00,spot_1,Spot 1,Empty,2026-07-12T03:02:26.651889+00:00,,,,,,,,
2026-07-12T05:49:19.422049+00:00,spot_2,Spot 2,Empty,2026-07-12T03:02:26.651924+00:00,,,,,,,,
2026-07-12T05:49:19.422049+00:00,spot_3,Spot 3,Empty,2026-07-12T03:02:26.651934+00:00,,,,,,,,
2026-07-12T05:49:19.422049+00:00,spot_4,Spot 4,Empty,2026-07-12T03:02:26.651943+00:00,,,,,,,,
2026-07-12T05:49:19.422049+00:00,spot_5,Spot 5,Empty,2026-07-12T03:16:20.075827+00:00,,,,,,,,
2026-07-12T05:49:19.422049+00:00,spot_6,Spot 6,Empty,2026-07-12T03:02:26.651957+00:00,,,,,,,,
2026-07-12T05:49:19.422049+00:00,spot_7,Spot 7,Empty,2026-07-12T03:02:26.651964+00:00,,,,,,,,
2026-07-12T05:49:19.422049+00:00,spot_8,Spot 8,Empty,2026-07-12T05:38:18.326414+00:00,,,,,,,,
2026-07-12T05:49:19.422049+00:00,spot_9,Spot 9,Empty,2026-07-12T03:02:26.651977+00:00,,,,,,,,
2026-07-12T05:49:19.422049+00:00,spot_10,Spot 10,Empty,2026-07-12T03:06:19.142482+00:00,,,,,,,,
2026-07-12T05:49:19.422049+00:00,spot_11,Spot 11,Empty,2026-07-12T03:03:18.523817+00:00,,,,,,,,
2026-07-12T05:49:19.422049+00:00,spot_12,Spot 12,Empty,2026-07-12T03:22:19.442603+00:00,,,,,,,,
2026-07-12T05:49:19.422049+00:00,spot_13,Spot 13,Empty,2026-07-12T04:34:19.150717+00:00,,,,,,,,
2026-07-12T05:49:19.422049+00:00,spot_14,Spot 14,Empty,2026-07-12T03:02:26.652011+00:00,,,,,,,,
2026-07-12T05:49:19.422049+00:00,spot_15,Spot 15,Empty,2026-07-12T03:02:26.652017+00:00,,,,,,,,
2026-07-12T05:49:19.422049+00:00,spot_16,Spot 16,Empty,2026-07-12T03:02:26.652024+00:00,,,,,,,,
2026-07-12T05:49:19.422049+00:00,spot_17,Spot 17,Empty,2026-07-12T03:02:26.652031+00:00,,,,,,,,
2026-07-12T05:50:19.593300+00:00,spot_1,Spot 1,Empty,2026-07-12T03:02:26.651889+00:00,,,,,,,,
2026-07-12T05:50:19.593300+00:00,spot_2,Spot 2,Empty,2026-07-12T03:02:26.651924+00:00,,,,,,,,
2026-07-12T05:50:19.593300+00:00,spot_3,Spot 3,Empty,2026-07-12T03:02:26.651934+00:00,,,,,,,,
2026-07-12T05:50:19.593300+00:00,spot_4,Spot 4,Empty,2026-07-12T03:02:26.651943+00:00,,,,,,,,
2026-07-12T05:50:19.593300+00:00,spot_5,Spot 5,Empty,2026-07-12T03:16:20.075827+00:00,,,,,,,,
2026-07-12T05:50:19.593300+00:00,spot_6,Spot 6,Empty,2026-07-12T03:02:26.651957+00:00,,,,,,,,
2026-07-12T05:50:19.593300+00:00,spot_7,Spot 7,Empty,2026-07-12T03:02:26.651964+00:00,,,,,,,,
2026-07-12T05:50:19.593300+00:00,spot_8,Spot 8,Empty,2026-07-12T05:38:18.326414+00:00,,,,,,,,
2026-07-12T05:50:19.593300+00:00,spot_9,Spot 9,Empty,2026-07-12T03:02:26.651977+00:00,,,,,,,,
2026-07-12T05:50:19.593300+00:00,spot_10,Spot 10,Empty,2026-07-12T03:06:19.142482+00:00,,,,,,,,
2026-07-12T05:50:19.593300+00:00,spot_11,Spot 11,Empty,2026-07-12T03:03:18.523817+00:00,,,,,,,,
2026-07-12T05:50:19.593300+00:00,spot_12,Spot 12,Empty,2026-07-12T03:22:19.442603+00:00,,,,,,,,
2026-07-12T05:50:19.593300+00:00,spot_13,Spot 13,Empty,2026-07-12T04:34:19.150717+00:00,,,,,,,,
2026-07-12T05:50:19.593300+00:00,spot_14,Spot 14,Empty,2026-07-12T03:02:26.652011+00:00,,,,,,,,
2026-07-12T05:50:19.593300+00:00,spot_15,Spot 15,Empty,2026-07-12T03:02:26.652017+00:00,,,,,,,,
2026-07-12T05:50:19.593300+00:00,spot_16,Spot 16,Empty,2026-07-12T03:02:26.652024+00:00,,,,,,,,
2026-07-12T05:50:19.593300+00:00,spot_17,Spot 17,Empty,2026-07-12T03:02:26.652031+00:00,,,,,,,,
2026-07-12T05:51:18.733350+00:00,spot_1,Spot 1,Empty,2026-07-12T03:02:26.651889+00:00,,,,,,,,
2026-07-12T05:51:18.733350+00:00,spot_2,Spot 2,Empty,2026-07-12T03:02:26.651924+00:00,,,,,,,,
2026-07-12T05:51:18.733350+00:00,spot_3,Spot 3,Empty,2026-07-12T03:02:26.651934+00:00,,,,,,,,
2026-07-12T05:51:18.733350+00:00,spot_4,Spot 4,Empty,2026-07-12T03:02:26.651943+00:00,,,,,,,,
2026-07-12T05:51:18.733350+00:00,spot_5,Spot 5,Empty,2026-07-12T03:16:20.075827+00:00,,,,,,,,
2026-07-12T05:51:18.733350+00:00,spot_6,Spot 6,Empty,2026-07-12T03:02:26.651957+00:00,,,,,,,,
2026-07-12T05:51:18.733350+00:00,spot_7,Spot 7,Empty,2026-07-12T03:02:26.651964+00:00,,,,,,,,
2026-07-12T05:51:18.733350+00:00,spot_8,Spot 8,Empty,2026-07-12T05:38:18.326414+00:00,,,,,,,,
2026-07-12T05:51:18.733350+00:00,spot_9,Spot 9,Empty,2026-07-12T03:02:26.651977+00:00,,,,,,,,
2026-07-12T05:51:18.733350+00:00,spot_10,Spot 10,Empty,2026-07-12T03:06:19.142482+00:00,,,,,,,,
2026-07-12T05:51:18.733350+00:00,spot_11,Spot 11,Empty,2026-07-12T03:03:18.523817+00:00,,,,,,,,
2026-07-12T05:51:18.733350+00:00,spot_12,Spot 12,Empty,2026-07-12T03:22:19.442603+00:00,,,,,,,,
2026-07-12T05:51:18.733350+00:00,spot_13,Spot 13,Empty,2026-07-12T04:34:19.150717+00:00,,,,,,,,
2026-07-12T05:51:18.733350+00:00,spot_14,Spot 14,Empty,2026-07-12T03:02:26.652011+00:00,,,,,,,,
2026-07-12T05:51:18.733350+00:00,spot_15,Spot 15,Empty,2026-07-12T03:02:26.652017+00:00,,,,,,,,
2026-07-12T05:51:18.733350+00:00,spot_16,Spot 16,Empty,2026-07-12T03:02:26.652024+00:00,,,,,,,,
2026-07-12T05:51:18.733350+00:00,spot_17,Spot 17,Empty,2026-07-12T03:02:26.652031+00:00,,,,,,,,
2026-07-12T05:52:18.514125+00:00,spot_1,Spot 1,Empty,2026-07-12T03:02:26.651889+00:00,,,,,,,,
2026-07-12T05:52:18.514125+00:00,spot_2,Spot 2,Empty,2026-07-12T03:02:26.651924+00:00,,,,,,,,
2026-07-12T05:52:18.514125+00:00,spot_3,Spot 3,Empty,2026-07-12T03:02:26.651934+00:00,,,,,,,,
2026-07-12T05:52:18.514125+00:00,spot_4,Spot 4,Empty,2026-07-12T03:02:26.651943+00:00,,,,,,,,
2026-07-12T05:52:18.514125+00:00,spot_5,Spot 5,Empty,2026-07-12T03:16:20.075827+00:00,,,,,,,,
2026-07-12T05:52:18.514125+00:00,spot_6,Spot 6,Empty,2026-07-12T03:02:26.651957+00:00,,,,,,,,
2026-07-12T05:52:18.514125+00:00,spot_7,Spot 7,Empty,2026-07-12T03:02:26.651964+00:00,,,,,,,,
2026-07-12T05:52:18.514125+00:00,spot_8,Spot 8,Empty,2026-07-12T05:38:18.326414+00:00,,,,,,,,
2026-07-12T05:52:18.514125+00:00,spot_9,Spot 9,Empty,2026-07-12T03:02:26.651977+00:00,,,,,,,,
2026-07-12T05:52:18.514125+00:00,spot_10,Spot 10,Empty,2026-07-12T03:06:19.142482+00:00,,,,,,,,
2026-07-12T05:52:18.514125+00:00,spot_11,Spot 11,Empty,2026-07-12T03:03:18.523817+00:00,,,,,,,,
2026-07-12T05:52:18.514125+00:00,spot_12,Spot 12,Empty,2026-07-12T03:22:19.442603+00:00,,,,,,,,
2026-07-12T05:52:18.514125+00:00,spot_13,Spot 13,Empty,2026-07-12T04:34:19.150717+00:00,,,,,,,,
2026-07-12T05:52:18.514125+00:00,spot_14,Spot 14,Empty,2026-07-12T03:02:26.652011+00:00,,,,,,,,
2026-07-12T05:52:18.514125+00:00,spot_15,Spot 15,Empty,2026-07-12T03:02:26.652017+00:00,,,,,,,,
2026-07-12T05:52:18.514125+00:00,spot_16,Spot 16,Empty,2026-07-12T03:02:26.652024+00:00,,,,,,,,
2026-07-12T05:52:18.514125+00:00,spot_17,Spot 17,Empty,2026-07-12T03:02:26.652031+00:00,,,,,,,,
2026-07-12T05:53:19.694258+00:00,spot_1,Spot 1,Empty,2026-07-12T03:02:26.651889+00:00,,,,,,,,
2026-07-12T05:53:19.694258+00:00,spot_2,Spot 2,Empty,2026-07-12T03:02:26.651924+00:00,,,,,,,,
2026-07-12T05:53:19.694258+00:00,spot_3,Spot 3,Empty,2026-07-12T03:02:26.651934+00:00,,,,,,,,
2026-07-12T05:53:19.694258+00:00,spot_4,Spot 4,Empty,2026-07-12T03:02:26.651943+00:00,,,,,,,,
2026-07-12T05:53:19.694258+00:00,spot_5,Spot 5,Empty,2026-07-12T03:16:20.075827+00:00,,,,,,,,
2026-07-12T05:53:19.694258+00:00,spot_6,Spot 6,Empty,2026-07-12T03:02:26.651957+00:00,,,,,,,,
2026-07-12T05:53:19.694258+00:00,spot_7,Spot 7,Empty,2026-07-12T03:02:26.651964+00:00,,,,,,,,
2026-07-12T05:53:19.694258+00:00,spot_8,Spot 8,Empty,2026-07-12T05:38:18.326414+00:00,,,,,,,,
2026-07-12T05:53:19.694258+00:00,spot_9,Spot 9,Empty,2026-07-12T03:02:26.651977+00:00,,,,,,,,
2026-07-12T05:53:19.694258+00:00,spot_10,Spot 10,Empty,2026-07-12T03:06:19.142482+00:00,,,,,,,,
2026-07-12T05:53:19.694258+00:00,spot_11,Spot 11,Empty,2026-07-12T03:03:18.523817+00:00,,,,,,,,
2026-07-12T05:53:19.694258+00:00,spot_12,Spot 12,Empty,2026-07-12T03:22:19.442603+00:00,,,,,,,,
2026-07-12T05:53:19.694258+00:00,spot_13,Spot 13,Empty,2026-07-12T04:34:19.150717+00:00,,,,,,,,
2026-07-12T05:53:19.694258+00:00,spot_14,Spot 14,Empty,2026-07-12T03:02:26.652011+00:00,,,,,,,,
2026-07-12T05:53:19.694258+00:00,spot_15,Spot 15,Empty,2026-07-12T03:02:26.652017+00:00,,,,,,,,
2026-07-12T05:53:19.694258+00:00,spot_16,Spot 16,Empty,2026-07-12T03:02:26.652024+00:00,,,,,,,,
2026-07-12T05:53:19.694258+00:00,spot_17,Spot 17,Empty,2026-07-12T03:02:26.652031+00:00,,,,,,,,
2026-07-12T05:54:19.838761+00:00,spot_1,Spot 1,Empty,2026-07-12T03:02:26.651889+00:00,,,,,,,,
2026-07-12T05:54:19.838761+00:00,spot_2,Spot 2,Empty,2026-07-12T03:02:26.651924+00:00,,,,,,,,
2026-07-12T05:54:19.838761+00:00,spot_3,Spot 3,Empty,2026-07-12T03:02:26.651934+00:00,,,,,,,,
2026-07-12T05:54:19.838761+00:00,spot_4,Spot 4,Empty,2026-07-12T03:02:26.651943+00:00,,,,,,,,
2026-07-12T05:54:19.838761+00:00,spot_5,Spot 5,Empty,2026-07-12T03:16:20.075827+00:00,,,,,,,,
2026-07-12T05:54:19.838761+00:00,spot_6,Spot 6,Empty,2026-07-12T03:02:26.651957+00:00,,,,,,,,
2026-07-12T05:54:19.838761+00:00,spot_7,Spot 7,Empty,2026-07-12T03:02:26.651964+00:00,,,,,,,,
2026-07-12T05:54:19.838761+00:00,spot_8,Spot 8,Empty,2026-07-12T05:38:18.326414+00:00,,,,,,,,
2026-07-12T05:54:19.838761+00:00,spot_9,Spot 9,Empty,2026-07-12T03:02:26.651977+00:00,,,,,,,,
2026-07-12T05:54:19.838761+00:00,spot_10,Spot 10,Empty,2026-07-12T03:06:19.142482+00:00,,,,,,,,
2026-07-12T05:54:19.838761+00:00,spot_11,Spot 11,Empty,2026-07-12T03:03:18.523817+00:00,,,,,,,,
2026-07-12T05:54:19.838761+00:00,spot_12,Spot 12,Empty,2026-07-12T03:22:19.442603+00:00,,,,,,,,
2026-07-12T05:54:19.838761+00:00,spot_13,Spot 13,Empty,2026-07-12T04:34:19.150717+00:00,,,,,,,,
2026-07-12T05:54:19.838761+00:00,spot_14,Spot 14,Empty,2026-07-12T03:02:26.652011+00:00,,,,,,,,
2026-07-12T05:54:19.838761+00:00,spot_15,Spot 15,Empty,2026-07-12T03:02:26.652017+00:00,,,,,,,,
2026-07-12T05:54:19.838761+00:00,spot_16,Spot 16,Empty,2026-07-12T03:02:26.652024+00:00,,,,,,,,
2026-07-12T05:54:19.838761+00:00,spot_17,Spot 17,Empty,2026-07-12T03:02:26.652031+00:00,,,,,,,,
2026-07-12T05:55:19.465718+00:00,spot_1,Spot 1,Empty,2026-07-12T03:02:26.651889+00:00,,,,,,,,
2026-07-12T05:55:19.465718+00:00,spot_2,Spot 2,Empty,2026-07-12T03:02:26.651924+00:00,,,,,,,,
2026-07-12T05:55:19.465718+00:00,spot_3,Spot 3,Empty,2026-07-12T03:02:26.651934+00:00,,,,,,,,
2026-07-12T05:55:19.465718+00:00,spot_4,Spot 4,Empty,2026-07-12T03:02:26.651943+00:00,,,,,,,,
2026-07-12T05:55:19.465718+00:00,spot_5,Spot 5,Empty,2026-07-12T03:16:20.075827+00:00,,,,,,,,
2026-07-12T05:55:19.465718+00:00,spot_6,Spot 6,Empty,2026-07-12T03:02:26.651957+00:00,,,,,,,,
2026-07-12T05:55:19.465718+00:00,spot_7,Spot 7,Empty,2026-07-12T03:02:26.651964+00:00,,,,,,,,
2026-07-12T05:55:19.465718+00:00,spot_8,Spot 8,Empty,2026-07-12T05:38:18.326414+00:00,,,,,,,,
2026-07-12T05:55:19.465718+00:00,spot_9,Spot 9,Empty,2026-07-12T03:02:26.651977+00:00,,,,,,,,
2026-07-12T05:55:19.465718+00:00,spot_10,Spot 10,Empty,2026-07-12T03:06:19.142482+00:00,,,,,,,,
2026-07-12T05:55:19.465718+00:00,spot_11,Spot 11,Empty,2026-07-12T03:03:18.523817+00:00,,,,,,,,
2026-07-12T05:55:19.465718+00:00,spot_12,Spot 12,Empty,2026-07-12T03:22:19.442603+00:00,,,,,,,,
2026-07-12T05:55:19.465718+00:00,spot_13,Spot 13,Empty,2026-07-12T04:34:19.150717+00:00,,,,,,,,
2026-07-12T05:55:19.465718+00:00,spot_14,Spot 14,Empty,2026-07-12T03:02:26.652011+00:00,,,,,,,,
2026-07-12T05:55:19.465718+00:00,spot_15,Spot 15,Empty,2026-07-12T03:02:26.652017+00:00,,,,,,,,
2026-07-12T05:55:19.465718+00:00,spot_16,Spot 16,Empty,2026-07-12T03:02:26.652024+00:00,,,,,,,,
2026-07-12T05:55:19.465718+00:00,spot_17,Spot 17,Empty,2026-07-12T03:02:26.652031+00:00,,,,,,,,
2026-07-12T05:56:18.512708+00:00,spot_1,Spot 1,Empty,2026-07-12T03:02:26.651889+00:00,,,,,,,,
2026-07-12T05:56:18.512708+00:00,spot_2,Spot 2,Empty,2026-07-12T03:02:26.651924+00:00,,,,,,,,
2026-07-12T05:56:18.512708+00:00,spot_3,Spot 3,Empty,2026-07-12T03:02:26.651934+00:00,,,,,,,,
2026-07-12T05:56:18.512708+00:00,spot_4,Spot 4,Empty,2026-07-12T03:02:26.651943+00:00,,,,,,,,
2026-07-12T05:56:18.512708+00:00,spot_5,Spot 5,Empty,2026-07-12T03:16:20.075827+00:00,,,,,,,,
2026-07-12T05:56:18.512708+00:00,spot_6,Spot 6,Empty,2026-07-12T03:02:26.651957+00:00,,,,,,,,
2026-07-12T05:56:18.512708+00:00,spot_7,Spot 7,Empty,2026-07-12T03:02:26.651964+00:00,,,,,,,,
2026-07-12T05:56:18.512708+00:00,spot_8,Spot 8,Empty,2026-07-12T05:38:18.326414+00:00,,,,,,,,
2026-07-12T05:56:18.512708+00:00,spot_9,Spot 9,Empty,2026-07-12T03:02:26.651977+00:00,,,,,,,,
2026-07-12T05:56:18.512708+00:00,spot_10,Spot 10,Empty,2026-07-12T03:06:19.142482+00:00,,,,,,,,
2026-07-12T05:56:18.512708+00:00,spot_11,Spot 11,Empty,2026-07-12T03:03:18.523817+00:00,,,,,,,,
2026-07-12T05:56:18.512708+00:00,spot_12,Spot 12,Empty,2026-07-12T03:22:19.442603+00:00,,,,,,,,
2026-07-12T05:56:18.512708+00:00,spot_13,Spot 13,Empty,2026-07-12T04:34:19.150717+00:00,,,,,,,,
2026-07-12T05:56:18.512708+00:00,spot_14,Spot 14,Empty,2026-07-12T03:02:26.652011+00:00,,,,,,,,
2026-07-12T05:56:18.512708+00:00,spot_15,Spot 15,Empty,2026-07-12T03:02:26.652017+00:00,,,,,,,,
2026-07-12T05:56:18.512708+00:00,spot_16,Spot 16,Empty,2026-07-12T03:02:26.652024+00:00,,,,,,,,
2026-07-12T05:56:18.512708+00:00,spot_17,Spot 17,Empty,2026-07-12T03:02:26.652031+00:00,,,,,,,,
2026-07-12T05:57:18.951988+00:00,spot_1,Spot 1,Empty,2026-07-12T03:02:26.651889+00:00,,,,,,,,
2026-07-12T05:57:18.951988+00:00,spot_2,Spot 2,Empty,2026-07-12T03:02:26.651924+00:00,,,,,,,,
2026-07-12T05:57:18.951988+00:00,spot_3,Spot 3,Empty,2026-07-12T03:02:26.651934+00:00,,,,,,,,
2026-07-12T05:57:18.951988+00:00,spot_4,Spot 4,Empty,2026-07-12T03:02:26.651943+00:00,,,,,,,,
2026-07-12T05:57:18.951988+00:00,spot_5,Spot 5,Empty,2026-07-12T03:16:20.075827+00:00,,,,,,,,
2026-07-12T05:57:18.951988+00:00,spot_6,Spot 6,Empty,2026-07-12T03:02:26.651957+00:00,,,,,,,,
2026-07-12T05:57:18.951988+00:00,spot_7,Spot 7,Empty,2026-07-12T03:02:26.651964+00:00,,,,,,,,
2026-07-12T05:57:18.951988+00:00,spot_8,Spot 8,Empty,2026-07-12T05:38:18.326414+00:00,,,,,,,,
2026-07-12T05:57:18.951988+00:00,spot_9,Spot 9,Empty,2026-07-12T03:02:26.651977+00:00,,,,,,,,
2026-07-12T05:57:18.951988+00:00,spot_10,Spot 10,Empty,2026-07-12T03:06:19.142482+00:00,,,,,,,,
2026-07-12T05:57:18.951988+00:00,spot_11,Spot 11,Empty,2026-07-12T03:03:18.523817+00:00,,,,,,,,
2026-07-12T05:57:18.951988+00:00,spot_12,Spot 12,Empty,2026-07-12T03:22:19.442603+00:00,,,,,,,,
2026-07-12T05:57:18.951988+00:00,spot_13,Spot 13,Empty,2026-07-12T04:34:19.150717+00:00,,,,,,,,
2026-07-12T05:57:18.951988+00:00,spot_14,Spot 14,Empty,2026-07-12T03:02:26.652011+00:00,,,,,,,,
2026-07-12T05:57:18.951988+00:00,spot_15,Spot 15,Empty,2026-07-12T03:02:26.652017+00:00,,,,,,,,
2026-07-12T05:57:18.951988+00:00,spot_16,Spot 16,Empty,2026-07-12T03:02:26.652024+00:00,,,,,,,,
2026-07-12T05:57:18.951988+00:00,spot_17,Spot 17,Empty,2026-07-12T03:02:26.652031+00:00,,,,,,,,
2026-07-12T05:58:18.606676+00:00,spot_1,Spot 1,Empty,2026-07-12T03:02:26.651889+00:00,,,,,,,,
2026-07-12T05:58:18.606676+00:00,spot_2,Spot 2,Empty,2026-07-12T03:02:26.651924+00:00,,,,,,,,
2026-07-12T05:58:18.606676+00:00,spot_3,Spot 3,Empty,2026-07-12T03:02:26.651934+00:00,,,,,,,,
2026-07-12T05:58:18.606676+00:00,spot_4,Spot 4,Empty,2026-07-12T03:02:26.651943+00:00,,,,,,,,
2026-07-12T05:58:18.606676+00:00,spot_5,Spot 5,Empty,2026-07-12T03:16:20.075827+00:00,,,,,,,,
2026-07-12T05:58:18.606676+00:00,spot_6,Spot 6,Empty,2026-07-12T03:02:26.651957+00:00,,,,,,,,
2026-07-12T05:58:18.606676+00:00,spot_7,Spot 7,Empty,2026-07-12T03:02:26.651964+00:00,,,,,,,,
2026-07-12T05:58:18.606676+00:00,spot_8,Spot 8,Empty,2026-07-12T05:38:18.326414+00:00,,,,,,,,
2026-07-12T05:58:18.606676+00:00,spot_9,Spot 9,Empty,2026-07-12T03:02:26.651977+00:00,,,,,,,,
2026-07-12T05:58:18.606676+00:00,spot_10,Spot 10,Empty,2026-07-12T03:06:19.142482+00:00,,,,,,,,
2026-07-12T05:58:18.606676+00:00,spot_11,Spot 11,Empty,2026-07-12T03:03:18.523817+00:00,,,,,,,,
2026-07-12T05:58:18.606676+00:00,spot_12,Spot 12,Empty,2026-07-12T03:22:19.442603+00:00,,,,,,,,
2026-07-12T05:58:18.606676+00:00,spot_13,Spot 13,Empty,2026-07-12T04:34:19.150717+00:00,,,,,,,,
2026-07-12T05:58:18.606676+00:00,spot_14,Spot 14,Empty,2026-07-12T03:02:26.652011+00:00,,,,,,,,
2026-07-12T05:58:18.606676+00:00,spot_15,Spot 15,Empty,2026-07-12T03:02:26.652017+00:00,,,,,,,,
2026-07-12T05:58:18.606676+00:00,spot_16,Spot 16,Empty,2026-07-12T03:02:26.652024+00:00,,,,,,,,
2026-07-12T05:58:18.606676+00:00,spot_17,Spot 17,Empty,2026-07-12T03:02:26.652031+00:00,,,,,,,,
2026-07-12T05:59:19.302339+00:00,spot_1,Spot 1,Empty,2026-07-12T03:02:26.651889+00:00,,,,,,,,
2026-07-12T05:59:19.302339+00:00,spot_2,Spot 2,Empty,2026-07-12T03:02:26.651924+00:00,,,,,,,,
2026-07-12T05:59:19.302339+00:00,spot_3,Spot 3,Empty,2026-07-12T03:02:26.651934+00:00,,,,,,,,
2026-07-12T05:59:19.302339+00:00,spot_4,Spot 4,Empty,2026-07-12T03:02:26.651943+00:00,,,,,,,,
2026-07-12T05:59:19.302339+00:00,spot_5,Spot 5,Empty,2026-07-12T03:16:20.075827+00:00,,,,,,,,
2026-07-12T05:59:19.302339+00:00,spot_6,Spot 6,Empty,2026-07-12T03:02:26.651957+00:00,,,,,,,,
2026-07-12T05:59:19.302339+00:00,spot_7,Spot 7,Empty,2026-07-12T03:02:26.651964+00:00,,,,,,,,
2026-07-12T05:59:19.302339+00:00,spot_8,Spot 8,Empty,2026-07-12T05:38:18.326414+00:00,,,,,,,,
2026-07-12T05:59:19.302339+00:00,spot_9,Spot 9,Empty,2026-07-12T03:02:26.651977+00:00,,,,,,,,
2026-07-12T05:59:19.302339+00:00,spot_10,Spot 10,Empty,2026-07-12T03:06:19.142482+00:00,,,,,,,,
2026-07-12T05:59:19.302339+00:00,spot_11,Spot 11,Empty,2026-07-12T03:03:18.523817+00:00,,,,,,,,
2026-07-12T05:59:19.302339+00:00,spot_12,Spot 12,Empty,2026-07-12T03:22:19.442603+00:00,,,,,,,,
2026-07-12T05:59:19.302339+00:00,spot_13,Spot 13,Empty,2026-07-12T04:34:19.150717+00:00,,,,,,,,
2026-07-12T05:59:19.302339+00:00,spot_14,Spot 14,Empty,2026-07-12T03:02:26.652011+00:00,,,,,,,,
2026-07-12T05:59:19.302339+00:00,spot_15,Spot 15,Empty,2026-07-12T03:02:26.652017+00:00,,,,,,,,
2026-07-12T05:59:19.302339+00:00,spot_16,Spot 16,Empty,2026-07-12T03:02:26.652024+00:00,,,,,,,,
2026-07-12T05:59:19.302339+00:00,spot_17,Spot 17,Empty,2026-07-12T03:02:26.652031+00:00,,,,,,,,
2026-07-12T06:00:36.236976+00:00,spot_1,Spot 1,Empty,2026-07-12T03:02:26.651889+00:00,,,,,,,,
2026-07-12T06:00:36.236976+00:00,spot_2,Spot 2,Empty,2026-07-12T03:02:26.651924+00:00,,,,,,,,
2026-07-12T06:00:36.236976+00:00,spot_3,Spot 3,Empty,2026-07-12T03:02:26.651934+00:00,,,,,,,,
2026-07-12T06:00:36.236976+00:00,spot_4,Spot 4,Empty,2026-07-12T03:02:26.651943+00:00,,,,,,,,
2026-07-12T06:00:36.236976+00:00,spot_5,Spot 5,Empty,2026-07-12T03:16:20.075827+00:00,,,,,,,,
2026-07-12T06:00:36.236976+00:00,spot_6,Spot 6,Empty,2026-07-12T03:02:26.651957+00:00,,,,,,,,
2026-07-12T06:00:36.236976+00:00,spot_7,Spot 7,Empty,2026-07-12T03:02:26.651964+00:00,,,,,,,,
2026-07-12T06:00:36.236976+00:00,spot_8,Spot 8,Empty,2026-07-12T05:38:18.326414+00:00,,,,,,,,
2026-07-12T06:00:36.236976+00:00,spot_9,Spot 9,Empty,2026-07-12T03:02:26.651977+00:00,,,,,,,,
2026-07-12T06:00:36.236976+00:00,spot_10,Spot 10,Empty,2026-07-12T03:06:19.142482+00:00,,,,,,,,
2026-07-12T06:00:36.236976+00:00,spot_11,Spot 11,Empty,2026-07-12T03:03:18.523817+00:00,,,,,,,,
2026-07-12T06:00:36.236976+00:00,spot_12,Spot 12,Empty,2026-07-12T03:22:19.442603+00:00,,,,,,,,
2026-07-12T06:00:36.236976+00:00,spot_13,Spot 13,Empty,2026-07-12T04:34:19.150717+00:00,,,,,,,,
2026-07-12T06:00:36.236976+00:00,spot_14,Spot 14,Empty,2026-07-12T03:02:26.652011+00:00,,,,,,,,
2026-07-12T06:00:36.236976+00:00,spot_15,Spot 15,Empty,2026-07-12T03:02:26.652017+00:00,,,,,,,,
2026-07-12T06:00:36.236976+00:00,spot_16,Spot 16,Empty,2026-07-12T03:02:26.652024+00:00,,,,,,,,
2026-07-12T06:00:36.236976+00:00,spot_17,Spot 17,Empty,2026-07-12T03:02:26.652031+00:00,,,,,,,,
2026-07-12T06:01:38.005944+00:00,spot_1,Spot 1,Empty,2026-07-12T03:02:26.651889+00:00,,,,,,,,
2026-07-12T06:01:38.005944+00:00,spot_2,Spot 2,Empty,2026-07-12T03:02:26.651924+00:00,,,,,,,,
2026-07-12T06:01:38.005944+00:00,spot_3,Spot 3,Empty,2026-07-12T03:02:26.651934+00:00,,,,,,,,
2026-07-12T06:01:38.005944+00:00,spot_4,Spot 4,Empty,2026-07-12T03:02:26.651943+00:00,,,,,,,,
2026-07-12T06:01:38.005944+00:00,spot_5,Spot 5,Empty,2026-07-12T03:16:20.075827+00:00,,,,,,,,
2026-07-12T06:01:38.005944+00:00,spot_6,Spot 6,Empty,2026-07-12T03:02:26.651957+00:00,,,,,,,,
2026-07-12T06:01:38.005944+00:00,spot_7,Spot 7,Empty,2026-07-12T03:02:26.651964+00:00,,,,,,,,
2026-07-12T06:01:38.005944+00:00,spot_8,Spot 8,Empty,2026-07-12T05:38:18.326414+00:00,,,,,,,,
2026-07-12T06:01:38.005944+00:00,spot_9,Spot 9,Empty,2026-07-12T03:02:26.651977+00:00,,,,,,,,
2026-07-12T06:01:38.005944+00:00,spot_10,Spot 10,Empty,2026-07-12T03:06:19.142482+00:00,,,,,,,,
2026-07-12T06:01:38.005944+00:00,spot_11,Spot 11,Empty,2026-07-12T03:03:18.523817+00:00,,,,,,,,
2026-07-12T06:01:38.005944+00:00,spot_12,Spot 12,Empty,2026-07-12T03:22:19.442603+00:00,,,,,,,,
2026-07-12T06:01:38.005944+00:00,spot_13,Spot 13,Empty,2026-07-12T04:34:19.150717+00:00,,,,,,,,
2026-07-12T06:01:38.005944+00:00,spot_14,Spot 14,Empty,2026-07-12T03:02:26.652011+00:00,,,,,,,,
2026-07-12T06:01:38.005944+00:00,spot_15,Spot 15,Empty,2026-07-12T03:02:26.652017+00:00,,,,,,,,
2026-07-12T06:01:38.005944+00:00,spot_16,Spot 16,Empty,2026-07-12T03:02:26.652024+00:00,,,,,,,,
2026-07-12T06:01:38.005944+00:00,spot_17,Spot 17,Empty,2026-07-12T03:02:26.652031+00:00,,,,,,,,
2026-07-12T06:02:34.102161+00:00,spot_1,Spot 1,Empty,2026-07-12T03:02:26.651889+00:00,,,,,,,,
2026-07-12T06:02:34.102161+00:00,spot_2,Spot 2,Empty,2026-07-12T03:02:26.651924+00:00,,,,,,,,
2026-07-12T06:02:34.102161+00:00,spot_3,Spot 3,Empty,2026-07-12T03:02:26.651934+00:00,,,,,,,,
2026-07-12T06:02:34.102161+00:00,spot_4,Spot 4,Empty,2026-07-12T03:02:26.651943+00:00,,,,,,,,
2026-07-12T06:02:34.102161+00:00,spot_5,Spot 5,Empty,2026-07-12T03:16:20.075827+00:00,,,,,,,,
2026-07-12T06:02:34.102161+00:00,spot_6,Spot 6,Empty,2026-07-12T03:02:26.651957+00:00,,,,,,,,
2026-07-12T06:02:34.102161+00:00,spot_7,Spot 7,Empty,2026-07-12T03:02:26.651964+00:00,,,,,,,,
2026-07-12T06:02:34.102161+00:00,spot_8,Spot 8,Occupied,2026-07-12T06:02:34.102161+00:00,41,car,0.3672729432582855,0,210.89071655273438,321.34649658203125,271.92010498046875,350.35040283203125
2026-07-12T06:02:34.102161+00:00,spot_9,Spot 9,Empty,2026-07-12T03:02:26.651977+00:00,,,,,,,,
2026-07-12T06:02:34.102161+00:00,spot_10,Spot 10,Empty,2026-07-12T03:06:19.142482+00:00,,,,,,,,
2026-07-12T06:02:34.102161+00:00,spot_11,Spot 11,Empty,2026-07-12T03:03:18.523817+00:00,,,,,,,,
2026-07-12T06:02:34.102161+00:00,spot_12,Spot 12,Empty,2026-07-12T03:22:19.442603+00:00,,,,,,,,
2026-07-12T06:02:34.102161+00:00,spot_13,Spot 13,Empty,2026-07-12T04:34:19.150717+00:00,,,,,,,,
2026-07-12T06:02:34.102161+00:00,spot_14,Spot 14,Empty,2026-07-12T03:02:26.652011+00:00,,,,,,,,
2026-07-12T06:02:34.102161+00:00,spot_15,Spot 15,Empty,2026-07-12T03:02:26.652017+00:00,,,,,,,,
2026-07-12T06:02:34.102161+00:00,spot_16,Spot 16,Empty,2026-07-12T03:02:26.652024+00:00,,,,,,,,
2026-07-12T06:02:34.102161+00:00,spot_17,Spot 17,Empty,2026-07-12T03:02:26.652031+00:00,,,,,,,,
2026-07-12T06:03:22.349035+00:00,spot_1,Spot 1,Empty,2026-07-12T03:02:26.651889+00:00,,,,,,,,
2026-07-12T06:03:22.349035+00:00,spot_2,Spot 2,Empty,2026-07-12T03:02:26.651924+00:00,,,,,,,,
2026-07-12T06:03:22.349035+00:00,spot_3,Spot 3,Empty,2026-07-12T03:02:26.651934+00:00,,,,,,,,
2026-07-12T06:03:22.349035+00:00,spot_4,Spot 4,Empty,2026-07-12T03:02:26.651943+00:00,,,,,,,,
2026-07-12T06:03:22.349035+00:00,spot_5,Spot 5,Empty,2026-07-12T03:16:20.075827+00:00,,,,,,,,
2026-07-12T06:03:22.349035+00:00,spot_6,Spot 6,Empty,2026-07-12T03:02:26.651957+00:00,,,,,,,,
2026-07-12T06:03:22.349035+00:00,spot_7,Spot 7,Empty,2026-07-12T03:02:26.651964+00:00,,,,,,,,
2026-07-12T06:03:22.349035+00:00,spot_8,Spot 8,Empty,2026-07-12T06:03:22.349035+00:00,,,,,,,,
2026-07-12T06:03:22.349035+00:00,spot_9,Spot 9,Empty,2026-07-12T03:02:26.651977+00:00,,,,,,,,
2026-07-12T06:03:22.349035+00:00,spot_10,Spot 10,Empty,2026-07-12T03:06:19.142482+00:00,,,,,,,,
2026-07-12T06:03:22.349035+00:00,spot_11,Spot 11,Empty,2026-07-12T03:03:18.523817+00:00,,,,,,,,
2026-07-12T06:03:22.349035+00:00,spot_12,Spot 12,Empty,2026-07-12T03:22:19.442603+00:00,,,,,,,,
2026-07-12T06:03:22.349035+00:00,spot_13,Spot 13,Empty,2026-07-12T04:34:19.150717+00:00,,,,,,,,
2026-07-12T06:03:22.349035+00:00,spot_14,Spot 14,Empty,2026-07-12T03:02:26.652011+00:00,,,,,,,,
2026-07-12T06:03:22.349035+00:00,spot_15,Spot 15,Empty,2026-07-12T03:02:26.652017+00:00,,,,,,,,
2026-07-12T06:03:22.349035+00:00,spot_16,Spot 16,Empty,2026-07-12T03:02:26.652024+00:00,,,,,,,,
2026-07-12T06:03:22.349035+00:00,spot_17,Spot 17,Empty,2026-07-12T03:02:26.652031+00:00,,,,,,,,
2026-07-12T06:04:20.888282+00:00,spot_1,Spot 1,Empty,2026-07-12T03:02:26.651889+00:00,,,,,,,,
2026-07-12T06:04:20.888282+00:00,spot_2,Spot 2,Empty,2026-07-12T03:02:26.651924+00:00,,,,,,,,
2026-07-12T06:04:20.888282+00:00,spot_3,Spot 3,Empty,2026-07-12T03:02:26.651934+00:00,,,,,,,,
2026-07-12T06:04:20.888282+00:00,spot_4,Spot 4,Empty,2026-07-12T03:02:26.651943+00:00,,,,,,,,
2026-07-12T06:04:20.888282+00:00,spot_5,Spot 5,Empty,2026-07-12T03:16:20.075827+00:00,,,,,,,,
2026-07-12T06:04:20.888282+00:00,spot_6,Spot 6,Empty,2026-07-12T03:02:26.651957+00:00,,,,,,,,
2026-07-12T06:04:20.888282+00:00,spot_7,Spot 7,Empty,2026-07-12T03:02:26.651964+00:00,,,,,,,,
2026-07-12T06:04:20.888282+00:00,spot_8,Spot 8,Occupied,2026-07-12T06:04:20.888282+00:00,41,car,0.478931725025177,112,210.34039306640625,321.276123046875,272.8077392578125,351.1280517578125
2026-07-12T06:04:20.888282+00:00,spot_9,Spot 9,Empty,2026-07-12T03:02:26.651977+00:00,,,,,,,,
2026-07-12T06:04:20.888282+00:00,spot_10,Spot 10,Empty,2026-07-12T03:06:19.142482+00:00,,,,,,,,
2026-07-12T06:04:20.888282+00:00,spot_11,Spot 11,Empty,2026-07-12T03:03:18.523817+00:00,,,,,,,,
2026-07-12T06:04:20.888282+00:00,spot_12,Spot 12,Empty,2026-07-12T03:22:19.442603+00:00,,,,,,,,
2026-07-12T06:04:20.888282+00:00,spot_13,Spot 13,Empty,2026-07-12T04:34:19.150717+00:00,,,,,,,,
2026-07-12T06:04:20.888282+00:00,spot_14,Spot 14,Empty,2026-07-12T03:02:26.652011+00:00,,,,,,,,
2026-07-12T06:04:20.888282+00:00,spot_15,Spot 15,Empty,2026-07-12T03:02:26.652017+00:00,,,,,,,,
2026-07-12T06:04:20.888282+00:00,spot_16,Spot 16,Empty,2026-07-12T03:02:26.652024+00:00,,,,,,,,
2026-07-12T06:04:20.888282+00:00,spot_17,Spot 17,Empty,2026-07-12T03:02:26.652031+00:00,,,,,,,,
2026-07-12T06:05:20.845638+00:00,spot_1,Spot 1,Empty,2026-07-12T03:02:26.651889+00:00,,,,,,,,
2026-07-12T06:05:20.845638+00:00,spot_2,Spot 2,Empty,2026-07-12T03:02:26.651924+00:00,,,,,,,,
2026-07-12T06:05:20.845638+00:00,spot_3,Spot 3,Empty,2026-07-12T03:02:26.651934+00:00,,,,,,,,
2026-07-12T06:05:20.845638+00:00,spot_4,Spot 4,Empty,2026-07-12T03:02:26.651943+00:00,,,,,,,,
2026-07-12T06:05:20.845638+00:00,spot_5,Spot 5,Empty,2026-07-12T03:16:20.075827+00:00,,,,,,,,
2026-07-12T06:05:20.845638+00:00,spot_6,Spot 6,Empty,2026-07-12T03:02:26.651957+00:00,,,,,,,,
2026-07-12T06:05:20.845638+00:00,spot_7,Spot 7,Empty,2026-07-12T03:02:26.651964+00:00,,,,,,,,
2026-07-12T06:05:20.845638+00:00,spot_8,Spot 8,Empty,2026-07-12T06:05:20.845638+00:00,,,,,,,,
2026-07-12T06:05:20.845638+00:00,spot_9,Spot 9,Empty,2026-07-12T03:02:26.651977+00:00,,,,,,,,
2026-07-12T06:05:20.845638+00:00,spot_10,Spot 10,Empty,2026-07-12T03:06:19.142482+00:00,,,,,,,,
2026-07-12T06:05:20.845638+00:00,spot_11,Spot 11,Empty,2026-07-12T03:03:18.523817+00:00,,,,,,,,
2026-07-12T06:05:20.845638+00:00,spot_12,Spot 12,Empty,2026-07-12T03:22:19.442603+00:00,,,,,,,,
2026-07-12T06:05:20.845638+00:00,spot_13,Spot 13,Empty,2026-07-12T04:34:19.150717+00:00,,,,,,,,
2026-07-12T06:05:20.845638+00:00,spot_14,Spot 14,Empty,2026-07-12T03:02:26.652011+00:00,,,,,,,,
2026-07-12T06:05:20.845638+00:00,spot_15,Spot 15,Empty,2026-07-12T03:02:26.652017+00:00,,,,,,,,
2026-07-12T06:05:20.845638+00:00,spot_16,Spot 16,Empty,2026-07-12T03:02:26.652024+00:00,,,,,,,,
2026-07-12T06:05:20.845638+00:00,spot_17,Spot 17,Empty,2026-07-12T03:02:26.652031+00:00,,,,,,,,
2026-07-12T06:06:19.082676+00:00,spot_1,Spot 1,Empty,2026-07-12T03:02:26.651889+00:00,,,,,,,,
2026-07-12T06:06:19.082676+00:00,spot_2,Spot 2,Empty,2026-07-12T03:02:26.651924+00:00,,,,,,,,
2026-07-12T06:06:19.082676+00:00,spot_3,Spot 3,Empty,2026-07-12T03:02:26.651934+00:00,,,,,,,,
2026-07-12T06:06:19.082676+00:00,spot_4,Spot 4,Empty,2026-07-12T03:02:26.651943+00:00,,,,,,,,
2026-07-12T06:06:19.082676+00:00,spot_5,Spot 5,Empty,2026-07-12T03:16:20.075827+00:00,,,,,,,,
2026-07-12T06:06:19.082676+00:00,spot_6,Spot 6,Empty,2026-07-12T03:02:26.651957+00:00,,,,,,,,
2026-07-12T06:06:19.082676+00:00,spot_7,Spot 7,Empty,2026-07-12T03:02:26.651964+00:00,,,,,,,,
2026-07-12T06:06:19.082676+00:00,spot_8,Spot 8,Empty,2026-07-12T06:05:20.845638+00:00,,,,,,,,
2026-07-12T06:06:19.082676+00:00,spot_9,Spot 9,Empty,2026-07-12T03:02:26.651977+00:00,,,,,,,,
2026-07-12T06:06:19.082676+00:00,spot_10,Spot 10,Empty,2026-07-12T03:06:19.142482+00:00,,,,,,,,
2026-07-12T06:06:19.082676+00:00,spot_11,Spot 11,Empty,2026-07-12T03:03:18.523817+00:00,,,,,,,,
2026-07-12T06:06:19.082676+00:00,spot_12,Spot 12,Empty,2026-07-12T03:22:19.442603+00:00,,,,,,,,
2026-07-12T06:06:19.082676+00:00,spot_13,Spot 13,Empty,2026-07-12T04:34:19.150717+00:00,,,,,,,,
2026-07-12T06:06:19.082676+00:00,spot_14,Spot 14,Empty,2026-07-12T03:02:26.652011+00:00,,,,,,,,
2026-07-12T06:06:19.082676+00:00,spot_15,Spot 15,Empty,2026-07-12T03:02:26.652017+00:00,,,,,,,,
2026-07-12T06:06:19.082676+00:00,spot_16,Spot 16,Empty,2026-07-12T03:02:26.652024+00:00,,,,,,,,
2026-07-12T06:06:19.082676+00:00,spot_17,Spot 17,Empty,2026-07-12T03:02:26.652031+00:00,,,,,,,,
2026-07-12T06:07:19.964708+00:00,spot_1,Spot 1,Empty,2026-07-12T03:02:26.651889+00:00,,,,,,,,
2026-07-12T06:07:19.964708+00:00,spot_2,Spot 2,Empty,2026-07-12T03:02:26.651924+00:00,,,,,,,,
2026-07-12T06:07:19.964708+00:00,spot_3,Spot 3,Empty,2026-07-12T03:02:26.651934+00:00,,,,,,,,
2026-07-12T06:07:19.964708+00:00,spot_4,Spot 4,Empty,2026-07-12T03:02:26.651943+00:00,,,,,,,,
2026-07-12T06:07:19.964708+00:00,spot_5,Spot 5,Empty,2026-07-12T03:16:20.075827+00:00,,,,,,,,
2026-07-12T06:07:19.964708+00:00,spot_6,Spot 6,Empty,2026-07-12T03:02:26.651957+00:00,,,,,,,,
2026-07-12T06:07:19.964708+00:00,spot_7,Spot 7,Empty,2026-07-12T03:02:26.651964+00:00,,,,,,,,
2026-07-12T06:07:19.964708+00:00,spot_8,Spot 8,Empty,2026-07-12T06:05:20.845638+00:00,,,,,,,,
2026-07-12T06:07:19.964708+00:00,spot_9,Spot 9,Empty,2026-07-12T03:02:26.651977+00:00,,,,,,,,
2026-07-12T06:07:19.964708+00:00,spot_10,Spot 10,Empty,2026-07-12T03:06:19.142482+00:00,,,,,,,,
2026-07-12T06:07:19.964708+00:00,spot_11,Spot 11,Empty,2026-07-12T03:03:18.523817+00:00,,,,,,,,
2026-07-12T06:07:19.964708+00:00,spot_12,Spot 12,Empty,2026-07-12T03:22:19.442603+00:00,,,,,,,,
2026-07-12T06:07:19.964708+00:00,spot_13,Spot 13,Empty,2026-07-12T04:34:19.150717+00:00,,,,,,,,
2026-07-12T06:07:19.964708+00:00,spot_14,Spot 14,Empty,2026-07-12T03:02:26.652011+00:00,,,,,,,,
2026-07-12T06:07:19.964708+00:00,spot_15,Spot 15,Empty,2026-07-12T03:02:26.652017+00:00,,,,,,,,
2026-07-12T06:07:19.964708+00:00,spot_16,Spot 16,Empty,2026-07-12T03:02:26.652024+00:00,,,,,,,,
2026-07-12T06:07:19.964708+00:00,spot_17,Spot 17,Empty,2026-07-12T03:02:26.652031+00:00,,,,,,,,
2026-07-12T06:08:19.408652+00:00,spot_1,Spot 1,Empty,2026-07-12T03:02:26.651889+00:00,,,,,,,,
2026-07-12T06:08:19.408652+00:00,spot_2,Spot 2,Empty,2026-07-12T03:02:26.651924+00:00,,,,,,,,
2026-07-12T06:08:19.408652+00:00,spot_3,Spot 3,Empty,2026-07-12T03:02:26.651934+00:00,,,,,,,,
2026-07-12T06:08:19.408652+00:00,spot_4,Spot 4,Empty,2026-07-12T03:02:26.651943+00:00,,,,,,,,
2026-07-12T06:08:19.408652+00:00,spot_5,Spot 5,Empty,2026-07-12T03:16:20.075827+00:00,,,,,,,,
2026-07-12T06:08:19.408652+00:00,spot_6,Spot 6,Empty,2026-07-12T03:02:26.651957+00:00,,,,,,,,
2026-07-12T06:08:19.408652+00:00,spot_7,Spot 7,Empty,2026-07-12T03:02:26.651964+00:00,,,,,,,,
2026-07-12T06:08:19.408652+00:00,spot_8,Spot 8,Empty,2026-07-12T06:05:20.845638+00:00,,,,,,,,
2026-07-12T06:08:19.408652+00:00,spot_9,Spot 9,Empty,2026-07-12T03:02:26.651977+00:00,,,,,,,,
2026-07-12T06:08:19.408652+00:00,spot_10,Spot 10,Empty,2026-07-12T03:06:19.142482+00:00,,,,,,,,
2026-07-12T06:08:19.408652+00:00,spot_11,Spot 11,Empty,2026-07-12T03:03:18.523817+00:00,,,,,,,,
2026-07-12T06:08:19.408652+00:00,spot_12,Spot 12,Empty,2026-07-12T03:22:19.442603+00:00,,,,,,,,
2026-07-12T06:08:19.408652+00:00,spot_13,Spot 13,Empty,2026-07-12T04:34:19.150717+00:00,,,,,,,,
2026-07-12T06:08:19.408652+00:00,spot_14,Spot 14,Empty,2026-07-12T03:02:26.652011+00:00,,,,,,,,
2026-07-12T06:08:19.408652+00:00,spot_15,Spot 15,Empty,2026-07-12T03:02:26.652017+00:00,,,,,,,,
2026-07-12T06:08:19.408652+00:00,spot_16,Spot 16,Empty,2026-07-12T03:02:26.652024+00:00,,,,,,,,
2026-07-12T06:08:19.408652+00:00,spot_17,Spot 17,Empty,2026-07-12T03:02:26.652031+00:00,,,,,,,,
2026-07-12T06:09:20.527835+00:00,spot_1,Spot 1,Empty,2026-07-12T03:02:26.651889+00:00,,,,,,,,
2026-07-12T06:09:20.527835+00:00,spot_2,Spot 2,Empty,2026-07-12T03:02:26.651924+00:00,,,,,,,,
2026-07-12T06:09:20.527835+00:00,spot_3,Spot 3,Empty,2026-07-12T03:02:26.651934+00:00,,,,,,,,
2026-07-12T06:09:20.527835+00:00,spot_4,Spot 4,Empty,2026-07-12T03:02:26.651943+00:00,,,,,,,,
2026-07-12T06:09:20.527835+00:00,spot_5,Spot 5,Empty,2026-07-12T03:16:20.075827+00:00,,,,,,,,
2026-07-12T06:09:20.527835+00:00,spot_6,Spot 6,Empty,2026-07-12T03:02:26.651957+00:00,,,,,,,,
2026-07-12T06:09:20.527835+00:00,spot_7,Spot 7,Empty,2026-07-12T03:02:26.651964+00:00,,,,,,,,
2026-07-12T06:09:20.527835+00:00,spot_8,Spot 8,Empty,2026-07-12T06:05:20.845638+00:00,,,,,,,,
2026-07-12T06:09:20.527835+00:00,spot_9,Spot 9,Empty,2026-07-12T03:02:26.651977+00:00,,,,,,,,
2026-07-12T06:09:20.527835+00:00,spot_10,Spot 10,Empty,2026-07-12T03:06:19.142482+00:00,,,,,,,,
2026-07-12T06:09:20.527835+00:00,spot_11,Spot 11,Empty,2026-07-12T03:03:18.523817+00:00,,,,,,,,
2026-07-12T06:09:20.527835+00:00,spot_12,Spot 12,Empty,2026-07-12T03:22:19.442603+00:00,,,,,,,,
2026-07-12T06:09:20.527835+00:00,spot_13,Spot 13,Empty,2026-07-12T04:34:19.150717+00:00,,,,,,,,
2026-07-12T06:09:20.527835+00:00,spot_14,Spot 14,Empty,2026-07-12T03:02:26.652011+00:00,,,,,,,,
2026-07-12T06:09:20.527835+00:00,spot_15,Spot 15,Empty,2026-07-12T03:02:26.652017+00:00,,,,,,,,
2026-07-12T06:09:20.527835+00:00,spot_16,Spot 16,Empty,2026-07-12T03:02:26.652024+00:00,,,,,,,,
2026-07-12T06:09:20.527835+00:00,spot_17,Spot 17,Empty,2026-07-12T03:02:26.652031+00:00,,,,,,,,
2026-07-12T06:10:20.664584+00:00,spot_1,Spot 1,Empty,2026-07-12T03:02:26.651889+00:00,,,,,,,,
2026-07-12T06:10:20.664584+00:00,spot_2,Spot 2,Empty,2026-07-12T03:02:26.651924+00:00,,,,,,,,
2026-07-12T06:10:20.664584+00:00,spot_3,Spot 3,Empty,2026-07-12T03:02:26.651934+00:00,,,,,,,,
2026-07-12T06:10:20.664584+00:00,spot_4,Spot 4,Empty,2026-07-12T03:02:26.651943+00:00,,,,,,,,
2026-07-12T06:10:20.664584+00:00,spot_5,Spot 5,Empty,2026-07-12T03:16:20.075827+00:00,,,,,,,,
2026-07-12T06:10:20.664584+00:00,spot_6,Spot 6,Empty,2026-07-12T03:02:26.651957+00:00,,,,,,,,
2026-07-12T06:10:20.664584+00:00,spot_7,Spot 7,Empty,2026-07-12T03:02:26.651964+00:00,,,,,,,,
2026-07-12T06:10:20.664584+00:00,spot_8,Spot 8,Empty,2026-07-12T06:05:20.845638+00:00,,,,,,,,
2026-07-12T06:10:20.664584+00:00,spot_9,Spot 9,Empty,2026-07-12T03:02:26.651977+00:00,,,,,,,,
2026-07-12T06:10:20.664584+00:00,spot_10,Spot 10,Empty,2026-07-12T03:06:19.142482+00:00,,,,,,,,
2026-07-12T06:10:20.664584+00:00,spot_11,Spot 11,Empty,2026-07-12T03:03:18.523817+00:00,,,,,,,,
2026-07-12T06:10:20.664584+00:00,spot_12,Spot 12,Empty,2026-07-12T03:22:19.442603+00:00,,,,,,,,
2026-07-12T06:10:20.664584+00:00,spot_13,Spot 13,Empty,2026-07-12T04:34:19.150717+00:00,,,,,,,,
2026-07-12T06:10:20.664584+00:00,spot_14,Spot 14,Empty,2026-07-12T03:02:26.652011+00:00,,,,,,,,
2026-07-12T06:10:20.664584+00:00,spot_15,Spot 15,Empty,2026-07-12T03:02:26.652017+00:00,,,,,,,,
2026-07-12T06:10:20.664584+00:00,spot_16,Spot 16,Empty,2026-07-12T03:02:26.652024+00:00,,,,,,,,
2026-07-12T06:10:20.664584+00:00,spot_17,Spot 17,Empty,2026-07-12T03:02:26.652031+00:00,,,,,,,,
2026-07-12T06:11:32.575499+00:00,spot_1,Spot 1,Empty,2026-07-12T03:02:26.651889+00:00,,,,,,,,
2026-07-12T06:11:32.575499+00:00,spot_2,Spot 2,Empty,2026-07-12T03:02:26.651924+00:00,,,,,,,,
2026-07-12T06:11:32.575499+00:00,spot_3,Spot 3,Empty,2026-07-12T03:02:26.651934+00:00,,,,,,,,
2026-07-12T06:11:32.575499+00:00,spot_4,Spot 4,Empty,2026-07-12T03:02:26.651943+00:00,,,,,,,,
2026-07-12T06:11:32.575499+00:00,spot_5,Spot 5,Empty,2026-07-12T03:16:20.075827+00:00,,,,,,,,
2026-07-12T06:11:32.575499+00:00,spot_6,Spot 6,Empty,2026-07-12T03:02:26.651957+00:00,,,,,,,,
2026-07-12T06:11:32.575499+00:00,spot_7,Spot 7,Empty,2026-07-12T03:02:26.651964+00:00,,,,,,,,
2026-07-12T06:11:32.575499+00:00,spot_8,Spot 8,Empty,2026-07-12T06:05:20.845638+00:00,,,,,,,,
2026-07-12T06:11:32.575499+00:00,spot_9,Spot 9,Empty,2026-07-12T03:02:26.651977+00:00,,,,,,,,
2026-07-12T06:11:32.575499+00:00,spot_10,Spot 10,Empty,2026-07-12T03:06:19.142482+00:00,,,,,,,,
2026-07-12T06:11:32.575499+00:00,spot_11,Spot 11,Empty,2026-07-12T03:03:18.523817+00:00,,,,,,,,
2026-07-12T06:11:32.575499+00:00,spot_12,Spot 12,Empty,2026-07-12T03:22:19.442603+00:00,,,,,,,,
2026-07-12T06:11:32.575499+00:00,spot_13,Spot 13,Empty,2026-07-12T04:34:19.150717+00:00,,,,,,,,
2026-07-12T06:11:32.575499+00:00,spot_14,Spot 14,Empty,2026-07-12T03:02:26.652011+00:00,,,,,,,,
2026-07-12T06:11:32.575499+00:00,spot_15,Spot 15,Empty,2026-07-12T03:02:26.652017+00:00,,,,,,,,
2026-07-12T06:11:32.575499+00:00,spot_16,Spot 16,Empty,2026-07-12T03:02:26.652024+00:00,,,,,,,,
2026-07-12T06:11:32.575499+00:00,spot_17,Spot 17,Empty,2026-07-12T03:02:26.652031+00:00,,,,,,,,
2026-07-12T06:12:23.453065+00:00,spot_1,Spot 1,Empty,2026-07-12T03:02:26.651889+00:00,,,,,,,,
2026-07-12T06:12:23.453065+00:00,spot_2,Spot 2,Empty,2026-07-12T03:02:26.651924+00:00,,,,,,,,
2026-07-12T06:12:23.453065+00:00,spot_3,Spot 3,Empty,2026-07-12T03:02:26.651934+00:00,,,,,,,,
2026-07-12T06:12:23.453065+00:00,spot_4,Spot 4,Empty,2026-07-12T03:02:26.651943+00:00,,,,,,,,
2026-07-12T06:12:23.453065+00:00,spot_5,Spot 5,Empty,2026-07-12T03:16:20.075827+00:00,,,,,,,,
2026-07-12T06:12:23.453065+00:00,spot_6,Spot 6,Empty,2026-07-12T03:02:26.651957+00:00,,,,,,,,
2026-07-12T06:12:23.453065+00:00,spot_7,Spot 7,Empty,2026-07-12T03:02:26.651964+00:00,,,,,,,,
2026-07-12T06:12:23.453065+00:00,spot_8,Spot 8,Empty,2026-07-12T06:05:20.845638+00:00,,,,,,,,
2026-07-12T06:12:23.453065+00:00,spot_9,Spot 9,Empty,2026-07-12T03:02:26.651977+00:00,,,,,,,,
2026-07-12T06:12:23.453065+00:00,spot_10,Spot 10,Empty,2026-07-12T03:06:19.142482+00:00,,,,,,,,
2026-07-12T06:12:23.453065+00:00,spot_11,Spot 11,Empty,2026-07-12T03:03:18.523817+00:00,,,,,,,,
2026-07-12T06:12:23.453065+00:00,spot_12,Spot 12,Empty,2026-07-12T03:22:19.442603+00:00,,,,,,,,
2026-07-12T06:12:23.453065+00:00,spot_13,Spot 13,Empty,2026-07-12T04:34:19.150717+00:00,,,,,,,,
2026-07-12T06:12:23.453065+00:00,spot_14,Spot 14,Empty,2026-07-12T03:02:26.652011+00:00,,,,,,,,
2026-07-12T06:12:23.453065+00:00,spot_15,Spot 15,Empty,2026-07-12T03:02:26.652017+00:00,,,,,,,,
2026-07-12T06:12:23.453065+00:00,spot_16,Spot 16,Empty,2026-07-12T03:02:26.652024+00:00,,,,,,,,
2026-07-12T06:12:23.453065+00:00,spot_17,Spot 17,Empty,2026-07-12T03:02:26.652031+00:00,,,,,,,,
2026-07-12T06:13:31.234991+00:00,spot_1,Spot 1,Empty,2026-07-12T03:02:26.651889+00:00,,,,,,,,
2026-07-12T06:13:31.234991+00:00,spot_2,Spot 2,Empty,2026-07-12T03:02:26.651924+00:00,,,,,,,,
2026-07-12T06:13:31.234991+00:00,spot_3,Spot 3,Empty,2026-07-12T03:02:26.651934+00:00,,,,,,,,
2026-07-12T06:13:31.234991+00:00,spot_4,Spot 4,Empty,2026-07-12T03:02:26.651943+00:00,,,,,,,,
2026-07-12T06:13:31.234991+00:00,spot_5,Spot 5,Empty,2026-07-12T03:16:20.075827+00:00,,,,,,,,
2026-07-12T06:13:31.234991+00:00,spot_6,Spot 6,Empty,2026-07-12T03:02:26.651957+00:00,,,,,,,,
2026-07-12T06:13:31.234991+00:00,spot_7,Spot 7,Empty,2026-07-12T03:02:26.651964+00:00,,,,,,,,
2026-07-12T06:13:31.234991+00:00,spot_8,Spot 8,Empty,2026-07-12T06:05:20.845638+00:00,,,,,,,,
2026-07-12T06:13:31.234991+00:00,spot_9,Spot 9,Empty,2026-07-12T03:02:26.651977+00:00,,,,,,,,
2026-07-12T06:13:31.234991+00:00,spot_10,Spot 10,Empty,2026-07-12T03:06:19.142482+00:00,,,,,,,,
2026-07-12T06:13:31.234991+00:00,spot_11,Spot 11,Empty,2026-07-12T03:03:18.523817+00:00,,,,,,,,
2026-07-12T06:13:31.234991+00:00,spot_12,Spot 12,Empty,2026-07-12T03:22:19.442603+00:00,,,,,,,,
2026-07-12T06:13:31.234991+00:00,spot_13,Spot 13,Empty,2026-07-12T04:34:19.150717+00:00,,,,,,,,
2026-07-12T06:13:31.234991+00:00,spot_14,Spot 14,Empty,2026-07-12T03:02:26.652011+00:00,,,,,,,,
2026-07-12T06:13:31.234991+00:00,spot_15,Spot 15,Empty,2026-07-12T03:02:26.652017+00:00,,,,,,,,
2026-07-12T06:13:31.234991+00:00,spot_16,Spot 16,Empty,2026-07-12T03:02:26.652024+00:00,,,,,,,,
2026-07-12T06:13:31.234991+00:00,spot_17,Spot 17,Empty,2026-07-12T03:02:26.652031+00:00,,,,,,,,
2026-07-12T06:14:27.985489+00:00,spot_1,Spot 1,Empty,2026-07-12T03:02:26.651889+00:00,,,,,,,,
2026-07-12T06:14:27.985489+00:00,spot_2,Spot 2,Empty,2026-07-12T03:02:26.651924+00:00,,,,,,,,
2026-07-12T06:14:27.985489+00:00,spot_3,Spot 3,Empty,2026-07-12T03:02:26.651934+00:00,,,,,,,,
2026-07-12T06:14:27.985489+00:00,spot_4,Spot 4,Empty,2026-07-12T03:02:26.651943+00:00,,,,,,,,
2026-07-12T06:14:27.985489+00:00,spot_5,Spot 5,Empty,2026-07-12T03:16:20.075827+00:00,,,,,,,,
2026-07-12T06:14:27.985489+00:00,spot_6,Spot 6,Empty,2026-07-12T03:02:26.651957+00:00,,,,,,,,
2026-07-12T06:14:27.985489+00:00,spot_7,Spot 7,Empty,2026-07-12T03:02:26.651964+00:00,,,,,,,,
2026-07-12T06:14:27.985489+00:00,spot_8,Spot 8,Empty,2026-07-12T06:05:20.845638+00:00,,,,,,,,
2026-07-12T06:14:27.985489+00:00,spot_9,Spot 9,Empty,2026-07-12T03:02:26.651977+00:00,,,,,,,,
2026-07-12T06:14:27.985489+00:00,spot_10,Spot 10,Empty,2026-07-12T03:06:19.142482+00:00,,,,,,,,
2026-07-12T06:14:27.985489+00:00,spot_11,Spot 11,Empty,2026-07-12T03:03:18.523817+00:00,,,,,,,,
2026-07-12T06:14:27.985489+00:00,spot_12,Spot 12,Empty,2026-07-12T03:22:19.442603+00:00,,,,,,,,
2026-07-12T06:14:27.985489+00:00,spot_13,Spot 13,Empty,2026-07-12T04:34:19.150717+00:00,,,,,,,,
2026-07-12T06:14:27.985489+00:00,spot_14,Spot 14,Empty,2026-07-12T03:02:26.652011+00:00,,,,,,,,
2026-07-12T06:14:27.985489+00:00,spot_15,Spot 15,Empty,2026-07-12T03:02:26.652017+00:00,,,,,,,,
2026-07-12T06:14:27.985489+00:00,spot_16,Spot 16,Empty,2026-07-12T03:02:26.652024+00:00,,,,,,,,
2026-07-12T06:14:27.985489+00:00,spot_17,Spot 17,Empty,2026-07-12T03:02:26.652031+00:00,,,,,,,,
2026-07-12T06:15:27.058553+00:00,spot_1,Spot 1,Empty,2026-07-12T03:02:26.651889+00:00,,,,,,,,
2026-07-12T06:15:27.058553+00:00,spot_2,Spot 2,Empty,2026-07-12T03:02:26.651924+00:00,,,,,,,,
2026-07-12T06:15:27.058553+00:00,spot_3,Spot 3,Empty,2026-07-12T03:02:26.651934+00:00,,,,,,,,
2026-07-12T06:15:27.058553+00:00,spot_4,Spot 4,Empty,2026-07-12T03:02:26.651943+00:00,,,,,,,,
2026-07-12T06:15:27.058553+00:00,spot_5,Spot 5,Empty,2026-07-12T03:16:20.075827+00:00,,,,,,,,
2026-07-12T06:15:27.058553+00:00,spot_6,Spot 6,Empty,2026-07-12T03:02:26.651957+00:00,,,,,,,,
2026-07-12T06:15:27.058553+00:00,spot_7,Spot 7,Empty,2026-07-12T03:02:26.651964+00:00,,,,,,,,
2026-07-12T06:15:27.058553+00:00,spot_8,Spot 8,Occupied,2026-07-12T06:15:27.058553+00:00,42,car,0.7627607583999634,0,212.42723083496094,327.2601318359375,239.41661071777344,350.4156494140625
2026-07-12T06:15:27.058553+00:00,spot_9,Spot 9,Empty,2026-07-12T03:02:26.651977+00:00,,,,,,,,
2026-07-12T06:15:27.058553+00:00,spot_10,Spot 10,Empty,2026-07-12T03:06:19.142482+00:00,,,,,,,,
2026-07-12T06:15:27.058553+00:00,spot_11,Spot 11,Empty,2026-07-12T03:03:18.523817+00:00,,,,,,,,
2026-07-12T06:15:27.058553+00:00,spot_12,Spot 12,Empty,2026-07-12T03:22:19.442603+00:00,,,,,,,,
2026-07-12T06:15:27.058553+00:00,spot_13,Spot 13,Empty,2026-07-12T04:34:19.150717+00:00,,,,,,,,
2026-07-12T06:15:27.058553+00:00,spot_14,Spot 14,Empty,2026-07-12T03:02:26.652011+00:00,,,,,,,,
2026-07-12T06:15:27.058553+00:00,spot_15,Spot 15,Empty,2026-07-12T03:02:26.652017+00:00,,,,,,,,
2026-07-12T06:15:27.058553+00:00,spot_16,Spot 16,Empty,2026-07-12T03:02:26.652024+00:00,,,,,,,,
2026-07-12T06:15:27.058553+00:00,spot_17,Spot 17,Empty,2026-07-12T03:02:26.652031+00:00,,,,,,,,
2026-07-12T06:16:20.805934+00:00,spot_1,Spot 1,Occupied,2026-07-12T06:16:20.805934+00:00,43,car,0.5505375266075134,0,558.1719970703125,321.147705078125,601.5225830078125,361.4305419921875
2026-07-12T06:16:20.805934+00:00,spot_2,Spot 2,Empty,2026-07-12T03:02:26.651924+00:00,,,,,,,,
2026-07-12T06:16:20.805934+00:00,spot_3,Spot 3,Empty,2026-07-12T03:02:26.651934+00:00,,,,,,,,
2026-07-12T06:16:20.805934+00:00,spot_4,Spot 4,Empty,2026-07-12T03:02:26.651943+00:00,,,,,,,,
2026-07-12T06:16:20.805934+00:00,spot_5,Spot 5,Empty,2026-07-12T03:16:20.075827+00:00,,,,,,,,
2026-07-12T06:16:20.805934+00:00,spot_6,Spot 6,Empty,2026-07-12T03:02:26.651957+00:00,,,,,,,,
2026-07-12T06:16:20.805934+00:00,spot_7,Spot 7,Empty,2026-07-12T03:02:26.651964+00:00,,,,,,,,
2026-07-12T06:16:20.805934+00:00,spot_8,Spot 8,Empty,2026-07-12T06:16:20.805934+00:00,,,,,,,,
2026-07-12T06:16:20.805934+00:00,spot_9,Spot 9,Empty,2026-07-12T03:02:26.651977+00:00,,,,,,,,
2026-07-12T06:16:20.805934+00:00,spot_10,Spot 10,Empty,2026-07-12T03:06:19.142482+00:00,,,,,,,,
2026-07-12T06:16:20.805934+00:00,spot_11,Spot 11,Empty,2026-07-12T03:03:18.523817+00:00,,,,,,,,
2026-07-12T06:16:20.805934+00:00,spot_12,Spot 12,Empty,2026-07-12T03:22:19.442603+00:00,,,,,,,,
2026-07-12T06:16:20.805934+00:00,spot_13,Spot 13,Empty,2026-07-12T04:34:19.150717+00:00,,,,,,,,
2026-07-12T06:16:20.805934+00:00,spot_14,Spot 14,Empty,2026-07-12T03:02:26.652011+00:00,,,,,,,,
2026-07-12T06:16:20.805934+00:00,spot_15,Spot 15,Empty,2026-07-12T03:02:26.652017+00:00,,,,,,,,
2026-07-12T06:16:20.805934+00:00,spot_16,Spot 16,Empty,2026-07-12T03:02:26.652024+00:00,,,,,,,,
2026-07-12T06:16:20.805934+00:00,spot_17,Spot 17,Empty,2026-07-12T03:02:26.652031+00:00,,,,,,,,
2026-07-12T06:17:33.767875+00:00,spot_1,Spot 1,Occupied,2026-07-12T06:16:20.805934+00:00,43,car,0.535300076007843,72,558.6278076171875,319.5565185546875,603.0792236328125,360.3699951171875
2026-07-12T06:17:33.767875+00:00,spot_2,Spot 2,Empty,2026-07-12T03:02:26.651924+00:00,,,,,,,,
2026-07-12T06:17:33.767875+00:00,spot_3,Spot 3,Empty,2026-07-12T03:02:26.651934+00:00,,,,,,,,
2026-07-12T06:17:33.767875+00:00,spot_4,Spot 4,Empty,2026-07-12T03:02:26.651943+00:00,,,,,,,,
2026-07-12T06:17:33.767875+00:00,spot_5,Spot 5,Empty,2026-07-12T03:16:20.075827+00:00,,,,,,,,
2026-07-12T06:17:33.767875+00:00,spot_6,Spot 6,Empty,2026-07-12T03:02:26.651957+00:00,,,,,,,,
2026-07-12T06:17:33.767875+00:00,spot_7,Spot 7,Empty,2026-07-12T03:02:26.651964+00:00,,,,,,,,
2026-07-12T06:17:33.767875+00:00,spot_8,Spot 8,Empty,2026-07-12T06:16:20.805934+00:00,,,,,,,,
2026-07-12T06:17:33.767875+00:00,spot_9,Spot 9,Empty,2026-07-12T03:02:26.651977+00:00,,,,,,,,
2026-07-12T06:17:33.767875+00:00,spot_10,Spot 10,Empty,2026-07-12T03:06:19.142482+00:00,,,,,,,,
2026-07-12T06:17:33.767875+00:00,spot_11,Spot 11,Empty,2026-07-12T03:03:18.523817+00:00,,,,,,,,
2026-07-12T06:17:33.767875+00:00,spot_12,Spot 12,Empty,2026-07-12T03:22:19.442603+00:00,,,,,,,,
2026-07-12T06:17:33.767875+00:00,spot_13,Spot 13,Empty,2026-07-12T04:34:19.150717+00:00,,,,,,,,
2026-07-12T06:17:33.767875+00:00,spot_14,Spot 14,Empty,2026-07-12T03:02:26.652011+00:00,,,,,,,,
2026-07-12T06:17:33.767875+00:00,spot_15,Spot 15,Empty,2026-07-12T03:02:26.652017+00:00,,,,,,,,
2026-07-12T06:17:33.767875+00:00,spot_16,Spot 16,Empty,2026-07-12T03:02:26.652024+00:00,,,,,,,,
2026-07-12T06:17:33.767875+00:00,spot_17,Spot 17,Empty,2026-07-12T03:02:26.652031+00:00,,,,,,,,
2026-07-12T06:18:24.462889+00:00,spot_1,Spot 1,Empty,2026-07-12T06:18:24.462889+00:00,,,,,,,,
2026-07-12T06:18:24.462889+00:00,spot_2,Spot 2,Empty,2026-07-12T03:02:26.651924+00:00,,,,,,,,
2026-07-12T06:18:24.462889+00:00,spot_3,Spot 3,Empty,2026-07-12T03:02:26.651934+00:00,,,,,,,,
2026-07-12T06:18:24.462889+00:00,spot_4,Spot 4,Empty,2026-07-12T03:02:26.651943+00:00,,,,,,,,
2026-07-12T06:18:24.462889+00:00,spot_5,Spot 5,Empty,2026-07-12T03:16:20.075827+00:00,,,,,,,,
2026-07-12T06:18:24.462889+00:00,spot_6,Spot 6,Empty,2026-07-12T03:02:26.651957+00:00,,,,,,,,
2026-07-12T06:18:24.462889+00:00,spot_7,Spot 7,Empty,2026-07-12T03:02:26.651964+00:00,,,,,,,,
2026-07-12T06:18:24.462889+00:00,spot_8,Spot 8,Empty,2026-07-12T06:16:20.805934+00:00,,,,,,,,
2026-07-12T06:18:24.462889+00:00,spot_9,Spot 9,Empty,2026-07-12T03:02:26.651977+00:00,,,,,,,,
2026-07-12T06:18:24.462889+00:00,spot_10,Spot 10,Empty,2026-07-12T03:06:19.142482+00:00,,,,,,,,
2026-07-12T06:18:24.462889+00:00,spot_11,Spot 11,Empty,2026-07-12T03:03:18.523817+00:00,,,,,,,,
2026-07-12T06:18:24.462889+00:00,spot_12,Spot 12,Empty,2026-07-12T03:22:19.442603+00:00,,,,,,,,
2026-07-12T06:18:24.462889+00:00,spot_13,Spot 13,Empty,2026-07-12T04:34:19.150717+00:00,,,,,,,,
2026-07-12T06:18:24.462889+00:00,spot_14,Spot 14,Empty,2026-07-12T03:02:26.652011+00:00,,,,,,,,
2026-07-12T06:18:24.462889+00:00,spot_15,Spot 15,Empty,2026-07-12T03:02:26.652017+00:00,,,,,,,,
2026-07-12T06:18:24.462889+00:00,spot_16,Spot 16,Empty,2026-07-12T03:02:26.652024+00:00,,,,,,,,
2026-07-12T06:18:24.462889+00:00,spot_17,Spot 17,Empty,2026-07-12T03:02:26.652031+00:00,,,,,,,,
2026-07-12T06:19:20.424275+00:00,spot_1,Spot 1,Occupied,2026-07-12T06:19:20.424275+00:00,43,car,0.394816517829895,175,558.8811645507812,329.2775573730469,600.5365600585938,360.2215270996094
2026-07-12T06:19:20.424275+00:00,spot_2,Spot 2,Empty,2026-07-12T03:02:26.651924+00:00,,,,,,,,
2026-07-12T06:19:20.424275+00:00,spot_3,Spot 3,Empty,2026-07-12T03:02:26.651934+00:00,,,,,,,,
2026-07-12T06:19:20.424275+00:00,spot_4,Spot 4,Empty,2026-07-12T03:02:26.651943+00:00,,,,,,,,
2026-07-12T06:19:20.424275+00:00,spot_5,Spot 5,Empty,2026-07-12T03:16:20.075827+00:00,,,,,,,,
2026-07-12T06:19:20.424275+00:00,spot_6,Spot 6,Empty,2026-07-12T03:02:26.651957+00:00,,,,,,,,
2026-07-12T06:19:20.424275+00:00,spot_7,Spot 7,Empty,2026-07-12T03:02:26.651964+00:00,,,,,,,,
2026-07-12T06:19:20.424275+00:00,spot_8,Spot 8,Occupied,2026-07-12T06:19:20.424275+00:00,44,car,0.4295036792755127,0,208.18862915039062,330.09552001953125,239.81710815429688,352.2266845703125
2026-07-12T06:19:20.424275+00:00,spot_9,Spot 9,Empty,2026-07-12T03:02:26.651977+00:00,,,,,,,,
2026-07-12T06:19:20.424275+00:00,spot_10,Spot 10,Empty,2026-07-12T03:06:19.142482+00:00,,,,,,,,
2026-07-12T06:19:20.424275+00:00,spot_11,Spot 11,Empty,2026-07-12T03:03:18.523817+00:00,,,,,,,,
2026-07-12T06:19:20.424275+00:00,spot_12,Spot 12,Empty,2026-07-12T03:22:19.442603+00:00,,,,,,,,
2026-07-12T06:19:20.424275+00:00,spot_13,Spot 13,Empty,2026-07-12T04:34:19.150717+00:00,,,,,,,,
2026-07-12T06:19:20.424275+00:00,spot_14,Spot 14,Empty,2026-07-12T03:02:26.652011+00:00,,,,,,,,
2026-07-12T06:19:20.424275+00:00,spot_15,Spot 15,Empty,2026-07-12T03:02:26.652017+00:00,,,,,,,,
2026-07-12T06:19:20.424275+00:00,spot_16,Spot 16,Empty,2026-07-12T03:02:26.652024+00:00,,,,,,,,
2026-07-12T06:19:20.424275+00:00,spot_17,Spot 17,Empty,2026-07-12T03:02:26.652031+00:00,,,,,,,,
2026-07-12T06:20:25.872503+00:00,spot_1,Spot 1,Empty,2026-07-12T06:20:25.872503+00:00,,,,,,,,
2026-07-12T06:20:25.872503+00:00,spot_2,Spot 2,Empty,2026-07-12T03:02:26.651924+00:00,,,,,,,,
2026-07-12T06:20:25.872503+00:00,spot_3,Spot 3,Empty,2026-07-12T03:02:26.651934+00:00,,,,,,,,
2026-07-12T06:20:25.872503+00:00,spot_4,Spot 4,Empty,2026-07-12T03:02:26.651943+00:00,,,,,,,,
2026-07-12T06:20:25.872503+00:00,spot_5,Spot 5,Empty,2026-07-12T03:16:20.075827+00:00,,,,,,,,
2026-07-12T06:20:25.872503+00:00,spot_6,Spot 6,Empty,2026-07-12T03:02:26.651957+00:00,,,,,,,,
2026-07-12T06:20:25.872503+00:00,spot_7,Spot 7,Empty,2026-07-12T03:02:26.651964+00:00,,,,,,,,
2026-07-12T06:20:25.872503+00:00,spot_8,Spot 8,Occupied,2026-07-12T06:19:20.424275+00:00,44,car,0.388651579618454,65,208.64254760742188,323.429443359375,272.1849670410156,348.6741943359375
2026-07-12T06:20:25.872503+00:00,spot_9,Spot 9,Empty,2026-07-12T03:02:26.651977+00:00,,,,,,,,
2026-07-12T06:20:25.872503+00:00,spot_10,Spot 10,Empty,2026-07-12T03:06:19.142482+00:00,,,,,,,,
2026-07-12T06:20:25.872503+00:00,spot_11,Spot 11,Empty,2026-07-12T03:03:18.523817+00:00,,,,,,,,
2026-07-12T06:20:25.872503+00:00,spot_12,Spot 12,Empty,2026-07-12T03:22:19.442603+00:00,,,,,,,,
2026-07-12T06:20:25.872503+00:00,spot_13,Spot 13,Empty,2026-07-12T04:34:19.150717+00:00,,,,,,,,
2026-07-12T06:20:25.872503+00:00,spot_14,Spot 14,Empty,2026-07-12T03:02:26.652011+00:00,,,,,,,,
2026-07-12T06:20:25.872503+00:00,spot_15,Spot 15,Empty,2026-07-12T03:02:26.652017+00:00,,,,,,,,
2026-07-12T06:20:25.872503+00:00,spot_16,Spot 16,Empty,2026-07-12T03:02:26.652024+00:00,,,,,,,,
2026-07-12T06:20:25.872503+00:00,spot_17,Spot 17,Empty,2026-07-12T03:02:26.652031+00:00,,,,,,,,
2026-07-12T06:21:21.991109+00:00,spot_1,Spot 1,Occupied,2026-07-12T06:21:21.991109+00:00,43,car,0.4545031487941742,298,558.632080078125,332.2317810058594,600.7177734375,360.3836364746094
2026-07-12T06:21:21.991109+00:00,spot_2,Spot 2,Empty,2026-07-12T03:02:26.651924+00:00,,,,,,,,
2026-07-12T06:21:21.991109+00:00,spot_3,Spot 3,Empty,2026-07-12T03:02:26.651934+00:00,,,,,,,,
2026-07-12T06:21:21.991109+00:00,spot_4,Spot 4,Empty,2026-07-12T03:02:26.651943+00:00,,,,,,,,
2026-07-12T06:21:21.991109+00:00,spot_5,Spot 5,Empty,2026-07-12T03:16:20.075827+00:00,,,,,,,,
2026-07-12T06:21:21.991109+00:00,spot_6,Spot 6,Empty,2026-07-12T03:02:26.651957+00:00,,,,,,,,
2026-07-12T06:21:21.991109+00:00,spot_7,Spot 7,Empty,2026-07-12T03:02:26.651964+00:00,,,,,,,,
2026-07-12T06:21:21.991109+00:00,spot_8,Spot 8,Empty,2026-07-12T06:21:21.991109+00:00,,,,,,,,
2026-07-12T06:21:21.991109+00:00,spot_9,Spot 9,Empty,2026-07-12T03:02:26.651977+00:00,,,,,,,,
2026-07-12T06:21:21.991109+00:00,spot_10,Spot 10,Empty,2026-07-12T03:06:19.142482+00:00,,,,,,,,
2026-07-12T06:21:21.991109+00:00,spot_11,Spot 11,Empty,2026-07-12T03:03:18.523817+00:00,,,,,,,,
2026-07-12T06:21:21.991109+00:00,spot_12,Spot 12,Empty,2026-07-12T03:22:19.442603+00:00,,,,,,,,
2026-07-12T06:21:21.991109+00:00,spot_13,Spot 13,Empty,2026-07-12T04:34:19.150717+00:00,,,,,,,,
2026-07-12T06:21:21.991109+00:00,spot_14,Spot 14,Empty,2026-07-12T03:02:26.652011+00:00,,,,,,,,
2026-07-12T06:21:21.991109+00:00,spot_15,Spot 15,Empty,2026-07-12T03:02:26.652017+00:00,,,,,,,,
2026-07-12T06:21:21.991109+00:00,spot_16,Spot 16,Empty,2026-07-12T03:02:26.652024+00:00,,,,,,,,
2026-07-12T06:21:21.991109+00:00,spot_17,Spot 17,Empty,2026-07-12T03:02:26.652031+00:00,,,,,,,,
2026-07-12T06:22:21.679448+00:00,spot_1,Spot 1,Occupied,2026-07-12T06:21:21.991109+00:00,43,car,0.5399482250213623,370,559.14404296875,332.25701904296875,599.54052734375,360.82684326171875
2026-07-12T06:22:21.679448+00:00,spot_2,Spot 2,Empty,2026-07-12T03:02:26.651924+00:00,,,,,,,,
2026-07-12T06:22:21.679448+00:00,spot_3,Spot 3,Empty,2026-07-12T03:02:26.651934+00:00,,,,,,,,
2026-07-12T06:22:21.679448+00:00,spot_4,Spot 4,Empty,2026-07-12T03:02:26.651943+00:00,,,,,,,,
2026-07-12T06:22:21.679448+00:00,spot_5,Spot 5,Empty,2026-07-12T03:16:20.075827+00:00,,,,,,,,
2026-07-12T06:22:21.679448+00:00,spot_6,Spot 6,Empty,2026-07-12T03:02:26.651957+00:00,,,,,,,,
2026-07-12T06:22:21.679448+00:00,spot_7,Spot 7,Empty,2026-07-12T03:02:26.651964+00:00,,,,,,,,
2026-07-12T06:22:21.679448+00:00,spot_8,Spot 8,Empty,2026-07-12T06:21:21.991109+00:00,,,,,,,,
2026-07-12T06:22:21.679448+00:00,spot_9,Spot 9,Empty,2026-07-12T03:02:26.651977+00:00,,,,,,,,
2026-07-12T06:22:21.679448+00:00,spot_10,Spot 10,Empty,2026-07-12T03:06:19.142482+00:00,,,,,,,,
2026-07-12T06:22:21.679448+00:00,spot_11,Spot 11,Empty,2026-07-12T03:03:18.523817+00:00,,,,,,,,
2026-07-12T06:22:21.679448+00:00,spot_12,Spot 12,Empty,2026-07-12T03:22:19.442603+00:00,,,,,,,,
2026-07-12T06:22:21.679448+00:00,spot_13,Spot 13,Empty,2026-07-12T04:34:19.150717+00:00,,,,,,,,
2026-07-12T06:22:21.679448+00:00,spot_14,Spot 14,Empty,2026-07-12T03:02:26.652011+00:00,,,,,,,,
2026-07-12T06:22:21.679448+00:00,spot_15,Spot 15,Empty,2026-07-12T03:02:26.652017+00:00,,,,,,,,
2026-07-12T06:22:21.679448+00:00,spot_16,Spot 16,Empty,2026-07-12T03:02:26.652024+00:00,,,,,,,,
2026-07-12T06:22:21.679448+00:00,spot_17,Spot 17,Empty,2026-07-12T03:02:26.652031+00:00,,,,,,,,
2026-07-12T06:23:39.001467+00:00,spot_1,Spot 1,Empty,2026-07-12T06:23:39.001467+00:00,,,,,,,,
2026-07-12T06:23:39.001467+00:00,spot_2,Spot 2,Empty,2026-07-12T03:02:26.651924+00:00,,,,,,,,
2026-07-12T06:23:39.001467+00:00,spot_3,Spot 3,Empty,2026-07-12T03:02:26.651934+00:00,,,,,,,,
2026-07-12T06:23:39.001467+00:00,spot_4,Spot 4,Empty,2026-07-12T03:02:26.651943+00:00,,,,,,,,
2026-07-12T06:23:39.001467+00:00,spot_5,Spot 5,Empty,2026-07-12T03:16:20.075827+00:00,,,,,,,,
2026-07-12T06:23:39.001467+00:00,spot_6,Spot 6,Empty,2026-07-12T03:02:26.651957+00:00,,,,,,,,
2026-07-12T06:23:39.001467+00:00,spot_7,Spot 7,Empty,2026-07-12T03:02:26.651964+00:00,,,,,,,,
2026-07-12T06:23:39.001467+00:00,spot_8,Spot 8,Empty,2026-07-12T06:21:21.991109+00:00,,,,,,,,
2026-07-12T06:23:39.001467+00:00,spot_9,Spot 9,Empty,2026-07-12T03:02:26.651977+00:00,,,,,,,,
2026-07-12T06:23:39.001467+00:00,spot_10,Spot 10,Empty,2026-07-12T03:06:19.142482+00:00,,,,,,,,
2026-07-12T06:23:39.001467+00:00,spot_11,Spot 11,Empty,2026-07-12T03:03:18.523817+00:00,,,,,,,,
2026-07-12T06:23:39.001467+00:00,spot_12,Spot 12,Empty,2026-07-12T03:22:19.442603+00:00,,,,,,,,
2026-07-12T06:23:39.001467+00:00,spot_13,Spot 13,Empty,2026-07-12T04:34:19.150717+00:00,,,,,,,,
2026-07-12T06:23:39.001467+00:00,spot_14,Spot 14,Empty,2026-07-12T03:02:26.652011+00:00,,,,,,,,
2026-07-12T06:23:39.001467+00:00,spot_15,Spot 15,Empty,2026-07-12T03:02:26.652017+00:00,,,,,,,,
2026-07-12T06:23:39.001467+00:00,spot_16,Spot 16,Empty,2026-07-12T03:02:26.652024+00:00,,,,,,,,
2026-07-12T06:23:39.001467+00:00,spot_17,Spot 17,Empty,2026-07-12T03:02:26.652031+00:00,,,,,,,,
2026-07-12T06:24:31.920592+00:00,spot_1,Spot 1,Empty,2026-07-12T06:23:39.001467+00:00,,,,,,,,
2026-07-12T06:24:31.920592+00:00,spot_2,Spot 2,Empty,2026-07-12T03:02:26.651924+00:00,,,,,,,,
2026-07-12T06:24:31.920592+00:00,spot_3,Spot 3,Empty,2026-07-12T03:02:26.651934+00:00,,,,,,,,
2026-07-12T06:24:31.920592+00:00,spot_4,Spot 4,Empty,2026-07-12T03:02:26.651943+00:00,,,,,,,,
2026-07-12T06:24:31.920592+00:00,spot_5,Spot 5,Empty,2026-07-12T03:16:20.075827+00:00,,,,,,,,
2026-07-12T06:24:31.920592+00:00,spot_6,Spot 6,Empty,2026-07-12T03:02:26.651957+00:00,,,,,,,,
2026-07-12T06:24:31.920592+00:00,spot_7,Spot 7,Empty,2026-07-12T03:02:26.651964+00:00,,,,,,,,
2026-07-12T06:24:31.920592+00:00,spot_8,Spot 8,Empty,2026-07-12T06:21:21.991109+00:00,,,,,,,,
2026-07-12T06:24:31.920592+00:00,spot_9,Spot 9,Empty,2026-07-12T03:02:26.651977+00:00,,,,,,,,
2026-07-12T06:24:31.920592+00:00,spot_10,Spot 10,Empty,2026-07-12T03:06:19.142482+00:00,,,,,,,,
2026-07-12T06:24:31.920592+00:00,spot_11,Spot 11,Empty,2026-07-12T03:03:18.523817+00:00,,,,,,,,
2026-07-12T06:24:31.920592+00:00,spot_12,Spot 12,Empty,2026-07-12T03:22:19.442603+00:00,,,,,,,,
2026-07-12T06:24:31.920592+00:00,spot_13,Spot 13,Empty,2026-07-12T04:34:19.150717+00:00,,,,,,,,
2026-07-12T06:24:31.920592+00:00,spot_14,Spot 14,Empty,2026-07-12T03:02:26.652011+00:00,,,,,,,,
2026-07-12T06:24:31.920592+00:00,spot_15,Spot 15,Empty,2026-07-12T03:02:26.652017+00:00,,,,,,,,
2026-07-12T06:24:31.920592+00:00,spot_16,Spot 16,Empty,2026-07-12T03:02:26.652024+00:00,,,,,,,,
2026-07-12T06:24:31.920592+00:00,spot_17,Spot 17,Empty,2026-07-12T03:02:26.652031+00:00,,,,,,,,
2026-07-12T06:25:41.453207+00:00,spot_1,Spot 1,Occupied,2026-07-12T06:25:41.453207+00:00,45,car,0.48727235198020935,0,558.591552734375,319.35107421875,604.68359375,360.35400390625
2026-07-12T06:25:41.453207+00:00,spot_2,Spot 2,Empty,2026-07-12T03:02:26.651924+00:00,,,,,,,,
2026-07-12T06:25:41.453207+00:00,spot_3,Spot 3,Empty,2026-07-12T03:02:26.651934+00:00,,,,,,,,
2026-07-12T06:25:41.453207+00:00,spot_4,Spot 4,Empty,2026-07-12T03:02:26.651943+00:00,,,,,,,,
2026-07-12T06:25:41.453207+00:00,spot_5,Spot 5,Empty,2026-07-12T03:16:20.075827+00:00,,,,,,,,
2026-07-12T06:25:41.453207+00:00,spot_6,Spot 6,Empty,2026-07-12T03:02:26.651957+00:00,,,,,,,,
2026-07-12T06:25:41.453207+00:00,spot_7,Spot 7,Empty,2026-07-12T03:02:26.651964+00:00,,,,,,,,
2026-07-12T06:25:41.453207+00:00,spot_8,Spot 8,Empty,2026-07-12T06:21:21.991109+00:00,,,,,,,,
2026-07-12T06:25:41.453207+00:00,spot_9,Spot 9,Empty,2026-07-12T03:02:26.651977+00:00,,,,,,,,
2026-07-12T06:25:41.453207+00:00,spot_10,Spot 10,Empty,2026-07-12T03:06:19.142482+00:00,,,,,,,,
2026-07-12T06:25:41.453207+00:00,spot_11,Spot 11,Empty,2026-07-12T03:03:18.523817+00:00,,,,,,,,
2026-07-12T06:25:41.453207+00:00,spot_12,Spot 12,Empty,2026-07-12T03:22:19.442603+00:00,,,,,,,,
2026-07-12T06:25:41.453207+00:00,spot_13,Spot 13,Empty,2026-07-12T04:34:19.150717+00:00,,,,,,,,
2026-07-12T06:25:41.453207+00:00,spot_14,Spot 14,Empty,2026-07-12T03:02:26.652011+00:00,,,,,,,,
2026-07-12T06:25:41.453207+00:00,spot_15,Spot 15,Empty,2026-07-12T03:02:26.652017+00:00,,,,,,,,
2026-07-12T06:25:41.453207+00:00,spot_16,Spot 16,Empty,2026-07-12T03:02:26.652024+00:00,,,,,,,,
2026-07-12T06:25:41.453207+00:00,spot_17,Spot 17,Empty,2026-07-12T03:02:26.652031+00:00,,,,,,,,
2026-07-12T06:26:49.048432+00:00,spot_1,Spot 1,Empty,2026-07-12T06:26:49.048432+00:00,,,,,,,,
2026-07-12T06:26:49.048432+00:00,spot_2,Spot 2,Empty,2026-07-12T03:02:26.651924+00:00,,,,,,,,
2026-07-12T06:26:49.048432+00:00,spot_3,Spot 3,Empty,2026-07-12T03:02:26.651934+00:00,,,,,,,,
2026-07-12T06:26:49.048432+00:00,spot_4,Spot 4,Empty,2026-07-12T03:02:26.651943+00:00,,,,,,,,
2026-07-12T06:26:49.048432+00:00,spot_5,Spot 5,Empty,2026-07-12T03:16:20.075827+00:00,,,,,,,,
2026-07-12T06:26:49.048432+00:00,spot_6,Spot 6,Empty,2026-07-12T03:02:26.651957+00:00,,,,,,,,
2026-07-12T06:26:49.048432+00:00,spot_7,Spot 7,Empty,2026-07-12T03:02:26.651964+00:00,,,,,,,,
2026-07-12T06:26:49.048432+00:00,spot_8,Spot 8,Empty,2026-07-12T06:21:21.991109+00:00,,,,,,,,
2026-07-12T06:26:49.048432+00:00,spot_9,Spot 9,Empty,2026-07-12T03:02:26.651977+00:00,,,,,,,,
2026-07-12T06:26:49.048432+00:00,spot_10,Spot 10,Empty,2026-07-12T03:06:19.142482+00:00,,,,,,,,
2026-07-12T06:26:49.048432+00:00,spot_11,Spot 11,Empty,2026-07-12T03:03:18.523817+00:00,,,,,,,,
2026-07-12T06:26:49.048432+00:00,spot_12,Spot 12,Empty,2026-07-12T03:22:19.442603+00:00,,,,,,,,
2026-07-12T06:26:49.048432+00:00,spot_13,Spot 13,Empty,2026-07-12T04:34:19.150717+00:00,,,,,,,,
2026-07-12T06:26:49.048432+00:00,spot_14,Spot 14,Empty,2026-07-12T03:02:26.652011+00:00,,,,,,,,
2026-07-12T06:26:49.048432+00:00,spot_15,Spot 15,Empty,2026-07-12T03:02:26.652017+00:00,,,,,,,,
2026-07-12T06:26:49.048432+00:00,spot_16,Spot 16,Empty,2026-07-12T03:02:26.652024+00:00,,,,,,,,
2026-07-12T06:26:49.048432+00:00,spot_17,Spot 17,Empty,2026-07-12T03:02:26.652031+00:00,,,,,,,,
2026-07-12T06:27:56.553889+00:00,spot_1,Spot 1,Occupied,2026-07-12T06:27:56.553889+00:00,45,car,0.36334967613220215,135,557.9337158203125,328.567626953125,600.3272705078125,360.454833984375
2026-07-12T06:27:56.553889+00:00,spot_2,Spot 2,Empty,2026-07-12T03:02:26.651924+00:00,,,,,,,,
2026-07-12T06:27:56.553889+00:00,spot_3,Spot 3,Empty,2026-07-12T03:02:26.651934+00:00,,,,,,,,
2026-07-12T06:27:56.553889+00:00,spot_4,Spot 4,Empty,2026-07-12T03:02:26.651943+00:00,,,,,,,,
2026-07-12T06:27:56.553889+00:00,spot_5,Spot 5,Empty,2026-07-12T03:16:20.075827+00:00,,,,,,,,
2026-07-12T06:27:56.553889+00:00,spot_6,Spot 6,Empty,2026-07-12T03:02:26.651957+00:00,,,,,,,,
2026-07-12T06:27:56.553889+00:00,spot_7,Spot 7,Empty,2026-07-12T03:02:26.651964+00:00,,,,,,,,
2026-07-12T06:27:56.553889+00:00,spot_8,Spot 8,Empty,2026-07-12T06:21:21.991109+00:00,,,,,,,,
2026-07-12T06:27:56.553889+00:00,spot_9,Spot 9,Empty,2026-07-12T03:02:26.651977+00:00,,,,,,,,
2026-07-12T06:27:56.553889+00:00,spot_10,Spot 10,Empty,2026-07-12T03:06:19.142482+00:00,,,,,,,,
2026-07-12T06:27:56.553889+00:00,spot_11,Spot 11,Empty,2026-07-12T03:03:18.523817+00:00,,,,,,,,
2026-07-12T06:27:56.553889+00:00,spot_12,Spot 12,Empty,2026-07-12T03:22:19.442603+00:00,,,,,,,,
2026-07-12T06:27:56.553889+00:00,spot_13,Spot 13,Empty,2026-07-12T04:34:19.150717+00:00,,,,,,,,
2026-07-12T06:27:56.553889+00:00,spot_14,Spot 14,Empty,2026-07-12T03:02:26.652011+00:00,,,,,,,,
2026-07-12T06:27:56.553889+00:00,spot_15,Spot 15,Empty,2026-07-12T03:02:26.652017+00:00,,,,,,,,
2026-07-12T06:27:56.553889+00:00,spot_16,Spot 16,Empty,2026-07-12T03:02:26.652024+00:00,,,,,,,,
2026-07-12T06:27:56.553889+00:00,spot_17,Spot 17,Empty,2026-07-12T03:02:26.652031+00:00,,,,,,,,
2026-07-12T06:28:51.650560+00:00,spot_1,Spot 1,Occupied,2026-07-12T06:27:56.553889+00:00,45,car,0.4751591682434082,189,558.8804931640625,330.36383056640625,600.8389892578125,361.70697021484375
2026-07-12T06:28:51.650560+00:00,spot_2,Spot 2,Empty,2026-07-12T03:02:26.651924+00:00,,,,,,,,
2026-07-12T06:28:51.650560+00:00,spot_3,Spot 3,Empty,2026-07-12T03:02:26.651934+00:00,,,,,,,,
2026-07-12T06:28:51.650560+00:00,spot_4,Spot 4,Empty,2026-07-12T03:02:26.651943+00:00,,,,,,,,
2026-07-12T06:28:51.650560+00:00,spot_5,Spot 5,Empty,2026-07-12T03:16:20.075827+00:00,,,,,,,,
2026-07-12T06:28:51.650560+00:00,spot_6,Spot 6,Empty,2026-07-12T03:02:26.651957+00:00,,,,,,,,
2026-07-12T06:28:51.650560+00:00,spot_7,Spot 7,Empty,2026-07-12T03:02:26.651964+00:00,,,,,,,,
2026-07-12T06:28:51.650560+00:00,spot_8,Spot 8,Empty,2026-07-12T06:21:21.991109+00:00,,,,,,,,
2026-07-12T06:28:51.650560+00:00,spot_9,Spot 9,Empty,2026-07-12T03:02:26.651977+00:00,,,,,,,,
2026-07-12T06:28:51.650560+00:00,spot_10,Spot 10,Empty,2026-07-12T03:06:19.142482+00:00,,,,,,,,
2026-07-12T06:28:51.650560+00:00,spot_11,Spot 11,Empty,2026-07-12T03:03:18.523817+00:00,,,,,,,,
2026-07-12T06:28:51.650560+00:00,spot_12,Spot 12,Empty,2026-07-12T03:22:19.442603+00:00,,,,,,,,
2026-07-12T06:28:51.650560+00:00,spot_13,Spot 13,Empty,2026-07-12T04:34:19.150717+00:00,,,,,,,,
2026-07-12T06:28:51.650560+00:00,spot_14,Spot 14,Empty,2026-07-12T03:02:26.652011+00:00,,,,,,,,
2026-07-12T06:28:51.650560+00:00,spot_15,Spot 15,Empty,2026-07-12T03:02:26.652017+00:00,,,,,,,,
2026-07-12T06:28:51.650560+00:00,spot_16,Spot 16,Empty,2026-07-12T03:02:26.652024+00:00,,,,,,,,
2026-07-12T06:28:51.650560+00:00,spot_17,Spot 17,Empty,2026-07-12T03:02:26.652031+00:00,,,,,,,,
2026-07-12T06:29:49.297537+00:00,spot_1,Spot 1,Occupied,2026-07-12T06:27:56.553889+00:00,45,car,0.5329846739768982,247,558.3871459960938,328.34613037109375,600.5437622070312,360.85540771484375
2026-07-12T06:29:49.297537+00:00,spot_2,Spot 2,Empty,2026-07-12T03:02:26.651924+00:00,,,,,,,,
2026-07-12T06:29:49.297537+00:00,spot_3,Spot 3,Empty,2026-07-12T03:02:26.651934+00:00,,,,,,,,
2026-07-12T06:29:49.297537+00:00,spot_4,Spot 4,Empty,2026-07-12T03:02:26.651943+00:00,,,,,,,,
2026-07-12T06:29:49.297537+00:00,spot_5,Spot 5,Empty,2026-07-12T03:16:20.075827+00:00,,,,,,,,
2026-07-12T06:29:49.297537+00:00,spot_6,Spot 6,Empty,2026-07-12T03:02:26.651957+00:00,,,,,,,,
2026-07-12T06:29:49.297537+00:00,spot_7,Spot 7,Empty,2026-07-12T03:02:26.651964+00:00,,,,,,,,
2026-07-12T06:29:49.297537+00:00,spot_8,Spot 8,Empty,2026-07-12T06:21:21.991109+00:00,,,,,,,,
2026-07-12T06:29:49.297537+00:00,spot_9,Spot 9,Empty,2026-07-12T03:02:26.651977+00:00,,,,,,,,
2026-07-12T06:29:49.297537+00:00,spot_10,Spot 10,Empty,2026-07-12T03:06:19.142482+00:00,,,,,,,,
2026-07-12T06:29:49.297537+00:00,spot_11,Spot 11,Empty,2026-07-12T03:03:18.523817+00:00,,,,,,,,
2026-07-12T06:29:49.297537+00:00,spot_12,Spot 12,Empty,2026-07-12T03:22:19.442603+00:00,,,,,,,,
2026-07-12T06:29:49.297537+00:00,spot_13,Spot 13,Empty,2026-07-12T04:34:19.150717+00:00,,,,,,,,
2026-07-12T06:29:49.297537+00:00,spot_14,Spot 14,Empty,2026-07-12T03:02:26.652011+00:00,,,,,,,,
2026-07-12T06:29:49.297537+00:00,spot_15,Spot 15,Empty,2026-07-12T03:02:26.652017+00:00,,,,,,,,
2026-07-12T06:29:49.297537+00:00,spot_16,Spot 16,Empty,2026-07-12T03:02:26.652024+00:00,,,,,,,,
2026-07-12T06:29:49.297537+00:00,spot_17,Spot 17,Empty,2026-07-12T03:02:26.652031+00:00,,,,,,,,
2026-07-12T06:30:49.334387+00:00,spot_1,Spot 1,Empty,2026-07-12T06:30:49.334387+00:00,,,,,,,,
2026-07-12T06:30:49.334387+00:00,spot_2,Spot 2,Empty,2026-07-12T03:02:26.651924+00:00,,,,,,,,
2026-07-12T06:30:49.334387+00:00,spot_3,Spot 3,Empty,2026-07-12T03:02:26.651934+00:00,,,,,,,,
2026-07-12T06:30:49.334387+00:00,spot_4,Spot 4,Empty,2026-07-12T03:02:26.651943+00:00,,,,,,,,
2026-07-12T06:30:49.334387+00:00,spot_5,Spot 5,Empty,2026-07-12T03:16:20.075827+00:00,,,,,,,,
2026-07-12T06:30:49.334387+00:00,spot_6,Spot 6,Empty,2026-07-12T03:02:26.651957+00:00,,,,,,,,
2026-07-12T06:30:49.334387+00:00,spot_7,Spot 7,Empty,2026-07-12T03:02:26.651964+00:00,,,,,,,,
2026-07-12T06:30:49.334387+00:00,spot_8,Spot 8,Occupied,2026-07-12T06:30:49.334387+00:00,48,car,0.369125634431839,0,213.610107421875,324.1678466796875,272.3289794921875,348.646728515625
2026-07-12T06:30:49.334387+00:00,spot_9,Spot 9,Empty,2026-07-12T03:02:26.651977+00:00,,,,,,,,
2026-07-12T06:30:49.334387+00:00,spot_10,Spot 10,Empty,2026-07-12T03:06:19.142482+00:00,,,,,,,,
2026-07-12T06:30:49.334387+00:00,spot_11,Spot 11,Empty,2026-07-12T03:03:18.523817+00:00,,,,,,,,
2026-07-12T06:30:49.334387+00:00,spot_12,Spot 12,Empty,2026-07-12T03:22:19.442603+00:00,,,,,,,,
2026-07-12T06:30:49.334387+00:00,spot_13,Spot 13,Empty,2026-07-12T04:34:19.150717+00:00,,,,,,,,
2026-07-12T06:30:49.334387+00:00,spot_14,Spot 14,Occupied,2026-07-12T06:30:49.334387+00:00,46,car,0.5582976341247559,0,37.843994140625,320.774169921875,98.72610473632812,352.80029296875
2026-07-12T06:30:49.334387+00:00,spot_15,Spot 15,Empty,2026-07-12T03:02:26.652017+00:00,,,,,,,,
2026-07-12T06:30:49.334387+00:00,spot_16,Spot 16,Empty,2026-07-12T03:02:26.652024+00:00,,,,,,,,
2026-07-12T06:30:49.334387+00:00,spot_17,Spot 17,Empty,2026-07-12T03:02:26.652031+00:00,,,,,,,,
2026-07-12T06:31:44.125114+00:00,spot_1,Spot 1,Empty,2026-07-12T06:30:49.334387+00:00,,,,,,,,
2026-07-12T06:31:44.125114+00:00,spot_2,Spot 2,Empty,2026-07-12T03:02:26.651924+00:00,,,,,,,,
2026-07-12T06:31:44.125114+00:00,spot_3,Spot 3,Empty,2026-07-12T03:02:26.651934+00:00,,,,,,,,
2026-07-12T06:31:44.125114+00:00,spot_4,Spot 4,Empty,2026-07-12T03:02:26.651943+00:00,,,,,,,,
2026-07-12T06:31:44.125114+00:00,spot_5,Spot 5,Empty,2026-07-12T03:16:20.075827+00:00,,,,,,,,
2026-07-12T06:31:44.125114+00:00,spot_6,Spot 6,Empty,2026-07-12T03:02:26.651957+00:00,,,,,,,,
2026-07-12T06:31:44.125114+00:00,spot_7,Spot 7,Empty,2026-07-12T03:02:26.651964+00:00,,,,,,,,
2026-07-12T06:31:44.125114+00:00,spot_8,Spot 8,Occupied,2026-07-12T06:30:49.334387+00:00,48,car,0.369125634431839,54,213.610107421875,324.1678466796875,272.3289794921875,348.646728515625
2026-07-12T06:31:44.125114+00:00,spot_9,Spot 9,Empty,2026-07-12T03:02:26.651977+00:00,,,,,,,,
2026-07-12T06:31:44.125114+00:00,spot_10,Spot 10,Empty,2026-07-12T03:06:19.142482+00:00,,,,,,,,
2026-07-12T06:31:44.125114+00:00,spot_11,Spot 11,Empty,2026-07-12T03:03:18.523817+00:00,,,,,,,,
2026-07-12T06:31:44.125114+00:00,spot_12,Spot 12,Empty,2026-07-12T03:22:19.442603+00:00,,,,,,,,
2026-07-12T06:31:44.125114+00:00,spot_13,Spot 13,Empty,2026-07-12T04:34:19.150717+00:00,,,,,,,,
2026-07-12T06:31:44.125114+00:00,spot_14,Spot 14,Occupied,2026-07-12T06:30:49.334387+00:00,46,car,0.5582976341247559,54,37.843994140625,320.774169921875,98.72610473632812,352.80029296875
2026-07-12T06:31:44.125114+00:00,spot_15,Spot 15,Empty,2026-07-12T03:02:26.652017+00:00,,,,,,,,
2026-07-12T06:31:44.125114+00:00,spot_16,Spot 16,Empty,2026-07-12T03:02:26.652024+00:00,,,,,,,,
2026-07-12T06:31:44.125114+00:00,spot_17,Spot 17,Empty,2026-07-12T03:02:26.652031+00:00,,,,,,,,
2026-07-12T06:32:56.667756+00:00,spot_1,Spot 1,Empty,2026-07-12T06:30:49.334387+00:00,,,,,,,,
2026-07-12T06:32:56.667756+00:00,spot_2,Spot 2,Empty,2026-07-12T03:02:26.651924+00:00,,,,,,,,
2026-07-12T06:32:56.667756+00:00,spot_3,Spot 3,Empty,2026-07-12T03:02:26.651934+00:00,,,,,,,,
2026-07-12T06:32:56.667756+00:00,spot_4,Spot 4,Empty,2026-07-12T03:02:26.651943+00:00,,,,,,,,
2026-07-12T06:32:56.667756+00:00,spot_5,Spot 5,Empty,2026-07-12T03:16:20.075827+00:00,,,,,,,,
2026-07-12T06:32:56.667756+00:00,spot_6,Spot 6,Empty,2026-07-12T03:02:26.651957+00:00,,,,,,,,
2026-07-12T06:32:56.667756+00:00,spot_7,Spot 7,Empty,2026-07-12T03:02:26.651964+00:00,,,,,,,,
2026-07-12T06:32:56.667756+00:00,spot_8,Spot 8,Empty,2026-07-12T06:32:56.667756+00:00,,,,,,,,
2026-07-12T06:32:56.667756+00:00,spot_9,Spot 9,Empty,2026-07-12T03:02:26.651977+00:00,,,,,,,,
2026-07-12T06:32:56.667756+00:00,spot_10,Spot 10,Empty,2026-07-12T03:06:19.142482+00:00,,,,,,,,
2026-07-12T06:32:56.667756+00:00,spot_11,Spot 11,Empty,2026-07-12T03:03:18.523817+00:00,,,,,,,,
2026-07-12T06:32:56.667756+00:00,spot_12,Spot 12,Empty,2026-07-12T03:22:19.442603+00:00,,,,,,,,
2026-07-12T06:32:56.667756+00:00,spot_13,Spot 13,Empty,2026-07-12T04:34:19.150717+00:00,,,,,,,,
2026-07-12T06:32:56.667756+00:00,spot_14,Spot 14,Empty,2026-07-12T06:32:56.667756+00:00,,,,,,,,
2026-07-12T06:32:56.667756+00:00,spot_15,Spot 15,Empty,2026-07-12T03:02:26.652017+00:00,,,,,,,,
2026-07-12T06:32:56.667756+00:00,spot_16,Spot 16,Empty,2026-07-12T03:02:26.652024+00:00,,,,,,,,
2026-07-12T06:32:56.667756+00:00,spot_17,Spot 17,Empty,2026-07-12T03:02:26.652031+00:00,,,,,,,,
2026-07-12T06:33:58.789812+00:00,spot_1,Spot 1,Empty,2026-07-12T06:30:49.334387+00:00,,,,,,,,
2026-07-12T06:33:58.789812+00:00,spot_2,Spot 2,Empty,2026-07-12T03:02:26.651924+00:00,,,,,,,,
2026-07-12T06:33:58.789812+00:00,spot_3,Spot 3,Empty,2026-07-12T03:02:26.651934+00:00,,,,,,,,
2026-07-12T06:33:58.789812+00:00,spot_4,Spot 4,Empty,2026-07-12T03:02:26.651943+00:00,,,,,,,,
2026-07-12T06:33:58.789812+00:00,spot_5,Spot 5,Empty,2026-07-12T03:16:20.075827+00:00,,,,,,,,
2026-07-12T06:33:58.789812+00:00,spot_6,Spot 6,Empty,2026-07-12T03:02:26.651957+00:00,,,,,,,,
2026-07-12T06:33:58.789812+00:00,spot_7,Spot 7,Empty,2026-07-12T03:02:26.651964+00:00,,,,,,,,
2026-07-12T06:33:58.789812+00:00,spot_8,Spot 8,Empty,2026-07-12T06:32:56.667756+00:00,,,,,,,,
2026-07-12T06:33:58.789812+00:00,spot_9,Spot 9,Empty,2026-07-12T03:02:26.651977+00:00,,,,,,,,
2026-07-12T06:33:58.789812+00:00,spot_10,Spot 10,Empty,2026-07-12T03:06:19.142482+00:00,,,,,,,,
2026-07-12T06:33:58.789812+00:00,spot_11,Spot 11,Empty,2026-07-12T03:03:18.523817+00:00,,,,,,,,
2026-07-12T06:33:58.789812+00:00,spot_12,Spot 12,Empty,2026-07-12T03:22:19.442603+00:00,,,,,,,,
2026-07-12T06:33:58.789812+00:00,spot_13,Spot 13,Empty,2026-07-12T04:34:19.150717+00:00,,,,,,,,
2026-07-12T06:33:58.789812+00:00,spot_14,Spot 14,Empty,2026-07-12T06:32:56.667756+00:00,,,,,,,,
2026-07-12T06:33:58.789812+00:00,spot_15,Spot 15,Empty,2026-07-12T03:02:26.652017+00:00,,,,,,,,
2026-07-12T06:33:58.789812+00:00,spot_16,Spot 16,Empty,2026-07-12T03:02:26.652024+00:00,,,,,,,,
2026-07-12T06:33:58.789812+00:00,spot_17,Spot 17,Empty,2026-07-12T03:02:26.652031+00:00,,,,,,,,
2026-07-12T06:35:21.308070+00:00,spot_1,Spot 1,Empty,2026-07-12T06:30:49.334387+00:00,,,,,,,,
2026-07-12T06:35:21.308070+00:00,spot_2,Spot 2,Empty,2026-07-12T03:02:26.651924+00:00,,,,,,,,
2026-07-12T06:35:21.308070+00:00,spot_3,Spot 3,Empty,2026-07-12T03:02:26.651934+00:00,,,,,,,,
2026-07-12T06:35:21.308070+00:00,spot_4,Spot 4,Empty,2026-07-12T03:02:26.651943+00:00,,,,,,,,
2026-07-12T06:35:21.308070+00:00,spot_5,Spot 5,Empty,2026-07-12T03:16:20.075827+00:00,,,,,,,,
2026-07-12T06:35:21.308070+00:00,spot_6,Spot 6,Empty,2026-07-12T03:02:26.651957+00:00,,,,,,,,
2026-07-12T06:35:21.308070+00:00,spot_7,Spot 7,Empty,2026-07-12T03:02:26.651964+00:00,,,,,,,,
2026-07-12T06:35:21.308070+00:00,spot_8,Spot 8,Empty,2026-07-12T06:32:56.667756+00:00,,,,,,,,
2026-07-12T06:35:21.308070+00:00,spot_9,Spot 9,Empty,2026-07-12T03:02:26.651977+00:00,,,,,,,,
2026-07-12T06:35:21.308070+00:00,spot_10,Spot 10,Empty,2026-07-12T03:06:19.142482+00:00,,,,,,,,
2026-07-12T06:35:21.308070+00:00,spot_11,Spot 11,Empty,2026-07-12T03:03:18.523817+00:00,,,,,,,,
2026-07-12T06:35:21.308070+00:00,spot_12,Spot 12,Empty,2026-07-12T03:22:19.442603+00:00,,,,,,,,
2026-07-12T06:35:21.308070+00:00,spot_13,Spot 13,Empty,2026-07-12T04:34:19.150717+00:00,,,,,,,,
2026-07-12T06:35:21.308070+00:00,spot_14,Spot 14,Empty,2026-07-12T06:32:56.667756+00:00,,,,,,,,
2026-07-12T06:35:21.308070+00:00,spot_15,Spot 15,Empty,2026-07-12T03:02:26.652017+00:00,,,,,,,,
2026-07-12T06:35:21.308070+00:00,spot_16,Spot 16,Empty,2026-07-12T03:02:26.652024+00:00,,,,,,,,
2026-07-12T06:35:21.308070+00:00,spot_17,Spot 17,Empty,2026-07-12T03:02:26.652031+00:00,,,,,,,,
2026-07-12T06:36:27.985126+00:00,spot_1,Spot 1,Empty,2026-07-12T06:30:49.334387+00:00,,,,,,,,
2026-07-12T06:36:27.985126+00:00,spot_2,Spot 2,Empty,2026-07-12T03:02:26.651924+00:00,,,,,,,,
2026-07-12T06:36:27.985126+00:00,spot_3,Spot 3,Empty,2026-07-12T03:02:26.651934+00:00,,,,,,,,
2026-07-12T06:36:27.985126+00:00,spot_4,Spot 4,Empty,2026-07-12T03:02:26.651943+00:00,,,,,,,,
2026-07-12T06:36:27.985126+00:00,spot_5,Spot 5,Empty,2026-07-12T03:16:20.075827+00:00,,,,,,,,
2026-07-12T06:36:27.985126+00:00,spot_6,Spot 6,Empty,2026-07-12T03:02:26.651957+00:00,,,,,,,,
2026-07-12T06:36:27.985126+00:00,spot_7,Spot 7,Empty,2026-07-12T03:02:26.651964+00:00,,,,,,,,
2026-07-12T06:36:27.985126+00:00,spot_8,Spot 8,Empty,2026-07-12T06:32:56.667756+00:00,,,,,,,,
2026-07-12T06:36:27.985126+00:00,spot_9,Spot 9,Empty,2026-07-12T03:02:26.651977+00:00,,,,,,,,
2026-07-12T06:36:27.985126+00:00,spot_10,Spot 10,Empty,2026-07-12T03:06:19.142482+00:00,,,,,,,,
2026-07-12T06:36:27.985126+00:00,spot_11,Spot 11,Empty,2026-07-12T03:03:18.523817+00:00,,,,,,,,
2026-07-12T06:36:27.985126+00:00,spot_12,Spot 12,Empty,2026-07-12T03:22:19.442603+00:00,,,,,,,,
2026-07-12T06:36:27.985126+00:00,spot_13,Spot 13,Empty,2026-07-12T04:34:19.150717+00:00,,,,,,,,
2026-07-12T06:36:27.985126+00:00,spot_14,Spot 14,Empty,2026-07-12T06:32:56.667756+00:00,,,,,,,,
2026-07-12T06:36:27.985126+00:00,spot_15,Spot 15,Empty,2026-07-12T03:02:26.652017+00:00,,,,,,,,
2026-07-12T06:36:27.985126+00:00,spot_16,Spot 16,Empty,2026-07-12T03:02:26.652024+00:00,,,,,,,,
2026-07-12T06:36:27.985126+00:00,spot_17,Spot 17,Empty,2026-07-12T03:02:26.652031+00:00,,,,,,,,
2026-07-12T06:37:38.310543+00:00,spot_1,Spot 1,Empty,2026-07-12T06:30:49.334387+00:00,,,,,,,,
2026-07-12T06:37:38.310543+00:00,spot_2,Spot 2,Empty,2026-07-12T03:02:26.651924+00:00,,,,,,,,
2026-07-12T06:37:38.310543+00:00,spot_3,Spot 3,Empty,2026-07-12T03:02:26.651934+00:00,,,,,,,,
2026-07-12T06:37:38.310543+00:00,spot_4,Spot 4,Empty,2026-07-12T03:02:26.651943+00:00,,,,,,,,
2026-07-12T06:37:38.310543+00:00,spot_5,Spot 5,Empty,2026-07-12T03:16:20.075827+00:00,,,,,,,,
2026-07-12T06:37:38.310543+00:00,spot_6,Spot 6,Empty,2026-07-12T03:02:26.651957+00:00,,,,,,,,
2026-07-12T06:37:38.310543+00:00,spot_7,Spot 7,Empty,2026-07-12T03:02:26.651964+00:00,,,,,,,,
2026-07-12T06:37:38.310543+00:00,spot_8,Spot 8,Empty,2026-07-12T06:32:56.667756+00:00,,,,,,,,
2026-07-12T06:37:38.310543+00:00,spot_9,Spot 9,Empty,2026-07-12T03:02:26.651977+00:00,,,,,,,,
2026-07-12T06:37:38.310543+00:00,spot_10,Spot 10,Empty,2026-07-12T03:06:19.142482+00:00,,,,,,,,
2026-07-12T06:37:38.310543+00:00,spot_11,Spot 11,Empty,2026-07-12T03:03:18.523817+00:00,,,,,,,,
2026-07-12T06:37:38.310543+00:00,spot_12,Spot 12,Empty,2026-07-12T03:22:19.442603+00:00,,,,,,,,
2026-07-12T06:37:38.310543+00:00,spot_13,Spot 13,Empty,2026-07-12T04:34:19.150717+00:00,,,,,,,,
2026-07-12T06:37:38.310543+00:00,spot_14,Spot 14,Empty,2026-07-12T06:32:56.667756+00:00,,,,,,,,
2026-07-12T06:37:38.310543+00:00,spot_15,Spot 15,Empty,2026-07-12T03:02:26.652017+00:00,,,,,,,,
2026-07-12T06:37:38.310543+00:00,spot_16,Spot 16,Empty,2026-07-12T03:02:26.652024+00:00,,,,,,,,
2026-07-12T06:37:38.310543+00:00,spot_17,Spot 17,Empty,2026-07-12T03:02:26.652031+00:00,,,,,,,,
2026-07-12T06:38:32.923335+00:00,spot_1,Spot 1,Empty,2026-07-12T06:30:49.334387+00:00,,,,,,,,
2026-07-12T06:38:32.923335+00:00,spot_2,Spot 2,Empty,2026-07-12T03:02:26.651924+00:00,,,,,,,,
2026-07-12T06:38:32.923335+00:00,spot_3,Spot 3,Empty,2026-07-12T03:02:26.651934+00:00,,,,,,,,
2026-07-12T06:38:32.923335+00:00,spot_4,Spot 4,Empty,2026-07-12T03:02:26.651943+00:00,,,,,,,,
2026-07-12T06:38:32.923335+00:00,spot_5,Spot 5,Empty,2026-07-12T03:16:20.075827+00:00,,,,,,,,
2026-07-12T06:38:32.923335+00:00,spot_6,Spot 6,Empty,2026-07-12T03:02:26.651957+00:00,,,,,,,,
2026-07-12T06:38:32.923335+00:00,spot_7,Spot 7,Empty,2026-07-12T03:02:26.651964+00:00,,,,,,,,
2026-07-12T06:38:32.923335+00:00,spot_8,Spot 8,Empty,2026-07-12T06:32:56.667756+00:00,,,,,,,,
2026-07-12T06:38:32.923335+00:00,spot_9,Spot 9,Empty,2026-07-12T03:02:26.651977+00:00,,,,,,,,
2026-07-12T06:38:32.923335+00:00,spot_10,Spot 10,Empty,2026-07-12T03:06:19.142482+00:00,,,,,,,,
2026-07-12T06:38:32.923335+00:00,spot_11,Spot 11,Empty,2026-07-12T03:03:18.523817+00:00,,,,,,,,
2026-07-12T06:38:32.923335+00:00,spot_12,Spot 12,Empty,2026-07-12T03:22:19.442603+00:00,,,,,,,,
2026-07-12T06:38:32.923335+00:00,spot_13,Spot 13,Empty,2026-07-12T04:34:19.150717+00:00,,,,,,,,
2026-07-12T06:38:32.923335+00:00,spot_14,Spot 14,Empty,2026-07-12T06:32:56.667756+00:00,,,,,,,,
2026-07-12T06:38:32.923335+00:00,spot_15,Spot 15,Empty,2026-07-12T03:02:26.652017+00:00,,,,,,,,
2026-07-12T06:38:32.923335+00:00,spot_16,Spot 16,Empty,2026-07-12T03:02:26.652024+00:00,,,,,,,,
2026-07-12T06:38:32.923335+00:00,spot_17,Spot 17,Empty,2026-07-12T03:02:26.652031+00:00,,,,,,,,
2026-07-12T06:39:31.160835+00:00,spot_1,Spot 1,Empty,2026-07-12T06:30:49.334387+00:00,,,,,,,,
2026-07-12T06:39:31.160835+00:00,spot_2,Spot 2,Empty,2026-07-12T03:02:26.651924+00:00,,,,,,,,
2026-07-12T06:39:31.160835+00:00,spot_3,Spot 3,Empty,2026-07-12T03:02:26.651934+00:00,,,,,,,,
2026-07-12T06:39:31.160835+00:00,spot_4,Spot 4,Empty,2026-07-12T03:02:26.651943+00:00,,,,,,,,
2026-07-12T06:39:31.160835+00:00,spot_5,Spot 5,Empty,2026-07-12T03:16:20.075827+00:00,,,,,,,,
2026-07-12T06:39:31.160835+00:00,spot_6,Spot 6,Empty,2026-07-12T03:02:26.651957+00:00,,,,,,,,
2026-07-12T06:39:31.160835+00:00,spot_7,Spot 7,Empty,2026-07-12T03:02:26.651964+00:00,,,,,,,,
2026-07-12T06:39:31.160835+00:00,spot_8,Spot 8,Empty,2026-07-12T06:32:56.667756+00:00,,,,,,,,
2026-07-12T06:39:31.160835+00:00,spot_9,Spot 9,Empty,2026-07-12T03:02:26.651977+00:00,,,,,,,,
2026-07-12T06:39:31.160835+00:00,spot_10,Spot 10,Empty,2026-07-12T03:06:19.142482+00:00,,,,,,,,
2026-07-12T06:39:31.160835+00:00,spot_11,Spot 11,Empty,2026-07-12T03:03:18.523817+00:00,,,,,,,,
2026-07-12T06:39:31.160835+00:00,spot_12,Spot 12,Empty,2026-07-12T03:22:19.442603+00:00,,,,,,,,
2026-07-12T06:39:31.160835+00:00,spot_13,Spot 13,Empty,2026-07-12T04:34:19.150717+00:00,,,,,,,,
2026-07-12T06:39:31.160835+00:00,spot_14,Spot 14,Empty,2026-07-12T06:32:56.667756+00:00,,,,,,,,
2026-07-12T06:39:31.160835+00:00,spot_15,Spot 15,Empty,2026-07-12T03:02:26.652017+00:00,,,,,,,,
2026-07-12T06:39:31.160835+00:00,spot_16,Spot 16,Empty,2026-07-12T03:02:26.652024+00:00,,,,,,,,
2026-07-12T06:39:31.160835+00:00,spot_17,Spot 17,Empty,2026-07-12T03:02:26.652031+00:00,,,,,,,,
2026-07-12T06:40:23.709282+00:00,spot_1,Spot 1,Empty,2026-07-12T06:30:49.334387+00:00,,,,,,,,
2026-07-12T06:40:23.709282+00:00,spot_2,Spot 2,Empty,2026-07-12T03:02:26.651924+00:00,,,,,,,,
2026-07-12T06:40:23.709282+00:00,spot_3,Spot 3,Empty,2026-07-12T03:02:26.651934+00:00,,,,,,,,
2026-07-12T06:40:23.709282+00:00,spot_4,Spot 4,Empty,2026-07-12T03:02:26.651943+00:00,,,,,,,,
2026-07-12T06:40:23.709282+00:00,spot_5,Spot 5,Empty,2026-07-12T03:16:20.075827+00:00,,,,,,,,
2026-07-12T06:40:23.709282+00:00,spot_6,Spot 6,Empty,2026-07-12T03:02:26.651957+00:00,,,,,,,,
2026-07-12T06:40:23.709282+00:00,spot_7,Spot 7,Empty,2026-07-12T03:02:26.651964+00:00,,,,,,,,
2026-07-12T06:40:23.709282+00:00,spot_8,Spot 8,Empty,2026-07-12T06:32:56.667756+00:00,,,,,,,,
2026-07-12T06:40:23.709282+00:00,spot_9,Spot 9,Empty,2026-07-12T03:02:26.651977+00:00,,,,,,,,
2026-07-12T06:40:23.709282+00:00,spot_10,Spot 10,Empty,2026-07-12T03:06:19.142482+00:00,,,,,,,,
2026-07-12T06:40:23.709282+00:00,spot_11,Spot 11,Empty,2026-07-12T03:03:18.523817+00:00,,,,,,,,
2026-07-12T06:40:23.709282+00:00,spot_12,Spot 12,Empty,2026-07-12T03:22:19.442603+00:00,,,,,,,,
2026-07-12T06:40:23.709282+00:00,spot_13,Spot 13,Empty,2026-07-12T04:34:19.150717+00:00,,,,,,,,
2026-07-12T06:40:23.709282+00:00,spot_14,Spot 14,Empty,2026-07-12T06:32:56.667756+00:00,,,,,,,,
2026-07-12T06:40:23.709282+00:00,spot_15,Spot 15,Empty,2026-07-12T03:02:26.652017+00:00,,,,,,,,
2026-07-12T06:40:23.709282+00:00,spot_16,Spot 16,Empty,2026-07-12T03:02:26.652024+00:00,,,,,,,,
2026-07-12T06:40:23.709282+00:00,spot_17,Spot 17,Empty,2026-07-12T03:02:26.652031+00:00,,,,,,,,
2026-07-12T06:41:23.998407+00:00,spot_1,Spot 1,Empty,2026-07-12T06:30:49.334387+00:00,,,,,,,,
2026-07-12T06:41:23.998407+00:00,spot_2,Spot 2,Empty,2026-07-12T03:02:26.651924+00:00,,,,,,,,
2026-07-12T06:41:23.998407+00:00,spot_3,Spot 3,Empty,2026-07-12T03:02:26.651934+00:00,,,,,,,,
2026-07-12T06:41:23.998407+00:00,spot_4,Spot 4,Empty,2026-07-12T03:02:26.651943+00:00,,,,,,,,
2026-07-12T06:41:23.998407+00:00,spot_5,Spot 5,Empty,2026-07-12T03:16:20.075827+00:00,,,,,,,,
2026-07-12T06:41:23.998407+00:00,spot_6,Spot 6,Empty,2026-07-12T03:02:26.651957+00:00,,,,,,,,
2026-07-12T06:41:23.998407+00:00,spot_7,Spot 7,Empty,2026-07-12T03:02:26.651964+00:00,,,,,,,,
2026-07-12T06:41:23.998407+00:00,spot_8,Spot 8,Empty,2026-07-12T06:32:56.667756+00:00,,,,,,,,
2026-07-12T06:41:23.998407+00:00,spot_9,Spot 9,Empty,2026-07-12T03:02:26.651977+00:00,,,,,,,,
2026-07-12T06:41:23.998407+00:00,spot_10,Spot 10,Empty,2026-07-12T03:06:19.142482+00:00,,,,,,,,
2026-07-12T06:41:23.998407+00:00,spot_11,Spot 11,Empty,2026-07-12T03:03:18.523817+00:00,,,,,,,,
2026-07-12T06:41:23.998407+00:00,spot_12,Spot 12,Empty,2026-07-12T03:22:19.442603+00:00,,,,,,,,
2026-07-12T06:41:23.998407+00:00,spot_13,Spot 13,Empty,2026-07-12T04:34:19.150717+00:00,,,,,,,,
2026-07-12T06:41:23.998407+00:00,spot_14,Spot 14,Empty,2026-07-12T06:32:56.667756+00:00,,,,,,,,
2026-07-12T06:41:23.998407+00:00,spot_15,Spot 15,Empty,2026-07-12T03:02:26.652017+00:00,,,,,,,,
2026-07-12T06:41:23.998407+00:00,spot_16,Spot 16,Empty,2026-07-12T03:02:26.652024+00:00,,,,,,,,
2026-07-12T06:41:23.998407+00:00,spot_17,Spot 17,Empty,2026-07-12T03:02:26.652031+00:00,,,,,,,,
2026-07-12T06:42:16.260774+00:00,spot_1,Spot 1,Empty,2026-07-12T06:30:49.334387+00:00,,,,,,,,
2026-07-12T06:42:16.260774+00:00,spot_2,Spot 2,Empty,2026-07-12T03:02:26.651924+00:00,,,,,,,,
2026-07-12T06:42:16.260774+00:00,spot_3,Spot 3,Empty,2026-07-12T03:02:26.651934+00:00,,,,,,,,
2026-07-12T06:42:16.260774+00:00,spot_4,Spot 4,Empty,2026-07-12T03:02:26.651943+00:00,,,,,,,,
2026-07-12T06:42:16.260774+00:00,spot_5,Spot 5,Empty,2026-07-12T03:16:20.075827+00:00,,,,,,,,
2026-07-12T06:42:16.260774+00:00,spot_6,Spot 6,Empty,2026-07-12T03:02:26.651957+00:00,,,,,,,,
2026-07-12T06:42:16.260774+00:00,spot_7,Spot 7,Empty,2026-07-12T03:02:26.651964+00:00,,,,,,,,
2026-07-12T06:42:16.260774+00:00,spot_8,Spot 8,Empty,2026-07-12T06:32:56.667756+00:00,,,,,,,,
2026-07-12T06:42:16.260774+00:00,spot_9,Spot 9,Empty,2026-07-12T03:02:26.651977+00:00,,,,,,,,
2026-07-12T06:42:16.260774+00:00,spot_10,Spot 10,Empty,2026-07-12T03:06:19.142482+00:00,,,,,,,,
2026-07-12T06:42:16.260774+00:00,spot_11,Spot 11,Empty,2026-07-12T03:03:18.523817+00:00,,,,,,,,
2026-07-12T06:42:16.260774+00:00,spot_12,Spot 12,Empty,2026-07-12T03:22:19.442603+00:00,,,,,,,,
2026-07-12T06:42:16.260774+00:00,spot_13,Spot 13,Empty,2026-07-12T04:34:19.150717+00:00,,,,,,,,
2026-07-12T06:42:16.260774+00:00,spot_14,Spot 14,Empty,2026-07-12T06:32:56.667756+00:00,,,,,,,,
2026-07-12T06:42:16.260774+00:00,spot_15,Spot 15,Empty,2026-07-12T03:02:26.652017+00:00,,,,,,,,
2026-07-12T06:42:16.260774+00:00,spot_16,Spot 16,Empty,2026-07-12T03:02:26.652024+00:00,,,,,,,,
2026-07-12T06:42:16.260774+00:00,spot_17,Spot 17,Empty,2026-07-12T03:02:26.652031+00:00,,,,,,,,
2026-07-12T06:43:19.676820+00:00,spot_1,Spot 1,Empty,2026-07-12T06:30:49.334387+00:00,,,,,,,,
2026-07-12T06:43:19.676820+00:00,spot_2,Spot 2,Empty,2026-07-12T03:02:26.651924+00:00,,,,,,,,
2026-07-12T06:43:19.676820+00:00,spot_3,Spot 3,Empty,2026-07-12T03:02:26.651934+00:00,,,,,,,,
2026-07-12T06:43:19.676820+00:00,spot_4,Spot 4,Empty,2026-07-12T03:02:26.651943+00:00,,,,,,,,
2026-07-12T06:43:19.676820+00:00,spot_5,Spot 5,Empty,2026-07-12T03:16:20.075827+00:00,,,,,,,,
2026-07-12T06:43:19.676820+00:00,spot_6,Spot 6,Empty,2026-07-12T03:02:26.651957+00:00,,,,,,,,
2026-07-12T06:43:19.676820+00:00,spot_7,Spot 7,Empty,2026-07-12T03:02:26.651964+00:00,,,,,,,,
2026-07-12T06:43:19.676820+00:00,spot_8,Spot 8,Empty,2026-07-12T06:32:56.667756+00:00,,,,,,,,
2026-07-12T06:43:19.676820+00:00,spot_9,Spot 9,Empty,2026-07-12T03:02:26.651977+00:00,,,,,,,,
2026-07-12T06:43:19.676820+00:00,spot_10,Spot 10,Empty,2026-07-12T03:06:19.142482+00:00,,,,,,,,
2026-07-12T06:43:19.676820+00:00,spot_11,Spot 11,Empty,2026-07-12T03:03:18.523817+00:00,,,,,,,,
2026-07-12T06:43:19.676820+00:00,spot_12,Spot 12,Empty,2026-07-12T03:22:19.442603+00:00,,,,,,,,
2026-07-12T06:43:19.676820+00:00,spot_13,Spot 13,Empty,2026-07-12T04:34:19.150717+00:00,,,,,,,,
2026-07-12T06:43:19.676820+00:00,spot_14,Spot 14,Empty,2026-07-12T06:32:56.667756+00:00,,,,,,,,
2026-07-12T06:43:19.676820+00:00,spot_15,Spot 15,Empty,2026-07-12T03:02:26.652017+00:00,,,,,,,,
2026-07-12T06:43:19.676820+00:00,spot_16,Spot 16,Empty,2026-07-12T03:02:26.652024+00:00,,,,,,,,
2026-07-12T06:43:19.676820+00:00,spot_17,Spot 17,Empty,2026-07-12T03:02:26.652031+00:00,,,,,,,,
2026-07-12T06:44:12.084433+00:00,spot_1,Spot 1,Empty,2026-07-12T06:30:49.334387+00:00,,,,,,,,
2026-07-12T06:44:12.084433+00:00,spot_2,Spot 2,Empty,2026-07-12T03:02:26.651924+00:00,,,,,,,,
2026-07-12T06:44:12.084433+00:00,spot_3,Spot 3,Empty,2026-07-12T03:02:26.651934+00:00,,,,,,,,
2026-07-12T06:44:12.084433+00:00,spot_4,Spot 4,Empty,2026-07-12T03:02:26.651943+00:00,,,,,,,,
2026-07-12T06:44:12.084433+00:00,spot_5,Spot 5,Empty,2026-07-12T03:16:20.075827+00:00,,,,,,,,
2026-07-12T06:44:12.084433+00:00,spot_6,Spot 6,Empty,2026-07-12T03:02:26.651957+00:00,,,,,,,,
2026-07-12T06:44:12.084433+00:00,spot_7,Spot 7,Empty,2026-07-12T03:02:26.651964+00:00,,,,,,,,
2026-07-12T06:44:12.084433+00:00,spot_8,Spot 8,Empty,2026-07-12T06:32:56.667756+00:00,,,,,,,,
2026-07-12T06:44:12.084433+00:00,spot_9,Spot 9,Empty,2026-07-12T03:02:26.651977+00:00,,,,,,,,
2026-07-12T06:44:12.084433+00:00,spot_10,Spot 10,Empty,2026-07-12T03:06:19.142482+00:00,,,,,,,,
2026-07-12T06:44:12.084433+00:00,spot_11,Spot 11,Empty,2026-07-12T03:03:18.523817+00:00,,,,,,,,
2026-07-12T06:44:12.084433+00:00,spot_12,Spot 12,Empty,2026-07-12T03:22:19.442603+00:00,,,,,,,,
2026-07-12T06:44:12.084433+00:00,spot_13,Spot 13,Empty,2026-07-12T04:34:19.150717+00:00,,,,,,,,
2026-07-12T06:44:12.084433+00:00,spot_14,Spot 14,Empty,2026-07-12T06:32:56.667756+00:00,,,,,,,,
2026-07-12T06:44:12.084433+00:00,spot_15,Spot 15,Empty,2026-07-12T03:02:26.652017+00:00,,,,,,,,
2026-07-12T06:44:12.084433+00:00,spot_16,Spot 16,Empty,2026-07-12T03:02:26.652024+00:00,,,,,,,,
2026-07-12T06:44:12.084433+00:00,spot_17,Spot 17,Empty,2026-07-12T03:02:26.652031+00:00,,,,,,,,
2026-07-12T06:45:26.295103+00:00,spot_1,Spot 1,Empty,2026-07-12T06:30:49.334387+00:00,,,,,,,,
2026-07-12T06:45:26.295103+00:00,spot_2,Spot 2,Empty,2026-07-12T03:02:26.651924+00:00,,,,,,,,
2026-07-12T06:45:26.295103+00:00,spot_3,Spot 3,Empty,2026-07-12T03:02:26.651934+00:00,,,,,,,,
2026-07-12T06:45:26.295103+00:00,spot_4,Spot 4,Empty,2026-07-12T03:02:26.651943+00:00,,,,,,,,
2026-07-12T06:45:26.295103+00:00,spot_5,Spot 5,Empty,2026-07-12T03:16:20.075827+00:00,,,,,,,,
2026-07-12T06:45:26.295103+00:00,spot_6,Spot 6,Empty,2026-07-12T03:02:26.651957+00:00,,,,,,,,
2026-07-12T06:45:26.295103+00:00,spot_7,Spot 7,Empty,2026-07-12T03:02:26.651964+00:00,,,,,,,,
2026-07-12T06:45:26.295103+00:00,spot_8,Spot 8,Empty,2026-07-12T06:32:56.667756+00:00,,,,,,,,
2026-07-12T06:45:26.295103+00:00,spot_9,Spot 9,Empty,2026-07-12T03:02:26.651977+00:00,,,,,,,,
2026-07-12T06:45:26.295103+00:00,spot_10,Spot 10,Empty,2026-07-12T03:06:19.142482+00:00,,,,,,,,
2026-07-12T06:45:26.295103+00:00,spot_11,Spot 11,Empty,2026-07-12T03:03:18.523817+00:00,,,,,,,,
2026-07-12T06:45:26.295103+00:00,spot_12,Spot 12,Empty,2026-07-12T03:22:19.442603+00:00,,,,,,,,
2026-07-12T06:45:26.295103+00:00,spot_13,Spot 13,Empty,2026-07-12T04:34:19.150717+00:00,,,,,,,,
2026-07-12T06:45:26.295103+00:00,spot_14,Spot 14,Empty,2026-07-12T06:32:56.667756+00:00,,,,,,,,
2026-07-12T06:45:26.295103+00:00,spot_15,Spot 15,Empty,2026-07-12T03:02:26.652017+00:00,,,,,,,,
2026-07-12T06:45:26.295103+00:00,spot_16,Spot 16,Empty,2026-07-12T03:02:26.652024+00:00,,,,,,,,
2026-07-12T06:45:26.295103+00:00,spot_17,Spot 17,Empty,2026-07-12T03:02:26.652031+00:00,,,,,,,,
2026-07-12T06:46:23.728226+00:00,spot_1,Spot 1,Empty,2026-07-12T06:30:49.334387+00:00,,,,,,,,
2026-07-12T06:46:23.728226+00:00,spot_2,Spot 2,Empty,2026-07-12T03:02:26.651924+00:00,,,,,,,,
2026-07-12T06:46:23.728226+00:00,spot_3,Spot 3,Empty,2026-07-12T03:02:26.651934+00:00,,,,,,,,
2026-07-12T06:46:23.728226+00:00,spot_4,Spot 4,Empty,2026-07-12T03:02:26.651943+00:00,,,,,,,,
2026-07-12T06:46:23.728226+00:00,spot_5,Spot 5,Empty,2026-07-12T03:16:20.075827+00:00,,,,,,,,
2026-07-12T06:46:23.728226+00:00,spot_6,Spot 6,Empty,2026-07-12T03:02:26.651957+00:00,,,,,,,,
2026-07-12T06:46:23.728226+00:00,spot_7,Spot 7,Empty,2026-07-12T03:02:26.651964+00:00,,,,,,,,
2026-07-12T06:46:23.728226+00:00,spot_8,Spot 8,Empty,2026-07-12T06:32:56.667756+00:00,,,,,,,,
2026-07-12T06:46:23.728226+00:00,spot_9,Spot 9,Empty,2026-07-12T03:02:26.651977+00:00,,,,,,,,
2026-07-12T06:46:23.728226+00:00,spot_10,Spot 10,Empty,2026-07-12T03:06:19.142482+00:00,,,,,,,,
2026-07-12T06:46:23.728226+00:00,spot_11,Spot 11,Empty,2026-07-12T03:03:18.523817+00:00,,,,,,,,
2026-07-12T06:46:23.728226+00:00,spot_12,Spot 12,Empty,2026-07-12T03:22:19.442603+00:00,,,,,,,,
2026-07-12T06:46:23.728226+00:00,spot_13,Spot 13,Empty,2026-07-12T04:34:19.150717+00:00,,,,,,,,
2026-07-12T06:46:23.728226+00:00,spot_14,Spot 14,Empty,2026-07-12T06:32:56.667756+00:00,,,,,,,,
2026-07-12T06:46:23.728226+00:00,spot_15,Spot 15,Empty,2026-07-12T03:02:26.652017+00:00,,,,,,,,
2026-07-12T06:46:23.728226+00:00,spot_16,Spot 16,Empty,2026-07-12T03:02:26.652024+00:00,,,,,,,,
2026-07-12T06:46:23.728226+00:00,spot_17,Spot 17,Empty,2026-07-12T03:02:26.652031+00:00,,,,,,,,
2026-07-12T06:47:18.170361+00:00,spot_1,Spot 1,Empty,2026-07-12T06:30:49.334387+00:00,,,,,,,,
2026-07-12T06:47:18.170361+00:00,spot_2,Spot 2,Empty,2026-07-12T03:02:26.651924+00:00,,,,,,,,
2026-07-12T06:47:18.170361+00:00,spot_3,Spot 3,Empty,2026-07-12T03:02:26.651934+00:00,,,,,,,,
2026-07-12T06:47:18.170361+00:00,spot_4,Spot 4,Empty,2026-07-12T03:02:26.651943+00:00,,,,,,,,
2026-07-12T06:47:18.170361+00:00,spot_5,Spot 5,Empty,2026-07-12T03:16:20.075827+00:00,,,,,,,,
2026-07-12T06:47:18.170361+00:00,spot_6,Spot 6,Empty,2026-07-12T03:02:26.651957+00:00,,,,,,,,
2026-07-12T06:47:18.170361+00:00,spot_7,Spot 7,Empty,2026-07-12T03:02:26.651964+00:00,,,,,,,,
2026-07-12T06:47:18.170361+00:00,spot_8,Spot 8,Empty,2026-07-12T06:32:56.667756+00:00,,,,,,,,
2026-07-12T06:47:18.170361+00:00,spot_9,Spot 9,Empty,2026-07-12T03:02:26.651977+00:00,,,,,,,,
2026-07-12T06:47:18.170361+00:00,spot_10,Spot 10,Empty,2026-07-12T03:06:19.142482+00:00,,,,,,,,
2026-07-12T06:47:18.170361+00:00,spot_11,Spot 11,Empty,2026-07-12T03:03:18.523817+00:00,,,,,,,,
2026-07-12T06:47:18.170361+00:00,spot_12,Spot 12,Empty,2026-07-12T03:22:19.442603+00:00,,,,,,,,
2026-07-12T06:47:18.170361+00:00,spot_13,Spot 13,Empty,2026-07-12T04:34:19.150717+00:00,,,,,,,,
2026-07-12T06:47:18.170361+00:00,spot_14,Spot 14,Empty,2026-07-12T06:32:56.667756+00:00,,,,,,,,
2026-07-12T06:47:18.170361+00:00,spot_15,Spot 15,Empty,2026-07-12T03:02:26.652017+00:00,,,,,,,,
2026-07-12T06:47:18.170361+00:00,spot_16,Spot 16,Empty,2026-07-12T03:02:26.652024+00:00,,,,,,,,
2026-07-12T06:47:18.170361+00:00,spot_17,Spot 17,Empty,2026-07-12T03:02:26.652031+00:00,,,,,,,,
2026-07-12T06:48:07.816246+00:00,spot_1,Spot 1,Empty,2026-07-12T06:30:49.334387+00:00,,,,,,,,
2026-07-12T06:48:07.816246+00:00,spot_2,Spot 2,Empty,2026-07-12T03:02:26.651924+00:00,,,,,,,,
2026-07-12T06:48:07.816246+00:00,spot_3,Spot 3,Empty,2026-07-12T03:02:26.651934+00:00,,,,,,,,
2026-07-12T06:48:07.816246+00:00,spot_4,Spot 4,Empty,2026-07-12T03:02:26.651943+00:00,,,,,,,,
2026-07-12T06:48:07.816246+00:00,spot_5,Spot 5,Empty,2026-07-12T03:16:20.075827+00:00,,,,,,,,
2026-07-12T06:48:07.816246+00:00,spot_6,Spot 6,Empty,2026-07-12T03:02:26.651957+00:00,,,,,,,,
2026-07-12T06:48:07.816246+00:00,spot_7,Spot 7,Empty,2026-07-12T03:02:26.651964+00:00,,,,,,,,
2026-07-12T06:48:07.816246+00:00,spot_8,Spot 8,Empty,2026-07-12T06:32:56.667756+00:00,,,,,,,,
2026-07-12T06:48:07.816246+00:00,spot_9,Spot 9,Empty,2026-07-12T03:02:26.651977+00:00,,,,,,,,
2026-07-12T06:48:07.816246+00:00,spot_10,Spot 10,Empty,2026-07-12T03:06:19.142482+00:00,,,,,,,,
2026-07-12T06:48:07.816246+00:00,spot_11,Spot 11,Empty,2026-07-12T03:03:18.523817+00:00,,,,,,,,
2026-07-12T06:48:07.816246+00:00,spot_12,Spot 12,Empty,2026-07-12T03:22:19.442603+00:00,,,,,,,,
2026-07-12T06:48:07.816246+00:00,spot_13,Spot 13,Empty,2026-07-12T04:34:19.150717+00:00,,,,,,,,
2026-07-12T06:48:07.816246+00:00,spot_14,Spot 14,Empty,2026-07-12T06:32:56.667756+00:00,,,,,,,,
2026-07-12T06:48:07.816246+00:00,spot_15,Spot 15,Empty,2026-07-12T03:02:26.652017+00:00,,,,,,,,
2026-07-12T06:48:07.816246+00:00,spot_16,Spot 16,Empty,2026-07-12T03:02:26.652024+00:00,,,,,,,,
2026-07-12T06:48:07.816246+00:00,spot_17,Spot 17,Empty,2026-07-12T03:02:26.652031+00:00,,,,,,,,
2026-07-12T06:48:59.829559+00:00,spot_1,Spot 1,Empty,2026-07-12T06:30:49.334387+00:00,,,,,,,,
2026-07-12T06:48:59.829559+00:00,spot_2,Spot 2,Empty,2026-07-12T03:02:26.651924+00:00,,,,,,,,
2026-07-12T06:48:59.829559+00:00,spot_3,Spot 3,Empty,2026-07-12T03:02:26.651934+00:00,,,,,,,,
2026-07-12T06:48:59.829559+00:00,spot_4,Spot 4,Empty,2026-07-12T03:02:26.651943+00:00,,,,,,,,
2026-07-12T06:48:59.829559+00:00,spot_5,Spot 5,Empty,2026-07-12T03:16:20.075827+00:00,,,,,,,,
2026-07-12T06:48:59.829559+00:00,spot_6,Spot 6,Empty,2026-07-12T03:02:26.651957+00:00,,,,,,,,
2026-07-12T06:48:59.829559+00:00,spot_7,Spot 7,Empty,2026-07-12T03:02:26.651964+00:00,,,,,,,,
2026-07-12T06:48:59.829559+00:00,spot_8,Spot 8,Empty,2026-07-12T06:32:56.667756+00:00,,,,,,,,
2026-07-12T06:48:59.829559+00:00,spot_9,Spot 9,Empty,2026-07-12T03:02:26.651977+00:00,,,,,,,,
2026-07-12T06:48:59.829559+00:00,spot_10,Spot 10,Empty,2026-07-12T03:06:19.142482+00:00,,,,,,,,
2026-07-12T06:48:59.829559+00:00,spot_11,Spot 11,Empty,2026-07-12T03:03:18.523817+00:00,,,,,,,,
2026-07-12T06:48:59.829559+00:00,spot_12,Spot 12,Empty,2026-07-12T03:22:19.442603+00:00,,,,,,,,
2026-07-12T06:48:59.829559+00:00,spot_13,Spot 13,Empty,2026-07-12T04:34:19.150717+00:00,,,,,,,,
2026-07-12T06:48:59.829559+00:00,spot_14,Spot 14,Empty,2026-07-12T06:32:56.667756+00:00,,,,,,,,
2026-07-12T06:48:59.829559+00:00,spot_15,Spot 15,Empty,2026-07-12T03:02:26.652017+00:00,,,,,,,,
2026-07-12T06:48:59.829559+00:00,spot_16,Spot 16,Empty,2026-07-12T03:02:26.652024+00:00,,,,,,,,
2026-07-12T06:48:59.829559+00:00,spot_17,Spot 17,Empty,2026-07-12T03:02:26.652031+00:00,,,,,,,,
2026-07-12T06:49:51.595426+00:00,spot_1,Spot 1,Empty,2026-07-12T06:30:49.334387+00:00,,,,,,,,
2026-07-12T06:49:51.595426+00:00,spot_2,Spot 2,Empty,2026-07-12T03:02:26.651924+00:00,,,,,,,,
2026-07-12T06:49:51.595426+00:00,spot_3,Spot 3,Empty,2026-07-12T03:02:26.651934+00:00,,,,,,,,
2026-07-12T06:49:51.595426+00:00,spot_4,Spot 4,Empty,2026-07-12T03:02:26.651943+00:00,,,,,,,,
2026-07-12T06:49:51.595426+00:00,spot_5,Spot 5,Empty,2026-07-12T03:16:20.075827+00:00,,,,,,,,
2026-07-12T06:49:51.595426+00:00,spot_6,Spot 6,Empty,2026-07-12T03:02:26.651957+00:00,,,,,,,,
2026-07-12T06:49:51.595426+00:00,spot_7,Spot 7,Empty,2026-07-12T03:02:26.651964+00:00,,,,,,,,
2026-07-12T06:49:51.595426+00:00,spot_8,Spot 8,Empty,2026-07-12T06:32:56.667756+00:00,,,,,,,,
2026-07-12T06:49:51.595426+00:00,spot_9,Spot 9,Empty,2026-07-12T03:02:26.651977+00:00,,,,,,,,
2026-07-12T06:49:51.595426+00:00,spot_10,Spot 10,Empty,2026-07-12T03:06:19.142482+00:00,,,,,,,,
2026-07-12T06:49:51.595426+00:00,spot_11,Spot 11,Empty,2026-07-12T03:03:18.523817+00:00,,,,,,,,
2026-07-12T06:49:51.595426+00:00,spot_12,Spot 12,Empty,2026-07-12T03:22:19.442603+00:00,,,,,,,,
2026-07-12T06:49:51.595426+00:00,spot_13,Spot 13,Empty,2026-07-12T04:34:19.150717+00:00,,,,,,,,
2026-07-12T06:49:51.595426+00:00,spot_14,Spot 14,Empty,2026-07-12T06:32:56.667756+00:00,,,,,,,,
2026-07-12T06:49:51.595426+00:00,spot_15,Spot 15,Empty,2026-07-12T03:02:26.652017+00:00,,,,,,,,
2026-07-12T06:49:51.595426+00:00,spot_16,Spot 16,Empty,2026-07-12T03:02:26.652024+00:00,,,,,,,,
2026-07-12T06:49:51.595426+00:00,spot_17,Spot 17,Empty,2026-07-12T03:02:26.652031+00:00,,,,,,,,
2026-07-12T06:50:49.082026+00:00,spot_1,Spot 1,Empty,2026-07-12T06:30:49.334387+00:00,,,,,,,,
2026-07-12T06:50:49.082026+00:00,spot_2,Spot 2,Empty,2026-07-12T03:02:26.651924+00:00,,,,,,,,
2026-07-12T06:50:49.082026+00:00,spot_3,Spot 3,Empty,2026-07-12T03:02:26.651934+00:00,,,,,,,,
2026-07-12T06:50:49.082026+00:00,spot_4,Spot 4,Empty,2026-07-12T03:02:26.651943+00:00,,,,,,,,
2026-07-12T06:50:49.082026+00:00,spot_5,Spot 5,Empty,2026-07-12T03:16:20.075827+00:00,,,,,,,,
2026-07-12T06:50:49.082026+00:00,spot_6,Spot 6,Empty,2026-07-12T03:02:26.651957+00:00,,,,,,,,
2026-07-12T06:50:49.082026+00:00,spot_7,Spot 7,Empty,2026-07-12T03:02:26.651964+00:00,,,,,,,,
2026-07-12T06:50:49.082026+00:00,spot_8,Spot 8,Empty,2026-07-12T06:32:56.667756+00:00,,,,,,,,
2026-07-12T06:50:49.082026+00:00,spot_9,Spot 9,Empty,2026-07-12T03:02:26.651977+00:00,,,,,,,,
2026-07-12T06:50:49.082026+00:00,spot_10,Spot 10,Empty,2026-07-12T03:06:19.142482+00:00,,,,,,,,
2026-07-12T06:50:49.082026+00:00,spot_11,Spot 11,Empty,2026-07-12T03:03:18.523817+00:00,,,,,,,,
2026-07-12T06:50:49.082026+00:00,spot_12,Spot 12,Empty,2026-07-12T03:22:19.442603+00:00,,,,,,,,
2026-07-12T06:50:49.082026+00:00,spot_13,Spot 13,Empty,2026-07-12T04:34:19.150717+00:00,,,,,,,,
2026-07-12T06:50:49.082026+00:00,spot_14,Spot 14,Empty,2026-07-12T06:32:56.667756+00:00,,,,,,,,
2026-07-12T06:50:49.082026+00:00,spot_15,Spot 15,Empty,2026-07-12T03:02:26.652017+00:00,,,,,,,,
2026-07-12T06:50:49.082026+00:00,spot_16,Spot 16,Empty,2026-07-12T03:02:26.652024+00:00,,,,,,,,
2026-07-12T06:50:49.082026+00:00,spot_17,Spot 17,Empty,2026-07-12T03:02:26.652031+00:00,,,,,,,,
2026-07-12T06:51:35.306041+00:00,spot_1,Spot 1,Empty,2026-07-12T06:30:49.334387+00:00,,,,,,,,
2026-07-12T06:51:35.306041+00:00,spot_2,Spot 2,Empty,2026-07-12T03:02:26.651924+00:00,,,,,,,,
2026-07-12T06:51:35.306041+00:00,spot_3,Spot 3,Empty,2026-07-12T03:02:26.651934+00:00,,,,,,,,
2026-07-12T06:51:35.306041+00:00,spot_4,Spot 4,Empty,2026-07-12T03:02:26.651943+00:00,,,,,,,,
2026-07-12T06:51:35.306041+00:00,spot_5,Spot 5,Empty,2026-07-12T03:16:20.075827+00:00,,,,,,,,
2026-07-12T06:51:35.306041+00:00,spot_6,Spot 6,Empty,2026-07-12T03:02:26.651957+00:00,,,,,,,,
2026-07-12T06:51:35.306041+00:00,spot_7,Spot 7,Empty,2026-07-12T03:02:26.651964+00:00,,,,,,,,
2026-07-12T06:51:35.306041+00:00,spot_8,Spot 8,Empty,2026-07-12T06:32:56.667756+00:00,,,,,,,,
2026-07-12T06:51:35.306041+00:00,spot_9,Spot 9,Empty,2026-07-12T03:02:26.651977+00:00,,,,,,,,
2026-07-12T06:51:35.306041+00:00,spot_10,Spot 10,Empty,2026-07-12T03:06:19.142482+00:00,,,,,,,,
2026-07-12T06:51:35.306041+00:00,spot_11,Spot 11,Empty,2026-07-12T03:03:18.523817+00:00,,,,,,,,
2026-07-12T06:51:35.306041+00:00,spot_12,Spot 12,Empty,2026-07-12T03:22:19.442603+00:00,,,,,,,,
2026-07-12T06:51:35.306041+00:00,spot_13,Spot 13,Empty,2026-07-12T04:34:19.150717+00:00,,,,,,,,
2026-07-12T06:51:35.306041+00:00,spot_14,Spot 14,Empty,2026-07-12T06:32:56.667756+00:00,,,,,,,,
2026-07-12T06:51:35.306041+00:00,spot_15,Spot 15,Empty,2026-07-12T03:02:26.652017+00:00,,,,,,,,
2026-07-12T06:51:35.306041+00:00,spot_16,Spot 16,Empty,2026-07-12T03:02:26.652024+00:00,,,,,,,,
2026-07-12T06:51:35.306041+00:00,spot_17,Spot 17,Empty,2026-07-12T03:02:26.652031+00:00,,,,,,,,
2026-07-12T06:52:26.398751+00:00,spot_1,Spot 1,Empty,2026-07-12T06:30:49.334387+00:00,,,,,,,,
2026-07-12T06:52:26.398751+00:00,spot_2,Spot 2,Empty,2026-07-12T03:02:26.651924+00:00,,,,,,,,
2026-07-12T06:52:26.398751+00:00,spot_3,Spot 3,Empty,2026-07-12T03:02:26.651934+00:00,,,,,,,,
2026-07-12T06:52:26.398751+00:00,spot_4,Spot 4,Empty,2026-07-12T03:02:26.651943+00:00,,,,,,,,
2026-07-12T06:52:26.398751+00:00,spot_5,Spot 5,Empty,2026-07-12T03:16:20.075827+00:00,,,,,,,,
2026-07-12T06:52:26.398751+00:00,spot_6,Spot 6,Empty,2026-07-12T03:02:26.651957+00:00,,,,,,,,
2026-07-12T06:52:26.398751+00:00,spot_7,Spot 7,Empty,2026-07-12T03:02:26.651964+00:00,,,,,,,,
2026-07-12T06:52:26.398751+00:00,spot_8,Spot 8,Empty,2026-07-12T06:32:56.667756+00:00,,,,,,,,
2026-07-12T06:52:26.398751+00:00,spot_9,Spot 9,Empty,2026-07-12T03:02:26.651977+00:00,,,,,,,,
2026-07-12T06:52:26.398751+00:00,spot_10,Spot 10,Empty,2026-07-12T03:06:19.142482+00:00,,,,,,,,
2026-07-12T06:52:26.398751+00:00,spot_11,Spot 11,Empty,2026-07-12T03:03:18.523817+00:00,,,,,,,,
2026-07-12T06:52:26.398751+00:00,spot_12,Spot 12,Empty,2026-07-12T03:22:19.442603+00:00,,,,,,,,
2026-07-12T06:52:26.398751+00:00,spot_13,Spot 13,Empty,2026-07-12T04:34:19.150717+00:00,,,,,,,,
2026-07-12T06:52:26.398751+00:00,spot_14,Spot 14,Empty,2026-07-12T06:32:56.667756+00:00,,,,,,,,
2026-07-12T06:52:26.398751+00:00,spot_15,Spot 15,Empty,2026-07-12T03:02:26.652017+00:00,,,,,,,,
2026-07-12T06:52:26.398751+00:00,spot_16,Spot 16,Empty,2026-07-12T03:02:26.652024+00:00,,,,,,,,
2026-07-12T06:52:26.398751+00:00,spot_17,Spot 17,Empty,2026-07-12T03:02:26.652031+00:00,,,,,,,,
2026-07-12T06:53:23.072808+00:00,spot_1,Spot 1,Empty,2026-07-12T06:30:49.334387+00:00,,,,,,,,
2026-07-12T06:53:23.072808+00:00,spot_2,Spot 2,Empty,2026-07-12T03:02:26.651924+00:00,,,,,,,,
2026-07-12T06:53:23.072808+00:00,spot_3,Spot 3,Empty,2026-07-12T03:02:26.651934+00:00,,,,,,,,
2026-07-12T06:53:23.072808+00:00,spot_4,Spot 4,Empty,2026-07-12T03:02:26.651943+00:00,,,,,,,,
2026-07-12T06:53:23.072808+00:00,spot_5,Spot 5,Empty,2026-07-12T03:16:20.075827+00:00,,,,,,,,
2026-07-12T06:53:23.072808+00:00,spot_6,Spot 6,Empty,2026-07-12T03:02:26.651957+00:00,,,,,,,,
2026-07-12T06:53:23.072808+00:00,spot_7,Spot 7,Empty,2026-07-12T03:02:26.651964+00:00,,,,,,,,
2026-07-12T06:53:23.072808+00:00,spot_8,Spot 8,Empty,2026-07-12T06:32:56.667756+00:00,,,,,,,,
2026-07-12T06:53:23.072808+00:00,spot_9,Spot 9,Empty,2026-07-12T03:02:26.651977+00:00,,,,,,,,
2026-07-12T06:53:23.072808+00:00,spot_10,Spot 10,Empty,2026-07-12T03:06:19.142482+00:00,,,,,,,,
2026-07-12T06:53:23.072808+00:00,spot_11,Spot 11,Empty,2026-07-12T03:03:18.523817+00:00,,,,,,,,
2026-07-12T06:53:23.072808+00:00,spot_12,Spot 12,Empty,2026-07-12T03:22:19.442603+00:00,,,,,,,,
2026-07-12T06:53:23.072808+00:00,spot_13,Spot 13,Empty,2026-07-12T04:34:19.150717+00:00,,,,,,,,
2026-07-12T06:53:23.072808+00:00,spot_14,Spot 14,Empty,2026-07-12T06:32:56.667756+00:00,,,,,,,,
2026-07-12T06:53:23.072808+00:00,spot_15,Spot 15,Empty,2026-07-12T03:02:26.652017+00:00,,,,,,,,
2026-07-12T06:53:23.072808+00:00,spot_16,Spot 16,Empty,2026-07-12T03:02:26.652024+00:00,,,,,,,,
2026-07-12T06:53:23.072808+00:00,spot_17,Spot 17,Empty,2026-07-12T03:02:26.652031+00:00,,,,,,,,
2026-07-12T06:56:43.417841+00:00,spot_1,Spot 1,Empty,2026-07-12T06:30:49.334387+00:00,,,,,,,,
2026-07-12T06:56:43.417841+00:00,spot_2,Spot 2,Empty,2026-07-12T03:02:26.651924+00:00,,,,,,,,
2026-07-12T06:56:43.417841+00:00,spot_3,Spot 3,Empty,2026-07-12T03:02:26.651934+00:00,,,,,,,,
2026-07-12T06:56:43.417841+00:00,spot_4,Spot 4,Empty,2026-07-12T03:02:26.651943+00:00,,,,,,,,
2026-07-12T06:56:43.417841+00:00,spot_5,Spot 5,Empty,2026-07-12T03:16:20.075827+00:00,,,,,,,,
2026-07-12T06:56:43.417841+00:00,spot_6,Spot 6,Empty,2026-07-12T03:02:26.651957+00:00,,,,,,,,
2026-07-12T06:56:43.417841+00:00,spot_7,Spot 7,Empty,2026-07-12T03:02:26.651964+00:00,,,,,,,,
2026-07-12T06:56:43.417841+00:00,spot_8,Spot 8,Empty,2026-07-12T06:32:56.667756+00:00,,,,,,,,
2026-07-12T06:56:43.417841+00:00,spot_9,Spot 9,Empty,2026-07-12T03:02:26.651977+00:00,,,,,,,,
2026-07-12T06:56:43.417841+00:00,spot_10,Spot 10,Empty,2026-07-12T03:06:19.142482+00:00,,,,,,,,
2026-07-12T06:56:43.417841+00:00,spot_11,Spot 11,Empty,2026-07-12T03:03:18.523817+00:00,,,,,,,,
2026-07-12T06:56:43.417841+00:00,spot_12,Spot 12,Empty,2026-07-12T03:22:19.442603+00:00,,,,,,,,
2026-07-12T06:56:43.417841+00:00,spot_13,Spot 13,Empty,2026-07-12T04:34:19.150717+00:00,,,,,,,,
2026-07-12T06:56:43.417841+00:00,spot_14,Spot 14,Empty,2026-07-12T06:32:56.667756+00:00,,,,,,,,
2026-07-12T06:56:43.417841+00:00,spot_15,Spot 15,Empty,2026-07-12T03:02:26.652017+00:00,,,,,,,,
2026-07-12T06:56:43.417841+00:00,spot_16,Spot 16,Empty,2026-07-12T03:02:26.652024+00:00,,,,,,,,
2026-07-12T06:56:43.417841+00:00,spot_17,Spot 17,Empty,2026-07-12T03:02:26.652031+00:00,,,,,,,,
2026-07-12T06:57:49.226870+00:00,spot_1,Spot 1,Empty,2026-07-12T06:30:49.334387+00:00,,,,,,,,
2026-07-12T06:57:49.226870+00:00,spot_2,Spot 2,Empty,2026-07-12T03:02:26.651924+00:00,,,,,,,,
2026-07-12T06:57:49.226870+00:00,spot_3,Spot 3,Empty,2026-07-12T03:02:26.651934+00:00,,,,,,,,
2026-07-12T06:57:49.226870+00:00,spot_4,Spot 4,Empty,2026-07-12T03:02:26.651943+00:00,,,,,,,,
2026-07-12T06:57:49.226870+00:00,spot_5,Spot 5,Empty,2026-07-12T03:16:20.075827+00:00,,,,,,,,
2026-07-12T06:57:49.226870+00:00,spot_6,Spot 6,Empty,2026-07-12T03:02:26.651957+00:00,,,,,,,,
2026-07-12T06:57:49.226870+00:00,spot_7,Spot 7,Empty,2026-07-12T03:02:26.651964+00:00,,,,,,,,
2026-07-12T06:57:49.226870+00:00,spot_8,Spot 8,Empty,2026-07-12T06:32:56.667756+00:00,,,,,,,,
2026-07-12T06:57:49.226870+00:00,spot_9,Spot 9,Empty,2026-07-12T03:02:26.651977+00:00,,,,,,,,
2026-07-12T06:57:49.226870+00:00,spot_10,Spot 10,Empty,2026-07-12T03:06:19.142482+00:00,,,,,,,,
2026-07-12T06:57:49.226870+00:00,spot_11,Spot 11,Empty,2026-07-12T03:03:18.523817+00:00,,,,,,,,
2026-07-12T06:57:49.226870+00:00,spot_12,Spot 12,Empty,2026-07-12T03:22:19.442603+00:00,,,,,,,,
2026-07-12T06:57:49.226870+00:00,spot_13,Spot 13,Empty,2026-07-12T04:34:19.150717+00:00,,,,,,,,
2026-07-12T06:57:49.226870+00:00,spot_14,Spot 14,Empty,2026-07-12T06:32:56.667756+00:00,,,,,,,,
2026-07-12T06:57:49.226870+00:00,spot_15,Spot 15,Empty,2026-07-12T03:02:26.652017+00:00,,,,,,,,
2026-07-12T06:57:49.226870+00:00,spot_16,Spot 16,Empty,2026-07-12T03:02:26.652024+00:00,,,,,,,,
2026-07-12T06:57:49.226870+00:00,spot_17,Spot 17,Empty,2026-07-12T03:02:26.652031+00:00,,,,,,,,
2026-07-12T06:58:42.532598+00:00,spot_1,Spot 1,Empty,2026-07-12T06:30:49.334387+00:00,,,,,,,,
2026-07-12T06:58:42.532598+00:00,spot_2,Spot 2,Empty,2026-07-12T03:02:26.651924+00:00,,,,,,,,
2026-07-12T06:58:42.532598+00:00,spot_3,Spot 3,Empty,2026-07-12T03:02:26.651934+00:00,,,,,,,,
2026-07-12T06:58:42.532598+00:00,spot_4,Spot 4,Empty,2026-07-12T03:02:26.651943+00:00,,,,,,,,
2026-07-12T06:58:42.532598+00:00,spot_5,Spot 5,Empty,2026-07-12T03:16:20.075827+00:00,,,,,,,,
2026-07-12T06:58:42.532598+00:00,spot_6,Spot 6,Empty,2026-07-12T03:02:26.651957+00:00,,,,,,,,
2026-07-12T06:58:42.532598+00:00,spot_7,Spot 7,Empty,2026-07-12T03:02:26.651964+00:00,,,,,,,,
2026-07-12T06:58:42.532598+00:00,spot_8,Spot 8,Empty,2026-07-12T06:32:56.667756+00:00,,,,,,,,
2026-07-12T06:58:42.532598+00:00,spot_9,Spot 9,Empty,2026-07-12T03:02:26.651977+00:00,,,,,,,,
2026-07-12T06:58:42.532598+00:00,spot_10,Spot 10,Empty,2026-07-12T03:06:19.142482+00:00,,,,,,,,
2026-07-12T06:58:42.532598+00:00,spot_11,Spot 11,Empty,2026-07-12T03:03:18.523817+00:00,,,,,,,,
2026-07-12T06:58:42.532598+00:00,spot_12,Spot 12,Empty,2026-07-12T03:22:19.442603+00:00,,,,,,,,
2026-07-12T06:58:42.532598+00:00,spot_13,Spot 13,Empty,2026-07-12T04:34:19.150717+00:00,,,,,,,,
2026-07-12T06:58:42.532598+00:00,spot_14,Spot 14,Empty,2026-07-12T06:32:56.667756+00:00,,,,,,,,
2026-07-12T06:58:42.532598+00:00,spot_15,Spot 15,Empty,2026-07-12T03:02:26.652017+00:00,,,,,,,,
2026-07-12T06:58:42.532598+00:00,spot_16,Spot 16,Empty,2026-07-12T03:02:26.652024+00:00,,,,,,,,
2026-07-12T06:58:42.532598+00:00,spot_17,Spot 17,Empty,2026-07-12T03:02:26.652031+00:00,,,,,,,,
2026-07-12T06:59:41.654554+00:00,spot_1,Spot 1,Empty,2026-07-12T06:30:49.334387+00:00,,,,,,,,
2026-07-12T06:59:41.654554+00:00,spot_2,Spot 2,Empty,2026-07-12T03:02:26.651924+00:00,,,,,,,,
2026-07-12T06:59:41.654554+00:00,spot_3,Spot 3,Empty,2026-07-12T03:02:26.651934+00:00,,,,,,,,
2026-07-12T06:59:41.654554+00:00,spot_4,Spot 4,Empty,2026-07-12T03:02:26.651943+00:00,,,,,,,,
2026-07-12T06:59:41.654554+00:00,spot_5,Spot 5,Empty,2026-07-12T03:16:20.075827+00:00,,,,,,,,
2026-07-12T06:59:41.654554+00:00,spot_6,Spot 6,Empty,2026-07-12T03:02:26.651957+00:00,,,,,,,,
2026-07-12T06:59:41.654554+00:00,spot_7,Spot 7,Empty,2026-07-12T03:02:26.651964+00:00,,,,,,,,
2026-07-12T06:59:41.654554+00:00,spot_8,Spot 8,Empty,2026-07-12T06:32:56.667756+00:00,,,,,,,,
2026-07-12T06:59:41.654554+00:00,spot_9,Spot 9,Empty,2026-07-12T03:02:26.651977+00:00,,,,,,,,
2026-07-12T06:59:41.654554+00:00,spot_10,Spot 10,Empty,2026-07-12T03:06:19.142482+00:00,,,,,,,,
2026-07-12T06:59:41.654554+00:00,spot_11,Spot 11,Empty,2026-07-12T03:03:18.523817+00:00,,,,,,,,
2026-07-12T06:59:41.654554+00:00,spot_12,Spot 12,Empty,2026-07-12T03:22:19.442603+00:00,,,,,,,,
2026-07-12T06:59:41.654554+00:00,spot_13,Spot 13,Empty,2026-07-12T04:34:19.150717+00:00,,,,,,,,
2026-07-12T06:59:41.654554+00:00,spot_14,Spot 14,Empty,2026-07-12T06:32:56.667756+00:00,,,,,,,,
2026-07-12T06:59:41.654554+00:00,spot_15,Spot 15,Empty,2026-07-12T03:02:26.652017+00:00,,,,,,,,
2026-07-12T06:59:41.654554+00:00,spot_16,Spot 16,Empty,2026-07-12T03:02:26.652024+00:00,,,,,,,,
2026-07-12T06:59:41.654554+00:00,spot_17,Spot 17,Empty,2026-07-12T03:02:26.652031+00:00,,,,,,,,
2026-07-12T07:00:40.586584+00:00,spot_1,Spot 1,Empty,2026-07-12T06:30:49.334387+00:00,,,,,,,,
2026-07-12T07:00:40.586584+00:00,spot_2,Spot 2,Empty,2026-07-12T03:02:26.651924+00:00,,,,,,,,
2026-07-12T07:00:40.586584+00:00,spot_3,Spot 3,Empty,2026-07-12T03:02:26.651934+00:00,,,,,,,,
2026-07-12T07:00:40.586584+00:00,spot_4,Spot 4,Empty,2026-07-12T03:02:26.651943+00:00,,,,,,,,
2026-07-12T07:00:40.586584+00:00,spot_5,Spot 5,Empty,2026-07-12T03:16:20.075827+00:00,,,,,,,,
2026-07-12T07:00:40.586584+00:00,spot_6,Spot 6,Empty,2026-07-12T03:02:26.651957+00:00,,,,,,,,
2026-07-12T07:00:40.586584+00:00,spot_7,Spot 7,Empty,2026-07-12T03:02:26.651964+00:00,,,,,,,,
2026-07-12T07:00:40.586584+00:00,spot_8,Spot 8,Empty,2026-07-12T06:32:56.667756+00:00,,,,,,,,
2026-07-12T07:00:40.586584+00:00,spot_9,Spot 9,Empty,2026-07-12T03:02:26.651977+00:00,,,,,,,,
2026-07-12T07:00:40.586584+00:00,spot_10,Spot 10,Empty,2026-07-12T03:06:19.142482+00:00,,,,,,,,
2026-07-12T07:00:40.586584+00:00,spot_11,Spot 11,Empty,2026-07-12T03:03:18.523817+00:00,,,,,,,,
2026-07-12T07:00:40.586584+00:00,spot_12,Spot 12,Empty,2026-07-12T03:22:19.442603+00:00,,,,,,,,
2026-07-12T07:00:40.586584+00:00,spot_13,Spot 13,Empty,2026-07-12T04:34:19.150717+00:00,,,,,,,,
2026-07-12T07:00:40.586584+00:00,spot_14,Spot 14,Empty,2026-07-12T06:32:56.667756+00:00,,,,,,,,
2026-07-12T07:00:40.586584+00:00,spot_15,Spot 15,Empty,2026-07-12T03:02:26.652017+00:00,,,,,,,,
2026-07-12T07:00:40.586584+00:00,spot_16,Spot 16,Empty,2026-07-12T03:02:26.652024+00:00,,,,,,,,
2026-07-12T07:00:40.586584+00:00,spot_17,Spot 17,Empty,2026-07-12T03:02:26.652031+00:00,,,,,,,,
2026-07-12T07:01:38.382562+00:00,spot_1,Spot 1,Empty,2026-07-12T06:30:49.334387+00:00,,,,,,,,
2026-07-12T07:01:38.382562+00:00,spot_2,Spot 2,Empty,2026-07-12T03:02:26.651924+00:00,,,,,,,,
2026-07-12T07:01:38.382562+00:00,spot_3,Spot 3,Empty,2026-07-12T03:02:26.651934+00:00,,,,,,,,
2026-07-12T07:01:38.382562+00:00,spot_4,Spot 4,Empty,2026-07-12T03:02:26.651943+00:00,,,,,,,,
2026-07-12T07:01:38.382562+00:00,spot_5,Spot 5,Empty,2026-07-12T03:16:20.075827+00:00,,,,,,,,
2026-07-12T07:01:38.382562+00:00,spot_6,Spot 6,Empty,2026-07-12T03:02:26.651957+00:00,,,,,,,,
2026-07-12T07:01:38.382562+00:00,spot_7,Spot 7,Empty,2026-07-12T03:02:26.651964+00:00,,,,,,,,
2026-07-12T07:01:38.382562+00:00,spot_8,Spot 8,Empty,2026-07-12T06:32:56.667756+00:00,,,,,,,,
2026-07-12T07:01:38.382562+00:00,spot_9,Spot 9,Empty,2026-07-12T03:02:26.651977+00:00,,,,,,,,
2026-07-12T07:01:38.382562+00:00,spot_10,Spot 10,Empty,2026-07-12T03:06:19.142482+00:00,,,,,,,,
2026-07-12T07:01:38.382562+00:00,spot_11,Spot 11,Empty,2026-07-12T03:03:18.523817+00:00,,,,,,,,
2026-07-12T07:01:38.382562+00:00,spot_12,Spot 12,Empty,2026-07-12T03:22:19.442603+00:00,,,,,,,,
2026-07-12T07:01:38.382562+00:00,spot_13,Spot 13,Empty,2026-07-12T04:34:19.150717+00:00,,,,,,,,
2026-07-12T07:01:38.382562+00:00,spot_14,Spot 14,Empty,2026-07-12T06:32:56.667756+00:00,,,,,,,,
2026-07-12T07:01:38.382562+00:00,spot_15,Spot 15,Empty,2026-07-12T03:02:26.652017+00:00,,,,,,,,
2026-07-12T07:01:38.382562+00:00,spot_16,Spot 16,Empty,2026-07-12T03:02:26.652024+00:00,,,,,,,,
2026-07-12T07:01:38.382562+00:00,spot_17,Spot 17,Empty,2026-07-12T03:02:26.652031+00:00,,,,,,,,
2026-07-12T07:02:45.369661+00:00,spot_1,Spot 1,Empty,2026-07-12T06:30:49.334387+00:00,,,,,,,,
2026-07-12T07:02:45.369661+00:00,spot_2,Spot 2,Empty,2026-07-12T03:02:26.651924+00:00,,,,,,,,
2026-07-12T07:02:45.369661+00:00,spot_3,Spot 3,Empty,2026-07-12T03:02:26.651934+00:00,,,,,,,,
2026-07-12T07:02:45.369661+00:00,spot_4,Spot 4,Empty,2026-07-12T03:02:26.651943+00:00,,,,,,,,
2026-07-12T07:02:45.369661+00:00,spot_5,Spot 5,Empty,2026-07-12T03:16:20.075827+00:00,,,,,,,,
2026-07-12T07:02:45.369661+00:00,spot_6,Spot 6,Empty,2026-07-12T03:02:26.651957+00:00,,,,,,,,
2026-07-12T07:02:45.369661+00:00,spot_7,Spot 7,Empty,2026-07-12T03:02:26.651964+00:00,,,,,,,,
2026-07-12T07:02:45.369661+00:00,spot_8,Spot 8,Empty,2026-07-12T06:32:56.667756+00:00,,,,,,,,
2026-07-12T07:02:45.369661+00:00,spot_9,Spot 9,Empty,2026-07-12T03:02:26.651977+00:00,,,,,,,,
2026-07-12T07:02:45.369661+00:00,spot_10,Spot 10,Empty,2026-07-12T03:06:19.142482+00:00,,,,,,,,
2026-07-12T07:02:45.369661+00:00,spot_11,Spot 11,Empty,2026-07-12T03:03:18.523817+00:00,,,,,,,,
2026-07-12T07:02:45.369661+00:00,spot_12,Spot 12,Empty,2026-07-12T03:22:19.442603+00:00,,,,,,,,
2026-07-12T07:02:45.369661+00:00,spot_13,Spot 13,Empty,2026-07-12T04:34:19.150717+00:00,,,,,,,,
2026-07-12T07:02:45.369661+00:00,spot_14,Spot 14,Empty,2026-07-12T06:32:56.667756+00:00,,,,,,,,
2026-07-12T07:02:45.369661+00:00,spot_15,Spot 15,Empty,2026-07-12T03:02:26.652017+00:00,,,,,,,,
2026-07-12T07:02:45.369661+00:00,spot_16,Spot 16,Empty,2026-07-12T03:02:26.652024+00:00,,,,,,,,
2026-07-12T07:02:45.369661+00:00,spot_17,Spot 17,Empty,2026-07-12T03:02:26.652031+00:00,,,,,,,,
2026-07-12T07:04:11.994767+00:00,spot_1,Spot 1,Empty,2026-07-12T06:30:49.334387+00:00,,,,,,,,
2026-07-12T07:04:11.994767+00:00,spot_2,Spot 2,Empty,2026-07-12T03:02:26.651924+00:00,,,,,,,,
2026-07-12T07:04:11.994767+00:00,spot_3,Spot 3,Empty,2026-07-12T03:02:26.651934+00:00,,,,,,,,
2026-07-12T07:04:11.994767+00:00,spot_4,Spot 4,Empty,2026-07-12T03:02:26.651943+00:00,,,,,,,,
2026-07-12T07:04:11.994767+00:00,spot_5,Spot 5,Empty,2026-07-12T03:16:20.075827+00:00,,,,,,,,
2026-07-12T07:04:11.994767+00:00,spot_6,Spot 6,Empty,2026-07-12T03:02:26.651957+00:00,,,,,,,,
2026-07-12T07:04:11.994767+00:00,spot_7,Spot 7,Empty,2026-07-12T03:02:26.651964+00:00,,,,,,,,
2026-07-12T07:04:11.994767+00:00,spot_8,Spot 8,Empty,2026-07-12T06:32:56.667756+00:00,,,,,,,,
2026-07-12T07:04:11.994767+00:00,spot_9,Spot 9,Empty,2026-07-12T03:02:26.651977+00:00,,,,,,,,
2026-07-12T07:04:11.994767+00:00,spot_10,Spot 10,Empty,2026-07-12T03:06:19.142482+00:00,,,,,,,,
2026-07-12T07:04:11.994767+00:00,spot_11,Spot 11,Empty,2026-07-12T03:03:18.523817+00:00,,,,,,,,
2026-07-12T07:04:11.994767+00:00,spot_12,Spot 12,Empty,2026-07-12T03:22:19.442603+00:00,,,,,,,,
2026-07-12T07:04:11.994767+00:00,spot_13,Spot 13,Empty,2026-07-12T04:34:19.150717+00:00,,,,,,,,
2026-07-12T07:04:11.994767+00:00,spot_14,Spot 14,Empty,2026-07-12T06:32:56.667756+00:00,,,,,,,,
2026-07-12T07:04:11.994767+00:00,spot_15,Spot 15,Empty,2026-07-12T03:02:26.652017+00:00,,,,,,,,
2026-07-12T07:04:11.994767+00:00,spot_16,Spot 16,Empty,2026-07-12T03:02:26.652024+00:00,,,,,,,,
2026-07-12T07:04:11.994767+00:00,spot_17,Spot 17,Empty,2026-07-12T03:02:26.652031+00:00,,,,,,,,
2026-07-12T07:05:37.108981+00:00,spot_1,Spot 1,Empty,2026-07-12T06:30:49.334387+00:00,,,,,,,,
2026-07-12T07:05:37.108981+00:00,spot_2,Spot 2,Empty,2026-07-12T03:02:26.651924+00:00,,,,,,,,
2026-07-12T07:05:37.108981+00:00,spot_3,Spot 3,Empty,2026-07-12T03:02:26.651934+00:00,,,,,,,,
2026-07-12T07:05:37.108981+00:00,spot_4,Spot 4,Empty,2026-07-12T03:02:26.651943+00:00,,,,,,,,
2026-07-12T07:05:37.108981+00:00,spot_5,Spot 5,Empty,2026-07-12T03:16:20.075827+00:00,,,,,,,,
2026-07-12T07:05:37.108981+00:00,spot_6,Spot 6,Empty,2026-07-12T03:02:26.651957+00:00,,,,,,,,
2026-07-12T07:05:37.108981+00:00,spot_7,Spot 7,Empty,2026-07-12T03:02:26.651964+00:00,,,,,,,,
2026-07-12T07:05:37.108981+00:00,spot_8,Spot 8,Empty,2026-07-12T06:32:56.667756+00:00,,,,,,,,
2026-07-12T07:05:37.108981+00:00,spot_9,Spot 9,Empty,2026-07-12T03:02:26.651977+00:00,,,,,,,,
2026-07-12T07:05:37.108981+00:00,spot_10,Spot 10,Empty,2026-07-12T03:06:19.142482+00:00,,,,,,,,
2026-07-12T07:05:37.108981+00:00,spot_11,Spot 11,Empty,2026-07-12T03:03:18.523817+00:00,,,,,,,,
2026-07-12T07:05:37.108981+00:00,spot_12,Spot 12,Empty,2026-07-12T03:22:19.442603+00:00,,,,,,,,
2026-07-12T07:05:37.108981+00:00,spot_13,Spot 13,Empty,2026-07-12T04:34:19.150717+00:00,,,,,,,,
2026-07-12T07:05:37.108981+00:00,spot_14,Spot 14,Empty,2026-07-12T06:32:56.667756+00:00,,,,,,,,
2026-07-12T07:05:37.108981+00:00,spot_15,Spot 15,Empty,2026-07-12T03:02:26.652017+00:00,,,,,,,,
2026-07-12T07:05:37.108981+00:00,spot_16,Spot 16,Empty,2026-07-12T03:02:26.652024+00:00,,,,,,,,
2026-07-12T07:05:37.108981+00:00,spot_17,Spot 17,Empty,2026-07-12T03:02:26.652031+00:00,,,,,,,,
2026-07-12T07:06:55.039429+00:00,spot_1,Spot 1,Empty,2026-07-12T06:30:49.334387+00:00,,,,,,,,
2026-07-12T07:06:55.039429+00:00,spot_2,Spot 2,Empty,2026-07-12T03:02:26.651924+00:00,,,,,,,,
2026-07-12T07:06:55.039429+00:00,spot_3,Spot 3,Empty,2026-07-12T03:02:26.651934+00:00,,,,,,,,
2026-07-12T07:06:55.039429+00:00,spot_4,Spot 4,Empty,2026-07-12T03:02:26.651943+00:00,,,,,,,,
2026-07-12T07:06:55.039429+00:00,spot_5,Spot 5,Empty,2026-07-12T03:16:20.075827+00:00,,,,,,,,
2026-07-12T07:06:55.039429+00:00,spot_6,Spot 6,Empty,2026-07-12T03:02:26.651957+00:00,,,,,,,,
2026-07-12T07:06:55.039429+00:00,spot_7,Spot 7,Empty,2026-07-12T03:02:26.651964+00:00,,,,,,,,
2026-07-12T07:06:55.039429+00:00,spot_8,Spot 8,Empty,2026-07-12T06:32:56.667756+00:00,,,,,,,,
2026-07-12T07:06:55.039429+00:00,spot_9,Spot 9,Empty,2026-07-12T03:02:26.651977+00:00,,,,,,,,
2026-07-12T07:06:55.039429+00:00,spot_10,Spot 10,Empty,2026-07-12T03:06:19.142482+00:00,,,,,,,,
2026-07-12T07:06:55.039429+00:00,spot_11,Spot 11,Empty,2026-07-12T03:03:18.523817+00:00,,,,,,,,
2026-07-12T07:06:55.039429+00:00,spot_12,Spot 12,Empty,2026-07-12T03:22:19.442603+00:00,,,,,,,,
2026-07-12T07:06:55.039429+00:00,spot_13,Spot 13,Empty,2026-07-12T04:34:19.150717+00:00,,,,,,,,
2026-07-12T07:06:55.039429+00:00,spot_14,Spot 14,Empty,2026-07-12T06:32:56.667756+00:00,,,,,,,,
2026-07-12T07:06:55.039429+00:00,spot_15,Spot 15,Empty,2026-07-12T03:02:26.652017+00:00,,,,,,,,
2026-07-12T07:06:55.039429+00:00,spot_16,Spot 16,Empty,2026-07-12T03:02:26.652024+00:00,,,,,,,,
2026-07-12T07:06:55.039429+00:00,spot_17,Spot 17,Empty,2026-07-12T03:02:26.652031+00:00,,,,,,,,
2026-07-12T07:08:00.683303+00:00,spot_1,Spot 1,Empty,2026-07-12T06:30:49.334387+00:00,,,,,,,,
2026-07-12T07:08:00.683303+00:00,spot_2,Spot 2,Empty,2026-07-12T03:02:26.651924+00:00,,,,,,,,
2026-07-12T07:08:00.683303+00:00,spot_3,Spot 3,Empty,2026-07-12T03:02:26.651934+00:00,,,,,,,,
2026-07-12T07:08:00.683303+00:00,spot_4,Spot 4,Empty,2026-07-12T03:02:26.651943+00:00,,,,,,,,
2026-07-12T07:08:00.683303+00:00,spot_5,Spot 5,Empty,2026-07-12T03:16:20.075827+00:00,,,,,,,,
2026-07-12T07:08:00.683303+00:00,spot_6,Spot 6,Empty,2026-07-12T03:02:26.651957+00:00,,,,,,,,
2026-07-12T07:08:00.683303+00:00,spot_7,Spot 7,Empty,2026-07-12T03:02:26.651964+00:00,,,,,,,,
2026-07-12T07:08:00.683303+00:00,spot_8,Spot 8,Empty,2026-07-12T06:32:56.667756+00:00,,,,,,,,
2026-07-12T07:08:00.683303+00:00,spot_9,Spot 9,Empty,2026-07-12T03:02:26.651977+00:00,,,,,,,,
2026-07-12T07:08:00.683303+00:00,spot_10,Spot 10,Empty,2026-07-12T03:06:19.142482+00:00,,,,,,,,
2026-07-12T07:08:00.683303+00:00,spot_11,Spot 11,Empty,2026-07-12T03:03:18.523817+00:00,,,,,,,,
2026-07-12T07:08:00.683303+00:00,spot_12,Spot 12,Empty,2026-07-12T03:22:19.442603+00:00,,,,,,,,
2026-07-12T07:08:00.683303+00:00,spot_13,Spot 13,Empty,2026-07-12T04:34:19.150717+00:00,,,,,,,,
2026-07-12T07:08:00.683303+00:00,spot_14,Spot 14,Empty,2026-07-12T06:32:56.667756+00:00,,,,,,,,
2026-07-12T07:08:00.683303+00:00,spot_15,Spot 15,Empty,2026-07-12T03:02:26.652017+00:00,,,,,,,,
2026-07-12T07:08:00.683303+00:00,spot_16,Spot 16,Empty,2026-07-12T03:02:26.652024+00:00,,,,,,,,
2026-07-12T07:08:00.683303+00:00,spot_17,Spot 17,Empty,2026-07-12T03:02:26.652031+00:00,,,,,,,,
2026-07-12T07:09:03.555771+00:00,spot_1,Spot 1,Empty,2026-07-12T06:30:49.334387+00:00,,,,,,,,
2026-07-12T07:09:03.555771+00:00,spot_2,Spot 2,Empty,2026-07-12T03:02:26.651924+00:00,,,,,,,,
2026-07-12T07:09:03.555771+00:00,spot_3,Spot 3,Empty,2026-07-12T03:02:26.651934+00:00,,,,,,,,
2026-07-12T07:09:03.555771+00:00,spot_4,Spot 4,Empty,2026-07-12T03:02:26.651943+00:00,,,,,,,,
2026-07-12T07:09:03.555771+00:00,spot_5,Spot 5,Empty,2026-07-12T03:16:20.075827+00:00,,,,,,,,
2026-07-12T07:09:03.555771+00:00,spot_6,Spot 6,Empty,2026-07-12T03:02:26.651957+00:00,,,,,,,,
2026-07-12T07:09:03.555771+00:00,spot_7,Spot 7,Empty,2026-07-12T03:02:26.651964+00:00,,,,,,,,
2026-07-12T07:09:03.555771+00:00,spot_8,Spot 8,Empty,2026-07-12T06:32:56.667756+00:00,,,,,,,,
2026-07-12T07:09:03.555771+00:00,spot_9,Spot 9,Empty,2026-07-12T03:02:26.651977+00:00,,,,,,,,
2026-07-12T07:09:03.555771+00:00,spot_10,Spot 10,Empty,2026-07-12T03:06:19.142482+00:00,,,,,,,,
2026-07-12T07:09:03.555771+00:00,spot_11,Spot 11,Empty,2026-07-12T03:03:18.523817+00:00,,,,,,,,
2026-07-12T07:09:03.555771+00:00,spot_12,Spot 12,Empty,2026-07-12T03:22:19.442603+00:00,,,,,,,,
2026-07-12T07:09:03.555771+00:00,spot_13,Spot 13,Empty,2026-07-12T04:34:19.150717+00:00,,,,,,,,
2026-07-12T07:09:03.555771+00:00,spot_14,Spot 14,Empty,2026-07-12T06:32:56.667756+00:00,,,,,,,,
2026-07-12T07:09:03.555771+00:00,spot_15,Spot 15,Empty,2026-07-12T03:02:26.652017+00:00,,,,,,,,
2026-07-12T07:09:03.555771+00:00,spot_16,Spot 16,Empty,2026-07-12T03:02:26.652024+00:00,,,,,,,,
2026-07-12T07:09:03.555771+00:00,spot_17,Spot 17,Empty,2026-07-12T03:02:26.652031+00:00,,,,,,,,
2026-07-12T07:10:05.087628+00:00,spot_1,Spot 1,Empty,2026-07-12T06:30:49.334387+00:00,,,,,,,,
2026-07-12T07:10:05.087628+00:00,spot_2,Spot 2,Empty,2026-07-12T03:02:26.651924+00:00,,,,,,,,
2026-07-12T07:10:05.087628+00:00,spot_3,Spot 3,Empty,2026-07-12T03:02:26.651934+00:00,,,,,,,,
2026-07-12T07:10:05.087628+00:00,spot_4,Spot 4,Empty,2026-07-12T03:02:26.651943+00:00,,,,,,,,
2026-07-12T07:10:05.087628+00:00,spot_5,Spot 5,Empty,2026-07-12T03:16:20.075827+00:00,,,,,,,,
2026-07-12T07:10:05.087628+00:00,spot_6,Spot 6,Empty,2026-07-12T03:02:26.651957+00:00,,,,,,,,
2026-07-12T07:10:05.087628+00:00,spot_7,Spot 7,Empty,2026-07-12T03:02:26.651964+00:00,,,,,,,,
2026-07-12T07:10:05.087628+00:00,spot_8,Spot 8,Empty,2026-07-12T06:32:56.667756+00:00,,,,,,,,
2026-07-12T07:10:05.087628+00:00,spot_9,Spot 9,Empty,2026-07-12T03:02:26.651977+00:00,,,,,,,,
2026-07-12T07:10:05.087628+00:00,spot_10,Spot 10,Empty,2026-07-12T03:06:19.142482+00:00,,,,,,,,
2026-07-12T07:10:05.087628+00:00,spot_11,Spot 11,Empty,2026-07-12T03:03:18.523817+00:00,,,,,,,,
2026-07-12T07:10:05.087628+00:00,spot_12,Spot 12,Empty,2026-07-12T03:22:19.442603+00:00,,,,,,,,
2026-07-12T07:10:05.087628+00:00,spot_13,Spot 13,Empty,2026-07-12T04:34:19.150717+00:00,,,,,,,,
2026-07-12T07:10:05.087628+00:00,spot_14,Spot 14,Empty,2026-07-12T06:32:56.667756+00:00,,,,,,,,
2026-07-12T07:10:05.087628+00:00,spot_15,Spot 15,Empty,2026-07-12T03:02:26.652017+00:00,,,,,,,,
2026-07-12T07:10:05.087628+00:00,spot_16,Spot 16,Empty,2026-07-12T03:02:26.652024+00:00,,,,,,,,
2026-07-12T07:10:05.087628+00:00,spot_17,Spot 17,Empty,2026-07-12T03:02:26.652031+00:00,,,,,,,,
2026-07-12T07:11:11.693509+00:00,spot_1,Spot 1,Empty,2026-07-12T06:30:49.334387+00:00,,,,,,,,
2026-07-12T07:11:11.693509+00:00,spot_2,Spot 2,Empty,2026-07-12T03:02:26.651924+00:00,,,,,,,,
2026-07-12T07:11:11.693509+00:00,spot_3,Spot 3,Empty,2026-07-12T03:02:26.651934+00:00,,,,,,,,
2026-07-12T07:11:11.693509+00:00,spot_4,Spot 4,Empty,2026-07-12T03:02:26.651943+00:00,,,,,,,,
2026-07-12T07:11:11.693509+00:00,spot_5,Spot 5,Empty,2026-07-12T03:16:20.075827+00:00,,,,,,,,
2026-07-12T07:11:11.693509+00:00,spot_6,Spot 6,Empty,2026-07-12T03:02:26.651957+00:00,,,,,,,,
2026-07-12T07:11:11.693509+00:00,spot_7,Spot 7,Empty,2026-07-12T03:02:26.651964+00:00,,,,,,,,
2026-07-12T07:11:11.693509+00:00,spot_8,Spot 8,Empty,2026-07-12T06:32:56.667756+00:00,,,,,,,,
2026-07-12T07:11:11.693509+00:00,spot_9,Spot 9,Empty,2026-07-12T03:02:26.651977+00:00,,,,,,,,
2026-07-12T07:11:11.693509+00:00,spot_10,Spot 10,Empty,2026-07-12T03:06:19.142482+00:00,,,,,,,,
2026-07-12T07:11:11.693509+00:00,spot_11,Spot 11,Empty,2026-07-12T03:03:18.523817+00:00,,,,,,,,
2026-07-12T07:11:11.693509+00:00,spot_12,Spot 12,Empty,2026-07-12T03:22:19.442603+00:00,,,,,,,,
2026-07-12T07:11:11.693509+00:00,spot_13,Spot 13,Empty,2026-07-12T04:34:19.150717+00:00,,,,,,,,
2026-07-12T07:11:11.693509+00:00,spot_14,Spot 14,Empty,2026-07-12T06:32:56.667756+00:00,,,,,,,,
2026-07-12T07:11:11.693509+00:00,spot_15,Spot 15,Empty,2026-07-12T03:02:26.652017+00:00,,,,,,,,
2026-07-12T07:11:11.693509+00:00,spot_16,Spot 16,Empty,2026-07-12T03:02:26.652024+00:00,,,,,,,,
2026-07-12T07:11:11.693509+00:00,spot_17,Spot 17,Empty,2026-07-12T03:02:26.652031+00:00,,,,,,,,
2026-07-12T07:12:07.988604+00:00,spot_1,Spot 1,Empty,2026-07-12T06:30:49.334387+00:00,,,,,,,,
2026-07-12T07:12:07.988604+00:00,spot_2,Spot 2,Empty,2026-07-12T03:02:26.651924+00:00,,,,,,,,
2026-07-12T07:12:07.988604+00:00,spot_3,Spot 3,Empty,2026-07-12T03:02:26.651934+00:00,,,,,,,,
2026-07-12T07:12:07.988604+00:00,spot_4,Spot 4,Empty,2026-07-12T03:02:26.651943+00:00,,,,,,,,
2026-07-12T07:12:07.988604+00:00,spot_5,Spot 5,Empty,2026-07-12T03:16:20.075827+00:00,,,,,,,,
2026-07-12T07:12:07.988604+00:00,spot_6,Spot 6,Empty,2026-07-12T03:02:26.651957+00:00,,,,,,,,
2026-07-12T07:12:07.988604+00:00,spot_7,Spot 7,Empty,2026-07-12T03:02:26.651964+00:00,,,,,,,,
2026-07-12T07:12:07.988604+00:00,spot_8,Spot 8,Occupied,2026-07-12T07:12:07.988604+00:00,1,car,0.5664673447608948,0,211.82427978515625,324.3893127441406,272.4225769042969,350.2713928222656
2026-07-12T07:12:07.988604+00:00,spot_9,Spot 9,Empty,2026-07-12T03:02:26.651977+00:00,,,,,,,,
2026-07-12T07:12:07.988604+00:00,spot_10,Spot 10,Empty,2026-07-12T03:06:19.142482+00:00,,,,,,,,
2026-07-12T07:12:07.988604+00:00,spot_11,Spot 11,Empty,2026-07-12T03:03:18.523817+00:00,,,,,,,,
2026-07-12T07:12:07.988604+00:00,spot_12,Spot 12,Empty,2026-07-12T03:22:19.442603+00:00,,,,,,,,
2026-07-12T07:12:07.988604+00:00,spot_13,Spot 13,Empty,2026-07-12T04:34:19.150717+00:00,,,,,,,,
2026-07-12T07:12:07.988604+00:00,spot_14,Spot 14,Empty,2026-07-12T06:32:56.667756+00:00,,,,,,,,
2026-07-12T07:12:07.988604+00:00,spot_15,Spot 15,Empty,2026-07-12T03:02:26.652017+00:00,,,,,,,,
2026-07-12T07:12:07.988604+00:00,spot_16,Spot 16,Empty,2026-07-12T03:02:26.652024+00:00,,,,,,,,
2026-07-12T07:12:07.988604+00:00,spot_17,Spot 17,Empty,2026-07-12T03:02:26.652031+00:00,,,,,,,,
2026-07-12T07:13:10.953904+00:00,spot_1,Spot 1,Empty,2026-07-12T06:30:49.334387+00:00,,,,,,,,
2026-07-12T07:13:10.953904+00:00,spot_2,Spot 2,Empty,2026-07-12T03:02:26.651924+00:00,,,,,,,,
2026-07-12T07:13:10.953904+00:00,spot_3,Spot 3,Empty,2026-07-12T03:02:26.651934+00:00,,,,,,,,
2026-07-12T07:13:10.953904+00:00,spot_4,Spot 4,Empty,2026-07-12T03:02:26.651943+00:00,,,,,,,,
2026-07-12T07:13:10.953904+00:00,spot_5,Spot 5,Empty,2026-07-12T03:16:20.075827+00:00,,,,,,,,
2026-07-12T07:13:10.953904+00:00,spot_6,Spot 6,Empty,2026-07-12T03:02:26.651957+00:00,,,,,,,,
2026-07-12T07:13:10.953904+00:00,spot_7,Spot 7,Empty,2026-07-12T03:02:26.651964+00:00,,,,,,,,
2026-07-12T07:13:10.953904+00:00,spot_8,Spot 8,Empty,2026-07-12T07:13:10.953904+00:00,,,,,,,,
2026-07-12T07:13:10.953904+00:00,spot_9,Spot 9,Empty,2026-07-12T03:02:26.651977+00:00,,,,,,,,
2026-07-12T07:13:10.953904+00:00,spot_10,Spot 10,Empty,2026-07-12T03:06:19.142482+00:00,,,,,,,,
2026-07-12T07:13:10.953904+00:00,spot_11,Spot 11,Empty,2026-07-12T03:03:18.523817+00:00,,,,,,,,
2026-07-12T07:13:10.953904+00:00,spot_12,Spot 12,Empty,2026-07-12T03:22:19.442603+00:00,,,,,,,,
2026-07-12T07:13:10.953904+00:00,spot_13,Spot 13,Empty,2026-07-12T04:34:19.150717+00:00,,,,,,,,
2026-07-12T07:13:10.953904+00:00,spot_14,Spot 14,Empty,2026-07-12T06:32:56.667756+00:00,,,,,,,,
2026-07-12T07:13:10.953904+00:00,spot_15,Spot 15,Empty,2026-07-12T03:02:26.652017+00:00,,,,,,,,
2026-07-12T07:13:10.953904+00:00,spot_16,Spot 16,Empty,2026-07-12T03:02:26.652024+00:00,,,,,,,,
2026-07-12T07:13:10.953904+00:00,spot_17,Spot 17,Empty,2026-07-12T03:02:26.652031+00:00,,,,,,,,
2026-07-12T07:14:03.576026+00:00,spot_1,Spot 1,Empty,2026-07-12T06:30:49.334387+00:00,,,,,,,,
2026-07-12T07:14:03.576026+00:00,spot_2,Spot 2,Empty,2026-07-12T03:02:26.651924+00:00,,,,,,,,
2026-07-12T07:14:03.576026+00:00,spot_3,Spot 3,Empty,2026-07-12T03:02:26.651934+00:00,,,,,,,,
2026-07-12T07:14:03.576026+00:00,spot_4,Spot 4,Empty,2026-07-12T03:02:26.651943+00:00,,,,,,,,
2026-07-12T07:14:03.576026+00:00,spot_5,Spot 5,Empty,2026-07-12T03:16:20.075827+00:00,,,,,,,,
2026-07-12T07:14:03.576026+00:00,spot_6,Spot 6,Empty,2026-07-12T03:02:26.651957+00:00,,,,,,,,
2026-07-12T07:14:03.576026+00:00,spot_7,Spot 7,Empty,2026-07-12T03:02:26.651964+00:00,,,,,,,,
2026-07-12T07:14:03.576026+00:00,spot_8,Spot 8,Empty,2026-07-12T07:13:10.953904+00:00,,,,,,,,
2026-07-12T07:14:03.576026+00:00,spot_9,Spot 9,Empty,2026-07-12T03:02:26.651977+00:00,,,,,,,,
2026-07-12T07:14:03.576026+00:00,spot_10,Spot 10,Empty,2026-07-12T03:06:19.142482+00:00,,,,,,,,
2026-07-12T07:14:03.576026+00:00,spot_11,Spot 11,Empty,2026-07-12T03:03:18.523817+00:00,,,,,,,,
2026-07-12T07:14:03.576026+00:00,spot_12,Spot 12,Empty,2026-07-12T03:22:19.442603+00:00,,,,,,,,
2026-07-12T07:14:03.576026+00:00,spot_13,Spot 13,Empty,2026-07-12T04:34:19.150717+00:00,,,,,,,,
2026-07-12T07:14:03.576026+00:00,spot_14,Spot 14,Empty,2026-07-12T06:32:56.667756+00:00,,,,,,,,
2026-07-12T07:14:03.576026+00:00,spot_15,Spot 15,Empty,2026-07-12T03:02:26.652017+00:00,,,,,,,,
2026-07-12T07:14:03.576026+00:00,spot_16,Spot 16,Empty,2026-07-12T03:02:26.652024+00:00,,,,,,,,
2026-07-12T07:14:03.576026+00:00,spot_17,Spot 17,Empty,2026-07-12T03:02:26.652031+00:00,,,,,,,,
2026-07-12T07:15:18.131937+00:00,spot_1,Spot 1,Empty,2026-07-12T06:30:49.334387+00:00,,,,,,,,
2026-07-12T07:15:18.131937+00:00,spot_2,Spot 2,Empty,2026-07-12T03:02:26.651924+00:00,,,,,,,,
2026-07-12T07:15:18.131937+00:00,spot_3,Spot 3,Empty,2026-07-12T03:02:26.651934+00:00,,,,,,,,
2026-07-12T07:15:18.131937+00:00,spot_4,Spot 4,Empty,2026-07-12T03:02:26.651943+00:00,,,,,,,,
2026-07-12T07:15:18.131937+00:00,spot_5,Spot 5,Empty,2026-07-12T03:16:20.075827+00:00,,,,,,,,
2026-07-12T07:15:18.131937+00:00,spot_6,Spot 6,Empty,2026-07-12T03:02:26.651957+00:00,,,,,,,,
2026-07-12T07:15:18.131937+00:00,spot_7,Spot 7,Empty,2026-07-12T03:02:26.651964+00:00,,,,,,,,
2026-07-12T07:15:18.131937+00:00,spot_8,Spot 8,Empty,2026-07-12T07:13:10.953904+00:00,,,,,,,,
2026-07-12T07:15:18.131937+00:00,spot_9,Spot 9,Empty,2026-07-12T03:02:26.651977+00:00,,,,,,,,
2026-07-12T07:15:18.131937+00:00,spot_10,Spot 10,Empty,2026-07-12T03:06:19.142482+00:00,,,,,,,,
2026-07-12T07:15:18.131937+00:00,spot_11,Spot 11,Empty,2026-07-12T03:03:18.523817+00:00,,,,,,,,
2026-07-12T07:15:18.131937+00:00,spot_12,Spot 12,Empty,2026-07-12T03:22:19.442603+00:00,,,,,,,,
2026-07-12T07:15:18.131937+00:00,spot_13,Spot 13,Empty,2026-07-12T04:34:19.150717+00:00,,,,,,,,
2026-07-12T07:15:18.131937+00:00,spot_14,Spot 14,Empty,2026-07-12T06:32:56.667756+00:00,,,,,,,,
2026-07-12T07:15:18.131937+00:00,spot_15,Spot 15,Empty,2026-07-12T03:02:26.652017+00:00,,,,,,,,
2026-07-12T07:15:18.131937+00:00,spot_16,Spot 16,Empty,2026-07-12T03:02:26.652024+00:00,,,,,,,,
2026-07-12T07:15:18.131937+00:00,spot_17,Spot 17,Empty,2026-07-12T03:02:26.652031+00:00,,,,,,,,
2026-07-12T07:16:24.732830+00:00,spot_1,Spot 1,Empty,2026-07-12T06:30:49.334387+00:00,,,,,,,,
2026-07-12T07:16:24.732830+00:00,spot_2,Spot 2,Empty,2026-07-12T03:02:26.651924+00:00,,,,,,,,
2026-07-12T07:16:24.732830+00:00,spot_3,Spot 3,Empty,2026-07-12T03:02:26.651934+00:00,,,,,,,,
2026-07-12T07:16:24.732830+00:00,spot_4,Spot 4,Empty,2026-07-12T03:02:26.651943+00:00,,,,,,,,
2026-07-12T07:16:24.732830+00:00,spot_5,Spot 5,Empty,2026-07-12T03:16:20.075827+00:00,,,,,,,,
2026-07-12T07:16:24.732830+00:00,spot_6,Spot 6,Empty,2026-07-12T03:02:26.651957+00:00,,,,,,,,
2026-07-12T07:16:24.732830+00:00,spot_7,Spot 7,Empty,2026-07-12T03:02:26.651964+00:00,,,,,,,,
2026-07-12T07:16:24.732830+00:00,spot_8,Spot 8,Empty,2026-07-12T07:13:10.953904+00:00,,,,,,,,
2026-07-12T07:16:24.732830+00:00,spot_9,Spot 9,Empty,2026-07-12T03:02:26.651977+00:00,,,,,,,,
2026-07-12T07:16:24.732830+00:00,spot_10,Spot 10,Empty,2026-07-12T03:06:19.142482+00:00,,,,,,,,
2026-07-12T07:16:24.732830+00:00,spot_11,Spot 11,Empty,2026-07-12T03:03:18.523817+00:00,,,,,,,,
2026-07-12T07:16:24.732830+00:00,spot_12,Spot 12,Empty,2026-07-12T03:22:19.442603+00:00,,,,,,,,
2026-07-12T07:16:24.732830+00:00,spot_13,Spot 13,Empty,2026-07-12T04:34:19.150717+00:00,,,,,,,,
2026-07-12T07:16:24.732830+00:00,spot_14,Spot 14,Empty,2026-07-12T06:32:56.667756+00:00,,,,,,,,
2026-07-12T07:16:24.732830+00:00,spot_15,Spot 15,Empty,2026-07-12T03:02:26.652017+00:00,,,,,,,,
2026-07-12T07:16:24.732830+00:00,spot_16,Spot 16,Empty,2026-07-12T03:02:26.652024+00:00,,,,,,,,
2026-07-12T07:16:24.732830+00:00,spot_17,Spot 17,Empty,2026-07-12T03:02:26.652031+00:00,,,,,,,,
2026-07-12T07:17:30.567151+00:00,spot_1,Spot 1,Empty,2026-07-12T06:30:49.334387+00:00,,,,,,,,
2026-07-12T07:17:30.567151+00:00,spot_2,Spot 2,Empty,2026-07-12T03:02:26.651924+00:00,,,,,,,,
2026-07-12T07:17:30.567151+00:00,spot_3,Spot 3,Empty,2026-07-12T03:02:26.651934+00:00,,,,,,,,
2026-07-12T07:17:30.567151+00:00,spot_4,Spot 4,Empty,2026-07-12T03:02:26.651943+00:00,,,,,,,,
2026-07-12T07:17:30.567151+00:00,spot_5,Spot 5,Empty,2026-07-12T03:16:20.075827+00:00,,,,,,,,
2026-07-12T07:17:30.567151+00:00,spot_6,Spot 6,Empty,2026-07-12T03:02:26.651957+00:00,,,,,,,,
2026-07-12T07:17:30.567151+00:00,spot_7,Spot 7,Empty,2026-07-12T03:02:26.651964+00:00,,,,,,,,
2026-07-12T07:17:30.567151+00:00,spot_8,Spot 8,Empty,2026-07-12T07:13:10.953904+00:00,,,,,,,,
2026-07-12T07:17:30.567151+00:00,spot_9,Spot 9,Empty,2026-07-12T03:02:26.651977+00:00,,,,,,,,
2026-07-12T07:17:30.567151+00:00,spot_10,Spot 10,Empty,2026-07-12T03:06:19.142482+00:00,,,,,,,,
2026-07-12T07:17:30.567151+00:00,spot_11,Spot 11,Empty,2026-07-12T03:03:18.523817+00:00,,,,,,,,
2026-07-12T07:17:30.567151+00:00,spot_12,Spot 12,Empty,2026-07-12T03:22:19.442603+00:00,,,,,,,,
2026-07-12T07:17:30.567151+00:00,spot_13,Spot 13,Empty,2026-07-12T04:34:19.150717+00:00,,,,,,,,
2026-07-12T07:17:30.567151+00:00,spot_14,Spot 14,Empty,2026-07-12T06:32:56.667756+00:00,,,,,,,,
2026-07-12T07:17:30.567151+00:00,spot_15,Spot 15,Empty,2026-07-12T03:02:26.652017+00:00,,,,,,,,
2026-07-12T07:17:30.567151+00:00,spot_16,Spot 16,Empty,2026-07-12T03:02:26.652024+00:00,,,,,,,,
2026-07-12T07:17:30.567151+00:00,spot_17,Spot 17,Empty,2026-07-12T03:02:26.652031+00:00,,,,,,,,
2026-07-12T07:18:22.199649+00:00,spot_1,Spot 1,Empty,2026-07-12T06:30:49.334387+00:00,,,,,,,,
2026-07-12T07:18:22.199649+00:00,spot_2,Spot 2,Empty,2026-07-12T03:02:26.651924+00:00,,,,,,,,
2026-07-12T07:18:22.199649+00:00,spot_3,Spot 3,Empty,2026-07-12T03:02:26.651934+00:00,,,,,,,,
2026-07-12T07:18:22.199649+00:00,spot_4,Spot 4,Empty,2026-07-12T03:02:26.651943+00:00,,,,,,,,
2026-07-12T07:18:22.199649+00:00,spot_5,Spot 5,Empty,2026-07-12T03:16:20.075827+00:00,,,,,,,,
2026-07-12T07:18:22.199649+00:00,spot_6,Spot 6,Empty,2026-07-12T03:02:26.651957+00:00,,,,,,,,
2026-07-12T07:18:22.199649+00:00,spot_7,Spot 7,Empty,2026-07-12T03:02:26.651964+00:00,,,,,,,,
2026-07-12T07:18:22.199649+00:00,spot_8,Spot 8,Empty,2026-07-12T07:13:10.953904+00:00,,,,,,,,
2026-07-12T07:18:22.199649+00:00,spot_9,Spot 9,Empty,2026-07-12T03:02:26.651977+00:00,,,,,,,,
2026-07-12T07:18:22.199649+00:00,spot_10,Spot 10,Empty,2026-07-12T03:06:19.142482+00:00,,,,,,,,
2026-07-12T07:18:22.199649+00:00,spot_11,Spot 11,Empty,2026-07-12T03:03:18.523817+00:00,,,,,,,,
2026-07-12T07:18:22.199649+00:00,spot_12,Spot 12,Empty,2026-07-12T03:22:19.442603+00:00,,,,,,,,
2026-07-12T07:18:22.199649+00:00,spot_13,Spot 13,Empty,2026-07-12T04:34:19.150717+00:00,,,,,,,,
2026-07-12T07:18:22.199649+00:00,spot_14,Spot 14,Empty,2026-07-12T06:32:56.667756+00:00,,,,,,,,
2026-07-12T07:18:22.199649+00:00,spot_15,Spot 15,Empty,2026-07-12T03:02:26.652017+00:00,,,,,,,,
2026-07-12T07:18:22.199649+00:00,spot_16,Spot 16,Empty,2026-07-12T03:02:26.652024+00:00,,,,,,,,
2026-07-12T07:18:22.199649+00:00,spot_17,Spot 17,Empty,2026-07-12T03:02:26.652031+00:00,,,,,,,,
2026-07-12T07:19:23.299662+00:00,spot_1,Spot 1,Empty,2026-07-12T06:30:49.334387+00:00,,,,,,,,
2026-07-12T07:19:23.299662+00:00,spot_2,Spot 2,Empty,2026-07-12T03:02:26.651924+00:00,,,,,,,,
2026-07-12T07:19:23.299662+00:00,spot_3,Spot 3,Empty,2026-07-12T03:02:26.651934+00:00,,,,,,,,
2026-07-12T07:19:23.299662+00:00,spot_4,Spot 4,Empty,2026-07-12T03:02:26.651943+00:00,,,,,,,,
2026-07-12T07:19:23.299662+00:00,spot_5,Spot 5,Empty,2026-07-12T03:16:20.075827+00:00,,,,,,,,
2026-07-12T07:19:23.299662+00:00,spot_6,Spot 6,Empty,2026-07-12T03:02:26.651957+00:00,,,,,,,,
2026-07-12T07:19:23.299662+00:00,spot_7,Spot 7,Empty,2026-07-12T03:02:26.651964+00:00,,,,,,,,
2026-07-12T07:19:23.299662+00:00,spot_8,Spot 8,Empty,2026-07-12T07:13:10.953904+00:00,,,,,,,,
2026-07-12T07:19:23.299662+00:00,spot_9,Spot 9,Empty,2026-07-12T03:02:26.651977+00:00,,,,,,,,
2026-07-12T07:19:23.299662+00:00,spot_10,Spot 10,Empty,2026-07-12T03:06:19.142482+00:00,,,,,,,,
2026-07-12T07:19:23.299662+00:00,spot_11,Spot 11,Empty,2026-07-12T03:03:18.523817+00:00,,,,,,,,
2026-07-12T07:19:23.299662+00:00,spot_12,Spot 12,Empty,2026-07-12T03:22:19.442603+00:00,,,,,,,,
2026-07-12T07:19:23.299662+00:00,spot_13,Spot 13,Empty,2026-07-12T04:34:19.150717+00:00,,,,,,,,
2026-07-12T07:19:23.299662+00:00,spot_14,Spot 14,Empty,2026-07-12T06:32:56.667756+00:00,,,,,,,,
2026-07-12T07:19:23.299662+00:00,spot_15,Spot 15,Empty,2026-07-12T03:02:26.652017+00:00,,,,,,,,
2026-07-12T07:19:23.299662+00:00,spot_16,Spot 16,Empty,2026-07-12T03:02:26.652024+00:00,,,,,,,,
2026-07-12T07:19:23.299662+00:00,spot_17,Spot 17,Empty,2026-07-12T03:02:26.652031+00:00,,,,,,,,
2026-07-12T07:20:14.713333+00:00,spot_1,Spot 1,Empty,2026-07-12T06:30:49.334387+00:00,,,,,,,,
2026-07-12T07:20:14.713333+00:00,spot_2,Spot 2,Empty,2026-07-12T03:02:26.651924+00:00,,,,,,,,
2026-07-12T07:20:14.713333+00:00,spot_3,Spot 3,Empty,2026-07-12T03:02:26.651934+00:00,,,,,,,,
2026-07-12T07:20:14.713333+00:00,spot_4,Spot 4,Empty,2026-07-12T03:02:26.651943+00:00,,,,,,,,
2026-07-12T07:20:14.713333+00:00,spot_5,Spot 5,Empty,2026-07-12T03:16:20.075827+00:00,,,,,,,,
2026-07-12T07:20:14.713333+00:00,spot_6,Spot 6,Empty,2026-07-12T03:02:26.651957+00:00,,,,,,,,
2026-07-12T07:20:14.713333+00:00,spot_7,Spot 7,Empty,2026-07-12T03:02:26.651964+00:00,,,,,,,,
2026-07-12T07:20:14.713333+00:00,spot_8,Spot 8,Empty,2026-07-12T07:13:10.953904+00:00,,,,,,,,
2026-07-12T07:20:14.713333+00:00,spot_9,Spot 9,Empty,2026-07-12T03:02:26.651977+00:00,,,,,,,,
2026-07-12T07:20:14.713333+00:00,spot_10,Spot 10,Empty,2026-07-12T03:06:19.142482+00:00,,,,,,,,
2026-07-12T07:20:14.713333+00:00,spot_11,Spot 11,Empty,2026-07-12T03:03:18.523817+00:00,,,,,,,,
2026-07-12T07:20:14.713333+00:00,spot_12,Spot 12,Empty,2026-07-12T03:22:19.442603+00:00,,,,,,,,
2026-07-12T07:20:14.713333+00:00,spot_13,Spot 13,Empty,2026-07-12T04:34:19.150717+00:00,,,,,,,,
2026-07-12T07:20:14.713333+00:00,spot_14,Spot 14,Empty,2026-07-12T06:32:56.667756+00:00,,,,,,,,
2026-07-12T07:20:14.713333+00:00,spot_15,Spot 15,Empty,2026-07-12T03:02:26.652017+00:00,,,,,,,,
2026-07-12T07:20:14.713333+00:00,spot_16,Spot 16,Empty,2026-07-12T03:02:26.652024+00:00,,,,,,,,
2026-07-12T07:20:14.713333+00:00,spot_17,Spot 17,Empty,2026-07-12T03:02:26.652031+00:00,,,,,,,,
2026-07-12T07:21:18.744878+00:00,spot_1,Spot 1,Empty,2026-07-12T06:30:49.334387+00:00,,,,,,,,
2026-07-12T07:21:18.744878+00:00,spot_2,Spot 2,Empty,2026-07-12T03:02:26.651924+00:00,,,,,,,,
2026-07-12T07:21:18.744878+00:00,spot_3,Spot 3,Empty,2026-07-12T03:02:26.651934+00:00,,,,,,,,
2026-07-12T07:21:18.744878+00:00,spot_4,Spot 4,Empty,2026-07-12T03:02:26.651943+00:00,,,,,,,,
2026-07-12T07:21:18.744878+00:00,spot_5,Spot 5,Empty,2026-07-12T03:16:20.075827+00:00,,,,,,,,
2026-07-12T07:21:18.744878+00:00,spot_6,Spot 6,Empty,2026-07-12T03:02:26.651957+00:00,,,,,,,,
2026-07-12T07:21:18.744878+00:00,spot_7,Spot 7,Empty,2026-07-12T03:02:26.651964+00:00,,,,,,,,
2026-07-12T07:21:18.744878+00:00,spot_8,Spot 8,Empty,2026-07-12T07:13:10.953904+00:00,,,,,,,,
2026-07-12T07:21:18.744878+00:00,spot_9,Spot 9,Empty,2026-07-12T03:02:26.651977+00:00,,,,,,,,
2026-07-12T07:21:18.744878+00:00,spot_10,Spot 10,Empty,2026-07-12T03:06:19.142482+00:00,,,,,,,,
2026-07-12T07:21:18.744878+00:00,spot_11,Spot 11,Empty,2026-07-12T03:03:18.523817+00:00,,,,,,,,
2026-07-12T07:21:18.744878+00:00,spot_12,Spot 12,Empty,2026-07-12T03:22:19.442603+00:00,,,,,,,,
2026-07-12T07:21:18.744878+00:00,spot_13,Spot 13,Empty,2026-07-12T04:34:19.150717+00:00,,,,,,,,
2026-07-12T07:21:18.744878+00:00,spot_14,Spot 14,Empty,2026-07-12T06:32:56.667756+00:00,,,,,,,,
2026-07-12T07:21:18.744878+00:00,spot_15,Spot 15,Empty,2026-07-12T03:02:26.652017+00:00,,,,,,,,
2026-07-12T07:21:18.744878+00:00,spot_16,Spot 16,Empty,2026-07-12T03:02:26.652024+00:00,,,,,,,,
2026-07-12T07:21:18.744878+00:00,spot_17,Spot 17,Empty,2026-07-12T03:02:26.652031+00:00,,,,,,,,
2026-07-12T07:22:07.808032+00:00,spot_1,Spot 1,Empty,2026-07-12T06:30:49.334387+00:00,,,,,,,,
2026-07-12T07:22:07.808032+00:00,spot_2,Spot 2,Empty,2026-07-12T03:02:26.651924+00:00,,,,,,,,
2026-07-12T07:22:07.808032+00:00,spot_3,Spot 3,Empty,2026-07-12T03:02:26.651934+00:00,,,,,,,,
2026-07-12T07:22:07.808032+00:00,spot_4,Spot 4,Empty,2026-07-12T03:02:26.651943+00:00,,,,,,,,
2026-07-12T07:22:07.808032+00:00,spot_5,Spot 5,Empty,2026-07-12T03:16:20.075827+00:00,,,,,,,,
2026-07-12T07:22:07.808032+00:00,spot_6,Spot 6,Empty,2026-07-12T03:02:26.651957+00:00,,,,,,,,
2026-07-12T07:22:07.808032+00:00,spot_7,Spot 7,Empty,2026-07-12T03:02:26.651964+00:00,,,,,,,,
2026-07-12T07:22:07.808032+00:00,spot_8,Spot 8,Empty,2026-07-12T07:13:10.953904+00:00,,,,,,,,
2026-07-12T07:22:07.808032+00:00,spot_9,Spot 9,Empty,2026-07-12T03:02:26.651977+00:00,,,,,,,,
2026-07-12T07:22:07.808032+00:00,spot_10,Spot 10,Empty,2026-07-12T03:06:19.142482+00:00,,,,,,,,
2026-07-12T07:22:07.808032+00:00,spot_11,Spot 11,Empty,2026-07-12T03:03:18.523817+00:00,,,,,,,,
2026-07-12T07:22:07.808032+00:00,spot_12,Spot 12,Empty,2026-07-12T03:22:19.442603+00:00,,,,,,,,
2026-07-12T07:22:07.808032+00:00,spot_13,Spot 13,Empty,2026-07-12T04:34:19.150717+00:00,,,,,,,,
2026-07-12T07:22:07.808032+00:00,spot_14,Spot 14,Empty,2026-07-12T06:32:56.667756+00:00,,,,,,,,
2026-07-12T07:22:07.808032+00:00,spot_15,Spot 15,Empty,2026-07-12T03:02:26.652017+00:00,,,,,,,,
2026-07-12T07:22:07.808032+00:00,spot_16,Spot 16,Empty,2026-07-12T03:02:26.652024+00:00,,,,,,,,
2026-07-12T07:22:07.808032+00:00,spot_17,Spot 17,Empty,2026-07-12T03:02:26.652031+00:00,,,,,,,,
2026-07-12T07:23:16.040052+00:00,spot_1,Spot 1,Empty,2026-07-12T06:30:49.334387+00:00,,,,,,,,
2026-07-12T07:23:16.040052+00:00,spot_2,Spot 2,Empty,2026-07-12T03:02:26.651924+00:00,,,,,,,,
2026-07-12T07:23:16.040052+00:00,spot_3,Spot 3,Empty,2026-07-12T03:02:26.651934+00:00,,,,,,,,
2026-07-12T07:23:16.040052+00:00,spot_4,Spot 4,Empty,2026-07-12T03:02:26.651943+00:00,,,,,,,,
2026-07-12T07:23:16.040052+00:00,spot_5,Spot 5,Empty,2026-07-12T03:16:20.075827+00:00,,,,,,,,
2026-07-12T07:23:16.040052+00:00,spot_6,Spot 6,Empty,2026-07-12T03:02:26.651957+00:00,,,,,,,,
2026-07-12T07:23:16.040052+00:00,spot_7,Spot 7,Empty,2026-07-12T03:02:26.651964+00:00,,,,,,,,
2026-07-12T07:23:16.040052+00:00,spot_8,Spot 8,Empty,2026-07-12T07:13:10.953904+00:00,,,,,,,,
2026-07-12T07:23:16.040052+00:00,spot_9,Spot 9,Empty,2026-07-12T03:02:26.651977+00:00,,,,,,,,
2026-07-12T07:23:16.040052+00:00,spot_10,Spot 10,Empty,2026-07-12T03:06:19.142482+00:00,,,,,,,,
2026-07-12T07:23:16.040052+00:00,spot_11,Spot 11,Empty,2026-07-12T03:03:18.523817+00:00,,,,,,,,
2026-07-12T07:23:16.040052+00:00,spot_12,Spot 12,Empty,2026-07-12T03:22:19.442603+00:00,,,,,,,,
2026-07-12T07:23:16.040052+00:00,spot_13,Spot 13,Empty,2026-07-12T04:34:19.150717+00:00,,,,,,,,
2026-07-12T07:23:16.040052+00:00,spot_14,Spot 14,Empty,2026-07-12T06:32:56.667756+00:00,,,,,,,,
2026-07-12T07:23:16.040052+00:00,spot_15,Spot 15,Empty,2026-07-12T03:02:26.652017+00:00,,,,,,,,
2026-07-12T07:23:16.040052+00:00,spot_16,Spot 16,Empty,2026-07-12T03:02:26.652024+00:00,,,,,,,,
2026-07-12T07:23:16.040052+00:00,spot_17,Spot 17,Empty,2026-07-12T03:02:26.652031+00:00,,,,,,,,
2026-07-12T07:24:13.024999+00:00,spot_1,Spot 1,Empty,2026-07-12T06:30:49.334387+00:00,,,,,,,,
2026-07-12T07:24:13.024999+00:00,spot_2,Spot 2,Empty,2026-07-12T03:02:26.651924+00:00,,,,,,,,
2026-07-12T07:24:13.024999+00:00,spot_3,Spot 3,Empty,2026-07-12T03:02:26.651934+00:00,,,,,,,,
2026-07-12T07:24:13.024999+00:00,spot_4,Spot 4,Empty,2026-07-12T03:02:26.651943+00:00,,,,,,,,
2026-07-12T07:24:13.024999+00:00,spot_5,Spot 5,Empty,2026-07-12T03:16:20.075827+00:00,,,,,,,,
2026-07-12T07:24:13.024999+00:00,spot_6,Spot 6,Empty,2026-07-12T03:02:26.651957+00:00,,,,,,,,
2026-07-12T07:24:13.024999+00:00,spot_7,Spot 7,Empty,2026-07-12T03:02:26.651964+00:00,,,,,,,,
2026-07-12T07:24:13.024999+00:00,spot_8,Spot 8,Empty,2026-07-12T07:13:10.953904+00:00,,,,,,,,
2026-07-12T07:24:13.024999+00:00,spot_9,Spot 9,Empty,2026-07-12T03:02:26.651977+00:00,,,,,,,,
2026-07-12T07:24:13.024999+00:00,spot_10,Spot 10,Empty,2026-07-12T03:06:19.142482+00:00,,,,,,,,
2026-07-12T07:24:13.024999+00:00,spot_11,Spot 11,Empty,2026-07-12T03:03:18.523817+00:00,,,,,,,,
2026-07-12T07:24:13.024999+00:00,spot_12,Spot 12,Empty,2026-07-12T03:22:19.442603+00:00,,,,,,,,
2026-07-12T07:24:13.024999+00:00,spot_13,Spot 13,Empty,2026-07-12T04:34:19.150717+00:00,,,,,,,,
2026-07-12T07:24:13.024999+00:00,spot_14,Spot 14,Empty,2026-07-12T06:32:56.667756+00:00,,,,,,,,
2026-07-12T07:24:13.024999+00:00,spot_15,Spot 15,Empty,2026-07-12T03:02:26.652017+00:00,,,,,,,,
2026-07-12T07:24:13.024999+00:00,spot_16,Spot 16,Empty,2026-07-12T03:02:26.652024+00:00,,,,,,,,
2026-07-12T07:24:13.024999+00:00,spot_17,Spot 17,Empty,2026-07-12T03:02:26.652031+00:00,,,,,,,,
2026-07-12T07:25:26.721114+00:00,spot_1,Spot 1,Empty,2026-07-12T06:30:49.334387+00:00,,,,,,,,
2026-07-12T07:25:26.721114+00:00,spot_2,Spot 2,Empty,2026-07-12T03:02:26.651924+00:00,,,,,,,,
2026-07-12T07:25:26.721114+00:00,spot_3,Spot 3,Empty,2026-07-12T03:02:26.651934+00:00,,,,,,,,
2026-07-12T07:25:26.721114+00:00,spot_4,Spot 4,Empty,2026-07-12T03:02:26.651943+00:00,,,,,,,,
2026-07-12T07:25:26.721114+00:00,spot_5,Spot 5,Empty,2026-07-12T03:16:20.075827+00:00,,,,,,,,
2026-07-12T07:25:26.721114+00:00,spot_6,Spot 6,Empty,2026-07-12T03:02:26.651957+00:00,,,,,,,,
2026-07-12T07:25:26.721114+00:00,spot_7,Spot 7,Empty,2026-07-12T03:02:26.651964+00:00,,,,,,,,
2026-07-12T07:25:26.721114+00:00,spot_8,Spot 8,Empty,2026-07-12T07:13:10.953904+00:00,,,,,,,,
2026-07-12T07:25:26.721114+00:00,spot_9,Spot 9,Empty,2026-07-12T03:02:26.651977+00:00,,,,,,,,
2026-07-12T07:25:26.721114+00:00,spot_10,Spot 10,Empty,2026-07-12T03:06:19.142482+00:00,,,,,,,,
2026-07-12T07:25:26.721114+00:00,spot_11,Spot 11,Empty,2026-07-12T03:03:18.523817+00:00,,,,,,,,
2026-07-12T07:25:26.721114+00:00,spot_12,Spot 12,Empty,2026-07-12T03:22:19.442603+00:00,,,,,,,,
2026-07-12T07:25:26.721114+00:00,spot_13,Spot 13,Empty,2026-07-12T04:34:19.150717+00:00,,,,,,,,
2026-07-12T07:25:26.721114+00:00,spot_14,Spot 14,Empty,2026-07-12T06:32:56.667756+00:00,,,,,,,,
2026-07-12T07:25:26.721114+00:00,spot_15,Spot 15,Empty,2026-07-12T03:02:26.652017+00:00,,,,,,,,
2026-07-12T07:25:26.721114+00:00,spot_16,Spot 16,Empty,2026-07-12T03:02:26.652024+00:00,,,,,,,,
2026-07-12T07:25:26.721114+00:00,spot_17,Spot 17,Empty,2026-07-12T03:02:26.652031+00:00,,,,,,,,
2026-07-12T07:26:21.292161+00:00,spot_1,Spot 1,Empty,2026-07-12T06:30:49.334387+00:00,,,,,,,,
2026-07-12T07:26:21.292161+00:00,spot_2,Spot 2,Empty,2026-07-12T03:02:26.651924+00:00,,,,,,,,
2026-07-12T07:26:21.292161+00:00,spot_3,Spot 3,Empty,2026-07-12T03:02:26.651934+00:00,,,,,,,,
2026-07-12T07:26:21.292161+00:00,spot_4,Spot 4,Empty,2026-07-12T03:02:26.651943+00:00,,,,,,,,
2026-07-12T07:26:21.292161+00:00,spot_5,Spot 5,Empty,2026-07-12T03:16:20.075827+00:00,,,,,,,,
2026-07-12T07:26:21.292161+00:00,spot_6,Spot 6,Empty,2026-07-12T03:02:26.651957+00:00,,,,,,,,
2026-07-12T07:26:21.292161+00:00,spot_7,Spot 7,Empty,2026-07-12T03:02:26.651964+00:00,,,,,,,,
2026-07-12T07:26:21.292161+00:00,spot_8,Spot 8,Empty,2026-07-12T07:13:10.953904+00:00,,,,,,,,
2026-07-12T07:26:21.292161+00:00,spot_9,Spot 9,Empty,2026-07-12T03:02:26.651977+00:00,,,,,,,,
2026-07-12T07:26:21.292161+00:00,spot_10,Spot 10,Empty,2026-07-12T03:06:19.142482+00:00,,,,,,,,
2026-07-12T07:26:21.292161+00:00,spot_11,Spot 11,Empty,2026-07-12T03:03:18.523817+00:00,,,,,,,,
2026-07-12T07:26:21.292161+00:00,spot_12,Spot 12,Empty,2026-07-12T03:22:19.442603+00:00,,,,,,,,
2026-07-12T07:26:21.292161+00:00,spot_13,Spot 13,Empty,2026-07-12T04:34:19.150717+00:00,,,,,,,,
2026-07-12T07:26:21.292161+00:00,spot_14,Spot 14,Empty,2026-07-12T06:32:56.667756+00:00,,,,,,,,
2026-07-12T07:26:21.292161+00:00,spot_15,Spot 15,Empty,2026-07-12T03:02:26.652017+00:00,,,,,,,,
2026-07-12T07:26:21.292161+00:00,spot_16,Spot 16,Empty,2026-07-12T03:02:26.652024+00:00,,,,,,,,
2026-07-12T07:26:21.292161+00:00,spot_17,Spot 17,Empty,2026-07-12T03:02:26.652031+00:00,,,,,,,,
2026-07-12T07:27:19.664830+00:00,spot_1,Spot 1,Empty,2026-07-12T06:30:49.334387+00:00,,,,,,,,
2026-07-12T07:27:19.664830+00:00,spot_2,Spot 2,Empty,2026-07-12T03:02:26.651924+00:00,,,,,,,,
2026-07-12T07:27:19.664830+00:00,spot_3,Spot 3,Empty,2026-07-12T03:02:26.651934+00:00,,,,,,,,
2026-07-12T07:27:19.664830+00:00,spot_4,Spot 4,Empty,2026-07-12T03:02:26.651943+00:00,,,,,,,,
2026-07-12T07:27:19.664830+00:00,spot_5,Spot 5,Empty,2026-07-12T03:16:20.075827+00:00,,,,,,,,
2026-07-12T07:27:19.664830+00:00,spot_6,Spot 6,Empty,2026-07-12T03:02:26.651957+00:00,,,,,,,,
2026-07-12T07:27:19.664830+00:00,spot_7,Spot 7,Empty,2026-07-12T03:02:26.651964+00:00,,,,,,,,
2026-07-12T07:27:19.664830+00:00,spot_8,Spot 8,Empty,2026-07-12T07:13:10.953904+00:00,,,,,,,,
2026-07-12T07:27:19.664830+00:00,spot_9,Spot 9,Empty,2026-07-12T03:02:26.651977+00:00,,,,,,,,
2026-07-12T07:27:19.664830+00:00,spot_10,Spot 10,Empty,2026-07-12T03:06:19.142482+00:00,,,,,,,,
2026-07-12T07:27:19.664830+00:00,spot_11,Spot 11,Empty,2026-07-12T03:03:18.523817+00:00,,,,,,,,
2026-07-12T07:27:19.664830+00:00,spot_12,Spot 12,Empty,2026-07-12T03:22:19.442603+00:00,,,,,,,,
2026-07-12T07:27:19.664830+00:00,spot_13,Spot 13,Empty,2026-07-12T04:34:19.150717+00:00,,,,,,,,
2026-07-12T07:27:19.664830+00:00,spot_14,Spot 14,Empty,2026-07-12T06:32:56.667756+00:00,,,,,,,,
2026-07-12T07:27:19.664830+00:00,spot_15,Spot 15,Empty,2026-07-12T03:02:26.652017+00:00,,,,,,,,
2026-07-12T07:27:19.664830+00:00,spot_16,Spot 16,Empty,2026-07-12T03:02:26.652024+00:00,,,,,,,,
2026-07-12T07:27:19.664830+00:00,spot_17,Spot 17,Empty,2026-07-12T03:02:26.652031+00:00,,,,,,,,
2026-07-12T07:28:12.661314+00:00,spot_1,Spot 1,Empty,2026-07-12T06:30:49.334387+00:00,,,,,,,,
2026-07-12T07:28:12.661314+00:00,spot_2,Spot 2,Empty,2026-07-12T03:02:26.651924+00:00,,,,,,,,
2026-07-12T07:28:12.661314+00:00,spot_3,Spot 3,Empty,2026-07-12T03:02:26.651934+00:00,,,,,,,,
2026-07-12T07:28:12.661314+00:00,spot_4,Spot 4,Empty,2026-07-12T03:02:26.651943+00:00,,,,,,,,
2026-07-12T07:28:12.661314+00:00,spot_5,Spot 5,Empty,2026-07-12T03:16:20.075827+00:00,,,,,,,,
2026-07-12T07:28:12.661314+00:00,spot_6,Spot 6,Empty,2026-07-12T03:02:26.651957+00:00,,,,,,,,
2026-07-12T07:28:12.661314+00:00,spot_7,Spot 7,Empty,2026-07-12T03:02:26.651964+00:00,,,,,,,,
2026-07-12T07:28:12.661314+00:00,spot_8,Spot 8,Empty,2026-07-12T07:13:10.953904+00:00,,,,,,,,
2026-07-12T07:28:12.661314+00:00,spot_9,Spot 9,Empty,2026-07-12T03:02:26.651977+00:00,,,,,,,,
2026-07-12T07:28:12.661314+00:00,spot_10,Spot 10,Empty,2026-07-12T03:06:19.142482+00:00,,,,,,,,
2026-07-12T07:28:12.661314+00:00,spot_11,Spot 11,Empty,2026-07-12T03:03:18.523817+00:00,,,,,,,,
2026-07-12T07:28:12.661314+00:00,spot_12,Spot 12,Empty,2026-07-12T03:22:19.442603+00:00,,,,,,,,
2026-07-12T07:28:12.661314+00:00,spot_13,Spot 13,Empty,2026-07-12T04:34:19.150717+00:00,,,,,,,,
2026-07-12T07:28:12.661314+00:00,spot_14,Spot 14,Empty,2026-07-12T06:32:56.667756+00:00,,,,,,,,
2026-07-12T07:28:12.661314+00:00,spot_15,Spot 15,Empty,2026-07-12T03:02:26.652017+00:00,,,,,,,,
2026-07-12T07:28:12.661314+00:00,spot_16,Spot 16,Empty,2026-07-12T03:02:26.652024+00:00,,,,,,,,
2026-07-12T07:28:12.661314+00:00,spot_17,Spot 17,Empty,2026-07-12T03:02:26.652031+00:00,,,,,,,,
2026-07-12T07:29:19.994000+00:00,spot_1,Spot 1,Empty,2026-07-12T06:30:49.334387+00:00,,,,,,,,
2026-07-12T07:29:19.994000+00:00,spot_2,Spot 2,Empty,2026-07-12T03:02:26.651924+00:00,,,,,,,,
2026-07-12T07:29:19.994000+00:00,spot_3,Spot 3,Empty,2026-07-12T03:02:26.651934+00:00,,,,,,,,
2026-07-12T07:29:19.994000+00:00,spot_4,Spot 4,Empty,2026-07-12T03:02:26.651943+00:00,,,,,,,,
2026-07-12T07:29:19.994000+00:00,spot_5,Spot 5,Empty,2026-07-12T03:16:20.075827+00:00,,,,,,,,
2026-07-12T07:29:19.994000+00:00,spot_6,Spot 6,Empty,2026-07-12T03:02:26.651957+00:00,,,,,,,,
2026-07-12T07:29:19.994000+00:00,spot_7,Spot 7,Empty,2026-07-12T03:02:26.651964+00:00,,,,,,,,
2026-07-12T07:29:19.994000+00:00,spot_8,Spot 8,Empty,2026-07-12T07:13:10.953904+00:00,,,,,,,,
2026-07-12T07:29:19.994000+00:00,spot_9,Spot 9,Empty,2026-07-12T03:02:26.651977+00:00,,,,,,,,
2026-07-12T07:29:19.994000+00:00,spot_10,Spot 10,Empty,2026-07-12T03:06:19.142482+00:00,,,,,,,,
2026-07-12T07:29:19.994000+00:00,spot_11,Spot 11,Empty,2026-07-12T03:03:18.523817+00:00,,,,,,,,
2026-07-12T07:29:19.994000+00:00,spot_12,Spot 12,Empty,2026-07-12T03:22:19.442603+00:00,,,,,,,,
2026-07-12T07:29:19.994000+00:00,spot_13,Spot 13,Empty,2026-07-12T04:34:19.150717+00:00,,,,,,,,
2026-07-12T07:29:19.994000+00:00,spot_14,Spot 14,Empty,2026-07-12T06:32:56.667756+00:00,,,,,,,,
2026-07-12T07:29:19.994000+00:00,spot_15,Spot 15,Empty,2026-07-12T03:02:26.652017+00:00,,,,,,,,
2026-07-12T07:29:19.994000+00:00,spot_16,Spot 16,Empty,2026-07-12T03:02:26.652024+00:00,,,,,,,,
2026-07-12T07:29:19.994000+00:00,spot_17,Spot 17,Empty,2026-07-12T03:02:26.652031+00:00,,,,,,,,
2026-07-12T07:30:17.568906+00:00,spot_1,Spot 1,Empty,2026-07-12T06:30:49.334387+00:00,,,,,,,,
2026-07-12T07:30:17.568906+00:00,spot_2,Spot 2,Empty,2026-07-12T03:02:26.651924+00:00,,,,,,,,
2026-07-12T07:30:17.568906+00:00,spot_3,Spot 3,Empty,2026-07-12T03:02:26.651934+00:00,,,,,,,,
2026-07-12T07:30:17.568906+00:00,spot_4,Spot 4,Empty,2026-07-12T03:02:26.651943+00:00,,,,,,,,
2026-07-12T07:30:17.568906+00:00,spot_5,Spot 5,Empty,2026-07-12T03:16:20.075827+00:00,,,,,,,,
2026-07-12T07:30:17.568906+00:00,spot_6,Spot 6,Empty,2026-07-12T03:02:26.651957+00:00,,,,,,,,
2026-07-12T07:30:17.568906+00:00,spot_7,Spot 7,Empty,2026-07-12T03:02:26.651964+00:00,,,,,,,,
2026-07-12T07:30:17.568906+00:00,spot_8,Spot 8,Empty,2026-07-12T07:13:10.953904+00:00,,,,,,,,
2026-07-12T07:30:17.568906+00:00,spot_9,Spot 9,Empty,2026-07-12T03:02:26.651977+00:00,,,,,,,,
2026-07-12T07:30:17.568906+00:00,spot_10,Spot 10,Empty,2026-07-12T03:06:19.142482+00:00,,,,,,,,
2026-07-12T07:30:17.568906+00:00,spot_11,Spot 11,Empty,2026-07-12T03:03:18.523817+00:00,,,,,,,,
2026-07-12T07:30:17.568906+00:00,spot_12,Spot 12,Empty,2026-07-12T03:22:19.442603+00:00,,,,,,,,
2026-07-12T07:30:17.568906+00:00,spot_13,Spot 13,Empty,2026-07-12T04:34:19.150717+00:00,,,,,,,,
2026-07-12T07:30:17.568906+00:00,spot_14,Spot 14,Empty,2026-07-12T06:32:56.667756+00:00,,,,,,,,
2026-07-12T07:30:17.568906+00:00,spot_15,Spot 15,Empty,2026-07-12T03:02:26.652017+00:00,,,,,,,,
2026-07-12T07:30:17.568906+00:00,spot_16,Spot 16,Empty,2026-07-12T03:02:26.652024+00:00,,,,,,,,
2026-07-12T07:30:17.568906+00:00,spot_17,Spot 17,Empty,2026-07-12T03:02:26.652031+00:00,,,,,,,,
2026-07-12T07:31:18.221561+00:00,spot_1,Spot 1,Empty,2026-07-12T06:30:49.334387+00:00,,,,,,,,
2026-07-12T07:31:18.221561+00:00,spot_2,Spot 2,Empty,2026-07-12T03:02:26.651924+00:00,,,,,,,,
2026-07-12T07:31:18.221561+00:00,spot_3,Spot 3,Empty,2026-07-12T03:02:26.651934+00:00,,,,,,,,
2026-07-12T07:31:18.221561+00:00,spot_4,Spot 4,Empty,2026-07-12T03:02:26.651943+00:00,,,,,,,,
2026-07-12T07:31:18.221561+00:00,spot_5,Spot 5,Empty,2026-07-12T03:16:20.075827+00:00,,,,,,,,
2026-07-12T07:31:18.221561+00:00,spot_6,Spot 6,Empty,2026-07-12T03:02:26.651957+00:00,,,,,,,,
2026-07-12T07:31:18.221561+00:00,spot_7,Spot 7,Empty,2026-07-12T03:02:26.651964+00:00,,,,,,,,
2026-07-12T07:31:18.221561+00:00,spot_8,Spot 8,Empty,2026-07-12T07:13:10.953904+00:00,,,,,,,,
2026-07-12T07:31:18.221561+00:00,spot_9,Spot 9,Empty,2026-07-12T03:02:26.651977+00:00,,,,,,,,
2026-07-12T07:31:18.221561+00:00,spot_10,Spot 10,Empty,2026-07-12T03:06:19.142482+00:00,,,,,,,,
2026-07-12T07:31:18.221561+00:00,spot_11,Spot 11,Empty,2026-07-12T03:03:18.523817+00:00,,,,,,,,
2026-07-12T07:31:18.221561+00:00,spot_12,Spot 12,Empty,2026-07-12T03:22:19.442603+00:00,,,,,,,,
2026-07-12T07:31:18.221561+00:00,spot_13,Spot 13,Empty,2026-07-12T04:34:19.150717+00:00,,,,,,,,
2026-07-12T07:31:18.221561+00:00,spot_14,Spot 14,Empty,2026-07-12T06:32:56.667756+00:00,,,,,,,,
2026-07-12T07:31:18.221561+00:00,spot_15,Spot 15,Empty,2026-07-12T03:02:26.652017+00:00,,,,,,,,
2026-07-12T07:31:18.221561+00:00,spot_16,Spot 16,Empty,2026-07-12T03:02:26.652024+00:00,,,,,,,,
2026-07-12T07:31:18.221561+00:00,spot_17,Spot 17,Empty,2026-07-12T03:02:26.652031+00:00,,,,,,,,
2026-07-12T07:32:10.299225+00:00,spot_1,Spot 1,Empty,2026-07-12T06:30:49.334387+00:00,,,,,,,,
2026-07-12T07:32:10.299225+00:00,spot_2,Spot 2,Empty,2026-07-12T03:02:26.651924+00:00,,,,,,,,
2026-07-12T07:32:10.299225+00:00,spot_3,Spot 3,Empty,2026-07-12T03:02:26.651934+00:00,,,,,,,,
2026-07-12T07:32:10.299225+00:00,spot_4,Spot 4,Empty,2026-07-12T03:02:26.651943+00:00,,,,,,,,
2026-07-12T07:32:10.299225+00:00,spot_5,Spot 5,Empty,2026-07-12T03:16:20.075827+00:00,,,,,,,,
2026-07-12T07:32:10.299225+00:00,spot_6,Spot 6,Empty,2026-07-12T03:02:26.651957+00:00,,,,,,,,
2026-07-12T07:32:10.299225+00:00,spot_7,Spot 7,Empty,2026-07-12T03:02:26.651964+00:00,,,,,,,,
2026-07-12T07:32:10.299225+00:00,spot_8,Spot 8,Empty,2026-07-12T07:13:10.953904+00:00,,,,,,,,
2026-07-12T07:32:10.299225+00:00,spot_9,Spot 9,Empty,2026-07-12T03:02:26.651977+00:00,,,,,,,,
2026-07-12T07:32:10.299225+00:00,spot_10,Spot 10,Empty,2026-07-12T03:06:19.142482+00:00,,,,,,,,
2026-07-12T07:32:10.299225+00:00,spot_11,Spot 11,Empty,2026-07-12T03:03:18.523817+00:00,,,,,,,,
2026-07-12T07:32:10.299225+00:00,spot_12,Spot 12,Empty,2026-07-12T03:22:19.442603+00:00,,,,,,,,
2026-07-12T07:32:10.299225+00:00,spot_13,Spot 13,Empty,2026-07-12T04:34:19.150717+00:00,,,,,,,,
2026-07-12T07:32:10.299225+00:00,spot_14,Spot 14,Empty,2026-07-12T06:32:56.667756+00:00,,,,,,,,
2026-07-12T07:32:10.299225+00:00,spot_15,Spot 15,Empty,2026-07-12T03:02:26.652017+00:00,,,,,,,,
2026-07-12T07:32:10.299225+00:00,spot_16,Spot 16,Empty,2026-07-12T03:02:26.652024+00:00,,,,,,,,
2026-07-12T07:32:10.299225+00:00,spot_17,Spot 17,Empty,2026-07-12T03:02:26.652031+00:00,,,,,,,,
2026-07-12T07:33:13.540486+00:00,spot_1,Spot 1,Empty,2026-07-12T06:30:49.334387+00:00,,,,,,,,
2026-07-12T07:33:13.540486+00:00,spot_2,Spot 2,Empty,2026-07-12T03:02:26.651924+00:00,,,,,,,,
2026-07-12T07:33:13.540486+00:00,spot_3,Spot 3,Empty,2026-07-12T03:02:26.651934+00:00,,,,,,,,
2026-07-12T07:33:13.540486+00:00,spot_4,Spot 4,Empty,2026-07-12T03:02:26.651943+00:00,,,,,,,,
2026-07-12T07:33:13.540486+00:00,spot_5,Spot 5,Empty,2026-07-12T03:16:20.075827+00:00,,,,,,,,
2026-07-12T07:33:13.540486+00:00,spot_6,Spot 6,Empty,2026-07-12T03:02:26.651957+00:00,,,,,,,,
2026-07-12T07:33:13.540486+00:00,spot_7,Spot 7,Empty,2026-07-12T03:02:26.651964+00:00,,,,,,,,
2026-07-12T07:33:13.540486+00:00,spot_8,Spot 8,Empty,2026-07-12T07:13:10.953904+00:00,,,,,,,,
2026-07-12T07:33:13.540486+00:00,spot_9,Spot 9,Empty,2026-07-12T03:02:26.651977+00:00,,,,,,,,
2026-07-12T07:33:13.540486+00:00,spot_10,Spot 10,Empty,2026-07-12T03:06:19.142482+00:00,,,,,,,,
2026-07-12T07:33:13.540486+00:00,spot_11,Spot 11,Empty,2026-07-12T03:03:18.523817+00:00,,,,,,,,
2026-07-12T07:33:13.540486+00:00,spot_12,Spot 12,Empty,2026-07-12T03:22:19.442603+00:00,,,,,,,,
2026-07-12T07:33:13.540486+00:00,spot_13,Spot 13,Empty,2026-07-12T04:34:19.150717+00:00,,,,,,,,
2026-07-12T07:33:13.540486+00:00,spot_14,Spot 14,Empty,2026-07-12T06:32:56.667756+00:00,,,,,,,,
2026-07-12T07:33:13.540486+00:00,spot_15,Spot 15,Empty,2026-07-12T03:02:26.652017+00:00,,,,,,,,
2026-07-12T07:33:13.540486+00:00,spot_16,Spot 16,Empty,2026-07-12T03:02:26.652024+00:00,,,,,,,,
2026-07-12T07:33:13.540486+00:00,spot_17,Spot 17,Empty,2026-07-12T03:02:26.652031+00:00,,,,,,,,
2026-07-12T07:34:15.730661+00:00,spot_1,Spot 1,Empty,2026-07-12T06:30:49.334387+00:00,,,,,,,,
2026-07-12T07:34:15.730661+00:00,spot_2,Spot 2,Empty,2026-07-12T03:02:26.651924+00:00,,,,,,,,
2026-07-12T07:34:15.730661+00:00,spot_3,Spot 3,Empty,2026-07-12T03:02:26.651934+00:00,,,,,,,,
2026-07-12T07:34:15.730661+00:00,spot_4,Spot 4,Empty,2026-07-12T03:02:26.651943+00:00,,,,,,,,
2026-07-12T07:34:15.730661+00:00,spot_5,Spot 5,Empty,2026-07-12T03:16:20.075827+00:00,,,,,,,,
2026-07-12T07:34:15.730661+00:00,spot_6,Spot 6,Empty,2026-07-12T03:02:26.651957+00:00,,,,,,,,
2026-07-12T07:34:15.730661+00:00,spot_7,Spot 7,Empty,2026-07-12T03:02:26.651964+00:00,,,,,,,,
2026-07-12T07:34:15.730661+00:00,spot_8,Spot 8,Empty,2026-07-12T07:13:10.953904+00:00,,,,,,,,
2026-07-12T07:34:15.730661+00:00,spot_9,Spot 9,Empty,2026-07-12T03:02:26.651977+00:00,,,,,,,,
2026-07-12T07:34:15.730661+00:00,spot_10,Spot 10,Empty,2026-07-12T03:06:19.142482+00:00,,,,,,,,
2026-07-12T07:34:15.730661+00:00,spot_11,Spot 11,Empty,2026-07-12T03:03:18.523817+00:00,,,,,,,,
2026-07-12T07:34:15.730661+00:00,spot_12,Spot 12,Empty,2026-07-12T03:22:19.442603+00:00,,,,,,,,
2026-07-12T07:34:15.730661+00:00,spot_13,Spot 13,Empty,2026-07-12T04:34:19.150717+00:00,,,,,,,,
2026-07-12T07:34:15.730661+00:00,spot_14,Spot 14,Empty,2026-07-12T06:32:56.667756+00:00,,,,,,,,
2026-07-12T07:34:15.730661+00:00,spot_15,Spot 15,Empty,2026-07-12T03:02:26.652017+00:00,,,,,,,,
2026-07-12T07:34:15.730661+00:00,spot_16,Spot 16,Empty,2026-07-12T03:02:26.652024+00:00,,,,,,,,
2026-07-12T07:34:15.730661+00:00,spot_17,Spot 17,Empty,2026-07-12T03:02:26.652031+00:00,,,,,,,,
2026-07-12T07:35:39.362928+00:00,spot_1,Spot 1,Empty,2026-07-12T06:30:49.334387+00:00,,,,,,,,
2026-07-12T07:35:39.362928+00:00,spot_2,Spot 2,Empty,2026-07-12T03:02:26.651924+00:00,,,,,,,,
2026-07-12T07:35:39.362928+00:00,spot_3,Spot 3,Empty,2026-07-12T03:02:26.651934+00:00,,,,,,,,
2026-07-12T07:35:39.362928+00:00,spot_4,Spot 4,Empty,2026-07-12T03:02:26.651943+00:00,,,,,,,,
2026-07-12T07:35:39.362928+00:00,spot_5,Spot 5,Empty,2026-07-12T03:16:20.075827+00:00,,,,,,,,
2026-07-12T07:35:39.362928+00:00,spot_6,Spot 6,Empty,2026-07-12T03:02:26.651957+00:00,,,,,,,,
2026-07-12T07:35:39.362928+00:00,spot_7,Spot 7,Empty,2026-07-12T03:02:26.651964+00:00,,,,,,,,
2026-07-12T07:35:39.362928+00:00,spot_8,Spot 8,Empty,2026-07-12T07:13:10.953904+00:00,,,,,,,,
2026-07-12T07:35:39.362928+00:00,spot_9,Spot 9,Empty,2026-07-12T03:02:26.651977+00:00,,,,,,,,
2026-07-12T07:35:39.362928+00:00,spot_10,Spot 10,Empty,2026-07-12T03:06:19.142482+00:00,,,,,,,,
2026-07-12T07:35:39.362928+00:00,spot_11,Spot 11,Empty,2026-07-12T03:03:18.523817+00:00,,,,,,,,
2026-07-12T07:35:39.362928+00:00,spot_12,Spot 12,Empty,2026-07-12T03:22:19.442603+00:00,,,,,,,,
2026-07-12T07:35:39.362928+00:00,spot_13,Spot 13,Empty,2026-07-12T04:34:19.150717+00:00,,,,,,,,
2026-07-12T07:35:39.362928+00:00,spot_14,Spot 14,Empty,2026-07-12T06:32:56.667756+00:00,,,,,,,,
2026-07-12T07:35:39.362928+00:00,spot_15,Spot 15,Empty,2026-07-12T03:02:26.652017+00:00,,,,,,,,
2026-07-12T07:35:39.362928+00:00,spot_16,Spot 16,Empty,2026-07-12T03:02:26.652024+00:00,,,,,,,,
2026-07-12T07:35:39.362928+00:00,spot_17,Spot 17,Empty,2026-07-12T03:02:26.652031+00:00,,,,,,,,
2026-07-12T07:36:38.574364+00:00,spot_1,Spot 1,Empty,2026-07-12T06:30:49.334387+00:00,,,,,,,,
2026-07-12T07:36:38.574364+00:00,spot_2,Spot 2,Empty,2026-07-12T03:02:26.651924+00:00,,,,,,,,
2026-07-12T07:36:38.574364+00:00,spot_3,Spot 3,Empty,2026-07-12T03:02:26.651934+00:00,,,,,,,,
2026-07-12T07:36:38.574364+00:00,spot_4,Spot 4,Empty,2026-07-12T03:02:26.651943+00:00,,,,,,,,
2026-07-12T07:36:38.574364+00:00,spot_5,Spot 5,Empty,2026-07-12T03:16:20.075827+00:00,,,,,,,,
2026-07-12T07:36:38.574364+00:00,spot_6,Spot 6,Empty,2026-07-12T03:02:26.651957+00:00,,,,,,,,
2026-07-12T07:36:38.574364+00:00,spot_7,Spot 7,Empty,2026-07-12T03:02:26.651964+00:00,,,,,,,,
2026-07-12T07:36:38.574364+00:00,spot_8,Spot 8,Empty,2026-07-12T07:13:10.953904+00:00,,,,,,,,
2026-07-12T07:36:38.574364+00:00,spot_9,Spot 9,Empty,2026-07-12T03:02:26.651977+00:00,,,,,,,,
2026-07-12T07:36:38.574364+00:00,spot_10,Spot 10,Empty,2026-07-12T03:06:19.142482+00:00,,,,,,,,
2026-07-12T07:36:38.574364+00:00,spot_11,Spot 11,Empty,2026-07-12T03:03:18.523817+00:00,,,,,,,,
2026-07-12T07:36:38.574364+00:00,spot_12,Spot 12,Empty,2026-07-12T03:22:19.442603+00:00,,,,,,,,
2026-07-12T07:36:38.574364+00:00,spot_13,Spot 13,Empty,2026-07-12T04:34:19.150717+00:00,,,,,,,,
2026-07-12T07:36:38.574364+00:00,spot_14,Spot 14,Empty,2026-07-12T06:32:56.667756+00:00,,,,,,,,
2026-07-12T07:36:38.574364+00:00,spot_15,Spot 15,Empty,2026-07-12T03:02:26.652017+00:00,,,,,,,,
2026-07-12T07:36:38.574364+00:00,spot_16,Spot 16,Empty,2026-07-12T03:02:26.652024+00:00,,,,,,,,
2026-07-12T07:36:38.574364+00:00,spot_17,Spot 17,Empty,2026-07-12T03:02:26.652031+00:00,,,,,,,,
2026-07-12T07:37:31.443457+00:00,spot_1,Spot 1,Empty,2026-07-12T06:30:49.334387+00:00,,,,,,,,
2026-07-12T07:37:31.443457+00:00,spot_2,Spot 2,Empty,2026-07-12T03:02:26.651924+00:00,,,,,,,,
2026-07-12T07:37:31.443457+00:00,spot_3,Spot 3,Empty,2026-07-12T03:02:26.651934+00:00,,,,,,,,
2026-07-12T07:37:31.443457+00:00,spot_4,Spot 4,Empty,2026-07-12T03:02:26.651943+00:00,,,,,,,,
2026-07-12T07:37:31.443457+00:00,spot_5,Spot 5,Empty,2026-07-12T03:16:20.075827+00:00,,,,,,,,
2026-07-12T07:37:31.443457+00:00,spot_6,Spot 6,Empty,2026-07-12T03:02:26.651957+00:00,,,,,,,,
2026-07-12T07:37:31.443457+00:00,spot_7,Spot 7,Empty,2026-07-12T03:02:26.651964+00:00,,,,,,,,
2026-07-12T07:37:31.443457+00:00,spot_8,Spot 8,Empty,2026-07-12T07:13:10.953904+00:00,,,,,,,,
2026-07-12T07:37:31.443457+00:00,spot_9,Spot 9,Empty,2026-07-12T03:02:26.651977+00:00,,,,,,,,
2026-07-12T07:37:31.443457+00:00,spot_10,Spot 10,Empty,2026-07-12T03:06:19.142482+00:00,,,,,,,,
2026-07-12T07:37:31.443457+00:00,spot_11,Spot 11,Empty,2026-07-12T03:03:18.523817+00:00,,,,,,,,
2026-07-12T07:37:31.443457+00:00,spot_12,Spot 12,Empty,2026-07-12T03:22:19.442603+00:00,,,,,,,,
2026-07-12T07:37:31.443457+00:00,spot_13,Spot 13,Empty,2026-07-12T04:34:19.150717+00:00,,,,,,,,
2026-07-12T07:37:31.443457+00:00,spot_14,Spot 14,Empty,2026-07-12T06:32:56.667756+00:00,,,,,,,,
2026-07-12T07:37:31.443457+00:00,spot_15,Spot 15,Empty,2026-07-12T03:02:26.652017+00:00,,,,,,,,
2026-07-12T07:37:31.443457+00:00,spot_16,Spot 16,Empty,2026-07-12T03:02:26.652024+00:00,,,,,,,,
2026-07-12T07:37:31.443457+00:00,spot_17,Spot 17,Empty,2026-07-12T03:02:26.652031+00:00,,,,,,,,
2026-07-12T07:38:22.903579+00:00,spot_1,Spot 1,Empty,2026-07-12T06:30:49.334387+00:00,,,,,,,,
2026-07-12T07:38:22.903579+00:00,spot_2,Spot 2,Empty,2026-07-12T03:02:26.651924+00:00,,,,,,,,
2026-07-12T07:38:22.903579+00:00,spot_3,Spot 3,Empty,2026-07-12T03:02:26.651934+00:00,,,,,,,,
2026-07-12T07:38:22.903579+00:00,spot_4,Spot 4,Empty,2026-07-12T03:02:26.651943+00:00,,,,,,,,
2026-07-12T07:38:22.903579+00:00,spot_5,Spot 5,Empty,2026-07-12T03:16:20.075827+00:00,,,,,,,,
2026-07-12T07:38:22.903579+00:00,spot_6,Spot 6,Empty,2026-07-12T03:02:26.651957+00:00,,,,,,,,
2026-07-12T07:38:22.903579+00:00,spot_7,Spot 7,Empty,2026-07-12T03:02:26.651964+00:00,,,,,,,,
2026-07-12T07:38:22.903579+00:00,spot_8,Spot 8,Empty,2026-07-12T07:13:10.953904+00:00,,,,,,,,
2026-07-12T07:38:22.903579+00:00,spot_9,Spot 9,Empty,2026-07-12T03:02:26.651977+00:00,,,,,,,,
2026-07-12T07:38:22.903579+00:00,spot_10,Spot 10,Empty,2026-07-12T03:06:19.142482+00:00,,,,,,,,
2026-07-12T07:38:22.903579+00:00,spot_11,Spot 11,Empty,2026-07-12T03:03:18.523817+00:00,,,,,,,,
2026-07-12T07:38:22.903579+00:00,spot_12,Spot 12,Empty,2026-07-12T03:22:19.442603+00:00,,,,,,,,
2026-07-12T07:38:22.903579+00:00,spot_13,Spot 13,Empty,2026-07-12T04:34:19.150717+00:00,,,,,,,,
2026-07-12T07:38:22.903579+00:00,spot_14,Spot 14,Empty,2026-07-12T06:32:56.667756+00:00,,,,,,,,
2026-07-12T07:38:22.903579+00:00,spot_15,Spot 15,Empty,2026-07-12T03:02:26.652017+00:00,,,,,,,,
2026-07-12T07:38:22.903579+00:00,spot_16,Spot 16,Empty,2026-07-12T03:02:26.652024+00:00,,,,,,,,
2026-07-12T07:38:22.903579+00:00,spot_17,Spot 17,Empty,2026-07-12T03:02:26.652031+00:00,,,,,,,,
2026-07-12T07:39:20.933804+00:00,spot_1,Spot 1,Empty,2026-07-12T06:30:49.334387+00:00,,,,,,,,
2026-07-12T07:39:20.933804+00:00,spot_2,Spot 2,Empty,2026-07-12T03:02:26.651924+00:00,,,,,,,,
2026-07-12T07:39:20.933804+00:00,spot_3,Spot 3,Empty,2026-07-12T03:02:26.651934+00:00,,,,,,,,
2026-07-12T07:39:20.933804+00:00,spot_4,Spot 4,Empty,2026-07-12T03:02:26.651943+00:00,,,,,,,,
2026-07-12T07:39:20.933804+00:00,spot_5,Spot 5,Empty,2026-07-12T03:16:20.075827+00:00,,,,,,,,
2026-07-12T07:39:20.933804+00:00,spot_6,Spot 6,Empty,2026-07-12T03:02:26.651957+00:00,,,,,,,,
2026-07-12T07:39:20.933804+00:00,spot_7,Spot 7,Empty,2026-07-12T03:02:26.651964+00:00,,,,,,,,
2026-07-12T07:39:20.933804+00:00,spot_8,Spot 8,Empty,2026-07-12T07:13:10.953904+00:00,,,,,,,,
2026-07-12T07:39:20.933804+00:00,spot_9,Spot 9,Empty,2026-07-12T03:02:26.651977+00:00,,,,,,,,
2026-07-12T07:39:20.933804+00:00,spot_10,Spot 10,Empty,2026-07-12T03:06:19.142482+00:00,,,,,,,,
2026-07-12T07:39:20.933804+00:00,spot_11,Spot 11,Empty,2026-07-12T03:03:18.523817+00:00,,,,,,,,
2026-07-12T07:39:20.933804+00:00,spot_12,Spot 12,Empty,2026-07-12T03:22:19.442603+00:00,,,,,,,,
2026-07-12T07:39:20.933804+00:00,spot_13,Spot 13,Empty,2026-07-12T04:34:19.150717+00:00,,,,,,,,
2026-07-12T07:39:20.933804+00:00,spot_14,Spot 14,Empty,2026-07-12T06:32:56.667756+00:00,,,,,,,,
2026-07-12T07:39:20.933804+00:00,spot_15,Spot 15,Empty,2026-07-12T03:02:26.652017+00:00,,,,,,,,
2026-07-12T07:39:20.933804+00:00,spot_16,Spot 16,Empty,2026-07-12T03:02:26.652024+00:00,,,,,,,,
2026-07-12T07:39:20.933804+00:00,spot_17,Spot 17,Empty,2026-07-12T03:02:26.652031+00:00,,,,,,,,
2026-07-12T07:40:15.472068+00:00,spot_1,Spot 1,Empty,2026-07-12T06:30:49.334387+00:00,,,,,,,,
2026-07-12T07:40:15.472068+00:00,spot_2,Spot 2,Empty,2026-07-12T03:02:26.651924+00:00,,,,,,,,
2026-07-12T07:40:15.472068+00:00,spot_3,Spot 3,Empty,2026-07-12T03:02:26.651934+00:00,,,,,,,,
2026-07-12T07:40:15.472068+00:00,spot_4,Spot 4,Empty,2026-07-12T03:02:26.651943+00:00,,,,,,,,
2026-07-12T07:40:15.472068+00:00,spot_5,Spot 5,Empty,2026-07-12T03:16:20.075827+00:00,,,,,,,,
2026-07-12T07:40:15.472068+00:00,spot_6,Spot 6,Empty,2026-07-12T03:02:26.651957+00:00,,,,,,,,
2026-07-12T07:40:15.472068+00:00,spot_7,Spot 7,Empty,2026-07-12T03:02:26.651964+00:00,,,,,,,,
2026-07-12T07:40:15.472068+00:00,spot_8,Spot 8,Empty,2026-07-12T07:13:10.953904+00:00,,,,,,,,
2026-07-12T07:40:15.472068+00:00,spot_9,Spot 9,Empty,2026-07-12T03:02:26.651977+00:00,,,,,,,,
2026-07-12T07:40:15.472068+00:00,spot_10,Spot 10,Empty,2026-07-12T03:06:19.142482+00:00,,,,,,,,
2026-07-12T07:40:15.472068+00:00,spot_11,Spot 11,Empty,2026-07-12T03:03:18.523817+00:00,,,,,,,,
2026-07-12T07:40:15.472068+00:00,spot_12,Spot 12,Empty,2026-07-12T03:22:19.442603+00:00,,,,,,,,
2026-07-12T07:40:15.472068+00:00,spot_13,Spot 13,Empty,2026-07-12T04:34:19.150717+00:00,,,,,,,,
2026-07-12T07:40:15.472068+00:00,spot_14,Spot 14,Empty,2026-07-12T06:32:56.667756+00:00,,,,,,,,
2026-07-12T07:40:15.472068+00:00,spot_15,Spot 15,Empty,2026-07-12T03:02:26.652017+00:00,,,,,,,,
2026-07-12T07:40:15.472068+00:00,spot_16,Spot 16,Empty,2026-07-12T03:02:26.652024+00:00,,,,,,,,
2026-07-12T07:40:15.472068+00:00,spot_17,Spot 17,Empty,2026-07-12T03:02:26.652031+00:00,,,,,,,,
2026-07-12T07:41:07.085295+00:00,spot_1,Spot 1,Empty,2026-07-12T06:30:49.334387+00:00,,,,,,,,
2026-07-12T07:41:07.085295+00:00,spot_2,Spot 2,Empty,2026-07-12T03:02:26.651924+00:00,,,,,,,,
2026-07-12T07:41:07.085295+00:00,spot_3,Spot 3,Empty,2026-07-12T03:02:26.651934+00:00,,,,,,,,
2026-07-12T07:41:07.085295+00:00,spot_4,Spot 4,Empty,2026-07-12T03:02:26.651943+00:00,,,,,,,,
2026-07-12T07:41:07.085295+00:00,spot_5,Spot 5,Empty,2026-07-12T03:16:20.075827+00:00,,,,,,,,
2026-07-12T07:41:07.085295+00:00,spot_6,Spot 6,Empty,2026-07-12T03:02:26.651957+00:00,,,,,,,,
2026-07-12T07:41:07.085295+00:00,spot_7,Spot 7,Empty,2026-07-12T03:02:26.651964+00:00,,,,,,,,
2026-07-12T07:41:07.085295+00:00,spot_8,Spot 8,Empty,2026-07-12T07:13:10.953904+00:00,,,,,,,,
2026-07-12T07:41:07.085295+00:00,spot_9,Spot 9,Empty,2026-07-12T03:02:26.651977+00:00,,,,,,,,
2026-07-12T07:41:07.085295+00:00,spot_10,Spot 10,Empty,2026-07-12T03:06:19.142482+00:00,,,,,,,,
2026-07-12T07:41:07.085295+00:00,spot_11,Spot 11,Empty,2026-07-12T03:03:18.523817+00:00,,,,,,,,
2026-07-12T07:41:07.085295+00:00,spot_12,Spot 12,Empty,2026-07-12T03:22:19.442603+00:00,,,,,,,,
2026-07-12T07:41:07.085295+00:00,spot_13,Spot 13,Empty,2026-07-12T04:34:19.150717+00:00,,,,,,,,
2026-07-12T07:41:07.085295+00:00,spot_14,Spot 14,Empty,2026-07-12T06:32:56.667756+00:00,,,,,,,,
2026-07-12T07:41:07.085295+00:00,spot_15,Spot 15,Empty,2026-07-12T03:02:26.652017+00:00,,,,,,,,
2026-07-12T07:41:07.085295+00:00,spot_16,Spot 16,Empty,2026-07-12T03:02:26.652024+00:00,,,,,,,,
2026-07-12T07:41:07.085295+00:00,spot_17,Spot 17,Empty,2026-07-12T03:02:26.652031+00:00,,,,,,,,
2026-07-12T07:41:59.494653+00:00,spot_1,Spot 1,Empty,2026-07-12T06:30:49.334387+00:00,,,,,,,,
2026-07-12T07:41:59.494653+00:00,spot_2,Spot 2,Empty,2026-07-12T03:02:26.651924+00:00,,,,,,,,
2026-07-12T07:41:59.494653+00:00,spot_3,Spot 3,Empty,2026-07-12T03:02:26.651934+00:00,,,,,,,,
2026-07-12T07:41:59.494653+00:00,spot_4,Spot 4,Empty,2026-07-12T03:02:26.651943+00:00,,,,,,,,
2026-07-12T07:41:59.494653+00:00,spot_5,Spot 5,Empty,2026-07-12T03:16:20.075827+00:00,,,,,,,,
2026-07-12T07:41:59.494653+00:00,spot_6,Spot 6,Empty,2026-07-12T03:02:26.651957+00:00,,,,,,,,
2026-07-12T07:41:59.494653+00:00,spot_7,Spot 7,Empty,2026-07-12T03:02:26.651964+00:00,,,,,,,,
2026-07-12T07:41:59.494653+00:00,spot_8,Spot 8,Empty,2026-07-12T07:13:10.953904+00:00,,,,,,,,
2026-07-12T07:41:59.494653+00:00,spot_9,Spot 9,Empty,2026-07-12T03:02:26.651977+00:00,,,,,,,,
2026-07-12T07:41:59.494653+00:00,spot_10,Spot 10,Empty,2026-07-12T03:06:19.142482+00:00,,,,,,,,
2026-07-12T07:41:59.494653+00:00,spot_11,Spot 11,Empty,2026-07-12T03:03:18.523817+00:00,,,,,,,,
2026-07-12T07:41:59.494653+00:00,spot_12,Spot 12,Empty,2026-07-12T03:22:19.442603+00:00,,,,,,,,
2026-07-12T07:41:59.494653+00:00,spot_13,Spot 13,Empty,2026-07-12T04:34:19.150717+00:00,,,,,,,,
2026-07-12T07:41:59.494653+00:00,spot_14,Spot 14,Empty,2026-07-12T06:32:56.667756+00:00,,,,,,,,
2026-07-12T07:41:59.494653+00:00,spot_15,Spot 15,Empty,2026-07-12T03:02:26.652017+00:00,,,,,,,,
2026-07-12T07:41:59.494653+00:00,spot_16,Spot 16,Empty,2026-07-12T03:02:26.652024+00:00,,,,,,,,
2026-07-12T07:41:59.494653+00:00,spot_17,Spot 17,Empty,2026-07-12T03:02:26.652031+00:00,,,,,,,,
2026-07-12T07:42:51.741408+00:00,spot_1,Spot 1,Empty,2026-07-12T06:30:49.334387+00:00,,,,,,,,
2026-07-12T07:42:51.741408+00:00,spot_2,Spot 2,Empty,2026-07-12T03:02:26.651924+00:00,,,,,,,,
2026-07-12T07:42:51.741408+00:00,spot_3,Spot 3,Empty,2026-07-12T03:02:26.651934+00:00,,,,,,,,
2026-07-12T07:42:51.741408+00:00,spot_4,Spot 4,Empty,2026-07-12T03:02:26.651943+00:00,,,,,,,,
2026-07-12T07:42:51.741408+00:00,spot_5,Spot 5,Empty,2026-07-12T03:16:20.075827+00:00,,,,,,,,
2026-07-12T07:42:51.741408+00:00,spot_6,Spot 6,Empty,2026-07-12T03:02:26.651957+00:00,,,,,,,,
2026-07-12T07:42:51.741408+00:00,spot_7,Spot 7,Empty,2026-07-12T03:02:26.651964+00:00,,,,,,,,
2026-07-12T07:42:51.741408+00:00,spot_8,Spot 8,Empty,2026-07-12T07:13:10.953904+00:00,,,,,,,,
2026-07-12T07:42:51.741408+00:00,spot_9,Spot 9,Empty,2026-07-12T03:02:26.651977+00:00,,,,,,,,
2026-07-12T07:42:51.741408+00:00,spot_10,Spot 10,Empty,2026-07-12T03:06:19.142482+00:00,,,,,,,,
2026-07-12T07:42:51.741408+00:00,spot_11,Spot 11,Empty,2026-07-12T03:03:18.523817+00:00,,,,,,,,
2026-07-12T07:42:51.741408+00:00,spot_12,Spot 12,Empty,2026-07-12T03:22:19.442603+00:00,,,,,,,,
2026-07-12T07:42:51.741408+00:00,spot_13,Spot 13,Empty,2026-07-12T04:34:19.150717+00:00,,,,,,,,
2026-07-12T07:42:51.741408+00:00,spot_14,Spot 14,Empty,2026-07-12T06:32:56.667756+00:00,,,,,,,,
2026-07-12T07:42:51.741408+00:00,spot_15,Spot 15,Empty,2026-07-12T03:02:26.652017+00:00,,,,,,,,
2026-07-12T07:42:51.741408+00:00,spot_16,Spot 16,Empty,2026-07-12T03:02:26.652024+00:00,,,,,,,,
2026-07-12T07:42:51.741408+00:00,spot_17,Spot 17,Empty,2026-07-12T03:02:26.652031+00:00,,,,,,,,
2026-07-12T07:43:42.671244+00:00,spot_1,Spot 1,Empty,2026-07-12T06:30:49.334387+00:00,,,,,,,,
2026-07-12T07:43:42.671244+00:00,spot_2,Spot 2,Empty,2026-07-12T03:02:26.651924+00:00,,,,,,,,
2026-07-12T07:43:42.671244+00:00,spot_3,Spot 3,Empty,2026-07-12T03:02:26.651934+00:00,,,,,,,,
2026-07-12T07:43:42.671244+00:00,spot_4,Spot 4,Empty,2026-07-12T03:02:26.651943+00:00,,,,,,,,
2026-07-12T07:43:42.671244+00:00,spot_5,Spot 5,Empty,2026-07-12T03:16:20.075827+00:00,,,,,,,,
2026-07-12T07:43:42.671244+00:00,spot_6,Spot 6,Empty,2026-07-12T03:02:26.651957+00:00,,,,,,,,
2026-07-12T07:43:42.671244+00:00,spot_7,Spot 7,Empty,2026-07-12T03:02:26.651964+00:00,,,,,,,,
2026-07-12T07:43:42.671244+00:00,spot_8,Spot 8,Empty,2026-07-12T07:13:10.953904+00:00,,,,,,,,
2026-07-12T07:43:42.671244+00:00,spot_9,Spot 9,Empty,2026-07-12T03:02:26.651977+00:00,,,,,,,,
2026-07-12T07:43:42.671244+00:00,spot_10,Spot 10,Empty,2026-07-12T03:06:19.142482+00:00,,,,,,,,
2026-07-12T07:43:42.671244+00:00,spot_11,Spot 11,Empty,2026-07-12T03:03:18.523817+00:00,,,,,,,,
2026-07-12T07:43:42.671244+00:00,spot_12,Spot 12,Empty,2026-07-12T03:22:19.442603+00:00,,,,,,,,
2026-07-12T07:43:42.671244+00:00,spot_13,Spot 13,Empty,2026-07-12T04:34:19.150717+00:00,,,,,,,,
2026-07-12T07:43:42.671244+00:00,spot_14,Spot 14,Empty,2026-07-12T06:32:56.667756+00:00,,,,,,,,
2026-07-12T07:43:42.671244+00:00,spot_15,Spot 15,Empty,2026-07-12T03:02:26.652017+00:00,,,,,,,,
2026-07-12T07:43:42.671244+00:00,spot_16,Spot 16,Empty,2026-07-12T03:02:26.652024+00:00,,,,,,,,
2026-07-12T07:43:42.671244+00:00,spot_17,Spot 17,Empty,2026-07-12T03:02:26.652031+00:00,,,,,,,,
2026-07-12T07:44:59.291912+00:00,spot_1,Spot 1,Empty,2026-07-12T06:30:49.334387+00:00,,,,,,,,
2026-07-12T07:44:59.291912+00:00,spot_2,Spot 2,Empty,2026-07-12T03:02:26.651924+00:00,,,,,,,,
2026-07-12T07:44:59.291912+00:00,spot_3,Spot 3,Empty,2026-07-12T03:02:26.651934+00:00,,,,,,,,
2026-07-12T07:44:59.291912+00:00,spot_4,Spot 4,Empty,2026-07-12T03:02:26.651943+00:00,,,,,,,,
2026-07-12T07:44:59.291912+00:00,spot_5,Spot 5,Empty,2026-07-12T03:16:20.075827+00:00,,,,,,,,
2026-07-12T07:44:59.291912+00:00,spot_6,Spot 6,Empty,2026-07-12T03:02:26.651957+00:00,,,,,,,,
2026-07-12T07:44:59.291912+00:00,spot_7,Spot 7,Empty,2026-07-12T03:02:26.651964+00:00,,,,,,,,
2026-07-12T07:44:59.291912+00:00,spot_8,Spot 8,Empty,2026-07-12T07:13:10.953904+00:00,,,,,,,,
2026-07-12T07:44:59.291912+00:00,spot_9,Spot 9,Empty,2026-07-12T03:02:26.651977+00:00,,,,,,,,
2026-07-12T07:44:59.291912+00:00,spot_10,Spot 10,Empty,2026-07-12T03:06:19.142482+00:00,,,,,,,,
2026-07-12T07:44:59.291912+00:00,spot_11,Spot 11,Empty,2026-07-12T03:03:18.523817+00:00,,,,,,,,
2026-07-12T07:44:59.291912+00:00,spot_12,Spot 12,Empty,2026-07-12T03:22:19.442603+00:00,,,,,,,,
2026-07-12T07:44:59.291912+00:00,spot_13,Spot 13,Empty,2026-07-12T04:34:19.150717+00:00,,,,,,,,
2026-07-12T07:44:59.291912+00:00,spot_14,Spot 14,Empty,2026-07-12T06:32:56.667756+00:00,,,,,,,,
2026-07-12T07:44:59.291912+00:00,spot_15,Spot 15,Empty,2026-07-12T03:02:26.652017+00:00,,,,,,,,
2026-07-12T07:44:59.291912+00:00,spot_16,Spot 16,Empty,2026-07-12T03:02:26.652024+00:00,,,,,,,,
2026-07-12T07:44:59.291912+00:00,spot_17,Spot 17,Empty,2026-07-12T03:02:26.652031+00:00,,,,,,,,
2026-07-12T07:45:58.175013+00:00,spot_1,Spot 1,Empty,2026-07-12T06:30:49.334387+00:00,,,,,,,,
2026-07-12T07:45:58.175013+00:00,spot_2,Spot 2,Empty,2026-07-12T03:02:26.651924+00:00,,,,,,,,
2026-07-12T07:45:58.175013+00:00,spot_3,Spot 3,Empty,2026-07-12T03:02:26.651934+00:00,,,,,,,,
2026-07-12T07:45:58.175013+00:00,spot_4,Spot 4,Empty,2026-07-12T03:02:26.651943+00:00,,,,,,,,
2026-07-12T07:45:58.175013+00:00,spot_5,Spot 5,Empty,2026-07-12T03:16:20.075827+00:00,,,,,,,,
2026-07-12T07:45:58.175013+00:00,spot_6,Spot 6,Empty,2026-07-12T03:02:26.651957+00:00,,,,,,,,
2026-07-12T07:45:58.175013+00:00,spot_7,Spot 7,Empty,2026-07-12T03:02:26.651964+00:00,,,,,,,,
2026-07-12T07:45:58.175013+00:00,spot_8,Spot 8,Empty,2026-07-12T07:13:10.953904+00:00,,,,,,,,
2026-07-12T07:45:58.175013+00:00,spot_9,Spot 9,Empty,2026-07-12T03:02:26.651977+00:00,,,,,,,,
2026-07-12T07:45:58.175013+00:00,spot_10,Spot 10,Empty,2026-07-12T03:06:19.142482+00:00,,,,,,,,
2026-07-12T07:45:58.175013+00:00,spot_11,Spot 11,Empty,2026-07-12T03:03:18.523817+00:00,,,,,,,,
2026-07-12T07:45:58.175013+00:00,spot_12,Spot 12,Empty,2026-07-12T03:22:19.442603+00:00,,,,,,,,
2026-07-12T07:45:58.175013+00:00,spot_13,Spot 13,Empty,2026-07-12T04:34:19.150717+00:00,,,,,,,,
2026-07-12T07:45:58.175013+00:00,spot_14,Spot 14,Empty,2026-07-12T06:32:56.667756+00:00,,,,,,,,
2026-07-12T07:45:58.175013+00:00,spot_15,Spot 15,Empty,2026-07-12T03:02:26.652017+00:00,,,,,,,,
2026-07-12T07:45:58.175013+00:00,spot_16,Spot 16,Empty,2026-07-12T03:02:26.652024+00:00,,,,,,,,
2026-07-12T07:45:58.175013+00:00,spot_17,Spot 17,Empty,2026-07-12T03:02:26.652031+00:00,,,,,,,,
2026-07-12T07:46:54.304459+00:00,spot_1,Spot 1,Empty,2026-07-12T06:30:49.334387+00:00,,,,,,,,
2026-07-12T07:46:54.304459+00:00,spot_2,Spot 2,Empty,2026-07-12T03:02:26.651924+00:00,,,,,,,,
2026-07-12T07:46:54.304459+00:00,spot_3,Spot 3,Empty,2026-07-12T03:02:26.651934+00:00,,,,,,,,
2026-07-12T07:46:54.304459+00:00,spot_4,Spot 4,Empty,2026-07-12T03:02:26.651943+00:00,,,,,,,,
2026-07-12T07:46:54.304459+00:00,spot_5,Spot 5,Empty,2026-07-12T03:16:20.075827+00:00,,,,,,,,
2026-07-12T07:46:54.304459+00:00,spot_6,Spot 6,Empty,2026-07-12T03:02:26.651957+00:00,,,,,,,,
2026-07-12T07:46:54.304459+00:00,spot_7,Spot 7,Empty,2026-07-12T03:02:26.651964+00:00,,,,,,,,
2026-07-12T07:46:54.304459+00:00,spot_8,Spot 8,Empty,2026-07-12T07:13:10.953904+00:00,,,,,,,,
2026-07-12T07:46:54.304459+00:00,spot_9,Spot 9,Empty,2026-07-12T03:02:26.651977+00:00,,,,,,,,
2026-07-12T07:46:54.304459+00:00,spot_10,Spot 10,Empty,2026-07-12T03:06:19.142482+00:00,,,,,,,,
2026-07-12T07:46:54.304459+00:00,spot_11,Spot 11,Empty,2026-07-12T03:03:18.523817+00:00,,,,,,,,
2026-07-12T07:46:54.304459+00:00,spot_12,Spot 12,Empty,2026-07-12T03:22:19.442603+00:00,,,,,,,,
2026-07-12T07:46:54.304459+00:00,spot_13,Spot 13,Empty,2026-07-12T04:34:19.150717+00:00,,,,,,,,
2026-07-12T07:46:54.304459+00:00,spot_14,Spot 14,Empty,2026-07-12T06:32:56.667756+00:00,,,,,,,,
2026-07-12T07:46:54.304459+00:00,spot_15,Spot 15,Empty,2026-07-12T03:02:26.652017+00:00,,,,,,,,
2026-07-12T07:46:54.304459+00:00,spot_16,Spot 16,Empty,2026-07-12T03:02:26.652024+00:00,,,,,,,,
2026-07-12T07:46:54.304459+00:00,spot_17,Spot 17,Empty,2026-07-12T03:02:26.652031+00:00,,,,,,,,
2026-07-12T07:47:42.328519+00:00,spot_1,Spot 1,Empty,2026-07-12T06:30:49.334387+00:00,,,,,,,,
2026-07-12T07:47:42.328519+00:00,spot_2,Spot 2,Empty,2026-07-12T03:02:26.651924+00:00,,,,,,,,
2026-07-12T07:47:42.328519+00:00,spot_3,Spot 3,Empty,2026-07-12T03:02:26.651934+00:00,,,,,,,,
2026-07-12T07:47:42.328519+00:00,spot_4,Spot 4,Empty,2026-07-12T03:02:26.651943+00:00,,,,,,,,
2026-07-12T07:47:42.328519+00:00,spot_5,Spot 5,Empty,2026-07-12T03:16:20.075827+00:00,,,,,,,,
2026-07-12T07:47:42.328519+00:00,spot_6,Spot 6,Empty,2026-07-12T03:02:26.651957+00:00,,,,,,,,
2026-07-12T07:47:42.328519+00:00,spot_7,Spot 7,Empty,2026-07-12T03:02:26.651964+00:00,,,,,,,,
2026-07-12T07:47:42.328519+00:00,spot_8,Spot 8,Empty,2026-07-12T07:13:10.953904+00:00,,,,,,,,
2026-07-12T07:47:42.328519+00:00,spot_9,Spot 9,Empty,2026-07-12T03:02:26.651977+00:00,,,,,,,,
2026-07-12T07:47:42.328519+00:00,spot_10,Spot 10,Empty,2026-07-12T03:06:19.142482+00:00,,,,,,,,
2026-07-12T07:47:42.328519+00:00,spot_11,Spot 11,Empty,2026-07-12T03:03:18.523817+00:00,,,,,,,,
2026-07-12T07:47:42.328519+00:00,spot_12,Spot 12,Empty,2026-07-12T03:22:19.442603+00:00,,,,,,,,
2026-07-12T07:47:42.328519+00:00,spot_13,Spot 13,Empty,2026-07-12T04:34:19.150717+00:00,,,,,,,,
2026-07-12T07:47:42.328519+00:00,spot_14,Spot 14,Empty,2026-07-12T06:32:56.667756+00:00,,,,,,,,
2026-07-12T07:47:42.328519+00:00,spot_15,Spot 15,Empty,2026-07-12T03:02:26.652017+00:00,,,,,,,,
2026-07-12T07:47:42.328519+00:00,spot_16,Spot 16,Empty,2026-07-12T03:02:26.652024+00:00,,,,,,,,
2026-07-12T07:47:42.328519+00:00,spot_17,Spot 17,Empty,2026-07-12T03:02:26.652031+00:00,,,,,,,,
2026-07-12T07:48:38.444230+00:00,spot_1,Spot 1,Empty,2026-07-12T06:30:49.334387+00:00,,,,,,,,
2026-07-12T07:48:38.444230+00:00,spot_2,Spot 2,Empty,2026-07-12T03:02:26.651924+00:00,,,,,,,,
2026-07-12T07:48:38.444230+00:00,spot_3,Spot 3,Empty,2026-07-12T03:02:26.651934+00:00,,,,,,,,
2026-07-12T07:48:38.444230+00:00,spot_4,Spot 4,Empty,2026-07-12T03:02:26.651943+00:00,,,,,,,,
2026-07-12T07:48:38.444230+00:00,spot_5,Spot 5,Empty,2026-07-12T03:16:20.075827+00:00,,,,,,,,
2026-07-12T07:48:38.444230+00:00,spot_6,Spot 6,Empty,2026-07-12T03:02:26.651957+00:00,,,,,,,,
2026-07-12T07:48:38.444230+00:00,spot_7,Spot 7,Empty,2026-07-12T03:02:26.651964+00:00,,,,,,,,
2026-07-12T07:48:38.444230+00:00,spot_8,Spot 8,Empty,2026-07-12T07:13:10.953904+00:00,,,,,,,,
2026-07-12T07:48:38.444230+00:00,spot_9,Spot 9,Empty,2026-07-12T03:02:26.651977+00:00,,,,,,,,
2026-07-12T07:48:38.444230+00:00,spot_10,Spot 10,Empty,2026-07-12T03:06:19.142482+00:00,,,,,,,,
2026-07-12T07:48:38.444230+00:00,spot_11,Spot 11,Empty,2026-07-12T03:03:18.523817+00:00,,,,,,,,
2026-07-12T07:48:38.444230+00:00,spot_12,Spot 12,Empty,2026-07-12T03:22:19.442603+00:00,,,,,,,,
2026-07-12T07:48:38.444230+00:00,spot_13,Spot 13,Empty,2026-07-12T04:34:19.150717+00:00,,,,,,,,
2026-07-12T07:48:38.444230+00:00,spot_14,Spot 14,Empty,2026-07-12T06:32:56.667756+00:00,,,,,,,,
2026-07-12T07:48:38.444230+00:00,spot_15,Spot 15,Empty,2026-07-12T03:02:26.652017+00:00,,,,,,,,
2026-07-12T07:48:38.444230+00:00,spot_16,Spot 16,Empty,2026-07-12T03:02:26.652024+00:00,,,,,,,,
2026-07-12T07:48:38.444230+00:00,spot_17,Spot 17,Empty,2026-07-12T03:02:26.652031+00:00,,,,,,,,
2026-07-12T07:49:34.467346+00:00,spot_1,Spot 1,Empty,2026-07-12T06:30:49.334387+00:00,,,,,,,,
2026-07-12T07:49:34.467346+00:00,spot_2,Spot 2,Empty,2026-07-12T03:02:26.651924+00:00,,,,,,,,
2026-07-12T07:49:34.467346+00:00,spot_3,Spot 3,Empty,2026-07-12T03:02:26.651934+00:00,,,,,,,,
2026-07-12T07:49:34.467346+00:00,spot_4,Spot 4,Empty,2026-07-12T03:02:26.651943+00:00,,,,,,,,
2026-07-12T07:49:34.467346+00:00,spot_5,Spot 5,Empty,2026-07-12T03:16:20.075827+00:00,,,,,,,,
2026-07-12T07:49:34.467346+00:00,spot_6,Spot 6,Empty,2026-07-12T03:02:26.651957+00:00,,,,,,,,
2026-07-12T07:49:34.467346+00:00,spot_7,Spot 7,Empty,2026-07-12T03:02:26.651964+00:00,,,,,,,,
2026-07-12T07:49:34.467346+00:00,spot_8,Spot 8,Empty,2026-07-12T07:13:10.953904+00:00,,,,,,,,
2026-07-12T07:49:34.467346+00:00,spot_9,Spot 9,Empty,2026-07-12T03:02:26.651977+00:00,,,,,,,,
2026-07-12T07:49:34.467346+00:00,spot_10,Spot 10,Empty,2026-07-12T03:06:19.142482+00:00,,,,,,,,
2026-07-12T07:49:34.467346+00:00,spot_11,Spot 11,Empty,2026-07-12T03:03:18.523817+00:00,,,,,,,,
2026-07-12T07:49:34.467346+00:00,spot_12,Spot 12,Empty,2026-07-12T03:22:19.442603+00:00,,,,,,,,
2026-07-12T07:49:34.467346+00:00,spot_13,Spot 13,Empty,2026-07-12T04:34:19.150717+00:00,,,,,,,,
2026-07-12T07:49:34.467346+00:00,spot_14,Spot 14,Empty,2026-07-12T06:32:56.667756+00:00,,,,,,,,
2026-07-12T07:49:34.467346+00:00,spot_15,Spot 15,Empty,2026-07-12T03:02:26.652017+00:00,,,,,,,,
2026-07-12T07:49:34.467346+00:00,spot_16,Spot 16,Empty,2026-07-12T03:02:26.652024+00:00,,,,,,,,
2026-07-12T07:49:34.467346+00:00,spot_17,Spot 17,Empty,2026-07-12T03:02:26.652031+00:00,,,,,,,,
2026-07-12T07:50:20.951318+00:00,spot_1,Spot 1,Empty,2026-07-12T06:30:49.334387+00:00,,,,,,,,
2026-07-12T07:50:20.951318+00:00,spot_2,Spot 2,Empty,2026-07-12T03:02:26.651924+00:00,,,,,,,,
2026-07-12T07:50:20.951318+00:00,spot_3,Spot 3,Empty,2026-07-12T03:02:26.651934+00:00,,,,,,,,
2026-07-12T07:50:20.951318+00:00,spot_4,Spot 4,Empty,2026-07-12T03:02:26.651943+00:00,,,,,,,,
2026-07-12T07:50:20.951318+00:00,spot_5,Spot 5,Empty,2026-07-12T03:16:20.075827+00:00,,,,,,,,
2026-07-12T07:50:20.951318+00:00,spot_6,Spot 6,Empty,2026-07-12T03:02:26.651957+00:00,,,,,,,,
2026-07-12T07:50:20.951318+00:00,spot_7,Spot 7,Empty,2026-07-12T03:02:26.651964+00:00,,,,,,,,
2026-07-12T07:50:20.951318+00:00,spot_8,Spot 8,Empty,2026-07-12T07:13:10.953904+00:00,,,,,,,,
2026-07-12T07:50:20.951318+00:00,spot_9,Spot 9,Empty,2026-07-12T03:02:26.651977+00:00,,,,,,,,
2026-07-12T07:50:20.951318+00:00,spot_10,Spot 10,Empty,2026-07-12T03:06:19.142482+00:00,,,,,,,,
2026-07-12T07:50:20.951318+00:00,spot_11,Spot 11,Empty,2026-07-12T03:03:18.523817+00:00,,,,,,,,
2026-07-12T07:50:20.951318+00:00,spot_12,Spot 12,Empty,2026-07-12T03:22:19.442603+00:00,,,,,,,,
2026-07-12T07:50:20.951318+00:00,spot_13,Spot 13,Empty,2026-07-12T04:34:19.150717+00:00,,,,,,,,
2026-07-12T07:50:20.951318+00:00,spot_14,Spot 14,Empty,2026-07-12T06:32:56.667756+00:00,,,,,,,,
2026-07-12T07:50:20.951318+00:00,spot_15,Spot 15,Empty,2026-07-12T03:02:26.652017+00:00,,,,,,,,
2026-07-12T07:50:20.951318+00:00,spot_16,Spot 16,Empty,2026-07-12T03:02:26.652024+00:00,,,,,,,,
2026-07-12T07:50:20.951318+00:00,spot_17,Spot 17,Empty,2026-07-12T03:02:26.652031+00:00,,,,,,,,
2026-07-12T07:51:19.354957+00:00,spot_1,Spot 1,Empty,2026-07-12T06:30:49.334387+00:00,,,,,,,,
2026-07-12T07:51:19.354957+00:00,spot_2,Spot 2,Empty,2026-07-12T03:02:26.651924+00:00,,,,,,,,
2026-07-12T07:51:19.354957+00:00,spot_3,Spot 3,Empty,2026-07-12T03:02:26.651934+00:00,,,,,,,,
2026-07-12T07:51:19.354957+00:00,spot_4,Spot 4,Empty,2026-07-12T03:02:26.651943+00:00,,,,,,,,
2026-07-12T07:51:19.354957+00:00,spot_5,Spot 5,Empty,2026-07-12T03:16:20.075827+00:00,,,,,,,,
2026-07-12T07:51:19.354957+00:00,spot_6,Spot 6,Empty,2026-07-12T03:02:26.651957+00:00,,,,,,,,
2026-07-12T07:51:19.354957+00:00,spot_7,Spot 7,Empty,2026-07-12T03:02:26.651964+00:00,,,,,,,,
2026-07-12T07:51:19.354957+00:00,spot_8,Spot 8,Empty,2026-07-12T07:13:10.953904+00:00,,,,,,,,
2026-07-12T07:51:19.354957+00:00,spot_9,Spot 9,Empty,2026-07-12T03:02:26.651977+00:00,,,,,,,,
2026-07-12T07:51:19.354957+00:00,spot_10,Spot 10,Empty,2026-07-12T03:06:19.142482+00:00,,,,,,,,
2026-07-12T07:51:19.354957+00:00,spot_11,Spot 11,Empty,2026-07-12T03:03:18.523817+00:00,,,,,,,,
2026-07-12T07:51:19.354957+00:00,spot_12,Spot 12,Empty,2026-07-12T03:22:19.442603+00:00,,,,,,,,
2026-07-12T07:51:19.354957+00:00,spot_13,Spot 13,Empty,2026-07-12T04:34:19.150717+00:00,,,,,,,,
2026-07-12T07:51:19.354957+00:00,spot_14,Spot 14,Empty,2026-07-12T06:32:56.667756+00:00,,,,,,,,
2026-07-12T07:51:19.354957+00:00,spot_15,Spot 15,Empty,2026-07-12T03:02:26.652017+00:00,,,,,,,,
2026-07-12T07:51:19.354957+00:00,spot_16,Spot 16,Empty,2026-07-12T03:02:26.652024+00:00,,,,,,,,
2026-07-12T07:51:19.354957+00:00,spot_17,Spot 17,Empty,2026-07-12T03:02:26.652031+00:00,,,,,,,,
2026-07-12T07:52:11.631361+00:00,spot_1,Spot 1,Empty,2026-07-12T06:30:49.334387+00:00,,,,,,,,
2026-07-12T07:52:11.631361+00:00,spot_2,Spot 2,Empty,2026-07-12T03:02:26.651924+00:00,,,,,,,,
2026-07-12T07:52:11.631361+00:00,spot_3,Spot 3,Empty,2026-07-12T03:02:26.651934+00:00,,,,,,,,
2026-07-12T07:52:11.631361+00:00,spot_4,Spot 4,Empty,2026-07-12T03:02:26.651943+00:00,,,,,,,,
2026-07-12T07:52:11.631361+00:00,spot_5,Spot 5,Empty,2026-07-12T03:16:20.075827+00:00,,,,,,,,
2026-07-12T07:52:11.631361+00:00,spot_6,Spot 6,Empty,2026-07-12T03:02:26.651957+00:00,,,,,,,,
2026-07-12T07:52:11.631361+00:00,spot_7,Spot 7,Empty,2026-07-12T03:02:26.651964+00:00,,,,,,,,
2026-07-12T07:52:11.631361+00:00,spot_8,Spot 8,Empty,2026-07-12T07:13:10.953904+00:00,,,,,,,,
2026-07-12T07:52:11.631361+00:00,spot_9,Spot 9,Empty,2026-07-12T03:02:26.651977+00:00,,,,,,,,
2026-07-12T07:52:11.631361+00:00,spot_10,Spot 10,Empty,2026-07-12T03:06:19.142482+00:00,,,,,,,,
2026-07-12T07:52:11.631361+00:00,spot_11,Spot 11,Empty,2026-07-12T03:03:18.523817+00:00,,,,,,,,
2026-07-12T07:52:11.631361+00:00,spot_12,Spot 12,Empty,2026-07-12T03:22:19.442603+00:00,,,,,,,,
2026-07-12T07:52:11.631361+00:00,spot_13,Spot 13,Empty,2026-07-12T04:34:19.150717+00:00,,,,,,,,
2026-07-12T07:52:11.631361+00:00,spot_14,Spot 14,Empty,2026-07-12T06:32:56.667756+00:00,,,,,,,,
2026-07-12T07:52:11.631361+00:00,spot_15,Spot 15,Empty,2026-07-12T03:02:26.652017+00:00,,,,,,,,
2026-07-12T07:52:11.631361+00:00,spot_16,Spot 16,Empty,2026-07-12T03:02:26.652024+00:00,,,,,,,,
2026-07-12T07:52:11.631361+00:00,spot_17,Spot 17,Empty,2026-07-12T03:02:26.652031+00:00,,,,,,,,
2026-07-12T07:53:03.135525+00:00,spot_1,Spot 1,Empty,2026-07-12T06:30:49.334387+00:00,,,,,,,,
2026-07-12T07:53:03.135525+00:00,spot_2,Spot 2,Empty,2026-07-12T03:02:26.651924+00:00,,,,,,,,
2026-07-12T07:53:03.135525+00:00,spot_3,Spot 3,Empty,2026-07-12T03:02:26.651934+00:00,,,,,,,,
2026-07-12T07:53:03.135525+00:00,spot_4,Spot 4,Empty,2026-07-12T03:02:26.651943+00:00,,,,,,,,
2026-07-12T07:53:03.135525+00:00,spot_5,Spot 5,Empty,2026-07-12T03:16:20.075827+00:00,,,,,,,,
2026-07-12T07:53:03.135525+00:00,spot_6,Spot 6,Empty,2026-07-12T03:02:26.651957+00:00,,,,,,,,
2026-07-12T07:53:03.135525+00:00,spot_7,Spot 7,Empty,2026-07-12T03:02:26.651964+00:00,,,,,,,,
2026-07-12T07:53:03.135525+00:00,spot_8,Spot 8,Empty,2026-07-12T07:13:10.953904+00:00,,,,,,,,
2026-07-12T07:53:03.135525+00:00,spot_9,Spot 9,Empty,2026-07-12T03:02:26.651977+00:00,,,,,,,,
2026-07-12T07:53:03.135525+00:00,spot_10,Spot 10,Empty,2026-07-12T03:06:19.142482+00:00,,,,,,,,
2026-07-12T07:53:03.135525+00:00,spot_11,Spot 11,Empty,2026-07-12T03:03:18.523817+00:00,,,,,,,,
2026-07-12T07:53:03.135525+00:00,spot_12,Spot 12,Empty,2026-07-12T03:22:19.442603+00:00,,,,,,,,
2026-07-12T07:53:03.135525+00:00,spot_13,Spot 13,Empty,2026-07-12T04:34:19.150717+00:00,,,,,,,,
2026-07-12T07:53:03.135525+00:00,spot_14,Spot 14,Empty,2026-07-12T06:32:56.667756+00:00,,,,,,,,
2026-07-12T07:53:03.135525+00:00,spot_15,Spot 15,Empty,2026-07-12T03:02:26.652017+00:00,,,,,,,,
2026-07-12T07:53:03.135525+00:00,spot_16,Spot 16,Empty,2026-07-12T03:02:26.652024+00:00,,,,,,,,
2026-07-12T07:53:03.135525+00:00,spot_17,Spot 17,Empty,2026-07-12T03:02:26.652031+00:00,,,,,,,,
2026-07-12T07:53:53.357607+00:00,spot_1,Spot 1,Empty,2026-07-12T06:30:49.334387+00:00,,,,,,,,
2026-07-12T07:53:53.357607+00:00,spot_2,Spot 2,Empty,2026-07-12T03:02:26.651924+00:00,,,,,,,,
2026-07-12T07:53:53.357607+00:00,spot_3,Spot 3,Empty,2026-07-12T03:02:26.651934+00:00,,,,,,,,
2026-07-12T07:53:53.357607+00:00,spot_4,Spot 4,Empty,2026-07-12T03:02:26.651943+00:00,,,,,,,,
2026-07-12T07:53:53.357607+00:00,spot_5,Spot 5,Empty,2026-07-12T03:16:20.075827+00:00,,,,,,,,
2026-07-12T07:53:53.357607+00:00,spot_6,Spot 6,Empty,2026-07-12T03:02:26.651957+00:00,,,,,,,,
2026-07-12T07:53:53.357607+00:00,spot_7,Spot 7,Empty,2026-07-12T03:02:26.651964+00:00,,,,,,,,
2026-07-12T07:53:53.357607+00:00,spot_8,Spot 8,Empty,2026-07-12T07:13:10.953904+00:00,,,,,,,,
2026-07-12T07:53:53.357607+00:00,spot_9,Spot 9,Empty,2026-07-12T03:02:26.651977+00:00,,,,,,,,
2026-07-12T07:53:53.357607+00:00,spot_10,Spot 10,Empty,2026-07-12T03:06:19.142482+00:00,,,,,,,,
2026-07-12T07:53:53.357607+00:00,spot_11,Spot 11,Empty,2026-07-12T03:03:18.523817+00:00,,,,,,,,
2026-07-12T07:53:53.357607+00:00,spot_12,Spot 12,Empty,2026-07-12T03:22:19.442603+00:00,,,,,,,,
2026-07-12T07:53:53.357607+00:00,spot_13,Spot 13,Empty,2026-07-12T04:34:19.150717+00:00,,,,,,,,
2026-07-12T07:53:53.357607+00:00,spot_14,Spot 14,Empty,2026-07-12T06:32:56.667756+00:00,,,,,,,,
2026-07-12T07:53:53.357607+00:00,spot_15,Spot 15,Empty,2026-07-12T03:02:26.652017+00:00,,,,,,,,
2026-07-12T07:53:53.357607+00:00,spot_16,Spot 16,Empty,2026-07-12T03:02:26.652024+00:00,,,,,,,,
2026-07-12T07:53:53.357607+00:00,spot_17,Spot 17,Empty,2026-07-12T03:02:26.652031+00:00,,,,,,,,
2026-07-12T07:55:04.621937+00:00,spot_1,Spot 1,Empty,2026-07-12T06:30:49.334387+00:00,,,,,,,,
2026-07-12T07:55:04.621937+00:00,spot_2,Spot 2,Empty,2026-07-12T03:02:26.651924+00:00,,,,,,,,
2026-07-12T07:55:04.621937+00:00,spot_3,Spot 3,Empty,2026-07-12T03:02:26.651934+00:00,,,,,,,,
2026-07-12T07:55:04.621937+00:00,spot_4,Spot 4,Empty,2026-07-12T03:02:26.651943+00:00,,,,,,,,
2026-07-12T07:55:04.621937+00:00,spot_5,Spot 5,Empty,2026-07-12T03:16:20.075827+00:00,,,,,,,,
2026-07-12T07:55:04.621937+00:00,spot_6,Spot 6,Empty,2026-07-12T03:02:26.651957+00:00,,,,,,,,
2026-07-12T07:55:04.621937+00:00,spot_7,Spot 7,Empty,2026-07-12T03:02:26.651964+00:00,,,,,,,,
2026-07-12T07:55:04.621937+00:00,spot_8,Spot 8,Empty,2026-07-12T07:13:10.953904+00:00,,,,,,,,
2026-07-12T07:55:04.621937+00:00,spot_9,Spot 9,Empty,2026-07-12T03:02:26.651977+00:00,,,,,,,,
2026-07-12T07:55:04.621937+00:00,spot_10,Spot 10,Empty,2026-07-12T03:06:19.142482+00:00,,,,,,,,
2026-07-12T07:55:04.621937+00:00,spot_11,Spot 11,Empty,2026-07-12T03:03:18.523817+00:00,,,,,,,,
2026-07-12T07:55:04.621937+00:00,spot_12,Spot 12,Empty,2026-07-12T03:22:19.442603+00:00,,,,,,,,
2026-07-12T07:55:04.621937+00:00,spot_13,Spot 13,Empty,2026-07-12T04:34:19.150717+00:00,,,,,,,,
2026-07-12T07:55:04.621937+00:00,spot_14,Spot 14,Empty,2026-07-12T06:32:56.667756+00:00,,,,,,,,
2026-07-12T07:55:04.621937+00:00,spot_15,Spot 15,Empty,2026-07-12T03:02:26.652017+00:00,,,,,,,,
2026-07-12T07:55:04.621937+00:00,spot_16,Spot 16,Empty,2026-07-12T03:02:26.652024+00:00,,,,,,,,
2026-07-12T07:55:04.621937+00:00,spot_17,Spot 17,Empty,2026-07-12T03:02:26.652031+00:00,,,,,,,,
2026-07-12T07:55:58.549470+00:00,spot_1,Spot 1,Empty,2026-07-12T06:30:49.334387+00:00,,,,,,,,
2026-07-12T07:55:58.549470+00:00,spot_2,Spot 2,Empty,2026-07-12T03:02:26.651924+00:00,,,,,,,,
2026-07-12T07:55:58.549470+00:00,spot_3,Spot 3,Empty,2026-07-12T03:02:26.651934+00:00,,,,,,,,
2026-07-12T07:55:58.549470+00:00,spot_4,Spot 4,Empty,2026-07-12T03:02:26.651943+00:00,,,,,,,,
2026-07-12T07:55:58.549470+00:00,spot_5,Spot 5,Empty,2026-07-12T03:16:20.075827+00:00,,,,,,,,
2026-07-12T07:55:58.549470+00:00,spot_6,Spot 6,Empty,2026-07-12T03:02:26.651957+00:00,,,,,,,,
2026-07-12T07:55:58.549470+00:00,spot_7,Spot 7,Empty,2026-07-12T03:02:26.651964+00:00,,,,,,,,
2026-07-12T07:55:58.549470+00:00,spot_8,Spot 8,Empty,2026-07-12T07:13:10.953904+00:00,,,,,,,,
2026-07-12T07:55:58.549470+00:00,spot_9,Spot 9,Empty,2026-07-12T03:02:26.651977+00:00,,,,,,,,
2026-07-12T07:55:58.549470+00:00,spot_10,Spot 10,Empty,2026-07-12T03:06:19.142482+00:00,,,,,,,,
2026-07-12T07:55:58.549470+00:00,spot_11,Spot 11,Empty,2026-07-12T03:03:18.523817+00:00,,,,,,,,
2026-07-12T07:55:58.549470+00:00,spot_12,Spot 12,Empty,2026-07-12T03:22:19.442603+00:00,,,,,,,,
2026-07-12T07:55:58.549470+00:00,spot_13,Spot 13,Empty,2026-07-12T04:34:19.150717+00:00,,,,,,,,
2026-07-12T07:55:58.549470+00:00,spot_14,Spot 14,Empty,2026-07-12T06:32:56.667756+00:00,,,,,,,,
2026-07-12T07:55:58.549470+00:00,spot_15,Spot 15,Empty,2026-07-12T03:02:26.652017+00:00,,,,,,,,
2026-07-12T07:55:58.549470+00:00,spot_16,Spot 16,Empty,2026-07-12T03:02:26.652024+00:00,,,,,,,,
2026-07-12T07:55:58.549470+00:00,spot_17,Spot 17,Empty,2026-07-12T03:02:26.652031+00:00,,,,,,,,
2026-07-12T07:56:50.002079+00:00,spot_1,Spot 1,Empty,2026-07-12T06:30:49.334387+00:00,,,,,,,,
2026-07-12T07:56:50.002079+00:00,spot_2,Spot 2,Empty,2026-07-12T03:02:26.651924+00:00,,,,,,,,
2026-07-12T07:56:50.002079+00:00,spot_3,Spot 3,Empty,2026-07-12T03:02:26.651934+00:00,,,,,,,,
2026-07-12T07:56:50.002079+00:00,spot_4,Spot 4,Empty,2026-07-12T03:02:26.651943+00:00,,,,,,,,
2026-07-12T07:56:50.002079+00:00,spot_5,Spot 5,Empty,2026-07-12T03:16:20.075827+00:00,,,,,,,,
2026-07-12T07:56:50.002079+00:00,spot_6,Spot 6,Empty,2026-07-12T03:02:26.651957+00:00,,,,,,,,
2026-07-12T07:56:50.002079+00:00,spot_7,Spot 7,Empty,2026-07-12T03:02:26.651964+00:00,,,,,,,,
2026-07-12T07:56:50.002079+00:00,spot_8,Spot 8,Empty,2026-07-12T07:13:10.953904+00:00,,,,,,,,
2026-07-12T07:56:50.002079+00:00,spot_9,Spot 9,Empty,2026-07-12T03:02:26.651977+00:00,,,,,,,,
2026-07-12T07:56:50.002079+00:00,spot_10,Spot 10,Empty,2026-07-12T03:06:19.142482+00:00,,,,,,,,
2026-07-12T07:56:50.002079+00:00,spot_11,Spot 11,Empty,2026-07-12T03:03:18.523817+00:00,,,,,,,,
2026-07-12T07:56:50.002079+00:00,spot_12,Spot 12,Empty,2026-07-12T03:22:19.442603+00:00,,,,,,,,
2026-07-12T07:56:50.002079+00:00,spot_13,Spot 13,Empty,2026-07-12T04:34:19.150717+00:00,,,,,,,,
2026-07-12T07:56:50.002079+00:00,spot_14,Spot 14,Empty,2026-07-12T06:32:56.667756+00:00,,,,,,,,
2026-07-12T07:56:50.002079+00:00,spot_15,Spot 15,Empty,2026-07-12T03:02:26.652017+00:00,,,,,,,,
2026-07-12T07:56:50.002079+00:00,spot_16,Spot 16,Empty,2026-07-12T03:02:26.652024+00:00,,,,,,,,
2026-07-12T07:56:50.002079+00:00,spot_17,Spot 17,Empty,2026-07-12T03:02:26.652031+00:00,,,,,,,,
2026-07-12T07:57:51.631530+00:00,spot_1,Spot 1,Empty,2026-07-12T06:30:49.334387+00:00,,,,,,,,
2026-07-12T07:57:51.631530+00:00,spot_2,Spot 2,Empty,2026-07-12T03:02:26.651924+00:00,,,,,,,,
2026-07-12T07:57:51.631530+00:00,spot_3,Spot 3,Empty,2026-07-12T03:02:26.651934+00:00,,,,,,,,
2026-07-12T07:57:51.631530+00:00,spot_4,Spot 4,Empty,2026-07-12T03:02:26.651943+00:00,,,,,,,,
2026-07-12T07:57:51.631530+00:00,spot_5,Spot 5,Empty,2026-07-12T03:16:20.075827+00:00,,,,,,,,
2026-07-12T07:57:51.631530+00:00,spot_6,Spot 6,Empty,2026-07-12T03:02:26.651957+00:00,,,,,,,,
2026-07-12T07:57:51.631530+00:00,spot_7,Spot 7,Empty,2026-07-12T03:02:26.651964+00:00,,,,,,,,
2026-07-12T07:57:51.631530+00:00,spot_8,Spot 8,Empty,2026-07-12T07:13:10.953904+00:00,,,,,,,,
2026-07-12T07:57:51.631530+00:00,spot_9,Spot 9,Empty,2026-07-12T03:02:26.651977+00:00,,,,,,,,
2026-07-12T07:57:51.631530+00:00,spot_10,Spot 10,Empty,2026-07-12T03:06:19.142482+00:00,,,,,,,,
2026-07-12T07:57:51.631530+00:00,spot_11,Spot 11,Empty,2026-07-12T03:03:18.523817+00:00,,,,,,,,
2026-07-12T07:57:51.631530+00:00,spot_12,Spot 12,Empty,2026-07-12T03:22:19.442603+00:00,,,,,,,,
2026-07-12T07:57:51.631530+00:00,spot_13,Spot 13,Empty,2026-07-12T04:34:19.150717+00:00,,,,,,,,
2026-07-12T07:57:51.631530+00:00,spot_14,Spot 14,Empty,2026-07-12T06:32:56.667756+00:00,,,,,,,,
2026-07-12T07:57:51.631530+00:00,spot_15,Spot 15,Empty,2026-07-12T03:02:26.652017+00:00,,,,,,,,
2026-07-12T07:57:51.631530+00:00,spot_16,Spot 16,Empty,2026-07-12T03:02:26.652024+00:00,,,,,,,,
2026-07-12T07:57:51.631530+00:00,spot_17,Spot 17,Empty,2026-07-12T03:02:26.652031+00:00,,,,,,,,
2026-07-12T07:58:46.517132+00:00,spot_1,Spot 1,Empty,2026-07-12T06:30:49.334387+00:00,,,,,,,,
2026-07-12T07:58:46.517132+00:00,spot_2,Spot 2,Empty,2026-07-12T03:02:26.651924+00:00,,,,,,,,
2026-07-12T07:58:46.517132+00:00,spot_3,Spot 3,Empty,2026-07-12T03:02:26.651934+00:00,,,,,,,,
2026-07-12T07:58:46.517132+00:00,spot_4,Spot 4,Empty,2026-07-12T03:02:26.651943+00:00,,,,,,,,
2026-07-12T07:58:46.517132+00:00,spot_5,Spot 5,Empty,2026-07-12T03:16:20.075827+00:00,,,,,,,,
2026-07-12T07:58:46.517132+00:00,spot_6,Spot 6,Empty,2026-07-12T03:02:26.651957+00:00,,,,,,,,
2026-07-12T07:58:46.517132+00:00,spot_7,Spot 7,Empty,2026-07-12T03:02:26.651964+00:00,,,,,,,,
2026-07-12T07:58:46.517132+00:00,spot_8,Spot 8,Empty,2026-07-12T07:13:10.953904+00:00,,,,,,,,
2026-07-12T07:58:46.517132+00:00,spot_9,Spot 9,Empty,2026-07-12T03:02:26.651977+00:00,,,,,,,,
2026-07-12T07:58:46.517132+00:00,spot_10,Spot 10,Empty,2026-07-12T03:06:19.142482+00:00,,,,,,,,
2026-07-12T07:58:46.517132+00:00,spot_11,Spot 11,Empty,2026-07-12T03:03:18.523817+00:00,,,,,,,,
2026-07-12T07:58:46.517132+00:00,spot_12,Spot 12,Empty,2026-07-12T03:22:19.442603+00:00,,,,,,,,
2026-07-12T07:58:46.517132+00:00,spot_13,Spot 13,Empty,2026-07-12T04:34:19.150717+00:00,,,,,,,,
2026-07-12T07:58:46.517132+00:00,spot_14,Spot 14,Empty,2026-07-12T06:32:56.667756+00:00,,,,,,,,
2026-07-12T07:58:46.517132+00:00,spot_15,Spot 15,Empty,2026-07-12T03:02:26.652017+00:00,,,,,,,,
2026-07-12T07:58:46.517132+00:00,spot_16,Spot 16,Empty,2026-07-12T03:02:26.652024+00:00,,,,,,,,
2026-07-12T07:58:46.517132+00:00,spot_17,Spot 17,Empty,2026-07-12T03:02:26.652031+00:00,,,,,,,,
2026-07-12T07:59:45.570578+00:00,spot_1,Spot 1,Empty,2026-07-12T06:30:49.334387+00:00,,,,,,,,
2026-07-12T07:59:45.570578+00:00,spot_2,Spot 2,Empty,2026-07-12T03:02:26.651924+00:00,,,,,,,,
2026-07-12T07:59:45.570578+00:00,spot_3,Spot 3,Empty,2026-07-12T03:02:26.651934+00:00,,,,,,,,
2026-07-12T07:59:45.570578+00:00,spot_4,Spot 4,Empty,2026-07-12T03:02:26.651943+00:00,,,,,,,,
2026-07-12T07:59:45.570578+00:00,spot_5,Spot 5,Empty,2026-07-12T03:16:20.075827+00:00,,,,,,,,
2026-07-12T07:59:45.570578+00:00,spot_6,Spot 6,Empty,2026-07-12T03:02:26.651957+00:00,,,,,,,,
2026-07-12T07:59:45.570578+00:00,spot_7,Spot 7,Empty,2026-07-12T03:02:26.651964+00:00,,,,,,,,
2026-07-12T07:59:45.570578+00:00,spot_8,Spot 8,Empty,2026-07-12T07:13:10.953904+00:00,,,,,,,,
2026-07-12T07:59:45.570578+00:00,spot_9,Spot 9,Empty,2026-07-12T03:02:26.651977+00:00,,,,,,,,
2026-07-12T07:59:45.570578+00:00,spot_10,Spot 10,Empty,2026-07-12T03:06:19.142482+00:00,,,,,,,,
2026-07-12T07:59:45.570578+00:00,spot_11,Spot 11,Empty,2026-07-12T03:03:18.523817+00:00,,,,,,,,
2026-07-12T07:59:45.570578+00:00,spot_12,Spot 12,Empty,2026-07-12T03:22:19.442603+00:00,,,,,,,,
2026-07-12T07:59:45.570578+00:00,spot_13,Spot 13,Empty,2026-07-12T04:34:19.150717+00:00,,,,,,,,
2026-07-12T07:59:45.570578+00:00,spot_14,Spot 14,Empty,2026-07-12T06:32:56.667756+00:00,,,,,,,,
2026-07-12T07:59:45.570578+00:00,spot_15,Spot 15,Empty,2026-07-12T03:02:26.652017+00:00,,,,,,,,
2026-07-12T07:59:45.570578+00:00,spot_16,Spot 16,Empty,2026-07-12T03:02:26.652024+00:00,,,,,,,,
2026-07-12T07:59:45.570578+00:00,spot_17,Spot 17,Empty,2026-07-12T03:02:26.652031+00:00,,,,,,,,
2026-07-12T08:00:47.998488+00:00,spot_1,Spot 1,Empty,2026-07-12T06:30:49.334387+00:00,,,,,,,,
2026-07-12T08:00:47.998488+00:00,spot_2,Spot 2,Empty,2026-07-12T03:02:26.651924+00:00,,,,,,,,
2026-07-12T08:00:47.998488+00:00,spot_3,Spot 3,Empty,2026-07-12T03:02:26.651934+00:00,,,,,,,,
2026-07-12T08:00:47.998488+00:00,spot_4,Spot 4,Empty,2026-07-12T03:02:26.651943+00:00,,,,,,,,
2026-07-12T08:00:47.998488+00:00,spot_5,Spot 5,Empty,2026-07-12T03:16:20.075827+00:00,,,,,,,,
2026-07-12T08:00:47.998488+00:00,spot_6,Spot 6,Empty,2026-07-12T03:02:26.651957+00:00,,,,,,,,
2026-07-12T08:00:47.998488+00:00,spot_7,Spot 7,Empty,2026-07-12T03:02:26.651964+00:00,,,,,,,,
2026-07-12T08:00:47.998488+00:00,spot_8,Spot 8,Empty,2026-07-12T07:13:10.953904+00:00,,,,,,,,
2026-07-12T08:00:47.998488+00:00,spot_9,Spot 9,Empty,2026-07-12T03:02:26.651977+00:00,,,,,,,,
2026-07-12T08:00:47.998488+00:00,spot_10,Spot 10,Empty,2026-07-12T03:06:19.142482+00:00,,,,,,,,
2026-07-12T08:00:47.998488+00:00,spot_11,Spot 11,Empty,2026-07-12T03:03:18.523817+00:00,,,,,,,,
2026-07-12T08:00:47.998488+00:00,spot_12,Spot 12,Empty,2026-07-12T03:22:19.442603+00:00,,,,,,,,
2026-07-12T08:00:47.998488+00:00,spot_13,Spot 13,Empty,2026-07-12T04:34:19.150717+00:00,,,,,,,,
2026-07-12T08:00:47.998488+00:00,spot_14,Spot 14,Empty,2026-07-12T06:32:56.667756+00:00,,,,,,,,
2026-07-12T08:00:47.998488+00:00,spot_15,Spot 15,Empty,2026-07-12T03:02:26.652017+00:00,,,,,,,,
2026-07-12T08:00:47.998488+00:00,spot_16,Spot 16,Empty,2026-07-12T03:02:26.652024+00:00,,,,,,,,
2026-07-12T08:00:47.998488+00:00,spot_17,Spot 17,Empty,2026-07-12T03:02:26.652031+00:00,,,,,,,,
2026-07-12T08:01:53.373139+00:00,spot_1,Spot 1,Empty,2026-07-12T06:30:49.334387+00:00,,,,,,,,
2026-07-12T08:01:53.373139+00:00,spot_2,Spot 2,Empty,2026-07-12T03:02:26.651924+00:00,,,,,,,,
2026-07-12T08:01:53.373139+00:00,spot_3,Spot 3,Empty,2026-07-12T03:02:26.651934+00:00,,,,,,,,
2026-07-12T08:01:53.373139+00:00,spot_4,Spot 4,Empty,2026-07-12T03:02:26.651943+00:00,,,,,,,,
2026-07-12T08:01:53.373139+00:00,spot_5,Spot 5,Empty,2026-07-12T03:16:20.075827+00:00,,,,,,,,
2026-07-12T08:01:53.373139+00:00,spot_6,Spot 6,Empty,2026-07-12T03:02:26.651957+00:00,,,,,,,,
2026-07-12T08:01:53.373139+00:00,spot_7,Spot 7,Empty,2026-07-12T03:02:26.651964+00:00,,,,,,,,
2026-07-12T08:01:53.373139+00:00,spot_8,Spot 8,Empty,2026-07-12T07:13:10.953904+00:00,,,,,,,,
2026-07-12T08:01:53.373139+00:00,spot_9,Spot 9,Empty,2026-07-12T03:02:26.651977+00:00,,,,,,,,
2026-07-12T08:01:53.373139+00:00,spot_10,Spot 10,Empty,2026-07-12T03:06:19.142482+00:00,,,,,,,,
2026-07-12T08:01:53.373139+00:00,spot_11,Spot 11,Empty,2026-07-12T03:03:18.523817+00:00,,,,,,,,
2026-07-12T08:01:53.373139+00:00,spot_12,Spot 12,Empty,2026-07-12T03:22:19.442603+00:00,,,,,,,,
2026-07-12T08:01:53.373139+00:00,spot_13,Spot 13,Empty,2026-07-12T04:34:19.150717+00:00,,,,,,,,
2026-07-12T08:01:53.373139+00:00,spot_14,Spot 14,Empty,2026-07-12T06:32:56.667756+00:00,,,,,,,,
2026-07-12T08:01:53.373139+00:00,spot_15,Spot 15,Empty,2026-07-12T03:02:26.652017+00:00,,,,,,,,
2026-07-12T08:01:53.373139+00:00,spot_16,Spot 16,Empty,2026-07-12T03:02:26.652024+00:00,,,,,,,,
2026-07-12T08:01:53.373139+00:00,spot_17,Spot 17,Empty,2026-07-12T03:02:26.652031+00:00,,,,,,,,
2026-07-12T08:03:11.763729+00:00,spot_1,Spot 1,Empty,2026-07-12T06:30:49.334387+00:00,,,,,,,,
2026-07-12T08:03:11.763729+00:00,spot_2,Spot 2,Empty,2026-07-12T03:02:26.651924+00:00,,,,,,,,
2026-07-12T08:03:11.763729+00:00,spot_3,Spot 3,Empty,2026-07-12T03:02:26.651934+00:00,,,,,,,,
2026-07-12T08:03:11.763729+00:00,spot_4,Spot 4,Empty,2026-07-12T03:02:26.651943+00:00,,,,,,,,
2026-07-12T08:03:11.763729+00:00,spot_5,Spot 5,Empty,2026-07-12T03:16:20.075827+00:00,,,,,,,,
2026-07-12T08:03:11.763729+00:00,spot_6,Spot 6,Empty,2026-07-12T03:02:26.651957+00:00,,,,,,,,
2026-07-12T08:03:11.763729+00:00,spot_7,Spot 7,Empty,2026-07-12T03:02:26.651964+00:00,,,,,,,,
2026-07-12T08:03:11.763729+00:00,spot_8,Spot 8,Empty,2026-07-12T07:13:10.953904+00:00,,,,,,,,
2026-07-12T08:03:11.763729+00:00,spot_9,Spot 9,Empty,2026-07-12T03:02:26.651977+00:00,,,,,,,,
2026-07-12T08:03:11.763729+00:00,spot_10,Spot 10,Empty,2026-07-12T03:06:19.142482+00:00,,,,,,,,
2026-07-12T08:03:11.763729+00:00,spot_11,Spot 11,Empty,2026-07-12T03:03:18.523817+00:00,,,,,,,,
2026-07-12T08:03:11.763729+00:00,spot_12,Spot 12,Empty,2026-07-12T03:22:19.442603+00:00,,,,,,,,
2026-07-12T08:03:11.763729+00:00,spot_13,Spot 13,Empty,2026-07-12T04:34:19.150717+00:00,,,,,,,,
2026-07-12T08:03:11.763729+00:00,spot_14,Spot 14,Empty,2026-07-12T06:32:56.667756+00:00,,,,,,,,
2026-07-12T08:03:11.763729+00:00,spot_15,Spot 15,Empty,2026-07-12T03:02:26.652017+00:00,,,,,,,,
2026-07-12T08:03:11.763729+00:00,spot_16,Spot 16,Empty,2026-07-12T03:02:26.652024+00:00,,,,,,,,
2026-07-12T08:03:11.763729+00:00,spot_17,Spot 17,Empty,2026-07-12T03:02:26.652031+00:00,,,,,,,,
2026-07-12T08:04:33.928939+00:00,spot_1,Spot 1,Empty,2026-07-12T06:30:49.334387+00:00,,,,,,,,
2026-07-12T08:04:33.928939+00:00,spot_2,Spot 2,Empty,2026-07-12T03:02:26.651924+00:00,,,,,,,,
2026-07-12T08:04:33.928939+00:00,spot_3,Spot 3,Empty,2026-07-12T03:02:26.651934+00:00,,,,,,,,
2026-07-12T08:04:33.928939+00:00,spot_4,Spot 4,Empty,2026-07-12T03:02:26.651943+00:00,,,,,,,,
2026-07-12T08:04:33.928939+00:00,spot_5,Spot 5,Empty,2026-07-12T03:16:20.075827+00:00,,,,,,,,
2026-07-12T08:04:33.928939+00:00,spot_6,Spot 6,Empty,2026-07-12T03:02:26.651957+00:00,,,,,,,,
2026-07-12T08:04:33.928939+00:00,spot_7,Spot 7,Empty,2026-07-12T03:02:26.651964+00:00,,,,,,,,
2026-07-12T08:04:33.928939+00:00,spot_8,Spot 8,Empty,2026-07-12T07:13:10.953904+00:00,,,,,,,,
2026-07-12T08:04:33.928939+00:00,spot_9,Spot 9,Empty,2026-07-12T03:02:26.651977+00:00,,,,,,,,
2026-07-12T08:04:33.928939+00:00,spot_10,Spot 10,Empty,2026-07-12T03:06:19.142482+00:00,,,,,,,,
2026-07-12T08:04:33.928939+00:00,spot_11,Spot 11,Empty,2026-07-12T03:03:18.523817+00:00,,,,,,,,
2026-07-12T08:04:33.928939+00:00,spot_12,Spot 12,Empty,2026-07-12T03:22:19.442603+00:00,,,,,,,,
2026-07-12T08:04:33.928939+00:00,spot_13,Spot 13,Empty,2026-07-12T04:34:19.150717+00:00,,,,,,,,
2026-07-12T08:04:33.928939+00:00,spot_14,Spot 14,Empty,2026-07-12T06:32:56.667756+00:00,,,,,,,,
2026-07-12T08:04:33.928939+00:00,spot_15,Spot 15,Empty,2026-07-12T03:02:26.652017+00:00,,,,,,,,
2026-07-12T08:04:33.928939+00:00,spot_16,Spot 16,Empty,2026-07-12T03:02:26.652024+00:00,,,,,,,,
2026-07-12T08:04:33.928939+00:00,spot_17,Spot 17,Empty,2026-07-12T03:02:26.652031+00:00,,,,,,,,
2026-07-12T08:05:57.537919+00:00,spot_1,Spot 1,Empty,2026-07-12T06:30:49.334387+00:00,,,,,,,,
2026-07-12T08:05:57.537919+00:00,spot_2,Spot 2,Empty,2026-07-12T03:02:26.651924+00:00,,,,,,,,
2026-07-12T08:05:57.537919+00:00,spot_3,Spot 3,Empty,2026-07-12T03:02:26.651934+00:00,,,,,,,,
2026-07-12T08:05:57.537919+00:00,spot_4,Spot 4,Empty,2026-07-12T03:02:26.651943+00:00,,,,,,,,
2026-07-12T08:05:57.537919+00:00,spot_5,Spot 5,Empty,2026-07-12T03:16:20.075827+00:00,,,,,,,,
2026-07-12T08:05:57.537919+00:00,spot_6,Spot 6,Empty,2026-07-12T03:02:26.651957+00:00,,,,,,,,
2026-07-12T08:05:57.537919+00:00,spot_7,Spot 7,Empty,2026-07-12T03:02:26.651964+00:00,,,,,,,,
2026-07-12T08:05:57.537919+00:00,spot_8,Spot 8,Empty,2026-07-12T07:13:10.953904+00:00,,,,,,,,
2026-07-12T08:05:57.537919+00:00,spot_9,Spot 9,Empty,2026-07-12T03:02:26.651977+00:00,,,,,,,,
2026-07-12T08:05:57.537919+00:00,spot_10,Spot 10,Empty,2026-07-12T03:06:19.142482+00:00,,,,,,,,
2026-07-12T08:05:57.537919+00:00,spot_11,Spot 11,Empty,2026-07-12T03:03:18.523817+00:00,,,,,,,,
2026-07-12T08:05:57.537919+00:00,spot_12,Spot 12,Empty,2026-07-12T03:22:19.442603+00:00,,,,,,,,
2026-07-12T08:05:57.537919+00:00,spot_13,Spot 13,Empty,2026-07-12T04:34:19.150717+00:00,,,,,,,,
2026-07-12T08:05:57.537919+00:00,spot_14,Spot 14,Empty,2026-07-12T06:32:56.667756+00:00,,,,,,,,
2026-07-12T08:05:57.537919+00:00,spot_15,Spot 15,Empty,2026-07-12T03:02:26.652017+00:00,,,,,,,,
2026-07-12T08:05:57.537919+00:00,spot_16,Spot 16,Empty,2026-07-12T03:02:26.652024+00:00,,,,,,,,
2026-07-12T08:05:57.537919+00:00,spot_17,Spot 17,Empty,2026-07-12T03:02:26.652031+00:00,,,,,,,,
2026-07-12T08:11:31.637036+00:00,spot_1,Spot 1,Empty,2026-07-12T06:30:49.334387+00:00,,,,,,,,
2026-07-12T08:11:31.637036+00:00,spot_2,Spot 2,Empty,2026-07-12T03:02:26.651924+00:00,,,,,,,,
2026-07-12T08:11:31.637036+00:00,spot_3,Spot 3,Empty,2026-07-12T03:02:26.651934+00:00,,,,,,,,
2026-07-12T08:11:31.637036+00:00,spot_4,Spot 4,Empty,2026-07-12T03:02:26.651943+00:00,,,,,,,,
2026-07-12T08:11:31.637036+00:00,spot_5,Spot 5,Empty,2026-07-12T03:16:20.075827+00:00,,,,,,,,
2026-07-12T08:11:31.637036+00:00,spot_6,Spot 6,Empty,2026-07-12T03:02:26.651957+00:00,,,,,,,,
2026-07-12T08:11:31.637036+00:00,spot_7,Spot 7,Empty,2026-07-12T03:02:26.651964+00:00,,,,,,,,
2026-07-12T08:11:31.637036+00:00,spot_8,Spot 8,Empty,2026-07-12T07:13:10.953904+00:00,,,,,,,,
2026-07-12T08:11:31.637036+00:00,spot_9,Spot 9,Empty,2026-07-12T03:02:26.651977+00:00,,,,,,,,
2026-07-12T08:11:31.637036+00:00,spot_10,Spot 10,Empty,2026-07-12T03:06:19.142482+00:00,,,,,,,,
2026-07-12T08:11:31.637036+00:00,spot_11,Spot 11,Empty,2026-07-12T03:03:18.523817+00:00,,,,,,,,
2026-07-12T08:11:31.637036+00:00,spot_12,Spot 12,Empty,2026-07-12T03:22:19.442603+00:00,,,,,,,,
2026-07-12T08:11:31.637036+00:00,spot_13,Spot 13,Empty,2026-07-12T04:34:19.150717+00:00,,,,,,,,
2026-07-12T08:11:31.637036+00:00,spot_14,Spot 14,Empty,2026-07-12T06:32:56.667756+00:00,,,,,,,,
2026-07-12T08:11:31.637036+00:00,spot_15,Spot 15,Empty,2026-07-12T03:02:26.652017+00:00,,,,,,,,
2026-07-12T08:11:31.637036+00:00,spot_16,Spot 16,Empty,2026-07-12T03:02:26.652024+00:00,,,,,,,,
2026-07-12T08:11:31.637036+00:00,spot_17,Spot 17,Empty,2026-07-12T03:02:26.652031+00:00,,,,,,,,
2026-07-12T08:12:24.234175+00:00,spot_1,Spot 1,Empty,2026-07-12T06:30:49.334387+00:00,,,,,,,,
2026-07-12T08:12:24.234175+00:00,spot_2,Spot 2,Empty,2026-07-12T03:02:26.651924+00:00,,,,,,,,
2026-07-12T08:12:24.234175+00:00,spot_3,Spot 3,Empty,2026-07-12T03:02:26.651934+00:00,,,,,,,,
2026-07-12T08:12:24.234175+00:00,spot_4,Spot 4,Empty,2026-07-12T03:02:26.651943+00:00,,,,,,,,
2026-07-12T08:12:24.234175+00:00,spot_5,Spot 5,Empty,2026-07-12T03:16:20.075827+00:00,,,,,,,,
2026-07-12T08:12:24.234175+00:00,spot_6,Spot 6,Empty,2026-07-12T03:02:26.651957+00:00,,,,,,,,
2026-07-12T08:12:24.234175+00:00,spot_7,Spot 7,Empty,2026-07-12T03:02:26.651964+00:00,,,,,,,,
2026-07-12T08:12:24.234175+00:00,spot_8,Spot 8,Empty,2026-07-12T07:13:10.953904+00:00,,,,,,,,
2026-07-12T08:12:24.234175+00:00,spot_9,Spot 9,Empty,2026-07-12T03:02:26.651977+00:00,,,,,,,,
2026-07-12T08:12:24.234175+00:00,spot_10,Spot 10,Empty,2026-07-12T03:06:19.142482+00:00,,,,,,,,
2026-07-12T08:12:24.234175+00:00,spot_11,Spot 11,Empty,2026-07-12T03:03:18.523817+00:00,,,,,,,,
2026-07-12T08:12:24.234175+00:00,spot_12,Spot 12,Empty,2026-07-12T03:22:19.442603+00:00,,,,,,,,
2026-07-12T08:12:24.234175+00:00,spot_13,Spot 13,Empty,2026-07-12T04:34:19.150717+00:00,,,,,,,,
2026-07-12T08:12:24.234175+00:00,spot_14,Spot 14,Empty,2026-07-12T06:32:56.667756+00:00,,,,,,,,
2026-07-12T08:12:24.234175+00:00,spot_15,Spot 15,Empty,2026-07-12T03:02:26.652017+00:00,,,,,,,,
2026-07-12T08:12:24.234175+00:00,spot_16,Spot 16,Empty,2026-07-12T03:02:26.652024+00:00,,,,,,,,
2026-07-12T08:12:24.234175+00:00,spot_17,Spot 17,Empty,2026-07-12T03:02:26.652031+00:00,,,,,,,,
