timestamp_utc,spot_id,spot_label,status,status_since_utc,track_id,vehicle_type,confidence,dwell_seconds,bbox_x1,bbox_y1,bbox_x2,bbox_y2
2026-07-14T11:12:28.668103+00:00,spot_1,Spot 1,Empty,2026-07-13T23:54:41.337943+00:00,,,,,,,,
2026-07-14T11:12:28.668103+00:00,spot_2,Spot 2,Empty,2026-07-13T22:38:20.453368+00:00,,,,,,,,
2026-07-14T11:12:28.668103+00:00,spot_3,Spot 3,Empty,2026-07-14T01:48:31.431946+00:00,,,,,,,,
2026-07-14T11:12:28.668103+00:00,spot_4,Spot 4,Empty,2026-07-14T00:57:17.840262+00:00,,,,,,,,
2026-07-14T11:12:28.668103+00:00,spot_5,Spot 5,Empty,2026-07-14T02:57:19.781170+00:00,,,,,,,,
2026-07-14T11:12:28.668103+00:00,spot_6,Spot 6,Empty,2026-07-14T01:42:42.287107+00:00,,,,,,,,
2026-07-14T11:12:28.668103+00:00,spot_7,Spot 7,Empty,2026-07-14T00:18:43.510894+00:00,,,,,,,,
2026-07-14T11:12:28.668103+00:00,spot_8,Spot 8,Empty,2026-07-14T03:23:20.682684+00:00,,,,,,,,
2026-07-14T11:12:28.668103+00:00,spot_9,Spot 9,Empty,2026-07-14T03:02:23.964997+00:00,,,,,,,,
2026-07-14T11:12:28.668103+00:00,spot_10,Spot 10,Empty,2026-07-14T03:06:21.851167+00:00,,,,,,,,
2026-07-14T11:12:28.668103+00:00,spot_11,Spot 11,Empty,2026-07-14T01:03:18.245072+00:00,,,,,,,,
2026-07-14T11:12:28.668103+00:00,spot_12,Spot 12,Empty,2026-07-14T00:46:21.068768+00:00,,,,,,,,
2026-07-14T11:12:28.668103+00:00,spot_13,Spot 13,Empty,2026-07-14T00:35:18.994409+00:00,,,,,,,,
2026-07-14T11:12:28.668103+00:00,spot_14,Spot 14,Empty,2026-07-14T00:48:20.323446+00:00,,,,,,,,
2026-07-14T11:12:28.668103+00:00,spot_15,Spot 15,Empty,2026-07-13T22:18:20.405725+00:00,,,,,,,,
2026-07-14T11:12:28.668103+00:00,spot_16,Spot 16,Empty,2026-07-13T22:35:22.003550+00:00,,,,,,,,
2026-07-14T11:12:28.668103+00:00,spot_17,Spot 17,Empty,2026-07-13T17:46:26.396031+00:00,,,,,,,,
2026-07-14T11:13:22.489162+00:00,spot_1,Spot 1,Empty,2026-07-13T23:54:41.337943+00:00,,,,,,,,
2026-07-14T11:13:22.489162+00:00,spot_2,Spot 2,Empty,2026-07-13T22:38:20.453368+00:00,,,,,,,,
2026-07-14T11:13:22.489162+00:00,spot_3,Spot 3,Empty,2026-07-14T01:48:31.431946+00:00,,,,,,,,
2026-07-14T11:13:22.489162+00:00,spot_4,Spot 4,Empty,2026-07-14T00:57:17.840262+00:00,,,,,,,,
2026-07-14T11:13:22.489162+00:00,spot_5,Spot 5,Empty,2026-07-14T02:57:19.781170+00:00,,,,,,,,
2026-07-14T11:13:22.489162+00:00,spot_6,Spot 6,Empty,2026-07-14T01:42:42.287107+00:00,,,,,,,,
2026-07-14T11:13:22.489162+00:00,spot_7,Spot 7,Empty,2026-07-14T00:18:43.510894+00:00,,,,,,,,
2026-07-14T11:13:22.489162+00:00,spot_8,Spot 8,Empty,2026-07-14T03:23:20.682684+00:00,,,,,,,,
2026-07-14T11:13:22.489162+00:00,spot_9,Spot 9,Empty,2026-07-14T03:02:23.964997+00:00,,,,,,,,
2026-07-14T11:13:22.489162+00:00,spot_10,Spot 10,Empty,2026-07-14T03:06:21.851167+00:00,,,,,,,,
2026-07-14T11:13:22.489162+00:00,spot_11,Spot 11,Empty,2026-07-14T01:03:18.245072+00:00,,,,,,,,
2026-07-14T11:13:22.489162+00:00,spot_12,Spot 12,Empty,2026-07-14T00:46:21.068768+00:00,,,,,,,,
2026-07-14T11:13:22.489162+00:00,spot_13,Spot 13,Empty,2026-07-14T00:35:18.994409+00:00,,,,,,,,
2026-07-14T11:13:22.489162+00:00,spot_14,Spot 14,Empty,2026-07-14T00:48:20.323446+00:00,,,,,,,,
2026-07-14T11:13:22.489162+00:00,spot_15,Spot 15,Empty,2026-07-13T22:18:20.405725+00:00,,,,,,,,
2026-07-14T11:13:22.489162+00:00,spot_16,Spot 16,Empty,2026-07-13T22:35:22.003550+00:00,,,,,,,,
2026-07-14T11:13:22.489162+00:00,spot_17,Spot 17,Empty,2026-07-13T17:46:26.396031+00:00,,,,,,,,
2026-07-14T11:14:03.457018+00:00,spot_1,Spot 1,Empty,2026-07-13T23:54:41.337943+00:00,,,,,,,,
2026-07-14T11:14:03.457018+00:00,spot_2,Spot 2,Empty,2026-07-13T22:38:20.453368+00:00,,,,,,,,
2026-07-14T11:14:03.457018+00:00,spot_3,Spot 3,Empty,2026-07-14T01:48:31.431946+00:00,,,,,,,,
2026-07-14T11:14:03.457018+00:00,spot_4,Spot 4,Empty,2026-07-14T00:57:17.840262+00:00,,,,,,,,
2026-07-14T11:14:03.457018+00:00,spot_5,Spot 5,Empty,2026-07-14T02:57:19.781170+00:00,,,,,,,,
2026-07-14T11:14:03.457018+00:00,spot_6,Spot 6,Empty,2026-07-14T01:42:42.287107+00:00,,,,,,,,
2026-07-14T11:14:03.457018+00:00,spot_7,Spot 7,Empty,2026-07-14T00:18:43.510894+00:00,,,,,,,,
2026-07-14T11:14:03.457018+00:00,spot_8,Spot 8,Empty,2026-07-14T03:23:20.682684+00:00,,,,,,,,
2026-07-14T11:14:03.457018+00:00,spot_9,Spot 9,Empty,2026-07-14T03:02:23.964997+00:00,,,,,,,,
2026-07-14T11:14:03.457018+00:00,spot_10,Spot 10,Empty,2026-07-14T03:06:21.851167+00:00,,,,,,,,
2026-07-14T11:14:03.457018+00:00,spot_11,Spot 11,Empty,2026-07-14T01:03:18.245072+00:00,,,,,,,,
2026-07-14T11:14:03.457018+00:00,spot_12,Spot 12,Empty,2026-07-14T00:46:21.068768+00:00,,,,,,,,
2026-07-14T11:14:03.457018+00:00,spot_13,Spot 13,Empty,2026-07-14T00:35:18.994409+00:00,,,,,,,,
2026-07-14T11:14:03.457018+00:00,spot_14,Spot 14,Empty,2026-07-14T00:48:20.323446+00:00,,,,,,,,
2026-07-14T11:14:03.457018+00:00,spot_15,Spot 15,Empty,2026-07-13T22:18:20.405725+00:00,,,,,,,,
2026-07-14T11:14:03.457018+00:00,spot_16,Spot 16,Empty,2026-07-13T22:35:22.003550+00:00,,,,,,,,
2026-07-14T11:14:03.457018+00:00,spot_17,Spot 17,Empty,2026-07-13T17:46:26.396031+00:00,,,,,,,,
2026-07-14T11:14:44.140603+00:00,spot_1,Spot 1,Empty,2026-07-13T23:54:41.337943+00:00,,,,,,,,
2026-07-14T11:14:44.140603+00:00,spot_2,Spot 2,Empty,2026-07-13T22:38:20.453368+00:00,,,,,,,,
2026-07-14T11:14:44.140603+00:00,spot_3,Spot 3,Empty,2026-07-14T01:48:31.431946+00:00,,,,,,,,
2026-07-14T11:14:44.140603+00:00,spot_4,Spot 4,Occupied,2026-07-14T11:14:44.140603+00:00,186,car,0.744845449924469,0,374.6105041503906,334.58514404296875,423.3149108886719,369.0965576171875
2026-07-14T11:14:44.140603+00:00,spot_5,Spot 5,Empty,2026-07-14T02:57:19.781170+00:00,,,,,,,,
2026-07-14T11:14:44.140603+00:00,spot_6,Spot 6,Empty,2026-07-14T01:42:42.287107+00:00,,,,,,,,
2026-07-14T11:14:44.140603+00:00,spot_7,Spot 7,Empty,2026-07-14T00:18:43.510894+00:00,,,,,,,,
2026-07-14T11:14:44.140603+00:00,spot_8,Spot 8,Empty,2026-07-14T03:23:20.682684+00:00,,,,,,,,
2026-07-14T11:14:44.140603+00:00,spot_9,Spot 9,Empty,2026-07-14T03:02:23.964997+00:00,,,,,,,,
2026-07-14T11:14:44.140603+00:00,spot_10,Spot 10,Empty,2026-07-14T03:06:21.851167+00:00,,,,,,,,
2026-07-14T11:14:44.140603+00:00,spot_11,Spot 11,Empty,2026-07-14T01:03:18.245072+00:00,,,,,,,,
2026-07-14T11:14:44.140603+00:00,spot_12,Spot 12,Empty,2026-07-14T00:46:21.068768+00:00,,,,,,,,
2026-07-14T11:14:44.140603+00:00,spot_13,Spot 13,Empty,2026-07-14T00:35:18.994409+00:00,,,,,,,,
2026-07-14T11:14:44.140603+00:00,spot_14,Spot 14,Empty,2026-07-14T00:48:20.323446+00:00,,,,,,,,
2026-07-14T11:14:44.140603+00:00,spot_15,Spot 15,Empty,2026-07-13T22:18:20.405725+00:00,,,,,,,,
2026-07-14T11:14:44.140603+00:00,spot_16,Spot 16,Empty,2026-07-13T22:35:22.003550+00:00,,,,,,,,
2026-07-14T11:14:44.140603+00:00,spot_17,Spot 17,Empty,2026-07-13T17:46:26.396031+00:00,,,,,,,,
2026-07-14T11:15:35.920466+00:00,spot_1,Spot 1,Empty,2026-07-13T23:54:41.337943+00:00,,,,,,,,
2026-07-14T11:15:35.920466+00:00,spot_2,Spot 2,Empty,2026-07-13T22:38:20.453368+00:00,,,,,,,,
2026-07-14T11:15:35.920466+00:00,spot_3,Spot 3,Empty,2026-07-14T01:48:31.431946+00:00,,,,,,,,
2026-07-14T11:15:35.920466+00:00,spot_4,Spot 4,Empty,2026-07-14T11:15:35.920466+00:00,,,,,,,,
2026-07-14T11:15:35.920466+00:00,spot_5,Spot 5,Empty,2026-07-14T02:57:19.781170+00:00,,,,,,,,
2026-07-14T11:15:35.920466+00:00,spot_6,Spot 6,Empty,2026-07-14T01:42:42.287107+00:00,,,,,,,,
2026-07-14T11:15:35.920466+00:00,spot_7,Spot 7,Empty,2026-07-14T00:18:43.510894+00:00,,,,,,,,
2026-07-14T11:15:35.920466+00:00,spot_8,Spot 8,Empty,2026-07-14T03:23:20.682684+00:00,,,,,,,,
2026-07-14T11:15:35.920466+00:00,spot_9,Spot 9,Empty,2026-07-14T03:02:23.964997+00:00,,,,,,,,
2026-07-14T11:15:35.920466+00:00,spot_10,Spot 10,Empty,2026-07-14T03:06:21.851167+00:00,,,,,,,,
2026-07-14T11:15:35.920466+00:00,spot_11,Spot 11,Empty,2026-07-14T01:03:18.245072+00:00,,,,,,,,
2026-07-14T11:15:35.920466+00:00,spot_12,Spot 12,Empty,2026-07-14T00:46:21.068768+00:00,,,,,,,,
2026-07-14T11:15:35.920466+00:00,spot_13,Spot 13,Empty,2026-07-14T00:35:18.994409+00:00,,,,,,,,
2026-07-14T11:15:35.920466+00:00,spot_14,Spot 14,Empty,2026-07-14T00:48:20.323446+00:00,,,,,,,,
2026-07-14T11:15:35.920466+00:00,spot_15,Spot 15,Empty,2026-07-13T22:18:20.405725+00:00,,,,,,,,
2026-07-14T11:15:35.920466+00:00,spot_16,Spot 16,Empty,2026-07-13T22:35:22.003550+00:00,,,,,,,,
2026-07-14T11:15:35.920466+00:00,spot_17,Spot 17,Empty,2026-07-13T17:46:26.396031+00:00,,,,,,,,
2026-07-14T11:16:18.189508+00:00,spot_1,Spot 1,Empty,2026-07-13T23:54:41.337943+00:00,,,,,,,,
2026-07-14T11:16:18.189508+00:00,spot_2,Spot 2,Empty,2026-07-13T22:38:20.453368+00:00,,,,,,,,
2026-07-14T11:16:18.189508+00:00,spot_3,Spot 3,Empty,2026-07-14T01:48:31.431946+00:00,,,,,,,,
2026-07-14T11:16:18.189508+00:00,spot_4,Spot 4,Empty,2026-07-14T11:15:35.920466+00:00,,,,,,,,
2026-07-14T11:16:18.189508+00:00,spot_5,Spot 5,Empty,2026-07-14T02:57:19.781170+00:00,,,,,,,,
2026-07-14T11:16:18.189508+00:00,spot_6,Spot 6,Empty,2026-07-14T01:42:42.287107+00:00,,,,,,,,
2026-07-14T11:16:18.189508+00:00,spot_7,Spot 7,Empty,2026-07-14T00:18:43.510894+00:00,,,,,,,,
2026-07-14T11:16:18.189508+00:00,spot_8,Spot 8,Empty,2026-07-14T03:23:20.682684+00:00,,,,,,,,
2026-07-14T11:16:18.189508+00:00,spot_9,Spot 9,Empty,2026-07-14T03:02:23.964997+00:00,,,,,,,,
2026-07-14T11:16:18.189508+00:00,spot_10,Spot 10,Empty,2026-07-14T03:06:21.851167+00:00,,,,,,,,
2026-07-14T11:16:18.189508+00:00,spot_11,Spot 11,Empty,2026-07-14T01:03:18.245072+00:00,,,,,,,,
2026-07-14T11:16:18.189508+00:00,spot_12,Spot 12,Empty,2026-07-14T00:46:21.068768+00:00,,,,,,,,
2026-07-14T11:16:18.189508+00:00,spot_13,Spot 13,Empty,2026-07-14T00:35:18.994409+00:00,,,,,,,,
2026-07-14T11:16:18.189508+00:00,spot_14,Spot 14,Empty,2026-07-14T00:48:20.323446+00:00,,,,,,,,
2026-07-14T11:16:18.189508+00:00,spot_15,Spot 15,Empty,2026-07-13T22:18:20.405725+00:00,,,,,,,,
2026-07-14T11:16:18.189508+00:00,spot_16,Spot 16,Empty,2026-07-13T22:35:22.003550+00:00,,,,,,,,
2026-07-14T11:16:18.189508+00:00,spot_17,Spot 17,Empty,2026-07-13T17:46:26.396031+00:00,,,,,,,,
2026-07-14T11:17:00.777369+00:00,spot_1,Spot 1,Empty,2026-07-13T23:54:41.337943+00:00,,,,,,,,
2026-07-14T11:17:00.777369+00:00,spot_2,Spot 2,Empty,2026-07-13T22:38:20.453368+00:00,,,,,,,,
2026-07-14T11:17:00.777369+00:00,spot_3,Spot 3,Empty,2026-07-14T01:48:31.431946+00:00,,,,,,,,
2026-07-14T11:17:00.777369+00:00,spot_4,Spot 4,Empty,2026-07-14T11:15:35.920466+00:00,,,,,,,,
2026-07-14T11:17:00.777369+00:00,spot_5,Spot 5,Empty,2026-07-14T02:57:19.781170+00:00,,,,,,,,
2026-07-14T11:17:00.777369+00:00,spot_6,Spot 6,Empty,2026-07-14T01:42:42.287107+00:00,,,,,,,,
2026-07-14T11:17:00.777369+00:00,spot_7,Spot 7,Empty,2026-07-14T00:18:43.510894+00:00,,,,,,,,
2026-07-14T11:17:00.777369+00:00,spot_8,Spot 8,Empty,2026-07-14T03:23:20.682684+00:00,,,,,,,,
2026-07-14T11:17:00.777369+00:00,spot_9,Spot 9,Empty,2026-07-14T03:02:23.964997+00:00,,,,,,,,
2026-07-14T11:17:00.777369+00:00,spot_10,Spot 10,Empty,2026-07-14T03:06:21.851167+00:00,,,,,,,,
2026-07-14T11:17:00.777369+00:00,spot_11,Spot 11,Empty,2026-07-14T01:03:18.245072+00:00,,,,,,,,
2026-07-14T11:17:00.777369+00:00,spot_12,Spot 12,Empty,2026-07-14T00:46:21.068768+00:00,,,,,,,,
2026-07-14T11:17:00.777369+00:00,spot_13,Spot 13,Empty,2026-07-14T00:35:18.994409+00:00,,,,,,,,
2026-07-14T11:17:00.777369+00:00,spot_14,Spot 14,Empty,2026-07-14T00:48:20.323446+00:00,,,,,,,,
2026-07-14T11:17:00.777369+00:00,spot_15,Spot 15,Empty,2026-07-13T22:18:20.405725+00:00,,,,,,,,
2026-07-14T11:17:00.777369+00:00,spot_16,Spot 16,Empty,2026-07-13T22:35:22.003550+00:00,,,,,,,,
2026-07-14T11:17:00.777369+00:00,spot_17,Spot 17,Empty,2026-07-13T17:46:26.396031+00:00,,,,,,,,
2026-07-14T11:17:52.416494+00:00,spot_1,Spot 1,Empty,2026-07-13T23:54:41.337943+00:00,,,,,,,,
2026-07-14T11:17:52.416494+00:00,spot_2,Spot 2,Empty,2026-07-13T22:38:20.453368+00:00,,,,,,,,
2026-07-14T11:17:52.416494+00:00,spot_3,Spot 3,Empty,2026-07-14T01:48:31.431946+00:00,,,,,,,,
2026-07-14T11:17:52.416494+00:00,spot_4,Spot 4,Occupied,2026-07-14T11:17:52.416494+00:00,188,car,0.35981082916259766,0,413.426025390625,323.9909973144531,441.926513671875,353.2926330566406
2026-07-14T11:17:52.416494+00:00,spot_5,Spot 5,Empty,2026-07-14T02:57:19.781170+00:00,,,,,,,,
2026-07-14T11:17:52.416494+00:00,spot_6,Spot 6,Empty,2026-07-14T01:42:42.287107+00:00,,,,,,,,
2026-07-14T11:17:52.416494+00:00,spot_7,Spot 7,Empty,2026-07-14T00:18:43.510894+00:00,,,,,,,,
2026-07-14T11:17:52.416494+00:00,spot_8,Spot 8,Empty,2026-07-14T03:23:20.682684+00:00,,,,,,,,
2026-07-14T11:17:52.416494+00:00,spot_9,Spot 9,Empty,2026-07-14T03:02:23.964997+00:00,,,,,,,,
2026-07-14T11:17:52.416494+00:00,spot_10,Spot 10,Empty,2026-07-14T03:06:21.851167+00:00,,,,,,,,
2026-07-14T11:17:52.416494+00:00,spot_11,Spot 11,Empty,2026-07-14T01:03:18.245072+00:00,,,,,,,,
2026-07-14T11:17:52.416494+00:00,spot_12,Spot 12,Empty,2026-07-14T00:46:21.068768+00:00,,,,,,,,
2026-07-14T11:17:52.416494+00:00,spot_13,Spot 13,Empty,2026-07-14T00:35:18.994409+00:00,,,,,,,,
2026-07-14T11:17:52.416494+00:00,spot_14,Spot 14,Empty,2026-07-14T00:48:20.323446+00:00,,,,,,,,
2026-07-14T11:17:52.416494+00:00,spot_15,Spot 15,Empty,2026-07-13T22:18:20.405725+00:00,,,,,,,,
2026-07-14T11:17:52.416494+00:00,spot_16,Spot 16,Empty,2026-07-13T22:35:22.003550+00:00,,,,,,,,
2026-07-14T11:17:52.416494+00:00,spot_17,Spot 17,Empty,2026-07-13T17:46:26.396031+00:00,,,,,,,,
2026-07-14T11:18:33.841579+00:00,spot_1,Spot 1,Empty,2026-07-13T23:54:41.337943+00:00,,,,,,,,
2026-07-14T11:18:33.841579+00:00,spot_2,Spot 2,Empty,2026-07-13T22:38:20.453368+00:00,,,,,,,,
2026-07-14T11:18:33.841579+00:00,spot_3,Spot 3,Empty,2026-07-14T01:48:31.431946+00:00,,,,,,,,
2026-07-14T11:18:33.841579+00:00,spot_4,Spot 4,Occupied,2026-07-14T11:17:52.416494+00:00,188,car,0.5131998658180237,42,413.8127136230469,323.455810546875,441.6647033691406,353.0614013671875
2026-07-14T11:18:33.841579+00:00,spot_5,Spot 5,Empty,2026-07-14T02:57:19.781170+00:00,,,,,,,,
2026-07-14T11:18:33.841579+00:00,spot_6,Spot 6,Empty,2026-07-14T01:42:42.287107+00:00,,,,,,,,
2026-07-14T11:18:33.841579+00:00,spot_7,Spot 7,Empty,2026-07-14T00:18:43.510894+00:00,,,,,,,,
2026-07-14T11:18:33.841579+00:00,spot_8,Spot 8,Empty,2026-07-14T03:23:20.682684+00:00,,,,,,,,
2026-07-14T11:18:33.841579+00:00,spot_9,Spot 9,Empty,2026-07-14T03:02:23.964997+00:00,,,,,,,,
2026-07-14T11:18:33.841579+00:00,spot_10,Spot 10,Empty,2026-07-14T03:06:21.851167+00:00,,,,,,,,
2026-07-14T11:18:33.841579+00:00,spot_11,Spot 11,Empty,2026-07-14T01:03:18.245072+00:00,,,,,,,,
2026-07-14T11:18:33.841579+00:00,spot_12,Spot 12,Empty,2026-07-14T00:46:21.068768+00:00,,,,,,,,
2026-07-14T11:18:33.841579+00:00,spot_13,Spot 13,Empty,2026-07-14T00:35:18.994409+00:00,,,,,,,,
2026-07-14T11:18:33.841579+00:00,spot_14,Spot 14,Empty,2026-07-14T00:48:20.323446+00:00,,,,,,,,
2026-07-14T11:18:33.841579+00:00,spot_15,Spot 15,Empty,2026-07-13T22:18:20.405725+00:00,,,,,,,,
2026-07-14T11:18:33.841579+00:00,spot_16,Spot 16,Empty,2026-07-13T22:35:22.003550+00:00,,,,,,,,
2026-07-14T11:18:33.841579+00:00,spot_17,Spot 17,Empty,2026-07-13T17:46:26.396031+00:00,,,,,,,,
2026-07-14T11:19:15.901052+00:00,spot_1,Spot 1,Empty,2026-07-13T23:54:41.337943+00:00,,,,,,,,
2026-07-14T11:19:15.901052+00:00,spot_2,Spot 2,Empty,2026-07-13T22:38:20.453368+00:00,,,,,,,,
2026-07-14T11:19:15.901052+00:00,spot_3,Spot 3,Empty,2026-07-14T01:48:31.431946+00:00,,,,,,,,
2026-07-14T11:19:15.901052+00:00,spot_4,Spot 4,Occupied,2026-07-14T11:17:52.416494+00:00,188,car,0.5131998658180237,85,413.8127136230469,323.455810546875,441.6647033691406,353.0614013671875
2026-07-14T11:19:15.901052+00:00,spot_5,Spot 5,Empty,2026-07-14T02:57:19.781170+00:00,,,,,,,,
2026-07-14T11:19:15.901052+00:00,spot_6,Spot 6,Empty,2026-07-14T01:42:42.287107+00:00,,,,,,,,
2026-07-14T11:19:15.901052+00:00,spot_7,Spot 7,Empty,2026-07-14T00:18:43.510894+00:00,,,,,,,,
2026-07-14T11:19:15.901052+00:00,spot_8,Spot 8,Empty,2026-07-14T03:23:20.682684+00:00,,,,,,,,
2026-07-14T11:19:15.901052+00:00,spot_9,Spot 9,Empty,2026-07-14T03:02:23.964997+00:00,,,,,,,,
2026-07-14T11:19:15.901052+00:00,spot_10,Spot 10,Empty,2026-07-14T03:06:21.851167+00:00,,,,,,,,
2026-07-14T11:19:15.901052+00:00,spot_11,Spot 11,Empty,2026-07-14T01:03:18.245072+00:00,,,,,,,,
2026-07-14T11:19:15.901052+00:00,spot_12,Spot 12,Empty,2026-07-14T00:46:21.068768+00:00,,,,,,,,
2026-07-14T11:19:15.901052+00:00,spot_13,Spot 13,Empty,2026-07-14T00:35:18.994409+00:00,,,,,,,,
2026-07-14T11:19:15.901052+00:00,spot_14,Spot 14,Empty,2026-07-14T00:48:20.323446+00:00,,,,,,,,
2026-07-14T11:19:15.901052+00:00,spot_15,Spot 15,Empty,2026-07-13T22:18:20.405725+00:00,,,,,,,,
2026-07-14T11:19:15.901052+00:00,spot_16,Spot 16,Empty,2026-07-13T22:35:22.003550+00:00,,,,,,,,
2026-07-14T11:19:15.901052+00:00,spot_17,Spot 17,Empty,2026-07-13T17:46:26.396031+00:00,,,,,,,,
2026-07-14T11:19:58.814181+00:00,spot_1,Spot 1,Empty,2026-07-13T23:54:41.337943+00:00,,,,,,,,
2026-07-14T11:19:58.814181+00:00,spot_2,Spot 2,Empty,2026-07-13T22:38:20.453368+00:00,,,,,,,,
2026-07-14T11:19:58.814181+00:00,spot_3,Spot 3,Empty,2026-07-14T01:48:31.431946+00:00,,,,,,,,
2026-07-14T11:19:58.814181+00:00,spot_4,Spot 4,Occupied,2026-07-14T11:17:52.416494+00:00,188,car,0.5212764739990234,126,415.1060791015625,323.4118347167969,441.8602294921875,353.6169128417969
2026-07-14T11:19:58.814181+00:00,spot_5,Spot 5,Empty,2026-07-14T02:57:19.781170+00:00,,,,,,,,
2026-07-14T11:19:58.814181+00:00,spot_6,Spot 6,Empty,2026-07-14T01:42:42.287107+00:00,,,,,,,,
2026-07-14T11:19:58.814181+00:00,spot_7,Spot 7,Empty,2026-07-14T00:18:43.510894+00:00,,,,,,,,
2026-07-14T11:19:58.814181+00:00,spot_8,Spot 8,Empty,2026-07-14T03:23:20.682684+00:00,,,,,,,,
2026-07-14T11:19:58.814181+00:00,spot_9,Spot 9,Empty,2026-07-14T03:02:23.964997+00:00,,,,,,,,
2026-07-14T11:19:58.814181+00:00,spot_10,Spot 10,Empty,2026-07-14T03:06:21.851167+00:00,,,,,,,,
2026-07-14T11:19:58.814181+00:00,spot_11,Spot 11,Empty,2026-07-14T01:03:18.245072+00:00,,,,,,,,
2026-07-14T11:19:58.814181+00:00,spot_12,Spot 12,Empty,2026-07-14T00:46:21.068768+00:00,,,,,,,,
2026-07-14T11:19:58.814181+00:00,spot_13,Spot 13,Empty,2026-07-14T00:35:18.994409+00:00,,,,,,,,
2026-07-14T11:19:58.814181+00:00,spot_14,Spot 14,Empty,2026-07-14T00:48:20.323446+00:00,,,,,,,,
2026-07-14T11:19:58.814181+00:00,spot_15,Spot 15,Empty,2026-07-13T22:18:20.405725+00:00,,,,,,,,
2026-07-14T11:19:58.814181+00:00,spot_16,Spot 16,Empty,2026-07-13T22:35:22.003550+00:00,,,,,,,,
2026-07-14T11:19:58.814181+00:00,spot_17,Spot 17,Empty,2026-07-13T17:46:26.396031+00:00,,,,,,,,
2026-07-14T11:20:51.053585+00:00,spot_1,Spot 1,Empty,2026-07-13T23:54:41.337943+00:00,,,,,,,,
2026-07-14T11:20:51.053585+00:00,spot_2,Spot 2,Empty,2026-07-13T22:38:20.453368+00:00,,,,,,,,
2026-07-14T11:20:51.053585+00:00,spot_3,Spot 3,Empty,2026-07-14T01:48:31.431946+00:00,,,,,,,,
2026-07-14T11:20:51.053585+00:00,spot_4,Spot 4,Occupied,2026-07-14T11:17:52.416494+00:00,188,car,0.42814698815345764,179,413.4449768066406,323.1915283203125,441.9082946777344,352.69891357421875
2026-07-14T11:20:51.053585+00:00,spot_5,Spot 5,Empty,2026-07-14T02:57:19.781170+00:00,,,,,,,,
2026-07-14T11:20:51.053585+00:00,spot_6,Spot 6,Empty,2026-07-14T01:42:42.287107+00:00,,,,,,,,
2026-07-14T11:20:51.053585+00:00,spot_7,Spot 7,Empty,2026-07-14T00:18:43.510894+00:00,,,,,,,,
2026-07-14T11:20:51.053585+00:00,spot_8,Spot 8,Empty,2026-07-14T03:23:20.682684+00:00,,,,,,,,
2026-07-14T11:20:51.053585+00:00,spot_9,Spot 9,Empty,2026-07-14T03:02:23.964997+00:00,,,,,,,,
2026-07-14T11:20:51.053585+00:00,spot_10,Spot 10,Empty,2026-07-14T03:06:21.851167+00:00,,,,,,,,
2026-07-14T11:20:51.053585+00:00,spot_11,Spot 11,Empty,2026-07-14T01:03:18.245072+00:00,,,,,,,,
2026-07-14T11:20:51.053585+00:00,spot_12,Spot 12,Empty,2026-07-14T00:46:21.068768+00:00,,,,,,,,
2026-07-14T11:20:51.053585+00:00,spot_13,Spot 13,Empty,2026-07-14T00:35:18.994409+00:00,,,,,,,,
2026-07-14T11:20:51.053585+00:00,spot_14,Spot 14,Empty,2026-07-14T00:48:20.323446+00:00,,,,,,,,
2026-07-14T11:20:51.053585+00:00,spot_15,Spot 15,Empty,2026-07-13T22:18:20.405725+00:00,,,,,,,,
2026-07-14T11:20:51.053585+00:00,spot_16,Spot 16,Empty,2026-07-13T22:35:22.003550+00:00,,,,,,,,
2026-07-14T11:20:51.053585+00:00,spot_17,Spot 17,Empty,2026-07-13T17:46:26.396031+00:00,,,,,,,,
2026-07-14T11:21:32.504662+00:00,spot_1,Spot 1,Empty,2026-07-13T23:54:41.337943+00:00,,,,,,,,
2026-07-14T11:21:32.504662+00:00,spot_2,Spot 2,Empty,2026-07-13T22:38:20.453368+00:00,,,,,,,,
2026-07-14T11:21:32.504662+00:00,spot_3,Spot 3,Empty,2026-07-14T01:48:31.431946+00:00,,,,,,,,
2026-07-14T11:21:32.504662+00:00,spot_4,Spot 4,Occupied,2026-07-14T11:17:52.416494+00:00,188,car,0.42814698815345764,219,413.4449768066406,323.1915283203125,441.9082946777344,352.69891357421875
2026-07-14T11:21:32.504662+00:00,spot_5,Spot 5,Empty,2026-07-14T02:57:19.781170+00:00,,,,,,,,
2026-07-14T11:21:32.504662+00:00,spot_6,Spot 6,Empty,2026-07-14T01:42:42.287107+00:00,,,,,,,,
2026-07-14T11:21:32.504662+00:00,spot_7,Spot 7,Empty,2026-07-14T00:18:43.510894+00:00,,,,,,,,
2026-07-14T11:21:32.504662+00:00,spot_8,Spot 8,Empty,2026-07-14T03:23:20.682684+00:00,,,,,,,,
2026-07-14T11:21:32.504662+00:00,spot_9,Spot 9,Empty,2026-07-14T03:02:23.964997+00:00,,,,,,,,
2026-07-14T11:21:32.504662+00:00,spot_10,Spot 10,Empty,2026-07-14T03:06:21.851167+00:00,,,,,,,,
2026-07-14T11:21:32.504662+00:00,spot_11,Spot 11,Empty,2026-07-14T01:03:18.245072+00:00,,,,,,,,
2026-07-14T11:21:32.504662+00:00,spot_12,Spot 12,Empty,2026-07-14T00:46:21.068768+00:00,,,,,,,,
2026-07-14T11:21:32.504662+00:00,spot_13,Spot 13,Empty,2026-07-14T00:35:18.994409+00:00,,,,,,,,
2026-07-14T11:21:32.504662+00:00,spot_14,Spot 14,Empty,2026-07-14T00:48:20.323446+00:00,,,,,,,,
2026-07-14T11:21:32.504662+00:00,spot_15,Spot 15,Empty,2026-07-13T22:18:20.405725+00:00,,,,,,,,
2026-07-14T11:21:32.504662+00:00,spot_16,Spot 16,Empty,2026-07-13T22:35:22.003550+00:00,,,,,,,,
2026-07-14T11:21:32.504662+00:00,spot_17,Spot 17,Empty,2026-07-13T17:46:26.396031+00:00,,,,,,,,
2026-07-14T11:22:11.881469+00:00,spot_1,Spot 1,Empty,2026-07-13T23:54:41.337943+00:00,,,,,,,,
2026-07-14T11:22:11.881469+00:00,spot_2,Spot 2,Empty,2026-07-13T22:38:20.453368+00:00,,,,,,,,
2026-07-14T11:22:11.881469+00:00,spot_3,Spot 3,Empty,2026-07-14T01:48:31.431946+00:00,,,,,,,,
2026-07-14T11:22:11.881469+00:00,spot_4,Spot 4,Empty,2026-07-14T11:22:11.881469+00:00,,,,,,,,
2026-07-14T11:22:11.881469+00:00,spot_5,Spot 5,Empty,2026-07-14T02:57:19.781170+00:00,,,,,,,,
2026-07-14T11:22:11.881469+00:00,spot_6,Spot 6,Empty,2026-07-14T01:42:42.287107+00:00,,,,,,,,
2026-07-14T11:22:11.881469+00:00,spot_7,Spot 7,Empty,2026-07-14T00:18:43.510894+00:00,,,,,,,,
2026-07-14T11:22:11.881469+00:00,spot_8,Spot 8,Empty,2026-07-14T03:23:20.682684+00:00,,,,,,,,
2026-07-14T11:22:11.881469+00:00,spot_9,Spot 9,Empty,2026-07-14T03:02:23.964997+00:00,,,,,,,,
2026-07-14T11:22:11.881469+00:00,spot_10,Spot 10,Empty,2026-07-14T03:06:21.851167+00:00,,,,,,,,
2026-07-14T11:22:11.881469+00:00,spot_11,Spot 11,Empty,2026-07-14T01:03:18.245072+00:00,,,,,,,,
2026-07-14T11:22:11.881469+00:00,spot_12,Spot 12,Empty,2026-07-14T00:46:21.068768+00:00,,,,,,,,
2026-07-14T11:22:11.881469+00:00,spot_13,Spot 13,Empty,2026-07-14T00:35:18.994409+00:00,,,,,,,,
2026-07-14T11:22:11.881469+00:00,spot_14,Spot 14,Empty,2026-07-14T00:48:20.323446+00:00,,,,,,,,
2026-07-14T11:22:11.881469+00:00,spot_15,Spot 15,Empty,2026-07-13T22:18:20.405725+00:00,,,,,,,,
2026-07-14T11:22:11.881469+00:00,spot_16,Spot 16,Empty,2026-07-13T22:35:22.003550+00:00,,,,,,,,
2026-07-14T11:22:11.881469+00:00,spot_17,Spot 17,Empty,2026-07-13T17:46:26.396031+00:00,,,,,,,,
2026-07-14T11:22:55.655026+00:00,spot_1,Spot 1,Empty,2026-07-13T23:54:41.337943+00:00,,,,,,,,
2026-07-14T11:22:55.655026+00:00,spot_2,Spot 2,Empty,2026-07-13T22:38:20.453368+00:00,,,,,,,,
2026-07-14T11:22:55.655026+00:00,spot_3,Spot 3,Empty,2026-07-14T01:48:31.431946+00:00,,,,,,,,
2026-07-14T11:22:55.655026+00:00,spot_4,Spot 4,Occupied,2026-07-14T11:22:55.655026+00:00,187,car,0.35346218943595886,303,373.99896240234375,325.94329833984375,425.7261962890625,369.23760986328125
2026-07-14T11:22:55.655026+00:00,spot_5,Spot 5,Empty,2026-07-14T02:57:19.781170+00:00,,,,,,,,
2026-07-14T11:22:55.655026+00:00,spot_6,Spot 6,Empty,2026-07-14T01:42:42.287107+00:00,,,,,,,,
2026-07-14T11:22:55.655026+00:00,spot_7,Spot 7,Empty,2026-07-14T00:18:43.510894+00:00,,,,,,,,
2026-07-14T11:22:55.655026+00:00,spot_8,Spot 8,Empty,2026-07-14T03:23:20.682684+00:00,,,,,,,,
2026-07-14T11:22:55.655026+00:00,spot_9,Spot 9,Empty,2026-07-14T03:02:23.964997+00:00,,,,,,,,
2026-07-14T11:22:55.655026+00:00,spot_10,Spot 10,Empty,2026-07-14T03:06:21.851167+00:00,,,,,,,,
2026-07-14T11:22:55.655026+00:00,spot_11,Spot 11,Empty,2026-07-14T01:03:18.245072+00:00,,,,,,,,
2026-07-14T11:22:55.655026+00:00,spot_12,Spot 12,Empty,2026-07-14T00:46:21.068768+00:00,,,,,,,,
2026-07-14T11:22:55.655026+00:00,spot_13,Spot 13,Empty,2026-07-14T00:35:18.994409+00:00,,,,,,,,
2026-07-14T11:22:55.655026+00:00,spot_14,Spot 14,Empty,2026-07-14T00:48:20.323446+00:00,,,,,,,,
2026-07-14T11:22:55.655026+00:00,spot_15,Spot 15,Empty,2026-07-13T22:18:20.405725+00:00,,,,,,,,
2026-07-14T11:22:55.655026+00:00,spot_16,Spot 16,Empty,2026-07-13T22:35:22.003550+00:00,,,,,,,,
2026-07-14T11:22:55.655026+00:00,spot_17,Spot 17,Empty,2026-07-13T17:46:26.396031+00:00,,,,,,,,
2026-07-14T11:23:36.437133+00:00,spot_1,Spot 1,Empty,2026-07-13T23:54:41.337943+00:00,,,,,,,,
2026-07-14T11:23:36.437133+00:00,spot_2,Spot 2,Empty,2026-07-13T22:38:20.453368+00:00,,,,,,,,
2026-07-14T11:23:36.437133+00:00,spot_3,Spot 3,Empty,2026-07-14T01:48:31.431946+00:00,,,,,,,,
2026-07-14T11:23:36.437133+00:00,spot_4,Spot 4,Occupied,2026-07-14T11:22:55.655026+00:00,187,car,0.35346218943595886,344,373.99896240234375,325.94329833984375,425.7261962890625,369.23760986328125
2026-07-14T11:23:36.437133+00:00,spot_5,Spot 5,Empty,2026-07-14T02:57:19.781170+00:00,,,,,,,,
2026-07-14T11:23:36.437133+00:00,spot_6,Spot 6,Empty,2026-07-14T01:42:42.287107+00:00,,,,,,,,
2026-07-14T11:23:36.437133+00:00,spot_7,Spot 7,Empty,2026-07-14T00:18:43.510894+00:00,,,,,,,,
2026-07-14T11:23:36.437133+00:00,spot_8,Spot 8,Empty,2026-07-14T03:23:20.682684+00:00,,,,,,,,
2026-07-14T11:23:36.437133+00:00,spot_9,Spot 9,Empty,2026-07-14T03:02:23.964997+00:00,,,,,,,,
2026-07-14T11:23:36.437133+00:00,spot_10,Spot 10,Empty,2026-07-14T03:06:21.851167+00:00,,,,,,,,
2026-07-14T11:23:36.437133+00:00,spot_11,Spot 11,Empty,2026-07-14T01:03:18.245072+00:00,,,,,,,,
2026-07-14T11:23:36.437133+00:00,spot_12,Spot 12,Empty,2026-07-14T00:46:21.068768+00:00,,,,,,,,
2026-07-14T11:23:36.437133+00:00,spot_13,Spot 13,Empty,2026-07-14T00:35:18.994409+00:00,,,,,,,,
2026-07-14T11:23:36.437133+00:00,spot_14,Spot 14,Empty,2026-07-14T00:48:20.323446+00:00,,,,,,,,
2026-07-14T11:23:36.437133+00:00,spot_15,Spot 15,Empty,2026-07-13T22:18:20.405725+00:00,,,,,,,,
2026-07-14T11:23:36.437133+00:00,spot_16,Spot 16,Empty,2026-07-13T22:35:22.003550+00:00,,,,,,,,
2026-07-14T11:23:36.437133+00:00,spot_17,Spot 17,Empty,2026-07-13T17:46:26.396031+00:00,,,,,,,,
2026-07-14T11:24:19.874674+00:00,spot_1,Spot 1,Empty,2026-07-13T23:54:41.337943+00:00,,,,,,,,
2026-07-14T11:24:19.874674+00:00,spot_2,Spot 2,Empty,2026-07-13T22:38:20.453368+00:00,,,,,,,,
2026-07-14T11:24:19.874674+00:00,spot_3,Spot 3,Empty,2026-07-14T01:48:31.431946+00:00,,,,,,,,
2026-07-14T11:24:19.874674+00:00,spot_4,Spot 4,Occupied,2026-07-14T11:24:19.874674+00:00,189,truck,0.5497555732727051,0,377.5851135253906,299.2834167480469,442.3108215332031,369.0294494628906
2026-07-14T11:24:19.874674+00:00,spot_5,Spot 5,Empty,2026-07-14T02:57:19.781170+00:00,,,,,,,,
2026-07-14T11:24:19.874674+00:00,spot_6,Spot 6,Empty,2026-07-14T01:42:42.287107+00:00,,,,,,,,
2026-07-14T11:24:19.874674+00:00,spot_7,Spot 7,Empty,2026-07-14T00:18:43.510894+00:00,,,,,,,,
2026-07-14T11:24:19.874674+00:00,spot_8,Spot 8,Empty,2026-07-14T03:23:20.682684+00:00,,,,,,,,
2026-07-14T11:24:19.874674+00:00,spot_9,Spot 9,Empty,2026-07-14T03:02:23.964997+00:00,,,,,,,,
2026-07-14T11:24:19.874674+00:00,spot_10,Spot 10,Empty,2026-07-14T03:06:21.851167+00:00,,,,,,,,
2026-07-14T11:24:19.874674+00:00,spot_11,Spot 11,Empty,2026-07-14T01:03:18.245072+00:00,,,,,,,,
2026-07-14T11:24:19.874674+00:00,spot_12,Spot 12,Empty,2026-07-14T00:46:21.068768+00:00,,,,,,,,
2026-07-14T11:24:19.874674+00:00,spot_13,Spot 13,Empty,2026-07-14T00:35:18.994409+00:00,,,,,,,,
2026-07-14T11:24:19.874674+00:00,spot_14,Spot 14,Empty,2026-07-14T00:48:20.323446+00:00,,,,,,,,
2026-07-14T11:24:19.874674+00:00,spot_15,Spot 15,Empty,2026-07-13T22:18:20.405725+00:00,,,,,,,,
2026-07-14T11:24:19.874674+00:00,spot_16,Spot 16,Empty,2026-07-13T22:35:22.003550+00:00,,,,,,,,
2026-07-14T11:24:19.874674+00:00,spot_17,Spot 17,Empty,2026-07-13T17:46:26.396031+00:00,,,,,,,,
2026-07-14T11:25:00.284836+00:00,spot_1,Spot 1,Empty,2026-07-13T23:54:41.337943+00:00,,,,,,,,
2026-07-14T11:25:00.284836+00:00,spot_2,Spot 2,Empty,2026-07-13T22:38:20.453368+00:00,,,,,,,,
2026-07-14T11:25:00.284836+00:00,spot_3,Spot 3,Empty,2026-07-14T01:48:31.431946+00:00,,,,,,,,
2026-07-14T11:25:00.284836+00:00,spot_4,Spot 4,Occupied,2026-07-14T11:24:19.874674+00:00,189,truck,0.3901975750923157,40,374.315185546875,322.29632568359375,442.06280517578125,371.33050537109375
2026-07-14T11:25:00.284836+00:00,spot_5,Spot 5,Empty,2026-07-14T02:57:19.781170+00:00,,,,,,,,
2026-07-14T11:25:00.284836+00:00,spot_6,Spot 6,Empty,2026-07-14T01:42:42.287107+00:00,,,,,,,,
2026-07-14T11:25:00.284836+00:00,spot_7,Spot 7,Empty,2026-07-14T00:18:43.510894+00:00,,,,,,,,
2026-07-14T11:25:00.284836+00:00,spot_8,Spot 8,Empty,2026-07-14T03:23:20.682684+00:00,,,,,,,,
2026-07-14T11:25:00.284836+00:00,spot_9,Spot 9,Empty,2026-07-14T03:02:23.964997+00:00,,,,,,,,
2026-07-14T11:25:00.284836+00:00,spot_10,Spot 10,Empty,2026-07-14T03:06:21.851167+00:00,,,,,,,,
2026-07-14T11:25:00.284836+00:00,spot_11,Spot 11,Empty,2026-07-14T01:03:18.245072+00:00,,,,,,,,
2026-07-14T11:25:00.284836+00:00,spot_12,Spot 12,Empty,2026-07-14T00:46:21.068768+00:00,,,,,,,,
2026-07-14T11:25:00.284836+00:00,spot_13,Spot 13,Empty,2026-07-14T00:35:18.994409+00:00,,,,,,,,
2026-07-14T11:25:00.284836+00:00,spot_14,Spot 14,Empty,2026-07-14T00:48:20.323446+00:00,,,,,,,,
2026-07-14T11:25:00.284836+00:00,spot_15,Spot 15,Empty,2026-07-13T22:18:20.405725+00:00,,,,,,,,
2026-07-14T11:25:00.284836+00:00,spot_16,Spot 16,Empty,2026-07-13T22:35:22.003550+00:00,,,,,,,,
2026-07-14T11:25:00.284836+00:00,spot_17,Spot 17,Empty,2026-07-13T17:46:26.396031+00:00,,,,,,,,
2026-07-14T11:25:42.237246+00:00,spot_1,Spot 1,Empty,2026-07-13T23:54:41.337943+00:00,,,,,,,,
2026-07-14T11:25:42.237246+00:00,spot_2,Spot 2,Empty,2026-07-13T22:38:20.453368+00:00,,,,,,,,
2026-07-14T11:25:42.237246+00:00,spot_3,Spot 3,Empty,2026-07-14T01:48:31.431946+00:00,,,,,,,,
2026-07-14T11:25:42.237246+00:00,spot_4,Spot 4,Occupied,2026-07-14T11:24:19.874674+00:00,189,truck,0.3901975750923157,83,374.315185546875,322.29632568359375,442.06280517578125,371.33050537109375
2026-07-14T11:25:42.237246+00:00,spot_5,Spot 5,Empty,2026-07-14T02:57:19.781170+00:00,,,,,,,,
2026-07-14T11:25:42.237246+00:00,spot_6,Spot 6,Empty,2026-07-14T01:42:42.287107+00:00,,,,,,,,
2026-07-14T11:25:42.237246+00:00,spot_7,Spot 7,Empty,2026-07-14T00:18:43.510894+00:00,,,,,,,,
2026-07-14T11:25:42.237246+00:00,spot_8,Spot 8,Empty,2026-07-14T03:23:20.682684+00:00,,,,,,,,
2026-07-14T11:25:42.237246+00:00,spot_9,Spot 9,Empty,2026-07-14T03:02:23.964997+00:00,,,,,,,,
2026-07-14T11:25:42.237246+00:00,spot_10,Spot 10,Empty,2026-07-14T03:06:21.851167+00:00,,,,,,,,
2026-07-14T11:25:42.237246+00:00,spot_11,Spot 11,Empty,2026-07-14T01:03:18.245072+00:00,,,,,,,,
2026-07-14T11:25:42.237246+00:00,spot_12,Spot 12,Empty,2026-07-14T00:46:21.068768+00:00,,,,,,,,
2026-07-14T11:25:42.237246+00:00,spot_13,Spot 13,Empty,2026-07-14T00:35:18.994409+00:00,,,,,,,,
2026-07-14T11:25:42.237246+00:00,spot_14,Spot 14,Empty,2026-07-14T00:48:20.323446+00:00,,,,,,,,
2026-07-14T11:25:42.237246+00:00,spot_15,Spot 15,Empty,2026-07-13T22:18:20.405725+00:00,,,,,,,,
2026-07-14T11:25:42.237246+00:00,spot_16,Spot 16,Empty,2026-07-13T22:35:22.003550+00:00,,,,,,,,
2026-07-14T11:25:42.237246+00:00,spot_17,Spot 17,Empty,2026-07-13T17:46:26.396031+00:00,,,,,,,,
2026-07-14T11:26:25.584499+00:00,spot_1,Spot 1,Empty,2026-07-13T23:54:41.337943+00:00,,,,,,,,
2026-07-14T11:26:25.584499+00:00,spot_2,Spot 2,Empty,2026-07-13T22:38:20.453368+00:00,,,,,,,,
2026-07-14T11:26:25.584499+00:00,spot_3,Spot 3,Empty,2026-07-14T01:48:31.431946+00:00,,,,,,,,
2026-07-14T11:26:25.584499+00:00,spot_4,Spot 4,Empty,2026-07-14T11:26:25.584499+00:00,,,,,,,,
2026-07-14T11:26:25.584499+00:00,spot_5,Spot 5,Empty,2026-07-14T02:57:19.781170+00:00,,,,,,,,
2026-07-14T11:26:25.584499+00:00,spot_6,Spot 6,Empty,2026-07-14T01:42:42.287107+00:00,,,,,,,,
2026-07-14T11:26:25.584499+00:00,spot_7,Spot 7,Empty,2026-07-14T00:18:43.510894+00:00,,,,,,,,
2026-07-14T11:26:25.584499+00:00,spot_8,Spot 8,Empty,2026-07-14T03:23:20.682684+00:00,,,,,,,,
2026-07-14T11:26:25.584499+00:00,spot_9,Spot 9,Empty,2026-07-14T03:02:23.964997+00:00,,,,,,,,
2026-07-14T11:26:25.584499+00:00,spot_10,Spot 10,Empty,2026-07-14T03:06:21.851167+00:00,,,,,,,,
2026-07-14T11:26:25.584499+00:00,spot_11,Spot 11,Empty,2026-07-14T01:03:18.245072+00:00,,,,,,,,
2026-07-14T11:26:25.584499+00:00,spot_12,Spot 12,Empty,2026-07-14T00:46:21.068768+00:00,,,,,,,,
2026-07-14T11:26:25.584499+00:00,spot_13,Spot 13,Empty,2026-07-14T00:35:18.994409+00:00,,,,,,,,
2026-07-14T11:26:25.584499+00:00,spot_14,Spot 14,Empty,2026-07-14T00:48:20.323446+00:00,,,,,,,,
2026-07-14T11:26:25.584499+00:00,spot_15,Spot 15,Empty,2026-07-13T22:18:20.405725+00:00,,,,,,,,
2026-07-14T11:26:25.584499+00:00,spot_16,Spot 16,Empty,2026-07-13T22:35:22.003550+00:00,,,,,,,,
2026-07-14T11:26:25.584499+00:00,spot_17,Spot 17,Empty,2026-07-13T17:46:26.396031+00:00,,,,,,,,
2026-07-14T11:27:06.717216+00:00,spot_1,Spot 1,Empty,2026-07-13T23:54:41.337943+00:00,,,,,,,,
2026-07-14T11:27:06.717216+00:00,spot_2,Spot 2,Empty,2026-07-13T22:38:20.453368+00:00,,,,,,,,
2026-07-14T11:27:06.717216+00:00,spot_3,Spot 3,Empty,2026-07-14T01:48:31.431946+00:00,,,,,,,,
2026-07-14T11:27:06.717216+00:00,spot_4,Spot 4,Occupied,2026-07-14T11:27:06.717216+00:00,190,car,0.4073584973812103,0,377.98431396484375,329.93035888671875,426.10247802734375,369.25494384765625
2026-07-14T11:27:06.717216+00:00,spot_5,Spot 5,Empty,2026-07-14T02:57:19.781170+00:00,,,,,,,,
2026-07-14T11:27:06.717216+00:00,spot_6,Spot 6,Empty,2026-07-14T01:42:42.287107+00:00,,,,,,,,
2026-07-14T11:27:06.717216+00:00,spot_7,Spot 7,Empty,2026-07-14T00:18:43.510894+00:00,,,,,,,,
2026-07-14T11:27:06.717216+00:00,spot_8,Spot 8,Empty,2026-07-14T03:23:20.682684+00:00,,,,,,,,
2026-07-14T11:27:06.717216+00:00,spot_9,Spot 9,Empty,2026-07-14T03:02:23.964997+00:00,,,,,,,,
2026-07-14T11:27:06.717216+00:00,spot_10,Spot 10,Empty,2026-07-14T03:06:21.851167+00:00,,,,,,,,
2026-07-14T11:27:06.717216+00:00,spot_11,Spot 11,Empty,2026-07-14T01:03:18.245072+00:00,,,,,,,,
2026-07-14T11:27:06.717216+00:00,spot_12,Spot 12,Empty,2026-07-14T00:46:21.068768+00:00,,,,,,,,
2026-07-14T11:27:06.717216+00:00,spot_13,Spot 13,Empty,2026-07-14T00:35:18.994409+00:00,,,,,,,,
2026-07-14T11:27:06.717216+00:00,spot_14,Spot 14,Empty,2026-07-14T00:48:20.323446+00:00,,,,,,,,
2026-07-14T11:27:06.717216+00:00,spot_15,Spot 15,Empty,2026-07-13T22:18:20.405725+00:00,,,,,,,,
2026-07-14T11:27:06.717216+00:00,spot_16,Spot 16,Empty,2026-07-13T22:35:22.003550+00:00,,,,,,,,
2026-07-14T11:27:06.717216+00:00,spot_17,Spot 17,Empty,2026-07-13T17:46:26.396031+00:00,,,,,,,,
2026-07-14T11:27:48.400564+00:00,spot_1,Spot 1,Empty,2026-07-13T23:54:41.337943+00:00,,,,,,,,
2026-07-14T11:27:48.400564+00:00,spot_2,Spot 2,Empty,2026-07-13T22:38:20.453368+00:00,,,,,,,,
2026-07-14T11:27:48.400564+00:00,spot_3,Spot 3,Empty,2026-07-14T01:48:31.431946+00:00,,,,,,,,
2026-07-14T11:27:48.400564+00:00,spot_4,Spot 4,Occupied,2026-07-14T11:27:06.717216+00:00,190,car,0.4073584973812103,41,377.98431396484375,329.93035888671875,426.10247802734375,369.25494384765625
2026-07-14T11:27:48.400564+00:00,spot_5,Spot 5,Empty,2026-07-14T02:57:19.781170+00:00,,,,,,,,
2026-07-14T11:27:48.400564+00:00,spot_6,Spot 6,Empty,2026-07-14T01:42:42.287107+00:00,,,,,,,,
2026-07-14T11:27:48.400564+00:00,spot_7,Spot 7,Empty,2026-07-14T00:18:43.510894+00:00,,,,,,,,
2026-07-14T11:27:48.400564+00:00,spot_8,Spot 8,Empty,2026-07-14T03:23:20.682684+00:00,,,,,,,,
2026-07-14T11:27:48.400564+00:00,spot_9,Spot 9,Empty,2026-07-14T03:02:23.964997+00:00,,,,,,,,
2026-07-14T11:27:48.400564+00:00,spot_10,Spot 10,Empty,2026-07-14T03:06:21.851167+00:00,,,,,,,,
2026-07-14T11:27:48.400564+00:00,spot_11,Spot 11,Empty,2026-07-14T01:03:18.245072+00:00,,,,,,,,
2026-07-14T11:27:48.400564+00:00,spot_12,Spot 12,Empty,2026-07-14T00:46:21.068768+00:00,,,,,,,,
2026-07-14T11:27:48.400564+00:00,spot_13,Spot 13,Empty,2026-07-14T00:35:18.994409+00:00,,,,,,,,
2026-07-14T11:27:48.400564+00:00,spot_14,Spot 14,Empty,2026-07-14T00:48:20.323446+00:00,,,,,,,,
2026-07-14T11:27:48.400564+00:00,spot_15,Spot 15,Empty,2026-07-13T22:18:20.405725+00:00,,,,,,,,
2026-07-14T11:27:48.400564+00:00,spot_16,Spot 16,Empty,2026-07-13T22:35:22.003550+00:00,,,,,,,,
2026-07-14T11:27:48.400564+00:00,spot_17,Spot 17,Empty,2026-07-13T17:46:26.396031+00:00,,,,,,,,
2026-07-14T11:28:29.921360+00:00,spot_1,Spot 1,Empty,2026-07-13T23:54:41.337943+00:00,,,,,,,,
2026-07-14T11:28:29.921360+00:00,spot_2,Spot 2,Empty,2026-07-13T22:38:20.453368+00:00,,,,,,,,
2026-07-14T11:28:29.921360+00:00,spot_3,Spot 3,Empty,2026-07-14T01:48:31.431946+00:00,,,,,,,,
2026-07-14T11:28:29.921360+00:00,spot_4,Spot 4,Occupied,2026-07-14T11:28:29.921360+00:00,192,car,0.39165177941322327,0,414.80133056640625,323.34344482421875,441.81005859375,353.35101318359375
2026-07-14T11:28:29.921360+00:00,spot_5,Spot 5,Occupied,2026-07-14T11:28:29.921360+00:00,191,car,0.4738460183143616,0,338.36016845703125,331.76654052734375,355.021728515625,342.71038818359375
2026-07-14T11:28:29.921360+00:00,spot_6,Spot 6,Empty,2026-07-14T01:42:42.287107+00:00,,,,,,,,
2026-07-14T11:28:29.921360+00:00,spot_7,Spot 7,Empty,2026-07-14T00:18:43.510894+00:00,,,,,,,,
2026-07-14T11:28:29.921360+00:00,spot_8,Spot 8,Empty,2026-07-14T03:23:20.682684+00:00,,,,,,,,
2026-07-14T11:28:29.921360+00:00,spot_9,Spot 9,Empty,2026-07-14T03:02:23.964997+00:00,,,,,,,,
2026-07-14T11:28:29.921360+00:00,spot_10,Spot 10,Empty,2026-07-14T03:06:21.851167+00:00,,,,,,,,
2026-07-14T11:28:29.921360+00:00,spot_11,Spot 11,Empty,2026-07-14T01:03:18.245072+00:00,,,,,,,,
2026-07-14T11:28:29.921360+00:00,spot_12,Spot 12,Empty,2026-07-14T00:46:21.068768+00:00,,,,,,,,
2026-07-14T11:28:29.921360+00:00,spot_13,Spot 13,Empty,2026-07-14T00:35:18.994409+00:00,,,,,,,,
2026-07-14T11:28:29.921360+00:00,spot_14,Spot 14,Empty,2026-07-14T00:48:20.323446+00:00,,,,,,,,
2026-07-14T11:28:29.921360+00:00,spot_15,Spot 15,Empty,2026-07-13T22:18:20.405725+00:00,,,,,,,,
2026-07-14T11:28:29.921360+00:00,spot_16,Spot 16,Empty,2026-07-13T22:35:22.003550+00:00,,,,,,,,
2026-07-14T11:28:29.921360+00:00,spot_17,Spot 17,Empty,2026-07-13T17:46:26.396031+00:00,,,,,,,,
2026-07-14T11:29:11.102165+00:00,spot_1,Spot 1,Empty,2026-07-13T23:54:41.337943+00:00,,,,,,,,
2026-07-14T11:29:11.102165+00:00,spot_2,Spot 2,Empty,2026-07-13T22:38:20.453368+00:00,,,,,,,,
2026-07-14T11:29:11.102165+00:00,spot_3,Spot 3,Empty,2026-07-14T01:48:31.431946+00:00,,,,,,,,
2026-07-14T11:29:11.102165+00:00,spot_4,Spot 4,Occupied,2026-07-14T11:29:11.102165+00:00,190,car,0.3926403820514679,124,379.64776611328125,323.72308349609375,441.57635498046875,368.84539794921875
2026-07-14T11:29:11.102165+00:00,spot_5,Spot 5,Empty,2026-07-14T11:29:11.102165+00:00,,,,,,,,
2026-07-14T11:29:11.102165+00:00,spot_6,Spot 6,Empty,2026-07-14T01:42:42.287107+00:00,,,,,,,,
2026-07-14T11:29:11.102165+00:00,spot_7,Spot 7,Empty,2026-07-14T00:18:43.510894+00:00,,,,,,,,
2026-07-14T11:29:11.102165+00:00,spot_8,Spot 8,Empty,2026-07-14T03:23:20.682684+00:00,,,,,,,,
2026-07-14T11:29:11.102165+00:00,spot_9,Spot 9,Empty,2026-07-14T03:02:23.964997+00:00,,,,,,,,
2026-07-14T11:29:11.102165+00:00,spot_10,Spot 10,Empty,2026-07-14T03:06:21.851167+00:00,,,,,,,,
2026-07-14T11:29:11.102165+00:00,spot_11,Spot 11,Empty,2026-07-14T01:03:18.245072+00:00,,,,,,,,
2026-07-14T11:29:11.102165+00:00,spot_12,Spot 12,Empty,2026-07-14T00:46:21.068768+00:00,,,,,,,,
2026-07-14T11:29:11.102165+00:00,spot_13,Spot 13,Empty,2026-07-14T00:35:18.994409+00:00,,,,,,,,
2026-07-14T11:29:11.102165+00:00,spot_14,Spot 14,Empty,2026-07-14T00:48:20.323446+00:00,,,,,,,,
2026-07-14T11:29:11.102165+00:00,spot_15,Spot 15,Empty,2026-07-13T22:18:20.405725+00:00,,,,,,,,
2026-07-14T11:29:11.102165+00:00,spot_16,Spot 16,Empty,2026-07-13T22:35:22.003550+00:00,,,,,,,,
2026-07-14T11:29:11.102165+00:00,spot_17,Spot 17,Empty,2026-07-13T17:46:26.396031+00:00,,,,,,,,
2026-07-14T11:29:54.190776+00:00,spot_1,Spot 1,Empty,2026-07-13T23:54:41.337943+00:00,,,,,,,,
2026-07-14T11:29:54.190776+00:00,spot_2,Spot 2,Empty,2026-07-13T22:38:20.453368+00:00,,,,,,,,
2026-07-14T11:29:54.190776+00:00,spot_3,Spot 3,Empty,2026-07-14T01:48:31.431946+00:00,,,,,,,,
2026-07-14T11:29:54.190776+00:00,spot_4,Spot 4,Occupied,2026-07-14T11:29:11.102165+00:00,190,car,0.3926403820514679,165,379.64776611328125,323.72308349609375,441.57635498046875,368.84539794921875
2026-07-14T11:29:54.190776+00:00,spot_5,Spot 5,Empty,2026-07-14T11:29:11.102165+00:00,,,,,,,,
2026-07-14T11:29:54.190776+00:00,spot_6,Spot 6,Empty,2026-07-14T01:42:42.287107+00:00,,,,,,,,
2026-07-14T11:29:54.190776+00:00,spot_7,Spot 7,Empty,2026-07-14T00:18:43.510894+00:00,,,,,,,,
2026-07-14T11:29:54.190776+00:00,spot_8,Spot 8,Empty,2026-07-14T03:23:20.682684+00:00,,,,,,,,
2026-07-14T11:29:54.190776+00:00,spot_9,Spot 9,Empty,2026-07-14T03:02:23.964997+00:00,,,,,,,,
2026-07-14T11:29:54.190776+00:00,spot_10,Spot 10,Empty,2026-07-14T03:06:21.851167+00:00,,,,,,,,
2026-07-14T11:29:54.190776+00:00,spot_11,Spot 11,Empty,2026-07-14T01:03:18.245072+00:00,,,,,,,,
2026-07-14T11:29:54.190776+00:00,spot_12,Spot 12,Empty,2026-07-14T00:46:21.068768+00:00,,,,,,,,
2026-07-14T11:29:54.190776+00:00,spot_13,Spot 13,Empty,2026-07-14T00:35:18.994409+00:00,,,,,,,,
2026-07-14T11:29:54.190776+00:00,spot_14,Spot 14,Empty,2026-07-14T00:48:20.323446+00:00,,,,,,,,
2026-07-14T11:29:54.190776+00:00,spot_15,Spot 15,Empty,2026-07-13T22:18:20.405725+00:00,,,,,,,,
2026-07-14T11:29:54.190776+00:00,spot_16,Spot 16,Empty,2026-07-13T22:35:22.003550+00:00,,,,,,,,
2026-07-14T11:29:54.190776+00:00,spot_17,Spot 17,Empty,2026-07-13T17:46:26.396031+00:00,,,,,,,,
2026-07-14T11:30:34.617934+00:00,spot_1,Spot 1,Empty,2026-07-13T23:54:41.337943+00:00,,,,,,,,
2026-07-14T11:30:34.617934+00:00,spot_2,Spot 2,Empty,2026-07-13T22:38:20.453368+00:00,,,,,,,,
2026-07-14T11:30:34.617934+00:00,spot_3,Spot 3,Empty,2026-07-14T01:48:31.431946+00:00,,,,,,,,
2026-07-14T11:30:34.617934+00:00,spot_4,Spot 4,Empty,2026-07-14T11:30:34.617934+00:00,,,,,,,,
2026-07-14T11:30:34.617934+00:00,spot_5,Spot 5,Empty,2026-07-14T11:29:11.102165+00:00,,,,,,,,
2026-07-14T11:30:34.617934+00:00,spot_6,Spot 6,Empty,2026-07-14T01:42:42.287107+00:00,,,,,,,,
2026-07-14T11:30:34.617934+00:00,spot_7,Spot 7,Empty,2026-07-14T00:18:43.510894+00:00,,,,,,,,
2026-07-14T11:30:34.617934+00:00,spot_8,Spot 8,Empty,2026-07-14T03:23:20.682684+00:00,,,,,,,,
2026-07-14T11:30:34.617934+00:00,spot_9,Spot 9,Empty,2026-07-14T03:02:23.964997+00:00,,,,,,,,
2026-07-14T11:30:34.617934+00:00,spot_10,Spot 10,Empty,2026-07-14T03:06:21.851167+00:00,,,,,,,,
2026-07-14T11:30:34.617934+00:00,spot_11,Spot 11,Empty,2026-07-14T01:03:18.245072+00:00,,,,,,,,
2026-07-14T11:30:34.617934+00:00,spot_12,Spot 12,Empty,2026-07-14T00:46:21.068768+00:00,,,,,,,,
2026-07-14T11:30:34.617934+00:00,spot_13,Spot 13,Empty,2026-07-14T00:35:18.994409+00:00,,,,,,,,
2026-07-14T11:30:34.617934+00:00,spot_14,Spot 14,Empty,2026-07-14T00:48:20.323446+00:00,,,,,,,,
2026-07-14T11:30:34.617934+00:00,spot_15,Spot 15,Empty,2026-07-13T22:18:20.405725+00:00,,,,,,,,
2026-07-14T11:30:34.617934+00:00,spot_16,Spot 16,Empty,2026-07-13T22:35:22.003550+00:00,,,,,,,,
2026-07-14T11:30:34.617934+00:00,spot_17,Spot 17,Empty,2026-07-13T17:46:26.396031+00:00,,,,,,,,
2026-07-14T11:31:18.297293+00:00,spot_1,Spot 1,Empty,2026-07-13T23:54:41.337943+00:00,,,,,,,,
2026-07-14T11:31:18.297293+00:00,spot_2,Spot 2,Empty,2026-07-13T22:38:20.453368+00:00,,,,,,,,
2026-07-14T11:31:18.297293+00:00,spot_3,Spot 3,Empty,2026-07-14T01:48:31.431946+00:00,,,,,,,,
2026-07-14T11:31:18.297293+00:00,spot_4,Spot 4,Occupied,2026-07-14T11:31:18.297293+00:00,192,car,0.42990821599960327,167,415.1254577636719,323.2051086425781,441.1012268066406,352.2007141113281
2026-07-14T11:31:18.297293+00:00,spot_5,Spot 5,Occupied,2026-07-14T11:31:18.297293+00:00,191,car,0.3714351952075958,167,339.0767822265625,331.73553466796875,364.203369140625,342.08294677734375
2026-07-14T11:31:18.297293+00:00,spot_6,Spot 6,Empty,2026-07-14T01:42:42.287107+00:00,,,,,,,,
2026-07-14T11:31:18.297293+00:00,spot_7,Spot 7,Empty,2026-07-14T00:18:43.510894+00:00,,,,,,,,
2026-07-14T11:31:18.297293+00:00,spot_8,Spot 8,Empty,2026-07-14T03:23:20.682684+00:00,,,,,,,,
2026-07-14T11:31:18.297293+00:00,spot_9,Spot 9,Empty,2026-07-14T03:02:23.964997+00:00,,,,,,,,
2026-07-14T11:31:18.297293+00:00,spot_10,Spot 10,Empty,2026-07-14T03:06:21.851167+00:00,,,,,,,,
2026-07-14T11:31:18.297293+00:00,spot_11,Spot 11,Empty,2026-07-14T01:03:18.245072+00:00,,,,,,,,
2026-07-14T11:31:18.297293+00:00,spot_12,Spot 12,Empty,2026-07-14T00:46:21.068768+00:00,,,,,,,,
2026-07-14T11:31:18.297293+00:00,spot_13,Spot 13,Empty,2026-07-14T00:35:18.994409+00:00,,,,,,,,
2026-07-14T11:31:18.297293+00:00,spot_14,Spot 14,Empty,2026-07-14T00:48:20.323446+00:00,,,,,,,,
2026-07-14T11:31:18.297293+00:00,spot_15,Spot 15,Empty,2026-07-13T22:18:20.405725+00:00,,,,,,,,
2026-07-14T11:31:18.297293+00:00,spot_16,Spot 16,Empty,2026-07-13T22:35:22.003550+00:00,,,,,,,,
2026-07-14T11:31:18.297293+00:00,spot_17,Spot 17,Empty,2026-07-13T17:46:26.396031+00:00,,,,,,,,
2026-07-14T11:31:59.321405+00:00,spot_1,Spot 1,Empty,2026-07-13T23:54:41.337943+00:00,,,,,,,,
2026-07-14T11:31:59.321405+00:00,spot_2,Spot 2,Empty,2026-07-13T22:38:20.453368+00:00,,,,,,,,
2026-07-14T11:31:59.321405+00:00,spot_3,Spot 3,Empty,2026-07-14T01:48:31.431946+00:00,,,,,,,,
2026-07-14T11:31:59.321405+00:00,spot_4,Spot 4,Occupied,2026-07-14T11:31:18.297293+00:00,192,car,0.42990821599960327,209,415.1254577636719,323.2051086425781,441.1012268066406,352.2007141113281
2026-07-14T11:31:59.321405+00:00,spot_5,Spot 5,Occupied,2026-07-14T11:31:18.297293+00:00,191,car,0.3714351952075958,209,339.0767822265625,331.73553466796875,364.203369140625,342.08294677734375
2026-07-14T11:31:59.321405+00:00,spot_6,Spot 6,Empty,2026-07-14T01:42:42.287107+00:00,,,,,,,,
2026-07-14T11:31:59.321405+00:00,spot_7,Spot 7,Empty,2026-07-14T00:18:43.510894+00:00,,,,,,,,
2026-07-14T11:31:59.321405+00:00,spot_8,Spot 8,Empty,2026-07-14T03:23:20.682684+00:00,,,,,,,,
2026-07-14T11:31:59.321405+00:00,spot_9,Spot 9,Empty,2026-07-14T03:02:23.964997+00:00,,,,,,,,
2026-07-14T11:31:59.321405+00:00,spot_10,Spot 10,Empty,2026-07-14T03:06:21.851167+00:00,,,,,,,,
2026-07-14T11:31:59.321405+00:00,spot_11,Spot 11,Empty,2026-07-14T01:03:18.245072+00:00,,,,,,,,
2026-07-14T11:31:59.321405+00:00,spot_12,Spot 12,Empty,2026-07-14T00:46:21.068768+00:00,,,,,,,,
2026-07-14T11:31:59.321405+00:00,spot_13,Spot 13,Empty,2026-07-14T00:35:18.994409+00:00,,,,,,,,
2026-07-14T11:31:59.321405+00:00,spot_14,Spot 14,Empty,2026-07-14T00:48:20.323446+00:00,,,,,,,,
2026-07-14T11:31:59.321405+00:00,spot_15,Spot 15,Empty,2026-07-13T22:18:20.405725+00:00,,,,,,,,
2026-07-14T11:31:59.321405+00:00,spot_16,Spot 16,Empty,2026-07-13T22:35:22.003550+00:00,,,,,,,,
2026-07-14T11:31:59.321405+00:00,spot_17,Spot 17,Empty,2026-07-13T17:46:26.396031+00:00,,,,,,,,
2026-07-14T11:32:53.115771+00:00,spot_1,Spot 1,Empty,2026-07-13T23:54:41.337943+00:00,,,,,,,,
2026-07-14T11:32:53.115771+00:00,spot_2,Spot 2,Empty,2026-07-13T22:38:20.453368+00:00,,,,,,,,
2026-07-14T11:32:53.115771+00:00,spot_3,Spot 3,Empty,2026-07-14T01:48:31.431946+00:00,,,,,,,,
2026-07-14T11:32:53.115771+00:00,spot_4,Spot 4,Occupied,2026-07-14T11:32:53.115771+00:00,190,car,0.3608015179634094,345,377.1121826171875,323.4263916015625,441.464111328125,368.687255859375
2026-07-14T11:32:53.115771+00:00,spot_5,Spot 5,Occupied,2026-07-14T11:31:18.297293+00:00,191,car,0.40091702342033386,262,338.8570556640625,331.71051025390625,353.4962158203125,342.15386962890625
2026-07-14T11:32:53.115771+00:00,spot_6,Spot 6,Empty,2026-07-14T01:42:42.287107+00:00,,,,,,,,
2026-07-14T11:32:53.115771+00:00,spot_7,Spot 7,Empty,2026-07-14T00:18:43.510894+00:00,,,,,,,,
2026-07-14T11:32:53.115771+00:00,spot_8,Spot 8,Empty,2026-07-14T03:23:20.682684+00:00,,,,,,,,
2026-07-14T11:32:53.115771+00:00,spot_9,Spot 9,Empty,2026-07-14T03:02:23.964997+00:00,,,,,,,,
2026-07-14T11:32:53.115771+00:00,spot_10,Spot 10,Empty,2026-07-14T03:06:21.851167+00:00,,,,,,,,
2026-07-14T11:32:53.115771+00:00,spot_11,Spot 11,Empty,2026-07-14T01:03:18.245072+00:00,,,,,,,,
2026-07-14T11:32:53.115771+00:00,spot_12,Spot 12,Empty,2026-07-14T00:46:21.068768+00:00,,,,,,,,
2026-07-14T11:32:53.115771+00:00,spot_13,Spot 13,Empty,2026-07-14T00:35:18.994409+00:00,,,,,,,,
2026-07-14T11:32:53.115771+00:00,spot_14,Spot 14,Empty,2026-07-14T00:48:20.323446+00:00,,,,,,,,
2026-07-14T11:32:53.115771+00:00,spot_15,Spot 15,Empty,2026-07-13T22:18:20.405725+00:00,,,,,,,,
2026-07-14T11:32:53.115771+00:00,spot_16,Spot 16,Empty,2026-07-13T22:35:22.003550+00:00,,,,,,,,
2026-07-14T11:32:53.115771+00:00,spot_17,Spot 17,Empty,2026-07-13T17:46:26.396031+00:00,,,,,,,,
2026-07-14T11:33:34.229393+00:00,spot_1,Spot 1,Empty,2026-07-13T23:54:41.337943+00:00,,,,,,,,
2026-07-14T11:33:34.229393+00:00,spot_2,Spot 2,Empty,2026-07-13T22:38:20.453368+00:00,,,,,,,,
2026-07-14T11:33:34.229393+00:00,spot_3,Spot 3,Empty,2026-07-14T01:48:31.431946+00:00,,,,,,,,
2026-07-14T11:33:34.229393+00:00,spot_4,Spot 4,Occupied,2026-07-14T11:33:34.229393+00:00,192,car,0.363368421792984,303,414.7898254394531,323.8924560546875,434.0751037597656,353.9605712890625
2026-07-14T11:33:34.229393+00:00,spot_5,Spot 5,Empty,2026-07-14T11:33:34.229393+00:00,,,,,,,,
2026-07-14T11:33:34.229393+00:00,spot_6,Spot 6,Empty,2026-07-14T01:42:42.287107+00:00,,,,,,,,
2026-07-14T11:33:34.229393+00:00,spot_7,Spot 7,Empty,2026-07-14T00:18:43.510894+00:00,,,,,,,,
2026-07-14T11:33:34.229393+00:00,spot_8,Spot 8,Empty,2026-07-14T03:23:20.682684+00:00,,,,,,,,
2026-07-14T11:33:34.229393+00:00,spot_9,Spot 9,Empty,2026-07-14T03:02:23.964997+00:00,,,,,,,,
2026-07-14T11:33:34.229393+00:00,spot_10,Spot 10,Empty,2026-07-14T03:06:21.851167+00:00,,,,,,,,
2026-07-14T11:33:34.229393+00:00,spot_11,Spot 11,Empty,2026-07-14T01:03:18.245072+00:00,,,,,,,,
2026-07-14T11:33:34.229393+00:00,spot_12,Spot 12,Empty,2026-07-14T00:46:21.068768+00:00,,,,,,,,
2026-07-14T11:33:34.229393+00:00,spot_13,Spot 13,Empty,2026-07-14T00:35:18.994409+00:00,,,,,,,,
2026-07-14T11:33:34.229393+00:00,spot_14,Spot 14,Empty,2026-07-14T00:48:20.323446+00:00,,,,,,,,
2026-07-14T11:33:34.229393+00:00,spot_15,Spot 15,Empty,2026-07-13T22:18:20.405725+00:00,,,,,,,,
2026-07-14T11:33:34.229393+00:00,spot_16,Spot 16,Empty,2026-07-13T22:35:22.003550+00:00,,,,,,,,
2026-07-14T11:33:34.229393+00:00,spot_17,Spot 17,Empty,2026-07-13T17:46:26.396031+00:00,,,,,,,,
2026-07-14T11:34:15.428929+00:00,spot_1,Spot 1,Empty,2026-07-13T23:54:41.337943+00:00,,,,,,,,
2026-07-14T11:34:15.428929+00:00,spot_2,Spot 2,Empty,2026-07-13T22:38:20.453368+00:00,,,,,,,,
2026-07-14T11:34:15.428929+00:00,spot_3,Spot 3,Empty,2026-07-14T01:48:31.431946+00:00,,,,,,,,
2026-07-14T11:34:15.428929+00:00,spot_4,Spot 4,Occupied,2026-07-14T11:33:34.229393+00:00,192,car,0.4508759379386902,345,415.20758056640625,322.35186767578125,441.77984619140625,352.41656494140625
2026-07-14T11:34:15.428929+00:00,spot_5,Spot 5,Empty,2026-07-14T11:33:34.229393+00:00,,,,,,,,
2026-07-14T11:34:15.428929+00:00,spot_6,Spot 6,Empty,2026-07-14T01:42:42.287107+00:00,,,,,,,,
2026-07-14T11:34:15.428929+00:00,spot_7,Spot 7,Empty,2026-07-14T00:18:43.510894+00:00,,,,,,,,
2026-07-14T11:34:15.428929+00:00,spot_8,Spot 8,Empty,2026-07-14T03:23:20.682684+00:00,,,,,,,,
2026-07-14T11:34:15.428929+00:00,spot_9,Spot 9,Empty,2026-07-14T03:02:23.964997+00:00,,,,,,,,
2026-07-14T11:34:15.428929+00:00,spot_10,Spot 10,Empty,2026-07-14T03:06:21.851167+00:00,,,,,,,,
2026-07-14T11:34:15.428929+00:00,spot_11,Spot 11,Empty,2026-07-14T01:03:18.245072+00:00,,,,,,,,
2026-07-14T11:34:15.428929+00:00,spot_12,Spot 12,Empty,2026-07-14T00:46:21.068768+00:00,,,,,,,,
2026-07-14T11:34:15.428929+00:00,spot_13,Spot 13,Empty,2026-07-14T00:35:18.994409+00:00,,,,,,,,
2026-07-14T11:34:15.428929+00:00,spot_14,Spot 14,Empty,2026-07-14T00:48:20.323446+00:00,,,,,,,,
2026-07-14T11:34:15.428929+00:00,spot_15,Spot 15,Empty,2026-07-13T22:18:20.405725+00:00,,,,,,,,
2026-07-14T11:34:15.428929+00:00,spot_16,Spot 16,Empty,2026-07-13T22:35:22.003550+00:00,,,,,,,,
2026-07-14T11:34:15.428929+00:00,spot_17,Spot 17,Empty,2026-07-13T17:46:26.396031+00:00,,,,,,,,
2026-07-14T11:34:57.328146+00:00,spot_1,Spot 1,Empty,2026-07-13T23:54:41.337943+00:00,,,,,,,,
2026-07-14T11:34:57.328146+00:00,spot_2,Spot 2,Empty,2026-07-13T22:38:20.453368+00:00,,,,,,,,
2026-07-14T11:34:57.328146+00:00,spot_3,Spot 3,Empty,2026-07-14T01:48:31.431946+00:00,,,,,,,,
2026-07-14T11:34:57.328146+00:00,spot_4,Spot 4,Occupied,2026-07-14T11:33:34.229393+00:00,192,car,0.4508759379386902,386,415.20758056640625,322.35186767578125,441.77984619140625,352.41656494140625
2026-07-14T11:34:57.328146+00:00,spot_5,Spot 5,Empty,2026-07-14T11:33:34.229393+00:00,,,,,,,,
2026-07-14T11:34:57.328146+00:00,spot_6,Spot 6,Empty,2026-07-14T01:42:42.287107+00:00,,,,,,,,
2026-07-14T11:34:57.328146+00:00,spot_7,Spot 7,Empty,2026-07-14T00:18:43.510894+00:00,,,,,,,,
2026-07-14T11:34:57.328146+00:00,spot_8,Spot 8,Empty,2026-07-14T03:23:20.682684+00:00,,,,,,,,
2026-07-14T11:34:57.328146+00:00,spot_9,Spot 9,Empty,2026-07-14T03:02:23.964997+00:00,,,,,,,,
2026-07-14T11:34:57.328146+00:00,spot_10,Spot 10,Empty,2026-07-14T03:06:21.851167+00:00,,,,,,,,
2026-07-14T11:34:57.328146+00:00,spot_11,Spot 11,Empty,2026-07-14T01:03:18.245072+00:00,,,,,,,,
2026-07-14T11:34:57.328146+00:00,spot_12,Spot 12,Empty,2026-07-14T00:46:21.068768+00:00,,,,,,,,
2026-07-14T11:34:57.328146+00:00,spot_13,Spot 13,Empty,2026-07-14T00:35:18.994409+00:00,,,,,,,,
2026-07-14T11:34:57.328146+00:00,spot_14,Spot 14,Empty,2026-07-14T00:48:20.323446+00:00,,,,,,,,
2026-07-14T11:34:57.328146+00:00,spot_15,Spot 15,Empty,2026-07-13T22:18:20.405725+00:00,,,,,,,,
2026-07-14T11:34:57.328146+00:00,spot_16,Spot 16,Empty,2026-07-13T22:35:22.003550+00:00,,,,,,,,
2026-07-14T11:34:57.328146+00:00,spot_17,Spot 17,Empty,2026-07-13T17:46:26.396031+00:00,,,,,,,,
2026-07-14T11:35:39.255274+00:00,spot_1,Spot 1,Empty,2026-07-13T23:54:41.337943+00:00,,,,,,,,
2026-07-14T11:35:39.255274+00:00,spot_2,Spot 2,Empty,2026-07-13T22:38:20.453368+00:00,,,,,,,,
2026-07-14T11:35:39.255274+00:00,spot_3,Spot 3,Empty,2026-07-14T01:48:31.431946+00:00,,,,,,,,
2026-07-14T11:35:39.255274+00:00,spot_4,Spot 4,Occupied,2026-07-14T11:33:34.229393+00:00,192,car,0.44527629017829895,428,414.48590087890625,322.8182067871094,442.11932373046875,352.6825866699219
2026-07-14T11:35:39.255274+00:00,spot_5,Spot 5,Empty,2026-07-14T11:33:34.229393+00:00,,,,,,,,
2026-07-14T11:35:39.255274+00:00,spot_6,Spot 6,Empty,2026-07-14T01:42:42.287107+00:00,,,,,,,,
2026-07-14T11:35:39.255274+00:00,spot_7,Spot 7,Empty,2026-07-14T00:18:43.510894+00:00,,,,,,,,
2026-07-14T11:35:39.255274+00:00,spot_8,Spot 8,Empty,2026-07-14T03:23:20.682684+00:00,,,,,,,,
2026-07-14T11:35:39.255274+00:00,spot_9,Spot 9,Empty,2026-07-14T03:02:23.964997+00:00,,,,,,,,
2026-07-14T11:35:39.255274+00:00,spot_10,Spot 10,Empty,2026-07-14T03:06:21.851167+00:00,,,,,,,,
2026-07-14T11:35:39.255274+00:00,spot_11,Spot 11,Empty,2026-07-14T01:03:18.245072+00:00,,,,,,,,
2026-07-14T11:35:39.255274+00:00,spot_12,Spot 12,Empty,2026-07-14T00:46:21.068768+00:00,,,,,,,,
2026-07-14T11:35:39.255274+00:00,spot_13,Spot 13,Empty,2026-07-14T00:35:18.994409+00:00,,,,,,,,
2026-07-14T11:35:39.255274+00:00,spot_14,Spot 14,Empty,2026-07-14T00:48:20.323446+00:00,,,,,,,,
2026-07-14T11:35:39.255274+00:00,spot_15,Spot 15,Empty,2026-07-13T22:18:20.405725+00:00,,,,,,,,
2026-07-14T11:35:39.255274+00:00,spot_16,Spot 16,Empty,2026-07-13T22:35:22.003550+00:00,,,,,,,,
2026-07-14T11:35:39.255274+00:00,spot_17,Spot 17,Empty,2026-07-13T17:46:26.396031+00:00,,,,,,,,
2026-07-14T11:36:20.092138+00:00,spot_1,Spot 1,Empty,2026-07-13T23:54:41.337943+00:00,,,,,,,,
2026-07-14T11:36:20.092138+00:00,spot_2,Spot 2,Empty,2026-07-13T22:38:20.453368+00:00,,,,,,,,
2026-07-14T11:36:20.092138+00:00,spot_3,Spot 3,Empty,2026-07-14T01:48:31.431946+00:00,,,,,,,,
2026-07-14T11:36:20.092138+00:00,spot_4,Spot 4,Occupied,2026-07-14T11:36:20.092138+00:00,190,car,0.43743035197257996,550,377.3922119140625,327.582763671875,425.2913818359375,368.735107421875
2026-07-14T11:36:20.092138+00:00,spot_5,Spot 5,Empty,2026-07-14T11:33:34.229393+00:00,,,,,,,,
2026-07-14T11:36:20.092138+00:00,spot_6,Spot 6,Empty,2026-07-14T01:42:42.287107+00:00,,,,,,,,
2026-07-14T11:36:20.092138+00:00,spot_7,Spot 7,Empty,2026-07-14T00:18:43.510894+00:00,,,,,,,,
2026-07-14T11:36:20.092138+00:00,spot_8,Spot 8,Empty,2026-07-14T03:23:20.682684+00:00,,,,,,,,
2026-07-14T11:36:20.092138+00:00,spot_9,Spot 9,Empty,2026-07-14T03:02:23.964997+00:00,,,,,,,,
2026-07-14T11:36:20.092138+00:00,spot_10,Spot 10,Empty,2026-07-14T03:06:21.851167+00:00,,,,,,,,
2026-07-14T11:36:20.092138+00:00,spot_11,Spot 11,Empty,2026-07-14T01:03:18.245072+00:00,,,,,,,,
2026-07-14T11:36:20.092138+00:00,spot_12,Spot 12,Empty,2026-07-14T00:46:21.068768+00:00,,,,,,,,
2026-07-14T11:36:20.092138+00:00,spot_13,Spot 13,Empty,2026-07-14T00:35:18.994409+00:00,,,,,,,,
2026-07-14T11:36:20.092138+00:00,spot_14,Spot 14,Empty,2026-07-14T00:48:20.323446+00:00,,,,,,,,
2026-07-14T11:36:20.092138+00:00,spot_15,Spot 15,Empty,2026-07-13T22:18:20.405725+00:00,,,,,,,,
2026-07-14T11:36:20.092138+00:00,spot_16,Spot 16,Empty,2026-07-13T22:35:22.003550+00:00,,,,,,,,
2026-07-14T11:36:20.092138+00:00,spot_17,Spot 17,Empty,2026-07-13T17:46:26.396031+00:00,,,,,,,,
2026-07-14T11:37:02.591491+00:00,spot_1,Spot 1,Empty,2026-07-13T23:54:41.337943+00:00,,,,,,,,
2026-07-14T11:37:02.591491+00:00,spot_2,Spot 2,Empty,2026-07-13T22:38:20.453368+00:00,,,,,,,,
2026-07-14T11:37:02.591491+00:00,spot_3,Spot 3,Empty,2026-07-14T01:48:31.431946+00:00,,,,,,,,
2026-07-14T11:37:02.591491+00:00,spot_4,Spot 4,Occupied,2026-07-14T11:36:20.092138+00:00,190,car,0.43743035197257996,594,377.3922119140625,327.582763671875,425.2913818359375,368.735107421875
2026-07-14T11:37:02.591491+00:00,spot_5,Spot 5,Empty,2026-07-14T11:33:34.229393+00:00,,,,,,,,
2026-07-14T11:37:02.591491+00:00,spot_6,Spot 6,Empty,2026-07-14T01:42:42.287107+00:00,,,,,,,,
2026-07-14T11:37:02.591491+00:00,spot_7,Spot 7,Empty,2026-07-14T00:18:43.510894+00:00,,,,,,,,
2026-07-14T11:37:02.591491+00:00,spot_8,Spot 8,Empty,2026-07-14T03:23:20.682684+00:00,,,,,,,,
2026-07-14T11:37:02.591491+00:00,spot_9,Spot 9,Empty,2026-07-14T03:02:23.964997+00:00,,,,,,,,
2026-07-14T11:37:02.591491+00:00,spot_10,Spot 10,Empty,2026-07-14T03:06:21.851167+00:00,,,,,,,,
2026-07-14T11:37:02.591491+00:00,spot_11,Spot 11,Empty,2026-07-14T01:03:18.245072+00:00,,,,,,,,
2026-07-14T11:37:02.591491+00:00,spot_12,Spot 12,Empty,2026-07-14T00:46:21.068768+00:00,,,,,,,,
2026-07-14T11:37:02.591491+00:00,spot_13,Spot 13,Empty,2026-07-14T00:35:18.994409+00:00,,,,,,,,
2026-07-14T11:37:02.591491+00:00,spot_14,Spot 14,Empty,2026-07-14T00:48:20.323446+00:00,,,,,,,,
2026-07-14T11:37:02.591491+00:00,spot_15,Spot 15,Empty,2026-07-13T22:18:20.405725+00:00,,,,,,,,
2026-07-14T11:37:02.591491+00:00,spot_16,Spot 16,Empty,2026-07-13T22:35:22.003550+00:00,,,,,,,,
2026-07-14T11:37:02.591491+00:00,spot_17,Spot 17,Empty,2026-07-13T17:46:26.396031+00:00,,,,,,,,
2026-07-14T11:37:44.482204+00:00,spot_1,Spot 1,Empty,2026-07-13T23:54:41.337943+00:00,,,,,,,,
2026-07-14T11:37:44.482204+00:00,spot_2,Spot 2,Empty,2026-07-13T22:38:20.453368+00:00,,,,,,,,
2026-07-14T11:37:44.482204+00:00,spot_3,Spot 3,Empty,2026-07-14T01:48:31.431946+00:00,,,,,,,,
2026-07-14T11:37:44.482204+00:00,spot_4,Spot 4,Occupied,2026-07-14T11:37:44.482204+00:00,193,truck,0.39676642417907715,0,376.8825988769531,324.01116943359375,438.4000549316406,368.99786376953125
2026-07-14T11:37:44.482204+00:00,spot_5,Spot 5,Empty,2026-07-14T11:33:34.229393+00:00,,,,,,,,
2026-07-14T11:37:44.482204+00:00,spot_6,Spot 6,Empty,2026-07-14T01:42:42.287107+00:00,,,,,,,,
2026-07-14T11:37:44.482204+00:00,spot_7,Spot 7,Empty,2026-07-14T00:18:43.510894+00:00,,,,,,,,
2026-07-14T11:37:44.482204+00:00,spot_8,Spot 8,Empty,2026-07-14T03:23:20.682684+00:00,,,,,,,,
2026-07-14T11:37:44.482204+00:00,spot_9,Spot 9,Empty,2026-07-14T03:02:23.964997+00:00,,,,,,,,
2026-07-14T11:37:44.482204+00:00,spot_10,Spot 10,Empty,2026-07-14T03:06:21.851167+00:00,,,,,,,,
2026-07-14T11:37:44.482204+00:00,spot_11,Spot 11,Empty,2026-07-14T01:03:18.245072+00:00,,,,,,,,
2026-07-14T11:37:44.482204+00:00,spot_12,Spot 12,Empty,2026-07-14T00:46:21.068768+00:00,,,,,,,,
2026-07-14T11:37:44.482204+00:00,spot_13,Spot 13,Empty,2026-07-14T00:35:18.994409+00:00,,,,,,,,
2026-07-14T11:37:44.482204+00:00,spot_14,Spot 14,Empty,2026-07-14T00:48:20.323446+00:00,,,,,,,,
2026-07-14T11:37:44.482204+00:00,spot_15,Spot 15,Empty,2026-07-13T22:18:20.405725+00:00,,,,,,,,
2026-07-14T11:37:44.482204+00:00,spot_16,Spot 16,Empty,2026-07-13T22:35:22.003550+00:00,,,,,,,,
2026-07-14T11:37:44.482204+00:00,spot_17,Spot 17,Empty,2026-07-13T17:46:26.396031+00:00,,,,,,,,
2026-07-14T11:38:26.368773+00:00,spot_1,Spot 1,Empty,2026-07-13T23:54:41.337943+00:00,,,,,,,,
2026-07-14T11:38:26.368773+00:00,spot_2,Spot 2,Empty,2026-07-13T22:38:20.453368+00:00,,,,,,,,
2026-07-14T11:38:26.368773+00:00,spot_3,Spot 3,Empty,2026-07-14T01:48:31.431946+00:00,,,,,,,,
2026-07-14T11:38:26.368773+00:00,spot_4,Spot 4,Occupied,2026-07-14T11:38:26.368773+00:00,190,car,0.520881175994873,677,376.96502685546875,329.75006103515625,425.78961181640625,368.77349853515625
2026-07-14T11:38:26.368773+00:00,spot_5,Spot 5,Empty,2026-07-14T11:33:34.229393+00:00,,,,,,,,
2026-07-14T11:38:26.368773+00:00,spot_6,Spot 6,Empty,2026-07-14T01:42:42.287107+00:00,,,,,,,,
2026-07-14T11:38:26.368773+00:00,spot_7,Spot 7,Empty,2026-07-14T00:18:43.510894+00:00,,,,,,,,
2026-07-14T11:38:26.368773+00:00,spot_8,Spot 8,Empty,2026-07-14T03:23:20.682684+00:00,,,,,,,,
2026-07-14T11:38:26.368773+00:00,spot_9,Spot 9,Empty,2026-07-14T03:02:23.964997+00:00,,,,,,,,
2026-07-14T11:38:26.368773+00:00,spot_10,Spot 10,Empty,2026-07-14T03:06:21.851167+00:00,,,,,,,,
2026-07-14T11:38:26.368773+00:00,spot_11,Spot 11,Empty,2026-07-14T01:03:18.245072+00:00,,,,,,,,
2026-07-14T11:38:26.368773+00:00,spot_12,Spot 12,Empty,2026-07-14T00:46:21.068768+00:00,,,,,,,,
2026-07-14T11:38:26.368773+00:00,spot_13,Spot 13,Empty,2026-07-14T00:35:18.994409+00:00,,,,,,,,
2026-07-14T11:38:26.368773+00:00,spot_14,Spot 14,Empty,2026-07-14T00:48:20.323446+00:00,,,,,,,,
2026-07-14T11:38:26.368773+00:00,spot_15,Spot 15,Empty,2026-07-13T22:18:20.405725+00:00,,,,,,,,
2026-07-14T11:38:26.368773+00:00,spot_16,Spot 16,Empty,2026-07-13T22:35:22.003550+00:00,,,,,,,,
2026-07-14T11:38:26.368773+00:00,spot_17,Spot 17,Empty,2026-07-13T17:46:26.396031+00:00,,,,,,,,
2026-07-14T11:39:07.425009+00:00,spot_1,Spot 1,Empty,2026-07-13T23:54:41.337943+00:00,,,,,,,,
2026-07-14T11:39:07.425009+00:00,spot_2,Spot 2,Empty,2026-07-13T22:38:20.453368+00:00,,,,,,,,
2026-07-14T11:39:07.425009+00:00,spot_3,Spot 3,Empty,2026-07-14T01:48:31.431946+00:00,,,,,,,,
2026-07-14T11:39:07.425009+00:00,spot_4,Spot 4,Occupied,2026-07-14T11:38:26.368773+00:00,190,car,0.520881175994873,720,376.96502685546875,329.75006103515625,425.78961181640625,368.77349853515625
2026-07-14T11:39:07.425009+00:00,spot_5,Spot 5,Empty,2026-07-14T11:33:34.229393+00:00,,,,,,,,
2026-07-14T11:39:07.425009+00:00,spot_6,Spot 6,Empty,2026-07-14T01:42:42.287107+00:00,,,,,,,,
2026-07-14T11:39:07.425009+00:00,spot_7,Spot 7,Empty,2026-07-14T00:18:43.510894+00:00,,,,,,,,
2026-07-14T11:39:07.425009+00:00,spot_8,Spot 8,Empty,2026-07-14T03:23:20.682684+00:00,,,,,,,,
2026-07-14T11:39:07.425009+00:00,spot_9,Spot 9,Empty,2026-07-14T03:02:23.964997+00:00,,,,,,,,
2026-07-14T11:39:07.425009+00:00,spot_10,Spot 10,Empty,2026-07-14T03:06:21.851167+00:00,,,,,,,,
2026-07-14T11:39:07.425009+00:00,spot_11,Spot 11,Empty,2026-07-14T01:03:18.245072+00:00,,,,,,,,
2026-07-14T11:39:07.425009+00:00,spot_12,Spot 12,Empty,2026-07-14T00:46:21.068768+00:00,,,,,,,,
2026-07-14T11:39:07.425009+00:00,spot_13,Spot 13,Empty,2026-07-14T00:35:18.994409+00:00,,,,,,,,
2026-07-14T11:39:07.425009+00:00,spot_14,Spot 14,Empty,2026-07-14T00:48:20.323446+00:00,,,,,,,,
2026-07-14T11:39:07.425009+00:00,spot_15,Spot 15,Empty,2026-07-13T22:18:20.405725+00:00,,,,,,,,
2026-07-14T11:39:07.425009+00:00,spot_16,Spot 16,Empty,2026-07-13T22:35:22.003550+00:00,,,,,,,,
2026-07-14T11:39:07.425009+00:00,spot_17,Spot 17,Empty,2026-07-13T17:46:26.396031+00:00,,,,,,,,
2026-07-14T11:39:50.966348+00:00,spot_1,Spot 1,Empty,2026-07-13T23:54:41.337943+00:00,,,,,,,,
2026-07-14T11:39:50.966348+00:00,spot_2,Spot 2,Empty,2026-07-13T22:38:20.453368+00:00,,,,,,,,
2026-07-14T11:39:50.966348+00:00,spot_3,Spot 3,Empty,2026-07-14T01:48:31.431946+00:00,,,,,,,,
2026-07-14T11:39:50.966348+00:00,spot_4,Spot 4,Occupied,2026-07-14T11:38:26.368773+00:00,190,car,0.4076972007751465,762,377.47735595703125,325.42877197265625,425.23651123046875,368.4989013671875
2026-07-14T11:39:50.966348+00:00,spot_5,Spot 5,Empty,2026-07-14T11:33:34.229393+00:00,,,,,,,,
2026-07-14T11:39:50.966348+00:00,spot_6,Spot 6,Empty,2026-07-14T01:42:42.287107+00:00,,,,,,,,
2026-07-14T11:39:50.966348+00:00,spot_7,Spot 7,Empty,2026-07-14T00:18:43.510894+00:00,,,,,,,,
2026-07-14T11:39:50.966348+00:00,spot_8,Spot 8,Empty,2026-07-14T03:23:20.682684+00:00,,,,,,,,
2026-07-14T11:39:50.966348+00:00,spot_9,Spot 9,Empty,2026-07-14T03:02:23.964997+00:00,,,,,,,,
2026-07-14T11:39:50.966348+00:00,spot_10,Spot 10,Empty,2026-07-14T03:06:21.851167+00:00,,,,,,,,
2026-07-14T11:39:50.966348+00:00,spot_11,Spot 11,Empty,2026-07-14T01:03:18.245072+00:00,,,,,,,,
2026-07-14T11:39:50.966348+00:00,spot_12,Spot 12,Empty,2026-07-14T00:46:21.068768+00:00,,,,,,,,
2026-07-14T11:39:50.966348+00:00,spot_13,Spot 13,Empty,2026-07-14T00:35:18.994409+00:00,,,,,,,,
2026-07-14T11:39:50.966348+00:00,spot_14,Spot 14,Empty,2026-07-14T00:48:20.323446+00:00,,,,,,,,
2026-07-14T11:39:50.966348+00:00,spot_15,Spot 15,Empty,2026-07-13T22:18:20.405725+00:00,,,,,,,,
2026-07-14T11:39:50.966348+00:00,spot_16,Spot 16,Empty,2026-07-13T22:35:22.003550+00:00,,,,,,,,
2026-07-14T11:39:50.966348+00:00,spot_17,Spot 17,Empty,2026-07-13T17:46:26.396031+00:00,,,,,,,,
2026-07-14T11:40:33.614296+00:00,spot_1,Spot 1,Empty,2026-07-13T23:54:41.337943+00:00,,,,,,,,
2026-07-14T11:40:33.614296+00:00,spot_2,Spot 2,Empty,2026-07-13T22:38:20.453368+00:00,,,,,,,,
2026-07-14T11:40:33.614296+00:00,spot_3,Spot 3,Empty,2026-07-14T01:48:31.431946+00:00,,,,,,,,
2026-07-14T11:40:33.614296+00:00,spot_4,Spot 4,Occupied,2026-07-14T11:40:33.614296+00:00,193,truck,0.6627651453018188,169,377.04681396484375,321.85870361328125,441.10260009765625,368.87969970703125
2026-07-14T11:40:33.614296+00:00,spot_5,Spot 5,Empty,2026-07-14T11:33:34.229393+00:00,,,,,,,,
2026-07-14T11:40:33.614296+00:00,spot_6,Spot 6,Empty,2026-07-14T01:42:42.287107+00:00,,,,,,,,
2026-07-14T11:40:33.614296+00:00,spot_7,Spot 7,Empty,2026-07-14T00:18:43.510894+00:00,,,,,,,,
2026-07-14T11:40:33.614296+00:00,spot_8,Spot 8,Empty,2026-07-14T03:23:20.682684+00:00,,,,,,,,
2026-07-14T11:40:33.614296+00:00,spot_9,Spot 9,Empty,2026-07-14T03:02:23.964997+00:00,,,,,,,,
2026-07-14T11:40:33.614296+00:00,spot_10,Spot 10,Empty,2026-07-14T03:06:21.851167+00:00,,,,,,,,
2026-07-14T11:40:33.614296+00:00,spot_11,Spot 11,Empty,2026-07-14T01:03:18.245072+00:00,,,,,,,,
2026-07-14T11:40:33.614296+00:00,spot_12,Spot 12,Empty,2026-07-14T00:46:21.068768+00:00,,,,,,,,
2026-07-14T11:40:33.614296+00:00,spot_13,Spot 13,Empty,2026-07-14T00:35:18.994409+00:00,,,,,,,,
2026-07-14T11:40:33.614296+00:00,spot_14,Spot 14,Empty,2026-07-14T00:48:20.323446+00:00,,,,,,,,
2026-07-14T11:40:33.614296+00:00,spot_15,Spot 15,Empty,2026-07-13T22:18:20.405725+00:00,,,,,,,,
2026-07-14T11:40:33.614296+00:00,spot_16,Spot 16,Empty,2026-07-13T22:35:22.003550+00:00,,,,,,,,
2026-07-14T11:40:33.614296+00:00,spot_17,Spot 17,Empty,2026-07-13T17:46:26.396031+00:00,,,,,,,,
2026-07-14T11:41:14.217520+00:00,spot_1,Spot 1,Empty,2026-07-13T23:54:41.337943+00:00,,,,,,,,
2026-07-14T11:41:14.217520+00:00,spot_2,Spot 2,Empty,2026-07-13T22:38:20.453368+00:00,,,,,,,,
2026-07-14T11:41:14.217520+00:00,spot_3,Spot 3,Empty,2026-07-14T01:48:31.431946+00:00,,,,,,,,
2026-07-14T11:41:14.217520+00:00,spot_4,Spot 4,Occupied,2026-07-14T11:40:33.614296+00:00,193,truck,0.6627651453018188,210,377.04681396484375,321.85870361328125,441.10260009765625,368.87969970703125
2026-07-14T11:41:14.217520+00:00,spot_5,Spot 5,Empty,2026-07-14T11:33:34.229393+00:00,,,,,,,,
2026-07-14T11:41:14.217520+00:00,spot_6,Spot 6,Empty,2026-07-14T01:42:42.287107+00:00,,,,,,,,
2026-07-14T11:41:14.217520+00:00,spot_7,Spot 7,Empty,2026-07-14T00:18:43.510894+00:00,,,,,,,,
2026-07-14T11:41:14.217520+00:00,spot_8,Spot 8,Empty,2026-07-14T03:23:20.682684+00:00,,,,,,,,
2026-07-14T11:41:14.217520+00:00,spot_9,Spot 9,Empty,2026-07-14T03:02:23.964997+00:00,,,,,,,,
2026-07-14T11:41:14.217520+00:00,spot_10,Spot 10,Empty,2026-07-14T03:06:21.851167+00:00,,,,,,,,
2026-07-14T11:41:14.217520+00:00,spot_11,Spot 11,Empty,2026-07-14T01:03:18.245072+00:00,,,,,,,,
2026-07-14T11:41:14.217520+00:00,spot_12,Spot 12,Empty,2026-07-14T00:46:21.068768+00:00,,,,,,,,
2026-07-14T11:41:14.217520+00:00,spot_13,Spot 13,Empty,2026-07-14T00:35:18.994409+00:00,,,,,,,,
2026-07-14T11:41:14.217520+00:00,spot_14,Spot 14,Empty,2026-07-14T00:48:20.323446+00:00,,,,,,,,
2026-07-14T11:41:14.217520+00:00,spot_15,Spot 15,Empty,2026-07-13T22:18:20.405725+00:00,,,,,,,,
2026-07-14T11:41:14.217520+00:00,spot_16,Spot 16,Empty,2026-07-13T22:35:22.003550+00:00,,,,,,,,
2026-07-14T11:41:14.217520+00:00,spot_17,Spot 17,Empty,2026-07-13T17:46:26.396031+00:00,,,,,,,,
2026-07-14T11:41:55.940720+00:00,spot_1,Spot 1,Empty,2026-07-13T23:54:41.337943+00:00,,,,,,,,
2026-07-14T11:41:55.940720+00:00,spot_2,Spot 2,Empty,2026-07-13T22:38:20.453368+00:00,,,,,,,,
2026-07-14T11:41:55.940720+00:00,spot_3,Spot 3,Empty,2026-07-14T01:48:31.431946+00:00,,,,,,,,
2026-07-14T11:41:55.940720+00:00,spot_4,Spot 4,Occupied,2026-07-14T11:41:55.940720+00:00,190,car,0.5188166499137878,886,377.1294860839844,327.18377685546875,426.5744323730469,369.24169921875
2026-07-14T11:41:55.940720+00:00,spot_5,Spot 5,Empty,2026-07-14T11:33:34.229393+00:00,,,,,,,,
2026-07-14T11:41:55.940720+00:00,spot_6,Spot 6,Empty,2026-07-14T01:42:42.287107+00:00,,,,,,,,
2026-07-14T11:41:55.940720+00:00,spot_7,Spot 7,Empty,2026-07-14T00:18:43.510894+00:00,,,,,,,,
2026-07-14T11:41:55.940720+00:00,spot_8,Spot 8,Empty,2026-07-14T03:23:20.682684+00:00,,,,,,,,
2026-07-14T11:41:55.940720+00:00,spot_9,Spot 9,Empty,2026-07-14T03:02:23.964997+00:00,,,,,,,,
2026-07-14T11:41:55.940720+00:00,spot_10,Spot 10,Empty,2026-07-14T03:06:21.851167+00:00,,,,,,,,
2026-07-14T11:41:55.940720+00:00,spot_11,Spot 11,Empty,2026-07-14T01:03:18.245072+00:00,,,,,,,,
2026-07-14T11:41:55.940720+00:00,spot_12,Spot 12,Empty,2026-07-14T00:46:21.068768+00:00,,,,,,,,
2026-07-14T11:41:55.940720+00:00,spot_13,Spot 13,Empty,2026-07-14T00:35:18.994409+00:00,,,,,,,,
2026-07-14T11:41:55.940720+00:00,spot_14,Spot 14,Empty,2026-07-14T00:48:20.323446+00:00,,,,,,,,
2026-07-14T11:41:55.940720+00:00,spot_15,Spot 15,Empty,2026-07-13T22:18:20.405725+00:00,,,,,,,,
2026-07-14T11:41:55.940720+00:00,spot_16,Spot 16,Empty,2026-07-13T22:35:22.003550+00:00,,,,,,,,
2026-07-14T11:41:55.940720+00:00,spot_17,Spot 17,Empty,2026-07-13T17:46:26.396031+00:00,,,,,,,,
2026-07-14T11:42:36.626112+00:00,spot_1,Spot 1,Empty,2026-07-13T23:54:41.337943+00:00,,,,,,,,
2026-07-14T11:42:36.626112+00:00,spot_2,Spot 2,Empty,2026-07-13T22:38:20.453368+00:00,,,,,,,,
2026-07-14T11:42:36.626112+00:00,spot_3,Spot 3,Empty,2026-07-14T01:48:31.431946+00:00,,,,,,,,
2026-07-14T11:42:36.626112+00:00,spot_4,Spot 4,Occupied,2026-07-14T11:41:55.940720+00:00,190,car,0.5542068481445312,928,376.63555908203125,323.39892578125,442.0694580078125,368.9755859375
2026-07-14T11:42:36.626112+00:00,spot_5,Spot 5,Occupied,2026-07-14T11:42:36.626112+00:00,194,car,0.5891243815422058,0,338.344970703125,331.7613830566406,363.161865234375,342.7355041503906
2026-07-14T11:42:36.626112+00:00,spot_6,Spot 6,Empty,2026-07-14T01:42:42.287107+00:00,,,,,,,,
2026-07-14T11:42:36.626112+00:00,spot_7,Spot 7,Empty,2026-07-14T00:18:43.510894+00:00,,,,,,,,
2026-07-14T11:42:36.626112+00:00,spot_8,Spot 8,Empty,2026-07-14T03:23:20.682684+00:00,,,,,,,,
2026-07-14T11:42:36.626112+00:00,spot_9,Spot 9,Empty,2026-07-14T03:02:23.964997+00:00,,,,,,,,
2026-07-14T11:42:36.626112+00:00,spot_10,Spot 10,Empty,2026-07-14T03:06:21.851167+00:00,,,,,,,,
2026-07-14T11:42:36.626112+00:00,spot_11,Spot 11,Empty,2026-07-14T01:03:18.245072+00:00,,,,,,,,
2026-07-14T11:42:36.626112+00:00,spot_12,Spot 12,Empty,2026-07-14T00:46:21.068768+00:00,,,,,,,,
2026-07-14T11:42:36.626112+00:00,spot_13,Spot 13,Empty,2026-07-14T00:35:18.994409+00:00,,,,,,,,
2026-07-14T11:42:36.626112+00:00,spot_14,Spot 14,Empty,2026-07-14T00:48:20.323446+00:00,,,,,,,,
2026-07-14T11:42:36.626112+00:00,spot_15,Spot 15,Empty,2026-07-13T22:18:20.405725+00:00,,,,,,,,
2026-07-14T11:42:36.626112+00:00,spot_16,Spot 16,Empty,2026-07-13T22:35:22.003550+00:00,,,,,,,,
2026-07-14T11:42:36.626112+00:00,spot_17,Spot 17,Empty,2026-07-13T17:46:26.396031+00:00,,,,,,,,
2026-07-14T11:43:18.421397+00:00,spot_1,Spot 1,Empty,2026-07-13T23:54:41.337943+00:00,,,,,,,,
2026-07-14T11:43:18.421397+00:00,spot_2,Spot 2,Empty,2026-07-13T22:38:20.453368+00:00,,,,,,,,
2026-07-14T11:43:18.421397+00:00,spot_3,Spot 3,Empty,2026-07-14T01:48:31.431946+00:00,,,,,,,,
2026-07-14T11:43:18.421397+00:00,spot_4,Spot 4,Occupied,2026-07-14T11:41:55.940720+00:00,190,car,0.5542068481445312,969,376.63555908203125,323.39892578125,442.0694580078125,368.9755859375
2026-07-14T11:43:18.421397+00:00,spot_5,Spot 5,Occupied,2026-07-14T11:42:36.626112+00:00,194,car,0.5891243815422058,41,338.344970703125,331.7613830566406,363.161865234375,342.7355041503906
2026-07-14T11:43:18.421397+00:00,spot_6,Spot 6,Empty,2026-07-14T01:42:42.287107+00:00,,,,,,,,
2026-07-14T11:43:18.421397+00:00,spot_7,Spot 7,Empty,2026-07-14T00:18:43.510894+00:00,,,,,,,,
2026-07-14T11:43:18.421397+00:00,spot_8,Spot 8,Empty,2026-07-14T03:23:20.682684+00:00,,,,,,,,
2026-07-14T11:43:18.421397+00:00,spot_9,Spot 9,Empty,2026-07-14T03:02:23.964997+00:00,,,,,,,,
2026-07-14T11:43:18.421397+00:00,spot_10,Spot 10,Empty,2026-07-14T03:06:21.851167+00:00,,,,,,,,
2026-07-14T11:43:18.421397+00:00,spot_11,Spot 11,Empty,2026-07-14T01:03:18.245072+00:00,,,,,,,,
2026-07-14T11:43:18.421397+00:00,spot_12,Spot 12,Empty,2026-07-14T00:46:21.068768+00:00,,,,,,,,
2026-07-14T11:43:18.421397+00:00,spot_13,Spot 13,Empty,2026-07-14T00:35:18.994409+00:00,,,,,,,,
2026-07-14T11:43:18.421397+00:00,spot_14,Spot 14,Empty,2026-07-14T00:48:20.323446+00:00,,,,,,,,
2026-07-14T11:43:18.421397+00:00,spot_15,Spot 15,Empty,2026-07-13T22:18:20.405725+00:00,,,,,,,,
2026-07-14T11:43:18.421397+00:00,spot_16,Spot 16,Empty,2026-07-13T22:35:22.003550+00:00,,,,,,,,
2026-07-14T11:43:18.421397+00:00,spot_17,Spot 17,Empty,2026-07-13T17:46:26.396031+00:00,,,,,,,,
2026-07-14T11:44:00.250650+00:00,spot_1,Spot 1,Empty,2026-07-13T23:54:41.337943+00:00,,,,,,,,
2026-07-14T11:44:00.250650+00:00,spot_2,Spot 2,Empty,2026-07-13T22:38:20.453368+00:00,,,,,,,,
2026-07-14T11:44:00.250650+00:00,spot_3,Spot 3,Empty,2026-07-14T01:48:31.431946+00:00,,,,,,,,
2026-07-14T11:44:00.250650+00:00,spot_4,Spot 4,Occupied,2026-07-14T11:41:55.940720+00:00,190,car,0.47101080417633057,1011,376.37451171875,323.69500732421875,440.593994140625,369.47955322265625
2026-07-14T11:44:00.250650+00:00,spot_5,Spot 5,Empty,2026-07-14T11:44:00.250650+00:00,,,,,,,,
2026-07-14T11:44:00.250650+00:00,spot_6,Spot 6,Empty,2026-07-14T01:42:42.287107+00:00,,,,,,,,
2026-07-14T11:44:00.250650+00:00,spot_7,Spot 7,Empty,2026-07-14T00:18:43.510894+00:00,,,,,,,,
2026-07-14T11:44:00.250650+00:00,spot_8,Spot 8,Empty,2026-07-14T03:23:20.682684+00:00,,,,,,,,
2026-07-14T11:44:00.250650+00:00,spot_9,Spot 9,Empty,2026-07-14T03:02:23.964997+00:00,,,,,,,,
2026-07-14T11:44:00.250650+00:00,spot_10,Spot 10,Empty,2026-07-14T03:06:21.851167+00:00,,,,,,,,
2026-07-14T11:44:00.250650+00:00,spot_11,Spot 11,Empty,2026-07-14T01:03:18.245072+00:00,,,,,,,,
2026-07-14T11:44:00.250650+00:00,spot_12,Spot 12,Empty,2026-07-14T00:46:21.068768+00:00,,,,,,,,
2026-07-14T11:44:00.250650+00:00,spot_13,Spot 13,Empty,2026-07-14T00:35:18.994409+00:00,,,,,,,,
2026-07-14T11:44:00.250650+00:00,spot_14,Spot 14,Empty,2026-07-14T00:48:20.323446+00:00,,,,,,,,
2026-07-14T11:44:00.250650+00:00,spot_15,Spot 15,Empty,2026-07-13T22:18:20.405725+00:00,,,,,,,,
2026-07-14T11:44:00.250650+00:00,spot_16,Spot 16,Empty,2026-07-13T22:35:22.003550+00:00,,,,,,,,
2026-07-14T11:44:00.250650+00:00,spot_17,Spot 17,Empty,2026-07-13T17:46:26.396031+00:00,,,,,,,,
2026-07-14T11:44:42.775908+00:00,spot_1,Spot 1,Empty,2026-07-13T23:54:41.337943+00:00,,,,,,,,
2026-07-14T11:44:42.775908+00:00,spot_2,Spot 2,Empty,2026-07-13T22:38:20.453368+00:00,,,,,,,,
2026-07-14T11:44:42.775908+00:00,spot_3,Spot 3,Empty,2026-07-14T01:48:31.431946+00:00,,,,,,,,
2026-07-14T11:44:42.775908+00:00,spot_4,Spot 4,Occupied,2026-07-14T11:44:42.775908+00:00,195,truck,0.41441112756729126,0,376.8828125,323.52423095703125,441.18072509765625,369.37091064453125
2026-07-14T11:44:42.775908+00:00,spot_5,Spot 5,Occupied,2026-07-14T11:44:42.775908+00:00,194,car,0.366489440202713,126,338.0491943359375,332.2138977050781,354.84814453125,342.1565246582031
2026-07-14T11:44:42.775908+00:00,spot_6,Spot 6,Empty,2026-07-14T01:42:42.287107+00:00,,,,,,,,
2026-07-14T11:44:42.775908+00:00,spot_7,Spot 7,Empty,2026-07-14T00:18:43.510894+00:00,,,,,,,,
2026-07-14T11:44:42.775908+00:00,spot_8,Spot 8,Empty,2026-07-14T03:23:20.682684+00:00,,,,,,,,
2026-07-14T11:44:42.775908+00:00,spot_9,Spot 9,Empty,2026-07-14T03:02:23.964997+00:00,,,,,,,,
2026-07-14T11:44:42.775908+00:00,spot_10,Spot 10,Empty,2026-07-14T03:06:21.851167+00:00,,,,,,,,
2026-07-14T11:44:42.775908+00:00,spot_11,Spot 11,Empty,2026-07-14T01:03:18.245072+00:00,,,,,,,,
2026-07-14T11:44:42.775908+00:00,spot_12,Spot 12,Empty,2026-07-14T00:46:21.068768+00:00,,,,,,,,
2026-07-14T11:44:42.775908+00:00,spot_13,Spot 13,Empty,2026-07-14T00:35:18.994409+00:00,,,,,,,,
2026-07-14T11:44:42.775908+00:00,spot_14,Spot 14,Empty,2026-07-14T00:48:20.323446+00:00,,,,,,,,
2026-07-14T11:44:42.775908+00:00,spot_15,Spot 15,Empty,2026-07-13T22:18:20.405725+00:00,,,,,,,,
2026-07-14T11:44:42.775908+00:00,spot_16,Spot 16,Empty,2026-07-13T22:35:22.003550+00:00,,,,,,,,
2026-07-14T11:44:42.775908+00:00,spot_17,Spot 17,Empty,2026-07-13T17:46:26.396031+00:00,,,,,,,,
2026-07-14T11:45:25.988693+00:00,spot_1,Spot 1,Empty,2026-07-13T23:54:41.337943+00:00,,,,,,,,
2026-07-14T11:45:25.988693+00:00,spot_2,Spot 2,Empty,2026-07-13T22:38:20.453368+00:00,,,,,,,,
2026-07-14T11:45:25.988693+00:00,spot_3,Spot 3,Empty,2026-07-14T01:48:31.431946+00:00,,,,,,,,
2026-07-14T11:45:25.988693+00:00,spot_4,Spot 4,Occupied,2026-07-14T11:44:42.775908+00:00,195,truck,0.41441112756729126,42,376.8828125,323.52423095703125,441.18072509765625,369.37091064453125
2026-07-14T11:45:25.988693+00:00,spot_5,Spot 5,Occupied,2026-07-14T11:44:42.775908+00:00,194,car,0.366489440202713,169,338.0491943359375,332.2138977050781,354.84814453125,342.1565246582031
2026-07-14T11:45:25.988693+00:00,spot_6,Spot 6,Empty,2026-07-14T01:42:42.287107+00:00,,,,,,,,
2026-07-14T11:45:25.988693+00:00,spot_7,Spot 7,Empty,2026-07-14T00:18:43.510894+00:00,,,,,,,,
2026-07-14T11:45:25.988693+00:00,spot_8,Spot 8,Empty,2026-07-14T03:23:20.682684+00:00,,,,,,,,
2026-07-14T11:45:25.988693+00:00,spot_9,Spot 9,Empty,2026-07-14T03:02:23.964997+00:00,,,,,,,,
2026-07-14T11:45:25.988693+00:00,spot_10,Spot 10,Empty,2026-07-14T03:06:21.851167+00:00,,,,,,,,
2026-07-14T11:45:25.988693+00:00,spot_11,Spot 11,Empty,2026-07-14T01:03:18.245072+00:00,,,,,,,,
2026-07-14T11:45:25.988693+00:00,spot_12,Spot 12,Empty,2026-07-14T00:46:21.068768+00:00,,,,,,,,
2026-07-14T11:45:25.988693+00:00,spot_13,Spot 13,Empty,2026-07-14T00:35:18.994409+00:00,,,,,,,,
2026-07-14T11:45:25.988693+00:00,spot_14,Spot 14,Empty,2026-07-14T00:48:20.323446+00:00,,,,,,,,
2026-07-14T11:45:25.988693+00:00,spot_15,Spot 15,Empty,2026-07-13T22:18:20.405725+00:00,,,,,,,,
2026-07-14T11:45:25.988693+00:00,spot_16,Spot 16,Empty,2026-07-13T22:35:22.003550+00:00,,,,,,,,
2026-07-14T11:45:25.988693+00:00,spot_17,Spot 17,Empty,2026-07-13T17:46:26.396031+00:00,,,,,,,,
2026-07-14T11:46:05.647826+00:00,spot_1,Spot 1,Empty,2026-07-13T23:54:41.337943+00:00,,,,,,,,
2026-07-14T11:46:05.647826+00:00,spot_2,Spot 2,Empty,2026-07-13T22:38:20.453368+00:00,,,,,,,,
2026-07-14T11:46:05.647826+00:00,spot_3,Spot 3,Empty,2026-07-14T01:48:31.431946+00:00,,,,,,,,
2026-07-14T11:46:05.647826+00:00,spot_4,Spot 4,Occupied,2026-07-14T11:46:05.647826+00:00,190,car,0.5453932881355286,1136,377.09674072265625,322.9351806640625,441.55267333984375,369.0164794921875
2026-07-14T11:46:05.647826+00:00,spot_5,Spot 5,Occupied,2026-07-14T11:44:42.775908+00:00,194,car,0.3961329460144043,208,337.76214599609375,331.97906494140625,362.99652099609375,342.56597900390625
2026-07-14T11:46:05.647826+00:00,spot_6,Spot 6,Empty,2026-07-14T01:42:42.287107+00:00,,,,,,,,
2026-07-14T11:46:05.647826+00:00,spot_7,Spot 7,Empty,2026-07-14T00:18:43.510894+00:00,,,,,,,,
2026-07-14T11:46:05.647826+00:00,spot_8,Spot 8,Empty,2026-07-14T03:23:20.682684+00:00,,,,,,,,
2026-07-14T11:46:05.647826+00:00,spot_9,Spot 9,Empty,2026-07-14T03:02:23.964997+00:00,,,,,,,,
2026-07-14T11:46:05.647826+00:00,spot_10,Spot 10,Empty,2026-07-14T03:06:21.851167+00:00,,,,,,,,
2026-07-14T11:46:05.647826+00:00,spot_11,Spot 11,Empty,2026-07-14T01:03:18.245072+00:00,,,,,,,,
2026-07-14T11:46:05.647826+00:00,spot_12,Spot 12,Empty,2026-07-14T00:46:21.068768+00:00,,,,,,,,
2026-07-14T11:46:05.647826+00:00,spot_13,Spot 13,Empty,2026-07-14T00:35:18.994409+00:00,,,,,,,,
2026-07-14T11:46:05.647826+00:00,spot_14,Spot 14,Empty,2026-07-14T00:48:20.323446+00:00,,,,,,,,
2026-07-14T11:46:05.647826+00:00,spot_15,Spot 15,Empty,2026-07-13T22:18:20.405725+00:00,,,,,,,,
2026-07-14T11:46:05.647826+00:00,spot_16,Spot 16,Empty,2026-07-13T22:35:22.003550+00:00,,,,,,,,
2026-07-14T11:46:05.647826+00:00,spot_17,Spot 17,Empty,2026-07-13T17:46:26.396031+00:00,,,,,,,,
2026-07-14T11:46:49.280852+00:00,spot_1,Spot 1,Empty,2026-07-13T23:54:41.337943+00:00,,,,,,,,
2026-07-14T11:46:49.280852+00:00,spot_2,Spot 2,Empty,2026-07-13T22:38:20.453368+00:00,,,,,,,,
2026-07-14T11:46:49.280852+00:00,spot_3,Spot 3,Empty,2026-07-14T01:48:31.431946+00:00,,,,,,,,
2026-07-14T11:46:49.280852+00:00,spot_4,Spot 4,Occupied,2026-07-14T11:46:49.280852+00:00,195,truck,0.679656445980072,126,377.2327880859375,323.0926208496094,441.774658203125,368.8828430175781
2026-07-14T11:46:49.280852+00:00,spot_5,Spot 5,Occupied,2026-07-14T11:44:42.775908+00:00,194,car,0.38973569869995117,252,338.61041259765625,331.714599609375,363.84857177734375,342.2427978515625
2026-07-14T11:46:49.280852+00:00,spot_6,Spot 6,Empty,2026-07-14T01:42:42.287107+00:00,,,,,,,,
2026-07-14T11:46:49.280852+00:00,spot_7,Spot 7,Empty,2026-07-14T00:18:43.510894+00:00,,,,,,,,
2026-07-14T11:46:49.280852+00:00,spot_8,Spot 8,Empty,2026-07-14T03:23:20.682684+00:00,,,,,,,,
2026-07-14T11:46:49.280852+00:00,spot_9,Spot 9,Empty,2026-07-14T03:02:23.964997+00:00,,,,,,,,
2026-07-14T11:46:49.280852+00:00,spot_10,Spot 10,Empty,2026-07-14T03:06:21.851167+00:00,,,,,,,,
2026-07-14T11:46:49.280852+00:00,spot_11,Spot 11,Empty,2026-07-14T01:03:18.245072+00:00,,,,,,,,
2026-07-14T11:46:49.280852+00:00,spot_12,Spot 12,Empty,2026-07-14T00:46:21.068768+00:00,,,,,,,,
2026-07-14T11:46:49.280852+00:00,spot_13,Spot 13,Empty,2026-07-14T00:35:18.994409+00:00,,,,,,,,
2026-07-14T11:46:49.280852+00:00,spot_14,Spot 14,Empty,2026-07-14T00:48:20.323446+00:00,,,,,,,,
2026-07-14T11:46:49.280852+00:00,spot_15,Spot 15,Empty,2026-07-13T22:18:20.405725+00:00,,,,,,,,
2026-07-14T11:46:49.280852+00:00,spot_16,Spot 16,Empty,2026-07-13T22:35:22.003550+00:00,,,,,,,,
2026-07-14T11:46:49.280852+00:00,spot_17,Spot 17,Empty,2026-07-13T17:46:26.396031+00:00,,,,,,,,
2026-07-14T11:47:30.211540+00:00,spot_1,Spot 1,Empty,2026-07-13T23:54:41.337943+00:00,,,,,,,,
2026-07-14T11:47:30.211540+00:00,spot_2,Spot 2,Empty,2026-07-13T22:38:20.453368+00:00,,,,,,,,
2026-07-14T11:47:30.211540+00:00,spot_3,Spot 3,Empty,2026-07-14T01:48:31.431946+00:00,,,,,,,,
2026-07-14T11:47:30.211540+00:00,spot_4,Spot 4,Occupied,2026-07-14T11:46:49.280852+00:00,195,truck,0.679656445980072,166,377.2327880859375,323.0926208496094,441.774658203125,368.8828430175781
2026-07-14T11:47:30.211540+00:00,spot_5,Spot 5,Occupied,2026-07-14T11:44:42.775908+00:00,194,car,0.38973569869995117,293,338.61041259765625,331.714599609375,363.84857177734375,342.2427978515625
2026-07-14T11:47:30.211540+00:00,spot_6,Spot 6,Empty,2026-07-14T01:42:42.287107+00:00,,,,,,,,
2026-07-14T11:47:30.211540+00:00,spot_7,Spot 7,Empty,2026-07-14T00:18:43.510894+00:00,,,,,,,,
2026-07-14T11:47:30.211540+00:00,spot_8,Spot 8,Empty,2026-07-14T03:23:20.682684+00:00,,,,,,,,
2026-07-14T11:47:30.211540+00:00,spot_9,Spot 9,Empty,2026-07-14T03:02:23.964997+00:00,,,,,,,,
2026-07-14T11:47:30.211540+00:00,spot_10,Spot 10,Empty,2026-07-14T03:06:21.851167+00:00,,,,,,,,
2026-07-14T11:47:30.211540+00:00,spot_11,Spot 11,Empty,2026-07-14T01:03:18.245072+00:00,,,,,,,,
2026-07-14T11:47:30.211540+00:00,spot_12,Spot 12,Empty,2026-07-14T00:46:21.068768+00:00,,,,,,,,
2026-07-14T11:47:30.211540+00:00,spot_13,Spot 13,Empty,2026-07-14T00:35:18.994409+00:00,,,,,,,,
2026-07-14T11:47:30.211540+00:00,spot_14,Spot 14,Empty,2026-07-14T00:48:20.323446+00:00,,,,,,,,
2026-07-14T11:47:30.211540+00:00,spot_15,Spot 15,Empty,2026-07-13T22:18:20.405725+00:00,,,,,,,,
2026-07-14T11:47:30.211540+00:00,spot_16,Spot 16,Empty,2026-07-13T22:35:22.003550+00:00,,,,,,,,
2026-07-14T11:47:30.211540+00:00,spot_17,Spot 17,Empty,2026-07-13T17:46:26.396031+00:00,,,,,,,,
2026-07-14T11:48:10.967056+00:00,spot_1,Spot 1,Empty,2026-07-13T23:54:41.337943+00:00,,,,,,,,
2026-07-14T11:48:10.967056+00:00,spot_2,Spot 2,Empty,2026-07-13T22:38:20.453368+00:00,,,,,,,,
2026-07-14T11:48:10.967056+00:00,spot_3,Spot 3,Empty,2026-07-14T01:48:31.431946+00:00,,,,,,,,
2026-07-14T11:48:10.967056+00:00,spot_4,Spot 4,Occupied,2026-07-14T11:46:49.280852+00:00,195,truck,0.41395437717437744,209,377.2924499511719,323.30902099609375,441.7678527832031,369.12811279296875
2026-07-14T11:48:10.967056+00:00,spot_5,Spot 5,Empty,2026-07-14T11:48:10.967056+00:00,,,,,,,,
2026-07-14T11:48:10.967056+00:00,spot_6,Spot 6,Empty,2026-07-14T01:42:42.287107+00:00,,,,,,,,
2026-07-14T11:48:10.967056+00:00,spot_7,Spot 7,Empty,2026-07-14T00:18:43.510894+00:00,,,,,,,,
2026-07-14T11:48:10.967056+00:00,spot_8,Spot 8,Empty,2026-07-14T03:23:20.682684+00:00,,,,,,,,
2026-07-14T11:48:10.967056+00:00,spot_9,Spot 9,Empty,2026-07-14T03:02:23.964997+00:00,,,,,,,,
2026-07-14T11:48:10.967056+00:00,spot_10,Spot 10,Empty,2026-07-14T03:06:21.851167+00:00,,,,,,,,
2026-07-14T11:48:10.967056+00:00,spot_11,Spot 11,Empty,2026-07-14T01:03:18.245072+00:00,,,,,,,,
2026-07-14T11:48:10.967056+00:00,spot_12,Spot 12,Empty,2026-07-14T00:46:21.068768+00:00,,,,,,,,
2026-07-14T11:48:10.967056+00:00,spot_13,Spot 13,Empty,2026-07-14T00:35:18.994409+00:00,,,,,,,,
2026-07-14T11:48:10.967056+00:00,spot_14,Spot 14,Empty,2026-07-14T00:48:20.323446+00:00,,,,,,,,
2026-07-14T11:48:10.967056+00:00,spot_15,Spot 15,Empty,2026-07-13T22:18:20.405725+00:00,,,,,,,,
2026-07-14T11:48:10.967056+00:00,spot_16,Spot 16,Empty,2026-07-13T22:35:22.003550+00:00,,,,,,,,
2026-07-14T11:48:10.967056+00:00,spot_17,Spot 17,Empty,2026-07-13T17:46:26.396031+00:00,,,,,,,,
2026-07-14T11:48:54.485973+00:00,spot_1,Spot 1,Empty,2026-07-13T23:54:41.337943+00:00,,,,,,,,
2026-07-14T11:48:54.485973+00:00,spot_2,Spot 2,Empty,2026-07-13T22:38:20.453368+00:00,,,,,,,,
2026-07-14T11:48:54.485973+00:00,spot_3,Spot 3,Empty,2026-07-14T01:48:31.431946+00:00,,,,,,,,
2026-07-14T11:48:54.485973+00:00,spot_4,Spot 4,Occupied,2026-07-14T11:48:54.485973+00:00,190,car,0.38721704483032227,1306,377.4342041015625,329.7353820800781,425.5765380859375,368.8194885253906
2026-07-14T11:48:54.485973+00:00,spot_5,Spot 5,Occupied,2026-07-14T11:48:54.485973+00:00,194,car,0.4876903295516968,378,338.33721923828125,331.7884521484375,353.83380126953125,342.4761962890625
2026-07-14T11:48:54.485973+00:00,spot_6,Spot 6,Empty,2026-07-14T01:42:42.287107+00:00,,,,,,,,
2026-07-14T11:48:54.485973+00:00,spot_7,Spot 7,Empty,2026-07-14T00:18:43.510894+00:00,,,,,,,,
2026-07-14T11:48:54.485973+00:00,spot_8,Spot 8,Empty,2026-07-14T03:23:20.682684+00:00,,,,,,,,
2026-07-14T11:48:54.485973+00:00,spot_9,Spot 9,Empty,2026-07-14T03:02:23.964997+00:00,,,,,,,,
2026-07-14T11:48:54.485973+00:00,spot_10,Spot 10,Empty,2026-07-14T03:06:21.851167+00:00,,,,,,,,
2026-07-14T11:48:54.485973+00:00,spot_11,Spot 11,Empty,2026-07-14T01:03:18.245072+00:00,,,,,,,,
2026-07-14T11:48:54.485973+00:00,spot_12,Spot 12,Empty,2026-07-14T00:46:21.068768+00:00,,,,,,,,
2026-07-14T11:48:54.485973+00:00,spot_13,Spot 13,Empty,2026-07-14T00:35:18.994409+00:00,,,,,,,,
2026-07-14T11:48:54.485973+00:00,spot_14,Spot 14,Empty,2026-07-14T00:48:20.323446+00:00,,,,,,,,
2026-07-14T11:48:54.485973+00:00,spot_15,Spot 15,Empty,2026-07-13T22:18:20.405725+00:00,,,,,,,,
2026-07-14T11:48:54.485973+00:00,spot_16,Spot 16,Empty,2026-07-13T22:35:22.003550+00:00,,,,,,,,
2026-07-14T11:48:54.485973+00:00,spot_17,Spot 17,Empty,2026-07-13T17:46:26.396031+00:00,,,,,,,,
2026-07-14T11:49:35.595318+00:00,spot_1,Spot 1,Empty,2026-07-13T23:54:41.337943+00:00,,,,,,,,
2026-07-14T11:49:35.595318+00:00,spot_2,Spot 2,Empty,2026-07-13T22:38:20.453368+00:00,,,,,,,,
2026-07-14T11:49:35.595318+00:00,spot_3,Spot 3,Empty,2026-07-14T01:48:31.431946+00:00,,,,,,,,
2026-07-14T11:49:35.595318+00:00,spot_4,Spot 4,Occupied,2026-07-14T11:48:54.485973+00:00,190,car,0.38721704483032227,1346,377.4342041015625,329.7353820800781,425.5765380859375,368.8194885253906
2026-07-14T11:49:35.595318+00:00,spot_5,Spot 5,Occupied,2026-07-14T11:48:54.485973+00:00,194,car,0.4876903295516968,418,338.33721923828125,331.7884521484375,353.83380126953125,342.4761962890625
2026-07-14T11:49:35.595318+00:00,spot_6,Spot 6,Empty,2026-07-14T01:42:42.287107+00:00,,,,,,,,
2026-07-14T11:49:35.595318+00:00,spot_7,Spot 7,Empty,2026-07-14T00:18:43.510894+00:00,,,,,,,,
2026-07-14T11:49:35.595318+00:00,spot_8,Spot 8,Empty,2026-07-14T03:23:20.682684+00:00,,,,,,,,
2026-07-14T11:49:35.595318+00:00,spot_9,Spot 9,Empty,2026-07-14T03:02:23.964997+00:00,,,,,,,,
2026-07-14T11:49:35.595318+00:00,spot_10,Spot 10,Empty,2026-07-14T03:06:21.851167+00:00,,,,,,,,
2026-07-14T11:49:35.595318+00:00,spot_11,Spot 11,Empty,2026-07-14T01:03:18.245072+00:00,,,,,,,,
2026-07-14T11:49:35.595318+00:00,spot_12,Spot 12,Empty,2026-07-14T00:46:21.068768+00:00,,,,,,,,
2026-07-14T11:49:35.595318+00:00,spot_13,Spot 13,Empty,2026-07-14T00:35:18.994409+00:00,,,,,,,,
2026-07-14T11:49:35.595318+00:00,spot_14,Spot 14,Empty,2026-07-14T00:48:20.323446+00:00,,,,,,,,
2026-07-14T11:49:35.595318+00:00,spot_15,Spot 15,Empty,2026-07-13T22:18:20.405725+00:00,,,,,,,,
2026-07-14T11:49:35.595318+00:00,spot_16,Spot 16,Empty,2026-07-13T22:35:22.003550+00:00,,,,,,,,
2026-07-14T11:49:35.595318+00:00,spot_17,Spot 17,Empty,2026-07-13T17:46:26.396031+00:00,,,,,,,,
2026-07-14T11:50:16.460954+00:00,spot_1,Spot 1,Empty,2026-07-13T23:54:41.337943+00:00,,,,,,,,
2026-07-14T11:50:16.460954+00:00,spot_2,Spot 2,Empty,2026-07-13T22:38:20.453368+00:00,,,,,,,,
2026-07-14T11:50:16.460954+00:00,spot_3,Spot 3,Empty,2026-07-14T01:48:31.431946+00:00,,,,,,,,
2026-07-14T11:50:16.460954+00:00,spot_4,Spot 4,Occupied,2026-07-14T11:50:16.460954+00:00,195,truck,0.5275763273239136,332,376.9657287597656,322.1822509765625,441.6495056152344,369.1309814453125
2026-07-14T11:50:16.460954+00:00,spot_5,Spot 5,Occupied,2026-07-14T11:48:54.485973+00:00,194,car,0.4927702248096466,458,338.80157470703125,331.9880676269531,363.06475830078125,342.6679992675781
2026-07-14T11:50:16.460954+00:00,spot_6,Spot 6,Empty,2026-07-14T01:42:42.287107+00:00,,,,,,,,
2026-07-14T11:50:16.460954+00:00,spot_7,Spot 7,Empty,2026-07-14T00:18:43.510894+00:00,,,,,,,,
2026-07-14T11:50:16.460954+00:00,spot_8,Spot 8,Empty,2026-07-14T03:23:20.682684+00:00,,,,,,,,
2026-07-14T11:50:16.460954+00:00,spot_9,Spot 9,Empty,2026-07-14T03:02:23.964997+00:00,,,,,,,,
2026-07-14T11:50:16.460954+00:00,spot_10,Spot 10,Empty,2026-07-14T03:06:21.851167+00:00,,,,,,,,
2026-07-14T11:50:16.460954+00:00,spot_11,Spot 11,Empty,2026-07-14T01:03:18.245072+00:00,,,,,,,,
2026-07-14T11:50:16.460954+00:00,spot_12,Spot 12,Empty,2026-07-14T00:46:21.068768+00:00,,,,,,,,
2026-07-14T11:50:16.460954+00:00,spot_13,Spot 13,Empty,2026-07-14T00:35:18.994409+00:00,,,,,,,,
2026-07-14T11:50:16.460954+00:00,spot_14,Spot 14,Empty,2026-07-14T00:48:20.323446+00:00,,,,,,,,
2026-07-14T11:50:16.460954+00:00,spot_15,Spot 15,Empty,2026-07-13T22:18:20.405725+00:00,,,,,,,,
2026-07-14T11:50:16.460954+00:00,spot_16,Spot 16,Empty,2026-07-13T22:35:22.003550+00:00,,,,,,,,
2026-07-14T11:50:16.460954+00:00,spot_17,Spot 17,Empty,2026-07-13T17:46:26.396031+00:00,,,,,,,,
2026-07-14T11:51:09.095368+00:00,spot_1,Spot 1,Empty,2026-07-13T23:54:41.337943+00:00,,,,,,,,
2026-07-14T11:51:09.095368+00:00,spot_2,Spot 2,Empty,2026-07-13T22:38:20.453368+00:00,,,,,,,,
2026-07-14T11:51:09.095368+00:00,spot_3,Spot 3,Empty,2026-07-14T01:48:31.431946+00:00,,,,,,,,
2026-07-14T11:51:09.095368+00:00,spot_4,Spot 4,Occupied,2026-07-14T11:50:16.460954+00:00,195,truck,0.6833161115646362,390,377.6009826660156,323.05877685546875,441.5162658691406,368.60919189453125
2026-07-14T11:51:09.095368+00:00,spot_5,Spot 5,Occupied,2026-07-14T11:48:54.485973+00:00,194,car,0.5145570635795593,516,338.7764892578125,331.410400390625,364.03607177734375,342.3260498046875
2026-07-14T11:51:09.095368+00:00,spot_6,Spot 6,Empty,2026-07-14T01:42:42.287107+00:00,,,,,,,,
2026-07-14T11:51:09.095368+00:00,spot_7,Spot 7,Empty,2026-07-14T00:18:43.510894+00:00,,,,,,,,
2026-07-14T11:51:09.095368+00:00,spot_8,Spot 8,Empty,2026-07-14T03:23:20.682684+00:00,,,,,,,,
2026-07-14T11:51:09.095368+00:00,spot_9,Spot 9,Empty,2026-07-14T03:02:23.964997+00:00,,,,,,,,
2026-07-14T11:51:09.095368+00:00,spot_10,Spot 10,Empty,2026-07-14T03:06:21.851167+00:00,,,,,,,,
2026-07-14T11:51:09.095368+00:00,spot_11,Spot 11,Empty,2026-07-14T01:03:18.245072+00:00,,,,,,,,
2026-07-14T11:51:09.095368+00:00,spot_12,Spot 12,Empty,2026-07-14T00:46:21.068768+00:00,,,,,,,,
2026-07-14T11:51:09.095368+00:00,spot_13,Spot 13,Empty,2026-07-14T00:35:18.994409+00:00,,,,,,,,
2026-07-14T11:51:09.095368+00:00,spot_14,Spot 14,Empty,2026-07-14T00:48:20.323446+00:00,,,,,,,,
2026-07-14T11:51:09.095368+00:00,spot_15,Spot 15,Empty,2026-07-13T22:18:20.405725+00:00,,,,,,,,
2026-07-14T11:51:09.095368+00:00,spot_16,Spot 16,Empty,2026-07-13T22:35:22.003550+00:00,,,,,,,,
2026-07-14T11:51:09.095368+00:00,spot_17,Spot 17,Empty,2026-07-13T17:46:26.396031+00:00,,,,,,,,
2026-07-14T11:52:03.483824+00:00,spot_1,Spot 1,Empty,2026-07-13T23:54:41.337943+00:00,,,,,,,,
2026-07-14T11:52:03.483824+00:00,spot_2,Spot 2,Empty,2026-07-13T22:38:20.453368+00:00,,,,,,,,
2026-07-14T11:52:03.483824+00:00,spot_3,Spot 3,Empty,2026-07-14T01:48:31.431946+00:00,,,,,,,,
2026-07-14T11:52:03.483824+00:00,spot_4,Spot 4,Occupied,2026-07-14T11:52:03.483824+00:00,190,car,0.43760520219802856,1496,377.3569641113281,323.60675048828125,435.9208679199219,369.37750244140625
2026-07-14T11:52:03.483824+00:00,spot_5,Spot 5,Occupied,2026-07-14T11:48:54.485973+00:00,194,car,0.39371275901794434,567,338.92572021484375,331.77294921875,353.71588134765625,342.6722412109375
2026-07-14T11:52:03.483824+00:00,spot_6,Spot 6,Empty,2026-07-14T01:42:42.287107+00:00,,,,,,,,
2026-07-14T11:52:03.483824+00:00,spot_7,Spot 7,Empty,2026-07-14T00:18:43.510894+00:00,,,,,,,,
2026-07-14T11:52:03.483824+00:00,spot_8,Spot 8,Empty,2026-07-14T03:23:20.682684+00:00,,,,,,,,
2026-07-14T11:52:03.483824+00:00,spot_9,Spot 9,Empty,2026-07-14T03:02:23.964997+00:00,,,,,,,,
2026-07-14T11:52:03.483824+00:00,spot_10,Spot 10,Empty,2026-07-14T03:06:21.851167+00:00,,,,,,,,
2026-07-14T11:52:03.483824+00:00,spot_11,Spot 11,Empty,2026-07-14T01:03:18.245072+00:00,,,,,,,,
2026-07-14T11:52:03.483824+00:00,spot_12,Spot 12,Empty,2026-07-14T00:46:21.068768+00:00,,,,,,,,
2026-07-14T11:52:03.483824+00:00,spot_13,Spot 13,Empty,2026-07-14T00:35:18.994409+00:00,,,,,,,,
2026-07-14T11:52:03.483824+00:00,spot_14,Spot 14,Empty,2026-07-14T00:48:20.323446+00:00,,,,,,,,
2026-07-14T11:52:03.483824+00:00,spot_15,Spot 15,Empty,2026-07-13T22:18:20.405725+00:00,,,,,,,,
2026-07-14T11:52:03.483824+00:00,spot_16,Spot 16,Empty,2026-07-13T22:35:22.003550+00:00,,,,,,,,
2026-07-14T11:52:03.483824+00:00,spot_17,Spot 17,Empty,2026-07-13T17:46:26.396031+00:00,,,,,,,,
2026-07-14T11:52:57.056122+00:00,spot_1,Spot 1,Empty,2026-07-13T23:54:41.337943+00:00,,,,,,,,
2026-07-14T11:52:57.056122+00:00,spot_2,Spot 2,Empty,2026-07-13T22:38:20.453368+00:00,,,,,,,,
2026-07-14T11:52:57.056122+00:00,spot_3,Spot 3,Empty,2026-07-14T01:48:31.431946+00:00,,,,,,,,
2026-07-14T11:52:57.056122+00:00,spot_4,Spot 4,Occupied,2026-07-14T11:52:03.483824+00:00,190,car,0.43760520219802856,1549,377.3569641113281,323.60675048828125,435.9208679199219,369.37750244140625
2026-07-14T11:52:57.056122+00:00,spot_5,Spot 5,Occupied,2026-07-14T11:48:54.485973+00:00,194,car,0.39371275901794434,621,338.92572021484375,331.77294921875,353.71588134765625,342.6722412109375
2026-07-14T11:52:57.056122+00:00,spot_6,Spot 6,Empty,2026-07-14T01:42:42.287107+00:00,,,,,,,,
2026-07-14T11:52:57.056122+00:00,spot_7,Spot 7,Empty,2026-07-14T00:18:43.510894+00:00,,,,,,,,
2026-07-14T11:52:57.056122+00:00,spot_8,Spot 8,Empty,2026-07-14T03:23:20.682684+00:00,,,,,,,,
2026-07-14T11:52:57.056122+00:00,spot_9,Spot 9,Empty,2026-07-14T03:02:23.964997+00:00,,,,,,,,
2026-07-14T11:52:57.056122+00:00,spot_10,Spot 10,Empty,2026-07-14T03:06:21.851167+00:00,,,,,,,,
2026-07-14T11:52:57.056122+00:00,spot_11,Spot 11,Empty,2026-07-14T01:03:18.245072+00:00,,,,,,,,
2026-07-14T11:52:57.056122+00:00,spot_12,Spot 12,Empty,2026-07-14T00:46:21.068768+00:00,,,,,,,,
2026-07-14T11:52:57.056122+00:00,spot_13,Spot 13,Empty,2026-07-14T00:35:18.994409+00:00,,,,,,,,
2026-07-14T11:52:57.056122+00:00,spot_14,Spot 14,Empty,2026-07-14T00:48:20.323446+00:00,,,,,,,,
2026-07-14T11:52:57.056122+00:00,spot_15,Spot 15,Empty,2026-07-13T22:18:20.405725+00:00,,,,,,,,
2026-07-14T11:52:57.056122+00:00,spot_16,Spot 16,Empty,2026-07-13T22:35:22.003550+00:00,,,,,,,,
2026-07-14T11:52:57.056122+00:00,spot_17,Spot 17,Empty,2026-07-13T17:46:26.396031+00:00,,,,,,,,
2026-07-14T11:53:46.174087+00:00,spot_1,Spot 1,Empty,2026-07-13T23:54:41.337943+00:00,,,,,,,,
2026-07-14T11:53:46.174087+00:00,spot_2,Spot 2,Empty,2026-07-13T22:38:20.453368+00:00,,,,,,,,
2026-07-14T11:53:46.174087+00:00,spot_3,Spot 3,Empty,2026-07-14T01:48:31.431946+00:00,,,,,,,,
2026-07-14T11:53:46.174087+00:00,spot_4,Spot 4,Occupied,2026-07-14T11:53:46.174087+00:00,195,truck,0.4637712836265564,544,377.4343566894531,322.62176513671875,441.4853210449219,368.99810791015625
2026-07-14T11:53:46.174087+00:00,spot_5,Spot 5,Empty,2026-07-14T11:53:46.174087+00:00,,,,,,,,
2026-07-14T11:53:46.174087+00:00,spot_6,Spot 6,Empty,2026-07-14T01:42:42.287107+00:00,,,,,,,,
2026-07-14T11:53:46.174087+00:00,spot_7,Spot 7,Empty,2026-07-14T00:18:43.510894+00:00,,,,,,,,
2026-07-14T11:53:46.174087+00:00,spot_8,Spot 8,Empty,2026-07-14T03:23:20.682684+00:00,,,,,,,,
2026-07-14T11:53:46.174087+00:00,spot_9,Spot 9,Empty,2026-07-14T03:02:23.964997+00:00,,,,,,,,
2026-07-14T11:53:46.174087+00:00,spot_10,Spot 10,Empty,2026-07-14T03:06:21.851167+00:00,,,,,,,,
2026-07-14T11:53:46.174087+00:00,spot_11,Spot 11,Empty,2026-07-14T01:03:18.245072+00:00,,,,,,,,
2026-07-14T11:53:46.174087+00:00,spot_12,Spot 12,Empty,2026-07-14T00:46:21.068768+00:00,,,,,,,,
2026-07-14T11:53:46.174087+00:00,spot_13,Spot 13,Empty,2026-07-14T00:35:18.994409+00:00,,,,,,,,
2026-07-14T11:53:46.174087+00:00,spot_14,Spot 14,Empty,2026-07-14T00:48:20.323446+00:00,,,,,,,,
2026-07-14T11:53:46.174087+00:00,spot_15,Spot 15,Empty,2026-07-13T22:18:20.405725+00:00,,,,,,,,
2026-07-14T11:53:46.174087+00:00,spot_16,Spot 16,Empty,2026-07-13T22:35:22.003550+00:00,,,,,,,,
2026-07-14T11:53:46.174087+00:00,spot_17,Spot 17,Empty,2026-07-13T17:46:26.396031+00:00,,,,,,,,
2026-07-14T11:54:28.994989+00:00,spot_1,Spot 1,Empty,2026-07-13T23:54:41.337943+00:00,,,,,,,,
2026-07-14T11:54:28.994989+00:00,spot_2,Spot 2,Empty,2026-07-13T22:38:20.453368+00:00,,,,,,,,
2026-07-14T11:54:28.994989+00:00,spot_3,Spot 3,Empty,2026-07-14T01:48:31.431946+00:00,,,,,,,,
2026-07-14T11:54:28.994989+00:00,spot_4,Spot 4,Occupied,2026-07-14T11:53:46.174087+00:00,195,truck,0.40353426337242126,587,376.717529296875,323.600341796875,440.1519775390625,368.87030029296875
2026-07-14T11:54:28.994989+00:00,spot_5,Spot 5,Empty,2026-07-14T11:53:46.174087+00:00,,,,,,,,
2026-07-14T11:54:28.994989+00:00,spot_6,Spot 6,Empty,2026-07-14T01:42:42.287107+00:00,,,,,,,,
2026-07-14T11:54:28.994989+00:00,spot_7,Spot 7,Empty,2026-07-14T00:18:43.510894+00:00,,,,,,,,
2026-07-14T11:54:28.994989+00:00,spot_8,Spot 8,Empty,2026-07-14T03:23:20.682684+00:00,,,,,,,,
2026-07-14T11:54:28.994989+00:00,spot_9,Spot 9,Empty,2026-07-14T03:02:23.964997+00:00,,,,,,,,
2026-07-14T11:54:28.994989+00:00,spot_10,Spot 10,Empty,2026-07-14T03:06:21.851167+00:00,,,,,,,,
2026-07-14T11:54:28.994989+00:00,spot_11,Spot 11,Empty,2026-07-14T01:03:18.245072+00:00,,,,,,,,
2026-07-14T11:54:28.994989+00:00,spot_12,Spot 12,Empty,2026-07-14T00:46:21.068768+00:00,,,,,,,,
2026-07-14T11:54:28.994989+00:00,spot_13,Spot 13,Empty,2026-07-14T00:35:18.994409+00:00,,,,,,,,
2026-07-14T11:54:28.994989+00:00,spot_14,Spot 14,Empty,2026-07-14T00:48:20.323446+00:00,,,,,,,,
2026-07-14T11:54:28.994989+00:00,spot_15,Spot 15,Empty,2026-07-13T22:18:20.405725+00:00,,,,,,,,
2026-07-14T11:54:28.994989+00:00,spot_16,Spot 16,Empty,2026-07-13T22:35:22.003550+00:00,,,,,,,,
2026-07-14T11:54:28.994989+00:00,spot_17,Spot 17,Empty,2026-07-13T17:46:26.396031+00:00,,,,,,,,
2026-07-14T11:55:09.771409+00:00,spot_1,Spot 1,Empty,2026-07-13T23:54:41.337943+00:00,,,,,,,,
2026-07-14T11:55:09.771409+00:00,spot_2,Spot 2,Empty,2026-07-13T22:38:20.453368+00:00,,,,,,,,
2026-07-14T11:55:09.771409+00:00,spot_3,Spot 3,Empty,2026-07-14T01:48:31.431946+00:00,,,,,,,,
2026-07-14T11:55:09.771409+00:00,spot_4,Spot 4,Occupied,2026-07-14T11:53:46.174087+00:00,195,truck,0.5000579357147217,628,377.5948486328125,323.59521484375,442.03448486328125,369.1727294921875
2026-07-14T11:55:09.771409+00:00,spot_5,Spot 5,Empty,2026-07-14T11:53:46.174087+00:00,,,,,,,,
2026-07-14T11:55:09.771409+00:00,spot_6,Spot 6,Empty,2026-07-14T01:42:42.287107+00:00,,,,,,,,
2026-07-14T11:55:09.771409+00:00,spot_7,Spot 7,Empty,2026-07-14T00:18:43.510894+00:00,,,,,,,,
2026-07-14T11:55:09.771409+00:00,spot_8,Spot 8,Empty,2026-07-14T03:23:20.682684+00:00,,,,,,,,
2026-07-14T11:55:09.771409+00:00,spot_9,Spot 9,Empty,2026-07-14T03:02:23.964997+00:00,,,,,,,,
2026-07-14T11:55:09.771409+00:00,spot_10,Spot 10,Empty,2026-07-14T03:06:21.851167+00:00,,,,,,,,
2026-07-14T11:55:09.771409+00:00,spot_11,Spot 11,Empty,2026-07-14T01:03:18.245072+00:00,,,,,,,,
2026-07-14T11:55:09.771409+00:00,spot_12,Spot 12,Empty,2026-07-14T00:46:21.068768+00:00,,,,,,,,
2026-07-14T11:55:09.771409+00:00,spot_13,Spot 13,Empty,2026-07-14T00:35:18.994409+00:00,,,,,,,,
2026-07-14T11:55:09.771409+00:00,spot_14,Spot 14,Empty,2026-07-14T00:48:20.323446+00:00,,,,,,,,
2026-07-14T11:55:09.771409+00:00,spot_15,Spot 15,Empty,2026-07-13T22:18:20.405725+00:00,,,,,,,,
2026-07-14T11:55:09.771409+00:00,spot_16,Spot 16,Empty,2026-07-13T22:35:22.003550+00:00,,,,,,,,
2026-07-14T11:55:09.771409+00:00,spot_17,Spot 17,Empty,2026-07-13T17:46:26.396031+00:00,,,,,,,,
2026-07-14T11:55:52.185186+00:00,spot_1,Spot 1,Empty,2026-07-13T23:54:41.337943+00:00,,,,,,,,
2026-07-14T11:55:52.185186+00:00,spot_2,Spot 2,Empty,2026-07-13T22:38:20.453368+00:00,,,,,,,,
2026-07-14T11:55:52.185186+00:00,spot_3,Spot 3,Empty,2026-07-14T01:48:31.431946+00:00,,,,,,,,
2026-07-14T11:55:52.185186+00:00,spot_4,Spot 4,Occupied,2026-07-14T11:53:46.174087+00:00,195,truck,0.5000579357147217,669,377.5948486328125,323.59521484375,442.03448486328125,369.1727294921875
2026-07-14T11:55:52.185186+00:00,spot_5,Spot 5,Empty,2026-07-14T11:53:46.174087+00:00,,,,,,,,
2026-07-14T11:55:52.185186+00:00,spot_6,Spot 6,Empty,2026-07-14T01:42:42.287107+00:00,,,,,,,,
2026-07-14T11:55:52.185186+00:00,spot_7,Spot 7,Empty,2026-07-14T00:18:43.510894+00:00,,,,,,,,
2026-07-14T11:55:52.185186+00:00,spot_8,Spot 8,Empty,2026-07-14T03:23:20.682684+00:00,,,,,,,,
2026-07-14T11:55:52.185186+00:00,spot_9,Spot 9,Empty,2026-07-14T03:02:23.964997+00:00,,,,,,,,
2026-07-14T11:55:52.185186+00:00,spot_10,Spot 10,Empty,2026-07-14T03:06:21.851167+00:00,,,,,,,,
2026-07-14T11:55:52.185186+00:00,spot_11,Spot 11,Empty,2026-07-14T01:03:18.245072+00:00,,,,,,,,
2026-07-14T11:55:52.185186+00:00,spot_12,Spot 12,Empty,2026-07-14T00:46:21.068768+00:00,,,,,,,,
2026-07-14T11:55:52.185186+00:00,spot_13,Spot 13,Empty,2026-07-14T00:35:18.994409+00:00,,,,,,,,
2026-07-14T11:55:52.185186+00:00,spot_14,Spot 14,Empty,2026-07-14T00:48:20.323446+00:00,,,,,,,,
2026-07-14T11:55:52.185186+00:00,spot_15,Spot 15,Empty,2026-07-13T22:18:20.405725+00:00,,,,,,,,
2026-07-14T11:55:52.185186+00:00,spot_16,Spot 16,Empty,2026-07-13T22:35:22.003550+00:00,,,,,,,,
2026-07-14T11:55:52.185186+00:00,spot_17,Spot 17,Empty,2026-07-13T17:46:26.396031+00:00,,,,,,,,
2026-07-14T11:56:33.226889+00:00,spot_1,Spot 1,Empty,2026-07-13T23:54:41.337943+00:00,,,,,,,,
2026-07-14T11:56:33.226889+00:00,spot_2,Spot 2,Empty,2026-07-13T22:38:20.453368+00:00,,,,,,,,
2026-07-14T11:56:33.226889+00:00,spot_3,Spot 3,Empty,2026-07-14T01:48:31.431946+00:00,,,,,,,,
2026-07-14T11:56:33.226889+00:00,spot_4,Spot 4,Occupied,2026-07-14T11:53:46.174087+00:00,195,truck,0.48288461565971375,712,377.1612548828125,323.78662109375,441.586181640625,369.2139892578125
2026-07-14T11:56:33.226889+00:00,spot_5,Spot 5,Empty,2026-07-14T11:53:46.174087+00:00,,,,,,,,
2026-07-14T11:56:33.226889+00:00,spot_6,Spot 6,Empty,2026-07-14T01:42:42.287107+00:00,,,,,,,,
2026-07-14T11:56:33.226889+00:00,spot_7,Spot 7,Empty,2026-07-14T00:18:43.510894+00:00,,,,,,,,
2026-07-14T11:56:33.226889+00:00,spot_8,Spot 8,Empty,2026-07-14T03:23:20.682684+00:00,,,,,,,,
2026-07-14T11:56:33.226889+00:00,spot_9,Spot 9,Empty,2026-07-14T03:02:23.964997+00:00,,,,,,,,
2026-07-14T11:56:33.226889+00:00,spot_10,Spot 10,Empty,2026-07-14T03:06:21.851167+00:00,,,,,,,,
2026-07-14T11:56:33.226889+00:00,spot_11,Spot 11,Empty,2026-07-14T01:03:18.245072+00:00,,,,,,,,
2026-07-14T11:56:33.226889+00:00,spot_12,Spot 12,Empty,2026-07-14T00:46:21.068768+00:00,,,,,,,,
2026-07-14T11:56:33.226889+00:00,spot_13,Spot 13,Empty,2026-07-14T00:35:18.994409+00:00,,,,,,,,
2026-07-14T11:56:33.226889+00:00,spot_14,Spot 14,Empty,2026-07-14T00:48:20.323446+00:00,,,,,,,,
2026-07-14T11:56:33.226889+00:00,spot_15,Spot 15,Empty,2026-07-13T22:18:20.405725+00:00,,,,,,,,
2026-07-14T11:56:33.226889+00:00,spot_16,Spot 16,Empty,2026-07-13T22:35:22.003550+00:00,,,,,,,,
2026-07-14T11:56:33.226889+00:00,spot_17,Spot 17,Empty,2026-07-13T17:46:26.396031+00:00,,,,,,,,
2026-07-14T11:57:15.353542+00:00,spot_1,Spot 1,Empty,2026-07-13T23:54:41.337943+00:00,,,,,,,,
2026-07-14T11:57:15.353542+00:00,spot_2,Spot 2,Empty,2026-07-13T22:38:20.453368+00:00,,,,,,,,
2026-07-14T11:57:15.353542+00:00,spot_3,Spot 3,Empty,2026-07-14T01:48:31.431946+00:00,,,,,,,,
2026-07-14T11:57:15.353542+00:00,spot_4,Spot 4,Occupied,2026-07-14T11:57:15.353542+00:00,190,car,0.3859228193759918,1806,377.1846618652344,324.44805908203125,435.1227111816406,369.162841796875
2026-07-14T11:57:15.353542+00:00,spot_5,Spot 5,Empty,2026-07-14T11:53:46.174087+00:00,,,,,,,,
2026-07-14T11:57:15.353542+00:00,spot_6,Spot 6,Empty,2026-07-14T01:42:42.287107+00:00,,,,,,,,
2026-07-14T11:57:15.353542+00:00,spot_7,Spot 7,Empty,2026-07-14T00:18:43.510894+00:00,,,,,,,,
2026-07-14T11:57:15.353542+00:00,spot_8,Spot 8,Empty,2026-07-14T03:23:20.682684+00:00,,,,,,,,
2026-07-14T11:57:15.353542+00:00,spot_9,Spot 9,Empty,2026-07-14T03:02:23.964997+00:00,,,,,,,,
2026-07-14T11:57:15.353542+00:00,spot_10,Spot 10,Empty,2026-07-14T03:06:21.851167+00:00,,,,,,,,
2026-07-14T11:57:15.353542+00:00,spot_11,Spot 11,Empty,2026-07-14T01:03:18.245072+00:00,,,,,,,,
2026-07-14T11:57:15.353542+00:00,spot_12,Spot 12,Empty,2026-07-14T00:46:21.068768+00:00,,,,,,,,
2026-07-14T11:57:15.353542+00:00,spot_13,Spot 13,Empty,2026-07-14T00:35:18.994409+00:00,,,,,,,,
2026-07-14T11:57:15.353542+00:00,spot_14,Spot 14,Empty,2026-07-14T00:48:20.323446+00:00,,,,,,,,
2026-07-14T11:57:15.353542+00:00,spot_15,Spot 15,Empty,2026-07-13T22:18:20.405725+00:00,,,,,,,,
2026-07-14T11:57:15.353542+00:00,spot_16,Spot 16,Empty,2026-07-13T22:35:22.003550+00:00,,,,,,,,
2026-07-14T11:57:15.353542+00:00,spot_17,Spot 17,Empty,2026-07-13T17:46:26.396031+00:00,,,,,,,,
2026-07-14T11:57:57.457725+00:00,spot_1,Spot 1,Empty,2026-07-13T23:54:41.337943+00:00,,,,,,,,
2026-07-14T11:57:57.457725+00:00,spot_2,Spot 2,Empty,2026-07-13T22:38:20.453368+00:00,,,,,,,,
2026-07-14T11:57:57.457725+00:00,spot_3,Spot 3,Empty,2026-07-14T01:48:31.431946+00:00,,,,,,,,
2026-07-14T11:57:57.457725+00:00,spot_4,Spot 4,Occupied,2026-07-14T11:57:15.353542+00:00,190,car,0.3859228193759918,1849,377.1846618652344,324.44805908203125,435.1227111816406,369.162841796875
2026-07-14T11:57:57.457725+00:00,spot_5,Spot 5,Empty,2026-07-14T11:53:46.174087+00:00,,,,,,,,
2026-07-14T11:57:57.457725+00:00,spot_6,Spot 6,Empty,2026-07-14T01:42:42.287107+00:00,,,,,,,,
2026-07-14T11:57:57.457725+00:00,spot_7,Spot 7,Empty,2026-07-14T00:18:43.510894+00:00,,,,,,,,
2026-07-14T11:57:57.457725+00:00,spot_8,Spot 8,Empty,2026-07-14T03:23:20.682684+00:00,,,,,,,,
2026-07-14T11:57:57.457725+00:00,spot_9,Spot 9,Empty,2026-07-14T03:02:23.964997+00:00,,,,,,,,
2026-07-14T11:57:57.457725+00:00,spot_10,Spot 10,Empty,2026-07-14T03:06:21.851167+00:00,,,,,,,,
2026-07-14T11:57:57.457725+00:00,spot_11,Spot 11,Empty,2026-07-14T01:03:18.245072+00:00,,,,,,,,
2026-07-14T11:57:57.457725+00:00,spot_12,Spot 12,Empty,2026-07-14T00:46:21.068768+00:00,,,,,,,,
2026-07-14T11:57:57.457725+00:00,spot_13,Spot 13,Empty,2026-07-14T00:35:18.994409+00:00,,,,,,,,
2026-07-14T11:57:57.457725+00:00,spot_14,Spot 14,Empty,2026-07-14T00:48:20.323446+00:00,,,,,,,,
2026-07-14T11:57:57.457725+00:00,spot_15,Spot 15,Empty,2026-07-13T22:18:20.405725+00:00,,,,,,,,
2026-07-14T11:57:57.457725+00:00,spot_16,Spot 16,Empty,2026-07-13T22:35:22.003550+00:00,,,,,,,,
2026-07-14T11:57:57.457725+00:00,spot_17,Spot 17,Empty,2026-07-13T17:46:26.396031+00:00,,,,,,,,
2026-07-14T11:58:39.404514+00:00,spot_1,Spot 1,Empty,2026-07-13T23:54:41.337943+00:00,,,,,,,,
2026-07-14T11:58:39.404514+00:00,spot_2,Spot 2,Empty,2026-07-13T22:38:20.453368+00:00,,,,,,,,
2026-07-14T11:58:39.404514+00:00,spot_3,Spot 3,Empty,2026-07-14T01:48:31.431946+00:00,,,,,,,,
2026-07-14T11:58:39.404514+00:00,spot_4,Spot 4,Empty,2026-07-14T11:58:39.404514+00:00,,,,,,,,
2026-07-14T11:58:39.404514+00:00,spot_5,Spot 5,Empty,2026-07-14T11:53:46.174087+00:00,,,,,,,,
2026-07-14T11:58:39.404514+00:00,spot_6,Spot 6,Empty,2026-07-14T01:42:42.287107+00:00,,,,,,,,
2026-07-14T11:58:39.404514+00:00,spot_7,Spot 7,Empty,2026-07-14T00:18:43.510894+00:00,,,,,,,,
2026-07-14T11:58:39.404514+00:00,spot_8,Spot 8,Empty,2026-07-14T03:23:20.682684+00:00,,,,,,,,
2026-07-14T11:58:39.404514+00:00,spot_9,Spot 9,Empty,2026-07-14T03:02:23.964997+00:00,,,,,,,,
2026-07-14T11:58:39.404514+00:00,spot_10,Spot 10,Empty,2026-07-14T03:06:21.851167+00:00,,,,,,,,
2026-07-14T11:58:39.404514+00:00,spot_11,Spot 11,Empty,2026-07-14T01:03:18.245072+00:00,,,,,,,,
2026-07-14T11:58:39.404514+00:00,spot_12,Spot 12,Empty,2026-07-14T00:46:21.068768+00:00,,,,,,,,
2026-07-14T11:58:39.404514+00:00,spot_13,Spot 13,Empty,2026-07-14T00:35:18.994409+00:00,,,,,,,,
2026-07-14T11:58:39.404514+00:00,spot_14,Spot 14,Empty,2026-07-14T00:48:20.323446+00:00,,,,,,,,
2026-07-14T11:58:39.404514+00:00,spot_15,Spot 15,Empty,2026-07-13T22:18:20.405725+00:00,,,,,,,,
2026-07-14T11:58:39.404514+00:00,spot_16,Spot 16,Empty,2026-07-13T22:35:22.003550+00:00,,,,,,,,
2026-07-14T11:58:39.404514+00:00,spot_17,Spot 17,Empty,2026-07-13T17:46:26.396031+00:00,,,,,,,,
2026-07-14T11:59:30.378968+00:00,spot_1,Spot 1,Empty,2026-07-13T23:54:41.337943+00:00,,,,,,,,
2026-07-14T11:59:30.378968+00:00,spot_2,Spot 2,Empty,2026-07-13T22:38:20.453368+00:00,,,,,,,,
2026-07-14T11:59:30.378968+00:00,spot_3,Spot 3,Empty,2026-07-14T01:48:31.431946+00:00,,,,,,,,
2026-07-14T11:59:30.378968+00:00,spot_4,Spot 4,Occupied,2026-07-14T11:59:30.378968+00:00,195,truck,0.6174428462982178,887,376.62017822265625,322.66131591796875,441.49029541015625,368.79998779296875
2026-07-14T11:59:30.378968+00:00,spot_5,Spot 5,Occupied,2026-07-14T11:59:30.378968+00:00,196,car,0.37845954298973083,0,338.876953125,331.99365234375,355.6751708984375,342.371826171875
2026-07-14T11:59:30.378968+00:00,spot_6,Spot 6,Empty,2026-07-14T01:42:42.287107+00:00,,,,,,,,
2026-07-14T11:59:30.378968+00:00,spot_7,Spot 7,Empty,2026-07-14T00:18:43.510894+00:00,,,,,,,,
2026-07-14T11:59:30.378968+00:00,spot_8,Spot 8,Empty,2026-07-14T03:23:20.682684+00:00,,,,,,,,
2026-07-14T11:59:30.378968+00:00,spot_9,Spot 9,Empty,2026-07-14T03:02:23.964997+00:00,,,,,,,,
2026-07-14T11:59:30.378968+00:00,spot_10,Spot 10,Empty,2026-07-14T03:06:21.851167+00:00,,,,,,,,
2026-07-14T11:59:30.378968+00:00,spot_11,Spot 11,Empty,2026-07-14T01:03:18.245072+00:00,,,,,,,,
2026-07-14T11:59:30.378968+00:00,spot_12,Spot 12,Empty,2026-07-14T00:46:21.068768+00:00,,,,,,,,
2026-07-14T11:59:30.378968+00:00,spot_13,Spot 13,Empty,2026-07-14T00:35:18.994409+00:00,,,,,,,,
2026-07-14T11:59:30.378968+00:00,spot_14,Spot 14,Empty,2026-07-14T00:48:20.323446+00:00,,,,,,,,
2026-07-14T11:59:30.378968+00:00,spot_15,Spot 15,Empty,2026-07-13T22:18:20.405725+00:00,,,,,,,,
2026-07-14T11:59:30.378968+00:00,spot_16,Spot 16,Empty,2026-07-13T22:35:22.003550+00:00,,,,,,,,
2026-07-14T11:59:30.378968+00:00,spot_17,Spot 17,Empty,2026-07-13T17:46:26.396031+00:00,,,,,,,,
2026-07-14T12:00:13.191250+00:00,spot_1,Spot 1,Empty,2026-07-13T23:54:41.337943+00:00,,,,,,,,
2026-07-14T12:00:13.191250+00:00,spot_2,Spot 2,Empty,2026-07-13T22:38:20.453368+00:00,,,,,,,,
2026-07-14T12:00:13.191250+00:00,spot_3,Spot 3,Empty,2026-07-14T01:48:31.431946+00:00,,,,,,,,
2026-07-14T12:00:13.191250+00:00,spot_4,Spot 4,Occupied,2026-07-14T11:59:30.378968+00:00,195,truck,0.6174428462982178,930,376.62017822265625,322.66131591796875,441.49029541015625,368.79998779296875
2026-07-14T12:00:13.191250+00:00,spot_5,Spot 5,Occupied,2026-07-14T11:59:30.378968+00:00,196,car,0.37845954298973083,42,338.876953125,331.99365234375,355.6751708984375,342.371826171875
2026-07-14T12:00:13.191250+00:00,spot_6,Spot 6,Empty,2026-07-14T01:42:42.287107+00:00,,,,,,,,
2026-07-14T12:00:13.191250+00:00,spot_7,Spot 7,Empty,2026-07-14T00:18:43.510894+00:00,,,,,,,,
2026-07-14T12:00:13.191250+00:00,spot_8,Spot 8,Empty,2026-07-14T03:23:20.682684+00:00,,,,,,,,
2026-07-14T12:00:13.191250+00:00,spot_9,Spot 9,Empty,2026-07-14T03:02:23.964997+00:00,,,,,,,,
2026-07-14T12:00:13.191250+00:00,spot_10,Spot 10,Empty,2026-07-14T03:06:21.851167+00:00,,,,,,,,
2026-07-14T12:00:13.191250+00:00,spot_11,Spot 11,Empty,2026-07-14T01:03:18.245072+00:00,,,,,,,,
2026-07-14T12:00:13.191250+00:00,spot_12,Spot 12,Empty,2026-07-14T00:46:21.068768+00:00,,,,,,,,
2026-07-14T12:00:13.191250+00:00,spot_13,Spot 13,Empty,2026-07-14T00:35:18.994409+00:00,,,,,,,,
2026-07-14T12:00:13.191250+00:00,spot_14,Spot 14,Empty,2026-07-14T00:48:20.323446+00:00,,,,,,,,
2026-07-14T12:00:13.191250+00:00,spot_15,Spot 15,Empty,2026-07-13T22:18:20.405725+00:00,,,,,,,,
2026-07-14T12:00:13.191250+00:00,spot_16,Spot 16,Empty,2026-07-13T22:35:22.003550+00:00,,,,,,,,
2026-07-14T12:00:13.191250+00:00,spot_17,Spot 17,Empty,2026-07-13T17:46:26.396031+00:00,,,,,,,,
2026-07-14T12:00:55.787012+00:00,spot_1,Spot 1,Empty,2026-07-13T23:54:41.337943+00:00,,,,,,,,
2026-07-14T12:00:55.787012+00:00,spot_2,Spot 2,Empty,2026-07-13T22:38:20.453368+00:00,,,,,,,,
2026-07-14T12:00:55.787012+00:00,spot_3,Spot 3,Empty,2026-07-14T01:48:31.431946+00:00,,,,,,,,
2026-07-14T12:00:55.787012+00:00,spot_4,Spot 4,Occupied,2026-07-14T11:59:30.378968+00:00,195,truck,0.6289341449737549,982,377.48724365234375,323.2118835449219,441.685302734375,368.9335632324219
2026-07-14T12:00:55.787012+00:00,spot_5,Spot 5,Occupied,2026-07-14T11:59:30.378968+00:00,196,car,0.3855651021003723,95,338.3260498046875,331.834228515625,362.60516357421875,342.485107421875
2026-07-14T12:00:55.787012+00:00,spot_6,Spot 6,Empty,2026-07-14T01:42:42.287107+00:00,,,,,,,,
2026-07-14T12:00:55.787012+00:00,spot_7,Spot 7,Empty,2026-07-14T00:18:43.510894+00:00,,,,,,,,
2026-07-14T12:00:55.787012+00:00,spot_8,Spot 8,Empty,2026-07-14T03:23:20.682684+00:00,,,,,,,,
2026-07-14T12:00:55.787012+00:00,spot_9,Spot 9,Empty,2026-07-14T03:02:23.964997+00:00,,,,,,,,
2026-07-14T12:00:55.787012+00:00,spot_10,Spot 10,Empty,2026-07-14T03:06:21.851167+00:00,,,,,,,,
2026-07-14T12:00:55.787012+00:00,spot_11,Spot 11,Empty,2026-07-14T01:03:18.245072+00:00,,,,,,,,
2026-07-14T12:00:55.787012+00:00,spot_12,Spot 12,Empty,2026-07-14T00:46:21.068768+00:00,,,,,,,,
2026-07-14T12:00:55.787012+00:00,spot_13,Spot 13,Empty,2026-07-14T00:35:18.994409+00:00,,,,,,,,
2026-07-14T12:00:55.787012+00:00,spot_14,Spot 14,Empty,2026-07-14T00:48:20.323446+00:00,,,,,,,,
2026-07-14T12:00:55.787012+00:00,spot_15,Spot 15,Empty,2026-07-13T22:18:20.405725+00:00,,,,,,,,
2026-07-14T12:00:55.787012+00:00,spot_16,Spot 16,Empty,2026-07-13T22:35:22.003550+00:00,,,,,,,,
2026-07-14T12:00:55.787012+00:00,spot_17,Spot 17,Empty,2026-07-13T17:46:26.396031+00:00,,,,,,,,
2026-07-14T12:01:48.456537+00:00,spot_1,Spot 1,Empty,2026-07-13T23:54:41.337943+00:00,,,,,,,,
2026-07-14T12:01:48.456537+00:00,spot_2,Spot 2,Empty,2026-07-13T22:38:20.453368+00:00,,,,,,,,
2026-07-14T12:01:48.456537+00:00,spot_3,Spot 3,Empty,2026-07-14T01:48:31.431946+00:00,,,,,,,,
2026-07-14T12:01:48.456537+00:00,spot_4,Spot 4,Occupied,2026-07-14T11:59:30.378968+00:00,195,truck,0.4652939736843109,1025,376.84954833984375,323.1759033203125,440.52069091796875,369.1453857421875
2026-07-14T12:01:48.456537+00:00,spot_5,Spot 5,Empty,2026-07-14T12:01:48.456537+00:00,,,,,,,,
2026-07-14T12:01:48.456537+00:00,spot_6,Spot 6,Empty,2026-07-14T01:42:42.287107+00:00,,,,,,,,
2026-07-14T12:01:48.456537+00:00,spot_7,Spot 7,Empty,2026-07-14T00:18:43.510894+00:00,,,,,,,,
2026-07-14T12:01:48.456537+00:00,spot_8,Spot 8,Empty,2026-07-14T03:23:20.682684+00:00,,,,,,,,
2026-07-14T12:01:48.456537+00:00,spot_9,Spot 9,Empty,2026-07-14T03:02:23.964997+00:00,,,,,,,,
2026-07-14T12:01:48.456537+00:00,spot_10,Spot 10,Empty,2026-07-14T03:06:21.851167+00:00,,,,,,,,
2026-07-14T12:01:48.456537+00:00,spot_11,Spot 11,Empty,2026-07-14T01:03:18.245072+00:00,,,,,,,,
2026-07-14T12:01:48.456537+00:00,spot_12,Spot 12,Empty,2026-07-14T00:46:21.068768+00:00,,,,,,,,
2026-07-14T12:01:48.456537+00:00,spot_13,Spot 13,Empty,2026-07-14T00:35:18.994409+00:00,,,,,,,,
2026-07-14T12:01:48.456537+00:00,spot_14,Spot 14,Empty,2026-07-14T00:48:20.323446+00:00,,,,,,,,
2026-07-14T12:01:48.456537+00:00,spot_15,Spot 15,Empty,2026-07-13T22:18:20.405725+00:00,,,,,,,,
2026-07-14T12:01:48.456537+00:00,spot_16,Spot 16,Empty,2026-07-13T22:35:22.003550+00:00,,,,,,,,
2026-07-14T12:01:48.456537+00:00,spot_17,Spot 17,Empty,2026-07-13T17:46:26.396031+00:00,,,,,,,,
2026-07-14T12:02:29.407996+00:00,spot_1,Spot 1,Empty,2026-07-13T23:54:41.337943+00:00,,,,,,,,
2026-07-14T12:02:29.407996+00:00,spot_2,Spot 2,Occupied,2026-07-14T12:02:29.407996+00:00,199,car,0.3942109942436218,0,492.883544921875,319.0364990234375,549.7698974609375,374.2972412109375
2026-07-14T12:02:29.407996+00:00,spot_3,Spot 3,Empty,2026-07-14T01:48:31.431946+00:00,,,,,,,,
2026-07-14T12:02:29.407996+00:00,spot_4,Spot 4,Occupied,2026-07-14T11:59:30.378968+00:00,195,truck,0.4972496032714844,1074,377.37060546875,323.16943359375,441.61346435546875,368.9697265625
2026-07-14T12:02:29.407996+00:00,spot_5,Spot 5,Occupied,2026-07-14T12:02:29.407996+00:00,196,car,0.5732118487358093,186,338.49676513671875,331.9854431152344,353.22576904296875,342.8855285644531
2026-07-14T12:02:29.407996+00:00,spot_6,Spot 6,Empty,2026-07-14T01:42:42.287107+00:00,,,,,,,,
2026-07-14T12:02:29.407996+00:00,spot_7,Spot 7,Empty,2026-07-14T00:18:43.510894+00:00,,,,,,,,
2026-07-14T12:02:29.407996+00:00,spot_8,Spot 8,Empty,2026-07-14T03:23:20.682684+00:00,,,,,,,,
2026-07-14T12:02:29.407996+00:00,spot_9,Spot 9,Empty,2026-07-14T03:02:23.964997+00:00,,,,,,,,
2026-07-14T12:02:29.407996+00:00,spot_10,Spot 10,Empty,2026-07-14T03:06:21.851167+00:00,,,,,,,,
2026-07-14T12:02:29.407996+00:00,spot_11,Spot 11,Empty,2026-07-14T01:03:18.245072+00:00,,,,,,,,
2026-07-14T12:02:29.407996+00:00,spot_12,Spot 12,Empty,2026-07-14T00:46:21.068768+00:00,,,,,,,,
2026-07-14T12:02:29.407996+00:00,spot_13,Spot 13,Empty,2026-07-14T00:35:18.994409+00:00,,,,,,,,
2026-07-14T12:02:29.407996+00:00,spot_14,Spot 14,Empty,2026-07-14T00:48:20.323446+00:00,,,,,,,,
2026-07-14T12:02:29.407996+00:00,spot_15,Spot 15,Empty,2026-07-13T22:18:20.405725+00:00,,,,,,,,
2026-07-14T12:02:29.407996+00:00,spot_16,Spot 16,Empty,2026-07-13T22:35:22.003550+00:00,,,,,,,,
2026-07-14T12:02:29.407996+00:00,spot_17,Spot 17,Empty,2026-07-13T17:46:26.396031+00:00,,,,,,,,
2026-07-14T12:03:21.050999+00:00,spot_1,Spot 1,Empty,2026-07-13T23:54:41.337943+00:00,,,,,,,,
2026-07-14T12:03:21.050999+00:00,spot_2,Spot 2,Occupied,2026-07-14T12:02:29.407996+00:00,199,car,0.3942109942436218,44,492.883544921875,319.0364990234375,549.7698974609375,374.2972412109375
2026-07-14T12:03:21.050999+00:00,spot_3,Spot 3,Empty,2026-07-14T01:48:31.431946+00:00,,,,,,,,
2026-07-14T12:03:21.050999+00:00,spot_4,Spot 4,Occupied,2026-07-14T11:59:30.378968+00:00,195,truck,0.4972496032714844,1118,377.37060546875,323.16943359375,441.61346435546875,368.9697265625
2026-07-14T12:03:21.050999+00:00,spot_5,Spot 5,Occupied,2026-07-14T12:02:29.407996+00:00,196,car,0.5732118487358093,231,338.49676513671875,331.9854431152344,353.22576904296875,342.8855285644531
2026-07-14T12:03:21.050999+00:00,spot_6,Spot 6,Empty,2026-07-14T01:42:42.287107+00:00,,,,,,,,
2026-07-14T12:03:21.050999+00:00,spot_7,Spot 7,Empty,2026-07-14T00:18:43.510894+00:00,,,,,,,,
2026-07-14T12:03:21.050999+00:00,spot_8,Spot 8,Empty,2026-07-14T03:23:20.682684+00:00,,,,,,,,
2026-07-14T12:03:21.050999+00:00,spot_9,Spot 9,Empty,2026-07-14T03:02:23.964997+00:00,,,,,,,,
2026-07-14T12:03:21.050999+00:00,spot_10,Spot 10,Empty,2026-07-14T03:06:21.851167+00:00,,,,,,,,
2026-07-14T12:03:21.050999+00:00,spot_11,Spot 11,Empty,2026-07-14T01:03:18.245072+00:00,,,,,,,,
2026-07-14T12:03:21.050999+00:00,spot_12,Spot 12,Empty,2026-07-14T00:46:21.068768+00:00,,,,,,,,
2026-07-14T12:03:21.050999+00:00,spot_13,Spot 13,Empty,2026-07-14T00:35:18.994409+00:00,,,,,,,,
2026-07-14T12:03:21.050999+00:00,spot_14,Spot 14,Empty,2026-07-14T00:48:20.323446+00:00,,,,,,,,
2026-07-14T12:03:21.050999+00:00,spot_15,Spot 15,Empty,2026-07-13T22:18:20.405725+00:00,,,,,,,,
2026-07-14T12:03:21.050999+00:00,spot_16,Spot 16,Empty,2026-07-13T22:35:22.003550+00:00,,,,,,,,
2026-07-14T12:03:21.050999+00:00,spot_17,Spot 17,Empty,2026-07-13T17:46:26.396031+00:00,,,,,,,,
2026-07-14T12:04:03.992764+00:00,spot_1,Spot 1,Empty,2026-07-13T23:54:41.337943+00:00,,,,,,,,
2026-07-14T12:04:03.992764+00:00,spot_2,Spot 2,Occupied,2026-07-14T12:04:03.992764+00:00,198,truck,0.45764273405075073,87,493.55413818359375,319.51873779296875,549.0900268554688,374.4302978515625
2026-07-14T12:04:03.992764+00:00,spot_3,Spot 3,Empty,2026-07-14T01:48:31.431946+00:00,,,,,,,,
2026-07-14T12:04:03.992764+00:00,spot_4,Spot 4,Occupied,2026-07-14T12:04:03.992764+00:00,197,car,0.5394909977912903,136,377.0826416015625,322.66729736328125,442.0347900390625,369.00750732421875
2026-07-14T12:04:03.992764+00:00,spot_5,Spot 5,Empty,2026-07-14T12:04:03.992764+00:00,,,,,,,,
2026-07-14T12:04:03.992764+00:00,spot_6,Spot 6,Empty,2026-07-14T01:42:42.287107+00:00,,,,,,,,
2026-07-14T12:04:03.992764+00:00,spot_7,Spot 7,Empty,2026-07-14T00:18:43.510894+00:00,,,,,,,,
2026-07-14T12:04:03.992764+00:00,spot_8,Spot 8,Empty,2026-07-14T03:23:20.682684+00:00,,,,,,,,
2026-07-14T12:04:03.992764+00:00,spot_9,Spot 9,Empty,2026-07-14T03:02:23.964997+00:00,,,,,,,,
2026-07-14T12:04:03.992764+00:00,spot_10,Spot 10,Empty,2026-07-14T03:06:21.851167+00:00,,,,,,,,
2026-07-14T12:04:03.992764+00:00,spot_11,Spot 11,Empty,2026-07-14T01:03:18.245072+00:00,,,,,,,,
2026-07-14T12:04:03.992764+00:00,spot_12,Spot 12,Empty,2026-07-14T00:46:21.068768+00:00,,,,,,,,
2026-07-14T12:04:03.992764+00:00,spot_13,Spot 13,Empty,2026-07-14T00:35:18.994409+00:00,,,,,,,,
2026-07-14T12:04:03.992764+00:00,spot_14,Spot 14,Empty,2026-07-14T00:48:20.323446+00:00,,,,,,,,
2026-07-14T12:04:03.992764+00:00,spot_15,Spot 15,Empty,2026-07-13T22:18:20.405725+00:00,,,,,,,,
2026-07-14T12:04:03.992764+00:00,spot_16,Spot 16,Empty,2026-07-13T22:35:22.003550+00:00,,,,,,,,
2026-07-14T12:04:03.992764+00:00,spot_17,Spot 17,Empty,2026-07-13T17:46:26.396031+00:00,,,,,,,,
2026-07-14T12:04:47.381781+00:00,spot_1,Spot 1,Empty,2026-07-13T23:54:41.337943+00:00,,,,,,,,
2026-07-14T12:04:47.381781+00:00,spot_2,Spot 2,Occupied,2026-07-14T12:04:03.992764+00:00,198,truck,0.5918716192245483,130,493.0281982421875,319.42669677734375,549.63232421875,374.93743896484375
2026-07-14T12:04:47.381781+00:00,spot_3,Spot 3,Empty,2026-07-14T01:48:31.431946+00:00,,,,,,,,
2026-07-14T12:04:47.381781+00:00,spot_4,Spot 4,Empty,2026-07-14T12:04:47.381781+00:00,,,,,,,,
2026-07-14T12:04:47.381781+00:00,spot_5,Spot 5,Empty,2026-07-14T12:04:03.992764+00:00,,,,,,,,
2026-07-14T12:04:47.381781+00:00,spot_6,Spot 6,Empty,2026-07-14T01:42:42.287107+00:00,,,,,,,,
2026-07-14T12:04:47.381781+00:00,spot_7,Spot 7,Empty,2026-07-14T00:18:43.510894+00:00,,,,,,,,
2026-07-14T12:04:47.381781+00:00,spot_8,Spot 8,Empty,2026-07-14T03:23:20.682684+00:00,,,,,,,,
2026-07-14T12:04:47.381781+00:00,spot_9,Spot 9,Empty,2026-07-14T03:02:23.964997+00:00,,,,,,,,
2026-07-14T12:04:47.381781+00:00,spot_10,Spot 10,Empty,2026-07-14T03:06:21.851167+00:00,,,,,,,,
2026-07-14T12:04:47.381781+00:00,spot_11,Spot 11,Empty,2026-07-14T01:03:18.245072+00:00,,,,,,,,
2026-07-14T12:04:47.381781+00:00,spot_12,Spot 12,Empty,2026-07-14T00:46:21.068768+00:00,,,,,,,,
2026-07-14T12:04:47.381781+00:00,spot_13,Spot 13,Empty,2026-07-14T00:35:18.994409+00:00,,,,,,,,
2026-07-14T12:04:47.381781+00:00,spot_14,Spot 14,Empty,2026-07-14T00:48:20.323446+00:00,,,,,,,,
2026-07-14T12:04:47.381781+00:00,spot_15,Spot 15,Empty,2026-07-13T22:18:20.405725+00:00,,,,,,,,
2026-07-14T12:04:47.381781+00:00,spot_16,Spot 16,Empty,2026-07-13T22:35:22.003550+00:00,,,,,,,,
2026-07-14T12:04:47.381781+00:00,spot_17,Spot 17,Empty,2026-07-13T17:46:26.396031+00:00,,,,,,,,
2026-07-14T12:05:28.620803+00:00,spot_1,Spot 1,Empty,2026-07-13T23:54:41.337943+00:00,,,,,,,,
2026-07-14T12:05:28.620803+00:00,spot_2,Spot 2,Occupied,2026-07-14T12:04:03.992764+00:00,198,truck,0.5918716192245483,173,493.0281982421875,319.42669677734375,549.63232421875,374.93743896484375
2026-07-14T12:05:28.620803+00:00,spot_3,Spot 3,Empty,2026-07-14T01:48:31.431946+00:00,,,,,,,,
2026-07-14T12:05:28.620803+00:00,spot_4,Spot 4,Empty,2026-07-14T12:04:47.381781+00:00,,,,,,,,
2026-07-14T12:05:28.620803+00:00,spot_5,Spot 5,Empty,2026-07-14T12:04:03.992764+00:00,,,,,,,,
2026-07-14T12:05:28.620803+00:00,spot_6,Spot 6,Empty,2026-07-14T01:42:42.287107+00:00,,,,,,,,
2026-07-14T12:05:28.620803+00:00,spot_7,Spot 7,Empty,2026-07-14T00:18:43.510894+00:00,,,,,,,,
2026-07-14T12:05:28.620803+00:00,spot_8,Spot 8,Empty,2026-07-14T03:23:20.682684+00:00,,,,,,,,
2026-07-14T12:05:28.620803+00:00,spot_9,Spot 9,Empty,2026-07-14T03:02:23.964997+00:00,,,,,,,,
2026-07-14T12:05:28.620803+00:00,spot_10,Spot 10,Empty,2026-07-14T03:06:21.851167+00:00,,,,,,,,
2026-07-14T12:05:28.620803+00:00,spot_11,Spot 11,Empty,2026-07-14T01:03:18.245072+00:00,,,,,,,,
2026-07-14T12:05:28.620803+00:00,spot_12,Spot 12,Empty,2026-07-14T00:46:21.068768+00:00,,,,,,,,
2026-07-14T12:05:28.620803+00:00,spot_13,Spot 13,Empty,2026-07-14T00:35:18.994409+00:00,,,,,,,,
2026-07-14T12:05:28.620803+00:00,spot_14,Spot 14,Empty,2026-07-14T00:48:20.323446+00:00,,,,,,,,
2026-07-14T12:05:28.620803+00:00,spot_15,Spot 15,Empty,2026-07-13T22:18:20.405725+00:00,,,,,,,,
2026-07-14T12:05:28.620803+00:00,spot_16,Spot 16,Empty,2026-07-13T22:35:22.003550+00:00,,,,,,,,
2026-07-14T12:05:28.620803+00:00,spot_17,Spot 17,Empty,2026-07-13T17:46:26.396031+00:00,,,,,,,,
2026-07-14T12:06:10.148422+00:00,spot_1,Spot 1,Empty,2026-07-13T23:54:41.337943+00:00,,,,,,,,
2026-07-14T12:06:10.148422+00:00,spot_2,Spot 2,Occupied,2026-07-14T12:06:10.148422+00:00,199,car,0.6060479879379272,213,491.11273193359375,319.9120178222656,549.5520629882812,374.7576599121094
2026-07-14T12:06:10.148422+00:00,spot_3,Spot 3,Empty,2026-07-14T01:48:31.431946+00:00,,,,,,,,
2026-07-14T12:06:10.148422+00:00,spot_4,Spot 4,Occupied,2026-07-14T12:06:10.148422+00:00,197,car,0.554802656173706,262,376.91180419921875,324.40167236328125,426.84820556640625,369.116455078125
2026-07-14T12:06:10.148422+00:00,spot_5,Spot 5,Empty,2026-07-14T12:04:03.992764+00:00,,,,,,,,
2026-07-14T12:06:10.148422+00:00,spot_6,Spot 6,Empty,2026-07-14T01:42:42.287107+00:00,,,,,,,,
2026-07-14T12:06:10.148422+00:00,spot_7,Spot 7,Empty,2026-07-14T00:18:43.510894+00:00,,,,,,,,
2026-07-14T12:06:10.148422+00:00,spot_8,Spot 8,Empty,2026-07-14T03:23:20.682684+00:00,,,,,,,,
2026-07-14T12:06:10.148422+00:00,spot_9,Spot 9,Empty,2026-07-14T03:02:23.964997+00:00,,,,,,,,
2026-07-14T12:06:10.148422+00:00,spot_10,Spot 10,Empty,2026-07-14T03:06:21.851167+00:00,,,,,,,,
2026-07-14T12:06:10.148422+00:00,spot_11,Spot 11,Empty,2026-07-14T01:03:18.245072+00:00,,,,,,,,
2026-07-14T12:06:10.148422+00:00,spot_12,Spot 12,Empty,2026-07-14T00:46:21.068768+00:00,,,,,,,,
2026-07-14T12:06:10.148422+00:00,spot_13,Spot 13,Empty,2026-07-14T00:35:18.994409+00:00,,,,,,,,
2026-07-14T12:06:10.148422+00:00,spot_14,Spot 14,Empty,2026-07-14T00:48:20.323446+00:00,,,,,,,,
2026-07-14T12:06:10.148422+00:00,spot_15,Spot 15,Empty,2026-07-13T22:18:20.405725+00:00,,,,,,,,
2026-07-14T12:06:10.148422+00:00,spot_16,Spot 16,Empty,2026-07-13T22:35:22.003550+00:00,,,,,,,,
2026-07-14T12:06:10.148422+00:00,spot_17,Spot 17,Empty,2026-07-13T17:46:26.396031+00:00,,,,,,,,
2026-07-14T12:07:02.415430+00:00,spot_1,Spot 1,Empty,2026-07-13T23:54:41.337943+00:00,,,,,,,,
2026-07-14T12:07:02.415430+00:00,spot_2,Spot 2,Occupied,2026-07-14T12:06:10.148422+00:00,199,car,0.6776361465454102,265,491.0421142578125,319.51617431640625,549.7015380859375,374.54425048828125
2026-07-14T12:07:02.415430+00:00,spot_3,Spot 3,Empty,2026-07-14T01:48:31.431946+00:00,,,,,,,,
2026-07-14T12:07:02.415430+00:00,spot_4,Spot 4,Occupied,2026-07-14T12:07:02.415430+00:00,200,truck,0.5861217379570007,0,377.107421875,322.7178955078125,441.80120849609375,369.22296142578125
2026-07-14T12:07:02.415430+00:00,spot_5,Spot 5,Occupied,2026-07-14T12:07:02.415430+00:00,201,car,0.3508867025375366,0,338.8498229980469,331.29925537109375,363.2428283691406,342.660400390625
2026-07-14T12:07:02.415430+00:00,spot_6,Spot 6,Empty,2026-07-14T01:42:42.287107+00:00,,,,,,,,
2026-07-14T12:07:02.415430+00:00,spot_7,Spot 7,Empty,2026-07-14T00:18:43.510894+00:00,,,,,,,,
2026-07-14T12:07:02.415430+00:00,spot_8,Spot 8,Empty,2026-07-14T03:23:20.682684+00:00,,,,,,,,
2026-07-14T12:07:02.415430+00:00,spot_9,Spot 9,Empty,2026-07-14T03:02:23.964997+00:00,,,,,,,,
2026-07-14T12:07:02.415430+00:00,spot_10,Spot 10,Empty,2026-07-14T03:06:21.851167+00:00,,,,,,,,
2026-07-14T12:07:02.415430+00:00,spot_11,Spot 11,Empty,2026-07-14T01:03:18.245072+00:00,,,,,,,,
2026-07-14T12:07:02.415430+00:00,spot_12,Spot 12,Empty,2026-07-14T00:46:21.068768+00:00,,,,,,,,
2026-07-14T12:07:02.415430+00:00,spot_13,Spot 13,Empty,2026-07-14T00:35:18.994409+00:00,,,,,,,,
2026-07-14T12:07:02.415430+00:00,spot_14,Spot 14,Empty,2026-07-14T00:48:20.323446+00:00,,,,,,,,
2026-07-14T12:07:02.415430+00:00,spot_15,Spot 15,Empty,2026-07-13T22:18:20.405725+00:00,,,,,,,,
2026-07-14T12:07:02.415430+00:00,spot_16,Spot 16,Empty,2026-07-13T22:35:22.003550+00:00,,,,,,,,
2026-07-14T12:07:02.415430+00:00,spot_17,Spot 17,Empty,2026-07-13T17:46:26.396031+00:00,,,,,,,,
2026-07-14T12:07:45.273056+00:00,spot_1,Spot 1,Empty,2026-07-13T23:54:41.337943+00:00,,,,,,,,
2026-07-14T12:07:45.273056+00:00,spot_2,Spot 2,Occupied,2026-07-14T12:07:45.273056+00:00,198,truck,0.4223436415195465,308,493.5955810546875,319.49322509765625,549.13916015625,374.77923583984375
2026-07-14T12:07:45.273056+00:00,spot_3,Spot 3,Empty,2026-07-14T01:48:31.431946+00:00,,,,,,,,
2026-07-14T12:07:45.273056+00:00,spot_4,Spot 4,Occupied,2026-07-14T12:07:45.273056+00:00,197,car,0.4610419273376465,357,377.7838134765625,323.52386474609375,442.555908203125,369.31463623046875
2026-07-14T12:07:45.273056+00:00,spot_5,Spot 5,Occupied,2026-07-14T12:07:02.415430+00:00,201,car,0.42330530285835266,42,339.1159362792969,331.872802734375,364.3326110839844,342.5518798828125
2026-07-14T12:07:45.273056+00:00,spot_6,Spot 6,Empty,2026-07-14T01:42:42.287107+00:00,,,,,,,,
2026-07-14T12:07:45.273056+00:00,spot_7,Spot 7,Empty,2026-07-14T00:18:43.510894+00:00,,,,,,,,
2026-07-14T12:07:45.273056+00:00,spot_8,Spot 8,Empty,2026-07-14T03:23:20.682684+00:00,,,,,,,,
2026-07-14T12:07:45.273056+00:00,spot_9,Spot 9,Empty,2026-07-14T03:02:23.964997+00:00,,,,,,,,
2026-07-14T12:07:45.273056+00:00,spot_10,Spot 10,Empty,2026-07-14T03:06:21.851167+00:00,,,,,,,,
2026-07-14T12:07:45.273056+00:00,spot_11,Spot 11,Empty,2026-07-14T01:03:18.245072+00:00,,,,,,,,
2026-07-14T12:07:45.273056+00:00,spot_12,Spot 12,Empty,2026-07-14T00:46:21.068768+00:00,,,,,,,,
2026-07-14T12:07:45.273056+00:00,spot_13,Spot 13,Empty,2026-07-14T00:35:18.994409+00:00,,,,,,,,
2026-07-14T12:07:45.273056+00:00,spot_14,Spot 14,Empty,2026-07-14T00:48:20.323446+00:00,,,,,,,,
2026-07-14T12:07:45.273056+00:00,spot_15,Spot 15,Empty,2026-07-13T22:18:20.405725+00:00,,,,,,,,
2026-07-14T12:07:45.273056+00:00,spot_16,Spot 16,Empty,2026-07-13T22:35:22.003550+00:00,,,,,,,,
2026-07-14T12:07:45.273056+00:00,spot_17,Spot 17,Empty,2026-07-13T17:46:26.396031+00:00,,,,,,,,
2026-07-14T12:08:26.959873+00:00,spot_1,Spot 1,Empty,2026-07-13T23:54:41.337943+00:00,,,,,,,,
2026-07-14T12:08:26.959873+00:00,spot_2,Spot 2,Occupied,2026-07-14T12:07:45.273056+00:00,198,truck,0.4223436415195465,350,493.5955810546875,319.49322509765625,549.13916015625,374.77923583984375
2026-07-14T12:08:26.959873+00:00,spot_3,Spot 3,Empty,2026-07-14T01:48:31.431946+00:00,,,,,,,,
2026-07-14T12:08:26.959873+00:00,spot_4,Spot 4,Occupied,2026-07-14T12:07:45.273056+00:00,197,car,0.4610419273376465,399,377.7838134765625,323.52386474609375,442.555908203125,369.31463623046875
2026-07-14T12:08:26.959873+00:00,spot_5,Spot 5,Occupied,2026-07-14T12:07:02.415430+00:00,201,car,0.42330530285835266,84,339.1159362792969,331.872802734375,364.3326110839844,342.5518798828125
2026-07-14T12:08:26.959873+00:00,spot_6,Spot 6,Empty,2026-07-14T01:42:42.287107+00:00,,,,,,,,
2026-07-14T12:08:26.959873+00:00,spot_7,Spot 7,Empty,2026-07-14T00:18:43.510894+00:00,,,,,,,,
2026-07-14T12:08:26.959873+00:00,spot_8,Spot 8,Empty,2026-07-14T03:23:20.682684+00:00,,,,,,,,
2026-07-14T12:08:26.959873+00:00,spot_9,Spot 9,Empty,2026-07-14T03:02:23.964997+00:00,,,,,,,,
2026-07-14T12:08:26.959873+00:00,spot_10,Spot 10,Empty,2026-07-14T03:06:21.851167+00:00,,,,,,,,
2026-07-14T12:08:26.959873+00:00,spot_11,Spot 11,Empty,2026-07-14T01:03:18.245072+00:00,,,,,,,,
2026-07-14T12:08:26.959873+00:00,spot_12,Spot 12,Empty,2026-07-14T00:46:21.068768+00:00,,,,,,,,
2026-07-14T12:08:26.959873+00:00,spot_13,Spot 13,Empty,2026-07-14T00:35:18.994409+00:00,,,,,,,,
2026-07-14T12:08:26.959873+00:00,spot_14,Spot 14,Empty,2026-07-14T00:48:20.323446+00:00,,,,,,,,
2026-07-14T12:08:26.959873+00:00,spot_15,Spot 15,Empty,2026-07-13T22:18:20.405725+00:00,,,,,,,,
2026-07-14T12:08:26.959873+00:00,spot_16,Spot 16,Empty,2026-07-13T22:35:22.003550+00:00,,,,,,,,
2026-07-14T12:08:26.959873+00:00,spot_17,Spot 17,Empty,2026-07-13T17:46:26.396031+00:00,,,,,,,,
2026-07-14T12:09:09.386482+00:00,spot_1,Spot 1,Empty,2026-07-13T23:54:41.337943+00:00,,,,,,,,
2026-07-14T12:09:09.386482+00:00,spot_2,Spot 2,Occupied,2026-07-14T12:09:09.386482+00:00,199,car,0.656531810760498,394,493.42120361328125,318.6729431152344,549.4625854492188,374.5628967285156
2026-07-14T12:09:09.386482+00:00,spot_3,Spot 3,Empty,2026-07-14T01:48:31.431946+00:00,,,,,,,,
2026-07-14T12:09:09.386482+00:00,spot_4,Spot 4,Occupied,2026-07-14T12:09:09.386482+00:00,200,truck,0.6418863534927368,129,376.6787109375,323.3609619140625,441.766845703125,368.9937744140625
2026-07-14T12:09:09.386482+00:00,spot_5,Spot 5,Empty,2026-07-14T12:09:09.386482+00:00,,,,,,,,
2026-07-14T12:09:09.386482+00:00,spot_6,Spot 6,Empty,2026-07-14T01:42:42.287107+00:00,,,,,,,,
2026-07-14T12:09:09.386482+00:00,spot_7,Spot 7,Empty,2026-07-14T00:18:43.510894+00:00,,,,,,,,
2026-07-14T12:09:09.386482+00:00,spot_8,Spot 8,Empty,2026-07-14T03:23:20.682684+00:00,,,,,,,,
2026-07-14T12:09:09.386482+00:00,spot_9,Spot 9,Empty,2026-07-14T03:02:23.964997+00:00,,,,,,,,
2026-07-14T12:09:09.386482+00:00,spot_10,Spot 10,Empty,2026-07-14T03:06:21.851167+00:00,,,,,,,,
2026-07-14T12:09:09.386482+00:00,spot_11,Spot 11,Empty,2026-07-14T01:03:18.245072+00:00,,,,,,,,
2026-07-14T12:09:09.386482+00:00,spot_12,Spot 12,Empty,2026-07-14T00:46:21.068768+00:00,,,,,,,,
2026-07-14T12:09:09.386482+00:00,spot_13,Spot 13,Empty,2026-07-14T00:35:18.994409+00:00,,,,,,,,
2026-07-14T12:09:09.386482+00:00,spot_14,Spot 14,Empty,2026-07-14T00:48:20.323446+00:00,,,,,,,,
2026-07-14T12:09:09.386482+00:00,spot_15,Spot 15,Empty,2026-07-13T22:18:20.405725+00:00,,,,,,,,
2026-07-14T12:09:09.386482+00:00,spot_16,Spot 16,Empty,2026-07-13T22:35:22.003550+00:00,,,,,,,,
2026-07-14T12:09:09.386482+00:00,spot_17,Spot 17,Empty,2026-07-13T17:46:26.396031+00:00,,,,,,,,
2026-07-14T12:10:00.782607+00:00,spot_1,Spot 1,Empty,2026-07-13T23:54:41.337943+00:00,,,,,,,,
2026-07-14T12:10:00.782607+00:00,spot_2,Spot 2,Occupied,2026-07-14T12:09:09.386482+00:00,199,car,0.6888732314109802,443,491.7685546875,319.1947937011719,549.684814453125,374.9342956542969
2026-07-14T12:10:00.782607+00:00,spot_3,Spot 3,Empty,2026-07-14T01:48:31.431946+00:00,,,,,,,,
2026-07-14T12:10:00.782607+00:00,spot_4,Spot 4,Occupied,2026-07-14T12:09:09.386482+00:00,200,truck,0.43815967440605164,178,377.1524658203125,323.28900146484375,441.05841064453125,369.25738525390625
2026-07-14T12:10:00.782607+00:00,spot_5,Spot 5,Occupied,2026-07-14T12:10:00.782607+00:00,201,car,0.4396599531173706,178,338.4206848144531,331.9036865234375,363.3219299316406,342.644775390625
2026-07-14T12:10:00.782607+00:00,spot_6,Spot 6,Empty,2026-07-14T01:42:42.287107+00:00,,,,,,,,
2026-07-14T12:10:00.782607+00:00,spot_7,Spot 7,Empty,2026-07-14T00:18:43.510894+00:00,,,,,,,,
2026-07-14T12:10:00.782607+00:00,spot_8,Spot 8,Empty,2026-07-14T03:23:20.682684+00:00,,,,,,,,
2026-07-14T12:10:00.782607+00:00,spot_9,Spot 9,Empty,2026-07-14T03:02:23.964997+00:00,,,,,,,,
2026-07-14T12:10:00.782607+00:00,spot_10,Spot 10,Empty,2026-07-14T03:06:21.851167+00:00,,,,,,,,
2026-07-14T12:10:00.782607+00:00,spot_11,Spot 11,Empty,2026-07-14T01:03:18.245072+00:00,,,,,,,,
2026-07-14T12:10:00.782607+00:00,spot_12,Spot 12,Empty,2026-07-14T00:46:21.068768+00:00,,,,,,,,
2026-07-14T12:10:00.782607+00:00,spot_13,Spot 13,Empty,2026-07-14T00:35:18.994409+00:00,,,,,,,,
2026-07-14T12:10:00.782607+00:00,spot_14,Spot 14,Empty,2026-07-14T00:48:20.323446+00:00,,,,,,,,
2026-07-14T12:10:00.782607+00:00,spot_15,Spot 15,Empty,2026-07-13T22:18:20.405725+00:00,,,,,,,,
2026-07-14T12:10:00.782607+00:00,spot_16,Spot 16,Empty,2026-07-13T22:35:22.003550+00:00,,,,,,,,
2026-07-14T12:10:00.782607+00:00,spot_17,Spot 17,Empty,2026-07-13T17:46:26.396031+00:00,,,,,,,,
2026-07-14T12:10:43.760001+00:00,spot_1,Spot 1,Empty,2026-07-13T23:54:41.337943+00:00,,,,,,,,
2026-07-14T12:10:43.760001+00:00,spot_2,Spot 2,Occupied,2026-07-14T12:09:09.386482+00:00,199,car,0.6888732314109802,487,491.7685546875,319.1947937011719,549.684814453125,374.9342956542969
2026-07-14T12:10:43.760001+00:00,spot_3,Spot 3,Empty,2026-07-14T01:48:31.431946+00:00,,,,,,,,
2026-07-14T12:10:43.760001+00:00,spot_4,Spot 4,Occupied,2026-07-14T12:09:09.386482+00:00,200,truck,0.43815967440605164,222,377.1524658203125,323.28900146484375,441.05841064453125,369.25738525390625
2026-07-14T12:10:43.760001+00:00,spot_5,Spot 5,Occupied,2026-07-14T12:10:00.782607+00:00,201,car,0.4396599531173706,222,338.4206848144531,331.9036865234375,363.3219299316406,342.644775390625
2026-07-14T12:10:43.760001+00:00,spot_6,Spot 6,Empty,2026-07-14T01:42:42.287107+00:00,,,,,,,,
2026-07-14T12:10:43.760001+00:00,spot_7,Spot 7,Empty,2026-07-14T00:18:43.510894+00:00,,,,,,,,
2026-07-14T12:10:43.760001+00:00,spot_8,Spot 8,Empty,2026-07-14T03:23:20.682684+00:00,,,,,,,,
2026-07-14T12:10:43.760001+00:00,spot_9,Spot 9,Empty,2026-07-14T03:02:23.964997+00:00,,,,,,,,
2026-07-14T12:10:43.760001+00:00,spot_10,Spot 10,Empty,2026-07-14T03:06:21.851167+00:00,,,,,,,,
2026-07-14T12:10:43.760001+00:00,spot_11,Spot 11,Empty,2026-07-14T01:03:18.245072+00:00,,,,,,,,
2026-07-14T12:10:43.760001+00:00,spot_12,Spot 12,Empty,2026-07-14T00:46:21.068768+00:00,,,,,,,,
2026-07-14T12:10:43.760001+00:00,spot_13,Spot 13,Empty,2026-07-14T00:35:18.994409+00:00,,,,,,,,
2026-07-14T12:10:43.760001+00:00,spot_14,Spot 14,Empty,2026-07-14T00:48:20.323446+00:00,,,,,,,,
2026-07-14T12:10:43.760001+00:00,spot_15,Spot 15,Empty,2026-07-13T22:18:20.405725+00:00,,,,,,,,
2026-07-14T12:10:43.760001+00:00,spot_16,Spot 16,Empty,2026-07-13T22:35:22.003550+00:00,,,,,,,,
2026-07-14T12:10:43.760001+00:00,spot_17,Spot 17,Empty,2026-07-13T17:46:26.396031+00:00,,,,,,,,
2026-07-14T12:11:35.547491+00:00,spot_1,Spot 1,Empty,2026-07-13T23:54:41.337943+00:00,,,,,,,,
2026-07-14T12:11:35.547491+00:00,spot_2,Spot 2,Occupied,2026-07-14T12:11:35.547491+00:00,202,truck,0.45886820554733276,0,490.73480224609375,319.69189453125,549.5283813476562,374.88690185546875
2026-07-14T12:11:35.547491+00:00,spot_3,Spot 3,Empty,2026-07-14T01:48:31.431946+00:00,,,,,,,,
2026-07-14T12:11:35.547491+00:00,spot_4,Spot 4,Occupied,2026-07-14T12:09:09.386482+00:00,200,truck,0.5653303861618042,274,377.209716796875,323.200439453125,442.0162353515625,369.591064453125
2026-07-14T12:11:35.547491+00:00,spot_5,Spot 5,Empty,2026-07-14T12:11:35.547491+00:00,,,,,,,,
2026-07-14T12:11:35.547491+00:00,spot_6,Spot 6,Empty,2026-07-14T01:42:42.287107+00:00,,,,,,,,
2026-07-14T12:11:35.547491+00:00,spot_7,Spot 7,Empty,2026-07-14T00:18:43.510894+00:00,,,,,,,,
2026-07-14T12:11:35.547491+00:00,spot_8,Spot 8,Empty,2026-07-14T03:23:20.682684+00:00,,,,,,,,
2026-07-14T12:11:35.547491+00:00,spot_9,Spot 9,Empty,2026-07-14T03:02:23.964997+00:00,,,,,,,,
2026-07-14T12:11:35.547491+00:00,spot_10,Spot 10,Empty,2026-07-14T03:06:21.851167+00:00,,,,,,,,
2026-07-14T12:11:35.547491+00:00,spot_11,Spot 11,Empty,2026-07-14T01:03:18.245072+00:00,,,,,,,,
2026-07-14T12:11:35.547491+00:00,spot_12,Spot 12,Empty,2026-07-14T00:46:21.068768+00:00,,,,,,,,
2026-07-14T12:11:35.547491+00:00,spot_13,Spot 13,Empty,2026-07-14T00:35:18.994409+00:00,,,,,,,,
2026-07-14T12:11:35.547491+00:00,spot_14,Spot 14,Empty,2026-07-14T00:48:20.323446+00:00,,,,,,,,
2026-07-14T12:11:35.547491+00:00,spot_15,Spot 15,Empty,2026-07-13T22:18:20.405725+00:00,,,,,,,,
2026-07-14T12:11:35.547491+00:00,spot_16,Spot 16,Empty,2026-07-13T22:35:22.003550+00:00,,,,,,,,
2026-07-14T12:11:35.547491+00:00,spot_17,Spot 17,Empty,2026-07-13T17:46:26.396031+00:00,,,,,,,,
2026-07-14T12:12:17.409662+00:00,spot_1,Spot 1,Empty,2026-07-13T23:54:41.337943+00:00,,,,,,,,
2026-07-14T12:12:17.409662+00:00,spot_2,Spot 2,Occupied,2026-07-14T12:12:17.409662+00:00,199,car,0.8063263893127441,579,492.54022216796875,319.38739013671875,549.4769897460938,374.549072265625
2026-07-14T12:12:17.409662+00:00,spot_3,Spot 3,Empty,2026-07-14T01:48:31.431946+00:00,,,,,,,,
2026-07-14T12:12:17.409662+00:00,spot_4,Spot 4,Occupied,2026-07-14T12:09:09.386482+00:00,200,truck,0.36767107248306274,313,377.04217529296875,322.6103210449219,441.96624755859375,369.3621520996094
2026-07-14T12:12:17.409662+00:00,spot_5,Spot 5,Occupied,2026-07-14T12:12:17.409662+00:00,201,car,0.4073663353919983,313,338.5294494628906,331.9912109375,354.0080871582031,342.916259765625
2026-07-14T12:12:17.409662+00:00,spot_6,Spot 6,Empty,2026-07-14T01:42:42.287107+00:00,,,,,,,,
2026-07-14T12:12:17.409662+00:00,spot_7,Spot 7,Empty,2026-07-14T00:18:43.510894+00:00,,,,,,,,
2026-07-14T12:12:17.409662+00:00,spot_8,Spot 8,Empty,2026-07-14T03:23:20.682684+00:00,,,,,,,,
2026-07-14T12:12:17.409662+00:00,spot_9,Spot 9,Empty,2026-07-14T03:02:23.964997+00:00,,,,,,,,
2026-07-14T12:12:17.409662+00:00,spot_10,Spot 10,Empty,2026-07-14T03:06:21.851167+00:00,,,,,,,,
2026-07-14T12:12:17.409662+00:00,spot_11,Spot 11,Empty,2026-07-14T01:03:18.245072+00:00,,,,,,,,
2026-07-14T12:12:17.409662+00:00,spot_12,Spot 12,Empty,2026-07-14T00:46:21.068768+00:00,,,,,,,,
2026-07-14T12:12:17.409662+00:00,spot_13,Spot 13,Empty,2026-07-14T00:35:18.994409+00:00,,,,,,,,
2026-07-14T12:12:17.409662+00:00,spot_14,Spot 14,Empty,2026-07-14T00:48:20.323446+00:00,,,,,,,,
2026-07-14T12:12:17.409662+00:00,spot_15,Spot 15,Empty,2026-07-13T22:18:20.405725+00:00,,,,,,,,
2026-07-14T12:12:17.409662+00:00,spot_16,Spot 16,Empty,2026-07-13T22:35:22.003550+00:00,,,,,,,,
2026-07-14T12:12:17.409662+00:00,spot_17,Spot 17,Empty,2026-07-13T17:46:26.396031+00:00,,,,,,,,
2026-07-14T12:12:59.507289+00:00,spot_1,Spot 1,Empty,2026-07-13T23:54:41.337943+00:00,,,,,,,,
2026-07-14T12:12:59.507289+00:00,spot_2,Spot 2,Occupied,2026-07-14T12:12:17.409662+00:00,199,car,0.8063263893127441,622,492.54022216796875,319.38739013671875,549.4769897460938,374.549072265625
2026-07-14T12:12:59.507289+00:00,spot_3,Spot 3,Empty,2026-07-14T01:48:31.431946+00:00,,,,,,,,
2026-07-14T12:12:59.507289+00:00,spot_4,Spot 4,Occupied,2026-07-14T12:09:09.386482+00:00,200,truck,0.36767107248306274,357,377.04217529296875,322.6103210449219,441.96624755859375,369.3621520996094
2026-07-14T12:12:59.507289+00:00,spot_5,Spot 5,Occupied,2026-07-14T12:12:17.409662+00:00,201,car,0.4073663353919983,357,338.5294494628906,331.9912109375,354.0080871582031,342.916259765625
2026-07-14T12:12:59.507289+00:00,spot_6,Spot 6,Empty,2026-07-14T01:42:42.287107+00:00,,,,,,,,
2026-07-14T12:12:59.507289+00:00,spot_7,Spot 7,Empty,2026-07-14T00:18:43.510894+00:00,,,,,,,,
2026-07-14T12:12:59.507289+00:00,spot_8,Spot 8,Empty,2026-07-14T03:23:20.682684+00:00,,,,,,,,
2026-07-14T12:12:59.507289+00:00,spot_9,Spot 9,Empty,2026-07-14T03:02:23.964997+00:00,,,,,,,,
2026-07-14T12:12:59.507289+00:00,spot_10,Spot 10,Empty,2026-07-14T03:06:21.851167+00:00,,,,,,,,
2026-07-14T12:12:59.507289+00:00,spot_11,Spot 11,Empty,2026-07-14T01:03:18.245072+00:00,,,,,,,,
2026-07-14T12:12:59.507289+00:00,spot_12,Spot 12,Empty,2026-07-14T00:46:21.068768+00:00,,,,,,,,
2026-07-14T12:12:59.507289+00:00,spot_13,Spot 13,Empty,2026-07-14T00:35:18.994409+00:00,,,,,,,,
2026-07-14T12:12:59.507289+00:00,spot_14,Spot 14,Empty,2026-07-14T00:48:20.323446+00:00,,,,,,,,
2026-07-14T12:12:59.507289+00:00,spot_15,Spot 15,Empty,2026-07-13T22:18:20.405725+00:00,,,,,,,,
2026-07-14T12:12:59.507289+00:00,spot_16,Spot 16,Empty,2026-07-13T22:35:22.003550+00:00,,,,,,,,
2026-07-14T12:12:59.507289+00:00,spot_17,Spot 17,Empty,2026-07-13T17:46:26.396031+00:00,,,,,,,,
2026-07-14T12:13:58.668278+00:00,spot_1,Spot 1,Empty,2026-07-13T23:54:41.337943+00:00,,,,,,,,
2026-07-14T12:13:58.668278+00:00,spot_2,Spot 2,Occupied,2026-07-14T12:12:17.409662+00:00,199,car,0.4177042841911316,695,492.40447998046875,319.238525390625,549.6674194335938,374.40771484375
2026-07-14T12:13:58.668278+00:00,spot_3,Spot 3,Empty,2026-07-14T01:48:31.431946+00:00,,,,,,,,
2026-07-14T12:13:58.668278+00:00,spot_4,Spot 4,Occupied,2026-07-14T12:09:09.386482+00:00,200,truck,0.6051454544067383,429,376.8082275390625,323.2303466796875,439.5302734375,369.09979248046875
2026-07-14T12:13:58.668278+00:00,spot_5,Spot 5,Empty,2026-07-14T12:13:58.668278+00:00,,,,,,,,
2026-07-14T12:13:58.668278+00:00,spot_6,Spot 6,Empty,2026-07-14T01:42:42.287107+00:00,,,,,,,,
2026-07-14T12:13:58.668278+00:00,spot_7,Spot 7,Empty,2026-07-14T00:18:43.510894+00:00,,,,,,,,
2026-07-14T12:13:58.668278+00:00,spot_8,Spot 8,Empty,2026-07-14T03:23:20.682684+00:00,,,,,,,,
2026-07-14T12:13:58.668278+00:00,spot_9,Spot 9,Empty,2026-07-14T03:02:23.964997+00:00,,,,,,,,
2026-07-14T12:13:58.668278+00:00,spot_10,Spot 10,Empty,2026-07-14T03:06:21.851167+00:00,,,,,,,,
2026-07-14T12:13:58.668278+00:00,spot_11,Spot 11,Empty,2026-07-14T01:03:18.245072+00:00,,,,,,,,
2026-07-14T12:13:58.668278+00:00,spot_12,Spot 12,Empty,2026-07-14T00:46:21.068768+00:00,,,,,,,,
2026-07-14T12:13:58.668278+00:00,spot_13,Spot 13,Empty,2026-07-14T00:35:18.994409+00:00,,,,,,,,
2026-07-14T12:13:58.668278+00:00,spot_14,Spot 14,Empty,2026-07-14T00:48:20.323446+00:00,,,,,,,,
2026-07-14T12:13:58.668278+00:00,spot_15,Spot 15,Empty,2026-07-13T22:18:20.405725+00:00,,,,,,,,
2026-07-14T12:13:58.668278+00:00,spot_16,Spot 16,Empty,2026-07-13T22:35:22.003550+00:00,,,,,,,,
2026-07-14T12:13:58.668278+00:00,spot_17,Spot 17,Empty,2026-07-13T17:46:26.396031+00:00,,,,,,,,
2026-07-14T12:14:57.384180+00:00,spot_1,Spot 1,Empty,2026-07-13T23:54:41.337943+00:00,,,,,,,,
2026-07-14T12:14:57.384180+00:00,spot_2,Spot 2,Occupied,2026-07-14T12:12:17.409662+00:00,199,car,0.4177042841911316,741,492.40447998046875,319.238525390625,549.6674194335938,374.40771484375
2026-07-14T12:14:57.384180+00:00,spot_3,Spot 3,Empty,2026-07-14T01:48:31.431946+00:00,,,,,,,,
2026-07-14T12:14:57.384180+00:00,spot_4,Spot 4,Occupied,2026-07-14T12:09:09.386482+00:00,200,truck,0.6051454544067383,475,376.8082275390625,323.2303466796875,439.5302734375,369.09979248046875
2026-07-14T12:14:57.384180+00:00,spot_5,Spot 5,Empty,2026-07-14T12:13:58.668278+00:00,,,,,,,,
2026-07-14T12:14:57.384180+00:00,spot_6,Spot 6,Empty,2026-07-14T01:42:42.287107+00:00,,,,,,,,
2026-07-14T12:14:57.384180+00:00,spot_7,Spot 7,Empty,2026-07-14T00:18:43.510894+00:00,,,,,,,,
2026-07-14T12:14:57.384180+00:00,spot_8,Spot 8,Empty,2026-07-14T03:23:20.682684+00:00,,,,,,,,
2026-07-14T12:14:57.384180+00:00,spot_9,Spot 9,Empty,2026-07-14T03:02:23.964997+00:00,,,,,,,,
2026-07-14T12:14:57.384180+00:00,spot_10,Spot 10,Empty,2026-07-14T03:06:21.851167+00:00,,,,,,,,
2026-07-14T12:14:57.384180+00:00,spot_11,Spot 11,Empty,2026-07-14T01:03:18.245072+00:00,,,,,,,,
2026-07-14T12:14:57.384180+00:00,spot_12,Spot 12,Empty,2026-07-14T00:46:21.068768+00:00,,,,,,,,
2026-07-14T12:14:57.384180+00:00,spot_13,Spot 13,Empty,2026-07-14T00:35:18.994409+00:00,,,,,,,,
2026-07-14T12:14:57.384180+00:00,spot_14,Spot 14,Empty,2026-07-14T00:48:20.323446+00:00,,,,,,,,
2026-07-14T12:14:57.384180+00:00,spot_15,Spot 15,Empty,2026-07-13T22:18:20.405725+00:00,,,,,,,,
2026-07-14T12:14:57.384180+00:00,spot_16,Spot 16,Empty,2026-07-13T22:35:22.003550+00:00,,,,,,,,
2026-07-14T12:14:57.384180+00:00,spot_17,Spot 17,Empty,2026-07-13T17:46:26.396031+00:00,,,,,,,,
2026-07-14T12:15:47.196739+00:00,spot_1,Spot 1,Empty,2026-07-13T23:54:41.337943+00:00,,,,,,,,
2026-07-14T12:15:47.196739+00:00,spot_2,Spot 2,Occupied,2026-07-14T12:12:17.409662+00:00,199,car,0.6301167607307434,790,492.32537841796875,320.2105407714844,549.5571899414062,374.4908752441406
2026-07-14T12:15:47.196739+00:00,spot_3,Spot 3,Empty,2026-07-14T01:48:31.431946+00:00,,,,,,,,
2026-07-14T12:15:47.196739+00:00,spot_4,Spot 4,Occupied,2026-07-14T12:15:47.196739+00:00,203,car,0.3907587230205536,0,415.50299072265625,323.48876953125,441.95416259765625,352.58221435546875
2026-07-14T12:15:47.196739+00:00,spot_5,Spot 5,Empty,2026-07-14T12:13:58.668278+00:00,,,,,,,,
2026-07-14T12:15:47.196739+00:00,spot_6,Spot 6,Empty,2026-07-14T01:42:42.287107+00:00,,,,,,,,
2026-07-14T12:15:47.196739+00:00,spot_7,Spot 7,Empty,2026-07-14T00:18:43.510894+00:00,,,,,,,,
2026-07-14T12:15:47.196739+00:00,spot_8,Spot 8,Empty,2026-07-14T03:23:20.682684+00:00,,,,,,,,
2026-07-14T12:15:47.196739+00:00,spot_9,Spot 9,Empty,2026-07-14T03:02:23.964997+00:00,,,,,,,,
2026-07-14T12:15:47.196739+00:00,spot_10,Spot 10,Empty,2026-07-14T03:06:21.851167+00:00,,,,,,,,
2026-07-14T12:15:47.196739+00:00,spot_11,Spot 11,Empty,2026-07-14T01:03:18.245072+00:00,,,,,,,,
2026-07-14T12:15:47.196739+00:00,spot_12,Spot 12,Empty,2026-07-14T00:46:21.068768+00:00,,,,,,,,
2026-07-14T12:15:47.196739+00:00,spot_13,Spot 13,Empty,2026-07-14T00:35:18.994409+00:00,,,,,,,,
2026-07-14T12:15:47.196739+00:00,spot_14,Spot 14,Empty,2026-07-14T00:48:20.323446+00:00,,,,,,,,
2026-07-14T12:15:47.196739+00:00,spot_15,Spot 15,Empty,2026-07-13T22:18:20.405725+00:00,,,,,,,,
2026-07-14T12:15:47.196739+00:00,spot_16,Spot 16,Empty,2026-07-13T22:35:22.003550+00:00,,,,,,,,
2026-07-14T12:15:47.196739+00:00,spot_17,Spot 17,Empty,2026-07-13T17:46:26.396031+00:00,,,,,,,,
2026-07-14T12:16:38.976250+00:00,spot_1,Spot 1,Empty,2026-07-13T23:54:41.337943+00:00,,,,,,,,
2026-07-14T12:16:38.976250+00:00,spot_2,Spot 2,Occupied,2026-07-14T12:12:17.409662+00:00,199,car,0.4535955786705017,843,493.5022888183594,320.8816223144531,548.3365478515625,374.8567199707031
2026-07-14T12:16:38.976250+00:00,spot_3,Spot 3,Empty,2026-07-14T01:48:31.431946+00:00,,,,,,,,
2026-07-14T12:16:38.976250+00:00,spot_4,Spot 4,Occupied,2026-07-14T12:16:38.976250+00:00,200,truck,0.4452654719352722,578,376.88238525390625,324.9042663574219,435.36553955078125,369.3804016113281
2026-07-14T12:16:38.976250+00:00,spot_5,Spot 5,Occupied,2026-07-14T12:16:38.976250+00:00,203,car,0.3895004689693451,0,338.8103942871094,331.9620666503906,363.6420593261719,342.6875915527344
2026-07-14T12:16:38.976250+00:00,spot_6,Spot 6,Empty,2026-07-14T01:42:42.287107+00:00,,,,,,,,
2026-07-14T12:16:38.976250+00:00,spot_7,Spot 7,Empty,2026-07-14T00:18:43.510894+00:00,,,,,,,,
2026-07-14T12:16:38.976250+00:00,spot_8,Spot 8,Empty,2026-07-14T03:23:20.682684+00:00,,,,,,,,
2026-07-14T12:16:38.976250+00:00,spot_9,Spot 9,Empty,2026-07-14T03:02:23.964997+00:00,,,,,,,,
2026-07-14T12:16:38.976250+00:00,spot_10,Spot 10,Empty,2026-07-14T03:06:21.851167+00:00,,,,,,,,
2026-07-14T12:16:38.976250+00:00,spot_11,Spot 11,Empty,2026-07-14T01:03:18.245072+00:00,,,,,,,,
2026-07-14T12:16:38.976250+00:00,spot_12,Spot 12,Empty,2026-07-14T00:46:21.068768+00:00,,,,,,,,
2026-07-14T12:16:38.976250+00:00,spot_13,Spot 13,Empty,2026-07-14T00:35:18.994409+00:00,,,,,,,,
2026-07-14T12:16:38.976250+00:00,spot_14,Spot 14,Empty,2026-07-14T00:48:20.323446+00:00,,,,,,,,
2026-07-14T12:16:38.976250+00:00,spot_15,Spot 15,Empty,2026-07-13T22:18:20.405725+00:00,,,,,,,,
2026-07-14T12:16:38.976250+00:00,spot_16,Spot 16,Empty,2026-07-13T22:35:22.003550+00:00,,,,,,,,
2026-07-14T12:16:38.976250+00:00,spot_17,Spot 17,Empty,2026-07-13T17:46:26.396031+00:00,,,,,,,,
2026-07-14T12:17:21.056116+00:00,spot_1,Spot 1,Empty,2026-07-13T23:54:41.337943+00:00,,,,,,,,
2026-07-14T12:17:21.056116+00:00,spot_2,Spot 2,Occupied,2026-07-14T12:12:17.409662+00:00,199,car,0.5806017518043518,884,493.53472900390625,318.26251220703125,549.4336547851562,374.60577392578125
2026-07-14T12:17:21.056116+00:00,spot_3,Spot 3,Empty,2026-07-14T01:48:31.431946+00:00,,,,,,,,
2026-07-14T12:17:21.056116+00:00,spot_4,Spot 4,Occupied,2026-07-14T12:17:21.056116+00:00,204,car,0.5525922775268555,0,377.283935546875,323.21441650390625,442.031005859375,369.40472412109375
2026-07-14T12:17:21.056116+00:00,spot_5,Spot 5,Empty,2026-07-14T12:17:21.056116+00:00,,,,,,,,
2026-07-14T12:17:21.056116+00:00,spot_6,Spot 6,Empty,2026-07-14T01:42:42.287107+00:00,,,,,,,,
2026-07-14T12:17:21.056116+00:00,spot_7,Spot 7,Empty,2026-07-14T00:18:43.510894+00:00,,,,,,,,
2026-07-14T12:17:21.056116+00:00,spot_8,Spot 8,Empty,2026-07-14T03:23:20.682684+00:00,,,,,,,,
2026-07-14T12:17:21.056116+00:00,spot_9,Spot 9,Empty,2026-07-14T03:02:23.964997+00:00,,,,,,,,
2026-07-14T12:17:21.056116+00:00,spot_10,Spot 10,Empty,2026-07-14T03:06:21.851167+00:00,,,,,,,,
2026-07-14T12:17:21.056116+00:00,spot_11,Spot 11,Empty,2026-07-14T01:03:18.245072+00:00,,,,,,,,
2026-07-14T12:17:21.056116+00:00,spot_12,Spot 12,Empty,2026-07-14T00:46:21.068768+00:00,,,,,,,,
2026-07-14T12:17:21.056116+00:00,spot_13,Spot 13,Empty,2026-07-14T00:35:18.994409+00:00,,,,,,,,
2026-07-14T12:17:21.056116+00:00,spot_14,Spot 14,Empty,2026-07-14T00:48:20.323446+00:00,,,,,,,,
2026-07-14T12:17:21.056116+00:00,spot_15,Spot 15,Empty,2026-07-13T22:18:20.405725+00:00,,,,,,,,
2026-07-14T12:17:21.056116+00:00,spot_16,Spot 16,Empty,2026-07-13T22:35:22.003550+00:00,,,,,,,,
2026-07-14T12:17:21.056116+00:00,spot_17,Spot 17,Empty,2026-07-13T17:46:26.396031+00:00,,,,,,,,
2026-07-14T12:18:03.576433+00:00,spot_1,Spot 1,Empty,2026-07-13T23:54:41.337943+00:00,,,,,,,,
2026-07-14T12:18:03.576433+00:00,spot_2,Spot 2,Occupied,2026-07-14T12:12:17.409662+00:00,199,car,0.5806017518043518,926,493.53472900390625,318.26251220703125,549.4336547851562,374.60577392578125
2026-07-14T12:18:03.576433+00:00,spot_3,Spot 3,Empty,2026-07-14T01:48:31.431946+00:00,,,,,,,,
2026-07-14T12:18:03.576433+00:00,spot_4,Spot 4,Occupied,2026-07-14T12:17:21.056116+00:00,204,car,0.5525922775268555,42,377.283935546875,323.21441650390625,442.031005859375,369.40472412109375
2026-07-14T12:18:03.576433+00:00,spot_5,Spot 5,Empty,2026-07-14T12:17:21.056116+00:00,,,,,,,,
2026-07-14T12:18:03.576433+00:00,spot_6,Spot 6,Empty,2026-07-14T01:42:42.287107+00:00,,,,,,,,
2026-07-14T12:18:03.576433+00:00,spot_7,Spot 7,Empty,2026-07-14T00:18:43.510894+00:00,,,,,,,,
2026-07-14T12:18:03.576433+00:00,spot_8,Spot 8,Empty,2026-07-14T03:23:20.682684+00:00,,,,,,,,
2026-07-14T12:18:03.576433+00:00,spot_9,Spot 9,Empty,2026-07-14T03:02:23.964997+00:00,,,,,,,,
2026-07-14T12:18:03.576433+00:00,spot_10,Spot 10,Empty,2026-07-14T03:06:21.851167+00:00,,,,,,,,
2026-07-14T12:18:03.576433+00:00,spot_11,Spot 11,Empty,2026-07-14T01:03:18.245072+00:00,,,,,,,,
2026-07-14T12:18:03.576433+00:00,spot_12,Spot 12,Empty,2026-07-14T00:46:21.068768+00:00,,,,,,,,
2026-07-14T12:18:03.576433+00:00,spot_13,Spot 13,Empty,2026-07-14T00:35:18.994409+00:00,,,,,,,,
2026-07-14T12:18:03.576433+00:00,spot_14,Spot 14,Empty,2026-07-14T00:48:20.323446+00:00,,,,,,,,
2026-07-14T12:18:03.576433+00:00,spot_15,Spot 15,Empty,2026-07-13T22:18:20.405725+00:00,,,,,,,,
2026-07-14T12:18:03.576433+00:00,spot_16,Spot 16,Empty,2026-07-13T22:35:22.003550+00:00,,,,,,,,
2026-07-14T12:18:03.576433+00:00,spot_17,Spot 17,Empty,2026-07-13T17:46:26.396031+00:00,,,,,,,,
2026-07-14T12:18:45.392988+00:00,spot_1,Spot 1,Empty,2026-07-13T23:54:41.337943+00:00,,,,,,,,
2026-07-14T12:18:45.392988+00:00,spot_2,Spot 2,Occupied,2026-07-14T12:18:45.392988+00:00,202,truck,0.3753502070903778,428,493.91424560546875,319.81817626953125,549.7477416992188,374.71612548828125
2026-07-14T12:18:45.392988+00:00,spot_3,Spot 3,Empty,2026-07-14T01:48:31.431946+00:00,,,,,,,,
2026-07-14T12:18:45.392988+00:00,spot_4,Spot 4,Occupied,2026-07-14T12:17:21.056116+00:00,204,car,0.533701479434967,85,376.88397216796875,323.4940185546875,441.34661865234375,369.51904296875
2026-07-14T12:18:45.392988+00:00,spot_5,Spot 5,Empty,2026-07-14T12:17:21.056116+00:00,,,,,,,,
2026-07-14T12:18:45.392988+00:00,spot_6,Spot 6,Empty,2026-07-14T01:42:42.287107+00:00,,,,,,,,
2026-07-14T12:18:45.392988+00:00,spot_7,Spot 7,Empty,2026-07-14T00:18:43.510894+00:00,,,,,,,,
2026-07-14T12:18:45.392988+00:00,spot_8,Spot 8,Empty,2026-07-14T03:23:20.682684+00:00,,,,,,,,
2026-07-14T12:18:45.392988+00:00,spot_9,Spot 9,Empty,2026-07-14T03:02:23.964997+00:00,,,,,,,,
2026-07-14T12:18:45.392988+00:00,spot_10,Spot 10,Empty,2026-07-14T03:06:21.851167+00:00,,,,,,,,
2026-07-14T12:18:45.392988+00:00,spot_11,Spot 11,Empty,2026-07-14T01:03:18.245072+00:00,,,,,,,,
2026-07-14T12:18:45.392988+00:00,spot_12,Spot 12,Empty,2026-07-14T00:46:21.068768+00:00,,,,,,,,
2026-07-14T12:18:45.392988+00:00,spot_13,Spot 13,Empty,2026-07-14T00:35:18.994409+00:00,,,,,,,,
2026-07-14T12:18:45.392988+00:00,spot_14,Spot 14,Empty,2026-07-14T00:48:20.323446+00:00,,,,,,,,
2026-07-14T12:18:45.392988+00:00,spot_15,Spot 15,Empty,2026-07-13T22:18:20.405725+00:00,,,,,,,,
2026-07-14T12:18:45.392988+00:00,spot_16,Spot 16,Empty,2026-07-13T22:35:22.003550+00:00,,,,,,,,
2026-07-14T12:18:45.392988+00:00,spot_17,Spot 17,Empty,2026-07-13T17:46:26.396031+00:00,,,,,,,,
2026-07-14T12:19:28.061677+00:00,spot_1,Spot 1,Empty,2026-07-13T23:54:41.337943+00:00,,,,,,,,
2026-07-14T12:19:28.061677+00:00,spot_2,Spot 2,Occupied,2026-07-14T12:19:28.061677+00:00,199,car,0.6991653442382812,1010,493.2791748046875,320.34136962890625,549.126953125,375.05804443359375
2026-07-14T12:19:28.061677+00:00,spot_3,Spot 3,Empty,2026-07-14T01:48:31.431946+00:00,,,,,,,,
2026-07-14T12:19:28.061677+00:00,spot_4,Spot 4,Occupied,2026-07-14T12:17:21.056116+00:00,204,car,0.43945130705833435,126,377.42559814453125,323.08892822265625,441.4725341796875,369.52874755859375
2026-07-14T12:19:28.061677+00:00,spot_5,Spot 5,Occupied,2026-07-14T12:19:28.061677+00:00,203,car,0.3871733546257019,166,339.0858459472656,332.1669616699219,363.6510314941406,342.6856384277344
2026-07-14T12:19:28.061677+00:00,spot_6,Spot 6,Empty,2026-07-14T01:42:42.287107+00:00,,,,,,,,
2026-07-14T12:19:28.061677+00:00,spot_7,Spot 7,Empty,2026-07-14T00:18:43.510894+00:00,,,,,,,,
2026-07-14T12:19:28.061677+00:00,spot_8,Spot 8,Empty,2026-07-14T03:23:20.682684+00:00,,,,,,,,
2026-07-14T12:19:28.061677+00:00,spot_9,Spot 9,Empty,2026-07-14T03:02:23.964997+00:00,,,,,,,,
2026-07-14T12:19:28.061677+00:00,spot_10,Spot 10,Empty,2026-07-14T03:06:21.851167+00:00,,,,,,,,
2026-07-14T12:19:28.061677+00:00,spot_11,Spot 11,Empty,2026-07-14T01:03:18.245072+00:00,,,,,,,,
2026-07-14T12:19:28.061677+00:00,spot_12,Spot 12,Empty,2026-07-14T00:46:21.068768+00:00,,,,,,,,
2026-07-14T12:19:28.061677+00:00,spot_13,Spot 13,Empty,2026-07-14T00:35:18.994409+00:00,,,,,,,,
2026-07-14T12:19:28.061677+00:00,spot_14,Spot 14,Empty,2026-07-14T00:48:20.323446+00:00,,,,,,,,
2026-07-14T12:19:28.061677+00:00,spot_15,Spot 15,Empty,2026-07-13T22:18:20.405725+00:00,,,,,,,,
2026-07-14T12:19:28.061677+00:00,spot_16,Spot 16,Empty,2026-07-13T22:35:22.003550+00:00,,,,,,,,
2026-07-14T12:19:28.061677+00:00,spot_17,Spot 17,Empty,2026-07-13T17:46:26.396031+00:00,,,,,,,,
2026-07-14T12:20:07.911767+00:00,spot_1,Spot 1,Empty,2026-07-13T23:54:41.337943+00:00,,,,,,,,
2026-07-14T12:20:07.911767+00:00,spot_2,Spot 2,Occupied,2026-07-14T12:19:28.061677+00:00,199,car,0.6991653442382812,1050,493.2791748046875,320.34136962890625,549.126953125,375.05804443359375
2026-07-14T12:20:07.911767+00:00,spot_3,Spot 3,Empty,2026-07-14T01:48:31.431946+00:00,,,,,,,,
2026-07-14T12:20:07.911767+00:00,spot_4,Spot 4,Occupied,2026-07-14T12:17:21.056116+00:00,204,car,0.43945130705833435,166,377.42559814453125,323.08892822265625,441.4725341796875,369.52874755859375
2026-07-14T12:20:07.911767+00:00,spot_5,Spot 5,Occupied,2026-07-14T12:19:28.061677+00:00,203,car,0.3871733546257019,206,339.0858459472656,332.1669616699219,363.6510314941406,342.6856384277344
2026-07-14T12:20:07.911767+00:00,spot_6,Spot 6,Empty,2026-07-14T01:42:42.287107+00:00,,,,,,,,
2026-07-14T12:20:07.911767+00:00,spot_7,Spot 7,Empty,2026-07-14T00:18:43.510894+00:00,,,,,,,,
2026-07-14T12:20:07.911767+00:00,spot_8,Spot 8,Empty,2026-07-14T03:23:20.682684+00:00,,,,,,,,
2026-07-14T12:20:07.911767+00:00,spot_9,Spot 9,Empty,2026-07-14T03:02:23.964997+00:00,,,,,,,,
2026-07-14T12:20:07.911767+00:00,spot_10,Spot 10,Empty,2026-07-14T03:06:21.851167+00:00,,,,,,,,
2026-07-14T12:20:07.911767+00:00,spot_11,Spot 11,Empty,2026-07-14T01:03:18.245072+00:00,,,,,,,,
2026-07-14T12:20:07.911767+00:00,spot_12,Spot 12,Empty,2026-07-14T00:46:21.068768+00:00,,,,,,,,
2026-07-14T12:20:07.911767+00:00,spot_13,Spot 13,Empty,2026-07-14T00:35:18.994409+00:00,,,,,,,,
2026-07-14T12:20:07.911767+00:00,spot_14,Spot 14,Empty,2026-07-14T00:48:20.323446+00:00,,,,,,,,
2026-07-14T12:20:07.911767+00:00,spot_15,Spot 15,Empty,2026-07-13T22:18:20.405725+00:00,,,,,,,,
2026-07-14T12:20:07.911767+00:00,spot_16,Spot 16,Empty,2026-07-13T22:35:22.003550+00:00,,,,,,,,
2026-07-14T12:20:07.911767+00:00,spot_17,Spot 17,Empty,2026-07-13T17:46:26.396031+00:00,,,,,,,,
2026-07-14T12:20:51.937411+00:00,spot_1,Spot 1,Empty,2026-07-13T23:54:41.337943+00:00,,,,,,,,
2026-07-14T12:20:51.937411+00:00,spot_2,Spot 2,Occupied,2026-07-14T12:19:28.061677+00:00,199,car,0.6024426817893982,1094,493.0439453125,320.01458740234375,549.4593505859375,374.45941162109375
2026-07-14T12:20:51.937411+00:00,spot_3,Spot 3,Empty,2026-07-14T01:48:31.431946+00:00,,,,,,,,
2026-07-14T12:20:51.937411+00:00,spot_4,Spot 4,Occupied,2026-07-14T12:17:21.056116+00:00,204,car,0.4210546910762787,210,377.01434326171875,323.84844970703125,440.0064697265625,369.08892822265625
2026-07-14T12:20:51.937411+00:00,spot_5,Spot 5,Empty,2026-07-14T12:20:51.937411+00:00,,,,,,,,
2026-07-14T12:20:51.937411+00:00,spot_6,Spot 6,Empty,2026-07-14T01:42:42.287107+00:00,,,,,,,,
2026-07-14T12:20:51.937411+00:00,spot_7,Spot 7,Empty,2026-07-14T00:18:43.510894+00:00,,,,,,,,
2026-07-14T12:20:51.937411+00:00,spot_8,Spot 8,Empty,2026-07-14T03:23:20.682684+00:00,,,,,,,,
2026-07-14T12:20:51.937411+00:00,spot_9,Spot 9,Empty,2026-07-14T03:02:23.964997+00:00,,,,,,,,
2026-07-14T12:20:51.937411+00:00,spot_10,Spot 10,Empty,2026-07-14T03:06:21.851167+00:00,,,,,,,,
2026-07-14T12:20:51.937411+00:00,spot_11,Spot 11,Empty,2026-07-14T01:03:18.245072+00:00,,,,,,,,
2026-07-14T12:20:51.937411+00:00,spot_12,Spot 12,Empty,2026-07-14T00:46:21.068768+00:00,,,,,,,,
2026-07-14T12:20:51.937411+00:00,spot_13,Spot 13,Empty,2026-07-14T00:35:18.994409+00:00,,,,,,,,
2026-07-14T12:20:51.937411+00:00,spot_14,Spot 14,Empty,2026-07-14T00:48:20.323446+00:00,,,,,,,,
2026-07-14T12:20:51.937411+00:00,spot_15,Spot 15,Empty,2026-07-13T22:18:20.405725+00:00,,,,,,,,
2026-07-14T12:20:51.937411+00:00,spot_16,Spot 16,Empty,2026-07-13T22:35:22.003550+00:00,,,,,,,,
2026-07-14T12:20:51.937411+00:00,spot_17,Spot 17,Empty,2026-07-13T17:46:26.396031+00:00,,,,,,,,
2026-07-14T12:21:31.734913+00:00,spot_1,Spot 1,Empty,2026-07-13T23:54:41.337943+00:00,,,,,,,,
2026-07-14T12:21:31.734913+00:00,spot_2,Spot 2,Occupied,2026-07-14T12:19:28.061677+00:00,199,car,0.6705467104911804,1133,493.8905334472656,318.94378662109375,549.5682373046875,374.4886474609375
2026-07-14T12:21:31.734913+00:00,spot_3,Spot 3,Empty,2026-07-14T01:48:31.431946+00:00,,,,,,,,
2026-07-14T12:21:31.734913+00:00,spot_4,Spot 4,Occupied,2026-07-14T12:21:31.734913+00:00,200,truck,0.6024051904678345,867,377.23046875,323.22308349609375,441.052978515625,369.25445556640625
2026-07-14T12:21:31.734913+00:00,spot_5,Spot 5,Empty,2026-07-14T12:20:51.937411+00:00,,,,,,,,
2026-07-14T12:21:31.734913+00:00,spot_6,Spot 6,Occupied,2026-07-14T12:21:31.734913+00:00,205,car,0.8421774506568909,0,295.0396728515625,326.845947265625,352.69219970703125,359.1392822265625
2026-07-14T12:21:31.734913+00:00,spot_7,Spot 7,Empty,2026-07-14T00:18:43.510894+00:00,,,,,,,,
2026-07-14T12:21:31.734913+00:00,spot_8,Spot 8,Empty,2026-07-14T03:23:20.682684+00:00,,,,,,,,
2026-07-14T12:21:31.734913+00:00,spot_9,Spot 9,Empty,2026-07-14T03:02:23.964997+00:00,,,,,,,,
2026-07-14T12:21:31.734913+00:00,spot_10,Spot 10,Empty,2026-07-14T03:06:21.851167+00:00,,,,,,,,
2026-07-14T12:21:31.734913+00:00,spot_11,Spot 11,Empty,2026-07-14T01:03:18.245072+00:00,,,,,,,,
2026-07-14T12:21:31.734913+00:00,spot_12,Spot 12,Empty,2026-07-14T00:46:21.068768+00:00,,,,,,,,
2026-07-14T12:21:31.734913+00:00,spot_13,Spot 13,Empty,2026-07-14T00:35:18.994409+00:00,,,,,,,,
2026-07-14T12:21:31.734913+00:00,spot_14,Spot 14,Empty,2026-07-14T00:48:20.323446+00:00,,,,,,,,
2026-07-14T12:21:31.734913+00:00,spot_15,Spot 15,Empty,2026-07-13T22:18:20.405725+00:00,,,,,,,,
2026-07-14T12:21:31.734913+00:00,spot_16,Spot 16,Empty,2026-07-13T22:35:22.003550+00:00,,,,,,,,
2026-07-14T12:21:31.734913+00:00,spot_17,Spot 17,Empty,2026-07-13T17:46:26.396031+00:00,,,,,,,,
2026-07-14T12:22:18.909318+00:00,spot_1,Spot 1,Empty,2026-07-13T23:54:41.337943+00:00,,,,,,,,
2026-07-14T12:22:18.909318+00:00,spot_2,Spot 2,Occupied,2026-07-14T12:19:28.061677+00:00,199,car,0.6705467104911804,1180,493.8905334472656,318.94378662109375,549.5682373046875,374.4886474609375
2026-07-14T12:22:18.909318+00:00,spot_3,Spot 3,Empty,2026-07-14T01:48:31.431946+00:00,,,,,,,,
2026-07-14T12:22:18.909318+00:00,spot_4,Spot 4,Occupied,2026-07-14T12:21:31.734913+00:00,200,truck,0.6024051904678345,915,377.23046875,323.22308349609375,441.052978515625,369.25445556640625
2026-07-14T12:22:18.909318+00:00,spot_5,Spot 5,Empty,2026-07-14T12:20:51.937411+00:00,,,,,,,,
2026-07-14T12:22:18.909318+00:00,spot_6,Spot 6,Occupied,2026-07-14T12:21:31.734913+00:00,205,car,0.8421774506568909,47,295.0396728515625,326.845947265625,352.69219970703125,359.1392822265625
2026-07-14T12:22:18.909318+00:00,spot_7,Spot 7,Empty,2026-07-14T00:18:43.510894+00:00,,,,,,,,
2026-07-14T12:22:18.909318+00:00,spot_8,Spot 8,Empty,2026-07-14T03:23:20.682684+00:00,,,,,,,,
2026-07-14T12:22:18.909318+00:00,spot_9,Spot 9,Empty,2026-07-14T03:02:23.964997+00:00,,,,,,,,
2026-07-14T12:22:18.909318+00:00,spot_10,Spot 10,Empty,2026-07-14T03:06:21.851167+00:00,,,,,,,,
2026-07-14T12:22:18.909318+00:00,spot_11,Spot 11,Empty,2026-07-14T01:03:18.245072+00:00,,,,,,,,
2026-07-14T12:22:18.909318+00:00,spot_12,Spot 12,Empty,2026-07-14T00:46:21.068768+00:00,,,,,,,,
2026-07-14T12:22:18.909318+00:00,spot_13,Spot 13,Empty,2026-07-14T00:35:18.994409+00:00,,,,,,,,
2026-07-14T12:22:18.909318+00:00,spot_14,Spot 14,Empty,2026-07-14T00:48:20.323446+00:00,,,,,,,,
2026-07-14T12:22:18.909318+00:00,spot_15,Spot 15,Empty,2026-07-13T22:18:20.405725+00:00,,,,,,,,
2026-07-14T12:22:18.909318+00:00,spot_16,Spot 16,Empty,2026-07-13T22:35:22.003550+00:00,,,,,,,,
2026-07-14T12:22:18.909318+00:00,spot_17,Spot 17,Empty,2026-07-13T17:46:26.396031+00:00,,,,,,,,
2026-07-14T12:23:06.379295+00:00,spot_1,Spot 1,Empty,2026-07-13T23:54:41.337943+00:00,,,,,,,,
2026-07-14T12:23:06.379295+00:00,spot_2,Spot 2,Occupied,2026-07-14T12:23:06.379295+00:00,206,truck,0.7567959427833557,0,492.24224853515625,317.96258544921875,549.7138061523438,374.68719482421875
2026-07-14T12:23:06.379295+00:00,spot_3,Spot 3,Empty,2026-07-14T01:48:31.431946+00:00,,,,,,,,
2026-07-14T12:23:06.379295+00:00,spot_4,Spot 4,Empty,2026-07-14T12:23:06.379295+00:00,,,,,,,,
2026-07-14T12:23:06.379295+00:00,spot_5,Spot 5,Empty,2026-07-14T12:20:51.937411+00:00,,,,,,,,
2026-07-14T12:23:06.379295+00:00,spot_6,Spot 6,Occupied,2026-07-14T12:21:31.734913+00:00,205,car,0.866095244884491,95,294.79730224609375,327.1499328613281,353.05438232421875,359.4450988769531
2026-07-14T12:23:06.379295+00:00,spot_7,Spot 7,Empty,2026-07-14T00:18:43.510894+00:00,,,,,,,,
2026-07-14T12:23:06.379295+00:00,spot_8,Spot 8,Occupied,2026-07-14T12:23:06.379295+00:00,207,truck,0.6208063960075378,0,204.38290405273438,319.8067321777344,274.7080383300781,354.9357604980469
2026-07-14T12:23:06.379295+00:00,spot_9,Spot 9,Empty,2026-07-14T03:02:23.964997+00:00,,,,,,,,
2026-07-14T12:23:06.379295+00:00,spot_10,Spot 10,Empty,2026-07-14T03:06:21.851167+00:00,,,,,,,,
2026-07-14T12:23:06.379295+00:00,spot_11,Spot 11,Empty,2026-07-14T01:03:18.245072+00:00,,,,,,,,
2026-07-14T12:23:06.379295+00:00,spot_12,Spot 12,Empty,2026-07-14T00:46:21.068768+00:00,,,,,,,,
2026-07-14T12:23:06.379295+00:00,spot_13,Spot 13,Empty,2026-07-14T00:35:18.994409+00:00,,,,,,,,
2026-07-14T12:23:06.379295+00:00,spot_14,Spot 14,Empty,2026-07-14T00:48:20.323446+00:00,,,,,,,,
2026-07-14T12:23:06.379295+00:00,spot_15,Spot 15,Empty,2026-07-13T22:18:20.405725+00:00,,,,,,,,
2026-07-14T12:23:06.379295+00:00,spot_16,Spot 16,Empty,2026-07-13T22:35:22.003550+00:00,,,,,,,,
2026-07-14T12:23:06.379295+00:00,spot_17,Spot 17,Empty,2026-07-13T17:46:26.396031+00:00,,,,,,,,
2026-07-14T12:23:48.173904+00:00,spot_1,Spot 1,Empty,2026-07-13T23:54:41.337943+00:00,,,,,,,,
2026-07-14T12:23:48.173904+00:00,spot_2,Spot 2,Occupied,2026-07-14T12:23:48.173904+00:00,199,car,0.7433035969734192,1270,493.6339416503906,320.38104248046875,549.0047607421875,374.92535400390625
2026-07-14T12:23:48.173904+00:00,spot_3,Spot 3,Empty,2026-07-14T01:48:31.431946+00:00,,,,,,,,
2026-07-14T12:23:48.173904+00:00,spot_4,Spot 4,Occupied,2026-07-14T12:23:48.173904+00:00,200,truck,0.6233714818954468,1005,377.24609375,322.8865966796875,442.1707763671875,369.1336669921875
2026-07-14T12:23:48.173904+00:00,spot_5,Spot 5,Empty,2026-07-14T12:20:51.937411+00:00,,,,,,,,
2026-07-14T12:23:48.173904+00:00,spot_6,Spot 6,Occupied,2026-07-14T12:21:31.734913+00:00,205,car,0.8727725744247437,137,295.04345703125,326.72613525390625,352.8392333984375,359.06414794921875
2026-07-14T12:23:48.173904+00:00,spot_7,Spot 7,Empty,2026-07-14T00:18:43.510894+00:00,,,,,,,,
2026-07-14T12:23:48.173904+00:00,spot_8,Spot 8,Occupied,2026-07-14T12:23:06.379295+00:00,207,truck,0.7144815921783447,41,205.67312622070312,320.4487609863281,274.802490234375,355.6218566894531
2026-07-14T12:23:48.173904+00:00,spot_9,Spot 9,Empty,2026-07-14T03:02:23.964997+00:00,,,,,,,,
2026-07-14T12:23:48.173904+00:00,spot_10,Spot 10,Empty,2026-07-14T03:06:21.851167+00:00,,,,,,,,
2026-07-14T12:23:48.173904+00:00,spot_11,Spot 11,Empty,2026-07-14T01:03:18.245072+00:00,,,,,,,,
2026-07-14T12:23:48.173904+00:00,spot_12,Spot 12,Empty,2026-07-14T00:46:21.068768+00:00,,,,,,,,
2026-07-14T12:23:48.173904+00:00,spot_13,Spot 13,Empty,2026-07-14T00:35:18.994409+00:00,,,,,,,,
2026-07-14T12:23:48.173904+00:00,spot_14,Spot 14,Empty,2026-07-14T00:48:20.323446+00:00,,,,,,,,
2026-07-14T12:23:48.173904+00:00,spot_15,Spot 15,Empty,2026-07-13T22:18:20.405725+00:00,,,,,,,,
2026-07-14T12:23:48.173904+00:00,spot_16,Spot 16,Empty,2026-07-13T22:35:22.003550+00:00,,,,,,,,
2026-07-14T12:23:48.173904+00:00,spot_17,Spot 17,Empty,2026-07-13T17:46:26.396031+00:00,,,,,,,,
2026-07-14T12:24:30.585528+00:00,spot_1,Spot 1,Empty,2026-07-13T23:54:41.337943+00:00,,,,,,,,
2026-07-14T12:24:30.585528+00:00,spot_2,Spot 2,Occupied,2026-07-14T12:23:48.173904+00:00,199,car,0.7433035969734192,1315,493.6339416503906,320.38104248046875,549.0047607421875,374.92535400390625
2026-07-14T12:24:30.585528+00:00,spot_3,Spot 3,Empty,2026-07-14T01:48:31.431946+00:00,,,,,,,,
2026-07-14T12:24:30.585528+00:00,spot_4,Spot 4,Occupied,2026-07-14T12:23:48.173904+00:00,200,truck,0.6233714818954468,1049,377.24609375,322.8865966796875,442.1707763671875,369.1336669921875
2026-07-14T12:24:30.585528+00:00,spot_5,Spot 5,Empty,2026-07-14T12:20:51.937411+00:00,,,,,,,,
2026-07-14T12:24:30.585528+00:00,spot_6,Spot 6,Occupied,2026-07-14T12:21:31.734913+00:00,205,car,0.8727725744247437,181,295.04345703125,326.72613525390625,352.8392333984375,359.06414794921875
2026-07-14T12:24:30.585528+00:00,spot_7,Spot 7,Empty,2026-07-14T00:18:43.510894+00:00,,,,,,,,
2026-07-14T12:24:30.585528+00:00,spot_8,Spot 8,Occupied,2026-07-14T12:23:06.379295+00:00,207,truck,0.7144815921783447,85,205.67312622070312,320.4487609863281,274.802490234375,355.6218566894531
2026-07-14T12:24:30.585528+00:00,spot_9,Spot 9,Empty,2026-07-14T03:02:23.964997+00:00,,,,,,,,
2026-07-14T12:24:30.585528+00:00,spot_10,Spot 10,Empty,2026-07-14T03:06:21.851167+00:00,,,,,,,,
2026-07-14T12:24:30.585528+00:00,spot_11,Spot 11,Empty,2026-07-14T01:03:18.245072+00:00,,,,,,,,
2026-07-14T12:24:30.585528+00:00,spot_12,Spot 12,Empty,2026-07-14T00:46:21.068768+00:00,,,,,,,,
2026-07-14T12:24:30.585528+00:00,spot_13,Spot 13,Empty,2026-07-14T00:35:18.994409+00:00,,,,,,,,
2026-07-14T12:24:30.585528+00:00,spot_14,Spot 14,Empty,2026-07-14T00:48:20.323446+00:00,,,,,,,,
2026-07-14T12:24:30.585528+00:00,spot_15,Spot 15,Empty,2026-07-13T22:18:20.405725+00:00,,,,,,,,
2026-07-14T12:24:30.585528+00:00,spot_16,Spot 16,Empty,2026-07-13T22:35:22.003550+00:00,,,,,,,,
2026-07-14T12:24:30.585528+00:00,spot_17,Spot 17,Empty,2026-07-13T17:46:26.396031+00:00,,,,,,,,
2026-07-14T12:25:19.625545+00:00,spot_1,Spot 1,Empty,2026-07-13T23:54:41.337943+00:00,,,,,,,,
2026-07-14T12:25:19.625545+00:00,spot_2,Spot 2,Occupied,2026-07-14T12:23:48.173904+00:00,199,car,0.8287472724914551,1362,490.1571044921875,320.5308837890625,549.3968505859375,374.4656982421875
2026-07-14T12:25:19.625545+00:00,spot_3,Spot 3,Empty,2026-07-14T01:48:31.431946+00:00,,,,,,,,
2026-07-14T12:25:19.625545+00:00,spot_4,Spot 4,Occupied,2026-07-14T12:23:48.173904+00:00,200,truck,0.5195627212524414,1096,377.27435302734375,324.5309143066406,436.42010498046875,369.0923156738281
2026-07-14T12:25:19.625545+00:00,spot_5,Spot 5,Empty,2026-07-14T12:20:51.937411+00:00,,,,,,,,
2026-07-14T12:25:19.625545+00:00,spot_6,Spot 6,Occupied,2026-07-14T12:21:31.734913+00:00,205,car,0.8421271443367004,228,295.2119140625,327.20458984375,352.7880859375,359.204345703125
2026-07-14T12:25:19.625545+00:00,spot_7,Spot 7,Empty,2026-07-14T00:18:43.510894+00:00,,,,,,,,
2026-07-14T12:25:19.625545+00:00,spot_8,Spot 8,Occupied,2026-07-14T12:23:06.379295+00:00,207,truck,0.7071114778518677,132,205.72836303710938,320.07916259765625,274.53741455078125,355.265869140625
2026-07-14T12:25:19.625545+00:00,spot_9,Spot 9,Empty,2026-07-14T03:02:23.964997+00:00,,,,,,,,
2026-07-14T12:25:19.625545+00:00,spot_10,Spot 10,Empty,2026-07-14T03:06:21.851167+00:00,,,,,,,,
2026-07-14T12:25:19.625545+00:00,spot_11,Spot 11,Empty,2026-07-14T01:03:18.245072+00:00,,,,,,,,
2026-07-14T12:25:19.625545+00:00,spot_12,Spot 12,Empty,2026-07-14T00:46:21.068768+00:00,,,,,,,,
2026-07-14T12:25:19.625545+00:00,spot_13,Spot 13,Empty,2026-07-14T00:35:18.994409+00:00,,,,,,,,
2026-07-14T12:25:19.625545+00:00,spot_14,Spot 14,Empty,2026-07-14T00:48:20.323446+00:00,,,,,,,,
2026-07-14T12:25:19.625545+00:00,spot_15,Spot 15,Empty,2026-07-13T22:18:20.405725+00:00,,,,,,,,
2026-07-14T12:25:19.625545+00:00,spot_16,Spot 16,Empty,2026-07-13T22:35:22.003550+00:00,,,,,,,,
2026-07-14T12:25:19.625545+00:00,spot_17,Spot 17,Empty,2026-07-13T17:46:26.396031+00:00,,,,,,,,
2026-07-14T12:26:05.616016+00:00,spot_1,Spot 1,Empty,2026-07-13T23:54:41.337943+00:00,,,,,,,,
2026-07-14T12:26:05.616016+00:00,spot_2,Spot 2,Occupied,2026-07-14T12:23:48.173904+00:00,199,car,0.7120867371559143,1409,491.7041015625,320.0846252441406,549.6595458984375,374.8012390136719
2026-07-14T12:26:05.616016+00:00,spot_3,Spot 3,Empty,2026-07-14T01:48:31.431946+00:00,,,,,,,,
2026-07-14T12:26:05.616016+00:00,spot_4,Spot 4,Occupied,2026-07-14T12:23:48.173904+00:00,200,truck,0.4949924349784851,1143,377.28448486328125,322.77886962890625,441.90789794921875,369.49432373046875
2026-07-14T12:26:05.616016+00:00,spot_5,Spot 5,Empty,2026-07-14T12:20:51.937411+00:00,,,,,,,,
2026-07-14T12:26:05.616016+00:00,spot_6,Spot 6,Occupied,2026-07-14T12:21:31.734913+00:00,205,car,0.8564776182174683,275,294.705810546875,326.858154296875,352.72833251953125,359.109619140625
2026-07-14T12:26:05.616016+00:00,spot_7,Spot 7,Empty,2026-07-14T00:18:43.510894+00:00,,,,,,,,
2026-07-14T12:26:05.616016+00:00,spot_8,Spot 8,Occupied,2026-07-14T12:23:06.379295+00:00,207,truck,0.5458141565322876,179,206.034423828125,321.69073486328125,275.58453369140625,355.18316650390625
2026-07-14T12:26:05.616016+00:00,spot_9,Spot 9,Empty,2026-07-14T03:02:23.964997+00:00,,,,,,,,
2026-07-14T12:26:05.616016+00:00,spot_10,Spot 10,Empty,2026-07-14T03:06:21.851167+00:00,,,,,,,,
2026-07-14T12:26:05.616016+00:00,spot_11,Spot 11,Empty,2026-07-14T01:03:18.245072+00:00,,,,,,,,
2026-07-14T12:26:05.616016+00:00,spot_12,Spot 12,Empty,2026-07-14T00:46:21.068768+00:00,,,,,,,,
2026-07-14T12:26:05.616016+00:00,spot_13,Spot 13,Empty,2026-07-14T00:35:18.994409+00:00,,,,,,,,
2026-07-14T12:26:05.616016+00:00,spot_14,Spot 14,Empty,2026-07-14T00:48:20.323446+00:00,,,,,,,,
2026-07-14T12:26:05.616016+00:00,spot_15,Spot 15,Empty,2026-07-13T22:18:20.405725+00:00,,,,,,,,
2026-07-14T12:26:05.616016+00:00,spot_16,Spot 16,Empty,2026-07-13T22:35:22.003550+00:00,,,,,,,,
2026-07-14T12:26:05.616016+00:00,spot_17,Spot 17,Empty,2026-07-13T17:46:26.396031+00:00,,,,,,,,
2026-07-14T12:26:56.730496+00:00,spot_1,Spot 1,Empty,2026-07-13T23:54:41.337943+00:00,,,,,,,,
2026-07-14T12:26:56.730496+00:00,spot_2,Spot 2,Occupied,2026-07-14T12:23:48.173904+00:00,199,car,0.453713059425354,1459,491.7502746582031,319.6625061035156,549.62451171875,374.6629943847656
2026-07-14T12:26:56.730496+00:00,spot_3,Spot 3,Empty,2026-07-14T01:48:31.431946+00:00,,,,,,,,
2026-07-14T12:26:56.730496+00:00,spot_4,Spot 4,Occupied,2026-07-14T12:26:56.730496+00:00,209,car,0.35319003462791443,0,400.57806396484375,323.5397033691406,442.05401611328125,353.3725891113281
2026-07-14T12:26:56.730496+00:00,spot_5,Spot 5,Empty,2026-07-14T12:20:51.937411+00:00,,,,,,,,
2026-07-14T12:26:56.730496+00:00,spot_6,Spot 6,Occupied,2026-07-14T12:21:31.734913+00:00,205,car,0.8574959635734558,326,294.96929931640625,327.15576171875,352.8594970703125,358.9234619140625
2026-07-14T12:26:56.730496+00:00,spot_7,Spot 7,Empty,2026-07-14T00:18:43.510894+00:00,,,,,,,,
2026-07-14T12:26:56.730496+00:00,spot_8,Spot 8,Occupied,2026-07-14T12:23:06.379295+00:00,207,truck,0.616589367389679,230,205.7679443359375,320.34722900390625,274.1939392089844,354.87872314453125
2026-07-14T12:26:56.730496+00:00,spot_9,Spot 9,Empty,2026-07-14T03:02:23.964997+00:00,,,,,,,,
2026-07-14T12:26:56.730496+00:00,spot_10,Spot 10,Empty,2026-07-14T03:06:21.851167+00:00,,,,,,,,
2026-07-14T12:26:56.730496+00:00,spot_11,Spot 11,Empty,2026-07-14T01:03:18.245072+00:00,,,,,,,,
2026-07-14T12:26:56.730496+00:00,spot_12,Spot 12,Empty,2026-07-14T00:46:21.068768+00:00,,,,,,,,
2026-07-14T12:26:56.730496+00:00,spot_13,Spot 13,Empty,2026-07-14T00:35:18.994409+00:00,,,,,,,,
2026-07-14T12:26:56.730496+00:00,spot_14,Spot 14,Empty,2026-07-14T00:48:20.323446+00:00,,,,,,,,
2026-07-14T12:26:56.730496+00:00,spot_15,Spot 15,Empty,2026-07-13T22:18:20.405725+00:00,,,,,,,,
2026-07-14T12:26:56.730496+00:00,spot_16,Spot 16,Empty,2026-07-13T22:35:22.003550+00:00,,,,,,,,
2026-07-14T12:26:56.730496+00:00,spot_17,Spot 17,Empty,2026-07-13T17:46:26.396031+00:00,,,,,,,,
2026-07-14T12:27:37.742830+00:00,spot_1,Spot 1,Empty,2026-07-13T23:54:41.337943+00:00,,,,,,,,
2026-07-14T12:27:37.742830+00:00,spot_2,Spot 2,Occupied,2026-07-14T12:23:48.173904+00:00,199,car,0.453713059425354,1500,491.7502746582031,319.6625061035156,549.62451171875,374.6629943847656
2026-07-14T12:27:37.742830+00:00,spot_3,Spot 3,Empty,2026-07-14T01:48:31.431946+00:00,,,,,,,,
2026-07-14T12:27:37.742830+00:00,spot_4,Spot 4,Occupied,2026-07-14T12:26:56.730496+00:00,209,car,0.35319003462791443,40,400.57806396484375,323.5397033691406,442.05401611328125,353.3725891113281
2026-07-14T12:27:37.742830+00:00,spot_5,Spot 5,Empty,2026-07-14T12:20:51.937411+00:00,,,,,,,,
2026-07-14T12:27:37.742830+00:00,spot_6,Spot 6,Occupied,2026-07-14T12:21:31.734913+00:00,205,car,0.8574959635734558,366,294.96929931640625,327.15576171875,352.8594970703125,358.9234619140625
2026-07-14T12:27:37.742830+00:00,spot_7,Spot 7,Empty,2026-07-14T00:18:43.510894+00:00,,,,,,,,
2026-07-14T12:27:37.742830+00:00,spot_8,Spot 8,Occupied,2026-07-14T12:23:06.379295+00:00,207,truck,0.616589367389679,270,205.7679443359375,320.34722900390625,274.1939392089844,354.87872314453125
2026-07-14T12:27:37.742830+00:00,spot_9,Spot 9,Empty,2026-07-14T03:02:23.964997+00:00,,,,,,,,
2026-07-14T12:27:37.742830+00:00,spot_10,Spot 10,Empty,2026-07-14T03:06:21.851167+00:00,,,,,,,,
2026-07-14T12:27:37.742830+00:00,spot_11,Spot 11,Empty,2026-07-14T01:03:18.245072+00:00,,,,,,,,
2026-07-14T12:27:37.742830+00:00,spot_12,Spot 12,Empty,2026-07-14T00:46:21.068768+00:00,,,,,,,,
2026-07-14T12:27:37.742830+00:00,spot_13,Spot 13,Empty,2026-07-14T00:35:18.994409+00:00,,,,,,,,
2026-07-14T12:27:37.742830+00:00,spot_14,Spot 14,Empty,2026-07-14T00:48:20.323446+00:00,,,,,,,,
2026-07-14T12:27:37.742830+00:00,spot_15,Spot 15,Empty,2026-07-13T22:18:20.405725+00:00,,,,,,,,
2026-07-14T12:27:37.742830+00:00,spot_16,Spot 16,Empty,2026-07-13T22:35:22.003550+00:00,,,,,,,,
2026-07-14T12:27:37.742830+00:00,spot_17,Spot 17,Empty,2026-07-13T17:46:26.396031+00:00,,,,,,,,
2026-07-14T12:28:17.558064+00:00,spot_1,Spot 1,Empty,2026-07-13T23:54:41.337943+00:00,,,,,,,,
2026-07-14T12:28:17.558064+00:00,spot_2,Spot 2,Occupied,2026-07-14T12:23:48.173904+00:00,199,car,0.6125326156616211,1539,491.747802734375,319.8651428222656,549.519775390625,374.8202209472656
2026-07-14T12:28:17.558064+00:00,spot_3,Spot 3,Empty,2026-07-14T01:48:31.431946+00:00,,,,,,,,
2026-07-14T12:28:17.558064+00:00,spot_4,Spot 4,Occupied,2026-07-14T12:26:56.730496+00:00,209,car,0.3513251841068268,79,377.4835205078125,323.64044189453125,440.0006103515625,369.47296142578125
2026-07-14T12:28:17.558064+00:00,spot_5,Spot 5,Empty,2026-07-14T12:20:51.937411+00:00,,,,,,,,
2026-07-14T12:28:17.558064+00:00,spot_6,Spot 6,Occupied,2026-07-14T12:21:31.734913+00:00,205,car,0.8811745643615723,405,295.1177673339844,327.40789794921875,352.9186096191406,359.3084716796875
2026-07-14T12:28:17.558064+00:00,spot_7,Spot 7,Empty,2026-07-14T00:18:43.510894+00:00,,,,,,,,
2026-07-14T12:28:17.558064+00:00,spot_8,Spot 8,Occupied,2026-07-14T12:28:17.558064+00:00,210,car,0.5405816435813904,0,205.95025634765625,320.6302490234375,275.203857421875,354.85107421875
2026-07-14T12:28:17.558064+00:00,spot_9,Spot 9,Empty,2026-07-14T03:02:23.964997+00:00,,,,,,,,
2026-07-14T12:28:17.558064+00:00,spot_10,Spot 10,Empty,2026-07-14T03:06:21.851167+00:00,,,,,,,,
2026-07-14T12:28:17.558064+00:00,spot_11,Spot 11,Empty,2026-07-14T01:03:18.245072+00:00,,,,,,,,
2026-07-14T12:28:17.558064+00:00,spot_12,Spot 12,Empty,2026-07-14T00:46:21.068768+00:00,,,,,,,,
2026-07-14T12:28:17.558064+00:00,spot_13,Spot 13,Empty,2026-07-14T00:35:18.994409+00:00,,,,,,,,
2026-07-14T12:28:17.558064+00:00,spot_14,Spot 14,Empty,2026-07-14T00:48:20.323446+00:00,,,,,,,,
2026-07-14T12:28:17.558064+00:00,spot_15,Spot 15,Empty,2026-07-13T22:18:20.405725+00:00,,,,,,,,
2026-07-14T12:28:17.558064+00:00,spot_16,Spot 16,Empty,2026-07-13T22:35:22.003550+00:00,,,,,,,,
2026-07-14T12:28:17.558064+00:00,spot_17,Spot 17,Empty,2026-07-13T17:46:26.396031+00:00,,,,,,,,
2026-07-14T12:29:02.088410+00:00,spot_1,Spot 1,Empty,2026-07-13T23:54:41.337943+00:00,,,,,,,,
2026-07-14T12:29:02.088410+00:00,spot_2,Spot 2,Occupied,2026-07-14T12:29:02.088410+00:00,208,truck,0.369989275932312,124,493.140380859375,320.7398681640625,549.5328369140625,374.732177734375
2026-07-14T12:29:02.088410+00:00,spot_3,Spot 3,Empty,2026-07-14T01:48:31.431946+00:00,,,,,,,,
2026-07-14T12:29:02.088410+00:00,spot_4,Spot 4,Occupied,2026-07-14T12:29:02.088410+00:00,211,car,0.3865225613117218,0,414.99658203125,323.1004638671875,441.8404541015625,352.9190673828125
2026-07-14T12:29:02.088410+00:00,spot_5,Spot 5,Empty,2026-07-14T12:20:51.937411+00:00,,,,,,,,
2026-07-14T12:29:02.088410+00:00,spot_6,Spot 6,Occupied,2026-07-14T12:21:31.734913+00:00,205,car,0.8768338561058044,450,294.8140563964844,327.1175537109375,352.8373107910156,358.757568359375
2026-07-14T12:29:02.088410+00:00,spot_7,Spot 7,Empty,2026-07-14T00:18:43.510894+00:00,,,,,,,,
2026-07-14T12:29:02.088410+00:00,spot_8,Spot 8,Occupied,2026-07-14T12:29:02.088410+00:00,207,truck,0.559188961982727,355,205.98455810546875,320.2554931640625,274.72003173828125,355.087890625
2026-07-14T12:29:02.088410+00:00,spot_9,Spot 9,Empty,2026-07-14T03:02:23.964997+00:00,,,,,,,,
2026-07-14T12:29:02.088410+00:00,spot_10,Spot 10,Empty,2026-07-14T03:06:21.851167+00:00,,,,,,,,
2026-07-14T12:29:02.088410+00:00,spot_11,Spot 11,Empty,2026-07-14T01:03:18.245072+00:00,,,,,,,,
2026-07-14T12:29:02.088410+00:00,spot_12,Spot 12,Empty,2026-07-14T00:46:21.068768+00:00,,,,,,,,
2026-07-14T12:29:02.088410+00:00,spot_13,Spot 13,Empty,2026-07-14T00:35:18.994409+00:00,,,,,,,,
2026-07-14T12:29:02.088410+00:00,spot_14,Spot 14,Empty,2026-07-14T00:48:20.323446+00:00,,,,,,,,
2026-07-14T12:29:02.088410+00:00,spot_15,Spot 15,Empty,2026-07-13T22:18:20.405725+00:00,,,,,,,,
2026-07-14T12:29:02.088410+00:00,spot_16,Spot 16,Empty,2026-07-13T22:35:22.003550+00:00,,,,,,,,
2026-07-14T12:29:02.088410+00:00,spot_17,Spot 17,Empty,2026-07-13T17:46:26.396031+00:00,,,,,,,,
2026-07-14T12:29:43.172078+00:00,spot_1,Spot 1,Empty,2026-07-13T23:54:41.337943+00:00,,,,,,,,
2026-07-14T12:29:43.172078+00:00,spot_2,Spot 2,Occupied,2026-07-14T12:29:02.088410+00:00,208,truck,0.369989275932312,166,493.140380859375,320.7398681640625,549.5328369140625,374.732177734375
2026-07-14T12:29:43.172078+00:00,spot_3,Spot 3,Empty,2026-07-14T01:48:31.431946+00:00,,,,,,,,
2026-07-14T12:29:43.172078+00:00,spot_4,Spot 4,Occupied,2026-07-14T12:29:02.088410+00:00,211,car,0.3865225613117218,41,414.99658203125,323.1004638671875,441.8404541015625,352.9190673828125
2026-07-14T12:29:43.172078+00:00,spot_5,Spot 5,Empty,2026-07-14T12:20:51.937411+00:00,,,,,,,,
2026-07-14T12:29:43.172078+00:00,spot_6,Spot 6,Occupied,2026-07-14T12:21:31.734913+00:00,205,car,0.8768338561058044,492,294.8140563964844,327.1175537109375,352.8373107910156,358.757568359375
2026-07-14T12:29:43.172078+00:00,spot_7,Spot 7,Empty,2026-07-14T00:18:43.510894+00:00,,,,,,,,
2026-07-14T12:29:43.172078+00:00,spot_8,Spot 8,Occupied,2026-07-14T12:29:02.088410+00:00,207,truck,0.559188961982727,396,205.98455810546875,320.2554931640625,274.72003173828125,355.087890625
2026-07-14T12:29:43.172078+00:00,spot_9,Spot 9,Empty,2026-07-14T03:02:23.964997+00:00,,,,,,,,
2026-07-14T12:29:43.172078+00:00,spot_10,Spot 10,Empty,2026-07-14T03:06:21.851167+00:00,,,,,,,,
2026-07-14T12:29:43.172078+00:00,spot_11,Spot 11,Empty,2026-07-14T01:03:18.245072+00:00,,,,,,,,
2026-07-14T12:29:43.172078+00:00,spot_12,Spot 12,Empty,2026-07-14T00:46:21.068768+00:00,,,,,,,,
2026-07-14T12:29:43.172078+00:00,spot_13,Spot 13,Empty,2026-07-14T00:35:18.994409+00:00,,,,,,,,
2026-07-14T12:29:43.172078+00:00,spot_14,Spot 14,Empty,2026-07-14T00:48:20.323446+00:00,,,,,,,,
2026-07-14T12:29:43.172078+00:00,spot_15,Spot 15,Empty,2026-07-13T22:18:20.405725+00:00,,,,,,,,
2026-07-14T12:29:43.172078+00:00,spot_16,Spot 16,Empty,2026-07-13T22:35:22.003550+00:00,,,,,,,,
2026-07-14T12:29:43.172078+00:00,spot_17,Spot 17,Empty,2026-07-13T17:46:26.396031+00:00,,,,,,,,
2026-07-14T12:30:28.039997+00:00,spot_1,Spot 1,Empty,2026-07-13T23:54:41.337943+00:00,,,,,,,,
2026-07-14T12:30:28.039997+00:00,spot_2,Spot 2,Occupied,2026-07-14T12:30:28.039997+00:00,199,car,0.5974631309509277,1669,491.722412109375,320.84124755859375,548.6318359375,374.66864013671875
2026-07-14T12:30:28.039997+00:00,spot_3,Spot 3,Empty,2026-07-14T01:48:31.431946+00:00,,,,,,,,
2026-07-14T12:30:28.039997+00:00,spot_4,Spot 4,Empty,2026-07-14T12:30:28.039997+00:00,,,,,,,,
2026-07-14T12:30:28.039997+00:00,spot_5,Spot 5,Empty,2026-07-14T12:20:51.937411+00:00,,,,,,,,
2026-07-14T12:30:28.039997+00:00,spot_6,Spot 6,Occupied,2026-07-14T12:21:31.734913+00:00,205,car,0.8627733588218689,536,295.256103515625,326.9346618652344,352.99224853515625,359.3810119628906
2026-07-14T12:30:28.039997+00:00,spot_7,Spot 7,Empty,2026-07-14T00:18:43.510894+00:00,,,,,,,,
2026-07-14T12:30:28.039997+00:00,spot_8,Spot 8,Occupied,2026-07-14T12:29:02.088410+00:00,207,truck,0.6842866539955139,440,205.82608032226562,320.2344970703125,274.1556701660156,355.6728515625
2026-07-14T12:30:28.039997+00:00,spot_9,Spot 9,Empty,2026-07-14T03:02:23.964997+00:00,,,,,,,,
2026-07-14T12:30:28.039997+00:00,spot_10,Spot 10,Empty,2026-07-14T03:06:21.851167+00:00,,,,,,,,
2026-07-14T12:30:28.039997+00:00,spot_11,Spot 11,Empty,2026-07-14T01:03:18.245072+00:00,,,,,,,,
2026-07-14T12:30:28.039997+00:00,spot_12,Spot 12,Empty,2026-07-14T00:46:21.068768+00:00,,,,,,,,
2026-07-14T12:30:28.039997+00:00,spot_13,Spot 13,Empty,2026-07-14T00:35:18.994409+00:00,,,,,,,,
2026-07-14T12:30:28.039997+00:00,spot_14,Spot 14,Empty,2026-07-14T00:48:20.323446+00:00,,,,,,,,
2026-07-14T12:30:28.039997+00:00,spot_15,Spot 15,Empty,2026-07-13T22:18:20.405725+00:00,,,,,,,,
2026-07-14T12:30:28.039997+00:00,spot_16,Spot 16,Empty,2026-07-13T22:35:22.003550+00:00,,,,,,,,
2026-07-14T12:30:28.039997+00:00,spot_17,Spot 17,Empty,2026-07-13T17:46:26.396031+00:00,,,,,,,,
2026-07-14T12:31:09.390954+00:00,spot_1,Spot 1,Empty,2026-07-13T23:54:41.337943+00:00,,,,,,,,
2026-07-14T12:31:09.390954+00:00,spot_2,Spot 2,Occupied,2026-07-14T12:30:28.039997+00:00,199,car,0.56163090467453,1712,493.7091064453125,318.671630859375,549.49365234375,374.45794677734375
2026-07-14T12:31:09.390954+00:00,spot_3,Spot 3,Empty,2026-07-14T01:48:31.431946+00:00,,,,,,,,
2026-07-14T12:31:09.390954+00:00,spot_4,Spot 4,Empty,2026-07-14T12:30:28.039997+00:00,,,,,,,,
2026-07-14T12:31:09.390954+00:00,spot_5,Spot 5,Empty,2026-07-14T12:20:51.937411+00:00,,,,,,,,
2026-07-14T12:31:09.390954+00:00,spot_6,Spot 6,Occupied,2026-07-14T12:21:31.734913+00:00,205,car,0.8715814352035522,579,294.81390380859375,327.12115478515625,353.01373291015625,359.33673095703125
2026-07-14T12:31:09.390954+00:00,spot_7,Spot 7,Empty,2026-07-14T00:18:43.510894+00:00,,,,,,,,
2026-07-14T12:31:09.390954+00:00,spot_8,Spot 8,Occupied,2026-07-14T12:29:02.088410+00:00,207,truck,0.5880110263824463,483,205.84649658203125,320.55157470703125,274.66180419921875,354.59814453125
2026-07-14T12:31:09.390954+00:00,spot_9,Spot 9,Empty,2026-07-14T03:02:23.964997+00:00,,,,,,,,
2026-07-14T12:31:09.390954+00:00,spot_10,Spot 10,Empty,2026-07-14T03:06:21.851167+00:00,,,,,,,,
2026-07-14T12:31:09.390954+00:00,spot_11,Spot 11,Empty,2026-07-14T01:03:18.245072+00:00,,,,,,,,
2026-07-14T12:31:09.390954+00:00,spot_12,Spot 12,Empty,2026-07-14T00:46:21.068768+00:00,,,,,,,,
2026-07-14T12:31:09.390954+00:00,spot_13,Spot 13,Empty,2026-07-14T00:35:18.994409+00:00,,,,,,,,
2026-07-14T12:31:09.390954+00:00,spot_14,Spot 14,Empty,2026-07-14T00:48:20.323446+00:00,,,,,,,,
2026-07-14T12:31:09.390954+00:00,spot_15,Spot 15,Empty,2026-07-13T22:18:20.405725+00:00,,,,,,,,
2026-07-14T12:31:09.390954+00:00,spot_16,Spot 16,Empty,2026-07-13T22:35:22.003550+00:00,,,,,,,,
2026-07-14T12:31:09.390954+00:00,spot_17,Spot 17,Empty,2026-07-13T17:46:26.396031+00:00,,,,,,,,
2026-07-14T12:31:50.692985+00:00,spot_1,Spot 1,Empty,2026-07-13T23:54:41.337943+00:00,,,,,,,,
2026-07-14T12:31:50.692985+00:00,spot_2,Spot 2,Occupied,2026-07-14T12:30:28.039997+00:00,199,car,0.56163090467453,1752,493.7091064453125,318.671630859375,549.49365234375,374.45794677734375
2026-07-14T12:31:50.692985+00:00,spot_3,Spot 3,Empty,2026-07-14T01:48:31.431946+00:00,,,,,,,,
2026-07-14T12:31:50.692985+00:00,spot_4,Spot 4,Empty,2026-07-14T12:30:28.039997+00:00,,,,,,,,
2026-07-14T12:31:50.692985+00:00,spot_5,Spot 5,Empty,2026-07-14T12:20:51.937411+00:00,,,,,,,,
2026-07-14T12:31:50.692985+00:00,spot_6,Spot 6,Occupied,2026-07-14T12:21:31.734913+00:00,205,car,0.8715814352035522,619,294.81390380859375,327.12115478515625,353.01373291015625,359.33673095703125
2026-07-14T12:31:50.692985+00:00,spot_7,Spot 7,Empty,2026-07-14T00:18:43.510894+00:00,,,,,,,,
2026-07-14T12:31:50.692985+00:00,spot_8,Spot 8,Occupied,2026-07-14T12:29:02.088410+00:00,207,truck,0.5880110263824463,523,205.84649658203125,320.55157470703125,274.66180419921875,354.59814453125
2026-07-14T12:31:50.692985+00:00,spot_9,Spot 9,Empty,2026-07-14T03:02:23.964997+00:00,,,,,,,,
2026-07-14T12:31:50.692985+00:00,spot_10,Spot 10,Empty,2026-07-14T03:06:21.851167+00:00,,,,,,,,
2026-07-14T12:31:50.692985+00:00,spot_11,Spot 11,Empty,2026-07-14T01:03:18.245072+00:00,,,,,,,,
2026-07-14T12:31:50.692985+00:00,spot_12,Spot 12,Empty,2026-07-14T00:46:21.068768+00:00,,,,,,,,
2026-07-14T12:31:50.692985+00:00,spot_13,Spot 13,Empty,2026-07-14T00:35:18.994409+00:00,,,,,,,,
2026-07-14T12:31:50.692985+00:00,spot_14,Spot 14,Empty,2026-07-14T00:48:20.323446+00:00,,,,,,,,
2026-07-14T12:31:50.692985+00:00,spot_15,Spot 15,Empty,2026-07-13T22:18:20.405725+00:00,,,,,,,,
2026-07-14T12:31:50.692985+00:00,spot_16,Spot 16,Empty,2026-07-13T22:35:22.003550+00:00,,,,,,,,
2026-07-14T12:31:50.692985+00:00,spot_17,Spot 17,Empty,2026-07-13T17:46:26.396031+00:00,,,,,,,,
2026-07-14T12:32:32.720648+00:00,spot_1,Spot 1,Empty,2026-07-13T23:54:41.337943+00:00,,,,,,,,
2026-07-14T12:32:32.720648+00:00,spot_2,Spot 2,Occupied,2026-07-14T12:32:32.720648+00:00,208,truck,0.5439879298210144,336,492.9598388671875,321.21380615234375,546.1650390625,374.67999267578125
2026-07-14T12:32:32.720648+00:00,spot_3,Spot 3,Empty,2026-07-14T01:48:31.431946+00:00,,,,,,,,
2026-07-14T12:32:32.720648+00:00,spot_4,Spot 4,Occupied,2026-07-14T12:32:32.720648+00:00,212,truck,0.7355077266693115,0,377.6758728027344,322.9324645996094,442.2053527832031,368.8625793457031
2026-07-14T12:32:32.720648+00:00,spot_5,Spot 5,Empty,2026-07-14T12:20:51.937411+00:00,,,,,,,,
2026-07-14T12:32:32.720648+00:00,spot_6,Spot 6,Occupied,2026-07-14T12:21:31.734913+00:00,205,car,0.863408625125885,662,295.46087646484375,327.03277587890625,352.80438232421875,359.36505126953125
2026-07-14T12:32:32.720648+00:00,spot_7,Spot 7,Empty,2026-07-14T00:18:43.510894+00:00,,,,,,,,
2026-07-14T12:32:32.720648+00:00,spot_8,Spot 8,Occupied,2026-07-14T12:29:02.088410+00:00,207,truck,0.7356548309326172,566,205.62091064453125,320.262939453125,274.6328430175781,355.2626953125
2026-07-14T12:32:32.720648+00:00,spot_9,Spot 9,Empty,2026-07-14T03:02:23.964997+00:00,,,,,,,,
2026-07-14T12:32:32.720648+00:00,spot_10,Spot 10,Empty,2026-07-14T03:06:21.851167+00:00,,,,,,,,
2026-07-14T12:32:32.720648+00:00,spot_11,Spot 11,Empty,2026-07-14T01:03:18.245072+00:00,,,,,,,,
2026-07-14T12:32:32.720648+00:00,spot_12,Spot 12,Empty,2026-07-14T00:46:21.068768+00:00,,,,,,,,
2026-07-14T12:32:32.720648+00:00,spot_13,Spot 13,Empty,2026-07-14T00:35:18.994409+00:00,,,,,,,,
2026-07-14T12:32:32.720648+00:00,spot_14,Spot 14,Empty,2026-07-14T00:48:20.323446+00:00,,,,,,,,
2026-07-14T12:32:32.720648+00:00,spot_15,Spot 15,Empty,2026-07-13T22:18:20.405725+00:00,,,,,,,,
2026-07-14T12:32:32.720648+00:00,spot_16,Spot 16,Empty,2026-07-13T22:35:22.003550+00:00,,,,,,,,
2026-07-14T12:32:32.720648+00:00,spot_17,Spot 17,Empty,2026-07-13T17:46:26.396031+00:00,,,,,,,,
2026-07-14T12:33:13.934002+00:00,spot_1,Spot 1,Empty,2026-07-13T23:54:41.337943+00:00,,,,,,,,
2026-07-14T12:33:13.934002+00:00,spot_2,Spot 2,Occupied,2026-07-14T12:33:13.934002+00:00,199,car,0.772638738155365,1836,490.39599609375,319.8077697753906,549.4730224609375,374.5457458496094
2026-07-14T12:33:13.934002+00:00,spot_3,Spot 3,Empty,2026-07-14T01:48:31.431946+00:00,,,,,,,,
2026-07-14T12:33:13.934002+00:00,spot_4,Spot 4,Occupied,2026-07-14T12:33:13.934002+00:00,213,car,0.4907113313674927,0,376.883544921875,323.4317626953125,441.788330078125,369.45318603515625
2026-07-14T12:33:13.934002+00:00,spot_5,Spot 5,Empty,2026-07-14T12:20:51.937411+00:00,,,,,,,,
2026-07-14T12:33:13.934002+00:00,spot_6,Spot 6,Occupied,2026-07-14T12:21:31.734913+00:00,205,car,0.8755665421485901,702,294.6470642089844,327.0195007324219,352.8898620605469,359.1363220214844
2026-07-14T12:33:13.934002+00:00,spot_7,Spot 7,Empty,2026-07-14T00:18:43.510894+00:00,,,,,,,,
2026-07-14T12:33:13.934002+00:00,spot_8,Spot 8,Occupied,2026-07-14T12:29:02.088410+00:00,207,truck,0.6929614543914795,607,205.81118774414062,320.3014221191406,274.96063232421875,355.0173034667969
2026-07-14T12:33:13.934002+00:00,spot_9,Spot 9,Empty,2026-07-14T03:02:23.964997+00:00,,,,,,,,
2026-07-14T12:33:13.934002+00:00,spot_10,Spot 10,Empty,2026-07-14T03:06:21.851167+00:00,,,,,,,,
2026-07-14T12:33:13.934002+00:00,spot_11,Spot 11,Empty,2026-07-14T01:03:18.245072+00:00,,,,,,,,
2026-07-14T12:33:13.934002+00:00,spot_12,Spot 12,Empty,2026-07-14T00:46:21.068768+00:00,,,,,,,,
2026-07-14T12:33:13.934002+00:00,spot_13,Spot 13,Empty,2026-07-14T00:35:18.994409+00:00,,,,,,,,
2026-07-14T12:33:13.934002+00:00,spot_14,Spot 14,Empty,2026-07-14T00:48:20.323446+00:00,,,,,,,,
2026-07-14T12:33:13.934002+00:00,spot_15,Spot 15,Empty,2026-07-13T22:18:20.405725+00:00,,,,,,,,
2026-07-14T12:33:13.934002+00:00,spot_16,Spot 16,Empty,2026-07-13T22:35:22.003550+00:00,,,,,,,,
2026-07-14T12:33:13.934002+00:00,spot_17,Spot 17,Empty,2026-07-13T17:46:26.396031+00:00,,,,,,,,
2026-07-14T12:33:56.462122+00:00,spot_1,Spot 1,Empty,2026-07-13T23:54:41.337943+00:00,,,,,,,,
2026-07-14T12:33:56.462122+00:00,spot_2,Spot 2,Occupied,2026-07-14T12:33:13.934002+00:00,199,car,0.6418773531913757,1878,490.9721374511719,319.16986083984375,549.45361328125,374.89398193359375
2026-07-14T12:33:56.462122+00:00,spot_3,Spot 3,Empty,2026-07-14T01:48:31.431946+00:00,,,,,,,,
2026-07-14T12:33:56.462122+00:00,spot_4,Spot 4,Occupied,2026-07-14T12:33:13.934002+00:00,213,car,0.4190211892127991,41,377.57415771484375,323.5897216796875,441.85687255859375,369.29296875
2026-07-14T12:33:56.462122+00:00,spot_5,Spot 5,Empty,2026-07-14T12:20:51.937411+00:00,,,,,,,,
2026-07-14T12:33:56.462122+00:00,spot_6,Spot 6,Occupied,2026-07-14T12:21:31.734913+00:00,205,car,0.8827410340309143,744,295.0234375,327.08154296875,352.540771484375,359.405029296875
2026-07-14T12:33:56.462122+00:00,spot_7,Spot 7,Empty,2026-07-14T00:18:43.510894+00:00,,,,,,,,
2026-07-14T12:33:56.462122+00:00,spot_8,Spot 8,Occupied,2026-07-14T12:29:02.088410+00:00,207,truck,0.6808902025222778,648,205.50314331054688,320.5521240234375,274.91229248046875,355.49951171875
2026-07-14T12:33:56.462122+00:00,spot_9,Spot 9,Empty,2026-07-14T03:02:23.964997+00:00,,,,,,,,
2026-07-14T12:33:56.462122+00:00,spot_10,Spot 10,Empty,2026-07-14T03:06:21.851167+00:00,,,,,,,,
2026-07-14T12:33:56.462122+00:00,spot_11,Spot 11,Empty,2026-07-14T01:03:18.245072+00:00,,,,,,,,
2026-07-14T12:33:56.462122+00:00,spot_12,Spot 12,Empty,2026-07-14T00:46:21.068768+00:00,,,,,,,,
2026-07-14T12:33:56.462122+00:00,spot_13,Spot 13,Empty,2026-07-14T00:35:18.994409+00:00,,,,,,,,
2026-07-14T12:33:56.462122+00:00,spot_14,Spot 14,Empty,2026-07-14T00:48:20.323446+00:00,,,,,,,,
2026-07-14T12:33:56.462122+00:00,spot_15,Spot 15,Empty,2026-07-13T22:18:20.405725+00:00,,,,,,,,
2026-07-14T12:33:56.462122+00:00,spot_16,Spot 16,Empty,2026-07-13T22:35:22.003550+00:00,,,,,,,,
2026-07-14T12:33:56.462122+00:00,spot_17,Spot 17,Empty,2026-07-13T17:46:26.396031+00:00,,,,,,,,
2026-07-14T12:34:37.316499+00:00,spot_1,Spot 1,Empty,2026-07-13T23:54:41.337943+00:00,,,,,,,,
2026-07-14T12:34:37.316499+00:00,spot_2,Spot 2,Occupied,2026-07-14T12:33:13.934002+00:00,199,car,0.6418773531913757,1919,490.9721374511719,319.16986083984375,549.45361328125,374.89398193359375
2026-07-14T12:34:37.316499+00:00,spot_3,Spot 3,Empty,2026-07-14T01:48:31.431946+00:00,,,,,,,,
2026-07-14T12:34:37.316499+00:00,spot_4,Spot 4,Occupied,2026-07-14T12:33:13.934002+00:00,213,car,0.4190211892127991,83,377.57415771484375,323.5897216796875,441.85687255859375,369.29296875
2026-07-14T12:34:37.316499+00:00,spot_5,Spot 5,Empty,2026-07-14T12:20:51.937411+00:00,,,,,,,,
2026-07-14T12:34:37.316499+00:00,spot_6,Spot 6,Occupied,2026-07-14T12:21:31.734913+00:00,205,car,0.8827410340309143,786,295.0234375,327.08154296875,352.540771484375,359.405029296875
2026-07-14T12:34:37.316499+00:00,spot_7,Spot 7,Empty,2026-07-14T00:18:43.510894+00:00,,,,,,,,
2026-07-14T12:34:37.316499+00:00,spot_8,Spot 8,Occupied,2026-07-14T12:29:02.088410+00:00,207,truck,0.6808902025222778,690,205.50314331054688,320.5521240234375,274.91229248046875,355.49951171875
2026-07-14T12:34:37.316499+00:00,spot_9,Spot 9,Empty,2026-07-14T03:02:23.964997+00:00,,,,,,,,
2026-07-14T12:34:37.316499+00:00,spot_10,Spot 10,Empty,2026-07-14T03:06:21.851167+00:00,,,,,,,,
2026-07-14T12:34:37.316499+00:00,spot_11,Spot 11,Empty,2026-07-14T01:03:18.245072+00:00,,,,,,,,
2026-07-14T12:34:37.316499+00:00,spot_12,Spot 12,Empty,2026-07-14T00:46:21.068768+00:00,,,,,,,,
2026-07-14T12:34:37.316499+00:00,spot_13,Spot 13,Empty,2026-07-14T00:35:18.994409+00:00,,,,,,,,
2026-07-14T12:34:37.316499+00:00,spot_14,Spot 14,Empty,2026-07-14T00:48:20.323446+00:00,,,,,,,,
2026-07-14T12:34:37.316499+00:00,spot_15,Spot 15,Empty,2026-07-13T22:18:20.405725+00:00,,,,,,,,
2026-07-14T12:34:37.316499+00:00,spot_16,Spot 16,Empty,2026-07-13T22:35:22.003550+00:00,,,,,,,,
2026-07-14T12:34:37.316499+00:00,spot_17,Spot 17,Empty,2026-07-13T17:46:26.396031+00:00,,,,,,,,
2026-07-14T12:35:19.992569+00:00,spot_1,Spot 1,Empty,2026-07-13T23:54:41.337943+00:00,,,,,,,,
2026-07-14T12:35:19.992569+00:00,spot_2,Spot 2,Occupied,2026-07-14T12:33:13.934002+00:00,199,car,0.7458248734474182,1962,491.60089111328125,320.18743896484375,549.4724731445312,374.5689697265625
2026-07-14T12:35:19.992569+00:00,spot_3,Spot 3,Empty,2026-07-14T01:48:31.431946+00:00,,,,,,,,
2026-07-14T12:35:19.992569+00:00,spot_4,Spot 4,Occupied,2026-07-14T12:35:19.992569+00:00,212,truck,0.3961692452430725,166,377.5794677734375,323.36065673828125,441.78143310546875,369.15234375
2026-07-14T12:35:19.992569+00:00,spot_5,Spot 5,Empty,2026-07-14T12:20:51.937411+00:00,,,,,,,,
2026-07-14T12:35:19.992569+00:00,spot_6,Spot 6,Occupied,2026-07-14T12:21:31.734913+00:00,205,car,0.8672023415565491,828,295.03253173828125,327.0430908203125,352.62554931640625,359.6036376953125
2026-07-14T12:35:19.992569+00:00,spot_7,Spot 7,Empty,2026-07-14T00:18:43.510894+00:00,,,,,,,,
2026-07-14T12:35:19.992569+00:00,spot_8,Spot 8,Occupied,2026-07-14T12:29:02.088410+00:00,207,truck,0.5503121018409729,733,205.82540893554688,319.77825927734375,274.9974670410156,355.37554931640625
2026-07-14T12:35:19.992569+00:00,spot_9,Spot 9,Empty,2026-07-14T03:02:23.964997+00:00,,,,,,,,
2026-07-14T12:35:19.992569+00:00,spot_10,Spot 10,Empty,2026-07-14T03:06:21.851167+00:00,,,,,,,,
2026-07-14T12:35:19.992569+00:00,spot_11,Spot 11,Empty,2026-07-14T01:03:18.245072+00:00,,,,,,,,
2026-07-14T12:35:19.992569+00:00,spot_12,Spot 12,Empty,2026-07-14T00:46:21.068768+00:00,,,,,,,,
2026-07-14T12:35:19.992569+00:00,spot_13,Spot 13,Empty,2026-07-14T00:35:18.994409+00:00,,,,,,,,
2026-07-14T12:35:19.992569+00:00,spot_14,Spot 14,Empty,2026-07-14T00:48:20.323446+00:00,,,,,,,,
2026-07-14T12:35:19.992569+00:00,spot_15,Spot 15,Empty,2026-07-13T22:18:20.405725+00:00,,,,,,,,
2026-07-14T12:35:19.992569+00:00,spot_16,Spot 16,Empty,2026-07-13T22:35:22.003550+00:00,,,,,,,,
2026-07-14T12:35:19.992569+00:00,spot_17,Spot 17,Empty,2026-07-13T17:46:26.396031+00:00,,,,,,,,
2026-07-14T12:36:02.488312+00:00,spot_1,Spot 1,Empty,2026-07-13T23:54:41.337943+00:00,,,,,,,,
2026-07-14T12:36:02.488312+00:00,spot_2,Spot 2,Occupied,2026-07-14T12:33:13.934002+00:00,199,car,0.7458248734474182,2004,491.60089111328125,320.18743896484375,549.4724731445312,374.5689697265625
2026-07-14T12:36:02.488312+00:00,spot_3,Spot 3,Empty,2026-07-14T01:48:31.431946+00:00,,,,,,,,
2026-07-14T12:36:02.488312+00:00,spot_4,Spot 4,Occupied,2026-07-14T12:35:19.992569+00:00,212,truck,0.3961692452430725,208,377.5794677734375,323.36065673828125,441.78143310546875,369.15234375
2026-07-14T12:36:02.488312+00:00,spot_5,Spot 5,Empty,2026-07-14T12:20:51.937411+00:00,,,,,,,,
2026-07-14T12:36:02.488312+00:00,spot_6,Spot 6,Occupied,2026-07-14T12:21:31.734913+00:00,205,car,0.8672023415565491,871,295.03253173828125,327.0430908203125,352.62554931640625,359.6036376953125
2026-07-14T12:36:02.488312+00:00,spot_7,Spot 7,Empty,2026-07-14T00:18:43.510894+00:00,,,,,,,,
2026-07-14T12:36:02.488312+00:00,spot_8,Spot 8,Occupied,2026-07-14T12:29:02.088410+00:00,207,truck,0.5503121018409729,775,205.82540893554688,319.77825927734375,274.9974670410156,355.37554931640625
2026-07-14T12:36:02.488312+00:00,spot_9,Spot 9,Empty,2026-07-14T03:02:23.964997+00:00,,,,,,,,
2026-07-14T12:36:02.488312+00:00,spot_10,Spot 10,Empty,2026-07-14T03:06:21.851167+00:00,,,,,,,,
2026-07-14T12:36:02.488312+00:00,spot_11,Spot 11,Empty,2026-07-14T01:03:18.245072+00:00,,,,,,,,
2026-07-14T12:36:02.488312+00:00,spot_12,Spot 12,Empty,2026-07-14T00:46:21.068768+00:00,,,,,,,,
2026-07-14T12:36:02.488312+00:00,spot_13,Spot 13,Empty,2026-07-14T00:35:18.994409+00:00,,,,,,,,
2026-07-14T12:36:02.488312+00:00,spot_14,Spot 14,Empty,2026-07-14T00:48:20.323446+00:00,,,,,,,,
2026-07-14T12:36:02.488312+00:00,spot_15,Spot 15,Empty,2026-07-13T22:18:20.405725+00:00,,,,,,,,
2026-07-14T12:36:02.488312+00:00,spot_16,Spot 16,Empty,2026-07-13T22:35:22.003550+00:00,,,,,,,,
2026-07-14T12:36:02.488312+00:00,spot_17,Spot 17,Empty,2026-07-13T17:46:26.396031+00:00,,,,,,,,
2026-07-14T12:36:44.499163+00:00,spot_1,Spot 1,Empty,2026-07-13T23:54:41.337943+00:00,,,,,,,,
2026-07-14T12:36:44.499163+00:00,spot_2,Spot 2,Occupied,2026-07-14T12:36:44.499163+00:00,215,truck,0.4120737612247467,0,492.6671142578125,321.44635009765625,549.6259765625,374.63372802734375
2026-07-14T12:36:44.499163+00:00,spot_3,Spot 3,Empty,2026-07-14T01:48:31.431946+00:00,,,,,,,,
2026-07-14T12:36:44.499163+00:00,spot_4,Spot 4,Occupied,2026-07-14T12:36:44.499163+00:00,213,car,0.49202460050582886,210,377.0726013183594,325.5143737792969,426.2444152832031,369.5711364746094
2026-07-14T12:36:44.499163+00:00,spot_5,Spot 5,Empty,2026-07-14T12:20:51.937411+00:00,,,,,,,,
2026-07-14T12:36:44.499163+00:00,spot_6,Spot 6,Occupied,2026-07-14T12:21:31.734913+00:00,205,car,0.8314144611358643,913,294.805908203125,326.644287109375,352.9029541015625,359.16241455078125
2026-07-14T12:36:44.499163+00:00,spot_7,Spot 7,Empty,2026-07-14T00:18:43.510894+00:00,,,,,,,,
2026-07-14T12:36:44.499163+00:00,spot_8,Spot 8,Occupied,2026-07-14T12:29:02.088410+00:00,207,truck,0.6687530875205994,817,205.82110595703125,320.36181640625,274.4189453125,355.016357421875
2026-07-14T12:36:44.499163+00:00,spot_9,Spot 9,Empty,2026-07-14T03:02:23.964997+00:00,,,,,,,,
2026-07-14T12:36:44.499163+00:00,spot_10,Spot 10,Empty,2026-07-14T03:06:21.851167+00:00,,,,,,,,
2026-07-14T12:36:44.499163+00:00,spot_11,Spot 11,Empty,2026-07-14T01:03:18.245072+00:00,,,,,,,,
2026-07-14T12:36:44.499163+00:00,spot_12,Spot 12,Empty,2026-07-14T00:46:21.068768+00:00,,,,,,,,
2026-07-14T12:36:44.499163+00:00,spot_13,Spot 13,Empty,2026-07-14T00:35:18.994409+00:00,,,,,,,,
2026-07-14T12:36:44.499163+00:00,spot_14,Spot 14,Empty,2026-07-14T00:48:20.323446+00:00,,,,,,,,
2026-07-14T12:36:44.499163+00:00,spot_15,Spot 15,Occupied,2026-07-14T12:36:44.499163+00:00,214,car,0.8065431714057922,0,29.55523681640625,322.17535400390625,85.74561309814453,355.25482177734375
2026-07-14T12:36:44.499163+00:00,spot_16,Spot 16,Empty,2026-07-13T22:35:22.003550+00:00,,,,,,,,
2026-07-14T12:36:44.499163+00:00,spot_17,Spot 17,Empty,2026-07-13T17:46:26.396031+00:00,,,,,,,,
2026-07-14T12:37:27.062502+00:00,spot_1,Spot 1,Empty,2026-07-13T23:54:41.337943+00:00,,,,,,,,
2026-07-14T12:37:27.062502+00:00,spot_2,Spot 2,Occupied,2026-07-14T12:37:27.062502+00:00,199,car,0.6152413487434387,2090,491.8211669921875,318.18621826171875,549.62890625,374.54974365234375
2026-07-14T12:37:27.062502+00:00,spot_3,Spot 3,Empty,2026-07-14T01:48:31.431946+00:00,,,,,,,,
2026-07-14T12:37:27.062502+00:00,spot_4,Spot 4,Occupied,2026-07-14T12:36:44.499163+00:00,213,car,0.4342419505119324,254,377.38482666015625,325.329345703125,426.81439208984375,368.8203125
2026-07-14T12:37:27.062502+00:00,spot_5,Spot 5,Empty,2026-07-14T12:20:51.937411+00:00,,,,,,,,
2026-07-14T12:37:27.062502+00:00,spot_6,Spot 6,Occupied,2026-07-14T12:21:31.734913+00:00,205,car,0.8580179214477539,957,295.25836181640625,327.00506591796875,352.72882080078125,359.53839111328125
2026-07-14T12:37:27.062502+00:00,spot_7,Spot 7,Empty,2026-07-14T00:18:43.510894+00:00,,,,,,,,
2026-07-14T12:37:27.062502+00:00,spot_8,Spot 8,Occupied,2026-07-14T12:29:02.088410+00:00,207,truck,0.5980933308601379,861,205.55880737304688,320.4886474609375,274.2154541015625,355.22265625
2026-07-14T12:37:27.062502+00:00,spot_9,Spot 9,Empty,2026-07-14T03:02:23.964997+00:00,,,,,,,,
2026-07-14T12:37:27.062502+00:00,spot_10,Spot 10,Empty,2026-07-14T03:06:21.851167+00:00,,,,,,,,
2026-07-14T12:37:27.062502+00:00,spot_11,Spot 11,Empty,2026-07-14T01:03:18.245072+00:00,,,,,,,,
2026-07-14T12:37:27.062502+00:00,spot_12,Spot 12,Empty,2026-07-14T00:46:21.068768+00:00,,,,,,,,
2026-07-14T12:37:27.062502+00:00,spot_13,Spot 13,Empty,2026-07-14T00:35:18.994409+00:00,,,,,,,,
2026-07-14T12:37:27.062502+00:00,spot_14,Spot 14,Empty,2026-07-14T00:48:20.323446+00:00,,,,,,,,
2026-07-14T12:37:27.062502+00:00,spot_15,Spot 15,Empty,2026-07-14T12:37:27.062502+00:00,,,,,,,,
2026-07-14T12:37:27.062502+00:00,spot_16,Spot 16,Empty,2026-07-13T22:35:22.003550+00:00,,,,,,,,
2026-07-14T12:37:27.062502+00:00,spot_17,Spot 17,Empty,2026-07-13T17:46:26.396031+00:00,,,,,,,,
2026-07-14T12:38:08.370113+00:00,spot_1,Spot 1,Empty,2026-07-13T23:54:41.337943+00:00,,,,,,,,
2026-07-14T12:38:08.370113+00:00,spot_2,Spot 2,Occupied,2026-07-14T12:37:27.062502+00:00,199,car,0.6914060115814209,2130,492.06982421875,319.54949951171875,549.294189453125,374.86737060546875
2026-07-14T12:38:08.370113+00:00,spot_3,Spot 3,Empty,2026-07-14T01:48:31.431946+00:00,,,,,,,,
2026-07-14T12:38:08.370113+00:00,spot_4,Spot 4,Occupied,2026-07-14T12:38:08.370113+00:00,212,truck,0.5533157587051392,334,377.3433532714844,322.6998291015625,441.4998474121094,369.361328125
2026-07-14T12:38:08.370113+00:00,spot_5,Spot 5,Empty,2026-07-14T12:20:51.937411+00:00,,,,,,,,
2026-07-14T12:38:08.370113+00:00,spot_6,Spot 6,Occupied,2026-07-14T12:21:31.734913+00:00,205,car,0.8873772621154785,997,294.7890930175781,327.1145935058594,352.8492126464844,359.6430969238281
2026-07-14T12:38:08.370113+00:00,spot_7,Spot 7,Empty,2026-07-14T00:18:43.510894+00:00,,,,,,,,
2026-07-14T12:38:08.370113+00:00,spot_8,Spot 8,Occupied,2026-07-14T12:29:02.088410+00:00,207,truck,0.5383976101875305,901,205.7276611328125,321.44476318359375,274.6187744140625,355.80963134765625
2026-07-14T12:38:08.370113+00:00,spot_9,Spot 9,Empty,2026-07-14T03:02:23.964997+00:00,,,,,,,,
2026-07-14T12:38:08.370113+00:00,spot_10,Spot 10,Empty,2026-07-14T03:06:21.851167+00:00,,,,,,,,
2026-07-14T12:38:08.370113+00:00,spot_11,Spot 11,Empty,2026-07-14T01:03:18.245072+00:00,,,,,,,,
2026-07-14T12:38:08.370113+00:00,spot_12,Spot 12,Empty,2026-07-14T00:46:21.068768+00:00,,,,,,,,
2026-07-14T12:38:08.370113+00:00,spot_13,Spot 13,Empty,2026-07-14T00:35:18.994409+00:00,,,,,,,,
2026-07-14T12:38:08.370113+00:00,spot_14,Spot 14,Empty,2026-07-14T00:48:20.323446+00:00,,,,,,,,
2026-07-14T12:38:08.370113+00:00,spot_15,Spot 15,Empty,2026-07-14T12:37:27.062502+00:00,,,,,,,,
2026-07-14T12:38:08.370113+00:00,spot_16,Spot 16,Empty,2026-07-13T22:35:22.003550+00:00,,,,,,,,
2026-07-14T12:38:08.370113+00:00,spot_17,Spot 17,Empty,2026-07-13T17:46:26.396031+00:00,,,,,,,,
2026-07-14T12:38:50.973376+00:00,spot_1,Spot 1,Empty,2026-07-13T23:54:41.337943+00:00,,,,,,,,
2026-07-14T12:38:50.973376+00:00,spot_2,Spot 2,Occupied,2026-07-14T12:37:27.062502+00:00,199,car,0.6914060115814209,2174,492.06982421875,319.54949951171875,549.294189453125,374.86737060546875
2026-07-14T12:38:50.973376+00:00,spot_3,Spot 3,Empty,2026-07-14T01:48:31.431946+00:00,,,,,,,,
2026-07-14T12:38:50.973376+00:00,spot_4,Spot 4,Occupied,2026-07-14T12:38:08.370113+00:00,212,truck,0.5533157587051392,378,377.3433532714844,322.6998291015625,441.4998474121094,369.361328125
2026-07-14T12:38:50.973376+00:00,spot_5,Spot 5,Empty,2026-07-14T12:20:51.937411+00:00,,,,,,,,
2026-07-14T12:38:50.973376+00:00,spot_6,Spot 6,Occupied,2026-07-14T12:21:31.734913+00:00,205,car,0.8873772621154785,1040,294.7890930175781,327.1145935058594,352.8492126464844,359.6430969238281
2026-07-14T12:38:50.973376+00:00,spot_7,Spot 7,Empty,2026-07-14T00:18:43.510894+00:00,,,,,,,,
2026-07-14T12:38:50.973376+00:00,spot_8,Spot 8,Occupied,2026-07-14T12:29:02.088410+00:00,207,truck,0.5383976101875305,944,205.7276611328125,321.44476318359375,274.6187744140625,355.80963134765625
2026-07-14T12:38:50.973376+00:00,spot_9,Spot 9,Empty,2026-07-14T03:02:23.964997+00:00,,,,,,,,
2026-07-14T12:38:50.973376+00:00,spot_10,Spot 10,Empty,2026-07-14T03:06:21.851167+00:00,,,,,,,,
2026-07-14T12:38:50.973376+00:00,spot_11,Spot 11,Empty,2026-07-14T01:03:18.245072+00:00,,,,,,,,
2026-07-14T12:38:50.973376+00:00,spot_12,Spot 12,Empty,2026-07-14T00:46:21.068768+00:00,,,,,,,,
2026-07-14T12:38:50.973376+00:00,spot_13,Spot 13,Empty,2026-07-14T00:35:18.994409+00:00,,,,,,,,
2026-07-14T12:38:50.973376+00:00,spot_14,Spot 14,Empty,2026-07-14T00:48:20.323446+00:00,,,,,,,,
2026-07-14T12:38:50.973376+00:00,spot_15,Spot 15,Empty,2026-07-14T12:37:27.062502+00:00,,,,,,,,
2026-07-14T12:38:50.973376+00:00,spot_16,Spot 16,Empty,2026-07-13T22:35:22.003550+00:00,,,,,,,,
2026-07-14T12:38:50.973376+00:00,spot_17,Spot 17,Empty,2026-07-13T17:46:26.396031+00:00,,,,,,,,
2026-07-14T12:39:32.678316+00:00,spot_1,Spot 1,Empty,2026-07-13T23:54:41.337943+00:00,,,,,,,,
2026-07-14T12:39:32.678316+00:00,spot_2,Spot 2,Occupied,2026-07-14T12:39:32.678316+00:00,215,truck,0.5081002712249756,168,493.0526123046875,319.74932861328125,549.3253173828125,374.63165283203125
2026-07-14T12:39:32.678316+00:00,spot_3,Spot 3,Empty,2026-07-14T01:48:31.431946+00:00,,,,,,,,
2026-07-14T12:39:32.678316+00:00,spot_4,Spot 4,Empty,2026-07-14T12:39:32.678316+00:00,,,,,,,,
2026-07-14T12:39:32.678316+00:00,spot_5,Spot 5,Empty,2026-07-14T12:20:51.937411+00:00,,,,,,,,
2026-07-14T12:39:32.678316+00:00,spot_6,Spot 6,Occupied,2026-07-14T12:21:31.734913+00:00,205,car,0.8730607628822327,1081,295.10064697265625,327.2871398925781,352.87689208984375,359.4974670410156
2026-07-14T12:39:32.678316+00:00,spot_7,Spot 7,Empty,2026-07-14T00:18:43.510894+00:00,,,,,,,,
2026-07-14T12:39:32.678316+00:00,spot_8,Spot 8,Occupied,2026-07-14T12:29:02.088410+00:00,207,truck,0.6780657768249512,986,205.8797607421875,320.43603515625,275.1686706542969,355.6378173828125
2026-07-14T12:39:32.678316+00:00,spot_9,Spot 9,Empty,2026-07-14T03:02:23.964997+00:00,,,,,,,,
2026-07-14T12:39:32.678316+00:00,spot_10,Spot 10,Empty,2026-07-14T03:06:21.851167+00:00,,,,,,,,
2026-07-14T12:39:32.678316+00:00,spot_11,Spot 11,Empty,2026-07-14T01:03:18.245072+00:00,,,,,,,,
2026-07-14T12:39:32.678316+00:00,spot_12,Spot 12,Empty,2026-07-14T00:46:21.068768+00:00,,,,,,,,
2026-07-14T12:39:32.678316+00:00,spot_13,Spot 13,Empty,2026-07-14T00:35:18.994409+00:00,,,,,,,,
2026-07-14T12:39:32.678316+00:00,spot_14,Spot 14,Empty,2026-07-14T00:48:20.323446+00:00,,,,,,,,
2026-07-14T12:39:32.678316+00:00,spot_15,Spot 15,Empty,2026-07-14T12:37:27.062502+00:00,,,,,,,,
2026-07-14T12:39:32.678316+00:00,spot_16,Spot 16,Empty,2026-07-13T22:35:22.003550+00:00,,,,,,,,
2026-07-14T12:39:32.678316+00:00,spot_17,Spot 17,Empty,2026-07-13T17:46:26.396031+00:00,,,,,,,,
2026-07-14T12:40:12.888967+00:00,spot_1,Spot 1,Empty,2026-07-13T23:54:41.337943+00:00,,,,,,,,
2026-07-14T12:40:12.888967+00:00,spot_2,Spot 2,Occupied,2026-07-14T12:40:12.888967+00:00,199,car,0.625205934047699,2256,491.74285888671875,318.18280029296875,549.5805053710938,374.64239501953125
2026-07-14T12:40:12.888967+00:00,spot_3,Spot 3,Empty,2026-07-14T01:48:31.431946+00:00,,,,,,,,
2026-07-14T12:40:12.888967+00:00,spot_4,Spot 4,Occupied,2026-07-14T12:40:12.888967+00:00,213,car,0.6665845513343811,419,377.2433776855469,327.04608154296875,425.7542419433594,369.04608154296875
2026-07-14T12:40:12.888967+00:00,spot_5,Spot 5,Empty,2026-07-14T12:20:51.937411+00:00,,,,,,,,
2026-07-14T12:40:12.888967+00:00,spot_6,Spot 6,Occupied,2026-07-14T12:21:31.734913+00:00,205,car,0.863823652267456,1122,295.3717346191406,326.94378662109375,352.6332702636719,359.43426513671875
2026-07-14T12:40:12.888967+00:00,spot_7,Spot 7,Empty,2026-07-14T00:18:43.510894+00:00,,,,,,,,
2026-07-14T12:40:12.888967+00:00,spot_8,Spot 8,Occupied,2026-07-14T12:29:02.088410+00:00,207,truck,0.5672670006752014,1027,205.86123657226562,321.9093017578125,274.6213073730469,355.371826171875
2026-07-14T12:40:12.888967+00:00,spot_9,Spot 9,Empty,2026-07-14T03:02:23.964997+00:00,,,,,,,,
2026-07-14T12:40:12.888967+00:00,spot_10,Spot 10,Empty,2026-07-14T03:06:21.851167+00:00,,,,,,,,
2026-07-14T12:40:12.888967+00:00,spot_11,Spot 11,Empty,2026-07-14T01:03:18.245072+00:00,,,,,,,,
2026-07-14T12:40:12.888967+00:00,spot_12,Spot 12,Empty,2026-07-14T00:46:21.068768+00:00,,,,,,,,
2026-07-14T12:40:12.888967+00:00,spot_13,Spot 13,Empty,2026-07-14T00:35:18.994409+00:00,,,,,,,,
2026-07-14T12:40:12.888967+00:00,spot_14,Spot 14,Empty,2026-07-14T00:48:20.323446+00:00,,,,,,,,
2026-07-14T12:40:12.888967+00:00,spot_15,Spot 15,Empty,2026-07-14T12:37:27.062502+00:00,,,,,,,,
2026-07-14T12:40:12.888967+00:00,spot_16,Spot 16,Empty,2026-07-13T22:35:22.003550+00:00,,,,,,,,
2026-07-14T12:40:12.888967+00:00,spot_17,Spot 17,Empty,2026-07-13T17:46:26.396031+00:00,,,,,,,,
2026-07-14T12:41:12.147001+00:00,spot_1,Spot 1,Empty,2026-07-13T23:54:41.337943+00:00,,,,,,,,
2026-07-14T12:41:12.147001+00:00,spot_2,Spot 2,Occupied,2026-07-14T12:40:12.888967+00:00,199,car,0.625205934047699,2318,491.74285888671875,318.18280029296875,549.5805053710938,374.64239501953125
2026-07-14T12:41:12.147001+00:00,spot_3,Spot 3,Empty,2026-07-14T01:48:31.431946+00:00,,,,,,,,
2026-07-14T12:41:12.147001+00:00,spot_4,Spot 4,Occupied,2026-07-14T12:40:12.888967+00:00,213,car,0.6665845513343811,481,377.2433776855469,327.04608154296875,425.7542419433594,369.04608154296875
2026-07-14T12:41:12.147001+00:00,spot_5,Spot 5,Empty,2026-07-14T12:20:51.937411+00:00,,,,,,,,
2026-07-14T12:41:12.147001+00:00,spot_6,Spot 6,Occupied,2026-07-14T12:21:31.734913+00:00,205,car,0.863823652267456,1184,295.3717346191406,326.94378662109375,352.6332702636719,359.43426513671875
2026-07-14T12:41:12.147001+00:00,spot_7,Spot 7,Empty,2026-07-14T00:18:43.510894+00:00,,,,,,,,
2026-07-14T12:41:12.147001+00:00,spot_8,Spot 8,Occupied,2026-07-14T12:29:02.088410+00:00,207,truck,0.5672670006752014,1089,205.86123657226562,321.9093017578125,274.6213073730469,355.371826171875
2026-07-14T12:41:12.147001+00:00,spot_9,Spot 9,Empty,2026-07-14T03:02:23.964997+00:00,,,,,,,,
2026-07-14T12:41:12.147001+00:00,spot_10,Spot 10,Empty,2026-07-14T03:06:21.851167+00:00,,,,,,,,
2026-07-14T12:41:12.147001+00:00,spot_11,Spot 11,Empty,2026-07-14T01:03:18.245072+00:00,,,,,,,,
2026-07-14T12:41:12.147001+00:00,spot_12,Spot 12,Empty,2026-07-14T00:46:21.068768+00:00,,,,,,,,
2026-07-14T12:41:12.147001+00:00,spot_13,Spot 13,Empty,2026-07-14T00:35:18.994409+00:00,,,,,,,,
2026-07-14T12:41:12.147001+00:00,spot_14,Spot 14,Empty,2026-07-14T00:48:20.323446+00:00,,,,,,,,
2026-07-14T12:41:12.147001+00:00,spot_15,Spot 15,Empty,2026-07-14T12:37:27.062502+00:00,,,,,,,,
2026-07-14T12:41:12.147001+00:00,spot_16,Spot 16,Empty,2026-07-13T22:35:22.003550+00:00,,,,,,,,
2026-07-14T12:41:12.147001+00:00,spot_17,Spot 17,Empty,2026-07-13T17:46:26.396031+00:00,,,,,,,,
2026-07-14T12:42:00.112839+00:00,spot_1,Spot 1,Occupied,2026-07-14T12:42:00.112839+00:00,216,car,0.7376503348350525,0,570.59716796875,319.6141052246094,608.087646484375,361.6543273925781
2026-07-14T12:42:00.112839+00:00,spot_2,Spot 2,Occupied,2026-07-14T12:40:12.888967+00:00,199,car,0.654302179813385,2363,492.57891845703125,322.111572265625,549.3934936523438,374.7996826171875
2026-07-14T12:42:00.112839+00:00,spot_3,Spot 3,Empty,2026-07-14T01:48:31.431946+00:00,,,,,,,,
2026-07-14T12:42:00.112839+00:00,spot_4,Spot 4,Occupied,2026-07-14T12:42:00.112839+00:00,217,truck,0.626439094543457,0,377.1798095703125,325.6875915527344,439.1947021484375,369.2648010253906
2026-07-14T12:42:00.112839+00:00,spot_5,Spot 5,Empty,2026-07-14T12:20:51.937411+00:00,,,,,,,,
2026-07-14T12:42:00.112839+00:00,spot_6,Spot 6,Occupied,2026-07-14T12:21:31.734913+00:00,205,car,0.7825866937637329,1230,293.84698486328125,326.7711181640625,352.32208251953125,359.6087646484375
2026-07-14T12:42:00.112839+00:00,spot_7,Spot 7,Empty,2026-07-14T00:18:43.510894+00:00,,,,,,,,
2026-07-14T12:42:00.112839+00:00,spot_8,Spot 8,Occupied,2026-07-14T12:29:02.088410+00:00,207,truck,0.6472159624099731,1134,205.66482543945312,322.90313720703125,274.77044677734375,355.58734130859375
2026-07-14T12:42:00.112839+00:00,spot_9,Spot 9,Empty,2026-07-14T03:02:23.964997+00:00,,,,,,,,
2026-07-14T12:42:00.112839+00:00,spot_10,Spot 10,Empty,2026-07-14T03:06:21.851167+00:00,,,,,,,,
2026-07-14T12:42:00.112839+00:00,spot_11,Spot 11,Empty,2026-07-14T01:03:18.245072+00:00,,,,,,,,
2026-07-14T12:42:00.112839+00:00,spot_12,Spot 12,Empty,2026-07-14T00:46:21.068768+00:00,,,,,,,,
2026-07-14T12:42:00.112839+00:00,spot_13,Spot 13,Empty,2026-07-14T00:35:18.994409+00:00,,,,,,,,
2026-07-14T12:42:00.112839+00:00,spot_14,Spot 14,Empty,2026-07-14T00:48:20.323446+00:00,,,,,,,,
2026-07-14T12:42:00.112839+00:00,spot_15,Spot 15,Empty,2026-07-14T12:37:27.062502+00:00,,,,,,,,
2026-07-14T12:42:00.112839+00:00,spot_16,Spot 16,Empty,2026-07-13T22:35:22.003550+00:00,,,,,,,,
2026-07-14T12:42:00.112839+00:00,spot_17,Spot 17,Empty,2026-07-13T17:46:26.396031+00:00,,,,,,,,
2026-07-14T12:42:53.130391+00:00,spot_1,Spot 1,Occupied,2026-07-14T12:42:00.112839+00:00,216,car,0.6165205836296082,53,569.975830078125,319.5499267578125,607.982666015625,361.33135986328125
2026-07-14T12:42:53.130391+00:00,spot_2,Spot 2,Occupied,2026-07-14T12:40:12.888967+00:00,199,car,0.4219127595424652,2417,491.26025390625,321.989013671875,549.351318359375,374.65411376953125
2026-07-14T12:42:53.130391+00:00,spot_3,Spot 3,Empty,2026-07-14T01:48:31.431946+00:00,,,,,,,,
2026-07-14T12:42:53.130391+00:00,spot_4,Spot 4,Occupied,2026-07-14T12:42:53.130391+00:00,213,car,0.5705825686454773,581,376.873779296875,334.51019287109375,425.758544921875,369.2845458984375
2026-07-14T12:42:53.130391+00:00,spot_5,Spot 5,Empty,2026-07-14T12:20:51.937411+00:00,,,,,,,,
2026-07-14T12:42:53.130391+00:00,spot_6,Spot 6,Occupied,2026-07-14T12:21:31.734913+00:00,205,car,0.7855210900306702,1284,294.20068359375,326.7889709472656,351.9501953125,358.6174621582031
2026-07-14T12:42:53.130391+00:00,spot_7,Spot 7,Empty,2026-07-14T00:18:43.510894+00:00,,,,,,,,
2026-07-14T12:42:53.130391+00:00,spot_8,Spot 8,Occupied,2026-07-14T12:29:02.088410+00:00,207,truck,0.46187829971313477,1188,204.76315307617188,321.70343017578125,274.3441467285156,355.25030517578125
2026-07-14T12:42:53.130391+00:00,spot_9,Spot 9,Empty,2026-07-14T03:02:23.964997+00:00,,,,,,,,
2026-07-14T12:42:53.130391+00:00,spot_10,Spot 10,Empty,2026-07-14T03:06:21.851167+00:00,,,,,,,,
2026-07-14T12:42:53.130391+00:00,spot_11,Spot 11,Empty,2026-07-14T01:03:18.245072+00:00,,,,,,,,
2026-07-14T12:42:53.130391+00:00,spot_12,Spot 12,Empty,2026-07-14T00:46:21.068768+00:00,,,,,,,,
2026-07-14T12:42:53.130391+00:00,spot_13,Spot 13,Empty,2026-07-14T00:35:18.994409+00:00,,,,,,,,
2026-07-14T12:42:53.130391+00:00,spot_14,Spot 14,Empty,2026-07-14T00:48:20.323446+00:00,,,,,,,,
2026-07-14T12:42:53.130391+00:00,spot_15,Spot 15,Empty,2026-07-14T12:37:27.062502+00:00,,,,,,,,
2026-07-14T12:42:53.130391+00:00,spot_16,Spot 16,Empty,2026-07-13T22:35:22.003550+00:00,,,,,,,,
2026-07-14T12:42:53.130391+00:00,spot_17,Spot 17,Empty,2026-07-13T17:46:26.396031+00:00,,,,,,,,
2026-07-14T12:43:44.853927+00:00,spot_1,Spot 1,Occupied,2026-07-14T12:42:00.112839+00:00,216,car,0.6004616022109985,105,569.7706909179688,319.63031005859375,608.4951782226562,361.11712646484375
2026-07-14T12:43:44.853927+00:00,spot_2,Spot 2,Occupied,2026-07-14T12:43:44.853927+00:00,218,truck,0.5553436279296875,51,491.63775634765625,319.9135437011719,548.1990356445312,374.8299865722656
2026-07-14T12:43:44.853927+00:00,spot_3,Spot 3,Empty,2026-07-14T01:48:31.431946+00:00,,,,,,,,
2026-07-14T12:43:44.853927+00:00,spot_4,Spot 4,Occupied,2026-07-14T12:42:53.130391+00:00,213,car,0.8084943294525146,632,376.75775146484375,334.3833312988281,426.438232421875,369.0395202636719
2026-07-14T12:43:44.853927+00:00,spot_5,Spot 5,Empty,2026-07-14T12:20:51.937411+00:00,,,,,,,,
2026-07-14T12:43:44.853927+00:00,spot_6,Spot 6,Occupied,2026-07-14T12:21:31.734913+00:00,205,car,0.7505483031272888,1335,294.390380859375,326.81640625,352.1376953125,358.4854736328125
2026-07-14T12:43:44.853927+00:00,spot_7,Spot 7,Empty,2026-07-14T00:18:43.510894+00:00,,,,,,,,
2026-07-14T12:43:44.853927+00:00,spot_8,Spot 8,Occupied,2026-07-14T12:29:02.088410+00:00,207,truck,0.422261506319046,1240,206.07101440429688,322.8153076171875,274.2654724121094,355.47802734375
2026-07-14T12:43:44.853927+00:00,spot_9,Spot 9,Empty,2026-07-14T03:02:23.964997+00:00,,,,,,,,
2026-07-14T12:43:44.853927+00:00,spot_10,Spot 10,Empty,2026-07-14T03:06:21.851167+00:00,,,,,,,,
2026-07-14T12:43:44.853927+00:00,spot_11,Spot 11,Empty,2026-07-14T01:03:18.245072+00:00,,,,,,,,
2026-07-14T12:43:44.853927+00:00,spot_12,Spot 12,Empty,2026-07-14T00:46:21.068768+00:00,,,,,,,,
2026-07-14T12:43:44.853927+00:00,spot_13,Spot 13,Empty,2026-07-14T00:35:18.994409+00:00,,,,,,,,
2026-07-14T12:43:44.853927+00:00,spot_14,Spot 14,Empty,2026-07-14T00:48:20.323446+00:00,,,,,,,,
2026-07-14T12:43:44.853927+00:00,spot_15,Spot 15,Empty,2026-07-14T12:37:27.062502+00:00,,,,,,,,
2026-07-14T12:43:44.853927+00:00,spot_16,Spot 16,Empty,2026-07-13T22:35:22.003550+00:00,,,,,,,,
2026-07-14T12:43:44.853927+00:00,spot_17,Spot 17,Empty,2026-07-13T17:46:26.396031+00:00,,,,,,,,
2026-07-14T12:44:26.466066+00:00,spot_1,Spot 1,Occupied,2026-07-14T12:42:00.112839+00:00,216,car,0.6004616022109985,146,569.7706909179688,319.63031005859375,608.4951782226562,361.11712646484375
2026-07-14T12:44:26.466066+00:00,spot_2,Spot 2,Occupied,2026-07-14T12:43:44.853927+00:00,218,truck,0.5553436279296875,92,491.63775634765625,319.9135437011719,548.1990356445312,374.8299865722656
2026-07-14T12:44:26.466066+00:00,spot_3,Spot 3,Empty,2026-07-14T01:48:31.431946+00:00,,,,,,,,
2026-07-14T12:44:26.466066+00:00,spot_4,Spot 4,Occupied,2026-07-14T12:42:53.130391+00:00,213,car,0.8084943294525146,673,376.75775146484375,334.3833312988281,426.438232421875,369.0395202636719
2026-07-14T12:44:26.466066+00:00,spot_5,Spot 5,Empty,2026-07-14T12:20:51.937411+00:00,,,,,,,,
2026-07-14T12:44:26.466066+00:00,spot_6,Spot 6,Occupied,2026-07-14T12:21:31.734913+00:00,205,car,0.7505483031272888,1376,294.390380859375,326.81640625,352.1376953125,358.4854736328125
2026-07-14T12:44:26.466066+00:00,spot_7,Spot 7,Empty,2026-07-14T00:18:43.510894+00:00,,,,,,,,
2026-07-14T12:44:26.466066+00:00,spot_8,Spot 8,Occupied,2026-07-14T12:29:02.088410+00:00,207,truck,0.422261506319046,1280,206.07101440429688,322.8153076171875,274.2654724121094,355.47802734375
2026-07-14T12:44:26.466066+00:00,spot_9,Spot 9,Empty,2026-07-14T03:02:23.964997+00:00,,,,,,,,
2026-07-14T12:44:26.466066+00:00,spot_10,Spot 10,Empty,2026-07-14T03:06:21.851167+00:00,,,,,,,,
2026-07-14T12:44:26.466066+00:00,spot_11,Spot 11,Empty,2026-07-14T01:03:18.245072+00:00,,,,,,,,
2026-07-14T12:44:26.466066+00:00,spot_12,Spot 12,Empty,2026-07-14T00:46:21.068768+00:00,,,,,,,,
2026-07-14T12:44:26.466066+00:00,spot_13,Spot 13,Empty,2026-07-14T00:35:18.994409+00:00,,,,,,,,
2026-07-14T12:44:26.466066+00:00,spot_14,Spot 14,Empty,2026-07-14T00:48:20.323446+00:00,,,,,,,,
2026-07-14T12:44:26.466066+00:00,spot_15,Spot 15,Empty,2026-07-14T12:37:27.062502+00:00,,,,,,,,
2026-07-14T12:44:26.466066+00:00,spot_16,Spot 16,Empty,2026-07-13T22:35:22.003550+00:00,,,,,,,,
2026-07-14T12:44:26.466066+00:00,spot_17,Spot 17,Empty,2026-07-13T17:46:26.396031+00:00,,,,,,,,
2026-07-14T12:45:18.931185+00:00,spot_1,Spot 1,Occupied,2026-07-14T12:42:00.112839+00:00,216,car,0.8028407096862793,199,570.783203125,319.14996337890625,608.349609375,360.93304443359375
2026-07-14T12:45:18.931185+00:00,spot_2,Spot 2,Occupied,2026-07-14T12:45:18.931185+00:00,199,car,0.7961446642875671,2563,493.661376953125,321.1473388671875,549.08837890625,374.8016357421875
2026-07-14T12:45:18.931185+00:00,spot_3,Spot 3,Empty,2026-07-14T01:48:31.431946+00:00,,,,,,,,
2026-07-14T12:45:18.931185+00:00,spot_4,Spot 4,Occupied,2026-07-14T12:42:53.130391+00:00,213,car,0.786281406879425,726,376.88861083984375,327.77197265625,426.87518310546875,368.58685302734375
2026-07-14T12:45:18.931185+00:00,spot_5,Spot 5,Empty,2026-07-14T12:20:51.937411+00:00,,,,,,,,
2026-07-14T12:45:18.931185+00:00,spot_6,Spot 6,Occupied,2026-07-14T12:21:31.734913+00:00,205,car,0.7417299151420593,1429,294.7553405761719,326.7188720703125,352.2124328613281,358.524658203125
2026-07-14T12:45:18.931185+00:00,spot_7,Spot 7,Empty,2026-07-14T00:18:43.510894+00:00,,,,,,,,
2026-07-14T12:45:18.931185+00:00,spot_8,Spot 8,Empty,2026-07-14T12:45:18.931185+00:00,,,,,,,,
2026-07-14T12:45:18.931185+00:00,spot_9,Spot 9,Empty,2026-07-14T03:02:23.964997+00:00,,,,,,,,
2026-07-14T12:45:18.931185+00:00,spot_10,Spot 10,Empty,2026-07-14T03:06:21.851167+00:00,,,,,,,,
2026-07-14T12:45:18.931185+00:00,spot_11,Spot 11,Empty,2026-07-14T01:03:18.245072+00:00,,,,,,,,
2026-07-14T12:45:18.931185+00:00,spot_12,Spot 12,Empty,2026-07-14T00:46:21.068768+00:00,,,,,,,,
2026-07-14T12:45:18.931185+00:00,spot_13,Spot 13,Empty,2026-07-14T00:35:18.994409+00:00,,,,,,,,
2026-07-14T12:45:18.931185+00:00,spot_14,Spot 14,Empty,2026-07-14T00:48:20.323446+00:00,,,,,,,,
2026-07-14T12:45:18.931185+00:00,spot_15,Spot 15,Empty,2026-07-14T12:37:27.062502+00:00,,,,,,,,
2026-07-14T12:45:18.931185+00:00,spot_16,Spot 16,Empty,2026-07-13T22:35:22.003550+00:00,,,,,,,,
2026-07-14T12:45:18.931185+00:00,spot_17,Spot 17,Empty,2026-07-13T17:46:26.396031+00:00,,,,,,,,
2026-07-14T12:46:00.240471+00:00,spot_1,Spot 1,Occupied,2026-07-14T12:42:00.112839+00:00,216,car,0.7985756397247314,240,570.3560791015625,319.33526611328125,608.0242919921875,361.57855224609375
2026-07-14T12:46:00.240471+00:00,spot_2,Spot 2,Occupied,2026-07-14T12:45:18.931185+00:00,199,car,0.7929895520210266,2603,493.7833251953125,322.362548828125,548.6739501953125,374.8785400390625
2026-07-14T12:46:00.240471+00:00,spot_3,Spot 3,Empty,2026-07-14T01:48:31.431946+00:00,,,,,,,,
2026-07-14T12:46:00.240471+00:00,spot_4,Spot 4,Occupied,2026-07-14T12:46:00.240471+00:00,219,car,0.3891000747680664,0,388.034423828125,327.2249755859375,426.2716064453125,363.0234375
2026-07-14T12:46:00.240471+00:00,spot_5,Spot 5,Empty,2026-07-14T12:20:51.937411+00:00,,,,,,,,
2026-07-14T12:46:00.240471+00:00,spot_6,Spot 6,Occupied,2026-07-14T12:21:31.734913+00:00,205,car,0.7314686179161072,1470,294.59033203125,326.67718505859375,351.78271484375,358.43450927734375
2026-07-14T12:46:00.240471+00:00,spot_7,Spot 7,Empty,2026-07-14T00:18:43.510894+00:00,,,,,,,,
2026-07-14T12:46:00.240471+00:00,spot_8,Spot 8,Empty,2026-07-14T12:45:18.931185+00:00,,,,,,,,
2026-07-14T12:46:00.240471+00:00,spot_9,Spot 9,Empty,2026-07-14T03:02:23.964997+00:00,,,,,,,,
2026-07-14T12:46:00.240471+00:00,spot_10,Spot 10,Empty,2026-07-14T03:06:21.851167+00:00,,,,,,,,
2026-07-14T12:46:00.240471+00:00,spot_11,Spot 11,Empty,2026-07-14T01:03:18.245072+00:00,,,,,,,,
2026-07-14T12:46:00.240471+00:00,spot_12,Spot 12,Empty,2026-07-14T00:46:21.068768+00:00,,,,,,,,
2026-07-14T12:46:00.240471+00:00,spot_13,Spot 13,Empty,2026-07-14T00:35:18.994409+00:00,,,,,,,,
2026-07-14T12:46:00.240471+00:00,spot_14,Spot 14,Empty,2026-07-14T00:48:20.323446+00:00,,,,,,,,
2026-07-14T12:46:00.240471+00:00,spot_15,Spot 15,Empty,2026-07-14T12:37:27.062502+00:00,,,,,,,,
2026-07-14T12:46:00.240471+00:00,spot_16,Spot 16,Empty,2026-07-13T22:35:22.003550+00:00,,,,,,,,
2026-07-14T12:46:00.240471+00:00,spot_17,Spot 17,Empty,2026-07-13T17:46:26.396031+00:00,,,,,,,,
2026-07-14T12:46:43.452140+00:00,spot_1,Spot 1,Occupied,2026-07-14T12:42:00.112839+00:00,216,car,0.37494558095932007,283,569.9090576171875,322.0950927734375,608.2325439453125,360.9022216796875
2026-07-14T12:46:43.452140+00:00,spot_2,Spot 2,Occupied,2026-07-14T12:46:43.452140+00:00,218,truck,0.42513084411621094,229,493.98779296875,319.4833679199219,549.453857421875,375.0376281738281
2026-07-14T12:46:43.452140+00:00,spot_3,Spot 3,Empty,2026-07-14T01:48:31.431946+00:00,,,,,,,,
2026-07-14T12:46:43.452140+00:00,spot_4,Spot 4,Occupied,2026-07-14T12:46:43.452140+00:00,213,car,0.6917940974235535,810,376.17376708984375,328.9306335449219,427.27850341796875,368.5609436035156
2026-07-14T12:46:43.452140+00:00,spot_5,Spot 5,Empty,2026-07-14T12:20:51.937411+00:00,,,,,,,,
2026-07-14T12:46:43.452140+00:00,spot_6,Spot 6,Occupied,2026-07-14T12:21:31.734913+00:00,205,car,0.7950517535209656,1513,294.6153869628906,326.78265380859375,351.5749206542969,358.5322265625
2026-07-14T12:46:43.452140+00:00,spot_7,Spot 7,Empty,2026-07-14T00:18:43.510894+00:00,,,,,,,,
2026-07-14T12:46:43.452140+00:00,spot_8,Spot 8,Occupied,2026-07-14T12:46:43.452140+00:00,207,truck,0.5927950739860535,1417,207.29022216796875,321.91375732421875,274.3009338378906,355.44732666015625
2026-07-14T12:46:43.452140+00:00,spot_9,Spot 9,Empty,2026-07-14T03:02:23.964997+00:00,,,,,,,,
2026-07-14T12:46:43.452140+00:00,spot_10,Spot 10,Empty,2026-07-14T03:06:21.851167+00:00,,,,,,,,
2026-07-14T12:46:43.452140+00:00,spot_11,Spot 11,Empty,2026-07-14T01:03:18.245072+00:00,,,,,,,,
2026-07-14T12:46:43.452140+00:00,spot_12,Spot 12,Empty,2026-07-14T00:46:21.068768+00:00,,,,,,,,
2026-07-14T12:46:43.452140+00:00,spot_13,Spot 13,Empty,2026-07-14T00:35:18.994409+00:00,,,,,,,,
2026-07-14T12:46:43.452140+00:00,spot_14,Spot 14,Empty,2026-07-14T00:48:20.323446+00:00,,,,,,,,
2026-07-14T12:46:43.452140+00:00,spot_15,Spot 15,Empty,2026-07-14T12:37:27.062502+00:00,,,,,,,,
2026-07-14T12:46:43.452140+00:00,spot_16,Spot 16,Empty,2026-07-13T22:35:22.003550+00:00,,,,,,,,
2026-07-14T12:46:43.452140+00:00,spot_17,Spot 17,Empty,2026-07-13T17:46:26.396031+00:00,,,,,,,,
2026-07-14T12:47:24.811338+00:00,spot_1,Spot 1,Occupied,2026-07-14T12:42:00.112839+00:00,216,car,0.37494558095932007,323,569.9090576171875,322.0950927734375,608.2325439453125,360.9022216796875
2026-07-14T12:47:24.811338+00:00,spot_2,Spot 2,Occupied,2026-07-14T12:46:43.452140+00:00,218,truck,0.42513084411621094,270,493.98779296875,319.4833679199219,549.453857421875,375.0376281738281
2026-07-14T12:47:24.811338+00:00,spot_3,Spot 3,Empty,2026-07-14T01:48:31.431946+00:00,,,,,,,,
2026-07-14T12:47:24.811338+00:00,spot_4,Spot 4,Occupied,2026-07-14T12:46:43.452140+00:00,213,car,0.6917940974235535,851,376.17376708984375,328.9306335449219,427.27850341796875,368.5609436035156
2026-07-14T12:47:24.811338+00:00,spot_5,Spot 5,Empty,2026-07-14T12:20:51.937411+00:00,,,,,,,,
2026-07-14T12:47:24.811338+00:00,spot_6,Spot 6,Occupied,2026-07-14T12:21:31.734913+00:00,205,car,0.7950517535209656,1554,294.6153869628906,326.78265380859375,351.5749206542969,358.5322265625
2026-07-14T12:47:24.811338+00:00,spot_7,Spot 7,Empty,2026-07-14T00:18:43.510894+00:00,,,,,,,,
2026-07-14T12:47:24.811338+00:00,spot_8,Spot 8,Occupied,2026-07-14T12:46:43.452140+00:00,207,truck,0.5927950739860535,1458,207.29022216796875,321.91375732421875,274.3009338378906,355.44732666015625
2026-07-14T12:47:24.811338+00:00,spot_9,Spot 9,Empty,2026-07-14T03:02:23.964997+00:00,,,,,,,,
2026-07-14T12:47:24.811338+00:00,spot_10,Spot 10,Empty,2026-07-14T03:06:21.851167+00:00,,,,,,,,
2026-07-14T12:47:24.811338+00:00,spot_11,Spot 11,Empty,2026-07-14T01:03:18.245072+00:00,,,,,,,,
2026-07-14T12:47:24.811338+00:00,spot_12,Spot 12,Empty,2026-07-14T00:46:21.068768+00:00,,,,,,,,
2026-07-14T12:47:24.811338+00:00,spot_13,Spot 13,Empty,2026-07-14T00:35:18.994409+00:00,,,,,,,,
2026-07-14T12:47:24.811338+00:00,spot_14,Spot 14,Empty,2026-07-14T00:48:20.323446+00:00,,,,,,,,
2026-07-14T12:47:24.811338+00:00,spot_15,Spot 15,Empty,2026-07-14T12:37:27.062502+00:00,,,,,,,,
2026-07-14T12:47:24.811338+00:00,spot_16,Spot 16,Empty,2026-07-13T22:35:22.003550+00:00,,,,,,,,
2026-07-14T12:47:24.811338+00:00,spot_17,Spot 17,Empty,2026-07-13T17:46:26.396031+00:00,,,,,,,,
2026-07-14T12:48:05.333726+00:00,spot_1,Spot 1,Occupied,2026-07-14T12:42:00.112839+00:00,216,car,0.3795492649078369,364,571.05810546875,318.6116943359375,607.90625,361.1048583984375
2026-07-14T12:48:05.333726+00:00,spot_2,Spot 2,Occupied,2026-07-14T12:48:05.333726+00:00,199,car,0.4205268323421478,2728,493.65179443359375,319.88775634765625,549.3534545898438,375.15740966796875
2026-07-14T12:48:05.333726+00:00,spot_3,Spot 3,Empty,2026-07-14T01:48:31.431946+00:00,,,,,,,,
2026-07-14T12:48:05.333726+00:00,spot_4,Spot 4,Occupied,2026-07-14T12:46:43.452140+00:00,213,car,0.7027691602706909,891,375.92462158203125,334.103759765625,424.69317626953125,368.7633056640625
2026-07-14T12:48:05.333726+00:00,spot_5,Spot 5,Empty,2026-07-14T12:20:51.937411+00:00,,,,,,,,
2026-07-14T12:48:05.333726+00:00,spot_6,Spot 6,Occupied,2026-07-14T12:21:31.734913+00:00,205,car,0.7792772650718689,1594,294.5980224609375,326.9672546386719,351.7342529296875,358.4323425292969
2026-07-14T12:48:05.333726+00:00,spot_7,Spot 7,Empty,2026-07-14T00:18:43.510894+00:00,,,,,,,,
2026-07-14T12:48:05.333726+00:00,spot_8,Spot 8,Occupied,2026-07-14T12:46:43.452140+00:00,207,truck,0.44320452213287354,1498,206.7784423828125,322.0421142578125,274.336669921875,355.407958984375
2026-07-14T12:48:05.333726+00:00,spot_9,Spot 9,Empty,2026-07-14T03:02:23.964997+00:00,,,,,,,,
2026-07-14T12:48:05.333726+00:00,spot_10,Spot 10,Empty,2026-07-14T03:06:21.851167+00:00,,,,,,,,
2026-07-14T12:48:05.333726+00:00,spot_11,Spot 11,Empty,2026-07-14T01:03:18.245072+00:00,,,,,,,,
2026-07-14T12:48:05.333726+00:00,spot_12,Spot 12,Empty,2026-07-14T00:46:21.068768+00:00,,,,,,,,
2026-07-14T12:48:05.333726+00:00,spot_13,Spot 13,Empty,2026-07-14T00:35:18.994409+00:00,,,,,,,,
2026-07-14T12:48:05.333726+00:00,spot_14,Spot 14,Empty,2026-07-14T00:48:20.323446+00:00,,,,,,,,
2026-07-14T12:48:05.333726+00:00,spot_15,Spot 15,Empty,2026-07-14T12:37:27.062502+00:00,,,,,,,,
2026-07-14T12:48:05.333726+00:00,spot_16,Spot 16,Empty,2026-07-13T22:35:22.003550+00:00,,,,,,,,
2026-07-14T12:48:05.333726+00:00,spot_17,Spot 17,Empty,2026-07-13T17:46:26.396031+00:00,,,,,,,,
2026-07-14T12:48:49.115327+00:00,spot_1,Spot 1,Occupied,2026-07-14T12:42:00.112839+00:00,216,car,0.8117780089378357,408,571.4117431640625,319.597900390625,608.1397705078125,361.447265625
2026-07-14T12:48:49.115327+00:00,spot_2,Spot 2,Occupied,2026-07-14T12:48:05.333726+00:00,199,car,0.8175070285797119,2772,493.8259582519531,320.72479248046875,549.785400390625,374.71063232421875
2026-07-14T12:48:49.115327+00:00,spot_3,Spot 3,Empty,2026-07-14T01:48:31.431946+00:00,,,,,,,,
2026-07-14T12:48:49.115327+00:00,spot_4,Spot 4,Occupied,2026-07-14T12:46:43.452140+00:00,213,car,0.5731248259544373,935,376.206787109375,334.07086181640625,422.6937255859375,368.58319091796875
2026-07-14T12:48:49.115327+00:00,spot_5,Spot 5,Empty,2026-07-14T12:20:51.937411+00:00,,,,,,,,
2026-07-14T12:48:49.115327+00:00,spot_6,Spot 6,Occupied,2026-07-14T12:21:31.734913+00:00,205,car,0.6879866719245911,1638,294.2969970703125,326.73712158203125,351.836669921875,358.18463134765625
2026-07-14T12:48:49.115327+00:00,spot_7,Spot 7,Empty,2026-07-14T00:18:43.510894+00:00,,,,,,,,
2026-07-14T12:48:49.115327+00:00,spot_8,Spot 8,Occupied,2026-07-14T12:46:43.452140+00:00,207,truck,0.4580705165863037,1543,207.47994995117188,321.8154602050781,274.23876953125,355.3055114746094
2026-07-14T12:48:49.115327+00:00,spot_9,Spot 9,Empty,2026-07-14T03:02:23.964997+00:00,,,,,,,,
2026-07-14T12:48:49.115327+00:00,spot_10,Spot 10,Empty,2026-07-14T03:06:21.851167+00:00,,,,,,,,
2026-07-14T12:48:49.115327+00:00,spot_11,Spot 11,Empty,2026-07-14T01:03:18.245072+00:00,,,,,,,,
2026-07-14T12:48:49.115327+00:00,spot_12,Spot 12,Empty,2026-07-14T00:46:21.068768+00:00,,,,,,,,
2026-07-14T12:48:49.115327+00:00,spot_13,Spot 13,Empty,2026-07-14T00:35:18.994409+00:00,,,,,,,,
2026-07-14T12:48:49.115327+00:00,spot_14,Spot 14,Empty,2026-07-14T00:48:20.323446+00:00,,,,,,,,
2026-07-14T12:48:49.115327+00:00,spot_15,Spot 15,Empty,2026-07-14T12:37:27.062502+00:00,,,,,,,,
2026-07-14T12:48:49.115327+00:00,spot_16,Spot 16,Empty,2026-07-13T22:35:22.003550+00:00,,,,,,,,
2026-07-14T12:48:49.115327+00:00,spot_17,Spot 17,Empty,2026-07-13T17:46:26.396031+00:00,,,,,,,,
2026-07-14T12:49:30.504748+00:00,spot_1,Spot 1,Occupied,2026-07-14T12:42:00.112839+00:00,216,car,0.8117780089378357,449,571.4117431640625,319.597900390625,608.1397705078125,361.447265625
2026-07-14T12:49:30.504748+00:00,spot_2,Spot 2,Occupied,2026-07-14T12:48:05.333726+00:00,199,car,0.8175070285797119,2812,493.8259582519531,320.72479248046875,549.785400390625,374.71063232421875
2026-07-14T12:49:30.504748+00:00,spot_3,Spot 3,Empty,2026-07-14T01:48:31.431946+00:00,,,,,,,,
2026-07-14T12:49:30.504748+00:00,spot_4,Spot 4,Occupied,2026-07-14T12:46:43.452140+00:00,213,car,0.5731248259544373,976,376.206787109375,334.07086181640625,422.6937255859375,368.58319091796875
2026-07-14T12:49:30.504748+00:00,spot_5,Spot 5,Empty,2026-07-14T12:20:51.937411+00:00,,,,,,,,
2026-07-14T12:49:30.504748+00:00,spot_6,Spot 6,Occupied,2026-07-14T12:21:31.734913+00:00,205,car,0.6879866719245911,1679,294.2969970703125,326.73712158203125,351.836669921875,358.18463134765625
2026-07-14T12:49:30.504748+00:00,spot_7,Spot 7,Empty,2026-07-14T00:18:43.510894+00:00,,,,,,,,
2026-07-14T12:49:30.504748+00:00,spot_8,Spot 8,Occupied,2026-07-14T12:46:43.452140+00:00,207,truck,0.4580705165863037,1583,207.47994995117188,321.8154602050781,274.23876953125,355.3055114746094
2026-07-14T12:49:30.504748+00:00,spot_9,Spot 9,Empty,2026-07-14T03:02:23.964997+00:00,,,,,,,,
2026-07-14T12:49:30.504748+00:00,spot_10,Spot 10,Empty,2026-07-14T03:06:21.851167+00:00,,,,,,,,
2026-07-14T12:49:30.504748+00:00,spot_11,Spot 11,Empty,2026-07-14T01:03:18.245072+00:00,,,,,,,,
2026-07-14T12:49:30.504748+00:00,spot_12,Spot 12,Empty,2026-07-14T00:46:21.068768+00:00,,,,,,,,
2026-07-14T12:49:30.504748+00:00,spot_13,Spot 13,Empty,2026-07-14T00:35:18.994409+00:00,,,,,,,,
2026-07-14T12:49:30.504748+00:00,spot_14,Spot 14,Empty,2026-07-14T00:48:20.323446+00:00,,,,,,,,
2026-07-14T12:49:30.504748+00:00,spot_15,Spot 15,Empty,2026-07-14T12:37:27.062502+00:00,,,,,,,,
2026-07-14T12:49:30.504748+00:00,spot_16,Spot 16,Empty,2026-07-13T22:35:22.003550+00:00,,,,,,,,
2026-07-14T12:49:30.504748+00:00,spot_17,Spot 17,Empty,2026-07-13T17:46:26.396031+00:00,,,,,,,,
2026-07-14T12:50:11.284855+00:00,spot_1,Spot 1,Occupied,2026-07-14T12:42:00.112839+00:00,216,car,0.7548887133598328,493,571.236572265625,323.4373779296875,608.091552734375,361.4921875
2026-07-14T12:50:11.284855+00:00,spot_2,Spot 2,Occupied,2026-07-14T12:50:11.284855+00:00,218,truck,0.42066723108291626,439,493.62249755859375,322.0534362792969,549.5562133789062,374.6026916503906
2026-07-14T12:50:11.284855+00:00,spot_3,Spot 3,Empty,2026-07-14T01:48:31.431946+00:00,,,,,,,,
2026-07-14T12:50:11.284855+00:00,spot_4,Spot 4,Occupied,2026-07-14T12:46:43.452140+00:00,213,car,0.35092106461524963,1020,377.1495361328125,325.2309875488281,441.12982177734375,368.5484924316406
2026-07-14T12:50:11.284855+00:00,spot_5,Spot 5,Empty,2026-07-14T12:20:51.937411+00:00,,,,,,,,
2026-07-14T12:50:11.284855+00:00,spot_6,Spot 6,Occupied,2026-07-14T12:21:31.734913+00:00,205,car,0.8386504650115967,1723,294.141845703125,326.82568359375,351.94873046875,358.4718017578125
2026-07-14T12:50:11.284855+00:00,spot_7,Spot 7,Empty,2026-07-14T00:18:43.510894+00:00,,,,,,,,
2026-07-14T12:50:11.284855+00:00,spot_8,Spot 8,Occupied,2026-07-14T12:46:43.452140+00:00,207,truck,0.4564415216445923,1628,207.57534790039062,322.2418212890625,274.20196533203125,355.23681640625
2026-07-14T12:50:11.284855+00:00,spot_9,Spot 9,Empty,2026-07-14T03:02:23.964997+00:00,,,,,,,,
2026-07-14T12:50:11.284855+00:00,spot_10,Spot 10,Empty,2026-07-14T03:06:21.851167+00:00,,,,,,,,
2026-07-14T12:50:11.284855+00:00,spot_11,Spot 11,Empty,2026-07-14T01:03:18.245072+00:00,,,,,,,,
2026-07-14T12:50:11.284855+00:00,spot_12,Spot 12,Empty,2026-07-14T00:46:21.068768+00:00,,,,,,,,
2026-07-14T12:50:11.284855+00:00,spot_13,Spot 13,Empty,2026-07-14T00:35:18.994409+00:00,,,,,,,,
2026-07-14T12:50:11.284855+00:00,spot_14,Spot 14,Empty,2026-07-14T00:48:20.323446+00:00,,,,,,,,
2026-07-14T12:50:11.284855+00:00,spot_15,Spot 15,Empty,2026-07-14T12:37:27.062502+00:00,,,,,,,,
2026-07-14T12:50:11.284855+00:00,spot_16,Spot 16,Empty,2026-07-13T22:35:22.003550+00:00,,,,,,,,
2026-07-14T12:50:11.284855+00:00,spot_17,Spot 17,Empty,2026-07-13T17:46:26.396031+00:00,,,,,,,,
2026-07-14T12:51:04.292173+00:00,spot_1,Spot 1,Occupied,2026-07-14T12:42:00.112839+00:00,216,car,0.7889148592948914,544,571.0938720703125,320.5142822265625,608.0035400390625,361.5748291015625
2026-07-14T12:51:04.292173+00:00,spot_2,Spot 2,Occupied,2026-07-14T12:51:04.292173+00:00,199,car,0.7182890176773071,2908,493.67315673828125,317.832763671875,549.6130981445312,374.92724609375
2026-07-14T12:51:04.292173+00:00,spot_3,Spot 3,Empty,2026-07-14T01:48:31.431946+00:00,,,,,,,,
2026-07-14T12:51:04.292173+00:00,spot_4,Spot 4,Occupied,2026-07-14T12:46:43.452140+00:00,213,car,0.4070088267326355,1071,377.18621826171875,324.1746826171875,441.80938720703125,368.61468505859375
2026-07-14T12:51:04.292173+00:00,spot_5,Spot 5,Empty,2026-07-14T12:20:51.937411+00:00,,,,,,,,
2026-07-14T12:51:04.292173+00:00,spot_6,Spot 6,Occupied,2026-07-14T12:21:31.734913+00:00,205,car,0.7320983409881592,1774,294.27655029296875,326.75604248046875,351.55096435546875,358.33087158203125
2026-07-14T12:51:04.292173+00:00,spot_7,Spot 7,Empty,2026-07-14T00:18:43.510894+00:00,,,,,,,,
2026-07-14T12:51:04.292173+00:00,spot_8,Spot 8,Occupied,2026-07-14T12:46:43.452140+00:00,207,truck,0.4994201362133026,1679,206.95089721679688,322.27825927734375,274.52972412109375,354.76007080078125
2026-07-14T12:51:04.292173+00:00,spot_9,Spot 9,Empty,2026-07-14T03:02:23.964997+00:00,,,,,,,,
2026-07-14T12:51:04.292173+00:00,spot_10,Spot 10,Empty,2026-07-14T03:06:21.851167+00:00,,,,,,,,
2026-07-14T12:51:04.292173+00:00,spot_11,Spot 11,Empty,2026-07-14T01:03:18.245072+00:00,,,,,,,,
2026-07-14T12:51:04.292173+00:00,spot_12,Spot 12,Empty,2026-07-14T00:46:21.068768+00:00,,,,,,,,
2026-07-14T12:51:04.292173+00:00,spot_13,Spot 13,Empty,2026-07-14T00:35:18.994409+00:00,,,,,,,,
2026-07-14T12:51:04.292173+00:00,spot_14,Spot 14,Empty,2026-07-14T00:48:20.323446+00:00,,,,,,,,
2026-07-14T12:51:04.292173+00:00,spot_15,Spot 15,Empty,2026-07-14T12:37:27.062502+00:00,,,,,,,,
2026-07-14T12:51:04.292173+00:00,spot_16,Spot 16,Empty,2026-07-13T22:35:22.003550+00:00,,,,,,,,
2026-07-14T12:51:04.292173+00:00,spot_17,Spot 17,Empty,2026-07-13T17:46:26.396031+00:00,,,,,,,,
2026-07-14T12:51:46.409846+00:00,spot_1,Spot 1,Occupied,2026-07-14T12:42:00.112839+00:00,216,car,0.7889148592948914,584,571.0938720703125,320.5142822265625,608.0035400390625,361.5748291015625
2026-07-14T12:51:46.409846+00:00,spot_2,Spot 2,Occupied,2026-07-14T12:51:04.292173+00:00,199,car,0.7182890176773071,2948,493.67315673828125,317.832763671875,549.6130981445312,374.92724609375
2026-07-14T12:51:46.409846+00:00,spot_3,Spot 3,Empty,2026-07-14T01:48:31.431946+00:00,,,,,,,,
2026-07-14T12:51:46.409846+00:00,spot_4,Spot 4,Occupied,2026-07-14T12:46:43.452140+00:00,213,car,0.4070088267326355,1111,377.18621826171875,324.1746826171875,441.80938720703125,368.61468505859375
2026-07-14T12:51:46.409846+00:00,spot_5,Spot 5,Empty,2026-07-14T12:20:51.937411+00:00,,,,,,,,
2026-07-14T12:51:46.409846+00:00,spot_6,Spot 6,Occupied,2026-07-14T12:21:31.734913+00:00,205,car,0.7320983409881592,1814,294.27655029296875,326.75604248046875,351.55096435546875,358.33087158203125
2026-07-14T12:51:46.409846+00:00,spot_7,Spot 7,Empty,2026-07-14T00:18:43.510894+00:00,,,,,,,,
2026-07-14T12:51:46.409846+00:00,spot_8,Spot 8,Occupied,2026-07-14T12:46:43.452140+00:00,207,truck,0.4994201362133026,1719,206.95089721679688,322.27825927734375,274.52972412109375,354.76007080078125
2026-07-14T12:51:46.409846+00:00,spot_9,Spot 9,Empty,2026-07-14T03:02:23.964997+00:00,,,,,,,,
2026-07-14T12:51:46.409846+00:00,spot_10,Spot 10,Empty,2026-07-14T03:06:21.851167+00:00,,,,,,,,
2026-07-14T12:51:46.409846+00:00,spot_11,Spot 11,Empty,2026-07-14T01:03:18.245072+00:00,,,,,,,,
2026-07-14T12:51:46.409846+00:00,spot_12,Spot 12,Empty,2026-07-14T00:46:21.068768+00:00,,,,,,,,
2026-07-14T12:51:46.409846+00:00,spot_13,Spot 13,Empty,2026-07-14T00:35:18.994409+00:00,,,,,,,,
2026-07-14T12:51:46.409846+00:00,spot_14,Spot 14,Empty,2026-07-14T00:48:20.323446+00:00,,,,,,,,
2026-07-14T12:51:46.409846+00:00,spot_15,Spot 15,Empty,2026-07-14T12:37:27.062502+00:00,,,,,,,,
2026-07-14T12:51:46.409846+00:00,spot_16,Spot 16,Empty,2026-07-13T22:35:22.003550+00:00,,,,,,,,
2026-07-14T12:51:46.409846+00:00,spot_17,Spot 17,Empty,2026-07-13T17:46:26.396031+00:00,,,,,,,,
2026-07-14T12:52:28.451950+00:00,spot_1,Spot 1,Occupied,2026-07-14T12:42:00.112839+00:00,216,car,0.6605958342552185,627,571.3721923828125,317.42376708984375,608.5948486328125,361.657470703125
2026-07-14T12:52:28.451950+00:00,spot_2,Spot 2,Occupied,2026-07-14T12:51:04.292173+00:00,199,car,0.7345728874206543,2991,494.29791259765625,318.6636962890625,549.3933715820312,375.0008544921875
2026-07-14T12:52:28.451950+00:00,spot_3,Spot 3,Empty,2026-07-14T01:48:31.431946+00:00,,,,,,,,
2026-07-14T12:52:28.451950+00:00,spot_4,Spot 4,Occupied,2026-07-14T12:46:43.452140+00:00,213,car,0.776444137096405,1154,377.53094482421875,334.18695068359375,424.54840087890625,368.27679443359375
2026-07-14T12:52:28.451950+00:00,spot_5,Spot 5,Empty,2026-07-14T12:20:51.937411+00:00,,,,,,,,
2026-07-14T12:52:28.451950+00:00,spot_6,Spot 6,Occupied,2026-07-14T12:21:31.734913+00:00,205,car,0.7126767039299011,1857,294.41473388671875,326.7961730957031,350.84466552734375,358.2767028808594
2026-07-14T12:52:28.451950+00:00,spot_7,Spot 7,Empty,2026-07-14T00:18:43.510894+00:00,,,,,,,,
2026-07-14T12:52:28.451950+00:00,spot_8,Spot 8,Occupied,2026-07-14T12:46:43.452140+00:00,207,truck,0.6206229329109192,1761,207.010009765625,322.0692443847656,274.54876708984375,355.3136291503906
2026-07-14T12:52:28.451950+00:00,spot_9,Spot 9,Empty,2026-07-14T03:02:23.964997+00:00,,,,,,,,
2026-07-14T12:52:28.451950+00:00,spot_10,Spot 10,Empty,2026-07-14T03:06:21.851167+00:00,,,,,,,,
2026-07-14T12:52:28.451950+00:00,spot_11,Spot 11,Empty,2026-07-14T01:03:18.245072+00:00,,,,,,,,
2026-07-14T12:52:28.451950+00:00,spot_12,Spot 12,Empty,2026-07-14T00:46:21.068768+00:00,,,,,,,,
2026-07-14T12:52:28.451950+00:00,spot_13,Spot 13,Empty,2026-07-14T00:35:18.994409+00:00,,,,,,,,
2026-07-14T12:52:28.451950+00:00,spot_14,Spot 14,Empty,2026-07-14T00:48:20.323446+00:00,,,,,,,,
2026-07-14T12:52:28.451950+00:00,spot_15,Spot 15,Empty,2026-07-14T12:37:27.062502+00:00,,,,,,,,
2026-07-14T12:52:28.451950+00:00,spot_16,Spot 16,Empty,2026-07-13T22:35:22.003550+00:00,,,,,,,,
2026-07-14T12:52:28.451950+00:00,spot_17,Spot 17,Empty,2026-07-13T17:46:26.396031+00:00,,,,,,,,
2026-07-14T12:53:09.670280+00:00,spot_1,Spot 1,Occupied,2026-07-14T12:42:00.112839+00:00,216,car,0.8503710627555847,669,571.47705078125,319.21368408203125,608.4766845703125,361.52972412109375
2026-07-14T12:53:09.670280+00:00,spot_2,Spot 2,Occupied,2026-07-14T12:51:04.292173+00:00,199,car,0.7966786026954651,3033,493.5747985839844,317.04119873046875,549.5457763671875,374.80242919921875
2026-07-14T12:53:09.670280+00:00,spot_3,Spot 3,Empty,2026-07-14T01:48:31.431946+00:00,,,,,,,,
2026-07-14T12:53:09.670280+00:00,spot_4,Spot 4,Occupied,2026-07-14T12:46:43.452140+00:00,213,car,0.48158523440361023,1196,377.27001953125,328.55157470703125,426.38037109375,368.41400146484375
2026-07-14T12:53:09.670280+00:00,spot_5,Spot 5,Empty,2026-07-14T12:20:51.937411+00:00,,,,,,,,
2026-07-14T12:53:09.670280+00:00,spot_6,Spot 6,Occupied,2026-07-14T12:21:31.734913+00:00,205,car,0.7887991666793823,1899,294.3360900878906,326.9247131347656,351.7259826660156,358.6872253417969
2026-07-14T12:53:09.670280+00:00,spot_7,Spot 7,Empty,2026-07-14T00:18:43.510894+00:00,,,,,,,,
2026-07-14T12:53:09.670280+00:00,spot_8,Spot 8,Occupied,2026-07-14T12:46:43.452140+00:00,207,truck,0.4886815547943115,1804,207.50189208984375,322.5470275878906,274.2962951660156,354.5403137207031
2026-07-14T12:53:09.670280+00:00,spot_9,Spot 9,Empty,2026-07-14T03:02:23.964997+00:00,,,,,,,,
2026-07-14T12:53:09.670280+00:00,spot_10,Spot 10,Empty,2026-07-14T03:06:21.851167+00:00,,,,,,,,
2026-07-14T12:53:09.670280+00:00,spot_11,Spot 11,Empty,2026-07-14T01:03:18.245072+00:00,,,,,,,,
2026-07-14T12:53:09.670280+00:00,spot_12,Spot 12,Empty,2026-07-14T00:46:21.068768+00:00,,,,,,,,
2026-07-14T12:53:09.670280+00:00,spot_13,Spot 13,Empty,2026-07-14T00:35:18.994409+00:00,,,,,,,,
2026-07-14T12:53:09.670280+00:00,spot_14,Spot 14,Empty,2026-07-14T00:48:20.323446+00:00,,,,,,,,
2026-07-14T12:53:09.670280+00:00,spot_15,Spot 15,Empty,2026-07-14T12:37:27.062502+00:00,,,,,,,,
2026-07-14T12:53:09.670280+00:00,spot_16,Spot 16,Empty,2026-07-13T22:35:22.003550+00:00,,,,,,,,
2026-07-14T12:53:09.670280+00:00,spot_17,Spot 17,Empty,2026-07-13T17:46:26.396031+00:00,,,,,,,,
2026-07-14T12:53:53.258064+00:00,spot_1,Spot 1,Occupied,2026-07-14T12:42:00.112839+00:00,216,car,0.6703552007675171,711,571.159912109375,319.04852294921875,607.875244140625,361.14752197265625
2026-07-14T12:53:53.258064+00:00,spot_2,Spot 2,Occupied,2026-07-14T12:51:04.292173+00:00,199,car,0.6782307624816895,3075,493.894775390625,316.67108154296875,549.6092529296875,374.78961181640625
2026-07-14T12:53:53.258064+00:00,spot_3,Spot 3,Empty,2026-07-14T01:48:31.431946+00:00,,,,,,,,
2026-07-14T12:53:53.258064+00:00,spot_4,Spot 4,Occupied,2026-07-14T12:46:43.452140+00:00,213,car,0.5515428185462952,1239,376.931396484375,334.6413269042969,422.4197998046875,368.6148376464844
2026-07-14T12:53:53.258064+00:00,spot_5,Spot 5,Empty,2026-07-14T12:20:51.937411+00:00,,,,,,,,
2026-07-14T12:53:53.258064+00:00,spot_6,Spot 6,Occupied,2026-07-14T12:21:31.734913+00:00,205,car,0.7013882398605347,1942,294.6741027832031,326.99676513671875,351.7857360839844,358.34991455078125
2026-07-14T12:53:53.258064+00:00,spot_7,Spot 7,Empty,2026-07-14T00:18:43.510894+00:00,,,,,,,,
2026-07-14T12:53:53.258064+00:00,spot_8,Spot 8,Occupied,2026-07-14T12:46:43.452140+00:00,207,truck,0.7049736380577087,1846,206.76898193359375,322.390380859375,274.48431396484375,354.461669921875
2026-07-14T12:53:53.258064+00:00,spot_9,Spot 9,Empty,2026-07-14T03:02:23.964997+00:00,,,,,,,,
2026-07-14T12:53:53.258064+00:00,spot_10,Spot 10,Empty,2026-07-14T03:06:21.851167+00:00,,,,,,,,
2026-07-14T12:53:53.258064+00:00,spot_11,Spot 11,Empty,2026-07-14T01:03:18.245072+00:00,,,,,,,,
2026-07-14T12:53:53.258064+00:00,spot_12,Spot 12,Empty,2026-07-14T00:46:21.068768+00:00,,,,,,,,
2026-07-14T12:53:53.258064+00:00,spot_13,Spot 13,Empty,2026-07-14T00:35:18.994409+00:00,,,,,,,,
2026-07-14T12:53:53.258064+00:00,spot_14,Spot 14,Empty,2026-07-14T00:48:20.323446+00:00,,,,,,,,
2026-07-14T12:53:53.258064+00:00,spot_15,Spot 15,Empty,2026-07-14T12:37:27.062502+00:00,,,,,,,,
2026-07-14T12:53:53.258064+00:00,spot_16,Spot 16,Empty,2026-07-13T22:35:22.003550+00:00,,,,,,,,
2026-07-14T12:53:53.258064+00:00,spot_17,Spot 17,Empty,2026-07-13T17:46:26.396031+00:00,,,,,,,,
2026-07-14T12:54:34.270893+00:00,spot_1,Spot 1,Occupied,2026-07-14T12:42:00.112839+00:00,216,car,0.6703552007675171,754,571.159912109375,319.04852294921875,607.875244140625,361.14752197265625
2026-07-14T12:54:34.270893+00:00,spot_2,Spot 2,Occupied,2026-07-14T12:51:04.292173+00:00,199,car,0.6782307624816895,3118,493.894775390625,316.67108154296875,549.6092529296875,374.78961181640625
2026-07-14T12:54:34.270893+00:00,spot_3,Spot 3,Empty,2026-07-14T01:48:31.431946+00:00,,,,,,,,
2026-07-14T12:54:34.270893+00:00,spot_4,Spot 4,Occupied,2026-07-14T12:46:43.452140+00:00,213,car,0.5515428185462952,1281,376.931396484375,334.6413269042969,422.4197998046875,368.6148376464844
2026-07-14T12:54:34.270893+00:00,spot_5,Spot 5,Empty,2026-07-14T12:20:51.937411+00:00,,,,,,,,
2026-07-14T12:54:34.270893+00:00,spot_6,Spot 6,Occupied,2026-07-14T12:21:31.734913+00:00,205,car,0.7013882398605347,1984,294.6741027832031,326.99676513671875,351.7857360839844,358.34991455078125
2026-07-14T12:54:34.270893+00:00,spot_7,Spot 7,Empty,2026-07-14T00:18:43.510894+00:00,,,,,,,,
2026-07-14T12:54:34.270893+00:00,spot_8,Spot 8,Occupied,2026-07-14T12:46:43.452140+00:00,207,truck,0.7049736380577087,1889,206.76898193359375,322.390380859375,274.48431396484375,354.461669921875
2026-07-14T12:54:34.270893+00:00,spot_9,Spot 9,Empty,2026-07-14T03:02:23.964997+00:00,,,,,,,,
2026-07-14T12:54:34.270893+00:00,spot_10,Spot 10,Empty,2026-07-14T03:06:21.851167+00:00,,,,,,,,
2026-07-14T12:54:34.270893+00:00,spot_11,Spot 11,Empty,2026-07-14T01:03:18.245072+00:00,,,,,,,,
2026-07-14T12:54:34.270893+00:00,spot_12,Spot 12,Empty,2026-07-14T00:46:21.068768+00:00,,,,,,,,
2026-07-14T12:54:34.270893+00:00,spot_13,Spot 13,Empty,2026-07-14T00:35:18.994409+00:00,,,,,,,,
2026-07-14T12:54:34.270893+00:00,spot_14,Spot 14,Empty,2026-07-14T00:48:20.323446+00:00,,,,,,,,
2026-07-14T12:54:34.270893+00:00,spot_15,Spot 15,Empty,2026-07-14T12:37:27.062502+00:00,,,,,,,,
2026-07-14T12:54:34.270893+00:00,spot_16,Spot 16,Empty,2026-07-13T22:35:22.003550+00:00,,,,,,,,
2026-07-14T12:54:34.270893+00:00,spot_17,Spot 17,Empty,2026-07-13T17:46:26.396031+00:00,,,,,,,,
2026-07-14T12:55:16.140210+00:00,spot_1,Spot 1,Occupied,2026-07-14T12:42:00.112839+00:00,216,car,0.5238887071609497,796,571.3115844726562,317.95025634765625,608.3165893554688,360.80126953125
2026-07-14T12:55:16.140210+00:00,spot_2,Spot 2,Occupied,2026-07-14T12:51:04.292173+00:00,199,car,0.6203272342681885,3160,493.70843505859375,316.0625305175781,549.6858520507812,374.8863220214844
2026-07-14T12:55:16.140210+00:00,spot_3,Spot 3,Empty,2026-07-14T01:48:31.431946+00:00,,,,,,,,
2026-07-14T12:55:16.140210+00:00,spot_4,Spot 4,Occupied,2026-07-14T12:46:43.452140+00:00,213,car,0.5068686604499817,1323,377.52960205078125,334.65313720703125,423.9853515625,368.81463623046875
2026-07-14T12:55:16.140210+00:00,spot_5,Spot 5,Empty,2026-07-14T12:20:51.937411+00:00,,,,,,,,
2026-07-14T12:55:16.140210+00:00,spot_6,Spot 6,Occupied,2026-07-14T12:21:31.734913+00:00,205,car,0.6925355792045593,2026,294.3772888183594,326.4407958984375,351.9330139160156,358.37939453125
2026-07-14T12:55:16.140210+00:00,spot_7,Spot 7,Empty,2026-07-14T00:18:43.510894+00:00,,,,,,,,
2026-07-14T12:55:16.140210+00:00,spot_8,Spot 8,Occupied,2026-07-14T12:46:43.452140+00:00,207,truck,0.6271753311157227,1931,204.8134765625,320.67449951171875,275.0380859375,354.68109130859375
2026-07-14T12:55:16.140210+00:00,spot_9,Spot 9,Empty,2026-07-14T03:02:23.964997+00:00,,,,,,,,
2026-07-14T12:55:16.140210+00:00,spot_10,Spot 10,Empty,2026-07-14T03:06:21.851167+00:00,,,,,,,,
2026-07-14T12:55:16.140210+00:00,spot_11,Spot 11,Occupied,2026-07-14T12:55:16.140210+00:00,222,truck,0.373041033744812,0,120.93250274658203,318.55328369140625,182.39520263671875,345.03338623046875
2026-07-14T12:55:16.140210+00:00,spot_12,Spot 12,Empty,2026-07-14T00:46:21.068768+00:00,,,,,,,,
2026-07-14T12:55:16.140210+00:00,spot_13,Spot 13,Empty,2026-07-14T00:35:18.994409+00:00,,,,,,,,
2026-07-14T12:55:16.140210+00:00,spot_14,Spot 14,Empty,2026-07-14T00:48:20.323446+00:00,,,,,,,,
2026-07-14T12:55:16.140210+00:00,spot_15,Spot 15,Empty,2026-07-14T12:37:27.062502+00:00,,,,,,,,
2026-07-14T12:55:16.140210+00:00,spot_16,Spot 16,Empty,2026-07-13T22:35:22.003550+00:00,,,,,,,,
2026-07-14T12:55:16.140210+00:00,spot_17,Spot 17,Empty,2026-07-13T17:46:26.396031+00:00,,,,,,,,
2026-07-14T12:55:57.296620+00:00,spot_1,Spot 1,Occupied,2026-07-14T12:42:00.112839+00:00,216,car,0.6658333539962769,835,571.4945068359375,318.50994873046875,608.2052001953125,361.25433349609375
2026-07-14T12:55:57.296620+00:00,spot_2,Spot 2,Occupied,2026-07-14T12:51:04.292173+00:00,199,car,0.4016687572002411,3199,493.6136779785156,317.60009765625,549.2918701171875,374.63525390625
2026-07-14T12:55:57.296620+00:00,spot_3,Spot 3,Empty,2026-07-14T01:48:31.431946+00:00,,,,,,,,
2026-07-14T12:55:57.296620+00:00,spot_4,Spot 4,Occupied,2026-07-14T12:55:57.296620+00:00,225,truck,0.393806129693985,0,377.33599853515625,325.0774230957031,441.40972900390625,368.8810729980469
2026-07-14T12:55:57.296620+00:00,spot_5,Spot 5,Empty,2026-07-14T12:20:51.937411+00:00,,,,,,,,
2026-07-14T12:55:57.296620+00:00,spot_6,Spot 6,Occupied,2026-07-14T12:21:31.734913+00:00,205,car,0.746833086013794,2065,294.36041259765625,326.95623779296875,351.70025634765625,358.12847900390625
2026-07-14T12:55:57.296620+00:00,spot_7,Spot 7,Empty,2026-07-14T00:18:43.510894+00:00,,,,,,,,
2026-07-14T12:55:57.296620+00:00,spot_8,Spot 8,Occupied,2026-07-14T12:46:43.452140+00:00,207,truck,0.6606602668762207,1969,204.64959716796875,321.00048828125,274.99127197265625,355.0074462890625
2026-07-14T12:55:57.296620+00:00,spot_9,Spot 9,Empty,2026-07-14T03:02:23.964997+00:00,,,,,,,,
2026-07-14T12:55:57.296620+00:00,spot_10,Spot 10,Occupied,2026-07-14T12:55:57.296620+00:00,223,car,0.7258109450340271,0,128.073974609375,318.39166259765625,184.71636962890625,344.97613525390625
2026-07-14T12:55:57.296620+00:00,spot_11,Spot 11,Empty,2026-07-14T12:55:57.296620+00:00,,,,,,,,
2026-07-14T12:55:57.296620+00:00,spot_12,Spot 12,Empty,2026-07-14T00:46:21.068768+00:00,,,,,,,,
2026-07-14T12:55:57.296620+00:00,spot_13,Spot 13,Empty,2026-07-14T00:35:18.994409+00:00,,,,,,,,
2026-07-14T12:55:57.296620+00:00,spot_14,Spot 14,Empty,2026-07-14T00:48:20.323446+00:00,,,,,,,,
2026-07-14T12:55:57.296620+00:00,spot_15,Spot 15,Empty,2026-07-14T12:37:27.062502+00:00,,,,,,,,
2026-07-14T12:55:57.296620+00:00,spot_16,Spot 16,Empty,2026-07-13T22:35:22.003550+00:00,,,,,,,,
2026-07-14T12:55:57.296620+00:00,spot_17,Spot 17,Empty,2026-07-13T17:46:26.396031+00:00,,,,,,,,
2026-07-14T12:56:39.166690+00:00,spot_1,Spot 1,Occupied,2026-07-14T12:42:00.112839+00:00,216,car,0.6658333539962769,879,571.4945068359375,318.50994873046875,608.2052001953125,361.25433349609375
2026-07-14T12:56:39.166690+00:00,spot_2,Spot 2,Occupied,2026-07-14T12:51:04.292173+00:00,199,car,0.4016687572002411,3242,493.6136779785156,317.60009765625,549.2918701171875,374.63525390625
2026-07-14T12:56:39.166690+00:00,spot_3,Spot 3,Empty,2026-07-14T01:48:31.431946+00:00,,,,,,,,
2026-07-14T12:56:39.166690+00:00,spot_4,Spot 4,Occupied,2026-07-14T12:55:57.296620+00:00,225,truck,0.393806129693985,43,377.33599853515625,325.0774230957031,441.40972900390625,368.8810729980469
2026-07-14T12:56:39.166690+00:00,spot_5,Spot 5,Empty,2026-07-14T12:20:51.937411+00:00,,,,,,,,
2026-07-14T12:56:39.166690+00:00,spot_6,Spot 6,Occupied,2026-07-14T12:21:31.734913+00:00,205,car,0.746833086013794,2109,294.36041259765625,326.95623779296875,351.70025634765625,358.12847900390625
2026-07-14T12:56:39.166690+00:00,spot_7,Spot 7,Empty,2026-07-14T00:18:43.510894+00:00,,,,,,,,
2026-07-14T12:56:39.166690+00:00,spot_8,Spot 8,Occupied,2026-07-14T12:46:43.452140+00:00,207,truck,0.6606602668762207,2013,204.64959716796875,321.00048828125,274.99127197265625,355.0074462890625
2026-07-14T12:56:39.166690+00:00,spot_9,Spot 9,Empty,2026-07-14T03:02:23.964997+00:00,,,,,,,,
2026-07-14T12:56:39.166690+00:00,spot_10,Spot 10,Occupied,2026-07-14T12:55:57.296620+00:00,223,car,0.7258109450340271,43,128.073974609375,318.39166259765625,184.71636962890625,344.97613525390625
2026-07-14T12:56:39.166690+00:00,spot_11,Spot 11,Empty,2026-07-14T12:55:57.296620+00:00,,,,,,,,
2026-07-14T12:56:39.166690+00:00,spot_12,Spot 12,Empty,2026-07-14T00:46:21.068768+00:00,,,,,,,,
2026-07-14T12:56:39.166690+00:00,spot_13,Spot 13,Empty,2026-07-14T00:35:18.994409+00:00,,,,,,,,
2026-07-14T12:56:39.166690+00:00,spot_14,Spot 14,Empty,2026-07-14T00:48:20.323446+00:00,,,,,,,,
2026-07-14T12:56:39.166690+00:00,spot_15,Spot 15,Empty,2026-07-14T12:37:27.062502+00:00,,,,,,,,
2026-07-14T12:56:39.166690+00:00,spot_16,Spot 16,Empty,2026-07-13T22:35:22.003550+00:00,,,,,,,,
2026-07-14T12:56:39.166690+00:00,spot_17,Spot 17,Empty,2026-07-13T17:46:26.396031+00:00,,,,,,,,
2026-07-14T12:57:23.268774+00:00,spot_1,Spot 1,Occupied,2026-07-14T12:57:23.268774+00:00,226,truck,0.48075127601623535,0,571.457763671875,318.5119934082031,607.721923828125,361.3528747558594
2026-07-14T12:57:23.268774+00:00,spot_2,Spot 2,Occupied,2026-07-14T12:57:23.268774+00:00,224,truck,0.6382385492324829,87,488.13983154296875,320.60443115234375,544.3020629882812,386.77471923828125
2026-07-14T12:57:23.268774+00:00,spot_3,Spot 3,Empty,2026-07-14T01:48:31.431946+00:00,,,,,,,,
2026-07-14T12:57:23.268774+00:00,spot_4,Spot 4,Occupied,2026-07-14T12:57:23.268774+00:00,213,car,0.37405040860176086,1449,377.1593933105469,325.078369140625,440.0704040527344,368.48486328125
2026-07-14T12:57:23.268774+00:00,spot_5,Spot 5,Empty,2026-07-14T12:20:51.937411+00:00,,,,,,,,
2026-07-14T12:57:23.268774+00:00,spot_6,Spot 6,Occupied,2026-07-14T12:21:31.734913+00:00,205,car,0.5286253690719604,2152,294.44696044921875,326.76495361328125,351.7254638671875,358.22406005859375
2026-07-14T12:57:23.268774+00:00,spot_7,Spot 7,Empty,2026-07-14T00:18:43.510894+00:00,,,,,,,,
2026-07-14T12:57:23.268774+00:00,spot_8,Spot 8,Occupied,2026-07-14T12:46:43.452140+00:00,207,truck,0.5267428755760193,2057,205.0733642578125,319.75555419921875,275.2926940917969,354.70074462890625
2026-07-14T12:57:23.268774+00:00,spot_9,Spot 9,Empty,2026-07-14T03:02:23.964997+00:00,,,,,,,,
2026-07-14T12:57:23.268774+00:00,spot_10,Spot 10,Empty,2026-07-14T12:57:23.268774+00:00,,,,,,,,
2026-07-14T12:57:23.268774+00:00,spot_11,Spot 11,Empty,2026-07-14T12:55:57.296620+00:00,,,,,,,,
2026-07-14T12:57:23.268774+00:00,spot_12,Spot 12,Empty,2026-07-14T00:46:21.068768+00:00,,,,,,,,
2026-07-14T12:57:23.268774+00:00,spot_13,Spot 13,Empty,2026-07-14T00:35:18.994409+00:00,,,,,,,,
2026-07-14T12:57:23.268774+00:00,spot_14,Spot 14,Empty,2026-07-14T00:48:20.323446+00:00,,,,,,,,
2026-07-14T12:57:23.268774+00:00,spot_15,Spot 15,Empty,2026-07-14T12:37:27.062502+00:00,,,,,,,,
2026-07-14T12:57:23.268774+00:00,spot_16,Spot 16,Empty,2026-07-13T22:35:22.003550+00:00,,,,,,,,
2026-07-14T12:57:23.268774+00:00,spot_17,Spot 17,Empty,2026-07-13T17:46:26.396031+00:00,,,,,,,,
2026-07-14T12:58:13.271753+00:00,spot_1,Spot 1,Occupied,2026-07-14T12:58:13.271753+00:00,216,car,0.604647696018219,973,571.7777099609375,318.7333679199219,607.6724853515625,361.0546569824219
2026-07-14T12:58:13.271753+00:00,spot_2,Spot 2,Empty,2026-07-14T12:58:13.271753+00:00,,,,,,,,
2026-07-14T12:58:13.271753+00:00,spot_3,Spot 3,Empty,2026-07-14T01:48:31.431946+00:00,,,,,,,,
2026-07-14T12:58:13.271753+00:00,spot_4,Spot 4,Occupied,2026-07-14T12:57:23.268774+00:00,213,car,0.6295595765113831,1500,377.2921142578125,334.656494140625,424.687744140625,368.7822265625
2026-07-14T12:58:13.271753+00:00,spot_5,Spot 5,Empty,2026-07-14T12:20:51.937411+00:00,,,,,,,,
2026-07-14T12:58:13.271753+00:00,spot_6,Spot 6,Occupied,2026-07-14T12:21:31.734913+00:00,205,car,0.830011248588562,2203,294.295654296875,327.02252197265625,351.9443359375,358.32574462890625
2026-07-14T12:58:13.271753+00:00,spot_7,Spot 7,Empty,2026-07-14T00:18:43.510894+00:00,,,,,,,,
2026-07-14T12:58:13.271753+00:00,spot_8,Spot 8,Occupied,2026-07-14T12:46:43.452140+00:00,207,truck,0.6790307760238647,2107,204.51397705078125,322.4930419921875,274.681640625,353.8526611328125
2026-07-14T12:58:13.271753+00:00,spot_9,Spot 9,Empty,2026-07-14T03:02:23.964997+00:00,,,,,,,,
2026-07-14T12:58:13.271753+00:00,spot_10,Spot 10,Occupied,2026-07-14T12:58:13.271753+00:00,223,car,0.3741466701030731,138,133.57028198242188,318.196044921875,182.70748901367188,345.1485595703125
2026-07-14T12:58:13.271753+00:00,spot_11,Spot 11,Empty,2026-07-14T12:55:57.296620+00:00,,,,,,,,
2026-07-14T12:58:13.271753+00:00,spot_12,Spot 12,Empty,2026-07-14T00:46:21.068768+00:00,,,,,,,,
2026-07-14T12:58:13.271753+00:00,spot_13,Spot 13,Empty,2026-07-14T00:35:18.994409+00:00,,,,,,,,
2026-07-14T12:58:13.271753+00:00,spot_14,Spot 14,Empty,2026-07-14T00:48:20.323446+00:00,,,,,,,,
2026-07-14T12:58:13.271753+00:00,spot_15,Spot 15,Empty,2026-07-14T12:37:27.062502+00:00,,,,,,,,
2026-07-14T12:58:13.271753+00:00,spot_16,Spot 16,Empty,2026-07-13T22:35:22.003550+00:00,,,,,,,,
2026-07-14T12:58:13.271753+00:00,spot_17,Spot 17,Empty,2026-07-13T17:46:26.396031+00:00,,,,,,,,
2026-07-14T12:58:56.056117+00:00,spot_1,Spot 1,Occupied,2026-07-14T12:58:13.271753+00:00,216,car,0.604647696018219,1014,571.7777099609375,318.7333679199219,607.6724853515625,361.0546569824219
2026-07-14T12:58:56.056117+00:00,spot_2,Spot 2,Empty,2026-07-14T12:58:13.271753+00:00,,,,,,,,
2026-07-14T12:58:56.056117+00:00,spot_3,Spot 3,Empty,2026-07-14T01:48:31.431946+00:00,,,,,,,,
2026-07-14T12:58:56.056117+00:00,spot_4,Spot 4,Occupied,2026-07-14T12:57:23.268774+00:00,213,car,0.6295595765113831,1541,377.2921142578125,334.656494140625,424.687744140625,368.7822265625
2026-07-14T12:58:56.056117+00:00,spot_5,Spot 5,Empty,2026-07-14T12:20:51.937411+00:00,,,,,,,,
2026-07-14T12:58:56.056117+00:00,spot_6,Spot 6,Occupied,2026-07-14T12:21:31.734913+00:00,205,car,0.830011248588562,2244,294.295654296875,327.02252197265625,351.9443359375,358.32574462890625
2026-07-14T12:58:56.056117+00:00,spot_7,Spot 7,Empty,2026-07-14T00:18:43.510894+00:00,,,,,,,,
2026-07-14T12:58:56.056117+00:00,spot_8,Spot 8,Occupied,2026-07-14T12:46:43.452140+00:00,207,truck,0.6790307760238647,2148,204.51397705078125,322.4930419921875,274.681640625,353.8526611328125
2026-07-14T12:58:56.056117+00:00,spot_9,Spot 9,Empty,2026-07-14T03:02:23.964997+00:00,,,,,,,,
2026-07-14T12:58:56.056117+00:00,spot_10,Spot 10,Occupied,2026-07-14T12:58:13.271753+00:00,223,car,0.3741466701030731,179,133.57028198242188,318.196044921875,182.70748901367188,345.1485595703125
2026-07-14T12:58:56.056117+00:00,spot_11,Spot 11,Empty,2026-07-14T12:55:57.296620+00:00,,,,,,,,
2026-07-14T12:58:56.056117+00:00,spot_12,Spot 12,Empty,2026-07-14T00:46:21.068768+00:00,,,,,,,,
2026-07-14T12:58:56.056117+00:00,spot_13,Spot 13,Empty,2026-07-14T00:35:18.994409+00:00,,,,,,,,
2026-07-14T12:58:56.056117+00:00,spot_14,Spot 14,Empty,2026-07-14T00:48:20.323446+00:00,,,,,,,,
2026-07-14T12:58:56.056117+00:00,spot_15,Spot 15,Empty,2026-07-14T12:37:27.062502+00:00,,,,,,,,
2026-07-14T12:58:56.056117+00:00,spot_16,Spot 16,Empty,2026-07-13T22:35:22.003550+00:00,,,,,,,,
2026-07-14T12:58:56.056117+00:00,spot_17,Spot 17,Empty,2026-07-13T17:46:26.396031+00:00,,,,,,,,
2026-07-14T12:59:36.932053+00:00,spot_1,Spot 1,Occupied,2026-07-14T12:58:13.271753+00:00,216,car,0.6682636737823486,1055,571.8056030273438,319.33819580078125,607.9641723632812,361.17559814453125
2026-07-14T12:59:36.932053+00:00,spot_2,Spot 2,Empty,2026-07-14T12:58:13.271753+00:00,,,,,,,,
2026-07-14T12:59:36.932053+00:00,spot_3,Spot 3,Empty,2026-07-14T01:48:31.431946+00:00,,,,,,,,
2026-07-14T12:59:36.932053+00:00,spot_4,Spot 4,Occupied,2026-07-14T12:57:23.268774+00:00,213,car,0.3958861529827118,1582,377.5703125,334.692138671875,425.22021484375,369.1973876953125
2026-07-14T12:59:36.932053+00:00,spot_5,Spot 5,Empty,2026-07-14T12:20:51.937411+00:00,,,,,,,,
2026-07-14T12:59:36.932053+00:00,spot_6,Spot 6,Occupied,2026-07-14T12:21:31.734913+00:00,205,car,0.6988303065299988,2285,295.1744689941406,326.8038330078125,351.0614929199219,358.15789794921875
2026-07-14T12:59:36.932053+00:00,spot_7,Spot 7,Empty,2026-07-14T00:18:43.510894+00:00,,,,,,,,
2026-07-14T12:59:36.932053+00:00,spot_8,Spot 8,Empty,2026-07-14T12:59:36.932053+00:00,,,,,,,,
2026-07-14T12:59:36.932053+00:00,spot_9,Spot 9,Empty,2026-07-14T03:02:23.964997+00:00,,,,,,,,
2026-07-14T12:59:36.932053+00:00,spot_10,Spot 10,Empty,2026-07-14T12:59:36.932053+00:00,,,,,,,,
2026-07-14T12:59:36.932053+00:00,spot_11,Spot 11,Occupied,2026-07-14T12:59:36.932053+00:00,223,car,0.766197144985199,220,119.74166870117188,317.8829345703125,184.08297729492188,344.99639892578125
2026-07-14T12:59:36.932053+00:00,spot_12,Spot 12,Empty,2026-07-14T00:46:21.068768+00:00,,,,,,,,
2026-07-14T12:59:36.932053+00:00,spot_13,Spot 13,Empty,2026-07-14T00:35:18.994409+00:00,,,,,,,,
2026-07-14T12:59:36.932053+00:00,spot_14,Spot 14,Empty,2026-07-14T00:48:20.323446+00:00,,,,,,,,
2026-07-14T12:59:36.932053+00:00,spot_15,Spot 15,Empty,2026-07-14T12:37:27.062502+00:00,,,,,,,,
2026-07-14T12:59:36.932053+00:00,spot_16,Spot 16,Empty,2026-07-13T22:35:22.003550+00:00,,,,,,,,
2026-07-14T12:59:36.932053+00:00,spot_17,Spot 17,Empty,2026-07-13T17:46:26.396031+00:00,,,,,,,,
2026-07-14T13:00:19.610195+00:00,spot_1,Spot 1,Occupied,2026-07-14T12:58:13.271753+00:00,216,car,0.6602733731269836,1098,571.8302001953125,319.3915100097656,607.8743896484375,360.9899597167969
2026-07-14T13:00:19.610195+00:00,spot_2,Spot 2,Empty,2026-07-14T12:58:13.271753+00:00,,,,,,,,
2026-07-14T13:00:19.610195+00:00,spot_3,Spot 3,Empty,2026-07-14T01:48:31.431946+00:00,,,,,,,,
2026-07-14T13:00:19.610195+00:00,spot_4,Spot 4,Occupied,2026-07-14T12:57:23.268774+00:00,213,car,0.562791645526886,1625,377.29547119140625,334.3731689453125,422.73260498046875,368.67791748046875
2026-07-14T13:00:19.610195+00:00,spot_5,Spot 5,Empty,2026-07-14T12:20:51.937411+00:00,,,,,,,,
2026-07-14T13:00:19.610195+00:00,spot_6,Spot 6,Occupied,2026-07-14T12:21:31.734913+00:00,205,car,0.8120157122612,2328,295.41326904296875,326.781494140625,350.34844970703125,358.19189453125
2026-07-14T13:00:19.610195+00:00,spot_7,Spot 7,Empty,2026-07-14T00:18:43.510894+00:00,,,,,,,,
2026-07-14T13:00:19.610195+00:00,spot_8,Spot 8,Empty,2026-07-14T12:59:36.932053+00:00,,,,,,,,
2026-07-14T13:00:19.610195+00:00,spot_9,Spot 9,Empty,2026-07-14T03:02:23.964997+00:00,,,,,,,,
2026-07-14T13:00:19.610195+00:00,spot_10,Spot 10,Occupied,2026-07-14T13:00:19.610195+00:00,223,car,0.43038463592529297,263,120.532470703125,318.31158447265625,183.36181640625,345.41741943359375
2026-07-14T13:00:19.610195+00:00,spot_11,Spot 11,Occupied,2026-07-14T13:00:19.610195+00:00,227,truck,0.5001435279846191,0,120.20584106445312,318.1521301269531,183.27267456054688,345.4391174316406
2026-07-14T13:00:19.610195+00:00,spot_12,Spot 12,Empty,2026-07-14T00:46:21.068768+00:00,,,,,,,,
2026-07-14T13:00:19.610195+00:00,spot_13,Spot 13,Empty,2026-07-14T00:35:18.994409+00:00,,,,,,,,
2026-07-14T13:00:19.610195+00:00,spot_14,Spot 14,Empty,2026-07-14T00:48:20.323446+00:00,,,,,,,,
2026-07-14T13:00:19.610195+00:00,spot_15,Spot 15,Empty,2026-07-14T12:37:27.062502+00:00,,,,,,,,
2026-07-14T13:00:19.610195+00:00,spot_16,Spot 16,Empty,2026-07-13T22:35:22.003550+00:00,,,,,,,,
2026-07-14T13:00:19.610195+00:00,spot_17,Spot 17,Empty,2026-07-13T17:46:26.396031+00:00,,,,,,,,
2026-07-14T13:01:02.333829+00:00,spot_1,Spot 1,Occupied,2026-07-14T12:58:13.271753+00:00,216,car,0.6602733731269836,1141,571.8302001953125,319.3915100097656,607.8743896484375,360.9899597167969
2026-07-14T13:01:02.333829+00:00,spot_2,Spot 2,Empty,2026-07-14T12:58:13.271753+00:00,,,,,,,,
2026-07-14T13:01:02.333829+00:00,spot_3,Spot 3,Empty,2026-07-14T01:48:31.431946+00:00,,,,,,,,
2026-07-14T13:01:02.333829+00:00,spot_4,Spot 4,Occupied,2026-07-14T12:57:23.268774+00:00,213,car,0.562791645526886,1669,377.29547119140625,334.3731689453125,422.73260498046875,368.67791748046875
2026-07-14T13:01:02.333829+00:00,spot_5,Spot 5,Empty,2026-07-14T12:20:51.937411+00:00,,,,,,,,
2026-07-14T13:01:02.333829+00:00,spot_6,Spot 6,Occupied,2026-07-14T12:21:31.734913+00:00,205,car,0.8120157122612,2372,295.41326904296875,326.781494140625,350.34844970703125,358.19189453125
2026-07-14T13:01:02.333829+00:00,spot_7,Spot 7,Empty,2026-07-14T00:18:43.510894+00:00,,,,,,,,
2026-07-14T13:01:02.333829+00:00,spot_8,Spot 8,Empty,2026-07-14T12:59:36.932053+00:00,,,,,,,,
2026-07-14T13:01:02.333829+00:00,spot_9,Spot 9,Empty,2026-07-14T03:02:23.964997+00:00,,,,,,,,
2026-07-14T13:01:02.333829+00:00,spot_10,Spot 10,Occupied,2026-07-14T13:00:19.610195+00:00,223,car,0.43038463592529297,306,120.532470703125,318.31158447265625,183.36181640625,345.41741943359375
2026-07-14T13:01:02.333829+00:00,spot_11,Spot 11,Occupied,2026-07-14T13:00:19.610195+00:00,227,truck,0.5001435279846191,43,120.20584106445312,318.1521301269531,183.27267456054688,345.4391174316406
2026-07-14T13:01:02.333829+00:00,spot_12,Spot 12,Empty,2026-07-14T00:46:21.068768+00:00,,,,,,,,
2026-07-14T13:01:02.333829+00:00,spot_13,Spot 13,Empty,2026-07-14T00:35:18.994409+00:00,,,,,,,,
2026-07-14T13:01:02.333829+00:00,spot_14,Spot 14,Empty,2026-07-14T00:48:20.323446+00:00,,,,,,,,
2026-07-14T13:01:02.333829+00:00,spot_15,Spot 15,Empty,2026-07-14T12:37:27.062502+00:00,,,,,,,,
2026-07-14T13:01:02.333829+00:00,spot_16,Spot 16,Empty,2026-07-13T22:35:22.003550+00:00,,,,,,,,
2026-07-14T13:01:02.333829+00:00,spot_17,Spot 17,Empty,2026-07-13T17:46:26.396031+00:00,,,,,,,,
2026-07-14T13:01:44.966115+00:00,spot_1,Spot 1,Empty,2026-07-14T13:01:44.966115+00:00,,,,,,,,
2026-07-14T13:01:44.966115+00:00,spot_2,Spot 2,Empty,2026-07-14T12:58:13.271753+00:00,,,,,,,,
2026-07-14T13:01:44.966115+00:00,spot_3,Spot 3,Empty,2026-07-14T01:48:31.431946+00:00,,,,,,,,
2026-07-14T13:01:44.966115+00:00,spot_4,Spot 4,Occupied,2026-07-14T13:01:44.966115+00:00,225,truck,0.493297278881073,348,377.5699462890625,324.27789306640625,440.3604736328125,368.923095703125
2026-07-14T13:01:44.966115+00:00,spot_5,Spot 5,Empty,2026-07-14T12:20:51.937411+00:00,,,,,,,,
2026-07-14T13:01:44.966115+00:00,spot_6,Spot 6,Occupied,2026-07-14T12:21:31.734913+00:00,205,car,0.7849189043045044,2414,295.0467529296875,327.003173828125,351.73968505859375,358.1915283203125
2026-07-14T13:01:44.966115+00:00,spot_7,Spot 7,Empty,2026-07-14T00:18:43.510894+00:00,,,,,,,,
2026-07-14T13:01:44.966115+00:00,spot_8,Spot 8,Empty,2026-07-14T12:59:36.932053+00:00,,,,,,,,
2026-07-14T13:01:44.966115+00:00,spot_9,Spot 9,Empty,2026-07-14T03:02:23.964997+00:00,,,,,,,,
2026-07-14T13:01:44.966115+00:00,spot_10,Spot 10,Occupied,2026-07-14T13:01:44.966115+00:00,227,truck,0.5259716510772705,85,119.97107696533203,317.80224609375,183.80389404296875,345.23681640625
2026-07-14T13:01:44.966115+00:00,spot_11,Spot 11,Occupied,2026-07-14T13:01:44.966115+00:00,223,car,0.4259817898273468,348,119.84473419189453,317.8648681640625,183.90875244140625,345.2431640625
2026-07-14T13:01:44.966115+00:00,spot_12,Spot 12,Empty,2026-07-14T00:46:21.068768+00:00,,,,,,,,
2026-07-14T13:01:44.966115+00:00,spot_13,Spot 13,Empty,2026-07-14T00:35:18.994409+00:00,,,,,,,,
2026-07-14T13:01:44.966115+00:00,spot_14,Spot 14,Empty,2026-07-14T00:48:20.323446+00:00,,,,,,,,
2026-07-14T13:01:44.966115+00:00,spot_15,Spot 15,Empty,2026-07-14T12:37:27.062502+00:00,,,,,,,,
2026-07-14T13:01:44.966115+00:00,spot_16,Spot 16,Empty,2026-07-13T22:35:22.003550+00:00,,,,,,,,
2026-07-14T13:01:44.966115+00:00,spot_17,Spot 17,Empty,2026-07-13T17:46:26.396031+00:00,,,,,,,,
2026-07-14T13:02:28.202213+00:00,spot_1,Spot 1,Occupied,2026-07-14T13:02:28.202213+00:00,216,car,0.529866635799408,1227,571.7825927734375,319.38775634765625,607.7034912109375,360.96551513671875
2026-07-14T13:02:28.202213+00:00,spot_2,Spot 2,Empty,2026-07-14T12:58:13.271753+00:00,,,,,,,,
2026-07-14T13:02:28.202213+00:00,spot_3,Spot 3,Empty,2026-07-14T01:48:31.431946+00:00,,,,,,,,
2026-07-14T13:02:28.202213+00:00,spot_4,Spot 4,Occupied,2026-07-14T13:02:28.202213+00:00,213,car,0.8110982179641724,1754,377.31201171875,334.626220703125,423.8682861328125,368.5513916015625
2026-07-14T13:02:28.202213+00:00,spot_5,Spot 5,Empty,2026-07-14T12:20:51.937411+00:00,,,,,,,,
2026-07-14T13:02:28.202213+00:00,spot_6,Spot 6,Occupied,2026-07-14T12:21:31.734913+00:00,205,car,0.7143541574478149,2457,295.1166076660156,326.895263671875,351.2473449707031,358.26129150390625
2026-07-14T13:02:28.202213+00:00,spot_7,Spot 7,Empty,2026-07-14T00:18:43.510894+00:00,,,,,,,,
2026-07-14T13:02:28.202213+00:00,spot_8,Spot 8,Empty,2026-07-14T12:59:36.932053+00:00,,,,,,,,
2026-07-14T13:02:28.202213+00:00,spot_9,Spot 9,Empty,2026-07-14T03:02:23.964997+00:00,,,,,,,,
2026-07-14T13:02:28.202213+00:00,spot_10,Spot 10,Occupied,2026-07-14T13:02:28.202213+00:00,223,car,0.3970817029476166,392,132.43722534179688,318.23828125,184.1934814453125,345.3670654296875
2026-07-14T13:02:28.202213+00:00,spot_11,Spot 11,Empty,2026-07-14T13:02:28.202213+00:00,,,,,,,,
2026-07-14T13:02:28.202213+00:00,spot_12,Spot 12,Empty,2026-07-14T00:46:21.068768+00:00,,,,,,,,
2026-07-14T13:02:28.202213+00:00,spot_13,Spot 13,Empty,2026-07-14T00:35:18.994409+00:00,,,,,,,,
2026-07-14T13:02:28.202213+00:00,spot_14,Spot 14,Empty,2026-07-14T00:48:20.323446+00:00,,,,,,,,
2026-07-14T13:02:28.202213+00:00,spot_15,Spot 15,Empty,2026-07-14T12:37:27.062502+00:00,,,,,,,,
2026-07-14T13:02:28.202213+00:00,spot_16,Spot 16,Empty,2026-07-13T22:35:22.003550+00:00,,,,,,,,
2026-07-14T13:02:28.202213+00:00,spot_17,Spot 17,Empty,2026-07-13T17:46:26.396031+00:00,,,,,,,,
2026-07-14T13:03:20.739241+00:00,spot_1,Spot 1,Empty,2026-07-14T13:03:20.739241+00:00,,,,,,,,
2026-07-14T13:03:20.739241+00:00,spot_2,Spot 2,Empty,2026-07-14T12:58:13.271753+00:00,,,,,,,,
2026-07-14T13:03:20.739241+00:00,spot_3,Spot 3,Empty,2026-07-14T01:48:31.431946+00:00,,,,,,,,
2026-07-14T13:03:20.739241+00:00,spot_4,Spot 4,Occupied,2026-07-14T13:02:28.202213+00:00,213,car,0.4515936076641083,1813,376.9692077636719,334.18609619140625,424.4665832519531,368.73040771484375
2026-07-14T13:03:20.739241+00:00,spot_5,Spot 5,Empty,2026-07-14T12:20:51.937411+00:00,,,,,,,,
2026-07-14T13:03:20.739241+00:00,spot_6,Spot 6,Occupied,2026-07-14T12:21:31.734913+00:00,205,car,0.6894491910934448,2516,294.97760009765625,326.95098876953125,350.56744384765625,358.16357421875
2026-07-14T13:03:20.739241+00:00,spot_7,Spot 7,Empty,2026-07-14T00:18:43.510894+00:00,,,,,,,,
2026-07-14T13:03:20.739241+00:00,spot_8,Spot 8,Empty,2026-07-14T12:59:36.932053+00:00,,,,,,,,
2026-07-14T13:03:20.739241+00:00,spot_9,Spot 9,Empty,2026-07-14T03:02:23.964997+00:00,,,,,,,,
2026-07-14T13:03:20.739241+00:00,spot_10,Spot 10,Empty,2026-07-14T13:03:20.739241+00:00,,,,,,,,
2026-07-14T13:03:20.739241+00:00,spot_11,Spot 11,Occupied,2026-07-14T13:03:20.739241+00:00,227,truck,0.45597565174102783,187,120.0959701538086,317.9716796875,184.06887817382812,345.29876708984375
2026-07-14T13:03:20.739241+00:00,spot_12,Spot 12,Empty,2026-07-14T00:46:21.068768+00:00,,,,,,,,
2026-07-14T13:03:20.739241+00:00,spot_13,Spot 13,Empty,2026-07-14T00:35:18.994409+00:00,,,,,,,,
2026-07-14T13:03:20.739241+00:00,spot_14,Spot 14,Empty,2026-07-14T00:48:20.323446+00:00,,,,,,,,
2026-07-14T13:03:20.739241+00:00,spot_15,Spot 15,Empty,2026-07-14T12:37:27.062502+00:00,,,,,,,,
2026-07-14T13:03:20.739241+00:00,spot_16,Spot 16,Empty,2026-07-13T22:35:22.003550+00:00,,,,,,,,
2026-07-14T13:03:20.739241+00:00,spot_17,Spot 17,Empty,2026-07-13T17:46:26.396031+00:00,,,,,,,,
2026-07-14T13:04:11.719110+00:00,spot_1,Spot 1,Empty,2026-07-14T13:03:20.739241+00:00,,,,,,,,
2026-07-14T13:04:11.719110+00:00,spot_2,Spot 2,Empty,2026-07-14T12:58:13.271753+00:00,,,,,,,,
2026-07-14T13:04:11.719110+00:00,spot_3,Spot 3,Empty,2026-07-14T01:48:31.431946+00:00,,,,,,,,
2026-07-14T13:04:11.719110+00:00,spot_4,Spot 4,Occupied,2026-07-14T13:02:28.202213+00:00,213,car,0.4515936076641083,1860,376.9692077636719,334.18609619140625,424.4665832519531,368.73040771484375
2026-07-14T13:04:11.719110+00:00,spot_5,Spot 5,Empty,2026-07-14T12:20:51.937411+00:00,,,,,,,,
2026-07-14T13:04:11.719110+00:00,spot_6,Spot 6,Occupied,2026-07-14T12:21:31.734913+00:00,205,car,0.6894491910934448,2563,294.97760009765625,326.95098876953125,350.56744384765625,358.16357421875
2026-07-14T13:04:11.719110+00:00,spot_7,Spot 7,Empty,2026-07-14T00:18:43.510894+00:00,,,,,,,,
2026-07-14T13:04:11.719110+00:00,spot_8,Spot 8,Empty,2026-07-14T12:59:36.932053+00:00,,,,,,,,
2026-07-14T13:04:11.719110+00:00,spot_9,Spot 9,Empty,2026-07-14T03:02:23.964997+00:00,,,,,,,,
2026-07-14T13:04:11.719110+00:00,spot_10,Spot 10,Empty,2026-07-14T13:03:20.739241+00:00,,,,,,,,
2026-07-14T13:04:11.719110+00:00,spot_11,Spot 11,Occupied,2026-07-14T13:03:20.739241+00:00,227,truck,0.45597565174102783,234,120.0959701538086,317.9716796875,184.06887817382812,345.29876708984375
2026-07-14T13:04:11.719110+00:00,spot_12,Spot 12,Empty,2026-07-14T00:46:21.068768+00:00,,,,,,,,
2026-07-14T13:04:11.719110+00:00,spot_13,Spot 13,Empty,2026-07-14T00:35:18.994409+00:00,,,,,,,,
2026-07-14T13:04:11.719110+00:00,spot_14,Spot 14,Empty,2026-07-14T00:48:20.323446+00:00,,,,,,,,
2026-07-14T13:04:11.719110+00:00,spot_15,Spot 15,Empty,2026-07-14T12:37:27.062502+00:00,,,,,,,,
2026-07-14T13:04:11.719110+00:00,spot_16,Spot 16,Empty,2026-07-13T22:35:22.003550+00:00,,,,,,,,
2026-07-14T13:04:11.719110+00:00,spot_17,Spot 17,Empty,2026-07-13T17:46:26.396031+00:00,,,,,,,,
2026-07-14T13:05:04.336632+00:00,spot_1,Spot 1,Occupied,2026-07-14T13:05:04.336632+00:00,216,car,0.577426016330719,1386,571.55078125,319.2708740234375,608.1875,361.197021484375
2026-07-14T13:05:04.336632+00:00,spot_2,Spot 2,Empty,2026-07-14T12:58:13.271753+00:00,,,,,,,,
2026-07-14T13:05:04.336632+00:00,spot_3,Spot 3,Empty,2026-07-14T01:48:31.431946+00:00,,,,,,,,
2026-07-14T13:05:04.336632+00:00,spot_4,Spot 4,Occupied,2026-07-14T13:02:28.202213+00:00,213,car,0.39347925782203674,1913,376.606689453125,334.48016357421875,424.1478271484375,369.11004638671875
2026-07-14T13:05:04.336632+00:00,spot_5,Spot 5,Empty,2026-07-14T12:20:51.937411+00:00,,,,,,,,
2026-07-14T13:05:04.336632+00:00,spot_6,Spot 6,Occupied,2026-07-14T12:21:31.734913+00:00,205,car,0.7542392015457153,2616,294.96197509765625,327.143798828125,349.01666259765625,358.0076904296875
2026-07-14T13:05:04.336632+00:00,spot_7,Spot 7,Empty,2026-07-14T00:18:43.510894+00:00,,,,,,,,
2026-07-14T13:05:04.336632+00:00,spot_8,Spot 8,Empty,2026-07-14T12:59:36.932053+00:00,,,,,,,,
2026-07-14T13:05:04.336632+00:00,spot_9,Spot 9,Empty,2026-07-14T03:02:23.964997+00:00,,,,,,,,
2026-07-14T13:05:04.336632+00:00,spot_10,Spot 10,Occupied,2026-07-14T13:05:04.336632+00:00,223,car,0.4927809536457062,551,121.6139144897461,318.2095947265625,183.52413940429688,345.7254638671875
2026-07-14T13:05:04.336632+00:00,spot_11,Spot 11,Occupied,2026-07-14T13:03:20.739241+00:00,227,truck,0.4218188226222992,288,120.0895767211914,318.0213623046875,183.44186401367188,345.7017822265625
2026-07-14T13:05:04.336632+00:00,spot_12,Spot 12,Empty,2026-07-14T00:46:21.068768+00:00,,,,,,,,
2026-07-14T13:05:04.336632+00:00,spot_13,Spot 13,Empty,2026-07-14T00:35:18.994409+00:00,,,,,,,,
2026-07-14T13:05:04.336632+00:00,spot_14,Spot 14,Empty,2026-07-14T00:48:20.323446+00:00,,,,,,,,
2026-07-14T13:05:04.336632+00:00,spot_15,Spot 15,Empty,2026-07-14T12:37:27.062502+00:00,,,,,,,,
2026-07-14T13:05:04.336632+00:00,spot_16,Spot 16,Empty,2026-07-13T22:35:22.003550+00:00,,,,,,,,
2026-07-14T13:05:04.336632+00:00,spot_17,Spot 17,Empty,2026-07-13T17:46:26.396031+00:00,,,,,,,,
2026-07-14T13:05:57.512848+00:00,spot_1,Spot 1,Occupied,2026-07-14T13:05:04.336632+00:00,216,car,0.7005032300949097,1436,571.7196044921875,319.08868408203125,608.284912109375,361.02728271484375
2026-07-14T13:05:57.512848+00:00,spot_2,Spot 2,Empty,2026-07-14T12:58:13.271753+00:00,,,,,,,,
2026-07-14T13:05:57.512848+00:00,spot_3,Spot 3,Empty,2026-07-14T01:48:31.431946+00:00,,,,,,,,
2026-07-14T13:05:57.512848+00:00,spot_4,Spot 4,Occupied,2026-07-14T13:02:28.202213+00:00,213,car,0.7302539944648743,1963,377.07159423828125,334.32928466796875,424.30950927734375,368.80596923828125
2026-07-14T13:05:57.512848+00:00,spot_5,Spot 5,Empty,2026-07-14T12:20:51.937411+00:00,,,,,,,,
2026-07-14T13:05:57.512848+00:00,spot_6,Spot 6,Empty,2026-07-14T13:05:57.512848+00:00,,,,,,,,
2026-07-14T13:05:57.512848+00:00,spot_7,Spot 7,Empty,2026-07-14T00:18:43.510894+00:00,,,,,,,,
2026-07-14T13:05:57.512848+00:00,spot_8,Spot 8,Empty,2026-07-14T12:59:36.932053+00:00,,,,,,,,
2026-07-14T13:05:57.512848+00:00,spot_9,Spot 9,Empty,2026-07-14T03:02:23.964997+00:00,,,,,,,,
2026-07-14T13:05:57.512848+00:00,spot_10,Spot 10,Empty,2026-07-14T13:05:57.512848+00:00,,,,,,,,
2026-07-14T13:05:57.512848+00:00,spot_11,Spot 11,Occupied,2026-07-14T13:03:20.739241+00:00,227,truck,0.4901445806026459,338,120.20951080322266,317.9808349609375,183.88040161132812,345.6278076171875
2026-07-14T13:05:57.512848+00:00,spot_12,Spot 12,Empty,2026-07-14T00:46:21.068768+00:00,,,,,,,,
2026-07-14T13:05:57.512848+00:00,spot_13,Spot 13,Empty,2026-07-14T00:35:18.994409+00:00,,,,,,,,
2026-07-14T13:05:57.512848+00:00,spot_14,Spot 14,Empty,2026-07-14T00:48:20.323446+00:00,,,,,,,,
2026-07-14T13:05:57.512848+00:00,spot_15,Spot 15,Empty,2026-07-14T12:37:27.062502+00:00,,,,,,,,
2026-07-14T13:05:57.512848+00:00,spot_16,Spot 16,Empty,2026-07-13T22:35:22.003550+00:00,,,,,,,,
2026-07-14T13:05:57.512848+00:00,spot_17,Spot 17,Empty,2026-07-13T17:46:26.396031+00:00,,,,,,,,
2026-07-14T13:06:38.966218+00:00,spot_1,Spot 1,Occupied,2026-07-14T13:05:04.336632+00:00,216,car,0.4759235680103302,1479,572.172607421875,319.32501220703125,607.978759765625,360.97467041015625
2026-07-14T13:06:38.966218+00:00,spot_2,Spot 2,Empty,2026-07-14T12:58:13.271753+00:00,,,,,,,,
2026-07-14T13:06:38.966218+00:00,spot_3,Spot 3,Empty,2026-07-14T01:48:31.431946+00:00,,,,,,,,
2026-07-14T13:06:38.966218+00:00,spot_4,Spot 4,Occupied,2026-07-14T13:02:28.202213+00:00,213,car,0.36547523736953735,2006,377.91058349609375,334.81634521484375,424.75067138671875,368.57867431640625
2026-07-14T13:06:38.966218+00:00,spot_5,Spot 5,Empty,2026-07-14T12:20:51.937411+00:00,,,,,,,,
2026-07-14T13:06:38.966218+00:00,spot_6,Spot 6,Occupied,2026-07-14T13:06:38.966218+00:00,229,car,0.8914644122123718,0,263.94598388671875,338.8105773925781,313.25030517578125,377.3915710449219
2026-07-14T13:06:38.966218+00:00,spot_7,Spot 7,Empty,2026-07-14T00:18:43.510894+00:00,,,,,,,,
2026-07-14T13:06:38.966218+00:00,spot_8,Spot 8,Empty,2026-07-14T12:59:36.932053+00:00,,,,,,,,
2026-07-14T13:06:38.966218+00:00,spot_9,Spot 9,Empty,2026-07-14T03:02:23.964997+00:00,,,,,,,,
2026-07-14T13:06:38.966218+00:00,spot_10,Spot 10,Empty,2026-07-14T13:05:57.512848+00:00,,,,,,,,
2026-07-14T13:06:38.966218+00:00,spot_11,Spot 11,Occupied,2026-07-14T13:03:20.739241+00:00,227,truck,0.43609052896499634,380,120.1961441040039,317.6775817871094,183.59207153320312,345.6658630371094
2026-07-14T13:06:38.966218+00:00,spot_12,Spot 12,Empty,2026-07-14T00:46:21.068768+00:00,,,,,,,,
2026-07-14T13:06:38.966218+00:00,spot_13,Spot 13,Empty,2026-07-14T00:35:18.994409+00:00,,,,,,,,
2026-07-14T13:06:38.966218+00:00,spot_14,Spot 14,Empty,2026-07-14T00:48:20.323446+00:00,,,,,,,,
2026-07-14T13:06:38.966218+00:00,spot_15,Spot 15,Empty,2026-07-14T12:37:27.062502+00:00,,,,,,,,
2026-07-14T13:06:38.966218+00:00,spot_16,Spot 16,Empty,2026-07-13T22:35:22.003550+00:00,,,,,,,,
2026-07-14T13:06:38.966218+00:00,spot_17,Spot 17,Empty,2026-07-13T17:46:26.396031+00:00,,,,,,,,
2026-07-14T13:07:22.628511+00:00,spot_1,Spot 1,Occupied,2026-07-14T13:05:04.336632+00:00,216,car,0.4759235680103302,1521,572.172607421875,319.32501220703125,607.978759765625,360.97467041015625
2026-07-14T13:07:22.628511+00:00,spot_2,Spot 2,Empty,2026-07-14T12:58:13.271753+00:00,,,,,,,,
2026-07-14T13:07:22.628511+00:00,spot_3,Spot 3,Empty,2026-07-14T01:48:31.431946+00:00,,,,,,,,
2026-07-14T13:07:22.628511+00:00,spot_4,Spot 4,Occupied,2026-07-14T13:02:28.202213+00:00,213,car,0.36547523736953735,2049,377.91058349609375,334.81634521484375,424.75067138671875,368.57867431640625
2026-07-14T13:07:22.628511+00:00,spot_5,Spot 5,Empty,2026-07-14T12:20:51.937411+00:00,,,,,,,,
2026-07-14T13:07:22.628511+00:00,spot_6,Spot 6,Occupied,2026-07-14T13:06:38.966218+00:00,229,car,0.8914644122123718,42,263.94598388671875,338.8105773925781,313.25030517578125,377.3915710449219
2026-07-14T13:07:22.628511+00:00,spot_7,Spot 7,Empty,2026-07-14T00:18:43.510894+00:00,,,,,,,,
2026-07-14T13:07:22.628511+00:00,spot_8,Spot 8,Empty,2026-07-14T12:59:36.932053+00:00,,,,,,,,
2026-07-14T13:07:22.628511+00:00,spot_9,Spot 9,Empty,2026-07-14T03:02:23.964997+00:00,,,,,,,,
2026-07-14T13:07:22.628511+00:00,spot_10,Spot 10,Empty,2026-07-14T13:05:57.512848+00:00,,,,,,,,
2026-07-14T13:07:22.628511+00:00,spot_11,Spot 11,Occupied,2026-07-14T13:03:20.739241+00:00,227,truck,0.43609052896499634,423,120.1961441040039,317.6775817871094,183.59207153320312,345.6658630371094
2026-07-14T13:07:22.628511+00:00,spot_12,Spot 12,Empty,2026-07-14T00:46:21.068768+00:00,,,,,,,,
2026-07-14T13:07:22.628511+00:00,spot_13,Spot 13,Empty,2026-07-14T00:35:18.994409+00:00,,,,,,,,
2026-07-14T13:07:22.628511+00:00,spot_14,Spot 14,Empty,2026-07-14T00:48:20.323446+00:00,,,,,,,,
2026-07-14T13:07:22.628511+00:00,spot_15,Spot 15,Empty,2026-07-14T12:37:27.062502+00:00,,,,,,,,
2026-07-14T13:07:22.628511+00:00,spot_16,Spot 16,Empty,2026-07-13T22:35:22.003550+00:00,,,,,,,,
2026-07-14T13:07:22.628511+00:00,spot_17,Spot 17,Empty,2026-07-13T17:46:26.396031+00:00,,,,,,,,
2026-07-14T13:08:02.875260+00:00,spot_1,Spot 1,Empty,2026-07-14T13:08:02.875260+00:00,,,,,,,,
2026-07-14T13:08:02.875260+00:00,spot_2,Spot 2,Empty,2026-07-14T12:58:13.271753+00:00,,,,,,,,
2026-07-14T13:08:02.875260+00:00,spot_3,Spot 3,Empty,2026-07-14T01:48:31.431946+00:00,,,,,,,,
2026-07-14T13:08:02.875260+00:00,spot_4,Spot 4,Empty,2026-07-14T13:08:02.875260+00:00,,,,,,,,
2026-07-14T13:08:02.875260+00:00,spot_5,Spot 5,Empty,2026-07-14T12:20:51.937411+00:00,,,,,,,,
2026-07-14T13:08:02.875260+00:00,spot_6,Spot 6,Empty,2026-07-14T13:08:02.875260+00:00,,,,,,,,
2026-07-14T13:08:02.875260+00:00,spot_7,Spot 7,Empty,2026-07-14T00:18:43.510894+00:00,,,,,,,,
2026-07-14T13:08:02.875260+00:00,spot_8,Spot 8,Empty,2026-07-14T12:59:36.932053+00:00,,,,,,,,
2026-07-14T13:08:02.875260+00:00,spot_9,Spot 9,Empty,2026-07-14T03:02:23.964997+00:00,,,,,,,,
2026-07-14T13:08:02.875260+00:00,spot_10,Spot 10,Occupied,2026-07-14T13:08:02.875260+00:00,223,car,0.46663838624954224,726,131.39144897460938,318.10919189453125,183.64352416992188,345.57965087890625
2026-07-14T13:08:02.875260+00:00,spot_11,Spot 11,Empty,2026-07-14T13:08:02.875260+00:00,,,,,,,,
2026-07-14T13:08:02.875260+00:00,spot_12,Spot 12,Empty,2026-07-14T00:46:21.068768+00:00,,,,,,,,
2026-07-14T13:08:02.875260+00:00,spot_13,Spot 13,Empty,2026-07-14T00:35:18.994409+00:00,,,,,,,,
2026-07-14T13:08:02.875260+00:00,spot_14,Spot 14,Empty,2026-07-14T00:48:20.323446+00:00,,,,,,,,
2026-07-14T13:08:02.875260+00:00,spot_15,Spot 15,Occupied,2026-07-14T13:08:02.875260+00:00,230,car,0.8052168488502502,0,37.131195068359375,310.7303466796875,79.14421081542969,329.555908203125
2026-07-14T13:08:02.875260+00:00,spot_16,Spot 16,Empty,2026-07-13T22:35:22.003550+00:00,,,,,,,,
2026-07-14T13:08:02.875260+00:00,spot_17,Spot 17,Empty,2026-07-13T17:46:26.396031+00:00,,,,,,,,
2026-07-14T13:08:46.789734+00:00,spot_1,Spot 1,Empty,2026-07-14T13:08:02.875260+00:00,,,,,,,,
2026-07-14T13:08:46.789734+00:00,spot_2,Spot 2,Empty,2026-07-14T12:58:13.271753+00:00,,,,,,,,
2026-07-14T13:08:46.789734+00:00,spot_3,Spot 3,Empty,2026-07-14T01:48:31.431946+00:00,,,,,,,,
2026-07-14T13:08:46.789734+00:00,spot_4,Spot 4,Occupied,2026-07-14T13:08:46.789734+00:00,213,car,0.6036128997802734,2133,377.04345703125,333.7445373535156,424.10107421875,368.8695983886719
2026-07-14T13:08:46.789734+00:00,spot_5,Spot 5,Empty,2026-07-14T12:20:51.937411+00:00,,,,,,,,
2026-07-14T13:08:46.789734+00:00,spot_6,Spot 6,Empty,2026-07-14T13:08:02.875260+00:00,,,,,,,,
2026-07-14T13:08:46.789734+00:00,spot_7,Spot 7,Empty,2026-07-14T00:18:43.510894+00:00,,,,,,,,
2026-07-14T13:08:46.789734+00:00,spot_8,Spot 8,Empty,2026-07-14T12:59:36.932053+00:00,,,,,,,,
2026-07-14T13:08:46.789734+00:00,spot_9,Spot 9,Empty,2026-07-14T03:02:23.964997+00:00,,,,,,,,
2026-07-14T13:08:46.789734+00:00,spot_10,Spot 10,Occupied,2026-07-14T13:08:46.789734+00:00,227,truck,0.5057740211486816,508,120.84909057617188,317.9188232421875,183.71063232421875,345.7501220703125
2026-07-14T13:08:46.789734+00:00,spot_11,Spot 11,Empty,2026-07-14T13:08:02.875260+00:00,,,,,,,,
2026-07-14T13:08:46.789734+00:00,spot_12,Spot 12,Empty,2026-07-14T00:46:21.068768+00:00,,,,,,,,
2026-07-14T13:08:46.789734+00:00,spot_13,Spot 13,Empty,2026-07-14T00:35:18.994409+00:00,,,,,,,,
2026-07-14T13:08:46.789734+00:00,spot_14,Spot 14,Empty,2026-07-14T00:48:20.323446+00:00,,,,,,,,
2026-07-14T13:08:46.789734+00:00,spot_15,Spot 15,Occupied,2026-07-14T13:08:02.875260+00:00,230,car,0.6984238624572754,45,36.87651062011719,310.85919189453125,79.77472686767578,329.69195556640625
2026-07-14T13:08:46.789734+00:00,spot_16,Spot 16,Empty,2026-07-13T22:35:22.003550+00:00,,,,,,,,
2026-07-14T13:08:46.789734+00:00,spot_17,Spot 17,Empty,2026-07-13T17:46:26.396031+00:00,,,,,,,,
2026-07-14T13:09:37.414041+00:00,spot_1,Spot 1,Occupied,2026-07-14T13:09:37.414041+00:00,231,truck,0.5984859466552734,0,571.1829833984375,318.48760986328125,607.9564208984375,360.67529296875
2026-07-14T13:09:37.414041+00:00,spot_2,Spot 2,Empty,2026-07-14T12:58:13.271753+00:00,,,,,,,,
2026-07-14T13:09:37.414041+00:00,spot_3,Spot 3,Empty,2026-07-14T01:48:31.431946+00:00,,,,,,,,
2026-07-14T13:09:37.414041+00:00,spot_4,Spot 4,Occupied,2026-07-14T13:08:46.789734+00:00,213,car,0.539603590965271,2185,376.9403381347656,334.5406188964844,418.3439636230469,368.7898864746094
2026-07-14T13:09:37.414041+00:00,spot_5,Spot 5,Empty,2026-07-14T12:20:51.937411+00:00,,,,,,,,
2026-07-14T13:09:37.414041+00:00,spot_6,Spot 6,Empty,2026-07-14T13:08:02.875260+00:00,,,,,,,,
2026-07-14T13:09:37.414041+00:00,spot_7,Spot 7,Empty,2026-07-14T00:18:43.510894+00:00,,,,,,,,
2026-07-14T13:09:37.414041+00:00,spot_8,Spot 8,Empty,2026-07-14T12:59:36.932053+00:00,,,,,,,,
2026-07-14T13:09:37.414041+00:00,spot_9,Spot 9,Empty,2026-07-14T03:02:23.964997+00:00,,,,,,,,
2026-07-14T13:09:37.414041+00:00,spot_10,Spot 10,Occupied,2026-07-14T13:09:37.414041+00:00,223,car,0.6531854271888733,822,120.0919418334961,317.843505859375,184.11550903320312,345.80419921875
2026-07-14T13:09:37.414041+00:00,spot_11,Spot 11,Empty,2026-07-14T13:08:02.875260+00:00,,,,,,,,
2026-07-14T13:09:37.414041+00:00,spot_12,Spot 12,Empty,2026-07-14T00:46:21.068768+00:00,,,,,,,,
2026-07-14T13:09:37.414041+00:00,spot_13,Spot 13,Empty,2026-07-14T00:35:18.994409+00:00,,,,,,,,
2026-07-14T13:09:37.414041+00:00,spot_14,Spot 14,Empty,2026-07-14T00:48:20.323446+00:00,,,,,,,,
2026-07-14T13:09:37.414041+00:00,spot_15,Spot 15,Occupied,2026-07-14T13:08:02.875260+00:00,230,car,0.6533923745155334,96,37.15119171142578,310.7351989746094,79.5484848022461,329.6703796386719
2026-07-14T13:09:37.414041+00:00,spot_16,Spot 16,Empty,2026-07-13T22:35:22.003550+00:00,,,,,,,,
2026-07-14T13:09:37.414041+00:00,spot_17,Spot 17,Empty,2026-07-13T17:46:26.396031+00:00,,,,,,,,
2026-07-14T13:10:19.307355+00:00,spot_1,Spot 1,Occupied,2026-07-14T13:09:37.414041+00:00,231,truck,0.5984859466552734,40,571.1829833984375,318.48760986328125,607.9564208984375,360.67529296875
2026-07-14T13:10:19.307355+00:00,spot_2,Spot 2,Empty,2026-07-14T12:58:13.271753+00:00,,,,,,,,
2026-07-14T13:10:19.307355+00:00,spot_3,Spot 3,Empty,2026-07-14T01:48:31.431946+00:00,,,,,,,,
2026-07-14T13:10:19.307355+00:00,spot_4,Spot 4,Occupied,2026-07-14T13:08:46.789734+00:00,213,car,0.539603590965271,2225,376.9403381347656,334.5406188964844,418.3439636230469,368.7898864746094
2026-07-14T13:10:19.307355+00:00,spot_5,Spot 5,Empty,2026-07-14T12:20:51.937411+00:00,,,,,,,,
2026-07-14T13:10:19.307355+00:00,spot_6,Spot 6,Empty,2026-07-14T13:08:02.875260+00:00,,,,,,,,
2026-07-14T13:10:19.307355+00:00,spot_7,Spot 7,Empty,2026-07-14T00:18:43.510894+00:00,,,,,,,,
2026-07-14T13:10:19.307355+00:00,spot_8,Spot 8,Empty,2026-07-14T12:59:36.932053+00:00,,,,,,,,
2026-07-14T13:10:19.307355+00:00,spot_9,Spot 9,Empty,2026-07-14T03:02:23.964997+00:00,,,,,,,,
2026-07-14T13:10:19.307355+00:00,spot_10,Spot 10,Occupied,2026-07-14T13:09:37.414041+00:00,223,car,0.6531854271888733,862,120.0919418334961,317.843505859375,184.11550903320312,345.80419921875
2026-07-14T13:10:19.307355+00:00,spot_11,Spot 11,Empty,2026-07-14T13:08:02.875260+00:00,,,,,,,,
2026-07-14T13:10:19.307355+00:00,spot_12,Spot 12,Empty,2026-07-14T00:46:21.068768+00:00,,,,,,,,
2026-07-14T13:10:19.307355+00:00,spot_13,Spot 13,Empty,2026-07-14T00:35:18.994409+00:00,,,,,,,,
2026-07-14T13:10:19.307355+00:00,spot_14,Spot 14,Empty,2026-07-14T00:48:20.323446+00:00,,,,,,,,
2026-07-14T13:10:19.307355+00:00,spot_15,Spot 15,Occupied,2026-07-14T13:08:02.875260+00:00,230,car,0.6533923745155334,136,37.15119171142578,310.7351989746094,79.5484848022461,329.6703796386719
2026-07-14T13:10:19.307355+00:00,spot_16,Spot 16,Empty,2026-07-13T22:35:22.003550+00:00,,,,,,,,
2026-07-14T13:10:19.307355+00:00,spot_17,Spot 17,Empty,2026-07-13T17:46:26.396031+00:00,,,,,,,,
2026-07-14T13:11:00.986834+00:00,spot_1,Spot 1,Occupied,2026-07-14T13:09:37.414041+00:00,231,truck,0.5331733822822571,81,571.0968017578125,318.90728759765625,607.718994140625,361.10589599609375
2026-07-14T13:11:00.986834+00:00,spot_2,Spot 2,Empty,2026-07-14T12:58:13.271753+00:00,,,,,,,,
2026-07-14T13:11:00.986834+00:00,spot_3,Spot 3,Empty,2026-07-14T01:48:31.431946+00:00,,,,,,,,
2026-07-14T13:11:00.986834+00:00,spot_4,Spot 4,Occupied,2026-07-14T13:11:00.986834+00:00,232,truck,0.4171638786792755,0,375.9693603515625,323.22479248046875,440.3369140625,369.67950439453125
2026-07-14T13:11:00.986834+00:00,spot_5,Spot 5,Empty,2026-07-14T12:20:51.937411+00:00,,,,,,,,
2026-07-14T13:11:00.986834+00:00,spot_6,Spot 6,Empty,2026-07-14T13:08:02.875260+00:00,,,,,,,,
2026-07-14T13:11:00.986834+00:00,spot_7,Spot 7,Empty,2026-07-14T00:18:43.510894+00:00,,,,,,,,
2026-07-14T13:11:00.986834+00:00,spot_8,Spot 8,Empty,2026-07-14T12:59:36.932053+00:00,,,,,,,,
2026-07-14T13:11:00.986834+00:00,spot_9,Spot 9,Empty,2026-07-14T03:02:23.964997+00:00,,,,,,,,
2026-07-14T13:11:00.986834+00:00,spot_10,Spot 10,Occupied,2026-07-14T13:09:37.414041+00:00,223,car,0.40532436966896057,904,120.51740264892578,318.07159423828125,184.00616455078125,345.6324462890625
2026-07-14T13:11:00.986834+00:00,spot_11,Spot 11,Empty,2026-07-14T13:08:02.875260+00:00,,,,,,,,
2026-07-14T13:11:00.986834+00:00,spot_12,Spot 12,Empty,2026-07-14T00:46:21.068768+00:00,,,,,,,,
2026-07-14T13:11:00.986834+00:00,spot_13,Spot 13,Empty,2026-07-14T00:35:18.994409+00:00,,,,,,,,
2026-07-14T13:11:00.986834+00:00,spot_14,Spot 14,Empty,2026-07-14T00:48:20.323446+00:00,,,,,,,,
2026-07-14T13:11:00.986834+00:00,spot_15,Spot 15,Occupied,2026-07-14T13:08:02.875260+00:00,230,car,0.6087428331375122,178,36.27439880371094,310.787841796875,79.38966369628906,329.953857421875
2026-07-14T13:11:00.986834+00:00,spot_16,Spot 16,Empty,2026-07-13T22:35:22.003550+00:00,,,,,,,,
2026-07-14T13:11:00.986834+00:00,spot_17,Spot 17,Empty,2026-07-13T17:46:26.396031+00:00,,,,,,,,
2026-07-14T13:14:18.236326+00:00,spot_1,Spot 1,Occupied,2026-07-14T13:14:18.236326+00:00,238,truck,0.4098132252693176,0,571.2443237304688,319.33697509765625,608.4368286132812,360.7322998046875
2026-07-14T13:14:18.236326+00:00,spot_2,Spot 2,Empty,2026-07-14T12:58:13.271753+00:00,,,,,,,,
2026-07-14T13:14:18.236326+00:00,spot_3,Spot 3,Empty,2026-07-14T01:48:31.431946+00:00,,,,,,,,
2026-07-14T13:14:18.236326+00:00,spot_4,Spot 4,Occupied,2026-07-14T13:14:18.236326+00:00,237,car,0.41633445024490356,0,376.56683349609375,333.94744873046875,424.22625732421875,368.19927978515625
2026-07-14T13:14:18.236326+00:00,spot_5,Spot 5,Empty,2026-07-14T12:20:51.937411+00:00,,,,,,,,
2026-07-14T13:14:18.236326+00:00,spot_6,Spot 6,Empty,2026-07-14T13:08:02.875260+00:00,,,,,,,,
2026-07-14T13:14:18.236326+00:00,spot_7,Spot 7,Empty,2026-07-14T00:18:43.510894+00:00,,,,,,,,
2026-07-14T13:14:18.236326+00:00,spot_8,Spot 8,Empty,2026-07-14T12:59:36.932053+00:00,,,,,,,,
2026-07-14T13:14:18.236326+00:00,spot_9,Spot 9,Empty,2026-07-14T03:02:23.964997+00:00,,,,,,,,
2026-07-14T13:14:18.236326+00:00,spot_10,Spot 10,Empty,2026-07-14T13:14:18.236326+00:00,,,,,,,,
2026-07-14T13:14:18.236326+00:00,spot_11,Spot 11,Occupied,2026-07-14T13:14:18.236326+00:00,236,car,0.4789424538612366,0,121.04359436035156,318.2457275390625,182.7191619873047,345.6304931640625
2026-07-14T13:14:18.236326+00:00,spot_12,Spot 12,Empty,2026-07-14T00:46:21.068768+00:00,,,,,,,,
2026-07-14T13:14:18.236326+00:00,spot_13,Spot 13,Empty,2026-07-14T00:35:18.994409+00:00,,,,,,,,
2026-07-14T13:14:18.236326+00:00,spot_14,Spot 14,Empty,2026-07-14T00:48:20.323446+00:00,,,,,,,,
2026-07-14T13:14:18.236326+00:00,spot_15,Spot 15,Occupied,2026-07-14T13:14:18.236326+00:00,233,car,0.540309488773346,0,36.91392517089844,310.9586181640625,79.52489471435547,329.50830078125
2026-07-14T13:14:18.236326+00:00,spot_16,Spot 16,Empty,2026-07-13T22:35:22.003550+00:00,,,,,,,,
2026-07-14T13:14:18.236326+00:00,spot_17,Spot 17,Empty,2026-07-13T17:46:26.396031+00:00,,,,,,,,
2026-07-14T13:15:03.152854+00:00,spot_1,Spot 1,Occupied,2026-07-14T13:15:03.152854+00:00,235,car,0.7543900012969971,45,572.4533081054688,318.950927734375,608.6868286132812,359.82861328125
2026-07-14T13:15:03.152854+00:00,spot_2,Spot 2,Empty,2026-07-14T12:58:13.271753+00:00,,,,,,,,
2026-07-14T13:15:03.152854+00:00,spot_3,Spot 3,Empty,2026-07-14T01:48:31.431946+00:00,,,,,,,,
2026-07-14T13:15:03.152854+00:00,spot_4,Spot 4,Occupied,2026-07-14T13:14:18.236326+00:00,237,car,0.48247912526130676,45,376.74432373046875,331.1827392578125,424.452880859375,368.299072265625
2026-07-14T13:15:03.152854+00:00,spot_5,Spot 5,Empty,2026-07-14T12:20:51.937411+00:00,,,,,,,,
2026-07-14T13:15:03.152854+00:00,spot_6,Spot 6,Empty,2026-07-14T13:08:02.875260+00:00,,,,,,,,
2026-07-14T13:15:03.152854+00:00,spot_7,Spot 7,Empty,2026-07-14T00:18:43.510894+00:00,,,,,,,,
2026-07-14T13:15:03.152854+00:00,spot_8,Spot 8,Empty,2026-07-14T12:59:36.932053+00:00,,,,,,,,
2026-07-14T13:15:03.152854+00:00,spot_9,Spot 9,Empty,2026-07-14T03:02:23.964997+00:00,,,,,,,,
2026-07-14T13:15:03.152854+00:00,spot_10,Spot 10,Empty,2026-07-14T13:14:18.236326+00:00,,,,,,,,
2026-07-14T13:15:03.152854+00:00,spot_11,Spot 11,Occupied,2026-07-14T13:14:18.236326+00:00,236,car,0.6564978361129761,45,120.04556274414062,318.19744873046875,183.3968505859375,345.530029296875
2026-07-14T13:15:03.152854+00:00,spot_12,Spot 12,Empty,2026-07-14T00:46:21.068768+00:00,,,,,,,,
2026-07-14T13:15:03.152854+00:00,spot_13,Spot 13,Empty,2026-07-14T00:35:18.994409+00:00,,,,,,,,
2026-07-14T13:15:03.152854+00:00,spot_14,Spot 14,Empty,2026-07-14T00:48:20.323446+00:00,,,,,,,,
2026-07-14T13:15:03.152854+00:00,spot_15,Spot 15,Occupied,2026-07-14T13:14:18.236326+00:00,233,car,0.7198177576065063,45,36.965736389160156,310.71392822265625,79.56777954101562,329.2098388671875
2026-07-14T13:15:03.152854+00:00,spot_16,Spot 16,Empty,2026-07-13T22:35:22.003550+00:00,,,,,,,,
2026-07-14T13:15:03.152854+00:00,spot_17,Spot 17,Empty,2026-07-13T17:46:26.396031+00:00,,,,,,,,
2026-07-14T13:15:45.927883+00:00,spot_1,Spot 1,Occupied,2026-07-14T13:15:03.152854+00:00,235,car,0.7543900012969971,87,572.4533081054688,318.950927734375,608.6868286132812,359.82861328125
2026-07-14T13:15:45.927883+00:00,spot_2,Spot 2,Empty,2026-07-14T12:58:13.271753+00:00,,,,,,,,
2026-07-14T13:15:45.927883+00:00,spot_3,Spot 3,Empty,2026-07-14T01:48:31.431946+00:00,,,,,,,,
2026-07-14T13:15:45.927883+00:00,spot_4,Spot 4,Occupied,2026-07-14T13:14:18.236326+00:00,237,car,0.48247912526130676,87,376.74432373046875,331.1827392578125,424.452880859375,368.299072265625
2026-07-14T13:15:45.927883+00:00,spot_5,Spot 5,Empty,2026-07-14T12:20:51.937411+00:00,,,,,,,,
2026-07-14T13:15:45.927883+00:00,spot_6,Spot 6,Empty,2026-07-14T13:08:02.875260+00:00,,,,,,,,
2026-07-14T13:15:45.927883+00:00,spot_7,Spot 7,Empty,2026-07-14T00:18:43.510894+00:00,,,,,,,,
2026-07-14T13:15:45.927883+00:00,spot_8,Spot 8,Empty,2026-07-14T12:59:36.932053+00:00,,,,,,,,
2026-07-14T13:15:45.927883+00:00,spot_9,Spot 9,Empty,2026-07-14T03:02:23.964997+00:00,,,,,,,,
2026-07-14T13:15:45.927883+00:00,spot_10,Spot 10,Empty,2026-07-14T13:14:18.236326+00:00,,,,,,,,
2026-07-14T13:15:45.927883+00:00,spot_11,Spot 11,Occupied,2026-07-14T13:14:18.236326+00:00,236,car,0.6564978361129761,87,120.04556274414062,318.19744873046875,183.3968505859375,345.530029296875
2026-07-14T13:15:45.927883+00:00,spot_12,Spot 12,Empty,2026-07-14T00:46:21.068768+00:00,,,,,,,,
2026-07-14T13:15:45.927883+00:00,spot_13,Spot 13,Empty,2026-07-14T00:35:18.994409+00:00,,,,,,,,
2026-07-14T13:15:45.927883+00:00,spot_14,Spot 14,Empty,2026-07-14T00:48:20.323446+00:00,,,,,,,,
2026-07-14T13:15:45.927883+00:00,spot_15,Spot 15,Occupied,2026-07-14T13:14:18.236326+00:00,233,car,0.7198177576065063,87,36.965736389160156,310.71392822265625,79.56777954101562,329.2098388671875
2026-07-14T13:15:45.927883+00:00,spot_16,Spot 16,Empty,2026-07-13T22:35:22.003550+00:00,,,,,,,,
2026-07-14T13:15:45.927883+00:00,spot_17,Spot 17,Empty,2026-07-13T17:46:26.396031+00:00,,,,,,,,
2026-07-14T13:16:27.524931+00:00,spot_1,Spot 1,Occupied,2026-07-14T13:15:03.152854+00:00,235,car,0.7647655606269836,129,571.6289672851562,319.1588134765625,608.2600708007812,360.90673828125
2026-07-14T13:16:27.524931+00:00,spot_2,Spot 2,Empty,2026-07-14T12:58:13.271753+00:00,,,,,,,,
2026-07-14T13:16:27.524931+00:00,spot_3,Spot 3,Empty,2026-07-14T01:48:31.431946+00:00,,,,,,,,
2026-07-14T13:16:27.524931+00:00,spot_4,Spot 4,Occupied,2026-07-14T13:14:18.236326+00:00,237,car,0.6787681579589844,129,376.89984130859375,333.62744140625,422.20849609375,368.197265625
2026-07-14T13:16:27.524931+00:00,spot_5,Spot 5,Empty,2026-07-14T12:20:51.937411+00:00,,,,,,,,
2026-07-14T13:16:27.524931+00:00,spot_6,Spot 6,Empty,2026-07-14T13:08:02.875260+00:00,,,,,,,,
2026-07-14T13:16:27.524931+00:00,spot_7,Spot 7,Empty,2026-07-14T00:18:43.510894+00:00,,,,,,,,
2026-07-14T13:16:27.524931+00:00,spot_8,Spot 8,Empty,2026-07-14T12:59:36.932053+00:00,,,,,,,,
2026-07-14T13:16:27.524931+00:00,spot_9,Spot 9,Empty,2026-07-14T03:02:23.964997+00:00,,,,,,,,
2026-07-14T13:16:27.524931+00:00,spot_10,Spot 10,Empty,2026-07-14T13:14:18.236326+00:00,,,,,,,,
2026-07-14T13:16:27.524931+00:00,spot_11,Spot 11,Occupied,2026-07-14T13:14:18.236326+00:00,236,car,0.6310846209526062,129,120.37385559082031,318.3407897949219,182.8603973388672,345.8818054199219
2026-07-14T13:16:27.524931+00:00,spot_12,Spot 12,Empty,2026-07-14T00:46:21.068768+00:00,,,,,,,,
2026-07-14T13:16:27.524931+00:00,spot_13,Spot 13,Empty,2026-07-14T00:35:18.994409+00:00,,,,,,,,
2026-07-14T13:16:27.524931+00:00,spot_14,Spot 14,Empty,2026-07-14T00:48:20.323446+00:00,,,,,,,,
2026-07-14T13:16:27.524931+00:00,spot_15,Spot 15,Occupied,2026-07-14T13:14:18.236326+00:00,233,car,0.6315470337867737,129,36.99970245361328,310.81256103515625,79.76892852783203,328.67010498046875
2026-07-14T13:16:27.524931+00:00,spot_16,Spot 16,Empty,2026-07-13T22:35:22.003550+00:00,,,,,,,,
2026-07-14T13:16:27.524931+00:00,spot_17,Spot 17,Empty,2026-07-13T17:46:26.396031+00:00,,,,,,,,
2026-07-14T13:17:09.063421+00:00,spot_1,Spot 1,Occupied,2026-07-14T13:15:03.152854+00:00,235,car,0.6092022657394409,170,571.6873779296875,319.2593994140625,608.38671875,360.84619140625
2026-07-14T13:17:09.063421+00:00,spot_2,Spot 2,Empty,2026-07-14T12:58:13.271753+00:00,,,,,,,,
2026-07-14T13:17:09.063421+00:00,spot_3,Spot 3,Empty,2026-07-14T01:48:31.431946+00:00,,,,,,,,
2026-07-14T13:17:09.063421+00:00,spot_4,Spot 4,Occupied,2026-07-14T13:17:09.063421+00:00,234,truck,0.38167905807495117,170,376.85577392578125,324.6689453125,441.40875244140625,369.00634765625
2026-07-14T13:17:09.063421+00:00,spot_5,Spot 5,Empty,2026-07-14T12:20:51.937411+00:00,,,,,,,,
2026-07-14T13:17:09.063421+00:00,spot_6,Spot 6,Empty,2026-07-14T13:08:02.875260+00:00,,,,,,,,
2026-07-14T13:17:09.063421+00:00,spot_7,Spot 7,Empty,2026-07-14T00:18:43.510894+00:00,,,,,,,,
2026-07-14T13:17:09.063421+00:00,spot_8,Spot 8,Empty,2026-07-14T12:59:36.932053+00:00,,,,,,,,
2026-07-14T13:17:09.063421+00:00,spot_9,Spot 9,Empty,2026-07-14T03:02:23.964997+00:00,,,,,,,,
2026-07-14T13:17:09.063421+00:00,spot_10,Spot 10,Occupied,2026-07-14T13:17:09.063421+00:00,236,car,0.42494696378707886,170,121.23493957519531,318.44683837890625,183.28770446777344,345.45538330078125
2026-07-14T13:17:09.063421+00:00,spot_11,Spot 11,Occupied,2026-07-14T13:17:09.063421+00:00,239,truck,0.4100930690765381,0,120.50363159179688,318.25115966796875,183.33041381835938,345.53173828125
2026-07-14T13:17:09.063421+00:00,spot_12,Spot 12,Empty,2026-07-14T00:46:21.068768+00:00,,,,,,,,
2026-07-14T13:17:09.063421+00:00,spot_13,Spot 13,Empty,2026-07-14T00:35:18.994409+00:00,,,,,,,,
2026-07-14T13:17:09.063421+00:00,spot_14,Spot 14,Empty,2026-07-14T00:48:20.323446+00:00,,,,,,,,
2026-07-14T13:17:09.063421+00:00,spot_15,Spot 15,Occupied,2026-07-14T13:17:09.063421+00:00,240,truck,0.38654449582099915,0,36.629180908203125,310.96002197265625,79.70204162597656,329.47747802734375
2026-07-14T13:17:09.063421+00:00,spot_16,Spot 16,Empty,2026-07-13T22:35:22.003550+00:00,,,,,,,,
2026-07-14T13:17:09.063421+00:00,spot_17,Spot 17,Empty,2026-07-13T17:46:26.396031+00:00,,,,,,,,
2026-07-14T13:17:51.721363+00:00,spot_1,Spot 1,Occupied,2026-07-14T13:15:03.152854+00:00,235,car,0.6092022657394409,212,571.6873779296875,319.2593994140625,608.38671875,360.84619140625
2026-07-14T13:17:51.721363+00:00,spot_2,Spot 2,Empty,2026-07-14T12:58:13.271753+00:00,,,,,,,,
2026-07-14T13:17:51.721363+00:00,spot_3,Spot 3,Empty,2026-07-14T01:48:31.431946+00:00,,,,,,,,
2026-07-14T13:17:51.721363+00:00,spot_4,Spot 4,Occupied,2026-07-14T13:17:09.063421+00:00,234,truck,0.38167905807495117,212,376.85577392578125,324.6689453125,441.40875244140625,369.00634765625
2026-07-14T13:17:51.721363+00:00,spot_5,Spot 5,Empty,2026-07-14T12:20:51.937411+00:00,,,,,,,,
2026-07-14T13:17:51.721363+00:00,spot_6,Spot 6,Empty,2026-07-14T13:08:02.875260+00:00,,,,,,,,
2026-07-14T13:17:51.721363+00:00,spot_7,Spot 7,Empty,2026-07-14T00:18:43.510894+00:00,,,,,,,,
2026-07-14T13:17:51.721363+00:00,spot_8,Spot 8,Empty,2026-07-14T12:59:36.932053+00:00,,,,,,,,
2026-07-14T13:17:51.721363+00:00,spot_9,Spot 9,Empty,2026-07-14T03:02:23.964997+00:00,,,,,,,,
2026-07-14T13:17:51.721363+00:00,spot_10,Spot 10,Occupied,2026-07-14T13:17:09.063421+00:00,236,car,0.42494696378707886,212,121.23493957519531,318.44683837890625,183.28770446777344,345.45538330078125
2026-07-14T13:17:51.721363+00:00,spot_11,Spot 11,Occupied,2026-07-14T13:17:09.063421+00:00,239,truck,0.4100930690765381,42,120.50363159179688,318.25115966796875,183.33041381835938,345.53173828125
2026-07-14T13:17:51.721363+00:00,spot_12,Spot 12,Empty,2026-07-14T00:46:21.068768+00:00,,,,,,,,
2026-07-14T13:17:51.721363+00:00,spot_13,Spot 13,Empty,2026-07-14T00:35:18.994409+00:00,,,,,,,,
2026-07-14T13:17:51.721363+00:00,spot_14,Spot 14,Empty,2026-07-14T00:48:20.323446+00:00,,,,,,,,
2026-07-14T13:17:51.721363+00:00,spot_15,Spot 15,Occupied,2026-07-14T13:17:09.063421+00:00,240,truck,0.38654449582099915,42,36.629180908203125,310.96002197265625,79.70204162597656,329.47747802734375
2026-07-14T13:17:51.721363+00:00,spot_16,Spot 16,Empty,2026-07-13T22:35:22.003550+00:00,,,,,,,,
2026-07-14T13:17:51.721363+00:00,spot_17,Spot 17,Empty,2026-07-13T17:46:26.396031+00:00,,,,,,,,
2026-07-14T13:18:33.473205+00:00,spot_1,Spot 1,Occupied,2026-07-14T13:18:33.473205+00:00,242,truck,0.41576865315437317,0,571.9920654296875,318.75579833984375,608.2359619140625,360.3004150390625
2026-07-14T13:18:33.473205+00:00,spot_2,Spot 2,Empty,2026-07-14T12:58:13.271753+00:00,,,,,,,,
2026-07-14T13:18:33.473205+00:00,spot_3,Spot 3,Empty,2026-07-14T01:48:31.431946+00:00,,,,,,,,
2026-07-14T13:18:33.473205+00:00,spot_4,Spot 4,Occupied,2026-07-14T13:18:33.473205+00:00,237,car,0.4190627634525299,256,376.498046875,333.8026123046875,417.60223388671875,368.3768310546875
2026-07-14T13:18:33.473205+00:00,spot_5,Spot 5,Empty,2026-07-14T12:20:51.937411+00:00,,,,,,,,
2026-07-14T13:18:33.473205+00:00,spot_6,Spot 6,Empty,2026-07-14T13:08:02.875260+00:00,,,,,,,,
2026-07-14T13:18:33.473205+00:00,spot_7,Spot 7,Empty,2026-07-14T00:18:43.510894+00:00,,,,,,,,
2026-07-14T13:18:33.473205+00:00,spot_8,Spot 8,Empty,2026-07-14T12:59:36.932053+00:00,,,,,,,,
2026-07-14T13:18:33.473205+00:00,spot_9,Spot 9,Empty,2026-07-14T03:02:23.964997+00:00,,,,,,,,
2026-07-14T13:18:33.473205+00:00,spot_10,Spot 10,Occupied,2026-07-14T13:17:09.063421+00:00,236,car,0.7061664462089539,256,120.40512084960938,318.1864318847656,183.29653930664062,345.8772888183594
2026-07-14T13:18:33.473205+00:00,spot_11,Spot 11,Empty,2026-07-14T13:18:33.473205+00:00,,,,,,,,
2026-07-14T13:18:33.473205+00:00,spot_12,Spot 12,Empty,2026-07-14T00:46:21.068768+00:00,,,,,,,,
2026-07-14T13:18:33.473205+00:00,spot_13,Spot 13,Occupied,2026-07-14T13:18:33.473205+00:00,241,car,0.6945372223854065,0,57.52985763549805,312.33642578125,115.88450622558594,338.02960205078125
2026-07-14T13:18:33.473205+00:00,spot_14,Spot 14,Empty,2026-07-14T00:48:20.323446+00:00,,,,,,,,
2026-07-14T13:18:33.473205+00:00,spot_15,Spot 15,Occupied,2026-07-14T13:18:33.473205+00:00,233,car,0.48451942205429077,256,36.875640869140625,310.673828125,72.77843475341797,330.7200927734375
2026-07-14T13:18:33.473205+00:00,spot_16,Spot 16,Empty,2026-07-13T22:35:22.003550+00:00,,,,,,,,
2026-07-14T13:18:33.473205+00:00,spot_17,Spot 17,Empty,2026-07-13T17:46:26.396031+00:00,,,,,,,,
2026-07-14T13:19:19.235346+00:00,spot_1,Spot 1,Occupied,2026-07-14T13:19:19.235346+00:00,235,car,0.6434260010719299,300,571.7852172851562,319.02655029296875,608.3682250976562,360.59356689453125
2026-07-14T13:19:19.235346+00:00,spot_2,Spot 2,Empty,2026-07-14T12:58:13.271753+00:00,,,,,,,,
2026-07-14T13:19:19.235346+00:00,spot_3,Spot 3,Empty,2026-07-14T01:48:31.431946+00:00,,,,,,,,
2026-07-14T13:19:19.235346+00:00,spot_4,Spot 4,Occupied,2026-07-14T13:19:19.235346+00:00,234,truck,0.6411891579627991,300,376.40008544921875,325.4578857421875,441.73126220703125,369.126953125
2026-07-14T13:19:19.235346+00:00,spot_5,Spot 5,Empty,2026-07-14T12:20:51.937411+00:00,,,,,,,,
2026-07-14T13:19:19.235346+00:00,spot_6,Spot 6,Empty,2026-07-14T13:08:02.875260+00:00,,,,,,,,
2026-07-14T13:19:19.235346+00:00,spot_7,Spot 7,Empty,2026-07-14T00:18:43.510894+00:00,,,,,,,,
2026-07-14T13:19:19.235346+00:00,spot_8,Spot 8,Empty,2026-07-14T12:59:36.932053+00:00,,,,,,,,
2026-07-14T13:19:19.235346+00:00,spot_9,Spot 9,Empty,2026-07-14T03:02:23.964997+00:00,,,,,,,,
2026-07-14T13:19:19.235346+00:00,spot_10,Spot 10,Empty,2026-07-14T13:19:19.235346+00:00,,,,,,,,
2026-07-14T13:19:19.235346+00:00,spot_11,Spot 11,Occupied,2026-07-14T13:19:19.235346+00:00,236,car,0.6476123929023743,300,120.19755554199219,318.28594970703125,182.9945526123047,345.8131103515625
2026-07-14T13:19:19.235346+00:00,spot_12,Spot 12,Empty,2026-07-14T00:46:21.068768+00:00,,,,,,,,
2026-07-14T13:19:19.235346+00:00,spot_13,Spot 13,Occupied,2026-07-14T13:18:33.473205+00:00,241,car,0.6199082136154175,43,56.73478698730469,312.2323303222656,115.06988525390625,337.8625183105469
2026-07-14T13:19:19.235346+00:00,spot_14,Spot 14,Empty,2026-07-14T00:48:20.323446+00:00,,,,,,,,
2026-07-14T13:19:19.235346+00:00,spot_15,Spot 15,Occupied,2026-07-14T13:19:19.235346+00:00,240,truck,0.4905235469341278,129,36.752777099609375,310.7630920410156,73.12849426269531,330.1678771972656
2026-07-14T13:19:19.235346+00:00,spot_16,Spot 16,Empty,2026-07-13T22:35:22.003550+00:00,,,,,,,,
2026-07-14T13:19:19.235346+00:00,spot_17,Spot 17,Empty,2026-07-13T17:46:26.396031+00:00,,,,,,,,
2026-07-14T13:20:07.064342+00:00,spot_1,Spot 1,Occupied,2026-07-14T13:19:19.235346+00:00,235,car,0.5176699161529541,348,572.1055908203125,318.2806396484375,608.4683837890625,360.509521484375
2026-07-14T13:20:07.064342+00:00,spot_2,Spot 2,Empty,2026-07-14T12:58:13.271753+00:00,,,,,,,,
2026-07-14T13:20:07.064342+00:00,spot_3,Spot 3,Empty,2026-07-14T01:48:31.431946+00:00,,,,,,,,
2026-07-14T13:20:07.064342+00:00,spot_4,Spot 4,Occupied,2026-07-14T13:20:07.064342+00:00,237,car,0.3506363332271576,348,376.6185607910156,325.9915466308594,440.0918884277344,368.5580139160156
2026-07-14T13:20:07.064342+00:00,spot_5,Spot 5,Empty,2026-07-14T12:20:51.937411+00:00,,,,,,,,
2026-07-14T13:20:07.064342+00:00,spot_6,Spot 6,Occupied,2026-07-14T13:20:07.064342+00:00,243,car,0.5616567134857178,0,291.85565185546875,326.6832580566406,352.3646240234375,361.1329040527344
2026-07-14T13:20:07.064342+00:00,spot_7,Spot 7,Empty,2026-07-14T00:18:43.510894+00:00,,,,,,,,
2026-07-14T13:20:07.064342+00:00,spot_8,Spot 8,Empty,2026-07-14T12:59:36.932053+00:00,,,,,,,,
2026-07-14T13:20:07.064342+00:00,spot_9,Spot 9,Empty,2026-07-14T03:02:23.964997+00:00,,,,,,,,
2026-07-14T13:20:07.064342+00:00,spot_10,Spot 10,Occupied,2026-07-14T13:20:07.064342+00:00,236,car,0.6006878614425659,348,120.8197250366211,317.99365234375,183.24459838867188,345.8509521484375
2026-07-14T13:20:07.064342+00:00,spot_11,Spot 11,Empty,2026-07-14T13:20:07.064342+00:00,,,,,,,,
2026-07-14T13:20:07.064342+00:00,spot_12,Spot 12,Empty,2026-07-14T00:46:21.068768+00:00,,,,,,,,
2026-07-14T13:20:07.064342+00:00,spot_13,Spot 13,Occupied,2026-07-14T13:18:33.473205+00:00,241,car,0.7360565066337585,91,56.47604751586914,312.3431091308594,115.43417358398438,337.7752990722656
2026-07-14T13:20:07.064342+00:00,spot_14,Spot 14,Empty,2026-07-14T00:48:20.323446+00:00,,,,,,,,
2026-07-14T13:20:07.064342+00:00,spot_15,Spot 15,Occupied,2026-07-14T13:20:07.064342+00:00,233,car,0.4793146848678589,348,34.791725158691406,310.7637023925781,73.39016723632812,329.8517761230469
2026-07-14T13:20:07.064342+00:00,spot_16,Spot 16,Occupied,2026-07-14T13:20:07.064342+00:00,244,truck,0.4990677833557129,0,14.751937866210938,303.3580322265625,53.39888000488281,329.1273193359375
2026-07-14T13:20:07.064342+00:00,spot_17,Spot 17,Empty,2026-07-13T17:46:26.396031+00:00,,,,,,,,
2026-07-14T13:20:51.397883+00:00,spot_1,Spot 1,Occupied,2026-07-14T13:19:19.235346+00:00,235,car,0.5176699161529541,393,572.1055908203125,318.2806396484375,608.4683837890625,360.509521484375
2026-07-14T13:20:51.397883+00:00,spot_2,Spot 2,Empty,2026-07-14T12:58:13.271753+00:00,,,,,,,,
2026-07-14T13:20:51.397883+00:00,spot_3,Spot 3,Empty,2026-07-14T01:48:31.431946+00:00,,,,,,,,
2026-07-14T13:20:51.397883+00:00,spot_4,Spot 4,Occupied,2026-07-14T13:20:07.064342+00:00,237,car,0.3506363332271576,393,376.6185607910156,325.9915466308594,440.0918884277344,368.5580139160156
2026-07-14T13:20:51.397883+00:00,spot_5,Spot 5,Empty,2026-07-14T12:20:51.937411+00:00,,,,,,,,
2026-07-14T13:20:51.397883+00:00,spot_6,Spot 6,Occupied,2026-07-14T13:20:07.064342+00:00,243,car,0.5616567134857178,44,291.85565185546875,326.6832580566406,352.3646240234375,361.1329040527344
2026-07-14T13:20:51.397883+00:00,spot_7,Spot 7,Empty,2026-07-14T00:18:43.510894+00:00,,,,,,,,
2026-07-14T13:20:51.397883+00:00,spot_8,Spot 8,Empty,2026-07-14T12:59:36.932053+00:00,,,,,,,,
2026-07-14T13:20:51.397883+00:00,spot_9,Spot 9,Empty,2026-07-14T03:02:23.964997+00:00,,,,,,,,
2026-07-14T13:20:51.397883+00:00,spot_10,Spot 10,Occupied,2026-07-14T13:20:07.064342+00:00,236,car,0.6006878614425659,393,120.8197250366211,317.99365234375,183.24459838867188,345.8509521484375
2026-07-14T13:20:51.397883+00:00,spot_11,Spot 11,Empty,2026-07-14T13:20:07.064342+00:00,,,,,,,,
2026-07-14T13:20:51.397883+00:00,spot_12,Spot 12,Empty,2026-07-14T00:46:21.068768+00:00,,,,,,,,
2026-07-14T13:20:51.397883+00:00,spot_13,Spot 13,Occupied,2026-07-14T13:18:33.473205+00:00,241,car,0.7360565066337585,136,56.47604751586914,312.3431091308594,115.43417358398438,337.7752990722656
2026-07-14T13:20:51.397883+00:00,spot_14,Spot 14,Empty,2026-07-14T00:48:20.323446+00:00,,,,,,,,
2026-07-14T13:20:51.397883+00:00,spot_15,Spot 15,Occupied,2026-07-14T13:20:07.064342+00:00,233,car,0.4793146848678589,393,34.791725158691406,310.7637023925781,73.39016723632812,329.8517761230469
2026-07-14T13:20:51.397883+00:00,spot_16,Spot 16,Occupied,2026-07-14T13:20:07.064342+00:00,244,truck,0.4990677833557129,44,14.751937866210938,303.3580322265625,53.39888000488281,329.1273193359375
2026-07-14T13:20:51.397883+00:00,spot_17,Spot 17,Empty,2026-07-13T17:46:26.396031+00:00,,,,,,,,
2026-07-14T13:21:41.024515+00:00,spot_1,Spot 1,Occupied,2026-07-14T13:19:19.235346+00:00,235,car,0.7317976355552673,443,572.2211303710938,318.0474853515625,608.5187377929688,360.476318359375
2026-07-14T13:21:41.024515+00:00,spot_2,Spot 2,Empty,2026-07-14T12:58:13.271753+00:00,,,,,,,,
2026-07-14T13:21:41.024515+00:00,spot_3,Spot 3,Empty,2026-07-14T01:48:31.431946+00:00,,,,,,,,
2026-07-14T13:21:41.024515+00:00,spot_4,Spot 4,Occupied,2026-07-14T13:20:07.064342+00:00,237,car,0.5761181712150574,443,376.431884765625,333.6705322265625,416.92333984375,368.4454345703125
2026-07-14T13:21:41.024515+00:00,spot_5,Spot 5,Empty,2026-07-14T12:20:51.937411+00:00,,,,,,,,
2026-07-14T13:21:41.024515+00:00,spot_6,Spot 6,Occupied,2026-07-14T13:20:07.064342+00:00,243,car,0.4180181324481964,94,292.07684326171875,326.95782470703125,352.11676025390625,361.37762451171875
2026-07-14T13:21:41.024515+00:00,spot_7,Spot 7,Empty,2026-07-14T00:18:43.510894+00:00,,,,,,,,
2026-07-14T13:21:41.024515+00:00,spot_8,Spot 8,Empty,2026-07-14T12:59:36.932053+00:00,,,,,,,,
2026-07-14T13:21:41.024515+00:00,spot_9,Spot 9,Empty,2026-07-14T03:02:23.964997+00:00,,,,,,,,
2026-07-14T13:21:41.024515+00:00,spot_10,Spot 10,Occupied,2026-07-14T13:20:07.064342+00:00,236,car,0.441190242767334,443,132.234375,318.0888671875,182.72787475585938,345.4520263671875
2026-07-14T13:21:41.024515+00:00,spot_11,Spot 11,Empty,2026-07-14T13:20:07.064342+00:00,,,,,,,,
2026-07-14T13:21:41.024515+00:00,spot_12,Spot 12,Empty,2026-07-14T00:46:21.068768+00:00,,,,,,,,
2026-07-14T13:21:41.024515+00:00,spot_13,Spot 13,Occupied,2026-07-14T13:21:41.024515+00:00,245,truck,0.39922064542770386,0,58.78825759887695,312.3546142578125,115.90129089355469,337.88818359375
2026-07-14T13:21:41.024515+00:00,spot_14,Spot 14,Empty,2026-07-14T00:48:20.323446+00:00,,,,,,,,
2026-07-14T13:21:41.024515+00:00,spot_15,Spot 15,Empty,2026-07-14T13:21:41.024515+00:00,,,,,,,,
2026-07-14T13:21:41.024515+00:00,spot_16,Spot 16,Occupied,2026-07-14T13:20:07.064342+00:00,244,truck,0.5625961422920227,94,15.035018920898438,303.0320739746094,73.03886413574219,331.2040710449219
2026-07-14T13:21:41.024515+00:00,spot_17,Spot 17,Empty,2026-07-13T17:46:26.396031+00:00,,,,,,,,
2026-07-14T13:22:23.231715+00:00,spot_1,Spot 1,Occupied,2026-07-14T13:19:19.235346+00:00,235,car,0.6815837621688843,484,571.777587890625,318.3438720703125,608.654052734375,360.77447509765625
2026-07-14T13:22:23.231715+00:00,spot_2,Spot 2,Empty,2026-07-14T12:58:13.271753+00:00,,,,,,,,
2026-07-14T13:22:23.231715+00:00,spot_3,Spot 3,Empty,2026-07-14T01:48:31.431946+00:00,,,,,,,,
2026-07-14T13:22:23.231715+00:00,spot_4,Spot 4,Occupied,2026-07-14T13:20:07.064342+00:00,237,car,0.35113024711608887,484,376.349609375,333.6796875,418.2056884765625,368.5040283203125
2026-07-14T13:22:23.231715+00:00,spot_5,Spot 5,Empty,2026-07-14T12:20:51.937411+00:00,,,,,,,,
2026-07-14T13:22:23.231715+00:00,spot_6,Spot 6,Occupied,2026-07-14T13:20:07.064342+00:00,243,car,0.5388758778572083,135,291.85333251953125,327.02325439453125,352.77642822265625,361.66644287109375
2026-07-14T13:22:23.231715+00:00,spot_7,Spot 7,Empty,2026-07-14T00:18:43.510894+00:00,,,,,,,,
2026-07-14T13:22:23.231715+00:00,spot_8,Spot 8,Empty,2026-07-14T12:59:36.932053+00:00,,,,,,,,
2026-07-14T13:22:23.231715+00:00,spot_9,Spot 9,Empty,2026-07-14T03:02:23.964997+00:00,,,,,,,,
2026-07-14T13:22:23.231715+00:00,spot_10,Spot 10,Occupied,2026-07-14T13:20:07.064342+00:00,236,car,0.4656219184398651,484,131.55023193359375,318.21575927734375,183.46316528320312,345.33148193359375
2026-07-14T13:22:23.231715+00:00,spot_11,Spot 11,Empty,2026-07-14T13:20:07.064342+00:00,,,,,,,,
2026-07-14T13:22:23.231715+00:00,spot_12,Spot 12,Empty,2026-07-14T00:46:21.068768+00:00,,,,,,,,
2026-07-14T13:22:23.231715+00:00,spot_13,Spot 13,Occupied,2026-07-14T13:22:23.231715+00:00,241,car,0.6376616358757019,227,57.04827880859375,312.44140625,114.76979064941406,337.92303466796875
2026-07-14T13:22:23.231715+00:00,spot_14,Spot 14,Empty,2026-07-14T00:48:20.323446+00:00,,,,,,,,
2026-07-14T13:22:23.231715+00:00,spot_15,Spot 15,Empty,2026-07-14T13:21:41.024515+00:00,,,,,,,,
2026-07-14T13:22:23.231715+00:00,spot_16,Spot 16,Empty,2026-07-14T13:22:23.231715+00:00,,,,,,,,
2026-07-14T13:22:23.231715+00:00,spot_17,Spot 17,Empty,2026-07-13T17:46:26.396031+00:00,,,,,,,,
2026-07-14T13:24:34.187423+00:00,spot_1,Spot 1,Occupied,2026-07-14T13:19:19.235346+00:00,235,car,0.7843582630157471,621,572.015625,318.93914794921875,608.440673828125,360.55194091796875
2026-07-14T13:24:34.187423+00:00,spot_2,Spot 2,Empty,2026-07-14T12:58:13.271753+00:00,,,,,,,,
2026-07-14T13:24:34.187423+00:00,spot_3,Spot 3,Empty,2026-07-14T01:48:31.431946+00:00,,,,,,,,
2026-07-14T13:24:34.187423+00:00,spot_4,Spot 4,Occupied,2026-07-14T13:24:34.187423+00:00,246,truck,0.8166182637214661,0,376.55023193359375,325.96600341796875,442.03607177734375,370.35394287109375
2026-07-14T13:24:34.187423+00:00,spot_5,Spot 5,Empty,2026-07-14T12:20:51.937411+00:00,,,,,,,,
2026-07-14T13:24:34.187423+00:00,spot_6,Spot 6,Occupied,2026-07-14T13:20:07.064342+00:00,243,car,0.674258291721344,273,292.00079345703125,326.6730651855469,352.38873291015625,362.0021057128906
2026-07-14T13:24:34.187423+00:00,spot_7,Spot 7,Empty,2026-07-14T00:18:43.510894+00:00,,,,,,,,
2026-07-14T13:24:34.187423+00:00,spot_8,Spot 8,Empty,2026-07-14T12:59:36.932053+00:00,,,,,,,,
2026-07-14T13:24:34.187423+00:00,spot_9,Spot 9,Empty,2026-07-14T03:02:23.964997+00:00,,,,,,,,
2026-07-14T13:24:34.187423+00:00,spot_10,Spot 10,Occupied,2026-07-14T13:20:07.064342+00:00,236,car,0.6731887459754944,621,130.5933837890625,318.3348388671875,182.614013671875,346.1346435546875
2026-07-14T13:24:34.187423+00:00,spot_11,Spot 11,Empty,2026-07-14T13:20:07.064342+00:00,,,,,,,,
2026-07-14T13:24:34.187423+00:00,spot_12,Spot 12,Empty,2026-07-14T00:46:21.068768+00:00,,,,,,,,
2026-07-14T13:24:34.187423+00:00,spot_13,Spot 13,Occupied,2026-07-14T13:24:34.187423+00:00,245,truck,0.7111058235168457,178,57.75701141357422,312.40386962890625,115.95941925048828,338.07769775390625
2026-07-14T13:24:34.187423+00:00,spot_14,Spot 14,Occupied,2026-07-14T13:24:34.187423+00:00,247,car,0.6016152501106262,0,15.471611022949219,330.5264892578125,60.82231140136719,366.8585205078125
2026-07-14T13:24:34.187423+00:00,spot_15,Spot 15,Occupied,2026-07-14T13:24:34.187423+00:00,248,car,0.35635414719581604,0,37.01697540283203,310.7454833984375,73.15555572509766,331.0191650390625
2026-07-14T13:24:34.187423+00:00,spot_16,Spot 16,Occupied,2026-07-14T13:24:34.187423+00:00,244,truck,0.4106064736843109,273,14.62385368347168,303.16162109375,52.47535705566406,328.799560546875
2026-07-14T13:24:34.187423+00:00,spot_17,Spot 17,Empty,2026-07-13T17:46:26.396031+00:00,,,,,,,,
2026-07-14T13:25:36.239593+00:00,spot_1,Spot 1,Occupied,2026-07-14T13:19:19.235346+00:00,235,car,0.7071776986122131,679,571.35302734375,318.6700439453125,608.342041015625,362.219482421875
2026-07-14T13:25:36.239593+00:00,spot_2,Spot 2,Occupied,2026-07-14T13:25:36.239593+00:00,249,car,0.5184392929077148,0,507.50341796875,321.02288818359375,548.7890625,364.68695068359375
2026-07-14T13:25:36.239593+00:00,spot_3,Spot 3,Empty,2026-07-14T01:48:31.431946+00:00,,,,,,,,
2026-07-14T13:25:36.239593+00:00,spot_4,Spot 4,Occupied,2026-07-14T13:24:34.187423+00:00,246,truck,0.5778687596321106,57,376.26812744140625,325.269775390625,441.95587158203125,369.4117431640625
2026-07-14T13:25:36.239593+00:00,spot_5,Spot 5,Empty,2026-07-14T12:20:51.937411+00:00,,,,,,,,
2026-07-14T13:25:36.239593+00:00,spot_6,Spot 6,Occupied,2026-07-14T13:25:36.239593+00:00,250,truck,0.4598046541213989,0,291.68878173828125,326.7349853515625,352.51593017578125,361.984375
2026-07-14T13:25:36.239593+00:00,spot_7,Spot 7,Empty,2026-07-14T00:18:43.510894+00:00,,,,,,,,
2026-07-14T13:25:36.239593+00:00,spot_8,Spot 8,Empty,2026-07-14T12:59:36.932053+00:00,,,,,,,,
2026-07-14T13:25:36.239593+00:00,spot_9,Spot 9,Empty,2026-07-14T03:02:23.964997+00:00,,,,,,,,
2026-07-14T13:25:36.239593+00:00,spot_10,Spot 10,Occupied,2026-07-14T13:20:07.064342+00:00,236,car,0.4433615505695343,679,129.67405700683594,318.3138427734375,183.13417053222656,346.04473876953125
2026-07-14T13:25:36.239593+00:00,spot_11,Spot 11,Empty,2026-07-14T13:20:07.064342+00:00,,,,,,,,
2026-07-14T13:25:36.239593+00:00,spot_12,Spot 12,Empty,2026-07-14T00:46:21.068768+00:00,,,,,,,,
2026-07-14T13:25:36.239593+00:00,spot_13,Spot 13,Empty,2026-07-14T13:25:36.239593+00:00,,,,,,,,
2026-07-14T13:25:36.239593+00:00,spot_14,Spot 14,Empty,2026-07-14T13:25:36.239593+00:00,,,,,,,,
2026-07-14T13:25:36.239593+00:00,spot_15,Spot 15,Empty,2026-07-14T13:25:36.239593+00:00,,,,,,,,
2026-07-14T13:25:36.239593+00:00,spot_16,Spot 16,Occupied,2026-07-14T13:24:34.187423+00:00,244,truck,0.5396907329559326,330,13.883941650390625,303.0416259765625,79.33071899414062,329.62982177734375
2026-07-14T13:25:36.239593+00:00,spot_17,Spot 17,Empty,2026-07-13T17:46:26.396031+00:00,,,,,,,,
2026-07-14T13:26:24.739458+00:00,spot_1,Spot 1,Occupied,2026-07-14T13:26:24.739458+00:00,251,truck,0.36773401498794556,0,571.4647216796875,318.47857666015625,608.3548583984375,360.60308837890625
2026-07-14T13:26:24.739458+00:00,spot_2,Spot 2,Empty,2026-07-14T13:26:24.739458+00:00,,,,,,,,
2026-07-14T13:26:24.739458+00:00,spot_3,Spot 3,Empty,2026-07-14T01:48:31.431946+00:00,,,,,,,,
2026-07-14T13:26:24.739458+00:00,spot_4,Spot 4,Occupied,2026-07-14T13:24:34.187423+00:00,246,truck,0.7031813859939575,105,376.57440185546875,323.9229736328125,441.53826904296875,368.83251953125
2026-07-14T13:26:24.739458+00:00,spot_5,Spot 5,Empty,2026-07-14T12:20:51.937411+00:00,,,,,,,,
2026-07-14T13:26:24.739458+00:00,spot_6,Spot 6,Occupied,2026-07-14T13:26:24.739458+00:00,243,car,0.6259973645210266,378,291.9393310546875,326.66693115234375,352.33770751953125,361.83477783203125
2026-07-14T13:26:24.739458+00:00,spot_7,Spot 7,Empty,2026-07-14T00:18:43.510894+00:00,,,,,,,,
2026-07-14T13:26:24.739458+00:00,spot_8,Spot 8,Empty,2026-07-14T12:59:36.932053+00:00,,,,,,,,
2026-07-14T13:26:24.739458+00:00,spot_9,Spot 9,Empty,2026-07-14T03:02:23.964997+00:00,,,,,,,,
2026-07-14T13:26:24.739458+00:00,spot_10,Spot 10,Occupied,2026-07-14T13:20:07.064342+00:00,236,car,0.5759385824203491,726,129.94308471679688,318.4380187988281,183.11184692382812,346.0525207519531
2026-07-14T13:26:24.739458+00:00,spot_11,Spot 11,Empty,2026-07-14T13:20:07.064342+00:00,,,,,,,,
2026-07-14T13:26:24.739458+00:00,spot_12,Spot 12,Empty,2026-07-14T00:46:21.068768+00:00,,,,,,,,
2026-07-14T13:26:24.739458+00:00,spot_13,Spot 13,Empty,2026-07-14T13:25:36.239593+00:00,,,,,,,,
2026-07-14T13:26:24.739458+00:00,spot_14,Spot 14,Empty,2026-07-14T13:25:36.239593+00:00,,,,,,,,
2026-07-14T13:26:24.739458+00:00,spot_15,Spot 15,Occupied,2026-07-14T13:26:24.739458+00:00,248,car,0.57210773229599,105,36.50762939453125,310.9500732421875,79.32920837402344,329.055419921875
2026-07-14T13:26:24.739458+00:00,spot_16,Spot 16,Occupied,2026-07-14T13:24:34.187423+00:00,244,truck,0.41606613993644714,378,14.662857055664062,303.1776123046875,54.50511932373047,328.859619140625
2026-07-14T13:26:24.739458+00:00,spot_17,Spot 17,Empty,2026-07-13T17:46:26.396031+00:00,,,,,,,,
2026-07-14T13:27:20.171231+00:00,spot_1,Spot 1,Occupied,2026-07-14T13:26:24.739458+00:00,251,truck,0.36773401498794556,54,571.4647216796875,318.47857666015625,608.3548583984375,360.60308837890625
2026-07-14T13:27:20.171231+00:00,spot_2,Spot 2,Empty,2026-07-14T13:26:24.739458+00:00,,,,,,,,
2026-07-14T13:27:20.171231+00:00,spot_3,Spot 3,Empty,2026-07-14T01:48:31.431946+00:00,,,,,,,,
2026-07-14T13:27:20.171231+00:00,spot_4,Spot 4,Occupied,2026-07-14T13:24:34.187423+00:00,246,truck,0.7031813859939575,159,376.57440185546875,323.9229736328125,441.53826904296875,368.83251953125
2026-07-14T13:27:20.171231+00:00,spot_5,Spot 5,Empty,2026-07-14T12:20:51.937411+00:00,,,,,,,,
2026-07-14T13:27:20.171231+00:00,spot_6,Spot 6,Occupied,2026-07-14T13:26:24.739458+00:00,243,car,0.6259973645210266,432,291.9393310546875,326.66693115234375,352.33770751953125,361.83477783203125
2026-07-14T13:27:20.171231+00:00,spot_7,Spot 7,Empty,2026-07-14T00:18:43.510894+00:00,,,,,,,,
2026-07-14T13:27:20.171231+00:00,spot_8,Spot 8,Empty,2026-07-14T12:59:36.932053+00:00,,,,,,,,
2026-07-14T13:27:20.171231+00:00,spot_9,Spot 9,Empty,2026-07-14T03:02:23.964997+00:00,,,,,,,,
2026-07-14T13:27:20.171231+00:00,spot_10,Spot 10,Occupied,2026-07-14T13:20:07.064342+00:00,236,car,0.5759385824203491,781,129.94308471679688,318.4380187988281,183.11184692382812,346.0525207519531
2026-07-14T13:27:20.171231+00:00,spot_11,Spot 11,Empty,2026-07-14T13:20:07.064342+00:00,,,,,,,,
2026-07-14T13:27:20.171231+00:00,spot_12,Spot 12,Empty,2026-07-14T00:46:21.068768+00:00,,,,,,,,
2026-07-14T13:27:20.171231+00:00,spot_13,Spot 13,Empty,2026-07-14T13:25:36.239593+00:00,,,,,,,,
2026-07-14T13:27:20.171231+00:00,spot_14,Spot 14,Empty,2026-07-14T13:25:36.239593+00:00,,,,,,,,
2026-07-14T13:27:20.171231+00:00,spot_15,Spot 15,Occupied,2026-07-14T13:26:24.739458+00:00,248,car,0.57210773229599,159,36.50762939453125,310.9500732421875,79.32920837402344,329.055419921875
2026-07-14T13:27:20.171231+00:00,spot_16,Spot 16,Occupied,2026-07-14T13:24:34.187423+00:00,244,truck,0.41606613993644714,432,14.662857055664062,303.1776123046875,54.50511932373047,328.859619140625
2026-07-14T13:27:20.171231+00:00,spot_17,Spot 17,Empty,2026-07-13T17:46:26.396031+00:00,,,,,,,,
2026-07-14T13:28:08.472682+00:00,spot_1,Spot 1,Occupied,2026-07-14T13:28:08.472682+00:00,235,car,0.6382286548614502,830,571.6251831054688,318.76141357421875,608.2443237304688,361.6392822265625
2026-07-14T13:28:08.472682+00:00,spot_2,Spot 2,Occupied,2026-07-14T13:28:08.472682+00:00,249,car,0.5099366903305054,150,506.92584228515625,320.3753662109375,550.3411254882812,364.509765625
2026-07-14T13:28:08.472682+00:00,spot_3,Spot 3,Empty,2026-07-14T01:48:31.431946+00:00,,,,,,,,
2026-07-14T13:28:08.472682+00:00,spot_4,Spot 4,Occupied,2026-07-14T13:24:34.187423+00:00,246,truck,0.7073140740394592,208,376.4712219238281,324.14373779296875,441.4858703613281,370.92193603515625
2026-07-14T13:28:08.472682+00:00,spot_5,Spot 5,Empty,2026-07-14T12:20:51.937411+00:00,,,,,,,,
2026-07-14T13:28:08.472682+00:00,spot_6,Spot 6,Occupied,2026-07-14T13:26:24.739458+00:00,243,car,0.3664841055870056,481,291.8525390625,332.18658447265625,320.1795654296875,360.19256591796875
2026-07-14T13:28:08.472682+00:00,spot_7,Spot 7,Empty,2026-07-14T00:18:43.510894+00:00,,,,,,,,
2026-07-14T13:28:08.472682+00:00,spot_8,Spot 8,Empty,2026-07-14T12:59:36.932053+00:00,,,,,,,,
2026-07-14T13:28:08.472682+00:00,spot_9,Spot 9,Empty,2026-07-14T03:02:23.964997+00:00,,,,,,,,
2026-07-14T13:28:08.472682+00:00,spot_10,Spot 10,Occupied,2026-07-14T13:20:07.064342+00:00,236,car,0.5478487014770508,830,121.19635009765625,318.3500671386719,183.70669555664062,346.1560974121094
2026-07-14T13:28:08.472682+00:00,spot_11,Spot 11,Empty,2026-07-14T13:20:07.064342+00:00,,,,,,,,
2026-07-14T13:28:08.472682+00:00,spot_12,Spot 12,Empty,2026-07-14T00:46:21.068768+00:00,,,,,,,,
2026-07-14T13:28:08.472682+00:00,spot_13,Spot 13,Empty,2026-07-14T13:25:36.239593+00:00,,,,,,,,
2026-07-14T13:28:08.472682+00:00,spot_14,Spot 14,Empty,2026-07-14T13:25:36.239593+00:00,,,,,,,,
2026-07-14T13:28:08.472682+00:00,spot_15,Spot 15,Occupied,2026-07-14T13:26:24.739458+00:00,248,car,0.6094258427619934,208,34.382415771484375,310.78045654296875,79.44021606445312,329.71307373046875
2026-07-14T13:28:08.472682+00:00,spot_16,Spot 16,Occupied,2026-07-14T13:24:34.187423+00:00,244,truck,0.49394020438194275,481,15.19937515258789,303.33770751953125,54.67216873168945,328.8009033203125
2026-07-14T13:28:08.472682+00:00,spot_17,Spot 17,Empty,2026-07-13T17:46:26.396031+00:00,,,,,,,,
2026-07-14T13:28:52.360790+00:00,spot_1,Spot 1,Occupied,2026-07-14T13:28:08.472682+00:00,235,car,0.7036091089248657,873,571.3736572265625,318.68817138671875,608.349853515625,361.5928955078125
2026-07-14T13:28:52.360790+00:00,spot_2,Spot 2,Empty,2026-07-14T13:28:52.360790+00:00,,,,,,,,
2026-07-14T13:28:52.360790+00:00,spot_3,Spot 3,Empty,2026-07-14T01:48:31.431946+00:00,,,,,,,,
2026-07-14T13:28:52.360790+00:00,spot_4,Spot 4,Occupied,2026-07-14T13:24:34.187423+00:00,246,truck,0.37751200795173645,251,376.70794677734375,325.75689697265625,438.84271240234375,370.7042236328125
2026-07-14T13:28:52.360790+00:00,spot_5,Spot 5,Empty,2026-07-14T12:20:51.937411+00:00,,,,,,,,
2026-07-14T13:28:52.360790+00:00,spot_6,Spot 6,Occupied,2026-07-14T13:26:24.739458+00:00,243,car,0.5918764472007751,525,291.2652587890625,326.9970703125,352.3905029296875,362.1268310546875
2026-07-14T13:28:52.360790+00:00,spot_7,Spot 7,Empty,2026-07-14T00:18:43.510894+00:00,,,,,,,,
2026-07-14T13:28:52.360790+00:00,spot_8,Spot 8,Empty,2026-07-14T12:59:36.932053+00:00,,,,,,,,
2026-07-14T13:28:52.360790+00:00,spot_9,Spot 9,Empty,2026-07-14T03:02:23.964997+00:00,,,,,,,,
2026-07-14T13:28:52.360790+00:00,spot_10,Spot 10,Occupied,2026-07-14T13:20:07.064342+00:00,236,car,0.4349803924560547,873,128.73849487304688,318.1990661621094,182.97122192382812,345.4001159667969
2026-07-14T13:28:52.360790+00:00,spot_11,Spot 11,Empty,2026-07-14T13:20:07.064342+00:00,,,,,,,,
2026-07-14T13:28:52.360790+00:00,spot_12,Spot 12,Empty,2026-07-14T00:46:21.068768+00:00,,,,,,,,
2026-07-14T13:28:52.360790+00:00,spot_13,Spot 13,Empty,2026-07-14T13:25:36.239593+00:00,,,,,,,,
2026-07-14T13:28:52.360790+00:00,spot_14,Spot 14,Empty,2026-07-14T13:25:36.239593+00:00,,,,,,,,
2026-07-14T13:28:52.360790+00:00,spot_15,Spot 15,Occupied,2026-07-14T13:26:24.739458+00:00,248,car,0.5506793260574341,251,36.32330322265625,310.95343017578125,79.37681579589844,328.50274658203125
2026-07-14T13:28:52.360790+00:00,spot_16,Spot 16,Occupied,2026-07-14T13:24:34.187423+00:00,244,truck,0.36524835228919983,525,15.253782272338867,303.2142028808594,54.78472900390625,328.7312927246094
2026-07-14T13:28:52.360790+00:00,spot_17,Spot 17,Empty,2026-07-13T17:46:26.396031+00:00,,,,,,,,
2026-07-14T13:29:32.111269+00:00,spot_1,Spot 1,Occupied,2026-07-14T13:28:08.472682+00:00,235,car,0.822331428527832,912,571.289306640625,318.35296630859375,608.635009765625,361.254638671875
2026-07-14T13:29:32.111269+00:00,spot_2,Spot 2,Occupied,2026-07-14T13:29:32.111269+00:00,254,truck,0.38786035776138306,0,507.42120361328125,319.68121337890625,550.2648315429688,365.30999755859375
2026-07-14T13:29:32.111269+00:00,spot_3,Spot 3,Empty,2026-07-14T01:48:31.431946+00:00,,,,,,,,
2026-07-14T13:29:32.111269+00:00,spot_4,Spot 4,Occupied,2026-07-14T13:24:34.187423+00:00,246,truck,0.3535871207714081,290,376.56976318359375,323.521484375,441.92840576171875,369.6693115234375
2026-07-14T13:29:32.111269+00:00,spot_5,Spot 5,Empty,2026-07-14T12:20:51.937411+00:00,,,,,,,,
2026-07-14T13:29:32.111269+00:00,spot_6,Spot 6,Occupied,2026-07-14T13:26:24.739458+00:00,243,car,0.43921077251434326,564,291.22454833984375,327.33740234375,352.32769775390625,361.9422607421875
2026-07-14T13:29:32.111269+00:00,spot_7,Spot 7,Empty,2026-07-14T00:18:43.510894+00:00,,,,,,,,
2026-07-14T13:29:32.111269+00:00,spot_8,Spot 8,Empty,2026-07-14T12:59:36.932053+00:00,,,,,,,,
2026-07-14T13:29:32.111269+00:00,spot_9,Spot 9,Empty,2026-07-14T03:02:23.964997+00:00,,,,,,,,
2026-07-14T13:29:32.111269+00:00,spot_10,Spot 10,Occupied,2026-07-14T13:29:32.111269+00:00,253,truck,0.5144901275634766,0,120.83586883544922,318.0734558105469,183.7135009765625,346.2656555175781
2026-07-14T13:29:32.111269+00:00,spot_11,Spot 11,Empty,2026-07-14T13:20:07.064342+00:00,,,,,,,,
2026-07-14T13:29:32.111269+00:00,spot_12,Spot 12,Empty,2026-07-14T00:46:21.068768+00:00,,,,,,,,
2026-07-14T13:29:32.111269+00:00,spot_13,Spot 13,Empty,2026-07-14T13:25:36.239593+00:00,,,,,,,,
2026-07-14T13:29:32.111269+00:00,spot_14,Spot 14,Empty,2026-07-14T13:25:36.239593+00:00,,,,,,,,
2026-07-14T13:29:32.111269+00:00,spot_15,Spot 15,Occupied,2026-07-14T13:26:24.739458+00:00,248,car,0.46505793929100037,290,35.96349334716797,310.78125,79.62821197509766,329.1180419921875
2026-07-14T13:29:32.111269+00:00,spot_16,Spot 16,Occupied,2026-07-14T13:24:34.187423+00:00,244,truck,0.5197398662567139,564,15.02627944946289,303.24749755859375,48.77676773071289,328.62799072265625
2026-07-14T13:29:32.111269+00:00,spot_17,Spot 17,Empty,2026-07-13T17:46:26.396031+00:00,,,,,,,,
2026-07-14T13:30:13.881981+00:00,spot_1,Spot 1,Occupied,2026-07-14T13:28:08.472682+00:00,235,car,0.822331428527832,955,571.289306640625,318.35296630859375,608.635009765625,361.254638671875
2026-07-14T13:30:13.881981+00:00,spot_2,Spot 2,Occupied,2026-07-14T13:29:32.111269+00:00,254,truck,0.38786035776138306,42,507.42120361328125,319.68121337890625,550.2648315429688,365.30999755859375
2026-07-14T13:30:13.881981+00:00,spot_3,Spot 3,Empty,2026-07-14T01:48:31.431946+00:00,,,,,,,,
2026-07-14T13:30:13.881981+00:00,spot_4,Spot 4,Occupied,2026-07-14T13:24:34.187423+00:00,246,truck,0.3535871207714081,333,376.56976318359375,323.521484375,441.92840576171875,369.6693115234375
2026-07-14T13:30:13.881981+00:00,spot_5,Spot 5,Empty,2026-07-14T12:20:51.937411+00:00,,,,,,,,
2026-07-14T13:30:13.881981+00:00,spot_6,Spot 6,Occupied,2026-07-14T13:26:24.739458+00:00,243,car,0.43921077251434326,607,291.22454833984375,327.33740234375,352.32769775390625,361.9422607421875
2026-07-14T13:30:13.881981+00:00,spot_7,Spot 7,Empty,2026-07-14T00:18:43.510894+00:00,,,,,,,,
2026-07-14T13:30:13.881981+00:00,spot_8,Spot 8,Empty,2026-07-14T12:59:36.932053+00:00,,,,,,,,
2026-07-14T13:30:13.881981+00:00,spot_9,Spot 9,Empty,2026-07-14T03:02:23.964997+00:00,,,,,,,,
2026-07-14T13:30:13.881981+00:00,spot_10,Spot 10,Occupied,2026-07-14T13:29:32.111269+00:00,253,truck,0.5144901275634766,42,120.83586883544922,318.0734558105469,183.7135009765625,346.2656555175781
2026-07-14T13:30:13.881981+00:00,spot_11,Spot 11,Empty,2026-07-14T13:20:07.064342+00:00,,,,,,,,
2026-07-14T13:30:13.881981+00:00,spot_12,Spot 12,Empty,2026-07-14T00:46:21.068768+00:00,,,,,,,,
2026-07-14T13:30:13.881981+00:00,spot_13,Spot 13,Empty,2026-07-14T13:25:36.239593+00:00,,,,,,,,
2026-07-14T13:30:13.881981+00:00,spot_14,Spot 14,Empty,2026-07-14T13:25:36.239593+00:00,,,,,,,,
2026-07-14T13:30:13.881981+00:00,spot_15,Spot 15,Occupied,2026-07-14T13:26:24.739458+00:00,248,car,0.46505793929100037,333,35.96349334716797,310.78125,79.62821197509766,329.1180419921875
2026-07-14T13:30:13.881981+00:00,spot_16,Spot 16,Occupied,2026-07-14T13:24:34.187423+00:00,244,truck,0.5197398662567139,607,15.02627944946289,303.24749755859375,48.77676773071289,328.62799072265625
2026-07-14T13:30:13.881981+00:00,spot_17,Spot 17,Empty,2026-07-13T17:46:26.396031+00:00,,,,,,,,
2026-07-14T13:30:56.805345+00:00,spot_1,Spot 1,Occupied,2026-07-14T13:28:08.472682+00:00,235,car,0.8244043588638306,998,571.1935424804688,318.59832763671875,608.3051147460938,361.63580322265625
2026-07-14T13:30:56.805345+00:00,spot_2,Spot 2,Occupied,2026-07-14T13:30:56.805345+00:00,249,car,0.5096967220306396,318,507.4329833984375,319.1271057128906,554.1065673828125,365.1811218261719
2026-07-14T13:30:56.805345+00:00,spot_3,Spot 3,Empty,2026-07-14T01:48:31.431946+00:00,,,,,,,,
2026-07-14T13:30:56.805345+00:00,spot_4,Spot 4,Occupied,2026-07-14T13:24:34.187423+00:00,246,truck,0.7424948215484619,376,376.4749450683594,323.541259765625,441.6056213378906,370.4947509765625
2026-07-14T13:30:56.805345+00:00,spot_5,Spot 5,Empty,2026-07-14T12:20:51.937411+00:00,,,,,,,,
2026-07-14T13:30:56.805345+00:00,spot_6,Spot 6,Occupied,2026-07-14T13:26:24.739458+00:00,243,car,0.37069380283355713,649,291.58184814453125,328.9439392089844,352.50250244140625,361.5444641113281
2026-07-14T13:30:56.805345+00:00,spot_7,Spot 7,Empty,2026-07-14T00:18:43.510894+00:00,,,,,,,,
2026-07-14T13:30:56.805345+00:00,spot_8,Spot 8,Empty,2026-07-14T12:59:36.932053+00:00,,,,,,,,
2026-07-14T13:30:56.805345+00:00,spot_9,Spot 9,Empty,2026-07-14T03:02:23.964997+00:00,,,,,,,,
2026-07-14T13:30:56.805345+00:00,spot_10,Spot 10,Occupied,2026-07-14T13:30:56.805345+00:00,236,car,0.5647966861724854,998,120.6059799194336,318.077392578125,183.52639770507812,345.90087890625
2026-07-14T13:30:56.805345+00:00,spot_11,Spot 11,Empty,2026-07-14T13:20:07.064342+00:00,,,,,,,,
2026-07-14T13:30:56.805345+00:00,spot_12,Spot 12,Empty,2026-07-14T00:46:21.068768+00:00,,,,,,,,
2026-07-14T13:30:56.805345+00:00,spot_13,Spot 13,Empty,2026-07-14T13:25:36.239593+00:00,,,,,,,,
2026-07-14T13:30:56.805345+00:00,spot_14,Spot 14,Empty,2026-07-14T13:25:36.239593+00:00,,,,,,,,
2026-07-14T13:30:56.805345+00:00,spot_15,Spot 15,Occupied,2026-07-14T13:26:24.739458+00:00,248,car,0.48978543281555176,376,35.83734130859375,311.00506591796875,78.9308853149414,329.24407958984375
2026-07-14T13:30:56.805345+00:00,spot_16,Spot 16,Occupied,2026-07-14T13:24:34.187423+00:00,244,truck,0.3822571933269501,649,15.265665054321289,303.13690185546875,53.200157165527344,328.92913818359375
2026-07-14T13:30:56.805345+00:00,spot_17,Spot 17,Empty,2026-07-13T17:46:26.396031+00:00,,,,,,,,
2026-07-14T13:31:37.846066+00:00,spot_1,Spot 1,Occupied,2026-07-14T13:28:08.472682+00:00,235,car,0.797373354434967,1040,571.1481323242188,318.39654541015625,608.4076538085938,361.77593994140625
2026-07-14T13:31:37.846066+00:00,spot_2,Spot 2,Occupied,2026-07-14T13:30:56.805345+00:00,249,car,0.46163201332092285,360,507.1631774902344,317.77947998046875,556.5885009765625,365.41326904296875
2026-07-14T13:31:37.846066+00:00,spot_3,Spot 3,Empty,2026-07-14T01:48:31.431946+00:00,,,,,,,,
2026-07-14T13:31:37.846066+00:00,spot_4,Spot 4,Occupied,2026-07-14T13:24:34.187423+00:00,246,truck,0.6552127599716187,418,376.4393310546875,323.82318115234375,442.0936279296875,369.94683837890625
2026-07-14T13:31:37.846066+00:00,spot_5,Spot 5,Empty,2026-07-14T12:20:51.937411+00:00,,,,,,,,
2026-07-14T13:31:37.846066+00:00,spot_6,Spot 6,Occupied,2026-07-14T13:26:24.739458+00:00,243,car,0.5930203795433044,691,291.9908447265625,326.10662841796875,352.2916259765625,361.66510009765625
2026-07-14T13:31:37.846066+00:00,spot_7,Spot 7,Empty,2026-07-14T00:18:43.510894+00:00,,,,,,,,
2026-07-14T13:31:37.846066+00:00,spot_8,Spot 8,Empty,2026-07-14T12:59:36.932053+00:00,,,,,,,,
2026-07-14T13:31:37.846066+00:00,spot_9,Spot 9,Empty,2026-07-14T03:02:23.964997+00:00,,,,,,,,
2026-07-14T13:31:37.846066+00:00,spot_10,Spot 10,Occupied,2026-07-14T13:30:56.805345+00:00,236,car,0.6031754016876221,1040,120.64694213867188,318.13507080078125,183.03240966796875,346.262451171875
2026-07-14T13:31:37.846066+00:00,spot_11,Spot 11,Empty,2026-07-14T13:20:07.064342+00:00,,,,,,,,
2026-07-14T13:31:37.846066+00:00,spot_12,Spot 12,Empty,2026-07-14T00:46:21.068768+00:00,,,,,,,,
2026-07-14T13:31:37.846066+00:00,spot_13,Spot 13,Empty,2026-07-14T13:25:36.239593+00:00,,,,,,,,
2026-07-14T13:31:37.846066+00:00,spot_14,Spot 14,Empty,2026-07-14T13:25:36.239593+00:00,,,,,,,,
2026-07-14T13:31:37.846066+00:00,spot_15,Spot 15,Occupied,2026-07-14T13:26:24.739458+00:00,248,car,0.6653460264205933,418,35.83131408691406,310.7141418457031,79.52415466308594,329.1059265136719
2026-07-14T13:31:37.846066+00:00,spot_16,Spot 16,Occupied,2026-07-14T13:24:34.187423+00:00,244,truck,0.46139049530029297,691,14.920433044433594,303.224365234375,55.251304626464844,328.810302734375
2026-07-14T13:31:37.846066+00:00,spot_17,Spot 17,Empty,2026-07-13T17:46:26.396031+00:00,,,,,,,,
2026-07-14T13:32:18.887444+00:00,spot_1,Spot 1,Occupied,2026-07-14T13:28:08.472682+00:00,235,car,0.797373354434967,1079,571.1481323242188,318.39654541015625,608.4076538085938,361.77593994140625
2026-07-14T13:32:18.887444+00:00,spot_2,Spot 2,Occupied,2026-07-14T13:30:56.805345+00:00,249,car,0.46163201332092285,400,507.1631774902344,317.77947998046875,556.5885009765625,365.41326904296875
2026-07-14T13:32:18.887444+00:00,spot_3,Spot 3,Empty,2026-07-14T01:48:31.431946+00:00,,,,,,,,
2026-07-14T13:32:18.887444+00:00,spot_4,Spot 4,Occupied,2026-07-14T13:24:34.187423+00:00,246,truck,0.6552127599716187,457,376.4393310546875,323.82318115234375,442.0936279296875,369.94683837890625
2026-07-14T13:32:18.887444+00:00,spot_5,Spot 5,Empty,2026-07-14T12:20:51.937411+00:00,,,,,,,,
2026-07-14T13:32:18.887444+00:00,spot_6,Spot 6,Occupied,2026-07-14T13:26:24.739458+00:00,243,car,0.5930203795433044,731,291.9908447265625,326.10662841796875,352.2916259765625,361.66510009765625
2026-07-14T13:32:18.887444+00:00,spot_7,Spot 7,Empty,2026-07-14T00:18:43.510894+00:00,,,,,,,,
2026-07-14T13:32:18.887444+00:00,spot_8,Spot 8,Empty,2026-07-14T12:59:36.932053+00:00,,,,,,,,
2026-07-14T13:32:18.887444+00:00,spot_9,Spot 9,Empty,2026-07-14T03:02:23.964997+00:00,,,,,,,,
2026-07-14T13:32:18.887444+00:00,spot_10,Spot 10,Occupied,2026-07-14T13:30:56.805345+00:00,236,car,0.6031754016876221,1079,120.64694213867188,318.13507080078125,183.03240966796875,346.262451171875
2026-07-14T13:32:18.887444+00:00,spot_11,Spot 11,Empty,2026-07-14T13:20:07.064342+00:00,,,,,,,,
2026-07-14T13:32:18.887444+00:00,spot_12,Spot 12,Empty,2026-07-14T00:46:21.068768+00:00,,,,,,,,
2026-07-14T13:32:18.887444+00:00,spot_13,Spot 13,Empty,2026-07-14T13:25:36.239593+00:00,,,,,,,,
2026-07-14T13:32:18.887444+00:00,spot_14,Spot 14,Empty,2026-07-14T13:25:36.239593+00:00,,,,,,,,
2026-07-14T13:32:18.887444+00:00,spot_15,Spot 15,Occupied,2026-07-14T13:26:24.739458+00:00,248,car,0.6653460264205933,457,35.83131408691406,310.7141418457031,79.52415466308594,329.1059265136719
2026-07-14T13:32:18.887444+00:00,spot_16,Spot 16,Occupied,2026-07-14T13:24:34.187423+00:00,244,truck,0.46139049530029297,731,14.920433044433594,303.224365234375,55.251304626464844,328.810302734375
2026-07-14T13:32:18.887444+00:00,spot_17,Spot 17,Empty,2026-07-13T17:46:26.396031+00:00,,,,,,,,
2026-07-14T13:33:12.306667+00:00,spot_1,Spot 1,Occupied,2026-07-14T13:28:08.472682+00:00,235,car,0.7981477379798889,1134,571.4769897460938,318.9852294921875,608.1218872070312,361.65625
2026-07-14T13:33:12.306667+00:00,spot_2,Spot 2,Occupied,2026-07-14T13:30:56.805345+00:00,249,car,0.6048669219017029,455,507.57855224609375,317.89117431640625,555.5894165039062,365.25970458984375
2026-07-14T13:33:12.306667+00:00,spot_3,Spot 3,Empty,2026-07-14T01:48:31.431946+00:00,,,,,,,,
2026-07-14T13:33:12.306667+00:00,spot_4,Spot 4,Occupied,2026-07-14T13:24:34.187423+00:00,246,truck,0.4362746477127075,513,376.05963134765625,324.1407165527344,441.26861572265625,369.9705505371094
2026-07-14T13:33:12.306667+00:00,spot_5,Spot 5,Empty,2026-07-14T12:20:51.937411+00:00,,,,,,,,
2026-07-14T13:33:12.306667+00:00,spot_6,Spot 6,Occupied,2026-07-14T13:33:12.306667+00:00,255,truck,0.5073308348655701,0,291.9130859375,326.81695556640625,352.4837646484375,362.05499267578125
2026-07-14T13:33:12.306667+00:00,spot_7,Spot 7,Empty,2026-07-14T00:18:43.510894+00:00,,,,,,,,
2026-07-14T13:33:12.306667+00:00,spot_8,Spot 8,Empty,2026-07-14T12:59:36.932053+00:00,,,,,,,,
2026-07-14T13:33:12.306667+00:00,spot_9,Spot 9,Empty,2026-07-14T03:02:23.964997+00:00,,,,,,,,
2026-07-14T13:33:12.306667+00:00,spot_10,Spot 10,Occupied,2026-07-14T13:30:56.805345+00:00,236,car,0.6043209433555603,1134,120.6702651977539,318.3569641113281,183.14071655273438,346.1469421386719
2026-07-14T13:33:12.306667+00:00,spot_11,Spot 11,Empty,2026-07-14T13:20:07.064342+00:00,,,,,,,,
2026-07-14T13:33:12.306667+00:00,spot_12,Spot 12,Empty,2026-07-14T00:46:21.068768+00:00,,,,,,,,
2026-07-14T13:33:12.306667+00:00,spot_13,Spot 13,Empty,2026-07-14T13:25:36.239593+00:00,,,,,,,,
2026-07-14T13:33:12.306667+00:00,spot_14,Spot 14,Empty,2026-07-14T13:25:36.239593+00:00,,,,,,,,
2026-07-14T13:33:12.306667+00:00,spot_15,Spot 15,Empty,2026-07-14T13:33:12.306667+00:00,,,,,,,,
2026-07-14T13:33:12.306667+00:00,spot_16,Spot 16,Occupied,2026-07-14T13:24:34.187423+00:00,244,truck,0.3559814691543579,786,15.256694793701172,303.1181335449219,53.43563461303711,328.8626403808594
2026-07-14T13:33:12.306667+00:00,spot_17,Spot 17,Empty,2026-07-13T17:46:26.396031+00:00,,,,,,,,
2026-07-14T13:33:55.110360+00:00,spot_1,Spot 1,Occupied,2026-07-14T13:28:08.472682+00:00,235,car,0.8374493718147278,1176,571.2811279296875,318.9871826171875,608.4305419921875,361.488525390625
2026-07-14T13:33:55.110360+00:00,spot_2,Spot 2,Occupied,2026-07-14T13:33:55.110360+00:00,254,truck,0.632208526134491,263,507.53021240234375,317.3880310058594,556.6508178710938,365.1028747558594
2026-07-14T13:33:55.110360+00:00,spot_3,Spot 3,Empty,2026-07-14T01:48:31.431946+00:00,,,,,,,,
2026-07-14T13:33:55.110360+00:00,spot_4,Spot 4,Occupied,2026-07-14T13:33:55.110360+00:00,256,car,0.4660288989543915,41,376.28466796875,333.8194580078125,421.39208984375,368.639892578125
2026-07-14T13:33:55.110360+00:00,spot_5,Spot 5,Empty,2026-07-14T12:20:51.937411+00:00,,,,,,,,
2026-07-14T13:33:55.110360+00:00,spot_6,Spot 6,Occupied,2026-07-14T13:33:55.110360+00:00,243,car,0.5971718430519104,827,291.9598388671875,327.81182861328125,352.2032470703125,361.68450927734375
2026-07-14T13:33:55.110360+00:00,spot_7,Spot 7,Empty,2026-07-14T00:18:43.510894+00:00,,,,,,,,
2026-07-14T13:33:55.110360+00:00,spot_8,Spot 8,Empty,2026-07-14T12:59:36.932053+00:00,,,,,,,,
2026-07-14T13:33:55.110360+00:00,spot_9,Spot 9,Empty,2026-07-14T03:02:23.964997+00:00,,,,,,,,
2026-07-14T13:33:55.110360+00:00,spot_10,Spot 10,Occupied,2026-07-14T13:30:56.805345+00:00,236,car,0.7065474987030029,1176,120.58070373535156,317.8929443359375,183.4103546142578,345.7376708984375
2026-07-14T13:33:55.110360+00:00,spot_11,Spot 11,Empty,2026-07-14T13:20:07.064342+00:00,,,,,,,,
2026-07-14T13:33:55.110360+00:00,spot_12,Spot 12,Empty,2026-07-14T00:46:21.068768+00:00,,,,,,,,
2026-07-14T13:33:55.110360+00:00,spot_13,Spot 13,Empty,2026-07-14T13:25:36.239593+00:00,,,,,,,,
2026-07-14T13:33:55.110360+00:00,spot_14,Spot 14,Empty,2026-07-14T13:25:36.239593+00:00,,,,,,,,
2026-07-14T13:33:55.110360+00:00,spot_15,Spot 15,Occupied,2026-07-14T13:33:55.110360+00:00,248,car,0.721756637096405,554,35.82231140136719,310.9359130859375,79.58236694335938,328.637939453125
2026-07-14T13:33:55.110360+00:00,spot_16,Spot 16,Occupied,2026-07-14T13:24:34.187423+00:00,244,truck,0.4566267728805542,827,15.075885772705078,303.2131652832031,54.10044479370117,328.6590270996094
2026-07-14T13:33:55.110360+00:00,spot_17,Spot 17,Empty,2026-07-13T17:46:26.396031+00:00,,,,,,,,
2026-07-14T13:34:35.930560+00:00,spot_1,Spot 1,Occupied,2026-07-14T13:28:08.472682+00:00,235,car,0.7213112711906433,1218,571.4027099609375,317.49761962890625,608.4586181640625,361.48126220703125
2026-07-14T13:34:35.930560+00:00,spot_2,Spot 2,Occupied,2026-07-14T13:33:55.110360+00:00,254,truck,0.6106680035591125,305,508.3861083984375,317.4413757324219,554.2557373046875,364.9646301269531
2026-07-14T13:34:35.930560+00:00,spot_3,Spot 3,Empty,2026-07-14T01:48:31.431946+00:00,,,,,,,,
2026-07-14T13:34:35.930560+00:00,spot_4,Spot 4,Occupied,2026-07-14T13:34:35.930560+00:00,246,truck,0.3701275587081909,596,376.61944580078125,324.43084716796875,441.81463623046875,369.3079833984375
2026-07-14T13:34:35.930560+00:00,spot_5,Spot 5,Empty,2026-07-14T12:20:51.937411+00:00,,,,,,,,
2026-07-14T13:34:35.930560+00:00,spot_6,Spot 6,Occupied,2026-07-14T13:33:55.110360+00:00,243,car,0.5395891070365906,869,291.439697265625,326.41522216796875,351.8533935546875,361.83258056640625
2026-07-14T13:34:35.930560+00:00,spot_7,Spot 7,Empty,2026-07-14T00:18:43.510894+00:00,,,,,,,,
2026-07-14T13:34:35.930560+00:00,spot_8,Spot 8,Empty,2026-07-14T12:59:36.932053+00:00,,,,,,,,
2026-07-14T13:34:35.930560+00:00,spot_9,Spot 9,Empty,2026-07-14T03:02:23.964997+00:00,,,,,,,,
2026-07-14T13:34:35.930560+00:00,spot_10,Spot 10,Occupied,2026-07-14T13:30:56.805345+00:00,236,car,0.5090639591217041,1218,130.60267639160156,318.4009094238281,183.3520965576172,345.8592224121094
2026-07-14T13:34:35.930560+00:00,spot_11,Spot 11,Empty,2026-07-14T13:20:07.064342+00:00,,,,,,,,
2026-07-14T13:34:35.930560+00:00,spot_12,Spot 12,Empty,2026-07-14T00:46:21.068768+00:00,,,,,,,,
2026-07-14T13:34:35.930560+00:00,spot_13,Spot 13,Empty,2026-07-14T13:25:36.239593+00:00,,,,,,,,
2026-07-14T13:34:35.930560+00:00,spot_14,Spot 14,Empty,2026-07-14T13:25:36.239593+00:00,,,,,,,,
2026-07-14T13:34:35.930560+00:00,spot_15,Spot 15,Occupied,2026-07-14T13:33:55.110360+00:00,248,car,0.4825403094291687,596,35.15442657470703,310.8316650390625,79.37175750732422,329.2408447265625
2026-07-14T13:34:35.930560+00:00,spot_16,Spot 16,Empty,2026-07-14T13:34:35.930560+00:00,,,,,,,,
2026-07-14T13:34:35.930560+00:00,spot_17,Spot 17,Empty,2026-07-13T17:46:26.396031+00:00,,,,,,,,
2026-07-14T13:35:18.141020+00:00,spot_1,Spot 1,Occupied,2026-07-14T13:28:08.472682+00:00,235,car,0.7213112711906433,1259,571.4027099609375,317.49761962890625,608.4586181640625,361.48126220703125
2026-07-14T13:35:18.141020+00:00,spot_2,Spot 2,Occupied,2026-07-14T13:33:55.110360+00:00,254,truck,0.6106680035591125,346,508.3861083984375,317.4413757324219,554.2557373046875,364.9646301269531
2026-07-14T13:35:18.141020+00:00,spot_3,Spot 3,Empty,2026-07-14T01:48:31.431946+00:00,,,,,,,,
2026-07-14T13:35:18.141020+00:00,spot_4,Spot 4,Occupied,2026-07-14T13:34:35.930560+00:00,246,truck,0.3701275587081909,637,376.61944580078125,324.43084716796875,441.81463623046875,369.3079833984375
2026-07-14T13:35:18.141020+00:00,spot_5,Spot 5,Empty,2026-07-14T12:20:51.937411+00:00,,,,,,,,
2026-07-14T13:35:18.141020+00:00,spot_6,Spot 6,Occupied,2026-07-14T13:33:55.110360+00:00,243,car,0.5395891070365906,910,291.439697265625,326.41522216796875,351.8533935546875,361.83258056640625
2026-07-14T13:35:18.141020+00:00,spot_7,Spot 7,Empty,2026-07-14T00:18:43.510894+00:00,,,,,,,,
2026-07-14T13:35:18.141020+00:00,spot_8,Spot 8,Empty,2026-07-14T12:59:36.932053+00:00,,,,,,,,
2026-07-14T13:35:18.141020+00:00,spot_9,Spot 9,Empty,2026-07-14T03:02:23.964997+00:00,,,,,,,,
2026-07-14T13:35:18.141020+00:00,spot_10,Spot 10,Occupied,2026-07-14T13:30:56.805345+00:00,236,car,0.5090639591217041,1259,130.60267639160156,318.4009094238281,183.3520965576172,345.8592224121094
2026-07-14T13:35:18.141020+00:00,spot_11,Spot 11,Empty,2026-07-14T13:20:07.064342+00:00,,,,,,,,
2026-07-14T13:35:18.141020+00:00,spot_12,Spot 12,Empty,2026-07-14T00:46:21.068768+00:00,,,,,,,,
2026-07-14T13:35:18.141020+00:00,spot_13,Spot 13,Empty,2026-07-14T13:25:36.239593+00:00,,,,,,,,
2026-07-14T13:35:18.141020+00:00,spot_14,Spot 14,Empty,2026-07-14T13:25:36.239593+00:00,,,,,,,,
2026-07-14T13:35:18.141020+00:00,spot_15,Spot 15,Occupied,2026-07-14T13:33:55.110360+00:00,248,car,0.4825403094291687,637,35.15442657470703,310.8316650390625,79.37175750732422,329.2408447265625
2026-07-14T13:35:18.141020+00:00,spot_16,Spot 16,Empty,2026-07-14T13:34:35.930560+00:00,,,,,,,,
2026-07-14T13:35:18.141020+00:00,spot_17,Spot 17,Empty,2026-07-13T17:46:26.396031+00:00,,,,,,,,
2026-07-14T13:35:59.994982+00:00,spot_1,Spot 1,Occupied,2026-07-14T13:28:08.472682+00:00,235,car,0.8046866655349731,1300,571.05126953125,318.452392578125,608.38623046875,361.2696533203125
2026-07-14T13:35:59.994982+00:00,spot_2,Spot 2,Occupied,2026-07-14T13:33:55.110360+00:00,254,truck,0.4099057614803314,388,507.7085266113281,317.4608154296875,556.47705078125,365.3553466796875
2026-07-14T13:35:59.994982+00:00,spot_3,Spot 3,Empty,2026-07-14T01:48:31.431946+00:00,,,,,,,,
2026-07-14T13:35:59.994982+00:00,spot_4,Spot 4,Occupied,2026-07-14T13:34:35.930560+00:00,246,truck,0.4743211269378662,679,376.69781494140625,325.7060546875,441.36590576171875,369.7738037109375
2026-07-14T13:35:59.994982+00:00,spot_5,Spot 5,Empty,2026-07-14T12:20:51.937411+00:00,,,,,,,,
2026-07-14T13:35:59.994982+00:00,spot_6,Spot 6,Occupied,2026-07-14T13:35:59.994982+00:00,255,truck,0.48589321970939636,165,291.4146728515625,326.44384765625,352.4893798828125,361.8800048828125
2026-07-14T13:35:59.994982+00:00,spot_7,Spot 7,Empty,2026-07-14T00:18:43.510894+00:00,,,,,,,,
2026-07-14T13:35:59.994982+00:00,spot_8,Spot 8,Empty,2026-07-14T12:59:36.932053+00:00,,,,,,,,
2026-07-14T13:35:59.994982+00:00,spot_9,Spot 9,Empty,2026-07-14T03:02:23.964997+00:00,,,,,,,,
2026-07-14T13:35:59.994982+00:00,spot_10,Spot 10,Occupied,2026-07-14T13:30:56.805345+00:00,236,car,0.5697911381721497,1300,125.82571411132812,318.09393310546875,184.36553955078125,346.35357666015625
2026-07-14T13:35:59.994982+00:00,spot_11,Spot 11,Empty,2026-07-14T13:20:07.064342+00:00,,,,,,,,
2026-07-14T13:35:59.994982+00:00,spot_12,Spot 12,Empty,2026-07-14T00:46:21.068768+00:00,,,,,,,,
2026-07-14T13:35:59.994982+00:00,spot_13,Spot 13,Empty,2026-07-14T13:25:36.239593+00:00,,,,,,,,
2026-07-14T13:35:59.994982+00:00,spot_14,Spot 14,Empty,2026-07-14T13:25:36.239593+00:00,,,,,,,,
2026-07-14T13:35:59.994982+00:00,spot_15,Spot 15,Occupied,2026-07-14T13:33:55.110360+00:00,248,car,0.6255006790161133,679,36.101158142089844,310.9027099609375,79.4799575805664,328.3543701171875
2026-07-14T13:35:59.994982+00:00,spot_16,Spot 16,Occupied,2026-07-14T13:35:59.994982+00:00,244,truck,0.4672660231590271,952,15.055091857910156,303.10791015625,55.554237365722656,328.93096923828125
2026-07-14T13:35:59.994982+00:00,spot_17,Spot 17,Empty,2026-07-13T17:46:26.396031+00:00,,,,,,,,
2026-07-14T13:36:42.459837+00:00,spot_1,Spot 1,Occupied,2026-07-14T13:28:08.472682+00:00,235,car,0.5881921052932739,1344,571.1826782226562,317.60595703125,608.2841186523438,360.59814453125
2026-07-14T13:36:42.459837+00:00,spot_2,Spot 2,Occupied,2026-07-14T13:33:55.110360+00:00,254,truck,0.6030386090278625,432,507.89825439453125,317.540283203125,556.4273071289062,364.9688720703125
2026-07-14T13:36:42.459837+00:00,spot_3,Spot 3,Empty,2026-07-14T01:48:31.431946+00:00,,,,,,,,
2026-07-14T13:36:42.459837+00:00,spot_4,Spot 4,Occupied,2026-07-14T13:34:35.930560+00:00,246,truck,0.7370997667312622,723,376.21209716796875,323.54583740234375,441.58172607421875,370.1177978515625
2026-07-14T13:36:42.459837+00:00,spot_5,Spot 5,Empty,2026-07-14T12:20:51.937411+00:00,,,,,,,,
2026-07-14T13:36:42.459837+00:00,spot_6,Spot 6,Occupied,2026-07-14T13:36:42.459837+00:00,243,car,0.4788391590118408,996,291.7218017578125,327.08624267578125,352.326416015625,361.60552978515625
2026-07-14T13:36:42.459837+00:00,spot_7,Spot 7,Empty,2026-07-14T00:18:43.510894+00:00,,,,,,,,
2026-07-14T13:36:42.459837+00:00,spot_8,Spot 8,Empty,2026-07-14T12:59:36.932053+00:00,,,,,,,,
2026-07-14T13:36:42.459837+00:00,spot_9,Spot 9,Empty,2026-07-14T03:02:23.964997+00:00,,,,,,,,
2026-07-14T13:36:42.459837+00:00,spot_10,Spot 10,Occupied,2026-07-14T13:36:42.459837+00:00,257,truck,0.3716273307800293,0,121.1126708984375,318.0323486328125,183.15530395507812,346.1453857421875
2026-07-14T13:36:42.459837+00:00,spot_11,Spot 11,Empty,2026-07-14T13:20:07.064342+00:00,,,,,,,,
2026-07-14T13:36:42.459837+00:00,spot_12,Spot 12,Empty,2026-07-14T00:46:21.068768+00:00,,,,,,,,
2026-07-14T13:36:42.459837+00:00,spot_13,Spot 13,Empty,2026-07-14T13:25:36.239593+00:00,,,,,,,,
2026-07-14T13:36:42.459837+00:00,spot_14,Spot 14,Empty,2026-07-14T13:25:36.239593+00:00,,,,,,,,
2026-07-14T13:36:42.459837+00:00,spot_15,Spot 15,Occupied,2026-07-14T13:33:55.110360+00:00,248,car,0.6188998818397522,723,33.879920959472656,310.71795654296875,79.46961975097656,329.73876953125
2026-07-14T13:36:42.459837+00:00,spot_16,Spot 16,Occupied,2026-07-14T13:35:59.994982+00:00,244,truck,0.5037967562675476,996,14.925296783447266,303.31439208984375,56.56924819946289,329.09356689453125
2026-07-14T13:36:42.459837+00:00,spot_17,Spot 17,Empty,2026-07-13T17:46:26.396031+00:00,,,,,,,,
2026-07-14T13:37:24.760734+00:00,spot_1,Spot 1,Occupied,2026-07-14T13:28:08.472682+00:00,235,car,0.5881921052932739,1385,571.1826782226562,317.60595703125,608.2841186523438,360.59814453125
2026-07-14T13:37:24.760734+00:00,spot_2,Spot 2,Occupied,2026-07-14T13:33:55.110360+00:00,254,truck,0.6030386090278625,472,507.89825439453125,317.540283203125,556.4273071289062,364.9688720703125
2026-07-14T13:37:24.760734+00:00,spot_3,Spot 3,Empty,2026-07-14T01:48:31.431946+00:00,,,,,,,,
2026-07-14T13:37:24.760734+00:00,spot_4,Spot 4,Occupied,2026-07-14T13:34:35.930560+00:00,246,truck,0.7370997667312622,763,376.21209716796875,323.54583740234375,441.58172607421875,370.1177978515625
2026-07-14T13:37:24.760734+00:00,spot_5,Spot 5,Empty,2026-07-14T12:20:51.937411+00:00,,,,,,,,
2026-07-14T13:37:24.760734+00:00,spot_6,Spot 6,Occupied,2026-07-14T13:36:42.459837+00:00,243,car,0.4788391590118408,1036,291.7218017578125,327.08624267578125,352.326416015625,361.60552978515625
2026-07-14T13:37:24.760734+00:00,spot_7,Spot 7,Empty,2026-07-14T00:18:43.510894+00:00,,,,,,,,
2026-07-14T13:37:24.760734+00:00,spot_8,Spot 8,Empty,2026-07-14T12:59:36.932053+00:00,,,,,,,,
2026-07-14T13:37:24.760734+00:00,spot_9,Spot 9,Empty,2026-07-14T03:02:23.964997+00:00,,,,,,,,
2026-07-14T13:37:24.760734+00:00,spot_10,Spot 10,Occupied,2026-07-14T13:36:42.459837+00:00,257,truck,0.3716273307800293,40,121.1126708984375,318.0323486328125,183.15530395507812,346.1453857421875
2026-07-14T13:37:24.760734+00:00,spot_11,Spot 11,Empty,2026-07-14T13:20:07.064342+00:00,,,,,,,,
2026-07-14T13:37:24.760734+00:00,spot_12,Spot 12,Empty,2026-07-14T00:46:21.068768+00:00,,,,,,,,
2026-07-14T13:37:24.760734+00:00,spot_13,Spot 13,Empty,2026-07-14T13:25:36.239593+00:00,,,,,,,,
2026-07-14T13:37:24.760734+00:00,spot_14,Spot 14,Empty,2026-07-14T13:25:36.239593+00:00,,,,,,,,
2026-07-14T13:37:24.760734+00:00,spot_15,Spot 15,Occupied,2026-07-14T13:33:55.110360+00:00,248,car,0.6188998818397522,763,33.879920959472656,310.71795654296875,79.46961975097656,329.73876953125
2026-07-14T13:37:24.760734+00:00,spot_16,Spot 16,Occupied,2026-07-14T13:35:59.994982+00:00,244,truck,0.5037967562675476,1036,14.925296783447266,303.31439208984375,56.56924819946289,329.09356689453125
2026-07-14T13:37:24.760734+00:00,spot_17,Spot 17,Empty,2026-07-13T17:46:26.396031+00:00,,,,,,,,
2026-07-14T13:38:05.339390+00:00,spot_1,Spot 1,Occupied,2026-07-14T13:28:08.472682+00:00,235,car,0.8069494962692261,1425,571.343994140625,317.55035400390625,608.41015625,360.94049072265625
2026-07-14T13:38:05.339390+00:00,spot_2,Spot 2,Occupied,2026-07-14T13:33:55.110360+00:00,254,truck,0.5722876787185669,512,507.88739013671875,317.95599365234375,556.1694946289062,365.42474365234375
2026-07-14T13:38:05.339390+00:00,spot_3,Spot 3,Empty,2026-07-14T01:48:31.431946+00:00,,,,,,,,
2026-07-14T13:38:05.339390+00:00,spot_4,Spot 4,Occupied,2026-07-14T13:38:05.339390+00:00,258,car,0.4249632954597473,0,376.8338623046875,333.908935546875,417.0067138671875,369.4771728515625
2026-07-14T13:38:05.339390+00:00,spot_5,Spot 5,Empty,2026-07-14T12:20:51.937411+00:00,,,,,,,,
2026-07-14T13:38:05.339390+00:00,spot_6,Spot 6,Occupied,2026-07-14T13:36:42.459837+00:00,243,car,0.5998805165290833,1077,291.95819091796875,328.0671691894531,352.73480224609375,361.4648742675781
2026-07-14T13:38:05.339390+00:00,spot_7,Spot 7,Empty,2026-07-14T00:18:43.510894+00:00,,,,,,,,
2026-07-14T13:38:05.339390+00:00,spot_8,Spot 8,Empty,2026-07-14T12:59:36.932053+00:00,,,,,,,,
2026-07-14T13:38:05.339390+00:00,spot_9,Spot 9,Empty,2026-07-14T03:02:23.964997+00:00,,,,,,,,
2026-07-14T13:38:05.339390+00:00,spot_10,Spot 10,Occupied,2026-07-14T13:36:42.459837+00:00,257,truck,0.3556737005710602,80,120.99894714355469,317.8731384277344,183.4539031982422,345.8748474121094
2026-07-14T13:38:05.339390+00:00,spot_11,Spot 11,Empty,2026-07-14T13:20:07.064342+00:00,,,,,,,,
2026-07-14T13:38:05.339390+00:00,spot_12,Spot 12,Empty,2026-07-14T00:46:21.068768+00:00,,,,,,,,
2026-07-14T13:38:05.339390+00:00,spot_13,Spot 13,Empty,2026-07-14T13:25:36.239593+00:00,,,,,,,,
2026-07-14T13:38:05.339390+00:00,spot_14,Spot 14,Empty,2026-07-14T13:25:36.239593+00:00,,,,,,,,
2026-07-14T13:38:05.339390+00:00,spot_15,Spot 15,Occupied,2026-07-14T13:33:55.110360+00:00,248,car,0.5896739363670349,803,32.9127197265625,310.802978515625,79.92631530761719,330.65673828125
2026-07-14T13:38:05.339390+00:00,spot_16,Spot 16,Empty,2026-07-14T13:38:05.339390+00:00,,,,,,,,
2026-07-14T13:38:05.339390+00:00,spot_17,Spot 17,Empty,2026-07-13T17:46:26.396031+00:00,,,,,,,,
2026-07-14T13:38:47.714113+00:00,spot_1,Spot 1,Occupied,2026-07-14T13:28:08.472682+00:00,235,car,0.7401472330093384,1469,571.40380859375,317.60284423828125,608.1829833984375,360.68707275390625
2026-07-14T13:38:47.714113+00:00,spot_2,Spot 2,Occupied,2026-07-14T13:33:55.110360+00:00,254,truck,0.3889937698841095,556,507.847412109375,318.0272216796875,556.177490234375,365.353515625
2026-07-14T13:38:47.714113+00:00,spot_3,Spot 3,Empty,2026-07-14T01:48:31.431946+00:00,,,,,,,,
2026-07-14T13:38:47.714113+00:00,spot_4,Spot 4,Occupied,2026-07-14T13:38:47.714113+00:00,246,truck,0.5761009454727173,847,376.25933837890625,323.911865234375,441.79962158203125,370.6259765625
2026-07-14T13:38:47.714113+00:00,spot_5,Spot 5,Empty,2026-07-14T12:20:51.937411+00:00,,,,,,,,
2026-07-14T13:38:47.714113+00:00,spot_6,Spot 6,Occupied,2026-07-14T13:38:47.714113+00:00,255,truck,0.5670220851898193,334,291.8419189453125,327.41070556640625,352.056396484375,361.48992919921875
2026-07-14T13:38:47.714113+00:00,spot_7,Spot 7,Empty,2026-07-14T00:18:43.510894+00:00,,,,,,,,
2026-07-14T13:38:47.714113+00:00,spot_8,Spot 8,Empty,2026-07-14T12:59:36.932053+00:00,,,,,,,,
2026-07-14T13:38:47.714113+00:00,spot_9,Spot 9,Empty,2026-07-14T03:02:23.964997+00:00,,,,,,,,
2026-07-14T13:38:47.714113+00:00,spot_10,Spot 10,Occupied,2026-07-14T13:36:42.459837+00:00,257,truck,0.3945501446723938,124,120.88931274414062,318.25994873046875,182.87472534179688,345.91668701171875
2026-07-14T13:38:47.714113+00:00,spot_11,Spot 11,Empty,2026-07-14T13:20:07.064342+00:00,,,,,,,,
2026-07-14T13:38:47.714113+00:00,spot_12,Spot 12,Empty,2026-07-14T00:46:21.068768+00:00,,,,,,,,
2026-07-14T13:38:47.714113+00:00,spot_13,Spot 13,Empty,2026-07-14T13:25:36.239593+00:00,,,,,,,,
2026-07-14T13:38:47.714113+00:00,spot_14,Spot 14,Empty,2026-07-14T13:25:36.239593+00:00,,,,,,,,
2026-07-14T13:38:47.714113+00:00,spot_15,Spot 15,Occupied,2026-07-14T13:33:55.110360+00:00,248,car,0.5502559542655945,847,36.308372497558594,310.9610595703125,79.93170166015625,329.2657470703125
2026-07-14T13:38:47.714113+00:00,spot_16,Spot 16,Occupied,2026-07-14T13:38:47.714113+00:00,244,truck,0.4028814136981964,1120,15.796464920043945,303.25701904296875,54.1805419921875,328.53131103515625
2026-07-14T13:38:47.714113+00:00,spot_17,Spot 17,Empty,2026-07-13T17:46:26.396031+00:00,,,,,,,,
2026-07-14T13:39:30.154426+00:00,spot_1,Spot 1,Occupied,2026-07-14T13:28:08.472682+00:00,235,car,0.7401472330093384,1510,571.40380859375,317.60284423828125,608.1829833984375,360.68707275390625
2026-07-14T13:39:30.154426+00:00,spot_2,Spot 2,Occupied,2026-07-14T13:33:55.110360+00:00,254,truck,0.3889937698841095,597,507.847412109375,318.0272216796875,556.177490234375,365.353515625
2026-07-14T13:39:30.154426+00:00,spot_3,Spot 3,Empty,2026-07-14T01:48:31.431946+00:00,,,,,,,,
2026-07-14T13:39:30.154426+00:00,spot_4,Spot 4,Occupied,2026-07-14T13:38:47.714113+00:00,246,truck,0.5761009454727173,888,376.25933837890625,323.911865234375,441.79962158203125,370.6259765625
2026-07-14T13:39:30.154426+00:00,spot_5,Spot 5,Empty,2026-07-14T12:20:51.937411+00:00,,,,,,,,
2026-07-14T13:39:30.154426+00:00,spot_6,Spot 6,Occupied,2026-07-14T13:38:47.714113+00:00,255,truck,0.5670220851898193,375,291.8419189453125,327.41070556640625,352.056396484375,361.48992919921875
2026-07-14T13:39:30.154426+00:00,spot_7,Spot 7,Empty,2026-07-14T00:18:43.510894+00:00,,,,,,,,
2026-07-14T13:39:30.154426+00:00,spot_8,Spot 8,Empty,2026-07-14T12:59:36.932053+00:00,,,,,,,,
2026-07-14T13:39:30.154426+00:00,spot_9,Spot 9,Empty,2026-07-14T03:02:23.964997+00:00,,,,,,,,
2026-07-14T13:39:30.154426+00:00,spot_10,Spot 10,Occupied,2026-07-14T13:36:42.459837+00:00,257,truck,0.3945501446723938,165,120.88931274414062,318.25994873046875,182.87472534179688,345.91668701171875
2026-07-14T13:39:30.154426+00:00,spot_11,Spot 11,Empty,2026-07-14T13:20:07.064342+00:00,,,,,,,,
2026-07-14T13:39:30.154426+00:00,spot_12,Spot 12,Empty,2026-07-14T00:46:21.068768+00:00,,,,,,,,
2026-07-14T13:39:30.154426+00:00,spot_13,Spot 13,Empty,2026-07-14T13:25:36.239593+00:00,,,,,,,,
2026-07-14T13:39:30.154426+00:00,spot_14,Spot 14,Empty,2026-07-14T13:25:36.239593+00:00,,,,,,,,
2026-07-14T13:39:30.154426+00:00,spot_15,Spot 15,Occupied,2026-07-14T13:33:55.110360+00:00,248,car,0.5502559542655945,888,36.308372497558594,310.9610595703125,79.93170166015625,329.2657470703125
2026-07-14T13:39:30.154426+00:00,spot_16,Spot 16,Occupied,2026-07-14T13:38:47.714113+00:00,244,truck,0.4028814136981964,1162,15.796464920043945,303.25701904296875,54.1805419921875,328.53131103515625
2026-07-14T13:39:30.154426+00:00,spot_17,Spot 17,Empty,2026-07-13T17:46:26.396031+00:00,,,,,,,,
2026-07-14T13:40:10.807500+00:00,spot_1,Spot 1,Occupied,2026-07-14T13:28:08.472682+00:00,235,car,0.8142033219337463,1551,570.952392578125,317.6392822265625,608.27783203125,361.529052734375
2026-07-14T13:40:10.807500+00:00,spot_2,Spot 2,Occupied,2026-07-14T13:33:55.110360+00:00,254,truck,0.3875739872455597,639,507.8023681640625,318.11004638671875,554.87158203125,366.30670166015625
2026-07-14T13:40:10.807500+00:00,spot_3,Spot 3,Empty,2026-07-14T01:48:31.431946+00:00,,,,,,,,
2026-07-14T13:40:10.807500+00:00,spot_4,Spot 4,Occupied,2026-07-14T13:38:47.714113+00:00,246,truck,0.4575783312320709,930,376.3812561035156,326.02734375,441.3636779785156,371.7476806640625
2026-07-14T13:40:10.807500+00:00,spot_5,Spot 5,Empty,2026-07-14T12:20:51.937411+00:00,,,,,,,,
2026-07-14T13:40:10.807500+00:00,spot_6,Spot 6,Occupied,2026-07-14T13:40:10.807500+00:00,259,car,0.4085334241390228,0,292.1019592285156,331.57354736328125,320.4907531738281,360.39300537109375
2026-07-14T13:40:10.807500+00:00,spot_7,Spot 7,Empty,2026-07-14T00:18:43.510894+00:00,,,,,,,,
2026-07-14T13:40:10.807500+00:00,spot_8,Spot 8,Empty,2026-07-14T12:59:36.932053+00:00,,,,,,,,
2026-07-14T13:40:10.807500+00:00,spot_9,Spot 9,Empty,2026-07-14T03:02:23.964997+00:00,,,,,,,,
2026-07-14T13:40:10.807500+00:00,spot_10,Spot 10,Occupied,2026-07-14T13:40:10.807500+00:00,236,car,0.6142706274986267,1551,120.5981216430664,318.08453369140625,183.72360229492188,346.20672607421875
2026-07-14T13:40:10.807500+00:00,spot_11,Spot 11,Empty,2026-07-14T13:20:07.064342+00:00,,,,,,,,
2026-07-14T13:40:10.807500+00:00,spot_12,Spot 12,Empty,2026-07-14T00:46:21.068768+00:00,,,,,,,,
2026-07-14T13:40:10.807500+00:00,spot_13,Spot 13,Empty,2026-07-14T13:25:36.239593+00:00,,,,,,,,
2026-07-14T13:40:10.807500+00:00,spot_14,Spot 14,Empty,2026-07-14T13:25:36.239593+00:00,,,,,,,,
2026-07-14T13:40:10.807500+00:00,spot_15,Spot 15,Occupied,2026-07-14T13:33:55.110360+00:00,248,car,0.6745231747627258,930,32.66078186035156,310.86663818359375,80.16144561767578,328.66314697265625
2026-07-14T13:40:10.807500+00:00,spot_16,Spot 16,Occupied,2026-07-14T13:38:47.714113+00:00,244,truck,0.4310592710971832,1203,14.950538635253906,303.2474670410156,56.32929229736328,328.1914367675781
2026-07-14T13:40:10.807500+00:00,spot_17,Spot 17,Empty,2026-07-13T17:46:26.396031+00:00,,,,,,,,
2026-07-14T13:40:55.002668+00:00,spot_1,Spot 1,Occupied,2026-07-14T13:28:08.472682+00:00,235,car,0.8180818557739258,1596,571.24755859375,318.5075988769531,608.576904296875,360.3891296386719
2026-07-14T13:40:55.002668+00:00,spot_2,Spot 2,Occupied,2026-07-14T13:40:55.002668+00:00,249,car,0.800997257232666,916,507.4735107421875,317.2420349121094,556.4725341796875,365.9031066894531
2026-07-14T13:40:55.002668+00:00,spot_3,Spot 3,Empty,2026-07-14T01:48:31.431946+00:00,,,,,,,,
2026-07-14T13:40:55.002668+00:00,spot_4,Spot 4,Empty,2026-07-14T13:40:55.002668+00:00,,,,,,,,
2026-07-14T13:40:55.002668+00:00,spot_5,Spot 5,Empty,2026-07-14T12:20:51.937411+00:00,,,,,,,,
2026-07-14T13:40:55.002668+00:00,spot_6,Spot 6,Occupied,2026-07-14T13:40:55.002668+00:00,255,truck,0.48263370990753174,461,291.2862548828125,327.48162841796875,352.5030517578125,361.28350830078125
2026-07-14T13:40:55.002668+00:00,spot_7,Spot 7,Empty,2026-07-14T00:18:43.510894+00:00,,,,,,,,
2026-07-14T13:40:55.002668+00:00,spot_8,Spot 8,Empty,2026-07-14T12:59:36.932053+00:00,,,,,,,,
2026-07-14T13:40:55.002668+00:00,spot_9,Spot 9,Empty,2026-07-14T03:02:23.964997+00:00,,,,,,,,
2026-07-14T13:40:55.002668+00:00,spot_10,Spot 10,Occupied,2026-07-14T13:40:10.807500+00:00,236,car,0.5433211922645569,1596,121.27998352050781,318.44720458984375,183.4237518310547,346.24114990234375
2026-07-14T13:40:55.002668+00:00,spot_11,Spot 11,Empty,2026-07-14T13:20:07.064342+00:00,,,,,,,,
2026-07-14T13:40:55.002668+00:00,spot_12,Spot 12,Empty,2026-07-14T00:46:21.068768+00:00,,,,,,,,
2026-07-14T13:40:55.002668+00:00,spot_13,Spot 13,Empty,2026-07-14T13:25:36.239593+00:00,,,,,,,,
2026-07-14T13:40:55.002668+00:00,spot_14,Spot 14,Empty,2026-07-14T13:25:36.239593+00:00,,,,,,,,
2026-07-14T13:40:55.002668+00:00,spot_15,Spot 15,Occupied,2026-07-14T13:33:55.110360+00:00,248,car,0.6163814663887024,974,35.844268798828125,310.8585205078125,79.55400085449219,329.1702880859375
2026-07-14T13:40:55.002668+00:00,spot_16,Spot 16,Occupied,2026-07-14T13:38:47.714113+00:00,244,truck,0.5946986079216003,1247,14.191009521484375,303.4737548828125,54.710289001464844,328.8265380859375
2026-07-14T13:40:55.002668+00:00,spot_17,Spot 17,Empty,2026-07-13T17:46:26.396031+00:00,,,,,,,,
2026-07-14T13:41:44.875707+00:00,spot_1,Spot 1,Occupied,2026-07-14T13:28:08.472682+00:00,235,car,0.8180818557739258,1646,571.24755859375,318.5075988769531,608.576904296875,360.3891296386719
2026-07-14T13:41:44.875707+00:00,spot_2,Spot 2,Occupied,2026-07-14T13:40:55.002668+00:00,249,car,0.800997257232666,966,507.4735107421875,317.2420349121094,556.4725341796875,365.9031066894531
2026-07-14T13:41:44.875707+00:00,spot_3,Spot 3,Empty,2026-07-14T01:48:31.431946+00:00,,,,,,,,
2026-07-14T13:41:44.875707+00:00,spot_4,Spot 4,Empty,2026-07-14T13:40:55.002668+00:00,,,,,,,,
2026-07-14T13:41:44.875707+00:00,spot_5,Spot 5,Empty,2026-07-14T12:20:51.937411+00:00,,,,,,,,
2026-07-14T13:41:44.875707+00:00,spot_6,Spot 6,Occupied,2026-07-14T13:40:55.002668+00:00,255,truck,0.48263370990753174,511,291.2862548828125,327.48162841796875,352.5030517578125,361.28350830078125
2026-07-14T13:41:44.875707+00:00,spot_7,Spot 7,Empty,2026-07-14T00:18:43.510894+00:00,,,,,,,,
2026-07-14T13:41:44.875707+00:00,spot_8,Spot 8,Empty,2026-07-14T12:59:36.932053+00:00,,,,,,,,
2026-07-14T13:41:44.875707+00:00,spot_9,Spot 9,Empty,2026-07-14T03:02:23.964997+00:00,,,,,,,,
2026-07-14T13:41:44.875707+00:00,spot_10,Spot 10,Occupied,2026-07-14T13:40:10.807500+00:00,236,car,0.5433211922645569,1646,121.27998352050781,318.44720458984375,183.4237518310547,346.24114990234375
2026-07-14T13:41:44.875707+00:00,spot_11,Spot 11,Empty,2026-07-14T13:20:07.064342+00:00,,,,,,,,
2026-07-14T13:41:44.875707+00:00,spot_12,Spot 12,Empty,2026-07-14T00:46:21.068768+00:00,,,,,,,,
2026-07-14T13:41:44.875707+00:00,spot_13,Spot 13,Empty,2026-07-14T13:25:36.239593+00:00,,,,,,,,
2026-07-14T13:41:44.875707+00:00,spot_14,Spot 14,Empty,2026-07-14T13:25:36.239593+00:00,,,,,,,,
2026-07-14T13:41:44.875707+00:00,spot_15,Spot 15,Occupied,2026-07-14T13:33:55.110360+00:00,248,car,0.6163814663887024,1024,35.844268798828125,310.8585205078125,79.55400085449219,329.1702880859375
2026-07-14T13:41:44.875707+00:00,spot_16,Spot 16,Occupied,2026-07-14T13:38:47.714113+00:00,244,truck,0.5946986079216003,1297,14.191009521484375,303.4737548828125,54.710289001464844,328.8265380859375
2026-07-14T13:41:44.875707+00:00,spot_17,Spot 17,Empty,2026-07-13T17:46:26.396031+00:00,,,,,,,,
2026-07-14T13:42:26.985017+00:00,spot_1,Spot 1,Occupied,2026-07-14T13:28:08.472682+00:00,235,car,0.7988986372947693,1687,571.2803344726562,317.47686767578125,608.4065551757812,361.131591796875
2026-07-14T13:42:26.985017+00:00,spot_2,Spot 2,Occupied,2026-07-14T13:40:55.002668+00:00,249,car,0.6159613132476807,1007,507.7740478515625,317.72918701171875,556.74853515625,366.26544189453125
2026-07-14T13:42:26.985017+00:00,spot_3,Spot 3,Empty,2026-07-14T01:48:31.431946+00:00,,,,,,,,
2026-07-14T13:42:26.985017+00:00,spot_4,Spot 4,Occupied,2026-07-14T13:42:26.985017+00:00,246,truck,0.6899312734603882,1065,376.94512939453125,324.198486328125,441.292724609375,370.703857421875
2026-07-14T13:42:26.985017+00:00,spot_5,Spot 5,Empty,2026-07-14T12:20:51.937411+00:00,,,,,,,,
2026-07-14T13:42:26.985017+00:00,spot_6,Spot 6,Occupied,2026-07-14T13:42:26.985017+00:00,243,car,0.41388124227523804,1338,291.98089599609375,327.2851867675781,352.62298583984375,361.8222351074219
2026-07-14T13:42:26.985017+00:00,spot_7,Spot 7,Empty,2026-07-14T00:18:43.510894+00:00,,,,,,,,
2026-07-14T13:42:26.985017+00:00,spot_8,Spot 8,Empty,2026-07-14T12:59:36.932053+00:00,,,,,,,,
2026-07-14T13:42:26.985017+00:00,spot_9,Spot 9,Empty,2026-07-14T03:02:23.964997+00:00,,,,,,,,
2026-07-14T13:42:26.985017+00:00,spot_10,Spot 10,Occupied,2026-07-14T13:42:26.985017+00:00,257,truck,0.4352855980396271,342,120.86181640625,318.1949462890625,183.64559936523438,346.7791748046875
2026-07-14T13:42:26.985017+00:00,spot_11,Spot 11,Empty,2026-07-14T13:20:07.064342+00:00,,,,,,,,
2026-07-14T13:42:26.985017+00:00,spot_12,Spot 12,Empty,2026-07-14T00:46:21.068768+00:00,,,,,,,,
2026-07-14T13:42:26.985017+00:00,spot_13,Spot 13,Empty,2026-07-14T13:25:36.239593+00:00,,,,,,,,
2026-07-14T13:42:26.985017+00:00,spot_14,Spot 14,Empty,2026-07-14T13:25:36.239593+00:00,,,,,,,,
2026-07-14T13:42:26.985017+00:00,spot_15,Spot 15,Occupied,2026-07-14T13:42:26.985017+00:00,260,truck,0.36562854051589966,0,31.38721466064453,310.610107421875,79.51986694335938,329.4571533203125
2026-07-14T13:42:26.985017+00:00,spot_16,Spot 16,Occupied,2026-07-14T13:38:47.714113+00:00,244,truck,0.3547447621822357,1338,15.203559875488281,303.281005859375,55.46504211425781,327.07659912109375
2026-07-14T13:42:26.985017+00:00,spot_17,Spot 17,Empty,2026-07-13T17:46:26.396031+00:00,,,,,,,,
2026-07-14T13:43:22.827409+00:00,spot_1,Spot 1,Occupied,2026-07-14T13:28:08.472682+00:00,235,car,0.8094722628593445,1746,571.446044921875,317.3487243652344,608.384521484375,360.1376037597656
2026-07-14T13:43:22.827409+00:00,spot_2,Spot 2,Occupied,2026-07-14T13:40:55.002668+00:00,249,car,0.6788831353187561,1067,508.0639953613281,317.3099365234375,556.504150390625,365.96124267578125
2026-07-14T13:43:22.827409+00:00,spot_3,Spot 3,Empty,2026-07-14T01:48:31.431946+00:00,,,,,,,,
2026-07-14T13:43:22.827409+00:00,spot_4,Spot 4,Occupied,2026-07-14T13:42:26.985017+00:00,246,truck,0.7503670454025269,1124,376.3295593261719,324.27392578125,441.9618835449219,370.8426513671875
2026-07-14T13:43:22.827409+00:00,spot_5,Spot 5,Empty,2026-07-14T12:20:51.937411+00:00,,,,,,,,
2026-07-14T13:43:22.827409+00:00,spot_6,Spot 6,Occupied,2026-07-14T13:42:26.985017+00:00,243,car,0.3979836702346802,1398,291.83056640625,330.6265869140625,335.3734130859375,360.828125
2026-07-14T13:43:22.827409+00:00,spot_7,Spot 7,Empty,2026-07-14T00:18:43.510894+00:00,,,,,,,,
2026-07-14T13:43:22.827409+00:00,spot_8,Spot 8,Empty,2026-07-14T12:59:36.932053+00:00,,,,,,,,
2026-07-14T13:43:22.827409+00:00,spot_9,Spot 9,Empty,2026-07-14T03:02:23.964997+00:00,,,,,,,,
2026-07-14T13:43:22.827409+00:00,spot_10,Spot 10,Occupied,2026-07-14T13:42:26.985017+00:00,257,truck,0.40997886657714844,401,122.56585693359375,318.59515380859375,183.33071899414062,345.44622802734375
2026-07-14T13:43:22.827409+00:00,spot_11,Spot 11,Empty,2026-07-14T13:20:07.064342+00:00,,,,,,,,
2026-07-14T13:43:22.827409+00:00,spot_12,Spot 12,Empty,2026-07-14T00:46:21.068768+00:00,,,,,,,,
2026-07-14T13:43:22.827409+00:00,spot_13,Spot 13,Empty,2026-07-14T13:25:36.239593+00:00,,,,,,,,
2026-07-14T13:43:22.827409+00:00,spot_14,Spot 14,Empty,2026-07-14T13:25:36.239593+00:00,,,,,,,,
2026-07-14T13:43:22.827409+00:00,spot_15,Spot 15,Occupied,2026-07-14T13:43:22.827409+00:00,248,car,0.7020110487937927,1124,35.40923309326172,310.7916564941406,79.67955780029297,329.0270080566406
2026-07-14T13:43:22.827409+00:00,spot_16,Spot 16,Occupied,2026-07-14T13:38:47.714113+00:00,244,truck,0.4661254584789276,1398,14.939924240112305,303.2904357910156,56.35762023925781,328.8201599121094
2026-07-14T13:43:22.827409+00:00,spot_17,Spot 17,Empty,2026-07-13T17:46:26.396031+00:00,,,,,,,,
2026-07-14T13:44:11.518503+00:00,spot_1,Spot 1,Occupied,2026-07-14T13:28:08.472682+00:00,235,car,0.8226649761199951,1793,571.4068603515625,318.5065002441406,608.3826904296875,361.9696350097656
2026-07-14T13:44:11.518503+00:00,spot_2,Spot 2,Occupied,2026-07-14T13:44:11.518503+00:00,261,truck,0.3730343282222748,0,508.02288818359375,317.80755615234375,555.9806518554688,365.94427490234375
2026-07-14T13:44:11.518503+00:00,spot_3,Spot 3,Empty,2026-07-14T01:48:31.431946+00:00,,,,,,,,
2026-07-14T13:44:11.518503+00:00,spot_4,Spot 4,Occupied,2026-07-14T13:42:26.985017+00:00,246,truck,0.7297793626785278,1171,376.1694030761719,325.57855224609375,442.0238342285156,370.18341064453125
2026-07-14T13:44:11.518503+00:00,spot_5,Spot 5,Empty,2026-07-14T12:20:51.937411+00:00,,,,,,,,
2026-07-14T13:44:11.518503+00:00,spot_6,Spot 6,Occupied,2026-07-14T13:44:11.518503+00:00,255,truck,0.4633837938308716,658,291.564208984375,327.36126708984375,352.752685546875,361.37835693359375
2026-07-14T13:44:11.518503+00:00,spot_7,Spot 7,Empty,2026-07-14T00:18:43.510894+00:00,,,,,,,,
2026-07-14T13:44:11.518503+00:00,spot_8,Spot 8,Empty,2026-07-14T12:59:36.932053+00:00,,,,,,,,
2026-07-14T13:44:11.518503+00:00,spot_9,Spot 9,Empty,2026-07-14T03:02:23.964997+00:00,,,,,,,,
2026-07-14T13:44:11.518503+00:00,spot_10,Spot 10,Occupied,2026-07-14T13:44:11.518503+00:00,236,car,0.46595555543899536,1793,127.79141235351562,318.1990051269531,183.05133056640625,345.6754455566406
2026-07-14T13:44:11.518503+00:00,spot_11,Spot 11,Empty,2026-07-14T13:20:07.064342+00:00,,,,,,,,
2026-07-14T13:44:11.518503+00:00,spot_12,Spot 12,Empty,2026-07-14T00:46:21.068768+00:00,,,,,,,,
2026-07-14T13:44:11.518503+00:00,spot_13,Spot 13,Empty,2026-07-14T13:25:36.239593+00:00,,,,,,,,
2026-07-14T13:44:11.518503+00:00,spot_14,Spot 14,Empty,2026-07-14T13:25:36.239593+00:00,,,,,,,,
2026-07-14T13:44:11.518503+00:00,spot_15,Spot 15,Occupied,2026-07-14T13:43:22.827409+00:00,248,car,0.621135413646698,1171,34.674415588378906,310.7425842285156,79.8940200805664,329.3441467285156
2026-07-14T13:44:11.518503+00:00,spot_16,Spot 16,Occupied,2026-07-14T13:38:47.714113+00:00,244,truck,0.5276461839675903,1444,15.13970947265625,303.37115478515625,55.512413024902344,328.86932373046875
2026-07-14T13:44:11.518503+00:00,spot_17,Spot 17,Empty,2026-07-13T17:46:26.396031+00:00,,,,,,,,
2026-07-14T13:44:55.665408+00:00,spot_1,Spot 1,Occupied,2026-07-14T13:28:08.472682+00:00,235,car,0.8226649761199951,1837,571.4068603515625,318.5065002441406,608.3826904296875,361.9696350097656
2026-07-14T13:44:55.665408+00:00,spot_2,Spot 2,Occupied,2026-07-14T13:44:11.518503+00:00,261,truck,0.3730343282222748,44,508.02288818359375,317.80755615234375,555.9806518554688,365.94427490234375
2026-07-14T13:44:55.665408+00:00,spot_3,Spot 3,Empty,2026-07-14T01:48:31.431946+00:00,,,,,,,,
2026-07-14T13:44:55.665408+00:00,spot_4,Spot 4,Occupied,2026-07-14T13:42:26.985017+00:00,246,truck,0.7297793626785278,1216,376.1694030761719,325.57855224609375,442.0238342285156,370.18341064453125
2026-07-14T13:44:55.665408+00:00,spot_5,Spot 5,Empty,2026-07-14T12:20:51.937411+00:00,,,,,,,,
2026-07-14T13:44:55.665408+00:00,spot_6,Spot 6,Occupied,2026-07-14T13:44:11.518503+00:00,255,truck,0.4633837938308716,702,291.564208984375,327.36126708984375,352.752685546875,361.37835693359375
2026-07-14T13:44:55.665408+00:00,spot_7,Spot 7,Empty,2026-07-14T00:18:43.510894+00:00,,,,,,,,
2026-07-14T13:44:55.665408+00:00,spot_8,Spot 8,Empty,2026-07-14T12:59:36.932053+00:00,,,,,,,,
2026-07-14T13:44:55.665408+00:00,spot_9,Spot 9,Empty,2026-07-14T03:02:23.964997+00:00,,,,,,,,
2026-07-14T13:44:55.665408+00:00,spot_10,Spot 10,Occupied,2026-07-14T13:44:11.518503+00:00,236,car,0.46595555543899536,1837,127.79141235351562,318.1990051269531,183.05133056640625,345.6754455566406
2026-07-14T13:44:55.665408+00:00,spot_11,Spot 11,Empty,2026-07-14T13:20:07.064342+00:00,,,,,,,,
2026-07-14T13:44:55.665408+00:00,spot_12,Spot 12,Empty,2026-07-14T00:46:21.068768+00:00,,,,,,,,
2026-07-14T13:44:55.665408+00:00,spot_13,Spot 13,Empty,2026-07-14T13:25:36.239593+00:00,,,,,,,,
2026-07-14T13:44:55.665408+00:00,spot_14,Spot 14,Empty,2026-07-14T13:25:36.239593+00:00,,,,,,,,
2026-07-14T13:44:55.665408+00:00,spot_15,Spot 15,Occupied,2026-07-14T13:43:22.827409+00:00,248,car,0.621135413646698,1216,34.674415588378906,310.7425842285156,79.8940200805664,329.3441467285156
2026-07-14T13:44:55.665408+00:00,spot_16,Spot 16,Occupied,2026-07-14T13:38:47.714113+00:00,244,truck,0.5276461839675903,1489,15.13970947265625,303.37115478515625,55.512413024902344,328.86932373046875
2026-07-14T13:44:55.665408+00:00,spot_17,Spot 17,Empty,2026-07-13T17:46:26.396031+00:00,,,,,,,,
2026-07-14T13:45:45.896100+00:00,spot_1,Spot 1,Occupied,2026-07-14T13:28:08.472682+00:00,235,car,0.7979602217674255,1889,571.363525390625,317.358642578125,608.397705078125,361.1192626953125
2026-07-14T13:45:45.896100+00:00,spot_2,Spot 2,Occupied,2026-07-14T13:45:45.896100+00:00,249,car,0.6527584791183472,1209,507.63958740234375,317.6961669921875,556.2839965820312,366.0804443359375
2026-07-14T13:45:45.896100+00:00,spot_3,Spot 3,Empty,2026-07-14T01:48:31.431946+00:00,,,,,,,,
2026-07-14T13:45:45.896100+00:00,spot_4,Spot 4,Occupied,2026-07-14T13:42:26.985017+00:00,246,truck,0.7999106049537659,1267,376.2734375,323.1282043457031,441.89251708984375,370.2562561035156
2026-07-14T13:45:45.896100+00:00,spot_5,Spot 5,Empty,2026-07-14T12:20:51.937411+00:00,,,,,,,,
2026-07-14T13:45:45.896100+00:00,spot_6,Spot 6,Occupied,2026-07-14T13:44:11.518503+00:00,255,truck,0.46776482462882996,754,291.3792724609375,327.09417724609375,352.6534423828125,361.66961669921875
2026-07-14T13:45:45.896100+00:00,spot_7,Spot 7,Empty,2026-07-14T00:18:43.510894+00:00,,,,,,,,
2026-07-14T13:45:45.896100+00:00,spot_8,Spot 8,Empty,2026-07-14T12:59:36.932053+00:00,,,,,,,,
2026-07-14T13:45:45.896100+00:00,spot_9,Spot 9,Empty,2026-07-14T03:02:23.964997+00:00,,,,,,,,
2026-07-14T13:45:45.896100+00:00,spot_10,Spot 10,Occupied,2026-07-14T13:45:45.896100+00:00,257,truck,0.5570618510246277,544,121.37568664550781,318.4049377441406,183.16664123535156,346.1907653808594
2026-07-14T13:45:45.896100+00:00,spot_11,Spot 11,Empty,2026-07-14T13:20:07.064342+00:00,,,,,,,,
2026-07-14T13:45:45.896100+00:00,spot_12,Spot 12,Empty,2026-07-14T00:46:21.068768+00:00,,,,,,,,
2026-07-14T13:45:45.896100+00:00,spot_13,Spot 13,Empty,2026-07-14T13:25:36.239593+00:00,,,,,,,,
2026-07-14T13:45:45.896100+00:00,spot_14,Spot 14,Empty,2026-07-14T13:25:36.239593+00:00,,,,,,,,
2026-07-14T13:45:45.896100+00:00,spot_15,Spot 15,Occupied,2026-07-14T13:43:22.827409+00:00,248,car,0.3931770324707031,1267,34.93731689453125,310.7105712890625,79.90548706054688,330.4390869140625
2026-07-14T13:45:45.896100+00:00,spot_16,Spot 16,Occupied,2026-07-14T13:38:47.714113+00:00,244,truck,0.4943027198314667,1540,14.231880187988281,303.4751892089844,55.04515075683594,328.8714904785156
2026-07-14T13:45:45.896100+00:00,spot_17,Spot 17,Empty,2026-07-13T17:46:26.396031+00:00,,,,,,,,
2026-07-14T13:46:38.923274+00:00,spot_1,Spot 1,Occupied,2026-07-14T13:28:08.472682+00:00,235,car,0.7683404684066772,1942,571.3759765625,317.7992248535156,608.250732421875,361.3417663574219
2026-07-14T13:46:38.923274+00:00,spot_2,Spot 2,Occupied,2026-07-14T13:45:45.896100+00:00,249,car,0.400220662355423,1262,507.94036865234375,317.5868225097656,556.3876342773438,366.0100402832031
2026-07-14T13:46:38.923274+00:00,spot_3,Spot 3,Empty,2026-07-14T01:48:31.431946+00:00,,,,,,,,
2026-07-14T13:46:38.923274+00:00,spot_4,Spot 4,Occupied,2026-07-14T13:46:38.923274+00:00,263,car,0.5475753545761108,0,376.7243957519531,333.84466552734375,417.8992004394531,369.78533935546875
2026-07-14T13:46:38.923274+00:00,spot_5,Spot 5,Empty,2026-07-14T12:20:51.937411+00:00,,,,,,,,
2026-07-14T13:46:38.923274+00:00,spot_6,Spot 6,Occupied,2026-07-14T13:46:38.923274+00:00,262,car,0.6746699213981628,0,291.79559326171875,327.1778564453125,352.43438720703125,361.15777587890625
2026-07-14T13:46:38.923274+00:00,spot_7,Spot 7,Empty,2026-07-14T00:18:43.510894+00:00,,,,,,,,
2026-07-14T13:46:38.923274+00:00,spot_8,Spot 8,Empty,2026-07-14T12:59:36.932053+00:00,,,,,,,,
2026-07-14T13:46:38.923274+00:00,spot_9,Spot 9,Empty,2026-07-14T03:02:23.964997+00:00,,,,,,,,
2026-07-14T13:46:38.923274+00:00,spot_10,Spot 10,Occupied,2026-07-14T13:45:45.896100+00:00,257,truck,0.4534468948841095,597,121.16326141357422,318.39501953125,183.252685546875,346.4586181640625
2026-07-14T13:46:38.923274+00:00,spot_11,Spot 11,Empty,2026-07-14T13:20:07.064342+00:00,,,,,,,,
2026-07-14T13:46:38.923274+00:00,spot_12,Spot 12,Empty,2026-07-14T00:46:21.068768+00:00,,,,,,,,
2026-07-14T13:46:38.923274+00:00,spot_13,Spot 13,Empty,2026-07-14T13:25:36.239593+00:00,,,,,,,,
2026-07-14T13:46:38.923274+00:00,spot_14,Spot 14,Empty,2026-07-14T13:25:36.239593+00:00,,,,,,,,
2026-07-14T13:46:38.923274+00:00,spot_15,Spot 15,Occupied,2026-07-14T13:43:22.827409+00:00,248,car,0.6873865723609924,1320,33.57129669189453,310.9923095703125,79.86143493652344,329.4906005859375
2026-07-14T13:46:38.923274+00:00,spot_16,Spot 16,Occupied,2026-07-14T13:38:47.714113+00:00,244,truck,0.5946744680404663,1593,14.955184936523438,303.2529296875,48.52056121826172,328.90216064453125
2026-07-14T13:46:38.923274+00:00,spot_17,Spot 17,Empty,2026-07-13T17:46:26.396031+00:00,,,,,,,,
2026-07-14T13:47:30.363462+00:00,spot_1,Spot 1,Occupied,2026-07-14T13:28:08.472682+00:00,235,car,0.8140585422515869,1991,571.240478515625,318.3476867675781,608.244140625,361.5413513183594
2026-07-14T13:47:30.363462+00:00,spot_2,Spot 2,Occupied,2026-07-14T13:45:45.896100+00:00,249,car,0.4159931242465973,1311,507.76300048828125,317.67236328125,556.0161743164062,365.93792724609375
2026-07-14T13:47:30.363462+00:00,spot_3,Spot 3,Empty,2026-07-14T01:48:31.431946+00:00,,,,,,,,
2026-07-14T13:47:30.363462+00:00,spot_4,Spot 4,Occupied,2026-07-14T13:47:30.363462+00:00,246,truck,0.8071067929267883,1369,376.7630615234375,323.6085205078125,441.7115478515625,369.6822509765625
2026-07-14T13:47:30.363462+00:00,spot_5,Spot 5,Empty,2026-07-14T12:20:51.937411+00:00,,,,,,,,
2026-07-14T13:47:30.363462+00:00,spot_6,Spot 6,Occupied,2026-07-14T13:46:38.923274+00:00,262,car,0.6388218402862549,48,291.7532958984375,327.7867431640625,352.530517578125,361.2421875
2026-07-14T13:47:30.363462+00:00,spot_7,Spot 7,Empty,2026-07-14T00:18:43.510894+00:00,,,,,,,,
2026-07-14T13:47:30.363462+00:00,spot_8,Spot 8,Empty,2026-07-14T12:59:36.932053+00:00,,,,,,,,
2026-07-14T13:47:30.363462+00:00,spot_9,Spot 9,Empty,2026-07-14T03:02:23.964997+00:00,,,,,,,,
2026-07-14T13:47:30.363462+00:00,spot_10,Spot 10,Occupied,2026-07-14T13:45:45.896100+00:00,257,truck,0.42765602469444275,646,120.555419921875,318.2264404296875,183.75497436523438,346.033447265625
2026-07-14T13:47:30.363462+00:00,spot_11,Spot 11,Empty,2026-07-14T13:20:07.064342+00:00,,,,,,,,
2026-07-14T13:47:30.363462+00:00,spot_12,Spot 12,Empty,2026-07-14T00:46:21.068768+00:00,,,,,,,,
2026-07-14T13:47:30.363462+00:00,spot_13,Spot 13,Empty,2026-07-14T13:25:36.239593+00:00,,,,,,,,
2026-07-14T13:47:30.363462+00:00,spot_14,Spot 14,Empty,2026-07-14T13:25:36.239593+00:00,,,,,,,,
2026-07-14T13:47:30.363462+00:00,spot_15,Spot 15,Occupied,2026-07-14T13:43:22.827409+00:00,248,car,0.7214584946632385,1369,32.865196228027344,310.9123840332031,79.79949188232422,329.2834167480469
2026-07-14T13:47:30.363462+00:00,spot_16,Spot 16,Occupied,2026-07-14T13:38:47.714113+00:00,244,truck,0.41606080532073975,1642,14.940921783447266,303.390869140625,52.206050872802734,327.94793701171875
2026-07-14T13:47:30.363462+00:00,spot_17,Spot 17,Empty,2026-07-13T17:46:26.396031+00:00,,,,,,,,
2026-07-14T13:48:12.188047+00:00,spot_1,Spot 1,Occupied,2026-07-14T13:28:08.472682+00:00,235,car,0.8532384037971497,2033,571.3421630859375,318.77618408203125,608.2315673828125,361.48321533203125
2026-07-14T13:48:12.188047+00:00,spot_2,Spot 2,Occupied,2026-07-14T13:48:12.188047+00:00,261,truck,0.5768166780471802,239,507.935302734375,317.3885803222656,556.5765380859375,365.8429260253906
2026-07-14T13:48:12.188047+00:00,spot_3,Spot 3,Empty,2026-07-14T01:48:31.431946+00:00,,,,,,,,
2026-07-14T13:48:12.188047+00:00,spot_4,Spot 4,Occupied,2026-07-14T13:47:30.363462+00:00,246,truck,0.7834291458129883,1411,376.869873046875,323.40081787109375,441.72491455078125,370.09661865234375
2026-07-14T13:48:12.188047+00:00,spot_5,Spot 5,Empty,2026-07-14T12:20:51.937411+00:00,,,,,,,,
2026-07-14T13:48:12.188047+00:00,spot_6,Spot 6,Occupied,2026-07-14T13:46:38.923274+00:00,262,car,0.5303754210472107,91,291.77630615234375,327.0807189941406,352.90765380859375,361.2241516113281
2026-07-14T13:48:12.188047+00:00,spot_7,Spot 7,Empty,2026-07-14T00:18:43.510894+00:00,,,,,,,,
2026-07-14T13:48:12.188047+00:00,spot_8,Spot 8,Empty,2026-07-14T12:59:36.932053+00:00,,,,,,,,
2026-07-14T13:48:12.188047+00:00,spot_9,Spot 9,Empty,2026-07-14T03:02:23.964997+00:00,,,,,,,,
2026-07-14T13:48:12.188047+00:00,spot_10,Spot 10,Occupied,2026-07-14T13:45:45.896100+00:00,257,truck,0.4417482614517212,688,121.62667083740234,318.1985168457031,183.42501831054688,345.9582824707031
2026-07-14T13:48:12.188047+00:00,spot_11,Spot 11,Empty,2026-07-14T13:20:07.064342+00:00,,,,,,,,
2026-07-14T13:48:12.188047+00:00,spot_12,Spot 12,Empty,2026-07-14T00:46:21.068768+00:00,,,,,,,,
2026-07-14T13:48:12.188047+00:00,spot_13,Spot 13,Empty,2026-07-14T13:25:36.239593+00:00,,,,,,,,
2026-07-14T13:48:12.188047+00:00,spot_14,Spot 14,Empty,2026-07-14T13:25:36.239593+00:00,,,,,,,,
2026-07-14T13:48:12.188047+00:00,spot_15,Spot 15,Occupied,2026-07-14T13:43:22.827409+00:00,248,car,0.5226159691810608,1411,35.525718688964844,310.66217041015625,79.51609802246094,329.54547119140625
2026-07-14T13:48:12.188047+00:00,spot_16,Spot 16,Occupied,2026-07-14T13:38:47.714113+00:00,244,truck,0.5393220782279968,1684,15.13332748413086,303.08709716796875,48.82129669189453,328.88818359375
2026-07-14T13:48:12.188047+00:00,spot_17,Spot 17,Empty,2026-07-13T17:46:26.396031+00:00,,,,,,,,
2026-07-14T13:48:54.843409+00:00,spot_1,Spot 1,Occupied,2026-07-14T13:28:08.472682+00:00,235,car,0.8532384037971497,2076,571.3421630859375,318.77618408203125,608.2315673828125,361.48321533203125
2026-07-14T13:48:54.843409+00:00,spot_2,Spot 2,Occupied,2026-07-14T13:48:12.188047+00:00,261,truck,0.5768166780471802,282,507.935302734375,317.3885803222656,556.5765380859375,365.8429260253906
2026-07-14T13:48:54.843409+00:00,spot_3,Spot 3,Empty,2026-07-14T01:48:31.431946+00:00,,,,,,,,
2026-07-14T13:48:54.843409+00:00,spot_4,Spot 4,Occupied,2026-07-14T13:47:30.363462+00:00,246,truck,0.7834291458129883,1454,376.869873046875,323.40081787109375,441.72491455078125,370.09661865234375
2026-07-14T13:48:54.843409+00:00,spot_5,Spot 5,Empty,2026-07-14T12:20:51.937411+00:00,,,,,,,,
2026-07-14T13:48:54.843409+00:00,spot_6,Spot 6,Occupied,2026-07-14T13:46:38.923274+00:00,262,car,0.5303754210472107,133,291.77630615234375,327.0807189941406,352.90765380859375,361.2241516113281
2026-07-14T13:48:54.843409+00:00,spot_7,Spot 7,Empty,2026-07-14T00:18:43.510894+00:00,,,,,,,,
2026-07-14T13:48:54.843409+00:00,spot_8,Spot 8,Empty,2026-07-14T12:59:36.932053+00:00,,,,,,,,
2026-07-14T13:48:54.843409+00:00,spot_9,Spot 9,Empty,2026-07-14T03:02:23.964997+00:00,,,,,,,,
2026-07-14T13:48:54.843409+00:00,spot_10,Spot 10,Occupied,2026-07-14T13:45:45.896100+00:00,257,truck,0.4417482614517212,731,121.62667083740234,318.1985168457031,183.42501831054688,345.9582824707031
2026-07-14T13:48:54.843409+00:00,spot_11,Spot 11,Empty,2026-07-14T13:20:07.064342+00:00,,,,,,,,
2026-07-14T13:48:54.843409+00:00,spot_12,Spot 12,Empty,2026-07-14T00:46:21.068768+00:00,,,,,,,,
2026-07-14T13:48:54.843409+00:00,spot_13,Spot 13,Empty,2026-07-14T13:25:36.239593+00:00,,,,,,,,
2026-07-14T13:48:54.843409+00:00,spot_14,Spot 14,Empty,2026-07-14T13:25:36.239593+00:00,,,,,,,,
2026-07-14T13:48:54.843409+00:00,spot_15,Spot 15,Occupied,2026-07-14T13:43:22.827409+00:00,248,car,0.5226159691810608,1454,35.525718688964844,310.66217041015625,79.51609802246094,329.54547119140625
2026-07-14T13:48:54.843409+00:00,spot_16,Spot 16,Occupied,2026-07-14T13:38:47.714113+00:00,244,truck,0.5393220782279968,1727,15.13332748413086,303.08709716796875,48.82129669189453,328.88818359375
2026-07-14T13:48:54.843409+00:00,spot_17,Spot 17,Empty,2026-07-13T17:46:26.396031+00:00,,,,,,,,
2026-07-14T13:49:46.301317+00:00,spot_1,Spot 1,Occupied,2026-07-14T13:28:08.472682+00:00,235,car,0.6967387199401855,2126,571.4033203125,318.41265869140625,608.440673828125,362.2193603515625
2026-07-14T13:49:46.301317+00:00,spot_2,Spot 2,Occupied,2026-07-14T13:48:12.188047+00:00,261,truck,0.7873320579528809,333,507.9305114746094,317.21441650390625,556.3406982421875,365.92926025390625
2026-07-14T13:49:46.301317+00:00,spot_3,Spot 3,Empty,2026-07-14T01:48:31.431946+00:00,,,,,,,,
2026-07-14T13:49:46.301317+00:00,spot_4,Spot 4,Occupied,2026-07-14T13:47:30.363462+00:00,246,truck,0.48933377861976624,1504,376.83355712890625,324.46881103515625,441.65460205078125,370.57708740234375
2026-07-14T13:49:46.301317+00:00,spot_5,Spot 5,Empty,2026-07-14T12:20:51.937411+00:00,,,,,,,,
2026-07-14T13:49:46.301317+00:00,spot_6,Spot 6,Occupied,2026-07-14T13:46:38.923274+00:00,262,car,0.6593743562698364,184,291.8057861328125,327.35675048828125,352.62530517578125,361.37335205078125
2026-07-14T13:49:46.301317+00:00,spot_7,Spot 7,Empty,2026-07-14T00:18:43.510894+00:00,,,,,,,,
2026-07-14T13:49:46.301317+00:00,spot_8,Spot 8,Empty,2026-07-14T12:59:36.932053+00:00,,,,,,,,
2026-07-14T13:49:46.301317+00:00,spot_9,Spot 9,Empty,2026-07-14T03:02:23.964997+00:00,,,,,,,,
2026-07-14T13:49:46.301317+00:00,spot_10,Spot 10,Occupied,2026-07-14T13:45:45.896100+00:00,257,truck,0.3845999538898468,781,120.8527603149414,318.19049072265625,184.09176635742188,346.20050048828125
2026-07-14T13:49:46.301317+00:00,spot_11,Spot 11,Empty,2026-07-14T13:20:07.064342+00:00,,,,,,,,
2026-07-14T13:49:46.301317+00:00,spot_12,Spot 12,Empty,2026-07-14T00:46:21.068768+00:00,,,,,,,,
2026-07-14T13:49:46.301317+00:00,spot_13,Spot 13,Empty,2026-07-14T13:25:36.239593+00:00,,,,,,,,
2026-07-14T13:49:46.301317+00:00,spot_14,Spot 14,Empty,2026-07-14T13:25:36.239593+00:00,,,,,,,,
2026-07-14T13:49:46.301317+00:00,spot_15,Spot 15,Occupied,2026-07-14T13:43:22.827409+00:00,248,car,0.6540994048118591,1504,35.00433349609375,310.91729736328125,79.55619812011719,330.35089111328125
2026-07-14T13:49:46.301317+00:00,spot_16,Spot 16,Occupied,2026-07-14T13:38:47.714113+00:00,244,truck,0.5247502326965332,1778,18.4583740234375,303.28399658203125,56.664329528808594,329.10211181640625
2026-07-14T13:49:46.301317+00:00,spot_17,Spot 17,Empty,2026-07-13T17:46:26.396031+00:00,,,,,,,,
2026-07-14T13:50:28.652868+00:00,spot_1,Spot 1,Occupied,2026-07-14T13:28:08.472682+00:00,235,car,0.7484720945358276,2169,571.7734985351562,321.0746765136719,608.2634887695312,361.7622375488281
2026-07-14T13:50:28.652868+00:00,spot_2,Spot 2,Occupied,2026-07-14T13:48:12.188047+00:00,261,truck,0.5143226385116577,376,507.6158142089844,318.09600830078125,555.6383056640625,367.17938232421875
2026-07-14T13:50:28.652868+00:00,spot_3,Spot 3,Empty,2026-07-14T01:48:31.431946+00:00,,,,,,,,
2026-07-14T13:50:28.652868+00:00,spot_4,Spot 4,Occupied,2026-07-14T13:47:30.363462+00:00,246,truck,0.6683481931686401,1548,376.61651611328125,324.24407958984375,442.17840576171875,370.58111572265625
2026-07-14T13:50:28.652868+00:00,spot_5,Spot 5,Empty,2026-07-14T12:20:51.937411+00:00,,,,,,,,
2026-07-14T13:50:28.652868+00:00,spot_6,Spot 6,Occupied,2026-07-14T13:50:28.652868+00:00,264,truck,0.44386687874794006,0,291.6477966308594,327.0633239746094,352.4449157714844,361.4367370605469
2026-07-14T13:50:28.652868+00:00,spot_7,Spot 7,Empty,2026-07-14T00:18:43.510894+00:00,,,,,,,,
2026-07-14T13:50:28.652868+00:00,spot_8,Spot 8,Empty,2026-07-14T12:59:36.932053+00:00,,,,,,,,
2026-07-14T13:50:28.652868+00:00,spot_9,Spot 9,Empty,2026-07-14T03:02:23.964997+00:00,,,,,,,,
2026-07-14T13:50:28.652868+00:00,spot_10,Spot 10,Empty,2026-07-14T13:50:28.652868+00:00,,,,,,,,
2026-07-14T13:50:28.652868+00:00,spot_11,Spot 11,Empty,2026-07-14T13:20:07.064342+00:00,,,,,,,,
2026-07-14T13:50:28.652868+00:00,spot_12,Spot 12,Empty,2026-07-14T00:46:21.068768+00:00,,,,,,,,
2026-07-14T13:50:28.652868+00:00,spot_13,Spot 13,Empty,2026-07-14T13:25:36.239593+00:00,,,,,,,,
2026-07-14T13:50:28.652868+00:00,spot_14,Spot 14,Empty,2026-07-14T13:25:36.239593+00:00,,,,,,,,
2026-07-14T13:50:28.652868+00:00,spot_15,Spot 15,Empty,2026-07-14T13:50:28.652868+00:00,,,,,,,,
2026-07-14T13:50:28.652868+00:00,spot_16,Spot 16,Occupied,2026-07-14T13:38:47.714113+00:00,244,truck,0.5516003966331482,1821,14.719501495361328,302.9821472167969,56.60251998901367,328.8374938964844
2026-07-14T13:50:28.652868+00:00,spot_17,Spot 17,Empty,2026-07-13T17:46:26.396031+00:00,,,,,,,,
2026-07-14T13:51:17.743958+00:00,spot_1,Spot 1,Occupied,2026-07-14T13:28:08.472682+00:00,235,car,0.8074333667755127,2218,571.447265625,317.412353515625,608.164306640625,362.4039306640625
2026-07-14T13:51:17.743958+00:00,spot_2,Spot 2,Occupied,2026-07-14T13:48:12.188047+00:00,261,truck,0.6332268714904785,425,507.5069885253906,317.96319580078125,556.1065673828125,366.3131103515625
2026-07-14T13:51:17.743958+00:00,spot_3,Spot 3,Empty,2026-07-14T01:48:31.431946+00:00,,,,,,,,
2026-07-14T13:51:17.743958+00:00,spot_4,Spot 4,Occupied,2026-07-14T13:47:30.363462+00:00,246,truck,0.35350972414016724,1597,379.16650390625,324.5767517089844,441.757080078125,369.5111999511719
2026-07-14T13:51:17.743958+00:00,spot_5,Spot 5,Empty,2026-07-14T12:20:51.937411+00:00,,,,,,,,
2026-07-14T13:51:17.743958+00:00,spot_6,Spot 6,Occupied,2026-07-14T13:51:17.743958+00:00,262,car,0.5987303853034973,276,292.174560546875,326.705810546875,352.68975830078125,361.56146240234375
2026-07-14T13:51:17.743958+00:00,spot_7,Spot 7,Empty,2026-07-14T00:18:43.510894+00:00,,,,,,,,
2026-07-14T13:51:17.743958+00:00,spot_8,Spot 8,Empty,2026-07-14T12:59:36.932053+00:00,,,,,,,,
2026-07-14T13:51:17.743958+00:00,spot_9,Spot 9,Empty,2026-07-14T03:02:23.964997+00:00,,,,,,,,
2026-07-14T13:51:17.743958+00:00,spot_10,Spot 10,Occupied,2026-07-14T13:51:17.743958+00:00,257,truck,0.39610832929611206,874,129.50157165527344,318.463134765625,183.6665496826172,345.821533203125
2026-07-14T13:51:17.743958+00:00,spot_11,Spot 11,Empty,2026-07-14T13:20:07.064342+00:00,,,,,,,,
2026-07-14T13:51:17.743958+00:00,spot_12,Spot 12,Empty,2026-07-14T00:46:21.068768+00:00,,,,,,,,
2026-07-14T13:51:17.743958+00:00,spot_13,Spot 13,Empty,2026-07-14T13:25:36.239593+00:00,,,,,,,,
2026-07-14T13:51:17.743958+00:00,spot_14,Spot 14,Occupied,2026-07-14T13:51:17.743958+00:00,248,car,0.512519359588623,1597,53.201019287109375,308.4227294921875,96.66679382324219,333.7855224609375
2026-07-14T13:51:17.743958+00:00,spot_15,Spot 15,Empty,2026-07-14T13:50:28.652868+00:00,,,,,,,,
2026-07-14T13:51:17.743958+00:00,spot_16,Spot 16,Empty,2026-07-14T13:51:17.743958+00:00,,,,,,,,
2026-07-14T13:51:17.743958+00:00,spot_17,Spot 17,Empty,2026-07-13T17:46:26.396031+00:00,,,,,,,,
2026-07-14T13:52:02.835675+00:00,spot_1,Spot 1,Occupied,2026-07-14T13:28:08.472682+00:00,235,car,0.8074333667755127,2263,571.447265625,317.412353515625,608.164306640625,362.4039306640625
2026-07-14T13:52:02.835675+00:00,spot_2,Spot 2,Occupied,2026-07-14T13:48:12.188047+00:00,261,truck,0.6332268714904785,470,507.5069885253906,317.96319580078125,556.1065673828125,366.3131103515625
2026-07-14T13:52:02.835675+00:00,spot_3,Spot 3,Empty,2026-07-14T01:48:31.431946+00:00,,,,,,,,
2026-07-14T13:52:02.835675+00:00,spot_4,Spot 4,Occupied,2026-07-14T13:47:30.363462+00:00,246,truck,0.35350972414016724,1642,379.16650390625,324.5767517089844,441.757080078125,369.5111999511719
2026-07-14T13:52:02.835675+00:00,spot_5,Spot 5,Empty,2026-07-14T12:20:51.937411+00:00,,,,,,,,
2026-07-14T13:52:02.835675+00:00,spot_6,Spot 6,Occupied,2026-07-14T13:51:17.743958+00:00,262,car,0.5987303853034973,321,292.174560546875,326.705810546875,352.68975830078125,361.56146240234375
2026-07-14T13:52:02.835675+00:00,spot_7,Spot 7,Empty,2026-07-14T00:18:43.510894+00:00,,,,,,,,
2026-07-14T13:52:02.835675+00:00,spot_8,Spot 8,Empty,2026-07-14T12:59:36.932053+00:00,,,,,,,,
2026-07-14T13:52:02.835675+00:00,spot_9,Spot 9,Empty,2026-07-14T03:02:23.964997+00:00,,,,,,,,
2026-07-14T13:52:02.835675+00:00,spot_10,Spot 10,Occupied,2026-07-14T13:51:17.743958+00:00,257,truck,0.39610832929611206,919,129.50157165527344,318.463134765625,183.6665496826172,345.821533203125
2026-07-14T13:52:02.835675+00:00,spot_11,Spot 11,Empty,2026-07-14T13:20:07.064342+00:00,,,,,,,,
2026-07-14T13:52:02.835675+00:00,spot_12,Spot 12,Empty,2026-07-14T00:46:21.068768+00:00,,,,,,,,
2026-07-14T13:52:02.835675+00:00,spot_13,Spot 13,Empty,2026-07-14T13:25:36.239593+00:00,,,,,,,,
2026-07-14T13:52:02.835675+00:00,spot_14,Spot 14,Occupied,2026-07-14T13:51:17.743958+00:00,248,car,0.512519359588623,1642,53.201019287109375,308.4227294921875,96.66679382324219,333.7855224609375
2026-07-14T13:52:02.835675+00:00,spot_15,Spot 15,Empty,2026-07-14T13:50:28.652868+00:00,,,,,,,,
2026-07-14T13:52:02.835675+00:00,spot_16,Spot 16,Empty,2026-07-14T13:51:17.743958+00:00,,,,,,,,
2026-07-14T13:52:02.835675+00:00,spot_17,Spot 17,Empty,2026-07-13T17:46:26.396031+00:00,,,,,,,,
2026-07-14T13:52:46.940181+00:00,spot_1,Spot 1,Occupied,2026-07-14T13:28:08.472682+00:00,235,car,0.8252140879631042,2308,571.3290405273438,319.1658630371094,608.1781616210938,361.1501159667969
2026-07-14T13:52:46.940181+00:00,spot_2,Spot 2,Occupied,2026-07-14T13:48:12.188047+00:00,261,truck,0.4390057623386383,514,507.73187255859375,317.7291259765625,556.4373168945312,367.0457763671875
2026-07-14T13:52:46.940181+00:00,spot_3,Spot 3,Empty,2026-07-14T01:48:31.431946+00:00,,,,,,,,
2026-07-14T13:52:46.940181+00:00,spot_4,Spot 4,Occupied,2026-07-14T13:52:46.940181+00:00,266,car,0.37157386541366577,89,376.57623291015625,334.083251953125,417.91412353515625,369.871826171875
2026-07-14T13:52:46.940181+00:00,spot_5,Spot 5,Empty,2026-07-14T12:20:51.937411+00:00,,,,,,,,
2026-07-14T13:52:46.940181+00:00,spot_6,Spot 6,Occupied,2026-07-14T13:51:17.743958+00:00,262,car,0.44018983840942383,366,291.6939697265625,326.8802490234375,352.5281982421875,361.38116455078125
2026-07-14T13:52:46.940181+00:00,spot_7,Spot 7,Empty,2026-07-14T00:18:43.510894+00:00,,,,,,,,
2026-07-14T13:52:46.940181+00:00,spot_8,Spot 8,Empty,2026-07-14T12:59:36.932053+00:00,,,,,,,,
2026-07-14T13:52:46.940181+00:00,spot_9,Spot 9,Empty,2026-07-14T03:02:23.964997+00:00,,,,,,,,
2026-07-14T13:52:46.940181+00:00,spot_10,Spot 10,Occupied,2026-07-14T13:51:17.743958+00:00,257,truck,0.3921497166156769,963,121.67572021484375,318.6935729980469,184.51153564453125,345.7229919433594
2026-07-14T13:52:46.940181+00:00,spot_11,Spot 11,Empty,2026-07-14T13:20:07.064342+00:00,,,,,,,,
2026-07-14T13:52:46.940181+00:00,spot_12,Spot 12,Empty,2026-07-14T00:46:21.068768+00:00,,,,,,,,
2026-07-14T13:52:46.940181+00:00,spot_13,Spot 13,Empty,2026-07-14T13:25:36.239593+00:00,,,,,,,,
2026-07-14T13:52:46.940181+00:00,spot_14,Spot 14,Occupied,2026-07-14T13:51:17.743958+00:00,248,car,0.41257521510124207,1686,54.544281005859375,308.4786071777344,96.03424072265625,331.9038391113281
2026-07-14T13:52:46.940181+00:00,spot_15,Spot 15,Empty,2026-07-14T13:50:28.652868+00:00,,,,,,,,
2026-07-14T13:52:46.940181+00:00,spot_16,Spot 16,Occupied,2026-07-14T13:52:46.940181+00:00,244,truck,0.5091590285301208,1959,14.944534301757812,303.1134033203125,57.95637512207031,329.0980224609375
2026-07-14T13:52:46.940181+00:00,spot_17,Spot 17,Empty,2026-07-13T17:46:26.396031+00:00,,,,,,,,
2026-07-14T13:53:37.045443+00:00,spot_1,Spot 1,Occupied,2026-07-14T13:28:08.472682+00:00,235,car,0.7792769074440002,2357,571.50439453125,322.0985412597656,608.392333984375,362.1640319824219
2026-07-14T13:53:37.045443+00:00,spot_2,Spot 2,Occupied,2026-07-14T13:53:37.045443+00:00,267,car,0.375093549489975,49,507.50225830078125,318.07269287109375,555.5866088867188,367.11810302734375
2026-07-14T13:53:37.045443+00:00,spot_3,Spot 3,Empty,2026-07-14T01:48:31.431946+00:00,,,,,,,,
2026-07-14T13:53:37.045443+00:00,spot_4,Spot 4,Occupied,2026-07-14T13:52:46.940181+00:00,266,car,0.4485510587692261,138,376.66656494140625,327.14849853515625,425.73956298828125,370.96942138671875
2026-07-14T13:53:37.045443+00:00,spot_5,Spot 5,Empty,2026-07-14T12:20:51.937411+00:00,,,,,,,,
2026-07-14T13:53:37.045443+00:00,spot_6,Spot 6,Occupied,2026-07-14T13:51:17.743958+00:00,262,car,0.7229456901550293,415,291.78253173828125,326.77081298828125,352.42388916015625,362.01513671875
2026-07-14T13:53:37.045443+00:00,spot_7,Spot 7,Empty,2026-07-14T00:18:43.510894+00:00,,,,,,,,
2026-07-14T13:53:37.045443+00:00,spot_8,Spot 8,Empty,2026-07-14T12:59:36.932053+00:00,,,,,,,,
2026-07-14T13:53:37.045443+00:00,spot_9,Spot 9,Empty,2026-07-14T03:02:23.964997+00:00,,,,,,,,
2026-07-14T13:53:37.045443+00:00,spot_10,Spot 10,Occupied,2026-07-14T13:51:17.743958+00:00,257,truck,0.38989609479904175,1012,124.24794006347656,318.4456481933594,184.45384216308594,345.8860778808594
2026-07-14T13:53:37.045443+00:00,spot_11,Spot 11,Empty,2026-07-14T13:20:07.064342+00:00,,,,,,,,
2026-07-14T13:53:37.045443+00:00,spot_12,Spot 12,Empty,2026-07-14T00:46:21.068768+00:00,,,,,,,,
2026-07-14T13:53:37.045443+00:00,spot_13,Spot 13,Empty,2026-07-14T13:25:36.239593+00:00,,,,,,,,
2026-07-14T13:53:37.045443+00:00,spot_14,Spot 14,Occupied,2026-07-14T13:51:17.743958+00:00,248,car,0.563431441783905,1735,54.49607467651367,308.3353271484375,95.96546936035156,333.878173828125
2026-07-14T13:53:37.045443+00:00,spot_15,Spot 15,Empty,2026-07-14T13:50:28.652868+00:00,,,,,,,,
2026-07-14T13:53:37.045443+00:00,spot_16,Spot 16,Occupied,2026-07-14T13:52:46.940181+00:00,244,truck,0.592327892780304,2009,14.23917007446289,303.232177734375,58.174007415771484,329.28955078125
2026-07-14T13:53:37.045443+00:00,spot_17,Spot 17,Empty,2026-07-13T17:46:26.396031+00:00,,,,,,,,
2026-07-14T13:54:18.097818+00:00,spot_1,Spot 1,Occupied,2026-07-14T13:28:08.472682+00:00,235,car,0.7792769074440002,2399,571.50439453125,322.0985412597656,608.392333984375,362.1640319824219
2026-07-14T13:54:18.097818+00:00,spot_2,Spot 2,Occupied,2026-07-14T13:53:37.045443+00:00,267,car,0.375093549489975,90,507.50225830078125,318.07269287109375,555.5866088867188,367.11810302734375
2026-07-14T13:54:18.097818+00:00,spot_3,Spot 3,Empty,2026-07-14T01:48:31.431946+00:00,,,,,,,,
2026-07-14T13:54:18.097818+00:00,spot_4,Spot 4,Occupied,2026-07-14T13:52:46.940181+00:00,266,car,0.4485510587692261,180,376.66656494140625,327.14849853515625,425.73956298828125,370.96942138671875
2026-07-14T13:54:18.097818+00:00,spot_5,Spot 5,Empty,2026-07-14T12:20:51.937411+00:00,,,,,,,,
2026-07-14T13:54:18.097818+00:00,spot_6,Spot 6,Occupied,2026-07-14T13:51:17.743958+00:00,262,car,0.7229456901550293,456,291.78253173828125,326.77081298828125,352.42388916015625,362.01513671875
2026-07-14T13:54:18.097818+00:00,spot_7,Spot 7,Empty,2026-07-14T00:18:43.510894+00:00,,,,,,,,
2026-07-14T13:54:18.097818+00:00,spot_8,Spot 8,Empty,2026-07-14T12:59:36.932053+00:00,,,,,,,,
2026-07-14T13:54:18.097818+00:00,spot_9,Spot 9,Empty,2026-07-14T03:02:23.964997+00:00,,,,,,,,
2026-07-14T13:54:18.097818+00:00,spot_10,Spot 10,Occupied,2026-07-14T13:51:17.743958+00:00,257,truck,0.38989609479904175,1054,124.24794006347656,318.4456481933594,184.45384216308594,345.8860778808594
2026-07-14T13:54:18.097818+00:00,spot_11,Spot 11,Empty,2026-07-14T13:20:07.064342+00:00,,,,,,,,
2026-07-14T13:54:18.097818+00:00,spot_12,Spot 12,Empty,2026-07-14T00:46:21.068768+00:00,,,,,,,,
2026-07-14T13:54:18.097818+00:00,spot_13,Spot 13,Empty,2026-07-14T13:25:36.239593+00:00,,,,,,,,
2026-07-14T13:54:18.097818+00:00,spot_14,Spot 14,Occupied,2026-07-14T13:51:17.743958+00:00,248,car,0.563431441783905,1777,54.49607467651367,308.3353271484375,95.96546936035156,333.878173828125
2026-07-14T13:54:18.097818+00:00,spot_15,Spot 15,Empty,2026-07-14T13:50:28.652868+00:00,,,,,,,,
2026-07-14T13:54:18.097818+00:00,spot_16,Spot 16,Occupied,2026-07-14T13:52:46.940181+00:00,244,truck,0.592327892780304,2050,14.23917007446289,303.232177734375,58.174007415771484,329.28955078125
2026-07-14T13:54:18.097818+00:00,spot_17,Spot 17,Empty,2026-07-13T17:46:26.396031+00:00,,,,,,,,
2026-07-14T13:55:01.166205+00:00,spot_1,Spot 1,Occupied,2026-07-14T13:28:08.472682+00:00,235,car,0.8116636276245117,2442,571.4827880859375,318.03314208984375,608.18798828125,361.22503662109375
2026-07-14T13:55:01.166205+00:00,spot_2,Spot 2,Occupied,2026-07-14T13:55:01.166205+00:00,261,truck,0.6158522963523865,648,507.74267578125,317.8724670410156,556.1527099609375,366.3697814941406
2026-07-14T13:55:01.166205+00:00,spot_3,Spot 3,Empty,2026-07-14T01:48:31.431946+00:00,,,,,,,,
2026-07-14T13:55:01.166205+00:00,spot_4,Spot 4,Occupied,2026-07-14T13:55:01.166205+00:00,246,truck,0.3785988688468933,1820,376.18829345703125,324.46429443359375,441.61639404296875,370.71710205078125
2026-07-14T13:55:01.166205+00:00,spot_5,Spot 5,Empty,2026-07-14T12:20:51.937411+00:00,,,,,,,,
2026-07-14T13:55:01.166205+00:00,spot_6,Spot 6,Occupied,2026-07-14T13:51:17.743958+00:00,262,car,0.6343122124671936,500,291.4996032714844,327.2790222167969,352.6122131347656,361.3928527832031
2026-07-14T13:55:01.166205+00:00,spot_7,Spot 7,Empty,2026-07-14T00:18:43.510894+00:00,,,,,,,,
2026-07-14T13:55:01.166205+00:00,spot_8,Spot 8,Empty,2026-07-14T12:59:36.932053+00:00,,,,,,,,
2026-07-14T13:55:01.166205+00:00,spot_9,Spot 9,Empty,2026-07-14T03:02:23.964997+00:00,,,,,,,,
2026-07-14T13:55:01.166205+00:00,spot_10,Spot 10,Occupied,2026-07-14T13:55:01.166205+00:00,265,car,0.49452757835388184,223,130.57452392578125,318.5894775390625,183.78228759765625,345.9488525390625
2026-07-14T13:55:01.166205+00:00,spot_11,Spot 11,Empty,2026-07-14T13:20:07.064342+00:00,,,,,,,,
2026-07-14T13:55:01.166205+00:00,spot_12,Spot 12,Empty,2026-07-14T00:46:21.068768+00:00,,,,,,,,
2026-07-14T13:55:01.166205+00:00,spot_13,Spot 13,Empty,2026-07-14T13:25:36.239593+00:00,,,,,,,,
2026-07-14T13:55:01.166205+00:00,spot_14,Spot 14,Occupied,2026-07-14T13:51:17.743958+00:00,248,car,0.5371912121772766,1820,53.25422668457031,308.5018615722656,99.74249267578125,333.3898010253906
2026-07-14T13:55:01.166205+00:00,spot_15,Spot 15,Empty,2026-07-14T13:50:28.652868+00:00,,,,,,,,
2026-07-14T13:55:01.166205+00:00,spot_16,Spot 16,Occupied,2026-07-14T13:52:46.940181+00:00,244,truck,0.5576415657997131,2093,15.06583023071289,303.1017150878906,57.281307220458984,329.0616760253906
2026-07-14T13:55:01.166205+00:00,spot_17,Spot 17,Empty,2026-07-13T17:46:26.396031+00:00,,,,,,,,
2026-07-14T13:55:42.479142+00:00,spot_1,Spot 1,Occupied,2026-07-14T13:28:08.472682+00:00,235,car,0.7737613916397095,2483,571.448486328125,318.2613525390625,608.2769775390625,361.8858642578125
2026-07-14T13:55:42.479142+00:00,spot_2,Spot 2,Occupied,2026-07-14T13:55:01.166205+00:00,261,truck,0.5909680128097534,690,508.1247253417969,318.0222473144531,556.003173828125,365.7866516113281
2026-07-14T13:55:42.479142+00:00,spot_3,Spot 3,Empty,2026-07-14T01:48:31.431946+00:00,,,,,,,,
2026-07-14T13:55:42.479142+00:00,spot_4,Spot 4,Occupied,2026-07-14T13:55:42.479142+00:00,269,car,0.41132721304893494,0,398.2991638183594,324.22479248046875,441.6590881347656,354.40948486328125
2026-07-14T13:55:42.479142+00:00,spot_5,Spot 5,Empty,2026-07-14T12:20:51.937411+00:00,,,,,,,,
2026-07-14T13:55:42.479142+00:00,spot_6,Spot 6,Occupied,2026-07-14T13:51:17.743958+00:00,262,car,0.706824004650116,541,291.57818603515625,327.43621826171875,352.45318603515625,361.56939697265625
2026-07-14T13:55:42.479142+00:00,spot_7,Spot 7,Empty,2026-07-14T00:18:43.510894+00:00,,,,,,,,
2026-07-14T13:55:42.479142+00:00,spot_8,Spot 8,Empty,2026-07-14T12:59:36.932053+00:00,,,,,,,,
2026-07-14T13:55:42.479142+00:00,spot_9,Spot 9,Empty,2026-07-14T03:02:23.964997+00:00,,,,,,,,
2026-07-14T13:55:42.479142+00:00,spot_10,Spot 10,Occupied,2026-07-14T13:55:42.479142+00:00,257,truck,0.3564532399177551,1139,126.48165893554688,318.63507080078125,183.44915771484375,346.36199951171875
2026-07-14T13:55:42.479142+00:00,spot_11,Spot 11,Empty,2026-07-14T13:20:07.064342+00:00,,,,,,,,
2026-07-14T13:55:42.479142+00:00,spot_12,Spot 12,Empty,2026-07-14T00:46:21.068768+00:00,,,,,,,,
2026-07-14T13:55:42.479142+00:00,spot_13,Spot 13,Empty,2026-07-14T13:25:36.239593+00:00,,,,,,,,
2026-07-14T13:55:42.479142+00:00,spot_14,Spot 14,Empty,2026-07-14T13:55:42.479142+00:00,,,,,,,,
2026-07-14T13:55:42.479142+00:00,spot_15,Spot 15,Empty,2026-07-14T13:50:28.652868+00:00,,,,,,,,
2026-07-14T13:55:42.479142+00:00,spot_16,Spot 16,Occupied,2026-07-14T13:52:46.940181+00:00,244,truck,0.6301096081733704,2135,14.750114440917969,303.2825927734375,54.906898498535156,328.60009765625
2026-07-14T13:55:42.479142+00:00,spot_17,Spot 17,Empty,2026-07-13T17:46:26.396031+00:00,,,,,,,,
2026-07-14T13:56:24.782132+00:00,spot_1,Spot 1,Occupied,2026-07-14T13:28:08.472682+00:00,235,car,0.7737613916397095,2524,571.448486328125,318.2613525390625,608.2769775390625,361.8858642578125
2026-07-14T13:56:24.782132+00:00,spot_2,Spot 2,Occupied,2026-07-14T13:55:01.166205+00:00,261,truck,0.5909680128097534,731,508.1247253417969,318.0222473144531,556.003173828125,365.7866516113281
2026-07-14T13:56:24.782132+00:00,spot_3,Spot 3,Empty,2026-07-14T01:48:31.431946+00:00,,,,,,,,
2026-07-14T13:56:24.782132+00:00,spot_4,Spot 4,Occupied,2026-07-14T13:55:42.479142+00:00,269,car,0.41132721304893494,40,398.2991638183594,324.22479248046875,441.6590881347656,354.40948486328125
2026-07-14T13:56:24.782132+00:00,spot_5,Spot 5,Empty,2026-07-14T12:20:51.937411+00:00,,,,,,,,
2026-07-14T13:56:24.782132+00:00,spot_6,Spot 6,Occupied,2026-07-14T13:51:17.743958+00:00,262,car,0.706824004650116,582,291.57818603515625,327.43621826171875,352.45318603515625,361.56939697265625
2026-07-14T13:56:24.782132+00:00,spot_7,Spot 7,Empty,2026-07-14T00:18:43.510894+00:00,,,,,,,,
2026-07-14T13:56:24.782132+00:00,spot_8,Spot 8,Empty,2026-07-14T12:59:36.932053+00:00,,,,,,,,
2026-07-14T13:56:24.782132+00:00,spot_9,Spot 9,Empty,2026-07-14T03:02:23.964997+00:00,,,,,,,,
2026-07-14T13:56:24.782132+00:00,spot_10,Spot 10,Occupied,2026-07-14T13:55:42.479142+00:00,257,truck,0.3564532399177551,1179,126.48165893554688,318.63507080078125,183.44915771484375,346.36199951171875
2026-07-14T13:56:24.782132+00:00,spot_11,Spot 11,Empty,2026-07-14T13:20:07.064342+00:00,,,,,,,,
2026-07-14T13:56:24.782132+00:00,spot_12,Spot 12,Empty,2026-07-14T00:46:21.068768+00:00,,,,,,,,
2026-07-14T13:56:24.782132+00:00,spot_13,Spot 13,Empty,2026-07-14T13:25:36.239593+00:00,,,,,,,,
2026-07-14T13:56:24.782132+00:00,spot_14,Spot 14,Empty,2026-07-14T13:55:42.479142+00:00,,,,,,,,
2026-07-14T13:56:24.782132+00:00,spot_15,Spot 15,Empty,2026-07-14T13:50:28.652868+00:00,,,,,,,,
2026-07-14T13:56:24.782132+00:00,spot_16,Spot 16,Occupied,2026-07-14T13:52:46.940181+00:00,244,truck,0.6301096081733704,2176,14.750114440917969,303.2825927734375,54.906898498535156,328.60009765625
2026-07-14T13:56:24.782132+00:00,spot_17,Spot 17,Empty,2026-07-13T17:46:26.396031+00:00,,,,,,,,
2026-07-14T13:57:06.289297+00:00,spot_1,Spot 1,Occupied,2026-07-14T13:28:08.472682+00:00,235,car,0.8458017110824585,2568,571.465576171875,324.3279724121094,608.274169921875,361.7334899902344
2026-07-14T13:57:06.289297+00:00,spot_2,Spot 2,Occupied,2026-07-14T13:57:06.289297+00:00,267,car,0.6421836018562317,259,507.43707275390625,318.4768371582031,556.4325561523438,367.1946105957031
2026-07-14T13:57:06.289297+00:00,spot_3,Spot 3,Empty,2026-07-14T01:48:31.431946+00:00,,,,,,,,
2026-07-14T13:57:06.289297+00:00,spot_4,Spot 4,Occupied,2026-07-14T13:57:06.289297+00:00,246,truck,0.605150043964386,1946,376.436279296875,323.6703796386719,441.61456298828125,371.8938903808594
2026-07-14T13:57:06.289297+00:00,spot_5,Spot 5,Empty,2026-07-14T12:20:51.937411+00:00,,,,,,,,
2026-07-14T13:57:06.289297+00:00,spot_6,Spot 6,Occupied,2026-07-14T13:51:17.743958+00:00,262,car,0.6498822569847107,626,291.64556884765625,327.3768005371094,352.49737548828125,361.7102966308594
2026-07-14T13:57:06.289297+00:00,spot_7,Spot 7,Empty,2026-07-14T00:18:43.510894+00:00,,,,,,,,
2026-07-14T13:57:06.289297+00:00,spot_8,Spot 8,Empty,2026-07-14T12:59:36.932053+00:00,,,,,,,,
2026-07-14T13:57:06.289297+00:00,spot_9,Spot 9,Empty,2026-07-14T03:02:23.964997+00:00,,,,,,,,
2026-07-14T13:57:06.289297+00:00,spot_10,Spot 10,Occupied,2026-07-14T13:57:06.289297+00:00,265,car,0.3564000427722931,349,120.26470947265625,318.4495849609375,184.82846069335938,346.244140625
2026-07-14T13:57:06.289297+00:00,spot_11,Spot 11,Empty,2026-07-14T13:20:07.064342+00:00,,,,,,,,
2026-07-14T13:57:06.289297+00:00,spot_12,Spot 12,Empty,2026-07-14T00:46:21.068768+00:00,,,,,,,,
2026-07-14T13:57:06.289297+00:00,spot_13,Spot 13,Empty,2026-07-14T13:25:36.239593+00:00,,,,,,,,
2026-07-14T13:57:06.289297+00:00,spot_14,Spot 14,Empty,2026-07-14T13:55:42.479142+00:00,,,,,,,,
2026-07-14T13:57:06.289297+00:00,spot_15,Spot 15,Empty,2026-07-14T13:50:28.652868+00:00,,,,,,,,
2026-07-14T13:57:06.289297+00:00,spot_16,Spot 16,Occupied,2026-07-14T13:52:46.940181+00:00,244,truck,0.5505431890487671,2219,14.583183288574219,303.47283935546875,57.295867919921875,329.03302001953125
2026-07-14T13:57:06.289297+00:00,spot_17,Spot 17,Empty,2026-07-13T17:46:26.396031+00:00,,,,,,,,
2026-07-14T13:57:49.407255+00:00,spot_1,Spot 1,Occupied,2026-07-14T13:28:08.472682+00:00,235,car,0.81230628490448,2611,571.3038940429688,318.5830993652344,608.4588012695312,361.4880676269531
2026-07-14T13:57:49.407255+00:00,spot_2,Spot 2,Occupied,2026-07-14T13:57:06.289297+00:00,267,car,0.41235771775245667,302,507.06781005859375,318.88323974609375,555.7511596679688,366.41522216796875
2026-07-14T13:57:49.407255+00:00,spot_3,Spot 3,Empty,2026-07-14T01:48:31.431946+00:00,,,,,,,,
2026-07-14T13:57:49.407255+00:00,spot_4,Spot 4,Occupied,2026-07-14T13:57:49.407255+00:00,266,car,0.571512758731842,392,376.42254638671875,334.1164855957031,416.52081298828125,369.6174621582031
2026-07-14T13:57:49.407255+00:00,spot_5,Spot 5,Empty,2026-07-14T12:20:51.937411+00:00,,,,,,,,
2026-07-14T13:57:49.407255+00:00,spot_6,Spot 6,Occupied,2026-07-14T13:51:17.743958+00:00,262,car,0.6738071441650391,669,291.74920654296875,327.3216552734375,352.80450439453125,361.8546142578125
2026-07-14T13:57:49.407255+00:00,spot_7,Spot 7,Empty,2026-07-14T00:18:43.510894+00:00,,,,,,,,
2026-07-14T13:57:49.407255+00:00,spot_8,Spot 8,Empty,2026-07-14T12:59:36.932053+00:00,,,,,,,,
2026-07-14T13:57:49.407255+00:00,spot_9,Spot 9,Empty,2026-07-14T03:02:23.964997+00:00,,,,,,,,
2026-07-14T13:57:49.407255+00:00,spot_10,Spot 10,Occupied,2026-07-14T13:57:06.289297+00:00,265,car,0.42710357904434204,392,126.55724334716797,318.525146484375,183.25823974609375,345.89599609375
2026-07-14T13:57:49.407255+00:00,spot_11,Spot 11,Empty,2026-07-14T13:20:07.064342+00:00,,,,,,,,
2026-07-14T13:57:49.407255+00:00,spot_12,Spot 12,Empty,2026-07-14T00:46:21.068768+00:00,,,,,,,,
2026-07-14T13:57:49.407255+00:00,spot_13,Spot 13,Empty,2026-07-14T13:25:36.239593+00:00,,,,,,,,
2026-07-14T13:57:49.407255+00:00,spot_14,Spot 14,Occupied,2026-07-14T13:57:49.407255+00:00,248,car,0.6332472562789917,1989,53.329681396484375,308.0921630859375,98.44093322753906,333.6712646484375
2026-07-14T13:57:49.407255+00:00,spot_15,Spot 15,Empty,2026-07-14T13:50:28.652868+00:00,,,,,,,,
2026-07-14T13:57:49.407255+00:00,spot_16,Spot 16,Occupied,2026-07-14T13:52:46.940181+00:00,244,truck,0.5615193843841553,2262,14.748863220214844,303.4567565917969,58.101715087890625,330.1586608886719
2026-07-14T13:57:49.407255+00:00,spot_17,Spot 17,Empty,2026-07-13T17:46:26.396031+00:00,,,,,,,,
2026-07-14T13:58:40.831010+00:00,spot_1,Spot 1,Occupied,2026-07-14T13:28:08.472682+00:00,235,car,0.8426225781440735,2663,571.2945556640625,318.11370849609375,608.5953369140625,361.44305419921875
2026-07-14T13:58:40.831010+00:00,spot_2,Spot 2,Occupied,2026-07-14T13:58:40.831010+00:00,261,truck,0.3913702964782715,869,507.8974609375,318.6899108886719,554.591064453125,365.8361511230469
2026-07-14T13:58:40.831010+00:00,spot_3,Spot 3,Empty,2026-07-14T01:48:31.431946+00:00,,,,,,,,
2026-07-14T13:58:40.831010+00:00,spot_4,Spot 4,Occupied,2026-07-14T13:58:40.831010+00:00,246,truck,0.35049042105674744,2041,378.29425048828125,323.48779296875,441.64031982421875,370.041259765625
2026-07-14T13:58:40.831010+00:00,spot_5,Spot 5,Empty,2026-07-14T12:20:51.937411+00:00,,,,,,,,
2026-07-14T13:58:40.831010+00:00,spot_6,Spot 6,Occupied,2026-07-14T13:51:17.743958+00:00,262,car,0.6160162687301636,720,291.96636962890625,327.96356201171875,352.68994140625,361.3043212890625
2026-07-14T13:58:40.831010+00:00,spot_7,Spot 7,Empty,2026-07-14T00:18:43.510894+00:00,,,,,,,,
2026-07-14T13:58:40.831010+00:00,spot_8,Spot 8,Empty,2026-07-14T12:59:36.932053+00:00,,,,,,,,
2026-07-14T13:58:40.831010+00:00,spot_9,Spot 9,Empty,2026-07-14T03:02:23.964997+00:00,,,,,,,,
2026-07-14T13:58:40.831010+00:00,spot_10,Spot 10,Occupied,2026-07-14T13:58:40.831010+00:00,257,truck,0.3683752715587616,1318,120.39859008789062,318.26080322265625,183.78369140625,346.24517822265625
2026-07-14T13:58:40.831010+00:00,spot_11,Spot 11,Empty,2026-07-14T13:20:07.064342+00:00,,,,,,,,
2026-07-14T13:58:40.831010+00:00,spot_12,Spot 12,Empty,2026-07-14T00:46:21.068768+00:00,,,,,,,,
2026-07-14T13:58:40.831010+00:00,spot_13,Spot 13,Empty,2026-07-14T13:25:36.239593+00:00,,,,,,,,
2026-07-14T13:58:40.831010+00:00,spot_14,Spot 14,Empty,2026-07-14T13:58:40.831010+00:00,,,,,,,,
2026-07-14T13:58:40.831010+00:00,spot_15,Spot 15,Empty,2026-07-14T13:50:28.652868+00:00,,,,,,,,
2026-07-14T13:58:40.831010+00:00,spot_16,Spot 16,Occupied,2026-07-14T13:52:46.940181+00:00,244,truck,0.35236215591430664,2314,15.269878387451172,303.39324951171875,57.59773635864258,329.03558349609375
2026-07-14T13:58:40.831010+00:00,spot_17,Spot 17,Empty,2026-07-13T17:46:26.396031+00:00,,,,,,,,
2026-07-14T13:59:22.193968+00:00,spot_1,Spot 1,Occupied,2026-07-14T13:28:08.472682+00:00,235,car,0.8055817484855652,2712,571.5874633789062,317.71295166015625,608.3169555664062,361.52618408203125
2026-07-14T13:59:22.193968+00:00,spot_2,Spot 2,Occupied,2026-07-14T13:59:22.193968+00:00,267,car,0.3616434335708618,403,508.2860412597656,318.29034423828125,556.0853271484375,366.74371337890625
2026-07-14T13:59:22.193968+00:00,spot_3,Spot 3,Empty,2026-07-14T01:48:31.431946+00:00,,,,,,,,
2026-07-14T13:59:22.193968+00:00,spot_4,Spot 4,Occupied,2026-07-14T13:58:40.831010+00:00,246,truck,0.7688044309616089,2090,376.5906677246094,323.6669616699219,441.1982116699219,370.1382751464844
2026-07-14T13:59:22.193968+00:00,spot_5,Spot 5,Empty,2026-07-14T12:20:51.937411+00:00,,,,,,,,
2026-07-14T13:59:22.193968+00:00,spot_6,Spot 6,Occupied,2026-07-14T13:51:17.743958+00:00,262,car,0.678867757320404,769,291.83837890625,325.02386474609375,352.6763916015625,360.8929443359375
2026-07-14T13:59:22.193968+00:00,spot_7,Spot 7,Empty,2026-07-14T00:18:43.510894+00:00,,,,,,,,
2026-07-14T13:59:22.193968+00:00,spot_8,Spot 8,Empty,2026-07-14T12:59:36.932053+00:00,,,,,,,,
2026-07-14T13:59:22.193968+00:00,spot_9,Spot 9,Empty,2026-07-14T03:02:23.964997+00:00,,,,,,,,
2026-07-14T13:59:22.193968+00:00,spot_10,Spot 10,Empty,2026-07-14T13:59:22.193968+00:00,,,,,,,,
2026-07-14T13:59:22.193968+00:00,spot_11,Spot 11,Empty,2026-07-14T13:20:07.064342+00:00,,,,,,,,
2026-07-14T13:59:22.193968+00:00,spot_12,Spot 12,Empty,2026-07-14T00:46:21.068768+00:00,,,,,,,,
2026-07-14T13:59:22.193968+00:00,spot_13,Spot 13,Empty,2026-07-14T13:25:36.239593+00:00,,,,,,,,
2026-07-14T13:59:22.193968+00:00,spot_14,Spot 14,Occupied,2026-07-14T13:59:22.193968+00:00,248,car,0.38313132524490356,2090,53.91926574707031,308.07476806640625,97.91717529296875,332.67828369140625
2026-07-14T13:59:22.193968+00:00,spot_15,Spot 15,Empty,2026-07-14T13:50:28.652868+00:00,,,,,,,,
2026-07-14T13:59:22.193968+00:00,spot_16,Spot 16,Occupied,2026-07-14T13:52:46.940181+00:00,244,truck,0.5039047598838806,2363,14.622182846069336,303.3269348144531,58.50005340576172,329.6356506347656
2026-07-14T13:59:22.193968+00:00,spot_17,Spot 17,Empty,2026-07-13T17:46:26.396031+00:00,,,,,,,,
2026-07-14T14:00:15.549910+00:00,spot_1,Spot 1,Occupied,2026-07-14T13:28:08.472682+00:00,235,car,0.8055817484855652,2757,571.5874633789062,317.71295166015625,608.3169555664062,361.52618408203125
2026-07-14T14:00:15.549910+00:00,spot_2,Spot 2,Occupied,2026-07-14T13:59:22.193968+00:00,267,car,0.3616434335708618,448,508.2860412597656,318.29034423828125,556.0853271484375,366.74371337890625
2026-07-14T14:00:15.549910+00:00,spot_3,Spot 3,Empty,2026-07-14T01:48:31.431946+00:00,,,,,,,,
2026-07-14T14:00:15.549910+00:00,spot_4,Spot 4,Occupied,2026-07-14T13:58:40.831010+00:00,246,truck,0.7688044309616089,2135,376.5906677246094,323.6669616699219,441.1982116699219,370.1382751464844
2026-07-14T14:00:15.549910+00:00,spot_5,Spot 5,Empty,2026-07-14T12:20:51.937411+00:00,,,,,,,,
2026-07-14T14:00:15.549910+00:00,spot_6,Spot 6,Occupied,2026-07-14T13:51:17.743958+00:00,262,car,0.678867757320404,814,291.83837890625,325.02386474609375,352.6763916015625,360.8929443359375
2026-07-14T14:00:15.549910+00:00,spot_7,Spot 7,Empty,2026-07-14T00:18:43.510894+00:00,,,,,,,,
2026-07-14T14:00:15.549910+00:00,spot_8,Spot 8,Empty,2026-07-14T12:59:36.932053+00:00,,,,,,,,
2026-07-14T14:00:15.549910+00:00,spot_9,Spot 9,Empty,2026-07-14T03:02:23.964997+00:00,,,,,,,,
2026-07-14T14:00:15.549910+00:00,spot_10,Spot 10,Empty,2026-07-14T13:59:22.193968+00:00,,,,,,,,
2026-07-14T14:00:15.549910+00:00,spot_11,Spot 11,Empty,2026-07-14T13:20:07.064342+00:00,,,,,,,,
2026-07-14T14:00:15.549910+00:00,spot_12,Spot 12,Empty,2026-07-14T00:46:21.068768+00:00,,,,,,,,
2026-07-14T14:00:15.549910+00:00,spot_13,Spot 13,Empty,2026-07-14T13:25:36.239593+00:00,,,,,,,,
2026-07-14T14:00:15.549910+00:00,spot_14,Spot 14,Occupied,2026-07-14T13:59:22.193968+00:00,248,car,0.38313132524490356,2135,53.91926574707031,308.07476806640625,97.91717529296875,332.67828369140625
2026-07-14T14:00:15.549910+00:00,spot_15,Spot 15,Empty,2026-07-14T13:50:28.652868+00:00,,,,,,,,
2026-07-14T14:00:15.549910+00:00,spot_16,Spot 16,Occupied,2026-07-14T13:52:46.940181+00:00,244,truck,0.5039047598838806,2408,14.622182846069336,303.3269348144531,58.50005340576172,329.6356506347656
2026-07-14T14:00:15.549910+00:00,spot_17,Spot 17,Empty,2026-07-13T17:46:26.396031+00:00,,,,,,,,
2026-07-14T14:01:11.657617+00:00,spot_1,Spot 1,Occupied,2026-07-14T13:28:08.472682+00:00,235,car,0.8311054110527039,2823,571.3961791992188,318.5462646484375,608.5200805664062,361.6229248046875
2026-07-14T14:01:11.657617+00:00,spot_2,Spot 2,Occupied,2026-07-14T14:01:11.657617+00:00,261,truck,0.38016483187675476,1030,507.62152099609375,318.7005615234375,555.9973754882812,367.0062255859375
2026-07-14T14:01:11.657617+00:00,spot_3,Spot 3,Empty,2026-07-14T01:48:31.431946+00:00,,,,,,,,
2026-07-14T14:01:11.657617+00:00,spot_4,Spot 4,Occupied,2026-07-14T13:58:40.831010+00:00,246,truck,0.35088542103767395,2202,376.54644775390625,324.5997314453125,438.8203125,369.70556640625
2026-07-14T14:01:11.657617+00:00,spot_5,Spot 5,Empty,2026-07-14T12:20:51.937411+00:00,,,,,,,,
2026-07-14T14:01:11.657617+00:00,spot_6,Spot 6,Occupied,2026-07-14T14:01:11.657617+00:00,270,car,0.3622111976146698,0,291.8955078125,330.6847229003906,323.4227294921875,360.9934997558594
2026-07-14T14:01:11.657617+00:00,spot_7,Spot 7,Empty,2026-07-14T00:18:43.510894+00:00,,,,,,,,
2026-07-14T14:01:11.657617+00:00,spot_8,Spot 8,Empty,2026-07-14T12:59:36.932053+00:00,,,,,,,,
2026-07-14T14:01:11.657617+00:00,spot_9,Spot 9,Empty,2026-07-14T03:02:23.964997+00:00,,,,,,,,
2026-07-14T14:01:11.657617+00:00,spot_10,Spot 10,Empty,2026-07-14T13:59:22.193968+00:00,,,,,,,,
2026-07-14T14:01:11.657617+00:00,spot_11,Spot 11,Empty,2026-07-14T13:20:07.064342+00:00,,,,,,,,
2026-07-14T14:01:11.657617+00:00,spot_12,Spot 12,Empty,2026-07-14T00:46:21.068768+00:00,,,,,,,,
2026-07-14T14:01:11.657617+00:00,spot_13,Spot 13,Empty,2026-07-14T13:25:36.239593+00:00,,,,,,,,
2026-07-14T14:01:11.657617+00:00,spot_14,Spot 14,Occupied,2026-07-14T13:59:22.193968+00:00,248,car,0.3787474036216736,2202,53.68874740600586,308.85455322265625,99.09326171875,332.99847412109375
2026-07-14T14:01:11.657617+00:00,spot_15,Spot 15,Empty,2026-07-14T13:50:28.652868+00:00,,,,,,,,
2026-07-14T14:01:11.657617+00:00,spot_16,Spot 16,Occupied,2026-07-14T13:52:46.940181+00:00,244,truck,0.3537226617336273,2475,15.306636810302734,303.38323974609375,58.53139114379883,329.52349853515625
2026-07-14T14:01:11.657617+00:00,spot_17,Spot 17,Empty,2026-07-13T17:46:26.396031+00:00,,,,,,,,
2026-07-14T14:02:10.591672+00:00,spot_1,Spot 1,Occupied,2026-07-14T13:28:08.472682+00:00,235,car,0.7271908521652222,2871,571.1453857421875,317.2542724609375,608.3541259765625,360.4932861328125
2026-07-14T14:02:10.591672+00:00,spot_2,Spot 2,Occupied,2026-07-14T14:02:10.591672+00:00,267,car,0.6603907942771912,563,507.6222229003906,318.5839538574219,554.8221435546875,366.4490661621094
2026-07-14T14:02:10.591672+00:00,spot_3,Spot 3,Empty,2026-07-14T01:48:31.431946+00:00,,,,,,,,
2026-07-14T14:02:10.591672+00:00,spot_4,Spot 4,Occupied,2026-07-14T14:02:10.591672+00:00,272,car,0.45346346497535706,0,391.32012939453125,325.71258544921875,425.66400146484375,366.9871826171875
2026-07-14T14:02:10.591672+00:00,spot_5,Spot 5,Empty,2026-07-14T12:20:51.937411+00:00,,,,,,,,
2026-07-14T14:02:10.591672+00:00,spot_6,Spot 6,Occupied,2026-07-14T14:01:11.657617+00:00,270,car,0.492556631565094,48,291.71331787109375,329.891845703125,321.36859130859375,360.5286865234375
2026-07-14T14:02:10.591672+00:00,spot_7,Spot 7,Empty,2026-07-14T00:18:43.510894+00:00,,,,,,,,
2026-07-14T14:02:10.591672+00:00,spot_8,Spot 8,Empty,2026-07-14T12:59:36.932053+00:00,,,,,,,,
2026-07-14T14:02:10.591672+00:00,spot_9,Spot 9,Empty,2026-07-14T03:02:23.964997+00:00,,,,,,,,
2026-07-14T14:02:10.591672+00:00,spot_10,Spot 10,Occupied,2026-07-14T14:02:10.591672+00:00,271,car,0.47960367798805237,0,128.47164916992188,318.44146728515625,182.16775512695312,345.8902587890625
2026-07-14T14:02:10.591672+00:00,spot_11,Spot 11,Empty,2026-07-14T13:20:07.064342+00:00,,,,,,,,
2026-07-14T14:02:10.591672+00:00,spot_12,Spot 12,Empty,2026-07-14T00:46:21.068768+00:00,,,,,,,,
2026-07-14T14:02:10.591672+00:00,spot_13,Spot 13,Empty,2026-07-14T13:25:36.239593+00:00,,,,,,,,
2026-07-14T14:02:10.591672+00:00,spot_14,Spot 14,Empty,2026-07-14T14:02:10.591672+00:00,,,,,,,,
2026-07-14T14:02:10.591672+00:00,spot_15,Spot 15,Empty,2026-07-14T13:50:28.652868+00:00,,,,,,,,
2026-07-14T14:02:10.591672+00:00,spot_16,Spot 16,Occupied,2026-07-14T13:52:46.940181+00:00,244,truck,0.5301176905632019,2523,15.215232849121094,303.27880859375,56.67469024658203,328.5552978515625
2026-07-14T14:02:10.591672+00:00,spot_17,Spot 17,Empty,2026-07-13T17:46:26.396031+00:00,,,,,,,,
2026-07-14T14:02:54.492106+00:00,spot_1,Spot 1,Occupied,2026-07-14T13:28:08.472682+00:00,235,car,0.8210976719856262,2916,571.260498046875,317.1338806152344,607.925048828125,361.3369445800781
2026-07-14T14:02:54.492106+00:00,spot_2,Spot 2,Occupied,2026-07-14T14:02:54.492106+00:00,261,truck,0.3918747007846832,1122,507.7125244140625,317.947509765625,556.19189453125,366.619384765625
2026-07-14T14:02:54.492106+00:00,spot_3,Spot 3,Empty,2026-07-14T01:48:31.431946+00:00,,,,,,,,
2026-07-14T14:02:54.492106+00:00,spot_4,Spot 4,Occupied,2026-07-14T14:02:54.492106+00:00,246,truck,0.5548977851867676,2294,376.6123046875,324.7274169921875,441.4176025390625,369.5684814453125
2026-07-14T14:02:54.492106+00:00,spot_5,Spot 5,Empty,2026-07-14T12:20:51.937411+00:00,,,,,,,,
2026-07-14T14:02:54.492106+00:00,spot_6,Spot 6,Occupied,2026-07-14T14:02:54.492106+00:00,262,car,0.3733040690422058,973,291.9209899902344,328.0909118652344,352.4056701660156,360.8085021972656
2026-07-14T14:02:54.492106+00:00,spot_7,Spot 7,Empty,2026-07-14T00:18:43.510894+00:00,,,,,,,,
2026-07-14T14:02:54.492106+00:00,spot_8,Spot 8,Empty,2026-07-14T12:59:36.932053+00:00,,,,,,,,
2026-07-14T14:02:54.492106+00:00,spot_9,Spot 9,Empty,2026-07-14T03:02:23.964997+00:00,,,,,,,,
2026-07-14T14:02:54.492106+00:00,spot_10,Spot 10,Occupied,2026-07-14T14:02:54.492106+00:00,274,truck,0.3568602502346039,0,121.07437133789062,318.4566650390625,183.0653076171875,346.4727783203125
2026-07-14T14:02:54.492106+00:00,spot_11,Spot 11,Empty,2026-07-14T13:20:07.064342+00:00,,,,,,,,
2026-07-14T14:02:54.492106+00:00,spot_12,Spot 12,Empty,2026-07-14T00:46:21.068768+00:00,,,,,,,,
2026-07-14T14:02:54.492106+00:00,spot_13,Spot 13,Empty,2026-07-14T13:25:36.239593+00:00,,,,,,,,
2026-07-14T14:02:54.492106+00:00,spot_14,Spot 14,Empty,2026-07-14T14:02:10.591672+00:00,,,,,,,,
2026-07-14T14:02:54.492106+00:00,spot_15,Spot 15,Empty,2026-07-14T13:50:28.652868+00:00,,,,,,,,
2026-07-14T14:02:54.492106+00:00,spot_16,Spot 16,Occupied,2026-07-14T13:52:46.940181+00:00,244,truck,0.46878182888031006,2567,15.076828002929688,303.27362060546875,56.05131530761719,328.35552978515625
2026-07-14T14:02:54.492106+00:00,spot_17,Spot 17,Empty,2026-07-13T17:46:26.396031+00:00,,,,,,,,
2026-07-14T14:03:46.820752+00:00,spot_1,Spot 1,Occupied,2026-07-14T13:28:08.472682+00:00,235,car,0.8033228516578674,2968,571.488525390625,318.6368103027344,608.189697265625,361.1266174316406
2026-07-14T14:03:46.820752+00:00,spot_2,Spot 2,Occupied,2026-07-14T14:03:46.820752+00:00,267,car,0.4704895317554474,660,507.44677734375,318.4443359375,556.4195556640625,367.0916748046875
2026-07-14T14:03:46.820752+00:00,spot_3,Spot 3,Empty,2026-07-14T01:48:31.431946+00:00,,,,,,,,
2026-07-14T14:03:46.820752+00:00,spot_4,Spot 4,Occupied,2026-07-14T14:03:46.820752+00:00,266,car,0.4247290790081024,749,376.687255859375,332.72479248046875,424.6492919921875,369.94525146484375
2026-07-14T14:03:46.820752+00:00,spot_5,Spot 5,Empty,2026-07-14T12:20:51.937411+00:00,,,,,,,,
2026-07-14T14:03:46.820752+00:00,spot_6,Spot 6,Occupied,2026-07-14T14:03:46.820752+00:00,270,car,0.5502042770385742,144,291.77001953125,331.1202392578125,320.7362060546875,360.37786865234375
2026-07-14T14:03:46.820752+00:00,spot_7,Spot 7,Empty,2026-07-14T00:18:43.510894+00:00,,,,,,,,
2026-07-14T14:03:46.820752+00:00,spot_8,Spot 8,Empty,2026-07-14T12:59:36.932053+00:00,,,,,,,,
2026-07-14T14:03:46.820752+00:00,spot_9,Spot 9,Empty,2026-07-14T03:02:23.964997+00:00,,,,,,,,
2026-07-14T14:03:46.820752+00:00,spot_10,Spot 10,Empty,2026-07-14T14:03:46.820752+00:00,,,,,,,,
2026-07-14T14:03:46.820752+00:00,spot_11,Spot 11,Empty,2026-07-14T13:20:07.064342+00:00,,,,,,,,
2026-07-14T14:03:46.820752+00:00,spot_12,Spot 12,Empty,2026-07-14T00:46:21.068768+00:00,,,,,,,,
2026-07-14T14:03:46.820752+00:00,spot_13,Spot 13,Empty,2026-07-14T13:25:36.239593+00:00,,,,,,,,
2026-07-14T14:03:46.820752+00:00,spot_14,Spot 14,Empty,2026-07-14T14:02:10.591672+00:00,,,,,,,,
2026-07-14T14:03:46.820752+00:00,spot_15,Spot 15,Empty,2026-07-14T13:50:28.652868+00:00,,,,,,,,
2026-07-14T14:03:46.820752+00:00,spot_16,Spot 16,Occupied,2026-07-14T13:52:46.940181+00:00,244,truck,0.422247976064682,2620,15.617656707763672,303.1191101074219,53.5480842590332,328.3055114746094
2026-07-14T14:03:46.820752+00:00,spot_17,Spot 17,Empty,2026-07-13T17:46:26.396031+00:00,,,,,,,,
2026-07-14T14:04:37.922797+00:00,spot_1,Spot 1,Occupied,2026-07-14T13:28:08.472682+00:00,235,car,0.8033228516578674,3021,571.488525390625,318.6368103027344,608.189697265625,361.1266174316406
2026-07-14T14:04:37.922797+00:00,spot_2,Spot 2,Occupied,2026-07-14T14:03:46.820752+00:00,267,car,0.4704895317554474,713,507.44677734375,318.4443359375,556.4195556640625,367.0916748046875
2026-07-14T14:04:37.922797+00:00,spot_3,Spot 3,Empty,2026-07-14T01:48:31.431946+00:00,,,,,,,,
2026-07-14T14:04:37.922797+00:00,spot_4,Spot 4,Occupied,2026-07-14T14:03:46.820752+00:00,266,car,0.4247290790081024,802,376.687255859375,332.72479248046875,424.6492919921875,369.94525146484375
2026-07-14T14:04:37.922797+00:00,spot_5,Spot 5,Empty,2026-07-14T12:20:51.937411+00:00,,,,,,,,
2026-07-14T14:04:37.922797+00:00,spot_6,Spot 6,Occupied,2026-07-14T14:03:46.820752+00:00,270,car,0.5502042770385742,197,291.77001953125,331.1202392578125,320.7362060546875,360.37786865234375
2026-07-14T14:04:37.922797+00:00,spot_7,Spot 7,Empty,2026-07-14T00:18:43.510894+00:00,,,,,,,,
2026-07-14T14:04:37.922797+00:00,spot_8,Spot 8,Empty,2026-07-14T12:59:36.932053+00:00,,,,,,,,
2026-07-14T14:04:37.922797+00:00,spot_9,Spot 9,Empty,2026-07-14T03:02:23.964997+00:00,,,,,,,,
2026-07-14T14:04:37.922797+00:00,spot_10,Spot 10,Empty,2026-07-14T14:03:46.820752+00:00,,,,,,,,
2026-07-14T14:04:37.922797+00:00,spot_11,Spot 11,Empty,2026-07-14T13:20:07.064342+00:00,,,,,,,,
2026-07-14T14:04:37.922797+00:00,spot_12,Spot 12,Empty,2026-07-14T00:46:21.068768+00:00,,,,,,,,
2026-07-14T14:04:37.922797+00:00,spot_13,Spot 13,Empty,2026-07-14T13:25:36.239593+00:00,,,,,,,,
2026-07-14T14:04:37.922797+00:00,spot_14,Spot 14,Empty,2026-07-14T14:02:10.591672+00:00,,,,,,,,
2026-07-14T14:04:37.922797+00:00,spot_15,Spot 15,Empty,2026-07-14T13:50:28.652868+00:00,,,,,,,,
2026-07-14T14:04:37.922797+00:00,spot_16,Spot 16,Occupied,2026-07-14T13:52:46.940181+00:00,244,truck,0.422247976064682,2672,15.617656707763672,303.1191101074219,53.5480842590332,328.3055114746094
2026-07-14T14:04:37.922797+00:00,spot_17,Spot 17,Empty,2026-07-13T17:46:26.396031+00:00,,,,,,,,
2026-07-14T14:05:31.087508+00:00,spot_1,Spot 1,Occupied,2026-07-14T13:28:08.472682+00:00,235,car,0.7531988620758057,3072,571.2343139648438,318.1981201171875,608.1174926757812,361.34112548828125
2026-07-14T14:05:31.087508+00:00,spot_2,Spot 2,Occupied,2026-07-14T14:05:31.087508+00:00,261,truck,0.3778136968612671,1278,507.0485534667969,318.528076171875,555.62451171875,367.1214599609375
2026-07-14T14:05:31.087508+00:00,spot_3,Spot 3,Empty,2026-07-14T01:48:31.431946+00:00,,,,,,,,
2026-07-14T14:05:31.087508+00:00,spot_4,Spot 4,Occupied,2026-07-14T14:03:46.820752+00:00,266,car,0.4739522635936737,853,376.5665283203125,333.93023681640625,416.806396484375,370.60406494140625
2026-07-14T14:05:31.087508+00:00,spot_5,Spot 5,Empty,2026-07-14T12:20:51.937411+00:00,,,,,,,,
2026-07-14T14:05:31.087508+00:00,spot_6,Spot 6,Occupied,2026-07-14T14:03:46.820752+00:00,270,car,0.4613192081451416,248,291.8037414550781,331.13409423828125,324.0067443847656,360.49285888671875
2026-07-14T14:05:31.087508+00:00,spot_7,Spot 7,Empty,2026-07-14T00:18:43.510894+00:00,,,,,,,,
2026-07-14T14:05:31.087508+00:00,spot_8,Spot 8,Empty,2026-07-14T12:59:36.932053+00:00,,,,,,,,
2026-07-14T14:05:31.087508+00:00,spot_9,Spot 9,Empty,2026-07-14T03:02:23.964997+00:00,,,,,,,,
2026-07-14T14:05:31.087508+00:00,spot_10,Spot 10,Occupied,2026-07-14T14:05:31.087508+00:00,275,bus,0.38201335072517395,0,121.232421875,318.3939514160156,183.84951782226562,346.1427917480469
2026-07-14T14:05:31.087508+00:00,spot_11,Spot 11,Empty,2026-07-14T13:20:07.064342+00:00,,,,,,,,
2026-07-14T14:05:31.087508+00:00,spot_12,Spot 12,Empty,2026-07-14T00:46:21.068768+00:00,,,,,,,,
2026-07-14T14:05:31.087508+00:00,spot_13,Spot 13,Empty,2026-07-14T13:25:36.239593+00:00,,,,,,,,
2026-07-14T14:05:31.087508+00:00,spot_14,Spot 14,Empty,2026-07-14T14:02:10.591672+00:00,,,,,,,,
2026-07-14T14:05:31.087508+00:00,spot_15,Spot 15,Empty,2026-07-14T13:50:28.652868+00:00,,,,,,,,
2026-07-14T14:05:31.087508+00:00,spot_16,Spot 16,Empty,2026-07-14T14:05:31.087508+00:00,,,,,,,,
2026-07-14T14:05:31.087508+00:00,spot_17,Spot 17,Empty,2026-07-13T17:46:26.396031+00:00,,,,,,,,
2026-07-14T14:06:12.998777+00:00,spot_1,Spot 1,Occupied,2026-07-14T13:28:08.472682+00:00,235,car,0.788661539554596,3115,571.0758056640625,319.43536376953125,608.4189453125,361.51190185546875
2026-07-14T14:06:12.998777+00:00,spot_2,Spot 2,Occupied,2026-07-14T14:05:31.087508+00:00,261,truck,0.4253693222999573,1322,507.0190124511719,318.4591979980469,555.8232421875,366.9756164550781
2026-07-14T14:06:12.998777+00:00,spot_3,Spot 3,Empty,2026-07-14T01:48:31.431946+00:00,,,,,,,,
2026-07-14T14:06:12.998777+00:00,spot_4,Spot 4,Occupied,2026-07-14T14:06:12.998777+00:00,276,truck,0.6239537000656128,0,376.58880615234375,322.75799560546875,440.96026611328125,370.01556396484375
2026-07-14T14:06:12.998777+00:00,spot_5,Spot 5,Empty,2026-07-14T12:20:51.937411+00:00,,,,,,,,
2026-07-14T14:06:12.998777+00:00,spot_6,Spot 6,Occupied,2026-07-14T14:03:46.820752+00:00,270,car,0.6932904720306396,291,291.7030029296875,327.92254638671875,353.145751953125,361.13385009765625
2026-07-14T14:06:12.998777+00:00,spot_7,Spot 7,Empty,2026-07-14T00:18:43.510894+00:00,,,,,,,,
2026-07-14T14:06:12.998777+00:00,spot_8,Spot 8,Empty,2026-07-14T12:59:36.932053+00:00,,,,,,,,
2026-07-14T14:06:12.998777+00:00,spot_9,Spot 9,Empty,2026-07-14T03:02:23.964997+00:00,,,,,,,,
2026-07-14T14:06:12.998777+00:00,spot_10,Spot 10,Occupied,2026-07-14T14:05:31.087508+00:00,275,bus,0.5755775570869446,43,123.48773193359375,318.421630859375,183.958740234375,345.763427734375
2026-07-14T14:06:12.998777+00:00,spot_11,Spot 11,Empty,2026-07-14T13:20:07.064342+00:00,,,,,,,,
2026-07-14T14:06:12.998777+00:00,spot_12,Spot 12,Empty,2026-07-14T00:46:21.068768+00:00,,,,,,,,
2026-07-14T14:06:12.998777+00:00,spot_13,Spot 13,Empty,2026-07-14T13:25:36.239593+00:00,,,,,,,,
2026-07-14T14:06:12.998777+00:00,spot_14,Spot 14,Empty,2026-07-14T14:02:10.591672+00:00,,,,,,,,
2026-07-14T14:06:12.998777+00:00,spot_15,Spot 15,Empty,2026-07-14T13:50:28.652868+00:00,,,,,,,,
2026-07-14T14:06:12.998777+00:00,spot_16,Spot 16,Occupied,2026-07-14T14:06:12.998777+00:00,244,truck,0.4836827218532562,2766,14.248027801513672,303.4371643066406,49.80183792114258,328.2278137207031
2026-07-14T14:06:12.998777+00:00,spot_17,Spot 17,Empty,2026-07-13T17:46:26.396031+00:00,,,,,,,,
2026-07-14T14:06:56.664615+00:00,spot_1,Spot 1,Occupied,2026-07-14T13:28:08.472682+00:00,235,car,0.8126326203346252,3157,570.7679443359375,318.902099609375,608.5877685546875,361.1710205078125
2026-07-14T14:06:56.664615+00:00,spot_2,Spot 2,Occupied,2026-07-14T14:05:31.087508+00:00,261,truck,0.5788467526435852,1364,508.1595153808594,318.0273132324219,555.9859619140625,367.2102966308594
2026-07-14T14:06:56.664615+00:00,spot_3,Spot 3,Occupied,2026-07-14T14:06:56.664615+00:00,277,car,0.93193119764328,0,348.86981201171875,366.09423828125,488.6031494140625,432.544921875
2026-07-14T14:06:56.664615+00:00,spot_4,Spot 4,Occupied,2026-07-14T14:06:12.998777+00:00,276,truck,0.5221160650253296,42,376.62005615234375,323.59942626953125,441.2449951171875,368.3582763671875
2026-07-14T14:06:56.664615+00:00,spot_5,Spot 5,Empty,2026-07-14T12:20:51.937411+00:00,,,,,,,,
2026-07-14T14:06:56.664615+00:00,spot_6,Spot 6,Occupied,2026-07-14T14:06:56.664615+00:00,278,truck,0.37915387749671936,0,292.0420837402344,327.6329040527344,352.8473815917969,360.7762756347656
2026-07-14T14:06:56.664615+00:00,spot_7,Spot 7,Empty,2026-07-14T00:18:43.510894+00:00,,,,,,,,
2026-07-14T14:06:56.664615+00:00,spot_8,Spot 8,Empty,2026-07-14T12:59:36.932053+00:00,,,,,,,,
2026-07-14T14:06:56.664615+00:00,spot_9,Spot 9,Empty,2026-07-14T03:02:23.964997+00:00,,,,,,,,
2026-07-14T14:06:56.664615+00:00,spot_10,Spot 10,Empty,2026-07-14T14:06:56.664615+00:00,,,,,,,,
2026-07-14T14:06:56.664615+00:00,spot_11,Spot 11,Empty,2026-07-14T13:20:07.064342+00:00,,,,,,,,
2026-07-14T14:06:56.664615+00:00,spot_12,Spot 12,Empty,2026-07-14T00:46:21.068768+00:00,,,,,,,,
2026-07-14T14:06:56.664615+00:00,spot_13,Spot 13,Empty,2026-07-14T13:25:36.239593+00:00,,,,,,,,
2026-07-14T14:06:56.664615+00:00,spot_14,Spot 14,Empty,2026-07-14T14:02:10.591672+00:00,,,,,,,,
2026-07-14T14:06:56.664615+00:00,spot_15,Spot 15,Empty,2026-07-14T13:50:28.652868+00:00,,,,,,,,
2026-07-14T14:06:56.664615+00:00,spot_16,Spot 16,Occupied,2026-07-14T14:06:12.998777+00:00,244,truck,0.39899423718452454,2809,15.046926498413086,303.2333984375,51.8106689453125,328.3577880859375
2026-07-14T14:06:56.664615+00:00,spot_17,Spot 17,Empty,2026-07-13T17:46:26.396031+00:00,,,,,,,,
2026-07-14T14:07:47.035573+00:00,spot_1,Spot 1,Occupied,2026-07-14T13:28:08.472682+00:00,235,car,0.8126326203346252,3208,570.7679443359375,318.902099609375,608.5877685546875,361.1710205078125
2026-07-14T14:07:47.035573+00:00,spot_2,Spot 2,Occupied,2026-07-14T14:05:31.087508+00:00,261,truck,0.5788467526435852,1414,508.1595153808594,318.0273132324219,555.9859619140625,367.2102966308594
2026-07-14T14:07:47.035573+00:00,spot_3,Spot 3,Occupied,2026-07-14T14:06:56.664615+00:00,277,car,0.93193119764328,50,348.86981201171875,366.09423828125,488.6031494140625,432.544921875
2026-07-14T14:07:47.035573+00:00,spot_4,Spot 4,Occupied,2026-07-14T14:06:12.998777+00:00,276,truck,0.5221160650253296,92,376.62005615234375,323.59942626953125,441.2449951171875,368.3582763671875
2026-07-14T14:07:47.035573+00:00,spot_5,Spot 5,Empty,2026-07-14T12:20:51.937411+00:00,,,,,,,,
2026-07-14T14:07:47.035573+00:00,spot_6,Spot 6,Occupied,2026-07-14T14:06:56.664615+00:00,278,truck,0.37915387749671936,50,292.0420837402344,327.6329040527344,352.8473815917969,360.7762756347656
2026-07-14T14:07:47.035573+00:00,spot_7,Spot 7,Empty,2026-07-14T00:18:43.510894+00:00,,,,,,,,
2026-07-14T14:07:47.035573+00:00,spot_8,Spot 8,Empty,2026-07-14T12:59:36.932053+00:00,,,,,,,,
2026-07-14T14:07:47.035573+00:00,spot_9,Spot 9,Empty,2026-07-14T03:02:23.964997+00:00,,,,,,,,
2026-07-14T14:07:47.035573+00:00,spot_10,Spot 10,Empty,2026-07-14T14:06:56.664615+00:00,,,,,,,,
2026-07-14T14:07:47.035573+00:00,spot_11,Spot 11,Empty,2026-07-14T13:20:07.064342+00:00,,,,,,,,
2026-07-14T14:07:47.035573+00:00,spot_12,Spot 12,Empty,2026-07-14T00:46:21.068768+00:00,,,,,,,,
2026-07-14T14:07:47.035573+00:00,spot_13,Spot 13,Empty,2026-07-14T13:25:36.239593+00:00,,,,,,,,
2026-07-14T14:07:47.035573+00:00,spot_14,Spot 14,Empty,2026-07-14T14:02:10.591672+00:00,,,,,,,,
2026-07-14T14:07:47.035573+00:00,spot_15,Spot 15,Empty,2026-07-14T13:50:28.652868+00:00,,,,,,,,
2026-07-14T14:07:47.035573+00:00,spot_16,Spot 16,Occupied,2026-07-14T14:06:12.998777+00:00,244,truck,0.39899423718452454,2859,15.046926498413086,303.2333984375,51.8106689453125,328.3577880859375
2026-07-14T14:07:47.035573+00:00,spot_17,Spot 17,Empty,2026-07-13T17:46:26.396031+00:00,,,,,,,,
2026-07-14T14:08:30.363392+00:00,spot_1,Spot 1,Occupied,2026-07-14T13:28:08.472682+00:00,235,car,0.6824321746826172,3253,571.0247802734375,317.9462890625,608.3092041015625,360.7816162109375
2026-07-14T14:08:30.363392+00:00,spot_2,Spot 2,Occupied,2026-07-14T14:05:31.087508+00:00,261,truck,0.5654552578926086,1460,507.8817138671875,317.68109130859375,555.6551513671875,366.39105224609375
2026-07-14T14:08:30.363392+00:00,spot_3,Spot 3,Empty,2026-07-14T14:08:30.363392+00:00,,,,,,,,
2026-07-14T14:08:30.363392+00:00,spot_4,Spot 4,Occupied,2026-07-14T14:06:12.998777+00:00,276,truck,0.5047128796577454,138,376.88616943359375,323.99664306640625,441.39703369140625,369.17230224609375
2026-07-14T14:08:30.363392+00:00,spot_5,Spot 5,Empty,2026-07-14T12:20:51.937411+00:00,,,,,,,,
2026-07-14T14:08:30.363392+00:00,spot_6,Spot 6,Occupied,2026-07-14T14:08:30.363392+00:00,270,car,0.6216098070144653,429,291.75579833984375,328.45806884765625,352.780029296875,361.11529541015625
2026-07-14T14:08:30.363392+00:00,spot_7,Spot 7,Empty,2026-07-14T00:18:43.510894+00:00,,,,,,,,
2026-07-14T14:08:30.363392+00:00,spot_8,Spot 8,Empty,2026-07-14T12:59:36.932053+00:00,,,,,,,,
2026-07-14T14:08:30.363392+00:00,spot_9,Spot 9,Empty,2026-07-14T03:02:23.964997+00:00,,,,,,,,
2026-07-14T14:08:30.363392+00:00,spot_10,Spot 10,Occupied,2026-07-14T14:08:30.363392+00:00,279,car,0.5297098159790039,0,126.8718032836914,318.36865234375,184.29251098632812,345.99658203125
2026-07-14T14:08:30.363392+00:00,spot_11,Spot 11,Empty,2026-07-14T13:20:07.064342+00:00,,,,,,,,
2026-07-14T14:08:30.363392+00:00,spot_12,Spot 12,Empty,2026-07-14T00:46:21.068768+00:00,,,,,,,,
2026-07-14T14:08:30.363392+00:00,spot_13,Spot 13,Empty,2026-07-14T13:25:36.239593+00:00,,,,,,,,
2026-07-14T14:08:30.363392+00:00,spot_14,Spot 14,Empty,2026-07-14T14:02:10.591672+00:00,,,,,,,,
2026-07-14T14:08:30.363392+00:00,spot_15,Spot 15,Empty,2026-07-14T13:50:28.652868+00:00,,,,,,,,
2026-07-14T14:08:30.363392+00:00,spot_16,Spot 16,Occupied,2026-07-14T14:06:12.998777+00:00,244,truck,0.512190580368042,2904,15.33510971069336,303.356689453125,51.1397819519043,329.213623046875
2026-07-14T14:08:30.363392+00:00,spot_17,Spot 17,Empty,2026-07-13T17:46:26.396031+00:00,,,,,,,,
2026-07-14T14:09:19.739360+00:00,spot_1,Spot 1,Occupied,2026-07-14T13:28:08.472682+00:00,235,car,0.8144212961196899,3301,570.6844482421875,317.52459716796875,608.0950927734375,361.66424560546875
2026-07-14T14:09:19.739360+00:00,spot_2,Spot 2,Occupied,2026-07-14T14:09:19.739360+00:00,280,car,0.6906622052192688,0,507.45965576171875,318.25311279296875,556.5715942382812,366.15985107421875
2026-07-14T14:09:19.739360+00:00,spot_3,Spot 3,Empty,2026-07-14T14:08:30.363392+00:00,,,,,,,,
2026-07-14T14:09:19.739360+00:00,spot_4,Spot 4,Occupied,2026-07-14T14:06:12.998777+00:00,276,truck,0.38987404108047485,185,376.58624267578125,323.92449951171875,441.13665771484375,370.01361083984375
2026-07-14T14:09:19.739360+00:00,spot_5,Spot 5,Empty,2026-07-14T12:20:51.937411+00:00,,,,,,,,
2026-07-14T14:09:19.739360+00:00,spot_6,Spot 6,Occupied,2026-07-14T14:08:30.363392+00:00,270,car,0.4440808892250061,477,291.64276123046875,328.3724365234375,352.02349853515625,361.5494384765625
2026-07-14T14:09:19.739360+00:00,spot_7,Spot 7,Empty,2026-07-14T00:18:43.510894+00:00,,,,,,,,
2026-07-14T14:09:19.739360+00:00,spot_8,Spot 8,Empty,2026-07-14T12:59:36.932053+00:00,,,,,,,,
2026-07-14T14:09:19.739360+00:00,spot_9,Spot 9,Empty,2026-07-14T03:02:23.964997+00:00,,,,,,,,
2026-07-14T14:09:19.739360+00:00,spot_10,Spot 10,Occupied,2026-07-14T14:08:30.363392+00:00,279,car,0.4318876266479492,47,128.14334106445312,318.21929931640625,182.90689086914062,346.20977783203125
2026-07-14T14:09:19.739360+00:00,spot_11,Spot 11,Empty,2026-07-14T13:20:07.064342+00:00,,,,,,,,
2026-07-14T14:09:19.739360+00:00,spot_12,Spot 12,Occupied,2026-07-14T14:09:19.739360+00:00,282,car,0.3673343062400818,0,120.3399658203125,321.2087707519531,133.46461486816406,338.1119079589844
2026-07-14T14:09:19.739360+00:00,spot_13,Spot 13,Empty,2026-07-14T13:25:36.239593+00:00,,,,,,,,
2026-07-14T14:09:19.739360+00:00,spot_14,Spot 14,Empty,2026-07-14T14:02:10.591672+00:00,,,,,,,,
2026-07-14T14:09:19.739360+00:00,spot_15,Spot 15,Empty,2026-07-14T13:50:28.652868+00:00,,,,,,,,
2026-07-14T14:09:19.739360+00:00,spot_16,Spot 16,Occupied,2026-07-14T14:06:12.998777+00:00,244,truck,0.35118719935417175,2952,15.154186248779297,303.1164855957031,53.88850784301758,328.9056701660156
2026-07-14T14:09:19.739360+00:00,spot_17,Spot 17,Empty,2026-07-13T17:46:26.396031+00:00,,,,,,,,
2026-07-14T14:10:02.874807+00:00,spot_1,Spot 1,Occupied,2026-07-14T13:28:08.472682+00:00,235,car,0.8453899025917053,3343,571.2731323242188,318.3074951171875,608.4815063476562,361.56988525390625
2026-07-14T14:10:02.874807+00:00,spot_2,Spot 2,Occupied,2026-07-14T14:10:02.874807+00:00,261,truck,0.43907642364501953,1550,506.91607666015625,317.710205078125,557.0120239257812,365.78375244140625
2026-07-14T14:10:02.874807+00:00,spot_3,Spot 3,Empty,2026-07-14T14:08:30.363392+00:00,,,,,,,,
2026-07-14T14:10:02.874807+00:00,spot_4,Spot 4,Occupied,2026-07-14T14:06:12.998777+00:00,276,truck,0.6332910656929016,228,376.91693115234375,323.51849365234375,441.10467529296875,370.51953125
2026-07-14T14:10:02.874807+00:00,spot_5,Spot 5,Empty,2026-07-14T12:20:51.937411+00:00,,,,,,,,
2026-07-14T14:10:02.874807+00:00,spot_6,Spot 6,Occupied,2026-07-14T14:10:02.874807+00:00,278,truck,0.3802439570426941,186,291.87701416015625,327.9429626464844,352.34063720703125,361.3085021972656
2026-07-14T14:10:02.874807+00:00,spot_7,Spot 7,Empty,2026-07-14T00:18:43.510894+00:00,,,,,,,,
2026-07-14T14:10:02.874807+00:00,spot_8,Spot 8,Empty,2026-07-14T12:59:36.932053+00:00,,,,,,,,
2026-07-14T14:10:02.874807+00:00,spot_9,Spot 9,Empty,2026-07-14T03:02:23.964997+00:00,,,,,,,,
2026-07-14T14:10:02.874807+00:00,spot_10,Spot 10,Occupied,2026-07-14T14:10:02.874807+00:00,283,bus,0.40195438265800476,0,125.09691619873047,318.501220703125,183.0531005859375,345.90045166015625
2026-07-14T14:10:02.874807+00:00,spot_11,Spot 11,Empty,2026-07-14T13:20:07.064342+00:00,,,,,,,,
2026-07-14T14:10:02.874807+00:00,spot_12,Spot 12,Empty,2026-07-14T14:10:02.874807+00:00,,,,,,,,
2026-07-14T14:10:02.874807+00:00,spot_13,Spot 13,Empty,2026-07-14T13:25:36.239593+00:00,,,,,,,,
2026-07-14T14:10:02.874807+00:00,spot_14,Spot 14,Empty,2026-07-14T14:02:10.591672+00:00,,,,,,,,
2026-07-14T14:10:02.874807+00:00,spot_15,Spot 15,Empty,2026-07-14T13:50:28.652868+00:00,,,,,,,,
2026-07-14T14:10:02.874807+00:00,spot_16,Spot 16,Occupied,2026-07-14T14:06:12.998777+00:00,244,truck,0.5621349215507507,2995,14.224689483642578,303.2513732910156,53.65073776245117,329.0491027832031
2026-07-14T14:10:02.874807+00:00,spot_17,Spot 17,Empty,2026-07-13T17:46:26.396031+00:00,,,,,,,,
2026-07-14T14:10:46.023280+00:00,spot_1,Spot 1,Occupied,2026-07-14T13:28:08.472682+00:00,235,car,0.8453899025917053,3388,571.2731323242188,318.3074951171875,608.4815063476562,361.56988525390625
2026-07-14T14:10:46.023280+00:00,spot_2,Spot 2,Occupied,2026-07-14T14:10:02.874807+00:00,261,truck,0.43907642364501953,1594,506.91607666015625,317.710205078125,557.0120239257812,365.78375244140625
2026-07-14T14:10:46.023280+00:00,spot_3,Spot 3,Empty,2026-07-14T14:08:30.363392+00:00,,,,,,,,
2026-07-14T14:10:46.023280+00:00,spot_4,Spot 4,Occupied,2026-07-14T14:06:12.998777+00:00,276,truck,0.6332910656929016,272,376.91693115234375,323.51849365234375,441.10467529296875,370.51953125
2026-07-14T14:10:46.023280+00:00,spot_5,Spot 5,Empty,2026-07-14T12:20:51.937411+00:00,,,,,,,,
2026-07-14T14:10:46.023280+00:00,spot_6,Spot 6,Occupied,2026-07-14T14:10:02.874807+00:00,278,truck,0.3802439570426941,230,291.87701416015625,327.9429626464844,352.34063720703125,361.3085021972656
2026-07-14T14:10:46.023280+00:00,spot_7,Spot 7,Empty,2026-07-14T00:18:43.510894+00:00,,,,,,,,
2026-07-14T14:10:46.023280+00:00,spot_8,Spot 8,Empty,2026-07-14T12:59:36.932053+00:00,,,,,,,,
2026-07-14T14:10:46.023280+00:00,spot_9,Spot 9,Empty,2026-07-14T03:02:23.964997+00:00,,,,,,,,
2026-07-14T14:10:46.023280+00:00,spot_10,Spot 10,Occupied,2026-07-14T14:10:02.874807+00:00,283,bus,0.40195438265800476,44,125.09691619873047,318.501220703125,183.0531005859375,345.90045166015625
2026-07-14T14:10:46.023280+00:00,spot_11,Spot 11,Empty,2026-07-14T13:20:07.064342+00:00,,,,,,,,
2026-07-14T14:10:46.023280+00:00,spot_12,Spot 12,Empty,2026-07-14T14:10:02.874807+00:00,,,,,,,,
2026-07-14T14:10:46.023280+00:00,spot_13,Spot 13,Empty,2026-07-14T13:25:36.239593+00:00,,,,,,,,
2026-07-14T14:10:46.023280+00:00,spot_14,Spot 14,Empty,2026-07-14T14:02:10.591672+00:00,,,,,,,,
2026-07-14T14:10:46.023280+00:00,spot_15,Spot 15,Empty,2026-07-14T13:50:28.652868+00:00,,,,,,,,
2026-07-14T14:10:46.023280+00:00,spot_16,Spot 16,Occupied,2026-07-14T14:06:12.998777+00:00,244,truck,0.5621349215507507,3039,14.224689483642578,303.2513732910156,53.65073776245117,329.0491027832031
2026-07-14T14:10:46.023280+00:00,spot_17,Spot 17,Empty,2026-07-13T17:46:26.396031+00:00,,,,,,,,
2026-07-14T14:11:37.047903+00:00,spot_1,Spot 1,Occupied,2026-07-14T13:28:08.472682+00:00,235,car,0.8148018717765808,3438,571.2396240234375,318.6130676269531,608.44921875,361.9926452636719
2026-07-14T14:11:37.047903+00:00,spot_2,Spot 2,Occupied,2026-07-14T14:10:02.874807+00:00,261,truck,0.682622492313385,1644,507.26446533203125,318.54913330078125,553.5326538085938,366.19989013671875
2026-07-14T14:11:37.047903+00:00,spot_3,Spot 3,Empty,2026-07-14T14:08:30.363392+00:00,,,,,,,,
2026-07-14T14:11:37.047903+00:00,spot_4,Spot 4,Occupied,2026-07-14T14:06:12.998777+00:00,276,truck,0.35058334469795227,322,376.88031005859375,323.3590087890625,439.82415771484375,371.00006103515625
2026-07-14T14:11:37.047903+00:00,spot_5,Spot 5,Empty,2026-07-14T12:20:51.937411+00:00,,,,,,,,
2026-07-14T14:11:37.047903+00:00,spot_6,Spot 6,Occupied,2026-07-14T14:11:37.047903+00:00,270,car,0.501779317855835,614,291.81182861328125,327.82781982421875,352.34478759765625,361.18548583984375
2026-07-14T14:11:37.047903+00:00,spot_7,Spot 7,Empty,2026-07-14T00:18:43.510894+00:00,,,,,,,,
2026-07-14T14:11:37.047903+00:00,spot_8,Spot 8,Empty,2026-07-14T12:59:36.932053+00:00,,,,,,,,
2026-07-14T14:11:37.047903+00:00,spot_9,Spot 9,Empty,2026-07-14T03:02:23.964997+00:00,,,,,,,,
2026-07-14T14:11:37.047903+00:00,spot_10,Spot 10,Occupied,2026-07-14T14:10:02.874807+00:00,283,bus,0.38777658343315125,94,127.89520263671875,318.5386962890625,177.80252075195312,345.9180908203125
2026-07-14T14:11:37.047903+00:00,spot_11,Spot 11,Empty,2026-07-14T13:20:07.064342+00:00,,,,,,,,
2026-07-14T14:11:37.047903+00:00,spot_12,Spot 12,Empty,2026-07-14T14:10:02.874807+00:00,,,,,,,,
2026-07-14T14:11:37.047903+00:00,spot_13,Spot 13,Empty,2026-07-14T13:25:36.239593+00:00,,,,,,,,
2026-07-14T14:11:37.047903+00:00,spot_14,Spot 14,Empty,2026-07-14T14:02:10.591672+00:00,,,,,,,,
2026-07-14T14:11:37.047903+00:00,spot_15,Spot 15,Empty,2026-07-14T13:50:28.652868+00:00,,,,,,,,
2026-07-14T14:11:37.047903+00:00,spot_16,Spot 16,Empty,2026-07-14T14:11:37.047903+00:00,,,,,,,,
2026-07-14T14:11:37.047903+00:00,spot_17,Spot 17,Empty,2026-07-13T17:46:26.396031+00:00,,,,,,,,
2026-07-14T14:12:18.476193+00:00,spot_1,Spot 1,Occupied,2026-07-14T13:28:08.472682+00:00,235,car,0.8038892149925232,3479,570.74755859375,320.64111328125,608.4755859375,361.402099609375
2026-07-14T14:12:18.476193+00:00,spot_2,Spot 2,Occupied,2026-07-14T14:10:02.874807+00:00,261,truck,0.5510150790214539,1686,507.05029296875,319.62103271484375,553.60400390625,366.1156005859375
2026-07-14T14:12:18.476193+00:00,spot_3,Spot 3,Empty,2026-07-14T14:08:30.363392+00:00,,,,,,,,
2026-07-14T14:12:18.476193+00:00,spot_4,Spot 4,Occupied,2026-07-14T14:06:12.998777+00:00,276,truck,0.4413851499557495,364,376.84381103515625,324.97259521484375,440.64605712890625,369.11407470703125
2026-07-14T14:12:18.476193+00:00,spot_5,Spot 5,Empty,2026-07-14T12:20:51.937411+00:00,,,,,,,,
2026-07-14T14:12:18.476193+00:00,spot_6,Spot 6,Occupied,2026-07-14T14:12:18.476193+00:00,278,truck,0.6180076003074646,321,292.24688720703125,327.5797119140625,352.40496826171875,361.3172607421875
2026-07-14T14:12:18.476193+00:00,spot_7,Spot 7,Empty,2026-07-14T00:18:43.510894+00:00,,,,,,,,
2026-07-14T14:12:18.476193+00:00,spot_8,Spot 8,Empty,2026-07-14T12:59:36.932053+00:00,,,,,,,,
2026-07-14T14:12:18.476193+00:00,spot_9,Spot 9,Empty,2026-07-14T03:02:23.964997+00:00,,,,,,,,
2026-07-14T14:12:18.476193+00:00,spot_10,Spot 10,Occupied,2026-07-14T14:12:18.476193+00:00,284,truck,0.35473838448524475,0,122.24713134765625,318.48248291015625,183.73489379882812,345.7720947265625
2026-07-14T14:12:18.476193+00:00,spot_11,Spot 11,Empty,2026-07-14T13:20:07.064342+00:00,,,,,,,,
2026-07-14T14:12:18.476193+00:00,spot_12,Spot 12,Empty,2026-07-14T14:10:02.874807+00:00,,,,,,,,
2026-07-14T14:12:18.476193+00:00,spot_13,Spot 13,Empty,2026-07-14T13:25:36.239593+00:00,,,,,,,,
2026-07-14T14:12:18.476193+00:00,spot_14,Spot 14,Empty,2026-07-14T14:02:10.591672+00:00,,,,,,,,
2026-07-14T14:12:18.476193+00:00,spot_15,Spot 15,Empty,2026-07-14T13:50:28.652868+00:00,,,,,,,,
2026-07-14T14:12:18.476193+00:00,spot_16,Spot 16,Empty,2026-07-14T14:11:37.047903+00:00,,,,,,,,
2026-07-14T14:12:18.476193+00:00,spot_17,Spot 17,Empty,2026-07-13T17:46:26.396031+00:00,,,,,,,,
2026-07-14T14:13:00.718615+00:00,spot_1,Spot 1,Occupied,2026-07-14T13:28:08.472682+00:00,235,car,0.8038892149925232,3521,570.74755859375,320.64111328125,608.4755859375,361.402099609375
2026-07-14T14:13:00.718615+00:00,spot_2,Spot 2,Occupied,2026-07-14T14:10:02.874807+00:00,261,truck,0.5510150790214539,1728,507.05029296875,319.62103271484375,553.60400390625,366.1156005859375
2026-07-14T14:13:00.718615+00:00,spot_3,Spot 3,Empty,2026-07-14T14:08:30.363392+00:00,,,,,,,,
2026-07-14T14:13:00.718615+00:00,spot_4,Spot 4,Occupied,2026-07-14T14:06:12.998777+00:00,276,truck,0.4413851499557495,406,376.84381103515625,324.97259521484375,440.64605712890625,369.11407470703125
2026-07-14T14:13:00.718615+00:00,spot_5,Spot 5,Empty,2026-07-14T12:20:51.937411+00:00,,,,,,,,
2026-07-14T14:13:00.718615+00:00,spot_6,Spot 6,Occupied,2026-07-14T14:12:18.476193+00:00,278,truck,0.6180076003074646,364,292.24688720703125,327.5797119140625,352.40496826171875,361.3172607421875
2026-07-14T14:13:00.718615+00:00,spot_7,Spot 7,Empty,2026-07-14T00:18:43.510894+00:00,,,,,,,,
2026-07-14T14:13:00.718615+00:00,spot_8,Spot 8,Empty,2026-07-14T12:59:36.932053+00:00,,,,,,,,
2026-07-14T14:13:00.718615+00:00,spot_9,Spot 9,Empty,2026-07-14T03:02:23.964997+00:00,,,,,,,,
2026-07-14T14:13:00.718615+00:00,spot_10,Spot 10,Occupied,2026-07-14T14:12:18.476193+00:00,284,truck,0.35473838448524475,42,122.24713134765625,318.48248291015625,183.73489379882812,345.7720947265625
2026-07-14T14:13:00.718615+00:00,spot_11,Spot 11,Empty,2026-07-14T13:20:07.064342+00:00,,,,,,,,
2026-07-14T14:13:00.718615+00:00,spot_12,Spot 12,Empty,2026-07-14T14:10:02.874807+00:00,,,,,,,,
2026-07-14T14:13:00.718615+00:00,spot_13,Spot 13,Empty,2026-07-14T13:25:36.239593+00:00,,,,,,,,
2026-07-14T14:13:00.718615+00:00,spot_14,Spot 14,Empty,2026-07-14T14:02:10.591672+00:00,,,,,,,,
2026-07-14T14:13:00.718615+00:00,spot_15,Spot 15,Empty,2026-07-14T13:50:28.652868+00:00,,,,,,,,
2026-07-14T14:13:00.718615+00:00,spot_16,Spot 16,Empty,2026-07-14T14:11:37.047903+00:00,,,,,,,,
2026-07-14T14:13:00.718615+00:00,spot_17,Spot 17,Empty,2026-07-13T17:46:26.396031+00:00,,,,,,,,
2026-07-14T14:13:53.382998+00:00,spot_1,Spot 1,Occupied,2026-07-14T13:28:08.472682+00:00,235,car,0.7589690685272217,3574,571.1908569335938,317.58294677734375,608.0249633789062,361.62054443359375
2026-07-14T14:13:53.382998+00:00,spot_2,Spot 2,Occupied,2026-07-14T14:10:02.874807+00:00,261,truck,0.6613733172416687,1780,507.03515625,317.6334228515625,556.157470703125,367.219970703125
2026-07-14T14:13:53.382998+00:00,spot_3,Spot 3,Empty,2026-07-14T14:08:30.363392+00:00,,,,,,,,
2026-07-14T14:13:53.382998+00:00,spot_4,Spot 4,Occupied,2026-07-14T14:06:12.998777+00:00,276,truck,0.7995364665985107,458,376.8377685546875,324.1871337890625,440.9749755859375,371.4212646484375
2026-07-14T14:13:53.382998+00:00,spot_5,Spot 5,Empty,2026-07-14T12:20:51.937411+00:00,,,,,,,,
2026-07-14T14:13:53.382998+00:00,spot_6,Spot 6,Occupied,2026-07-14T14:13:53.382998+00:00,270,car,0.41794922947883606,750,292.1044921875,330.45458984375,320.08563232421875,360.8939208984375
2026-07-14T14:13:53.382998+00:00,spot_7,Spot 7,Empty,2026-07-14T00:18:43.510894+00:00,,,,,,,,
2026-07-14T14:13:53.382998+00:00,spot_8,Spot 8,Empty,2026-07-14T12:59:36.932053+00:00,,,,,,,,
2026-07-14T14:13:53.382998+00:00,spot_9,Spot 9,Empty,2026-07-14T03:02:23.964997+00:00,,,,,,,,
2026-07-14T14:13:53.382998+00:00,spot_10,Spot 10,Occupied,2026-07-14T14:12:18.476193+00:00,284,truck,0.3976411819458008,94,122.04944610595703,318.73046875,182.3424072265625,346.2576904296875
2026-07-14T14:13:53.382998+00:00,spot_11,Spot 11,Empty,2026-07-14T13:20:07.064342+00:00,,,,,,,,
2026-07-14T14:13:53.382998+00:00,spot_12,Spot 12,Empty,2026-07-14T14:10:02.874807+00:00,,,,,,,,
2026-07-14T14:13:53.382998+00:00,spot_13,Spot 13,Empty,2026-07-14T13:25:36.239593+00:00,,,,,,,,
2026-07-14T14:13:53.382998+00:00,spot_14,Spot 14,Occupied,2026-07-14T14:13:53.382998+00:00,285,car,0.5725131630897522,0,51.7330322265625,307.75604248046875,97.19471740722656,333.25469970703125
2026-07-14T14:13:53.382998+00:00,spot_15,Spot 15,Empty,2026-07-14T13:50:28.652868+00:00,,,,,,,,
2026-07-14T14:13:53.382998+00:00,spot_16,Spot 16,Empty,2026-07-14T14:11:37.047903+00:00,,,,,,,,
2026-07-14T14:13:53.382998+00:00,spot_17,Spot 17,Empty,2026-07-13T17:46:26.396031+00:00,,,,,,,,
2026-07-14T14:14:46.475841+00:00,spot_1,Spot 1,Occupied,2026-07-14T13:28:08.472682+00:00,235,car,0.824760377407074,3628,570.9786376953125,317.70501708984375,608.3333740234375,361.32879638671875
2026-07-14T14:14:46.475841+00:00,spot_2,Spot 2,Occupied,2026-07-14T14:10:02.874807+00:00,261,truck,0.6185212731361389,1834,507.39288330078125,317.9930419921875,556.1752319335938,366.5614013671875
2026-07-14T14:14:46.475841+00:00,spot_3,Spot 3,Empty,2026-07-14T14:08:30.363392+00:00,,,,,,,,
2026-07-14T14:14:46.475841+00:00,spot_4,Spot 4,Occupied,2026-07-14T14:06:12.998777+00:00,276,truck,0.558286726474762,512,376.99127197265625,323.5332946777344,440.93804931640625,369.5923767089844
2026-07-14T14:14:46.475841+00:00,spot_5,Spot 5,Empty,2026-07-14T12:20:51.937411+00:00,,,,,,,,
2026-07-14T14:14:46.475841+00:00,spot_6,Spot 6,Empty,2026-07-14T14:14:46.475841+00:00,,,,,,,,
2026-07-14T14:14:46.475841+00:00,spot_7,Spot 7,Empty,2026-07-14T00:18:43.510894+00:00,,,,,,,,
2026-07-14T14:14:46.475841+00:00,spot_8,Spot 8,Empty,2026-07-14T12:59:36.932053+00:00,,,,,,,,
2026-07-14T14:14:46.475841+00:00,spot_9,Spot 9,Empty,2026-07-14T03:02:23.964997+00:00,,,,,,,,
2026-07-14T14:14:46.475841+00:00,spot_10,Spot 10,Occupied,2026-07-14T14:14:46.475841+00:00,287,car,0.40817493200302124,0,126.95526885986328,318.524658203125,183.38287353515625,346.1634521484375
2026-07-14T14:14:46.475841+00:00,spot_11,Spot 11,Empty,2026-07-14T13:20:07.064342+00:00,,,,,,,,
2026-07-14T14:14:46.475841+00:00,spot_12,Spot 12,Empty,2026-07-14T14:10:02.874807+00:00,,,,,,,,
2026-07-14T14:14:46.475841+00:00,spot_13,Spot 13,Empty,2026-07-14T13:25:36.239593+00:00,,,,,,,,
2026-07-14T14:14:46.475841+00:00,spot_14,Spot 14,Empty,2026-07-14T14:14:46.475841+00:00,,,,,,,,
2026-07-14T14:14:46.475841+00:00,spot_15,Spot 15,Empty,2026-07-14T13:50:28.652868+00:00,,,,,,,,
2026-07-14T14:14:46.475841+00:00,spot_16,Spot 16,Occupied,2026-07-14T14:14:46.475841+00:00,286,truck,0.4367871880531311,0,15.190841674804688,303.5230712890625,54.026939392089844,329.51763916015625
2026-07-14T14:14:46.475841+00:00,spot_17,Spot 17,Empty,2026-07-13T17:46:26.396031+00:00,,,,,,,,
2026-07-14T14:15:28.270653+00:00,spot_1,Spot 1,Occupied,2026-07-14T13:28:08.472682+00:00,235,car,0.7934613823890686,3670,570.9576416015625,317.9256591796875,608.4171142578125,361.933837890625
2026-07-14T14:15:28.270653+00:00,spot_2,Spot 2,Occupied,2026-07-14T14:15:28.270653+00:00,288,car,0.4289889633655548,0,507.32110595703125,318.70947265625,554.0176391601562,366.6265869140625
2026-07-14T14:15:28.270653+00:00,spot_3,Spot 3,Empty,2026-07-14T14:08:30.363392+00:00,,,,,,,,
2026-07-14T14:15:28.270653+00:00,spot_4,Spot 4,Occupied,2026-07-14T14:06:12.998777+00:00,276,truck,0.3539492189884186,555,376.75775146484375,334.0355224609375,422.60272216796875,369.0133056640625
2026-07-14T14:15:28.270653+00:00,spot_5,Spot 5,Empty,2026-07-14T12:20:51.937411+00:00,,,,,,,,
2026-07-14T14:15:28.270653+00:00,spot_6,Spot 6,Occupied,2026-07-14T14:15:28.270653+00:00,270,car,0.5770329236984253,846,291.5809326171875,328.2864990234375,352.588134765625,361.49755859375
2026-07-14T14:15:28.270653+00:00,spot_7,Spot 7,Empty,2026-07-14T00:18:43.510894+00:00,,,,,,,,
2026-07-14T14:15:28.270653+00:00,spot_8,Spot 8,Empty,2026-07-14T12:59:36.932053+00:00,,,,,,,,
2026-07-14T14:15:28.270653+00:00,spot_9,Spot 9,Empty,2026-07-14T03:02:23.964997+00:00,,,,,,,,
2026-07-14T14:15:28.270653+00:00,spot_10,Spot 10,Empty,2026-07-14T14:15:28.270653+00:00,,,,,,,,
2026-07-14T14:15:28.270653+00:00,spot_11,Spot 11,Empty,2026-07-14T13:20:07.064342+00:00,,,,,,,,
2026-07-14T14:15:28.270653+00:00,spot_12,Spot 12,Empty,2026-07-14T14:10:02.874807+00:00,,,,,,,,
2026-07-14T14:15:28.270653+00:00,spot_13,Spot 13,Empty,2026-07-14T13:25:36.239593+00:00,,,,,,,,
2026-07-14T14:15:28.270653+00:00,spot_14,Spot 14,Empty,2026-07-14T14:14:46.475841+00:00,,,,,,,,
2026-07-14T14:15:28.270653+00:00,spot_15,Spot 15,Empty,2026-07-14T13:50:28.652868+00:00,,,,,,,,
2026-07-14T14:15:28.270653+00:00,spot_16,Spot 16,Empty,2026-07-14T14:15:28.270653+00:00,,,,,,,,
2026-07-14T14:15:28.270653+00:00,spot_17,Spot 17,Empty,2026-07-13T17:46:26.396031+00:00,,,,,,,,
2026-07-14T14:16:19.178376+00:00,spot_1,Spot 1,Occupied,2026-07-14T13:28:08.472682+00:00,235,car,0.8189314603805542,3721,571.255126953125,318.3251037597656,608.2783203125,361.4175720214844
2026-07-14T14:16:19.178376+00:00,spot_2,Spot 2,Occupied,2026-07-14T14:16:19.178376+00:00,261,truck,0.4969523251056671,1927,508.3053283691406,317.95062255859375,556.3204345703125,367.40423583984375
2026-07-14T14:16:19.178376+00:00,spot_3,Spot 3,Empty,2026-07-14T14:08:30.363392+00:00,,,,,,,,
2026-07-14T14:16:19.178376+00:00,spot_4,Spot 4,Occupied,2026-07-14T14:06:12.998777+00:00,276,truck,0.6968498826026917,605,376.97869873046875,323.34869384765625,441.164306640625,369.16552734375
2026-07-14T14:16:19.178376+00:00,spot_5,Spot 5,Empty,2026-07-14T12:20:51.937411+00:00,,,,,,,,
2026-07-14T14:16:19.178376+00:00,spot_6,Spot 6,Occupied,2026-07-14T14:16:19.178376+00:00,289,truck,0.4497721195220947,0,292.10845947265625,328.0645751953125,352.4246826171875,360.9749755859375
2026-07-14T14:16:19.178376+00:00,spot_7,Spot 7,Empty,2026-07-14T00:18:43.510894+00:00,,,,,,,,
2026-07-14T14:16:19.178376+00:00,spot_8,Spot 8,Empty,2026-07-14T12:59:36.932053+00:00,,,,,,,,
2026-07-14T14:16:19.178376+00:00,spot_9,Spot 9,Empty,2026-07-14T03:02:23.964997+00:00,,,,,,,,
2026-07-14T14:16:19.178376+00:00,spot_10,Spot 10,Occupied,2026-07-14T14:16:19.178376+00:00,287,car,0.5700286626815796,93,129.74151611328125,318.74371337890625,183.98260498046875,345.60296630859375
2026-07-14T14:16:19.178376+00:00,spot_11,Spot 11,Empty,2026-07-14T13:20:07.064342+00:00,,,,,,,,
2026-07-14T14:16:19.178376+00:00,spot_12,Spot 12,Empty,2026-07-14T14:10:02.874807+00:00,,,,,,,,
2026-07-14T14:16:19.178376+00:00,spot_13,Spot 13,Empty,2026-07-14T13:25:36.239593+00:00,,,,,,,,
2026-07-14T14:16:19.178376+00:00,spot_14,Spot 14,Empty,2026-07-14T14:14:46.475841+00:00,,,,,,,,
2026-07-14T14:16:19.178376+00:00,spot_15,Spot 15,Empty,2026-07-14T13:50:28.652868+00:00,,,,,,,,
2026-07-14T14:16:19.178376+00:00,spot_16,Spot 16,Occupied,2026-07-14T14:16:19.178376+00:00,286,truck,0.42954176664352417,93,14.974002838134766,303.467041015625,55.429813385009766,329.04376220703125
2026-07-14T14:16:19.178376+00:00,spot_17,Spot 17,Empty,2026-07-13T17:46:26.396031+00:00,,,,,,,,
2026-07-14T14:17:23.238327+00:00,spot_1,Spot 1,Occupied,2026-07-14T13:28:08.472682+00:00,235,car,0.7821048498153687,3789,570.6138916015625,318.4832763671875,608.4158935546875,361.7772216796875
2026-07-14T14:17:23.238327+00:00,spot_2,Spot 2,Occupied,2026-07-14T14:16:19.178376+00:00,261,truck,0.6644744277000427,1995,507.7162780761719,318.27069091796875,555.936767578125,366.36309814453125
2026-07-14T14:17:23.238327+00:00,spot_3,Spot 3,Empty,2026-07-14T14:08:30.363392+00:00,,,,,,,,
2026-07-14T14:17:23.238327+00:00,spot_4,Spot 4,Occupied,2026-07-14T14:06:12.998777+00:00,276,truck,0.35478031635284424,673,377.0917053222656,326.56109619140625,425.3676452636719,369.539794921875
2026-07-14T14:17:23.238327+00:00,spot_5,Spot 5,Empty,2026-07-14T12:20:51.937411+00:00,,,,,,,,
2026-07-14T14:17:23.238327+00:00,spot_6,Spot 6,Occupied,2026-07-14T14:17:23.238327+00:00,270,car,0.42130833864212036,965,291.84130859375,326.59381103515625,352.652587890625,361.98773193359375
2026-07-14T14:17:23.238327+00:00,spot_7,Spot 7,Empty,2026-07-14T00:18:43.510894+00:00,,,,,,,,
2026-07-14T14:17:23.238327+00:00,spot_8,Spot 8,Empty,2026-07-14T12:59:36.932053+00:00,,,,,,,,
2026-07-14T14:17:23.238327+00:00,spot_9,Spot 9,Empty,2026-07-14T03:02:23.964997+00:00,,,,,,,,
2026-07-14T14:17:23.238327+00:00,spot_10,Spot 10,Occupied,2026-07-14T14:16:19.178376+00:00,287,car,0.4180942475795746,160,128.8346710205078,318.88885498046875,183.3574981689453,345.694580078125
2026-07-14T14:17:23.238327+00:00,spot_11,Spot 11,Empty,2026-07-14T13:20:07.064342+00:00,,,,,,,,
2026-07-14T14:17:23.238327+00:00,spot_12,Spot 12,Empty,2026-07-14T14:10:02.874807+00:00,,,,,,,,
2026-07-14T14:17:23.238327+00:00,spot_13,Spot 13,Empty,2026-07-14T13:25:36.239593+00:00,,,,,,,,
2026-07-14T14:17:23.238327+00:00,spot_14,Spot 14,Empty,2026-07-14T14:14:46.475841+00:00,,,,,,,,
2026-07-14T14:17:23.238327+00:00,spot_15,Spot 15,Empty,2026-07-14T13:50:28.652868+00:00,,,,,,,,
2026-07-14T14:17:23.238327+00:00,spot_16,Spot 16,Empty,2026-07-14T14:17:23.238327+00:00,,,,,,,,
2026-07-14T14:17:23.238327+00:00,spot_17,Spot 17,Empty,2026-07-13T17:46:26.396031+00:00,,,,,,,,
2026-07-14T14:18:14.779369+00:00,spot_1,Spot 1,Occupied,2026-07-14T13:28:08.472682+00:00,235,car,0.7821048498153687,3838,570.6138916015625,318.4832763671875,608.4158935546875,361.7772216796875
2026-07-14T14:18:14.779369+00:00,spot_2,Spot 2,Occupied,2026-07-14T14:16:19.178376+00:00,261,truck,0.6644744277000427,2044,507.7162780761719,318.27069091796875,555.936767578125,366.36309814453125
2026-07-14T14:18:14.779369+00:00,spot_3,Spot 3,Empty,2026-07-14T14:08:30.363392+00:00,,,,,,,,
2026-07-14T14:18:14.779369+00:00,spot_4,Spot 4,Occupied,2026-07-14T14:06:12.998777+00:00,276,truck,0.35478031635284424,722,377.0917053222656,326.56109619140625,425.3676452636719,369.539794921875
2026-07-14T14:18:14.779369+00:00,spot_5,Spot 5,Empty,2026-07-14T12:20:51.937411+00:00,,,,,,,,
2026-07-14T14:18:14.779369+00:00,spot_6,Spot 6,Occupied,2026-07-14T14:17:23.238327+00:00,270,car,0.42130833864212036,1014,291.84130859375,326.59381103515625,352.652587890625,361.98773193359375
2026-07-14T14:18:14.779369+00:00,spot_7,Spot 7,Empty,2026-07-14T00:18:43.510894+00:00,,,,,,,,
2026-07-14T14:18:14.779369+00:00,spot_8,Spot 8,Empty,2026-07-14T12:59:36.932053+00:00,,,,,,,,
2026-07-14T14:18:14.779369+00:00,spot_9,Spot 9,Empty,2026-07-14T03:02:23.964997+00:00,,,,,,,,
2026-07-14T14:18:14.779369+00:00,spot_10,Spot 10,Occupied,2026-07-14T14:16:19.178376+00:00,287,car,0.4180942475795746,209,128.8346710205078,318.88885498046875,183.3574981689453,345.694580078125
2026-07-14T14:18:14.779369+00:00,spot_11,Spot 11,Empty,2026-07-14T13:20:07.064342+00:00,,,,,,,,
2026-07-14T14:18:14.779369+00:00,spot_12,Spot 12,Empty,2026-07-14T14:10:02.874807+00:00,,,,,,,,
2026-07-14T14:18:14.779369+00:00,spot_13,Spot 13,Empty,2026-07-14T13:25:36.239593+00:00,,,,,,,,
2026-07-14T14:18:14.779369+00:00,spot_14,Spot 14,Empty,2026-07-14T14:14:46.475841+00:00,,,,,,,,
2026-07-14T14:18:14.779369+00:00,spot_15,Spot 15,Empty,2026-07-14T13:50:28.652868+00:00,,,,,,,,
2026-07-14T14:18:14.779369+00:00,spot_16,Spot 16,Empty,2026-07-14T14:17:23.238327+00:00,,,,,,,,
2026-07-14T14:18:14.779369+00:00,spot_17,Spot 17,Empty,2026-07-13T17:46:26.396031+00:00,,,,,,,,
2026-07-14T14:19:07.645906+00:00,spot_1,Spot 1,Occupied,2026-07-14T14:19:07.645906+00:00,290,truck,0.3767254650592804,0,569.9368896484375,317.66162109375,608.2427978515625,361.7288818359375
2026-07-14T14:19:07.645906+00:00,spot_2,Spot 2,Occupied,2026-07-14T14:16:19.178376+00:00,261,truck,0.725506603717804,2096,507.6223449707031,318.015380859375,556.10302734375,366.3153076171875
2026-07-14T14:19:07.645906+00:00,spot_3,Spot 3,Empty,2026-07-14T14:08:30.363392+00:00,,,,,,,,
2026-07-14T14:19:07.645906+00:00,spot_4,Spot 4,Occupied,2026-07-14T14:06:12.998777+00:00,276,truck,0.5604681372642517,774,376.9354553222656,323.779052734375,440.8243103027344,369.39739990234375
2026-07-14T14:19:07.645906+00:00,spot_5,Spot 5,Empty,2026-07-14T12:20:51.937411+00:00,,,,,,,,
2026-07-14T14:19:07.645906+00:00,spot_6,Spot 6,Occupied,2026-07-14T14:19:07.645906+00:00,289,truck,0.5853782296180725,168,292.01678466796875,327.0234680175781,352.75408935546875,361.8738708496094
2026-07-14T14:19:07.645906+00:00,spot_7,Spot 7,Empty,2026-07-14T00:18:43.510894+00:00,,,,,,,,
2026-07-14T14:19:07.645906+00:00,spot_8,Spot 8,Empty,2026-07-14T12:59:36.932053+00:00,,,,,,,,
2026-07-14T14:19:07.645906+00:00,spot_9,Spot 9,Empty,2026-07-14T03:02:23.964997+00:00,,,,,,,,
2026-07-14T14:19:07.645906+00:00,spot_10,Spot 10,Occupied,2026-07-14T14:19:07.645906+00:00,291,truck,0.36656978726387024,0,129.5556640625,318.5574645996094,183.7764892578125,346.1947937011719
2026-07-14T14:19:07.645906+00:00,spot_11,Spot 11,Empty,2026-07-14T13:20:07.064342+00:00,,,,,,,,
2026-07-14T14:19:07.645906+00:00,spot_12,Spot 12,Empty,2026-07-14T14:10:02.874807+00:00,,,,,,,,
2026-07-14T14:19:07.645906+00:00,spot_13,Spot 13,Empty,2026-07-14T13:25:36.239593+00:00,,,,,,,,
2026-07-14T14:19:07.645906+00:00,spot_14,Spot 14,Empty,2026-07-14T14:14:46.475841+00:00,,,,,,,,
2026-07-14T14:19:07.645906+00:00,spot_15,Spot 15,Empty,2026-07-14T13:50:28.652868+00:00,,,,,,,,
2026-07-14T14:19:07.645906+00:00,spot_16,Spot 16,Empty,2026-07-14T14:17:23.238327+00:00,,,,,,,,
2026-07-14T14:19:07.645906+00:00,spot_17,Spot 17,Empty,2026-07-13T17:46:26.396031+00:00,,,,,,,,
2026-07-14T14:19:59.708798+00:00,spot_1,Spot 1,Occupied,2026-07-14T14:19:59.708798+00:00,235,car,0.802081823348999,3942,570.8248901367188,321.55615234375,608.4014282226562,362.3447265625
2026-07-14T14:19:59.708798+00:00,spot_2,Spot 2,Occupied,2026-07-14T14:16:19.178376+00:00,261,truck,0.626727819442749,2149,507.77447509765625,318.27728271484375,555.7485961914062,366.61712646484375
2026-07-14T14:19:59.708798+00:00,spot_3,Spot 3,Empty,2026-07-14T14:08:30.363392+00:00,,,,,,,,
2026-07-14T14:19:59.708798+00:00,spot_4,Spot 4,Occupied,2026-07-14T14:19:59.708798+00:00,293,car,0.4030596613883972,0,376.12042236328125,324.01605224609375,441.1324462890625,370.96990966796875
2026-07-14T14:19:59.708798+00:00,spot_5,Spot 5,Empty,2026-07-14T12:20:51.937411+00:00,,,,,,,,
2026-07-14T14:19:59.708798+00:00,spot_6,Spot 6,Occupied,2026-07-14T14:19:59.708798+00:00,270,car,0.6469866037368774,1118,291.7919006347656,327.78790283203125,352.5813903808594,361.58270263671875
2026-07-14T14:19:59.708798+00:00,spot_7,Spot 7,Empty,2026-07-14T00:18:43.510894+00:00,,,,,,,,
2026-07-14T14:19:59.708798+00:00,spot_8,Spot 8,Empty,2026-07-14T12:59:36.932053+00:00,,,,,,,,
2026-07-14T14:19:59.708798+00:00,spot_9,Spot 9,Empty,2026-07-14T03:02:23.964997+00:00,,,,,,,,
2026-07-14T14:19:59.708798+00:00,spot_10,Spot 10,Occupied,2026-07-14T14:19:59.708798+00:00,287,car,0.3573935925960541,314,123.74615478515625,318.519287109375,183.59588623046875,346.0164794921875
2026-07-14T14:19:59.708798+00:00,spot_11,Spot 11,Empty,2026-07-14T13:20:07.064342+00:00,,,,,,,,
2026-07-14T14:19:59.708798+00:00,spot_12,Spot 12,Occupied,2026-07-14T14:19:59.708798+00:00,292,car,0.4435632526874542,0,87.33865356445312,313.6200866699219,128.86871337890625,339.5646667480469
2026-07-14T14:19:59.708798+00:00,spot_13,Spot 13,Empty,2026-07-14T13:25:36.239593+00:00,,,,,,,,
2026-07-14T14:19:59.708798+00:00,spot_14,Spot 14,Empty,2026-07-14T14:14:46.475841+00:00,,,,,,,,
2026-07-14T14:19:59.708798+00:00,spot_15,Spot 15,Empty,2026-07-14T13:50:28.652868+00:00,,,,,,,,
2026-07-14T14:19:59.708798+00:00,spot_16,Spot 16,Empty,2026-07-14T14:17:23.238327+00:00,,,,,,,,
2026-07-14T14:19:59.708798+00:00,spot_17,Spot 17,Empty,2026-07-13T17:46:26.396031+00:00,,,,,,,,
2026-07-14T14:20:54.087004+00:00,spot_1,Spot 1,Occupied,2026-07-14T14:19:59.708798+00:00,235,car,0.7426609396934509,3995,571.1026611328125,318.28466796875,608.0689697265625,362.2054443359375
2026-07-14T14:20:54.087004+00:00,spot_2,Spot 2,Occupied,2026-07-14T14:16:19.178376+00:00,261,truck,0.6275291442871094,2202,507.64013671875,318.212890625,556.027099609375,367.1829833984375
2026-07-14T14:20:54.087004+00:00,spot_3,Spot 3,Empty,2026-07-14T14:08:30.363392+00:00,,,,,,,,
2026-07-14T14:20:54.087004+00:00,spot_4,Spot 4,Occupied,2026-07-14T14:19:59.708798+00:00,293,car,0.35577118396759033,53,376.798095703125,334.0816345214844,416.85504150390625,368.9535827636719
2026-07-14T14:20:54.087004+00:00,spot_5,Spot 5,Empty,2026-07-14T12:20:51.937411+00:00,,,,,,,,
2026-07-14T14:20:54.087004+00:00,spot_6,Spot 6,Occupied,2026-07-14T14:19:59.708798+00:00,270,car,0.6563860177993774,1172,291.68994140625,327.22784423828125,352.3875732421875,361.62908935546875
2026-07-14T14:20:54.087004+00:00,spot_7,Spot 7,Empty,2026-07-14T00:18:43.510894+00:00,,,,,,,,
2026-07-14T14:20:54.087004+00:00,spot_8,Spot 8,Occupied,2026-07-14T14:20:54.087004+00:00,294,car,0.7707321643829346,0,218.29290771484375,327.2818603515625,275.8971862792969,354.878662109375
2026-07-14T14:20:54.087004+00:00,spot_9,Spot 9,Empty,2026-07-14T03:02:23.964997+00:00,,,,,,,,
2026-07-14T14:20:54.087004+00:00,spot_10,Spot 10,Occupied,2026-07-14T14:19:59.708798+00:00,287,car,0.4098215699195862,367,122.42817687988281,318.63043212890625,183.79188537597656,346.70440673828125
2026-07-14T14:20:54.087004+00:00,spot_11,Spot 11,Empty,2026-07-14T13:20:07.064342+00:00,,,,,,,,
2026-07-14T14:20:54.087004+00:00,spot_12,Spot 12,Occupied,2026-07-14T14:19:59.708798+00:00,292,car,0.4896984100341797,53,89.04493713378906,313.41259765625,130.69493103027344,339.8604736328125
2026-07-14T14:20:54.087004+00:00,spot_13,Spot 13,Empty,2026-07-14T13:25:36.239593+00:00,,,,,,,,
2026-07-14T14:20:54.087004+00:00,spot_14,Spot 14,Occupied,2026-07-14T14:20:54.087004+00:00,296,car,0.41986116766929626,0,52.64849090576172,308.6126708984375,86.34430694580078,333.6600341796875
2026-07-14T14:20:54.087004+00:00,spot_15,Spot 15,Empty,2026-07-14T13:50:28.652868+00:00,,,,,,,,
2026-07-14T14:20:54.087004+00:00,spot_16,Spot 16,Occupied,2026-07-14T14:20:54.087004+00:00,295,truck,0.4420521557331085,0,14.477575302124023,303.3509521484375,54.66248321533203,329.7015380859375
2026-07-14T14:20:54.087004+00:00,spot_17,Spot 17,Empty,2026-07-13T17:46:26.396031+00:00,,,,,,,,
2026-07-14T14:21:44.348342+00:00,spot_1,Spot 1,Occupied,2026-07-14T14:19:59.708798+00:00,235,car,0.764809787273407,4045,571.011474609375,318.0080261230469,608.2197265625,362.5616149902344
2026-07-14T14:21:44.348342+00:00,spot_2,Spot 2,Occupied,2026-07-14T14:16:19.178376+00:00,261,truck,0.5727596282958984,2252,507.57489013671875,318.1393127441406,556.1047973632812,366.2416076660156
2026-07-14T14:21:44.348342+00:00,spot_3,Spot 3,Empty,2026-07-14T14:08:30.363392+00:00,,,,,,,,
2026-07-14T14:21:44.348342+00:00,spot_4,Spot 4,Occupied,2026-07-14T14:21:44.348342+00:00,276,truck,0.6522092223167419,930,376.2905578613281,323.61907958984375,440.1117858886719,369.98614501953125
2026-07-14T14:21:44.348342+00:00,spot_5,Spot 5,Empty,2026-07-14T12:20:51.937411+00:00,,,,,,,,
2026-07-14T14:21:44.348342+00:00,spot_6,Spot 6,Empty,2026-07-14T14:21:44.348342+00:00,,,,,,,,
2026-07-14T14:21:44.348342+00:00,spot_7,Spot 7,Empty,2026-07-14T00:18:43.510894+00:00,,,,,,,,
2026-07-14T14:21:44.348342+00:00,spot_8,Spot 8,Occupied,2026-07-14T14:20:54.087004+00:00,294,car,0.41901448369026184,49,217.84262084960938,327.3245849609375,272.8037109375,356.90667724609375
2026-07-14T14:21:44.348342+00:00,spot_9,Spot 9,Empty,2026-07-14T03:02:23.964997+00:00,,,,,,,,
2026-07-14T14:21:44.348342+00:00,spot_10,Spot 10,Occupied,2026-07-14T14:19:59.708798+00:00,287,car,0.5299490690231323,417,126.583740234375,318.38336181640625,184.50985717773438,345.90496826171875
2026-07-14T14:21:44.348342+00:00,spot_11,Spot 11,Empty,2026-07-14T13:20:07.064342+00:00,,,,,,,,
2026-07-14T14:21:44.348342+00:00,spot_12,Spot 12,Occupied,2026-07-14T14:19:59.708798+00:00,292,car,0.4635118544101715,103,91.576904296875,313.5774230957031,127.94772338867188,340.1403503417969
2026-07-14T14:21:44.348342+00:00,spot_13,Spot 13,Empty,2026-07-14T13:25:36.239593+00:00,,,,,,,,
2026-07-14T14:21:44.348342+00:00,spot_14,Spot 14,Occupied,2026-07-14T14:20:54.087004+00:00,296,car,0.48440366983413696,49,53.397701263427734,309.1662292480469,87.0826416015625,333.8959655761719
2026-07-14T14:21:44.348342+00:00,spot_15,Spot 15,Empty,2026-07-14T13:50:28.652868+00:00,,,,,,,,
2026-07-14T14:21:44.348342+00:00,spot_16,Spot 16,Occupied,2026-07-14T14:20:54.087004+00:00,295,truck,0.5212734341621399,49,14.899894714355469,303.5217590332031,54.14226531982422,328.9819030761719
2026-07-14T14:21:44.348342+00:00,spot_17,Spot 17,Empty,2026-07-13T17:46:26.396031+00:00,,,,,,,,
2026-07-14T14:22:27.876407+00:00,spot_1,Spot 1,Occupied,2026-07-14T14:19:59.708798+00:00,235,car,0.835737407207489,4092,570.806884765625,320.0902099609375,608.203125,362.1759033203125
2026-07-14T14:22:27.876407+00:00,spot_2,Spot 2,Occupied,2026-07-14T14:22:27.876407+00:00,297,car,0.7134881615638733,0,507.43603515625,318.4486083984375,556.185546875,366.729248046875
2026-07-14T14:22:27.876407+00:00,spot_3,Spot 3,Empty,2026-07-14T14:08:30.363392+00:00,,,,,,,,
2026-07-14T14:22:27.876407+00:00,spot_4,Spot 4,Occupied,2026-07-14T14:21:44.348342+00:00,276,truck,0.777219831943512,977,376.08453369140625,323.10955810546875,440.95501708984375,370.15875244140625
2026-07-14T14:22:27.876407+00:00,spot_5,Spot 5,Empty,2026-07-14T12:20:51.937411+00:00,,,,,,,,
2026-07-14T14:22:27.876407+00:00,spot_6,Spot 6,Occupied,2026-07-14T14:22:27.876407+00:00,270,car,0.5757126808166504,1269,292.20733642578125,328.0789794921875,352.41546630859375,362.0849609375
2026-07-14T14:22:27.876407+00:00,spot_7,Spot 7,Empty,2026-07-14T00:18:43.510894+00:00,,,,,,,,
2026-07-14T14:22:27.876407+00:00,spot_8,Spot 8,Occupied,2026-07-14T14:20:54.087004+00:00,294,car,0.7302855849266052,96,217.41134643554688,327.1120300292969,276.0211486816406,354.9678649902344
2026-07-14T14:22:27.876407+00:00,spot_9,Spot 9,Empty,2026-07-14T03:02:23.964997+00:00,,,,,,,,
2026-07-14T14:22:27.876407+00:00,spot_10,Spot 10,Empty,2026-07-14T14:22:27.876407+00:00,,,,,,,,
2026-07-14T14:22:27.876407+00:00,spot_11,Spot 11,Occupied,2026-07-14T14:22:27.876407+00:00,287,car,0.38347938656806946,464,124.796875,318.79278564453125,177.81491088867188,345.92193603515625
2026-07-14T14:22:27.876407+00:00,spot_12,Spot 12,Empty,2026-07-14T14:22:27.876407+00:00,,,,,,,,
2026-07-14T14:22:27.876407+00:00,spot_13,Spot 13,Empty,2026-07-14T13:25:36.239593+00:00,,,,,,,,
2026-07-14T14:22:27.876407+00:00,spot_14,Spot 14,Empty,2026-07-14T14:22:27.876407+00:00,,,,,,,,
2026-07-14T14:22:27.876407+00:00,spot_15,Spot 15,Empty,2026-07-14T13:50:28.652868+00:00,,,,,,,,
2026-07-14T14:22:27.876407+00:00,spot_16,Spot 16,Occupied,2026-07-14T14:20:54.087004+00:00,295,truck,0.3662463426589966,96,14.939920425415039,303.427490234375,54.212181091308594,328.470458984375
2026-07-14T14:22:27.876407+00:00,spot_17,Spot 17,Empty,2026-07-13T17:46:26.396031+00:00,,,,,,,,
2026-07-14T14:23:19.500547+00:00,spot_1,Spot 1,Occupied,2026-07-14T14:19:59.708798+00:00,235,car,0.835737407207489,4143,570.806884765625,320.0902099609375,608.203125,362.1759033203125
2026-07-14T14:23:19.500547+00:00,spot_2,Spot 2,Occupied,2026-07-14T14:22:27.876407+00:00,297,car,0.7134881615638733,50,507.43603515625,318.4486083984375,556.185546875,366.729248046875
2026-07-14T14:23:19.500547+00:00,spot_3,Spot 3,Empty,2026-07-14T14:08:30.363392+00:00,,,,,,,,
2026-07-14T14:23:19.500547+00:00,spot_4,Spot 4,Occupied,2026-07-14T14:21:44.348342+00:00,276,truck,0.777219831943512,1027,376.08453369140625,323.10955810546875,440.95501708984375,370.15875244140625
2026-07-14T14:23:19.500547+00:00,spot_5,Spot 5,Empty,2026-07-14T12:20:51.937411+00:00,,,,,,,,
2026-07-14T14:23:19.500547+00:00,spot_6,Spot 6,Occupied,2026-07-14T14:22:27.876407+00:00,270,car,0.5757126808166504,1319,292.20733642578125,328.0789794921875,352.41546630859375,362.0849609375
2026-07-14T14:23:19.500547+00:00,spot_7,Spot 7,Empty,2026-07-14T00:18:43.510894+00:00,,,,,,,,
2026-07-14T14:23:19.500547+00:00,spot_8,Spot 8,Occupied,2026-07-14T14:20:54.087004+00:00,294,car,0.7302855849266052,147,217.41134643554688,327.1120300292969,276.0211486816406,354.9678649902344
2026-07-14T14:23:19.500547+00:00,spot_9,Spot 9,Empty,2026-07-14T03:02:23.964997+00:00,,,,,,,,
2026-07-14T14:23:19.500547+00:00,spot_10,Spot 10,Empty,2026-07-14T14:22:27.876407+00:00,,,,,,,,
2026-07-14T14:23:19.500547+00:00,spot_11,Spot 11,Occupied,2026-07-14T14:22:27.876407+00:00,287,car,0.38347938656806946,514,124.796875,318.79278564453125,177.81491088867188,345.92193603515625
2026-07-14T14:23:19.500547+00:00,spot_12,Spot 12,Empty,2026-07-14T14:22:27.876407+00:00,,,,,,,,
2026-07-14T14:23:19.500547+00:00,spot_13,Spot 13,Empty,2026-07-14T13:25:36.239593+00:00,,,,,,,,
2026-07-14T14:23:19.500547+00:00,spot_14,Spot 14,Empty,2026-07-14T14:22:27.876407+00:00,,,,,,,,
2026-07-14T14:23:19.500547+00:00,spot_15,Spot 15,Empty,2026-07-14T13:50:28.652868+00:00,,,,,,,,
2026-07-14T14:23:19.500547+00:00,spot_16,Spot 16,Occupied,2026-07-14T14:20:54.087004+00:00,295,truck,0.3662463426589966,147,14.939920425415039,303.427490234375,54.212181091308594,328.470458984375
2026-07-14T14:23:19.500547+00:00,spot_17,Spot 17,Empty,2026-07-13T17:46:26.396031+00:00,,,,,,,,
2026-07-14T14:24:11.159654+00:00,spot_1,Spot 1,Occupied,2026-07-14T14:19:59.708798+00:00,235,car,0.7152408361434937,4193,571.185791015625,317.9578857421875,608.226318359375,361.64459228515625
2026-07-14T14:24:11.159654+00:00,spot_2,Spot 2,Occupied,2026-07-14T14:24:11.159654+00:00,261,truck,0.7370348572731018,2400,508.0208740234375,317.3798828125,556.10888671875,366.09716796875
2026-07-14T14:24:11.159654+00:00,spot_3,Spot 3,Empty,2026-07-14T14:08:30.363392+00:00,,,,,,,,
2026-07-14T14:24:11.159654+00:00,spot_4,Spot 4,Occupied,2026-07-14T14:24:11.159654+00:00,298,car,0.4686288833618164,0,376.24267578125,333.98785400390625,420.3062744140625,368.72991943359375
2026-07-14T14:24:11.159654+00:00,spot_5,Spot 5,Empty,2026-07-14T12:20:51.937411+00:00,,,,,,,,
2026-07-14T14:24:11.159654+00:00,spot_6,Spot 6,Occupied,2026-07-14T14:22:27.876407+00:00,270,car,0.715911865234375,1370,291.9892578125,326.3048095703125,352.66455078125,361.6580810546875
2026-07-14T14:24:11.159654+00:00,spot_7,Spot 7,Empty,2026-07-14T00:18:43.510894+00:00,,,,,,,,
2026-07-14T14:24:11.159654+00:00,spot_8,Spot 8,Occupied,2026-07-14T14:20:54.087004+00:00,294,car,0.7883008122444153,197,217.35748291015625,327.3477783203125,276.1983642578125,354.269775390625
2026-07-14T14:24:11.159654+00:00,spot_9,Spot 9,Empty,2026-07-14T03:02:23.964997+00:00,,,,,,,,
2026-07-14T14:24:11.159654+00:00,spot_10,Spot 10,Occupied,2026-07-14T14:24:11.159654+00:00,287,car,0.5073332190513611,565,129.58200073242188,318.7477722167969,183.04696655273438,345.7747497558594
2026-07-14T14:24:11.159654+00:00,spot_11,Spot 11,Empty,2026-07-14T14:24:11.159654+00:00,,,,,,,,
2026-07-14T14:24:11.159654+00:00,spot_12,Spot 12,Empty,2026-07-14T14:22:27.876407+00:00,,,,,,,,
2026-07-14T14:24:11.159654+00:00,spot_13,Spot 13,Empty,2026-07-14T13:25:36.239593+00:00,,,,,,,,
2026-07-14T14:24:11.159654+00:00,spot_14,Spot 14,Occupied,2026-07-14T14:24:11.159654+00:00,296,car,0.37214547395706177,197,54.10552978515625,312.5183410644531,87.84559631347656,333.3532409667969
2026-07-14T14:24:11.159654+00:00,spot_15,Spot 15,Empty,2026-07-14T13:50:28.652868+00:00,,,,,,,,
2026-07-14T14:24:11.159654+00:00,spot_16,Spot 16,Empty,2026-07-14T14:24:11.159654+00:00,,,,,,,,
2026-07-14T14:24:11.159654+00:00,spot_17,Spot 17,Empty,2026-07-13T17:46:26.396031+00:00,,,,,,,,
2026-07-14T14:24:54.937796+00:00,spot_1,Spot 1,Occupied,2026-07-14T14:19:59.708798+00:00,235,car,0.4891786575317383,4236,570.8475341796875,317.5732421875,608.4449462890625,361.5146484375
2026-07-14T14:24:54.937796+00:00,spot_2,Spot 2,Occupied,2026-07-14T14:24:11.159654+00:00,261,truck,0.5835524201393127,2443,507.501953125,317.8176574707031,556.26708984375,366.4526672363281
2026-07-14T14:24:54.937796+00:00,spot_3,Spot 3,Empty,2026-07-14T14:08:30.363392+00:00,,,,,,,,
2026-07-14T14:24:54.937796+00:00,spot_4,Spot 4,Empty,2026-07-14T14:24:54.937796+00:00,,,,,,,,
2026-07-14T14:24:54.937796+00:00,spot_5,Spot 5,Empty,2026-07-14T12:20:51.937411+00:00,,,,,,,,
2026-07-14T14:24:54.937796+00:00,spot_6,Spot 6,Occupied,2026-07-14T14:22:27.876407+00:00,270,car,0.6300927400588989,1412,291.7877502441406,327.5951843261719,352.5061340332031,361.7929382324219
2026-07-14T14:24:54.937796+00:00,spot_7,Spot 7,Empty,2026-07-14T00:18:43.510894+00:00,,,,,,,,
2026-07-14T14:24:54.937796+00:00,spot_8,Spot 8,Occupied,2026-07-14T14:20:54.087004+00:00,294,car,0.8120977282524109,240,217.2900390625,327.1816711425781,276.65338134765625,354.6741638183594
2026-07-14T14:24:54.937796+00:00,spot_9,Spot 9,Empty,2026-07-14T03:02:23.964997+00:00,,,,,,,,
2026-07-14T14:24:54.937796+00:00,spot_10,Spot 10,Occupied,2026-07-14T14:24:11.159654+00:00,287,car,0.3878940939903259,608,128.6298065185547,318.69256591796875,183.2977752685547,346.21771240234375
2026-07-14T14:24:54.937796+00:00,spot_11,Spot 11,Empty,2026-07-14T14:24:11.159654+00:00,,,,,,,,
2026-07-14T14:24:54.937796+00:00,spot_12,Spot 12,Occupied,2026-07-14T14:24:54.937796+00:00,299,car,0.464065819978714,0,92.09818267822266,314.4666748046875,122.69036102294922,339.8702392578125
2026-07-14T14:24:54.937796+00:00,spot_13,Spot 13,Empty,2026-07-14T13:25:36.239593+00:00,,,,,,,,
2026-07-14T14:24:54.937796+00:00,spot_14,Spot 14,Occupied,2026-07-14T14:24:11.159654+00:00,296,car,0.5526373386383057,240,51.998321533203125,308.71099853515625,86.78732299804688,334.11785888671875
2026-07-14T14:24:54.937796+00:00,spot_15,Spot 15,Empty,2026-07-14T13:50:28.652868+00:00,,,,,,,,
2026-07-14T14:24:54.937796+00:00,spot_16,Spot 16,Occupied,2026-07-14T14:24:54.937796+00:00,295,truck,0.4099225699901581,240,16.062114715576172,303.5377197265625,56.26723098754883,330.3023681640625
2026-07-14T14:24:54.937796+00:00,spot_17,Spot 17,Empty,2026-07-13T17:46:26.396031+00:00,,,,,,,,
2026-07-14T14:25:35.140876+00:00,spot_1,Spot 1,Occupied,2026-07-14T14:19:59.708798+00:00,235,car,0.5970945358276367,4276,571.5924072265625,319.9502868652344,608.0572509765625,362.0090637207031
2026-07-14T14:25:35.140876+00:00,spot_2,Spot 2,Occupied,2026-07-14T14:25:35.140876+00:00,297,car,0.37147411704063416,183,507.6092529296875,318.63262939453125,553.360107421875,366.59100341796875
2026-07-14T14:25:35.140876+00:00,spot_3,Spot 3,Empty,2026-07-14T14:08:30.363392+00:00,,,,,,,,
2026-07-14T14:25:35.140876+00:00,spot_4,Spot 4,Occupied,2026-07-14T14:25:35.140876+00:00,298,car,0.50002121925354,82,376.03533935546875,334.1171569824219,415.43597412109375,369.6993713378906
2026-07-14T14:25:35.140876+00:00,spot_5,Spot 5,Empty,2026-07-14T12:20:51.937411+00:00,,,,,,,,
2026-07-14T14:25:35.140876+00:00,spot_6,Spot 6,Occupied,2026-07-14T14:22:27.876407+00:00,270,car,0.8075980544090271,1452,291.6007080078125,328.063232421875,352.3790283203125,362.142822265625
2026-07-14T14:25:35.140876+00:00,spot_7,Spot 7,Empty,2026-07-14T00:18:43.510894+00:00,,,,,,,,
2026-07-14T14:25:35.140876+00:00,spot_8,Spot 8,Occupied,2026-07-14T14:20:54.087004+00:00,294,car,0.8297461867332458,280,217.53515625,327.6768798828125,274.6341552734375,354.2933349609375
2026-07-14T14:25:35.140876+00:00,spot_9,Spot 9,Empty,2026-07-14T03:02:23.964997+00:00,,,,,,,,
2026-07-14T14:25:35.140876+00:00,spot_10,Spot 10,Occupied,2026-07-14T14:24:11.159654+00:00,287,car,0.3598029315471649,648,129.32003784179688,318.54266357421875,181.37582397460938,346.07794189453125
2026-07-14T14:25:35.140876+00:00,spot_11,Spot 11,Empty,2026-07-14T14:24:11.159654+00:00,,,,,,,,
2026-07-14T14:25:35.140876+00:00,spot_12,Spot 12,Occupied,2026-07-14T14:24:54.937796+00:00,299,car,0.5118069052696228,39,90.06108093261719,313.0420837402344,131.74595642089844,340.0328063964844
2026-07-14T14:25:35.140876+00:00,spot_13,Spot 13,Empty,2026-07-14T13:25:36.239593+00:00,,,,,,,,
2026-07-14T14:25:35.140876+00:00,spot_14,Spot 14,Occupied,2026-07-14T14:24:11.159654+00:00,296,car,0.4378988742828369,280,53.27275466918945,308.6202087402344,88.17771911621094,334.1532287597656
2026-07-14T14:25:35.140876+00:00,spot_15,Spot 15,Empty,2026-07-14T13:50:28.652868+00:00,,,,,,,,
2026-07-14T14:25:35.140876+00:00,spot_16,Spot 16,Occupied,2026-07-14T14:24:54.937796+00:00,295,truck,0.4119841158390045,280,15.300296783447266,303.3497619628906,56.25070571899414,329.3268737792969
2026-07-14T14:25:35.140876+00:00,spot_17,Spot 17,Empty,2026-07-13T17:46:26.396031+00:00,,,,,,,,
2026-07-14T14:26:18.275123+00:00,spot_1,Spot 1,Occupied,2026-07-14T14:19:59.708798+00:00,235,car,0.5970945358276367,4320,571.5924072265625,319.9502868652344,608.0572509765625,362.0090637207031
2026-07-14T14:26:18.275123+00:00,spot_2,Spot 2,Occupied,2026-07-14T14:25:35.140876+00:00,297,car,0.37147411704063416,227,507.6092529296875,318.63262939453125,553.360107421875,366.59100341796875
2026-07-14T14:26:18.275123+00:00,spot_3,Spot 3,Empty,2026-07-14T14:08:30.363392+00:00,,,,,,,,
2026-07-14T14:26:18.275123+00:00,spot_4,Spot 4,Occupied,2026-07-14T14:25:35.140876+00:00,298,car,0.50002121925354,126,376.03533935546875,334.1171569824219,415.43597412109375,369.6993713378906
2026-07-14T14:26:18.275123+00:00,spot_5,Spot 5,Empty,2026-07-14T12:20:51.937411+00:00,,,,,,,,
2026-07-14T14:26:18.275123+00:00,spot_6,Spot 6,Occupied,2026-07-14T14:22:27.876407+00:00,270,car,0.8075980544090271,1496,291.6007080078125,328.063232421875,352.3790283203125,362.142822265625
2026-07-14T14:26:18.275123+00:00,spot_7,Spot 7,Empty,2026-07-14T00:18:43.510894+00:00,,,,,,,,
2026-07-14T14:26:18.275123+00:00,spot_8,Spot 8,Occupied,2026-07-14T14:20:54.087004+00:00,294,car,0.8297461867332458,324,217.53515625,327.6768798828125,274.6341552734375,354.2933349609375
2026-07-14T14:26:18.275123+00:00,spot_9,Spot 9,Empty,2026-07-14T03:02:23.964997+00:00,,,,,,,,
2026-07-14T14:26:18.275123+00:00,spot_10,Spot 10,Occupied,2026-07-14T14:24:11.159654+00:00,287,car,0.3598029315471649,691,129.32003784179688,318.54266357421875,181.37582397460938,346.07794189453125
2026-07-14T14:26:18.275123+00:00,spot_11,Spot 11,Empty,2026-07-14T14:24:11.159654+00:00,,,,,,,,
2026-07-14T14:26:18.275123+00:00,spot_12,Spot 12,Occupied,2026-07-14T14:24:54.937796+00:00,299,car,0.5118069052696228,83,90.06108093261719,313.0420837402344,131.74595642089844,340.0328063964844
2026-07-14T14:26:18.275123+00:00,spot_13,Spot 13,Empty,2026-07-14T13:25:36.239593+00:00,,,,,,,,
2026-07-14T14:26:18.275123+00:00,spot_14,Spot 14,Occupied,2026-07-14T14:24:11.159654+00:00,296,car,0.4378988742828369,324,53.27275466918945,308.6202087402344,88.17771911621094,334.1532287597656
2026-07-14T14:26:18.275123+00:00,spot_15,Spot 15,Empty,2026-07-14T13:50:28.652868+00:00,,,,,,,,
2026-07-14T14:26:18.275123+00:00,spot_16,Spot 16,Occupied,2026-07-14T14:24:54.937796+00:00,295,truck,0.4119841158390045,324,15.300296783447266,303.3497619628906,56.25070571899414,329.3268737792969
2026-07-14T14:26:18.275123+00:00,spot_17,Spot 17,Empty,2026-07-13T17:46:26.396031+00:00,,,,,,,,
2026-07-14T14:27:08.269849+00:00,spot_1,Spot 1,Occupied,2026-07-14T14:19:59.708798+00:00,235,car,0.46339327096939087,4370,570.8421630859375,317.526611328125,607.9962158203125,362.2021484375
2026-07-14T14:27:08.269849+00:00,spot_2,Spot 2,Occupied,2026-07-14T14:27:08.269849+00:00,261,truck,0.7026233077049255,2576,507.7442932128906,317.8995361328125,555.4090576171875,367.81365966796875
2026-07-14T14:27:08.269849+00:00,spot_3,Spot 3,Empty,2026-07-14T14:08:30.363392+00:00,,,,,,,,
2026-07-14T14:27:08.269849+00:00,spot_4,Spot 4,Occupied,2026-07-14T14:25:35.140876+00:00,298,car,0.3796384334564209,176,375.76434326171875,333.8729553222656,417.624267578125,369.7034606933594
2026-07-14T14:27:08.269849+00:00,spot_5,Spot 5,Empty,2026-07-14T12:20:51.937411+00:00,,,,,,,,
2026-07-14T14:27:08.269849+00:00,spot_6,Spot 6,Occupied,2026-07-14T14:22:27.876407+00:00,270,car,0.5611863732337952,1546,291.78594970703125,327.61993408203125,352.57830810546875,361.25054931640625
2026-07-14T14:27:08.269849+00:00,spot_7,Spot 7,Empty,2026-07-14T00:18:43.510894+00:00,,,,,,,,
2026-07-14T14:27:08.269849+00:00,spot_8,Spot 8,Occupied,2026-07-14T14:20:54.087004+00:00,294,car,0.831466794013977,374,217.3121337890625,327.41705322265625,276.3866882324219,355.04364013671875
2026-07-14T14:27:08.269849+00:00,spot_9,Spot 9,Empty,2026-07-14T03:02:23.964997+00:00,,,,,,,,
2026-07-14T14:27:08.269849+00:00,spot_10,Spot 10,Occupied,2026-07-14T14:24:11.159654+00:00,287,car,0.43346500396728516,741,129.45529174804688,318.6266784667969,183.14389038085938,345.8023986816406
2026-07-14T14:27:08.269849+00:00,spot_11,Spot 11,Empty,2026-07-14T14:24:11.159654+00:00,,,,,,,,
2026-07-14T14:27:08.269849+00:00,spot_12,Spot 12,Empty,2026-07-14T14:27:08.269849+00:00,,,,,,,,
2026-07-14T14:27:08.269849+00:00,spot_13,Spot 13,Empty,2026-07-14T13:25:36.239593+00:00,,,,,,,,
2026-07-14T14:27:08.269849+00:00,spot_14,Spot 14,Occupied,2026-07-14T14:24:11.159654+00:00,296,car,0.4104507267475128,374,46.7341423034668,308.7606506347656,87.35841369628906,333.8394470214844
2026-07-14T14:27:08.269849+00:00,spot_15,Spot 15,Empty,2026-07-14T13:50:28.652868+00:00,,,,,,,,
2026-07-14T14:27:08.269849+00:00,spot_16,Spot 16,Empty,2026-07-14T14:27:08.269849+00:00,,,,,,,,
2026-07-14T14:27:08.269849+00:00,spot_17,Spot 17,Empty,2026-07-13T17:46:26.396031+00:00,,,,,,,,
2026-07-14T14:27:51.561470+00:00,spot_1,Spot 1,Occupied,2026-07-14T14:19:59.708798+00:00,235,car,0.41700413823127747,4411,570.730224609375,318.6357421875,607.804443359375,361.88525390625
2026-07-14T14:27:51.561470+00:00,spot_2,Spot 2,Occupied,2026-07-14T14:27:08.269849+00:00,261,truck,0.7007336616516113,2618,507.255615234375,318.05560302734375,555.8426513671875,366.9349365234375
2026-07-14T14:27:51.561470+00:00,spot_3,Spot 3,Empty,2026-07-14T14:08:30.363392+00:00,,,,,,,,
2026-07-14T14:27:51.561470+00:00,spot_4,Spot 4,Occupied,2026-07-14T14:25:35.140876+00:00,298,car,0.56052565574646,217,376.05572509765625,333.81671142578125,421.299560546875,369.28778076171875
2026-07-14T14:27:51.561470+00:00,spot_5,Spot 5,Empty,2026-07-14T12:20:51.937411+00:00,,,,,,,,
2026-07-14T14:27:51.561470+00:00,spot_6,Spot 6,Occupied,2026-07-14T14:22:27.876407+00:00,270,car,0.7976396679878235,1588,291.6154479980469,328.384033203125,352.3962097167969,361.7181396484375
2026-07-14T14:27:51.561470+00:00,spot_7,Spot 7,Empty,2026-07-14T00:18:43.510894+00:00,,,,,,,,
2026-07-14T14:27:51.561470+00:00,spot_8,Spot 8,Occupied,2026-07-14T14:20:54.087004+00:00,294,car,0.7879207134246826,415,217.54971313476562,327.0984191894531,275.7668151855469,354.9700622558594
2026-07-14T14:27:51.561470+00:00,spot_9,Spot 9,Empty,2026-07-14T03:02:23.964997+00:00,,,,,,,,
2026-07-14T14:27:51.561470+00:00,spot_10,Spot 10,Occupied,2026-07-14T14:24:11.159654+00:00,287,car,0.5529355406761169,783,127.32456970214844,318.45477294921875,183.05323791503906,346.08758544921875
2026-07-14T14:27:51.561470+00:00,spot_11,Spot 11,Empty,2026-07-14T14:24:11.159654+00:00,,,,,,,,
2026-07-14T14:27:51.561470+00:00,spot_12,Spot 12,Occupied,2026-07-14T14:27:51.561470+00:00,299,car,0.3504220247268677,175,92.00205993652344,312.946533203125,130.29730224609375,339.7789306640625
2026-07-14T14:27:51.561470+00:00,spot_13,Spot 13,Empty,2026-07-14T13:25:36.239593+00:00,,,,,,,,
2026-07-14T14:27:51.561470+00:00,spot_14,Spot 14,Empty,2026-07-14T14:27:51.561470+00:00,,,,,,,,
2026-07-14T14:27:51.561470+00:00,spot_15,Spot 15,Empty,2026-07-14T13:50:28.652868+00:00,,,,,,,,
2026-07-14T14:27:51.561470+00:00,spot_16,Spot 16,Empty,2026-07-14T14:27:08.269849+00:00,,,,,,,,
2026-07-14T14:27:51.561470+00:00,spot_17,Spot 17,Empty,2026-07-13T17:46:26.396031+00:00,,,,,,,,
2026-07-14T14:28:45.345432+00:00,spot_1,Spot 1,Occupied,2026-07-14T14:28:45.345432+00:00,301,truck,0.4439146816730499,99,570.4362182617188,317.6069641113281,608.0610961914062,361.3445129394531
2026-07-14T14:28:45.345432+00:00,spot_2,Spot 2,Occupied,2026-07-14T14:27:08.269849+00:00,261,truck,0.7179994583129883,2676,507.332763671875,318.14141845703125,555.291748046875,366.43060302734375
2026-07-14T14:28:45.345432+00:00,spot_3,Spot 3,Empty,2026-07-14T14:08:30.363392+00:00,,,,,,,,
2026-07-14T14:28:45.345432+00:00,spot_4,Spot 4,Occupied,2026-07-14T14:25:35.140876+00:00,298,car,0.44358840584754944,275,376.21038818359375,333.7944030761719,418.70404052734375,368.8469543457031
2026-07-14T14:28:45.345432+00:00,spot_5,Spot 5,Empty,2026-07-14T12:20:51.937411+00:00,,,,,,,,
2026-07-14T14:28:45.345432+00:00,spot_6,Spot 6,Occupied,2026-07-14T14:22:27.876407+00:00,270,car,0.7513008117675781,1645,291.60992431640625,326.92266845703125,352.21832275390625,360.95513916015625
2026-07-14T14:28:45.345432+00:00,spot_7,Spot 7,Empty,2026-07-14T00:18:43.510894+00:00,,,,,,,,
2026-07-14T14:28:45.345432+00:00,spot_8,Spot 8,Occupied,2026-07-14T14:20:54.087004+00:00,294,car,0.8425198793411255,473,217.42324829101562,327.4197998046875,274.0196228027344,354.55853271484375
2026-07-14T14:28:45.345432+00:00,spot_9,Spot 9,Empty,2026-07-14T03:02:23.964997+00:00,,,,,,,,
2026-07-14T14:28:45.345432+00:00,spot_10,Spot 10,Occupied,2026-07-14T14:24:11.159654+00:00,287,car,0.39296954870224,841,129.4239501953125,318.7418518066406,185.030029296875,346.1251525878906
2026-07-14T14:28:45.345432+00:00,spot_11,Spot 11,Empty,2026-07-14T14:24:11.159654+00:00,,,,,,,,
2026-07-14T14:28:45.345432+00:00,spot_12,Spot 12,Empty,2026-07-14T14:28:45.345432+00:00,,,,,,,,
2026-07-14T14:28:45.345432+00:00,spot_13,Spot 13,Empty,2026-07-14T13:25:36.239593+00:00,,,,,,,,
2026-07-14T14:28:45.345432+00:00,spot_14,Spot 14,Empty,2026-07-14T14:27:51.561470+00:00,,,,,,,,
2026-07-14T14:28:45.345432+00:00,spot_15,Spot 15,Empty,2026-07-14T13:50:28.652868+00:00,,,,,,,,
2026-07-14T14:28:45.345432+00:00,spot_16,Spot 16,Occupied,2026-07-14T14:28:45.345432+00:00,295,truck,0.45287758111953735,473,15.052841186523438,303.3846435546875,49.30840301513672,329.58294677734375
2026-07-14T14:28:45.345432+00:00,spot_17,Spot 17,Empty,2026-07-13T17:46:26.396031+00:00,,,,,,,,
2026-07-14T14:29:34.987041+00:00,spot_1,Spot 1,Occupied,2026-07-14T14:28:45.345432+00:00,301,truck,0.4439146816730499,146,570.4362182617188,317.6069641113281,608.0610961914062,361.3445129394531
2026-07-14T14:29:34.987041+00:00,spot_2,Spot 2,Occupied,2026-07-14T14:27:08.269849+00:00,261,truck,0.7179994583129883,2723,507.332763671875,318.14141845703125,555.291748046875,366.43060302734375
2026-07-14T14:29:34.987041+00:00,spot_3,Spot 3,Empty,2026-07-14T14:08:30.363392+00:00,,,,,,,,
2026-07-14T14:29:34.987041+00:00,spot_4,Spot 4,Occupied,2026-07-14T14:25:35.140876+00:00,298,car,0.44358840584754944,322,376.21038818359375,333.7944030761719,418.70404052734375,368.8469543457031
2026-07-14T14:29:34.987041+00:00,spot_5,Spot 5,Empty,2026-07-14T12:20:51.937411+00:00,,,,,,,,
2026-07-14T14:29:34.987041+00:00,spot_6,Spot 6,Occupied,2026-07-14T14:22:27.876407+00:00,270,car,0.7513008117675781,1692,291.60992431640625,326.92266845703125,352.21832275390625,360.95513916015625
2026-07-14T14:29:34.987041+00:00,spot_7,Spot 7,Empty,2026-07-14T00:18:43.510894+00:00,,,,,,,,
2026-07-14T14:29:34.987041+00:00,spot_8,Spot 8,Occupied,2026-07-14T14:20:54.087004+00:00,294,car,0.8425198793411255,520,217.42324829101562,327.4197998046875,274.0196228027344,354.55853271484375
2026-07-14T14:29:34.987041+00:00,spot_9,Spot 9,Empty,2026-07-14T03:02:23.964997+00:00,,,,,,,,
2026-07-14T14:29:34.987041+00:00,spot_10,Spot 10,Occupied,2026-07-14T14:24:11.159654+00:00,287,car,0.39296954870224,888,129.4239501953125,318.7418518066406,185.030029296875,346.1251525878906
2026-07-14T14:29:34.987041+00:00,spot_11,Spot 11,Empty,2026-07-14T14:24:11.159654+00:00,,,,,,,,
2026-07-14T14:29:34.987041+00:00,spot_12,Spot 12,Empty,2026-07-14T14:28:45.345432+00:00,,,,,,,,
2026-07-14T14:29:34.987041+00:00,spot_13,Spot 13,Empty,2026-07-14T13:25:36.239593+00:00,,,,,,,,
2026-07-14T14:29:34.987041+00:00,spot_14,Spot 14,Empty,2026-07-14T14:27:51.561470+00:00,,,,,,,,
2026-07-14T14:29:34.987041+00:00,spot_15,Spot 15,Empty,2026-07-14T13:50:28.652868+00:00,,,,,,,,
2026-07-14T14:29:34.987041+00:00,spot_16,Spot 16,Occupied,2026-07-14T14:28:45.345432+00:00,295,truck,0.45287758111953735,520,15.052841186523438,303.3846435546875,49.30840301513672,329.58294677734375
2026-07-14T14:29:34.987041+00:00,spot_17,Spot 17,Empty,2026-07-13T17:46:26.396031+00:00,,,,,,,,
2026-07-14T14:30:16.695359+00:00,spot_1,Spot 1,Occupied,2026-07-14T14:30:16.695359+00:00,235,car,0.7129055261611938,4559,571.1025390625,318.70001220703125,608.2371826171875,362.07757568359375
2026-07-14T14:30:16.695359+00:00,spot_2,Spot 2,Occupied,2026-07-14T14:27:08.269849+00:00,261,truck,0.5335204005241394,2765,507.67822265625,318.2669982910156,555.1038818359375,367.1755676269531
2026-07-14T14:30:16.695359+00:00,spot_3,Spot 3,Empty,2026-07-14T14:08:30.363392+00:00,,,,,,,,
2026-07-14T14:30:16.695359+00:00,spot_4,Spot 4,Occupied,2026-07-14T14:25:35.140876+00:00,298,car,0.4529038071632385,365,375.53131103515625,334.31787109375,419.74029541015625,369.1060791015625
2026-07-14T14:30:16.695359+00:00,spot_5,Spot 5,Empty,2026-07-14T12:20:51.937411+00:00,,,,,,,,
2026-07-14T14:30:16.695359+00:00,spot_6,Spot 6,Occupied,2026-07-14T14:22:27.876407+00:00,270,car,0.7548956871032715,1735,291.4573974609375,327.9333190917969,352.3602294921875,361.3147277832031
2026-07-14T14:30:16.695359+00:00,spot_7,Spot 7,Empty,2026-07-14T00:18:43.510894+00:00,,,,,,,,
2026-07-14T14:30:16.695359+00:00,spot_8,Spot 8,Occupied,2026-07-14T14:20:54.087004+00:00,294,car,0.74366694688797,563,217.34561157226562,327.4068908691406,275.3851623535156,354.4352722167969
2026-07-14T14:30:16.695359+00:00,spot_9,Spot 9,Empty,2026-07-14T03:02:23.964997+00:00,,,,,,,,
2026-07-14T14:30:16.695359+00:00,spot_10,Spot 10,Occupied,2026-07-14T14:24:11.159654+00:00,287,car,0.5691201090812683,930,128.39279174804688,318.53009033203125,183.91879272460938,345.70721435546875
2026-07-14T14:30:16.695359+00:00,spot_11,Spot 11,Empty,2026-07-14T14:24:11.159654+00:00,,,,,,,,
2026-07-14T14:30:16.695359+00:00,spot_12,Spot 12,Occupied,2026-07-14T14:30:16.695359+00:00,299,car,0.3709608018398285,322,91.8685302734375,313.50445556640625,132.6505126953125,339.76971435546875
2026-07-14T14:30:16.695359+00:00,spot_13,Spot 13,Empty,2026-07-14T13:25:36.239593+00:00,,,,,,,,
2026-07-14T14:30:16.695359+00:00,spot_14,Spot 14,Empty,2026-07-14T14:27:51.561470+00:00,,,,,,,,
2026-07-14T14:30:16.695359+00:00,spot_15,Spot 15,Empty,2026-07-14T13:50:28.652868+00:00,,,,,,,,
2026-07-14T14:30:16.695359+00:00,spot_16,Spot 16,Empty,2026-07-14T14:30:16.695359+00:00,,,,,,,,
2026-07-14T14:30:16.695359+00:00,spot_17,Spot 17,Empty,2026-07-13T17:46:26.396031+00:00,,,,,,,,
2026-07-14T14:30:58.714982+00:00,spot_1,Spot 1,Occupied,2026-07-14T14:30:58.714982+00:00,301,truck,0.4175875782966614,229,570.51611328125,317.00030517578125,608.2532958984375,362.76226806640625
2026-07-14T14:30:58.714982+00:00,spot_2,Spot 2,Occupied,2026-07-14T14:27:08.269849+00:00,261,truck,0.7014191150665283,2806,507.43048095703125,316.78607177734375,556.0845336914062,367.50946044921875
2026-07-14T14:30:58.714982+00:00,spot_3,Spot 3,Empty,2026-07-14T14:08:30.363392+00:00,,,,,,,,
2026-07-14T14:30:58.714982+00:00,spot_4,Spot 4,Occupied,2026-07-14T14:25:35.140876+00:00,298,car,0.5114978551864624,405,375.7708740234375,334.06207275390625,418.06121826171875,369.11712646484375
2026-07-14T14:30:58.714982+00:00,spot_5,Spot 5,Empty,2026-07-14T12:20:51.937411+00:00,,,,,,,,
2026-07-14T14:30:58.714982+00:00,spot_6,Spot 6,Occupied,2026-07-14T14:22:27.876407+00:00,270,car,0.6883862018585205,1775,292.0340576171875,327.5206298828125,352.51123046875,361.745849609375
2026-07-14T14:30:58.714982+00:00,spot_7,Spot 7,Empty,2026-07-14T00:18:43.510894+00:00,,,,,,,,
2026-07-14T14:30:58.714982+00:00,spot_8,Spot 8,Occupied,2026-07-14T14:20:54.087004+00:00,294,car,0.8412594199180603,603,217.1170654296875,327.1827392578125,276.84442138671875,353.82623291015625
2026-07-14T14:30:58.714982+00:00,spot_9,Spot 9,Empty,2026-07-14T03:02:23.964997+00:00,,,,,,,,
2026-07-14T14:30:58.714982+00:00,spot_10,Spot 10,Occupied,2026-07-14T14:24:11.159654+00:00,287,car,0.4493947923183441,971,129.97137451171875,318.16912841796875,184.198974609375,345.74822998046875
2026-07-14T14:30:58.714982+00:00,spot_11,Spot 11,Empty,2026-07-14T14:24:11.159654+00:00,,,,,,,,
2026-07-14T14:30:58.714982+00:00,spot_12,Spot 12,Empty,2026-07-14T14:30:58.714982+00:00,,,,,,,,
2026-07-14T14:30:58.714982+00:00,spot_13,Spot 13,Empty,2026-07-14T13:25:36.239593+00:00,,,,,,,,
2026-07-14T14:30:58.714982+00:00,spot_14,Spot 14,Empty,2026-07-14T14:27:51.561470+00:00,,,,,,,,
2026-07-14T14:30:58.714982+00:00,spot_15,Spot 15,Empty,2026-07-14T13:50:28.652868+00:00,,,,,,,,
2026-07-14T14:30:58.714982+00:00,spot_16,Spot 16,Empty,2026-07-14T14:30:16.695359+00:00,,,,,,,,
2026-07-14T14:30:58.714982+00:00,spot_17,Spot 17,Empty,2026-07-13T17:46:26.396031+00:00,,,,,,,,
2026-07-14T14:31:41.188204+00:00,spot_1,Spot 1,Occupied,2026-07-14T14:30:58.714982+00:00,301,truck,0.4175875782966614,273,570.51611328125,317.00030517578125,608.2532958984375,362.76226806640625
2026-07-14T14:31:41.188204+00:00,spot_2,Spot 2,Occupied,2026-07-14T14:27:08.269849+00:00,261,truck,0.7014191150665283,2850,507.43048095703125,316.78607177734375,556.0845336914062,367.50946044921875
2026-07-14T14:31:41.188204+00:00,spot_3,Spot 3,Empty,2026-07-14T14:08:30.363392+00:00,,,,,,,,
2026-07-14T14:31:41.188204+00:00,spot_4,Spot 4,Occupied,2026-07-14T14:25:35.140876+00:00,298,car,0.5114978551864624,449,375.7708740234375,334.06207275390625,418.06121826171875,369.11712646484375
2026-07-14T14:31:41.188204+00:00,spot_5,Spot 5,Empty,2026-07-14T12:20:51.937411+00:00,,,,,,,,
2026-07-14T14:31:41.188204+00:00,spot_6,Spot 6,Occupied,2026-07-14T14:22:27.876407+00:00,270,car,0.6883862018585205,1819,292.0340576171875,327.5206298828125,352.51123046875,361.745849609375
2026-07-14T14:31:41.188204+00:00,spot_7,Spot 7,Empty,2026-07-14T00:18:43.510894+00:00,,,,,,,,
2026-07-14T14:31:41.188204+00:00,spot_8,Spot 8,Occupied,2026-07-14T14:20:54.087004+00:00,294,car,0.8412594199180603,647,217.1170654296875,327.1827392578125,276.84442138671875,353.82623291015625
2026-07-14T14:31:41.188204+00:00,spot_9,Spot 9,Empty,2026-07-14T03:02:23.964997+00:00,,,,,,,,
2026-07-14T14:31:41.188204+00:00,spot_10,Spot 10,Occupied,2026-07-14T14:24:11.159654+00:00,287,car,0.4493947923183441,1015,129.97137451171875,318.16912841796875,184.198974609375,345.74822998046875
2026-07-14T14:31:41.188204+00:00,spot_11,Spot 11,Empty,2026-07-14T14:24:11.159654+00:00,,,,,,,,
2026-07-14T14:31:41.188204+00:00,spot_12,Spot 12,Empty,2026-07-14T14:30:58.714982+00:00,,,,,,,,
2026-07-14T14:31:41.188204+00:00,spot_13,Spot 13,Empty,2026-07-14T13:25:36.239593+00:00,,,,,,,,
2026-07-14T14:31:41.188204+00:00,spot_14,Spot 14,Empty,2026-07-14T14:27:51.561470+00:00,,,,,,,,
2026-07-14T14:31:41.188204+00:00,spot_15,Spot 15,Empty,2026-07-14T13:50:28.652868+00:00,,,,,,,,
2026-07-14T14:31:41.188204+00:00,spot_16,Spot 16,Empty,2026-07-14T14:30:16.695359+00:00,,,,,,,,
2026-07-14T14:31:41.188204+00:00,spot_17,Spot 17,Empty,2026-07-13T17:46:26.396031+00:00,,,,,,,,
2026-07-14T14:32:22.560174+00:00,spot_1,Spot 1,Occupied,2026-07-14T14:32:22.560174+00:00,235,car,0.6928470134735107,4683,571.0909423828125,317.47406005859375,608.3055419921875,361.40777587890625
2026-07-14T14:32:22.560174+00:00,spot_2,Spot 2,Occupied,2026-07-14T14:27:08.269849+00:00,261,truck,0.6303485631942749,2889,507.6925048828125,317.7243957519531,555.656494140625,366.7770080566406
2026-07-14T14:32:22.560174+00:00,spot_3,Spot 3,Empty,2026-07-14T14:08:30.363392+00:00,,,,,,,,
2026-07-14T14:32:22.560174+00:00,spot_4,Spot 4,Occupied,2026-07-14T14:32:22.560174+00:00,303,truck,0.6664634943008423,0,375.4183349609375,324.0816650390625,440.9464111328125,369.7310791015625
2026-07-14T14:32:22.560174+00:00,spot_5,Spot 5,Empty,2026-07-14T12:20:51.937411+00:00,,,,,,,,
2026-07-14T14:32:22.560174+00:00,spot_6,Spot 6,Occupied,2026-07-14T14:22:27.876407+00:00,270,car,0.8125113844871521,1859,291.7484130859375,327.6053466796875,352.048583984375,360.84130859375
2026-07-14T14:32:22.560174+00:00,spot_7,Spot 7,Empty,2026-07-14T00:18:43.510894+00:00,,,,,,,,
2026-07-14T14:32:22.560174+00:00,spot_8,Spot 8,Occupied,2026-07-14T14:20:54.087004+00:00,294,car,0.8569664359092712,687,217.31234741210938,327.52435302734375,276.544921875,354.26751708984375
2026-07-14T14:32:22.560174+00:00,spot_9,Spot 9,Empty,2026-07-14T03:02:23.964997+00:00,,,,,,,,
2026-07-14T14:32:22.560174+00:00,spot_10,Spot 10,Occupied,2026-07-14T14:32:22.560174+00:00,302,bus,0.6714718341827393,0,129.32281494140625,318.57037353515625,184.43682861328125,345.77178955078125
2026-07-14T14:32:22.560174+00:00,spot_11,Spot 11,Empty,2026-07-14T14:24:11.159654+00:00,,,,,,,,
2026-07-14T14:32:22.560174+00:00,spot_12,Spot 12,Empty,2026-07-14T14:30:58.714982+00:00,,,,,,,,
2026-07-14T14:32:22.560174+00:00,spot_13,Spot 13,Empty,2026-07-14T13:25:36.239593+00:00,,,,,,,,
2026-07-14T14:32:22.560174+00:00,spot_14,Spot 14,Empty,2026-07-14T14:27:51.561470+00:00,,,,,,,,
2026-07-14T14:32:22.560174+00:00,spot_15,Spot 15,Empty,2026-07-14T13:50:28.652868+00:00,,,,,,,,
2026-07-14T14:32:22.560174+00:00,spot_16,Spot 16,Occupied,2026-07-14T14:32:22.560174+00:00,295,truck,0.47819143533706665,687,14.28009033203125,303.4678955078125,48.70872116088867,329.6507568359375
2026-07-14T14:32:22.560174+00:00,spot_17,Spot 17,Empty,2026-07-13T17:46:26.396031+00:00,,,,,,,,
2026-07-14T14:33:18.070261+00:00,spot_1,Spot 1,Occupied,2026-07-14T14:32:22.560174+00:00,235,car,0.7452104687690735,4747,572.0069580078125,318.84637451171875,608.2261962890625,362.59100341796875
2026-07-14T14:33:18.070261+00:00,spot_2,Spot 2,Occupied,2026-07-14T14:27:08.269849+00:00,261,truck,0.5093868970870972,2953,507.390869140625,317.8380126953125,554.1051025390625,366.6658935546875
2026-07-14T14:33:18.070261+00:00,spot_3,Spot 3,Empty,2026-07-14T14:08:30.363392+00:00,,,,,,,,
2026-07-14T14:33:18.070261+00:00,spot_4,Spot 4,Occupied,2026-07-14T14:33:18.070261+00:00,298,car,0.6600872278213501,553,375.58624267578125,333.966796875,418.92962646484375,369.06494140625
2026-07-14T14:33:18.070261+00:00,spot_5,Spot 5,Empty,2026-07-14T12:20:51.937411+00:00,,,,,,,,
2026-07-14T14:33:18.070261+00:00,spot_6,Spot 6,Occupied,2026-07-14T14:22:27.876407+00:00,270,car,0.8246402144432068,1923,291.90765380859375,327.5523681640625,352.41656494140625,361.5531005859375
2026-07-14T14:33:18.070261+00:00,spot_7,Spot 7,Empty,2026-07-14T00:18:43.510894+00:00,,,,,,,,
2026-07-14T14:33:18.070261+00:00,spot_8,Spot 8,Occupied,2026-07-14T14:20:54.087004+00:00,294,car,0.8235585689544678,751,217.21270751953125,327.413330078125,276.4822082519531,354.341552734375
2026-07-14T14:33:18.070261+00:00,spot_9,Spot 9,Empty,2026-07-14T03:02:23.964997+00:00,,,,,,,,
2026-07-14T14:33:18.070261+00:00,spot_10,Spot 10,Occupied,2026-07-14T14:33:18.070261+00:00,304,truck,0.3955443203449249,0,129.609375,318.41156005859375,183.85211181640625,345.76702880859375
2026-07-14T14:33:18.070261+00:00,spot_11,Spot 11,Empty,2026-07-14T14:24:11.159654+00:00,,,,,,,,
2026-07-14T14:33:18.070261+00:00,spot_12,Spot 12,Empty,2026-07-14T14:30:58.714982+00:00,,,,,,,,
2026-07-14T14:33:18.070261+00:00,spot_13,Spot 13,Empty,2026-07-14T13:25:36.239593+00:00,,,,,,,,
2026-07-14T14:33:18.070261+00:00,spot_14,Spot 14,Empty,2026-07-14T14:27:51.561470+00:00,,,,,,,,
2026-07-14T14:33:18.070261+00:00,spot_15,Spot 15,Empty,2026-07-14T13:50:28.652868+00:00,,,,,,,,
2026-07-14T14:33:18.070261+00:00,spot_16,Spot 16,Occupied,2026-07-14T14:32:22.560174+00:00,295,truck,0.46894046664237976,751,15.400466918945312,303.46673583984375,57.61517333984375,329.47003173828125
2026-07-14T14:33:18.070261+00:00,spot_17,Spot 17,Empty,2026-07-13T17:46:26.396031+00:00,,,,,,,,
2026-07-14T14:34:17.680230+00:00,spot_1,Spot 1,Occupied,2026-07-14T14:32:22.560174+00:00,235,car,0.647022545337677,4799,570.97314453125,318.939697265625,607.8807373046875,362.540771484375
2026-07-14T14:34:17.680230+00:00,spot_2,Spot 2,Occupied,2026-07-14T14:27:08.269849+00:00,261,truck,0.5923615097999573,3006,507.7801818847656,317.6324462890625,555.6202392578125,366.43017578125
2026-07-14T14:34:17.680230+00:00,spot_3,Spot 3,Empty,2026-07-14T14:08:30.363392+00:00,,,,,,,,
2026-07-14T14:34:17.680230+00:00,spot_4,Spot 4,Occupied,2026-07-14T14:33:18.070261+00:00,298,car,0.5458430051803589,605,375.2078857421875,327.989501953125,425.95806884765625,369.2796630859375
2026-07-14T14:34:17.680230+00:00,spot_5,Spot 5,Empty,2026-07-14T12:20:51.937411+00:00,,,,,,,,
2026-07-14T14:34:17.680230+00:00,spot_6,Spot 6,Occupied,2026-07-14T14:22:27.876407+00:00,270,car,0.7413343787193298,1975,291.5723876953125,328.24688720703125,351.8651123046875,362.02130126953125
2026-07-14T14:34:17.680230+00:00,spot_7,Spot 7,Empty,2026-07-14T00:18:43.510894+00:00,,,,,,,,
2026-07-14T14:34:17.680230+00:00,spot_8,Spot 8,Occupied,2026-07-14T14:20:54.087004+00:00,294,car,0.8457654714584351,803,217.1455078125,327.4867248535156,276.79034423828125,354.9956359863281
2026-07-14T14:34:17.680230+00:00,spot_9,Spot 9,Empty,2026-07-14T03:02:23.964997+00:00,,,,,,,,
2026-07-14T14:34:17.680230+00:00,spot_10,Spot 10,Occupied,2026-07-14T14:34:17.680230+00:00,287,car,0.5095827579498291,1171,128.14981079101562,318.5693054199219,183.69192504882812,346.3150329589844
2026-07-14T14:34:17.680230+00:00,spot_11,Spot 11,Empty,2026-07-14T14:24:11.159654+00:00,,,,,,,,
2026-07-14T14:34:17.680230+00:00,spot_12,Spot 12,Empty,2026-07-14T14:30:58.714982+00:00,,,,,,,,
2026-07-14T14:34:17.680230+00:00,spot_13,Spot 13,Empty,2026-07-14T13:25:36.239593+00:00,,,,,,,,
2026-07-14T14:34:17.680230+00:00,spot_14,Spot 14,Occupied,2026-07-14T14:34:17.680230+00:00,305,car,0.5203856229782104,0,54.013614654541016,309.401611328125,85.65267944335938,334.1248779296875
2026-07-14T14:34:17.680230+00:00,spot_15,Spot 15,Empty,2026-07-14T13:50:28.652868+00:00,,,,,,,,
2026-07-14T14:34:17.680230+00:00,spot_16,Spot 16,Empty,2026-07-14T14:34:17.680230+00:00,,,,,,,,
2026-07-14T14:34:17.680230+00:00,spot_17,Spot 17,Empty,2026-07-13T17:46:26.396031+00:00,,,,,,,,
2026-07-14T14:35:10.097029+00:00,spot_1,Spot 1,Occupied,2026-07-14T14:32:22.560174+00:00,235,car,0.7217215895652771,4853,571.5555419921875,317.155029296875,608.1246337890625,362.115478515625
2026-07-14T14:35:10.097029+00:00,spot_2,Spot 2,Occupied,2026-07-14T14:35:10.097029+00:00,306,car,0.38221508264541626,0,507.412841796875,317.7830810546875,554.8172607421875,366.6739501953125
2026-07-14T14:35:10.097029+00:00,spot_3,Spot 3,Empty,2026-07-14T14:08:30.363392+00:00,,,,,,,,
2026-07-14T14:35:10.097029+00:00,spot_4,Spot 4,Occupied,2026-07-14T14:35:10.097029+00:00,303,truck,0.36843234300613403,170,375.2763366699219,324.32635498046875,440.8232727050781,369.95843505859375
2026-07-14T14:35:10.097029+00:00,spot_5,Spot 5,Empty,2026-07-14T12:20:51.937411+00:00,,,,,,,,
2026-07-14T14:35:10.097029+00:00,spot_6,Spot 6,Occupied,2026-07-14T14:22:27.876407+00:00,270,car,0.4652102589607239,2029,291.9427490234375,328.5491943359375,352.039794921875,362.17138671875
2026-07-14T14:35:10.097029+00:00,spot_7,Spot 7,Empty,2026-07-14T00:18:43.510894+00:00,,,,,,,,
2026-07-14T14:35:10.097029+00:00,spot_8,Spot 8,Occupied,2026-07-14T14:20:54.087004+00:00,294,car,0.8298277258872986,857,217.0543212890625,327.283447265625,275.9842529296875,354.4000244140625
2026-07-14T14:35:10.097029+00:00,spot_9,Spot 9,Empty,2026-07-14T03:02:23.964997+00:00,,,,,,,,
2026-07-14T14:35:10.097029+00:00,spot_10,Spot 10,Occupied,2026-07-14T14:34:17.680230+00:00,287,car,0.6535677313804626,1225,129.5821075439453,318.2078552246094,183.28260803222656,345.7397155761719
2026-07-14T14:35:10.097029+00:00,spot_11,Spot 11,Empty,2026-07-14T14:24:11.159654+00:00,,,,,,,,
2026-07-14T14:35:10.097029+00:00,spot_12,Spot 12,Empty,2026-07-14T14:30:58.714982+00:00,,,,,,,,
2026-07-14T14:35:10.097029+00:00,spot_13,Spot 13,Empty,2026-07-14T13:25:36.239593+00:00,,,,,,,,
2026-07-14T14:35:10.097029+00:00,spot_14,Spot 14,Occupied,2026-07-14T14:34:17.680230+00:00,305,car,0.49450820684432983,54,53.96771240234375,308.389892578125,85.5986328125,333.8238525390625
2026-07-14T14:35:10.097029+00:00,spot_15,Spot 15,Empty,2026-07-14T13:50:28.652868+00:00,,,,,,,,
2026-07-14T14:35:10.097029+00:00,spot_16,Spot 16,Occupied,2026-07-14T14:35:10.097029+00:00,295,truck,0.7285163402557373,857,15.118124008178711,303.52337646484375,56.977210998535156,329.72406005859375
2026-07-14T14:35:10.097029+00:00,spot_17,Spot 17,Empty,2026-07-13T17:46:26.396031+00:00,,,,,,,,
2026-07-14T14:36:01.857323+00:00,spot_1,Spot 1,Occupied,2026-07-14T14:32:22.560174+00:00,235,car,0.7461662888526917,4903,571.4552001953125,317.81060791015625,608.2763671875,362.26300048828125
2026-07-14T14:36:01.857323+00:00,spot_2,Spot 2,Occupied,2026-07-14T14:36:01.857323+00:00,261,truck,0.570931613445282,3110,507.32586669921875,317.44293212890625,555.8053588867188,367.13433837890625
2026-07-14T14:36:01.857323+00:00,spot_3,Spot 3,Empty,2026-07-14T14:08:30.363392+00:00,,,,,,,,
2026-07-14T14:36:01.857323+00:00,spot_4,Spot 4,Occupied,2026-07-14T14:36:01.857323+00:00,298,car,0.4158824384212494,709,376.82464599609375,326.8248291015625,425.2806396484375,369.81085205078125
2026-07-14T14:36:01.857323+00:00,spot_5,Spot 5,Empty,2026-07-14T12:20:51.937411+00:00,,,,,,,,
2026-07-14T14:36:01.857323+00:00,spot_6,Spot 6,Occupied,2026-07-14T14:22:27.876407+00:00,270,car,0.7457005381584167,2079,291.1905517578125,327.66363525390625,351.4114990234375,362.0792236328125
2026-07-14T14:36:01.857323+00:00,spot_7,Spot 7,Empty,2026-07-14T00:18:43.510894+00:00,,,,,,,,
2026-07-14T14:36:01.857323+00:00,spot_8,Spot 8,Occupied,2026-07-14T14:20:54.087004+00:00,294,car,0.8549950122833252,907,216.9036865234375,327.133544921875,276.9480285644531,354.138916015625
2026-07-14T14:36:01.857323+00:00,spot_9,Spot 9,Empty,2026-07-14T03:02:23.964997+00:00,,,,,,,,
2026-07-14T14:36:01.857323+00:00,spot_10,Spot 10,Occupied,2026-07-14T14:34:17.680230+00:00,287,car,0.7097185254096985,1275,129.13839721679688,318.677490234375,184.52383422851562,345.345703125
2026-07-14T14:36:01.857323+00:00,spot_11,Spot 11,Empty,2026-07-14T14:24:11.159654+00:00,,,,,,,,
2026-07-14T14:36:01.857323+00:00,spot_12,Spot 12,Empty,2026-07-14T14:30:58.714982+00:00,,,,,,,,
2026-07-14T14:36:01.857323+00:00,spot_13,Spot 13,Empty,2026-07-14T13:25:36.239593+00:00,,,,,,,,
2026-07-14T14:36:01.857323+00:00,spot_14,Spot 14,Occupied,2026-07-14T14:34:17.680230+00:00,305,car,0.423168420791626,103,54.6868896484375,308.516357421875,83.86167907714844,332.3662109375
2026-07-14T14:36:01.857323+00:00,spot_15,Spot 15,Empty,2026-07-14T13:50:28.652868+00:00,,,,,,,,
2026-07-14T14:36:01.857323+00:00,spot_16,Spot 16,Occupied,2026-07-14T14:35:10.097029+00:00,295,truck,0.6157119870185852,907,14.964229583740234,303.3370056152344,58.45229721069336,330.7272033691406
2026-07-14T14:36:01.857323+00:00,spot_17,Spot 17,Empty,2026-07-13T17:46:26.396031+00:00,,,,,,,,
2026-07-14T14:36:47.251081+00:00,spot_1,Spot 1,Occupied,2026-07-14T14:32:22.560174+00:00,235,car,0.7461662888526917,4948,571.4552001953125,317.81060791015625,608.2763671875,362.26300048828125
2026-07-14T14:36:47.251081+00:00,spot_2,Spot 2,Occupied,2026-07-14T14:36:01.857323+00:00,261,truck,0.570931613445282,3154,507.32586669921875,317.44293212890625,555.8053588867188,367.13433837890625
2026-07-14T14:36:47.251081+00:00,spot_3,Spot 3,Empty,2026-07-14T14:08:30.363392+00:00,,,,,,,,
2026-07-14T14:36:47.251081+00:00,spot_4,Spot 4,Occupied,2026-07-14T14:36:01.857323+00:00,298,car,0.4158824384212494,754,376.82464599609375,326.8248291015625,425.2806396484375,369.81085205078125
2026-07-14T14:36:47.251081+00:00,spot_5,Spot 5,Empty,2026-07-14T12:20:51.937411+00:00,,,,,,,,
2026-07-14T14:36:47.251081+00:00,spot_6,Spot 6,Occupied,2026-07-14T14:22:27.876407+00:00,270,car,0.7457005381584167,2124,291.1905517578125,327.66363525390625,351.4114990234375,362.0792236328125
2026-07-14T14:36:47.251081+00:00,spot_7,Spot 7,Empty,2026-07-14T00:18:43.510894+00:00,,,,,,,,
2026-07-14T14:36:47.251081+00:00,spot_8,Spot 8,Occupied,2026-07-14T14:20:54.087004+00:00,294,car,0.8549950122833252,952,216.9036865234375,327.133544921875,276.9480285644531,354.138916015625
2026-07-14T14:36:47.251081+00:00,spot_9,Spot 9,Empty,2026-07-14T03:02:23.964997+00:00,,,,,,,,
2026-07-14T14:36:47.251081+00:00,spot_10,Spot 10,Occupied,2026-07-14T14:34:17.680230+00:00,287,car,0.7097185254096985,1320,129.13839721679688,318.677490234375,184.52383422851562,345.345703125
2026-07-14T14:36:47.251081+00:00,spot_11,Spot 11,Empty,2026-07-14T14:24:11.159654+00:00,,,,,,,,
2026-07-14T14:36:47.251081+00:00,spot_12,Spot 12,Empty,2026-07-14T14:30:58.714982+00:00,,,,,,,,
2026-07-14T14:36:47.251081+00:00,spot_13,Spot 13,Empty,2026-07-14T13:25:36.239593+00:00,,,,,,,,
2026-07-14T14:36:47.251081+00:00,spot_14,Spot 14,Occupied,2026-07-14T14:34:17.680230+00:00,305,car,0.423168420791626,148,54.6868896484375,308.516357421875,83.86167907714844,332.3662109375
2026-07-14T14:36:47.251081+00:00,spot_15,Spot 15,Empty,2026-07-14T13:50:28.652868+00:00,,,,,,,,
2026-07-14T14:36:47.251081+00:00,spot_16,Spot 16,Occupied,2026-07-14T14:35:10.097029+00:00,295,truck,0.6157119870185852,952,14.964229583740234,303.3370056152344,58.45229721069336,330.7272033691406
2026-07-14T14:36:47.251081+00:00,spot_17,Spot 17,Empty,2026-07-13T17:46:26.396031+00:00,,,,,,,,
2026-07-14T14:37:37.488803+00:00,spot_1,Spot 1,Occupied,2026-07-14T14:37:37.488803+00:00,307,truck,0.6618782877922058,0,570.9354248046875,318.95361328125,608.2904052734375,361.983154296875
2026-07-14T14:37:37.488803+00:00,spot_2,Spot 2,Occupied,2026-07-14T14:36:01.857323+00:00,261,truck,0.7453067898750305,3205,507.6581115722656,317.6121826171875,556.2481689453125,366.287109375
2026-07-14T14:37:37.488803+00:00,spot_3,Spot 3,Empty,2026-07-14T14:08:30.363392+00:00,,,,,,,,
2026-07-14T14:37:37.488803+00:00,spot_4,Spot 4,Occupied,2026-07-14T14:37:37.488803+00:00,303,truck,0.5764667987823486,316,376.41064453125,323.47247314453125,441.0318603515625,369.9754638671875
2026-07-14T14:37:37.488803+00:00,spot_5,Spot 5,Empty,2026-07-14T12:20:51.937411+00:00,,,,,,,,
2026-07-14T14:37:37.488803+00:00,spot_6,Spot 6,Occupied,2026-07-14T14:22:27.876407+00:00,270,car,0.7036616206169128,2175,291.478515625,327.32061767578125,352.1695556640625,361.87237548828125
2026-07-14T14:37:37.488803+00:00,spot_7,Spot 7,Empty,2026-07-14T00:18:43.510894+00:00,,,,,,,,
2026-07-14T14:37:37.488803+00:00,spot_8,Spot 8,Occupied,2026-07-14T14:20:54.087004+00:00,294,car,0.8298084735870361,1003,217.13720703125,326.89630126953125,275.89794921875,355.06243896484375
2026-07-14T14:37:37.488803+00:00,spot_9,Spot 9,Empty,2026-07-14T03:02:23.964997+00:00,,,,,,,,
2026-07-14T14:37:37.488803+00:00,spot_10,Spot 10,Occupied,2026-07-14T14:34:17.680230+00:00,287,car,0.5775167942047119,1371,128.58001708984375,318.54364013671875,183.88510131835938,345.29998779296875
2026-07-14T14:37:37.488803+00:00,spot_11,Spot 11,Empty,2026-07-14T14:24:11.159654+00:00,,,,,,,,
2026-07-14T14:37:37.488803+00:00,spot_12,Spot 12,Occupied,2026-07-14T14:37:37.488803+00:00,308,car,0.35737037658691406,0,90.26591491699219,313.1517333984375,130.31759643554688,339.61273193359375
2026-07-14T14:37:37.488803+00:00,spot_13,Spot 13,Empty,2026-07-14T13:25:36.239593+00:00,,,,,,,,
2026-07-14T14:37:37.488803+00:00,spot_14,Spot 14,Occupied,2026-07-14T14:34:17.680230+00:00,305,car,0.6689442992210388,199,54.368560791015625,308.5593566894531,85.72676086425781,333.5339050292969
2026-07-14T14:37:37.488803+00:00,spot_15,Spot 15,Empty,2026-07-14T13:50:28.652868+00:00,,,,,,,,
2026-07-14T14:37:37.488803+00:00,spot_16,Spot 16,Occupied,2026-07-14T14:35:10.097029+00:00,295,truck,0.6909024119377136,1003,15.420356750488281,303.43646240234375,57.785987854003906,330.65899658203125
2026-07-14T14:37:37.488803+00:00,spot_17,Spot 17,Empty,2026-07-13T17:46:26.396031+00:00,,,,,,,,
2026-07-14T14:38:28.462810+00:00,spot_1,Spot 1,Occupied,2026-07-14T14:38:28.462810+00:00,235,car,0.7500756978988647,5050,571.0496826171875,318.7483215332031,608.1475830078125,362.2181701660156
2026-07-14T14:38:28.462810+00:00,spot_2,Spot 2,Occupied,2026-07-14T14:36:01.857323+00:00,261,truck,0.4360339939594269,3256,508.1387939453125,317.42901611328125,555.8955078125,367.0711669921875
2026-07-14T14:38:28.462810+00:00,spot_3,Spot 3,Empty,2026-07-14T14:08:30.363392+00:00,,,,,,,,
2026-07-14T14:38:28.462810+00:00,spot_4,Spot 4,Occupied,2026-07-14T14:37:37.488803+00:00,303,truck,0.35082870721817017,366,375.94940185546875,323.7125244140625,440.61419677734375,370.738037109375
2026-07-14T14:38:28.462810+00:00,spot_5,Spot 5,Empty,2026-07-14T12:20:51.937411+00:00,,,,,,,,
2026-07-14T14:38:28.462810+00:00,spot_6,Spot 6,Occupied,2026-07-14T14:22:27.876407+00:00,270,car,0.6545657515525818,2226,291.70538330078125,327.53662109375,352.74066162109375,362.124267578125
2026-07-14T14:38:28.462810+00:00,spot_7,Spot 7,Empty,2026-07-14T00:18:43.510894+00:00,,,,,,,,
2026-07-14T14:38:28.462810+00:00,spot_8,Spot 8,Occupied,2026-07-14T14:20:54.087004+00:00,294,car,0.8626142740249634,1054,216.87686157226562,327.069091796875,276.6222229003906,354.5108642578125
2026-07-14T14:38:28.462810+00:00,spot_9,Spot 9,Empty,2026-07-14T03:02:23.964997+00:00,,,,,,,,
2026-07-14T14:38:28.462810+00:00,spot_10,Spot 10,Empty,2026-07-14T14:38:28.462810+00:00,,,,,,,,
2026-07-14T14:38:28.462810+00:00,spot_11,Spot 11,Empty,2026-07-14T14:24:11.159654+00:00,,,,,,,,
2026-07-14T14:38:28.462810+00:00,spot_12,Spot 12,Empty,2026-07-14T14:38:28.462810+00:00,,,,,,,,
2026-07-14T14:38:28.462810+00:00,spot_13,Spot 13,Empty,2026-07-14T13:25:36.239593+00:00,,,,,,,,
2026-07-14T14:38:28.462810+00:00,spot_14,Spot 14,Occupied,2026-07-14T14:34:17.680230+00:00,305,car,0.39760303497314453,250,54.23883056640625,311.598876953125,86.08854675292969,333.9671630859375
2026-07-14T14:38:28.462810+00:00,spot_15,Spot 15,Empty,2026-07-14T13:50:28.652868+00:00,,,,,,,,
2026-07-14T14:38:28.462810+00:00,spot_16,Spot 16,Occupied,2026-07-14T14:35:10.097029+00:00,295,truck,0.47117355465888977,1054,16.373552322387695,303.54754638671875,57.73661804199219,330.22137451171875
2026-07-14T14:38:28.462810+00:00,spot_17,Spot 17,Empty,2026-07-13T17:46:26.396031+00:00,,,,,,,,
2026-07-14T14:39:09.743326+00:00,spot_1,Spot 1,Occupied,2026-07-14T14:39:09.743326+00:00,307,truck,0.46704286336898804,92,570.630859375,318.5540771484375,607.966796875,362.863037109375
2026-07-14T14:39:09.743326+00:00,spot_2,Spot 2,Occupied,2026-07-14T14:36:01.857323+00:00,261,truck,0.6644303798675537,3297,507.38214111328125,317.44036865234375,555.9442749023438,366.82305908203125
2026-07-14T14:39:09.743326+00:00,spot_3,Spot 3,Empty,2026-07-14T14:08:30.363392+00:00,,,,,,,,
2026-07-14T14:39:09.743326+00:00,spot_4,Spot 4,Occupied,2026-07-14T14:37:37.488803+00:00,303,truck,0.35252758860588074,408,376.31402587890625,326.1036376953125,425.276611328125,370.302001953125
2026-07-14T14:39:09.743326+00:00,spot_5,Spot 5,Empty,2026-07-14T12:20:51.937411+00:00,,,,,,,,
2026-07-14T14:39:09.743326+00:00,spot_6,Spot 6,Occupied,2026-07-14T14:22:27.876407+00:00,270,car,0.636533796787262,2267,291.600341796875,328.02294921875,352.362060546875,361.437255859375
2026-07-14T14:39:09.743326+00:00,spot_7,Spot 7,Empty,2026-07-14T00:18:43.510894+00:00,,,,,,,,
2026-07-14T14:39:09.743326+00:00,spot_8,Spot 8,Occupied,2026-07-14T14:20:54.087004+00:00,294,car,0.8417794108390808,1095,217.06906127929688,327.0469970703125,276.5588684082031,354.313232421875
2026-07-14T14:39:09.743326+00:00,spot_9,Spot 9,Empty,2026-07-14T03:02:23.964997+00:00,,,,,,,,
2026-07-14T14:39:09.743326+00:00,spot_10,Spot 10,Occupied,2026-07-14T14:39:09.743326+00:00,310,bus,0.49990299344062805,0,126.31036376953125,318.387939453125,182.012939453125,345.3829345703125
2026-07-14T14:39:09.743326+00:00,spot_11,Spot 11,Empty,2026-07-14T14:24:11.159654+00:00,,,,,,,,
2026-07-14T14:39:09.743326+00:00,spot_12,Spot 12,Occupied,2026-07-14T14:39:09.743326+00:00,308,car,0.40007027983665466,92,88.97792053222656,312.8861083984375,131.69615173339844,339.29730224609375
2026-07-14T14:39:09.743326+00:00,spot_13,Spot 13,Empty,2026-07-14T13:25:36.239593+00:00,,,,,,,,
2026-07-14T14:39:09.743326+00:00,spot_14,Spot 14,Occupied,2026-07-14T14:34:17.680230+00:00,305,car,0.5549941062927246,291,54.54604721069336,308.27178955078125,81.39578247070312,331.149169921875
2026-07-14T14:39:09.743326+00:00,spot_15,Spot 15,Empty,2026-07-14T13:50:28.652868+00:00,,,,,,,,
2026-07-14T14:39:09.743326+00:00,spot_16,Spot 16,Occupied,2026-07-14T14:35:10.097029+00:00,295,truck,0.5654729008674622,1095,15.1353759765625,303.46087646484375,58.650001525878906,330.93701171875
2026-07-14T14:39:09.743326+00:00,spot_17,Spot 17,Empty,2026-07-13T17:46:26.396031+00:00,,,,,,,,
2026-07-14T14:39:52.864121+00:00,spot_1,Spot 1,Occupied,2026-07-14T14:39:09.743326+00:00,307,truck,0.46704286336898804,133,570.630859375,318.5540771484375,607.966796875,362.863037109375
2026-07-14T14:39:52.864121+00:00,spot_2,Spot 2,Occupied,2026-07-14T14:36:01.857323+00:00,261,truck,0.6644303798675537,3339,507.38214111328125,317.44036865234375,555.9442749023438,366.82305908203125
2026-07-14T14:39:52.864121+00:00,spot_3,Spot 3,Empty,2026-07-14T14:08:30.363392+00:00,,,,,,,,
2026-07-14T14:39:52.864121+00:00,spot_4,Spot 4,Occupied,2026-07-14T14:37:37.488803+00:00,303,truck,0.35252758860588074,449,376.31402587890625,326.1036376953125,425.276611328125,370.302001953125
2026-07-14T14:39:52.864121+00:00,spot_5,Spot 5,Empty,2026-07-14T12:20:51.937411+00:00,,,,,,,,
2026-07-14T14:39:52.864121+00:00,spot_6,Spot 6,Occupied,2026-07-14T14:22:27.876407+00:00,270,car,0.636533796787262,2309,291.600341796875,328.02294921875,352.362060546875,361.437255859375
2026-07-14T14:39:52.864121+00:00,spot_7,Spot 7,Empty,2026-07-14T00:18:43.510894+00:00,,,,,,,,
2026-07-14T14:39:52.864121+00:00,spot_8,Spot 8,Occupied,2026-07-14T14:20:54.087004+00:00,294,car,0.8417794108390808,1137,217.06906127929688,327.0469970703125,276.5588684082031,354.313232421875
2026-07-14T14:39:52.864121+00:00,spot_9,Spot 9,Empty,2026-07-14T03:02:23.964997+00:00,,,,,,,,
2026-07-14T14:39:52.864121+00:00,spot_10,Spot 10,Occupied,2026-07-14T14:39:09.743326+00:00,310,bus,0.49990299344062805,41,126.31036376953125,318.387939453125,182.012939453125,345.3829345703125
2026-07-14T14:39:52.864121+00:00,spot_11,Spot 11,Empty,2026-07-14T14:24:11.159654+00:00,,,,,,,,
2026-07-14T14:39:52.864121+00:00,spot_12,Spot 12,Occupied,2026-07-14T14:39:09.743326+00:00,308,car,0.40007027983665466,133,88.97792053222656,312.8861083984375,131.69615173339844,339.29730224609375
2026-07-14T14:39:52.864121+00:00,spot_13,Spot 13,Empty,2026-07-14T13:25:36.239593+00:00,,,,,,,,
2026-07-14T14:39:52.864121+00:00,spot_14,Spot 14,Occupied,2026-07-14T14:34:17.680230+00:00,305,car,0.5549941062927246,333,54.54604721069336,308.27178955078125,81.39578247070312,331.149169921875
2026-07-14T14:39:52.864121+00:00,spot_15,Spot 15,Empty,2026-07-14T13:50:28.652868+00:00,,,,,,,,
2026-07-14T14:39:52.864121+00:00,spot_16,Spot 16,Occupied,2026-07-14T14:35:10.097029+00:00,295,truck,0.5654729008674622,1137,15.1353759765625,303.46087646484375,58.650001525878906,330.93701171875
2026-07-14T14:39:52.864121+00:00,spot_17,Spot 17,Empty,2026-07-13T17:46:26.396031+00:00,,,,,,,,
2026-07-14T14:40:34.017945+00:00,spot_1,Spot 1,Occupied,2026-07-14T14:40:34.017945+00:00,235,car,0.543388843536377,5177,571.5885009765625,318.9793395996094,608.0152587890625,362.4798889160156
2026-07-14T14:40:34.017945+00:00,spot_2,Spot 2,Occupied,2026-07-14T14:36:01.857323+00:00,261,truck,0.5052023530006409,3384,507.58306884765625,317.46075439453125,555.8991088867188,367.32623291015625
2026-07-14T14:40:34.017945+00:00,spot_3,Spot 3,Empty,2026-07-14T14:08:30.363392+00:00,,,,,,,,
2026-07-14T14:40:34.017945+00:00,spot_4,Spot 4,Empty,2026-07-14T14:40:34.017945+00:00,,,,,,,,
2026-07-14T14:40:34.017945+00:00,spot_5,Spot 5,Empty,2026-07-14T12:20:51.937411+00:00,,,,,,,,
2026-07-14T14:40:34.017945+00:00,spot_6,Spot 6,Occupied,2026-07-14T14:22:27.876407+00:00,270,car,0.802514910697937,2353,291.10272216796875,326.69744873046875,352.66229248046875,361.45330810546875
2026-07-14T14:40:34.017945+00:00,spot_7,Spot 7,Empty,2026-07-14T00:18:43.510894+00:00,,,,,,,,
2026-07-14T14:40:34.017945+00:00,spot_8,Spot 8,Occupied,2026-07-14T14:20:54.087004+00:00,294,car,0.8012446165084839,1181,217.109619140625,326.60748291015625,276.71722412109375,354.84503173828125
2026-07-14T14:40:34.017945+00:00,spot_9,Spot 9,Empty,2026-07-14T03:02:23.964997+00:00,,,,,,,,
2026-07-14T14:40:34.017945+00:00,spot_10,Spot 10,Empty,2026-07-14T14:40:34.017945+00:00,,,,,,,,
2026-07-14T14:40:34.017945+00:00,spot_11,Spot 11,Empty,2026-07-14T14:24:11.159654+00:00,,,,,,,,
2026-07-14T14:40:34.017945+00:00,spot_12,Spot 12,Empty,2026-07-14T14:40:34.017945+00:00,,,,,,,,
2026-07-14T14:40:34.017945+00:00,spot_13,Spot 13,Empty,2026-07-14T13:25:36.239593+00:00,,,,,,,,
2026-07-14T14:40:34.017945+00:00,spot_14,Spot 14,Occupied,2026-07-14T14:34:17.680230+00:00,305,car,0.36499014496803284,377,54.478981018066406,308.4080810546875,80.51781463623047,330.8619384765625
2026-07-14T14:40:34.017945+00:00,spot_15,Spot 15,Empty,2026-07-14T13:50:28.652868+00:00,,,,,,,,
2026-07-14T14:40:34.017945+00:00,spot_16,Spot 16,Occupied,2026-07-14T14:35:10.097029+00:00,295,truck,0.6276481747627258,1181,14.704910278320312,303.1939697265625,57.50653839111328,330.3798828125
2026-07-14T14:40:34.017945+00:00,spot_17,Spot 17,Empty,2026-07-13T17:46:26.396031+00:00,,,,,,,,
2026-07-14T14:41:20.026711+00:00,spot_1,Spot 1,Occupied,2026-07-14T14:41:20.026711+00:00,307,truck,0.4823857843875885,223,570.6533203125,318.35260009765625,608.009521484375,362.363037109375
2026-07-14T14:41:20.026711+00:00,spot_2,Spot 2,Occupied,2026-07-14T14:36:01.857323+00:00,261,truck,0.5956839323043823,3429,507.5648193359375,317.04730224609375,556.1524658203125,366.6092529296875
2026-07-14T14:41:20.026711+00:00,spot_3,Spot 3,Empty,2026-07-14T14:08:30.363392+00:00,,,,,,,,
2026-07-14T14:41:20.026711+00:00,spot_4,Spot 4,Empty,2026-07-14T14:40:34.017945+00:00,,,,,,,,
2026-07-14T14:41:20.026711+00:00,spot_5,Spot 5,Empty,2026-07-14T12:20:51.937411+00:00,,,,,,,,
2026-07-14T14:41:20.026711+00:00,spot_6,Spot 6,Occupied,2026-07-14T14:22:27.876407+00:00,270,car,0.7263204455375671,2399,290.9642333984375,327.09326171875,352.41552734375,361.35601806640625
2026-07-14T14:41:20.026711+00:00,spot_7,Spot 7,Empty,2026-07-14T00:18:43.510894+00:00,,,,,,,,
2026-07-14T14:41:20.026711+00:00,spot_8,Spot 8,Occupied,2026-07-14T14:20:54.087004+00:00,294,car,0.8004031181335449,1227,216.95449829101562,326.6311950683594,276.6541748046875,354.2494201660156
2026-07-14T14:41:20.026711+00:00,spot_9,Spot 9,Empty,2026-07-14T03:02:23.964997+00:00,,,,,,,,
2026-07-14T14:41:20.026711+00:00,spot_10,Spot 10,Occupied,2026-07-14T14:41:20.026711+00:00,310,bus,0.4431362748146057,131,129.39724731445312,318.2723388671875,183.03729248046875,345.380859375
2026-07-14T14:41:20.026711+00:00,spot_11,Spot 11,Empty,2026-07-14T14:24:11.159654+00:00,,,,,,,,
2026-07-14T14:41:20.026711+00:00,spot_12,Spot 12,Empty,2026-07-14T14:40:34.017945+00:00,,,,,,,,
2026-07-14T14:41:20.026711+00:00,spot_13,Spot 13,Empty,2026-07-14T13:25:36.239593+00:00,,,,,,,,
2026-07-14T14:41:20.026711+00:00,spot_14,Spot 14,Empty,2026-07-14T14:41:20.026711+00:00,,,,,,,,
2026-07-14T14:41:20.026711+00:00,spot_15,Spot 15,Empty,2026-07-14T13:50:28.652868+00:00,,,,,,,,
2026-07-14T14:41:20.026711+00:00,spot_16,Spot 16,Occupied,2026-07-14T14:35:10.097029+00:00,295,truck,0.5073058009147644,1227,14.167329788208008,303.476806640625,57.86620330810547,330.1593017578125
2026-07-14T14:41:20.026711+00:00,spot_17,Spot 17,Empty,2026-07-13T17:46:26.396031+00:00,,,,,,,,
2026-07-14T14:42:07.842028+00:00,spot_1,Spot 1,Occupied,2026-07-14T14:41:20.026711+00:00,307,truck,0.4823857843875885,270,570.6533203125,318.35260009765625,608.009521484375,362.363037109375
2026-07-14T14:42:07.842028+00:00,spot_2,Spot 2,Occupied,2026-07-14T14:36:01.857323+00:00,261,truck,0.5956839323043823,3475,507.5648193359375,317.04730224609375,556.1524658203125,366.6092529296875
2026-07-14T14:42:07.842028+00:00,spot_3,Spot 3,Empty,2026-07-14T14:08:30.363392+00:00,,,,,,,,
2026-07-14T14:42:07.842028+00:00,spot_4,Spot 4,Empty,2026-07-14T14:40:34.017945+00:00,,,,,,,,
2026-07-14T14:42:07.842028+00:00,spot_5,Spot 5,Empty,2026-07-14T12:20:51.937411+00:00,,,,,,,,
2026-07-14T14:42:07.842028+00:00,spot_6,Spot 6,Occupied,2026-07-14T14:22:27.876407+00:00,270,car,0.7263204455375671,2445,290.9642333984375,327.09326171875,352.41552734375,361.35601806640625
2026-07-14T14:42:07.842028+00:00,spot_7,Spot 7,Empty,2026-07-14T00:18:43.510894+00:00,,,,,,,,
2026-07-14T14:42:07.842028+00:00,spot_8,Spot 8,Occupied,2026-07-14T14:20:54.087004+00:00,294,car,0.8004031181335449,1273,216.95449829101562,326.6311950683594,276.6541748046875,354.2494201660156
2026-07-14T14:42:07.842028+00:00,spot_9,Spot 9,Empty,2026-07-14T03:02:23.964997+00:00,,,,,,,,
2026-07-14T14:42:07.842028+00:00,spot_10,Spot 10,Occupied,2026-07-14T14:41:20.026711+00:00,310,bus,0.4431362748146057,178,129.39724731445312,318.2723388671875,183.03729248046875,345.380859375
2026-07-14T14:42:07.842028+00:00,spot_11,Spot 11,Empty,2026-07-14T14:24:11.159654+00:00,,,,,,,,
2026-07-14T14:42:07.842028+00:00,spot_12,Spot 12,Empty,2026-07-14T14:40:34.017945+00:00,,,,,,,,
2026-07-14T14:42:07.842028+00:00,spot_13,Spot 13,Empty,2026-07-14T13:25:36.239593+00:00,,,,,,,,
2026-07-14T14:42:07.842028+00:00,spot_14,Spot 14,Empty,2026-07-14T14:41:20.026711+00:00,,,,,,,,
2026-07-14T14:42:07.842028+00:00,spot_15,Spot 15,Empty,2026-07-14T13:50:28.652868+00:00,,,,,,,,
2026-07-14T14:42:07.842028+00:00,spot_16,Spot 16,Occupied,2026-07-14T14:35:10.097029+00:00,295,truck,0.5073058009147644,1273,14.167329788208008,303.476806640625,57.86620330810547,330.1593017578125
2026-07-14T14:42:07.842028+00:00,spot_17,Spot 17,Empty,2026-07-13T17:46:26.396031+00:00,,,,,,,,
2026-07-14T14:42:53.319392+00:00,spot_1,Spot 1,Occupied,2026-07-14T14:42:53.319392+00:00,235,car,0.6451901793479919,5315,570.9945068359375,318.6549987792969,608.0123291015625,361.8857727050781
2026-07-14T14:42:53.319392+00:00,spot_2,Spot 2,Occupied,2026-07-14T14:36:01.857323+00:00,261,truck,0.6321861147880554,3521,507.4149169921875,317.46624755859375,555.4820556640625,366.71270751953125
2026-07-14T14:42:53.319392+00:00,spot_3,Spot 3,Empty,2026-07-14T14:08:30.363392+00:00,,,,,,,,
2026-07-14T14:42:53.319392+00:00,spot_4,Spot 4,Occupied,2026-07-14T14:42:53.319392+00:00,312,car,0.46934306621551514,0,376.8494873046875,326.6254577636719,425.3077392578125,369.3622131347656
2026-07-14T14:42:53.319392+00:00,spot_5,Spot 5,Empty,2026-07-14T12:20:51.937411+00:00,,,,,,,,
2026-07-14T14:42:53.319392+00:00,spot_6,Spot 6,Occupied,2026-07-14T14:22:27.876407+00:00,270,car,0.6257508397102356,2491,291.2841796875,327.4772644042969,352.1983642578125,361.9882507324219
2026-07-14T14:42:53.319392+00:00,spot_7,Spot 7,Empty,2026-07-14T00:18:43.510894+00:00,,,,,,,,
2026-07-14T14:42:53.319392+00:00,spot_8,Spot 8,Occupied,2026-07-14T14:20:54.087004+00:00,294,car,0.8576694130897522,1319,217.23382568359375,326.500244140625,277.1351013183594,354.34375
2026-07-14T14:42:53.319392+00:00,spot_9,Spot 9,Occupied,2026-07-14T14:42:53.319392+00:00,311,car,0.5923578143119812,0,189.34384155273438,321.9639892578125,226.72592163085938,350.406494140625
2026-07-14T14:42:53.319392+00:00,spot_10,Spot 10,Occupied,2026-07-14T14:41:20.026711+00:00,310,bus,0.6353808641433716,223,123.3430404663086,318.6094055175781,184.70181274414062,345.4015197753906
2026-07-14T14:42:53.319392+00:00,spot_11,Spot 11,Empty,2026-07-14T14:24:11.159654+00:00,,,,,,,,
2026-07-14T14:42:53.319392+00:00,spot_12,Spot 12,Empty,2026-07-14T14:40:34.017945+00:00,,,,,,,,
2026-07-14T14:42:53.319392+00:00,spot_13,Spot 13,Empty,2026-07-14T13:25:36.239593+00:00,,,,,,,,
2026-07-14T14:42:53.319392+00:00,spot_14,Spot 14,Empty,2026-07-14T14:41:20.026711+00:00,,,,,,,,
2026-07-14T14:42:53.319392+00:00,spot_15,Spot 15,Empty,2026-07-14T13:50:28.652868+00:00,,,,,,,,
2026-07-14T14:42:53.319392+00:00,spot_16,Spot 16,Occupied,2026-07-14T14:35:10.097029+00:00,295,truck,0.610362708568573,1319,14.170257568359375,303.2503662109375,59.031524658203125,329.9180908203125
2026-07-14T14:42:53.319392+00:00,spot_17,Spot 17,Empty,2026-07-13T17:46:26.396031+00:00,,,,,,,,
2026-07-14T14:43:55.297772+00:00,spot_1,Spot 1,Occupied,2026-07-14T14:43:55.297772+00:00,307,truck,0.497684508562088,379,572.2470703125,318.23236083984375,607.9580078125,361.87261962890625
2026-07-14T14:43:55.297772+00:00,spot_2,Spot 2,Occupied,2026-07-14T14:36:01.857323+00:00,261,truck,0.4598674774169922,3585,507.3653564453125,317.65362548828125,553.696044921875,367.39886474609375
2026-07-14T14:43:55.297772+00:00,spot_3,Spot 3,Empty,2026-07-14T14:08:30.363392+00:00,,,,,,,,
2026-07-14T14:43:55.297772+00:00,spot_4,Spot 4,Occupied,2026-07-14T14:42:53.319392+00:00,312,car,0.36982545256614685,63,376.4528503417969,333.6881408691406,415.5256042480469,369.6596984863281
2026-07-14T14:43:55.297772+00:00,spot_5,Spot 5,Empty,2026-07-14T12:20:51.937411+00:00,,,,,,,,
2026-07-14T14:43:55.297772+00:00,spot_6,Spot 6,Occupied,2026-07-14T14:22:27.876407+00:00,270,car,0.7514165043830872,2554,291.388427734375,328.38934326171875,352.454833984375,361.68121337890625
2026-07-14T14:43:55.297772+00:00,spot_7,Spot 7,Occupied,2026-07-14T14:43:55.297772+00:00,294,car,0.7543432116508484,1382,217.165283203125,326.76910400390625,275.6109313964844,353.82647705078125
2026-07-14T14:43:55.297772+00:00,spot_8,Spot 8,Occupied,2026-07-14T14:43:55.297772+00:00,311,car,0.5828667283058167,63,195.15997314453125,322.1033935546875,227.02203369140625,351.2261962890625
2026-07-14T14:43:55.297772+00:00,spot_9,Spot 9,Empty,2026-07-14T14:43:55.297772+00:00,,,,,,,,
2026-07-14T14:43:55.297772+00:00,spot_10,Spot 10,Empty,2026-07-14T14:43:55.297772+00:00,,,,,,,,
2026-07-14T14:43:55.297772+00:00,spot_11,Spot 11,Empty,2026-07-14T14:24:11.159654+00:00,,,,,,,,
2026-07-14T14:43:55.297772+00:00,spot_12,Spot 12,Occupied,2026-07-14T14:43:55.297772+00:00,314,car,0.46470940113067627,0,91.29193115234375,313.46044921875,130.41769409179688,339.770263671875
2026-07-14T14:43:55.297772+00:00,spot_13,Spot 13,Empty,2026-07-14T13:25:36.239593+00:00,,,,,,,,
2026-07-14T14:43:55.297772+00:00,spot_14,Spot 14,Occupied,2026-07-14T14:43:55.297772+00:00,313,car,0.4699958562850952,0,54.170928955078125,309.2642822265625,93.73210144042969,334.24859619140625
2026-07-14T14:43:55.297772+00:00,spot_15,Spot 15,Empty,2026-07-14T13:50:28.652868+00:00,,,,,,,,
2026-07-14T14:43:55.297772+00:00,spot_16,Spot 16,Occupied,2026-07-14T14:35:10.097029+00:00,295,truck,0.6074926257133484,1382,15.231426239013672,303.476318359375,57.65805435180664,329.5281982421875
2026-07-14T14:43:55.297772+00:00,spot_17,Spot 17,Empty,2026-07-13T17:46:26.396031+00:00,,,,,,,,
2026-07-14T14:44:48.095488+00:00,spot_1,Spot 1,Occupied,2026-07-14T14:44:48.095488+00:00,235,car,0.44211846590042114,5430,571.3728637695312,318.0755615234375,607.9672241210938,362.89263916015625
2026-07-14T14:44:48.095488+00:00,spot_2,Spot 2,Occupied,2026-07-14T14:36:01.857323+00:00,261,truck,0.7245710492134094,3637,507.66375732421875,317.0091552734375,556.2622680664062,366.2540283203125
2026-07-14T14:44:48.095488+00:00,spot_3,Spot 3,Empty,2026-07-14T14:08:30.363392+00:00,,,,,,,,
2026-07-14T14:44:48.095488+00:00,spot_4,Spot 4,Occupied,2026-07-14T14:42:53.319392+00:00,312,car,0.6035410165786743,115,376.413818359375,328.689697265625,425.1029052734375,368.968994140625
2026-07-14T14:44:48.095488+00:00,spot_5,Spot 5,Empty,2026-07-14T12:20:51.937411+00:00,,,,,,,,
2026-07-14T14:44:48.095488+00:00,spot_6,Spot 6,Occupied,2026-07-14T14:22:27.876407+00:00,270,car,0.8178126215934753,2606,290.37030029296875,327.0350341796875,352.4075927734375,361.6639404296875
2026-07-14T14:44:48.095488+00:00,spot_7,Spot 7,Occupied,2026-07-14T14:43:55.297772+00:00,294,car,0.8439277410507202,1434,216.14511108398438,326.56719970703125,276.1769714355469,353.7630615234375
2026-07-14T14:44:48.095488+00:00,spot_8,Spot 8,Occupied,2026-07-14T14:43:55.297772+00:00,311,car,0.7665789127349854,115,193.9302978515625,321.7754211425781,225.905029296875,351.3122863769531
2026-07-14T14:44:48.095488+00:00,spot_9,Spot 9,Empty,2026-07-14T14:43:55.297772+00:00,,,,,,,,
2026-07-14T14:44:48.095488+00:00,spot_10,Spot 10,Empty,2026-07-14T14:43:55.297772+00:00,,,,,,,,
2026-07-14T14:44:48.095488+00:00,spot_11,Spot 11,Occupied,2026-07-14T14:44:48.095488+00:00,310,bus,0.4841185510158539,339,121.38899993896484,318.10711669921875,182.83834838867188,343.81243896484375
2026-07-14T14:44:48.095488+00:00,spot_12,Spot 12,Empty,2026-07-14T14:44:48.095488+00:00,,,,,,,,
2026-07-14T14:44:48.095488+00:00,spot_13,Spot 13,Empty,2026-07-14T13:25:36.239593+00:00,,,,,,,,
2026-07-14T14:44:48.095488+00:00,spot_14,Spot 14,Empty,2026-07-14T14:44:48.095488+00:00,,,,,,,,
2026-07-14T14:44:48.095488+00:00,spot_15,Spot 15,Empty,2026-07-14T13:50:28.652868+00:00,,,,,,,,
2026-07-14T14:44:48.095488+00:00,spot_16,Spot 16,Occupied,2026-07-14T14:35:10.097029+00:00,295,truck,0.45601749420166016,1434,15.057079315185547,303.3202819824219,57.499568939208984,330.2445373535156
2026-07-14T14:44:48.095488+00:00,spot_17,Spot 17,Empty,2026-07-13T17:46:26.396031+00:00,,,,,,,,
2026-07-14T14:45:38.023193+00:00,spot_1,Spot 1,Occupied,2026-07-14T14:44:48.095488+00:00,235,car,0.51274573802948,5479,570.698486328125,318.412353515625,607.97021484375,363.087890625
2026-07-14T14:45:38.023193+00:00,spot_2,Spot 2,Occupied,2026-07-14T14:45:38.023193+00:00,315,car,0.7169398665428162,0,507.4428405761719,318.29742431640625,555.240478515625,366.31097412109375
2026-07-14T14:45:38.023193+00:00,spot_3,Spot 3,Empty,2026-07-14T14:08:30.363392+00:00,,,,,,,,
2026-07-14T14:45:38.023193+00:00,spot_4,Spot 4,Occupied,2026-07-14T14:42:53.319392+00:00,312,car,0.4190114736557007,164,377.18670654296875,327.1436462402344,425.315673828125,369.1930236816406
2026-07-14T14:45:38.023193+00:00,spot_5,Spot 5,Empty,2026-07-14T12:20:51.937411+00:00,,,,,,,,
2026-07-14T14:45:38.023193+00:00,spot_6,Spot 6,Occupied,2026-07-14T14:22:27.876407+00:00,270,car,0.7727400660514832,2655,291.23773193359375,327.72991943359375,352.1134033203125,361.55828857421875
2026-07-14T14:45:38.023193+00:00,spot_7,Spot 7,Empty,2026-07-14T14:45:38.023193+00:00,,,,,,,,
2026-07-14T14:45:38.023193+00:00,spot_8,Spot 8,Occupied,2026-07-14T14:45:38.023193+00:00,294,car,0.8308578133583069,1483,217.06069946289062,326.5288391113281,276.3818054199219,354.0489196777344
2026-07-14T14:45:38.023193+00:00,spot_9,Spot 9,Occupied,2026-07-14T14:45:38.023193+00:00,311,car,0.3523895740509033,164,191.1806640625,321.7127685546875,224.701416015625,351.2142333984375
2026-07-14T14:45:38.023193+00:00,spot_10,Spot 10,Occupied,2026-07-14T14:45:38.023193+00:00,316,truck,0.5292779207229614,0,126.43207550048828,318.6455078125,183.3232421875,345.6737060546875
2026-07-14T14:45:38.023193+00:00,spot_11,Spot 11,Empty,2026-07-14T14:45:38.023193+00:00,,,,,,,,
2026-07-14T14:45:38.023193+00:00,spot_12,Spot 12,Empty,2026-07-14T14:44:48.095488+00:00,,,,,,,,
2026-07-14T14:45:38.023193+00:00,spot_13,Spot 13,Empty,2026-07-14T13:25:36.239593+00:00,,,,,,,,
2026-07-14T14:45:38.023193+00:00,spot_14,Spot 14,Occupied,2026-07-14T14:45:38.023193+00:00,313,car,0.5085433721542358,101,53.95135498046875,308.5360107421875,82.49627685546875,331.455322265625
2026-07-14T14:45:38.023193+00:00,spot_15,Spot 15,Empty,2026-07-14T13:50:28.652868+00:00,,,,,,,,
2026-07-14T14:45:38.023193+00:00,spot_16,Spot 16,Occupied,2026-07-14T14:35:10.097029+00:00,295,truck,0.4967076778411865,1483,14.33924674987793,303.3094177246094,58.68226623535156,330.0621032714844
2026-07-14T14:45:38.023193+00:00,spot_17,Spot 17,Empty,2026-07-13T17:46:26.396031+00:00,,,,,,,,
2026-07-14T14:46:30.809814+00:00,spot_1,Spot 1,Occupied,2026-07-14T14:44:48.095488+00:00,235,car,0.38368481397628784,5534,570.6036987304688,317.7276611328125,607.8505249023438,363.30682373046875
2026-07-14T14:46:30.809814+00:00,spot_2,Spot 2,Occupied,2026-07-14T14:46:30.809814+00:00,261,truck,0.4390047788619995,3740,507.38531494140625,317.17364501953125,555.1095581054688,366.05413818359375
2026-07-14T14:46:30.809814+00:00,spot_3,Spot 3,Empty,2026-07-14T14:08:30.363392+00:00,,,,,,,,
2026-07-14T14:46:30.809814+00:00,spot_4,Spot 4,Occupied,2026-07-14T14:42:53.319392+00:00,312,car,0.48169904947280884,218,376.4151306152344,333.3731689453125,415.1686706542969,369.6279296875
2026-07-14T14:46:30.809814+00:00,spot_5,Spot 5,Empty,2026-07-14T12:20:51.937411+00:00,,,,,,,,
2026-07-14T14:46:30.809814+00:00,spot_6,Spot 6,Occupied,2026-07-14T14:22:27.876407+00:00,270,car,0.7916943430900574,2710,291.1206359863281,327.58355712890625,352.2831115722656,361.54510498046875
2026-07-14T14:46:30.809814+00:00,spot_7,Spot 7,Empty,2026-07-14T14:45:38.023193+00:00,,,,,,,,
2026-07-14T14:46:30.809814+00:00,spot_8,Spot 8,Occupied,2026-07-14T14:45:38.023193+00:00,294,car,0.8023331165313721,1538,216.8028564453125,326.6625061035156,276.0827331542969,353.6853942871094
2026-07-14T14:46:30.809814+00:00,spot_9,Spot 9,Occupied,2026-07-14T14:45:38.023193+00:00,311,car,0.596550464630127,218,190.44436645507812,321.82525634765625,225.11300659179688,350.1812744140625
2026-07-14T14:46:30.809814+00:00,spot_10,Spot 10,Empty,2026-07-14T14:46:30.809814+00:00,,,,,,,,
2026-07-14T14:46:30.809814+00:00,spot_11,Spot 11,Empty,2026-07-14T14:45:38.023193+00:00,,,,,,,,
2026-07-14T14:46:30.809814+00:00,spot_12,Spot 12,Empty,2026-07-14T14:44:48.095488+00:00,,,,,,,,
2026-07-14T14:46:30.809814+00:00,spot_13,Spot 13,Empty,2026-07-14T13:25:36.239593+00:00,,,,,,,,
2026-07-14T14:46:30.809814+00:00,spot_14,Spot 14,Empty,2026-07-14T14:46:30.809814+00:00,,,,,,,,
2026-07-14T14:46:30.809814+00:00,spot_15,Spot 15,Empty,2026-07-14T13:50:28.652868+00:00,,,,,,,,
2026-07-14T14:46:30.809814+00:00,spot_16,Spot 16,Occupied,2026-07-14T14:35:10.097029+00:00,295,truck,0.5100117325782776,1538,14.080598831176758,303.25360107421875,56.81396484375,329.52752685546875
2026-07-14T14:46:30.809814+00:00,spot_17,Spot 17,Empty,2026-07-13T17:46:26.396031+00:00,,,,,,,,
2026-07-14T14:47:18.893353+00:00,spot_1,Spot 1,Occupied,2026-07-14T14:44:48.095488+00:00,235,car,0.38368481397628784,5582,570.6036987304688,317.7276611328125,607.8505249023438,363.30682373046875
2026-07-14T14:47:18.893353+00:00,spot_2,Spot 2,Occupied,2026-07-14T14:46:30.809814+00:00,261,truck,0.4390047788619995,3788,507.38531494140625,317.17364501953125,555.1095581054688,366.05413818359375
2026-07-14T14:47:18.893353+00:00,spot_3,Spot 3,Empty,2026-07-14T14:08:30.363392+00:00,,,,,,,,
2026-07-14T14:47:18.893353+00:00,spot_4,Spot 4,Occupied,2026-07-14T14:42:53.319392+00:00,312,car,0.48169904947280884,267,376.4151306152344,333.3731689453125,415.1686706542969,369.6279296875
2026-07-14T14:47:18.893353+00:00,spot_5,Spot 5,Empty,2026-07-14T12:20:51.937411+00:00,,,,,,,,
2026-07-14T14:47:18.893353+00:00,spot_6,Spot 6,Occupied,2026-07-14T14:22:27.876407+00:00,270,car,0.7916943430900574,2758,291.1206359863281,327.58355712890625,352.2831115722656,361.54510498046875
2026-07-14T14:47:18.893353+00:00,spot_7,Spot 7,Empty,2026-07-14T14:45:38.023193+00:00,,,,,,,,
2026-07-14T14:47:18.893353+00:00,spot_8,Spot 8,Occupied,2026-07-14T14:45:38.023193+00:00,294,car,0.8023331165313721,1586,216.8028564453125,326.6625061035156,276.0827331542969,353.6853942871094
2026-07-14T14:47:18.893353+00:00,spot_9,Spot 9,Occupied,2026-07-14T14:45:38.023193+00:00,311,car,0.596550464630127,267,190.44436645507812,321.82525634765625,225.11300659179688,350.1812744140625
2026-07-14T14:47:18.893353+00:00,spot_10,Spot 10,Empty,2026-07-14T14:46:30.809814+00:00,,,,,,,,
2026-07-14T14:47:18.893353+00:00,spot_11,Spot 11,Empty,2026-07-14T14:45:38.023193+00:00,,,,,,,,
2026-07-14T14:47:18.893353+00:00,spot_12,Spot 12,Empty,2026-07-14T14:44:48.095488+00:00,,,,,,,,
2026-07-14T14:47:18.893353+00:00,spot_13,Spot 13,Empty,2026-07-14T13:25:36.239593+00:00,,,,,,,,
2026-07-14T14:47:18.893353+00:00,spot_14,Spot 14,Empty,2026-07-14T14:46:30.809814+00:00,,,,,,,,
2026-07-14T14:47:18.893353+00:00,spot_15,Spot 15,Empty,2026-07-14T13:50:28.652868+00:00,,,,,,,,
2026-07-14T14:47:18.893353+00:00,spot_16,Spot 16,Occupied,2026-07-14T14:35:10.097029+00:00,295,truck,0.5100117325782776,1586,14.080598831176758,303.25360107421875,56.81396484375,329.52752685546875
2026-07-14T14:47:18.893353+00:00,spot_17,Spot 17,Empty,2026-07-13T17:46:26.396031+00:00,,,,,,,,
2026-07-14T14:48:04.894623+00:00,spot_1,Spot 1,Occupied,2026-07-14T14:44:48.095488+00:00,235,car,0.37785401940345764,5625,570.453369140625,322.5249938964844,607.5601806640625,362.5233459472656
2026-07-14T14:48:04.894623+00:00,spot_2,Spot 2,Occupied,2026-07-14T14:46:30.809814+00:00,261,truck,0.6507558226585388,3832,507.680419921875,318.36932373046875,554.738037109375,366.38323974609375
2026-07-14T14:48:04.894623+00:00,spot_3,Spot 3,Empty,2026-07-14T14:08:30.363392+00:00,,,,,,,,
2026-07-14T14:48:04.894623+00:00,spot_4,Spot 4,Empty,2026-07-14T14:48:04.894623+00:00,,,,,,,,
2026-07-14T14:48:04.894623+00:00,spot_5,Spot 5,Empty,2026-07-14T12:20:51.937411+00:00,,,,,,,,
2026-07-14T14:48:04.894623+00:00,spot_6,Spot 6,Occupied,2026-07-14T14:48:04.894623+00:00,319,car,0.4097108244895935,0,291.81903076171875,329.9896240234375,320.54412841796875,360.6566162109375
2026-07-14T14:48:04.894623+00:00,spot_7,Spot 7,Empty,2026-07-14T14:45:38.023193+00:00,,,,,,,,
2026-07-14T14:48:04.894623+00:00,spot_8,Spot 8,Occupied,2026-07-14T14:45:38.023193+00:00,294,car,0.7282952666282654,1629,217.63296508789062,326.636962890625,276.7955627441406,354.61578369140625
2026-07-14T14:48:04.894623+00:00,spot_9,Spot 9,Occupied,2026-07-14T14:45:38.023193+00:00,311,car,0.6411349773406982,310,189.43609619140625,321.7743835449219,224.9976806640625,350.5339050292969
2026-07-14T14:48:04.894623+00:00,spot_10,Spot 10,Empty,2026-07-14T14:46:30.809814+00:00,,,,,,,,
2026-07-14T14:48:04.894623+00:00,spot_11,Spot 11,Occupied,2026-07-14T14:48:04.894623+00:00,316,truck,0.40995463728904724,146,120.93931579589844,318.125244140625,184.1107940673828,344.75946044921875
2026-07-14T14:48:04.894623+00:00,spot_12,Spot 12,Occupied,2026-07-14T14:48:04.894623+00:00,317,car,0.44784653186798096,0,91.59878540039062,314.39666748046875,133.33282470703125,339.68353271484375
2026-07-14T14:48:04.894623+00:00,spot_13,Spot 13,Empty,2026-07-14T13:25:36.239593+00:00,,,,,,,,
2026-07-14T14:48:04.894623+00:00,spot_14,Spot 14,Occupied,2026-07-14T14:48:04.894623+00:00,313,car,0.4763536751270294,247,54.09807586669922,308.4081726074219,93.49089813232422,333.2735290527344
2026-07-14T14:48:04.894623+00:00,spot_15,Spot 15,Empty,2026-07-14T13:50:28.652868+00:00,,,,,,,,
2026-07-14T14:48:04.894623+00:00,spot_16,Spot 16,Occupied,2026-07-14T14:35:10.097029+00:00,295,truck,0.5021979212760925,1629,15.453079223632812,302.9210205078125,59.90211486816406,329.5987548828125
2026-07-14T14:48:04.894623+00:00,spot_17,Spot 17,Empty,2026-07-13T17:46:26.396031+00:00,,,,,,,,
2026-07-14T14:48:57.433283+00:00,spot_1,Spot 1,Occupied,2026-07-14T14:44:48.095488+00:00,235,car,0.3896394968032837,5678,571.852783203125,317.87481689453125,607.566650390625,363.37445068359375
2026-07-14T14:48:57.433283+00:00,spot_2,Spot 2,Occupied,2026-07-14T14:46:30.809814+00:00,261,truck,0.5312390923500061,3885,507.22015380859375,317.2437744140625,554.6279907226562,366.8992919921875
2026-07-14T14:48:57.433283+00:00,spot_3,Spot 3,Empty,2026-07-14T14:08:30.363392+00:00,,,,,,,,
2026-07-14T14:48:57.433283+00:00,spot_4,Spot 4,Occupied,2026-07-14T14:48:57.433283+00:00,312,car,0.5218814015388489,363,376.24420166015625,333.47625732421875,419.73370361328125,369.48101806640625
2026-07-14T14:48:57.433283+00:00,spot_5,Spot 5,Empty,2026-07-14T12:20:51.937411+00:00,,,,,,,,
2026-07-14T14:48:57.433283+00:00,spot_6,Spot 6,Occupied,2026-07-14T14:48:57.433283+00:00,270,car,0.6314653754234314,2854,291.4005126953125,327.41485595703125,352.2030029296875,361.05096435546875
2026-07-14T14:48:57.433283+00:00,spot_7,Spot 7,Empty,2026-07-14T14:45:38.023193+00:00,,,,,,,,
2026-07-14T14:48:57.433283+00:00,spot_8,Spot 8,Occupied,2026-07-14T14:45:38.023193+00:00,294,car,0.779769241809845,1682,216.826904296875,326.5164794921875,276.67059326171875,353.9049072265625
2026-07-14T14:48:57.433283+00:00,spot_9,Spot 9,Occupied,2026-07-14T14:48:57.433283+00:00,321,bus,0.4134308993816376,0,189.283935546875,321.7371826171875,224.9681396484375,349.30419921875
2026-07-14T14:48:57.433283+00:00,spot_10,Spot 10,Occupied,2026-07-14T14:48:57.433283+00:00,320,bus,0.5504867434501648,0,124.93351745605469,318.04443359375,184.4632110595703,345.635498046875
2026-07-14T14:48:57.433283+00:00,spot_11,Spot 11,Empty,2026-07-14T14:48:57.433283+00:00,,,,,,,,
2026-07-14T14:48:57.433283+00:00,spot_12,Spot 12,Empty,2026-07-14T14:48:57.433283+00:00,,,,,,,,
2026-07-14T14:48:57.433283+00:00,spot_13,Spot 13,Empty,2026-07-14T13:25:36.239593+00:00,,,,,,,,
2026-07-14T14:48:57.433283+00:00,spot_14,Spot 14,Occupied,2026-07-14T14:48:04.894623+00:00,313,car,0.5219437479972839,300,54.099124908447266,307.52276611328125,85.63632202148438,332.61358642578125
2026-07-14T14:48:57.433283+00:00,spot_15,Spot 15,Empty,2026-07-14T13:50:28.652868+00:00,,,,,,,,
2026-07-14T14:48:57.433283+00:00,spot_16,Spot 16,Occupied,2026-07-14T14:35:10.097029+00:00,295,truck,0.5826120972633362,1682,14.623958587646484,303.38580322265625,57.26081466674805,329.02777099609375
2026-07-14T14:48:57.433283+00:00,spot_17,Spot 17,Empty,2026-07-13T17:46:26.396031+00:00,,,,,,,,
2026-07-14T14:49:50.548811+00:00,spot_1,Spot 1,Occupied,2026-07-14T14:49:50.548811+00:00,318,truck,0.44981127977371216,105,570.799072265625,317.99810791015625,607.97705078125,363.92694091796875
2026-07-14T14:49:50.548811+00:00,spot_2,Spot 2,Occupied,2026-07-14T14:46:30.809814+00:00,261,truck,0.6617425084114075,3937,507.23919677734375,317.416259765625,555.0813598632812,365.7900390625
2026-07-14T14:49:50.548811+00:00,spot_3,Spot 3,Empty,2026-07-14T14:08:30.363392+00:00,,,,,,,,
2026-07-14T14:49:50.548811+00:00,spot_4,Spot 4,Occupied,2026-07-14T14:48:57.433283+00:00,312,car,0.40754109621047974,416,375.7548828125,326.391357421875,424.7227783203125,370.4864501953125
2026-07-14T14:49:50.548811+00:00,spot_5,Spot 5,Empty,2026-07-14T12:20:51.937411+00:00,,,,,,,,
2026-07-14T14:49:50.548811+00:00,spot_6,Spot 6,Occupied,2026-07-14T14:48:57.433283+00:00,270,car,0.5519688129425049,2907,291.1051025390625,326.7670593261719,352.33782958984375,361.4583435058594
2026-07-14T14:49:50.548811+00:00,spot_7,Spot 7,Empty,2026-07-14T14:45:38.023193+00:00,,,,,,,,
2026-07-14T14:49:50.548811+00:00,spot_8,Spot 8,Occupied,2026-07-14T14:45:38.023193+00:00,294,car,0.5624086260795593,1735,217.39901733398438,325.87115478515625,276.5797119140625,354.5108642578125
2026-07-14T14:49:50.548811+00:00,spot_9,Spot 9,Occupied,2026-07-14T14:49:50.548811+00:00,311,car,0.4511213004589081,416,189.08551025390625,321.37017822265625,226.16107177734375,350.34283447265625
2026-07-14T14:49:50.548811+00:00,spot_10,Spot 10,Occupied,2026-07-14T14:48:57.433283+00:00,320,bus,0.3577215373516083,52,125.269775390625,318.17364501953125,184.92709350585938,345.89447021484375
2026-07-14T14:49:50.548811+00:00,spot_11,Spot 11,Empty,2026-07-14T14:48:57.433283+00:00,,,,,,,,
2026-07-14T14:49:50.548811+00:00,spot_12,Spot 12,Occupied,2026-07-14T14:49:50.548811+00:00,317,car,0.4748663902282715,105,90.82942199707031,313.8544921875,129.86302185058594,339.7037353515625
2026-07-14T14:49:50.548811+00:00,spot_13,Spot 13,Empty,2026-07-14T13:25:36.239593+00:00,,,,,,,,
2026-07-14T14:49:50.548811+00:00,spot_14,Spot 14,Occupied,2026-07-14T14:48:04.894623+00:00,313,car,0.3634628653526306,352,54.214054107666016,308.41461181640625,95.47369384765625,333.64495849609375
2026-07-14T14:49:50.548811+00:00,spot_15,Spot 15,Empty,2026-07-14T13:50:28.652868+00:00,,,,,,,,
2026-07-14T14:49:50.548811+00:00,spot_16,Spot 16,Occupied,2026-07-14T14:35:10.097029+00:00,295,truck,0.5290794968605042,1735,14.06340217590332,303.25189208984375,59.60704040527344,330.45709228515625
2026-07-14T14:49:50.548811+00:00,spot_17,Spot 17,Empty,2026-07-13T17:46:26.396031+00:00,,,,,,,,
2026-07-14T14:50:31.706211+00:00,spot_1,Spot 1,Occupied,2026-07-14T14:49:50.548811+00:00,318,truck,0.44981127977371216,148,570.799072265625,317.99810791015625,607.97705078125,363.92694091796875
2026-07-14T14:50:31.706211+00:00,spot_2,Spot 2,Occupied,2026-07-14T14:46:30.809814+00:00,261,truck,0.6617425084114075,3980,507.23919677734375,317.416259765625,555.0813598632812,365.7900390625
2026-07-14T14:50:31.706211+00:00,spot_3,Spot 3,Empty,2026-07-14T14:08:30.363392+00:00,,,,,,,,
2026-07-14T14:50:31.706211+00:00,spot_4,Spot 4,Occupied,2026-07-14T14:48:57.433283+00:00,312,car,0.40754109621047974,458,375.7548828125,326.391357421875,424.7227783203125,370.4864501953125
2026-07-14T14:50:31.706211+00:00,spot_5,Spot 5,Empty,2026-07-14T12:20:51.937411+00:00,,,,,,,,
2026-07-14T14:50:31.706211+00:00,spot_6,Spot 6,Occupied,2026-07-14T14:48:57.433283+00:00,270,car,0.5519688129425049,2950,291.1051025390625,326.7670593261719,352.33782958984375,361.4583435058594
2026-07-14T14:50:31.706211+00:00,spot_7,Spot 7,Empty,2026-07-14T14:45:38.023193+00:00,,,,,,,,
2026-07-14T14:50:31.706211+00:00,spot_8,Spot 8,Occupied,2026-07-14T14:45:38.023193+00:00,294,car,0.5624086260795593,1777,217.39901733398438,325.87115478515625,276.5797119140625,354.5108642578125
2026-07-14T14:50:31.706211+00:00,spot_9,Spot 9,Occupied,2026-07-14T14:49:50.548811+00:00,311,car,0.4511213004589081,458,189.08551025390625,321.37017822265625,226.16107177734375,350.34283447265625
2026-07-14T14:50:31.706211+00:00,spot_10,Spot 10,Occupied,2026-07-14T14:48:57.433283+00:00,320,bus,0.3577215373516083,95,125.269775390625,318.17364501953125,184.92709350585938,345.89447021484375
2026-07-14T14:50:31.706211+00:00,spot_11,Spot 11,Empty,2026-07-14T14:48:57.433283+00:00,,,,,,,,
2026-07-14T14:50:31.706211+00:00,spot_12,Spot 12,Occupied,2026-07-14T14:49:50.548811+00:00,317,car,0.4748663902282715,148,90.82942199707031,313.8544921875,129.86302185058594,339.7037353515625
2026-07-14T14:50:31.706211+00:00,spot_13,Spot 13,Empty,2026-07-14T13:25:36.239593+00:00,,,,,,,,
2026-07-14T14:50:31.706211+00:00,spot_14,Spot 14,Occupied,2026-07-14T14:48:04.894623+00:00,313,car,0.3634628653526306,395,54.214054107666016,308.41461181640625,95.47369384765625,333.64495849609375
2026-07-14T14:50:31.706211+00:00,spot_15,Spot 15,Empty,2026-07-14T13:50:28.652868+00:00,,,,,,,,
2026-07-14T14:50:31.706211+00:00,spot_16,Spot 16,Occupied,2026-07-14T14:35:10.097029+00:00,295,truck,0.5290794968605042,1777,14.06340217590332,303.25189208984375,59.60704040527344,330.45709228515625
2026-07-14T14:50:31.706211+00:00,spot_17,Spot 17,Empty,2026-07-13T17:46:26.396031+00:00,,,,,,,,
2026-07-14T14:51:12.934397+00:00,spot_1,Spot 1,Occupied,2026-07-14T14:51:12.934397+00:00,235,car,0.5337504148483276,5813,570.3099975585938,318.9778747558594,607.9033813476562,362.5789489746094
2026-07-14T14:51:12.934397+00:00,spot_2,Spot 2,Occupied,2026-07-14T14:46:30.809814+00:00,261,truck,0.4735153317451477,4020,507.18035888671875,317.68017578125,555.4923706054688,366.9683837890625
2026-07-14T14:51:12.934397+00:00,spot_3,Spot 3,Empty,2026-07-14T14:08:30.363392+00:00,,,,,,,,
2026-07-14T14:51:12.934397+00:00,spot_4,Spot 4,Occupied,2026-07-14T14:51:12.934397+00:00,322,car,0.5252732038497925,0,388.926025390625,325.50640869140625,425.8614501953125,367.44024658203125
2026-07-14T14:51:12.934397+00:00,spot_5,Spot 5,Empty,2026-07-14T12:20:51.937411+00:00,,,,,,,,
2026-07-14T14:51:12.934397+00:00,spot_6,Spot 6,Occupied,2026-07-14T14:48:57.433283+00:00,270,car,0.8330949544906616,2989,291.19842529296875,327.59454345703125,352.32025146484375,362.06768798828125
2026-07-14T14:51:12.934397+00:00,spot_7,Spot 7,Empty,2026-07-14T14:45:38.023193+00:00,,,,,,,,
2026-07-14T14:51:12.934397+00:00,spot_8,Spot 8,Occupied,2026-07-14T14:45:38.023193+00:00,294,car,0.7230798006057739,1817,216.16485595703125,326.70941162109375,274.4037780761719,354.74041748046875
2026-07-14T14:51:12.934397+00:00,spot_9,Spot 9,Occupied,2026-07-14T14:49:50.548811+00:00,311,car,0.5285130143165588,498,188.71826171875,321.4375305175781,225.03643798828125,350.5491638183594
2026-07-14T14:51:12.934397+00:00,spot_10,Spot 10,Empty,2026-07-14T14:51:12.934397+00:00,,,,,,,,
2026-07-14T14:51:12.934397+00:00,spot_11,Spot 11,Occupied,2026-07-14T14:51:12.934397+00:00,320,bus,0.6156910061836243,134,121.3675765991211,318.3250732421875,181.86471557617188,345.265625
2026-07-14T14:51:12.934397+00:00,spot_12,Spot 12,Empty,2026-07-14T14:51:12.934397+00:00,,,,,,,,
2026-07-14T14:51:12.934397+00:00,spot_13,Spot 13,Empty,2026-07-14T13:25:36.239593+00:00,,,,,,,,
2026-07-14T14:51:12.934397+00:00,spot_14,Spot 14,Empty,2026-07-14T14:51:12.934397+00:00,,,,,,,,
2026-07-14T14:51:12.934397+00:00,spot_15,Spot 15,Empty,2026-07-14T13:50:28.652868+00:00,,,,,,,,
2026-07-14T14:51:12.934397+00:00,spot_16,Spot 16,Occupied,2026-07-14T14:35:10.097029+00:00,295,truck,0.5519767999649048,1817,14.956949234008789,303.09423828125,59.81133270263672,330.42987060546875
2026-07-14T14:51:12.934397+00:00,spot_17,Spot 17,Empty,2026-07-13T17:46:26.396031+00:00,,,,,,,,
2026-07-14T14:51:55.498015+00:00,spot_1,Spot 1,Occupied,2026-07-14T14:51:55.498015+00:00,318,truck,0.5075517892837524,230,571.4532470703125,318.09698486328125,607.8466796875,362.86260986328125
2026-07-14T14:51:55.498015+00:00,spot_2,Spot 2,Occupied,2026-07-14T14:46:30.809814+00:00,261,truck,0.53557288646698,4062,507.3228759765625,317.7220458984375,554.27978515625,366.80908203125
2026-07-14T14:51:55.498015+00:00,spot_3,Spot 3,Empty,2026-07-14T14:08:30.363392+00:00,,,,,,,,
2026-07-14T14:51:55.498015+00:00,spot_4,Spot 4,Empty,2026-07-14T14:51:55.498015+00:00,,,,,,,,
2026-07-14T14:51:55.498015+00:00,spot_5,Spot 5,Empty,2026-07-14T12:20:51.937411+00:00,,,,,,,,
2026-07-14T14:51:55.498015+00:00,spot_6,Spot 6,Occupied,2026-07-14T14:48:57.433283+00:00,270,car,0.806651771068573,3032,291.41412353515625,327.26861572265625,352.56060791015625,361.97979736328125
2026-07-14T14:51:55.498015+00:00,spot_7,Spot 7,Empty,2026-07-14T14:45:38.023193+00:00,,,,,,,,
2026-07-14T14:51:55.498015+00:00,spot_8,Spot 8,Occupied,2026-07-14T14:45:38.023193+00:00,294,car,0.730127215385437,1860,217.73110961914062,326.4061279296875,276.4656066894531,354.33447265625
2026-07-14T14:51:55.498015+00:00,spot_9,Spot 9,Occupied,2026-07-14T14:49:50.548811+00:00,311,car,0.5989723801612854,541,188.6881103515625,321.86883544921875,225.5794677734375,350.54534912109375
2026-07-14T14:51:55.498015+00:00,spot_10,Spot 10,Empty,2026-07-14T14:51:12.934397+00:00,,,,,,,,
2026-07-14T14:51:55.498015+00:00,spot_11,Spot 11,Occupied,2026-07-14T14:51:55.498015+00:00,323,car,0.39308762550354004,0,119.93769836425781,318.4556884765625,183.13328552246094,344.9310302734375
2026-07-14T14:51:55.498015+00:00,spot_12,Spot 12,Occupied,2026-07-14T14:51:55.498015+00:00,317,car,0.43025630712509155,230,91.5689697265625,314.2242736816406,129.44003295898438,339.3616638183594
2026-07-14T14:51:55.498015+00:00,spot_13,Spot 13,Empty,2026-07-14T13:25:36.239593+00:00,,,,,,,,
2026-07-14T14:51:55.498015+00:00,spot_14,Spot 14,Empty,2026-07-14T14:51:12.934397+00:00,,,,,,,,
2026-07-14T14:51:55.498015+00:00,spot_15,Spot 15,Empty,2026-07-14T13:50:28.652868+00:00,,,,,,,,
2026-07-14T14:51:55.498015+00:00,spot_16,Spot 16,Occupied,2026-07-14T14:35:10.097029+00:00,295,truck,0.45841991901397705,1860,14.746879577636719,303.1343994140625,59.53767395019531,330.1446533203125
2026-07-14T14:51:55.498015+00:00,spot_17,Spot 17,Empty,2026-07-13T17:46:26.396031+00:00,,,,,,,,
2026-07-14T14:52:36.744828+00:00,spot_1,Spot 1,Occupied,2026-07-14T14:51:55.498015+00:00,318,truck,0.5075517892837524,273,571.4532470703125,318.09698486328125,607.8466796875,362.86260986328125
2026-07-14T14:52:36.744828+00:00,spot_2,Spot 2,Occupied,2026-07-14T14:46:30.809814+00:00,261,truck,0.53557288646698,4106,507.3228759765625,317.7220458984375,554.27978515625,366.80908203125
2026-07-14T14:52:36.744828+00:00,spot_3,Spot 3,Empty,2026-07-14T14:08:30.363392+00:00,,,,,,,,
2026-07-14T14:52:36.744828+00:00,spot_4,Spot 4,Empty,2026-07-14T14:51:55.498015+00:00,,,,,,,,
2026-07-14T14:52:36.744828+00:00,spot_5,Spot 5,Empty,2026-07-14T12:20:51.937411+00:00,,,,,,,,
2026-07-14T14:52:36.744828+00:00,spot_6,Spot 6,Occupied,2026-07-14T14:48:57.433283+00:00,270,car,0.806651771068573,3075,291.41412353515625,327.26861572265625,352.56060791015625,361.97979736328125
2026-07-14T14:52:36.744828+00:00,spot_7,Spot 7,Empty,2026-07-14T14:45:38.023193+00:00,,,,,,,,
2026-07-14T14:52:36.744828+00:00,spot_8,Spot 8,Occupied,2026-07-14T14:45:38.023193+00:00,294,car,0.730127215385437,1903,217.73110961914062,326.4061279296875,276.4656066894531,354.33447265625
2026-07-14T14:52:36.744828+00:00,spot_9,Spot 9,Occupied,2026-07-14T14:49:50.548811+00:00,311,car,0.5989723801612854,584,188.6881103515625,321.86883544921875,225.5794677734375,350.54534912109375
2026-07-14T14:52:36.744828+00:00,spot_10,Spot 10,Empty,2026-07-14T14:51:12.934397+00:00,,,,,,,,
2026-07-14T14:52:36.744828+00:00,spot_11,Spot 11,Occupied,2026-07-14T14:51:55.498015+00:00,323,car,0.39308762550354004,43,119.93769836425781,318.4556884765625,183.13328552246094,344.9310302734375
2026-07-14T14:52:36.744828+00:00,spot_12,Spot 12,Occupied,2026-07-14T14:51:55.498015+00:00,317,car,0.43025630712509155,273,91.5689697265625,314.2242736816406,129.44003295898438,339.3616638183594
2026-07-14T14:52:36.744828+00:00,spot_13,Spot 13,Empty,2026-07-14T13:25:36.239593+00:00,,,,,,,,
2026-07-14T14:52:36.744828+00:00,spot_14,Spot 14,Empty,2026-07-14T14:51:12.934397+00:00,,,,,,,,
2026-07-14T14:52:36.744828+00:00,spot_15,Spot 15,Empty,2026-07-14T13:50:28.652868+00:00,,,,,,,,
2026-07-14T14:52:36.744828+00:00,spot_16,Spot 16,Occupied,2026-07-14T14:35:10.097029+00:00,295,truck,0.45841991901397705,1903,14.746879577636719,303.1343994140625,59.53767395019531,330.1446533203125
2026-07-14T14:52:36.744828+00:00,spot_17,Spot 17,Empty,2026-07-13T17:46:26.396031+00:00,,,,,,,,
2026-07-14T14:53:29.760941+00:00,spot_1,Spot 1,Occupied,2026-07-14T14:51:55.498015+00:00,318,truck,0.47627994418144226,325,570.473876953125,319.27655029296875,607.783203125,363.71405029296875
2026-07-14T14:53:29.760941+00:00,spot_2,Spot 2,Occupied,2026-07-14T14:46:30.809814+00:00,261,truck,0.6992329359054565,4158,507.1846618652344,317.85174560546875,555.5184326171875,366.54278564453125
2026-07-14T14:53:29.760941+00:00,spot_3,Spot 3,Empty,2026-07-14T14:08:30.363392+00:00,,,,,,,,
2026-07-14T14:53:29.760941+00:00,spot_4,Spot 4,Occupied,2026-07-14T14:53:29.760941+00:00,324,truck,0.4845234751701355,0,376.68511962890625,326.7197265625,424.57470703125,369.4132080078125
2026-07-14T14:53:29.760941+00:00,spot_5,Spot 5,Empty,2026-07-14T12:20:51.937411+00:00,,,,,,,,
2026-07-14T14:53:29.760941+00:00,spot_6,Spot 6,Occupied,2026-07-14T14:48:57.433283+00:00,270,car,0.5784144997596741,3127,291.7757568359375,328.784912109375,352.2547607421875,361.4471435546875
2026-07-14T14:53:29.760941+00:00,spot_7,Spot 7,Empty,2026-07-14T14:45:38.023193+00:00,,,,,,,,
2026-07-14T14:53:29.760941+00:00,spot_8,Spot 8,Occupied,2026-07-14T14:45:38.023193+00:00,294,car,0.8148618936538696,1955,217.44949340820312,326.6166076660156,276.14501953125,354.3925476074219
2026-07-14T14:53:29.760941+00:00,spot_9,Spot 9,Occupied,2026-07-14T14:49:50.548811+00:00,311,car,0.49429747462272644,636,188.79385375976562,321.8538818359375,225.01425170898438,350.2947998046875
2026-07-14T14:53:29.760941+00:00,spot_10,Spot 10,Empty,2026-07-14T14:51:12.934397+00:00,,,,,,,,
2026-07-14T14:53:29.760941+00:00,spot_11,Spot 11,Empty,2026-07-14T14:53:29.760941+00:00,,,,,,,,
2026-07-14T14:53:29.760941+00:00,spot_12,Spot 12,Occupied,2026-07-14T14:51:55.498015+00:00,317,car,0.36197397112846375,325,91.46366882324219,314.0055847167969,131.62806701660156,339.3752136230469
2026-07-14T14:53:29.760941+00:00,spot_13,Spot 13,Empty,2026-07-14T13:25:36.239593+00:00,,,,,,,,
2026-07-14T14:53:29.760941+00:00,spot_14,Spot 14,Empty,2026-07-14T14:51:12.934397+00:00,,,,,,,,
2026-07-14T14:53:29.760941+00:00,spot_15,Spot 15,Empty,2026-07-14T13:50:28.652868+00:00,,,,,,,,
2026-07-14T14:53:29.760941+00:00,spot_16,Spot 16,Occupied,2026-07-14T14:35:10.097029+00:00,295,truck,0.5101061463356018,1955,14.130790710449219,303.3275146484375,58.056373596191406,329.553466796875
2026-07-14T14:53:29.760941+00:00,spot_17,Spot 17,Empty,2026-07-13T17:46:26.396031+00:00,,,,,,,,
2026-07-14T14:54:18.854245+00:00,spot_1,Spot 1,Empty,2026-07-14T14:54:18.854245+00:00,,,,,,,,
2026-07-14T14:54:18.854245+00:00,spot_2,Spot 2,Occupied,2026-07-14T14:46:30.809814+00:00,261,truck,0.5643088221549988,4207,507.4544982910156,318.1883239746094,554.3106689453125,366.7936096191406
2026-07-14T14:54:18.854245+00:00,spot_3,Spot 3,Empty,2026-07-14T14:08:30.363392+00:00,,,,,,,,
2026-07-14T14:54:18.854245+00:00,spot_4,Spot 4,Occupied,2026-07-14T14:54:18.854245+00:00,327,car,0.3914354741573334,0,376.2802734375,333.62188720703125,415.742919921875,369.33197021484375
2026-07-14T14:54:18.854245+00:00,spot_5,Spot 5,Empty,2026-07-14T12:20:51.937411+00:00,,,,,,,,
2026-07-14T14:54:18.854245+00:00,spot_6,Spot 6,Occupied,2026-07-14T14:48:57.433283+00:00,270,car,0.6362648010253906,3177,291.68402099609375,327.8320007324219,352.68048095703125,361.2966613769531
2026-07-14T14:54:18.854245+00:00,spot_7,Spot 7,Empty,2026-07-14T14:45:38.023193+00:00,,,,,,,,
2026-07-14T14:54:18.854245+00:00,spot_8,Spot 8,Occupied,2026-07-14T14:45:38.023193+00:00,294,car,0.8106271624565125,2005,216.84988403320312,326.9957275390625,276.6881103515625,354.1728515625
2026-07-14T14:54:18.854245+00:00,spot_9,Spot 9,Occupied,2026-07-14T14:49:50.548811+00:00,311,car,0.502521276473999,685,188.98660278320312,321.5151062011719,224.7413330078125,350.5728454589844
2026-07-14T14:54:18.854245+00:00,spot_10,Spot 10,Occupied,2026-07-14T14:54:18.854245+00:00,325,truck,0.44986793398857117,0,123.61044311523438,318.2763671875,185.14578247070312,345.664794921875
2026-07-14T14:54:18.854245+00:00,spot_11,Spot 11,Empty,2026-07-14T14:53:29.760941+00:00,,,,,,,,
2026-07-14T14:54:18.854245+00:00,spot_12,Spot 12,Occupied,2026-07-14T14:51:55.498015+00:00,317,car,0.415394127368927,375,90.92388916015625,314.1288757324219,132.526611328125,339.4751281738281
2026-07-14T14:54:18.854245+00:00,spot_13,Spot 13,Empty,2026-07-14T13:25:36.239593+00:00,,,,,,,,
2026-07-14T14:54:18.854245+00:00,spot_14,Spot 14,Empty,2026-07-14T14:51:12.934397+00:00,,,,,,,,
2026-07-14T14:54:18.854245+00:00,spot_15,Spot 15,Empty,2026-07-14T13:50:28.652868+00:00,,,,,,,,
2026-07-14T14:54:18.854245+00:00,spot_16,Spot 16,Occupied,2026-07-14T14:35:10.097029+00:00,295,truck,0.5249162316322327,2005,14.560501098632812,303.33929443359375,57.897300720214844,329.45660400390625
2026-07-14T14:54:18.854245+00:00,spot_17,Spot 17,Empty,2026-07-13T17:46:26.396031+00:00,,,,,,,,
2026-07-14T14:55:18.748806+00:00,spot_1,Spot 1,Occupied,2026-07-14T14:55:18.748806+00:00,331,car,0.37337276339530945,0,570.924560546875,317.06658935546875,607.952392578125,364.39361572265625
2026-07-14T14:55:18.748806+00:00,spot_2,Spot 2,Occupied,2026-07-14T14:55:18.748806+00:00,329,car,0.3907879889011383,0,507.53131103515625,317.947998046875,554.9463500976562,367.776123046875
2026-07-14T14:55:18.748806+00:00,spot_3,Spot 3,Empty,2026-07-14T14:08:30.363392+00:00,,,,,,,,
2026-07-14T14:55:18.748806+00:00,spot_4,Spot 4,Occupied,2026-07-14T14:55:18.748806+00:00,324,truck,0.4206707179546356,109,377.0281982421875,327.3388671875,425.4429931640625,370.8382568359375
2026-07-14T14:55:18.748806+00:00,spot_5,Spot 5,Empty,2026-07-14T12:20:51.937411+00:00,,,,,,,,
2026-07-14T14:55:18.748806+00:00,spot_6,Spot 6,Occupied,2026-07-14T14:48:57.433283+00:00,270,car,0.7002744674682617,3236,291.6944580078125,328.098388671875,352.60302734375,361.38214111328125
2026-07-14T14:55:18.748806+00:00,spot_7,Spot 7,Empty,2026-07-14T14:45:38.023193+00:00,,,,,,,,
2026-07-14T14:55:18.748806+00:00,spot_8,Spot 8,Occupied,2026-07-14T14:45:38.023193+00:00,294,car,0.7468533515930176,2064,216.67556762695312,327.2415466308594,276.2604064941406,354.5010070800781
2026-07-14T14:55:18.748806+00:00,spot_9,Spot 9,Occupied,2026-07-14T14:49:50.548811+00:00,311,car,0.7112380266189575,745,188.818359375,321.7142333984375,225.0343017578125,350.71063232421875
2026-07-14T14:55:18.748806+00:00,spot_10,Spot 10,Occupied,2026-07-14T14:55:18.748806+00:00,328,bus,0.46236640214920044,0,129.4978790283203,318.5296936035156,181.81834411621094,345.8428649902344
2026-07-14T14:55:18.748806+00:00,spot_11,Spot 11,Empty,2026-07-14T14:53:29.760941+00:00,,,,,,,,
2026-07-14T14:55:18.748806+00:00,spot_12,Spot 12,Empty,2026-07-14T14:55:18.748806+00:00,,,,,,,,
2026-07-14T14:55:18.748806+00:00,spot_13,Spot 13,Empty,2026-07-14T13:25:36.239593+00:00,,,,,,,,
2026-07-14T14:55:18.748806+00:00,spot_14,Spot 14,Occupied,2026-07-14T14:55:18.748806+00:00,330,car,0.3809517025947571,0,54.4407958984375,308.2967529296875,86.81805419921875,333.3236083984375
2026-07-14T14:55:18.748806+00:00,spot_15,Spot 15,Empty,2026-07-14T13:50:28.652868+00:00,,,,,,,,
2026-07-14T14:55:18.748806+00:00,spot_16,Spot 16,Occupied,2026-07-14T14:35:10.097029+00:00,295,truck,0.43306174874305725,2064,14.565561294555664,303.3168029785156,57.42511749267578,329.6445617675781
2026-07-14T14:55:18.748806+00:00,spot_17,Spot 17,Empty,2026-07-13T17:46:26.396031+00:00,,,,,,,,
2026-07-14T14:56:17.739297+00:00,spot_1,Spot 1,Occupied,2026-07-14T14:56:17.739297+00:00,318,truck,0.4182065725326538,493,570.186279296875,319.51708984375,607.8958740234375,363.4876708984375
2026-07-14T14:56:17.739297+00:00,spot_2,Spot 2,Occupied,2026-07-14T14:56:17.739297+00:00,261,truck,0.46887636184692383,4325,507.40057373046875,317.67169189453125,555.3211059570312,367.80426025390625
2026-07-14T14:56:17.739297+00:00,spot_3,Spot 3,Empty,2026-07-14T14:08:30.363392+00:00,,,,,,,,
2026-07-14T14:56:17.739297+00:00,spot_4,Spot 4,Occupied,2026-07-14T14:56:17.739297+00:00,326,car,0.39585989713668823,118,379.441162109375,325.77392578125,424.9669189453125,369.1256103515625
2026-07-14T14:56:17.739297+00:00,spot_5,Spot 5,Empty,2026-07-14T12:20:51.937411+00:00,,,,,,,,
2026-07-14T14:56:17.739297+00:00,spot_6,Spot 6,Occupied,2026-07-14T14:48:57.433283+00:00,270,car,0.6930943131446838,3295,291.82977294921875,327.8759765625,352.66082763671875,361.942626953125
2026-07-14T14:56:17.739297+00:00,spot_7,Spot 7,Empty,2026-07-14T14:45:38.023193+00:00,,,,,,,,
2026-07-14T14:56:17.739297+00:00,spot_8,Spot 8,Occupied,2026-07-14T14:45:38.023193+00:00,294,car,0.708123505115509,2123,216.8751220703125,327.424560546875,276.712646484375,354.368408203125
2026-07-14T14:56:17.739297+00:00,spot_9,Spot 9,Occupied,2026-07-14T14:49:50.548811+00:00,311,car,0.6498308777809143,804,189.46090698242188,321.9470520019531,225.73617553710938,350.4219665527344
2026-07-14T14:56:17.739297+00:00,spot_10,Spot 10,Empty,2026-07-14T14:56:17.739297+00:00,,,,,,,,
2026-07-14T14:56:17.739297+00:00,spot_11,Spot 11,Occupied,2026-07-14T14:56:17.739297+00:00,332,car,0.43763595819473267,0,122.32794189453125,318.4873046875,182.33444213867188,345.4412841796875
2026-07-14T14:56:17.739297+00:00,spot_12,Spot 12,Occupied,2026-07-14T14:56:17.739297+00:00,317,car,0.4336369037628174,493,92.34498596191406,314.36865234375,129.74508666992188,338.6888427734375
2026-07-14T14:56:17.739297+00:00,spot_13,Spot 13,Empty,2026-07-14T13:25:36.239593+00:00,,,,,,,,
2026-07-14T14:56:17.739297+00:00,spot_14,Spot 14,Occupied,2026-07-14T14:55:18.748806+00:00,330,car,0.495564341545105,58,54.5169792175293,308.4847106933594,84.53514099121094,332.9300842285156
2026-07-14T14:56:17.739297+00:00,spot_15,Spot 15,Empty,2026-07-14T13:50:28.652868+00:00,,,,,,,,
2026-07-14T14:56:17.739297+00:00,spot_16,Spot 16,Occupied,2026-07-14T14:56:17.739297+00:00,333,car,0.36482110619544983,0,15.306020736694336,303.5274658203125,59.09516143798828,330.20135498046875
2026-07-14T14:56:17.739297+00:00,spot_17,Spot 17,Empty,2026-07-13T17:46:26.396031+00:00,,,,,,,,
2026-07-14T14:57:18.167556+00:00,spot_1,Spot 1,Occupied,2026-07-14T14:56:17.739297+00:00,318,truck,0.35440099239349365,553,570.5740966796875,315.8204650878906,608.2325439453125,363.6056213378906
2026-07-14T14:57:18.167556+00:00,spot_2,Spot 2,Occupied,2026-07-14T14:56:17.739297+00:00,261,truck,0.6475823521614075,4386,507.35308837890625,318.44683837890625,554.8141479492188,366.002685546875
2026-07-14T14:57:18.167556+00:00,spot_3,Spot 3,Empty,2026-07-14T14:08:30.363392+00:00,,,,,,,,
2026-07-14T14:57:18.167556+00:00,spot_4,Spot 4,Empty,2026-07-14T14:57:18.167556+00:00,,,,,,,,
2026-07-14T14:57:18.167556+00:00,spot_5,Spot 5,Empty,2026-07-14T12:20:51.937411+00:00,,,,,,,,
2026-07-14T14:57:18.167556+00:00,spot_6,Spot 6,Occupied,2026-07-14T14:48:57.433283+00:00,270,car,0.41134271025657654,3355,291.98114013671875,327.0859375,352.6365966796875,362.3367919921875
2026-07-14T14:57:18.167556+00:00,spot_7,Spot 7,Empty,2026-07-14T14:45:38.023193+00:00,,,,,,,,
2026-07-14T14:57:18.167556+00:00,spot_8,Spot 8,Occupied,2026-07-14T14:45:38.023193+00:00,294,car,0.6046408414840698,2183,216.54486083984375,326.7994384765625,275.4132080078125,353.684326171875
2026-07-14T14:57:18.167556+00:00,spot_9,Spot 9,Occupied,2026-07-14T14:49:50.548811+00:00,311,car,0.6897493004798889,864,189.2273406982422,321.892822265625,225.2153778076172,350.3656005859375
2026-07-14T14:57:18.167556+00:00,spot_10,Spot 10,Occupied,2026-07-14T14:57:18.167556+00:00,332,car,0.4447990655899048,60,128.43450927734375,318.7003173828125,181.41790771484375,345.49658203125
2026-07-14T14:57:18.167556+00:00,spot_11,Spot 11,Empty,2026-07-14T14:57:18.167556+00:00,,,,,,,,
2026-07-14T14:57:18.167556+00:00,spot_12,Spot 12,Empty,2026-07-14T14:57:18.167556+00:00,,,,,,,,
2026-07-14T14:57:18.167556+00:00,spot_13,Spot 13,Empty,2026-07-14T13:25:36.239593+00:00,,,,,,,,
2026-07-14T14:57:18.167556+00:00,spot_14,Spot 14,Empty,2026-07-14T14:57:18.167556+00:00,,,,,,,,
2026-07-14T14:57:18.167556+00:00,spot_15,Spot 15,Empty,2026-07-14T13:50:28.652868+00:00,,,,,,,,
2026-07-14T14:57:18.167556+00:00,spot_16,Spot 16,Occupied,2026-07-14T14:57:18.167556+00:00,295,truck,0.5106328129768372,2183,16.53108787536621,303.211669921875,57.398338317871094,330.298583984375
2026-07-14T14:57:18.167556+00:00,spot_17,Spot 17,Empty,2026-07-13T17:46:26.396031+00:00,,,,,,,,
2026-07-14T14:58:17.019471+00:00,spot_1,Spot 1,Occupied,2026-07-14T14:58:17.019471+00:00,331,car,0.6632835268974304,177,570.5179443359375,317.97052001953125,607.8851318359375,363.22857666015625
2026-07-14T14:58:17.019471+00:00,spot_2,Spot 2,Occupied,2026-07-14T14:56:17.739297+00:00,261,truck,0.5201133489608765,4444,507.2848815917969,317.56634521484375,555.31591796875,367.71014404296875
2026-07-14T14:58:17.019471+00:00,spot_3,Spot 3,Empty,2026-07-14T14:08:30.363392+00:00,,,,,,,,
2026-07-14T14:58:17.019471+00:00,spot_4,Spot 4,Occupied,2026-07-14T14:58:17.019471+00:00,324,truck,0.5102541446685791,286,377.1166687011719,324.0574951171875,440.6747741699219,370.3026123046875
2026-07-14T14:58:17.019471+00:00,spot_5,Spot 5,Empty,2026-07-14T12:20:51.937411+00:00,,,,,,,,
2026-07-14T14:58:17.019471+00:00,spot_6,Spot 6,Occupied,2026-07-14T14:48:57.433283+00:00,270,car,0.6606093645095825,3414,291.99700927734375,328.64593505859375,352.52874755859375,361.617431640625
2026-07-14T14:58:17.019471+00:00,spot_7,Spot 7,Empty,2026-07-14T14:45:38.023193+00:00,,,,,,,,
2026-07-14T14:58:17.019471+00:00,spot_8,Spot 8,Occupied,2026-07-14T14:45:38.023193+00:00,294,car,0.752310037612915,2242,217.67153930664062,327.1875305175781,276.5780029296875,353.7644348144531
2026-07-14T14:58:17.019471+00:00,spot_9,Spot 9,Occupied,2026-07-14T14:49:50.548811+00:00,311,car,0.6984005570411682,923,189.247314453125,321.93511962890625,225.52703857421875,350.49346923828125
2026-07-14T14:58:17.019471+00:00,spot_10,Spot 10,Empty,2026-07-14T14:58:17.019471+00:00,,,,,,,,
2026-07-14T14:58:17.019471+00:00,spot_11,Spot 11,Occupied,2026-07-14T14:58:17.019471+00:00,335,truck,0.5704633593559265,0,121.0787353515625,318.82177734375,181.96514892578125,345.8739013671875
2026-07-14T14:58:17.019471+00:00,spot_12,Spot 12,Occupied,2026-07-14T14:58:17.019471+00:00,317,car,0.442766398191452,612,91.58308410644531,314.2631530761719,128.49607849121094,339.8559875488281
2026-07-14T14:58:17.019471+00:00,spot_13,Spot 13,Empty,2026-07-14T13:25:36.239593+00:00,,,,,,,,
2026-07-14T14:58:17.019471+00:00,spot_14,Spot 14,Empty,2026-07-14T14:57:18.167556+00:00,,,,,,,,
2026-07-14T14:58:17.019471+00:00,spot_15,Spot 15,Empty,2026-07-14T13:50:28.652868+00:00,,,,,,,,
2026-07-14T14:58:17.019471+00:00,spot_16,Spot 16,Occupied,2026-07-14T14:57:18.167556+00:00,295,truck,0.5224270224571228,2242,15.20541000366211,303.2757568359375,60.442630767822266,330.4283447265625
2026-07-14T14:58:17.019471+00:00,spot_17,Spot 17,Empty,2026-07-13T17:46:26.396031+00:00,,,,,,,,
2026-07-14T14:59:21.366146+00:00,spot_1,Spot 1,Occupied,2026-07-14T14:58:17.019471+00:00,331,car,0.7385876774787903,244,570.7657470703125,318.8209228515625,607.8807373046875,362.233642578125
2026-07-14T14:59:21.366146+00:00,spot_2,Spot 2,Occupied,2026-07-14T14:56:17.739297+00:00,261,truck,0.6564582586288452,4512,507.4941101074219,317.3970031738281,555.4560546875,366.4081726074219
2026-07-14T14:59:21.366146+00:00,spot_3,Spot 3,Empty,2026-07-14T14:08:30.363392+00:00,,,,,,,,
2026-07-14T14:59:21.366146+00:00,spot_4,Spot 4,Occupied,2026-07-14T14:58:17.019471+00:00,324,truck,0.4105686545372009,353,377.40802001953125,327.7637023925781,424.64312744140625,370.0638122558594
2026-07-14T14:59:21.366146+00:00,spot_5,Spot 5,Empty,2026-07-14T12:20:51.937411+00:00,,,,,,,,
2026-07-14T14:59:21.366146+00:00,spot_6,Spot 6,Occupied,2026-07-14T14:48:57.433283+00:00,270,car,0.7937308549880981,3481,291.8793640136719,327.67547607421875,352.7591857910156,361.63885498046875
2026-07-14T14:59:21.366146+00:00,spot_7,Spot 7,Empty,2026-07-14T14:45:38.023193+00:00,,,,,,,,
2026-07-14T14:59:21.366146+00:00,spot_8,Spot 8,Occupied,2026-07-14T14:45:38.023193+00:00,294,car,0.7620683908462524,2309,218.1617431640625,327.093994140625,275.9261474609375,354.935546875
2026-07-14T14:59:21.366146+00:00,spot_9,Spot 9,Occupied,2026-07-14T14:49:50.548811+00:00,311,car,0.7543925046920776,990,189.4112091064453,322.0692443847656,225.57237243652344,350.3163757324219
2026-07-14T14:59:21.366146+00:00,spot_10,Spot 10,Occupied,2026-07-14T14:59:21.366146+00:00,335,truck,0.5637741684913635,67,121.2220230102539,318.93646240234375,183.81765747070312,345.87969970703125
2026-07-14T14:59:21.366146+00:00,spot_11,Spot 11,Empty,2026-07-14T14:59:21.366146+00:00,,,,,,,,
2026-07-14T14:59:21.366146+00:00,spot_12,Spot 12,Empty,2026-07-14T14:59:21.366146+00:00,,,,,,,,
2026-07-14T14:59:21.366146+00:00,spot_13,Spot 13,Empty,2026-07-14T13:25:36.239593+00:00,,,,,,,,
2026-07-14T14:59:21.366146+00:00,spot_14,Spot 14,Occupied,2026-07-14T14:59:21.366146+00:00,336,car,0.531462550163269,0,54.54118728637695,308.210693359375,85.75593566894531,332.756103515625
2026-07-14T14:59:21.366146+00:00,spot_15,Spot 15,Empty,2026-07-14T13:50:28.652868+00:00,,,,,,,,
2026-07-14T14:59:21.366146+00:00,spot_16,Spot 16,Occupied,2026-07-14T14:57:18.167556+00:00,295,truck,0.5967962741851807,2309,16.01695442199707,303.0538330078125,57.00831604003906,330.80596923828125
2026-07-14T14:59:21.366146+00:00,spot_17,Spot 17,Empty,2026-07-13T17:46:26.396031+00:00,,,,,,,,
